marketId,marketDisplayName,timestamp,date,supply,supplyInUsd,borrow,borrowInUsd,liquidity,liquidityInUsd,debtRepaid,debtRepaidInUsd,interestAccrued,interestAccruedInUsd,interestRepaid,interestRepaidInUsd,borrowApr,supplyApy,utilizationPercentage,loanOriginationFees,loanOriginationFeesInUsd,loanOriginationFeesMinAda,loanOriginationFeesMinAdaInUsd
AGIX,AGIX,2023-11-13T00:00:00.000Z,2023-11-13,0,0,0,0,0,0,0,0,0,0,0,0,0,0,0,0,0,0,0
AGIX,AGIX,2023-11-14T00:00:00.000Z,2023-11-14,1570.05714099,366.1414248718143,0,0,1570.05714099,366.1414248718143,0,0,0,0,0,0,0.03,0,0,0,0,0,0
AGIX,AGIX,2023-11-15T00:00:00.000Z,2023-11-15,2572.70188274,642.6354594134253,0,0,2572.70188274,642.6354594134253,0,0,0,0,0,0,0.03,0,0,0,0,0,0
AGIX,AGIX,2023-11-16T00:00:00.000Z,2023-11-16,21208.40500681,5348.426138550423,0,0,21208.40500681,5348.426138550423,0,0,0,0,0,0,0.03,0,0,0,0,0,0
AGIX,AGIX,2023-11-17T00:00:00.000Z,2023-11-17,200255.66542111,50605.702709052166,0,0,200255.66542111,50605.702709052166,0,0,0,0,0,0,0.03,0,0,0,0,0,0
AGIX,AGIX,2023-11-18T00:00:00.000Z,2023-11-18,501553.50595204,120182.20311307596,0,0,501553.50595204,120182.20311307596,0,0,0,0,0,0,0.03,0,0,0,0,0,0
AGIX,AGIX,2023-11-19T00:00:00.000Z,2023-11-19,747149.73342602,205744.82053960132,0,0,747149.73342602,205744.82053960132,0,0,0,0,0,0,0.03,0,0,0,0,0,0
AGIX,AGIX,2023-11-20T00:00:00.000Z,2023-11-20,740209.87055228,223052.6301434499,415.84864866000004,128.2075028082916,739794.02190362,222924.4226406416,0,0,0.03425132,0.01055236680832,0,0,0.03019621295940594,0.00001379840891089109,0.0005660280244452986,0,0,0,0
AGIX,AGIX,2023-11-21T00:00:00.000Z,2023-11-21,744759.7404509301,210209.9933562167,7.12873293,1.9880057857447035,744752.611718,210208.00535043096,0,0,0.00442864,0.00124035864291,0,0,0.03000320288811881,2.223910891089109e-7,0.00000924132974658067,0,0,0,0
AGIX,AGIX,2023-11-22T00:00:00.000Z,2023-11-22,801910.89986665,228549.37696376545,396.04265228,113.90991010720789,801514.85721437,228435.46705365824,0,0,0.04975422,0.014299687872,0,0,0.030171229085148514,0.000012278428712871288,0.0004938095752052159,0,0,0,0
AGIX,AGIX,2023-11-23T00:00:00.000Z,2023-11-23,801693.7184780199,224427.73235436602,2584.29951878,723.345164304117,799109.41895924,223704.3871900619,0,0,0.36105736,0.10089568037879,0,0,0.03111779401089109,0.00008028343564356436,0.003223539792828685,0,0,0,0
AGIX,AGIX,2023-11-24T00:00:00.000Z,2023-11-24,813910.0731256601,244153.0165753398,2500.34952883,749.8406517992277,811409.72359683,243403.17592354058,0,0,0.39877579,0.11951880069033,0,0,0.031065473855,0.000076365897,0.003072755095177467,0,0,0,0
AGIX,AGIX,2023-11-25T00:00:00.000Z,2023-11-25,840220.6542811401,268134.8580533681,2500.5588376,797.9669917453459,837720.09544354,267336.89106162277,0,0,0.40768784,0.13009103474071,0,0,0.031031942619,0.000073883404,0.0029761020321561406,0,0,0,0
AGIX,AGIX,2023-11-26T00:00:00.000Z,2023-11-26,918010.79979212,291224.4825457436,2500.76903389,794.6697900783614,915510.03075823,290429.8127556652,0,0,0.39748031,0.12631421420574,0,0,0.03095457074752475,0.0000681953306930693,0.0027530545143002647,0,0,0,0
AGIX,AGIX,2023-11-27T00:00:00.000Z,2023-11-27,1127720.75902098,340570.7664913077,2500.97686716,755.3095815743097,1125219.78215382,339815.4569097334,0,0,0.39513668,0.1193128878814,0,0,0.030768911363,0.000054591679,0.0022178080227132314,0,0,0,0
AGIX,AGIX,2023-11-28T00:00:00.000Z,2023-11-28,1130713.39242761,348351.05915474193,2503.18480218,771.183377799015,1128210.20762543,347579.87577694294,0,0,0.39581823,0.12196494844648,0,0,0.030767530839,0.000054491308,0.0022138275603369477,0,0,0,0
AGIX,AGIX,2023-11-29T00:00:00.000Z,2023-11-29,1134151.1515568702,344788.0576424246,2501.39264944,760.4460816973689,1131649.75890743,344027.61156072724,0,0,0.42115142,0.12804379832519,0,0,0.030764651461386138,0.00005428178613861386,0.0022055255761274047,0,0,0,0
AGIX,AGIX,2023-11-30T00:00:00.000Z,2023-11-30,1168410.6477431399,352481.10488280276,6139.15538264,1849.4883014062107,1162271.4923605,350631.61658139655,0,0,0.75704662,0.22813330117537,0,0,0.031799113084,0.00013698532,0.005183576949498453,0,0,0,0
AGIX,AGIX,2023-12-01T00:00:00.000Z,2023-12-01,1202689.13639387,367749.4463591749,12506.34971695,3821.9651745445262,1190182.78667692,363927.48118463036,0,0,1.29022706,0.39467940938461,0,0,0.033611026211,0.000279855325,0.01040101151360187,0,0,0,0
AGIX,AGIX,2023-12-02T00:00:00.000Z,2023-12-02,1223076.26512612,385099.5681356793,12001.93935845,3778.9535465465415,1211074.32576767,381320.6145891328,0,0,1.29924997,0.40906020897651,0,0,0.033406477429,0.000262251997,0.009812916576903013,0,0,0,0
AGIX,AGIX,2023-12-03T00:00:00.000Z,2023-12-03,1220991.7825657,387183.72644109157,12003.01950672,3806.2261714870724,1208988.76305898,383377.5002696045,0,0,1.29984509,0.41226061753918,0,0,0.03341260856237624,0.0002627714386138614,0.009830549147699435,0,0,0,0
AGIX,AGIX,2023-12-04T00:00:00.000Z,2023-12-04,1221939.91422243,383735.4985632127,8086.41651757,2562.083841752994,1213853.49770486,381173.4147214597,4290.72081482,1302.94602695313,1.15532047,0.36386863502252,4.10084418,1.24528694876388,0.03229401555408163,0.00017618429795918369,0.0066085483507513434,0,0,0,0
AGIX,AGIX,2023-12-05T00:00:00.000Z,2023-12-05,1224727.66499505,380410.85335484135,500.18222946,155.3467200660401,1224227.48276559,380255.5066347753,0,0,0.8271859,0.25698940341582,0,0,0.030141577844,0.000009849893,0.00040848410135003766,0,0,0,0
AGIX,AGIX,2023-12-06T00:00:00.000Z,2023-12-06,1272191.81645359,396191.55056186765,500.22278665,155.78155288158425,1271691.59366694,396035.76900898607,0,0,0.82686447,0.25735686887138,0,0,0.0301362793,0.00000947961030927835,0.00039319763271567274,0,0,0,0
AGIX,AGIX,2023-12-07T00:00:00.000Z,2023-12-07,1274521.41660329,391433.613936949,500.26317285,153.64186960338196,1274021.15343044,391279.97206734563,0,0,0.8271154,0.25412247864657,0,0,0.030136043040625,0.000009463103125,0.0003925160004918384,0,0,0,0
AGIX,AGIX,2023-12-08T00:00:00.000Z,2023-12-08,1291779.6205740501,408410.3422848225,500.30382305,158.17231345214813,1291279.316751,408252.1699713703,0,0,0.82699849,0.26133200373972,0,0,0.030134235049462367,0.00000933678817204301,0.00038729987827060145,0,0,0,0
AGIX,AGIX,2023-12-09T00:00:00.000Z,2023-12-09,1297712.09880587,432864.2976767925,500.3451524,166.89623184296798,1297211.75365347,432697.4014449495,0,0,0.82706547,0.2760670540488,0,0,0.03013364020860215,0.000009295233333333334,0.00038558370503091245,0,0,0,0
AGIX,AGIX,2023-12-10T00:00:00.000Z,2023-12-10,1303608.45049418,421041.15506202227,500.38533542,161.61401665587772,1303108.06515876,420879.5410453664,0,0,0.84636872,0.2734026265893,0,0,0.030133038363636365,0.00000925318888888889,0.00038384737718588115,0,0,0,0
AGIX,AGIX,2023-12-11T00:00:00.000Z,2023-12-11,1312980.1408964798,396347.4550146903,500.42622112,151.06512683279564,1312479.71467536,396196.3898878575,0,0,0.82720067,0.24961297074662,0,0,0.030132099247422682,0.000009187591752577319,0.00038113797824385,0,0,0,0
AGIX,AGIX,2023-12-12T00:00:00.000Z,2023-12-12,1313202.38536716,400572.75706703844,500.46673942,152.66020126704677,1312701.91862774,400420.0968657714,0,0,0.82726788,0.25220313577455,0,0,0.030132087526804123,0.000009186772164948453,0.00038110414466951595,0,0,0,0
AGIX,AGIX,2023-12-13T00:00:00.000Z,2023-12-13,1348475.1083953402,420812.7625194949,500.50705018,156.11987012968657,1347974.60134516,420656.64264936524,0,0,0.82733483,0.25839065360091,0,0,0.03012880702580645,0.00000895769569892473,0.00037163969733456384,0,0,0,0
AGIX,AGIX,2023-12-14T00:00:00.000Z,2023-12-14,1376814.73212414,462085.55277071317,500.5481643,168.0103932010311,1376314.18395984,461917.54237751215,0,0,0.82740165,0.27776676312908,0,0,0.030126056123958335,0.000008765567708333333,0.0003637031713354421,0,0,0,0
AGIX,AGIX,2023-12-15T00:00:00.000Z,2023-12-15,1348104.68479699,465316.2942952566,500.58946713,172.78088352376452,1347604.09532986,465143.51341173286,0,0,0.84671274,0.29307606219851,0,0,0.030128701653623188,0.000008950291304347827,0.0003713357118660711,0,0,0,0
AGIX,AGIX,2023-12-16T00:00:00.000Z,2023-12-16,1346509.7367003001,445583.41635976,500.62874873,165.66667164563586,1346009.10795157,445417.74968811433,0,0,0.82753658,0.27431145562034,0,0,0.030128861661797752,0.000008961459550561799,0.00037179734861015506,0,0,0,0
AGIX,AGIX,2023-12-17T00:00:00.000Z,2023-12-17,1345716.95603194,435404.96274211444,500.67017152,161.99103109884624,1345216.28586042,435242.9717110156,0,0,0.82760357,0.26762679768667,0,0,0.030128948496875,0.000008967525,0.0003720478673060595,0,0,0,0
AGIX,AGIX,2023-12-18T00:00:00.000Z,2023-12-18,1342548.60289092,412103.1219108981,500.71091301,153.6959886208226,1342047.89197791,411949.42592227727,0,0,0.84691974,0.25994106238398,0,0,0.03012926310631579,0.000008989500000000001,0.0003729555317301596,0,0,0,0
AGIX,AGIX,2023-12-19T00:00:00.000Z,2023-12-19,1341140.61250662,429821.49125527684,500.75142587,160.4852002214002,1340639.86108075,429661.0060550554,0,0,0.80848861,0.25912090198694,0,0,0.03012940939347826,0.000008999720652173913,0.0003733775876187622,0,0,0,0
AGIX,AGIX,2023-12-20T00:00:00.000Z,2023-12-20,1339712.95335646,427362.62841423583,500.79205138,159.7521378732484,1339212.16130508,427202.8762763626,0,0,0.84705676,0.27017987428827,0,0,0.030129557870833334,0.000009010082291666667,0.0003738059515532832,0,0,0,0
AGIX,AGIX,2023-12-21T00:00:00.000Z,2023-12-21,1338651.15021789,425816.81273859576,500.83252318,159.31190092567496,1338150.31769471,425657.5008376701,0,0,0.82787337,0.26342399774358,0,0,0.03012967096236559,0.000009017987096774194,0.000374132229941933,0,0,0,0
AGIX,AGIX,2023-12-22T00:00:00.000Z,2023-12-22,1338526.58027934,446156.48674692045,500.87403592,166.95092999316617,1338025.70624342,445989.53581692727,0,0,0.82793991,0.27587369088623,0,0,0.030129693779347825,0.000009019574999999999,0.00037419804977774476,0,0,0,0
AGIX,AGIX,2023-12-23T00:00:00.000Z,2023-12-23,1265855.86020664,430232.44250102685,500.91522534,170.31365765431852,1265354.9449813,430062.1288433725,0,0,0.82828355,0.28159703211377,0,0,0.030137386908988765,0.000009557075280898877,0.0003963930750111733,0,0,0,0
AGIX,AGIX,2023-12-24T00:00:00.000Z,2023-12-24,1226217.32881616,418474.09458460764,500.95614749,170.96073401950156,1225716.37266867,418303.1338505881,0,0,0.84778347,0.28992867241647,0,0,0.030141596901190476,0.000009851216666666667,0.0004085390855936068,0,0,0,0
AGIX,AGIX,2023-12-25T00:00:00.000Z,2023-12-25,1222277.39743787,422079.29808646353,500.99556456,173.00410189799535,1221776.40187331,421906.29398456553,0,0,0.82858305,0.28664580735958,0,0,0.030142064108421053,0.000009883869473684211,0.00040988701442699226,0,0,0,0
AGIX,AGIX,2023-12-26T00:00:00.000Z,2023-12-26,1222944.4263260202,427982.0727189454,501.03666324,175.34298473788908,1222443.38966278,427806.7297342075,0,0,0.82865008,0.29010565050527,0,0,0.030141998255670103,0.000009879269072164948,0.0004096970004953183,0,0,0,0
AGIX,AGIX,2023-12-27T00:00:00.000Z,2023-12-27,1216820.63591195,416406.16783630056,501.07782314,171.48063332853673,1216319.55808881,416234.687202972,0,0,0.82871742,0.28361240641168,0,0,0.030142730810526316,0.000009930477894736841,0.0004118104462731936,0,0,0,0
AGIX,AGIX,2023-12-28T00:00:00.000Z,2023-12-28,1207484.47536474,412168.6148500802,501.11837643,171.05835522266193,1206983.35698831,411997.55649485753,0,0,0.82878421,0.28278137432966,0,0,0.030143840115789473,0.000010008016842105264,0.00041501082219930484,0,0,0,0
AGIX,AGIX,2023-12-29T00:00:00.000Z,2023-12-29,1209973.25974951,396586.97393651877,1991.00202593,654.8186833840901,1207982.25772358,395932.15525313467,0,0,0.96264662,0.31570768504062,0,0,0.03057043575714286,0.00004038459795918367,0.00164540643715009,0,0,0,0
AGIX,AGIX,2023-12-30T00:00:00.000Z,2023-12-30,1210163.23216244,393487.7689440398,2501.40884086,813.3396893800704,1207661.82332158,392674.42925465974,0,0,1.0327684,0.33566804545249,0,0,0.03071660862222222,0.0000507930101010101,0.002067001190046263,0,0,0,0
AGIX,AGIX,2023-12-31T00:00:00.000Z,2023-12-31,1211524.5445003598,396292.6035447496,2501.61908342,818.2848400538286,1209022.92541694,395474.3187046958,0,0,1.00938056,0.33009354264809,0,0,0.030715863551041667,0.000050738970833333336,0.0020648528334242136,0,0,0,0
AGIX,AGIX,2024-01-01T00:00:00.000Z,2024-01-01,1212711.44170803,391038.58127839636,2501.82344638,806.6959234489804,1210209.61826165,390231.88535494736,0,0,1.00946371,0.32560911759861,0,0,0.030715222365306123,0.00005069248877551021,0.002063004015078268,0,0,0,0
AGIX,AGIX,2024-01-02T00:00:00.000Z,2024-01-02,1218059.61950028,404281.99332455115,2502.03035204,830.4434403767174,1215557.58914824,403451.5498841744,0,0,1.03302584,0.34265728187732,0,0,0.030712139496,0.000050469004,0.0020541147945274734,0,0,0,0
AGIX,AGIX,2024-01-03T00:00:00.000Z,2024-01-03,1212676.54180837,376497.6285015816,2502.23938332,776.6596016020605,1210174.30242505,375720.96889997955,0,0,1.00974227,0.31297217909373,0,0,0.03071555792755102,0.00005071717653061225,0.0020639713884038386,0,0,0,0
AGIX,AGIX,2024-01-04T00:00:00.000Z,2024-01-04,1146094.166874,336810.63341109006,2502.44280294,735.4104146540695,1143591.72407106,336075.222996436,0,0,1.01129482,0.29730492340644,0,0,0.03075699615157895,0.000053725167368421055,0.0021834530594204344,0,0,0,0
AGIX,AGIX,2024-01-05T00:00:00.000Z,2024-01-05,1146086.44560935,327541.2496397194,787.32620432,227.00734495110348,1145299.11940503,327314.2422947683,0,0,0.99462453,0.28426021684427,0,0,0.03023813187857143,0.000016721673469387755,0.0006869693320503224,0,0,0,0
AGIX,AGIX,2024-01-06T00:00:00.000Z,2024-01-06,1146508.1093687299,312934.8408288914,501.49089949,136.87992414531365,1146006.61846924,312797.9609047461,0,0,0.99144809,0.27072159470887,0,0,0.03015160314242424,0.000010550817171717172,0.0004374072357978851,0,0,0,0
AGIX,AGIX,2024-01-07T00:00:00.000Z,2024-01-07,1144433.5723204399,313196.22970194335,501.53142025,137.25353760603355,1143932.04090019,313058.9761643373,0,0,0.9915283,0.27136957582703,0,0,0.030151890264646465,0.00001057090404040404,0.0004382355866240245,0,0,0,0
AGIX,AGIX,2024-01-08T00:00:00.000Z,2024-01-08,1144466.1719524402,302182.841238652,2631.89429249,726.714172365221,1141834.27765995,301456.1270662868,0,0,1.20083142,0.32006299810036,0,0,0.03079822936161616,0.00006123552121212121,0.0022995644859538137,0,0,0,0
AGIX,AGIX,2024-01-09T00:00:00.000Z,2024-01-09,1144334.8655372,309419.8993629435,13202.40212894,3569.816394964372,1131132.46340826,305850.08296797913,0,0,2.32721248,0.62843988086329,0,0,0.03400620657142857,0.0003138687387755102,0.011537185613663696,0,0,0,0
AGIX,AGIX,2024-01-10T00:00:00.000Z,2024-01-10,1143771.90078294,314121.55425976997,13203.60804824,3626.1945384352352,1130568.2927347,310495.3597213347,0,0,2.27453106,0.62510514589037,0,0,0.034008548586597936,0.00031407349278350514,0.011543917138639092,0,0,0,0
AGIX,AGIX,2024-01-11T00:00:00.000Z,2024-01-11,1144022.32360897,342833.03753129893,14990.98051116,4491.926074137117,1129031.34309781,338341.11145716184,0,0,2.33023514,0.69158684390257,0,0,0.03455193411785714,0.00036532038928571427,0.013103442217526672,0,0,0,0
AGIX,AGIX,2024-01-12T00:00:00.000Z,2024-01-12,1143674.87112059,340310.15621709044,23206.63522814,6905.324677222528,1120468.23589245,333404.8315398679,0,0,3.46768659,1.03110233611289,0,0,0.03705640053979592,0.0006015376908163265,0.02029128824703203,0,0,0,0
AGIX,AGIX,2024-01-13T00:00:00.000Z,2024-01-13,1140964.4916508999,327070.23692582553,23208.95243548,6653.2291020058165,1117755.53921542,320417.0078238197,0,0,3.46956901,0.99470046036409,0,0,0.03707396284421052,0.0006033160515789474,0.0203416173914165,0,0,0,0
AGIX,AGIX,2024-01-14T00:00:00.000Z,2024-01-14,1134811.01399686,327217.0001453657,23211.28116024,6692.851593709133,1111599.73283662,320524.1485516566,0,0,3.55498287,1.02512967560032,0,0,0.037113139150537634,0.000607286364516129,0.020453884837022745,0,0,0,0
AGIX,AGIX,2024-01-15T00:00:00.000Z,2024-01-15,1134804.8373543401,326647.25431295997,23213.58320918,6681.898283783303,1111591.25414516,319965.3560291767,0,0,3.4747421,1.00001091952151,0,0,0.03711388207888889,0.0006073616677777778,0.02045601383257619,0,0,0,0
AGIX,AGIX,2024-01-16T00:00:00.000Z,2024-01-16,1135038.5700968702,330899.6695674302,23215.91141787,6768.173501496077,1111822.658679,324131.49606593413,0,0,3.47508743,1.01336618846677,0,0,0.037113127829213485,0.0006072851539325843,0.02045385243208544,0,0,0,0
AGIX,AGIX,2024-01-17T00:00:00.000Z,2024-01-17,1135040.89354947,331775.88274481817,23218.23487047,6786.758585828802,1111822.658679,324989.12415898935,0,0,3.47543274,1.01608067950287,0,0,0.03711382755172414,0.0006073561344827587,0.02045585758365394,0,0,0,0
AGIX,AGIX,2024-01-18T00:00:00.000Z,2024-01-18,1135043.23930087,319397.06977183465,23220.58062187,6534.184122725755,1111822.658679,312862.8856491089,0,0,3.55661434,1.00134400510398,0,0,0.037114533991666664,0.0006074278059523809,0.02045788197090782,0,0,0,0
AGIX,AGIX,2024-01-19T00:00:00.000Z,2024-01-19,1135045.5388287301,304860.13519682357,23222.88014973,6237.396729568648,1111822.658679,298622.7384672549,0,0,3.39528738,0.91166432874145,0,0,0.03711522650375,0.0006074980625,0.020459866459048626,0,0,0,0
AGIX,AGIX,2024-01-20T00:00:00.000Z,2024-01-20,1135047.8426113802,309014.343862493,23225.18393238,6323.00751426102,1111822.658679,302691.336348232,0,0,3.55732123,0.96854779742486,0,0,0.037115920294047616,0.0006075684607142857,0.02046185461094697,0,0,0,0
AGIX,AGIX,2024-01-21T00:00:00.000Z,2024-01-21,1135050.16976547,318716.64550969057,23227.51108647,6522.174343207528,1111822.658679,312194.47116648307,0,0,3.47682251,0.97649827665058,0,0,0.03711662112650602,0.0006076395614457831,0.02046386292411626,0,0,0,0
AGIX,AGIX,2024-01-22T00:00:00.000Z,2024-01-22,1135185.93542843,302468.31586977816,23229.78257677,6189.538670856681,1111956.15285166,296278.7771989215,0,0,3.47716804,0.92628911402159,0,0,0.03711646535714286,0.0006076237506493507,0.020463416564625508,0,0,0,0
AGIX,AGIX,2024-01-23T00:00:00.000Z,2024-01-23,1134698.47262833,283518.66291207913,23232.23803847,5804.854500121415,1111466.23458986,277713.8084119577,0,0,3.55839011,0.89188874465892,0,0,0.03712028828023256,0.0006080116651162791,0.020474371606926483,0,0,0,0
AGIX,AGIX,2024-01-24T00:00:00.000Z,2024-01-24,1139336.23558967,287616.8083575331,23234.46591084,5865.256892284366,1116101.76967883,281751.55146524875,0,0,3.47506719,0.87743054643537,0,0,0.037092027899,0.0006051479,0.020393385746960882,0,0,0,0
AGIX,AGIX,2024-01-25T00:00:00.000Z,2024-01-25,1141916.94971641,289816.5438613952,23236.77944574,5897.443769270057,1118680.17027067,283919.1000921252,0,0,3.47387219,0.88173611248514,0,0,0.03707661724949495,0.0006035860232323232,0.02034922352854093,0,0,0,0
AGIX,AGIX,2024-01-26T00:00:00.000Z,2024-01-26,1134958.76284258,296394.85009865864,23239.09359971,6068.899132151694,1111719.66924287,290325.95096650696,0,0,3.47855778,0.9084469019269,0,0,0.03712075751616162,0.0006080592787878787,0.020475716264013077,0,0,0,0
AGIX,AGIX,2024-01-27T00:00:00.000Z,2024-01-27,1134046.20813873,304993.7331264966,23241.41695629,6250.625476423669,1110804.79118244,298743.10765007295,0,0,3.47998878,0.93558397508335,0,0,0.03712722322574257,0.0006087155306930693,0.020494244414030135,0,0,0,0
AGIX,AGIX,2024-01-28T00:00:00.000Z,2024-01-28,1135494.44089353,308065.16878520144,23243.74377348,6306.1448885508435,1112250.69712005,301759.0238966506,0,0,3.56027129,0.96585404751556,0,0,0.037118816695,0.000607862348,0.020470154591371525,0,0,0,0
AGIX,AGIX,2024-01-29T00:00:00.000Z,2024-01-29,1136591.6663945,307749.1265467081,23246.04843107,6294.180518603789,1113345.61796343,301454.94602810434,0,0,3.47918291,0.9427027168584,0,0,0.037112631818367346,0.000607234906122449,0.020452431006870844,0,0,0,0
AGIX,AGIX,2024-01-30T00:00:00.000Z,2024-01-30,1137993.77301675,315646.46717081725,23248.07009655,6448.338125636416,1114745.7029202,309198.12904518086,0,0,3.34904052,0.93119835801411,0,0,0.03710446067727273,0.0006064055136363637,0.020428996317765253,0,0,0,0
AGIX,AGIX,2024-01-31T00:00:00.000Z,2024-01-31,1135792.88135221,307677.2523302453,23250.66917622,6298.298138300146,1112542.21217599,301378.95419194514,0,0,3.49631957,0.94767144779714,0,0,0.03711914153043478,0.000607891547826087,0.02047094474994773,0,0,0,0
AGIX,AGIX,2024-02-01T00:00:00.000Z,2024-02-01,1134072.93577548,295632.1549384956,23252.92792874,6061.615135602141,1110820.00784674,289570.5398028935,0,0,2.22536536,0.58011225036987,0,0,0.03713064483478261,0.0006090586782608696,0.020503908694796253,0,0,0,0
AGIX,AGIX,2024-02-02T00:00:00.000Z,2024-02-02,1134148.18292833,303439.5995628221,23671.963988800002,6334.272376998922,1110476.21893953,297105.3271858232,0,0,2.46553023,0.65945103578762,0,0,0.037259186370833336,0.0006225528666666667,0.020871980784433104,0,0,0,0
AGIX,AGIX,2024-02-03T00:00:00.000Z,2024-02-03,1134272.27491198,311541.2482723187,28257.92637336,7761.3757119061265,1106014.34853862,303779.87256041256,0,0,2.81484419,0.77313044982835,0,0,0.03867036998695652,0.0007707105173913044,0.024912824722782088,0,0,0,0
AGIX,AGIX,2024-02-04T00:00:00.000Z,2024-02-04,1135016.74149548,315254.8254884599,28261.21648627,7849.657681625399,1106755.52500921,307405.1678068345,0,0,3.0596932,0.85041988690839,0,0,0.03866567542941177,0.0007702015117647059,0.024899392032515906,0,0,0,0
AGIX,AGIX,2024-02-05T00:00:00.000Z,2024-02-05,1136322.6720474502,315607.4476951101,28263.86198461,7850.065118496242,1108058.81006284,307757.38257661386,0,0,2.93671516,0.81564725269772,0,0,0.03865648901666666,0.0007692056541666666,0.02487310650972086,0,0,0,0
AGIX,AGIX,2024-02-06T00:00:00.000Z,2024-02-06,1137331.3717719798,331813.0643805137,28266.76898236,8246.745490250298,1109064.60278962,323566.3188902634,0,0,2.9361153,0.85642731554584,0,0,0.03864966873043478,0.000768466452173913,0.0248535912077172,0,0,0,0
AGIX,AGIX,2024-02-07T00:00:00.000Z,2024-02-07,1137334.3375991099,331650.2019237477,28269.73480949,8243.544134435928,1109064.60278962,323406.6577893118,0,0,2.93704272,0.85645109091668,0,0,0.038650557425,0.00076856275,0.024856134097345214,0,0,0,0
AGIX,AGIX,2024-02-08T00:00:00.000Z,2024-02-08,1137932.80574857,333383.8831433202,28293.50568488,8289.230828046135,1109639.30006369,325094.65231527406,0,0,2.94340873,0.86233517651218,0,0,0.038653289170833334,0.0007688590958333333,0.02486395040165034,0,0,0,0
AGIX,AGIX,2024-02-09T00:00:00.000Z,2024-02-09,1137231.91062258,335922.9362156925,27519.39012773,8123.835929092625,1109712.52049485,327799.1002865999,17392.53914607,5260.251716954849,2.8725804,0.84826439667,73.69820892,22.28950740039156,0.03842127661304348,0.0007464968826086957,0.02419837039580593,0,0,0,0
AGIX,AGIX,2024-02-10T00:00:00.000Z,2024-02-10,1136875.44695176,342705.08750648046,10884.91171925,3281.1990272225994,1125990.53523251,339423.8884792579,0,0,0.98653068,0.29738445212209,0,0,0.033323571475,0.0002552428333333333,0.009574410062570307,0,0,0,0
AGIX,AGIX,2024-02-11T00:00:00.000Z,2024-02-11,1157695.02913522,351112.6690712767,10885.90427932,3302.2547907759945,1146809.1248559,347810.41428050067,0,0,0.98549853,0.29901680034707,0,0,0.03326899146521739,0.00025068088260869563,0.009417405946720303,0,0,0,0
AGIX,AGIX,2024-02-12T00:00:00.000Z,2024-02-12,1268920.98129537,378771.2934314695,10886.85086313,3249.887861412104,1258034.13043224,375521.4055700574,0,0,0.97645647,0.29178879839449,0,0,0.03297779276086957,0.00022635305652173913,0.008579740799381888,0,0,0,0
AGIX,AGIX,2024-02-13T00:00:00.000Z,2024-02-13,1277866.32075577,394121.62604891486,10887.82800102,3358.0491496103996,1266978.49275475,390763.57689930446,0,0,0.9760709,0.30104228618545,0,0,0.03295715725,0.000224645875,0.008520370117772829,0,0,0,0
AGIX,AGIX,2024-02-14T00:00:00.000Z,2024-02-14,1278520.91782447,398768.39618805,12845.39418668,4009.6233181999405,1265675.52363779,394758.77286985004,0,0,1.17008352,0.36553018605535,0,0,0.03348796309130435,0.0002693458347826087,0.010047073780257794,0,0,0,0
AGIX,AGIX,2024-02-15T00:00:00.000Z,2024-02-15,1276972.52834248,408688.4513106086,13390.084492439999,4285.437736163573,1263582.44385004,404403.01357444504,0,0,1.22263408,0.39129870090189,0,0,0.033640510958333335,0.0002821989458333333,0.01048582776123161,0,0,0,0
AGIX,AGIX,2024-02-16T00:00:00.000Z,2024-02-16,1257650.00031714,464868.8970873298,20739.37145866,7790.219711350538,1236910.62885848,457078.6773759793,0,0,1.99181684,0.74774059688476,0,0,0.0357550496,0.0004813841608695652,0.016554691861657644,0,0,0,0
AGIX,AGIX,2024-02-17T00:00:00.000Z,2024-02-17,1216456.14232069,506550.50762946997,34828.932685169995,14868.883106678288,1181627.20963552,491681.62452279165,0,0,3.69183997,1.58655664796846,0,0,0.04007603341304348,0.0009650331304347826,0.02890923533744965,0,0,0,0
AGIX,AGIX,2024-02-18T00:00:00.000Z,2024-02-18,1136620.89940239,523285.7340752023,56400.31806279,25965.974969506675,1080220.5813396,497319.75910569564,0,0,7.72154604,3.55605316239499,0,0,0.047341615158333336,0.0018793129333333333,0.04962105690121712,0,0,0,0
AGIX,AGIX,2024-02-19T00:00:00.000Z,2024-02-19,1110431.14641442,583879.9014030733,69259.17971411,36603.78913899688,1041171.96670031,547276.1122640765,0,0,9.98244204,5.28912183413204,0,0,0.05190870563043478,0.0026225298086956523,0.06253743846415902,0,0,0,0
AGIX,AGIX,2024-02-20T00:00:00.000Z,2024-02-20,1091329.79796501,566812.2755670854,79648.59677627,41379.78814814255,1011681.20118874,525432.4874189429,0,0,12.14498348,6.3100233470863,0,0,0.0556079951,0.0032484694,0.07298497607367813,0,0,0,0
AGIX,AGIX,2024-02-21T00:00:00.000Z,2024-02-21,1090063.07816527,588096.6311294981,88849.89942649,47925.665486726735,1001213.17873878,540170.9656427715,1500,985.2405,14.21975394,7.6644565752483,0.2331443,0.1531354711361,0.058641768660869564,0.003825849308695652,0.08151399174140354,0,0,0,0
AGIX,AGIX,2024-02-22T00:00:00.000Z,2024-02-22,1078082.53409842,761522.2357151847,108030.63683128,76282.71098667648,970051.89726714,685239.5247285082,23827.9108922,16933.50354183002,21.58068844,15.24633431796323,29.26580436,20.68492839834696,0.065328705,0.005272579865217391,0.10020777415543478,0,0,0,0
AGIX,AGIX,2024-02-23T00:00:00.000Z,2024-02-23,1023689.0910163199,761687.1512844901,87896.61434863,65060.64364399318,935792.47666769,696626.507640497,2502.97721244,1905.907016275713,22.35549127,16.59208001605567,2.97721244,2.26701627571264,0.060152246416666666,0.0041446496875,0.08574146511022328,0,0,0,0
AGIX,AGIX,2024-02-24T00:00:00.000Z,2024-02-24,970510.34486558,701274.6483899982,76336.53966329,55178.613365428835,894173.80520229,646096.0350245694,3185.14032048,2227.9143621644375,20.46584335,14.80807233000673,14.83506844,10.69080784744684,0.057629647639130435,0.003627509713043478,0.07867203196095617,0,0,0,0
AGIX,AGIX,2024-02-25T00:00:00.000Z,2024-02-25,940332.7171241799,726320.8374456022,75291.37460627001,58157.30516427177,865041.34251791,668163.5322813304,0,0,20.48045972,15.81989675547818,0,0,0.05812689330833333,0.003723348966666667,0.08006923396568971,0,0,0,0
AGIX,AGIX,2024-02-26T00:00:00.000Z,2024-02-26,944699.34687517,697647.5721012903,77729.47586531,57388.986947669044,866969.87100986,640258.5851536213,0,0,21.09028032,15.58782134416044,0,0,0.058914247230434785,0.003878473356521739,0.0822795598495957,0,0,0,0
AGIX,AGIX,2024-02-27T00:00:00.000Z,2024-02-27,890670.9438646401,625492.8162740497,78367.6132357,55001.157552049146,812303.33062894,570491.6587220005,0,0,21.94024733,15.36845750567078,0,0,0.06096944855217391,0.004295643130434783,0.08804165692249151,0,0,0,0
AGIX,AGIX,2024-02-28T00:00:00.000Z,2024-02-28,853933.2095962401,596991.9268206393,79994.78313529001,55990.31218871065,773938.42646095,541001.6146319286,0,0,23.0264169,16.11830812914993,0,0,0.06298673406666666,0.004723643754166667,0.09368621624235315,0,0,0,0
AGIX,AGIX,2024-02-29T00:00:00.000Z,2024-02-29,851183.82633424,613225.1065450993,80943.42759532,58316.04656608253,770240.39873892,554909.0599790168,2808.5952301,2053.172988250463,23.41198123,16.86552262549563,1.58448064,1.15830605122048,0.06349048041304348,0.004830946443478261,0.09509548937413091,0,0,0,0
AGIX,AGIX,2024-03-01T00:00:00.000Z,2024-03-01,850444.36101014,721962.8380905079,81782.1901635,69495.63779338518,768662.17084664,652467.2002971227,0,0,23.70738846,20.14804091178048,0,0,0.06387355963750001,0.0049149659791666665,0.0961657199135904,0,0,0,0
AGIX,AGIX,2024-03-02T00:00:00.000Z,2024-03-02,850383.4215088501,762751.8432934739,82872.98191532001,74332.20130486079,767510.43959353,688419.6419886132,0,0,24.08049181,21.55296195960356,0,0,0.06433451127391304,0.005015711491304348,0.0974537212324478,0,0,0,0
AGIX,AGIX,2024-03-03T00:00:00.000Z,2024-03-03,871516.9900154,821490.0788711937,82955.7999918,78195.24412491363,788561.1900236,743294.8347462801,0,0,23.81446044,22.44778119660563,0,0,0.0635242638,0.0048376452375,0.09519030247956556,0,0,0,0
AGIX,AGIX,2024-03-04T00:00:00.000Z,2024-03-04,870604.1956715,797304.6561097015,83051.19066909,76051.98733719953,787553.00500241,721252.668772502,0,0,23.83870066,21.83914549724816,0,0,0.06359823046956521,0.0048537253,0.09539703392930766,0,0,0,0
AGIX,AGIX,2024-03-05T00:00:00.000Z,2024-03-05,865615.3128317499,743539.0102125881,83064.91890736,71353.63866670874,782550.39392439,672185.3715458794,0,0,23.92307499,20.43095101831062,0,0,0.06379995445217392,0.004897833447826087,0.09596068380395437,0,0,0,0
AGIX,AGIX,2024-03-06T00:00:00.000Z,2024-03-06,867065.5287844,804546.5690037248,84974.21793859001,79141.28937272183,782091.31084581,725405.279631003,0,0,24.43533436,22.75552518193373,0,0,0.06453317545416666,0.005066959320833333,0.09800409705813644,0,0,0,0
AGIX,AGIX,2024-03-07T00:00:00.000Z,2024-03-07,865820.4925560601,1008115.995045388,103279.06910740999,120218.66418005599,762541.42344865,887897.330865332,0,0,34.08936234,39.6942872724,0,0,0.07218400849130435,0.006901269626086956,0.11928418308763905,0,0,0,0
AGIX,AGIX,2024-03-08T00:00:00.000Z,2024-03-08,653598.9727252601,771008.3941529538,107320.00800548,126618.62215033187,546278.96471978,644389.7720026219,1128.39513344,1420.7136006572,43.31260754,51.1128905419,4.30702378,5.2999038662,0.08852406033913043,0.011635036982608695,0.16424090114848797,0,0,0,0
AGIX,AGIX,2024-03-09T00:00:00.000Z,2024-03-09,648396.77751271,850451.8595265603,127957.50301062,168132.04823503547,520439.27450209,682319.8112915248,1462.18129119,1948.5732633192,54.54787302,71.6973500201,70.51129032,94.4663106006,0.10076157026666667,0.016062210970833334,0.1973826308942427,0,0,0,0
AGIX,AGIX,2024-03-10T00:00:00.000Z,2024-03-10,649064.73005775,849400.7709697648,149642.32473346,195824.650383432,499422.40532429,653576.1205863327,0,0,67.43834807,88.1954272577,0,0,0.1130828710826087,0.02085724274347826,0.23055037880501286,0,0,0,0
AGIX,AGIX,2024-03-11T00:00:00.000Z,2024-03-11,700350.88575805,888385.9365715628,139003.23528774,176289.46167556485,561347.65047031,712096.4748959979,0,0,62.44486747,79.0730038202,0,0,0.10115232769130435,0.016070000095652175,0.1985203087089355,0,0,0,0
AGIX,AGIX,2024-03-12T00:00:00.000Z,2024-03-12,698423.64495834,861138.3773803187,142319.08623526,175487.775972816,556104.55872308,685650.6014075028,0,0,64.48957212,79.5680295631,0,0,0.10310350173478261,0.01681111613478261,0.20378346856545673,0,0,0,0
AGIX,AGIX,2024-03-13T00:00:00.000Z,2024-03-13,685837.92939128,835520.5642748675,135042.57517013,164526.76732097712,550795.35422115,670993.7969538905,0,0,62.92090508,76.6620057448,0,0,0.10055582059166666,0.0158411998625,0.19691259720554238,0,0,0,0
AGIX,AGIX,2024-03-14T00:00:00.000Z,2024-03-14,692749.16393277,840043.8740207049,139426.12514817002,169145.18339364338,553323.0387846,670898.6906270615,0,0,64.92610483,78.7400022611,0,0,0.1021710789173913,0.016458214908695652,0.2012675712197448,0,0,0,0
AGIX,AGIX,2024-03-15T00:00:00.000Z,2024-03-15,695581.78707254,808898.4335753766,145117.29421704,168759.0587737329,550464.4928555,640139.3748016438,0,0,68.24910392,79.36841816969999,0,0,0.10490229667916667,0.017508384625,0.2086272549902128,0,0,0,0
AGIX,AGIX,2024-03-16T00:00:00.000Z,2024-03-16,695540.3708816699,759814.5863370104,145156.85871864,158573.8552310121,550383.51216303,601240.7311059983,0,0,68.28621322,74.50943845196,0,0,0.1049280739,0.01751850845217391,0.20869658948802555,0,0,0,0
AGIX,AGIX,2024-03-17T00:00:00.000Z,2024-03-17,713407.4448567,794277.928931779,145770.13165602,162129.53840769414,567637.31320068,632148.3905240848,1029.02448631,1245.1196284351,67.46203005,74.9666182987736,253.02558518,306.1609580678,0.10332970376666667,0.0169005899125,0.20439151992346416,0,0,0,0
AGIX,AGIX,2024-03-18T00:00:00.000Z,2024-03-18,728237.1176144399,810614.0656294114,152207.41633243,169419.54785006854,576029.70128201,641194.5177793428,0,0,70.29760417,78.08107440381,0,0,0.10504392112608696,0.017564038891304347,0.20900817140192615,0,0,0,0
AGIX,AGIX,2024-03-19T00:00:00.000Z,2024-03-19,729506.36690904,724624.2082528886,147734.91049829,146698.69958699693,581771.45641075,577925.5086658917,7738.33920797,7295.822280362236,67.69700663,67.21255378720637,107.98133564,101.8064229614266,0.10263384948333333,0.0166360926,0.20251461403987772,0,0,0,0
AGIX,AGIX,2024-03-20T00:00:00.000Z,2024-03-20,730944.3040421901,764820.0591441877,144548.95144406002,151240.88588516793,586395.35259813,613579.1732590199,0,0,65.63852404,68.7071996816171,0,0,0.10086840169565217,0.01595796713478261,0.19775692959987531,0,0,0,0
AGIX,AGIX,2024-03-21T00:00:00.000Z,2024-03-21,733410.66495081,782422.277461909,151384.94588865,161487.01946569234,582025.71906216,620935.2579962166,0,0,69.39039899,74.01535837695,0,0,0.10407918482083334,0.017187610941666667,0.20641179910887494,0,0,0,0
AGIX,AGIX,2024-03-22T00:00:00.000Z,2024-03-22,742014.10093825,766479.2948557525,151982.84855505,156978.27575155513,590031.2523832,609501.0191041974,0,0,69.30367768,71.55717028652,0,0,0.10349498884782608,0.016960715069565216,0.20483894284114895,0,0,0,0
AGIX,AGIX,2024-03-23T00:00:00.000Z,2024-03-23,733731.6380958001,770126.3730584516,152022.77656575,159564.6237912386,581708.86153005,610561.7492672129,0,0,69.8577389,73.35965344306,0,0,0.10436859313043478,0.01729942043043478,0.20719133883749757,0,0,0,0
AGIX,AGIX,2024-03-24T00:00:00.000Z,2024-03-24,733825.36105819,772106.738663533,152898.03638653,160930.89966594943,580927.32467166,611175.8389975836,0,0,70.11013455,73.78302889976,0,0,0.10480387434166667,0.01747821035,0.2083574942924333,0,0,0,0
AGIX,AGIX,2024-03-25T00:00:00.000Z,2024-03-25,734638.24815031,835915.3468984235,217859.64462072,248019.81734111498,516778.60352959,587895.5295573085,47999.8,57119.762,116.9178984,133.4847262925,82.04013362,97.6277590078,0.1381687023826087,0.03311985474782609,0.296603095900662,0,0,0,0
AGIX,AGIX,2024-03-26T00:00:00.000Z,2024-03-26,739707.11930056,888292.1962048857,113999.32987555,136903.54940647222,625707.78942501,751388.6467984135,0,0,67.25367472,80.685338779,0,0,0.08484924198695652,0.0105978682,0.15411415710602222,0,0,0,0
AGIX,AGIX,2024-03-27T00:00:00.000Z,2024-03-27,742178.4831849299,938338.2084326803,109558.37368002,138523.9622690207,632620.10950491,799814.2461636596,918.31635756,1184.6281012524,67.60127703,85.4703215573,0.4091489,0.527802081,0.08245364310833334,0.009739058375,0.1476221076579416,0,0,0,0
AGIX,AGIX,2024-03-28T00:00:00.000Z,2024-03-28,745550.3494283101,1012898.5133396896,109801.6804854,149155.30856147804,635748.66894291,863743.2047782115,733.58332173,1041.6883168566,66.14150349,89.8358645602,178.5125122,253.487767324,0.08233406141904762,0.009702822066666667,0.1472945763661635,0,0,0,0
AGIX,AGIX,2024-03-29T00:00:00.000Z,2024-03-29,756198.3839236599,1020485.7475917507,109915.95820197,148338.2673686275,646282.42572169,872147.4802231232,0,0,65.7085937,88.69376928530001,0,0,0.0816276375,0.009492135228571428,0.1453546025772905,0,0,0,0
AGIX,AGIX,2024-03-30T00:00:00.000Z,2024-03-30,763586.7204492099,989342.0732006677,109183.93903709,141471.10857375388,654402.78141212,847870.9646269139,0,0,65.05634654,84.3034376161,0,0,0.0807686396904762,0.009239714471428571,0.14299336830067785,0,0,0,0
AGIX,AGIX,2024-03-31T00:00:00.000Z,2024-03-31,770372.1838547599,991422.1966363343,109206.64385492,140548.82471514778,661165.53999984,850873.3719211865,0,0,63.21203147,81.3496445051,0,0,0.080320285315,0.009109059615,0.14176026222990026,0,0,0,0
AGIX,AGIX,2024-04-01T00:00:00.000Z,2024-04-01,787115.9325170199,962244.5420243656,110086.5061566,134609.3921666865,677029.42636042,827635.1498576791,0,0,64.55362496,78.9229065252,0,0,0.07968263631428571,0.008929949019047619,0.14000250854020407,0,0,0,0
AGIX,AGIX,2024-04-02T00:00:00.000Z,2024-04-02,852617.48428389,944829.3877178328,104628.30793222999,116022.80915484065,747989.17635166,828806.5785629922,7025.72077973,7868.8072732976,61.27978542,67.89768159309,57.20878601,64.0738403312,0.0734206506090909,0.007211016163636364,0.12271653115369768,0,0,0,0
AGIX,AGIX,2024-04-03T00:00:00.000Z,2024-04-03,853534.48768774,918564.660657322,103371.20705340001,111247.01489020194,750163.28063434,807317.6457671201,0,0,57.777072,62.19097224138,0,0,0.07283976702380952,0.007057275138095238,0.12110958446823022,0,0,0,0
AGIX,AGIX,2024-04-04T00:00:00.000Z,2024-04-04,851411.8878566601,929302.2673942614,102151.0662828,111470.3236292096,749260.82157386,817831.9437650518,0,0,57.4966368,62.72982447306,0,0,0.07243112618095239,0.006952344633333334,0.11997718421084846,0,0,0,0
AGIX,AGIX,2024-04-05T00:00:00.000Z,2024-04-05,839283.28058991,886065.204278591,91498.69513477001,96577.19465988073,747784.58545514,789488.0096187103,28386.72819322,30004.77170023354,52.94180501,55.8881389788,307.0913522,324.5955592754,0.06841316966666666,0.006009226357142857,0.10878934084157525,0,0,0,0
AGIX,AGIX,2024-04-06T00:00:00.000Z,2024-04-06,821497.6161123599,870513.5208220325,79592.65105295999,84342.09892262344,741904.9650594,786171.421899409,0,0,47.43418181,50.27166275931,0,0,0.06413482733333334,0.004987968123809524,0.09688675453167514,0,0,0,0
AGIX,AGIX,2024-04-07T00:00:00.000Z,2024-04-07,747021.39156919,816809.4056655101,87655.74583372999,95845.35394774372,659365.64573546,720964.0517177664,0,0,54.14447045,59.21548761609,0,0,0.07148001463333334,0.00670999600952381,0.11734039035580818,0,0,0,0
AGIX,AGIX,2024-04-08T00:00:00.000Z,2024-04-08,722875.20018044,811018.4043173323,87672.39233393,98401.91431032361,635202.80784651,712616.4900070087,0,0,55.23434826,62.02989302148,0,0,0.07295831330476191,0.007093135361904762,0.12143482472049873,0,0,0,0
AGIX,AGIX,2024-04-09T00:00:00.000Z,2024-04-09,694430.1044920499,760039.1847572299,87689.55742108,95978.15055898414,606740.54707097,664061.0341982457,0,0,56.6640538,62.06823312845,0,0,0.07470631954285714,0.007546891652380952,0.12627583494997754,0,0,0,0
AGIX,AGIX,2024-04-10T00:00:00.000Z,2024-04-10,693318.03922502,719340.5588378854,86405.49866227999,89650.94531106036,606912.54056274,629689.613526825,0,0,56.2712914,58.39240042469,0,0,0.07410898265714286,0.007388946414285715,0.12462328173778431,0,0,0,0
AGIX,AGIX,2024-04-11T00:00:00.000Z,2024-04-11,692561.12584578,725638.5765132386,85621.45171042999,89710.84424621113,606939.67413535,635927.7322670275,0,0,55.98332806,58.66013112481,0,0,0.07375004672857143,0.007294185847619048,0.12363018400002576,0,0,0,0
AGIX,AGIX,2024-04-12T00:00:00.000Z,2024-04-12,692787.3703826,679587.5384459681,85811.17155037,84173.21320574239,606976.19883223,595414.3252402256,0,0,58.69331768,57.66558065017833,0,0,0.07383440901818182,0.007316324831818182,0.12386367632110039,0,0,0,0
AGIX,AGIX,2024-04-13T00:00:00.000Z,2024-04-13,699979.71600375,572176.3778866085,83556.189252,68589.61851324317,616423.52675175,503586.7593733653,0,0,55.19800966,45.28329957677773,0,0,0.07223238047619047,0.00691651020952381,0.11941725839409616,0,0,0,0
AGIX,AGIX,2024-04-14T00:00:00.000Z,2024-04-14,712081.49056641,576507.6017913722,73799.09350738,59749.91011688775,638282.39705903,516757.69167448446,0,0,50.75225804,41.09438105457555,0,0,0.06655153402380952,0.005517846885714286,0.10363858902770731,0,0,0,0
AGIX,AGIX,2024-04-15T00:00:00.000Z,2024-04-15,712892.2425269501,621325.4238659503,73812.03209413,64335.17293406177,639080.21043282,556990.2509318886,0,0,50.74036928,44.19419583647627,0,0,0.06651590233333333,0.005509620785714286,0.10353929102299513,0,0,0,0
AGIX,AGIX,2024-04-16T00:00:00.000Z,2024-04-16,706382.43860435,583180.792642469,73824.92744904,60948.684398789104,632557.51115531,522232.10824368,0,0,49.80072247,41.11518968844017,0,0,0.06686604195238095,0.005590897428571428,0.1045147893887317,0,0,0,0
AGIX,AGIX,2024-04-17T00:00:00.000Z,2024-04-17,704399.73860762,583100.5113420237,73837.97614287,61122.865604231076,630561.76246475,521977.6457377927,0,0,51.09537002,42.32804916853993,0,0,0.06697701265238096,0.005616637023809524,0.10482396866252806,0,0,0,0
AGIX,AGIX,2024-04-18T00:00:00.000Z,2024-04-18,705744.7046060499,580283.3367978118,73058.45788028001,60060.68949499701,632686.24672577,520222.64730281476,0,0,50.79446621,41.74269849364465,0,0,0.06650897357142857,0.0055083296666666665,0.10351979538033909,0,0,0,0
AGIX,AGIX,2024-04-19T00:00:00.000Z,2024-04-19,705647.40965906,605473.5439618479,72350.96551731,62080.43617549516,633296.44414175,543393.1077863527,0,0,54.02593983,46.32153978139038,0,0,0.06615425611363636,0.005426308909090909,0.10253135031646657,0,0,0,0
AGIX,AGIX,2024-04-20T00:00:00.000Z,2024-04-20,705063.03078255,652425.5153848716,72363.95768196,66961.64608506141,632699.07310059,585463.8692998103,0,0,50.53840997,46.83554201486735,0,0,0.06619134434761904,0.0054348249,0.10263473548566564,0,0,0,0
AGIX,AGIX,2024-04-21T00:00:00.000Z,2024-04-21,705215.45987505,697990.1552690672,72376.38677446,71634.8999479025,632839.07310059,626355.2553211646,0,0,49.37219642,48.84226980852779,0,0,0.06618970914,0.00543444929,0.10263017731702713,0,0,0,0
AGIX,AGIX,2024-04-22T00:00:00.000Z,2024-04-22,705267.46526309,704508.2395557989,71834.52468727999,71758.66951227287,633432.94057581,632749.5700435261,1124.23224107,1117.832912647519,50.26615062,50.21070557952931,211.29093741,209.96589906996,0.06591143171904762,0.005370857123809524,0.10185428194942492,0,0,0,0
AGIX,AGIX,2024-04-23T00:00:00.000Z,2024-04-23,704960.74269897,707828.4787645746,71277.11960818,71567.06584512525,633683.62309079,636261.4129194494,0,0,49.96433887,50.18027502276621,0,0,0.06564376195714286,0.005309686857142857,0.10110796432353872,0,0,0,0
AGIX,AGIX,2024-04-24T00:00:00.000Z,2024-04-24,703999.05633611,711025.5786776894,73445.83511345,74086.73678887385,630553.22122266,636938.8418888155,0,0,52.44689237,52.92879594486965,0,0,0.06680080699047619,0.005586311961904762,0.10432665986282652,100,101,2.20672,1.0555183104
AGIX,AGIX,2024-04-25T00:00:00.000Z,2024-04-25,703382.0930071301,661713.0220817982,79538.1200085,74826.12367683668,623843.97299863,586886.8984049615,0,0,54.99616934,51.72126520265576,0,0,0.06994498227619048,0.006327480452380952,0.11307957490987673,0,0,0,0
AGIX,AGIX,2024-04-26T00:00:00.000Z,2024-04-26,703258.29543609,637321.5198359212,78500.95221218,71147.26790737275,624757.34322391,566174.2519285484,1472.47983297,1361.993781182929,54.44775804,49.34713556189819,35.37904017,32.72440926988422,0.06942137313333333,0.006199563533333333,0.11162463753286644,0,0,0,0
AGIX,AGIX,2024-04-27T00:00:00.000Z,2024-04-27,705569.6455205,618408.6162908047,83368.90488336,73105.08696181753,622200.74063714,545303.5293289871,367.41117823,320.879287329527,56.87985859,49.85300366119555,8.67543124,7.57670522431648,0.07177349997142857,0.006805904933333333,0.11814128389036144,130,114.16054,2.20672,1.01593196032
AGIX,AGIX,2024-04-28T00:00:00.000Z,2024-04-28,708524.67484426,642527.7810677974,90744.91033266,82292.28351673375,617779.7645116,560235.4975510637,0,0,62.77083352,56.86735285470866,0,0,0.07535742535714286,0.007721173947619048,0.1280758647360443,0,0,0,0
AGIX,AGIX,2024-04-29T00:00:00.000Z,2024-04-29,708557.3064602001,616664.5488733257,90762.8893636,78991.83089242027,617794.4170966,537672.7179809054,0,0,61.36427183,53.41174310327905,0,0,0.07536447225714285,0.007723070180952381,0.12809534035440553,0,0,0,0
AGIX,AGIX,2024-04-30T00:00:00.000Z,2024-04-30,708955.4908275501,590384.511703219,61783.26349435,52226.53386519135,647172.2273332,538157.9778380276,0,0,50.48199566,42.29785891019866,0,0,0.060727536871428574,0.004593227542857143,0.08715382187184201,0,0,0,0
AGIX,AGIX,2024-05-01T00:00:00.000Z,2024-05-01,709879.75089615,566234.3598010942,40300.180061319996,32145.871391874705,669579.57083483,534088.4884092194,0,0,5.34689883,4.26293957841887,0,0,0.04986395003809524,0.0022646754238095238,0.05677026170654014,6,4.73028,4.34448,1.88402285232
AGIX,AGIX,2024-05-02T00:00:00.000Z,2024-05-02,710285.15751252,576097.6618609134,40715.11048722,33024.03246616733,669570.0470253,543073.629394746,0,0,5.42127131,4.39792970112789,0,0,0.05005893493809524,0.002295595876190476,0.057322203457026925,2,1.642712,2.17224,0.99410825808
AGIX,AGIX,2024-05-03T00:00:00.000Z,2024-05-03,710290.61458184,602780.9612679278,40853.900889870005,34670.2841941906,669436.71369197,568110.6770737371,0,0,5.44803523,4.61988775042638,0,0,0.05012781881428571,0.0023065679285714288,0.057517162761016094,0,0,0,0
AGIX,AGIX,2024-05-04T00:00:00.000Z,2024-05-04,710296.09401659,635136.9966998105,40859.380324620004,36535.90004074894,669436.71369197,598601.0966590616,0,0,5.45002853,4.87297034741761,0,0,0.050130387823809526,0.002306977723809524,0.057524433353281855,0,0,0,0
AGIX,AGIX,2024-05-05T00:00:00.000Z,2024-05-05,661683.7548894599,612750.1388511612,40346.636895170006,37385.91942266414,621337.11799429,575364.2194284971,800.3697563,752.9886670967963,5.70384327,5.28986445346453,0.3697563,0.3478670967963,0.05137221688095238,0.002509326795238095,0.06103636132793695,1.6,1.5438304,2.17224,1.00012970736
AGIX,AGIX,2024-05-06T00:00:00.000Z,2024-05-06,650302.53989527,645801.774815792,53373.79207268,52919.600496839805,596928.74782259,592882.1743189521,0,0,8.59179423,8.50677678259002,0,0,0.05885927087619047,0.003950941409523809,0.08207523835941187,310,306.51393,4.37896,2.0098891615200003
AGIX,AGIX,2024-05-07T00:00:00.000Z,2024-05-07,649522.0942143201,651835.728508019,71242.39425371001,71496.5182466747,578279.69996061,580339.2102613443,0,0,13.05582652,13.09961554167036,0,0,0.06872338927619048,0.006030310038095238,0.1096844074175489,0,0,0,0
AGIX,AGIX,2024-05-08T00:00:00.000Z,2024-05-08,648750.0756166801,609207.0873064423,71369.57074572,67016.2406687899,577380.50487096,542190.8466376524,0,0,13.09937036,12.29935446792013,0,0,0.06884079305238096,0.006058602242857143,0.11001086901538086,2.99872,2.8099355824,2.36188,1.0509657436
AGIX,AGIX,2024-05-09T00:00:00.000Z,2024-05-09,649142.13824836,598558.3147263298,72294.99879944,66668.20116535974,576847.13944892,531890.11356097,0,0,13.35149373,12.31369609831373,0,0,0.06932981894285714,0.006177223447619048,0.11137022259634773,13.1,12.0996655,6.51672,2.98242686952
AGIX,AGIX,2024-05-10T00:00:00.000Z,2024-05-10,647012.85955132,614127.5113789857,72965.23665061001,69255.15351147919,574047.62290071,544872.3578675066,137.17980666,132.5236496623463,13.89304546,13.17973456978559,1.84523146,1.78260061378468,0.0698344310952381,0.006300330771428571,0.1127724754606107,3,2.89407,2.17224,1.00619677368
AGIX,AGIX,2024-05-11T00:00:00.000Z,2024-05-11,647138.15054704,602281.1587520618,73233.83479282,68157.5013072467,573904.31575422,534123.657444815,5015.68249483,4648.494410748485,13.6508629,12.70498932070233,30.73113313,28.48136833581896,0.06997597368095237,0.0063351353,0.1131656392831566,7.2,6.7275852,4.34448,1.92817580256
AGIX,AGIX,2024-05-12T00:00:00.000Z,2024-05-12,647314.12486888,596306.2035984508,68667.13414752,63256.18602941959,578646.99072136,533050.0175690312,177.31679342,164.0185658638803,12.38345386,11.41003432864499,1.51687132,1.40311052161396,0.06742806512380953,0.0057222237857142855,0.10608007749484066,0,0,0,0
AGIX,AGIX,2024-05-13T00:00:00.000Z,2024-05-13,647196.16460264,577198.5553332026,68620.15367294,61198.543070558786,578576.0109297,516000.01226264384,0,0,12.06192121,10.75736550388534,0,0,0.06740893764761904,0.005717724442857143,0.10602682372004626,0,0,0,0
AGIX,AGIX,2024-05-14T00:00:00.000Z,2024-05-14,647208.64353977,558054.420212686,68632.63261007,59178.306744935675,578576.0109297,498876.1134677503,0,0,12.92640638,11.15367547485475,0,0,0.06741512838181818,0.005719179195454545,0.10604406056221494,0,0,0,0
AGIX,AGIX,2024-05-15T00:00:00.000Z,2024-05-15,647218.362031,567703.0786358465,64618.58995044,56646.72264703721,582599.77208056,511056.3559888093,5069.8744029,4302.746637122798,11.30428269,9.92466710360462,13.36482162,11.34257709585618,0.065189970795,0.00520965193,0.09984048207255382,2,1.874966,2.17224,0.980549136
AGIX,AGIX,2024-05-16T00:00:00.000Z,2024-05-16,646716.13105825,606600.0409259255,63776.260893449995,59820.19944203554,582939.8701648,546779.84148389,100,92.3962,11.30570862,10.5991832391826,15.927215,14.71614142583,0.06475044783333334,0.005108320752380952,0.09861553961520395,0,0,0,0
AGIX,AGIX,2024-05-17T00:00:00.000Z,2024-05-17,646606.3322115999,617668.114481855,61435.718289979995,58650.764573808396,585170.61392162,559017.3499080465,5275.46496046,4947.040889346563,10.48496747,10.00285274074679,8.51864171,7.98831367034395,0.0634614021,0.0048283612761904765,0.09501256378743139,0,0,0,0
AGIX,AGIX,2024-05-18T00:00:00.000Z,2024-05-18,647181.12728807,627135.704801907,58430.97413572,56622.096835623655,588750.15315235,570513.6079662833,0,0,9.68434008,9.3865615099086,0,0,0.06177073142857143,0.0044616947285714284,0.09028670271240881,0,0,0,0
AGIX,AGIX,2024-05-19T00:00:00.000Z,2024-05-19,658509.7163965,620861.8214831791,58440.33556796,55099.18724680184,600069.38082854,565762.6342363773,0,0,9.59894417,9.0433023733,0,0,0.06122056317,0.004346481335,0.08874635271567977,0,0,0,0
AGIX,AGIX,2024-05-20T00:00:00.000Z,2024-05-20,662508.42051256,634708.4403405352,58449.979928819994,55983.035174751254,604058.44058374,578725.405165784,0,0,9.57679873,9.17009709035618,0,0,0.06103681171428572,0.004308459271428571,0.08823161124416597,0,0,0,0
AGIX,AGIX,2024-05-21T00:00:00.000Z,2024-05-21,672032.70331079,698565.055448922,58459.46575764,60767.24287890654,613573.23755315,637797.8125700154,0,0,9.72776047,10.10448055457,0,0,0.060593275938095235,0.004216764680952381,0.08698908801909086,0,0,0,0
AGIX,AGIX,2024-05-22T00:00:00.000Z,2024-05-22,672548.81515928,717705.6366933653,47853.51589611,50966.911038660124,624695.29926317,666738.7256547052,0,0,8.85799894,9.44002457175,0,0,0.0549815842,0.0032477653952380954,0.07115220297091063,15.5,16.4185,8.68896,4.1968545696
AGIX,AGIX,2024-05-23T00:00:00.000Z,2024-05-23,672130.29397487,681566.2171062625,18333.71185788,18591.122327106463,653796.58211699,662975.094779156,0,0,6.42482719,6.51563346345516,0,0,0.039496903914285716,0.000861887380952381,0.027277048602428446,0,0,0,0
AGIX,AGIX,2024-05-24T00:00:00.000Z,2024-05-24,674496.4658838101,653261.4019510687,18335.656203040002,17758.54025338313,656160.80968077,635502.8616976856,0,0,6.42063871,6.22075084804763,0,0,0.03946444043809524,0.0008582485428571429,0.0271842319929044,0,0,0,0
AGIX,AGIX,2024-05-25T00:00:00.000Z,2024-05-25,679919.02840792,656895.4318004756,18337.606957,17716.63902062676,661581.42145092,639178.7927798488,0,0,6.55895015,6.33638488396985,0,0,0.039389700476190476,0.0008498907619047619,0.02697053018903815,0,0,0,0
AGIX,AGIX,2024-05-26T00:00:00.000Z,2024-05-26,655907.17996253,620239.601736132,18225.70786886,17230.023686128283,637681.47209367,603009.5780500037,104.44582112,100.093041524824,6.14225088,5.80528388943019,1.19184438,1.1421742654635,0.03970781123,0.000886362755,0.027879543922987266,0,0,0,0
AGIX,AGIX,2024-05-27T00:00:00.000Z,2024-05-27,598401.2299760301,565850.7324725968,17736.732376689997,16771.924533862006,580664.49759934,549078.8079387348,0,0,6.54905977,6.19162867472755,0,0,0.040323779809523806,0.0009561639380952381,0.029640200740594914,0,0,0,0
AGIX,AGIX,2024-05-28T00:00:00.000Z,2024-05-28,598459.63897156,560217.8946111876,17738.64874767,16605.141582887165,580720.99022389,543612.7530283005,0,0,6.7020938,6.27234571093383,0,0,0.040323887952380955,0.0009561764714285714,0.029640509721991098,0,0,0,0
AGIX,AGIX,2024-05-29T00:00:00.000Z,2024-05-29,598145.72151877,560887.6577510945,17740.65603946,16635.59430003399,580405.06547931,544252.0634510606,0,0,6.5504794,6.14666736775279,0,0,0.04033050822777778,0.0009569436722222223,0.029659422383545787,0,0,0,0
AGIX,AGIX,2024-05-30T00:00:00.000Z,2024-05-30,598074.28964166,554641.5672308815,17742.52658741,16454.049506548334,580331.76305425,538187.5177243332,0,0,6.7035558,6.21395721978696,0,0,0.040332842714285715,0.000957214238095238,0.02966609147763384,0,0,0,0
AGIX,AGIX,2024-05-31T00:00:00.000Z,2024-05-31,597646.5489182699,538445.5079302128,17473.879429710003,15745.054755112975,580172.66948856,522700.4531750998,0,0,6.5316164,5.88415812835137,0,0,0.040182957252380955,0.0009400702761904762,0.02923776308653423,0,0,0,0
AGIX,AGIX,2024-06-01T00:00:00.000Z,2024-06-01,597456.5059256101,530376.6268974742,16609.86017162,14744.971095478062,580846.64575399,515631.65580199606,0,0,6.4480658,5.72412256887938,0,0,0.039680163315,0.0008825170900000001,0.027800953031618537,0,0,0,0
AGIX,AGIX,2024-06-02T00:00:00.000Z,2024-06-02,599366.44134288,531326.3637521017,16611.65999153,14726.117982491427,582754.78135135,516600.2457696103,0,0,6.4441306,5.71334375504288,0,0,0.039650332204761905,0.0008791510095238096,0.02771567630541138,0,0,0,0
AGIX,AGIX,2024-06-03T00:00:00.000Z,2024-06-03,596349.27900561,533220.5797771543,16613.41834193,14855.741160265472,579735.86066368,518364.83861688874,0,0,6.45040734,5.76672025878417,0,0,0.03970205625238095,0.0008850302904761905,0.027863510988088286,0,0,0,0
AGIX,AGIX,2024-06-04T00:00:00.000Z,2024-06-04,583914.51225844,517917.3230110091,16615.19317879,14737.255820471019,567299.31907965,503180.06719053804,0,0,6.48672452,5.751403166341,0,0,0.039908936252380955,0.000908482019047619,0.02845484242261783,0,0,0,0
AGIX,AGIX,2024-06-05T00:00:00.000Z,2024-06-05,584893.42738984,533199.9625719377,16616.965453049997,15148.342617583166,568276.46193679,518051.61995435454,0,0,6.48480155,5.91147089609398,0,0,0.03989333148095238,0.0009067034523809524,0.028410244797522622,0,0,0,0
AGIX,AGIX,2024-06-06T00:00:00.000Z,2024-06-06,583791.53564916,521092.667746844,16618.74974148,14833.867527024095,567172.78590768,506258.8002198199,0,0,6.48883817,5.79319047972365,0,0,0.03991316441428571,0.0009089641,0.028466926209966225,0,0,0,0
AGIX,AGIX,2024-06-07T00:00:00.000Z,2024-06-07,583346.16711575,485785.95396126056,15732.74345505,13164.884116045514,567613.4236607,472621.06984521507,2266.36252041,1861.3258859945715,6.50119944,5.41720927729016,11.24224862,9.71758904695742,0.039389809457142856,0.000851565780952381,0.02696982247919956,0,0,0,0
AGIX,AGIX,2024-06-08T00:00:00.000Z,2024-06-08,584091.68006136,442926.7012795759,13170.858537869999,9987.92960930183,570920.82152349,432938.771670274,0,0,5.93091581,4.49589338528645,0,0,0.03784463556190476,0.0006826977809523809,0.02254934814659191,0,0,0,0
AGIX,AGIX,2024-06-09T00:00:00.000Z,2024-06-09,584900.38126786,436052.6200198396,13106.74224628,9771.210486890881,571793.63902158,426281.40953294875,0,0,6.06236593,4.52004486488147,0,0,0.037795450319047616,0.0006775558095238096,0.022408494683306027,0,0,0,0
AGIX,AGIX,2024-06-10T00:00:00.000Z,2024-06-10,583474.0101313901,423564.5705414666,12705.33446945,9224.33191726543,570768.67566194,414340.23862420116,0,0,6.03095119,4.38046705787013,0,0,0.03757421062857143,0.0006546046333333333,0.02177481360066596,0,0,0,0
AGIX,AGIX,2024-06-11T00:00:00.000Z,2024-06-11,574671.11510292,397694.4463629956,12419.77828528,8594.783034221537,562251.33681764,389099.66332877404,0,0,5.88247628,4.07090870492528,0,0,0.03751743033809524,0.0006486690523809524,0.02161220962105395,0,0,0,0
AGIX,AGIX,2024-06-12T00:00:00.000Z,2024-06-12,567524.58022832,389535.73831448384,12421.03401829,8525.948662406507,555103.54621003,381009.7896520773,0,0,5.89789023,4.04538118996795,0,0,0.03761318676190476,0.0006585775666666666,0.021886493328928454,0,0,0,0
AGIX,AGIX,2024-06-13T00:00:00.000Z,2024-06-13,559605.21824143,382255.45303604816,12422.29427859,8484.686935907635,547182.92396284,373770.7661001405,0,0,6.05229772,4.1321744179871995,0,0,0.03772274280952381,0.0006699759857142858,0.022200266547207026,0,0,0,0
AGIX,AGIX,2024-06-14T00:00:00.000Z,2024-06-14,556004.52908742,362485.4147926705,12423.555388609999,8099.495308117864,543580.97369881,354385.91948455264,0,0,5.92394046,3.85836814282066,0,0,0.037773048042857145,0.0006752111285714286,0.022344342113659682,0,0,0,0
AGIX,AGIX,2024-06-15T00:00:00.000Z,2024-06-15,551260.8813347,345323.1138663945,12424.79003167,7783.176779587322,538836.09130303,337539.93708680716,0,0,5.65717119,3.5445393539447,0,0,0.03784185924,0.000682422485,0.02254138836893394,0,0,0,0
AGIX,AGIX,2024-06-16T00:00:00.000Z,2024-06-16,544130.32400249,335149.4046125762,12426.031730769999,7653.640286406104,531704.29227172,327495.7643261701,0,0,5.95031503,3.66393640414434,0,0,0.03794491601904762,0.000693223238095238,0.022836499239969197,0,0,0,0
AGIX,AGIX,2024-06-17T00:00:00.000Z,2024-06-17,537512.3864845,307129.99471946387,12695.1754505,7248.612179614195,524817.211034,299881.38253984967,0,0,6.29911636,3.60101358050896,0,0,0.03822167966190476,0.0007227197619047619,0.023628731897991757,8.25,4.55170275,4.34448,1.78816407336
AGIX,AGIX,2024-06-18T00:00:00.000Z,2024-06-18,533866.40703254,267176.17233822873,13831.21261913,6918.291662871352,520035.19441341,260257.8806753574,0,0,6.11271548,3.0583655224608,0,0,0.03901795169,0.00080896177,0.025907206328599185,14,6.8372105,6.51672,2.44494518184
AGIX,AGIX,2024-06-19T00:00:00.000Z,2024-06-19,547802.44924895,303601.8905367117,14655.20542839,8123.084340963404,533147.24382056,295478.80619574833,0,0,6.54808989,3.6331004546007,0,0,0.03931356862857143,0.0008414003857142857,0.02675283447018915,0,0,0,0
AGIX,AGIX,2024-06-20T00:00:00.000Z,2024-06-20,547733.24008274,359408.4172228825,13067.148628570001,8564.704109775064,534666.09145417,350843.7131131074,2225.46672577,1512.10226869133,6.2468479,4.10005743556466,0.46672577,0.31711869132958,0.038302650785714286,0.0007321102333333333,0.02386004433196061,0,0,0,0
AGIX,AGIX,2024-06-21T00:00:00.000Z,2024-06-21,513631.91540704,335415.2372210229,12661.74824478,8268.31502434176,500970.16716226,327146.92219668115,0,0,6.44462771,4.20865435075175,0,0,0.03858836894761905,0.0007620745190476191,0.02467820748852531,3.20900214,2.0827707489456,2.36188,0.91971843388
AGIX,AGIX,2024-06-22T00:00:00.000Z,2024-06-22,489371.79635008,312281.50830052415,12754.74393469,8134.918807529919,476617.05241539,304146.58949299424,0,0,6.24318289,3.98115963175105,0,0,0.03908118057,0.000815825105,0.026088121908093745,0,0,0,0
AGIX,AGIX,2024-06-23T00:00:00.000Z,2024-06-23,315735.55791463,193311.6584199489,12756.14986138,7793.091494411354,302979.40805325,185518.56692553754,0,0,7.45434266,4.54979472186003,0,0,0.044890878128571426,0.0015518982190476191,0.04264672704042572,0,0,0,0
AGIX,AGIX,2024-06-24T00:00:00.000Z,2024-06-24,240878.61989469998,144867.74170404975,12776.82143962,7702.630173466794,228101.79845508,137165.11153058294,0,0,7.90678874,4.76810159921621,0,0,0.048656238695238094,0.0020813655904761905,0.05334659965200963,1.000001,0.609197609197,2.36188,0.88326753984
AGIX,AGIX,2024-06-25T00:00:00.000Z,2024-06-25,200032.85624242,136404.0864537132,12759.521818539999,8695.618387046947,187273.33442388,127708.46806666625,0,0,8.71611194,5.93641847394116,0,0,0.052398284235,0.00268268376,0.06393435336318479,0,0,0,0
AGIX,AGIX,2024-06-26T00:00:00.000Z,2024-06-26,181432.11387899,129403.13266530892,12574.63885655,8973.769733396557,168857.47502244,120429.36293191236,0,0,8.84626953,6.31842422198672,0,0,0.05438673787,0.0030299405,0.0695435992205088,0,0,0,0
AGIX,AGIX,2024-06-27T00:00:00.000Z,2024-06-27,158626.06925465,105647.37172740282,8467.05075215,5699.213306612295,150159.0185025,99948.15842079053,0,0,7.93020206,5.3066616074649,0,0,0.04815815916111111,0.002229937377777778,0.051797713094184336,0,0,0,0
AGIX,AGIX,2024-06-28T00:00:00.000Z,2024-06-28,139173.77138716,86248.80487942712,1206.4418201199999,755.0041670004377,137967.32956704,85493.80071242667,2303.2614713,1410.7845033547908,3.12840165,1.95724098354458,13.86741564,8.49401395815024,0.0329330548,0.00024037607142857144,0.008440186552332824,0,0,0,0
AGIX,AGIX,2024-06-29T00:00:00.000Z,2024-06-29,134368.6563831,82302.95193315262,0,0,134368.6563831,82302.95193315262,0,0,0,0,0,0,0.03,0,0,0,0,0,0
AGIX,AGIX,2024-06-30T00:00:00.000Z,2024-06-30,132966.13685225,81443.8862801948,0,0,132966.13685225,81443.8862801948,0,0,0,0,0,0,0.03,0,0,0,0,0,0
AGIX,AGIX,2024-07-01T00:00:00.000Z,2024-07-01,131669.71957017,80649.80995224224,0,0,131669.71957017,80649.80995224224,0,0,0,0,0,0,0.03,0,0,0,0,0,0
AGIX,AGIX,2024-07-02T00:00:00.000Z,2024-07-02,129876.51186418,79551.44154099804,0,0,129876.51186418,79551.44154099804,0,0,0,0,0,0,0.03,0,0,0,0,0,0
AGIX,AGIX,2024-07-03T00:00:00.000Z,2024-07-03,128651.236263,78800.94063086597,0,0,128651.236263,78800.94063086597,0,0,0,0,0,0,0.03,0,0,0,0,0,0
AGIX,AGIX,2024-07-04T00:00:00.000Z,2024-07-04,127089.11734601,77844.11780030804,0,0,127089.11734601,77844.11780030804,0,0,0,0,0,0,0.03,0,0,0,0,0,0
AGIX,AGIX,2024-07-05T00:00:00.000Z,2024-07-05,117795.46839388,72151.60911874814,0,0,117795.46839388,72151.60911874814,0,0,0,0,0,0,0.03,0,0,0,0,0,0
AGIX,AGIX,2024-07-06T00:00:00.000Z,2024-07-06,116014.86632721,71060.96186327706,0,0,116014.86632721,71060.96186327706,0,0,0,0,0,0,0.03,0,0,0,0,0,0
AGIX,AGIX,2024-07-07T00:00:00.000Z,2024-07-07,113448.5487009,69489.05125608046,0,0,113448.5487009,69489.05125608046,0,0,0,0,0,0,0.03,0,0,0,0,0,0
AGIX,AGIX,2024-07-08T00:00:00.000Z,2024-07-08,111870.4008732,68522.41046124898,0,0,111870.4008732,68522.41046124898,0,0,0,0,0,0,0.03,0,0,0,0,0,0
AGIX,AGIX,2024-07-09T00:00:00.000Z,2024-07-09,111731.26208916,68437.18572980509,0,0,111731.26208916,68437.18572980509,0,0,0,0,0,0,0.03,0,0,0,0,0,0
AGIX,AGIX,2024-07-10T00:00:00.000Z,2024-07-10,111240.61378444,68136.6557927918,0,0,111240.61378444,68136.6557927918,0,0,0,0,0,0,0.03,0,0,0,0,0,0
AGIX,AGIX,2024-07-11T00:00:00.000Z,2024-07-11,111061.74681056,68027.09690941697,0,0,111061.74681056,68027.09690941697,0,0,0,0,0,0,0.03,0,0,0,0,0,0
AGIX,AGIX,2024-07-12T00:00:00.000Z,2024-07-12,108035.19808918,66173.28739279043,0,0,108035.19808918,66173.28739279043,0,0,0,0,0,0,0.03,0,0,0,0,0,0
AGIX,AGIX,2024-07-13T00:00:00.000Z,2024-07-13,100468.82628572,61538.76360122407,0,0,100468.82628572,61538.76360122407,0,0,0,0,0,0,0.03,0,0,0,0,0,0
AGIX,AGIX,2024-07-14T00:00:00.000Z,2024-07-14,100468.82628572,61538.76360122407,0,0,100468.82628572,61538.76360122407,0,0,0,0,0,0,0.03,0,0,0,0,0,0
AGIX,AGIX,2024-07-15T00:00:00.000Z,2024-07-15,100220.52474434,61386.67493430358,0,0,100220.52474434,61386.67493430358,0,0,0,0,0,0,0.03,0,0,0,0,0,0
AGIX,AGIX,2024-07-16T00:00:00.000Z,2024-07-16,99947.39304882,61219.37740069103,0,0,99947.39304882,61219.37740069103,0,0,0,0,0,0,0.03,0,0,0,0,0,0
AGIX,AGIX,2024-07-17T00:00:00.000Z,2024-07-17,99947.39304882,61219.37740069103,0,0,99947.39304882,61219.37740069103,0,0,0,0,0,0,0.03,0,0,0,0,0,0
AGIX,AGIX,2024-07-18T00:00:00.000Z,2024-07-18,99370.09728093,60865.7745061235,0,0,99370.09728093,60865.7745061235,0,0,0,0,0,0,0.03,0,0,0,0,0,0
AGIX,AGIX,2024-07-19T00:00:00.000Z,2024-07-19,97926.85786119,59981.76726970465,0,0,97926.85786119,59981.76726970465,0,0,0,0,0,0,0.03,0,0,0,0,0,0
AGIX,AGIX,2024-07-20T00:00:00.000Z,2024-07-20,97926.85786119,59981.76726970465,0,0,97926.85786119,59981.76726970465,0,0,0,0,0,0,0.03,0,0,0,0,0,0
AGIX,AGIX,2024-07-21T00:00:00.000Z,2024-07-21,97849.17320894,59934.18417724913,0,0,97849.17320894,59934.18417724913,0,0,0,0,0,0,0.03,0,0,0,0,0,0
AGIX,AGIX,2024-07-22T00:00:00.000Z,2024-07-22,97764.07457297,59882.05990113992,0,0,97764.07457297,59882.05990113992,0,0,0,0,0,0,0.03,0,0,0,0,0,0
AGIX,AGIX,2024-07-23T00:00:00.000Z,2024-07-23,97677.21722396,59828.85838515108,0,0,97677.21722396,59828.85838515108,0,0,0,0,0,0,0.03,0,0,0,0,0,0
AGIX,AGIX,2024-07-24T00:00:00.000Z,2024-07-24,97677.21722396,59828.85838515108,0,0,97677.21722396,59828.85838515108,0,0,0,0,0,0,0.03,0,0,0,0,0,0
AGIX,AGIX,2024-07-25T00:00:00.000Z,2024-07-25,97677.21722396,59828.85838515108,0,0,97677.21722396,59828.85838515108,0,0,0,0,0,0,0.03,0,0,0,0,0,0
AGIX,AGIX,2024-07-26T00:00:00.000Z,2024-07-26,97677.21722396,59828.85838515108,0,0,97677.21722396,59828.85838515108,0,0,0,0,0,0,0.03,0,0,0,0,0,0
AGIX,AGIX,2024-07-27T00:00:00.000Z,2024-07-27,97677.21722396,59828.85838515108,0,0,97677.21722396,59828.85838515108,0,0,0,0,0,0,0.03,0,0,0,0,0,0
AGIX,AGIX,2024-07-28T00:00:00.000Z,2024-07-28,97677.21722396,59828.85838515108,0,0,97677.21722396,59828.85838515108,0,0,0,0,0,0,0.03,0,0,0,0,0,0
AGIX,AGIX,2024-07-29T00:00:00.000Z,2024-07-29,97677.21722396,59828.85838515108,0,0,97677.21722396,59828.85838515108,0,0,0,0,0,0,0.03,0,0,0,0,0,0
AGIX,AGIX,2024-07-30T00:00:00.000Z,2024-07-30,91388.20364388,55976.7369431348,0,0,91388.20364388,55976.7369431348,0,0,0,0,0,0,0.03,0,0,0,0,0,0
AGIX,AGIX,2024-07-31T00:00:00.000Z,2024-07-31,72065.46782683,44141.25209141773,0,0,72065.46782683,44141.25209141773,0,0,0,0,0,0,0.03,0,0,0,0,0,0
AGIX,AGIX,2024-08-01T00:00:00.000Z,2024-08-01,71989.51864736,44094.73200380636,0,0,71989.51864736,44094.73200380636,0,0,0,0,0,0,0.03,0,0,0,0,0,0
AGIX,AGIX,2024-08-02T00:00:00.000Z,2024-08-02,71989.51864736,44094.73200380636,0,0,71989.51864736,44094.73200380636,0,0,0,0,0,0,0.03,0,0,0,0,0,0
AGIX,AGIX,2024-08-03T00:00:00.000Z,2024-08-03,71989.51864736,44094.73200380636,0,0,71989.51864736,44094.73200380636,0,0,0,0,0,0,0.03,0,0,0,0,0,0
AGIX,AGIX,2024-08-04T00:00:00.000Z,2024-08-04,71989.51864736,44094.73200380636,0,0,71989.51864736,44094.73200380636,0,0,0,0,0,0,0.03,0,0,0,0,0,0
AGIX,AGIX,2024-08-05T00:00:00.000Z,2024-08-05,71798.19783792,43977.54494689316,0,0,71798.19783792,43977.54494689316,0,0,0,0,0,0,0.03,0,0,0,0,0,0
AGIX,AGIX,2024-08-06T00:00:00.000Z,2024-08-06,71766.31103635,43958.01377074096,0,0,71766.31103635,43958.01377074096,0,0,0,0,0,0,0.03,0,0,0,0,0,0
AGIX,AGIX,2024-08-07T00:00:00.000Z,2024-08-07,71766.31103635,43958.01377074096,0,0,71766.31103635,43958.01377074096,0,0,0,0,0,0,0.03,0,0,0,0,0,0
AGIX,AGIX,2024-08-08T00:00:00.000Z,2024-08-08,71467.4320622,43774.94561700904,0,0,71467.4320622,43774.94561700904,0,0,0,0,0,0,0.03,0,0,0,0,0,0
AGIX,AGIX,2024-08-09T00:00:00.000Z,2024-08-09,70197.19642205,42996.90596364838,0,0,70197.19642205,42996.90596364838,0,0,0,0,0,0,0.03,0,0,0,0,0,0
AGIX,AGIX,2024-08-10T00:00:00.000Z,2024-08-10,69996.78540226,42874.15100744865,0,0,69996.78540226,42874.15100744865,0,0,0,0,0,0,0.03,0,0,0,0,0,0
AGIX,AGIX,2024-08-11T00:00:00.000Z,2024-08-11,69896.57989236,42812.77352934878,0,0,69896.57989236,42812.77352934878,0,0,0,0,0,0,0.03,0,0,0,0,0,0
AGIX,AGIX,2024-08-12T00:00:00.000Z,2024-08-12,69896.57989236,42812.77352934878,0,0,69896.57989236,42812.77352934878,0,0,0,0,0,0,0.03,0,0,0,0,0,0
AGIX,AGIX,2024-08-13T00:00:00.000Z,2024-08-13,69896.57989236,42812.77352934878,0,0,69896.57989236,42812.77352934878,0,0,0,0,0,0,0.03,0,0,0,0,0,0
AGIX,AGIX,2024-08-14T00:00:00.000Z,2024-08-14,69896.57989236,42812.77352934878,0,0,69896.57989236,42812.77352934878,0,0,0,0,0,0,0.03,0,0,0,0,0,0
AGIX,AGIX,2024-08-15T00:00:00.000Z,2024-08-15,69896.57989236,42812.77352934878,0,0,69896.57989236,42812.77352934878,0,0,0,0,0,0,0.03,0,0,0,0,0,0
AGIX,AGIX,2024-08-16T00:00:00.000Z,2024-08-16,69896.57989236,42812.77352934878,0,0,69896.57989236,42812.77352934878,0,0,0,0,0,0,0.03,0,0,0,0,0,0
AGIX,AGIX,2024-08-17T00:00:00.000Z,2024-08-17,69896.57989236,42812.77352934878,0,0,69896.57989236,42812.77352934878,0,0,0,0,0,0,0.03,0,0,0,0,0,0
AGIX,AGIX,2024-08-18T00:00:00.000Z,2024-08-18,69896.57989236,42812.77352934878,0,0,69896.57989236,42812.77352934878,0,0,0,0,0,0,0.03,0,0,0,0,0,0
AGIX,AGIX,2024-08-19T00:00:00.000Z,2024-08-19,69896.57989236,42812.77352934878,0,0,69896.57989236,42812.77352934878,0,0,0,0,0,0,0.03,0,0,0,0,0,0
AGIX,AGIX,2024-08-20T00:00:00.000Z,2024-08-20,69896.57989236,42812.77352934878,0,0,69896.57989236,42812.77352934878,0,0,0,0,0,0,0.03,0,0,0,0,0,0
AGIX,AGIX,2024-08-21T00:00:00.000Z,2024-08-21,69896.57989236,42812.77352934878,0,0,69896.57989236,42812.77352934878,0,0,0,0,0,0,0.03,0,0,0,0,0,0
AGIX,AGIX,2024-08-22T00:00:00.000Z,2024-08-22,67057.8315202,41073.99473142683,0,0,67057.8315202,41073.99473142683,0,0,0,0,0,0,0.03,0,0,0,0,0,0
AGIX,AGIX,2024-08-23T00:00:00.000Z,2024-08-23,62354.7773298,38193.29879093978,0,0,62354.7773298,38193.29879093978,0,0,0,0,0,0,0.03,0,0,0,0,0,0
AGIX,AGIX,2024-08-24T00:00:00.000Z,2024-08-24,62339.76264886,38184.10205862913,0,0,62339.76264886,38184.10205862913,0,0,0,0,0,0,0.03,0,0,0,0,0,0
AGIX,AGIX,2024-08-25T00:00:00.000Z,2024-08-25,62339.76264886,38184.10205862913,0,0,62339.76264886,38184.10205862913,0,0,0,0,0,0,0.03,0,0,0,0,0,0
AGIX,AGIX,2024-08-26T00:00:00.000Z,2024-08-26,62339.76264886,38184.10205862913,0,0,62339.76264886,38184.10205862913,0,0,0,0,0,0,0.03,0,0,0,0,0,0
AGIX,AGIX,2024-08-27T00:00:00.000Z,2024-08-27,62339.76264886,38184.10205862913,0,0,62339.76264886,38184.10205862913,0,0,0,0,0,0,0.03,0,0,0,0,0,0
AGIX,AGIX,2024-08-28T00:00:00.000Z,2024-08-28,62339.76264886,38184.10205862913,0,0,62339.76264886,38184.10205862913,0,0,0,0,0,0,0.03,0,0,0,0,0,0
AGIX,AGIX,2024-08-29T00:00:00.000Z,2024-08-29,62339.76264886,38184.10205862913,0,0,62339.76264886,38184.10205862913,0,0,0,0,0,0,0.03,0,0,0,0,0,0
AGIX,AGIX,2024-08-30T00:00:00.000Z,2024-08-30,62289.9354096,38153.58207734859,0,0,62289.9354096,38153.58207734859,0,0,0,0,0,0,0.03,0,0,0,0,0,0
AGIX,AGIX,2024-08-31T00:00:00.000Z,2024-08-31,62190.28093109,38092.54211478752,0,0,62190.28093109,38092.54211478752,0,0,0,0,0,0,0.03,0,0,0,0,0,0
AGIX,AGIX,2024-09-01T00:00:00.000Z,2024-09-01,62190.28093109,38092.54211478752,0,0,62190.28093109,38092.54211478752,0,0,0,0,0,0,0.03,0,0,0,0,0,0
AGIX,AGIX,2024-09-02T00:00:00.000Z,2024-09-02,62190.28093109,38092.54211478752,0,0,62190.28093109,38092.54211478752,0,0,0,0,0,0,0.03,0,0,0,0,0,0
AGIX,AGIX,2024-09-03T00:00:00.000Z,2024-09-03,62135.78554044,38059.16281609106,0,0,62135.78554044,38059.16281609106,0,0,0,0,0,0,0.03,0,0,0,0,0,0
AGIX,AGIX,2024-09-04T00:00:00.000Z,2024-09-04,61961.40029038,37952.34906026239,0,0,61961.40029038,37952.34906026239,0,0,0,0,0,0,0.03,0,0,0,0,0,0
AGIX,AGIX,2024-09-05T00:00:00.000Z,2024-09-05,61811.41465817,37860.48046076488,0,0,61811.41465817,37860.48046076488,0,0,0,0,0,0,0.03,0,0,0,0,0,0
AGIX,AGIX,2024-09-06T00:00:00.000Z,2024-09-06,60461.5439683,37033.66306528724,0,0,60461.5439683,37033.66306528724,0,0,0,0,0,0,0.03,0,0,0,0,0,0
AGIX,AGIX,2024-09-07T00:00:00.000Z,2024-09-07,60402.16044569,36997.289707554,0,0,60402.16044569,36997.289707554,0,0,0,0,0,0,0.03,0,0,0,0,0,0
AGIX,AGIX,2024-09-08T00:00:00.000Z,2024-09-08,60045.85931005,36779.04956115458,0,0,60045.85931005,36779.04956115458,0,0,0,0,0,0,0.03,0,0,0,0,0,0
AGIX,AGIX,2024-09-09T00:00:00.000Z,2024-09-09,60045.85931005,36779.04956115458,0,0,60045.85931005,36779.04956115458,0,0,0,0,0,0,0.03,0,0,0,0,0,0
AGIX,AGIX,2024-09-10T00:00:00.000Z,2024-09-10,60045.85931005,36779.04956115458,0,0,60045.85931005,36779.04956115458,0,0,0,0,0,0,0.03,0,0,0,0,0,0
AGIX,AGIX,2024-09-11T00:00:00.000Z,2024-09-11,60045.85931005,36779.04956115458,0,0,60045.85931005,36779.04956115458,0,0,0,0,0,0,0.03,0,0,0,0,0,0
AGIX,AGIX,2024-09-12T00:00:00.000Z,2024-09-12,60045.85931005,36779.04956115458,0,0,60045.85931005,36779.04956115458,0,0,0,0,0,0,0.03,0,0,0,0,0,0
AGIX,AGIX,2024-09-13T00:00:00.000Z,2024-09-13,60045.85931005,36779.04956115458,0,0,60045.85931005,36779.04956115458,0,0,0,0,0,0,0.03,0,0,0,0,0,0
AGIX,AGIX,2024-09-14T00:00:00.000Z,2024-09-14,60045.85931005,36779.04956115458,0,0,60045.85931005,36779.04956115458,0,0,0,0,0,0,0.03,0,0,0,0,0,0
AGIX,AGIX,2024-09-15T00:00:00.000Z,2024-09-15,59923.99917981,36704.4082816205,0,0,59923.99917981,36704.4082816205,0,0,0,0,0,0,0.03,0,0,0,0,0,0
AGIX,AGIX,2024-09-16T00:00:00.000Z,2024-09-16,59923.99917981,36704.4082816205,0,0,59923.99917981,36704.4082816205,0,0,0,0,0,0,0.03,0,0,0,0,0,0
AGIX,AGIX,2024-09-17T00:00:00.000Z,2024-09-17,58531.12399459,35851.24994466941,0,0,58531.12399459,35851.24994466941,0,0,0,0,0,0,0.03,0,0,0,0,0,0
AGIX,AGIX,2024-09-18T00:00:00.000Z,2024-09-18,54073.92340188,33121.14326642593,0,0,54073.92340188,33121.14326642593,0,0,0,0,0,0,0.03,0,0,0,0,0,0
AGIX,AGIX,2024-09-19T00:00:00.000Z,2024-09-19,53990.85723248,33070.26390860739,0,0,53990.85723248,33070.26390860739,0,0,0,0,0,0,0.03,0,0,0,0,0,0
AGIX,AGIX,2024-09-20T00:00:00.000Z,2024-09-20,53971.31225144,33058.29229500303,0,0,53971.31225144,33058.29229500303,0,0,0,0,0,0,0.03,0,0,0,0,0,0
AGIX,AGIX,2024-09-21T00:00:00.000Z,2024-09-21,53971.31225144,33058.29229500303,0,0,53971.31225144,33058.29229500303,0,0,0,0,0,0,0.03,0,0,0,0,0,0
AGIX,AGIX,2024-09-22T00:00:00.000Z,2024-09-22,53971.31225144,33058.29229500303,0,0,53971.31225144,33058.29229500303,0,0,0,0,0,0,0.03,0,0,0,0,0,0
AGIX,AGIX,2024-09-23T00:00:00.000Z,2024-09-23,53971.31225144,33058.29229500303,0,0,53971.31225144,33058.29229500303,0,0,0,0,0,0,0.03,0,0,0,0,0,0
AGIX,AGIX,2024-09-24T00:00:00.000Z,2024-09-24,53770.93092134,32935.555524215495,0,0,53770.93092134,32935.555524215495,0,0,0,0,0,0,0.03,0,0,0,0,0,0
AGIX,AGIX,2024-09-25T00:00:00.000Z,2024-09-25,53670.74025629,34847.37401409748,0,0,53670.74025629,34847.37401409748,0,0,0,0,0,0,0.03,0,0,0,0,0,0
AGIX,AGIX,2024-09-26T00:00:00.000Z,2024-09-26,53670.74025629,38793.74776464897,0,0,53670.74025629,38793.74776464897,0,0,0,0,0,0,0.03,0,0,0,0,0,0
AGIX,AGIX,2024-09-27T00:00:00.000Z,2024-09-27,53670.74025629,38793.74776464897,0,0,53670.74025629,38793.74776464897,0,0,0,0,0,0,0.03,0,0,0,0,0,0
AGIX,AGIX,2024-09-28T00:00:00.000Z,2024-09-28,53670.74025629,38793.74776464897,0,0,53670.74025629,38793.74776464897,0,0,0,0,0,0,0.03,0,0,0,0,0,0
AGIX,AGIX,2024-09-29T00:00:00.000Z,2024-09-29,53670.74025629,38793.74776464897,0,0,53670.74025629,38793.74776464897,0,0,0,0,0,0,0.03,0,0,0,0,0,0
AGIX,AGIX,2024-09-30T00:00:00.000Z,2024-09-30,53670.74025629,38793.74776464897,0,0,53670.74025629,38793.74776464897,0,0,0,0,0,0,0.03,0,0,0,0,0,0
AGIX,AGIX,2024-10-01T00:00:00.000Z,2024-10-01,53670.74025629,38793.74776464897,0,0,53670.74025629,38793.74776464897,0,0,0,0,0,0,0.03,0,0,0,0,0,0
AGIX,AGIX,2024-10-02T00:00:00.000Z,2024-10-02,53670.74025629,38793.74776464897,0,0,53670.74025629,38793.74776464897,0,0,0,0,0,0,0.03,0,0,0,0,0,0
AGIX,AGIX,2024-10-03T00:00:00.000Z,2024-10-03,53670.74025629,38793.74776464897,0,0,53670.74025629,38793.74776464897,0,0,0,0,0,0,0.03,0,0,0,0,0,0
AGIX,AGIX,2024-10-04T00:00:00.000Z,2024-10-04,53670.74025629,38793.74776464897,0,0,53670.74025629,38793.74776464897,0,0,0,0,0,0,0.03,0,0,0,0,0,0
AGIX,AGIX,2024-10-05T00:00:00.000Z,2024-10-05,53670.74025629,38793.74776464897,0,0,53670.74025629,38793.74776464897,0,0,0,0,0,0,0.03,0,0,0,0,0,0
AGIX,AGIX,2024-10-06T00:00:00.000Z,2024-10-06,53670.74025629,38793.74776464897,0,0,53670.74025629,38793.74776464897,0,0,0,0,0,0,0.03,0,0,0,0,0,0
AGIX,AGIX,2024-10-07T00:00:00.000Z,2024-10-07,53670.74025629,38793.74776464897,0,0,53670.74025629,38793.74776464897,0,0,0,0,0,0,0.03,0,0,0,0,0,0
AGIX,AGIX,2024-10-08T00:00:00.000Z,2024-10-08,53670.74025629,38793.74776464897,0,0,53670.74025629,38793.74776464897,0,0,0,0,0,0,0.03,0,0,0,0,0,0
AGIX,AGIX,2024-10-09T00:00:00.000Z,2024-10-09,53670.74025629,38793.74776464897,0,0,53670.74025629,38793.74776464897,0,0,0,0,0,0,0.03,0,0,0,0,0,0
AGIX,AGIX,2024-10-10T00:00:00.000Z,2024-10-10,53214.6000624,38464.04507110262,0,0,53214.6000624,38464.04507110262,0,0,0,0,0,0,0.03,0,0,0,0,0,0
AGIX,AGIX,2024-10-11T00:00:00.000Z,2024-10-11,52017.22853684,37598.57295871057,0,0,52017.22853684,37598.57295871057,0,0,0,0,0,0,0.03,0,0,0,0,0,0
AGIX,AGIX,2024-10-12T00:00:00.000Z,2024-10-12,51801.0313763,37442.3034891034,0,0,51801.0313763,37442.3034891034,0,0,0,0,0,0,0.03,0,0,0,0,0,0
AGIX,AGIX,2024-10-13T00:00:00.000Z,2024-10-13,51801.0313763,37442.3034891034,0,0,51801.0313763,37442.3034891034,0,0,0,0,0,0,0.03,0,0,0,0,0,0
AGIX,AGIX,2024-10-14T00:00:00.000Z,2024-10-14,51801.0313763,37442.3034891034,0,0,51801.0313763,37442.3034891034,0,0,0,0,0,0,0.03,0,0,0,0,0,0
AGIX,AGIX,2024-10-15T00:00:00.000Z,2024-10-15,51801.0313763,37442.3034891034,0,0,51801.0313763,37442.3034891034,0,0,0,0,0,0,0.03,0,0,0,0,0,0
AGIX,AGIX,2024-10-16T00:00:00.000Z,2024-10-16,51801.0313763,37442.3034891034,0,0,51801.0313763,37442.3034891034,0,0,0,0,0,0,0.03,0,0,0,0,0,0
AGIX,AGIX,2024-10-17T00:00:00.000Z,2024-10-17,51801.0313763,37442.3034891034,0,0,51801.0313763,37442.3034891034,0,0,0,0,0,0,0.03,0,0,0,0,0,0
AGIX,AGIX,2024-10-18T00:00:00.000Z,2024-10-18,51702.221796,37370.88293636332,0,0,51702.221796,37370.88293636332,0,0,0,0,0,0,0.03,0,0,0,0,0,0
AGIX,AGIX,2024-10-19T00:00:00.000Z,2024-10-19,51671.34380215,37348.56401363204,0,0,51671.34380215,37348.56401363204,0,0,0,0,0,0,0.03,0,0,0,0,0,0
AGIX,AGIX,2024-10-20T00:00:00.000Z,2024-10-20,51671.34380215,37348.56401363204,0,0,51671.34380215,37348.56401363204,0,0,0,0,0,0,0.03,0,0,0,0,0,0
AGIX,AGIX,2024-10-21T00:00:00.000Z,2024-10-21,51614.08275285,37307.17515458751,0,0,51614.08275285,37307.17515458751,0,0,0,0,0,0,0.03,0,0,0,0,0,0
AGIX,AGIX,2024-10-22T00:00:00.000Z,2024-10-22,51551.09559862,37261.64740963852,0,0,51551.09559862,37261.64740963852,0,0,0,0,0,0,0.03,0,0,0,0,0,0
AGIX,AGIX,2024-10-23T00:00:00.000Z,2024-10-23,51551.09559862,37261.64740963852,0,0,51551.09559862,37261.64740963852,0,0,0,0,0,0,0.03,0,0,0,0,0,0
AGIX,AGIX,2024-10-24T00:00:00.000Z,2024-10-24,51551.09559862,37261.64740963852,0,0,51551.09559862,37261.64740963852,0,0,0,0,0,0,0.03,0,0,0,0,0,0
AGIX,AGIX,2024-10-25T00:00:00.000Z,2024-10-25,51551.09559862,37261.64740963852,0,0,51551.09559862,37261.64740963852,0,0,0,0,0,0,0.03,0,0,0,0,0,0
AGIX,AGIX,2024-10-26T00:00:00.000Z,2024-10-26,51551.09559862,37261.64740963852,0,0,51551.09559862,37261.64740963852,0,0,0,0,0,0,0.03,0,0,0,0,0,0
AGIX,AGIX,2024-10-27T00:00:00.000Z,2024-10-27,51551.09559862,37261.64740963852,0,0,51551.09559862,37261.64740963852,0,0,0,0,0,0,0.03,0,0,0,0,0,0
AGIX,AGIX,2024-10-28T00:00:00.000Z,2024-10-28,51551.09559862,37261.64740963852,0,0,51551.09559862,37261.64740963852,0,0,0,0,0,0,0.03,0,0,0,0,0,0
AGIX,AGIX,2024-10-29T00:00:00.000Z,2024-10-29,51551.09559862,37261.64740963852,0,0,51551.09559862,37261.64740963852,0,0,0,0,0,0,0.03,0,0,0,0,0,0
AGIX,AGIX,2024-10-30T00:00:00.000Z,2024-10-30,51551.09559862,37261.64740963852,0,0,51551.09559862,37261.64740963852,0,0,0,0,0,0,0.03,0,0,0,0,0,0
AGIX,AGIX,2024-10-31T00:00:00.000Z,2024-10-31,51551.09559862,37261.64740963852,0,0,51551.09559862,37261.64740963852,0,0,0,0,0,0,0.03,0,0,0,0,0,0
AGIX,AGIX,2024-11-01T00:00:00.000Z,2024-11-01,51551.09559862,37261.64740963852,0,0,51551.09559862,37261.64740963852,0,0,0,0,0,0,0.03,0,0,0,0,0,0
AGIX,AGIX,2024-11-02T00:00:00.000Z,2024-11-02,51551.09559862,37261.64740963852,0,0,51551.09559862,37261.64740963852,0,0,0,0,0,0,0.03,0,0,0,0,0,0
AGIX,AGIX,2024-11-03T00:00:00.000Z,2024-11-03,51551.09559862,37261.64740963852,0,0,51551.09559862,37261.64740963852,0,0,0,0,0,0,0.03,0,0,0,0,0,0
AGIX,AGIX,2024-11-04T00:00:00.000Z,2024-11-04,51551.09559862,37261.64740963852,0,0,51551.09559862,37261.64740963852,0,0,0,0,0,0,0.03,0,0,0,0,0,0
AGIX,AGIX,2024-11-05T00:00:00.000Z,2024-11-05,51551.09559862,37261.64740963852,0,0,51551.09559862,37261.64740963852,0,0,0,0,0,0,0.03,0,0,0,0,0,0
AGIX,AGIX,2024-11-06T00:00:00.000Z,2024-11-06,51551.09559862,37261.64740963852,0,0,51551.09559862,37261.64740963852,0,0,0,0,0,0,0.03,0,0,0,0,0,0
AGIX,AGIX,2024-11-07T00:00:00.000Z,2024-11-07,51551.09559862,37261.64740963852,0,0,51551.09559862,37261.64740963852,0,0,0,0,0,0,0.03,0,0,0,0,0,0
AGIX,AGIX,2024-11-08T00:00:00.000Z,2024-11-08,51551.09559862,37261.64740963852,0,0,51551.09559862,37261.64740963852,0,0,0,0,0,0,0.03,0,0,0,0,0,0
AGIX,AGIX,2024-11-09T00:00:00.000Z,2024-11-09,51551.09559862,37261.64740963852,0,0,51551.09559862,37261.64740963852,0,0,0,0,0,0,0.03,0,0,0,0,0,0
AGIX,AGIX,2024-11-10T00:00:00.000Z,2024-11-10,51551.09559862,37261.64740963852,0,0,51551.09559862,37261.64740963852,0,0,0,0,0,0,0.03,0,0,0,0,0,0
AGIX,AGIX,2024-11-11T00:00:00.000Z,2024-11-11,51373.71776404,37133.436937025064,0,0,51373.71776404,37133.436937025064,0,0,0,0,0,0,0.03,0,0,0,0,0,0
AGIX,AGIX,2024-11-12T00:00:00.000Z,2024-11-12,50619.86196707,36588.54242841787,0,0,50619.86196707,36588.54242841787,0,0,0,0,0,0,0.03,0,0,0,0,0,0
AGIX,AGIX,2024-11-13T00:00:00.000Z,2024-11-13,50619.86196707,36588.54242841787,0,0,50619.86196707,36588.54242841787,0,0,0,0,0,0,0.03,0,0,0,0,0,0
AGIX,AGIX,2024-11-14T00:00:00.000Z,2024-11-14,50619.86196707,36588.54242841787,0,0,50619.86196707,36588.54242841787,0,0,0,0,0,0,0.03,0,0,0,0,0,0
AGIX,AGIX,2024-11-15T00:00:00.000Z,2024-11-15,50619.86196707,36588.54242841787,0,0,50619.86196707,36588.54242841787,0,0,0,0,0,0,0.03,0,0,0,0,0,0
AGIX,AGIX,2024-11-16T00:00:00.000Z,2024-11-16,50619.86196707,36588.54242841787,0,0,50619.86196707,36588.54242841787,0,0,0,0,0,0,0.03,0,0,0,0,0,0
AGIX,AGIX,2024-11-17T00:00:00.000Z,2024-11-17,50619.86196707,36588.54242841787,0,0,50619.86196707,36588.54242841787,0,0,0,0,0,0,0.03,0,0,0,0,0,0
AGIX,AGIX,2024-11-18T00:00:00.000Z,2024-11-18,50619.86196707,36588.54242841787,0,0,50619.86196707,36588.54242841787,0,0,0,0,0,0,0.03,0,0,0,0,0,0
AGIX,AGIX,2024-11-19T00:00:00.000Z,2024-11-19,50619.86196707,36588.54242841787,0,0,50619.86196707,36588.54242841787,0,0,0,0,0,0,0.03,0,0,0,0,0,0
AGIX,AGIX,2024-11-20T00:00:00.000Z,2024-11-20,50619.86196707,36588.54242841787,0,0,50619.86196707,36588.54242841787,0,0,0,0,0,0,0.03,0,0,0,0,0,0
AGIX,AGIX,2024-11-21T00:00:00.000Z,2024-11-21,50462.19077226,36474.57611209794,0,0,50462.19077226,36474.57611209794,0,0,0,0,0,0,0.03,0,0,0,0,0,0
AGIX,AGIX,2024-11-22T00:00:00.000Z,2024-11-22,50425.0916676,36447.76050825795,0,0,50425.0916676,36447.76050825795,0,0,0,0,0,0,0.03,0,0,0,0,0,0
AGIX,AGIX,2024-11-23T00:00:00.000Z,2024-11-23,50425.0916676,36447.76050825795,0,0,50425.0916676,36447.76050825795,0,0,0,0,0,0,0.03,0,0,0,0,0,0
AGIX,AGIX,2024-11-24T00:00:00.000Z,2024-11-24,50151.39391261,36249.92903397294,0,0,50151.39391261,36249.92903397294,0,0,0,0,0,0,0.03,0,0,0,0,0,0
AGIX,AGIX,2024-11-25T00:00:00.000Z,2024-11-25,50122.58362261,36229.10466825873,0,0,50122.58362261,36229.10466825873,0,0,0,0,0,0,0.03,0,0,0,0,0,0
AGIX,AGIX,2024-11-26T00:00:00.000Z,2024-11-26,50122.58362261,36229.10466825873,0,0,50122.58362261,36229.10466825873,0,0,0,0,0,0,0.03,0,0,0,0,0,0
AGIX,AGIX,2024-11-27T00:00:00.000Z,2024-11-27,50122.58362261,36229.10466825873,0,0,50122.58362261,36229.10466825873,0,0,0,0,0,0,0.03,0,0,0,0,0,0
AGIX,AGIX,2024-11-28T00:00:00.000Z,2024-11-28,50122.58362261,36229.10466825873,0,0,50122.58362261,36229.10466825873,0,0,0,0,0,0,0.03,0,0,0,0,0,0
AGIX,AGIX,2024-11-29T00:00:00.000Z,2024-11-29,49716.90678451,35935.877392912014,0,0,49716.90678451,35935.877392912014,0,0,0,0,0,0,0.03,0,0,0,0,0,0
AGIX,AGIX,2024-11-30T00:00:00.000Z,2024-11-30,49621.45341084,35866.88273988926,0,0,49621.45341084,35866.88273988926,0,0,0,0,0,0,0.03,0,0,0,0,0,0
AGIX,AGIX,2024-12-01T00:00:00.000Z,2024-12-01,49621.45341084,35866.88273988926,0,0,49621.45341084,35866.88273988926,0,0,0,0,0,0,0.03,0,0,0,0,0,0
AGIX,AGIX,2024-12-02T00:00:00.000Z,2024-12-02,49572.89828303,35831.78660795438,0,0,49572.89828303,35831.78660795438,0,0,0,0,0,0,0.03,0,0,0,0,0,0
AGIX,AGIX,2024-12-03T00:00:00.000Z,2024-12-03,49217.50838586,35574.90723638037,0,0,49217.50838586,35574.90723638037,0,0,0,0,0,0,0.03,0,0,0,0,0,0
AGIX,AGIX,2024-12-04T00:00:00.000Z,2024-12-04,49110.51615533,35497.57218223408,0,0,49110.51615533,35497.57218223408,0,0,0,0,0,0,0.03,0,0,0,0,0,0
AGIX,AGIX,2024-12-05T00:00:00.000Z,2024-12-05,49110.51615533,35497.57218223408,0,0,49110.51615533,35497.57218223408,0,0,0,0,0,0,0.03,0,0,0,0,0,0
AGIX,AGIX,2024-12-06T00:00:00.000Z,2024-12-06,49110.51615533,35497.57218223408,0,0,49110.51615533,35497.57218223408,0,0,0,0,0,0,0.03,0,0,0,0,0,0
AGIX,AGIX,2024-12-07T00:00:00.000Z,2024-12-07,49110.51615533,35497.57218223408,0,0,49110.51615533,35497.57218223408,0,0,0,0,0,0,0.03,0,0,0,0,0,0
AGIX,AGIX,2024-12-08T00:00:00.000Z,2024-12-08,49110.51615533,35497.57218223408,0,0,49110.51615533,35497.57218223408,0,0,0,0,0,0,0.03,0,0,0,0,0,0
AGIX,AGIX,2024-12-09T00:00:00.000Z,2024-12-09,49110.51615533,35497.57218223408,0,0,49110.51615533,35497.57218223408,0,0,0,0,0,0,0.03,0,0,0,0,0,0
AGIX,AGIX,2024-12-10T00:00:00.000Z,2024-12-10,49052.01591673,35455.28762476981,0,0,49052.01591673,35455.28762476981,0,0,0,0,0,0,0.03,0,0,0,0,0,0
AGIX,AGIX,2024-12-11T00:00:00.000Z,2024-12-11,48876.51520092,35328.43395237699,0,0,48876.51520092,35328.43395237699,0,0,0,0,0,0,0.03,0,0,0,0,0,0
AGIX,AGIX,2024-12-12T00:00:00.000Z,2024-12-12,48876.51520092,35328.43395237699,0,0,48876.51520092,35328.43395237699,0,0,0,0,0,0,0.03,0,0,0,0,0,0
AGIX,AGIX,2024-12-13T00:00:00.000Z,2024-12-13,48876.51520092,35328.43395237699,0,0,48876.51520092,35328.43395237699,0,0,0,0,0,0,0.03,0,0,0,0,0,0
AGIX,AGIX,2024-12-14T00:00:00.000Z,2024-12-14,48876.51520092,35328.43395237699,0,0,48876.51520092,35328.43395237699,0,0,0,0,0,0,0.03,0,0,0,0,0,0
AGIX,AGIX,2024-12-15T00:00:00.000Z,2024-12-15,48876.51520092,35328.43395237699,0,0,48876.51520092,35328.43395237699,0,0,0,0,0,0,0.03,0,0,0,0,0,0
AGIX,AGIX,2024-12-16T00:00:00.000Z,2024-12-16,48876.51520092,35328.43395237699,0,0,48876.51520092,35328.43395237699,0,0,0,0,0,0,0.03,0,0,0,0,0,0
AGIX,AGIX,2024-12-17T00:00:00.000Z,2024-12-17,48876.51520092,35328.43395237699,0,0,48876.51520092,35328.43395237699,0,0,0,0,0,0,0.03,0,0,0,0,0,0
AGIX,AGIX,2024-12-18T00:00:00.000Z,2024-12-18,48876.51520092,35328.43395237699,0,0,48876.51520092,35328.43395237699,0,0,0,0,0,0,0.03,0,0,0,0,0,0
AGIX,AGIX,2024-12-19T00:00:00.000Z,2024-12-19,48876.51520092,35328.43395237699,0,0,48876.51520092,35328.43395237699,0,0,0,0,0,0,0.03,0,0,0,0,0,0
AGIX,AGIX,2024-12-20T00:00:00.000Z,2024-12-20,48876.51520092,35328.43395237699,0,0,48876.51520092,35328.43395237699,0,0,0,0,0,0,0.03,0,0,0,0,0,0
AGIX,AGIX,2024-12-21T00:00:00.000Z,2024-12-21,48871.57179297,35324.86080767906,0,0,48871.57179297,35324.86080767906,0,0,0,0,0,0,0.03,0,0,0,0,0,0
AGIX,AGIX,2024-12-22T00:00:00.000Z,2024-12-22,48772.70363404,35253.39791372045,0,0,48772.70363404,35253.39791372045,0,0,0,0,0,0,0.03,0,0,0,0,0,0
AGIX,AGIX,2024-12-23T00:00:00.000Z,2024-12-23,48772.70363404,35253.39791372045,0,0,48772.70363404,35253.39791372045,0,0,0,0,0,0,0.03,0,0,0,0,0,0
AGIX,AGIX,2024-12-24T00:00:00.000Z,2024-12-24,48772.70363404,35253.39791372045,0,0,48772.70363404,35253.39791372045,0,0,0,0,0,0,0.03,0,0,0,0,0,0
AGIX,AGIX,2024-12-25T00:00:00.000Z,2024-12-25,48772.70363404,35253.39791372045,0,0,48772.70363404,35253.39791372045,0,0,0,0,0,0,0.03,0,0,0,0,0,0
AGIX,AGIX,2024-12-26T00:00:00.000Z,2024-12-26,48772.70363404,35253.39791372045,0,0,48772.70363404,35253.39791372045,0,0,0,0,0,0,0.03,0,0,0,0,0,0
AGIX,AGIX,2024-12-27T00:00:00.000Z,2024-12-27,48772.70363404,35253.39791372045,0,0,48772.70363404,35253.39791372045,0,0,0,0,0,0,0.03,0,0,0,0,0,0
AGIX,AGIX,2024-12-28T00:00:00.000Z,2024-12-28,48772.70363404,35253.39791372045,0,0,48772.70363404,35253.39791372045,0,0,0,0,0,0,0.03,0,0,0,0,0,0
AGIX,AGIX,2024-12-29T00:00:00.000Z,2024-12-29,48772.70363404,35253.39791372045,0,0,48772.70363404,35253.39791372045,0,0,0,0,0,0,0.03,0,0,0,0,0,0
AGIX,AGIX,2024-12-30T00:00:00.000Z,2024-12-30,48772.70363404,35253.39791372045,0,0,48772.70363404,35253.39791372045,0,0,0,0,0,0,0.03,0,0,0,0,0,0
AGIX,AGIX,2024-12-31T00:00:00.000Z,2024-12-31,48772.70363404,35253.39791372045,0,0,48772.70363404,35253.39791372045,0,0,0,0,0,0,0.03,0,0,0,0,0,0
AGIX,AGIX,2025-01-01T00:00:00.000Z,2025-01-01,48772.70363404,35253.39791372045,0,0,48772.70363404,35253.39791372045,0,0,0,0,0,0,0.03,0,0,0,0,0,0
AGIX,AGIX,2025-01-02T00:00:00.000Z,2025-01-02,48772.70363404,35253.39791372045,0,0,48772.70363404,35253.39791372045,0,0,0,0,0,0,0.03,0,0,0,0,0,0
AGIX,AGIX,2025-01-03T00:00:00.000Z,2025-01-03,48772.70363404,35253.39791372045,0,0,48772.70363404,35253.39791372045,0,0,0,0,0,0,0.03,0,0,0,0,0,0
AGIX,AGIX,2025-01-04T00:00:00.000Z,2025-01-04,48772.70363404,35253.39791372045,0,0,48772.70363404,35253.39791372045,0,0,0,0,0,0,0.03,0,0,0,0,0,0
AGIX,AGIX,2025-01-05T00:00:00.000Z,2025-01-05,48772.70363404,35253.39791372045,0,0,48772.70363404,35253.39791372045,0,0,0,0,0,0,0.03,0,0,0,0,0,0
AGIX,AGIX,2025-01-06T00:00:00.000Z,2025-01-06,48772.70363404,35253.39791372045,0,0,48772.70363404,35253.39791372045,0,0,0,0,0,0,0.03,0,0,0,0,0,0
AGIX,AGIX,2025-01-07T00:00:00.000Z,2025-01-07,48772.70363404,35253.39791372045,0,0,48772.70363404,35253.39791372045,0,0,0,0,0,0,0.03,0,0,0,0,0,0
AGIX,AGIX,2025-01-08T00:00:00.000Z,2025-01-08,48772.70363404,35253.39791372045,0,0,48772.70363404,35253.39791372045,0,0,0,0,0,0,0.03,0,0,0,0,0,0
AGIX,AGIX,2025-01-09T00:00:00.000Z,2025-01-09,48772.70363404,35253.39791372045,0,0,48772.70363404,35253.39791372045,0,0,0,0,0,0,0.03,0,0,0,0,0,0
AGIX,AGIX,2025-01-10T00:00:00.000Z,2025-01-10,48772.70363404,35253.39791372045,0,0,48772.70363404,35253.39791372045,0,0,0,0,0,0,0.03,0,0,0,0,0,0
AGIX,AGIX,2025-01-11T00:00:00.000Z,2025-01-11,48772.70363404,35253.39791372045,0,0,48772.70363404,35253.39791372045,0,0,0,0,0,0,0.03,0,0,0,0,0,0
AGIX,AGIX,2025-01-12T00:00:00.000Z,2025-01-12,48772.70363404,35253.39791372045,0,0,48772.70363404,35253.39791372045,0,0,0,0,0,0,0.03,0,0,0,0,0,0
AGIX,AGIX,2025-01-13T00:00:00.000Z,2025-01-13,48772.70363404,35253.39791372045,0,0,48772.70363404,35253.39791372045,0,0,0,0,0,0,0.03,0,0,0,0,0,0
AGIX,AGIX,2025-01-14T00:00:00.000Z,2025-01-14,48772.70363404,35253.39791372045,0,0,48772.70363404,35253.39791372045,0,0,0,0,0,0,0.03,0,0,0,0,0,0
AGIX,AGIX,2025-01-15T00:00:00.000Z,2025-01-15,48772.70363404,35253.39791372045,0,0,48772.70363404,35253.39791372045,0,0,0,0,0,0,0.03,0,0,0,0,0,0
AGIX,AGIX,2025-01-16T00:00:00.000Z,2025-01-16,48772.70363404,35253.39791372045,0,0,48772.70363404,35253.39791372045,0,0,0,0,0,0,0.03,0,0,0,0,0,0
AGIX,AGIX,2025-01-17T00:00:00.000Z,2025-01-17,48772.70363404,35253.39791372045,0,0,48772.70363404,35253.39791372045,0,0,0,0,0,0,0.03,0,0,0,0,0,0
AGIX,AGIX,2025-01-18T00:00:00.000Z,2025-01-18,48772.70363404,35253.39791372045,0,0,48772.70363404,35253.39791372045,0,0,0,0,0,0,0.03,0,0,0,0,0,0
AGIX,AGIX,2025-01-19T00:00:00.000Z,2025-01-19,48772.70363404,35253.39791372045,0,0,48772.70363404,35253.39791372045,0,0,0,0,0,0,0.03,0,0,0,0,0,0
AGIX,AGIX,2025-01-20T00:00:00.000Z,2025-01-20,48772.70363404,35253.39791372045,0,0,48772.70363404,35253.39791372045,0,0,0,0,0,0,0.03,0,0,0,0,0,0
AGIX,AGIX,2025-01-21T00:00:00.000Z,2025-01-21,48772.70363404,35253.39791372045,0,0,48772.70363404,35253.39791372045,0,0,0,0,0,0,0.03,0,0,0,0,0,0
AGIX,AGIX,2025-01-22T00:00:00.000Z,2025-01-22,48772.70363404,35253.39791372045,0,0,48772.70363404,35253.39791372045,0,0,0,0,0,0,0.03,0,0,0,0,0,0
AGIX,AGIX,2025-01-23T00:00:00.000Z,2025-01-23,48772.70363404,35253.39791372045,0,0,48772.70363404,35253.39791372045,0,0,0,0,0,0,0.03,0,0,0,0,0,0
AGIX,AGIX,2025-01-24T00:00:00.000Z,2025-01-24,48772.70363404,35253.39791372045,0,0,48772.70363404,35253.39791372045,0,0,0,0,0,0,0.03,0,0,0,0,0,0
AGIX,AGIX,2025-01-25T00:00:00.000Z,2025-01-25,48772.70363404,35253.39791372045,0,0,48772.70363404,35253.39791372045,0,0,0,0,0,0,0.03,0,0,0,0,0,0
AGIX,AGIX,2025-01-26T00:00:00.000Z,2025-01-26,48772.70363404,35253.39791372045,0,0,48772.70363404,35253.39791372045,0,0,0,0,0,0,0.03,0,0,0,0,0,0
AGIX,AGIX,2025-01-27T00:00:00.000Z,2025-01-27,48772.70363404,35253.39791372045,0,0,48772.70363404,35253.39791372045,0,0,0,0,0,0,0.03,0,0,0,0,0,0
AGIX,AGIX,2025-01-28T00:00:00.000Z,2025-01-28,48772.70363404,35253.39791372045,0,0,48772.70363404,35253.39791372045,0,0,0,0,0,0,0.03,0,0,0,0,0,0
AGIX,AGIX,2025-01-29T00:00:00.000Z,2025-01-29,48772.70363404,35253.39791372045,0,0,48772.70363404,35253.39791372045,0,0,0,0,0,0,0.03,0,0,0,0,0,0
AGIX,AGIX,2025-01-30T00:00:00.000Z,2025-01-30,48772.70363404,35253.39791372045,0,0,48772.70363404,35253.39791372045,0,0,0,0,0,0,0.03,0,0,0,0,0,0
AGIX,AGIX,2025-01-31T00:00:00.000Z,2025-01-31,48772.70363404,35253.39791372045,0,0,48772.70363404,35253.39791372045,0,0,0,0,0,0,0.03,0,0,0,0,0,0
AGIX,AGIX,2025-02-01T00:00:00.000Z,2025-02-01,48772.70363404,35253.39791372045,0,0,48772.70363404,35253.39791372045,0,0,0,0,0,0,0.03,0,0,0,0,0,0
AGIX,AGIX,2025-02-02T00:00:00.000Z,2025-02-02,48772.70363404,35253.39791372045,0,0,48772.70363404,35253.39791372045,0,0,0,0,0,0,0.03,0,0,0,0,0,0
AGIX,AGIX,2025-02-03T00:00:00.000Z,2025-02-03,48772.70363404,35253.39791372045,0,0,48772.70363404,35253.39791372045,0,0,0,0,0,0,0.03,0,0,0,0,0,0
AGIX,AGIX,2025-02-04T00:00:00.000Z,2025-02-04,48772.70363404,35253.39791372045,0,0,48772.70363404,35253.39791372045,0,0,0,0,0,0,0.03,0,0,0,0,0,0
AGIX,AGIX,2025-02-05T00:00:00.000Z,2025-02-05,48772.70363404,35253.39791372045,0,0,48772.70363404,35253.39791372045,0,0,0,0,0,0,0.03,0,0,0,0,0,0
AGIX,AGIX,2025-02-06T00:00:00.000Z,2025-02-06,48772.70363404,35253.39791372045,0,0,48772.70363404,35253.39791372045,0,0,0,0,0,0,0.03,0,0,0,0,0,0
AGIX,AGIX,2025-02-07T00:00:00.000Z,2025-02-07,48772.70363404,35253.39791372045,0,0,48772.70363404,35253.39791372045,0,0,0,0,0,0,0.03,0,0,0,0,0,0
AGIX,AGIX,2025-02-08T00:00:00.000Z,2025-02-08,48772.70363404,35253.39791372045,0,0,48772.70363404,35253.39791372045,0,0,0,0,0,0,0.03,0,0,0,0,0,0
AGIX,AGIX,2025-02-09T00:00:00.000Z,2025-02-09,48772.70363404,35253.39791372045,0,0,48772.70363404,35253.39791372045,0,0,0,0,0,0,0.03,0,0,0,0,0,0
AGIX,AGIX,2025-02-10T00:00:00.000Z,2025-02-10,48772.70363404,35253.39791372045,0,0,48772.70363404,35253.39791372045,0,0,0,0,0,0,0.03,0,0,0,0,0,0
AGIX,AGIX,2025-02-11T00:00:00.000Z,2025-02-11,48524.58158127,35074.052812755355,0,0,48524.58158127,35074.052812755355,0,0,0,0,0,0,0.03,0,0,0,0,0,0
AGIX,AGIX,2025-02-12T00:00:00.000Z,2025-02-12,48028.33747572,34715.36261082517,0,0,48028.33747572,34715.36261082517,0,0,0,0,0,0,0.03,0,0,0,0,0,0
AGIX,AGIX,2025-02-13T00:00:00.000Z,2025-02-13,48028.33747572,34715.36261082517,0,0,48028.33747572,34715.36261082517,0,0,0,0,0,0,0.03,0,0,0,0,0,0
AGIX,AGIX,2025-02-14T00:00:00.000Z,2025-02-14,48028.33747572,34715.36261082517,0,0,48028.33747572,34715.36261082517,0,0,0,0,0,0,0.03,0,0,0,0,0,0
AGIX,AGIX,2025-02-15T00:00:00.000Z,2025-02-15,48028.33747572,34715.36261082517,0,0,48028.33747572,34715.36261082517,0,0,0,0,0,0,0.03,0,0,0,0,0,0
AGIX,AGIX,2025-02-16T00:00:00.000Z,2025-02-16,48028.33747572,34715.36261082517,0,0,48028.33747572,34715.36261082517,0,0,0,0,0,0,0.03,0,0,0,0,0,0
AGIX,AGIX,2025-02-17T00:00:00.000Z,2025-02-17,48028.33747572,34715.36261082517,0,0,48028.33747572,34715.36261082517,0,0,0,0,0,0,0.03,0,0,0,0,0,0
AGIX,AGIX,2025-02-18T00:00:00.000Z,2025-02-18,48028.33747572,34715.36261082517,0,0,48028.33747572,34715.36261082517,0,0,0,0,0,0,0.03,0,0,0,0,0,0
AGIX,AGIX,2025-02-19T00:00:00.000Z,2025-02-19,48028.33747572,34715.36261082517,0,0,48028.33747572,34715.36261082517,0,0,0,0,0,0,0.03,0,0,0,0,0,0
AGIX,AGIX,2025-02-20T00:00:00.000Z,2025-02-20,48028.33747572,34715.36261082517,0,0,48028.33747572,34715.36261082517,0,0,0,0,0,0,0.03,0,0,0,0,0,0
AGIX,AGIX,2025-02-21T00:00:00.000Z,2025-02-21,48028.33747572,34715.36261082517,0,0,48028.33747572,34715.36261082517,0,0,0,0,0,0,0.03,0,0,0,0,0,0
AGIX,AGIX,2025-02-22T00:00:00.000Z,2025-02-22,48028.33747572,34715.36261082517,0,0,48028.33747572,34715.36261082517,0,0,0,0,0,0,0.03,0,0,0,0,0,0
AGIX,AGIX,2025-02-23T00:00:00.000Z,2025-02-23,48028.33747572,34715.36261082517,0,0,48028.33747572,34715.36261082517,0,0,0,0,0,0,0.03,0,0,0,0,0,0
AGIX,AGIX,2025-02-24T00:00:00.000Z,2025-02-24,48028.33747572,34715.36261082517,0,0,48028.33747572,34715.36261082517,0,0,0,0,0,0,0.03,0,0,0,0,0,0
AGIX,AGIX,2025-02-25T00:00:00.000Z,2025-02-25,48028.33747572,25128.10306757187,0,0,48028.33747572,25128.10306757187,0,0,0,0,0,0,0.03,0,0,0,0,0,0
AGIX,AGIX,2025-02-26T00:00:00.000Z,2025-02-26,48028.33747572,13851.557780156483,0,0,48028.33747572,13851.557780156483,0,0,0,0,0,0,0.03,0,0,0,0,0,0
AGIX,AGIX,2025-02-27T00:00:00.000Z,2025-02-27,48028.33747572,13677.55797467302,0,0,48028.33747572,13677.55797467302,0,0,0,0,0,0,0.03,0,0,0,0,0,0
AGIX,AGIX,2025-02-28T00:00:00.000Z,2025-02-28,48028.33747572,13677.55797467302,0,0,48028.33747572,13677.55797467302,0,0,0,0,0,0,0.03,0,0,0,0,0,0
AGIX,AGIX,2025-03-01T00:00:00.000Z,2025-03-01,48028.33747572,13677.55797467302,0,0,48028.33747572,13677.55797467302,0,0,0,0,0,0,0.03,0,0,0,0,0,0
AGIX,AGIX,2025-03-02T00:00:00.000Z,2025-03-02,48028.33747572,13677.55797467302,0,0,48028.33747572,13677.55797467302,0,0,0,0,0,0,0.03,0,0,0,0,0,0
AGIX,AGIX,2025-03-03T00:00:00.000Z,2025-03-03,48028.33747572,13677.55797467302,0,0,48028.33747572,13677.55797467302,0,0,0,0,0,0,0.03,0,0,0,0,0,0
AGIX,AGIX,2025-03-04T00:00:00.000Z,2025-03-04,48028.33747572,13677.55797467302,0,0,48028.33747572,13677.55797467302,0,0,0,0,0,0,0.03,0,0,0,0,0,0
AGIX,AGIX,2025-03-05T00:00:00.000Z,2025-03-05,48028.33747572,13677.55797467302,0,0,48028.33747572,13677.55797467302,0,0,0,0,0,0,0.03,0,0,0,0,0,0
AGIX,AGIX,2025-03-06T00:00:00.000Z,2025-03-06,48028.33747572,13677.55797467302,0,0,48028.33747572,13677.55797467302,0,0,0,0,0,0,0.03,0,0,0,0,0,0
AGIX,AGIX,2025-03-07T00:00:00.000Z,2025-03-07,48028.33747572,13677.55797467302,0,0,48028.33747572,13677.55797467302,0,0,0,0,0,0,0.03,0,0,0,0,0,0
AGIX,AGIX,2025-03-08T00:00:00.000Z,2025-03-08,48028.33747572,13677.55797467302,0,0,48028.33747572,13677.55797467302,0,0,0,0,0,0,0.03,0,0,0,0,0,0
AGIX,AGIX,2025-03-09T00:00:00.000Z,2025-03-09,48028.33747572,13677.55797467302,0,0,48028.33747572,13677.55797467302,0,0,0,0,0,0,0.03,0,0,0,0,0,0
AGIX,AGIX,2025-03-10T00:00:00.000Z,2025-03-10,48028.33747572,13677.55797467302,0,0,48028.33747572,13677.55797467302,0,0,0,0,0,0,0.03,0,0,0,0,0,0
AGIX,AGIX,2025-03-11T00:00:00.000Z,2025-03-11,48028.33747572,13677.55797467302,0,0,48028.33747572,13677.55797467302,0,0,0,0,0,0,0.03,0,0,0,0,0,0
AGIX,AGIX,2025-03-12T00:00:00.000Z,2025-03-12,48028.33747572,13677.55797467302,0,0,48028.33747572,13677.55797467302,0,0,0,0,0,0,0.03,0,0,0,0,0,0
AGIX,AGIX,2025-03-13T00:00:00.000Z,2025-03-13,48028.33747572,13677.55797467302,0,0,48028.33747572,13677.55797467302,0,0,0,0,0,0,0.03,0,0,0,0,0,0
AGIX,AGIX,2025-03-14T00:00:00.000Z,2025-03-14,48028.33747572,13677.55797467302,0,0,48028.33747572,13677.55797467302,0,0,0,0,0,0,0.03,0,0,0,0,0,0
AGIX,AGIX,2025-03-15T00:00:00.000Z,2025-03-15,48028.33747572,13677.55797467302,0,0,48028.33747572,13677.55797467302,0,0,0,0,0,0,0.03,0,0,0,0,0,0
AGIX,AGIX,2025-03-16T00:00:00.000Z,2025-03-16,48028.33747572,13677.55797467302,0,0,48028.33747572,13677.55797467302,0,0,0,0,0,0,0.03,0,0,0,0,0,0
AGIX,AGIX,2025-03-17T00:00:00.000Z,2025-03-17,48028.33747572,13677.55797467302,0,0,48028.33747572,13677.55797467302,0,0,0,0,0,0,0.03,0,0,0,0,0,0
AGIX,AGIX,2025-03-18T00:00:00.000Z,2025-03-18,48028.33747572,13677.55797467302,0,0,48028.33747572,13677.55797467302,0,0,0,0,0,0,0.03,0,0,0,0,0,0
AGIX,AGIX,2025-03-19T00:00:00.000Z,2025-03-19,48028.33747572,13677.55797467302,0,0,48028.33747572,13677.55797467302,0,0,0,0,0,0,0.03,0,0,0,0,0,0
AGIX,AGIX,2025-03-20T00:00:00.000Z,2025-03-20,48028.33747572,13677.55797467302,0,0,48028.33747572,13677.55797467302,0,0,0,0,0,0,0.03,0,0,0,0,0,0
AGIX,AGIX,2025-03-21T00:00:00.000Z,2025-03-21,48028.33747572,13677.55797467302,0,0,48028.33747572,13677.55797467302,0,0,0,0,0,0,0.03,0,0,0,0,0,0
AGIX,AGIX,2025-03-22T00:00:00.000Z,2025-03-22,48028.33747572,13677.55797467302,0,0,48028.33747572,13677.55797467302,0,0,0,0,0,0,0.03,0,0,0,0,0,0
AGIX,AGIX,2025-03-23T00:00:00.000Z,2025-03-23,48028.33747572,13677.55797467302,0,0,48028.33747572,13677.55797467302,0,0,0,0,0,0,0.03,0,0,0,0,0,0
AGIX,AGIX,2025-03-24T00:00:00.000Z,2025-03-24,48028.33747572,13677.55797467302,0,0,48028.33747572,13677.55797467302,0,0,0,0,0,0,0.03,0,0,0,0,0,0
AGIX,AGIX,2025-03-25T00:00:00.000Z,2025-03-25,48028.33747572,13677.55797467302,0,0,48028.33747572,13677.55797467302,0,0,0,0,0,0,0.03,0,0,0,0,0,0
AGIX,AGIX,2025-03-26T00:00:00.000Z,2025-03-26,48028.33747572,13677.55797467302,0,0,48028.33747572,13677.55797467302,0,0,0,0,0,0,0.03,0,0,0,0,0,0
AGIX,AGIX,2025-03-27T00:00:00.000Z,2025-03-27,48028.33747572,13677.55797467302,0,0,48028.33747572,13677.55797467302,0,0,0,0,0,0,0.03,0,0,0,0,0,0
AGIX,AGIX,2025-03-28T00:00:00.000Z,2025-03-28,48028.33747572,13677.55797467302,0,0,48028.33747572,13677.55797467302,0,0,0,0,0,0,0.03,0,0,0,0,0,0
AGIX,AGIX,2025-03-29T00:00:00.000Z,2025-03-29,48028.33747572,13677.55797467302,0,0,48028.33747572,13677.55797467302,0,0,0,0,0,0,0.03,0,0,0,0,0,0
AGIX,AGIX,2025-03-30T00:00:00.000Z,2025-03-30,48028.33747572,13677.55797467302,0,0,48028.33747572,13677.55797467302,0,0,0,0,0,0,0.03,0,0,0,0,0,0
AGIX,AGIX,2025-03-31T00:00:00.000Z,2025-03-31,48028.33747572,13677.55797467302,0,0,48028.33747572,13677.55797467302,0,0,0,0,0,0,0.03,0,0,0,0,0,0
AGIX,AGIX,2025-04-01T00:00:00.000Z,2025-04-01,48028.33747572,13677.55797467302,0,0,48028.33747572,13677.55797467302,0,0,0,0,0,0,0.03,0,0,0,0,0,0
AGIX,AGIX,2025-04-02T00:00:00.000Z,2025-04-02,48028.33747572,13677.55797467302,0,0,48028.33747572,13677.55797467302,0,0,0,0,0,0,0.03,0,0,0,0,0,0
AGIX,AGIX,2025-04-03T00:00:00.000Z,2025-04-03,48028.33747572,13677.55797467302,0,0,48028.33747572,13677.55797467302,0,0,0,0,0,0,0.03,0,0,0,0,0,0
AGIX,AGIX,2025-04-04T00:00:00.000Z,2025-04-04,48028.33747572,13677.55797467302,0,0,48028.33747572,13677.55797467302,0,0,0,0,0,0,0.03,0,0,0,0,0,0
AGIX,AGIX,2025-04-05T00:00:00.000Z,2025-04-05,48028.33747572,13677.55797467302,0,0,48028.33747572,13677.55797467302,0,0,0,0,0,0,0.03,0,0,0,0,0,0
AGIX,AGIX,2025-04-06T00:00:00.000Z,2025-04-06,48028.33747572,13677.55797467302,0,0,48028.33747572,13677.55797467302,0,0,0,0,0,0,0.03,0,0,0,0,0,0
AGIX,AGIX,2025-04-07T00:00:00.000Z,2025-04-07,48028.33747572,13677.55797467302,0,0,48028.33747572,13677.55797467302,0,0,0,0,0,0,0.03,0,0,0,0,0,0
AGIX,AGIX,2025-04-08T00:00:00.000Z,2025-04-08,48028.33747572,13677.55797467302,0,0,48028.33747572,13677.55797467302,0,0,0,0,0,0,0.03,0,0,0,0,0,0
AGIX,AGIX,2025-04-09T00:00:00.000Z,2025-04-09,48028.33747572,13677.55797467302,0,0,48028.33747572,13677.55797467302,0,0,0,0,0,0,0.03,0,0,0,0,0,0
AGIX,AGIX,2025-04-10T00:00:00.000Z,2025-04-10,48028.33747572,13677.55797467302,0,0,48028.33747572,13677.55797467302,0,0,0,0,0,0,0.03,0,0,0,0,0,0
AGIX,AGIX,2025-04-11T00:00:00.000Z,2025-04-11,48028.33747572,13677.55797467302,0,0,48028.33747572,13677.55797467302,0,0,0,0,0,0,0.03,0,0,0,0,0,0
AGIX,AGIX,2025-04-12T00:00:00.000Z,2025-04-12,48028.33747572,13677.55797467302,0,0,48028.33747572,13677.55797467302,0,0,0,0,0,0,0.03,0,0,0,0,0,0
AGIX,AGIX,2025-04-13T00:00:00.000Z,2025-04-13,48028.33747572,13677.55797467302,0,0,48028.33747572,13677.55797467302,0,0,0,0,0,0,0.03,0,0,0,0,0,0
AGIX,AGIX,2025-04-14T00:00:00.000Z,2025-04-14,48028.33747572,13677.55797467302,0,0,48028.33747572,13677.55797467302,0,0,0,0,0,0,0.03,0,0,0,0,0,0
AGIX,AGIX,2025-04-15T00:00:00.000Z,2025-04-15,48028.33747572,13677.55797467302,0,0,48028.33747572,13677.55797467302,0,0,0,0,0,0,0.03,0,0,0,0,0,0
AGIX,AGIX,2025-04-16T00:00:00.000Z,2025-04-16,48028.33747572,13677.55797467302,0,0,48028.33747572,13677.55797467302,0,0,0,0,0,0,0.03,0,0,0,0,0,0
AGIX,AGIX,2025-04-17T00:00:00.000Z,2025-04-17,48028.33747572,13677.55797467302,0,0,48028.33747572,13677.55797467302,0,0,0,0,0,0,0.03,0,0,0,0,0,0
AGIX,AGIX,2025-04-18T00:00:00.000Z,2025-04-18,48028.33747572,13677.55797467302,0,0,48028.33747572,13677.55797467302,0,0,0,0,0,0,0.03,0,0,0,0,0,0
AGIX,AGIX,2025-04-19T00:00:00.000Z,2025-04-19,48028.33747572,13677.55797467302,0,0,48028.33747572,13677.55797467302,0,0,0,0,0,0,0.03,0,0,0,0,0,0
AGIX,AGIX,2025-04-20T00:00:00.000Z,2025-04-20,48028.33747572,13677.55797467302,0,0,48028.33747572,13677.55797467302,0,0,0,0,0,0,0.03,0,0,0,0,0,0
AGIX,AGIX,2025-04-21T00:00:00.000Z,2025-04-21,48028.33747572,13677.55797467302,0,0,48028.33747572,13677.55797467302,0,0,0,0,0,0,0.03,0,0,0,0,0,0
AGIX,AGIX,2025-04-22T00:00:00.000Z,2025-04-22,48028.33747572,13677.55797467302,0,0,48028.33747572,13677.55797467302,0,0,0,0,0,0,0.03,0,0,0,0,0,0
AGIX,AGIX,2025-04-23T00:00:00.000Z,2025-04-23,48028.33747572,13677.55797467302,0,0,48028.33747572,13677.55797467302,0,0,0,0,0,0,0.03,0,0,0,0,0,0
AGIX,AGIX,2025-04-24T00:00:00.000Z,2025-04-24,48028.33747572,13677.55797467302,0,0,48028.33747572,13677.55797467302,0,0,0,0,0,0,0.03,0,0,0,0,0,0
AGIX,AGIX,2025-04-25T00:00:00.000Z,2025-04-25,48028.33747572,13677.55797467302,0,0,48028.33747572,13677.55797467302,0,0,0,0,0,0,0.03,0,0,0,0,0,0
AGIX,AGIX,2025-04-26T00:00:00.000Z,2025-04-26,48028.33747572,13677.55797467302,0,0,48028.33747572,13677.55797467302,0,0,0,0,0,0,0.03,0,0,0,0,0,0
AGIX,AGIX,2025-04-27T00:00:00.000Z,2025-04-27,48028.33747572,13677.55797467302,0,0,48028.33747572,13677.55797467302,0,0,0,0,0,0,0.03,0,0,0,0,0,0
AGIX,AGIX,2025-04-28T00:00:00.000Z,2025-04-28,45688.14277345,13011.11498716586,0,0,45688.14277345,13011.11498716586,0,0,0,0,0,0,0.03,0,0,0,0,0,0
AGIX,AGIX,2025-04-29T00:00:00.000Z,2025-04-29,45688.14277345,13011.11498716586,0,0,45688.14277345,13011.11498716586,0,0,0,0,0,0,0.03,0,0,0,0,0,0
AGIX,AGIX,2025-04-30T00:00:00.000Z,2025-04-30,45688.14277345,13011.11498716586,0,0,45688.14277345,13011.11498716586,0,0,0,0,0,0,0.03,0,0,0,0,0,0
AGIX,AGIX,2025-05-01T00:00:00.000Z,2025-05-01,45688.14277345,13011.11498716586,0,0,45688.14277345,13011.11498716586,0,0,0,0,0,0,0.03,0,0,0,0,0,0
AGIX,AGIX,2025-05-02T00:00:00.000Z,2025-05-02,45688.14277345,13011.11498716586,0,0,45688.14277345,13011.11498716586,0,0,0,0,0,0,0.03,0,0,0,0,0,0
AGIX,AGIX,2025-05-03T00:00:00.000Z,2025-05-03,45688.14277345,13011.11498716586,0,0,45688.14277345,13011.11498716586,0,0,0,0,0,0,0.03,0,0,0,0,0,0
AGIX,AGIX,2025-05-04T00:00:00.000Z,2025-05-04,45688.14277345,13011.11498716586,0,0,45688.14277345,13011.11498716586,0,0,0,0,0,0,0.03,0,0,0,0,0,0
AGIX,AGIX,2025-05-05T00:00:00.000Z,2025-05-05,45688.14277345,13011.11498716586,0,0,45688.14277345,13011.11498716586,0,0,0,0,0,0,0.03,0,0,0,0,0,0
AGIX,AGIX,2025-05-06T00:00:00.000Z,2025-05-06,45688.14277345,13011.11498716586,0,0,45688.14277345,13011.11498716586,0,0,0,0,0,0,0.03,0,0,0,0,0,0
AGIX,AGIX,2025-05-07T00:00:00.000Z,2025-05-07,45688.14277345,13011.11498716586,0,0,45688.14277345,13011.11498716586,0,0,0,0,0,0,0.03,0,0,0,0,0,0
AGIX,AGIX,2025-05-08T00:00:00.000Z,2025-05-08,45688.14277345,13011.11498716586,0,0,45688.14277345,13011.11498716586,0,0,0,0,0,0,0.03,0,0,0,0,0,0
AGIX,AGIX,2025-05-09T00:00:00.000Z,2025-05-09,45688.14277345,13011.11498716586,0,0,45688.14277345,13011.11498716586,0,0,0,0,0,0,0.03,0,0,0,0,0,0
AGIX,AGIX,2025-05-10T00:00:00.000Z,2025-05-10,45688.14277345,13011.11498716586,0,0,45688.14277345,13011.11498716586,0,0,0,0,0,0,0.03,0,0,0,0,0,0
AGIX,AGIX,2025-05-11T00:00:00.000Z,2025-05-11,45688.14277345,13011.11498716586,0,0,45688.14277345,13011.11498716586,0,0,0,0,0,0,0.03,0,0,0,0,0,0
AGIX,AGIX,2025-05-12T00:00:00.000Z,2025-05-12,45688.14277345,13011.11498716586,0,0,45688.14277345,13011.11498716586,0,0,0,0,0,0,0.03,0,0,0,0,0,0
AGIX,AGIX,2025-05-13T00:00:00.000Z,2025-05-13,45688.14277345,13011.11498716586,0,0,45688.14277345,13011.11498716586,0,0,0,0,0,0,0.03,0,0,0,0,0,0
AGIX,AGIX,2025-05-14T00:00:00.000Z,2025-05-14,45688.14277345,13011.11498716586,0,0,45688.14277345,13011.11498716586,0,0,0,0,0,0,0.03,0,0,0,0,0,0
AGIX,AGIX,2025-05-15T00:00:00.000Z,2025-05-15,5617.07192645,1599.635360286357,0,0,5617.07192645,1599.635360286357,0,0,0,0,0,0,0.03,0,0,0,0,0,0
AGIX,AGIX,2025-05-16T00:00:00.000Z,2025-05-16,5617.07192645,1599.635360286357,0,0,5617.07192645,1599.635360286357,0,0,0,0,0,0,0.03,0,0,0,0,0,0
AGIX,AGIX,2025-05-17T00:00:00.000Z,2025-05-17,5617.07192645,1599.635360286357,0,0,5617.07192645,1599.635360286357,0,0,0,0,0,0,0.03,0,0,0,0,0,0
AGIX,AGIX,2025-05-18T00:00:00.000Z,2025-05-18,5617.07192645,1599.635360286357,0,0,5617.07192645,1599.635360286357,0,0,0,0,0,0,0.03,0,0,0,0,0,0
AGIX,AGIX,2025-05-19T00:00:00.000Z,2025-05-19,5617.07192645,1599.635360286357,0,0,5617.07192645,1599.635360286357,0,0,0,0,0,0,0.03,0,0,0,0,0,0
AGIX,AGIX,2025-05-20T00:00:00.000Z,2025-05-20,5617.07192645,1599.635360286357,0,0,5617.07192645,1599.635360286357,0,0,0,0,0,0,0.03,0,0,0,0,0,0
AGIX,AGIX,2025-05-21T00:00:00.000Z,2025-05-21,5617.07192645,1599.635360286357,0,0,5617.07192645,1599.635360286357,0,0,0,0,0,0,0.03,0,0,0,0,0,0
AGIX,AGIX,2025-05-22T00:00:00.000Z,2025-05-22,5617.07192645,1599.635360286357,0,0,5617.07192645,1599.635360286357,0,0,0,0,0,0,0.03,0,0,0,0,0,0
AGIX,AGIX,2025-05-23T00:00:00.000Z,2025-05-23,5617.07192645,1599.635360286357,0,0,5617.07192645,1599.635360286357,0,0,0,0,0,0,0.03,0,0,0,0,0,0
AGIX,AGIX,2025-05-24T00:00:00.000Z,2025-05-24,5617.07192645,1599.635360286357,0,0,5617.07192645,1599.635360286357,0,0,0,0,0,0,0.03,0,0,0,0,0,0
AGIX,AGIX,2025-05-25T00:00:00.000Z,2025-05-25,5617.07192645,1599.635360286357,0,0,5617.07192645,1599.635360286357,0,0,0,0,0,0,0.03,0,0,0,0,0,0
AGIX,AGIX,2025-05-26T00:00:00.000Z,2025-05-26,5617.07192645,1599.635360286357,0,0,5617.07192645,1599.635360286357,0,0,0,0,0,0,0.03,0,0,0,0,0,0
AGIX,AGIX,2025-05-27T00:00:00.000Z,2025-05-27,5617.07192645,1599.635360286357,0,0,5617.07192645,1599.635360286357,0,0,0,0,0,0,0.03,0,0,0,0,0,0
AGIX,AGIX,2025-05-28T00:00:00.000Z,2025-05-28,5617.07192645,1599.635360286357,0,0,5617.07192645,1599.635360286357,0,0,0,0,0,0,0.03,0,0,0,0,0,0
AGIX,AGIX,2025-05-29T00:00:00.000Z,2025-05-29,5617.07192645,1599.635360286357,0,0,5617.07192645,1599.635360286357,0,0,0,0,0,0,0.03,0,0,0,0,0,0
AGIX,AGIX,2025-05-30T00:00:00.000Z,2025-05-30,5617.07192645,1599.635360286357,0,0,5617.07192645,1599.635360286357,0,0,0,0,0,0,0.03,0,0,0,0,0,0
AGIX,AGIX,2025-05-31T00:00:00.000Z,2025-05-31,5617.07192645,1599.635360286357,0,0,5617.07192645,1599.635360286357,0,0,0,0,0,0,0.03,0,0,0,0,0,0
AGIX,AGIX,2025-06-01T00:00:00.000Z,2025-06-01,5617.07192645,1599.635360286357,0,0,5617.07192645,1599.635360286357,0,0,0,0,0,0,0.03,0,0,0,0,0,0
AGIX,AGIX,2025-06-02T00:00:00.000Z,2025-06-02,5617.07192645,1599.635360286357,0,0,5617.07192645,1599.635360286357,0,0,0,0,0,0,0.03,0,0,0,0,0,0
AGIX,AGIX,2025-06-03T00:00:00.000Z,2025-06-03,5617.07192645,1599.635360286357,0,0,5617.07192645,1599.635360286357,0,0,0,0,0,0,0.03,0,0,0,0,0,0
AGIX,AGIX,2025-06-04T00:00:00.000Z,2025-06-04,5617.07192645,1599.635360286357,0,0,5617.07192645,1599.635360286357,0,0,0,0,0,0,0.03,0,0,0,0,0,0
AGIX,AGIX,2025-06-05T00:00:00.000Z,2025-06-05,5617.07192645,1599.635360286357,0,0,5617.07192645,1599.635360286357,0,0,0,0,0,0,0.03,0,0,0,0,0,0
AGIX,AGIX,2025-06-06T00:00:00.000Z,2025-06-06,5617.07192645,1599.635360286357,0,0,5617.07192645,1599.635360286357,0,0,0,0,0,0,0.03,0,0,0,0,0,0
AGIX,AGIX,2025-06-07T00:00:00.000Z,2025-06-07,5617.07192645,1599.635360286357,0,0,5617.07192645,1599.635360286357,0,0,0,0,0,0,0.03,0,0,0,0,0,0
AGIX,AGIX,2025-06-08T00:00:00.000Z,2025-06-08,5617.07192645,1599.635360286357,0,0,5617.07192645,1599.635360286357,0,0,0,0,0,0,0.03,0,0,0,0,0,0
AGIX,AGIX,2025-06-09T00:00:00.000Z,2025-06-09,5617.07192645,1599.635360286357,0,0,5617.07192645,1599.635360286357,0,0,0,0,0,0,0.03,0,0,0,0,0,0
AGIX,AGIX,2025-06-10T00:00:00.000Z,2025-06-10,5617.07192645,1599.635360286357,0,0,5617.07192645,1599.635360286357,0,0,0,0,0,0,0.03,0,0,0,0,0,0
AGIX,AGIX,2025-06-11T00:00:00.000Z,2025-06-11,5617.07192645,1599.635360286357,0,0,5617.07192645,1599.635360286357,0,0,0,0,0,0,0.03,0,0,0,0,0,0
AGIX,AGIX,2025-06-12T00:00:00.000Z,2025-06-12,5617.07192645,1599.635360286357,0,0,5617.07192645,1599.635360286357,0,0,0,0,0,0,0.03,0,0,0,0,0,0
AGIX,AGIX,2025-06-13T00:00:00.000Z,2025-06-13,5617.07192645,1599.635360286357,0,0,5617.07192645,1599.635360286357,0,0,0,0,0,0,0.03,0,0,0,0,0,0
AGIX,AGIX,2025-06-14T00:00:00.000Z,2025-06-14,5617.07192645,1599.635360286357,0,0,5617.07192645,1599.635360286357,0,0,0,0,0,0,0.03,0,0,0,0,0,0
AGIX,AGIX,2025-06-15T00:00:00.000Z,2025-06-15,5617.07192645,1599.635360286357,0,0,5617.07192645,1599.635360286357,0,0,0,0,0,0,0.03,0,0,0,0,0,0
AGIX,AGIX,2025-06-16T00:00:00.000Z,2025-06-16,5617.07192645,1599.635360286357,0,0,5617.07192645,1599.635360286357,0,0,0,0,0,0,0.03,0,0,0,0,0,0
AGIX,AGIX,2025-06-17T00:00:00.000Z,2025-06-17,5617.07192645,1599.635360286357,0,0,5617.07192645,1599.635360286357,0,0,0,0,0,0,0.03,0,0,0,0,0,0
AGIX,AGIX,2025-06-18T00:00:00.000Z,2025-06-18,5617.07192645,1599.635360286357,0,0,5617.07192645,1599.635360286357,0,0,0,0,0,0,0.03,0,0,0,0,0,0
AGIX,AGIX,2025-06-20T00:00:00.000Z,2025-06-20,5617.07192645,1599.635360286357,0,0,5617.07192645,1599.635360286357,0,0,0,0,0,0,0.03,0,0,0,0,0,0
AGIX,AGIX,2025-06-21T00:00:00.000Z,2025-06-21,5617.07192645,1599.635360286357,0,0,5617.07192645,1599.635360286357,0,0,0,0,0,0,0.03,0,0,0,0,0,0
AGIX,AGIX,2025-06-22T00:00:00.000Z,2025-06-22,5617.07192645,1599.635360286357,0,0,5617.07192645,1599.635360286357,0,0,0,0,0,0,0.03,0,0,0,0,0,0
AGIX,AGIX,2025-06-23T00:00:00.000Z,2025-06-23,5617.07192645,1599.635360286357,0,0,5617.07192645,1599.635360286357,0,0,0,0,0,0,0.03,0,0,0,0,0,0
AGIX,AGIX,2025-06-24T00:00:00.000Z,2025-06-24,5617.07192645,1599.635360286357,0,0,5617.07192645,1599.635360286357,0,0,0,0,0,0,0.03,0,0,0,0,0,0
AGIX,AGIX,2025-06-25T00:00:00.000Z,2025-06-25,5617.07192645,1599.635360286357,0,0,5617.07192645,1599.635360286357,0,0,0,0,0,0,0.03,0,0,0,0,0,0
AGIX,AGIX,2025-06-26T00:00:00.000Z,2025-06-26,5617.07192645,1599.635360286357,0,0,5617.07192645,1599.635360286357,0,0,0,0,0,0,0.03,0,0,0,0,0,0
AGIX,AGIX,2025-06-27T00:00:00.000Z,2025-06-27,5617.07192645,1599.635360286357,0,0,5617.07192645,1599.635360286357,0,0,0,0,0,0,0.03,0,0,0,0,0,0
AGIX,AGIX,2025-06-28T00:00:00.000Z,2025-06-28,5617.07192645,1599.635360286357,0,0,5617.07192645,1599.635360286357,0,0,0,0,0,0,0.03,0,0,0,0,0,0
AGIX,AGIX,2025-06-29T00:00:00.000Z,2025-06-29,5617.07192645,1599.635360286357,0,0,5617.07192645,1599.635360286357,0,0,0,0,0,0,0.03,0,0,0,0,0,0
AGIX,AGIX,2025-06-30T00:00:00.000Z,2025-06-30,5617.07192645,1599.635360286357,0,0,5617.07192645,1599.635360286357,0,0,0,0,0,0,0.03,0,0,0,0,0,0
AGIX,AGIX,2025-07-01T00:00:00.000Z,2025-07-01,5617.07192645,1599.635360286357,0,0,5617.07192645,1599.635360286357,0,0,0,0,0,0,0.03,0,0,0,0,0,0
AGIX,AGIX,2025-07-02T00:00:00.000Z,2025-07-02,5617.07192645,1599.635360286357,0,0,5617.07192645,1599.635360286357,0,0,0,0,0,0,0.03,0,0,0,0,0,0
AGIX,AGIX,2025-07-03T00:00:00.000Z,2025-07-03,5617.07192645,1599.635360286357,0,0,5617.07192645,1599.635360286357,0,0,0,0,0,0,0.03,0,0,0,0,0,0
AGIX,AGIX,2025-07-04T00:00:00.000Z,2025-07-04,5617.07192645,1599.635360286357,0,0,5617.07192645,1599.635360286357,0,0,0,0,0,0,0.03,0,0,0,0,0,0
AGIX,AGIX,2025-07-05T00:00:00.000Z,2025-07-05,5617.07192645,1599.635360286357,0,0,5617.07192645,1599.635360286357,0,0,0,0,0,0,0.03,0,0,0,0,0,0
AGIX,AGIX,2025-07-06T00:00:00.000Z,2025-07-06,5617.07192645,1599.635360286357,0,0,5617.07192645,1599.635360286357,0,0,0,0,0,0,0.03,0,0,0,0,0,0
AGIX,AGIX,2025-07-07T00:00:00.000Z,2025-07-07,5617.07192645,1599.635360286357,0,0,5617.07192645,1599.635360286357,0,0,0,0,0,0,0.03,0,0,0,0,0,0
AGIX,AGIX,2025-07-08T00:00:00.000Z,2025-07-08,5617.07192645,1599.635360286357,0,0,5617.07192645,1599.635360286357,0,0,0,0,0,0,0.03,0,0,0,0,0,0
AGIX,AGIX,2025-07-09T00:00:00.000Z,2025-07-09,5617.07192645,1599.635360286357,0,0,5617.07192645,1599.635360286357,0,0,0,0,0,0,0.03,0,0,0,0,0,0
AGIX,AGIX,2025-07-10T00:00:00.000Z,2025-07-10,5617.07192645,1599.635360286357,0,0,5617.07192645,1599.635360286357,0,0,0,0,0,0,0.03,0,0,0,0,0,0
AGIX,AGIX,2025-07-11T00:00:00.000Z,2025-07-11,5617.07192645,1599.635360286357,0,0,5617.07192645,1599.635360286357,0,0,0,0,0,0,0.03,0,0,0,0,0,0
AGIX,AGIX,2025-07-12T00:00:00.000Z,2025-07-12,5617.07192645,1599.635360286357,0,0,5617.07192645,1599.635360286357,0,0,0,0,0,0,0.03,0,0,0,0,0,0
AGIX,AGIX,2025-07-13T00:00:00.000Z,2025-07-13,5617.07192645,1599.635360286357,0,0,5617.07192645,1599.635360286357,0,0,0,0,0,0,0.03,0,0,0,0,0,0
AGIX,AGIX,2025-07-14T00:00:00.000Z,2025-07-14,5617.07192645,1599.635360286357,0,0,5617.07192645,1599.635360286357,0,0,0,0,0,0,0.03,0,0,0,0,0,0
AGIX,AGIX,2025-07-15T00:00:00.000Z,2025-07-15,5617.07192645,1599.635360286357,0,0,5617.07192645,1599.635360286357,0,0,0,0,0,0,0.03,0,0,0,0,0,0
AGIX,AGIX,2025-07-16T00:00:00.000Z,2025-07-16,5617.07192645,1599.635360286357,0,0,5617.07192645,1599.635360286357,0,0,0,0,0,0,0.03,0,0,0,0,0,0
AGIX,AGIX,2025-07-17T00:00:00.000Z,2025-07-17,5617.07192645,1599.635360286357,0,0,5617.07192645,1599.635360286357,0,0,0,0,0,0,0.03,0,0,0,0,0,0
AGIX,AGIX,2025-07-18T00:00:00.000Z,2025-07-18,5617.07192645,1599.635360286357,0,0,5617.07192645,1599.635360286357,0,0,0,0,0,0,0.03,0,0,0,0,0,0
AGIX,AGIX,2025-07-19T00:00:00.000Z,2025-07-19,5617.07192645,1599.635360286357,0,0,5617.07192645,1599.635360286357,0,0,0,0,0,0,0.03,0,0,0,0,0,0
AGIX,AGIX,2025-07-20T00:00:00.000Z,2025-07-20,5617.07192645,1599.635360286357,0,0,5617.07192645,1599.635360286357,0,0,0,0,0,0,0.03,0,0,0,0,0,0
AGIX,AGIX,2025-07-21T00:00:00.000Z,2025-07-21,5617.07192645,1599.635360286357,0,0,5617.07192645,1599.635360286357,0,0,0,0,0,0,0.03,0,0,0,0,0,0
AGIX,AGIX,2025-07-22T00:00:00.000Z,2025-07-22,5617.07192645,1599.635360286357,0,0,5617.07192645,1599.635360286357,0,0,0,0,0,0,0.03,0,0,0,0,0,0
AGIX,AGIX,2025-07-23T00:00:00.000Z,2025-07-23,5617.07192645,1599.635360286357,0,0,5617.07192645,1599.635360286357,0,0,0,0,0,0,0.03,0,0,0,0,0,0
AGIX,AGIX,2025-07-24T00:00:00.000Z,2025-07-24,5617.07192645,1599.635360286357,0,0,5617.07192645,1599.635360286357,0,0,0,0,0,0,0.03,0,0,0,0,0,0
AGIX,AGIX,2025-07-25T00:00:00.000Z,2025-07-25,5617.07192645,1599.635360286357,0,0,5617.07192645,1599.635360286357,0,0,0,0,0,0,0.03,0,0,0,0,0,0
AGIX,AGIX,2025-07-26T00:00:00.000Z,2025-07-26,5617.07192645,1599.635360286357,0,0,5617.07192645,1599.635360286357,0,0,0,0,0,0,0.03,0,0,0,0,0,0
AGIX,AGIX,2025-07-27T00:00:00.000Z,2025-07-27,5617.07192645,1599.635360286357,0,0,5617.07192645,1599.635360286357,0,0,0,0,0,0,0.03,0,0,0,0,0,0
AGIX,AGIX,2025-07-28T00:00:00.000Z,2025-07-28,5617.07192645,1599.635360286357,0,0,5617.07192645,1599.635360286357,0,0,0,0,0,0,0.03,0,0,0,0,0,0
AGIX,AGIX,2025-07-29T00:00:00.000Z,2025-07-29,5617.07192645,1599.635360286357,0,0,5617.07192645,1599.635360286357,0,0,0,0,0,0,0.03,0,0,0,0,0,0
AGIX,AGIX,2025-07-30T00:00:00.000Z,2025-07-30,5617.07192645,1599.635360286357,0,0,5617.07192645,1599.635360286357,0,0,0,0,0,0,0.03,0,0,0,0,0,0
AGIX,AGIX,2025-07-31T00:00:00.000Z,2025-07-31,5617.07192645,1599.635360286357,0,0,5617.07192645,1599.635360286357,0,0,0,0,0,0,0.03,0,0,0,0,0,0
AGIX,AGIX,2025-08-01T00:00:00.000Z,2025-08-01,5617.07192645,1599.635360286357,0,0,5617.07192645,1599.635360286357,0,0,0,0,0,0,0.03,0,0,0,0,0,0
AGIX,AGIX,2025-08-02T00:00:00.000Z,2025-08-02,5617.07192645,1599.635360286357,0,0,5617.07192645,1599.635360286357,0,0,0,0,0,0,0.03,0,0,0,0,0,0
AGIX,AGIX,2025-08-03T00:00:00.000Z,2025-08-03,5617.07192645,1599.635360286357,0,0,5617.07192645,1599.635360286357,0,0,0,0,0,0,0.03,0,0,0,0,0,0
AGIX,AGIX,2025-08-04T00:00:00.000Z,2025-08-04,5617.07192645,1599.635360286357,0,0,5617.07192645,1599.635360286357,0,0,0,0,0,0,0.03,0,0,0,0,0,0
AGIX,AGIX,2025-08-05T00:00:00.000Z,2025-08-05,5617.07192645,1599.635360286357,0,0,5617.07192645,1599.635360286357,0,0,0,0,0,0,0.03,0,0,0,0,0,0
AGIX,AGIX,2025-08-06T00:00:00.000Z,2025-08-06,5617.07192645,1599.635360286357,0,0,5617.07192645,1599.635360286357,0,0,0,0,0,0,0.03,0,0,0,0,0,0
AGIX,AGIX,2025-08-07T00:00:00.000Z,2025-08-07,5617.07192645,1599.635360286357,0,0,5617.07192645,1599.635360286357,0,0,0,0,0,0,0.03,0,0,0,0,0,0
AGIX,AGIX,2025-08-08T00:00:00.000Z,2025-08-08,5617.07192645,1599.635360286357,0,0,5617.07192645,1599.635360286357,0,0,0,0,0,0,0.03,0,0,0,0,0,0
AGIX,AGIX,2025-08-09T00:00:00.000Z,2025-08-09,5617.07192645,1599.635360286357,0,0,5617.07192645,1599.635360286357,0,0,0,0,0,0,0.03,0,0,0,0,0,0
AGIX,AGIX,2025-08-10T00:00:00.000Z,2025-08-10,4966.9856955,1414.503153350186,0,0,4966.9856955,1414.503153350186,0,0,0,0,0,0,0.03,0,0,0,0,0,0
AGIX,AGIX,2025-08-11T00:00:00.000Z,2025-08-11,4966.9856955,1414.503153350186,0,0,4966.9856955,1414.503153350186,0,0,0,0,0,0,0.03,0,0,0,0,0,0
AGIX,AGIX,2025-08-12T00:00:00.000Z,2025-08-12,4966.9856955,1414.503153350186,0,0,4966.9856955,1414.503153350186,0,0,0,0,0,0,0.03,0,0,0,0,0,0
AGIX,AGIX,2025-08-13T00:00:00.000Z,2025-08-13,4966.9856955,1414.503153350186,0,0,4966.9856955,1414.503153350186,0,0,0,0,0,0,0.03,0,0,0,0,0,0
AGIX,AGIX,2025-08-14T00:00:00.000Z,2025-08-14,4966.9856955,1414.503153350186,0,0,4966.9856955,1414.503153350186,0,0,0,0,0,0,0.03,0,0,0,0,0,0
AGIX,AGIX,2025-08-15T00:00:00.000Z,2025-08-15,4966.9856955,1414.503153350186,0,0,4966.9856955,1414.503153350186,0,0,0,0,0,0,0.03,0,0,0,0,0,0
AGIX,AGIX,2025-08-16T00:00:00.000Z,2025-08-16,4966.9856955,1414.503153350186,0,0,4966.9856955,1414.503153350186,0,0,0,0,0,0,0.03,0,0,0,0,0,0
AGIX,AGIX,2025-08-17T00:00:00.000Z,2025-08-17,4966.9856955,1414.503153350186,0,0,4966.9856955,1414.503153350186,0,0,0,0,0,0,0.03,0,0,0,0,0,0
AGIX,AGIX,2025-08-18T00:00:00.000Z,2025-08-18,4966.9856955,1414.503153350186,0,0,4966.9856955,1414.503153350186,0,0,0,0,0,0,0.03,0,0,0,0,0,0
AGIX,AGIX,2025-08-19T00:00:00.000Z,2025-08-19,4966.9856955,1414.503153350186,0,0,4966.9856955,1414.503153350186,0,0,0,0,0,0,0.03,0,0,0,0,0,0
AGIX,AGIX,2025-08-20T00:00:00.000Z,2025-08-20,4966.9856955,1414.503153350186,0,0,4966.9856955,1414.503153350186,0,0,0,0,0,0,0.03,0,0,0,0,0,0
AGIX,AGIX,2025-08-21T00:00:00.000Z,2025-08-21,4966.9856955,1414.503153350186,0,0,4966.9856955,1414.503153350186,0,0,0,0,0,0,0.03,0,0,0,0,0,0
AGIX,AGIX,2025-08-22T00:00:00.000Z,2025-08-22,4966.9856955,1414.503153350186,0,0,4966.9856955,1414.503153350186,0,0,0,0,0,0,0.03,0,0,0,0,0,0
AGIX,AGIX,2025-08-23T00:00:00.000Z,2025-08-23,4966.9856955,1414.503153350186,0,0,4966.9856955,1414.503153350186,0,0,0,0,0,0,0.03,0,0,0,0,0,0
AGIX,AGIX,2025-08-24T00:00:00.000Z,2025-08-24,4966.9856955,1414.503153350186,0,0,4966.9856955,1414.503153350186,0,0,0,0,0,0,0.03,0,0,0,0,0,0
AGIX,AGIX,2025-08-25T00:00:00.000Z,2025-08-25,4966.9856955,1414.503153350186,0,0,4966.9856955,1414.503153350186,0,0,0,0,0,0,0.03,0,0,0,0,0,0
AGIX,AGIX,2025-08-26T00:00:00.000Z,2025-08-26,4966.9856955,1414.503153350186,0,0,4966.9856955,1414.503153350186,0,0,0,0,0,0,0.03,0,0,0,0,0,0
AGIX,AGIX,2025-08-27T00:00:00.000Z,2025-08-27,4966.9856955,1414.503153350186,0,0,4966.9856955,1414.503153350186,0,0,0,0,0,0,0.03,0,0,0,0,0,0
AGIX,AGIX,2025-08-28T00:00:00.000Z,2025-08-28,4966.9856955,1414.503153350186,0,0,4966.9856955,1414.503153350186,0,0,0,0,0,0,0.03,0,0,0,0,0,0
AGIX,AGIX,2025-08-29T00:00:00.000Z,2025-08-29,4966.9856955,1414.503153350186,0,0,4966.9856955,1414.503153350186,0,0,0,0,0,0,0.03,0,0,0,0,0,0
AGIX,AGIX,2025-08-30T00:00:00.000Z,2025-08-30,4966.9856955,1414.503153350186,0,0,4966.9856955,1414.503153350186,0,0,0,0,0,0,0.03,0,0,0,0,0,0
AGIX,AGIX,2025-08-31T00:00:00.000Z,2025-08-31,4966.9856955,1414.503153350186,0,0,4966.9856955,1414.503153350186,0,0,0,0,0,0,0.03,0,0,0,0,0,0
AGIX,AGIX,2025-09-01T00:00:00.000Z,2025-09-01,4966.9856955,1414.503153350186,0,0,4966.9856955,1414.503153350186,0,0,0,0,0,0,0.03,0,0,0,0,0,0
AGIX,AGIX,2025-09-02T00:00:00.000Z,2025-09-02,4966.9856955,1414.503153350186,0,0,4966.9856955,1414.503153350186,0,0,0,0,0,0,0.03,0,0,0,0,0,0
AGIX,AGIX,2025-09-03T00:00:00.000Z,2025-09-03,4966.9856955,1414.503153350186,0,0,4966.9856955,1414.503153350186,0,0,0,0,0,0,0.03,0,0,0,0,0,0
AGIX,AGIX,2025-09-04T00:00:00.000Z,2025-09-04,4966.9856955,1414.503153350186,0,0,4966.9856955,1414.503153350186,0,0,0,0,0,0,0.03,0,0,0,0,0,0
AGIX,AGIX,2025-09-05T00:00:00.000Z,2025-09-05,4966.9856955,1414.503153350186,0,0,4966.9856955,1414.503153350186,0,0,0,0,0,0,0.03,0,0,0,0,0,0
AGIX,AGIX,2025-09-06T00:00:00.000Z,2025-09-06,4966.9856955,1414.503153350186,0,0,4966.9856955,1414.503153350186,0,0,0,0,0,0,0.03,0,0,0,0,0,0
AGIX,AGIX,2025-09-07T00:00:00.000Z,2025-09-07,4966.9856955,1414.503153350186,0,0,4966.9856955,1414.503153350186,0,0,0,0,0,0,0.03,0,0,0,0,0,0
AGIX,AGIX,2025-09-08T00:00:00.000Z,2025-09-08,4966.9856955,1414.503153350186,0,0,4966.9856955,1414.503153350186,0,0,0,0,0,0,0.03,0,0,0,0,0,0
AGIX,AGIX,2025-09-09T00:00:00.000Z,2025-09-09,4966.9856955,1414.503153350186,0,0,4966.9856955,1414.503153350186,0,0,0,0,0,0,0.03,0,0,0,0,0,0
AGIX,AGIX,2025-09-10T00:00:00.000Z,2025-09-10,4966.9856955,1414.503153350186,0,0,4966.9856955,1414.503153350186,0,0,0,0,0,0,0.03,0,0,0,0,0,0
AGIX,AGIX,2025-09-11T00:00:00.000Z,2025-09-11,4966.9856955,1414.503153350186,0,0,4966.9856955,1414.503153350186,0,0,0,0,0,0,0.03,0,0,0,0,0,0
AGIX,AGIX,2025-09-12T00:00:00.000Z,2025-09-12,4966.9856955,1414.503153350186,0,0,4966.9856955,1414.503153350186,0,0,0,0,0,0,0.03,0,0,0,0,0,0
AGIX,AGIX,2025-09-13T00:00:00.000Z,2025-09-13,4966.9856955,1414.503153350186,0,0,4966.9856955,1414.503153350186,0,0,0,0,0,0,0.03,0,0,0,0,0,0
AGIX,AGIX,2025-09-14T00:00:00.000Z,2025-09-14,4966.9856955,1414.503153350186,0,0,4966.9856955,1414.503153350186,0,0,0,0,0,0,0.03,0,0,0,0,0,0
AGIX,AGIX,2025-09-15T00:00:00.000Z,2025-09-15,4966.9856955,1414.503153350186,0,0,4966.9856955,1414.503153350186,0,0,0,0,0,0,0.03,0,0,0,0,0,0
AGIX,AGIX,2025-09-16T00:00:00.000Z,2025-09-16,4966.9856955,1414.503153350186,0,0,4966.9856955,1414.503153350186,0,0,0,0,0,0,0.03,0,0,0,0,0,0
AGIX,AGIX,2025-09-17T00:00:00.000Z,2025-09-17,4966.9856955,1414.503153350186,0,0,4966.9856955,1414.503153350186,0,0,0,0,0,0,0.03,0,0,0,0,0,0
AGIX,AGIX,2025-09-18T00:00:00.000Z,2025-09-18,4966.9856955,1414.503153350186,0,0,4966.9856955,1414.503153350186,0,0,0,0,0,0,0.03,0,0,0,0,0,0
AGIX,AGIX,2025-09-20T00:00:00.000Z,2025-09-20,4966.9856955,1414.503153350186,0,0,4966.9856955,1414.503153350186,0,0,0,0,0,0,0.03,0,0,0,0,0,0
AGIX,AGIX,2025-09-21T00:00:00.000Z,2025-09-21,4966.9856955,1414.503153350186,0,0,4966.9856955,1414.503153350186,0,0,0,0,0,0,0.03,0,0,0,0,0,0
AGIX,AGIX,2025-09-22T00:00:00.000Z,2025-09-22,4966.9856955,1414.503153350186,0,0,4966.9856955,1414.503153350186,0,0,0,0,0,0,0.03,0,0,0,0,0,0
AGIX,AGIX,2025-09-23T00:00:00.000Z,2025-09-23,4966.9856955,1414.503153350186,0,0,4966.9856955,1414.503153350186,0,0,0,0,0,0,0.03,0,0,0,0,0,0
AGIX,AGIX,2025-09-24T00:00:00.000Z,2025-09-24,4966.9856955,1414.503153350186,0,0,4966.9856955,1414.503153350186,0,0,0,0,0,0,0.03,0,0,0,0,0,0
AGIX,AGIX,2025-09-25T00:00:00.000Z,2025-09-25,4966.9856955,1414.503153350186,0,0,4966.9856955,1414.503153350186,0,0,0,0,0,0,0.03,0,0,0,0,0,0
AGIX,AGIX,2025-09-26T00:00:00.000Z,2025-09-26,4966.9856955,1414.503153350186,0,0,4966.9856955,1414.503153350186,0,0,0,0,0,0,0.03,0,0,0,0,0,0
AGIX,AGIX,2025-09-27T00:00:00.000Z,2025-09-27,4966.9856955,1414.503153350186,0,0,4966.9856955,1414.503153350186,0,0,0,0,0,0,0.03,0,0,0,0,0,0
AGIX,AGIX,2025-09-28T00:00:00.000Z,2025-09-28,4966.9856955,1414.503153350186,0,0,4966.9856955,1414.503153350186,0,0,0,0,0,0,0.03,0,0,0,0,0,0
AGIX,AGIX,2025-09-29T00:00:00.000Z,2025-09-29,4966.9856955,1414.503153350186,0,0,4966.9856955,1414.503153350186,0,0,0,0,0,0,0.03,0,0,0,0,0,0
AGIX,AGIX,2025-09-30T00:00:00.000Z,2025-09-30,4966.9856955,1414.503153350186,0,0,4966.9856955,1414.503153350186,0,0,0,0,0,0,0.03,0,0,0,0,0,0
AGIX,AGIX,2025-10-01T00:00:00.000Z,2025-10-01,4966.9856955,1414.503153350186,0,0,4966.9856955,1414.503153350186,0,0,0,0,0,0,0.03,0,0,0,0,0,0
AGIX,AGIX,2025-10-02T00:00:00.000Z,2025-10-02,4966.9856955,1414.503153350186,0,0,4966.9856955,1414.503153350186,0,0,0,0,0,0,0.03,0,0,0,0,0,0
AGIX,AGIX,2025-10-03T00:00:00.000Z,2025-10-03,4966.9856955,1414.503153350186,0,0,4966.9856955,1414.503153350186,0,0,0,0,0,0,0.03,0,0,0,0,0,0
AGIX,AGIX,2025-10-04T00:00:00.000Z,2025-10-04,4966.9856955,1414.503153350186,0,0,4966.9856955,1414.503153350186,0,0,0,0,0,0,0.03,0,0,0,0,0,0
AGIX,AGIX,2025-10-05T00:00:00.000Z,2025-10-05,4966.9856955,1414.503153350186,0,0,4966.9856955,1414.503153350186,0,0,0,0,0,0,0.03,0,0,0,0,0,0
AGIX,AGIX,2025-10-06T00:00:00.000Z,2025-10-06,4966.9856955,1414.503153350186,0,0,4966.9856955,1414.503153350186,0,0,0,0,0,0,0.03,0,0,0,0,0,0
AGIX,AGIX,2025-10-07T00:00:00.000Z,2025-10-07,4966.9856955,1414.503153350186,0,0,4966.9856955,1414.503153350186,0,0,0,0,0,0,0.03,0,0,0,0,0,0
AGIX,AGIX,2025-10-08T00:00:00.000Z,2025-10-08,4966.9856955,1414.503153350186,0,0,4966.9856955,1414.503153350186,0,0,0,0,0,0,0.03,0,0,0,0,0,0
AGIX,AGIX,2025-10-09T00:00:00.000Z,2025-10-09,4966.9856955,1414.503153350186,0,0,4966.9856955,1414.503153350186,0,0,0,0,0,0,0.03,0,0,0,0,0,0
AGIX,AGIX,2025-10-10T00:00:00.000Z,2025-10-10,4966.9856955,1414.503153350186,0,0,4966.9856955,1414.503153350186,0,0,0,0,0,0,0.03,0,0,0,0,0,0
AGIX,AGIX,2025-10-11T00:00:00.000Z,2025-10-11,4966.9856955,1414.503153350186,0,0,4966.9856955,1414.503153350186,0,0,0,0,0,0,0.03,0,0,0,0,0,0
AGIX,AGIX,2025-10-12T00:00:00.000Z,2025-10-12,4966.9856955,1414.503153350186,0,0,4966.9856955,1414.503153350186,0,0,0,0,0,0,0.03,0,0,0,0,0,0
AGIX,AGIX,2025-10-13T00:00:00.000Z,2025-10-13,4966.9856955,1414.503153350186,0,0,4966.9856955,1414.503153350186,0,0,0,0,0,0,0.03,0,0,0,0,0,0
AGIX,AGIX,2025-10-14T00:00:00.000Z,2025-10-14,4966.9856955,1414.503153350186,0,0,4966.9856955,1414.503153350186,0,0,0,0,0,0,0.03,0,0,0,0,0,0
AGIX,AGIX,2025-10-15T00:00:00.000Z,2025-10-15,4966.9856955,1414.503153350186,0,0,4966.9856955,1414.503153350186,0,0,0,0,0,0,0.03,0,0,0,0,0,0
AGIX,AGIX,2025-10-16T00:00:00.000Z,2025-10-16,4966.9856955,1414.503153350186,0,0,4966.9856955,1414.503153350186,0,0,0,0,0,0,0.03,0,0,0,0,0,0
AGIX,AGIX,2025-10-17T00:00:00.000Z,2025-10-17,4966.9856955,1414.503153350186,0,0,4966.9856955,1414.503153350186,0,0,0,0,0,0,0.03,0,0,0,0,0,0
AGIX,AGIX,2025-10-18T00:00:00.000Z,2025-10-18,4966.9856955,1414.503153350186,0,0,4966.9856955,1414.503153350186,0,0,0,0,0,0,0.03,0,0,0,0,0,0
AGIX,AGIX,2025-10-19T00:00:00.000Z,2025-10-19,4966.9856955,1414.503153350186,0,0,4966.9856955,1414.503153350186,0,0,0,0,0,0,0.03,0,0,0,0,0,0
AGIX,AGIX,2025-10-20T00:00:00.000Z,2025-10-20,4966.9856955,1414.503153350186,0,0,4966.9856955,1414.503153350186,0,0,0,0,0,0,0.03,0,0,0,0,0,0
AGIX,AGIX,2025-10-21T00:00:00.000Z,2025-10-21,4966.9856955,1414.503153350186,0,0,4966.9856955,1414.503153350186,0,0,0,0,0,0,0.03,0,0,0,0,0,0
AGIX,AGIX,2025-10-22T00:00:00.000Z,2025-10-22,4966.9856955,1414.503153350186,0,0,4966.9856955,1414.503153350186,0,0,0,0,0,0,0.03,0,0,0,0,0,0
AGIX,AGIX,2025-10-23T00:00:00.000Z,2025-10-23,4966.9856955,1414.503153350186,0,0,4966.9856955,1414.503153350186,0,0,0,0,0,0,0.03,0,0,0,0,0,0
AGIX,AGIX,2025-10-24T00:00:00.000Z,2025-10-24,4966.9856955,1414.503153350186,0,0,4966.9856955,1414.503153350186,0,0,0,0,0,0,0.03,0,0,0,0,0,0
AGIX,AGIX,2025-10-25T00:00:00.000Z,2025-10-25,4966.9856955,1414.503153350186,0,0,4966.9856955,1414.503153350186,0,0,0,0,0,0,0.03,0,0,0,0,0,0
AGIX,AGIX,2025-10-26T00:00:00.000Z,2025-10-26,4966.9856955,1414.503153350186,0,0,4966.9856955,1414.503153350186,0,0,0,0,0,0,0.03,0,0,0,0,0,0
AGIX,AGIX,2025-10-27T00:00:00.000Z,2025-10-27,4966.9856955,1414.503153350186,0,0,4966.9856955,1414.503153350186,0,0,0,0,0,0,0.03,0,0,0,0,0,0
AGIX,AGIX,2025-10-28T00:00:00.000Z,2025-10-28,4966.9856955,1414.503153350186,0,0,4966.9856955,1414.503153350186,0,0,0,0,0,0,0.03,0,0,0,0,0,0
AGIX,AGIX,2025-10-29T00:00:00.000Z,2025-10-29,4966.9856955,1414.503153350186,0,0,4966.9856955,1414.503153350186,0,0,0,0,0,0,0.03,0,0,0,0,0,0
AGIX,AGIX,2025-10-30T00:00:00.000Z,2025-10-30,4966.9856955,1414.503153350186,0,0,4966.9856955,1414.503153350186,0,0,0,0,0,0,0.03,0,0,0,0,0,0
AGIX,AGIX,2025-10-31T00:00:00.000Z,2025-10-31,4966.9856955,1414.503153350186,0,0,4966.9856955,1414.503153350186,0,0,0,0,0,0,0.03,0,0,0,0,0,0
AGIX,AGIX,2025-11-01T00:00:00.000Z,2025-11-01,4966.9856955,1414.503153350186,0,0,4966.9856955,1414.503153350186,0,0,0,0,0,0,0.03,0,0,0,0,0,0
AGIX,AGIX,2025-11-02T00:00:00.000Z,2025-11-02,4966.9856955,1414.503153350186,0,0,4966.9856955,1414.503153350186,0,0,0,0,0,0,0.03,0,0,0,0,0,0
AGIX,AGIX,2025-11-03T00:00:00.000Z,2025-11-03,4966.9856955,1414.503153350186,0,0,4966.9856955,1414.503153350186,0,0,0,0,0,0,0.03,0,0,0,0,0,0
AGIX,AGIX,2025-11-04T00:00:00.000Z,2025-11-04,4966.9856955,1414.503153350186,0,0,4966.9856955,1414.503153350186,0,0,0,0,0,0,0.03,0,0,0,0,0,0
AGIX,AGIX,2025-11-05T00:00:00.000Z,2025-11-05,4966.9856955,1414.503153350186,0,0,4966.9856955,1414.503153350186,0,0,0,0,0,0,0.03,0,0,0,0,0,0
AGIX,AGIX,2025-11-06T00:00:00.000Z,2025-11-06,4966.9856955,1414.503153350186,0,0,4966.9856955,1414.503153350186,0,0,0,0,0,0,0.03,0,0,0,0,0,0
AGIX,AGIX,2025-11-07T00:00:00.000Z,2025-11-07,4966.9856955,1414.503153350186,0,0,4966.9856955,1414.503153350186,0,0,0,0,0,0,0.03,0,0,0,0,0,0
AGIX,AGIX,2025-11-08T00:00:00.000Z,2025-11-08,4966.9856955,1414.503153350186,0,0,4966.9856955,1414.503153350186,0,0,0,0,0,0,0.03,0,0,0,0,0,0
AGIX,AGIX,2025-11-09T00:00:00.000Z,2025-11-09,4966.9856955,1414.503153350186,0,0,4966.9856955,1414.503153350186,0,0,0,0,0,0,0.03,0,0,0,0,0,0
AGIX,AGIX,2025-11-10T00:00:00.000Z,2025-11-10,4966.9856955,1414.503153350186,0,0,4966.9856955,1414.503153350186,0,0,0,0,0,0,0.03,0,0,0,0,0,0
AGIX,AGIX,2025-11-11T00:00:00.000Z,2025-11-11,4966.9856955,1414.503153350186,0,0,4966.9856955,1414.503153350186,0,0,0,0,0,0,0.03,0,0,0,0,0,0
AGIX,AGIX,2025-11-12T00:00:00.000Z,2025-11-12,4966.9856955,1414.503153350186,0,0,4966.9856955,1414.503153350186,0,0,0,0,0,0,0.03,0,0,0,0,0,0
AGIX,AGIX,2025-11-13T00:00:00.000Z,2025-11-13,4966.9856955,1414.503153350186,0,0,4966.9856955,1414.503153350186,0,0,0,0,0,0,0.03,0,0,0,0,0,0
AGIX,AGIX,2025-11-14T00:00:00.000Z,2025-11-14,4966.9856955,1414.503153350186,0,0,4966.9856955,1414.503153350186,0,0,0,0,0,0,0.03,0,0,0,0,0,0
AGIX,AGIX,2025-11-15T00:00:00.000Z,2025-11-15,4966.9856955,1414.503153350186,0,0,4966.9856955,1414.503153350186,0,0,0,0,0,0,0.03,0,0,0,0,0,0
AGIX,AGIX,2025-11-16T00:00:00.000Z,2025-11-16,4966.9856955,1414.503153350186,0,0,4966.9856955,1414.503153350186,0,0,0,0,0,0,0.03,0,0,0,0,0,0
AGIX,AGIX,2025-11-17T00:00:00.000Z,2025-11-17,4966.9856955,1414.503153350186,0,0,4966.9856955,1414.503153350186,0,0,0,0,0,0,0.03,0,0,0,0,0,0
AGIX,AGIX,2025-11-18T00:00:00.000Z,2025-11-18,4966.9856955,1414.503153350186,0,0,4966.9856955,1414.503153350186,0,0,0,0,0,0,0.03,0,0,0,0,0,0
AGIX,AGIX,2025-11-19T00:00:00.000Z,2025-11-19,4966.9856955,1414.503153350186,0,0,4966.9856955,1414.503153350186,0,0,0,0,0,0,0.03,0,0,0,0,0,0
AGIX,AGIX,2025-11-20T00:00:00.000Z,2025-11-20,4966.9856955,1414.503153350186,0,0,4966.9856955,1414.503153350186,0,0,0,0,0,0,0.03,0,0,0,0,0,0
AGIX,AGIX,2025-11-21T00:00:00.000Z,2025-11-21,4966.9856955,1414.503153350186,0,0,4966.9856955,1414.503153350186,0,0,0,0,0,0,0.03,0,0,0,0,0,0
AGIX,AGIX,2025-11-22T00:00:00.000Z,2025-11-22,4966.9856955,1414.503153350186,0,0,4966.9856955,1414.503153350186,0,0,0,0,0,0,0.03,0,0,0,0,0,0
AGIX,AGIX,2025-11-24T00:00:00.000Z,2025-11-24,4966.9856955,1414.503153350186,0,0,4966.9856955,1414.503153350186,0,0,0,0,0,0,0.03,0,0,0,0,0,0
AGIX,AGIX,2025-11-25T00:00:00.000Z,2025-11-25,4966.9856955,1414.503153350186,0,0,4966.9856955,1414.503153350186,0,0,0,0,0,0,0.03,0,0,0,0,0,0
AGIX,AGIX,2025-11-26T00:00:00.000Z,2025-11-26,4966.9856955,1414.503153350186,0,0,4966.9856955,1414.503153350186,0,0,0,0,0,0,0.03,0,0,0,0,0,0
AGIX,AGIX,2025-11-27T00:00:00.000Z,2025-11-27,4966.9856955,1414.503153350186,0,0,4966.9856955,1414.503153350186,0,0,0,0,0,0,0.03,0,0,0,0,0,0
AGIX,AGIX,2025-11-28T00:00:00.000Z,2025-11-28,4966.9856955,1414.503153350186,0,0,4966.9856955,1414.503153350186,0,0,0,0,0,0,0.03,0,0,0,0,0,0
AGIX,AGIX,2025-11-29T00:00:00.000Z,2025-11-29,4966.9856955,1414.503153350186,0,0,4966.9856955,1414.503153350186,0,0,0,0,0,0,0.03,0,0,0,0,0,0
AGIX,AGIX,2025-11-30T00:00:00.000Z,2025-11-30,4966.9856955,1414.503153350186,0,0,4966.9856955,1414.503153350186,0,0,0,0,0,0,0.03,0,0,0,0,0,0
AGIX,AGIX,2025-12-01T00:00:00.000Z,2025-12-01,4966.9856955,1414.503153350186,0,0,4966.9856955,1414.503153350186,0,0,0,0,0,0,0.03,0,0,0,0,0,0
AGIX,AGIX,2025-12-02T00:00:00.000Z,2025-12-02,4966.9856955,1414.503153350186,0,0,4966.9856955,1414.503153350186,0,0,0,0,0,0,0.03,0,0,0,0,0,0
AGIX,AGIX,2025-12-03T00:00:00.000Z,2025-12-03,4966.9856955,1414.503153350186,0,0,4966.9856955,1414.503153350186,0,0,0,0,0,0,0.03,0,0,0,0,0,0
AGIX,AGIX,2025-12-04T00:00:00.000Z,2025-12-04,4966.9856955,1414.503153350186,0,0,4966.9856955,1414.503153350186,0,0,0,0,0,0,0.03,0,0,0,0,0,0
AGIX,AGIX,2025-12-05T00:00:00.000Z,2025-12-05,4966.9856955,1414.503153350186,0,0,4966.9856955,1414.503153350186,0,0,0,0,0,0,0.03,0,0,0,0,0,0
AGIX,AGIX,2025-12-06T00:00:00.000Z,2025-12-06,4966.9856955,1414.503153350186,0,0,4966.9856955,1414.503153350186,0,0,0,0,0,0,0.03,0,0,0,0,0,0
AGIX,AGIX,2025-12-07T00:00:00.000Z,2025-12-07,4966.9856955,1414.503153350186,0,0,4966.9856955,1414.503153350186,0,0,0,0,0,0,0.03,0,0,0,0,0,0
AGIX,AGIX,2025-12-08T00:00:00.000Z,2025-12-08,4966.9856955,1414.503153350186,0,0,4966.9856955,1414.503153350186,0,0,0,0,0,0,0.03,0,0,0,0,0,0
AGIX,AGIX,2025-12-09T00:00:00.000Z,2025-12-09,4966.9856955,1414.503153350186,0,0,4966.9856955,1414.503153350186,0,0,0,0,0,0,0.03,0,0,0,0,0,0
AGIX,AGIX,2025-12-10T00:00:00.000Z,2025-12-10,4966.9856955,1414.503153350186,0,0,4966.9856955,1414.503153350186,0,0,0,0,0,0,0.03,0,0,0,0,0,0
AGIX,AGIX,2025-12-11T00:00:00.000Z,2025-12-11,4966.9856955,1414.503153350186,0,0,4966.9856955,1414.503153350186,0,0,0,0,0,0,0.03,0,0,0,0,0,0
AGIX,AGIX,2025-12-12T00:00:00.000Z,2025-12-12,4966.9856955,1414.503153350186,0,0,4966.9856955,1414.503153350186,0,0,0,0,0,0,0.03,0,0,0,0,0,0
AGIX,AGIX,2025-12-13T00:00:00.000Z,2025-12-13,4966.9856955,1414.503153350186,0,0,4966.9856955,1414.503153350186,0,0,0,0,0,0,0.03,0,0,0,0,0,0
AGIX,AGIX,2025-12-14T00:00:00.000Z,2025-12-14,4966.9856955,1414.503153350186,0,0,4966.9856955,1414.503153350186,0,0,0,0,0,0,0.03,0,0,0,0,0,0
AGIX,AGIX,2025-12-15T00:00:00.000Z,2025-12-15,4966.9856955,1414.503153350186,0,0,4966.9856955,1414.503153350186,0,0,0,0,0,0,0.03,0,0,0,0,0,0
AGIX,AGIX,2025-12-16T00:00:00.000Z,2025-12-16,4966.9856955,1414.503153350186,0,0,4966.9856955,1414.503153350186,0,0,0,0,0,0,0.03,0,0,0,0,0,0
AGIX,AGIX,2025-12-17T00:00:00.000Z,2025-12-17,4966.9856955,1414.503153350186,0,0,4966.9856955,1414.503153350186,0,0,0,0,0,0,0.03,0,0,0,0,0,0
AGIX,AGIX,2025-12-18T00:00:00.000Z,2025-12-18,4966.9856955,1414.503153350186,0,0,4966.9856955,1414.503153350186,0,0,0,0,0,0,0.03,0,0,0,0,0,0
AGIX,AGIX,2025-12-19T00:00:00.000Z,2025-12-19,4966.9856955,1414.503153350186,0,0,4966.9856955,1414.503153350186,0,0,0,0,0,0,0.03,0,0,0,0,0,0
AGIX,AGIX,2025-12-20T00:00:00.000Z,2025-12-20,4966.9856955,1414.503153350186,0,0,4966.9856955,1414.503153350186,0,0,0,0,0,0,0.03,0,0,0,0,0,0
AGIX,AGIX,2025-12-21T00:00:00.000Z,2025-12-21,4966.9856955,1414.503153350186,0,0,4966.9856955,1414.503153350186,0,0,0,0,0,0,0.03,0,0,0,0,0,0
AGIX,AGIX,2025-12-22T00:00:00.000Z,2025-12-22,4966.9856955,1414.503153350186,0,0,4966.9856955,1414.503153350186,0,0,0,0,0,0,0.03,0,0,0,0,0,0
AGIX,AGIX,2025-12-23T00:00:00.000Z,2025-12-23,4966.9856955,1414.503153350186,0,0,4966.9856955,1414.503153350186,0,0,0,0,0,0,0.03,0,0,0,0,0,0
AGIX,AGIX,2025-12-24T00:00:00.000Z,2025-12-24,4966.9856955,1414.503153350186,0,0,4966.9856955,1414.503153350186,0,0,0,0,0,0,0.03,0,0,0,0,0,0
AGIX,AGIX,2025-12-25T00:00:00.000Z,2025-12-25,4966.9856955,1414.503153350186,0,0,4966.9856955,1414.503153350186,0,0,0,0,0,0,0.03,0,0,0,0,0,0
AGIX,AGIX,2025-12-26T00:00:00.000Z,2025-12-26,4966.9856955,1414.503153350186,0,0,4966.9856955,1414.503153350186,0,0,0,0,0,0,0.03,0,0,0,0,0,0
AGIX,AGIX,2025-12-27T00:00:00.000Z,2025-12-27,4966.9856955,1414.503153350186,0,0,4966.9856955,1414.503153350186,0,0,0,0,0,0,0.03,0,0,0,0,0,0
AGIX,AGIX,2025-12-28T00:00:00.000Z,2025-12-28,3972.85005768,1131.392212276168,0,0,3972.85005768,1131.392212276168,0,0,0,0,0,0,0.03,0,0,0,0,0,0
AGIX,AGIX,2025-12-29T00:00:00.000Z,2025-12-29,3972.85005768,1131.392212276168,0,0,3972.85005768,1131.392212276168,0,0,0,0,0,0,0.03,0,0,0,0,0,0
AGIX,AGIX,2025-12-30T00:00:00.000Z,2025-12-30,3972.85005768,1131.392212276168,0,0,3972.85005768,1131.392212276168,0,0,0,0,0,0,0.03,0,0,0,0,0,0
AGIX,AGIX,2025-12-31T00:00:00.000Z,2025-12-31,3972.85005768,1131.392212276168,0,0,3972.85005768,1131.392212276168,0,0,0,0,0,0,0.03,0,0,0,0,0,0
AGIX,AGIX,2026-01-01T00:00:00.000Z,2026-01-01,3972.85005768,1131.392212276168,0,0,3972.85005768,1131.392212276168,0,0,0,0,0,0,0.03,0,0,0,0,0,0
AGIX,AGIX,2026-01-02T00:00:00.000Z,2026-01-02,3972.85005768,1131.392212276168,0,0,3972.85005768,1131.392212276168,0,0,0,0,0,0,0.03,0,0,0,0,0,0
AGIX,AGIX,2026-01-03T00:00:00.000Z,2026-01-03,3972.85005768,1131.392212276168,0,0,3972.85005768,1131.392212276168,0,0,0,0,0,0,0.03,0,0,0,0,0,0
AGIX,AGIX,2026-01-04T00:00:00.000Z,2026-01-04,3972.85005768,1131.392212276168,0,0,3972.85005768,1131.392212276168,0,0,0,0,0,0,0.03,0,0,0,0,0,0
AGIX,AGIX,2026-01-05T00:00:00.000Z,2026-01-05,3972.85005768,1131.392212276168,0,0,3972.85005768,1131.392212276168,0,0,0,0,0,0,0.03,0,0,0,0,0,0
AGIX,AGIX,2026-01-06T00:00:00.000Z,2026-01-06,3972.85005768,1131.392212276168,0,0,3972.85005768,1131.392212276168,0,0,0,0,0,0,0.03,0,0,0,0,0,0
AGIX,AGIX,2026-01-07T00:00:00.000Z,2026-01-07,3972.85005768,1131.392212276168,0,0,3972.85005768,1131.392212276168,0,0,0,0,0,0,0.03,0,0,0,0,0,0
AGIX,AGIX,2026-01-08T00:00:00.000Z,2026-01-08,3972.85005768,1131.392212276168,0,0,3972.85005768,1131.392212276168,0,0,0,0,0,0,0.03,0,0,0,0,0,0
AGIX,AGIX,2026-01-09T00:00:00.000Z,2026-01-09,3972.85005768,1131.392212276168,0,0,3972.85005768,1131.392212276168,0,0,0,0,0,0,0.03,0,0,0,0,0,0
AGIX,AGIX,2026-01-10T00:00:00.000Z,2026-01-10,3972.85005768,1131.392212276168,0,0,3972.85005768,1131.392212276168,0,0,0,0,0,0,0.03,0,0,0,0,0,0
AGIX,AGIX,2026-01-11T00:00:00.000Z,2026-01-11,3972.85005768,1131.392212276168,0,0,3972.85005768,1131.392212276168,0,0,0,0,0,0,0.03,0,0,0,0,0,0
AGIX,AGIX,2026-01-12T00:00:00.000Z,2026-01-12,3972.85005768,1131.392212276168,0,0,3972.85005768,1131.392212276168,0,0,0,0,0,0,0.03,0,0,0,0,0,0
AGIX,AGIX,2026-01-13T00:00:00.000Z,2026-01-13,3972.85005768,1131.392212276168,0,0,3972.85005768,1131.392212276168,0,0,0,0,0,0,0.03,0,0,0,0,0,0
AGIX,AGIX,2026-01-14T00:00:00.000Z,2026-01-14,3972.85005768,1131.392212276168,0,0,3972.85005768,1131.392212276168,0,0,0,0,0,0,0.03,0,0,0,0,0,0
AGIX,AGIX,2026-01-15T00:00:00.000Z,2026-01-15,3972.85005768,1131.392212276168,0,0,3972.85005768,1131.392212276168,0,0,0,0,0,0,0.03,0,0,0,0,0,0
AGIX,AGIX,2026-01-16T00:00:00.000Z,2026-01-16,3972.85005768,1131.392212276168,0,0,3972.85005768,1131.392212276168,0,0,0,0,0,0,0.03,0,0,0,0,0,0
AGIX,AGIX,2026-01-17T00:00:00.000Z,2026-01-17,3972.85005768,1131.392212276168,0,0,3972.85005768,1131.392212276168,0,0,0,0,0,0,0.03,0,0,0,0,0,0
AGIX,AGIX,2026-01-18T00:00:00.000Z,2026-01-18,3972.85005768,1131.392212276168,0,0,3972.85005768,1131.392212276168,0,0,0,0,0,0,0.03,0,0,0,0,0,0
AGIX,AGIX,2026-01-19T00:00:00.000Z,2026-01-19,3972.85005768,1131.392212276168,0,0,3972.85005768,1131.392212276168,0,0,0,0,0,0,0.03,0,0,0,0,0,0
AGIX,AGIX,2026-01-20T00:00:00.000Z,2026-01-20,3972.85005768,1131.392212276168,0,0,3972.85005768,1131.392212276168,0,0,0,0,0,0,0.03,0,0,0,0,0,0
AGIX,AGIX,2026-01-21T00:00:00.000Z,2026-01-21,3972.85005768,1131.392212276168,0,0,3972.85005768,1131.392212276168,0,0,0,0,0,0,0.03,0,0,0,0,0,0
AGIX,AGIX,2026-01-22T00:00:00.000Z,2026-01-22,3972.85005768,1131.392212276168,0,0,3972.85005768,1131.392212276168,0,0,0,0,0,0,0.03,0,0,0,0,0,0
AGIX,AGIX,2026-01-23T00:00:00.000Z,2026-01-23,3972.85005768,1131.392212276168,0,0,3972.85005768,1131.392212276168,0,0,0,0,0,0,0.03,0,0,0,0,0,0
AGIX,AGIX,2026-01-24T00:00:00.000Z,2026-01-24,3972.85005768,1131.392212276168,0,0,3972.85005768,1131.392212276168,0,0,0,0,0,0,0.03,0,0,0,0,0,0
AGIX,AGIX,2026-01-25T00:00:00.000Z,2026-01-25,3972.85005768,1131.392212276168,0,0,3972.85005768,1131.392212276168,0,0,0,0,0,0,0.03,0,0,0,0,0,0
AGIX,AGIX,2026-01-26T00:00:00.000Z,2026-01-26,3972.85005768,1131.392212276168,0,0,3972.85005768,1131.392212276168,0,0,0,0,0,0,0.03,0,0,0,0,0,0
AGIX,AGIX,2026-01-27T00:00:00.000Z,2026-01-27,3972.85005768,1131.392212276168,0,0,3972.85005768,1131.392212276168,0,0,0,0,0,0,0.03,0,0,0,0,0,0
AGIX,AGIX,2026-01-28T00:00:00.000Z,2026-01-28,3972.85005768,1131.392212276168,0,0,3972.85005768,1131.392212276168,0,0,0,0,0,0,0.03,0,0,0,0,0,0
AGIX,AGIX,2026-01-29T00:00:00.000Z,2026-01-29,3972.85005768,1131.392212276168,0,0,3972.85005768,1131.392212276168,0,0,0,0,0,0,0.03,0,0,0,0,0,0
AGIX,AGIX,2026-01-30T00:00:00.000Z,2026-01-30,3972.85005768,1131.392212276168,0,0,3972.85005768,1131.392212276168,0,0,0,0,0,0,0.03,0,0,0,0,0,0
AGIX,AGIX,2026-01-31T00:00:00.000Z,2026-01-31,3972.85005768,1131.392212276168,0,0,3972.85005768,1131.392212276168,0,0,0,0,0,0,0.03,0,0,0,0,0,0
AGIX,AGIX,2026-02-01T00:00:00.000Z,2026-02-01,3972.85005768,1131.392212276168,0,0,3972.85005768,1131.392212276168,0,0,0,0,0,0,0.03,0,0,0,0,0,0
AGIX,AGIX,2026-02-02T00:00:00.000Z,2026-02-02,3972.85005768,1131.392212276168,0,0,3972.85005768,1131.392212276168,0,0,0,0,0,0,0.03,0,0,0,0,0,0
AGIX,AGIX,2026-02-03T00:00:00.000Z,2026-02-03,3972.85005768,1131.392212276168,0,0,3972.85005768,1131.392212276168,0,0,0,0,0,0,0.03,0,0,0,0,0,0
AGIX,AGIX,2026-02-04T00:00:00.000Z,2026-02-04,3972.85005768,1131.392212276168,0,0,3972.85005768,1131.392212276168,0,0,0,0,0,0,0.03,0,0,0,0,0,0
AGIX,AGIX,2026-02-05T00:00:00.000Z,2026-02-05,3972.85005768,1131.392212276168,0,0,3972.85005768,1131.392212276168,0,0,0,0,0,0,0.03,0,0,0,0,0,0
AGIX,AGIX,2026-02-06T00:00:00.000Z,2026-02-06,3972.85005768,1131.392212276168,0,0,3972.85005768,1131.392212276168,0,0,0,0,0,0,0.03,0,0,0,0,0,0
AGIX,AGIX,2026-02-07T00:00:00.000Z,2026-02-07,3972.85005768,1131.392212276168,0,0,3972.85005768,1131.392212276168,0,0,0,0,0,0,0.03,0,0,0,0,0,0
AGIX,AGIX,2026-02-08T00:00:00.000Z,2026-02-08,3972.85005768,1131.392212276168,0,0,3972.85005768,1131.392212276168,0,0,0,0,0,0,0.03,0,0,0,0,0,0
AGIX,AGIX,2026-02-09T00:00:00.000Z,2026-02-09,3972.85005768,1131.392212276168,0,0,3972.85005768,1131.392212276168,0,0,0,0,0,0,0.03,0,0,0,0,0,0
AGIX,AGIX,2026-02-10T00:00:00.000Z,2026-02-10,3972.85005768,1131.392212276168,0,0,3972.85005768,1131.392212276168,0,0,0,0,0,0,0.03,0,0,0,0,0,0
AGIX,AGIX,2026-02-11T00:00:00.000Z,2026-02-11,3972.85005768,1131.392212276168,0,0,3972.85005768,1131.392212276168,0,0,0,0,0,0,0.03,0,0,0,0,0,0
AGIX,AGIX,2026-02-12T00:00:00.000Z,2026-02-12,3972.85005768,1131.392212276168,0,0,3972.85005768,1131.392212276168,0,0,0,0,0,0,0.03,0,0,0,0,0,0
AGIX,AGIX,2026-02-13T00:00:00.000Z,2026-02-13,3972.85005768,1131.392212276168,0,0,3972.85005768,1131.392212276168,0,0,0,0,0,0,0.03,0,0,0,0,0,0
AGIX,AGIX,2026-02-14T00:00:00.000Z,2026-02-14,3972.85005768,1131.392212276168,0,0,3972.85005768,1131.392212276168,0,0,0,0,0,0,0.03,0,0,0,0,0,0
AGIX,AGIX,2026-02-15T00:00:00.000Z,2026-02-15,3972.85005768,1131.392212276168,0,0,3972.85005768,1131.392212276168,0,0,0,0,0,0,0.03,0,0,0,0,0,0
AGIX,AGIX,2026-02-16T00:00:00.000Z,2026-02-16,3972.85005768,1131.392212276168,0,0,3972.85005768,1131.392212276168,0,0,0,0,0,0,0.03,0,0,0,0,0,0
AGIX,AGIX,2026-02-17T00:00:00.000Z,2026-02-17,3972.85005768,1131.392212276168,0,0,3972.85005768,1131.392212276168,0,0,0,0,0,0,0.03,0,0,0,0,0,0
AGIX,AGIX,2026-02-18T00:00:00.000Z,2026-02-18,3972.85005768,1131.392212276168,0,0,3972.85005768,1131.392212276168,0,0,0,0,0,0,0.03,0,0,0,0,0,0
AGIX,AGIX,2026-02-19T00:00:00.000Z,2026-02-19,3972.85005768,1131.392212276168,0,0,3972.85005768,1131.392212276168,0,0,0,0,0,0,0.03,0,0,0,0,0,0
AGIX,AGIX,2026-02-20T00:00:00.000Z,2026-02-20,3972.85005768,1131.392212276168,0,0,3972.85005768,1131.392212276168,0,0,0,0,0,0,0.03,0,0,0,0,0,0
AGIX,AGIX,2026-02-21T00:00:00.000Z,2026-02-21,3972.85005768,1131.392212276168,0,0,3972.85005768,1131.392212276168,0,0,0,0,0,0,0.03,0,0,0,0,0,0
AGIX,AGIX,2026-02-22T00:00:00.000Z,2026-02-22,3972.85005768,1131.392212276168,0,0,3972.85005768,1131.392212276168,0,0,0,0,0,0,0.03,0,0,0,0,0,0
AGIX,AGIX,2026-02-24T00:00:00.000Z,2026-02-24,3972.85005768,1131.392212276168,0,0,3972.85005768,1131.392212276168,0,0,0,0,0,0,0.03,0,0,0,0,0,0
AGIX,AGIX,2026-02-25T00:00:00.000Z,2026-02-25,3972.85005768,1131.392212276168,0,0,3972.85005768,1131.392212276168,0,0,0,0,0,0,0.03,0,0,0,0,0,0
AGIX,AGIX,2026-02-26T00:00:00.000Z,2026-02-26,3972.85005768,1131.392212276168,0,0,3972.85005768,1131.392212276168,0,0,0,0,0,0,0.03,0,0,0,0,0,0
AGIX,AGIX,2026-02-27T00:00:00.000Z,2026-02-27,3972.85005768,1131.392212276168,0,0,3972.85005768,1131.392212276168,0,0,0,0,0,0,0.03,0,0,0,0,0,0
AGIX,AGIX,2026-02-28T00:00:00.000Z,2026-02-28,3972.85005768,1131.392212276168,0,0,3972.85005768,1131.392212276168,0,0,0,0,0,0,0.03,0,0,0,0,0,0
AGIX,AGIX,2026-03-01T00:00:00.000Z,2026-03-01,3972.85005768,1131.392212276168,0,0,3972.85005768,1131.392212276168,0,0,0,0,0,0,0.03,0,0,0,0,0,0
AGIX,AGIX,2026-03-02T00:00:00.000Z,2026-03-02,3972.85005768,1131.392212276168,0,0,3972.85005768,1131.392212276168,0,0,0,0,0,0,0.03,0,0,0,0,0,0
AGIX,AGIX,2026-03-03T00:00:00.000Z,2026-03-03,3972.85005768,1131.392212276168,0,0,3972.85005768,1131.392212276168,0,0,0,0,0,0,0.03,0,0,0,0,0,0
AGIX,AGIX,2026-03-04T00:00:00.000Z,2026-03-04,3972.85005768,1131.392212276168,0,0,3972.85005768,1131.392212276168,0,0,0,0,0,0,0.03,0,0,0,0,0,0
AGIX,AGIX,2026-03-05T00:00:00.000Z,2026-03-05,3972.85005768,1131.392212276168,0,0,3972.85005768,1131.392212276168,0,0,0,0,0,0,0.03,0,0,0,0,0,0
AGIX,AGIX,2026-03-06T00:00:00.000Z,2026-03-06,3972.85005768,1131.392212276168,0,0,3972.85005768,1131.392212276168,0,0,0,0,0,0,0.03,0,0,0,0,0,0
AGIX,AGIX,2026-03-07T00:00:00.000Z,2026-03-07,3972.85005768,1131.392212276168,0,0,3972.85005768,1131.392212276168,0,0,0,0,0,0,0.03,0,0,0,0,0,0
AGIX,AGIX,2026-03-08T00:00:00.000Z,2026-03-08,3972.85005768,1131.392212276168,0,0,3972.85005768,1131.392212276168,0,0,0,0,0,0,0.03,0,0,0,0,0,0
AGIX,AGIX,2026-03-09T00:00:00.000Z,2026-03-09,3972.85005768,1131.392212276168,0,0,3972.85005768,1131.392212276168,0,0,0,0,0,0,0.03,0,0,0,0,0,0
AGIX,AGIX,2026-03-10T00:00:00.000Z,2026-03-10,3972.85005768,1131.392212276168,0,0,3972.85005768,1131.392212276168,0,0,0,0,0,0,0.03,0,0,0,0,0,0
AGIX,AGIX,2026-03-11T00:00:00.000Z,2026-03-11,3972.85005768,1131.392212276168,0,0,3972.85005768,1131.392212276168,0,0,0,0,0,0,0.03,0,0,0,0,0,0
AGIX,AGIX,2026-03-12T00:00:00.000Z,2026-03-12,3972.85005768,1131.392212276168,0,0,3972.85005768,1131.392212276168,0,0,0,0,0,0,0.03,0,0,0,0,0,0
AGIX,AGIX,2026-03-13T00:00:00.000Z,2026-03-13,3972.85005768,1131.392212276168,0,0,3972.85005768,1131.392212276168,0,0,0,0,0,0,0.03,0,0,0,0,0,0
AGIX,AGIX,2026-03-14T00:00:00.000Z,2026-03-14,3972.85005768,1131.392212276168,0,0,3972.85005768,1131.392212276168,0,0,0,0,0,0,0.03,0,0,0,0,0,0
AGIX,AGIX,2026-03-15T00:00:00.000Z,2026-03-15,3972.85005768,1131.392212276168,0,0,3972.85005768,1131.392212276168,0,0,0,0,0,0,0.03,0,0,0,0,0,0
AGIX,AGIX,2026-03-16T00:00:00.000Z,2026-03-16,3972.85005768,1131.392212276168,0,0,3972.85005768,1131.392212276168,0,0,0,0,0,0,0.03,0,0,0,0,0,0
AGIX,AGIX,2026-03-17T00:00:00.000Z,2026-03-17,3972.85005768,1131.392212276168,0,0,3972.85005768,1131.392212276168,0,0,0,0,0,0,0.03,0,0,0,0,0,0
AGIX,AGIX,2026-03-18T00:00:00.000Z,2026-03-18,3972.85005768,1131.392212276168,0,0,3972.85005768,1131.392212276168,0,0,0,0,0,0,0.03,0,0,0,0,0,0
AGIX,AGIX,2026-03-19T00:00:00.000Z,2026-03-19,3972.85005768,1131.392212276168,0,0,3972.85005768,1131.392212276168,0,0,0,0,0,0,0.03,0,0,0,0,0,0
AGIX,AGIX,2026-03-20T00:00:00.000Z,2026-03-20,3972.85005768,1131.392212276168,0,0,3972.85005768,1131.392212276168,0,0,0,0,0,0,0.03,0,0,0,0,0,0
AGIX,AGIX,2026-03-21T00:00:00.000Z,2026-03-21,3972.85005768,1131.392212276168,0,0,3972.85005768,1131.392212276168,0,0,0,0,0,0,0.03,0,0,0,0,0,0
AGIX,AGIX,2026-03-22T00:00:00.000Z,2026-03-22,3972.85005768,1131.392212276168,0,0,3972.85005768,1131.392212276168,0,0,0,0,0,0,0.03,0,0,0,0,0,0
AGIX,AGIX,2026-03-23T00:00:00.000Z,2026-03-23,3972.85005768,1131.392212276168,0,0,3972.85005768,1131.392212276168,0,0,0,0,0,0,0.03,0,0,0,0,0,0
AGIX,AGIX,2026-03-24T00:00:00.000Z,2026-03-24,3972.85005768,1131.392212276168,0,0,3972.85005768,1131.392212276168,0,0,0,0,0,0,0.03,0,0,0,0,0,0
AGIX,AGIX,2026-03-25T00:00:00.000Z,2026-03-25,3972.85005768,1131.392212276168,0,0,3972.85005768,1131.392212276168,0,0,0,0,0,0,0.03,0,0,0,0,0,0
AGIX,AGIX,2026-03-26T00:00:00.000Z,2026-03-26,3972.85005768,1131.392212276168,0,0,3972.85005768,1131.392212276168,0,0,0,0,0,0,0.03,0,0,0,0,0,0
AGIX,AGIX,2026-03-27T00:00:00.000Z,2026-03-27,3972.85005768,1131.392212276168,0,0,3972.85005768,1131.392212276168,0,0,0,0,0,0,0.03,0,0,0,0,0,0
AGIX,AGIX,2026-03-28T00:00:00.000Z,2026-03-28,3972.85005768,1131.392212276168,0,0,3972.85005768,1131.392212276168,0,0,0,0,0,0,0.03,0,0,0,0,0,0
AGIX,AGIX,2026-03-29T00:00:00.000Z,2026-03-29,3972.85005768,1131.392212276168,0,0,3972.85005768,1131.392212276168,0,0,0,0,0,0,0.03,0,0,0,0,0,0
AGIX,AGIX,2026-03-30T00:00:00.000Z,2026-03-30,3972.85005768,1131.392212276168,0,0,3972.85005768,1131.392212276168,0,0,0,0,0,0,0.03,0,0,0,0,0,0
AGIX,AGIX,2026-03-31T00:00:00.000Z,2026-03-31,3972.85005768,1131.392212276168,0,0,3972.85005768,1131.392212276168,0,0,0,0,0,0,0.03,0,0,0,0,0,0
AGIX,AGIX,2026-04-01T00:00:00.000Z,2026-04-01,3972.85005768,1131.392212276168,0,0,3972.85005768,1131.392212276168,0,0,0,0,0,0,0.03,0,0,0,0,0,0
AGIX,AGIX,2026-04-02T00:00:00.000Z,2026-04-02,3972.85005768,1131.392212276168,0,0,3972.85005768,1131.392212276168,0,0,0,0,0,0,0.03,0,0,0,0,0,0
AGIX,AGIX,2026-04-03T00:00:00.000Z,2026-04-03,3972.85005768,1131.392212276168,0,0,3972.85005768,1131.392212276168,0,0,0,0,0,0,0.03,0,0,0,0,0,0
AGIX,AGIX,2026-04-04T00:00:00.000Z,2026-04-04,3972.85005768,1131.392212276168,0,0,3972.85005768,1131.392212276168,0,0,0,0,0,0,0.03,0,0,0,0,0,0
AGIX,AGIX,2026-04-05T00:00:00.000Z,2026-04-05,3972.85005768,1131.392212276168,0,0,3972.85005768,1131.392212276168,0,0,0,0,0,0,0.03,0,0,0,0,0,0
AGIX,AGIX,2026-04-06T00:00:00.000Z,2026-04-06,3972.85005768,1131.392212276168,0,0,3972.85005768,1131.392212276168,0,0,0,0,0,0,0.03,0,0,0,0,0,0
AGIX,AGIX,2026-04-07T00:00:00.000Z,2026-04-07,3972.85005768,1131.392212276168,0,0,3972.85005768,1131.392212276168,0,0,0,0,0,0,0.03,0,0,0,0,0,0
AGIX,AGIX,2026-04-08T00:00:00.000Z,2026-04-08,3972.85005768,1131.392212276168,0,0,3972.85005768,1131.392212276168,0,0,0,0,0,0,0.03,0,0,0,0,0,0
AGIX,AGIX,2026-04-09T00:00:00.000Z,2026-04-09,3972.85005768,1131.392212276168,0,0,3972.85005768,1131.392212276168,0,0,0,0,0,0,0.03,0,0,0,0,0,0
AGIX,AGIX,2026-04-10T00:00:00.000Z,2026-04-10,3972.85005768,1131.392212276168,0,0,3972.85005768,1131.392212276168,0,0,0,0,0,0,0.03,0,0,0,0,0,0
AGIX,AGIX,2026-04-11T00:00:00.000Z,2026-04-11,3972.85005768,1131.392212276168,0,0,3972.85005768,1131.392212276168,0,0,0,0,0,0,0.03,0,0,0,0,0,0
AGIX,AGIX,2026-04-12T00:00:00.000Z,2026-04-12,3972.85005768,1131.392212276168,0,0,3972.85005768,1131.392212276168,0,0,0,0,0,0,0.03,0,0,0,0,0,0
AGIX,AGIX,2026-04-13T00:00:00.000Z,2026-04-13,3972.85005768,1131.392212276168,0,0,3972.85005768,1131.392212276168,0,0,0,0,0,0,0.03,0,0,0,0,0,0
AGIX,AGIX,2026-04-14T00:00:00.000Z,2026-04-14,3972.85005768,1131.392212276168,0,0,3972.85005768,1131.392212276168,0,0,0,0,0,0,0.03,0,0,0,0,0,0
AGIX,AGIX,2026-04-15T00:00:00.000Z,2026-04-15,3972.85005768,1131.392212276168,0,0,3972.85005768,1131.392212276168,0,0,0,0,0,0,0.03,0,0,0,0,0,0
AGIX,AGIX,2026-04-16T00:00:00.000Z,2026-04-16,3972.85005768,1131.392212276168,0,0,3972.85005768,1131.392212276168,0,0,0,0,0,0,0.03,0,0,0,0,0,0
AGIX,AGIX,2026-04-17T00:00:00.000Z,2026-04-17,3972.85005768,1131.392212276168,0,0,3972.85005768,1131.392212276168,0,0,0,0,0,0,0.03,0,0,0,0,0,0
AGIX,AGIX,2026-04-18T00:00:00.000Z,2026-04-18,3972.85005768,1131.392212276168,0,0,3972.85005768,1131.392212276168,0,0,0,0,0,0,0.03,0,0,0,0,0,0
AGIX,AGIX,2026-04-19T00:00:00.000Z,2026-04-19,3972.85005768,1131.392212276168,0,0,3972.85005768,1131.392212276168,0,0,0,0,0,0,0.03,0,0,0,0,0,0
AGIX,AGIX,2026-04-20T00:00:00.000Z,2026-04-20,3972.85005768,1131.392212276168,0,0,3972.85005768,1131.392212276168,0,0,0,0,0,0,0.03,0,0,0,0,0,0
AGIX,AGIX,2026-04-21T00:00:00.000Z,2026-04-21,3972.85005768,1131.392212276168,0,0,3972.85005768,1131.392212276168,0,0,0,0,0,0,0.03,0,0,0,0,0,0
AGIX,AGIX,2026-04-22T00:00:00.000Z,2026-04-22,3972.85005768,1131.392212276168,0,0,3972.85005768,1131.392212276168,0,0,0,0,0,0,0.03,0,0,0,0,0,0
AGIX,AGIX,2026-04-23T00:00:00.000Z,2026-04-23,3972.85005768,1131.392212276168,0,0,3972.85005768,1131.392212276168,0,0,0,0,0,0,0.03,0,0,0,0,0,0
AGIX,AGIX,2026-04-24T00:00:00.000Z,2026-04-24,3972.85005768,1131.392212276168,0,0,3972.85005768,1131.392212276168,0,0,0,0,0,0,0.03,0,0,0,0,0,0
AGIX,AGIX,2026-04-25T00:00:00.000Z,2026-04-25,3584.88590897,1020.907394042386,0,0,3584.88590897,1020.907394042386,0,0,0,0,0,0,0.03,0,0,0,0,0,0
AGIX,AGIX,2026-04-26T00:00:00.000Z,2026-04-26,3584.88590897,1020.907394042386,0,0,3584.88590897,1020.907394042386,0,0,0,0,0,0,0.03,0,0,0,0,0,0
AGIX,AGIX,2026-04-27T00:00:00.000Z,2026-04-27,3584.88590897,1020.907394042386,0,0,3584.88590897,1020.907394042386,0,0,0,0,0,0,0.03,0,0,0,0,0,0
AGIX,AGIX,2026-04-28T00:00:00.000Z,2026-04-28,3584.88590897,1020.907394042386,0,0,3584.88590897,1020.907394042386,0,0,0,0,0,0,0.03,0,0,0,0,0,0
AGIX,AGIX,2026-04-29T00:00:00.000Z,2026-04-29,3584.88590897,1020.907394042386,0,0,3584.88590897,1020.907394042386,0,0,0,0,0,0,0.03,0,0,0,0,0,0
AGIX,AGIX,2026-04-30T00:00:00.000Z,2026-04-30,3584.88590897,1020.907394042386,0,0,3584.88590897,1020.907394042386,0,0,0,0,0,0,0.03,0,0,0,0,0,0
AGIX,AGIX,2026-05-01T00:00:00.000Z,2026-05-01,3584.88590897,1020.907394042386,0,0,3584.88590897,1020.907394042386,0,0,0,0,0,0,0.03,0,0,0,0,0,0
AGIX,AGIX,2026-05-02T00:00:00.000Z,2026-05-02,3584.88590897,1020.907394042386,0,0,3584.88590897,1020.907394042386,0,0,0,0,0,0,0.03,0,0,0,0,0,0
AGIX,AGIX,2026-05-03T00:00:00.000Z,2026-05-03,3584.88590897,1020.907394042386,0,0,3584.88590897,1020.907394042386,0,0,0,0,0,0,0.03,0,0,0,0,0,0
AGIX,AGIX,2026-05-04T00:00:00.000Z,2026-05-04,3584.88590897,1020.907394042386,0,0,3584.88590897,1020.907394042386,0,0,0,0,0,0,0.03,0,0,0,0,0,0
AGIX,AGIX,2026-05-05T00:00:00.000Z,2026-05-05,3584.88590897,1020.907394042386,0,0,3584.88590897,1020.907394042386,0,0,0,0,0,0,0.03,0,0,0,0,0,0
AGIX,AGIX,2026-05-06T00:00:00.000Z,2026-05-06,3584.88590897,1020.907394042386,0,0,3584.88590897,1020.907394042386,0,0,0,0,0,0,0.03,0,0,0,0,0,0
AGIX,AGIX,2026-05-07T00:00:00.000Z,2026-05-07,3584.88590897,1020.907394042386,0,0,3584.88590897,1020.907394042386,0,0,0,0,0,0,0.03,0,0,0,0,0,0
AGIX,AGIX,2026-05-08T00:00:00.000Z,2026-05-08,3584.88590897,1020.907394042386,0,0,3584.88590897,1020.907394042386,0,0,0,0,0,0,0.03,0,0,0,0,0,0
AGIX,AGIX,2026-05-09T00:00:00.000Z,2026-05-09,3584.88590897,1020.907394042386,0,0,3584.88590897,1020.907394042386,0,0,0,0,0,0,0.03,0,0,0,0,0,0
AGIX,AGIX,2026-05-10T00:00:00.000Z,2026-05-10,3584.88590897,1020.907394042386,0,0,3584.88590897,1020.907394042386,0,0,0,0,0,0,0.03,0,0,0,0,0,0
AGIX,AGIX,2026-05-11T00:00:00.000Z,2026-05-11,3584.88590897,1020.907394042386,0,0,3584.88590897,1020.907394042386,0,0,0,0,0,0,0.03,0,0,0,0,0,0
AGIX,AGIX,2026-05-12T00:00:00.000Z,2026-05-12,3584.88590897,1020.907394042386,0,0,3584.88590897,1020.907394042386,0,0,0,0,0,0,0.03,0,0,0,0,0,0
AGIX,AGIX,2026-05-13T00:00:00.000Z,2026-05-13,3584.88590897,1020.907394042386,0,0,3584.88590897,1020.907394042386,0,0,0,0,0,0,0.03,0,0,0,0,0,0
AGIX,AGIX,2026-05-14T00:00:00.000Z,2026-05-14,3584.88590897,1020.907394042386,0,0,3584.88590897,1020.907394042386,0,0,0,0,0,0,0.03,0,0,0,0,0,0
AGIX,AGIX,2026-05-15T00:00:00.000Z,2026-05-15,3584.88590897,1020.907394042386,0,0,3584.88590897,1020.907394042386,0,0,0,0,0,0,0.03,0,0,0,0,0,0
AGIX,AGIX,2026-05-16T00:00:00.000Z,2026-05-16,3584.88590897,1020.907394042386,0,0,3584.88590897,1020.907394042386,0,0,0,0,0,0,0.03,0,0,0,0,0,0
AGIX,AGIX,2026-05-17T00:00:00.000Z,2026-05-17,3584.88590897,1020.907394042386,0,0,3584.88590897,1020.907394042386,0,0,0,0,0,0,0.03,0,0,0,0,0,0
AGIX,AGIX,2026-05-18T00:00:00.000Z,2026-05-18,3584.88590897,1020.907394042386,0,0,3584.88590897,1020.907394042386,0,0,0,0,0,0,0.03,0,0,0,0,0,0
AGIX,AGIX,2026-05-19T00:00:00.000Z,2026-05-19,3584.88590897,1020.907394042386,0,0,3584.88590897,1020.907394042386,0,0,0,0,0,0,0.03,0,0,0,0,0,0
AGIX,AGIX,2026-05-20T00:00:00.000Z,2026-05-20,3584.88590897,1020.907394042386,0,0,3584.88590897,1020.907394042386,0,0,0,0,0,0,0.03,0,0,0,0,0,0
AGIX,AGIX,2026-05-21T00:00:00.000Z,2026-05-21,3584.88590897,1020.907394042386,0,0,3584.88590897,1020.907394042386,0,0,0,0,0,0,0.03,0,0,0,0,0,0
AGIX,AGIX,2026-05-22T00:00:00.000Z,2026-05-22,3584.88590897,1020.907394042386,0,0,3584.88590897,1020.907394042386,0,0,0,0,0,0,0.03,0,0,0,0,0,0
AGIX,AGIX,2026-05-23T00:00:00.000Z,2026-05-23,3584.88590897,1020.907394042386,0,0,3584.88590897,1020.907394042386,0,0,0,0,0,0,0.03,0,0,0,0,0,0
AGIX,AGIX,2026-05-24T00:00:00.000Z,2026-05-24,3584.88590897,1020.907394042386,0,0,3584.88590897,1020.907394042386,0,0,0,0,0,0,0.03,0,0,0,0,0,0
AGIX,AGIX,2026-05-26T00:00:00.000Z,2026-05-26,3584.88590897,1020.907394042386,0,0,3584.88590897,1020.907394042386,0,0,0,0,0,0,0.03,0,0,0,0,0,0
AGIX,AGIX,2026-05-27T00:00:00.000Z,2026-05-27,3584.88590897,1020.907394042386,0,0,3584.88590897,1020.907394042386,0,0,0,0,0,0,0.03,0,0,0,0,0,0
AGIX,AGIX,2026-05-28T00:00:00.000Z,2026-05-28,3584.88590897,1020.907394042386,0,0,3584.88590897,1020.907394042386,0,0,0,0,0,0,0.03,0,0,0,0,0,0
AGIX,AGIX,2026-05-29T00:00:00.000Z,2026-05-29,3584.88590897,1020.907394042386,0,0,3584.88590897,1020.907394042386,0,0,0,0,0,0,0.03,0,0,0,0,0,0
AGIX,AGIX,2026-05-30T00:00:00.000Z,2026-05-30,3584.88590897,1020.907394042386,0,0,3584.88590897,1020.907394042386,0,0,0,0,0,0,0.03,0,0,0,0,0,0
AGIX,AGIX,2026-05-31T00:00:00.000Z,2026-05-31,3584.88590897,1020.907394042386,0,0,3584.88590897,1020.907394042386,0,0,0,0,0,0,0.03,0,0,0,0,0,0
AGIX,AGIX,2026-06-01T00:00:00.000Z,2026-06-01,3584.88590897,1020.907394042386,0,0,3584.88590897,1020.907394042386,0,0,0,0,0,0,0.03,0,0,0,0,0,0
AGIX,AGIX,2026-06-02T00:00:00.000Z,2026-06-02,3584.88590897,1020.907394042386,0,0,3584.88590897,1020.907394042386,0,0,0,0,0,0,0.03,0,0,0,0,0,0
AGIX,AGIX,2026-06-03T00:00:00.000Z,2026-06-03,3584.88590897,1020.907394042386,0,0,3584.88590897,1020.907394042386,0,0,0,0,0,0,0.03,0,0,0,0,0,0
AGIX,AGIX,2026-06-04T00:00:00.000Z,2026-06-04,3584.88590897,1020.907394042386,0,0,3584.88590897,1020.907394042386,0,0,0,0,0,0,0.03,0,0,0,0,0,0
AGIX,AGIX,2026-06-05T00:00:00.000Z,2026-06-05,3584.88590897,1020.907394042386,0,0,3584.88590897,1020.907394042386,0,0,0,0,0,0,0.03,0,0,0,0,0,0
AGIX,AGIX,2026-06-06T00:00:00.000Z,2026-06-06,3584.88590897,1020.907394042386,0,0,3584.88590897,1020.907394042386,0,0,0,0,0,0,0.03,0,0,0,0,0,0
AGIX,AGIX,2026-06-07T00:00:00.000Z,2026-06-07,3584.88590897,1020.907394042386,0,0,3584.88590897,1020.907394042386,0,0,0,0,0,0,0.03,0,0,0,0,0,0
AGIX,AGIX,2026-06-08T00:00:00.000Z,2026-06-08,3584.88590897,1020.907394042386,0,0,3584.88590897,1020.907394042386,0,0,0,0,0,0,0.03,0,0,0,0,0,0
AGIX,AGIX,2026-06-09T00:00:00.000Z,2026-06-09,3584.88590897,1020.907394042386,0,0,3584.88590897,1020.907394042386,0,0,0,0,0,0,0.03,0,0,0,0,0,0
AGIX,AGIX,2026-06-10T00:00:00.000Z,2026-06-10,3584.88590897,1020.907394042386,0,0,3584.88590897,1020.907394042386,0,0,0,0,0,0,0.03,0,0,0,0,0,0
AGIX,AGIX,2026-06-11T00:00:00.000Z,2026-06-11,3584.88590897,1020.907394042386,0,0,3584.88590897,1020.907394042386,0,0,0,0,0,0,0.03,0,0,0,0,0,0
AGIX,AGIX,2026-06-12T00:00:00.000Z,2026-06-12,3584.88590897,1020.907394042386,0,0,3584.88590897,1020.907394042386,0,0,0,0,0,0,0.03,0,0,0,0,0,0
AGIX,AGIX,2026-06-13T00:00:00.000Z,2026-06-13,3584.88590897,1020.907394042386,0,0,3584.88590897,1020.907394042386,0,0,0,0,0,0,0.03,0,0,0,0,0,0
AGIX,AGIX,2026-06-14T00:00:00.000Z,2026-06-14,3584.88590897,1020.907394042386,0,0,3584.88590897,1020.907394042386,0,0,0,0,0,0,0.03,0,0,0,0,0,0
AGIX,AGIX,2026-06-15T00:00:00.000Z,2026-06-15,3584.88590897,1020.907394042386,0,0,3584.88590897,1020.907394042386,0,0,0,0,0,0,0.03,0,0,0,0,0,0
AGIX,AGIX,2026-06-16T00:00:00.000Z,2026-06-16,3584.88590897,1020.907394042386,0,0,3584.88590897,1020.907394042386,0,0,0,0,0,0,0.03,0,0,0,0,0,0
AGIX,AGIX,2026-06-17T00:00:00.000Z,2026-06-17,3584.88590897,1020.907394042386,0,0,3584.88590897,1020.907394042386,0,0,0,0,0,0,0.03,0,0,0,0,0,0
AGIX,AGIX,2026-06-18T00:00:00.000Z,2026-06-18,3584.88590897,1020.907394042386,0,0,3584.88590897,1020.907394042386,0,0,0,0,0,0,0.03,0,0,0,0,0,0
AGIX,AGIX,2026-06-19T00:00:00.000Z,2026-06-19,3584.88590897,1020.907394042386,0,0,3584.88590897,1020.907394042386,0,0,0,0,0,0,0.03,0,0,0,0,0,0
AGIX,AGIX,2026-06-20T00:00:00.000Z,2026-06-20,3584.88590897,1020.907394042386,0,0,3584.88590897,1020.907394042386,0,0,0,0,0,0,0.03,0,0,0,0,0,0
AGIX,AGIX,2026-06-21T00:00:00.000Z,2026-06-21,3584.88590897,1020.907394042386,0,0,3584.88590897,1020.907394042386,0,0,0,0,0,0,0.03,0,0,0,0,0,0
AGIX,AGIX,2026-06-22T00:00:00.000Z,2026-06-22,3584.88590897,1020.907394042386,0,0,3584.88590897,1020.907394042386,0,0,0,0,0,0,0.03,0,0,0,0,0,0
AGIX,AGIX,2026-06-23T00:00:00.000Z,2026-06-23,3584.88590897,1020.907394042386,0,0,3584.88590897,1020.907394042386,0,0,0,0,0,0,0.03,0,0,0,0,0,0
AGIX,AGIX,2026-06-24T00:00:00.000Z,2026-06-24,3584.88590897,1020.907394042386,0,0,3584.88590897,1020.907394042386,0,0,0,0,0,0,0.03,0,0,0,0,0,0
AGIX,AGIX,2026-06-25T00:00:00.000Z,2026-06-25,3584.88590897,1020.907394042386,0,0,3584.88590897,1020.907394042386,0,0,0,0,0,0,0.03,0,0,0,0,0,0
AGIX,AGIX,2026-06-26T00:00:00.000Z,2026-06-26,3584.88590897,1020.907394042386,0,0,3584.88590897,1020.907394042386,0,0,0,0,0,0,0.03,0,0,0,0,0,0
AGIX,AGIX,2026-06-27T00:00:00.000Z,2026-06-27,3584.88590897,1020.907394042386,0,0,3584.88590897,1020.907394042386,0,0,0,0,0,0,0.03,0,0,0,0,0,0
AGIX,AGIX,2026-06-28T00:00:00.000Z,2026-06-28,3584.88590897,1020.907394042386,0,0,3584.88590897,1020.907394042386,0,0,0,0,0,0,0.03,0,0,0,0,0,0
AGIX,AGIX,2026-06-29T00:00:00.000Z,2026-06-29,3584.88590897,1020.907394042386,0,0,3584.88590897,1020.907394042386,0,0,0,0,0,0,0.03,0,0,0,0,0,0
AGIX,AGIX,2026-06-30T00:00:00.000Z,2026-06-30,3584.88590897,1020.907394042386,0,0,3584.88590897,1020.907394042386,0,0,0,0,0,0,0.03,0,0,0,0,0,0
AGIX,AGIX,2026-07-01T00:00:00.000Z,2026-07-01,3584.88590897,1020.907394042386,0,0,3584.88590897,1020.907394042386,0,0,0,0,0,0,0.03,0,0,0,0,0,0
AGIX,AGIX,2026-07-02T00:00:00.000Z,2026-07-02,3584.88590897,1020.907394042386,0,0,3584.88590897,1020.907394042386,0,0,0,0,0,0,0.03,0,0,0,0,0,0
AGIX,AGIX,2026-07-03T00:00:00.000Z,2026-07-03,3584.88590897,1020.907394042386,0,0,3584.88590897,1020.907394042386,0,0,0,0,0,0,0.03,0,0,0,0,0,0
AGIX,AGIX,2026-07-04T00:00:00.000Z,2026-07-04,3584.88590897,1020.907394042386,0,0,3584.88590897,1020.907394042386,0,0,0,0,0,0,0.03,0,0,0,0,0,0
AGIX,AGIX,2026-07-05T00:00:00.000Z,2026-07-05,3584.88590897,1020.907394042386,0,0,3584.88590897,1020.907394042386,0,0,0,0,0,0,0.03,0,0,0,0,0,0
AGIX,AGIX,2026-07-06T00:00:00.000Z,2026-07-06,3584.88590897,1020.907394042386,0,0,3584.88590897,1020.907394042386,0,0,0,0,0,0,0.03,0,0,0,0,0,0
AGIX,AGIX,2026-07-07T00:00:00.000Z,2026-07-07,3584.88590897,1020.907394042386,0,0,3584.88590897,1020.907394042386,0,0,0,0,0,0,0.03,0,0,0,0,0,0
AGIX,AGIX,2026-07-08T00:00:00.000Z,2026-07-08,3584.88590897,1020.907394042386,0,0,3584.88590897,1020.907394042386,0,0,0,0,0,0,0.03,0,0,0,0,0,0
AGIX,AGIX,2026-07-09T00:00:00.000Z,2026-07-09,3584.88590897,1020.907394042386,0,0,3584.88590897,1020.907394042386,0,0,0,0,0,0,0.03,0,0,0,0,0,0
AGIX,AGIX,2026-07-10T00:00:00.000Z,2026-07-10,3584.88590897,1020.907394042386,0,0,3584.88590897,1020.907394042386,0,0,0,0,0,0,0.03,0,0,0,0,0,0
AGIX,AGIX,2026-07-11T00:00:00.000Z,2026-07-11,3584.88590897,1020.907394042386,0,0,3584.88590897,1020.907394042386,0,0,0,0,0,0,0.03,0,0,0,0,0,0
AGIX,AGIX,2026-07-12T00:00:00.000Z,2026-07-12,3584.88590897,1020.907394042386,0,0,3584.88590897,1020.907394042386,0,0,0,0,0,0,0.03,0,0,0,0,0,0
AGIX,AGIX,2026-07-13T00:00:00.000Z,2026-07-13,3584.88590897,1020.907394042386,0,0,3584.88590897,1020.907394042386,0,0,0,0,0,0,0.03,0,0,0,0,0,0
AGIX,AGIX,2026-07-14T00:00:00.000Z,2026-07-14,3584.88590897,1020.907394042386,0,0,3584.88590897,1020.907394042386,0,0,0,0,0,0,0.03,0,0,0,0,0,0
AGIX,AGIX,2026-07-15T00:00:00.000Z,2026-07-15,3584.88590897,1020.907394042386,0,0,3584.88590897,1020.907394042386,0,0,0,0,0,0,0.03,0,0,0,0,0,0
AGIX,AGIX,2026-07-16T00:00:00.000Z,2026-07-16,3584.88590897,1020.907394042386,0,0,3584.88590897,1020.907394042386,0,0,0,0,0,0,0.03,0,0,0,0,0,0
AGIX,AGIX,2026-07-17T00:00:00.000Z,2026-07-17,3584.88590897,1020.907394042386,0,0,3584.88590897,1020.907394042386,0,0,0,0,0,0,0.03,0,0,0,0,0,0
AGIX,AGIX,2026-07-18T00:00:00.000Z,2026-07-18,3584.88590897,1020.907394042386,0,0,3584.88590897,1020.907394042386,0,0,0,0,0,0,0.03,0,0,0,0,0,0
AGIX,AGIX,2026-07-19T00:00:00.000Z,2026-07-19,3584.88590897,1020.907394042386,0,0,3584.88590897,1020.907394042386,0,0,0,0,0,0,0.03,0,0,0,0,0,0
AGIX,AGIX,2026-07-20T00:00:00.000Z,2026-07-20,3584.88590897,1020.907394042386,0,0,3584.88590897,1020.907394042386,0,0,0,0,0,0,0.03,0,0,0,0,0,0
AGIX,AGIX,2026-07-21T00:00:00.000Z,2026-07-21,3584.88590897,1020.907394042386,0,0,3584.88590897,1020.907394042386,0,0,0,0,0,0,0.03,0,0,0,0,0,0
AGIX,AGIX,2026-07-22T00:00:00.000Z,2026-07-22,3584.88590897,1020.907394042386,0,0,3584.88590897,1020.907394042386,0,0,0,0,0,0,0.03,0,0,0,0,0,0
AGIX,AGIX,2026-07-23T00:00:00.000Z,2026-07-23,3584.88590897,1020.907394042386,0,0,3584.88590897,1020.907394042386,0,0,0,0,0,0,0.03,0,0,0,0,0,0
AGIX,AGIX,2026-07-24T00:00:00.000Z,2026-07-24,3584.88590897,1020.907394042386,0,0,3584.88590897,1020.907394042386,0,0,0,0,0,0,0.03,0,0,0,0,0,0
AGIX,AGIX,2026-07-25T00:00:00.000Z,2026-07-25,3584.88590897,1020.907394042386,0,0,3584.88590897,1020.907394042386,0,0,0,0,0,0,0.03,0,0,0,0,0,0
