marketId,marketDisplayName,timestamp,date,supply,supplyInUsd,borrow,borrowInUsd,liquidity,liquidityInUsd,debtRepaid,debtRepaidInUsd,interestAccrued,interestAccruedInUsd,interestRepaid,interestRepaidInUsd,borrowApr,supplyApy,utilizationPercentage,loanOriginationFees,loanOriginationFeesInUsd,loanOriginationFeesMinAda,loanOriginationFeesMinAdaInUsd
DJED,DJED,2023-03-01T00:00:00.000Z,2023-03-01,0,0,0,0,0,0,0,0,0,0,0,0,0.018,0,0,0,0,0,0
DJED,DJED,2023-03-02T00:00:00.000Z,2023-03-02,46631.322916,46631.322916618556,13141.631786,13141.631786402062,33489.69113,33489.691130216495,100,100,1.266337,1.266337,0,0,0.028720485759793815,0.005674818758762887,0.21663411897809515,0,0,0,0
DJED,DJED,2023-03-03T00:00:00.000Z,2023-03-03,65344.547963,65344.54796328571,42189.033519,42189.033518978016,23155.514444,23155.514444307693,1121,1121,5.35831,5.35831,0.505968,0.505968,0.046224082348351646,0.02397724304175824,0.6472073374592294,0,0,0,0
DJED,DJED,2023-03-04T00:00:00.000Z,2023-03-04,66310.703039,66310.70303935955,48529.986084000004,48529.98608464045,17780.716955,17780.7169547191,2545,2545,8.345068,8.345068,0.528939,0.528939,0.06020913030786517,0.0358820282505618,0.7328933534690205,0,0,0,0
DJED,DJED,2023-03-05T00:00:00.000Z,2023-03-05,67961.059515,67961.05951468539,50926.738675,50926.73867450562,17034.32084,17034.320840179775,0,0,9.331968,9.331968,0,0,0.06567568290898876,0.03979380684719101,0.749977791565923,0,0,0,0
DJED,DJED,2023-03-06T00:00:00.000Z,2023-03-06,68519.598035,68519.59803530337,52411.944926,52411.944926101125,16107.653109,16107.653109202247,1243.726262,1243.726262,15.706034,15.706034,5.404593,5.404593,0.11111947082808989,0.07242846778314607,0.7687549266764964,0,0,0,0
DJED,DJED,2023-03-07T00:00:00.000Z,2023-03-07,73059.11820699999,73059.11820622449,52902.849768,52902.849767510204,20156.268439,20156.268438714287,2231.776519,2231.776519,8.28456,8.28456,2.291877,2.291877,0.049886729090816324,0.02894015982755102,0.7245087796859562,0,0,0,0
DJED,DJED,2023-03-08T00:00:00.000Z,2023-03-08,81074.85674399999,81074.85674407217,58457.478584,58457.478583958764,22617.37816,22617.378160113403,0,0,10.270201,10.270201,0,0,0.05646366095773196,0.03306870190412371,0.7209829938791896,0,0,0,0
DJED,DJED,2023-03-09T00:00:00.000Z,2023-03-09,102024.886384,102024.8863844796,81872.854316,81872.85431656124,20152.032068,20152.032067918368,301,301,34.818152,34.818152,1.090921,1.090921,0.1474358853,0.09559428813163265,0.8030904489112654,0,0,0,0
DJED,DJED,2023-03-10T00:00:00.000Z,2023-03-10,113021.134488,113021.13448747959,92990.19828,92990.19827986734,20030.936208,20030.936207612245,1086.811955,1086.811955,48.570075,48.570075,8.519625,8.519625,0.18583239493367346,0.12286292967653062,0.8232803594777836,0,0,0,0
DJED,DJED,2023-03-11T00:00:00.000Z,2023-03-11,140487.192407,140487.1924074796,100343.078004,100343.0780042449,40144.114403,40144.11440323469,4951.452356,4951.452356,17.972565,17.972565,23.191627,23.191627,0.058097071375510206,0.0337439528255102,0.7155343651351699,0,0,0,0
DJED,DJED,2023-03-12T00:00:00.000Z,2023-03-12,159527.143936,159527.14393704082,105058.553579,105058.55357961226,54468.590357,54468.59035742858,3500,3500,15.13794,15.13794,0.014253,0.014253,0.04684679458265306,0.024910140979591835,0.6623529191083196,0,0,0,0
DJED,DJED,2023-03-13T00:00:00.000Z,2023-03-13,172573.357769,172573.3577689898,97749.778022,97749.77802187754,74823.579747,74823.57974711225,30539.331146,30539.331146,13.427008,13.427008,8.629514,8.629514,0.04306399514489796,0.019904975025510203,0.569943278551229,0,0,0,0
DJED,DJED,2023-03-14T00:00:00.000Z,2023-03-14,190079.18687099998,190079.18687042,108163.086532,108163.08653184,81916.100339,81916.10033858,5098.818187,5098.818187,14.871681,14.871681,36.372432,36.372432,0.0431342308,0.019772455834,0.57179695117579,0,0,0,0
DJED,DJED,2023-03-15T00:00:00.000Z,2023-03-15,229438.616028,229438.61602726264,129054.467964,129054.46796357576,100384.148064,100384.14806368687,6788.589346,6788.589346,17.671874,17.671874,1.369122,1.369122,0.04273999852525252,0.019236983695959595,0.5621747844045798,0,0,0,0
DJED,DJED,2023-03-16T00:00:00.000Z,2023-03-16,239311.35001,239311.35000949487,146445.150535,146445.15053456702,92866.199475,92866.19947492784,0,0,20.932787,20.932787,0,0,0.04477704946597938,0.021951519870103093,0.6119258738333391,0,0,0,0
DJED,DJED,2023-03-17T00:00:00.000Z,2023-03-17,241563.23443,241563.23442980612,167841.456895,167841.45689455103,73721.777535,73721.7775352551,624.966547,624.966547,26.259394,26.259394,0.497365,0.497365,0.04817453604183673,0.02678938175408163,0.6947132915926919,0,0,0,0
DJED,DJED,2023-03-18T00:00:00.000Z,2023-03-18,239492.04685800002,239492.04685808247,180597.88104100002,180597.88104128864,58894.165817,58894.165816793815,2654.286527,2654.286527,40.820246,40.820246,2.879736,2.879736,0.07219412083505154,0.04475123677628866,0.7540093852107383,0,0,0,0
DJED,DJED,2023-03-19T00:00:00.000Z,2023-03-19,243629.972379,243629.97237887754,197968.332033,197968.33203311224,45661.640346,45661.64034576531,601,601,96.787794,96.787794,1.293911,1.293911,0.16527327134183672,0.10778399795,0.8127456857532505,0,0,0,0
DJED,DJED,2023-03-20T00:00:00.000Z,2023-03-20,254525.348477,254525.34847661856,190713.999365,190713.99936429897,63811.349112,63811.349112319585,4903.225853,4903.225853,44.685124,44.685124,19.687742,19.687742,0.07251878268453608,0.04404216085154639,0.749403873536752,0,0,0,0
DJED,DJED,2023-03-21T00:00:00.000Z,2023-03-21,253708.95140299998,253708.95140334376,187713.900943,187713.90094339583,65995.05046,65995.05045994792,709.39,709.39,31.622934,31.622934,7.181187,7.181187,0.05003345110729167,0.029617317940625,0.7398994915456716,0,0,0,0
DJED,DJED,2023-03-22T00:00:00.000Z,2023-03-22,249007.89871500002,249007.89871394736,175590.16985,175590.1698493263,73417.728865,73417.72886462105,21001.089004,21001.089004,30.80768,30.80768,18.329309,18.329309,0.0486048672,0.027453474301052633,0.7051679483511899,0,0,0,0
DJED,DJED,2023-03-23T00:00:00.000Z,2023-03-23,248647.44556999998,248647.4455692747,163040.863315,163040.86331475823,85606.582255,85606.58225451648,100,100,27.359064,27.359064,1.354874,1.354874,0.04657219658461539,0.024431261961538463,0.6557153823216763,0,0,0,0
DJED,DJED,2023-03-24T00:00:00.000Z,2023-03-24,244707.37969700003,244707.37969694845,167673.283453,167673.28345304125,77034.096244,77034.09624390722,1900,1900,28.891496,28.891496,6.244344,6.244344,0.04778901842680412,0.026208631968041237,0.6853386980141066,0,0,0,0
DJED,DJED,2023-03-25T00:00:00.000Z,2023-03-25,241542.481488,241542.48148773468,161492.407533,161492.40753289795,80050.073955,80050.07395483673,0,0,28.817009,28.817009,0,0,0.04710079041938776,0.025192964287755103,0.6685902544147214,0,0,0,0
DJED,DJED,2023-03-26T00:00:00.000Z,2023-03-26,241472.12096799997,241472.120968,161773.025562,161773.02556244898,79699.095406,79699.09540555102,0,0,28.901413,28.901413,0,0,0.04715658184285714,0.025274056213265308,0.6699487313644633,0,0,0,0
DJED,DJED,2023-03-27T00:00:00.000Z,2023-03-27,248985.391044,248985.3910438182,162036.550675,162036.55067526264,86948.840369,86948.84036855555,0,0,29.158804,29.158804,0,0,0.046375766384848485,0.024152833687878787,0.650928138829188,0,0,0,0
DJED,DJED,2023-03-28T00:00:00.000Z,2023-03-28,251712.364321,251712.36432090815,162540.729475,162540.72947514284,89171.634846,89171.63484576531,100,100,28.45329,28.45329,0.003735,0.003735,0.04616287908877551,0.023847655342857144,0.6457419062934376,0,0,0,0
DJED,DJED,2023-03-29T00:00:00.000Z,2023-03-29,248639.97941000003,248639.97941029293,172064.309551,172064.3095508283,76575.669859,76575.66985946464,200.60767,200.60767,30.871942,30.871942,2.571162,2.571162,0.048065629622222224,0.02663443817878788,0.6920594624209467,0,0,0,0
DJED,DJED,2023-03-30T00:00:00.000Z,2023-03-30,248314.460768,248314.4607680606,185589.037704,185589.0377039293,62725.423064,62725.42306413131,0,0,44.366776,44.366776,0,0,0.06710359258282829,0.04059528751818182,0.7474010439535385,0,0,0,0
DJED,DJED,2023-03-31T00:00:00.000Z,2023-03-31,267423.600144,267423.6001439271,205289.00738,205289.00738014583,62134.592764,62134.59276378125,440.068358,440.068358,59.094059,59.094059,4.874375,4.874375,0.081594953459375,0.050371945193749997,0.7675671679529802,0,0,0,0
DJED,DJED,2023-04-01T00:00:00.000Z,2023-04-01,281478.592218,281478.59221844445,224132.87653,224132.87653012123,57345.715688,57345.71568832323,330,330,78.578203,78.578203,2.015814,2.015814,0.13410380843838385,0.08554517028080807,0.7964179960047639,0,0,0,0
DJED,DJED,2023-04-02T00:00:00.000Z,2023-04-02,322129.398519,322129.39851933677,255410.017538,255410.01753850002,66719.380981,66719.38098083674,1205,1205,84.3211,84.3211,75.836281,75.836281,0.12716075553265307,0.08079227266632653,0.7926640694238897,0,0,0,0
DJED,DJED,2023-04-03T00:00:00.000Z,2023-04-03,332667.416761,332667.41676116496,274890.030837,274890.0308369072,57777.385924,57777.38592425773,1036,1036,136.412536,136.412536,55.981142,55.981142,0.1928985253,0.12831429072371134,0.8267465065845421,0,0,0,0
DJED,DJED,2023-04-04T00:00:00.000Z,2023-04-04,334923.34761199995,334923.3476110816,260516.425814,260516.42581332652,74406.921798,74406.9217977551,15205,15205,76.906602,76.906602,27.961261,27.961261,0.10025129922142857,0.06264812236632653,0.7779495466307996,0,0,0,0
DJED,DJED,2023-04-05T00:00:00.000Z,2023-04-05,322448.94284100004,322448.9428403061,249675.986119,249675.98611824488,72772.956722,72772.95672206122,958,958,71.830924,71.830924,6.707003,6.707003,0.09358549541530613,0.058038547241836734,0.7743730543857589,0,0,0,0
DJED,DJED,2023-04-06T00:00:00.000Z,2023-04-06,358010.945354,358010.9453538979,281018.79426600004,281018.79426593875,76992.151088,76992.15108795918,0,0,97.810136,97.810136,0,0,0.11577171810816327,0.0735421065367347,0.7861842089257218,0,0,0,0
DJED,DJED,2023-04-07T00:00:00.000Z,2023-04-07,402407.147068,402407.1470684592,311109.280256,311109.2802567653,91297.866812,91297.86681169388,2830.6,2830.6,85.757845,85.757845,11.557304,11.557304,0.09142871235,0.05665505633061225,0.7731515221312663,0,0,0,0
DJED,DJED,2023-04-08T00:00:00.000Z,2023-04-08,433753.31158100005,433753.3115805306,345073.76124900003,345073.7612485408,88679.550332,88679.5503319898,2600,2600,135.185588,135.185588,20.814619,20.814619,0.13269823720306123,0.08476810865204082,0.79554974349215,0,0,0,0
DJED,DJED,2023-04-09T00:00:00.000Z,2023-04-09,470549.128658,470549.12865792925,361057.126534,361057.12653382827,109492.002124,109492.00212410101,5653,5653,88.600975,88.600975,8.193708,8.193707999999999,0.08129557388282828,0.05003694004646465,0.7673626734142792,0,0,0,0
DJED,DJED,2023-04-10T00:00:00.000Z,2023-04-10,500602.722543,500602.72254338773,401794.877494,401794.87749392854,98807.845049,98807.84504945918,17091.420742,17091.420742,171.335982,171.335982,129.864762,129.86476199999998,0.14568750491734694,0.09398025231122449,0.802386731642234,0,0,0,0
DJED,DJED,2023-04-11T00:00:00.000Z,2023-04-11,549029.843891,549029.8438911837,435720.422334,435720.4223336939,113309.421557,113309.4215574898,24428,24428,179.626683,179.626683,138.308494,138.308494,0.1436863685387755,0.09306227344387755,0.7970862191899921,0,0,0,0
DJED,DJED,2023-04-12T00:00:00.000Z,2023-04-12,1095041.898452,1095041.8984530722,759587.6568379999,759587.6568387526,335454.241614,335454.2416143196,18505.172612,18505.172612,110.506931,110.506931,66.198682,66.198682,0.048043360040206186,0.026590531303092784,0.6915242575988287,0,0,0,0
DJED,DJED,2023-04-13T00:00:00.000Z,2023-04-13,1598736.797798,1598736.797798296,1099250.844343,1099250.8443436632,499485.953455,499485.95345463266,78343.998999,78343.998999,159.091007,159.091007,9.837732,9.837732,0.0479145126,0.026403255679591838,0.6883869237702956,0,0,0,0
DJED,DJED,2023-04-14T00:00:00.000Z,2023-04-14,1819494.6826310002,1819494.6826315308,1292814.5765820001,1292814.5765820919,526680.106049,526680.1060494388,42799.868468,42799.868468,195.424027,195.424027,26.371396,26.371396,0.0506489041,0.028797251447959183,0.7080451267671403,0,0,0,0
DJED,DJED,2023-04-15T00:00:00.000Z,2023-04-15,2153861.650725,2153861.6507255877,1647299.542121,1647299.5421214125,506562.108604,506562.1086041753,132784.623677,132784.623677,336.950563,336.950563,167.647806,167.647806,0.07606036320927835,0.046703961403092784,0.7644466995988909,0,0,0,0
DJED,DJED,2023-04-16T00:00:00.000Z,2023-04-16,2758028.326034,2758028.326033849,2202193.470384,2202193.470383697,555834.85565,555834.8556501515,47949.911693,47949.911693,835.216197,835.216197,204.341628,204.341628,0.1380531545070707,0.08827797645151515,0.7985363928151016,0,0,0,0
DJED,DJED,2023-04-17T00:00:00.000Z,2023-04-17,4041309.7479530005,4041309.747953357,2700047.8294800003,2700047.8294800613,1341261.918473,1341261.9184732959,9946.4286,9946.4286,453.852756,453.852756,32.627817,32.627817,0.06210769432755102,0.03511845198367347,0.6766007809774048,0,0,0,0
DJED,DJED,2023-04-18T00:00:00.000Z,2023-04-18,4738097.644984,4738097.644984041,3130407.1255900003,3130407.1255897116,1607690.519394,1607690.51939433,2312.002017,2312.002017,416.806732,416.806732,22.167039,22.167039,0.04677677508762887,0.02472487012371134,0.6606989929176759,0,0,0,0
DJED,DJED,2023-04-19T00:00:00.000Z,2023-04-19,4921064.039140999,4921064.039141546,3259302.323889,3259302.323889742,1661761.715252,1661761.715251804,2800.926641,2800.926641,438.842662,438.842662,19.182946,19.182946,0.046843103102061856,0.024819954015463917,0.6623148352652047,0,0,0,0
DJED,DJED,2023-04-20T00:00:00.000Z,2023-04-20,4897322.898572,4897322.898571568,3219140.309713,3219140.309712227,1678182.588859,1678182.5888593402,452010.643612,452010.643612,454.000286,454.000286,520.026622,520.026622,0.04662315724639175,0.02450753667628866,0.6569548874375108,0,0,0,0
DJED,DJED,2023-04-21T00:00:00.000Z,2023-04-21,4881089.146119,4881089.146118632,3235789.532498,3235789.532497537,1645299.613621,1645299.6136210947,76734.466898,76734.466898,442.410865,442.410865,509.459607,509.459607,0.04686263320631579,0.02485113176631579,0.6627886734742684,0,0,0,0
DJED,DJED,2023-04-22T00:00:00.000Z,2023-04-22,4862779.86653,4862779.866529351,3276011.992375,3276011.9923742167,1586767.874155,1586767.874155134,8428.133754,8428.133754,475.655881,475.655881,100.829408,100.829408,0.04731002574329897,0.02549771939896907,0.6736845812650046,0,0,0,0
DJED,DJED,2023-04-23T00:00:00.000Z,2023-04-23,4937682.271978,4937682.271977423,3354198.276557,3354198.2765564434,1583483.995421,1583483.9954209793,7413.916784,7413.916784,510.375297,510.375297,5.29072,5.29072,0.047540375840206185,0.025836025689690723,0.679291289420757,0,0,0,0
DJED,DJED,2023-04-24T00:00:00.000Z,2023-04-24,4934141.414959,4934141.414959874,3352259.207294,3352259.207294484,1581882.207665,1581882.2076653894,2682.184906,2682.184906,522.985963,522.985963,41.603439,41.603439,0.04754484895263158,0.025841657714736843,0.679400737150887,0,0,0,0
DJED,DJED,2023-04-25T00:00:00.000Z,2023-04-25,4899102.493767999,4899102.493768128,3316548.4552129996,3316548.4552134573,1582554.038555,1582554.0385546703,440917.96714,440917.96714,525.598084,525.598084,811.630083,811.630083,0.04743884174893617,0.025687480770212767,0.6768196048058758,0,0,0,0
DJED,DJED,2023-04-26T00:00:00.000Z,2023-04-26,5066195.617114,5066195.6171139795,3474311.791539,3474311.791539116,1591883.825575,1591883.8255748632,3508.568179,3508.568179,551.987467,551.987467,17.507692,17.507692,0.04779254154631579,0.026209826284210525,0.6854268794230294,0,0,0,0
DJED,DJED,2023-04-27T00:00:00.000Z,2023-04-27,5288672.314607,5288672.31460651,3681533.614792,3681533.614791771,1607138.699815,1607138.6998147396,4476.664489,4476.664489,597.62742,597.62742,45.477057,45.477057,0.048230358165625,0.026858084495833334,0.6960801041986552,0,0,0,0
DJED,DJED,2023-04-28T00:00:00.000Z,2023-04-28,5459532.982813,5459532.982813688,3827075.72594,3827075.725940625,1632457.256873,1632457.2568730626,2059.555215,2059.555215,605.41439,605.41439,87.177294,87.177294,0.048432355125,0.02716061650625,0.7009931179954764,0,0,0,0
DJED,DJED,2023-04-29T00:00:00.000Z,2023-04-29,5519672.029796,5519672.029795977,3873635.581235,3873635.581234682,1646036.448561,1646036.4485612954,2457.717744,2457.717744,612.504511,612.504511,12.143417,12.143417,0.04846479214431818,0.027209431498863637,0.7017819154673254,0,0,0,0
DJED,DJED,2023-04-30T00:00:00.000Z,2023-04-30,5518904.228123,5518904.228122475,3908071.315417,3908071.3154166704,1610832.912706,1610832.9127058042,392962.341675,392962.34167500003,622.62464,622.62464,291.632671,291.632671,0.048723121463917524,0.027600165621649485,0.7080627181821774,0,0,0,0
DJED,DJED,2023-05-01T00:00:00.000Z,2023-05-01,5584066.910885,5584066.910885094,4003172.811882,4003172.811882125,1580894.099003,1580894.0990029688,42140.806301,42140.806301,535.278243,535.278243,591.181352,591.181352,0.049086292396875,0.028151937357291667,0.716891051344099,0,0,0,0
DJED,DJED,2023-05-02T00:00:00.000Z,2023-05-02,5587701.387144,5587701.387144052,4033008.513166,4033008.5131660523,1554692.873978,1554692.873978,44316.035933,44316.035933,529.111407,529.111407,92.975379,92.97537899999999,0.04928675146354167,0.028458747205208332,0.721762644866089,0,0,0,0
DJED,DJED,2023-05-03T00:00:00.000Z,2023-05-03,5599705.547527,5599705.54752716,4044263.824024,4044263.82402417,1555441.723503,1555441.7235029894,145572.214326,145572.214326,530.972459,530.972459,82.948005,82.948005,0.04930577780319149,0.02848797424361702,0.7222249616543717,0,0,0,0
DJED,DJED,2023-05-04T00:00:00.000Z,2023-05-04,5680429.882139,5680429.882139692,4106752.533921,4106752.533921479,1573677.348218,1573677.3482182128,7141.490007,7141.490007,541.783932,541.783932,16.2813,16.2813,0.04933577555319149,0.02853414829787234,0.7229538129613519,0,0,0,0
DJED,DJED,2023-05-05T00:00:00.000Z,2023-05-05,5681905.470846999,5681905.470846586,4133441.910464,4133441.9104638514,1548463.560383,1548463.560382734,435463.604987,435463.604987,563.005534,563.005534,352.933292,352.933292,0.04951652816276596,0.028813506158510638,0.7273448440183033,0,0,0,0
DJED,DJED,2023-05-06T00:00:00.000Z,2023-05-06,6008576.705508,6008576.705507532,4473992.705079,4473992.705078862,1534584.000429,1534584.0004286703,10710.251553,10710.251553,615.854933,615.854933,37.842448,37.842448,0.050227061124468085,0.029919311287234043,0.7446011825114255,0,0,0,0
DJED,DJED,2023-05-07T00:00:00.000Z,2023-05-07,5047790.032858999,5047790.032858936,3845267.979153,3845267.9791525216,1202522.053706,1202522.053706415,1534714.941343,1534714.941343,916.784446,916.784446,2325.679171,2325.679171,0.09889686597021277,0.06444763498829788,0.771101019602405,0,0,0,0
DJED,DJED,2023-05-08T00:00:00.000Z,2023-05-08,2409245.303088,2409245.3030874394,1958707.104422,1958707.1044218242,450538.198666,450538.1986656154,790134.131806,790134.131806,1045.404463,1045.404463,1479.258035,1479.258035,0.16363579854725274,0.10687861705494506,0.8117374717155496,0,0,0,0
DJED,DJED,2023-05-09T00:00:00.000Z,2023-05-09,2166572.906779,2166572.906778602,1697610.045675,1697610.0456749785,468962.861104,468962.86110362364,33029.445116,33029.445116,680.613855,680.613855,171.482371,171.482371,0.11008420878817204,0.06910358399354839,0.7834296879664988,0,0,0,0
DJED,DJED,2023-05-10T00:00:00.000Z,2023-05-10,2072367.0328600002,2072367.0328607236,1599173.62642,1599173.6264204895,473193.40644,473193.40644023404,65864.651856,65864.651856,555.779965,555.779965,108.514062,108.514062,0.08860066087872341,0.05473932062553191,0.7716107394284555,0,0,0,0
DJED,DJED,2023-05-11T00:00:00.000Z,2023-05-11,1907603.037726,1907603.0377263618,1434998.537185,1434998.537185266,472604.500541,472604.50054109574,18737.785545,18737.785545,363.841064,363.841064,192.373907,192.373907,0.05631656555638298,0.03394679496276596,0.7522140113903535,0,0,0,0
DJED,DJED,2023-05-12T00:00:00.000Z,2023-05-12,1909447.9596,1909447.9596002083,1446328.13211,1446328.132109729,463119.82749,463119.82749047916,6293.764224,6293.764224,409.428023,409.428023,43.771734,43.771734,0.063442581728125,0.038461652491666665,0.7574287938275014,0,0,0,0
DJED,DJED,2023-05-13T00:00:00.000Z,2023-05-13,1937572.629273,1937572.6292733229,1485787.602864,1485787.6028646354,451785.026409,451785.0264086875,179.36785,179.36785,521.172827,521.172827,1.892389,1.892389,0.08002531359375,0.04911673758125,0.766826971174698,0,0,0,0
DJED,DJED,2023-05-14T00:00:00.000Z,2023-05-14,1950853.354995,1950853.3549950314,1508597.441356,1508597.4413561667,442255.913639,442255.9136388646,4133.65878,4133.65878,602.795534,602.795534,63.591936,63.591936,0.09173872301979166,0.056791643167708336,0.7733643781209666,0,0,0,0
DJED,DJED,2023-05-15T00:00:00.000Z,2023-05-15,1957444.8119339999,1957444.8119337398,1495184.106198,1495184.106198146,462260.705736,462260.70573559374,181093.113592,181093.113592,501.879061,501.879061,294.86093,294.86093,0.07565200771770833,0.046330724915625,0.7637203452610135,0,0,0,0
DJED,DJED,2023-05-16T00:00:00.000Z,2023-05-16,1977399.299894,1977399.299893613,1488531.7568019999,1488531.7568016346,488867.543092,488867.54309197847,9221.334527,9221.334527,396.062877,396.062877,227.755667,227.755667,0.05977299160967742,0.036100156501075266,0.7529952806827295,0,0,0,0
DJED,DJED,2023-05-17T00:00:00.000Z,2023-05-17,2125279.7029130002,2125279.7029135157,1518437.166597,1518437.1665978106,606842.536316,606842.5363157053,18275.090058,18275.090058,331.668598,331.668598,45.816401,45.816401,0.04898580567368421,0.027999061775789473,0.7144484411732077,0,0,0,0
DJED,DJED,2023-05-18T00:00:00.000Z,2023-05-18,2151370.24498,2151370.2449801266,1572518.397657,1572518.3976570633,578851.847323,578851.8473230632,2423.507683,2423.507683,343.747214,343.747214,24.945752,24.945752,0.04966599936736842,0.02904516585473684,0.7309755592510433,0,0,0,0
DJED,DJED,2023-05-19T00:00:00.000Z,2023-05-19,2528086.864056,2528086.864055737,1944350.0866099999,1944350.086609242,583736.777446,583736.7774464948,3571.2423,3571.2423,683.904733,683.904733,24.181504,24.181504,0.08559281563578948,0.052834108851578944,0.7683778969259304,0,0,0,0
DJED,DJED,2023-05-20T00:00:00.000Z,2023-05-20,2796382.1200980004,2796382.1200987315,2212605.525222,2212605.525222409,583776.594876,583776.5948763225,144.209099,144.209099,1043.34068,1043.34068,11.441392,11.441392,0.1239863656139785,0.0785712655204301,0.7909757195426189,0,0,0,0
DJED,DJED,2023-05-21T00:00:00.000Z,2023-05-21,3103368.73984,3103368.739840585,2544550.0869609998,2544550.0869612233,558818.652879,558818.6528793616,3996.232122,3996.232122,1656.378331,1656.378331,257.913301,257.913301,0.1787068745680851,0.11724031392446808,0.8198564472182751,0,0,0,0
DJED,DJED,2023-05-22T00:00:00.000Z,2023-05-22,3430659.8155839997,3430659.8155831415,2807737.668832,2807737.6688316087,622922.146752,622922.1467515326,12793.54065,12793.54065,1718.002763,1718.002763,185.441796,185.441796,0.17593631383586958,0.11520812851521739,0.8184371681941558,0,0,0,0
DJED,DJED,2023-05-23T00:00:00.000Z,2023-05-23,3583552.902723,3583552.902722968,2898750.6837669997,2898750.683766925,684802.218956,684802.218956043,12835.203044,12835.203044,1598.139894,1598.139894,50.614265,50.614265,0.15773334750430107,0.10211396353763441,0.8089642695313697,0,0,0,0
DJED,DJED,2023-05-24T00:00:00.000Z,2023-05-24,3711995.9930680003,3711995.993069284,2976156.91458,2976156.9145808103,735839.078488,735839.0784884737,1360.159716,1360.159716,1500.790387,1500.790387,19.444871,19.444871,0.14407513084210527,0.09241971186421052,0.8017808456591293,0,0,0,0
DJED,DJED,2023-05-25T00:00:00.000Z,2023-05-25,3749952.215262,3749952.2152621294,2984336.09003,2984336.090030409,765616.125232,765616.1252317204,46383.701558,46383.701558,1393.580917,1393.580917,1421.139713,1421.139713,0.13291287790967743,0.08462940481935484,0.7958330864234064,0,0,0,0
DJED,DJED,2023-05-26T00:00:00.000Z,2023-05-26,3783422.028175,3783422.028174484,2993614.411622,2993614.411621863,789807.616553,789807.616552621,43961.695015,43961.695015,1361.141487,1361.141487,582.937933,582.937933,0.12438394867473684,0.07874075126421053,0.7912511004421434,0,0,0,0
DJED,DJED,2023-05-27T00:00:00.000Z,2023-05-27,3860227.23178,3860227.2317801574,3017844.490823,3017844.490823242,842382.740957,842382.7409569158,9751.735903,9751.735903,1156.168779,1156.168779,174.523548,174.523548,0.10696023872947369,0.0668974340031579,0.7817806807372474,0,0,0,0
DJED,DJED,2023-05-28T00:00:00.000Z,2023-05-28,3928491.073276,3928491.0732760546,3052988.132166,3052988.132166348,875502.94111,875502.9411097065,23791.493636,23791.493636,1080.520776,1080.520776,946.741854,946.741854,0.09854567351956521,0.06127346605108696,0.7771504121407242,0,0,0,0
DJED,DJED,2023-05-29T00:00:00.000Z,2023-05-29,3998437.927135,3998437.927135043,3129548.893614,3129548.893613596,868889.033521,868889.0335214469,3352.858379,3352.858379,1205.559794,1205.559794,6.43608,6.43608,0.10860380668617022,0.06802596678404255,0.7826672654399737,0,0,0,0
DJED,DJED,2023-05-30T00:00:00.000Z,2023-05-30,4065561.1648759996,4065561.1648764615,3201370.3399679996,3201370.339968077,864190.824908,864190.8249083846,0,0,1325.811924,1325.811924,0,0,0.11732428368901099,0.07390910126593407,0.7874334176096602,0,0,0,0
DJED,DJED,2023-05-31T00:00:00.000Z,2023-05-31,4122514.356819,4122514.356819231,3240317.431548,3240317.4315485167,882196.925271,882196.9252707143,31520.223722,31520.223722,1354.304608,1354.304608,109.552225,109.552225,0.1147095199978022,0.07213718975384616,0.78600901206795,0,0,0,0
DJED,DJED,2023-06-01T00:00:00.000Z,2023-06-01,4091131.1395300003,4091131.139529753,3176295.078009,3176295.0780089553,914836.061521,914836.0615207978,121508.070105,121508.070105,816.333895,816.333895,1351.247001,1351.247001,0.09718985200449438,0.06038743426516854,0.7763923506874211,0,0,0,0
DJED,DJED,2023-06-02T00:00:00.000Z,2023-06-02,4166330.2051379997,4166330.2051381385,3226274.774537,3226274.7745370427,940055.430601,940055.4306010958,2464.33829,2464.33829,802.585802,802.585802,38.335344,38.335344,0.09348237781595745,0.05792124609361702,0.7743452415820784,0,0,0,0
DJED,DJED,2023-06-03T00:00:00.000Z,2023-06-03,4249078.544172,4249078.544171859,3313549.472285,3313549.4722852716,935529.071887,935529.071886587,3486.747674,3486.747674,910.762651,910.762651,542.875396,542.875396,0.10340731230326088,0.06453056135652174,0.7798210262095874,0,0,0,0
DJED,DJED,2023-06-04T00:00:00.000Z,2023-06-04,4330836.74246,4330836.742460468,3407473.41451,3407473.4145106277,923363.32795,923363.3279498405,61873.554768,61873.554768,1054.034758,1054.034758,36.888433,36.888433,0.11614251442553192,0.07311011006914894,0.7867885587832913,0,0,0,0
DJED,DJED,2023-06-05T00:00:00.000Z,2023-06-05,4387186.741827,4387186.741827622,3439439.3384189997,3439439.3384194556,947747.403408,947747.4034081667,111155.718712,111155.718712,1028.832454,1028.832454,1449.365228,1449.365228,0.11106336226,0.06973142974888889,0.7839841031359821,0,0,0,0
DJED,DJED,2023-06-06T00:00:00.000Z,2023-06-06,4463822.322668,4463822.322667935,3451959.034767,3451959.0347664836,1011863.287901,1011863.2879014516,12039.400159,12039.400159,875.228125,875.228125,278.735566,278.735566,0.09161739865913979,0.056693068655913975,0.7733080800123401,0,0,0,0
DJED,DJED,2023-06-07T00:00:00.000Z,2023-06-07,4422413.120267,4422413.120267107,3408270.842325,3408270.8423252795,1014142.277942,1014142.277941828,161024.12679,161024.12679,815.687724,815.687724,4800.043113,4800.043113,0.08680365913870967,0.053547355133333335,0.7706164519640377,0,0,0,0
DJED,DJED,2023-06-08T00:00:00.000Z,2023-06-08,4318189.311903,4318189.311902648,3287256.034476,3287256.034475977,1030933.277427,1030933.2774266704,7300.525192,7300.525192,646.457291,646.457291,101.682667,101.682667,0.07012904896022727,0.04270964604772727,0.7612574195145627,0,0,0,0
DJED,DJED,2023-06-09T00:00:00.000Z,2023-06-09,4260453.55647,4260453.556469968,3277949.621919,3277949.6219188045,982503.934551,982503.934551163,202915.897751,202915.897751,778.898114,778.898114,1891.13225,1891.13225,0.08485227841413044,0.052347856570652176,0.7694800077455337,0,0,0,0
DJED,DJED,2023-06-10T00:00:00.000Z,2023-06-10,3360896.6591760004,3360896.65917625,2312331.255764,2312331.2557639545,1048565.403412,1048565.4034122955,1066146.949375,1066146.949375,374.340509,374.340509,3930.992433,3930.992433,0.04970830913522727,0.02732184700568182,0.682431978316882,0,0,0,0
DJED,DJED,2023-06-11T00:00:00.000Z,2023-06-11,3328326.299517,3328326.299517628,2276675.226092,2276675.226092213,1051651.073425,1051651.073425415,44704.715393,44704.715393,359.905393,359.905393,36.309726,36.309726,0.04773917756276596,0.026129348212765958,0.6841292877412641,0,0,0,0
DJED,DJED,2023-06-12T00:00:00.000Z,2023-06-12,3528136.369595,3580074.762418029,2406613.792125,2442172.6128645544,1121522.57747,1137902.1495534745,2513.254184,2600.310940466,369.492616,375.095098434,23.61754,24.423659464,0.047652371953684214,0.02600060903368421,0.6820172080585446,0,0,0,0
DJED,DJED,2023-06-13T00:00:00.000Z,2023-06-13,3570489.3336920002,3732607.552811029,2448184.789408,2559295.731057635,1122304.544284,1173311.8217533939,28921.649559,30506.355746625,378.231295,395.326436626,76.957799,81.056926927,0.047804061810416666,0.026224811848958335,0.6857084622987459,0,0,0,0
DJED,DJED,2023-06-14T00:00:00.000Z,2023-06-14,3552940.2897719997,3733175.471812349,2448137.6646419996,2572412.145998286,1104802.62513,1160763.3258140627,32258.2589,33228.741794762,380.853606,400.263112814,657.594672,702.953438336,0.04794096916808511,0.026426738747872342,0.6890402570793265,0,0,0,0
DJED,DJED,2023-06-15T00:00:00.000Z,2023-06-15,3557505.5107560004,3557505.5107563194,2472914.6673890003,2472914.6673892234,1084590.843367,1084590.8433670958,8154.179227,8154.179227,398.782482,398.782482,22.522312,22.522312,0.048190208189361705,0.02679815714148936,0.695103442494206,0,0,0,0
DJED,DJED,2023-06-16T00:00:00.000Z,2023-06-16,3585429.8516379995,3585429.8516384107,2502777.5218309998,2502777.5218316633,1082652.329807,1082652.3298067474,2072.811416,2072.811416,394.864323,394.864323,0.602978,0.602978,0.04831103855894737,0.026978587854736842,0.6980426329169405,0,0,0,0
DJED,DJED,2023-06-17T00:00:00.000Z,2023-06-17,3639388.75222,3639388.752219448,2555779.27561,2555779.275609135,1083609.47661,1083609.4766103125,1953.684402,1953.684402,402.936704,402.936704,8.374142,8.374142,0.0484823903875,0.027236344923958333,0.7022096041528632,0,0,0,0
DJED,DJED,2023-06-18T00:00:00.000Z,2023-06-18,3705124.979452,3705124.9794507874,2614113.6978390003,2614113.6978381705,1091011.281613,1091011.281612617,26150.251205,26150.251205,412.079133,412.079133,132.891645,132.89164499999998,0.0486193659893617,0.027442434317021275,0.705540580416274,0,0,0,0
DJED,DJED,2023-06-19T00:00:00.000Z,2023-06-19,3732071.455058,3732071.45505757,2639150.489658,2639150.4896573764,1092920.9654,1092920.9654001936,6967.487847,6967.487847,416.40959,416.40959,680.699048,680.6990480000001,0.048685719302150536,0.027542660041935483,0.7071539225742901,0,0,0,0
DJED,DJED,2023-06-20T00:00:00.000Z,2023-06-20,3751642.8746370003,3751642.874637175,2635277.615997,2635277.6159967007,1116365.25864,1116365.2586404742,1331.63,1331.63,426.464977,426.464977,0.037558,0.037558,0.048491683103092785,0.02724991744226804,0.7024358341804452,0,0,0,0
DJED,DJED,2023-06-21T00:00:00.000Z,2023-06-21,3760833.4436660004,3760833.4436655873,2672586.6223000004,2672586.6222999897,1088246.821366,1088246.821365598,3414.439829,3414.439829,425.641015,425.641015,1.472174,1.472174,0.04882848487216495,0.02776005658453608,0.7106241161969464,0,0,0,0
DJED,DJED,2023-06-22T00:00:00.000Z,2023-06-22,3834472.5470240004,3834472.5470236703,2791282.122214,2791282.1222138405,1043190.42481,1043190.4248098298,9527.104924,9527.104924,448.143562,448.143562,28.945063,28.945063,0.04954013550106383,0.02884932250957447,0.7279187463484522,0,0,0,0
DJED,DJED,2023-06-23T00:00:00.000Z,2023-06-23,3862800.3216060004,3862800.3216064447,2817541.5027670003,2817541.502767289,1045258.818839,1045258.8188391556,16231.748105,16231.748105,454.727162,454.727162,73.977999,73.977999,0.04960127052555555,0.028943517213333332,0.7294040797824164,0,0,0,0
DJED,DJED,2023-06-24T00:00:00.000Z,2023-06-24,3851424.584328,3851424.584328442,2813725.687877,2813725.687877126,1037698.896451,1037698.8964513158,60732.336668,60732.336668,466.760936,466.760936,491.052305,491.052305,0.04964888701789474,0.029017276176842105,0.7305607276662269,0,0,0,0
DJED,DJED,2023-06-25T00:00:00.000Z,2023-06-25,3821107.7416499997,3821107.7416511914,2780744.4930209997,2780744.4930218086,1040363.248629,1040363.2486293829,0,0,452.049263,452.049263,0,0,0.04953251231595745,0.028837204479787232,0.7277337609763577,0,0,0,0
DJED,DJED,2023-06-26T00:00:00.000Z,2023-06-26,3847804.672968,3847804.6729679257,2794388.054012,2794388.0540117235,1053416.618956,1053416.6189562022,3780.907755,3780.907755,453.305441,453.305441,812.861566,812.861566,0.04947060183829787,0.028741626540425533,0.7262297021222113,0,0,0,0
DJED,DJED,2023-06-27T00:00:00.000Z,2023-06-27,3831302.146888,3831302.146888,2750834.06438,2750834.0643796343,1080468.082508,1080468.0825083656,77792.831734,77792.831734,444.689044,444.689044,146.327909,146.327909,0.049131301829032255,0.02822049349032258,0.7179850815997186,0,0,0,0
DJED,DJED,2023-06-28T00:00:00.000Z,2023-06-28,3839856.838737,3839856.8387369253,2758490.028807,2758490.028806883,1081366.80993,1081366.8099300426,49114.042027,49114.042027,446.111637,446.111637,369.191054,369.191054,0.04914749329042553,0.028245255493617023,0.7183785814788131,0,0,0,0
DJED,DJED,2023-06-29T00:00:00.000Z,2023-06-29,3889054.261586,3889054.2615856994,2802585.360227,2802585.3602268067,1086468.901359,1086468.9013588924,3997.287269,3997.287269,464.18402,464.18402,23.407867,23.407867,0.04924099350967742,0.0283888608,0.7206505362792132,0,0,0,0
DJED,DJED,2023-06-30T00:00:00.000Z,2023-06-30,3993428.1518670004,3993428.151867772,2823367.9497390003,2823367.949739446,1170060.202128,1170060.202128326,42167.705052,42167.705052,453.840468,453.840468,136.539051,136.539051,0.048679400975,0.027533252166304346,0.7070002132014532,0,0,0,0
DJED,DJED,2023-07-01T00:00:00.000Z,2023-07-01,4017969.398975,4017969.3989755,2858346.858656,2858346.8586563403,1159622.540319,1159622.5403191596,1053.904314,1053.904314,373.541469,373.541469,1.163627,1.163627,0.048859427773404254,0.027806150076595745,0.7113768683840126,0,0,0,0
DJED,DJED,2023-07-02T00:00:00.000Z,2023-07-02,4044880.001496,4044880.001495937,2890584.607708,2890584.6077076,1154295.393788,1154295.3937883368,570,570,378.892099,378.892099,1.223925,1.223925,0.048993181496842106,0.02800954339894737,0.7146281822923041,0,0,0,0
DJED,DJED,2023-07-03T00:00:00.000Z,2023-07-03,4071860.769282,4071860.7692821366,2903135.085806,2903135.085805747,1168725.683476,1168725.6834763894,1015.273926,1015.273926,380.109403,380.109403,16.708408,16.708408,0.048927843136842106,0.02791123838631579,0.7130392816777785,0,0,0,0
DJED,DJED,2023-07-04T00:00:00.000Z,2023-07-04,4191741.712471,4191741.7124711396,2930890.9486330003,2930890.948633398,1260850.763838,1260850.763837742,40200.111867,40200.111867,388.853707,388.853707,263.534479,263.534479,0.04835872119892473,0.027050144482795697,0.6992022935742946,0,0,0,0
DJED,DJED,2023-07-05T00:00:00.000Z,2023-07-05,4187170.743316,4187170.7433160543,2910465.619114,2910465.6191142476,1276705.124202,1276705.1242018065,1397.876833,1397.876833,379.43786,379.43786,10.273629,10.273629,0.048189769858064516,0.026797116887096774,0.6950930154330434,0,0,0,0
DJED,DJED,2023-07-06T00:00:00.000Z,2023-07-06,4203005.00181,4203005.001810221,2933993.04625,2933993.0462499578,1269011.95556,1269011.9555602632,1000,1000,383.470421,383.470421,8.618646,8.618646,0.04831228044842105,0.02698064212,0.6980727197087856,0,0,0,0
DJED,DJED,2023-07-07T00:00:00.000Z,2023-07-07,4203969.846252,4203969.846252125,2939429.9330329997,2939429.9330329164,1264539.913219,1264539.9132192084,15798.412585,15798.412585,384.653124,384.653124,57.15975,57.15975,0.04835875485833333,0.027050123495833335,0.6992031558589553,0,0,0,0
DJED,DJED,2023-07-08T00:00:00.000Z,2023-07-08,4221474.843491,4221474.843491102,2963402.03958,2963402.0395804606,1258072.803911,1258072.8039106405,4773.823478,4773.823478,388.753392,388.753392,13.5864,13.5864,0.048472838924719104,0.027221529913483145,0.7019776024835049,0,0,0,0
DJED,DJED,2023-07-09T00:00:00.000Z,2023-07-09,4243970.643264,4243970.6432646485,2984892.016293,2984892.0162933297,1259078.626971,1259078.6269713186,66271.576113,66271.576113,392.625286,392.625286,195.159252,195.159252,0.0485280606956044,0.027304735442857143,0.7033204133959483,0,0,0,0
DJED,DJED,2023-07-10T00:00:00.000Z,2023-07-10,4276520.128314,4276520.128313955,3027206.876849,3027206.8768487303,1249313.251465,1249313.2514652247,4368.835142,4368.835142,414.579022,414.579022,5.483536,5.483536,0.048714444831460674,0.027586315151685394,0.7078522052198652,0,0,0,0
DJED,DJED,2023-07-11T00:00:00.000Z,2023-07-11,4327640.98032,4327640.980319711,3076704.672875,3076704.672874889,1250936.307445,1250936.3074448223,12050.536663,12050.536663,413.60081,413.60081,34.512804,34.512804,0.04884151191666666,0.02777877622888889,0.7109414449954785,0,0,0,0
DJED,DJED,2023-07-12T00:00:00.000Z,2023-07-12,4389705.984960999,4389705.984962087,3137745.592541,3137745.5925417393,1251960.39242,1251960.3924203478,14546.009387,14546.009387,424.119798,424.119798,82.227932,82.22793200000001,0.0489999745576087,0.02801992719347826,0.7147932768370862,0,0,0,0
DJED,DJED,2023-07-13T00:00:00.000Z,2023-07-13,4411362.094841,4411362.0948413685,3165507.863769,3165507.8637691955,1245854.231072,1245854.2310721725,11594.518546,11594.518546,429.877987,429.877987,47.891576,47.891576,0.04911576284482758,0.028197881268965518,0.7176067362660948,0,0,0,0
DJED,DJED,2023-07-14T00:00:00.000Z,2023-07-14,4703712.500027999,4703712.500027977,3322620.7021709997,3322620.702170517,1381091.797857,1381091.7978574606,72477.738561,72477.738561,450.72784,450.72784,739.598098,739.598098,0.04865580656179775,0.027498127833707864,0.706426214992814,0,0,0,0
DJED,DJED,2023-07-15T00:00:00.000Z,2023-07-15,4784496.219883,4784496.21988288,3393422.688342,3393422.688342022,1391073.531541,1391073.5315408588,11268.802868,11268.802868,474.351256,474.351256,176.212304,176.212304,0.048771844197826084,0.027673131618478262,0.7092477668394034,0,0,0,0
DJED,DJED,2023-07-16T00:00:00.000Z,2023-07-16,4812783.47372,4812783.473719506,3410442.609667,3410442.6096668816,1402340.864053,1402340.8640526237,38109.272225,38109.272225,465.64072,465.64072,68.426118,68.426118,0.04874609761505376,0.0276340991172043,0.7086218407669739,0,0,0,0
DJED,DJED,2023-07-17T00:00:00.000Z,2023-07-17,4796241.797857,4796241.797856817,3406946.282226,3406946.2822261616,1389295.515631,1389295.515630656,50331.813683,50331.813683,466.114366,466.114366,765.085993,765.085993,0.04881671607741935,0.027741257679569892,0.7103385882416171,0,0,0,0
DJED,DJED,2023-07-18T00:00:00.000Z,2023-07-18,4769780.429855,4769780.42985557,3395092.199763,3395092.199763258,1374688.230092,1374688.2300923117,28080.698842,28080.698842,465.584934,465.584934,1924.826892,1924.826892,0.048876507786021504,0.027831949140860214,0.7117921589748846,0,0,0,0
DJED,DJED,2023-07-19T00:00:00.000Z,2023-07-19,4754203.519843,4754203.519843148,3389774.0002969997,3389774.0002967613,1364429.519546,1364429.5195463863,13298.12414,13298.12414,467.024914,467.024914,59.982032,59.982032,0.04892649561022727,0.027907998198863637,0.7130072524737162,0,0,0,0
DJED,DJED,2023-07-20T00:00:00.000Z,2023-07-20,4714246.324431,4714246.324430928,3318307.2878900003,3318307.2878902084,1395939.036541,1395939.0365407187,90964.823129,90964.823129,467.624958,467.624958,155.71971,155.71971,0.04855136866770833,0.02733988675,0.7038871666912246,0,0,0,0
DJED,DJED,2023-07-21T00:00:00.000Z,2023-07-21,4776248.76481,4776248.764810052,3373068.895337,3373068.895337052,1403179.869473,1403179.869473,0,0,466.727825,466.727825,0,0,0.048647162446875,0.02748443298125,0.7062164275718203,0,0,0,0
DJED,DJED,2023-07-22T00:00:00.000Z,2023-07-22,4799779.005403,4799779.005403701,3385871.622502,3385871.6225022064,1413907.382901,1413907.3829014949,404.795356,404.795356,468.174827,468.174827,48.187319,48.187319,0.04861450956701031,0.027435019758762887,0.7054225476082849,0,0,0,0
DJED,DJED,2023-07-23T00:00:00.000Z,2023-07-23,4794419.849988,4794419.8499880005,3379866.8878309997,3379866.887831464,1414552.962157,1414552.962156536,0,0,468.792339,468.792339,0,0,0.04859541378556701,0.027406200155670104,0.70495822990117,0,0,0,0
DJED,DJED,2023-07-24T00:00:00.000Z,2023-07-24,4793912.451431,4793912.451431347,3386359.9608509997,3386359.960851042,1407552.49058,1407552.4905803052,3597.489882,3597.489882,471.674457,471.674457,37.005402,37.005402,0.048653995558947366,0.02749472987368421,0.7063825856603122,0,0,0,0
DJED,DJED,2023-07-25T00:00:00.000Z,2023-07-25,4929292.562832,4929292.562831798,3520627.982499,3520627.9824989894,1408664.580333,1408664.5803328084,223.088101,223.088101,505.800909,505.800909,4.848627,4.848627,0.04897472825638298,0.02798195510212766,0.7141793286068534,0,0,0,0
DJED,DJED,2023-07-26T00:00:00.000Z,2023-07-26,5078639.01891,5078639.018910031,3669684.852385,3669684.8523849174,1408954.166525,1408954.1665251134,5979.551846,5979.551846,517.427498,517.427498,10.911194,10.911194,0.049319944235051545,0.02850967661443299,0.7225692244843992,0,0,0,0
DJED,DJED,2023-07-27T00:00:00.000Z,2023-07-27,5139102.932968,5139102.93296773,3724691.309893,3724691.309892896,1414411.623075,1414411.6230748333,488.199357,488.199357,525.911719,525.911719,21.377846,21.377846,0.04941064913020833,0.02864924035625,0.724773102359294,0,0,0,0
DJED,DJED,2023-07-28T00:00:00.000Z,2023-07-28,5174111.132299,5174111.132299587,3762184.382063,3762184.3820631546,1411926.750236,1411926.750236433,1440.936763,1440.936763,532.168673,532.168673,15.226322,15.226322,0.04950717968556701,0.028798076544329896,0.72711833943891,0,0,0,0
DJED,DJED,2023-07-29T00:00:00.000Z,2023-07-29,5175195.7046880005,5175195.704688302,3744508.2380290003,3744508.2380296043,1430687.466659,1430687.466658698,1100.959999,1100.959999,533.615652,533.615652,0.769549,0.769549,0.04935988145833333,0.028571214613541666,0.7235395346783161,0,0,0,0
DJED,DJED,2023-07-30T00:00:00.000Z,2023-07-30,5230097.537014,5230097.537014303,3798506.881845,3798506.8818450505,1431590.655169,1431590.6551692525,6515.411032,6515.411032,561.818676,561.818676,0.383082,0.383082,0.049472388563636366,0.02874443642929293,0.726273077695214,0,0,0,0
DJED,DJED,2023-07-31T00:00:00.000Z,2023-07-31,5297741.540281,5297741.540281103,3840041.345797,3840041.345797361,1457700.194484,1457700.1944837424,9478.113653,9478.113652999999,555.263567,555.263567,29.330997,29.330997,0.04941343871443299,0.028653591725773198,0.7248408456355723,0,0,0,0
DJED,DJED,2023-08-01T00:00:00.000Z,2023-08-01,5411690.614043,5411690.614043225,3934685.578985,3934685.5789849386,1477005.035058,1477005.0350582858,4005.803833,4005.803833,569.76853,569.76853,956.765548,956.765548,0.049504782346938773,0.028794443386734692,0.727060056975765,0,0,0,0
DJED,DJED,2023-08-02T00:00:00.000Z,2023-08-02,5500387.69915,5500387.699149724,4008168.192208,4008168.192207898,1492219.506942,1492219.5069418265,4831.093323,4831.093323,580.723889,580.723889,116.146375,116.14637499999999,0.04957256782040816,0.02889910392653061,0.7287068356185373,0,0,0,0
DJED,DJED,2023-08-03T00:00:00.000Z,2023-08-03,5468514.599556,5468514.599555763,3960982.46982,3960982.4698202363,1507532.129736,1507532.1297355269,19290.348859,19290.348859,593.288851,593.288851,580.583739,580.583739,0.049391719011827956,0.0286202244,0.7243130853822229,0,0,0,0
DJED,DJED,2023-08-04T00:00:00.000Z,2023-08-04,5528030.876976,5528030.876975185,4006259.4181460002,4006259.4181453814,1521771.45883,1521771.458829804,27451.407514,27451.407514,592.198551,592.198551,824.32303,824.3230299999999,0.04940806581340206,0.0286453023,0.724710312741344,0,0,0,0
DJED,DJED,2023-08-05T00:00:00.000Z,2023-08-05,5569968.611655001,5569968.611655102,4035774.121571,4035774.1215706225,1534194.490084,1534194.4900844796,7380.488441,7380.488441,595.920327,595.920327,126.726972,126.726972,0.049401895813265304,0.028635736484693877,0.7245604427841332,0,0,0,0
DJED,DJED,2023-08-06T00:00:00.000Z,2023-08-06,5599489.983833,5599489.983833326,4058487.952215,4058487.9522151123,1541002.031618,1541002.0316182142,2472.915968,2472.915968,599.629087,599.629087,3.888598,3.888598,0.049411559564285716,0.02865062511122449,0.7247952331827199,0,0,0,0
DJED,DJED,2023-08-07T00:00:00.000Z,2023-08-07,5611793.820449,5611793.820449771,4073870.529116,4073870.5291163335,1537923.291333,1537923.2913334374,26849.011431,26849.011431,602.925662,602.925662,1116.789531,1116.789531,0.049458968548958336,0.028723687425,0.7259470695057102,0,0,0,0
DJED,DJED,2023-08-08T00:00:00.000Z,2023-08-08,5508586.907951,5508586.907950711,3999286.836509,3999286.836509041,1509300.071442,1509300.0714416702,6631.366151,6631.366151,603.717878,603.717878,389.924482,389.924482,0.04946229456907217,0.02872907406701031,0.7260277185681174,0,0,0,0
DJED,DJED,2023-08-09T00:00:00.000Z,2023-08-09,5622598.394605,5622598.394604626,4087834.352595,4087834.35259497,1534764.04201,1534764.0420096566,0,0,638.723138,638.723138,0,0,0.04950395414040404,0.028793175718181817,0.7270399297270161,0,0,0,0
DJED,DJED,2023-08-10T00:00:00.000Z,2023-08-10,5621959.174004,5621959.174004093,4114270.803205,4114270.803205577,1507688.370799,1507688.3707985154,0,0,630.502245,630.502245,0,0,0.04970081113298969,0.0290977342814433,0.7318219955712647,0,0,0,0
DJED,DJED,2023-08-11T00:00:00.000Z,2023-08-11,5630150.702173,5630150.702173797,4140236.7746369997,4140236.774637707,1489913.927536,1489913.9275360908,1118.332559,1118.332559,635.946037,635.946037,21.221282,21.221282,0.04984681226060606,0.02932461242929293,0.7353680574754587,0,0,0,0
DJED,DJED,2023-08-12T00:00:00.000Z,2023-08-12,5735706.117134,5735706.11713391,4168068.817227,4168068.8172265054,1567637.299907,1567637.299907404,215.239832,215.239832,635.2219,635.2219,39.466629,39.466629,0.04948964431212121,0.028771156502020202,0.7266922413413084,0,0,0,0
DJED,DJED,2023-08-13T00:00:00.000Z,2023-08-13,5739100.677092,5739100.677091435,4173146.608082,4173146.6080816565,1565954.06901,1565954.0690097779,48057.686802,48057.686802,656.486851,656.486851,32.526097,32.526097,0.04950791148989899,0.02879929253030303,0.7271360656946051,0,0,0,0
DJED,DJED,2023-08-14T00:00:00.000Z,2023-08-14,5777555.456302,5777555.456301439,4168232.091289,4168232.0912889023,1609323.365013,1609323.3650125365,1022.470622,1022.470622,634.356272,634.356272,70.731276,70.731276,0.049273936623170735,0.02843913468292683,0.721451215603592,0,0,0,0
DJED,DJED,2023-08-15T00:00:00.000Z,2023-08-15,5880498.822784001,5880498.822782921,4267323.480694001,4267323.48069319,1613175.34209,1613175.34208973,3551.38706,3551.38706,680.910434,680.910434,49.281679,49.281679,0.049447734425,0.028706361801,0.7256741359887263,0,0,0,0
DJED,DJED,2023-08-16T00:00:00.000Z,2023-08-16,5855761.029135999,5855761.029136121,4259143.157497999,4259143.157497795,1596617.871638,1596617.8716383264,37274.789924,37274.789924,665.960956,665.960956,825.774906,825.774906,0.04951642507040816,0.028812368347959184,0.7273429363555259,0,0,0,0
DJED,DJED,2023-08-17T00:00:00.000Z,2023-08-17,5796567.73982,5796567.7398199085,4209283.346526,4209283.346525633,1587284.393294,1587284.3932942755,218709.05156,218709.05156,661.427692,661.427692,3525.152825,3525.152825,0.04946674667959184,0.02873650218469388,0.7261355403033157,0,0,0,0
DJED,DJED,2023-08-18T00:00:00.000Z,2023-08-18,5520673.938805,5520673.93880499,3794314.951315,3794314.9513150933,1726358.98749,1726358.987489896,60099.319704,60099.319704,618.23604,618.23604,1198.926711,1198.926711,0.04786870424583333,0.026322257902083333,0.6872803248191175,0,0,0,0
DJED,DJED,2023-08-19T00:00:00.000Z,2023-08-19,5669608.058021,5669608.058021454,3899422.856062,3899422.8560620504,1770185.201959,1770185.201959404,11637.718232,11637.718232,660.90006,660.90006,28.871498,28.871498,0.04788802481010101,0.026348416880808082,0.6877519389766026,0,0,0,0
DJED,DJED,2023-08-20T00:00:00.000Z,2023-08-20,5746415.4500049995,5746415.450004899,3980250.3545709997,3980250.3545711213,1766165.095434,1766165.0954337777,0,0,659.560334,659.560334,0,0,0.04808963794747475,0.026647933456565655,0.692657106771404,0,0,0,0
DJED,DJED,2023-08-21T00:00:00.000Z,2023-08-21,5690791.713528,5690791.713527268,4003151.832831,4003151.8328304123,1687639.880697,1687639.8806968557,5459.076112,5459.076112,668.497218,668.497218,65.806891,65.80689100000001,0.04853307185360825,0.02731223425773196,0.7034422999163088,0,0,0,0
DJED,DJED,2023-08-22T00:00:00.000Z,2023-08-22,5680084.081823999,5680084.08182299,4012787.8164879996,4012787.816487235,1667296.265336,1667296.2653357552,50116.370236,50116.370236,672.106316,672.106316,345.355627,345.355627,0.048657531965306124,0.027500059093877552,0.7064685788873265,0,0,0,0
DJED,DJED,2023-08-23T00:00:00.000Z,2023-08-23,5496396.885868,5496396.885867719,4007043.4184189998,4007043.4184189686,1489353.467449,1489353.46744875,14131.373868,14131.373868,690.720485,690.720485,138.855221,138.855221,0.0495931075,0.028934466427083333,0.7292036005833807,0,0,0,0
DJED,DJED,2023-08-24T00:00:00.000Z,2023-08-24,5438058.094866,5438058.094865626,4018025.777718,4018025.777718111,1420032.317148,1420032.3171475152,650.751116,650.751116,728.434061,728.434061,1.226268,1.226268,0.049991043844444444,0.029550330954545456,0.7388701714387291,0,0,0,0
DJED,DJED,2023-08-25T00:00:00.000Z,2023-08-25,5465367.3158370005,5465367.315836835,4032131.1605160004,4032131.160516134,1433236.155321,1433236.155320701,24057,24057,714.157285,714.157285,325.029403,325.029403,0.049945478641237114,0.02947850124329897,0.7377641123809552,0,0,0,0
DJED,DJED,2023-08-26T00:00:00.000Z,2023-08-26,5458743.08206,5458743.082059299,4034638.1910019997,4034638.191001732,1424104.891058,1424104.891057567,30672.097789,30672.097789,715.847679,715.847679,143.956117,143.95611699999998,0.05000113970412371,0.029565334185567012,0.7391157964943355,0,0,0,0
DJED,DJED,2023-08-27T00:00:00.000Z,2023-08-27,5485837.995618,5485837.995617801,4030503.447551,4030503.4475506144,1455334.548067,1455334.5480671874,1210.515331,1210.515331,712.853544,712.853544,119.544366,119.544366,0.0498203969625,0.029283828771875,0.7347263240705714,0,0,0,0
DJED,DJED,2023-08-28T00:00:00.000Z,2023-08-28,5457066.271435999,5457066.271435898,4013862.5389969996,4013862.5389967756,1443203.732439,1443203.7324391224,1423.262505,1423.262505,714.880695,714.880695,27.733112,27.733112,0.049854037993877554,0.029336252715306124,0.7355433044730254,0,0,0,0
DJED,DJED,2023-08-29T00:00:00.000Z,2023-08-29,5529138.19739,5529138.197390429,4101599.0552930003,4101599.055293153,1427539.142097,1427539.1420972755,3410.983962,3410.983962,759.768292,759.768292,44.950796,44.950796,0.050133444842857144,0.02975099842857143,0.741783165508802,0,0,0,0
DJED,DJED,2023-08-30T00:00:00.000Z,2023-08-30,5625598.412446,5625598.4124467345,4158270.250136,4158270.250136765,1467328.16231,1467328.1623099693,5908.415922,5908.415922,749.548969,749.5489689999999,137.994718,137.994718,0.05007179603979592,0.029611090186734693,0.7391880883200412,0,0,0,0
DJED,DJED,2023-08-31T00:00:00.000Z,2023-08-31,5643260.548759,5643260.548758959,4157385.735874,4157385.7358734696,1485874.812885,1485874.8128854898,26720.647816,26720.647816,747.370627,747.370627,504.436089,504.436089,0.049901637715306126,0.029410058943877552,0.7366995003904782,0,0,0,0
DJED,DJED,2023-09-01T00:00:00.000Z,2023-09-01,5648958.183924001,5648958.183924283,4148659.81087,4148659.810870182,1500298.373054,1500298.373054101,3915.465852,3915.465852,550.254912,550.254912,33.132612,33.132612,0.04980744056363636,0.02926336535858586,0.7344118412851611,0,0,0,0
DJED,DJED,2023-09-02T00:00:00.000Z,2023-09-02,5638907.061973,5638907.061973073,4116291.338247,4116291.338246918,1522615.723726,1522615.7237261545,3815.860943,3815.860943,548.506175,548.506175,15.699304,15.699304,0.04962402393195876,0.028979284184536082,0.7299564626926741,0,0,0,0
DJED,DJED,2023-09-03T00:00:00.000Z,2023-09-03,5688166.494176,5688166.494175505,4119741.108373,4119741.1083727474,1568425.385803,1568425.3858027575,0,0,559.520129,559.520129,0,0,0.04938956023838384,0.028616772507070707,0.7242607124712314,0,0,0,0
DJED,DJED,2023-09-04T00:00:00.000Z,2023-09-04,5721476.44221,5721476.44220957,4146162.6571,4146162.65709969,1575313.78511,1575313.78510988,275.591266,275.591266,576.41113,576.41113,20.719276,20.719276,0.049406276702,0.028642496997,0.7246668740595545,0,0,0,0
DJED,DJED,2023-09-05T00:00:00.000Z,2023-09-05,5722398.325254001,5722398.325254767,4146562.552988,4146562.552988596,1575835.772266,1575835.7722661716,6878.115451,6878.115451,564.266964,564.266964,225.713574,225.713574,0.04940435124444444,0.028639514455555556,0.7246201027763026,0,0,0,0
DJED,DJED,2023-09-06T00:00:00.000Z,2023-09-06,5725306.539166,5725306.539165266,4148392.155957,4148392.155956561,1576914.383209,1576914.3832087042,7000.027372,7000.027372,565.932327,565.932327,561.326686,561.326686,0.04940242991632653,0.02863657161530612,0.7245734117008915,0,0,0,0
DJED,DJED,2023-09-07T00:00:00.000Z,2023-09-07,5669360.521193,5669360.521192969,4109308.272385,4109308.272384711,1560052.248808,1560052.2488082577,5825.07618,5825.07618,566.833484,566.833484,93.552118,93.55211800000001,0.049411917334020616,0.028651386797938144,0.7248037973571753,0,0,0,0
DJED,DJED,2023-09-08T00:00:00.000Z,2023-09-08,5474386.782904,5474386.782904515,3921234.716935,3921234.716935485,1553152.065969,1553152.0659690304,299552.192428,299552.192428,567.628287,567.628287,910.040155,910.040155,0.0490568572949495,0.028108145814141415,0.7161749454523016,0,0,0,0
DJED,DJED,2023-09-09T00:00:00.000Z,2023-09-09,5523694.318751,5523694.318751041,3963318.9161239997,3963318.9161241013,1560375.402627,1560375.4026269394,0,0,561.7902,561.7902,0,0,0.049111735643434344,0.028190540287878787,0.7175095845354907,0,0,0,0
DJED,DJED,2023-09-10T00:00:00.000Z,2023-09-10,5515586.875741,5515586.875741562,3947225.978982,3947225.9789825715,1568360.896759,1568360.89675899,38245.814297,38245.814297,560.507669,560.507669,644.230877,644.230877,0.049035117231632654,0.028073557373469386,0.7156474161764775,0,0,0,0
DJED,DJED,2023-09-11T00:00:00.000Z,2023-09-11,5461651.214631,5461651.214631235,3899359.4484759998,3899359.448475786,1562291.766155,1562291.766155449,57244.697605,57244.697605,557.577684,557.577684,1293.301802,1293.301802,0.04896497081836735,0.0279667235622449,0.7139423833042798,0,0,0,0
DJED,DJED,2023-09-12T00:00:00.000Z,2023-09-12,5351865.673926,5351865.6739257835,3775808.859259,3775808.859259258,1576056.814667,1576056.8146665257,10333.012128,10333.012128,551.081927,551.081927,265.861138,265.861138,0.04861726658350515,0.027439455803092785,0.7054894170985507,0,0,0,0
DJED,DJED,2023-09-13T00:00:00.000Z,2023-09-13,5366702.83886,5366702.838859813,3779331.488487,3779331.488487023,1587371.350373,1587371.3503727906,0,0,564.157619,564.157619,0,0,0.04856480486976744,0.027360068655813953,0.7042139291973969,0,0,0,0
DJED,DJED,2023-09-14T00:00:00.000Z,2023-09-14,5407022.579792,5407022.579792979,3810638.463337,3810638.463337854,1596384.116455,1596384.116455125,2522.723724,2522.723724,581.057427,581.057427,3.955392,3.955392,0.048587161890625,0.027393748398958334,0.7047575823793663,0,0,0,0
DJED,DJED,2023-09-15T00:00:00.000Z,2023-09-15,5431231.728459,5431231.728459387,3822936.34636,3822936.346360408,1608295.382099,1608295.3820989795,544.177424,544.177424,570.263836,570.263836,45.670549,45.670549,0.04855105323877551,0.027339350035714284,0.7038795343001834,0,0,0,0
DJED,DJED,2023-09-16T00:00:00.000Z,2023-09-16,5438132.771557,5438132.771557134,3841821.003664,3841821.0036639892,1596311.767893,1596311.7678931444,3517.989314,3517.989314,574.236304,574.236304,8.216744,8.216744,0.048657165364948456,0.02749946595257732,0.7064596892241636,0,0,0,0
DJED,DJED,2023-09-17T00:00:00.000Z,2023-09-17,5422104.588631,5422104.58863103,3819482.973776,3819482.9737760713,1602621.614855,1602621.614854959,5375.149466,5375.149466,572.811178,572.811178,137.749986,137.749986,0.04857311597755102,0.027372681913265307,0.7044159727550515,0,0,0,0
DJED,DJED,2023-09-18T00:00:00.000Z,2023-09-18,5440607.683703,5440607.683702894,3836433.421824,3836433.4218243193,1604174.261879,1604174.2618785745,0,0,598.403704,598.403704,0,0,0.04860310340212766,0.027417830477659576,0.7051451893323817,0,0,0,0
DJED,DJED,2023-09-19T00:00:00.000Z,2023-09-19,5450975.208833,5450975.208833428,3847590.8030129997,3847590.8030129895,1603384.40582,1603384.4058204389,0,0,586.635333,586.635333,0,0,0.04863223307653061,0.027461790246938775,0.7058534847664055,0,0,0,0
DJED,DJED,2023-09-20T00:00:00.000Z,2023-09-20,5358682.919912,5358682.91991292,3754579.355781,3754579.35578157,1604103.564131,1604103.56413135,100100.000003,100100.000003,572.763289,572.763289,332.878374,332.878374,0.048418195669,0.027139372696,0.700648751258228,0,0,0,0
DJED,DJED,2023-09-21T00:00:00.000Z,2023-09-21,5344456.907618,5344456.90761712,3737884.837168,3737884.83716753,1606572.07045,1606572.07044959,7912.999999,7912.999999,572.06885,572.06885,118.450009,118.450009,0.048366624532,0.027061898075,0.6993945711349667,0,0,0,0
DJED,DJED,2023-09-22T00:00:00.000Z,2023-09-22,5358599.397074999,5358599.397074602,3742374.58468,3742374.58467951,1616224.812395,1616224.8123950919,99687.134161,99687.134161,576.474983,576.474983,290.394272,290.394272,0.048324166169387756,0.026998505057142855,0.6983617692999942,0,0,0,0
DJED,DJED,2023-09-23T00:00:00.000Z,2023-09-23,5556596.805421,5556596.805420698,3927833.021038,3927833.021037687,1628763.784383,1628763.7843830104,0,0,628.074228,628.074228,0,0,0.048674319940625,0.027525404283333332,0.7068767765822093,0,0,0,0
DJED,DJED,2023-09-24T00:00:00.000Z,2023-09-24,5559096.482973,5559096.48297299,3930852.787592,3930852.78759248,1628243.695381,1628243.69538051,0,0,614.712158,614.712158,0,0,0.048683608215,0.027539451,0.7071026051706233,0,0,0,0
DJED,DJED,2023-09-25T00:00:00.000Z,2023-09-25,5551313.355113001,5551313.355112866,3921208.1850010003,3921208.185000526,1630105.170112,1630105.1701123402,104085.427293,104085.427293,613.259033,613.259033,677.054967,677.054967,0.048652337388659796,0.027492332369072166,0.7063422029328019,0,0,0,0
DJED,DJED,2023-09-26T00:00:00.000Z,2023-09-26,5442540.296097,5442540.296098081,3841254.6468700003,3841254.6468708063,1601285.649227,1601285.6492272755,749.999998,749.999998,605.036384,605.036384,21.400218,21.400218,0.04862915904285714,0.027457187357142858,0.7057787167643677,0,0,0,0
DJED,DJED,2023-09-27T00:00:00.000Z,2023-09-27,5377240.622385,5377240.622385289,3781382.657715,3781382.6577148763,1595857.96467,1595857.9646704125,23007.703622,23007.703622,604.926837,604.926837,276.178615,276.17861500000004,0.048523270549484535,0.02729754221340206,0.7032039181327665,0,0,0,0
DJED,DJED,2023-09-28T00:00:00.000Z,2023-09-28,5413930.733654,5413930.73365499,3806044.7665109998,3806044.7665116326,1607885.967143,1607885.967143357,198.193972,198.193972,632.714711,632.714711,30.16994,30.16994,0.04851542881734694,0.027285733187755103,0.7030132290472882,0,0,0,0
DJED,DJED,2023-09-29T00:00:00.000Z,2023-09-29,5445437.430575,5445437.430575226,3814812.8195209997,3814812.8195214123,1630624.611054,1630624.6110538144,174.847272,174.847272,618.322822,618.322822,5.619603,5.619603,0.04841422227628866,0.027133350646391753,0.7005521529838393,0,0,0,0
DJED,DJED,2023-09-30T00:00:00.000Z,2023-09-30,5446544.538904,5446544.538903695,3814757.608009,3814757.6080091023,1631786.930895,1631786.9308945918,0,0,618.382542,618.382542,0,0,0.04840795213163265,0.02712393243877551,0.7003996658299882,0,0,0,0
DJED,DJED,2023-10-01T00:00:00.000Z,2023-10-01,5449150.667334,5449150.6673336085,3820315.274428,3820315.2744274437,1628835.392906,1628835.392906165,0,0,619.589768,619.589768,0,0,0.04843610546701031,0.027166254408247423,0.7010843214757416,0,0,0,0
DJED,DJED,2023-10-02T00:00:00.000Z,2023-10-02,5415396.722408,5415396.722408396,3813917.3878090004,3813917.3878091667,1601479.334599,1601479.3345992293,10753.100122,10753.100122,625.369138,625.369138,494.311059,494.311059,0.0485674792375,0.027364164323958332,0.7042789209916583,0,0,0,0
DJED,DJED,2023-10-03T00:00:00.000Z,2023-10-03,5355571.529058,5355571.529058563,3813500.012281,3813500.012281594,1542071.516777,1542071.5167769687,16386.718546,16386.718546,643.756594,643.756594,858.847625,858.847625,0.04888771360625,0.027849068796875,0.7120645038933704,0,0,0,0
DJED,DJED,2023-10-04T00:00:00.000Z,2023-10-04,5280669.421204,5280669.421203762,3810956.5968029997,3810956.596802845,1469712.824401,1469712.8244009176,10380.626758,10380.626758,664.591334,664.591334,34.070243,34.070243,0.04928374189896907,0.028454268189690723,0.7216894282252712,0,0,0,0
DJED,DJED,2023-10-05T00:00:00.000Z,2023-10-05,5274691.145848,5274691.145848537,3812119.1003900003,3812119.1003902787,1462572.045458,1462572.0454582577,0,0,650.573545,650.573545,0,0,0.04932606839278351,0.028519141669072164,0.7227179989628307,0,0,0,0
DJED,DJED,2023-10-06T00:00:00.000Z,2023-10-06,5267648.319704,5267648.319703868,3830405.317172,3830405.31717199,1437243.002532,1437243.0025318775,6109.559866,6109.559866,655.619559,655.619559,136.899759,136.899759,0.04950891906734694,0.028800837490816328,0.7271605500584802,0,0,0,0
DJED,DJED,2023-10-07T00:00:00.000Z,2023-10-07,5182926.785433,5182926.785433687,3822555.7987659997,3822555.798766697,1360370.986667,1360370.98666699,9294.486137,9294.486137,663.421466,663.421466,372.448315,372.448315,0.04997532506464646,0.02949161946969697,0.7376072375995664,0,0,0,0
DJED,DJED,2023-10-08T00:00:00.000Z,2023-10-08,5137761.73388,5137761.73388076,3849250.876215,3849250.8762153103,1288510.857665,1288510.85766545,0,0,701.913762,701.913762,0,0,0.050445276029,0.030235206399,0.749207057697474,0,0,0,0
DJED,DJED,2023-10-09T00:00:00.000Z,2023-10-09,5137549.4559969995,5137549.455996899,3857491.622557,3857491.622557232,1280057.83344,1280057.8334396668,1477.581789,1477.581789,713.739722,713.739722,59.05972,59.05972,0.05250142444040404,0.031539046595959595,0.7508458281241528,0,0,0,0
DJED,DJED,2023-10-10T00:00:00.000Z,2023-10-10,5192116.704646,5192116.7046449,3942324.212054,3942324.21205329,1249792.492592,1249792.49259161,6080.793456,6080.793456,921.062593,921.062593,180.964353,180.964353,0.066670568763,0.040502046369,0.7592920283140824,0,0,0,0
DJED,DJED,2023-10-11T00:00:00.000Z,2023-10-11,5198293.813921001,5198293.813921194,3931996.9056280004,3931996.905628418,1266296.908293,1266296.9082927755,19211.129774,19211.129774,847.604924,847.604924,1953.7227,1953.7227,0.06159488976632653,0.03727271053367347,0.7564012195958243,0,0,0,0
DJED,DJED,2023-10-12T00:00:00.000Z,2023-10-12,5151213.391351,5151213.391352156,3893368.1368750003,3893368.136875689,1257845.254476,1257845.2544764667,134852.230004,134852.230004,835.176255,835.176255,675.861093,675.861093,0.06093136229888889,0.03685138065666667,0.7557739709107613,0,0,0,0
DJED,DJED,2023-10-13T00:00:00.000Z,2023-10-13,5040577.890326,5040577.890325928,3779845.431515,3779845.4315150143,1260732.458811,1260732.4588109143,101.54,101.54,720.3357,720.3357,28.560996,28.560996,0.05121435423857143,0.030724513314285714,0.7498709072164371,0,0,0,0
DJED,DJED,2023-10-14T00:00:00.000Z,2023-10-14,5067768.718535,5067768.718534938,3800731.683069,3800731.683069042,1267037.035466,1267037.035465896,2887.426834,2887.426834,683.345125,683.345125,33.880289,33.880289,0.050650679877083334,0.030389692002083333,0.7499813002131638,0,0,0,0
DJED,DJED,2023-10-15T00:00:00.000Z,2023-10-15,5059067.326543,5059067.326543257,3803780.722387,3803780.722387128,1255286.604156,1255286.6041561281,151.589274,151.589274,749.241758,749.241758,0.67753,0.67753,0.05370179731025641,0.032302532655128204,0.7518744336309783,0,0,0,0
DJED,DJED,2023-10-16T00:00:00.000Z,2023-10-16,5061707.492657,5059939.150035368,3811698.807693,3810365.563982264,1250008.684964,1249573.5860531041,814.997895,810.28372857318,770.002063,769.575000241206,117.713075,116.879078224244,0.05574047051827957,0.033582103168817205,0.753046162683349,0,0,0,0
DJED,DJED,2023-10-17T00:00:00.000Z,2023-10-17,5038605.1382720005,5007070.5280470485,3797565.146321,3773793.5899238843,1241039.991951,1233276.9381231642,104.69705,102.73638834465,789.766823,784.423444153561,104.69705,102.73638834465,0.05703744582025316,0.034396337665822785,0.7536759863922033,0,0,0,0
DJED,DJED,2023-10-18T00:00:00.000Z,2023-10-18,5108994.184111,5065635.12484869,3861456.302872,3828686.7217907878,1247537.881239,1236948.4030579026,9975.565103,9925.488938579081,877.452187,870.171093679989,8.870444,8.826317616534,0.06055120635,0.03661616154125,0.7558022637240421,0,0,0,0
DJED,DJED,2023-10-19T00:00:00.000Z,2023-10-19,5042801.7136780005,5090065.626581928,3776869.486145,3812227.28085875,1265932.227533,1277838.3457231773,152353.855417,153368.397526204,740.457435,747.253950955919,2311.4901,2325.914111552,0.052635126175,0.03154917441,0.748928335014694,0,0,0,0
DJED,DJED,2023-10-20T00:00:00.000Z,2023-10-20,5056951.991696,5074589.626971967,3776395.276416,3789563.765083222,1280556.71528,1285025.8618887446,0,0,708.933079,711.560374549351,0,0,0.050316420393939396,0.030059880790909092,0.7467704897585563,0,0,0,0
DJED,DJED,2023-10-21T00:00:00.000Z,2023-10-21,5060755.385588,5069819.726816621,3772515.222745,3779227.866430783,1288240.162843,1290591.8603858375,6250.115409,6153.901535406447,710.400326,711.660902693426,274.867819,270.404928982302,0.050261764246534654,0.029973883945544556,0.7454436550251474,0,0,0,0
DJED,DJED,2023-10-22T00:00:00.000Z,2023-10-22,5061139.612919999,5096507.319226772,3771522.0335669997,3797893.931058211,1289617.579353,1298613.3881685608,67806.137958,68105.422509822,731.020407,736.14002404781,237.995272,238.987333808,0.050251109903030305,0.02995669854242424,0.7451699513713373,0,0,0,0
DJED,DJED,2023-10-23T00:00:00.000Z,2023-10-23,5086362.538133,5201587.387260919,3824212.177079,3910853.280351225,1262150.361054,1290734.1069096942,1129.885901,1152.917523789,786.310289,804.394945657,226.902643,231.258867529,0.053685539083838385,0.032291715850505054,0.7518565383217868,0,0,0,0
DJED,DJED,2023-10-24T00:00:00.000Z,2023-10-24,5054728.131348,5182561.465040046,3851538.99591,3948725.506817631,1203189.135438,1233835.958222415,500,532,1041.494305,1066.731911263,0.119922,0.127597008,0.071425238671,0.043568210452,0.7619751878714219,0,0,0,0
DJED,DJED,2023-10-25T00:00:00.000Z,2023-10-25,5068537.86263,5117056.505956227,3884236.134664,3921413.376563996,1184301.727966,1195643.1293922309,0,0,1156.874965,1168.205167695703,0,0,0.079135766549,0.048516256013,0.766341091839386,0,0,0,0
DJED,DJED,2023-10-26T00:00:00.000Z,2023-10-26,5111400.783239,5190765.0257431725,3925684.585659,3986633.9524981757,1185716.19758,1204131.0732449966,0,0,1207.058952,1225.928987681729,0,0,0.08213541366363636,0.05046593806161616,0.7680246684787245,0,0,0,0
DJED,DJED,2023-10-27T00:00:00.000Z,2023-10-27,5106034.337272,5197498.743197052,3922306.863142,3992522.3677136577,1183727.47413,1204976.3754833937,76033.554526,77778.658372202,1214.167913,1235.026324571,1103.65693,1126.739771747,0.082374209665,0.050628965367,0.768153998911111,0,0,0,0
DJED,DJED,2023-10-28T00:00:00.000Z,2023-10-28,5131980.12173,5292322.593043272,3943414.537343,4066623.4229666535,1188565.584387,1225699.170076619,0,0,1280.292315,1320.220345415,0,0,0.082805608586,0.050902558619,0.7684002121435665,0,0,0,0
DJED,DJED,2023-10-29T00:00:00.000Z,2023-10-29,5128357.059461,5271044.643486506,3949366.5663300003,4059232.1054967903,1178990.493131,1211812.5379897158,13368.557867,13657.00313131,1296.013585,1332.411973369,193.153064,197.902897848,0.085852665423,0.052893289167,0.7701042563475834,0,0,0,0
DJED,DJED,2023-10-30T00:00:00.000Z,2023-10-30,5130530.1684489995,5261722.320576782,3957827.3043919997,4059028.8959989166,1172702.864057,1202693.424577866,1053.822868,1084.383731172,1334.309509,1368.777480773,136.071013,140.017072377,0.08822422230707071,0.054448741551515155,0.7714269100915013,0,0,0,0
DJED,DJED,2023-10-31T00:00:00.000Z,2023-10-31,5148662.688046,5252230.266971805,3984484.059383,4064600.403868254,1164178.628663,1187629.863103551,2155.002839,2171.301831831,1403.574028,1432.094161105,453.386384,456.582177923,0.092645800083,0.05735966839,0.773886364877694,0,0,0,0
DJED,DJED,2023-11-01T00:00:00.000Z,2023-11-01,5125092.587779,5179072.5453462,3969229.892323,4010949.167950654,1155862.695456,1168123.3773955454,241481.068387,248646.2104191,1414.631252,1429.306490906308,500.111952,509.834773718,0.09364486884747475,0.0580399034979798,0.7744286344956116,0,0,0,0
DJED,DJED,2023-11-02T00:00:00.000Z,2023-11-02,5161822.5600189995,5240618.230138673,3995951.130049,4056978.5611119373,1165871.42997,1183639.6690267364,6989.640711,7054.110039359,1475.423906,1498.746496739,402.66324,406.7565705,0.09312444874848484,0.05768075996363636,0.7741490358585486,0,0,0,0
DJED,DJED,2023-11-03T00:00:00.000Z,2023-11-03,5278671.530674,5374885.1195588,4047903.659645,4121548.433657841,1230767.871029,1253336.6859009597,37868.228609,38629.879327606,1256.397639,1279.359462014,484.905194,492.976741613,0.0800617135080808,0.049132587153535356,0.7668520763614181,0,0,0,0
DJED,DJED,2023-11-04T00:00:00.000Z,2023-11-04,5435515.8473579995,5578137.631767805,4154333.3914469997,4263316.228252472,1281182.455911,1314821.4035153326,20000,20910,1209.559034,1240.760807873,27.584642,28.625578333,0.075484454887,0.046159348319,0.7642819342712917,0,0,0,0
DJED,DJED,2023-11-05T00:00:00.000Z,2023-11-05,5566254.183662999,5673353.219241854,4193113.353342,4273800.9646294685,1373140.830321,1399552.2546123848,4584.368384,4675.65575168,924.011681,941.489317901,104.59282,106.585239474,0.056216480014141416,0.033882319918181816,0.7533188688493397,0,0,0,0
DJED,DJED,2023-11-06T00:00:00.000Z,2023-11-06,5617541.329575,5711216.269891762,4187289.727688,4257027.902799883,1430251.601887,1454188.3670918795,158165.155505,161376.550897444,842.433944,856.655657815,1914.442168,1952.550996627,0.051135678908163264,0.03049912832142857,0.7453715595954985,0,0,0,0
DJED,DJED,2023-11-07T00:00:00.000Z,2023-11-07,5871357.952675,5924309.047075931,4360933.116827,4400246.470347525,1510424.835848,1524062.5767284064,18401.31671,18569.017425642,1050.272199,1059.389048877928,1247.897277,1255.362227432,0.060129015805,0.03574531439,0.7427296163072232,0,0,0,0
DJED,DJED,2023-11-08T00:00:00.000Z,2023-11-08,5819475.49432,5841315.810137094,4314099.952246999,4330292.188734166,1505375.542073,1511023.6214029277,10878.368334,10822.154175680844,1400.153801,1405.674226266927,777.488634,774.640648647644,0.08100050867676768,0.04803778298787879,0.7413137965065656,0,0,0,0
DJED,DJED,2023-11-09T00:00:00.000Z,2023-11-09,5960152.319046,6005206.003652095,4454059.82323,4487715.4778002715,1506092.495816,1517490.5258518232,5936.301737,5936.924737949669,1442.376389,1453.474762526348,39.329539,39.638095349664,0.081230545173,0.048562360476,0.7472904422087663,0,0,0,0
DJED,DJED,2023-11-10T00:00:00.000Z,2023-11-10,6056421.993283001,6100003.480676643,4531592.893533001,4564200.420439319,1524829.09975,1535803.0602373239,6326.022216,6419.816488847192,1460.239905,1471.020719579114,232.781171,234.755041741714,0.081298967839,0.048664131232,0.7482268841141465,0,0,0,0
DJED,DJED,2023-11-11T00:00:00.000Z,2023-11-11,6190456.507406,6259893.3992935065,4599967.881406,4651642.444019128,1590488.626,1608250.9552743789,167375.089549,168984.069924134,1545.810445,1562.777512983999,616.082969,622.332000132,0.08333129789387755,0.04956599187346939,0.7431917184849084,0,0,0,0
DJED,DJED,2023-11-12T00:00:00.000Z,2023-11-12,6412374.361812001,6399358.794662729,4693287.986810001,4683680.800406537,1719086.375002,1715677.994256192,3398.594196,3349.339119087311,1457.607802,1455.691617803879,527.13423,522.378820390555,0.08057882771836734,0.047182616902040814,0.7319285131606786,0,0,0,0
DJED,DJED,2023-11-13T00:00:00.000Z,2023-11-13,6468310.51446,6427313.168878954,4741151.767652,4711090.466297338,1727158.746808,1716222.7025816164,3821.979742,3780.67181309128,1541.065403,1531.912844394066,44.112877,43.792933045929,0.080623542485,0.047276621651,0.7329836959734024,0,0,0,0
DJED,DJED,2023-11-14T00:00:00.000Z,2023-11-14,6440218.680486999,6483137.714910038,4735973.375995,4767344.200143374,1704245.304492,1715793.514766664,66982.633068,67744.76038773707,1510.720763,1521.055851277837,1709.366491,1725.479707964972,0.08072429671734693,0.047490842680612246,0.735359859230752,0,0,0,0
DJED,DJED,2023-11-15T00:00:00.000Z,2023-11-15,6446950.452296,6412116.135810169,4853748.951853,4827510.286361929,1593201.500443,1584605.8494482404,6555.358778,6523.503264923922,1638.200191,1629.716203347492,58.342036,58.113212788294,0.0864892811632653,0.05209757536326531,0.752871608888537,0,0,0,0
DJED,DJED,2023-11-16T00:00:00.000Z,2023-11-16,6572288.672573,6543769.363918245,4931904.196835,4910772.8951952215,1640384.475738,1632996.4687230233,51706.423607,51361.975531479744,1648.849991,1641.390372689107,337.332369,335.412867671496,0.08629000266082475,0.05183934394123711,0.7504510340451314,0,0,0,0
DJED,DJED,2023-11-17T00:00:00.000Z,2023-11-17,6846624.460148,6754369.7177366335,5266774.35895,5195786.629530558,1579850.101198,1558583.0882060756,37769.64598,37441.82247566363,2331.508476,2300.408121756741,429.255232,426.681255768003,0.11622282222989691,0.0715301531113402,0.7692504472926333,0,0,0,0
DJED,DJED,2023-11-18T00:00:00.000Z,2023-11-18,6847944.034721,6801898.749061255,5296955.0993220005,5261401.5279494515,1550988.935399,1540497.2211118035,9294.632639,9178.410121349349,2554.866539,2537.367003044468,98.876136,98.42020992777,0.124072451147,0.076779728052,0.7735025902310192,0,0,0,0
DJED,DJED,2023-11-19T00:00:00.000Z,2023-11-19,6970016.128281999,6980144.4996878,5373849.418194,5381575.90452821,1596166.710088,1598568.5951595907,400,402,2440.547461,2444.13494764046,6.71342,6.7469871,0.11948988163434343,0.07372201459090909,0.771016102933182,0,0,0,0
DJED,DJED,2023-11-20T00:00:00.000Z,2023-11-20,7109952.893468,7171457.759443252,5397938.74366,5444674.117722861,1712014.149808,1726783.6417203916,1716.796288,1725.545264713,2027.623329,2045.108771854397,446.30242,447.929201169,0.09794291034040405,0.05950606056161616,0.7592292973720605,0,0,0,0
DJED,DJED,2023-11-21T00:00:00.000Z,2023-11-21,7077651.813353,7052782.214251499,5340435.767347001,5321716.704235589,1737216.046006,1731065.5100159093,482154.524173,479621.3450251152,1900.358269,1892.969720129001,2131.235722,2120.802259428691,0.09096373283877551,0.05491916264591837,0.7544462749721662,0,0,0,0
DJED,DJED,2023-11-22T00:00:00.000Z,2023-11-22,6787915.302662999,6833094.904066901,5042134.740063,5075674.464501778,1745780.5626,1757420.4395651233,10347.256454,10411.01725965305,1654.453124,1665.193072839426,206.960385,207.7949487986,0.0810389822090909,0.04815590575353535,0.7427837361494519,0,0,0,0
DJED,DJED,2023-11-23T00:00:00.000Z,2023-11-23,6894322.81112,6902184.483652318,5169848.494597999,5175731.0328533165,1724474.316522,1726453.4507990016,7524.720198,7583.067487152,1734.537583,1737.066633472869,59.283422,59.543915404,0.081714043761,0.04902023694,0.7498702221053549,0,0,0,0
DJED,DJED,2023-11-24T00:00:00.000Z,2023-11-24,6919474.252855999,6900158.533259166,5224633.569828999,5209837.45134177,1694840.683027,1690321.0819173965,30191.054669,30412.550129724,1882.10254,1875.01722512338,140.354582,141.491179350946,0.090412168402,0.054630995962,0.755054195237456,0,0,0,0
DJED,DJED,2023-11-25T00:00:00.000Z,2023-11-25,7023235.106828,7026734.838340627,5363797.8634750005,5366362.323298994,1659437.243353,1660372.5150416326,197.537413,197.734950413,2224.989924,2224.749556923979,0.687301,0.687988301,0.106049304866,0.064827397458,0.7636797539983438,0,0,0,0
DJED,DJED,2023-11-26T00:00:00.000Z,2023-11-26,7071335.898309999,6982772.6898456905,5445036.507704999,5376712.884056099,1626299.390605,1606059.8057895915,292550.28731,287374.7199726771,2488.228574,2455.400126309401,769.735624,760.276876988472,0.11760766338571428,0.07247259579591837,0.7699909982819361,0,0,0,0
DJED,DJED,2023-11-27T00:00:00.000Z,2023-11-27,7206266.089567,7137780.226611812,5557794.068633,5504967.225242052,1648472.020934,1632813.00136976,3652.048315,3632.215266968995,2686.387717,2661.651658970998,81.751943,81.313264171493,0.11989288921632653,0.07397414315816327,0.7712446730592617,0,0,0,0
DJED,DJED,2023-11-28T00:00:00.000Z,2023-11-28,7150650.797279,7106599.437738325,5571996.312757,5537696.588238804,1578654.484522,1568902.8494995218,3205.851326,3178.220128895796,2935.781973,2919.203193496192,1011.107132,1004.488659742252,0.13474400527346939,0.08400270612653062,0.7792326603448662,0,0,0,0
DJED,DJED,2023-11-29T00:00:00.000Z,2023-11-29,7154216.252857,7156629.046137661,5577645.434367999,5579528.5252656285,1576570.818489,1577100.5208720318,2266.896576,2269.905205319682,2958.951841,2959.364237617616,239.565665,242.493339582112,0.13548308460618558,0.08450161368247423,0.7796302898163446,0,0,0,0
DJED,DJED,2023-11-30T00:00:00.000Z,2023-11-30,7179853.790267,7128512.387656884,5567195.35997,5527394.233223738,1612658.430297,1601118.1544331461,2500,2499.201,2801.879857,2781.542884915348,81.84662,82.072704439609,0.12761869824444444,0.07918179296060605,0.7754056740887971,0,0,0,0
DJED,DJED,2023-12-01T00:00:00.000Z,2023-12-01,7027962.537182,7014766.623586683,5392564.33763,5382334.9407846,1635398.199552,1632431.6828020825,442081.472107,443832.2044560389,1627.523071,1623.890484716184,465.059364,471.366498253512,0.11253549173917526,0.06909714270927834,0.7672335221473894,0,0,0,0
DJED,DJED,2023-12-02T00:00:00.000Z,2023-12-02,7241712.997242,7266592.095807318,5623926.233694,5643211.752669556,1617786.763548,1623380.343137761,102.815556,102.618869841372,1892.022687,1898.552121041537,4.886241,4.876893620967,0.12981465377395834,0.08065616020833334,0.7765918039471714,0,0,0,0
DJED,DJED,2023-12-03T00:00:00.000Z,2023-12-03,7291895.334025,7279114.391308246,5686409.310153,5676382.242757237,1605486.023872,1602732.1485510096,48246.77809,47666.87030424774,2087.107447,2083.477380586523,40.800026,40.748586239473,0.13585295834081632,0.0847587179122449,0.7798249401125568,0,0,0,0
DJED,DJED,2023-12-04T00:00:00.000Z,2023-12-04,7278414.867954001,7280374.125635374,5718897.428041001,5720278.419885393,1559517.439913,1560095.7057499809,160236.916221,158980.90917906063,2212.807005,2214.202396844372,3311.6754,3342.256066189856,0.147090349440625,0.09254706349166666,0.7857523468925706,0,0,0,0
DJED,DJED,2023-12-05T00:00:00.000Z,2023-12-05,7198448.068776,7181466.623102059,5742171.808589,5728540.910362844,1456276.260187,1452925.7127392143,271615.959655,271016.4331852447,2553.113572,2546.908034351371,231.31425,230.052076412136,0.16983395479263158,0.10841113748,0.7976905282667794,0,0,0,0
DJED,DJED,2023-12-06T00:00:00.000Z,2023-12-06,7158895.463457,7173371.568718443,5691595.554577,5702998.556861989,1467299.90888,1470373.011856454,384975.808055,389934.9135828255,2467.0059,2470.591922336342,856.016572,865.173967882785,0.16466527557578947,0.10477075897263158,0.7949978628023859,0,0,0,0
DJED,DJED,2023-12-07T00:00:00.000Z,2023-12-07,7308655.624695,7385916.804563576,5773517.854107,5834102.082096023,1535137.770588,1551814.7224675538,221418.728781,227382.824506288,2499.238769,2524.035721824048,5240.625461,5298.460532720146,0.15540574144623656,0.09849230056344085,0.7900330857922112,0,0,0,0
DJED,DJED,2023-12-08T00:00:00.000Z,2023-12-08,7537089.008030999,7714520.361234353,5826052.274545999,5963153.756926271,1711036.733485,1751366.604308082,72572.562106,74156.1889624726,2801.056019,2868.637664172422,1436.909803,1482.735162192468,0.18014264104382022,0.11122668473707865,0.7730541098996586,0,0,0,0
DJED,DJED,2023-12-09T00:00:00.000Z,2023-12-09,8143150.337319,8323765.238301527,6052443.142752,6186746.144058599,2090707.194567,2137019.094242928,428848.891855,437830.760489643,4162.379495,4259.493138764971,2271.010796,2321.322681724,0.2570189567693182,0.15316612214090908,0.7435442423102182,0,0,0,0
DJED,DJED,2023-12-10T00:00:00.000Z,2023-12-10,8456133.407910999,8518471.270979721,6177188.279664,6222707.187446093,2278945.128247,2295764.0835336274,1410.099408,1416.925702647824,3834.958298,3860.652590906445,14.123509,14.366029273004,0.22999086020721649,0.1344093220628866,0.7304989943626743,0,0,0,0
DJED,DJED,2023-12-11T00:00:00.000Z,2023-12-11,8487686.032312,8468351.444440132,6214751.83716,6200592.200116195,2272934.195152,2267759.2443239368,40547.104764,40203.420287051544,3958.324468,3953.176900786909,4148.719049,4123.98309625879,0.23346639151489362,0.13676108384468086,0.7322098619170296,0,0,0,0
DJED,DJED,2023-12-12T00:00:00.000Z,2023-12-12,8919620.682433,8938182.3793029,6367304.466002,6380861.792713622,2552316.216431,2557320.5865892796,413.200385,411.187685924665,3634.743224,3642.296973146867,209.897673,208.875261434817,0.19728349085789473,0.11282639864,0.7140890526357572,0,0,0,0
DJED,DJED,2023-12-13T00:00:00.000Z,2023-12-13,9152436.752977999,9158601.228177475,6485028.5728589995,6489014.476730747,2667408.180119,2669586.751446727,6351.793804,6351.793804,3439.075679,3439.364014011401,190.763847,190.763847,0.18663976653076922,0.10592367855824175,0.7086795518736726,0,0,0,0
DJED,DJED,2023-12-14T00:00:00.000Z,2023-12-14,9590525.395473,9606794.568234928,6634069.686426,6645144.475577717,2956455.709047,2961650.0926572117,70052.201611,69039.4345420759,2944.662368,2946.893339388375,521.337233,514.641246521366,0.15382302211914894,0.0851362625819149,0.6917196603685236,0,0,0,0
DJED,DJED,2023-12-15T00:00:00.000Z,2023-12-15,9735796.322251,9658487.728652278,6771920.43183,6718091.456222874,2963875.890421,2940396.272429404,250,245.93825,3150.757312,3125.862396037039,250,245.93825,0.16118594844920636,0.08970424533333334,0.695580184994417,0,0,0,0
DJED,DJED,2023-12-16T00:00:00.000Z,2023-12-16,9676958.179301,9588983.783782538,6732897.486945,6671686.611798983,2944060.692356,2917297.171983556,684080.603564,687474.9538209523,3204.683551,3177.40544148239,3078.074359,3088.211672017374,0.16155519220813955,0.09003428516511627,0.6957155877908936,0,0,0,0
DJED,DJED,2023-12-17T00:00:00.000Z,2023-12-17,9762682.643977001,9658119.64867137,6822656.608320001,6749506.509879268,2940026.035657,2908613.1387921027,8719.336639,8645.191598777961,3372.388647,3335.287796577389,1095.301705,1088.079065288979,0.16745574084285714,0.09362500788351648,0.6988496310417156,0,0,0,0
DJED,DJED,2023-12-18T00:00:00.000Z,2023-12-18,9676661.671201,9594851.653756604,6836908.859524,6779111.583679101,2839752.811677,2815740.0700775012,66088.638107,65041.5207961868,3654.270127,3623.16604480427,5281.066218,5201.942410519006,0.18239380571868133,0.10311516584285714,0.7065535695879293,0,0,0,0
DJED,DJED,2023-12-19T00:00:00.000Z,2023-12-19,9671630.8714,9582102.387871753,6880195.982636,6816526.801986528,2791434.888764,2765575.585885225,182.389664,181.373388792192,3851.448872,3814.214651127101,10.422861,10.364784818508,0.19182101465,0.10916657863222222,0.7113796861693497,0,0,0,0
DJED,DJED,2023-12-20T00:00:00.000Z,2023-12-20,9592542.320488,9592159.880832557,6835337.629209001,6834996.203087262,2757204.691279,2757163.6777452957,28978.971466,29290.766766384564,3897.373587,3895.867173876395,2145.244421,2168.834614802463,0.19416316718,0.11068729653888888,0.7125688546874538,0,0,0,0
DJED,DJED,2023-12-21T00:00:00.000Z,2023-12-21,9440173.178679999,9371643.223182548,6760844.804978,6711827.296320432,2679328.373702,2659815.926862115,849482.147522,845609.1479458468,4078.416924,4049.227199697289,2012.022646,2001.383458082899,0.20141683159101123,0.11553741581348315,0.7161722154767679,0,0,0,0
DJED,DJED,2023-12-22T00:00:00.000Z,2023-12-22,8849721.390217,8750037.556182615,6569691.749582,6494775.0034467,2280029.640635,2255262.552735915,53449.184506,53017.15840409383,5033.763941,4972.012678903263,333.12101,329.6080776695,0.2555431743966667,0.15260015106888888,0.7425755216387551,0,0,0,0
DJED,DJED,2023-12-23T00:00:00.000Z,2023-12-23,8933197.523292001,8939499.28819358,6789180.520727,6793969.49968015,2144017.002565,2145529.7885134304,209999.999997,207560.4799970305,5781.655919,5780.485350775731,1556.997726,1556.997726,0.2912741075613636,0.17709538808295455,0.7599902080367703,0,0,0,0
DJED,DJED,2023-12-24T00:00:00.000Z,2023-12-24,8796707.726525,8758602.368813686,6657610.700842,6628768.870863646,2139097.025683,2129833.497950039,707.38953,703.843563423613,5583.917334,5562.146464574103,8.861439,8.801495306329,0.28456037325555555,0.17229113341728394,0.7568298313560092,0,0,0,0
DJED,DJED,2023-12-25T00:00:00.000Z,2023-12-25,8799169.991561001,8714210.953307675,6666028.8561080005,6601649.182928922,2133141.135453,2112561.770378753,250,247.401,5622.259552,5570.135727293916,250,247.401,0.28614048928085106,0.17341937965319149,0.7575749891019996,0,0,0,0
DJED,DJED,2023-12-26T00:00:00.000Z,2023-12-26,9014112.605186,8909053.705732372,6603976.434621,6526901.946959994,2410136.170565,2382151.758772379,707804.686784,704800.7319922943,4821.389869,4764.24027147292,2347.494871,2335.194069034386,0.23421178822708333,0.13740782047916666,0.7324972461069781,0,0,0,0
DJED,DJED,2023-12-27T00:00:00.000Z,2023-12-27,9048613.110061001,9058918.838858403,6628131.150951,6635590.034051408,2420481.95911,2423328.804806995,3999.999998,3962.512998013183,4876.987481,4882.677773539373,201.932624,199.531163914501,0.23410151896923076,0.13723350267582418,0.7324986528336501,0,0,0,0
DJED,DJED,2023-12-28T00:00:00.000Z,2023-12-28,9256386.073144,9214037.281014007,6734801.98803,6703894.835618729,2521584.085114,2510142.4453952773,10048.727438,9875.938569606284,4759.102938,4735.925078135669,605.649712,592.921171180836,0.22410336113406593,0.13044692762087912,0.7275887775994394,0,0,0,0
DJED,DJED,2023-12-29T00:00:00.000Z,2023-12-29,9220643.821486,9126825.00039414,6726784.074777,6658316.925254792,2493859.746709,2468508.0751393465,0,0,4856.685286,4806.642167097168,0,0,0.2280365511431579,0.13309015644105263,0.7295351470001514,0,0,0,0
DJED,DJED,2023-12-30T00:00:00.000Z,2023-12-30,9335424.610583,9255365.594254298,6739675.058419,6681897.517827493,2595749.552164,2573468.076426805,18524.643421,18361.98565942297,4575.859929,4537.297139070931,4435.361409,4386.67311479723,0.21277410338645833,0.12289303073229167,0.7219487974995082,0,0,0,0
DJED,DJED,2023-12-31T00:00:00.000Z,2023-12-31,9258925.3968,9180892.852831883,6676469.3286,6620175.691638236,2582456.0682,2560717.161193648,674024.738158,665356.10600055,4523.125276,4484.994435775773,1859.209516,1835.298222414724,0.21088494598586957,0.12170640333586956,0.720966885381603,0,0,0,0
DJED,DJED,2024-01-01T00:00:00.000Z,2024-01-01,9198793.474759,9181275.061561985,6568774.914135,6556244.216817169,2630018.560624,2625030.844744816,51405.579944,50862.48408527753,4419.278976,4410.174410917366,439.881301,437.965237297071,0.197144100434375,0.11263150303541666,0.7140773824693183,0,0,0,0
DJED,DJED,2024-01-02T00:00:00.000Z,2024-01-02,9445367.908387,9345235.819863435,6794819.019605,6722762.951980773,2650548.888782,2622472.8678826625,0,0,4650.635238,4599.924594201678,0,0,0.20764595426210528,0.11950174162421053,0.7193801072383196,0,0,0,0
DJED,DJED,2024-01-03T00:00:00.000Z,2024-01-03,9411911.869911,9305245.889906144,6792978.439997,6715906.730602738,2618933.429914,2589339.159303406,110332.84102,107235.79734532785,4746.64283,4687.295373173053,12036.933639,11619.851145074032,0.21241240041382978,0.12266128060212766,0.7217634165057786,0,0,0,0
DJED,DJED,2024-01-04T00:00:00.000Z,2024-01-04,9174587.299122,9084983.772941373,6627584.779859,6562870.554765193,2547002.519263,2522113.218176181,2696.251486,2671.448872540128,4792.150732,4744.187259786966,1043.713775,1033.171254535908,0.21363842110860215,0.12347209263010753,0.7223775275113774,0,0,0,0
DJED,DJED,2024-01-05T00:00:00.000Z,2024-01-05,8970840.1135,8808853.829826247,6557072.410355001,6438622.498252727,2413767.703145,2370231.3315735203,729557.948797,726953.1576615706,5131.85268,5036.091037496171,3924.910549,3885.125852551865,0.23061348535,0.13492934639583334,0.7307499641670583,0,0,0,0
DJED,DJED,2024-01-06T00:00:00.000Z,2024-01-06,8731872.783116,8689732.294953045,6368043.994139,6337189.824937766,2363828.788977,2352542.4700152786,294787.132778,294025.9377247037,5226.584088,5198.706051954857,1116.867366,1112.453642776215,0.22744945982222223,0.13271266157575756,0.7292350586253786,0,0,0,0
DJED,DJED,2024-01-07T00:00:00.000Z,2024-01-07,8519684.739447,8417623.47666608,6177425.598861,6103451.472451902,2342259.140586,2314172.004214178,52998.669825,52064.55942553713,4866.371637,4808.147586356295,4462.055022,4362.7461397327725,0.21903070473917527,0.12705387720206185,0.725069573902912,0,0,0,0
DJED,DJED,2024-01-08T00:00:00.000Z,2024-01-08,8069592.58411,7964217.921489234,5803978.975138,5728059.6628693435,2265613.608972,2236158.2586198905,120595.435221,118084.93925738202,4581.339389,4521.767667566437,8663.148932,8493.176381145899,0.2073596915367347,0.11933967242755102,0.7192212821645668,0,0,0,0
DJED,DJED,2024-01-09T00:00:00.000Z,2024-01-09,8060403.707367,7927857.313963861,5855324.667484,5759038.84257728,2205079.039883,2168818.4713865817,41612.162249,40872.12394066782,4919.881612,4836.586985071532,383.03782,375.825347105733,0.22175613988041237,0.12888518149484537,0.7264184275481215,0,0,0,0
DJED,DJED,2024-01-10T00:00:00.000Z,2024-01-10,8110173.953077,8680573.231833145,5876690.034626,6308343.538835655,2233483.918451,2372229.692997491,580264.41988,576831.7279439456,4857.641286,5852.295126270817,2373.300839,2356.237017782108,0.21828547024787234,0.12665844326702128,0.7246420123905429,0,0,0,0
DJED,DJED,2024-01-11T00:00:00.000Z,2024-01-11,7893677.744828001,7912734.869553138,5908077.062381,5923064.35505141,1985600.682447,1989670.5145017272,159965.688244,158870.0238000337,6104.94142,6219.644623420556,3167.349878,3154.365650839444,0.2685684384,0.16158105075925927,0.7488998121678754,0,0,0,0
DJED,DJED,2024-01-12T00:00:00.000Z,2024-01-12,7967000.778423,7992810.2554401215,5835826.78804,5854732.241895194,2131173.990383,2138078.013544927,79183.515831,79556.52657511942,5229.826029,5247.584963674941,12260.726672,12322.021417749225,0.23405097461546392,0.13715454176494846,0.7324988096130743,0,0,0,0
DJED,DJED,2024-01-13T00:00:00.000Z,2024-01-13,7718391.468126001,7702161.191573143,5607547.085396,5595672.036175622,2110844.38273,2106489.155397521,630390.737963,634473.7760791823,4894.334012,4884.339444267539,1656.63176,1669.848815137876,0.22132224496041666,0.128755878996875,0.7261121087102058,0,0,0,0
DJED,DJED,2024-01-14T00:00:00.000Z,2024-01-14,7218098.443336001,7213916.718979268,5131031.255064,5128044.27946274,2087067.188272,2085872.4395165287,7063.761096,7102.079901477,4043.788947,4042.129545721248,172.546677,173.45804283,0.19081238874301076,0.10852103656774194,0.7108622563948416,0,0,0,0
DJED,DJED,2024-01-15T00:00:00.000Z,2024-01-15,7065928.537211999,7023479.803029261,5001210.380043999,4971076.326849101,2064718.157168,2052403.4761801595,75055.958454,74263.94497540638,3922.826844,3898.499421070435,2613.705201,2587.142829516996,0.18469844527111112,0.10460526555,0.7077272564646141,0,0,0,0
DJED,DJED,2024-01-16T00:00:00.000Z,2024-01-16,6952601.225287001,6958220.926572943,4900723.335967001,4904525.482731801,2051877.88932,2053695.4438411419,604.935588,602.626548860604,3932.890236,3935.427728479943,4.702284,4.684335381972,0.17900941532087913,0.1009712635912088,0.7048046095615191,0,0,0,0
DJED,DJED,2024-01-17T00:00:00.000Z,2024-01-17,7050452.651331,6970506.4767289525,5023679.736986,4966689.757230572,2026772.914345,2003816.71949838,13154.700809,13025.29547482849,4212.378147,4165.662296739726,678.669666,672.12017463285,0.19408947941627908,0.1106370944883721,0.7125327832284845,0,0,0,0
DJED,DJED,2024-01-18T00:00:00.000Z,2024-01-18,7034328.771432001,6968293.706750065,5010000.562852001,4962963.303935272,2024328.20858,2005330.402814793,55652.056578,55751.22864322255,4200.519211,4162.241544389199,415.936197,415.14977798125403,0.1934876969851852,0.11025096287160494,0.7122246224160818,0,0,0,0
DJED,DJED,2024-01-19T00:00:00.000Z,2024-01-19,6851777.591386,6826468.328435821,4864546.562338,4846545.562653276,1987231.029048,1979922.7657825458,115558.600157,115060.80106336229,4089.109942,4072.395612517827,3584.96257,3558.254096092541,0.18908821097792208,0.10741077612077922,0.7099815883542132,0,0,0,0
DJED,DJED,2024-01-20T00:00:00.000Z,2024-01-20,6417482.8591020005,6352354.993649306,4552521.777936,4506330.23829516,1864961.081166,1846024.7553541458,500037.756273,491925.8055425457,4065.42723,4025.299285611431,1617.801344,1592.308971486048,0.18747029527195122,0.10645099005487806,0.7091082981635669,0,0,0,0
DJED,DJED,2024-01-21T00:00:00.000Z,2024-01-21,5928091.765672,5868386.910256542,4152609.586709,4110778.65732083,1775482.178963,1757608.2529357127,0,0,3502.486893,3465.662132633995,0,0,0.1706185143825,0.09562174168,0.7004879794580176,0,0,0,0
DJED,DJED,2024-01-22T00:00:00.000Z,2024-01-22,5802514.671786,5764023.265156066,3972900.626776,3945972.8214383363,1829614.04501,1818050.4437177295,292616.703459,292206.6340753376,2894.296964,2869.973257048421,10924.842067,10925.92800315204,0.14042622180277778,0.07719631531527778,0.6844787095234169,0,0,0,0
DJED,DJED,2024-01-23T00:00:00.000Z,2024-01-23,5329685.9912560005,5258622.556156807,3572801.769483,3525169.109460416,1756884.221773,1733453.4466963904,125202.288392,123066.84455457564,2280.709584,2250.750591326235,4617.666073,4535.420112269435,0.11449672272151899,0.06154059562658228,0.670631264675036,0,0,0,0
DJED,DJED,2024-01-24T00:00:00.000Z,2024-01-24,5082902.822715,5006064.163615521,3480655.691921,3428028.0286337817,1602247.130794,1578036.1349817396,927.964157,918.414288140521,2820.370472,2776.804357176748,128.611582,126.39617666952898,0.1406652078857143,0.07706161166938776,0.6847693733231951,0,0,0,0
DJED,DJED,2024-01-25T00:00:00.000Z,2024-01-25,5016831.412653,4943767.092744345,3567334.339864,3515247.504295062,1449497.072789,1428519.5884492828,51088.684577,49747.63303287038,3907.160524,3846.866275547083,185.134346,180.986308533743,0.19234126442886598,0.10986756096597938,0.7114362386440358,0,0,0,0
DJED,DJED,2024-01-26T00:00:00.000Z,2024-01-26,4697856.408067,4617624.631023157,3479980.774175,3420499.6086261035,1217875.633892,1197125.0223970537,1946.339462,1906.920248876114,4867.152228,4783.958813339573,51.099986,50.065057983542,0.251336818722449,0.1491164964642857,0.7408600767154792,0,0,0,0
DJED,DJED,2024-01-27T00:00:00.000Z,2024-01-27,4608231.410411,4517203.908270335,3413710.1312249997,3346251.4916175446,1194521.279186,1170952.4166527903,14000,13746.642,4889.607049,4792.575883803314,141.690338,139.126167953214,0.25092765129381445,0.14873649776804124,0.7407161344315321,0,0,0,0
DJED,DJED,2024-01-28T00:00:00.000Z,2024-01-28,4398749.152356,4335873.808531793,3210258.287643,3164446.6100328187,1188490.864713,1171427.1984989746,7763.492726,7621.506207534186,4514.195632,4450.017332216326,288.768354,283.487069573694,0.2285162861,0.13342783815151515,0.7297639846892964,0,0,0,0
DJED,DJED,2024-01-29T00:00:00.000Z,2024-01-29,4282304.812567,4228007.175993531,3102040.574345,3062425.5205462603,1180264.238222,1165581.6554472707,96532.19701,96543.94321557677,4318.827606,4258.689214369702,3514.108329,3510.367793188487,0.21757032745670102,0.12616560483608247,0.7242942919156303,0,0,0,0
DJED,DJED,2024-01-30T00:00:00.000Z,2024-01-30,4167755.1518309996,4140222.0999723207,2967681.2022249997,2948060.6959973867,1200073.949606,1192161.403974934,0,0,3940.338298,3913.313440314956,0,0,0.19316098798021977,0.11003860760769231,0.7120588805502626,0,0,0,0
DJED,DJED,2024-01-31T00:00:00.000Z,2024-01-31,4136073.242553,4075323.9212403763,2983534.077346,2939742.131363762,1152539.165207,1135581.789876614,0,0,4197.201446,4139.644770076632,0,0,0.21162149013076922,0.12214709702527472,0.7213622384704642,0,0,0,0
DJED,DJED,2024-02-01T00:00:00.000Z,2024-02-01,4085310.281815,4061631.1474871663,2980140.396346,2962920.898667921,1105169.885469,1098710.2488192453,8000.410204,7812.272557642736,1668.908885,1658.224788986907,134.394022,131.233612178648,0.22797500078404256,0.1330666895787234,0.72949464929849,0,0,0,0
DJED,DJED,2024-02-02T00:00:00.000Z,2024-02-02,4068510.718684,4008897.40689167,2986107.326884,2942298.2491316716,1082403.3918,1066599.1577599982,300,289.7514,1733.118481,1707.204792790712,300,289.7514,0.23702935291752578,0.1391821765659794,0.7339580824242378,0,0,0,0
DJED,DJED,2024-02-03T00:00:00.000Z,2024-02-03,4048143.1493840003,3977004.5019293064,2978627.55651,2926291.082592026,1069515.592874,1050713.4193372808,602.818555,589.998412790815,1770.389538,1739.301482535276,20.269363,19.838294457079,0.24078886050729167,0.141739137615625,0.7358014455993023,0,0,0,0
DJED,DJED,2024-02-04T00:00:00.000Z,2024-02-04,4035060.548494,3943397.4604879296,2965339.7549590003,2897964.2210623533,1069720.793535,1045433.2394255763,22757.211009,22068.57780386766,1755.187518,1715.938941856664,1100.134098,1066.84404019452,0.23895936482153846,0.1404948775923077,0.7349043871922435,0,0,0,0
DJED,DJED,2024-02-05T00:00:00.000Z,2024-02-05,3942045.298363,3857209.0504530417,2918938.612458,2856167.3439297546,1023106.685905,1001041.7065232871,120793.485839,117963.78030167478,1855.052059,1816.464099126528,5521.575267,5396.463912005477,0.2504054661122449,0.14835000105,0.7404774882390338,0,0,0,0
DJED,DJED,2024-02-06T00:00:00.000Z,2024-02-06,3846637.160093,3793873.45774155,2840984.154498,2802010.544476081,1005653.005595,991862.913265469,10095.559309,9957.917176236004,1743.405551,1718.953536080153,300.697001,296.597315269731,0.246453014035,0.145618530901,0.7385636197853054,0,0,0,0
DJED,DJED,2024-02-07T00:00:00.000Z,2024-02-07,3845928.322471,3775585.3386776885,2843316.18406,2791324.278254528,1002612.138411,984261.0604231602,2395.343656,2332.703024051944,1753.931304,1721.71676682941,396.69912,386.32504131288,0.2479798160969697,0.14666797584242425,0.7393060994372692,0,0,0,0
DJED,DJED,2024-02-08T00:00:00.000Z,2024-02-08,3847401.009399,3805923.3482239326,2861414.375968,2830546.030160959,985986.633431,975377.3180629736,1251.867805,1247.029485968415,1824.272976,1804.530379285425,189.248419,188.576548818816,0.2571073127326531,0.15297574791734694,0.7437258913694623,0,0,0,0
DJED,DJED,2024-02-09T00:00:00.000Z,2024-02-09,3838312.455065,3794707.8313247524,2876431.042287,2843745.082164033,961881.412778,950962.7491607198,102,100.238562,1909.509521,1887.699040941625,1.500315,1.474406060265,0.2689531503469388,0.16125869754591837,0.7494085354068161,0,0,0,0
DJED,DJED,2024-02-10T00:00:00.000Z,2024-02-10,3818895.119178,3795903.1940095155,2871869.02321,2854578.0274100187,947026.095968,941325.1665994966,6655.863524,6636.504724872964,1997.410212,1984.498478673875,430.448019,429.189872019246,0.2744051531821053,0.16508580608947368,0.7520157183213063,0,0,0,0
DJED,DJED,2024-02-11T00:00:00.000Z,2024-02-11,3807969.9270249996,3787516.3161354708,2876271.4819739996,2860725.8723648163,931698.445051,926790.4437706547,0,0,2003.071642,1991.642001512004,0,0,0.28141514941157897,0.17006389671052632,0.7553364419289553,0,0,0,0
DJED,DJED,2024-02-12T00:00:00.000Z,2024-02-12,3799141.977557,3730286.5803886508,2901826.149347,2849283.340487235,897315.82821,881003.2399014155,25217.500205,25027.561993455936,2145.739967,2106.403650644625,306.331278,304.023990814104,0.2994410952212766,0.18298116226276595,0.7638120052087103,0,0,0,0
DJED,DJED,2024-02-13T00:00:00.000Z,2024-02-13,3781333.353416,3705451.2535456973,2897864.14373,2839710.6679249257,883469.209686,865740.5856207716,9018,8826.77331,2183.166175,2139.045288205699,18.27007,17.88265316565,0.30491130961276597,0.1869437263212766,0.7663607977169057,0,0,0,0
DJED,DJED,2024-02-14T00:00:00.000Z,2024-02-14,3814641.093839,3805724.2472347068,2920165.6825800003,2913342.552940148,894475.411259,892381.6942945591,12940.304399,12819.32800734009,2236.658249,2230.699702957182,707.873827,700.786304583185,0.3031226360822917,0.18566279209375,0.7655193804709747,0,0,0,0
DJED,DJED,2024-02-15T00:00:00.000Z,2024-02-15,3853234.561897,3837400.8829837358,2973126.6671889997,2960921.8587436373,880107.894708,876479.0242400984,11701.665759,11679.83672097173,2328.268566,2318.539185813037,1785.91592,1779.436462722501,0.3162390929760417,0.19522706351979166,0.7715968346009311,0,0,0,0
DJED,DJED,2024-02-16T00:00:00.000Z,2024-02-16,3911061.032824,3878558.099178548,3014123.695798,2988990.2981966576,896937.337026,889567.8009818905,4822.641253,4803.745843878506,2346.515957,2326.112369151702,43.801836,43.632493609668,0.31420494752083333,0.19373322655416667,0.7706600313858419,0,0,0,0
DJED,DJED,2024-02-17T00:00:00.000Z,2024-02-17,3922100.9314309997,3856940.0176160512,3027830.104856,2977503.8114318596,894270.826575,879436.2061841919,302.981508,298.093507331436,2376.059133,2335.374485689765,3.021467,2.972721672889,0.31708072927604164,0.19582893122604167,0.7719931797963991,0,0,0,0
DJED,DJED,2024-02-18T00:00:00.000Z,2024-02-18,3938792.861071,3977772.934628727,3033889.721343,3063969.641279289,904903.139728,913803.2933494379,2740.647875,2818.83855887375,2357.75516,2379.883173638031,190.911368,196.35806932904,0.3133267226329897,0.19307723929072165,0.7702615494964166,0,0,0,0
DJED,DJED,2024-02-19T00:00:00.000Z,2024-02-19,3956184.345816,3952702.444319484,3064696.727821,3062021.812332794,891487.617995,890680.6319866896,3354.971956,3397.685728596582,2455.507127,2453.175141422062,304.664258,308.380936012326,0.3228972512260417,0.20012111706666666,0.774660747061214,0,0,0,0
DJED,DJED,2024-02-20T00:00:00.000Z,2024-02-20,3988597.990925,3918124.086850956,3101922.852372,3047095.080451379,886675.138553,871029.006399577,702.790241,685.417969032721,2592.477186,2547.249016783089,312.297602,304.577917576162,0.3295513547958763,0.20505069960206185,0.7777020782570143,0,0,0,0
DJED,DJED,2024-02-21T00:00:00.000Z,2024-02-21,3991631.100908,3941199.2558595682,3148625.711358,3108646.711434961,843005.38955,832552.5444246074,3143.794019,3099.245505500502,2744.518467,2709.121777577996,244.942487,238.982643167104,0.35418700293020833,0.22361502490729165,0.7887947257963324,0,0,0,0
DJED,DJED,2024-02-22T00:00:00.000Z,2024-02-22,3997822.991207,3973368.8834223445,3144156.507063,3124902.091326808,853666.484144,848466.7920955362,32903.564774,32538.149108947993,2746.491567,2730.622643884021,422.280305,417.565420513907,0.34891371219270834,0.21955335895729167,0.7864671020558512,0,0,0,0
DJED,DJED,2024-02-23T00:00:00.000Z,2024-02-23,3985818.8394919997,3926413.0800624657,3136899.778348,3090146.4404331804,848919.061144,836266.6396292851,2559.378825,2533.6928991123,2758.984179,2716.734118067516,71.338156,70.622206266384,0.3501134614957895,0.2204385857431579,0.7870172888260987,0,0,0,0
DJED,DJED,2024-02-24T00:00:00.000Z,2024-02-24,3959901.666758,3929074.906305896,3133937.7049769997,3109563.330772479,825963.961781,819511.5755334169,7733.25561,7721.613391673978,2902.571423,2880.128827083352,131.344493,130.792710864757,0.35994984447395834,0.227900862225,0.7914195700755431,0,0,0,0
DJED,DJED,2024-02-25T00:00:00.000Z,2024-02-25,3953139.5101940003,3943585.7052104142,3120860.301334,3113312.8861939367,832279.20886,830272.8190164774,20291.480471,20231.188377435432,2797.40597,2790.821720294256,469.645873,469.025484990839,0.35557081154479164,0.22457058766354165,0.7894640617075822,0,0,0,0
DJED,DJED,2024-02-26T00:00:00.000Z,2024-02-26,3956363.7881349996,3937614.4565175045,3110109.8338909997,3095367.200541376,846253.954244,842247.2559761284,2736.245426,2733.035810115302,2746.252978,2732.932300724747,20.311183,20.287357982341,0.3480866939927083,0.21891086921145833,0.7861049617581705,0,0,0,0
DJED,DJED,2024-02-27T00:00:00.000Z,2024-02-27,3989680.764118,3978983.524713455,3092823.026524,3084257.6059297025,896857.737594,894725.9187837521,250,249.70675,2608.375308,2600.28277507438,16.592326,16.572863201602,0.3250459619819149,0.20207737888617022,0.7754469638962206,0,0,0,0
DJED,DJED,2024-02-28T00:00:00.000Z,2024-02-28,4054692.5638300003,4026278.760701066,3101412.224936,3079641.98838128,953280.338894,946636.7723197858,6499.03042,6454.84351217442,2462.638249,2446.887243618563,12.644099,12.558131770899,0.301776303196875,0.18468249981979168,0.7648947943127726,0,0,0,0
DJED,DJED,2024-02-29T00:00:00.000Z,2024-02-29,4085985.950675,4051049.1550509036,3192843.034742,3165426.735126196,893142.915933,885622.4199247075,18180.956804,17995.31880226499,2864.41142,2837.746201511156,837.546436,834.431288200352,0.3376893651833333,0.21115126303229168,0.7813832670542371,0,0,0,0
DJED,DJED,2024-03-01T00:00:00.000Z,2024-03-01,4106499.240853,4067905.658542109,3271192.995433,3240458.9342549653,835306.24542,827446.7242871439,16615.83673,16560.5697634922,3126.839553,3099.038511319806,606.285478,603.489437313916,0.3716127114168421,0.23684076986315789,0.7965906136167096,0,0,0,0
DJED,DJED,2024-03-02T00:00:00.000Z,2024-03-02,4195074.308428,4196684.915458504,3291455.671883,3292772.9522203044,903618.636545,903911.9632382002,22832.350736,23302.24604909916,2961.853573,2967.590323594645,2857.606773,2872.848529850573,0.34511001751546394,0.21678397225463916,0.7847028332771897,0,0,0,0
DJED,DJED,2024-03-03T00:00:00.000Z,2024-03-03,4253959.306327,4207452.278786463,3288731.7363770003,3252765.263757628,965227.56995,954687.0150288345,100,100.3428,2779.111508,2747.185365440656,13.125396,13.170389857488,0.31948311349270836,0.197594318409375,0.7730989463745558,0,0,0,0
DJED,DJED,2024-03-04T00:00:00.000Z,2024-03-04,4267318.63279,4206711.530370608,3343122.094219,3295557.164933477,924196.538571,911154.3654371311,15508.566718,15504.369825192245,2998.842251,2955.9667877314,971.326783,956.683863745965,0.34213884387473686,0.21447922236210526,0.7834000415264535,0,0,0,0
DJED,DJED,2024-03-05T00:00:00.000Z,2024-03-05,4359150.213723,4299854.42817262,3437430.594159,3390595.53021192,921719.619564,909258.8979607003,57002.545136,57476.69110431292,3238.869054,3200.054714574569,1429.831957,1446.747950013825,0.3538302527712766,0.22334319325957447,0.7886354963165317,0,0,0,0
DJED,DJED,2024-03-06T00:00:00.000Z,2024-03-06,4350006.7931200005,4338134.128171579,3445991.813488,3436554.8435432664,904014.979632,901579.2846283127,39925.405671,39569.0807398101,3248.834622,3240.287626922219,2552.104373,2528.176472344491,0.36167146953297874,0.22921597322340426,0.7921853096032233,0,0,0,0
DJED,DJED,2024-03-07T00:00:00.000Z,2024-03-07,4450885.76873,4394993.131998882,3452734.4391,3409471.1621101275,998151.32963,985521.9698887537,9793.854681,9677.208493036042,2984.98641,2947.531577074334,3307.208817,3267.212575757461,0.3256958488410526,0.20233526088421053,0.7758644091629473,0,0,0,0
DJED,DJED,2024-03-08T00:00:00.000Z,2024-03-08,4465712.069086,4403412.997589603,3457569.108698,3409643.9189941534,1008142.960388,993769.0785954498,0,0,2969.967391,2930.942161155896,0,0,0.3227441730221053,0.2002931003957895,0.7744384151686639,0,0,0,0
DJED,DJED,2024-03-09T00:00:00.000Z,2024-03-09,4320823.202605,4293233.2262402605,3503686.313682,3481260.7727440516,817136.888923,811972.453496209,2247.26267,2229.593167024998,3676.028594,3650.843211350344,46.013894,45.680240336068,0.4046545265063158,0.26267121312421055,0.8109766379517255,0,0,0,0
DJED,DJED,2024-03-10T00:00:00.000Z,2024-03-10,4441187.180669,4415899.424397329,3513512.010572,3493106.1235606438,927675.170097,922793.300836685,465.608644,469.611481512468,3312.987668,3292.432803898977,97.681761,98.521531099317,0.3597625618431579,0.22793223614842106,0.7912443138595798,0,0,0,0
DJED,DJED,2024-03-11T00:00:00.000Z,2024-03-11,4350050.393984,4330935.254890652,3515195.494641,3499765.0154459863,834854.899343,831170.2394446663,1613.636912,1599.965901046279,3655.876925,3642.570069604798,33.762766,33.130655372648,0.39783272122906976,0.257194824527907,0.8080816090111912,0,0,0,0
DJED,DJED,2024-03-12T00:00:00.000Z,2024-03-12,4429122.093654,4412906.918272061,3515181.372831,3502430.798622153,913940.720823,910476.1196499086,4489.44489,4502.51366407479,3488.58841,3477.714773593304,0.697388,0.699418096468,0.36509598525360826,0.23186797360618558,0.7936894265489558,0,0,0,0
DJED,DJED,2024-03-13T00:00:00.000Z,2024-03-13,4432653.681595,4375592.914566504,3548993.97611,3503308.4555584285,883659.705485,872284.4590080748,3627.24119,3568.99495097098,3552.016659,3506.347405817887,557.127312,548.180961623904,0.3809132185795918,0.2440749853744898,0.8006590508467721,0,0,0,0
DJED,DJED,2024-03-14T00:00:00.000Z,2024-03-14,4446770.083899,4409723.760646298,3609600.34639,3579539.0260805404,837169.737509,830184.734565757,122.774935,124.10237759722,3815.424218,3784.913227469693,13.986153,14.137371286236,0.406326080114433,0.26389056634639174,0.8117502798333511,0,0,0,0
DJED,DJED,2024-03-15T00:00:00.000Z,2024-03-15,4440733.255668,4409214.621178957,3629768.849262,3603948.2533928356,810964.406406,805266.3677861214,15125.926603,14925.625231360484,3944.276087,3918.298106555234,1234.058122,1226.152614398362,0.4194401566204082,0.27428692483673467,0.817384823804129,0,0,0,0
DJED,DJED,2024-03-16T00:00:00.000Z,2024-03-16,4426579.5621030005,4353058.871577287,3631193.007335,3570823.1562441364,795386.554768,782235.7153331505,14915.467453,14777.305357071056,4110.475438,4042.316483863893,3943.650975,3955.190651188581,0.42648499994489797,0.2799680080469388,0.8203618052458228,0,0,0,0
DJED,DJED,2024-03-17T00:00:00.000Z,2024-03-17,4609040.080734,4585234.581091107,3652988.673848,3633758.7747377018,956051.406886,951475.8063534055,2828.123017,2831.07128170524,3521.8136,3500.543109840843,113.719865,114.066895940197,0.3630034391010204,0.23040203636632653,0.792688713977799,0,0,0,0
DJED,DJED,2024-03-18T00:00:00.000Z,2024-03-18,4661618.843754,4644088.627971755,3675987.2665109998,3662120.1917568506,985631.577243,981968.4362149052,7180.578524,7131.62805378277,3465.453677,3449.505061526313,503.438132,498.50104995315,0.35365247619175255,0.22314426203814433,0.7885901355923973,0,0,0,0
DJED,DJED,2024-03-19T00:00:00.000Z,2024-03-19,4415005.653868,4352246.934302769,3605662.669036,3554872.9598654616,809342.984832,797373.9744373074,122905.1082,120345.72218741874,3927.13276,3876.827859776929,13022.880814,12690.03747484556,0.4190978846020619,0.27430655769381446,0.8170871049988356,0,0,0,0
DJED,DJED,2024-03-20T00:00:00.000Z,2024-03-20,4388889.863735,4435938.137699936,3543416.1889649997,3580776.9377842,845473.67477,855161.1999157357,57758.987509,57848.35124201877,3726.850779,3767.724298097035,1122.44011,1135.644095995171,0.397900792811579,0.2578100405357895,0.8078159021559171,0,0,0,0
DJED,DJED,2024-03-21T00:00:00.000Z,2024-03-21,4712206.950634,4716135.418995912,3611231.477511,3614229.5278999694,1100975.473123,1101905.8910959426,3833.991267,3891.794968250801,3074.589975,3077.068726236878,35.750933,35.567584446031,0.30490798838645833,0.18694089165625,0.7663594853217816,0,0,0,0
DJED,DJED,2024-03-22T00:00:00.000Z,2024-03-22,4722766.493268,4651642.692864187,3622309.088366,3567747.538933805,1100457.404902,1083895.1539303814,0,0,3030.666678,2984.532455280151,0,0,0.3062594622773196,0.18791981364432989,0.7669892242497163,0,0,0,0
DJED,DJED,2024-03-23T00:00:00.000Z,2024-03-23,4743153.100616001,4721256.329402951,3633382.921866,3616611.6348100146,1109770.17875,1104644.694592936,0,0,3021.004091,3006.237454402487,0,0,0.30419205134020616,0.18641711364329897,0.7660286997767609,0,0,0,0
DJED,DJED,2024-03-24T00:00:00.000Z,2024-03-24,4846681.703127,4800277.806226085,3648970.312722,3614101.688054734,1197711.390405,1186176.1181713508,3810.17204,3808.291077709801,2794.369102,2766.76239025543,220.073745,220.548067651191,0.27634172682268043,0.16649146989278352,0.7529164377535569,0,0,0,0
DJED,DJED,2024-03-25T00:00:00.000Z,2024-03-25,4806237.0661740005,4752764.877961849,3631631.910199,3591027.006059138,1174605.155975,1161737.8719027105,8486.024555,8292.64557639787,2921.486813,2889.645610425834,475.314709,461.747045740676,0.2823480375958333,0.170810511809375,0.7557322468943001,0,0,0,0
DJED,DJED,2024-03-26T00:00:00.000Z,2024-03-26,4746071.076067001,4727528.113012325,3621887.20404,3607736.4145730524,1124183.872027,1119791.6984392721,3843.454188,3777.637699823796,3012.2514,3000.703495081525,36.706534,36.368525514806,0.29798127753626374,0.18191988185054944,0.7631338908283224,0,0,0,0
DJED,DJED,2024-03-27T00:00:00.000Z,2024-03-27,4818082.762138,4749211.424870038,3652589.328446,3600378.7089982405,1165493.433692,1148832.7158717979,1785.157998,1748.845955351551,3256.185176,3210.446163081512,28.081952,27.575753355424,0.32490087623333336,0.1971055055688172,0.7581084185249786,0,0,0,0
DJED,DJED,2024-03-28T00:00:00.000Z,2024-03-28,4832137.497585,4770627.960103211,3675881.0961069996,3629073.7088208287,1156256.401478,1141554.251282382,0,0,3726.409418,3679.898953159476,0,0,0.37538065324623654,0.22845302147741936,0.7607154224543058,0,0,0,0
DJED,DJED,2024-03-29T00:00:00.000Z,2024-03-29,4848090.743302,4821962.008906089,3708509.539934,3688430.812183804,1139581.203368,1133531.1967222851,0,0,3870.693113,3848.436678826439,0,0,0.3883121621287234,0.2376460085893617,0.7649507417996899,0,0,0,0
DJED,DJED,2024-03-30T00:00:00.000Z,2024-03-30,4868811.830618,4836716.0576419225,3709970.180226,3685501.415339912,1158841.650392,1151214.642302011,697.358507,697.231587751726,3799.618951,3774.767483715001,35.116061,35.109669876898,0.3792405364319149,0.23118240838404255,0.7619872690682373,0,0,0,0
DJED,DJED,2024-03-31T00:00:00.000Z,2024-03-31,4865977.665712,4812926.696455885,3712851.015195,3672372.458980624,1153126.650517,1140554.2374752606,10177.320231,10070.53686752744,3831.070719,3789.947537429556,2720.060762,2690.744844261873,0.38239806650652175,0.23342390889021739,0.7630230864556371,0,0,0,0
DJED,DJED,2024-04-01T00:00:00.000Z,2024-04-01,4826735.902592,4744278.911955424,3719759.188977,3656220.5068963696,1106976.713615,1088058.4050590538,9967.57636,9771.33909283781,4135.175836,4065.686121633468,950.774034,932.645150861865,0.40671789147252746,0.25108255145384617,0.7707966460869898,0,0,0,0
DJED,DJED,2024-04-02T00:00:00.000Z,2024-04-02,4684726.592565,4637185.411900738,3709498.098057,3671835.603749946,975228.494508,965349.8081507919,29926.841698,29519.73803118503,4589.982122,4541.486032775801,4330.90139,4277.095541484897,0.4731943934112245,0.2997631780897959,0.7918319666390784,0,0,0,0
DJED,DJED,2024-04-03T00:00:00.000Z,2024-04-03,4689191.858689,4674006.291371798,3694863.667694,3682875.039398177,994328.190995,991131.2519736214,23273.960637,23369.233331835614,4476.951554,4463.465634236778,2804.611433,2800.302913981606,0.46063469780215055,0.2903748171827957,0.7879554185819446,0,0,0,0
DJED,DJED,2024-04-04T00:00:00.000Z,2024-04-04,4728545.353645,4707493.014678741,3681780.169489,3665119.674198587,1046765.184156,1042373.3404801534,11276.483934,11017.569758930225,4232.776852,4211.30079168049,1426.559418,1393.168476903408,0.4310147330739583,0.26854627257083336,0.7786540345320792,0,0,0,0
DJED,DJED,2024-04-05T00:00:00.000Z,2024-04-05,4702585.929609,4670197.671012325,3682222.307803,3656983.4659603043,1020363.621806,1013214.2050520212,45408.817268,45330.51901938501,4439.830207,4412.073549392192,5704.77125,5644.26232846369,0.44505429796907214,0.27889167313814434,0.7830633701116522,0,0,0,0
DJED,DJED,2024-04-06T00:00:00.000Z,2024-04-06,4634169.35793,4637536.51475056,3665557.009472,3668225.3352935715,968612.348458,969311.1794569886,277052.382071,276930.47902288876,4547.10758,4550.174455732054,17420.281995,17412.6170709222,0.4704014758412371,0.29768085149896906,0.7909671748701292,0,0,0,0
DJED,DJED,2024-04-07T00:00:00.000Z,2024-04-07,4391646.055869999,4375784.346996555,3405173.1355439997,3393011.1395776616,986472.920326,982773.2074188931,6100.98241,5852.54668420099,3880.740793,3869.899572614463,298.152268,290.597271459314,0.42070043493229164,0.26099246440833335,0.7753907761303301,0,0,0,0
DJED,DJED,2024-04-08T00:00:00.000Z,2024-04-08,4421537.825855,4420495.234859979,3389301.626207,3388409.894165591,1032236.199648,1032085.340694388,36170.732729,36054.90989765889,3657.938285,3659.511699781972,262.132034,261.281775380752,0.3932489123958333,0.24119080435416668,0.7665491996764363,0,0,0,0
DJED,DJED,2024-04-09T00:00:00.000Z,2024-04-09,4451690.155775,4465691.2778625125,3380282.753641,3390921.829169878,1071407.402134,1074769.448692635,10152.510167,10181.401127165716,3557.211262,3567.77592647803,284.776402,285.859205226711,0.3711916339329897,0.2254970345484536,0.7593318784944308,0,0,0,0
DJED,DJED,2024-04-10T00:00:00.000Z,2024-04-10,4468326.177261,4500356.612965352,3364831.7843979998,3388873.038368959,1103494.392863,1111483.5745963932,29029.455267,29293.740888867414,3312.065819,3337.575027742091,3376.276504,3417.429226465494,0.35230253175876286,0.21225944419381443,0.7530448097344524,0,0,0,0
DJED,DJED,2024-04-11T00:00:00.000Z,2024-04-11,4482437.44006,4553935.794640155,3357869.057118,3411411.4195811334,1124568.382942,1142524.3750590214,3960,4051.32864,3217.590003,3268.182677305665,501.039658,504.895647520668,0.34060033120618555,0.2041204926041237,0.7491169617777482,0,0,0,0
DJED,DJED,2024-04-12T00:00:00.000Z,2024-04-12,4431895.896923,4435829.872153921,3317366.289393,3320077.1689367816,1114529.60753,1115752.70321714,387395.97365,385004.7508165902,3198.619547,3198.573299696534,27963.773611,28075.104103077585,0.338748775811579,0.2030477638305263,0.7483798480965667,0,0,0,0
DJED,DJED,2024-04-13T00:00:00.000Z,2024-04-13,4280081.378666,4256704.331143016,2991218.1620340003,2974789.03280458,1288863.216632,1281915.2983384356,319646.013978,325947.4598344986,1870.199294,1859.326392497916,22499.938856,22751.59630554258,0.19992101064526316,0.11193156031789474,0.698817795476148,0,0,0,0
DJED,DJED,2024-04-14T00:00:00.000Z,2024-04-14,3997651.1695789997,3982747.0755969416,2788939.543737,2778633.441335793,1208711.625842,1204113.6342611487,69290.828805,69411.59747831506,1807.236964,1800.532702465922,19179.92749,19262.787013811623,0.19741663992783506,0.11046123612474226,0.697826826786412,0,0,0,0
DJED,DJED,2024-04-15T00:00:00.000Z,2024-04-15,3872839.5436319998,3863048.13549403,2758325.046042,2751420.078223271,1114514.49759,1111628.057270759,9627.945698,9612.732748375112,2090.2714,2085.39904601405,79.917109,79.399892524403,0.2362945616628866,0.13482994683814434,0.7123432519642372,0,0,0,0
DJED,DJED,2024-04-16T00:00:00.000Z,2024-04-16,3787195.490313,3796032.9079543557,2725978.51939,2732330.448431556,1061216.970923,1063702.4595227994,50210.07347,50857.06971377582,2249.909451,2255.287744226338,1591.785568,1598.0682696721,0.256564497642268,0.147765234185567,0.7197816719935214,0,0,0,0
DJED,DJED,2024-04-17T00:00:00.000Z,2024-04-17,3794886.242389,3791378.573002424,2708854.489595,2706233.589944017,1086031.752794,1085144.983058407,18595.722126,18671.08627731608,2109.642751,2108.693644925495,1402.033167,1417.091922158087,0.240221953346875,0.13722639187291666,0.7138458320137149,0,0,0,0
DJED,DJED,2024-04-18T00:00:00.000Z,2024-04-18,3869363.539441,3900898.1780544315,2683017.7856840002,2705003.66962386,1186345.753757,1195894.5084305713,55372.930554,55963.41116676593,1660.117703,1673.864113832974,463.537489,467.910096583336,0.1856892855886598,0.10312637596185567,0.6934394567182792,0,0,0,0
DJED,DJED,2024-04-19T00:00:00.000Z,2024-04-19,3871637.743954,3911319.1243036827,2639758.426136,2666766.2656583195,1231879.317818,1244552.8586453632,45147.758617,45672.40972098448,1393.870917,1407.272635037741,4328.997883,4466.516726775797,0.15551194100412372,0.08483598161546392,0.6818167726686459,0,0,0,0
DJED,DJED,2024-04-20T00:00:00.000Z,2024-04-20,3921167.5470959996,3953128.6427396117,2634212.9629309997,2655732.8909576517,1286954.584165,1297395.7517819603,15675.777671,15759.618949835,1210.748612,1220.694515964397,142.722599,143.992717566,0.1303248080515464,0.07007766179072165,0.6718225043234138,0,0,0,0
DJED,DJED,2024-04-21T00:00:00.000Z,2024-04-21,3926472.187081,3898545.3302780185,2646798.209791,2627966.757375226,1279673.97729,1270578.5729027926,681.611177,676.367039522852,1233.243072,1224.823691928036,30.865255,30.633787147924,0.13597112729148936,0.0733350713787234,0.674092801715402,0,0,0,0
DJED,DJED,2024-04-22T00:00:00.000Z,2024-04-22,3921773.2315809997,3887471.192810908,2674452.149979,2651000.7768960465,1247321.081602,1236470.4159148615,5614.87289,5621.28648131786,1411.047283,1398.994986272365,28.259019,28.232804833352,0.15588972489793815,0.08508848808969072,0.6819486459305473,2,1.969632,4.86168,2.51965803192
DJED,DJED,2024-04-23T00:00:00.000Z,2024-04-23,3916361.564329,3852828.338648664,2709428.782499,2665479.9641886335,1206932.78183,1187348.3744600303,2499.956642,2457.89487149835,1641.262928,1614.711827721763,3.457499,3.399326579325,0.18132606143298968,0.1003649829257732,0.6918258218728792,0,0,0,0
DJED,DJED,2024-04-24T00:00:00.000Z,2024-04-24,3950741.960272,3894102.499996884,2715766.787864,2676772.1643224936,1234975.172408,1217330.3356743904,21096.086995,20802.703064635505,1565.139091,1542.402582201929,840.90165,829.912993317596,0.17010473181034483,0.09364451446321839,0.6874576801985842,26.698558,26.58419153944,4.86168,2.32333367016
DJED,DJED,2024-04-25T00:00:00.000Z,2024-04-25,3930270.579159,3878974.501110288,2724100.264796,2688472.588703224,1206170.314363,1190501.9124070639,5100,5040.7971,1709.989446,1687.326776627175,12.005969,11.866638724889,0.18490112681789472,0.10269316346947369,0.693110360443409,2514.20599,2486.13590608504,16.44696,7.79581402636
DJED,DJED,2024-04-26T00:00:00.000Z,2024-04-26,4073036.0593799995,4036153.3037695293,2953547.693414,2926857.5746932174,1119488.365966,1109295.729076312,7457.988261,7381.467817833901,2534.733478,2512.35492918783,127.779824,126.612557506314,0.2718703409326087,0.1578490849945652,0.725222760271697,1.5,1.4946915,2.2412,1.0498542808
DJED,DJED,2024-04-27T00:00:00.000Z,2024-04-27,4057912.279565,4054360.100417814,2948916.746276,2946330.9797105803,1108995.533289,1108029.1207072337,7362.286173,7345.739553168891,2567.161617,2564.532004503514,339.397955,338.584915802163,0.27588789905157896,0.16039259057578947,0.7267079376662928,40,39.87576,2.2412,1.0285920164
DJED,DJED,2024-04-28T00:00:00.000Z,2024-04-28,4055529.850481,4008646.2070509056,2949091.185309,2914997.6297829817,1106438.665172,1093648.5772679236,4701.625323,4633.597506201513,2579.384628,2549.04663544981,576.122774,567.786853582994,0.2772113719446809,0.16126569482765957,0.7271777741916061,8.175292,8.034971288112,4.67204,2.18542613468
DJED,DJED,2024-04-29T00:00:00.000Z,2024-04-29,4022580.0585640003,4032467.5468368856,2921367.7212300003,2928540.00006488,1101212.337334,1103927.5467720055,38983.927329,39071.249697654406,2600.391921,2606.649771536566,108.160201,107.64119475075,0.2746369808608696,0.1595826883271739,0.7262554160024833,47.757124,47.686474124,16.44696,7.43147636536
DJED,DJED,2024-04-30T00:00:00.000Z,2024-04-30,3997866.247408,3979020.1901576947,2907189.091711,2893464.025792419,1090677.155697,1085556.1643652758,23840.166835,23709.488570375972,2552.154296,2540.468002390931,610.150921,606.649190455332,0.2772445266623656,0.16129343303548388,0.7271863248815438,133,133.524912,8.9648,3.9812407856
DJED,DJED,2024-05-01T00:00:00.000Z,2024-05-01,3926987.526214,3934511.078273247,2856644.8679259997,2861873.160880486,1070342.658288,1072637.9173927612,70860.79326,71092.55593112,1913.672369,1915.514300218493,1600.895092,1605.80341624434,0.2789431113074468,0.1626891240042553,0.727638430545152,114.96,115.477385,11.39564,4.959682504
DJED,DJED,2024-05-02T00:00:00.000Z,2024-05-02,3850946.947145,3838539.278825461,2849144.361995,2839955.9731745548,1001802.58515,998583.3056509059,2191.238574,2171.195294152106,2119.820983,2112.806378331192,796.275546,789.2337890723661,0.3134671551967742,0.18553734742688172,0.7398556144038658,57.5,57.333582,11.206,5.0839111856
DJED,DJED,2024-05-03T00:00:00.000Z,2024-05-03,3854352.6564730005,3819112.1310961694,2859344.8098480003,2833209.615989494,995007.846625,985902.5151066753,1200,1185.4704,2160.420795,2140.996195085622,9.593307,9.477151238844,0.31926534499893616,0.18948372195531915,0.7418479990668292,193.55,192.5847092,22.412,10.3332139664
DJED,DJED,2024-05-04T00:00:00.000Z,2024-05-04,3842103.313963,3793284.8812924656,2873798.678613,2837284.0455288817,968304.63535,956000.835763584,1138.879459,1124.804150857454,2277.702841,2248.846329514669,12.524042,12.369738100567,0.3372361384891304,0.20180011808695653,0.7479774020977474,37.15,36.72603885,17.9296,8.3876887588
DJED,DJED,2024-05-05T00:00:00.000Z,2024-05-05,3841005.244808,3785024.932545074,2876780.025805,2834848.6010093284,964225.219003,950176.3315357455,0,0,2299.296157,2265.89015209538,0,0,0.3401519701297872,0.20381012377765959,0.7489656872241454,3.5,3.4529965,4.4824,2.0580446536
DJED,DJED,2024-05-06T00:00:00.000Z,2024-05-06,3846848.257452,3821279.279413656,2858288.645891,2839271.6196211954,988559.611561,982007.6597924606,33923.597123,33673.96270338221,2237.407847,2222.164813041582,813.332643,808.259352915745,0.3226991836419355,0.19183778847419355,0.7430188419252641,23.159412,23.022613464624,7.10288,3.27250778188
DJED,DJED,2024-05-07T00:00:00.000Z,2024-05-07,3800333.886971,3750863.0198582495,2855619.777284,2818426.690360534,944714.109687,932436.3294977152,0,0,2325.998167,2295.392880675151,0,0,0.34829273986914894,0.2097385234170213,0.7515565960297638,191.73,190.10169396,11.58528,5.20781706544
DJED,DJED,2024-05-08T00:00:00.000Z,2024-05-08,3747910.8285769997,3726408.302077985,2870069.394461,2853584.173549787,877841.434116,872824.1285281979,0,0,2587.164696,2572.556210149599,0,0,0.39084074392903223,0.23944203238064515,0.7657797075572211,23.5,23.081241,4.4824,2.0222594132
DJED,DJED,2024-05-09T00:00:00.000Z,2024-05-09,3723532.273817,3724404.7876674873,2825829.600681,2826492.390370506,897702.673136,897912.3972969815,19851.504047,19736.959528687563,2468.231274,2469.224979685481,467.320653,466.638652749742,0.3699177819408602,0.22459756196989247,0.7589114564253017,45,44.787465,2.2412,1.00982869
DJED,DJED,2024-05-10T00:00:00.000Z,2024-05-10,3725176.6202,3727619.8213670566,2821303.089305,2823164.48918305,903873.530895,904455.3321840063,100,100.9,2490.797327,2491.874275568709,28.800496,29.059700464,0.3652261057827957,0.22128758498817205,0.7573615284151625,20,20.06,4.67204,2.17030906828
DJED,DJED,2024-05-11T00:00:00.000Z,2024-05-11,3734772.329125,3708337.92783378,2822755.78986,2802768.3406827156,912016.539265,905569.5871510647,0,0,2410.624594,2393.307651394238,0,0,0.3605427945032258,0.21800162156451613,0.7558048005337534,0,0,0,0
DJED,DJED,2024-05-12T00:00:00.000Z,2024-05-12,3795237.836013,3793798.042418707,2830552.497459,2829448.1828915095,964685.338554,964349.8595271979,2999,3025.991,2244.676372,2242.678724935462,1175.243821,1185.821015389,0.33093192983404257,0.19747425365531915,0.745830026722419,96,94.92441000000001,4.4824,1.975774684
DJED,DJED,2024-05-13T00:00:00.000Z,2024-05-13,3795376.551716,3818026.6033875877,2826475.02095,2843347.4368488686,968901.530766,974679.1665387191,10906.989504,10965.310472512,2224.114773,2236.82876638273,207.403464,208.811853704,0.32764020017525775,0.19520163449793815,0.7447161912048486,50,50.388304,9.15444,4.0671132256
DJED,DJED,2024-05-14T00:00:00.000Z,2024-05-14,3792760.0214779996,3806529.830992814,2818345.485234,2828574.241688699,974414.536244,977955.5893041153,5647.694459,5690.609257729,2194.781711,2203.117469489328,4417.532959,4449.376304229,0.3228664262041237,0.19193421341340205,0.743085664628327,13.169472,13.25631936,6.91324,3.00435561508
DJED,DJED,2024-05-15T00:00:00.000Z,2024-05-15,3801792.182004,3785124.873841364,2830635.92978,2818219.565734413,971156.252224,966905.3081069511,717.285929,710.016236109585,2231.919009,2221.637762437431,24.004579,23.761292591835,0.3271617240559524,0.19487432447142858,0.74455266452529,212.503808,212.636145597164,11.77492,5.16413587056
DJED,DJED,2024-05-16T00:00:00.000Z,2024-05-16,3815808.2347170003,3806658.4307024353,2840089.78596,2833275.66733909,975718.448757,973382.7633633455,864.201223,864.201223,2287.473253,2282.034503182828,102.096322,102.096322,0.32640687919891304,0.19435534484673914,0.7442960884349711,36,35.77354,11.206,5.1091358916
DJED,DJED,2024-05-17T00:00:00.000Z,2024-05-17,3802929.822718,3812277.573240494,2844967.214991,2851976.4281448694,957962.607727,960301.1450956244,0,0,2308.109816,2315.179004912317,0,0,0.33772945844731184,0.20218142552365592,0.7481225386880787,70.13,70.035985,27.27368,13.07928846976
DJED,DJED,2024-05-18T00:00:00.000Z,2024-05-18,3803940.768921,3843466.1495735636,2850902.185121,2880523.2546724672,953038.5838,962942.8949010964,2178.968442,2205.780308737,2336.866467,2358.548390890548,159.397907,160.801198016,0.3416472847934066,0.20485237643956045,0.7494663794817648,51,51.31488,6.91324,3.31925086972
DJED,DJED,2024-05-19T00:00:00.000Z,2024-05-19,3815894.695455,3838250.615488167,2854723.72864,2871433.312827532,961170.966815,966817.302660635,250,253.5,2319.262279,2331.068380704681,29.149862,29.557960068,0.3376390796819277,0.2020767869253012,0.7481145611643603,51.083738,51.266989214,7.10288,3.3655066862
DJED,DJED,2024-05-20T00:00:00.000Z,2024-05-20,3826801.594067,3838610.566574741,2861070.353209,2869890.099987548,965731.240858,968720.4665871934,11150.119031,11118.40849902021,2316.860078,2324.106522482604,458.179404,451.8432214422,0.33634314408651683,0.20121052448314608,0.747660784250946,169.491308,168.0390320773,16.25732,7.9604394932
DJED,DJED,2024-05-21T00:00:00.000Z,2024-05-21,3868958.156851,3866679.2234951593,2873488.694189,2871775.758142795,995469.462662,994903.4653523646,10960.821679,10896.30240202925,2286.744267,2285.240817271135,196.498728,195.352674209892,0.3217566030075269,0.19117917353010752,0.7427041289282195,171.318696,171.3837454882,40.91052,20.45273870172
DJED,DJED,2024-05-22T00:00:00.000Z,2024-05-22,3877062.543351,3850650.653792128,2880266.445991,2860644.290985911,996796.09736,990006.3628062168,0,0,2244.042128,2228.536108468521,0,0,0.3223238929451613,0.19156471672903225,0.7428993667935312,48.268798,48.053147788176,11.39564,5.59918954624
DJED,DJED,2024-05-23T00:00:00.000Z,2024-05-23,3881841.63119,3838979.600398004,2882557.035875,2850728.4209371684,999284.595315,988251.1794608359,3693.759379,3629.801935352615,2242.636859,2217.538942090971,22.686541,22.293723542585,0.32139019388924733,0.19093134117741936,0.7425773880620304,19.995164,19.885713968316,7.10288,3.3920591308
DJED,DJED,2024-05-24T00:00:00.000Z,2024-05-24,3891496.4384049997,3860823.800570669,2888931.88569,2866162.7806129456,1002564.552715,994661.0199577236,315.306157,312.95171596462,2242.352739,2224.828306775803,116.891486,116.147576849127,0.3207794906236559,0.19051038735806453,0.7423703882834789,82.74295,81.9345053562,9.15444,4.24608242416
DJED,DJED,2024-05-25T00:00:00.000Z,2024-05-25,3893067.211031,3867817.566611465,2889038.975257,2870300.8206698224,1004028.235774,997516.7459416424,0,0,2293.770434,2279.213765494434,0,0,0.3199861843393617,0.18996926464574468,0.74209842835245,14.2,14.086551,4.4824,2.0633406092
DJED,DJED,2024-05-26T00:00:00.000Z,2024-05-26,3894447.657765,3868563.8631702866,2892250.350809,2873027.084721382,1002197.306956,995536.7784489047,0,0,2253.918622,2239.089965023873,0,0,0.3216233123402174,0.19108542386304347,0.742659958781509,1.1,1.0965295,2.2412,1.0357212736
DJED,DJED,2024-05-27T00:00:00.000Z,2024-05-27,3897390.042358,3868771.2916976665,2894013.886978,2872764.2405409897,1003376.15538,996007.0511566768,994.481227,987.367702783269,2257.126798,2240.595776049727,417.659195,414.671678778165,0.3213085365311828,0.19087103655376345,0.7425518731043381,54,53.970246,2.2412,1.036588618
DJED,DJED,2024-05-28T00:00:00.000Z,2024-05-28,3898467.7151,3845396.624004117,2894750.046322,2855341.4149711225,1003717.668778,990055.2090329947,543.962729,531.804074081392,2258.199754,2227.43396956527,543.962729,531.804074081392,0.3212599546817204,0.19083760260107527,0.7425353774927521,0,0,0,0
DJED,DJED,2024-05-29T00:00:00.000Z,2024-05-29,3899656.578769,3833741.1651565316,2902826.83981,2853735.5445598927,996829.738959,980005.6205966388,4289.209569,4206.073270366145,2345.852829,2305.883040921898,289.96401,284.369083509596,0.326664506975,0.1945398809611111,0.7443796800164562,212.926278,208.806772946346,9.15444,4.18399909812
DJED,DJED,2024-05-30T00:00:00.000Z,2024-05-30,3903916.05143,3838795.952800621,2911719.029767,2863148.994630307,992197.021663,975646.9581703139,4980.881919,4890.995055252737,2276.892867,2238.619544996382,2076.155417,2038.672005197891,0.3309530097135417,0.19747253311354165,0.7458458651930694,0,0,0,0
DJED,DJED,2024-05-31T00:00:00.000Z,2024-05-31,3910161.538919,3840883.706508194,2941285.771857,2889186.651168271,968875.767062,951697.0553399234,1250.345342,1229.610865193614,2526.09512,2481.653251216929,21.174518,20.823380968006,0.3498238057458333,0.21053043267916666,0.7522154902849787,333.5,326.1332055,4.4824,2.0080860644
DJED,DJED,2024-06-01T00:00:00.000Z,2024-06-01,3904553.110575,3848501.622990288,2935992.889151,2893848.1068069534,968560.221424,954653.5161833346,6227.852963,6179.475001183416,2473.844527,2440.468972974695,34.027021,33.762699100872,0.3490213643695122,0.20997052405243902,0.7519471238351408,26,25.733171,4.67204,2.09869917684
DJED,DJED,2024-06-02T00:00:00.000Z,2024-06-02,3885788.095693,3833760.126911177,2937546.380189,2898213.6877322043,948241.715504,935546.4391789725,6040.44325,5963.882345486014,2545.956386,2511.462891276556,1128.604713,1114.058931568678,0.36104352142391305,0.21835159128152173,0.7559719599864717,54.456814,53.33379766613,9.34408,4.20712592024
DJED,DJED,2024-06-03T00:00:00.000Z,2024-06-03,3883047.243612,3849357.8029416148,2934031.527855,2908579.7568087145,949015.715757,940778.0461329,3400.577563,3389.481673841248,2595.711327,2573.597947028638,10.105475,10.016933870268,0.359932375787234,0.2175743746925532,0.755601346420037,10.11,10.05745833,2.2412,1.0169445
DJED,DJED,2024-06-04T00:00:00.000Z,2024-06-04,3873877.10437,3838993.7365878066,2923498.759089,2897158.314623948,950378.345281,941835.4219638585,15747.74321,15509.882044784857,2513.691585,2491.115612975577,137.340607,135.913345351746,0.3571603504467391,0.21564322579347825,0.7546726172876986,40.540902,40.5311604428,7.10288,3.26693340028
DJED,DJED,2024-06-05T00:00:00.000Z,2024-06-05,3861339.937721,3810850.5137251117,2921607.737385,2883411.8661993477,939732.200336,927438.6475257642,1141.562298,1129.895175640538,2551.377254,2518.267665301368,144.038411,142.572840135256,0.36304869154623653,0.21976365656989247,0.7566357368055856,62.322084,61.3967373651,9.53372,4.39130028856
DJED,DJED,2024-06-06T00:00:00.000Z,2024-06-06,3906046.1433180002,3852547.951564298,2926449.371114,2886372.2402645196,979596.772204,966175.7112997785,1318.405903,1308.085880952738,2421.06628,2388.121864819297,691.5763,685.810195018533,0.3409094249173913,0.2043431751804348,0.7492165917148536,0,0,0,0
DJED,DJED,2024-06-07T00:00:00.000Z,2024-06-07,3930699.621995,3878314.457605234,2927706.878513,2888682.7025589766,1002992.743482,989631.7550462573,2439.743932,2365.594629705884,2340.560794,2310.715288515988,896.539299,872.149042590168,0.3280181598043011,0.1954712857311828,0.7448394120114231,17.5,17.2626565,9.15444,4.3438597048
DJED,DJED,2024-06-08T00:00:00.000Z,2024-06-08,3945069.482836,3870116.7033443004,2929357.121454,2873695.9791613272,1015712.361382,996420.7241829733,3750.772387,3685.106664200468,2354.827314,2310.451638945295,1902.823518,1865.698253398634,0.3212684790655914,0.1908450460655914,0.7425374226525879,57,56.108064,4.4824,1.9540843504
DJED,DJED,2024-06-09T00:00:00.000Z,2024-06-09,3951270.404905,3887081.0750447367,2933160.226762,2885510.4999264297,1018110.178143,1001570.5751183069,839.11092,825.90499234104,2300.742729,2264.462794136258,56.000659,55.119320628658,0.32067101179615387,0.19043591958333334,0.7423334547572688,10,9.83802,2.2412,0.975885716
DJED,DJED,2024-06-10T00:00:00.000Z,2024-06-10,3955206.762392,3909449.166087394,2936066.312856,2902099.245281213,1019140.449536,1007349.920806181,0,0,2302.588329,2276.048991764166,0,0,0.32066113761888887,0.19042961172,0.7423298395093897,10.5,10.451,6.7236,2.9839628156
DJED,DJED,2024-06-11T00:00:00.000Z,2024-06-11,3979274.722599,3927044.177365586,2938060.076561,2899328.533306793,1041214.646038,1027715.6440587931,6200.064653,6103.294059125249,2234.246877,2204.235875780582,594.321767,583.943364051005,0.30937648599462364,0.182847402827957,0.7383988218281569,76.503714,75.47527067313,11.58528,4.90883495144
DJED,DJED,2024-06-12T00:00:00.000Z,2024-06-12,4045891.03873,4047689.8111656574,2941863.902154,2943174.4390793517,1104027.136576,1104515.3720863056,0,0,2028.480263,2029.688468182137,0,0,0.2770597277215054,0.16116565753978496,0.7271239382277865,7.002,6.993191478,4.67204,2.03704386828
DJED,DJED,2024-06-13T00:00:00.000Z,2024-06-13,4045641.28488,4047537.453487659,2940200.751805,2941580.0987545005,1105440.533075,1105957.3547331586,5630.361727,5594.113549126517,2021.145377,2021.530034459255,310.510905,311.246498276753,0.27602780915,0.16048473957934783,0.726757688917439,10,9.90037,2.2412,0.95245397
DJED,DJED,2024-06-14T00:00:00.000Z,2024-06-14,4043357.434804,3995708.315345208,2946757.4657119997,2912035.4318808494,1096599.969092,1083672.8834643587,11957.036274,11780.972794645917,2109.868836,2085.080564105152,2515.562685,2483.966248802821,0.2817757797494624,0.16428850598064515,0.7287917686369134,158.614658,156.042556781902,18.11924,7.41193798028
DJED,DJED,2024-06-15T00:00:00.000Z,2024-06-15,4040072.6497560004,4040254.871111824,2947893.723042,2948053.122732553,1092178.926714,1092201.7483792708,400.025354,398.04322837093,2078.93612,2079.312479751959,9.494423,9.447378134035,0.2842599516623656,0.16593908424946235,0.7296672141795094,44.182328,44.579968952,4.86168,2.00530201128
DJED,DJED,2024-06-16T00:00:00.000Z,2024-06-16,4024982.031667,4061559.7390235486,2939590.355229,2966304.98166622,1085391.676438,1095254.757357329,16700.095293,16833.696055344,2086.93541,2105.675878211,2000.095293,2016.096055344,0.28615400028369564,0.16719370401086955,0.7303368096678092,0,0,0,0
DJED,DJED,2024-06-17T00:00:00.000Z,2024-06-17,3990062.2182759997,4005010.6086110827,2940781.3026839998,2951799.612577944,1049280.915592,1053210.9960331386,14367.296009,14338.774888666983,2160.321476,2168.623332355585,6569.410258,6556.414728197224,0.3054891031348837,0.1802022422872093,0.7370627846780302,189,188.672218,13.63684,5.4950154498
DJED,DJED,2024-06-18T00:00:00.000Z,2024-06-18,3942471.527914,3905423.5387798045,2843152.3513720003,2815757.2292141696,1099319.176542,1089666.3095656347,249816.958276,247989.39253237497,2036.023327,2014.369831259955,45643.754993,45071.24789400147,0.2608748587682353,0.15090903650941176,0.7211455055980559,501.776894,494.752547979954,46.91004,17.65596951288
DJED,DJED,2024-06-19T00:00:00.000Z,2024-06-19,3916571.973036,3919526.901911852,2799374.590826,2801204.0218487973,1117197.38221,1118322.8800630549,5289.022042,5297.87720032973,1745.81818,1745.39704312324,1082.819678,1080.981089965336,0.24322035639310344,0.13948660003908045,0.7147532839285247,1191.507744,1179.507416740704,11.58528,4.47521009248
DJED,DJED,2024-06-20T00:00:00.000Z,2024-06-20,3918689.501879,3930035.3297681054,2871616.961315,2879919.4389081276,1047072.540564,1050115.8908599778,2959.886927,2947.493593888684,2224.313466,2229.797896315348,710.275091,707.659119142264,0.29316502433863634,0.17186553565113635,0.732800221623901,50.891168,50.646791453632,6.91324,2.6807106984
DJED,DJED,2024-06-21T00:00:00.000Z,2024-06-21,3925804.05377,3889150.879468896,2885745.860324,2858777.8339343355,1040058.193446,1030373.0455345606,4100,4068.184,2227.502122,2206.7614036712,652.839002,647.77297134448,0.29968721603666665,0.17625638719,0.7350675211539901,437.719672,431.163748157904,16.6366,6.30133742164
DJED,DJED,2024-06-22T00:00:00.000Z,2024-06-22,3949640.4159379997,3959470.7827843595,2905077.3826079997,2912295.5603001947,1044563.03333,1047175.2224841649,11628.681266,11555.393249218649,2251.81282,2257.986333397778,2910.205488,2882.62876050274,0.3009820802127907,0.17710597349418605,0.7355296711188712,9.1,9.0618584,4.67204,1.77820081876
DJED,DJED,2024-06-23T00:00:00.000Z,2024-06-23,3950621.049287,3960211.827690521,2909872.0451970003,2916900.3540068357,1040749.00409,1043311.4736836852,150.120647,149.329961552251,2274.042906,2278.77997622991,150.120647,149.329961552251,0.30395027626067417,0.17910609605505617,0.7365604744776812,101.967638,102.44623009856,4.67204,1.80700332472
DJED,DJED,2024-06-24T00:00:00.000Z,2024-06-24,3953521.537908,3913740.0447792276,2919449.079292,2890047.076003692,1034072.458616,1023692.9687755356,5755.695484,5681.048235653772,2373.958923,2350.82312112049,169.896178,167.54600253705,0.30939872171264365,0.18278927342873563,0.7384462689490429,200.818726,201.016486225256,18.49852,6.98863772632
DJED,DJED,2024-06-25T00:00:00.000Z,2024-06-25,3984330.6436940003,3969935.5925737005,2947826.911367,2937113.4601753633,1036503.732327,1032822.1323983374,1001.120362,981.604521663172,2374.97786,2362.531639810453,1001.120362,981.604521663172,0.31352843519210527,0.18561395170526315,0.7398578084281648,328.4,328.380262,18.11924,7.08091858464
DJED,DJED,2024-06-26T00:00:00.000Z,2024-06-26,3988995.136936,3969462.348159514,2962936.988394,2948422.4704953716,1026058.148542,1021039.8776641424,3788.094238,3755.384694248686,2433.798927,2423.909194317768,2071.232676,2059.362845975755,0.32196926365375,0.19132226633875,0.7427780914618529,1.5,1.5045,2.2412,0.8824523292
DJED,DJED,2024-06-27T00:00:00.000Z,2024-06-27,3985476.7938469998,3989049.6156940935,2963949.8235469996,2966616.3879587967,1021526.9703,1022433.2277352969,0,0,2444.512253,2443.279404735857,0,0,0.32464294732580645,0.19315314438870967,0.7436908463978229,0,0,0,0
DJED,DJED,2024-06-28T00:00:00.000Z,2024-06-28,3989443.3288330003,3977430.8495202404,2964918.6671100003,2955986.1489178436,1024524.661723,1021444.7006023969,1969.475964,1964.490408592877,2444.7853,2437.50168825016,290.024775,288.149563194905,0.32318085093146065,0.19215071108876405,0.7431923665276852,1,0.990692,2.43084,0.95356262268
DJED,DJED,2024-06-29T00:00:00.000Z,2024-06-29,3989615.576942,3988833.8296998045,2965293.054591,2964703.9013237567,1024322.522351,1024129.9283760478,0,0,2505.526271,2504.908378465287,0,0,0.3233582749472527,0.19227103404615384,0.743253566919616,0,0,0,0
DJED,DJED,2024-06-30T00:00:00.000Z,2024-06-30,3983928.688953,3977699.9186624065,2967250.0318440003,2962634.8329615593,1016678.657109,1015065.0857008471,129.095955,127.48587024924,2479.235209,2475.176917104585,21.319252,21.053358289056,0.3279075385966292,0.1953858949752809,0.7448068152433112,29.996396,30.116381584,2.43084,0.93755797212
DJED,DJED,2024-07-01T00:00:00.000Z,2024-07-01,3978040.5134810004,4014691.245574693,2973316.4004470003,3000706.8666646746,1004724.113034,1013984.3789100188,0,0,2346.11411,2367.044780030142,0,0,0.33563111454,0.2006930433222222,0.747433755739956,27.5,27.8345,8.9648,3.6067317832
DJED,DJED,2024-07-02T00:00:00.000Z,2024-07-02,3982073.535328,4028071.0250949003,2977938.917475,3012299.133688671,1004134.617853,1015771.8914062291,659.424425,666.678093675,2356.909908,2384.696245192244,81.146783,82.039397613,0.33685124752272727,0.2015415981818182,0.7478433111999153,102.5,104.05,4.4824,1.8650302684
DJED,DJED,2024-07-03T00:00:00.000Z,2024-07-03,4005963.7814929998,4029273.792126596,2987420.1429749997,3004844.0300905555,1018543.638518,1024429.7620360404,0,0,2385.14423,2398.720035788858,0,0,0.33066695128,0.19728032012555555,0.7457462405452122,28,28.308,11.39564,4.72051851796
DJED,DJED,2024-07-04T00:00:00.000Z,2024-07-04,4021149.903496,3993848.0490688067,2990808.1536499998,2970499.7709321612,1030341.749846,1023348.2781366454,14997.260612,14830.495455671486,2245.582367,2230.76265937789,1023.828559,1012.405751622432,0.32486790421477274,0.1933030430215909,0.7437698714386075,141,141.040743,11.206,4.337876218
DJED,DJED,2024-07-05T00:00:00.000Z,2024-07-05,3682037.9803069998,3765056.6326360945,2589451.64413,2647548.842735817,1092586.336177,1117507.789900277,546265.71532,564336.9276941488,1485.550448,1518.485134493833,72514.08977,75009.15874921987,0.21007681414222223,0.11872613604777778,0.7023695855674802,218.612044,219.175966329248,34.5662,11.88526863692
DJED,DJED,2024-07-06T00:00:00.000Z,2024-07-06,3485326.04267,3551169.5833204957,2366234.242183,2410880.1447910448,1119091.800487,1140289.438529451,5080.565341,5151.715774628,996.464204,1014.823974306,9.971703,10.176651624,0.1482924271252747,0.08060269264725274,0.6789538794819631,18.321142,18.687207124,9.34408,3.3110906777599998
DJED,DJED,2024-07-07T00:00:00.000Z,2024-07-07,3521508.6882720003,3551647.5463593863,2362227.7068140004,2382465.105081611,1159280.981458,1169182.4412777752,12912.00958,13035.304813754,862.944757,870.471701840884,101.926796,102.9361365,0.12773466186853932,0.0685511968505618,0.6707999087671074,23.550096,23.733996768,9.15444,3.27180318308
DJED,DJED,2024-07-08T00:00:00.000Z,2024-07-08,3492508.2848460004,3523473.657201567,2350663.90283,2371502.0781804086,1141844.382016,1151971.5790211586,8809.162254,8717.410643423833,913.348332,921.624736834686,137.180053,136.488310898564,0.1334324406098901,0.0718711299956044,0.6730716480888818,215.7817,216.7063887,20.73972,7.5902519898800005
DJED,DJED,2024-07-09T00:00:00.000Z,2024-07-09,3481198.6804600004,3489509.1460877964,2367954.7134040003,2373615.4232594743,1113243.967056,1115893.7228283223,0,0,1014.579346,1017.063710516857,0,0,0.1514188936911111,0.08240073588666666,0.6802141659610711,16.2,16.2769,8.9648,3.3494890884000004
DJED,DJED,2024-07-10T00:00:00.000Z,2024-07-10,3467988.732807,3495794.965638219,2375663.785404,2394700.6499013035,1092324.947403,1101094.3157369155,1347.203462,1348.550665462,1093.848143,1102.808125056388,16.928731,16.945659731,0.16372434818863638,0.08973048137954545,0.6850274653036876,191.999908,194.727558936,29.70452,11.32912042544
DJED,DJED,2024-07-11T00:00:00.000Z,2024-07-11,3466006.1346429996,3474706.0434842324,2396559.5605849996,2402533.984720157,1069446.574058,1072172.0587640754,432.108716,428.06201787466,1205.291803,1207.947497415861,68.878353,68.233307224155,0.18035265557752808,0.09978092448651685,0.6914475492717812,225.25,227.92275,36.04884,14.31276050824
DJED,DJED,2024-07-12T00:00:00.000Z,2024-07-12,3467195.293187,3474921.101672694,2411256.771857,2416640.427267299,1055938.52133,1058280.6744053948,0,0,1280.164963,1283.427137616005,0,0,0.19080761665955057,0.10616035365280899,0.6954495372126491,74.163802,74.914716218,18.11924,7.44169834064
DJED,DJED,2024-07-13T00:00:00.000Z,2024-07-13,3492022.305444,3502399.056923154,2419120.6737969997,2426334.1536310506,1072901.631647,1076064.903292103,0,0,1240.658843,1244.840762971635,0,0,0.18381935908988764,0.1019027458,0.6927708153787026,315.097158,316.56566158,42.77244,18.2168265028
DJED,DJED,2024-07-14T00:00:00.000Z,2024-07-14,3508124.154073,3495852.06572061,2443952.143673,2435414.4855302945,1064172.0104,1060437.5801903154,425.012573,420.900576356225,1347.922325,1343.822307384275,1.620345,1.604668162125,0.1939809505516854,0.10811183672022472,0.6966555633250378,99.248704,99.320171332,6.91324,3.0221544151999997
DJED,DJED,2024-07-15T00:00:00.000Z,2024-07-15,3512901.583295,3474842.280423781,2458479.801939,2431842.267237324,1054421.781356,1043000.013186457,0,0,1377.128575,1362.324955315757,0,0,0.20241108146067416,0.11332517824606742,0.6998428504337285,79.63153,78.824425843554,22.79128,9.93595128444
DJED,DJED,2024-07-16T00:00:00.000Z,2024-07-16,3517285.341843,3501101.7361413958,2475942.2506230003,2464534.3858540454,1041343.09122,1036567.3502873505,0,0,1454.334118,1447.631147285713,0,0,0.21334348630222222,0.12015714878222222,0.7039358491001753,215.609614,215.517807982,25.22212,11.22924741592
DJED,DJED,2024-07-17T00:00:00.000Z,2024-07-17,3521249.672511,3489992.487564172,2489221.667532,2467122.9270559084,1032028.004979,1022869.5605082636,2560.131196,2536.506450420103,1510.653764,1497.368101651317,244.314158,242.24801035423,0.22133053103555556,0.12516961080555555,0.7069141896709255,74.685746,74.1196369191,20.92936,9.28053860096
DJED,DJED,2024-07-18T00:00:00.000Z,2024-07-18,3535609.0363920005,3492426.4492697613,2491186.3998970003,2460788.656784612,1044422.636495,1031637.7924851489,6952.284241,6872.644886472967,1477.034829,1458.682651984575,3.037075,3.005903667551,0.21517831118764044,0.12131958042134831,0.7046138607708444,55,54.428025,4.4824,1.982632756
DJED,DJED,2024-07-19T00:00:00.000Z,2024-07-19,3573753.424361,3542324.838548472,2499024.5159719996,2477061.8423413793,1074728.908389,1065262.996207093,0,0,1420.369431,1407.660426775042,0,0,0.20090281971235954,0.11239227911460674,0.6992726963655116,120.285378,118.813435387194,13.63684,5.80132933928
DJED,DJED,2024-07-20T00:00:00.000Z,2024-07-20,3567757.1294340002,3532149.5768946894,2503584.8426820002,2478595.629647574,1064172.286752,1053553.9472471152,0,0,1432.866389,1418.476297357883,0,0,0.20741803191011235,0.11644054571910112,0.7017251131308467,35.219736,34.773563613264,14.3954,6.29152917188
DJED,DJED,2024-07-21T00:00:00.000Z,2024-07-21,3604505.8662489997,3548075.105722484,2512658.1206139997,2473306.5538069205,1091847.745635,1074768.5519155639,102.061645,99.95550089378,1359.921898,1338.188893988815,25.885204,25.351036930256,0.19534973218333335,0.10901846097,0.6971388480020383,62.734622,61.821420611928,9.15444,3.99595174656
DJED,DJED,2024-07-22T00:00:00.000Z,2024-07-22,3634594.159128,3604413.567254626,2514256.312468,2493378.243144422,1120337.84666,1111035.3241102046,1218.019042,1203.051209198246,1270.634827,1260.034328506595,73.439478,72.588540369192,0.18113838274044944,0.10024393243483146,0.6917577252198224,0,0,0,0
DJED,DJED,2024-07-23T00:00:00.000Z,2024-07-23,3634884.558879,3570146.3151694713,2514082.430888,2469307.0100584575,1120802.127991,1100839.305111014,4252.196046,4213.265382525638,1269.243595,1246.804498870093,400.037451,395.802976827223,0.18086762360568182,0.10007874642386363,0.6916540686550282,30.5017,29.8703277106,8.9648,3.7454351688
DJED,DJED,2024-07-24T00:00:00.000Z,2024-07-24,3636282.9320800006,3592208.3437158074,2517282.8039570004,2486775.6298472504,1119000.128123,1105432.7138685568,5425.226383,5318.06019200375,1281.694711,1266.012585888407,359.608752,353.233936081062,0.18247492825568182,0.10105980715,0.6922691359803405,85.2,84.1835072,15.6884,6.4864765576
DJED,DJED,2024-07-25T00:00:00.000Z,2024-07-25,3634610.865073,3583877.1024947446,2509403.082305,2474376.243816187,1125207.782768,1109500.8586785577,16809.615316,16498.34679079985,1278.252647,1260.171649849224,762.467538,749.164464878857,0.17765751364835164,0.09812950725384616,0.6904198455830729,164.6017,163.0330624,28.03224,10.95479645996
DJED,DJED,2024-07-26T00:00:00.000Z,2024-07-26,3628313.4295469997,3637255.7443350013,2537966.603679,2544279.8777493397,1090346.825868,1092975.866585662,2557.669965,2536.505246039625,1414.222979,1418.442159002842,87.669965,86.944496039625,0.20149550802857144,0.1127731946021978,0.6994885957440091,363.4,365.23253755,7.29252,2.95769539992
DJED,DJED,2024-07-27T00:00:00.000Z,2024-07-27,3618790.274257,3626177.333655198,2549701.265563,2554923.5846659993,1069089.008694,1071253.7489891986,400.466061,404.47072161,1509.909254,1513.249146196601,144.420635,145.86484135,0.21504743633333334,0.12122013789111111,0.7045748416751243,79.964886,79.875849718606,18.11924,7.61022120256
DJED,DJED,2024-07-28T00:00:00.000Z,2024-07-28,3622000.2633959996,3627052.959778023,2555297.432088,2558875.4713863973,1066702.831308,1068177.4883916255,728.245862,732.615337172,1566.421152,1568.780149358762,98.791901,99.384652406,0.21751886941098902,0.12277098903736264,0.7054965168621429,24.71,24.679126,13.82648,5.67672575664
DJED,DJED,2024-07-29T00:00:00.000Z,2024-07-29,3630384.501065,3625875.9994630185,2557290.868273,2554125.4253375027,1073093.632792,1071750.5741255158,2983.573616,2986.557189616,1511.864382,1508.024750252787,86.238814,86.325052814,0.21460714997530864,0.12093850214320988,0.7044136657641076,19.550566,19.479994190074,14.01612,5.8201001306
DJED,DJED,2024-07-30T00:00:00.000Z,2024-07-30,3653657.13827,3589858.816970322,2558184.797291,2513508.7321389182,1095472.340979,1076350.0848314036,118.286143,115.73944234121,1440.681191,1415.624324302378,3.227635,3.15814401845,0.2032918258075,0.11387456018,0.7001731678658701,3.15852,3.10497516172,9.72336,3.88810184076
DJED,DJED,2024-07-31T00:00:00.000Z,2024-07-31,3673076.564026,3637446.4665749623,2562204.142954,2537350.8690752294,1110872.421072,1100095.5974997329,0,0,1397.917883,1384.608023791129,0,0,0.1963791247182927,0.10959095399634146,0.6975645213992109,56.65,55.96543905,14.20576,5.7138909556
DJED,DJED,2024-08-01T00:00:00.000Z,2024-08-01,3691185.941472,3649507.314740181,2569889.922249,2540867.4562346227,1121296.019223,1108639.8585055585,4890.568217,4789.403510843231,1378.049691,1363.103982519108,387.088707,379.016528384545,0.1928422320240964,0.10740985273493976,0.696223770333777,112.941628,111.49466364637401,21.30864,8.17654156572
DJED,DJED,2024-08-02T00:00:00.000Z,2024-08-02,3696380.800358,3667782.2842864217,2573216.692755,2553320.2608802165,1123164.107603,1114462.0234062055,8179.41482,7996.575828716096,1378.936477,1368.384574616174,1194.466968,1158.663135258994,0.19264550900121952,0.10729258183902439,0.6961468920097282,31.945214,31.80588622,11.58528,4.4040643708000005
DJED,DJED,2024-08-03T00:00:00.000Z,2024-08-03,3687331.2477430003,3671777.83722773,2561428.932323,2550594.440196627,1125902.31542,1121183.397031103,16098.790669,15976.938372634324,1345.269901,1339.279890929887,1940.390102,1924.125828201899,0.18887148777037038,0.10501155633703704,0.6946898970433868,25.629974,25.377581317974002,7.10288,2.53939040148
DJED,DJED,2024-08-04T00:00:00.000Z,2024-08-04,3622880.181356,3600073.1792387804,2547974.38971,2531939.230508597,1074905.791646,1068133.9487301833,20642.18296,20428.825492661177,1528.024602,1517.708157054432,2645.060963,2643.412730755953,0.21163681678493151,0.1190841088109589,0.7033005578838266,0,0,0,0
DJED,DJED,2024-08-05T00:00:00.000Z,2024-08-05,3174580.700794,3233576.3432446495,2237353.135931,2278779.9327026955,937227.564863,954796.4105419539,594500.547542,621191.9869845591,1404.869372,1432.026830567231,21288.477818,22060.368959996347,0.2160484051423913,0.12372576472826087,0.7038909429340358,511.392876,519.59455726092,71.75288,22.25883921936
DJED,DJED,2024-08-06T00:00:00.000Z,2024-08-06,2963076.5307549997,3005173.8746858602,1972486.2876779998,2000517.9145768892,990590.243077,1004655.9601089708,4151.212157,4208.816539913,722.236993,732.976242902164,353.393636,361.16178273,0.11511243276413044,0.061315531594565216,0.6656974443326739,55.305212,55.658551332,23.17056,7.5937944306
DJED,DJED,2024-08-07T00:00:00.000Z,2024-08-07,3003472.543292,3023933.16819844,1979826.460452,1993283.7566042952,1023646.08284,1030649.4115941451,2895.123979,2907.557008067019,640.147223,644.408823239846,6.31642,6.246651197642,0.09917194093510638,0.05230263252446808,0.6591797261969335,120.960494,122.79104896467399,25.03248,8.38003121628
DJED,DJED,2024-08-08T00:00:00.000Z,2024-08-08,2964189.051663,2999204.638663481,1982038.980572,2005524.5555548489,982150.071091,993680.0831086319,920,928.445,766.591596,776.254854894,485.236404,488.899004444,0.12297991309892473,0.06597299657634409,0.6687912006431752,24.15943,24.44102145,16.06768,5.44445202968
DJED,DJED,2024-08-09T00:00:00.000Z,2024-08-09,2958272.102688,2964957.784325563,1992425.074365,1996902.6964314526,965847.028323,968055.0878941101,1667.398976,1672.401172928,872.790746,874.644360650844,9.151799,9.179254397,0.14040586835326088,0.07602483467065217,0.6738896485572377,147.519154,148.181943274,34.37656,12.06084646888
DJED,DJED,2024-08-10T00:00:00.000Z,2024-08-10,3117755.696966,3123343.6763464585,2008591.0437359998,2012104.719048079,1109164.65323,1111238.9572983794,0,0,501.761101,502.701461196154,0,0,0.07770269968085107,0.040055985179787236,0.6442706032571638,204.961114,208.18181587,7.29252,2.53484592024
DJED,DJED,2024-08-11T00:00:00.000Z,2024-08-11,3086434.6288090004,3088849.6643475406,2013712.0706890002,2015258.5376910926,1072722.55812,1073591.126656448,3999.610579,4051.605516527,534.718436,535.099379363865,30.64483,31.04321279,0.08294697262210526,0.04330014756421053,0.6524437295124794,4.986792,4.984094145528,2.43084,0.83096077644
DJED,DJED,2024-08-12T00:00:00.000Z,2024-08-12,3086632.491406,3058380.698796005,2007696.029115,1989315.496456613,1078936.462291,1069065.202339392,8754.163339,8602.296113395028,511.9101,507.30222598616,2.829568,2.780480654336,0.07916417862934783,0.041195838735869565,0.6504513304445987,36.93344,36.357693889046,14.20576,4.7013313634
DJED,DJED,2024-08-13T00:00:00.000Z,2024-08-13,3075211.626932,3055794.3699750667,2007666.753614,1994948.78068584,1067544.873318,1060845.5892892268,3920.419794,3871.33961975889,579.052714,575.181239217991,30.950276,30.664493786864,0.08755023241052631,0.04595908394526316,0.653026321583076,44.857684,44.72446538464,13.82648,4.67485798144
DJED,DJED,2024-08-14T00:00:00.000Z,2024-08-14,2996451.03367,2961004.1083746543,2012305.431409,1988550.2633985633,984145.602261,972453.8449760913,0,0,821.394807,811.89427959102,0,0,0.1300119442968085,0.06996744582446808,0.67165546778065,100.97397,99.723767525054,23.3602,7.92525253252
DJED,DJED,2024-08-15T00:00:00.000Z,2024-08-15,3041077.331428,3010466.613153969,2017483.6692269999,1997177.84604767,1023593.662201,1013288.7671062986,6263.648822,6183.810636246931,700.021735,693.116672201128,772.061903,760.201388442264,0.109483090453125,0.05810721046875,0.6634108135365062,4.561962,4.491015983998,4.67204,1.54278877392
DJED,DJED,2024-08-16T00:00:00.000Z,2024-08-16,2999894.611267,2983709.0256547243,2007861.416288,1997091.863634967,992033.194979,986617.1620197573,7067.116066,7034.012202601372,782.005186,777.77960250437,2.776387,2.776865652162,0.12407109825638298,0.06644729290212766,0.6693211623420565,1.5,1.509,2.43084,0.81434598504
DJED,DJED,2024-08-17T00:00:00.000Z,2024-08-17,2992295.987943,2962177.979312565,2010784.26428,1990547.3878667844,981511.723663,971630.5914457807,237.525011,236.376509877516,844.007314,835.511294546306,52.251282,51.946903453552,0.1306894112755319,0.07025733979255319,0.6719870768243135,50,49.622985,6.7236,2.237199458
DJED,DJED,2024-08-18T00:00:00.000Z,2024-08-18,2970494.569147,2957734.424038114,2016232.5372930001,2007568.5711742074,954262.031854,950165.8528639064,4406.899577,4362.210753874558,928.562461,924.381334977471,6.142534,6.104251963961,0.14772060870425532,0.08021818611276596,0.6787557694307186,103.8526,103.1556387474,18.30888,6.156030754
DJED,DJED,2024-08-19T00:00:00.000Z,2024-08-19,2973336.880229,2967683.8982241675,2014884.382216,2011056.7922513105,958452.498013,956627.1059728569,1922.848347,1924.700019171,912.229585,910.599850199317,21.350752,21.357245347,0.1449220147393617,0.07856771336382978,0.677651519482408,6,5.889702,2.43084,0.8040732552
DJED,DJED,2024-08-20T00:00:00.000Z,2024-08-20,2997060.671896,3024331.045143006,2014655.8284729999,2032982.233695251,982404.843423,991348.811447755,0,0,832.199172,839.652528300704,0,0,0.13134647092637364,0.070666527810989,0.6722336025435248,11.610438,11.67668238,4.86168,1.65534613068
DJED,DJED,2024-08-21T00:00:00.000Z,2024-08-21,3037471.016391,3063360.344098283,2018527.546107,2035790.229719965,1018943.470284,1027570.1143783181,1424.399308,1432.128037163668,722.417822,728.871168821543,257.054917,260.772126185439,0.11241407737578947,0.05981302801684211,0.6645804769971293,94.249604,94.966215548284,33.99728,12.25894849876
DJED,DJED,2024-08-22T00:00:00.000Z,2024-08-22,3033109.5681539997,3048458.6124441414,2033335.711749,2043656.746523591,999773.856405,1004801.8659205505,0,0,805.812397,810.259306860718,0,0,0.12703203555698925,0.06824954178817204,0.6704566450871009,140.909862,142.12384246800002,32.13536,11.932904343
DJED,DJED,2024-08-23T00:00:00.000Z,2024-08-23,2993579.423315,3027273.942764872,2043350.035561,2066336.0179799157,950229.387754,960937.9247849566,10615.142397,10784.447960979,1022.808191,1034.184513774428,149.389541,150.606990037,0.15747526468404255,0.08600340833085106,0.6825859003096504,149.057866,151.521786686,54.737,20.81962814132
DJED,DJED,2024-08-24T00:00:00.000Z,2024-08-24,3012755.870019,3055255.99821791,2035206.1239389998,2063917.3297424072,977549.74608,991338.6684755028,750.025741,760.505793654,892.355366,904.710577788,7.421358,7.52480403,0.1395702766212766,0.07542886792340425,0.67552974838613,44.35,44.75395,18.11924,7.144011691959999
DJED,DJED,2024-08-25T00:00:00.000Z,2024-08-25,3013562.204954,3019933.571142042,2029275.053685,2033544.6007441885,984287.151269,986388.9703978536,12344.508325,12341.608111168143,859.339715,861.127426788523,76.662846,76.482242827218,0.13418112655578948,0.07228897767789474,0.6733809343256376,2.008022,1.99661643504,2.43084,0.93740969088
DJED,DJED,2024-08-26T00:00:00.000Z,2024-08-26,2830992.48431,2810908.1410102835,2022316.351678,2007777.758337053,808676.132632,803130.3826732306,2690.26317,2698.880723025416,1475.052452,1463.615143682814,10.235028,10.192061337088,0.2470972253361702,0.1431439934212766,0.7155077752711099,12.571128,12.378827454984,4.86168,1.78675491024
DJED,DJED,2024-08-27T00:00:00.000Z,2024-08-27,2772422.622309,2724265.0292314417,2027323.19491,1992129.0766495815,745099.427399,732135.9525818601,3346.85253,3301.220922674068,1771.706805,1741.001376497694,11.226349,11.047897988514,0.28877253820537635,0.16894390642688173,0.7312539576406186,74.845234,73.88294648817799,21.87756,8.07945340236
DJED,DJED,2024-08-28T00:00:00.000Z,2024-08-28,2794118.816467,2762532.884625383,2031288.794002,2008329.7608735836,762830.022465,754203.1237517997,2535.193362,2495.756299375401,1668.89238,1650.907988751775,35.823905,35.090323660007,0.2766818183463158,0.1609190188831579,0.726988314158894,60.586228,59.648303364936,11.96456,4.1974548664
DJED,DJED,2024-08-29T00:00:00.000Z,2024-08-29,2794751.456044,2800170.6899304716,2035708.20205,2039687.9422129977,759043.253994,760482.747717474,2344.587101,2346.1331449867102,1694.204907,1697.366595674715,8.055812,8.10671934142,0.28069374574105266,0.1635745794431579,0.7284076995460541,41.960848,42.13237077811,19.25708,6.87711209736
DJED,DJED,2024-08-30T00:00:00.000Z,2024-08-30,2822407.4424550002,2815649.0902624778,2034428.937352,2029660.3666446065,787978.505103,785988.7236178713,5193.216195,5136.032643284448,1582.19264,1579.308322424598,659.826278,647.781110509086,0.259674396144086,0.1498487664075269,0.7208678953661406,0,0,0,0
DJED,DJED,2024-08-31T00:00:00.000Z,2024-08-31,2871273.814724,2893890.396957364,2028360.808101,2044272.1597971972,842913.006623,849618.2371601666,25014.189999,25014.189999,1360.736929,1371.17126610464,6392.295895,6392.295895,0.2200559030755319,0.12438237103297872,0.7064317274648511,0,0,0,0
DJED,DJED,2024-09-01T00:00:00.000Z,2024-09-01,2871542.416079,2852043.5252132504,2009007.859295,1995368.1373526312,862534.556784,856675.3878606191,6245.484594,6204.957673686359,1274.093825,1265.42622298512,267.815911,266.324746853282,0.20183843622282607,0.11297017684130435,0.699626836344257,20.5,20.3142315,4.86168,1.6649090552399999
DJED,DJED,2024-09-02T00:00:00.000Z,2024-09-02,2827501.806632,2787575.0431700884,2002261.894633,1973941.8807152463,825239.911999,813633.1624548422,7990.080515,7848.487177593777,1367.177651,1347.451676189609,597.114653,588.141156953116,0.22503289232891566,0.12762048878915663,0.7082230861381887,5.165938,5.083719765228,4.86168,1.60995991704
DJED,DJED,2024-09-03T00:00:00.000Z,2024-09-03,2801469.5358760003,2746688.413875935,1998497.844455,1959423.0844752993,802971.691421,787265.3294006357,2727.238727,2650.862406450365,1444.912084,1416.884980112499,35.069947,34.087813134265,0.2391022416564706,0.13653505226235294,0.7134220365756306,13.990228,13.782983087522,7.29252,2.41149294444
DJED,DJED,2024-09-04T00:00:00.000Z,2024-09-04,2711231.235556,2687834.6336760656,1988854.3463960001,1971733.7859161417,722376.88916,716100.8477599239,16515.869775,16143.278612392332,1737.790428,1724.113842542913,293.293319,286.623298675295,0.2954530958670588,0.17342623812117647,0.7335844667394914,69.083452,68.590035686558,21.68792,6.93274030192
DJED,DJED,2024-09-05T00:00:00.000Z,2024-09-05,2715842.868427,2705240.6924672914,1988405.186757,1980641.7168418453,727437.68167,724598.9756254462,2395.222442,2370.227857985864,1718.659416,1712.170239212809,46.018086,45.776182609707,0.29132403831066667,0.17063981994,0.7321528038267979,4.47666,4.4501134062,2.43084,0.78134003952
DJED,DJED,2024-09-06T00:00:00.000Z,2024-09-06,2719083.7033200003,2689437.317385642,1982108.874554,1960483.7605662437,736974.828766,728953.5568193984,9486.241414,9445.352356768992,1708.255451,1692.758516897506,119.483287,118.215858178221,0.2822887398853333,0.16463577042133334,0.7289690283142386,44.084026,43.819345436,9.53372,3.08203009028
DJED,DJED,2024-09-07T00:00:00.000Z,2024-09-07,2696423.163852,2694186.469314337,1983513.360599,1981867.659257354,712909.803253,712318.8100569826,0,0,1769.174609,1767.86408004814,0,0,0.3012177015464286,0.17726626992023808,0.7356106714858449,13.038232,13.028980964,4.67204,1.4938237604
DJED,DJED,2024-09-08T00:00:00.000Z,2024-09-08,2687949.9977869997,2718515.516131834,1985951.0139789998,2008535.185532208,701998.983808,709980.3305996258,232,235.712,1819.72895,1840.21367975214,11.028665,11.20512364,0.3105233474809524,0.18354622547857144,0.7388373094517546,10.723198,10.91042998,4.67204,1.57353041784
DJED,DJED,2024-09-09T00:00:00.000Z,2024-09-09,2709340.0223439997,2743549.1847236305,2004897.002139,2030197.574421175,704443.020205,713351.6103024554,1818.161639,1840.372543428,1851.049709,1874.737853625,23.100607,23.621618488,0.3138688960457831,0.18581550810843372,0.7399911078639301,305.402674,310.169978338,7.10288,2.42496116
DJED,DJED,2024-09-10T00:00:00.000Z,2024-09-10,2737005.646937,2758004.0359804844,2013299.473492,2028731.501975208,723706.173445,729272.5340052763,40141.167717,40931.067298545,1796.445918,1809.762898171466,1609.859713,1641.90167808,0.3013321779942529,0.17742293619310345,0.7356070059479429,6.7,6.7536,2.43084,0.83316554832
DJED,DJED,2024-09-11T00:00:00.000Z,2024-09-11,2752770.800627,2755396.561074907,1978238.3913210002,1980127.928275862,774532.409306,775268.632799045,203.445695,203.226583986485,1515.259503,1515.897762250855,15.426574,15.409959579802,0.25335201472988506,0.14565553306206896,0.7186359863944085,1.16,1.15289964,2.43084,0.82837193184
DJED,DJED,2024-09-12T00:00:00.000Z,2024-09-12,2736985.379411,2774459.4104676107,1971531.920873,1998550.528757121,765453.458538,775908.88171049,21265.207886,21563.037233862,1540.249725,1561.419822574804,89.013574,90.342787041,0.2580482686883721,0.1487112797860465,0.7203265515425429,51.959852,52.932357888,25.03248,8.88954952052
DJED,DJED,2024-09-13T00:00:00.000Z,2024-09-13,2730896.138312,2752981.730639659,1955745.239571,1971571.718691973,775150.898741,781410.0119476856,223.625635,224.17809062805,1505.129641,1516.904226943774,73.600097,73.665643458,0.2465329130056818,0.14125624622727273,0.7161602843458023,5,5.01,2.2412,0.7894111524
DJED,DJED,2024-09-14T00:00:00.000Z,2024-09-14,2735037.514862,2731013.841528923,1954106.592332,1951240.8703789427,780930.92253,779772.9711499801,4961.53057,4961.78057,1448.583365,1446.713679401042,80.425285,80.4319667,0.24192098683372093,0.13829114423488373,0.714480197877639,0,0,0,0
DJED,DJED,2024-09-15T00:00:00.000Z,2024-09-15,2736091.397936,2730150.613582576,1950263.878024,1945984.5132397537,785827.519912,784166.1003428225,0,0,1419.550297,1416.24870949649,0,0,0.23732845291011237,0.13534932775955055,0.7128011386627575,2.44522,2.41916385246,4.86168,1.68372618768
DJED,DJED,2024-09-16T00:00:00.000Z,2024-09-16,2724601.289768,2689158.5317458017,1951610.500491,1926264.4173343233,772990.789277,762894.1144114783,3349.065837,3293.533256484102,1506.835481,1487.774130036453,271.624324,267.837143767963,0.24692783917790698,0.14151463480930232,0.7163016710303025,21,20.662959,7.29252,2.43790888272
DJED,DJED,2024-09-17T00:00:00.000Z,2024-09-17,2710231.994999,2708242.4403006076,1948845.5084459998,1947421.7851856248,761386.486553,760820.6551149826,12193.649097,12233.578200823742,1513.765,1512.75289767924,2757.611712,2769.553190722134,0.2546007439729412,0.14647888694352942,0.7190795032990436,64.968,65.2105,11.96456,4.02136885096
DJED,DJED,2024-09-18T00:00:00.000Z,2024-09-18,2710849.022365,2691477.3406778392,1943510.3976079999,1929623.108830058,767338.624757,761854.2318477812,7665.351038,7610.488760802676,1479.528678,1469.730989623933,10.229318,10.16320788052,0.24867392692261905,0.14263333779285714,0.7169399083257315,53.61631,53.144914428846,12.1542,4.0410041076
DJED,DJED,2024-09-19T00:00:00.000Z,2024-09-19,2697314.1664650002,2732867.8916975325,1942121.029758,1967698.5829572005,755193.136707,765169.3087403319,9221.950617,9317.737440084,1527.482062,1547.292144067,54.383593,54.930211656,0.25727111906666666,0.14822058949166667,0.720038501755997,42.282302,42.882153654,11.77492,4.12280130468
DJED,DJED,2024-09-20T00:00:00.000Z,2024-09-20,2673593.230045,2694246.8437599274,1933345.519995,1948301.9727310906,740247.71005,745944.8710288369,0,0,1572.997786,1584.80035844476,0,0,0.26585816750117647,0.1538062386235294,0.7231306641747978,63.253454,63.97726370752,28.03224,9.9908323936
DJED,DJED,2024-09-21T00:00:00.000Z,2024-09-21,2686292.705746,2690120.7160987565,1934549.943135,1937302.7831726621,751742.762611,752817.9329260944,255,255.765,1530.252321,1532.730873559264,255,255.765,0.2575648873554217,0.1483899764060241,0.7201562961625393,0,0,0,0
DJED,DJED,2024-09-22T00:00:00.000Z,2024-09-22,2691413.564522,2676749.9014704814,1941095.32545,1930506.1265497184,750318.239072,746243.7749207631,0,0,1587.665895,1579.039132942388,0,0,0.26054884369176473,0.15034296116705884,0.7212241631277704,81.119464,80.786474857528,9.53372,3.385452418
DJED,DJED,2024-09-23T00:00:00.000Z,2024-09-23,2700686.852345,2698477.9249185906,1937922.970392,1936334.1060497286,762763.881953,762143.818868862,10170.901814,10140.143982061143,1496.860027,1495.793706005058,263.708901,262.933061197221,0.25039538587529414,0.14374200989529412,0.7175659517244617,10,9.80068,2.43084,0.85808652
DJED,DJED,2024-09-24T00:00:00.000Z,2024-09-24,2694167.60187,2741329.6099949544,1922677.4501089999,1956278.895151089,771490.151761,785050.7148438657,23248.135163,23658.831598963,1431.581146,1456.941369677,1382.177921,1400.247040127,0.23966052171445784,0.13686163817710845,0.7136434446490743,70.095328,71.606241308,26.5496,10.07308760576
DJED,DJED,2024-09-25T00:00:00.000Z,2024-09-25,2703564.178126,2727877.065686255,1908555.915749,1925755.4880343743,795008.262377,802121.5776518808,102.57297,102.67554297,1317.504714,1328.94843316637,102.57297,102.67554297,0.21876927364588236,0.12357274550588235,0.7059531801473609,12.679728,12.883986096,6.91324,2.66887473156
DJED,DJED,2024-09-26T00:00:00.000Z,2024-09-26,2733275.790499,2751394.2558131055,1913791.247957,1926501.1780850776,819484.542542,824893.0777280278,2653.136346,2642.842529124294,1235.5126,1243.499880067738,417.500708,415.196944362932,0.2033860654059524,0.11395036731904762,0.7001988564837194,145.939278,148.554423789762,13.80062,5.5051207275200005
DJED,DJED,2024-09-27T00:00:00.000Z,2024-09-27,2783685.771184,2805077.4102245816,1912202.676911,1927034.6058751321,871483.094273,878042.8043494496,14999.999998,15404.999997946,1068.791611,1077.766486589533,1603.67887,1646.97819949,0.16883014817073172,0.09286732123902439,0.6869695588823894,13.912872,14.148519544,4.47378,1.83946408972
DJED,DJED,2024-09-28T00:00:00.000Z,2024-09-28,2800425.395184,2797090.193899218,1913443.33165,1911162.9171813866,886982.063534,885927.2767178311,0,0,960.831111,959.577155957758,0,0,0.15922380813214285,0.08704046810595238,0.6832724393244599,58.369742,58.469713899608,6.69774,2.68711319478
DJED,DJED,2024-09-29T00:00:00.000Z,2024-09-29,2788557.886537,2778777.891845016,1914389.974649,1907672.7168183299,874167.911888,871105.1750266857,0,0,1058.44923,1054.43214158509,0,0,0.16754934431071428,0.09202110974761905,0.6865165147105793,53.587384,53.4761901782,4.46516,1.78934142744
DJED,DJED,2024-09-30T00:00:00.000Z,2024-09-30,2779114.108724,2736116.310922489,1923375.558315,1893594.5063915155,855738.550409,842521.8045309737,0,0,1121.050904,1103.387019464834,0,0,0.18207941268470587,0.10084691967294118,0.6921014407907526,75.905684,74.97842125824,22.36028,8.628167191400001
DJED,DJED,2024-10-01T00:00:00.000Z,2024-10-01,2786576.216151,2742627.391782419,1934236.2382319998,1903730.9396764324,852339.977919,838896.4521059862,0,0,905.243773,891.290401014158,0,0,0.1873406681072289,0.1040345622,0.6941283530815366,98.458372,96.647228196984,26.79958,9.87705707394
DJED,DJED,2024-10-02T00:00:00.000Z,2024-10-02,2791252.9722990002,2769225.4215932144,1941592.981778,1926253.5130283383,849659.990521,842971.908564876,3102.386755,3041.0091354390797,947.606311,940.06762584584,299.651389,293.723085920024,0.19120320036024097,0.10640315872771085,0.695600143865045,42.620802,42.239566939754,8.93894,3.09177192294
DJED,DJED,2024-10-03T00:00:00.000Z,2024-10-03,2803752.727376,2801425.0524159158,1944635.684961,1943024.9145642323,859117.042415,858400.1378516835,1938.676463,1932.741227925094,903.994539,903.15795384763,101.220403,100.505887512507,0.18590937305,0.10315573865853658,0.6935836099649455,11.96609,12.02181872,4.47378,1.53488457872
DJED,DJED,2024-10-04T00:00:00.000Z,2024-10-04,2789743.243212,2811033.100930935,1945001.891159,1959845.0106751102,844741.352053,851188.0902558246,4694.154269,4714.06965609,947.182213,954.450225767,452.975452,455.050439245,0.19541353472619047,0.10899569447738096,0.6971983801515236,16.81613,16.90798969,8.94756,3.11579163052
DJED,DJED,2024-10-05T00:00:00.000Z,2024-10-05,2788518.898535,2798762.8587478264,1942193.268029,1949327.004904741,846325.630506,849435.8538430856,0,0,937.764325,941.484934390562,0,0,0.19355928279390244,0.10785070218292683,0.6964963478293246,9.942488,9.962255703064,4.47378,1.5662151238
DJED,DJED,2024-10-06T00:00:00.000Z,2024-10-06,2788463.336999,2797845.062649274,1943636.109452,1950173.4262762696,844827.227547,847671.6363730042,0,0,966.565541,969.738108826207,0,0,0.19496195981294118,0.10871576828117648,0.6970280261776712,0,0,0,0
DJED,DJED,2024-10-07T00:00:00.000Z,2024-10-07,2780962.807296,2782173.539576255,1946715.381647,1947551.88904322,834247.425649,834621.6505330349,0,0,980.998418,981.349732842736,0,0,0.20287262813253013,0.11361342218433734,0.7000157548073408,31,30.9799,8.93894,3.24304827676
DJED,DJED,2024-10-08T00:00:00.000Z,2024-10-08,2784099.290393,2753444.6910576816,2041890.776752,2019421.1549918503,742208.513641,734023.5360658314,0,0,1477.071322,1461.061068745947,0,0,0.30577906755952383,0.18769594898809525,0.7333133967238203,3996.9786,3945.8057275898,20.09322,6.94512995722
DJED,DJED,2024-10-09T00:00:00.000Z,2024-10-09,2888967.35183,2860573.9864593875,2349738.9928880003,2326713.591586177,539228.358942,533860.3948732107,3296.874238,3274.276194917474,2797.339146,2769.407424977292,644.087837,634.692711835251,0.546828018,0.35663259003170733,0.8136498355621207,6.5,6.395914,4.4824,1.5304460028
DJED,DJED,2024-10-10T00:00:00.000Z,2024-10-10,2920805.850539,2885903.956342648,2350426.17142,2322318.427965148,570379.679119,563585.5283775001,1107.084004,1077.055781337767,2666.621143,2634.024124949667,60.619805,58.896021811166,0.5157724929560976,0.33207389355609757,0.8047304004531325,20.456784,20.12573450296,11.18876,3.75591690778
DJED,DJED,2024-10-11T00:00:00.000Z,2024-10-11,2882310.003989,2891119.530703204,2345311.0869239997,2352517.9121101573,536998.917065,538601.6185930469,4248.197388,4177.95344418942,2297.33224,2300.403921142974,647.443172,636.73769915098,0.41850769138863636,0.27234639659772725,0.8136966427141049,3.267962,3.299637545706,4.46516,1.56158254616
DJED,DJED,2024-10-12T00:00:00.000Z,2024-10-12,2879451.7473219996,2903579.2375906995,2347480.921737,2367148.2623374113,531970.825585,536430.9752532882,0,0,1805.625333,1820.909363247,0,0,0.32482936048444444,0.21185579928111112,0.8152556731901397,6.957364,7.02693764,2.23258,0.79135360906
DJED,DJED,2024-10-13T00:00:00.000Z,2024-10-13,2891104.9734300002,2895462.1984746493,2349800.940152,2353355.0673849653,541304.033278,542107.1310896843,0,0,1803.102625,1805.662128155138,0,0,0.32389080241219514,0.2105995057695122,0.8127707182976605,1,1.001,2.23258,0.7868058436
DJED,DJED,2024-10-14T00:00:00.000Z,2024-10-14,2911001.271892,2932269.2865667273,2369198.278297,2386563.1352261673,541802.993595,545706.1513405602,0,0,1820.665843,1834.978918186482,0,0,0.3243107365419753,0.2111703710925926,0.8138778353224283,490.226268,492.74177482,15.62806,5.59823676902
DJED,DJED,2024-10-15T00:00:00.000Z,2024-10-15,2969709.29132,2974419.4151619147,2405552.727289,2409421.1748540313,564156.564031,564998.2403078835,698.175313,695.761720942959,1841.913052,1844.28448973293,18.175313,18.112480942959,0.3228699908554054,0.20924327174864865,0.8100625208607507,64.141776,64.032058206388,11.1629,4.0067443486
DJED,DJED,2024-10-16T00:00:00.000Z,2024-10-16,3002471.419761,2980610.873144449,2409963.9692700002,2392411.952678673,592507.450491,588198.9204657762,4759.173419,4681.947410177951,1872.832876,1859.144502588095,72.752656,71.604108048848,0.3200802077438356,0.2055340127260274,0.8026627728963452,50.02,49.61484222,6.69774,2.37969809168
DJED,DJED,2024-10-17T00:00:00.000Z,2024-10-17,3007975.293172,2958801.487467584,2412233.49533,2372804.156464678,595741.797842,585997.3310029062,0,0,1830.929323,1801.498608962935,0,0,0.31981087246419754,0.2051775595888889,0.8019474866294135,10,9.82638,2.23258,0.78740194246
DJED,DJED,2024-10-18T00:00:00.000Z,2024-10-18,2983717.072115,2955789.696363185,2412923.221821,2390445.4955444834,570793.850294,565344.2008187016,632.05099,633.31509198,1845.3119,1827.683772989891,2.074393,2.078541786,0.32239730991084337,0.20862922466024098,0.808801001405133,0.7,0.6917372,2.23258,0.77680611778
DJED,DJED,2024-10-19T00:00:00.000Z,2024-10-19,2931200.738932,2920334.6411586665,2413164.929701,2404217.2165516973,518035.809231,516117.42460696935,0,0,1873.701608,1866.723105486152,0,0,0.32786022371851853,0.2159338504037037,0.8232689207415678,0,0,0,0
DJED,DJED,2024-10-20T00:00:00.000Z,2024-10-20,2924452.560386,2922057.2007469516,2414541.909857,2412595.197126163,509910.650529,509462.0036207886,0,0,1879.69164,1877.697426494179,0,0,0.32875960626746986,0.21715133410361445,0.8256428315763322,16.507322,16.647940576,6.69774,2.41112388776
DJED,DJED,2024-10-21T00:00:00.000Z,2024-10-21,2919217.8623120002,2917325.2851863056,2438657.904304,2436991.548178522,480559.958008,480333.73700778384,0,0,1917.292419,1915.968154286248,0,0,0.3324762572375,0.22228828329625,0.8353962609462481,1217.693504,1206.62544747708,8.93032,3.21449547496
DJED,DJED,2024-10-22T00:00:00.000Z,2024-10-22,2919477.6153969998,2905481.4029893945,2539291.87664,2527129.0177203696,380185.738757,378352.3852690247,0,0,2114.078199,2104.116303031444,0,0,0.3455892152373494,0.2404689495421687,0.8697776210403568,5.590116,5.561527292148,4.46516,1.61384947654
DJED,DJED,2024-10-23T00:00:00.000Z,2024-10-23,2918958.8318140004,2883564.9592968323,2546180.272375,2515261.372760309,372778.559439,368303.58653652336,450.841581,441.915819379362,2076.303973,2051.512264639795,1.893345,1.85586055569,0.34656432373411766,0.2418600804364706,0.8723133860751618,146.936124,144.336989322212,13.39548,4.67494884486
DJED,DJED,2024-10-24T00:00:00.000Z,2024-10-24,2894946.683318,2860233.864340863,2559180.446606,2528487.455510756,335766.236712,331746.4088301071,0,0,2110.986169,2085.89831942935,0,0,0.3510650394034483,0.2482791710908046,0.8840184492767272,27.63336,27.25699249848,8.93032,3.0885601023200002
DJED,DJED,2024-10-25T00:00:00.000Z,2024-10-25,2887786.318542,2841002.700508038,2563328.53499,2521818.755901946,324457.783552,319183.94460609177,124.297216,123.634463244288,2121.501221,2088.117819742317,18.533669,18.434847476892,0.35246475742,0.2502934867317647,0.8876491452998814,23.7787,23.425521031304,6.69774,2.27173275546
DJED,DJED,2024-10-26T00:00:00.000Z,2024-10-26,2877755.201293,2847266.806100724,2566414.8768990003,2539234.262598125,311340.324394,308032.5435025988,2898.211713,2853.928808056697,2226.180042,2201.629792465465,602.71817,593.77507896117,0.36261240556421054,0.25882248794421053,0.891889727132406,13.6,13.499506,6.69774,2.20164090636
DJED,DJED,2024-10-27T00:00:00.000Z,2024-10-27,2849540.368935,2839564.453473791,2566985.978348,2558008.2367679556,282554.390587,281556.21670583525,0,0,2199.120306,2191.479888336417,0,0,0.36671213059767443,0.26428885531046514,0.9008434848432297,0,0,0,0
DJED,DJED,2024-10-28T00:00:00.000Z,2024-10-28,2844862.5562889995,2827014.3708214844,2561947.6442939998,2545888.230684102,282914.911995,281126.1401373822,0,0,2323.203608,2309.505375706971,0,0,0.3851795327,0.2776488783921348,0.9005591504895678,1283.6886,1273.249008109946,6.69774,2.23598021934
DJED,DJED,2024-10-29T00:00:00.000Z,2024-10-29,2828495.826808,2814539.9636166994,2570326.385468,2557647.6819594596,258169.44134,256892.2816572399,4081.996337,4030.956640364196,2716.921369,2704.161434083361,927.720058,916.493636557734,0.4454314749965909,0.3238651636852273,0.9087311603927488,11,10.97639,4.47378,1.5602344816
DJED,DJED,2024-10-30T00:00:00.000Z,2024-10-30,2820999.2367680003,2828360.8212027,2572566.585613,2579279.009736186,248432.651155,249081.81146651396,355.599774,357.37777287,2897.479551,2905.058081328431,3.650408,3.66866004,0.4789772219352273,0.34944351480340907,0.9119356918491763,20.318724,20.1875100088,11.1629,3.9542541602199996
DJED,DJED,2024-10-31T00:00:00.000Z,2024-10-31,2855008.7736359998,2854385.3412315487,2578304.100249,2577767.264428612,276704.673387,276618.0768029367,0,0,2435.150371,2435.116594809025,0,0,0.3880815808639535,0.28043402616744184,0.9030895346599372,27.5,27.6925,8.9648,3.2072378832
DJED,DJED,2024-11-01T00:00:00.000Z,2024-11-01,2860809.9809449995,2858769.1091217743,2590079.7292609997,2588224.9041722044,270730.251684,270544.2049495701,928.53409,928.678538134316,2625.465895,2623.188747229484,683.846099,683.579415152316,0.41077150468735635,0.29753953758160917,0.9053676221346917,233.951248,234.41277971844,13.42134,4.62950640296
DJED,DJED,2024-11-02T00:00:00.000Z,2024-11-02,2886281.754325,2895994.7503945883,2596143.378815,2604878.2477901955,290138.37551,291116.50260439265,21046.566594,21064.409122282,2358.021995,2365.451726971675,3669.474484,3672.347046839,0.3707194610586207,0.2668207771850575,0.8994819282177882,4.840922,4.841206766,8.93894,3.16223698356
DJED,DJED,2024-11-03T00:00:00.000Z,2024-11-03,2877693.8448519995,2843652.2377013015,2583028.362372,2552467.518744231,294665.48248,291184.71895707,125.084857,123.814245022594,2272.035285,2245.159938020013,1.79777,1.77950825234,0.3566586411627907,0.25611261461046514,0.8976060303871519,20.35,20.0053941,8.93032,2.97301738958
DJED,DJED,2024-11-04T00:00:00.000Z,2024-11-04,2888716.5148110003,2850782.274725624,2590368.270841,2556346.719417492,298348.24397,294435.55530813214,6154.769348,6066.972050694201,2274.305626,2244.716245952776,1091.907318,1080.130257158234,0.3559673803659091,0.2553624478784091,0.8967194414902813,84.647104,83.488933669568,15.6453,5.16646780468
DJED,DJED,2024-11-05T00:00:00.000Z,2024-11-05,2897955.3698239997,2881135.9271470737,2591618.482196,2576579.6775408736,306336.887628,304556.2496061998,272.677708,272.201067366416,2270.299435,2256.538758177419,272.677708,272.201067366416,0.35502921219195405,0.2540000373724138,0.8942924836588461,23.931498,23.85790494333,4.46516,1.48098417558
DJED,DJED,2024-11-06T00:00:00.000Z,2024-11-06,2922835.3846460003,2929159.56589001,2596784.446961,2602472.9467944545,326050.937685,326686.6190955555,3156.002404,3155.578004897081,2314.939988,2319.784201121885,666.908799,671.69237934331,0.3527836911558139,0.2507579314976744,0.8884735130504944,55.629422,55.682831550272,24.567,8.774641731120001
DJED,DJED,2024-11-07T00:00:00.000Z,2024-11-07,2946005.2466399996,2949523.0767233013,2602314.0689109997,2605451.205859978,343691.177729,344071.87086332304,1357.923776,1359.48046891769,2256.193085,2258.026243452618,103.553425,103.864160003124,0.35080889011954025,0.24791394276896553,0.8833522252665101,163.347806,164.266028503242,33.52318,12.79248205404
DJED,DJED,2024-11-08T00:00:00.000Z,2024-11-08,2952145.157802,2952251.0199697516,2634196.948793,2634093.7685743454,317948.209009,318157.2513954064,5256.274676,5282.10202935002,2479.948057,2479.57205517925,308.340569,315.612428498402,0.38007204463023253,0.27178052022093024,0.8924445863483571,976.322086,980.793648788,78.25236,33.64943332134
DJED,DJED,2024-11-09T00:00:00.000Z,2024-11-09,2913748.608826,2919114.361496642,2642764.516612,2647613.487558774,270984.092214,271500.8739378681,4010.148734,3963.920549674055,2773.955224,2778.734894437273,142.331556,142.328111962261,0.42765036018295455,0.31036007748977273,0.9070053956926604,227.403492,229.03384552335,33.52318,15.27795190744
DJED,DJED,2024-11-10T00:00:00.000Z,2024-11-10,3215863.2654310004,3265251.6883651707,2667627.5539740003,2709234.556793617,548235.711457,556017.1315715539,50664.226538,52357.065980749,2355.850837,2394.177316224536,5830.651424,5999.226403416,0.34279077760232557,0.2293309236116279,0.8317285515009807,1582.24389,1604.103673006938,138.50616,81.81995175086
DJED,DJED,2024-11-11T00:00:00.000Z,2024-11-11,3374858.7594580003,3356408.5219801925,2772628.878051,2757556.4492802615,602229.881407,598852.0726999312,1859.830804,1851.513125954226,2348.701144,2337.179803244253,63.334736,63.487606091902,0.3272458839717647,0.21515808129529412,0.8216173740380058,1265.531072,1249.022535005458,58.09018,34.7529232075
DJED,DJED,2024-11-12T00:00:00.000Z,2024-11-12,3284666.65691,3256994.6146838814,2870701.11134,2846716.379925205,413965.54557,410278.2347586767,1436.123181,1436.99106430677,2615.585491,2594.818922690316,1326.265852,1327.562947891173,0.34725366742906977,0.24286975507906977,0.8740920454416817,398.40208,393.372468046848,44.66022,27.1578110806
DJED,DJED,2024-11-13T00:00:00.000Z,2024-11-13,3305701.085917,3266051.4528552135,2911246.329225,2876448.286357811,394454.756692,389603.1664974026,5503.665331,5411.238900718502,2608.285459,2577.366956053769,881.048955,871.919956642024,0.34978001639411765,0.24644885954117646,0.8806751822764076,588.420824,582.617176722,24.57562,13.98857450554
DJED,DJED,2024-11-14T00:00:00.000Z,2024-11-14,3335168.097628,3303857.710727077,2942373.367138,2914762.7654298204,392794.73049,389094.9452972567,1047.595189,1010.290676554377,2637.119795,2616.298178986478,19.128228,18.447740226174,0.3503750406277778,0.247288623,0.8822273912593664,70.164718,69.496518584114,26.8082,15.36388766996
DJED,DJED,2024-11-15T00:00:00.000Z,2024-11-15,3314089.568029,3319889.980851002,2957842.909478,2963067.60951271,356246.658551,356822.37133829185,34395.193321,34495.642704306905,2696.552461,2704.478257150171,228.66239,229.295065649885,0.3586712271917647,0.25616033701647056,0.8925372427718417,327.392206,327.597120316894,87.09648,57.0217069071
DJED,DJED,2024-11-16T00:00:00.000Z,2024-11-16,3407650.895639,3467112.4641072825,2955892.078652,3007434.604725686,451758.816987,459677.85938159644,23636.548887,24337.072086016167,2636.437385,2680.552643706269,3978.740436,4071.390993869291,0.34474010910238095,0.23929619638333333,0.8675489569836634,1046.958262,1065.71664516247,113.89606,85.24331398066
DJED,DJED,2024-11-17T00:00:00.000Z,2024-11-17,3469794.715893,3450776.617684937,2995700.81849,2979421.7706826115,474093.897403,471354.84700232575,801.675635,800.855067157748,2729.042674,2713.428699937306,19.130967,19.071749657208,0.34321134668139536,0.23715161315813954,0.8635539518355109,88.782528,88.54048412908,33.49732,24.17753010836
DJED,DJED,2024-11-18T00:00:00.000Z,2024-11-18,3601368.197615,3611819.600172984,3023244.903872,3031836.8978098393,578123.293743,579982.7023631446,2853.581946,2899.440767973516,2627.727072,2635.486281134907,6.477515,6.468227818101,0.33407668210240965,0.22446618501686746,0.8396144190299235,865.423542,865.219031856418,64.75344,48.14952624696
DJED,DJED,2024-11-19T00:00:00.000Z,2024-11-19,3569475.288086,3561123.6326639135,3102044.2814909997,3094784.9420282324,467431.006595,466338.6906356812,0,0,2768.85183,2762.602318610723,0,0,0.3453119841244186,0.24007855866162792,0.8690539559985292,629.025396,625.50080319995,15.63668,11.52072508722
DJED,DJED,2024-11-20T00:00:00.000Z,2024-11-20,3653450.897176,3657036.2902494106,3165116.455177,3168171.0124949887,488334.441999,488865.277754422,13727.616608,13716.733588138111,2888.269916,2890.795059897348,4457.261224,4434.975809585201,0.34428915028395063,0.2386415674691358,0.8663822378899365,580.589578,585.286989176504,100.49196,80.8837742545
DJED,DJED,2024-11-21T00:00:00.000Z,2024-11-21,3707580.0772979995,3692635.4441473917,3187827.269631,3174935.192315439,519752.807667,517700.2518319524,1988.435565,1990.363071090584,2829.933733,2819.567710010704,192.855276,192.845736349544,0.3417767567940476,0.23509866167142857,0.8598267217070548,184.284612,183.020595588736,35.76438,28.0937267186
DJED,DJED,2024-11-22T00:00:00.000Z,2024-11-22,3833652.6453720005,3890315.7698924793,3276497.0358370002,3324748.761397868,557155.609535,565567.0084946112,84017.962773,85954.39230846743,2891.392805,2934.978558195208,24428.427489,24870.18475457733,0.3398744542445783,0.23245874837349398,0.8548403237086165,2760.394992,2825.14301027,160.78024,148.91345784094
DJED,DJED,2024-11-23T00:00:00.000Z,2024-11-23,4174528.67336,4231134.769825461,3372829.831237,3418838.238115352,801698.842123,812296.5317101093,33377.009977,34990.812087028,2874.916968,2914.148268630515,159.565175,164.27178513,0.3221076595890244,0.20823710765243902,0.8080364850440326,1055.542892,1074.485759475656,109.44814,119.1687847
DJED,DJED,2024-11-24T00:00:00.000Z,2024-11-24,4252886.747699,4236365.303539135,3445723.482631,3432215.9452460953,807163.265068,804149.3582930388,4055.60612,4091.449592568053,2943.245283,2933.85075287789,144.535864,144.373995889875,0.3229455137,0.20938917389166667,0.8102383760948196,1490.244384,1494.00708395512,53.62502,54.66346265932
DJED,DJED,2024-11-25T00:00:00.000Z,2024-11-25,4292642.280185,4273478.063401083,3561825.2462649997,3545914.681399312,730817.03392,727563.3820017716,2005.900554,1979.518949913792,3098.061962,3084.947108692003,9.328312,9.205626040576,0.3303194843695122,0.21926875324268294,0.8297569847952855,386.506346,384.62527722658,40.20368,40.81598128784
DJED,DJED,2024-11-26T00:00:00.000Z,2024-11-26,4480203.6958530005,4461257.0976016605,3566899.5271550003,3551574.6221478595,913304.168698,909682.4754538012,54369.273853,54167.85740606864,3072.381461,3057.706138624517,1334.950865,1331.884057676589,0.31782945104712645,0.20267623354712644,0.7966201346864008,384.790618,382.97728380719997,40.26402,36.96804510426
DJED,DJED,2024-11-27T00:00:00.000Z,2024-11-27,4498791.7214399995,4486734.875859745,3575412.779022,3565866.097778348,923378.942418,920868.7780813966,2391.24692,2411.56216692,3005.896306,2998.290542917771,52.827586,52.903860221,0.3171070762193878,0.20162232491122448,0.7947544280459209,439.800006,442.80151845337,53.59916,53.731789475
DJED,DJED,2024-11-28T00:00:00.000Z,2024-11-28,4540758.503277999,4503208.35753963,3611390.3503349996,3581593.416908161,929368.152943,921614.9406314684,14121.291577,14009.997225617293,3042.451629,3017.352765114991,863.882736,853.201108770578,0.3173478470313253,0.20194521981686747,0.7953915619003799,382.805996,379.795922635526,62.5381,62.79286241048
DJED,DJED,2024-11-29T00:00:00.000Z,2024-11-29,4833146.9162260005,4822002.043498059,3658392.6985930004,3650446.3164792093,1174754.217633,1171555.7270188497,10181.564706,10230.682830832153,2960.038278,2951.526259805718,549.059968,551.975280776619,0.303368938308642,0.18412960355432098,0.7578968572035081,977.497466,972.433650022342,107.18108,113.23023396
DJED,DJED,2024-11-30T00:00:00.000Z,2024-11-30,4960558.438423,4913594.863588543,3795236.2475050003,3758950.6286537405,1165322.190918,1154644.234934802,22561.16281,22312.459541859454,3157.437641,3127.189482703077,20754.16933,20515.1273875479,0.30601068069880955,0.18737503552857143,0.7650484975584952,3009.943588,2968.953848086166,113.9133,124.55832764
DJED,DJED,2024-12-01T00:00:00.000Z,2024-12-01,5007331.292945,4951380.274543669,4002953.2325890004,3958252.4823007444,1004378.060356,993127.7922429248,2768.36951,2756.10061072831,3359.08478,3320.936060562737,246.808476,245.54746080777198,0.31885843228125,0.2039207569375,0.7994160483158368,650.509062,646.215109102508,71.46842,79.00960976
DJED,DJED,2024-12-02T00:00:00.000Z,2024-12-02,5093759.044916,5045966.834467477,4092003.1817050003,4053639.17739643,1001755.863211,992327.6570710466,21716.315146,21710.158330036436,3450.007448,3419.825209721549,1001.727877,987.843717899961,0.320336324455,0.2058768869675,0.8033408450468519,2194.537694,2170.74120660743,136.2391,160.18957174
DJED,DJED,2024-12-03T00:00:00.000Z,2024-12-03,5299135.009867,5283298.622798666,4315064.1191380005,4302121.886346631,984070.890729,981176.736452036,35361.322469,35324.374296912414,3677.804685,3667.018438597769,8471.9621,8471.212476601178,0.32446707695844157,0.21137289882727273,0.8142953891986084,1677.606612,1679.23367661916,136.20462,171.9298652
DJED,DJED,2024-12-04T00:00:00.000Z,2024-12-04,5346846.092363001,5339155.165893989,4360285.097157001,4353990.142991037,986560.995206,985165.022902952,4674.802626,4625.282294755099,3730.893081,3725.098651981386,2600.360104,2578.083550365907,0.324916862617284,0.2119730345037037,0.8154872870641041,305.953788,305.435213972942,29.0494,34.9259988
DJED,DJED,2024-12-05T00:00:00.000Z,2024-12-05,5350609.7882860005,5321138.890089674,4414011.611277,4389744.144026955,936598.177009,931394.7460627197,20818.501021,20675.10278135888,3823.705235,3802.371547910233,112.139236,110.895660812332,0.3285008748242857,0.21680538953,0.8249576061606526,990.299894,983.208872613798,78.20926,93.5375164
DJED,DJED,2024-12-06T00:00:00.000Z,2024-12-06,5366704.118901,5370095.687843659,4468405.87122,4471281.486047924,898298.247681,898814.2017957356,12315.567805,12333.191632109296,3895.128581,3898.229199846865,1401.190451,1400.718479611996,0.3314055775375,0.22075043839166666,0.8326175724609881,1003.168822,1012.89346188492,42.43626,50.7221488
DJED,DJED,2024-12-07T00:00:00.000Z,2024-12-07,5375119.955382,5400837.338911266,4532741.4507989995,4554476.6976088295,842378.504583,846360.6413024369,3758.25637,3775.7702837,3897.438453,3916.572259716095,407.214083,411.04438874455,0.3354665499,0.22632188123913044,0.8432967087686252,58.974784,59.34529739,13.4041,16.3751554
DJED,DJED,2024-12-08T00:00:00.000Z,2024-12-08,5441616.859808001,5470426.04155516,4542393.745888,4566500.425604693,899223.11392,903925.6159504672,572.141719,572.19193815271,4055.284303,4077.394238120694,104.549262,105.20267542224,0.3322179734375,0.22185913147916667,0.8347570755437757,80.75539,81.61042402,15.63668,18.8534916
DJED,DJED,2024-12-09T00:00:00.000Z,2024-12-09,5469439.462562999,5443736.211650591,4557410.796654999,4536017.481139609,912028.665908,907718.7305109825,82586.363178,81940.43741168403,4065.764987,4045.166053495544,3984.962051,3960.631290963607,0.3316565146869565,0.22109667180434783,0.8332764099919071,635.878212,627.087094910518,40.23816,43.4989820444
DJED,DJED,2024-12-10T00:00:00.000Z,2024-12-10,5495504.5339089995,5395133.1003882615,4529250.635387,4446898.328316736,966253.898522,948234.7720715253,54847.058775,53265.09806012783,3924.872884,3852.032729630296,1295.997848,1262.623897018604,0.3282238602545455,0.21644380016818182,0.8242192376406321,1165.132132,1129.351740108344,42.44488,42.26887515048
DJED,DJED,2024-12-11T00:00:00.000Z,2024-12-11,5388524.963935999,5336923.994044434,4586645.248023,4542736.502790234,801879.715913,794187.4912542002,0,0,3990.528552,3953.633948024293,0,0,0.3385016956142857,0.230540507,0.8512490422563059,418.919148,415.750652656326,51.35796,54.29605252
DJED,DJED,2024-12-12T00:00:00.000Z,2024-12-12,5341305.517147,5286689.572264499,4631157.014002,4583802.019042,710148.503145,702887.5532224987,18976.187294,18838.570204741893,4291.583837,4246.640410532963,1465.553017,1453.468649035226,0.34454320289130436,0.2389900833478261,0.8670503235595878,524.753306,522.300244248254,62.55534,70.57152624
DJED,DJED,2024-12-13T00:00:00.000Z,2024-12-13,5375958.960714,5317616.741104567,4653769.885696,4603277.611670261,722189.075018,714339.1294343058,544,534.489248,4302.476514,4255.130135575156,13.004931,12.777565791327,0.34401251580434783,0.23824111409565218,0.8656659427851581,139.018018,136.92651070524,20.10184,22.1789152
DJED,DJED,2024-12-14T00:00:00.000Z,2024-12-14,5381710.894297999,5340258.037445578,4665956.330488999,4630003.4116749205,715754.563809,710254.6257706576,508.667874,506.054338463388,4222.191573,4189.804595877463,30.040962,29.886611537244,0.3445281552478261,0.23896959592173914,0.8670106697018266,37.79987,37.34807905112,6.70636,7.4663854
DJED,DJED,2024-12-15T00:00:00.000Z,2024-12-15,5394361.538465,5337750.168701712,4668167.500545,4619127.513229046,726194.03792,718622.6554726658,500.412354,497.007844067682,4227.200605,4182.581596138793,27.09433,26.964448360242,0.3439039318409091,0.23808796790454545,0.8653826307657273,167.189526,166.211076888212,24.58424,26.39865518
DJED,DJED,2024-12-16T00:00:00.000Z,2024-12-16,5457581.415732,5379570.430904881,4681479.1948150005,4614527.146728061,776102.220917,765043.2841768198,2088.583883,2049.587097436407,4117.114487,4060.528684328507,101.877133,99.919656327741,0.34104688942727274,0.23409706242272726,0.8579075481690482,188.596722,186.277319506196,29.0494,31.56985352
DJED,DJED,2024-12-17T00:00:00.000Z,2024-12-17,5402629.791065001,5300615.5850505065,4697325.494820001,4608815.698161065,705304.296245,691799.886889442,1191.296182,1166.823330175941,4470.024729,4386.637218317251,197.93027,193.249936321253,0.3454939498125,0.24035100112083332,0.8695203103251159,107.699926,105.417869799162,17.87788,19.27668188
DJED,DJED,2024-12-18T00:00:00.000Z,2024-12-18,5237716.146891,5220772.97089538,4709763.176802999,4694914.186965488,527952.970088,525858.7839298919,21131.588912,21064.484433732538,4711.06636,4697.152263150243,1708.128905,1701.798066291673,0.4096122794,0.2954531556826087,0.8994295064647436,727.741892,719.638307452146,42.42764,43.2349270929
DJED,DJED,2024-12-19T00:00:00.000Z,2024-12-19,5032478.133525,4994847.160014052,4749479.146839,4714461.822802471,282998.986686,280385.337211581,113606.771166,112528.29502142941,9265.700271,9210.548054076266,6109.308891,6014.636333348653,0.8838436171833334,0.6719265276041667,0.9441189775321489,1735.477442,1720.614381790334,49.134,44.56831659424
DJED,DJED,2024-12-20T00:00:00.000Z,2024-12-20,5022448.563958,4986882.347783441,4659261.322801,4625435.131554007,363187.241157,361447.2162294342,180433.63272,181129.55923791663,7955.241428,7880.870099656054,7278.634392,7323.217319815732,0.7066816997333333,0.5327989159166666,0.9283644057475364,1298.700004,1277.319043342728,71.4598,62.2792089888
DJED,DJED,2024-12-21T00:00:00.000Z,2024-12-21,5173708.480553,5116005.258774793,4646863.348321,4595153.669482921,526845.132232,520851.58929187164,1855.183843,1838.682753142065,4758.882376,4706.242789230848,58.873681,58.572471365711,0.370081637872,0.266010288484,0.8981992230326392,239.99472,238.961526680644,55.8145,53.46107267718
DJED,DJED,2024-12-22T00:00:00.000Z,2024-12-22,5182244.497113,5095282.920973741,4678122.462547,4599612.554992291,504122.034566,495670.3659814502,3299.999998,3186.023098072822,4899.661314,4815.311013501052,804.856202,775.732420531118,0.393568069584,0.2843346273,0.9027354320220228,291.743744,287.827689455148,15.62806,14.09446507672
DJED,DJED,2024-12-23T00:00:00.000Z,2024-12-23,5185825.699526,5112401.048313603,4706889.898256999,4640374.725192332,478935.801269,472026.32312127104,2142.635155,2104.596953093285,5228.468937,5161.870561653075,416.297394,408.906866364318,0.43575156836190476,0.3167761170619048,0.9076578915074943,620.23966,609.75584029365,26.79958,23.67256392268
DJED,DJED,2024-12-24T00:00:00.000Z,2024-12-24,5144315.024362999,5085481.142951602,4748716.708350999,4694334.644212661,395598.316012,391146.49873894127,2960.033708,2928.949719370588,7108.609313,7026.389960647127,59.288354,58.802993303218,0.6037446929285715,0.44605011314761905,0.9231219910991467,83.917472,82.887259476736,20.09322,18.61828611622
DJED,DJED,2024-12-25T00:00:00.000Z,2024-12-25,5181937.136402,5084187.609684529,4760439.917402,4670671.577520061,421497.219,413516.03216446715,0,0,6683.878772,6556.850466727679,0,0,0.5528673478863636,0.4064221986181818,0.9186740586263298,138.91196,135.506774962256,11.17152,10.22081849324
DJED,DJED,2024-12-26T00:00:00.000Z,2024-12-26,5244292.442869999,5073949.55929768,4799909.526205,4644353.693897777,444382.916665,429595.8653999023,10348.648038,10108.249512562323,6237.406224,6040.725883203219,743.413777,727.441200868288,0.5168691688681818,0.3788898501409091,0.9152788388326963,552.033002,540.354470043074,15.62806,13.71018894196
DJED,DJED,2024-12-27T00:00:00.000Z,2024-12-27,5224723.930845001,5154291.892028332,4837325.0045340005,4772120.3751032315,387398.926311,382171.51692510006,2769.661302,2747.276985900514,7672.555244,7572.498302986052,425.672382,419.97875249854,0.6348172946545455,0.47021736173181816,0.925854344817958,348.320368,345.866231090508,29.03216,25.52349348302
DJED,DJED,2024-12-28T00:00:00.000Z,2024-12-28,5236534.355509,5196642.923162805,4863757.764951,4826745.910496378,372776.590558,369897.0126664262,338.02195,334.372492764997,7832.471545,7772.970934507615,46.864128,46.390163681597,0.6707101491333334,0.49852142081428574,0.9288267602151936,8.985924,8.981015850548,6.70636,5.88732046806
DJED,DJED,2024-12-29T00:00:00.000Z,2024-12-29,5233215.911928999,5166777.677309666,4872681.481149999,4810803.073415862,360534.430779,355974.6038938039,3779.999997,3764.479317012318,8396.061969,8289.391051400966,53.121869,52.903750605886,0.6985374621818182,0.5204804893,0.9311238526812091,28.728254,28.230666226084,8.93032,7.87908514862
DJED,DJED,2024-12-30T00:00:00.000Z,2024-12-30,5260207.034355,5203762.400818655,4891522.372373,4838964.376889519,368684.661982,364798.02392913616,4888.72109,4838.85518426788,7865.047204,7774.841492045764,818.430387,810.326434115598,0.6832946274380952,0.5083537580952381,0.9299112364761635,226.5,224.27152,11.1629,9.72271175876
DJED,DJED,2024-12-31T00:00:00.000Z,2024-12-31,5305077.912935,5279970.35504126,4898766.791854,4875530.428772211,406311.121081,404439.9262690487,30732.704144,30829.144231953345,7590.648025,7553.863302126977,2029.06271,2035.09034371657,0.6070859215909091,0.44863094638181816,0.9234240129083948,52.853694,52.582256958514,11.1629,9.56310238198
DJED,DJED,2025-01-01T00:00:00.000Z,2025-01-01,5336061.992126,5342922.330563403,4881687.510001,4888009.301427252,454374.482125,454913.0291361511,3793.49143,3913.253486888,5622.278104,5628.927138293472,9.745487,9.982019484,0.5103426913333333,0.3735219881952381,0.9148498589936368,105.306214,106.205109338,29.03216,26.00769459728
DJED,DJED,2025-01-02T00:00:00.000Z,2025-01-02,5382752.319142999,5365668.354901956,4900819.027673,4885219.768353659,481933.29147,480448.5865482972,1794.1498,1790.208004507465,4983.194973,4968.86782945139,1132.084189,1121.89788038936,0.4635772215130435,0.3376900393043478,0.9104701971496559,340.410426,338.346135735394,51.36658,48.924790876
DJED,DJED,2025-01-03T00:00:00.000Z,2025-01-03,5392035.990953,5427647.261887044,4896579.911107,4928847.176725079,495456.079846,498800.0851619641,72871.14241,73168.89167133115,4980.090477,5012.625940423139,4722.818723,4744.794819898248,0.450917516964,0.327942211052,0.9081406569746281,614.089302,623.237975953808,91.56164,96.34998736708
DJED,DJED,2025-01-04T00:00:00.000Z,2025-01-04,5456309.818402,5462647.261822087,4869887.953455,4875671.796110425,586421.864947,586975.4657116616,3113,3136.659,4143.043769,4151.448776099886,149.916137,150.4195215,0.354352379748,0.253022079928,0.8925389559901771,146.04831,147.051113825088,24.55838,26.4449101
DJED,DJED,2025-01-05T00:00:00.000Z,2025-01-05,5474797.2966249995,5466896.358979089,4883006.067546,4875957.947733941,591791.229079,590938.4112451485,129.497932,127.74194004208,4088.431262,4083.47993384132,22.400776,22.09702147744,0.35410731748,0.252664413192,0.8919059498740044,148.509084,148.101408167902,24.55838,26.60788844
DJED,DJED,2025-01-06T00:00:00.000Z,2025-01-06,5586893.679407001,5562926.045445388,4920861.680641,4899768.248894639,666031.998766,663157.7965507489,1630.467038,1627.693613568362,4269.071345,4250.998738783325,80.82933,80.69183930967,0.349835304156,0.246521852224,0.8808220873998607,716.432654,711.5645821974,75.91634,82.65731792
DJED,DJED,2025-01-07T00:00:00.000Z,2025-01-07,5650949.301231001,5580423.446652889,4983818.8803,4921575.065900692,667130.420931,658848.3807521972,1983.501567,1949.440878091476,4039.378384,3987.18771203865,133.501567,131.209078091476,0.35026733153333334,0.24713614726666666,0.8819466635031368,374.446336,371.808015285734,35.7299,39.56590344
DJED,DJED,2025-01-08T00:00:00.000Z,2025-01-08,5581322.610167,5485669.951299659,5020071.278957,4934147.4607253065,561251.33121,551522.4905743521,39717.683162,38884.85101470948,4802.766035,4721.768341585807,3515.485044,3440.405125010351,0.407917059936,0.29414929562,0.8995551951243717,1317.88024,1302.650267051504,26.79096,26.03125544502
DJED,DJED,2025-01-09T00:00:00.000Z,2025-01-09,5539082.691186001,5436484.847947052,5085612.815561,4991321.305514857,453469.875625,445163.5424321941,12260.76547,11966.982066759152,5902.830133,5792.674114568554,200.679865,195.66496675609602,0.54897241675,0.40369083138333334,0.9181875928428469,36.311638,35.493909990956,6.70636,5.95932287982
DJED,DJED,2025-01-10T00:00:00.000Z,2025-01-10,5461360.976670001,5422937.276323407,5078765.621604,5043026.426002645,382595.355066,379910.85032076185,17999.999998,17889.08999801186,7703.906041,7650.670219047177,12343.450353,12266.96231673097,0.684823574088,0.509715950068,0.9299650259566867,23.132052,23.027899714152,4.46516,4.2006774103
DJED,DJED,2025-01-11T00:00:00.000Z,2025-01-11,5492773.849659999,5436082.689265109,5077667.108333999,5025225.216705291,415106.741326,410857.4725598177,23826.204595,24028.343446876162,6652.601256,6582.602118865176,1529.296655,1533.472856846617,0.6183440252458333,0.45734996911666664,0.9244319735172635,54.990802,55.280799324195996,20.09322,19.48215392368
DJED,DJED,2025-01-12T00:00:00.000Z,2025-01-12,5568165.433382001,5581603.125449549,5069317.043073,5081559.731987713,498848.390309,500043.3934618364,0,0,5362.501222,5374.54165779138,0,0,0.46292938567916664,0.33718541039166666,0.910413765558845,52.650586,52.863035716794,13.39548,13.46141031998
DJED,DJED,2025-01-13T00:00:00.000Z,2025-01-13,5586652.057538,5541473.670660635,5060100.629351,5019178.526607038,526551.428187,522295.14405359747,40451.28617,39985.50549075811,4993.008838,4949.433014230405,7370.226693,7276.91828262307,0.414716045892,0.300537697224,0.9057492902840343,251.3,253.7398691,6.69774,6.28581336194
DJED,DJED,2025-01-14T00:00:00.000Z,2025-01-14,5613619.625446999,5605659.713381637,5077756.827524999,5070480.862219284,535862.797922,535178.851162353,0,0,4801.080583,4793.994674355493,0,0,0.4034743597791667,0.2920739627625,0.9045577365242553,196.354874,195.548385661582,20.09322,19.10070646778
DJED,DJED,2025-01-15T00:00:00.000Z,2025-01-15,5691857.236215,5720903.941264479,5104839.254634,5130887.233245573,587017.981581,590016.7080189068,30.85348,31.03860088,4327.089639,4351.557704678201,0.85348,0.85860088,0.35757918072083333,0.2565772077083333,0.8968873378912454,335.91683,339.644487239064,60.27966,62.77345186
DJED,DJED,2025-01-16T00:00:00.000Z,2025-01-16,5729344.819236,5803036.835413869,5111199.703213,5176693.3377964,618145.116023,626343.4976174686,66497.338949,68342.328684072,4421.12955,4474.09214790736,5442.701038,5594.070294022,0.355238915164,0.253557819712,0.8921181770946535,333.423168,339.035589512,66.9774,73.31122946
DJED,DJED,2025-01-17T00:00:00.000Z,2025-01-17,5747570.920224,5812606.61347187,5055712.878508,5112941.500869684,691858.041716,699665.112602186,0,0,4242.619391,4290.518205533679,0,0,0.3493740412833333,0.24585552555833334,0.8796269734939604,222.036112,223.856987723772,37.96248,42.47109342
DJED,DJED,2025-01-18T00:00:00.000Z,2025-01-18,5731537.936171999,5704354.076492203,5075159.858533,5051070.652609021,656378.077639,653283.4238831823,0,0,4183.541497,4163.962127151913,0,0,0.35162828492916665,0.249088335075,0.8854801802569959,136.124292,135.049775744964,13.39548,14.53186322
DJED,DJED,2025-01-19T00:00:00.000Z,2025-01-19,5705354.518438,5682158.148797085,5103178.421579001,5082331.118079446,602176.096859,599827.0307176384,7287.542346,7289.542977114,4583.185208,4565.027512900294,1523.659283,1525.046688604326,0.371890012032,0.266300922472,0.894499307081108,489.377702,483.85623801486,26.79096,28.0077161
DJED,DJED,2025-01-20T00:00:00.000Z,2025-01-20,5651676.890207,5626994.995459159,5140048.191823,5117606.923388078,511628.698384,509388.07207108074,547.061123,539.772256160985,5340.361333,5319.245598157172,56.285473,55.449768243809,0.4534313342625,0.3299918984583333,0.9094816043786198,199.414474,197.426709373404,33.4887,34.63561653244
DJED,DJED,2025-01-21T00:00:00.000Z,2025-01-21,5766229.625514,5706420.814547732,5153442.561028,5100117.154504328,612787.064486,606303.6600434035,16282.554136,16019.944691162507,4746.024361,4698.51707508979,1525.352549,1502.254517464691,0.38310547781666665,0.2743814399958333,0.8938420172259415,180.812242,178.913550754344,24.567,24.59822942386
DJED,DJED,2025-01-22T00:00:00.000Z,2025-01-22,5807190.129427001,5717282.060349726,5163787.817134,5083832.339289865,643402.312293,633449.721059861,0,0,4475.501999,4405.464212985606,0,0,0.353065714456,0.251159222608,0.8892074718717166,50,49.0296,2.23258,2.21723771024
DJED,DJED,2025-01-23T00:00:00.000Z,2025-01-23,5988532.564619999,5883620.151390465,5162793.216235,5072157.022272219,825739.348385,811463.1291182457,21243.900929,20806.930675818505,4166.735003,4092.625602311617,2409.294563,2358.7431417523007,0.3427343049375,0.23648745384583333,0.8623047162752723,110,107.69622,6.70636,6.56186665522
DJED,DJED,2025-01-24T00:00:00.000Z,2025-01-24,6043696.0725610005,5971984.718872353,5167227.764839,5105902.911793459,876468.307722,866081.8070788946,0,0,4235.021472,4184.441584754287,0,0,0.3399222387333333,0.23250112244583335,0.8549783664696309,82.68736,81.46451814672,13.4041,13.32873419354
DJED,DJED,2025-01-25T00:00:00.000Z,2025-01-25,6059986.132200001,5974801.393214216,5181578.976111,5108736.110976308,878407.156089,866065.282237909,0,0,4445.542083,4382.912437985233,0,0,0.339952054,0.2325440449,0.8550556933604058,72.386738,71.121880335404,15.63668,15.3564940546
DJED,DJED,2025-01-26T00:00:00.000Z,2025-01-26,6089893.429151,6020531.914503975,5192677.285374001,5133548.512438978,897216.143777,886983.402064997,0,0,4147.08371,4099.983624035655,0,0,0.3390409312791667,0.2312725324875,0.8526712156238941,129.874414,128.94892053759202,13.4041,13.23525654304
DJED,DJED,2025-01-27T00:00:00.000Z,2025-01-27,6085196.41883,5974151.687243553,5194553.2818,5099746.73337416,890643.13703,874404.9538693934,47005.55134,46207.99561267661,4351.925834,4273.762636402522,1903.539767,1869.433047216312,0.339415449688,0.2317966729,0.8536505664832867,308.110242,305.11204574636,29.03216,26.78292187586
DJED,DJED,2025-01-28T00:00:00.000Z,2025-01-28,6073393.835225999,6026041.92046071,5199910.802638,5159380.48287774,873483.032588,866661.4375829702,2121.015148,2092.237646194033,4270.116973,4236.52486392007,468.585722,461.752330752256,0.34038445804583334,0.23314800040833333,0.8561870520856345,167.621074,165.675869571358,8.93032,8.48578206588
DJED,DJED,2025-01-29T00:00:00.000Z,2025-01-29,6097112.936196,6019865.387053361,5208846.580364,5142858.640749317,888266.355832,877006.7463040442,407.152605,404.92466594544,4169.670426,4117.076592263335,407.152605,404.92466594544,0.3396702352416667,0.23215052337083333,0.8543182755368248,8.07716,7.99636490807,4.46516,4.12834851604
DJED,DJED,2025-01-30T00:00:00.000Z,2025-01-30,6100291.950261,6038720.284710064,5225235.457448999,5172522.259386403,875056.492812,866198.0253236614,106.409288,104.686308808704,4492.23402,4446.05237447187,106.409288,104.686308808704,0.340526343524,0.2333454121,0.8565586955207448,202.17,201.37827347,8.93032,8.61655543938
DJED,DJED,2025-01-31T00:00:00.000Z,2025-01-31,6125907.496615,6044627.575151382,5240250.136592,5170717.7036391795,885657.360023,873909.871512203,0,0,4199.880306,4144.532998732611,0,0,0.34009266613181816,0.2327389242,0.8554244078508438,41.202898,40.365939994696,11.1629,10.60635799244
DJED,DJED,2025-02-01T00:00:00.000Z,2025-02-01,6137090.630431,6040999.6676250715,5256261.323343,5173922.752303912,880829.307088,867076.9153211594,1500.09022,1478.65243066598,4416.16471,4346.437388089029,770.794289,759.778867815901,0.34049427344583333,0.23330159577083334,0.8564742643596466,421.5,416.6658735,15.63668,14.43034607478
DJED,DJED,2025-02-02T00:00:00.000Z,2025-02-02,6115378.964234,5992667.057496896,5255046.223515,5149611.6566287475,860332.740719,843055.4008681487,212652.521082,208539.39836237437,4335.096149,4248.350927914374,17669.68304,17384.277040414425,0.3415785059,0.234825659348,0.8593059247550413,181.4,179.0443963,24.6101,20.7678036152
DJED,DJED,2025-02-03T00:00:00.000Z,2025-02-03,5655198.171247,5600519.285292921,4830264.723372,4784718.008094598,824933.447875,815801.2771983232,570272.091991,557497.8253622269,3950.943279,3912.072577951096,36608.344782,35885.269847807394,0.3398574873125,0.23252929532083333,0.8547455589364952,1213.84331,1207.970398701056,96.19058,69.73998165682
DJED,DJED,2025-02-04T00:00:00.000Z,2025-02-04,5549575.633051,5465300.377723325,4731825.581719,4659997.615899016,817750.051332,805302.7618243084,40025.358293,39246.35349512526,4117.804044,4055.43663641595,1288.290626,1267.367756659692,0.339040791744,0.231276605472,0.8526685701039391,172.3,170.8545746,24.55838,19.057414509
DJED,DJED,2025-02-05T00:00:00.000Z,2025-02-05,5553404.752716,5481774.894660249,4714391.846554,4653510.942933865,839012.906162,828263.9517263843,26570.036146,26325.33898050002,4097.480092,4045.172500909441,2566.627311,2548.973906681803,0.337613844104,0.22929204862,0.8489304979448025,150,146.91194,4.47378,3.35851430598
DJED,DJED,2025-02-06T00:00:00.000Z,2025-02-06,5576136.611308,5499200.214718637,4701914.761925,4637047.26658127,874221.849383,862152.9481373673,31441.710042,30800.10261791088,3880.233706,3827.824547345102,9690.333573,9463.266557735951,0.3354371952708333,0.22627834183333334,0.8432212640007499,148.075124,145.681662555952,17.86064,12.8702432292
DJED,DJED,2025-02-07T00:00:00.000Z,2025-02-07,5610219.80976,5570332.126265274,4633339.254043,4600143.59195313,976880.555717,970188.5343121438,26540.400192,26418.33509272791,3900.918761,3875.006130390725,1780.970631,1772.7737137576348,0.328892443832,0.217367341108,0.8259740313310657,19,18.815526,6.69774,4.8808552331
DJED,DJED,2025-02-08T00:00:00.000Z,2025-02-08,5792714.227538001,5822851.511284862,4598424.117061,4622329.720294876,1194290.110477,1200521.7909899852,26187.199339,26361.974193317,3850.405125,3870.513357586859,2365.555883,2369.630930425924,0.3167669317782609,0.20117685676086958,0.7938485579943865,286.220286,288.406337931646,13.4041,9.32960646832
DJED,DJED,2025-02-09T00:00:00.000Z,2025-02-09,5797978.259633999,5781848.612254984,4623829.920673,4610989.229910936,1174148.338961,1170859.3823440473,7923.257368,7875.745559364797,3793.273241,3781.50745415401,312.734997,311.716838595093,0.31813534168,0.202969501088,0.7974926190672759,411,409.03528800000004,17.89512,12.4336826396
DJED,DJED,2025-02-10T00:00:00.000Z,2025-02-10,5855308.627062,5832687.491556744,4630684.503188,4612800.661788158,1224624.123874,1219886.829768586,12946.715898,12914.57641193807,3773.204066,3755.518328303145,567.987014,564.727571361729,0.315642163568,0.19970203306,0.7908540425575118,142,140.699286,11.18014,7.83474471338
DJED,DJED,2025-02-11T00:00:00.000Z,2025-02-11,5878363.842772,5881960.934092301,4697198.3404129995,4700098.044792876,1181165.502359,1181862.8892994253,3864.472953,3862.158133701153,3943.577238,3946.265757224365,214.006977,213.878786820777,0.318726403944,0.20374985546,0.7990633483621299,739.87101,738.97345772,40.2123,31.00795441518
DJED,DJED,2025-02-12T00:00:00.000Z,2025-02-12,5882155.659664,5850033.912573209,4730398.244459,4704556.570799467,1151757.415205,1145477.3417737416,0,0,3901.70456,3879.581440947588,0,0,0.32065711033333333,0.2062974684125,0.8041949064484686,295,292.41723,8.94756,6.96950484328
DJED,DJED,2025-02-13T00:00:00.000Z,2025-02-13,5934582.834022,5907189.57010942,4754546.652449001,4732562.1392656965,1180036.181573,1174627.430843724,2756.106254,2744.042776926242,3818.673734,3802.074100441833,33.853572,33.705394915356,0.31952409523333336,0.20480304709166666,0.8011831718970448,155.59,154.30242063,6.70636,5.3056106896
DJED,DJED,2025-02-14T00:00:00.000Z,2025-02-14,5973490.0699889995,5938809.490046862,4770049.345516,4742340.332613615,1203440.724473,1196469.157433246,1531.999342,1515.86959622006,4091.78483,4069.362646523759,93.249694,92.157025890332,0.318528545804,0.203486391532,0.7985387546597792,136.22,135.10508172,11.18014,9.00214358986
DJED,DJED,2025-02-15T00:00:00.000Z,2025-02-15,5974714.061500001,5920661.873789467,4787144.3904490005,4743843.486718375,1187569.671051,1176818.3870710917,0,0,3842.466259,3808.0785304529,0,0,0.3195426116708333,0.20482314217916667,0.8012347233209285,125.00202,124.99927224176,8.93894,7.14654220502
DJED,DJED,2025-02-16T00:00:00.000Z,2025-02-16,5988479.968645,5895076.408849174,4792466.943778,4717716.111925467,1196013.024867,1177360.2969237072,4955.466946,4866.66497832768,3934.634927,3873.955337240359,509.799069,500.66346968352,0.3191837785875,0.2043494336375,0.8002811118905048,9.5,9.404472,4.46516,3.4947914288
DJED,DJED,2025-02-17T00:00:00.000Z,2025-02-17,5994014.127896,5934954.931088558,4789575.953404999,4742355.678509594,1204438.174491,1192599.2525789647,5774.93637,5716.49169552138,3930.451734,3891.573887828006,139.512907,138.206971394205,0.318724632288,0.203744488248,0.7990602731617225,87.6,87.2271024,15.65392,12.69345891618
DJED,DJED,2025-02-18T00:00:00.000Z,2025-02-18,5990604.496591001,5862198.489988692,4805391.883772001,4702023.126870181,1185212.612819,1160175.363118511,1501.819512,1478.613366241792,3959.266325,3875.563637388198,162.45597,162.108799873964,0.319900468872,0.205303658356,0.8021813811904425,347.736734,338.829792965008,35.75576,27.97701211686
DJED,DJED,2025-02-19T00:00:00.000Z,2025-02-19,5915696.918672999,5790112.00172617,4823750.537884,4721437.87008594,1091946.380789,1068674.1316402305,115.588456,110.888513790584,4124.042912,4036.935226888192,115.588456,110.888513790584,0.32489086516,0.211938345708,0.8154183964684046,20,20.14,13.39548,10.37502698316
DJED,DJED,2025-02-20T00:00:00.000Z,2025-02-20,5896830.142446,5893181.284975329,4829066.869472,4826193.615825971,1067763.272974,1066987.6691493585,0,0,4047.070242,4045.123522640303,0,0,0.326282025332,0.213840404908,0.8190802254220231,20,20,2.23258,1.76175343638
DJED,DJED,2025-02-21T00:00:00.000Z,2025-02-21,5764003.816568,5749734.45943256,4817234.617896,4805530.480287463,946769.198672,944203.9791450966,102776.652803,102673.84216492846,4115.833916,4106.711590660153,58027.287203,57980.111660131886,0.332604560992,0.222397495148,0.8357694020224457,773.5,767.9192125,24.57562,19.4866156443
DJED,DJED,2025-02-22T00:00:00.000Z,2025-02-22,5842695.895262,5797669.209231759,4805314.263882,4768281.608587794,1037381.63138,1029387.6006439653,5458.020736,5440.382125290838,4144.679113,4112.34093469849,101.800161,101.466990904719,0.3275494440423077,0.21551397348461537,0.8224481797722668,22.6,22.3182436,13.39548,10.30554909356
DJED,DJED,2025-02-23T00:00:00.000Z,2025-02-23,5827057.5393159995,5768480.714601973,4807434.049914,4759126.502551938,1019623.489402,1009354.2120500349,165.811352,163.493972544448,4061.527725,4020.665585995356,151.610701,149.491789842824,0.328526475448,0.216836676144,0.8250269868212371,4,3.96824,2.23258,1.7351835018
DJED,DJED,2025-02-24T00:00:00.000Z,2025-02-24,5772626.467921,5677791.964541737,4820236.782953,4741018.087471969,952389.684968,936773.8770697671,39602.083419,38663.22358239935,4207.912141,4137.333142863066,11007.418916,10731.462936709382,0.332333695216,0.222024036132,0.8350580985279469,211,207.296022,6.71498,4.97841668618
DJED,DJED,2025-02-25T00:00:00.000Z,2025-02-25,5550473.531036001,5465611.911582895,4773265.36717,4699989.9074917985,777208.163866,765622.0040910959,220424.371349,218034.69534609956,4187.641315,4122.323519002703,6311.211828,6263.768082139929,0.341891933712,0.235314842652,0.8600985710075254,1456.3,1432.0813968,40.2123,26.69764528474
DJED,DJED,2025-02-26T00:00:00.000Z,2025-02-26,5430085.507423,5343338.532472159,4698254.471915,4623145.348395371,731831.035508,720193.1840767879,40195.554617,39320.733889834984,4062.227332,3995.816767641393,175.916581,171.921387028205,0.34384827148333336,0.23801143771666666,0.8652363525533971,73,71.619131,17.86064,11.97257639312
DJED,DJED,2025-02-27T00:00:00.000Z,2025-02-27,5418626.701859,5369420.621241475,4603448.06628,4561324.266295148,815178.635579,808096.3549463277,330798.868398,334596.1902719213,4024.070868,3986.931000946878,64954.171448,64026.943643257335,0.337863208932,0.229682461636,0.8495604613973338,1950.796128,1920.080730675552,24.55838,16.15160894032
DJED,DJED,2025-02-28T00:00:00.000Z,2025-02-28,5403815.738545,5373944.70376574,4561311.280382,4535940.293528561,842504.458163,838004.4102371793,50443.968695,49997.35885050475,3972.501324,3949.982029594435,3566.54157,3533.639827209372,0.335823684356,0.226839738876,0.844220945487362,603.57,599.31178754,20.10184,12.19047436506
DJED,DJED,2025-03-01T00:00:00.000Z,2025-03-01,5414618.835648,5418973.236904348,4570318.288779,4573971.546051122,844300.546869,845001.6908532256,4247.056479,4321.360552131,4076.782715,4081.804419368225,852.458252,862.294098118,0.335761003252,0.22672553362,0.844071205192274,212.47,213.081404,26.79958,17.20685492768
DJED,DJED,2025-03-02T00:00:00.000Z,2025-03-02,5334609.230772999,5393042.514814687,4592308.336448999,4643707.235834575,742300.894324,749335.2789801119,36542.551998,37515.11028586873,4167.841947,4224.393302718579,1910.459056,1952.33544716682,0.360820673964,0.249623655228,0.8614724225619621,879.382732,910.543909641916,82.6227,79.7859980319
DJED,DJED,2025-03-03T00:00:00.000Z,2025-03-03,5148377.485462,5231527.018108647,4611155.956769,4685834.9915590035,537221.528693,545692.026549644,55253.027418,57020.202297799,4626.96123,4707.76477253329,510.01213,526.26710343,0.377706947988,0.270967671592,0.8957341872445834,294.8,300.20008,33.49732,33.43020279222
DJED,DJED,2025-03-04T00:00:00.000Z,2025-03-04,5162121.586509999,5133228.991061237,4584788.202528999,4559318.94122182,577333.383981,573910.049839417,58246.941479,58879.76202462008,4086.716227,4067.843208445711,308.194184,309.952786119011,0.35267072951304346,0.2505943354304348,0.8881810546658722,225.9637,225.862426,24.55838,21.09246252834
DJED,DJED,2025-03-05T00:00:00.000Z,2025-03-05,5084355.605997,5125921.329956894,4542878.10261,4580008.687562713,541477.503387,545912.6423941802,27240.281762,27620.04345132088,4279.597122,4314.579627620069,1145.387791,1152.290348429506,0.35472346843636365,0.2535570649181818,0.8935010052835152,244.16,245.40049939,51.34934,50.19891161922
DJED,DJED,2025-03-06T00:00:00.000Z,2025-03-06,5128802.773154001,5119338.745976054,4555328.995036,4546998.974337423,573473.778118,572339.7716386307,9169.599271,9187.05313537,4177.611055,4169.550898613832,2964.800932,2970.77533287064,0.3526841333857143,0.25061532713333334,0.8882149182147477,101.2,101.4315,11.1629,10.51378183016
DJED,DJED,2025-03-07T00:00:00.000Z,2025-03-07,5146172.323552,5114790.4591893675,4558641.683941,4530856.415191776,587530.639611,583934.043997591,31172.232617,30866.677854233727,4265.039701,4239.059559922841,271.626976,269.155279927315,0.3517711424681818,0.24929876771363638,0.8858481588047893,372.821246,370.532528637712,35.72128,30.45262338832
DJED,DJED,2025-03-08T00:00:00.000Z,2025-03-08,5165250.694995001,5141689.96361444,4564659.747191001,4543813.455795249,600590.947804,597876.5078191903,12599.491378,12519.86631248616,4071.772535,4053.160078721992,306.095039,307.782963153437,0.3509571394,0.24812681117142857,0.883737019297611,50,49.60865,6.69774,5.44114127732
DJED,DJED,2025-03-09T00:00:00.000Z,2025-03-09,5148820.030071999,5081347.69062244,4542631.884819999,4483030.475572531,606188.145252,598317.2150499086,55203.349839,54450.83116011976,4344.431465,4288.107115903892,3828.944443,3784.740018781047,0.3503955759681818,0.24732746506363637,0.8822757171440381,38.5,38.021477999999995,11.1629,8.88987458072
DJED,DJED,2025-03-10T00:00:00.000Z,2025-03-10,5155245.5423449995,5085705.035475302,4488134.578798,4427553.176792614,667110.963547,658151.8586826877,47576.352371,46790.14143880936,3989.536096,3935.670837105569,1076.244502,1060.275692580565,0.3459061313047619,0.24091965814761904,0.8706025140910347,442.778868,433.70134796586,37.95386,26.60465566416
DJED,DJED,2025-03-11T00:00:00.000Z,2025-03-11,5226171.469521,5234515.9735763,4450660.120494,4457574.953715909,775511.349027,776941.0198603906,28888.464446,28986.235832335246,3907.750466,3913.727334770208,774.705915,785.125460234224,0.33866569414285713,0.2307668671952381,0.8516795779810882,130,130.3572,6.70636,4.70945617888
DJED,DJED,2025-03-12T00:00:00.000Z,2025-03-12,5237574.338521,5228712.456297629,4444029.661834,4436483.82212718,793544.676687,792228.6341704488,3920,3902.13656,4162.697465,4155.337230980199,155.78204,155.07214124372,0.3374578625818182,0.22907986602727273,0.8485193437400332,37,36.876859,8.93032,6.65828807882
DJED,DJED,2025-03-13T00:00:00.000Z,2025-03-13,5224763.1746539995,5207454.1658766745,4449167.124275,4434431.156228223,775596.050379,773023.0096484512,491.199357,489.749827697493,3996.270228,3982.886940418162,71.858799,71.646743684151,0.33861520164285713,0.23068036684761906,0.8515560018998882,4.3,4.2832683,4.46516,3.19866425018
DJED,DJED,2025-03-14T00:00:00.000Z,2025-03-14,5269762.588528,5275643.768460728,4455854.351864,4460795.640208372,813908.236664,814848.128252356,350,349.8075,3888.234189,3892.528025063931,350,349.8075,0.3363262587904762,0.22750646933809524,0.8455547474538014,100,100.3765,4.47378,3.2035755038
DJED,DJED,2025-03-15T00:00:00.000Z,2025-03-15,5273620.514923,5312647.361769149,4462326.494977,4495359.815398786,811294.019946,817287.5463703626,1982.927932,2018.620634776,3987.864957,4016.8921013742,4.111452,4.185458136,0.33655709470952383,0.22782529235714286,0.8461606369309745,10.67,10.83206,4.46516,3.33692346442
DJED,DJED,2025-03-16T00:00:00.000Z,2025-03-16,5278231.406338001,5257465.842954012,4464030.342105,4446407.262248604,814201.064233,811058.5807054077,4230.147622,4168.670886609474,4174.010527,4156.379876791761,1162.562447,1145.666926957749,0.33640231472272725,0.22761322762272726,0.8457534600498988,2.5,2.4601175,2.23258,1.56209603956
DJED,DJED,2025-03-17T00:00:00.000Z,2025-03-17,5298756.611835,5333358.020869645,4463594.281764,4492714.412054909,835162.330071,840643.6088147362,1494.75889,1503.196187802,3883.749927,3909.067933916,130.595168,131.270990223,0.33512114749047617,0.22584372815714285,0.8423906960445061,0,0,0,0
DJED,DJED,2025-03-18T00:00:00.000Z,2025-03-18,5272617.395864001,5229371.850531496,4465889.881005,4429242.061693971,806727.514859,800129.7888375251,1559.333167,1557.086936386897,4087.4208,4053.873000509431,301.284635,301.0305884228,0.3368830261863636,0.2282801068,0.8470136433306424,0,0,0,0
DJED,DJED,2025-03-19T00:00:00.000Z,2025-03-19,5255691.291166999,5272752.906612538,4468246.4794769995,4482858.614739333,787444.81169,789894.2918732046,0,0,4012.253899,4026.166669643309,0,0,0.3380947602904762,0.22996042562857144,0.8501905689219609,0,0,0,0
DJED,DJED,2025-03-20T00:00:00.000Z,2025-03-20,5275119.243354,5278496.574573514,4475332.882622,4478188.481991058,799786.360732,800308.092582456,0,0,3915.533633,3918.027937463387,0,0,0.33740671454285714,0.22900281647142856,0.8483885173429817,66.506268,66.410816804,11.17152,8.1313226318
DJED,DJED,2025-03-21T00:00:00.000Z,2025-03-21,5246348.949364,5224455.203539961,4482148.310499,4463449.267409004,764200.638865,761005.9361309569,0,0,4131.854633,4114.618039403702,0,0,0.33968167017727274,0.23216791720454547,0.8543474345993639,2.4,2.3923032,4.46516,3.20350225104
DJED,DJED,2025-03-22T00:00:00.000Z,2025-03-22,5277566.3866,5260001.35360033,4486279.949237,4471310.4351091925,791286.437363,788690.9184911373,0,0,4028.439391,4014.300897877408,0,0,0.3380545606285714,0.22990483231904763,0.8500850929266162,20,19.9047,2.2412,1.575978222
DJED,DJED,2025-03-23T00:00:00.000Z,2025-03-23,5299510.543714,5303637.3182951575,4491213.809629,4494716.629090875,808296.734085,808920.6892042824,62.159999,62.657278992,4113.827193,4117.039378343901,0.643613,0.648761904,0.33705906835454547,0.2285200320090909,0.8474774335439275,0,0,0,0
DJED,DJED,2025-03-24T00:00:00.000Z,2025-03-24,5333858.828449,5343739.097273792,4495141.317981,4503450.802448351,838717.510468,840288.2948254412,0,0,4005.606723,4013.198271660315,0,0,0.3352614298666667,0.2260365672047619,0.8427593933907827,10,9.99858,2.23258,1.6330094781
DJED,DJED,2025-03-25T00:00:00.000Z,2025-03-25,5283817.011061999,5277878.152522729,4497890.795841999,4492778.6548349615,785926.21522,785099.4976877669,12856.649199,12737.8114067974,3944.825701,3940.298741019243,3373.196441,3340.175801707912,0.3385361597,0.23058818274285714,0.8513394560084889,37,36.898482,15.63668,11.51188300154
DJED,DJED,2025-03-26T00:00:00.000Z,2025-03-26,5244364.522051,5232126.657945827,4496629.664939,4486142.584481669,747734.857112,745984.0734641581,0,0,4253.986038,4243.421233426742,0,0,0.3408560644454545,0.23380586501818182,0.857421433237667,48.12,47.94714702,20.09322,15.04699310114
DJED,DJED,2025-03-27T00:00:00.000Z,2025-03-27,5265697.984084001,5246917.78841541,4502439.202623,4486375.556107171,763258.781461,760542.2323082383,0,0,4061.029699,4046.149798305457,0,0,0.33995018075714284,0.23254009836666667,0.8550515027155625,11,10.97371,2.23258,1.64926489308
DJED,DJED,2025-03-28T00:00:00.000Z,2025-03-28,5271240.879921,5226666.918331038,4506541.121812,4468448.080535723,764699.758109,758218.8377953148,0,0,4063.788903,4030.347360142076,0,0,0.33990428786190474,0.23247624201904762,0.8549312964120357,0,0,0,0
DJED,DJED,2025-03-29T00:00:00.000Z,2025-03-29,5281046.446572,5248698.251027316,4507980.285018,4480365.425569376,773066.161554,768332.8254579394,190239.98249,189504.1602041012,3965.613498,3941.334400015162,21024.639553,20941.90102357533,0.3394054325761905,0.23178223299047618,0.8536245969048001,1869.938848,1863.139750348672,2.23258,1.5029393673
DJED,DJED,2025-03-30T00:00:00.000Z,2025-03-30,5286268.949196,5213088.988514188,4510172.203101,4447696.186759374,776096.746095,765392.801754814,1270.22561,1245.73184956237,4249.610143,4190.270295272774,121.119854,118.784299855318,0.33923909255454543,0.23154918686818182,0.853189759243156,0,0,0,0
DJED,DJED,2025-03-31T00:00:00.000Z,2025-03-31,5257372.275063,5175290.687264946,4499925.765469,4429697.346600676,757446.509594,745593.3406642707,35616.065252,35374.00172021144,4065.654092,4002.546905168339,3147.082873,3125.75802622857,0.3402893376666667,0.2330162530047619,0.8559375825106428,10,9.88375,2.23258,1.43501535338
DJED,DJED,2025-04-01T00:00:00.000Z,2025-04-01,5312882.756759,5277267.50506761,4488623.829735,4458481.996374242,824258.927024,818785.508693368,6415.453395,6432.360033320139,3549.016341,3525.790118481145,6342.729996,6359.868912856545,0.33607186304285713,0.22716086095714286,0.8448839407096043,0,0,0,0
DJED,DJED,2025-04-02T00:00:00.000Z,2025-04-02,5270133.672189999,5227641.808363702,4473509.559946,4437088.930143098,796624.112244,790552.8782206037,8399.98285,8305.950433532882,3556.89292,3527.445764408016,3624.939906,3610.129883093762,0.3386769391380952,0.23057926638095239,0.8498936982588444,50.5,49.8405915,13.39548,9.04304966194
DJED,DJED,2025-04-03T00:00:00.000Z,2025-04-03,4992697.856554,4881049.564652908,4480958.16869,4380704.707846716,511739.687864,500344.8568061912,4577.647536,4435.684298587012,3760.590117,3677.173518287454,1664.555152,1630.819757325948,0.3587687753,0.25761016594761904,0.897512173186169,101.5,98.4090205,4.47378,2.8666640106
DJED,DJED,2025-04-04T00:00:00.000Z,2025-04-04,5062695.7712159995,4989823.897492386,4480030.625538,4415552.558505182,582665.145678,574271.3389872047,8855.40056,8730.904884685255,3693.652514,3640.691877635223,6974.233234,6878.698129669025,0.3514124541095238,0.24877988118571429,0.8849192016003585,45,44.44794,2.2412,1.4865252064
DJED,DJED,2025-04-05T00:00:00.000Z,2025-04-05,5132465.5578769995,5047953.717381307,4479686.801247,4405901.142421297,652778.75663,642052.5749600102,2709.621668,2669.004109365978,3651.695756,3591.564590516064,577.145577,567.587111860554,0.3467600611142857,0.24213234629523808,0.8728261178380539,0,0,0,0
DJED,DJED,2025-04-06T00:00:00.000Z,2025-04-06,5147666.452836,5048725.174819744,4464683.024633001,4378864.328927061,682983.428203,669860.8458926833,82350.212976,80167.36740834077,3536.74943,3468.746741007565,5712.089606,5497.574849262806,0.3446513892761905,0.23914329076190477,0.8673322666989008,81,78.480171,2.2412,1.31065376
DJED,DJED,2025-04-07T00:00:00.000Z,2025-04-07,5059731.467526,4924597.489506638,4373643.791957,4256896.238003881,686087.675569,667701.2515027571,57524.120722,55961.055681061356,3719.245299,3619.751283391154,16949.796634,16424.038147932468,0.34353108531818183,0.23757071064545454,0.8644052324166089,1145,1118.1758450000002,13.4041,7.72203044676
DJED,DJED,2025-04-08T00:00:00.000Z,2025-04-08,5042703.9940990005,4975969.293850874,4429526.709041,4370909.295645786,613177.285058,605059.9982050868,0,0,3663.868848,3615.529571919439,0,0,0.34892560263809524,0.24522696331904761,0.8784548506815831,27,26.677794,8.93032,5.30425733236
DJED,DJED,2025-04-09T00:00:00.000Z,2025-04-09,5020685.520211,4958655.265587077,4419339.920089,4364704.3295715805,601345.600122,593950.9360154965,211412.403274,208308.53089377625,3668.462675,3623.313652679077,29620.574852,29149.04686179957,0.34959943184285713,0.2461910693809524,0.880205653056233,192.507338,190.654602802766,15.67116,9.45619286646
DJED,DJED,2025-04-10T00:00:00.000Z,2025-04-10,4880434.57373,4784693.767610163,4186398.195165,4104195.0926706847,694036.378565,680498.6749394785,180040.22779,176438.10405660747,3401.70611,3335.320454925431,916.69771,895.492619822522,0.3409918787,0.23400606238571428,0.8577711749540934,45,44.25948,8.93894,5.47137321202
DJED,DJED,2025-04-11T00:00:00.000Z,2025-04-11,4863983.84107,4815087.073571178,4066207.254504,4025361.5127789825,797776.586566,789725.5607921958,12944.41008,12911.57011162704,3160.410831,3128.690013508619,187.871459,187.394829108517,0.33268824058095237,0.2225036448047619,0.8359940949899968,40,39.93448,2.2412,1.3903530732
DJED,DJED,2025-04-12T00:00:00.000Z,2025-04-12,4807333.7256579995,4763593.650025174,4037992.199586,4001340.5290549295,769341.526072,762253.1209702449,49373.095267,48805.99887475805,3373.637388,3342.477930541324,444.01406,439.68701408009,0.33421696884090907,0.22460526420454546,0.8400118961701312,17.6,17.4604,11.1629,7.19179209336
DJED,DJED,2025-04-13T00:00:00.000Z,2025-04-13,4749300.166673,4693391.182251183,4011431.449618,3964205.8802597006,737868.717055,729185.3019914824,5496.284451,5399.527859524596,3224.375725,3186.538528443543,2332.961681,2291.892223567676,0.3359762825714286,0.22702243651904763,0.8446364944587116,14.9,14.6380856,8.93032,5.79801472516
DJED,DJED,2025-04-14T00:00:00.000Z,2025-04-14,4758385.269613,4704540.74335425,4017815.079392,3972351.4213980655,740570.190221,732189.321956184,100,98.8162,3228.346835,3191.238536657521,100,98.8162,0.33587303747619046,0.22687983093809524,0.8443655041803829,74,73.603008,11.17152,7.14074595324
DJED,DJED,2025-04-15T00:00:00.000Z,2025-04-15,4758843.550903,4714993.060427605,4024241.526828,3987141.8908138196,734602.024075,727851.1696137853,0,0,3238.410892,3208.372684804523,0,0,0.33635678315714285,0.22754829772857144,0.8456350436423455,0,0,0,0
DJED,DJED,2025-04-16T00:00:00.000Z,2025-04-16,4751594.185022,4694029.735532818,4025166.053342,3976399.9505009484,726428.13168,717629.7850318704,279.098679,278.266406739222,3173.071122,3134.627263456436,42.025009,41.899690423162,0.33692252039523807,0.2283309186904762,0.8471193045673936,0,0,0,0
DJED,DJED,2025-04-17T00:00:00.000Z,2025-04-17,4773491.005464,4715651.853003059,4028917.38868,3980093.564882257,744573.616784,735558.2881208011,99.465704,98.420418916664,3393.194924,3351.487869298087,19.641552,19.435138930032,0.33574176284545454,0.2266988265,0.8440207748155384,21.63,21.40017183,4.46516,2.78669296052
DJED,DJED,2025-04-18T00:00:00.000Z,2025-04-18,4802627.550016,4746238.009510495,4035710.30313,3988335.712804598,766917.246886,757902.2967058971,0,0,3235.644284,3197.788045746839,0,0,0.33433010604761904,0.2247537482952381,0.8403130186978113,90,89.9361,2.2412,1.4017966404
DJED,DJED,2025-04-19T00:00:00.000Z,2025-04-19,4823980.630114,4809681.867680581,4052421.522405,4040382.261763359,771559.107709,769299.605917222,0,0,3248.163559,3237.744220474966,0,0,0.3342346066761905,0.22462297555714286,0.8400617516773964,105.5,104.821437,8.93894,5.64011759932
DJED,DJED,2025-04-20T00:00:00.000Z,2025-04-20,4863770.806189,4873295.543494932,4059377.323386,4067355.2129736315,804393.482803,805940.3305213012,0,0,3236.479123,3242.352622250664,0,0,0.33216596625714284,0.2217873309142857,0.8346205532018783,0,0,0,0
DJED,DJED,2025-04-21T00:00:00.000Z,2025-04-21,4849378.874925001,4854460.38707101,4062600.390043,4066825.2004764816,786778.484882,787635.1865945286,0,0,3247.580034,3251.305387832939,0,0,0.3333597614857143,0.22342207162380953,0.8377615271242035,2.86,2.83985416,2.23258,1.39211856126
DJED,DJED,2025-04-22T00:00:00.000Z,2025-04-22,4848124.095589,4852572.468166011,4068312.301288,4072051.8747296007,779811.794301,780520.593436411,0,0,3257.317673,3260.925673119898,0,0,0.3338894119809524,0.2241485296,0.839154452593554,26.62,26.62,2.23258,1.40523496876
DJED,DJED,2025-04-23T00:00:00.000Z,2025-04-23,4979647.809591,4979479.796769537,4073612.2406900004,4073037.677452566,906035.568901,906442.1193169714,4240.482687,4241.984979795,3200.352163,3199.844908076636,1900.80547,1900.89009076,0.3260246518952381,0.21353022342380953,0.8183803347150028,52.81,52.5666961,15.62806,10.88109705466
DJED,DJED,2025-04-24T00:00:00.000Z,2025-04-24,5106324.19656,5106786.838626632,4085536.467332,4085895.45602575,1020787.729228,1020891.382600882,0,0,3290.071889,3289.826557415627,0,0,0.31911421949545454,0.2042587509318182,0.8000956392424011,181.8017,181.9519114,20.11908,14.23624918998
DJED,DJED,2025-04-25T00:00:00.000Z,2025-04-25,5106136.708091,5084333.734108406,4097634.496774,4080107.020124537,1008502.211317,1004226.7139838688,0,0,3160.476747,3147.226825492503,0,0,0.32001801466190477,0.20545218835238097,0.8024973424983494,4.4,4.397624,4.46516,3.21367835068
DJED,DJED,2025-04-26T00:00:00.000Z,2025-04-26,5061571.3481910005,5004752.84478618,4098374.338246,4052377.907487182,963197.009945,952374.9372989979,3616.761877,3594.413082724913,3188.159991,3152.502902266276,374.408106,372.031091350774,0.32273377243333334,0.20905554986666666,0.8097047650277764,13.53,13.40158677,2.23258,1.60553981378
DJED,DJED,2025-04-27T00:00:00.000Z,2025-04-27,5058870.885695,4978834.821528259,4100582.070653,4035708.767421525,958288.815042,943126.0541067338,411,407.222499,3120.670648,3071.314467478182,1.836349,1.819471116341,0.3230617792904762,0.20949278483333333,0.8105741816398273,19,18.626459,6.69774,4.67338380628
DJED,DJED,2025-04-28T00:00:00.000Z,2025-04-28,5088933.770886,5059616.726673896,4106020.9349410003,4082335.473989568,982912.835945,977281.2526843284,57.476899,57.390626174601,3188.608055,3170.846813836476,57.476899,57.390626174601,0.32166139001904764,0.20763029288571427,0.8068600235144637,65,64.129365,4.47378,3.07615748254
DJED,DJED,2025-04-29T00:00:00.000Z,2025-04-29,5112714.72405,5141514.481558382,4112558.566892,4135630.8757288354,1000156.157158,1005883.6058295461,69.998542,70.850521588,3259.900329,3278.120117969379,12.916432,13.067737052,0.3207317180545455,0.20639835088181818,0.8043918916665396,7.85,7.9599,2.23258,1.59040515396
DJED,DJED,2025-04-30T00:00:00.000Z,2025-04-30,5123107.601383001,5105335.778570893,4120583.684346,4106268.8197827656,1002523.917037,999066.9587881278,43.783711,43.745575387719,3191.234941,3180.779252174757,43.783711,43.745575387719,0.3207035262904762,0.2063597278238095,0.8043177284518218,103.95,102.21120705,11.18876,7.58756731674
DJED,DJED,2025-05-01T00:00:00.000Z,2025-05-01,5149410.087951,5171483.5397018315,4128525.869867,4146214.2909016134,1020884.218084,1025269.2488002178,3134.396594,3147.341015647,3115.621618,3128.964242601945,1418.545957,1425.725337121,0.31973792856666666,0.20508211977142857,0.8017531745714375,15,15.03,2.23258,1.54641216506
DJED,DJED,2025-05-02T00:00:00.000Z,2025-05-02,5153773.415038,5153825.070603075,4126355.117113,4126400.8645288544,1027418.297925,1027424.2060742212,5098.471593,5136.849454901675,3332.501157,3333.13995975879,13.449526,13.4081907213,0.31932222104545455,0.2045323501409091,0.8006489447662347,0,0,0,0
DJED,DJED,2025-05-03T00:00:00.000Z,2025-05-03,5161861.09648,5178580.504024384,4129118.623404,4142465.7762324493,1032742.473076,1036114.7277919343,0,0,3182.768376,3193.244407574391,0,0,0.31905353665714287,0.20417894791904762,0.7999342073222835,0,0,0,0
DJED,DJED,2025-05-04T00:00:00.000Z,2025-05-04,5131531.14729,5102049.0548157375,4133904.347466,4110160.216239596,997626.799824,991888.8385761417,0,0,3131.636921,3113.652486391846,0,0,0.3211825026904762,0.20699334714285714,0.8055899216319296,35,34.90538,4.46516,3.08404805814
DJED,DJED,2025-05-05T00:00:00.000Z,2025-05-05,5133804.069771,5084450.9500784995,4139627.117126,4099818.589808208,994176.952645,984632.3602702919,0,0,3362.148349,3329.486801264571,0,0,0.32146927495454547,0.20737446550454544,0.8063506609391973,10,9.870995,4.46516,2.99440550598
DJED,DJED,2025-05-06T00:00:00.000Z,2025-05-06,5142081.548199,5089085.063723512,4143293.8713640003,4100598.048454774,998787.676835,988487.015268738,10204.394373,10127.459443280948,3213.951118,3181.177771482076,4367.88896,4327.25501995188,0.3212499383952381,0.20708405038571429,0.805768230293943,29.28,28.84584528,8.93032,5.84040918678
DJED,DJED,2025-05-07T00:00:00.000Z,2025-05-07,5140498.970553,5116537.415991328,4137930.945323,4118425.5743714096,1002568.02523,998111.841619918,1614.395344,1600.736144059384,3132.459151,3117.560659330674,21.95836,21.72333084616,0.3209620588238095,0.20670820101904763,0.8050009237296466,0,0,0,0
DJED,DJED,2025-05-08T00:00:00.000Z,2025-05-08,5172762.79707,5190721.577802894,4140482.784967,4154828.406779356,1032280.012103,1035893.1710235382,569.227314,568.290365841156,3196.315319,3207.688160788867,10.123626,10.106962511604,0.3192484951333333,0.2044372866857143,0.8004517951898209,61.55,62.20085,4.46516,3.34153374212
DJED,DJED,2025-05-09T00:00:00.000Z,2025-05-09,5224212.037549,5298041.848106816,4141643.074716,4200230.022719345,1082568.962833,1097811.8253874718,33456.257045,33817.128476452,2869.199074,2908.222600558,2286.983497,2297.130298692,0.3163665730285714,0.20065064968571428,0.7927833392004618,20.3,20.5769,11.1629,8.64228145872
DJED,DJED,2025-05-10T00:00:00.000Z,2025-05-10,5214039.881168,5248739.181817531,4125320.844153,4152744.296080832,1088719.037015,1095994.8857366985,0,0,3367.753768,3389.415146689575,0,0,0.31577350881666666,0.1998756397,0.7912029813950944,100.3,101.3353,8.93032,7.30173326288
DJED,DJED,2025-05-11T00:00:00.000Z,2025-05-11,5200475.468441,5218227.956833453,4133173.9896219997,4147269.9469958376,1067301.478819,1070958.0098376155,2198.892454,2200.527338908,2876.218151,2886.422125610603,51.253041,51.244484608009,0.31711201084,0.20162504462,0.7947695888278519,25.73,25.91274,8.93032,7.25088625338
DJED,DJED,2025-05-12T00:00:00.000Z,2025-05-12,5211888.9264940005,5298698.319376944,4129211.183639,4198015.778783332,1082677.742855,1100682.5405936125,18425.693463,18889.751463,3382.959873,3438.632831115,385.359355,395.232762367,0.3161736386,0.20039706398333335,0.7922700090234104,10,10.05,2.23258,1.84242994726
DJED,DJED,2025-05-13T00:00:00.000Z,2025-05-13,5196394.030808,5211157.287330886,4119549.371958,4131335.5300429463,1076844.65885,1079821.7572879402,35872.324792,36326.58942876327,3376.502408,3385.587181978454,742.784916,740.365534375268,0.31636314095,0.20064477445,0.7927749437935036,0,0,0,0
DJED,DJED,2025-05-14T00:00:00.000Z,2025-05-14,5211021.918385,5235359.872651032,4091336.305911,4110417.7377328733,1119685.612474,1124942.1349181586,0,0,2829.362208,2841.959981230286,0,0,0.31349779774,0.1969108498,0.7851339145491416,47.47,47.31713253,11.1629,9.21848133318
DJED,DJED,2025-05-15T00:00:00.000Z,2025-05-15,5209341.215554,5180547.797296716,4096100.3206599997,4073617.846671398,1113240.894894,1106929.9506253179,52328.41,51647.46040067,3345.644118,3326.330497187912,6504.84631,6420.19874496797,0.3139505732,0.19750581901666667,0.7863386633418142,35,34.433455,4.46516,3.3997951498
DJED,DJED,2025-05-16T00:00:00.000Z,2025-05-16,5244891.686449,5229160.3843879765,4049321.874723,4037174.3557896204,1195569.811726,1191986.028598356,0,0,3258.922194,3248.9105891485,0,0,0.30860760225,0.19061033216666667,0.7720542558615927,0,0,0,0
DJED,DJED,2025-05-17T00:00:00.000Z,2025-05-17,5242197.587808,5217678.748185289,4048570.3947610003,4029640.2228893596,1193627.193047,1188038.5252959293,9498.126788,9535.821677051572,2691.764406,2679.756618842507,913.978864,917.633201355572,0.30870078106,0.19072895324,0.7723042523785554,25.5,25.4941146,6.69774,5.00872178744
DJED,DJED,2025-05-18T00:00:00.000Z,2025-05-18,5251398.700105,5225384.3540203255,4048197.540077,4028113.8436933616,1203201.160028,1197270.5103269634,0,0,3252.398783,3236.921934198406,0,0,0.30817032581666665,0.1900510428,0.770882469279902,0,0,0,0
DJED,DJED,2025-05-19T00:00:00.000Z,2025-05-19,5264974.455824001,5208595.006726708,4070828.3011040003,4027197.665046082,1194146.15472,1181397.341680626,105,104.34207,2705.096126,2676.135606147007,85.852297,85.314346506998,0.30903254746,0.19115474246,0.7731925145979153,271,268.052205,8.93032,6.63202177512
DJED,DJED,2025-05-20T00:00:00.000Z,2025-05-20,5286068.004342,5214711.360241085,4083291.711012,4028152.4669176796,1202776.29333,1186558.8933234056,0,0,3284.333805,3239.906490744588,0,0,0.3087619612,0.19080827953333335,0.7724676171132489,25,24.513315000000002,6.69774,4.90577975622
DJED,DJED,2025-05-21T00:00:00.000Z,2025-05-21,5243033.64155,5215198.8680022,4091600.829771,4069821.638048989,1151432.811779,1145377.2299532106,1254,1244.2188,3310.959239,3292.555230779108,2.768553,2.7469582866,0.3117556201166667,0.194672517,0.7804707702185466,82.706342,81.887093729706,13.39548,9.99082005838
DJED,DJED,2025-05-22T00:00:00.000Z,2025-05-22,5191924.757661,5194195.987416939,4091894.8077169997,4093698.5656049913,1100029.949944,1100497.4218119478,4994.114276,5021.479679083402,2845.492214,2846.404616217548,1228.939726,1235.080734089804,0.31461934,0.1983681116,0.7881270373542005,69.25,68.787678,15.62806,12.37396748616
DJED,DJED,2025-05-23T00:00:00.000Z,2025-05-23,5075711.156773,5047310.983500691,4095222.820167,4072042.3378441613,980488.336606,975268.6456565302,2169.671734,2189.74399163214,3406.452119,3387.144827006505,125.289641,126.05166868042,0.3216934376166667,0.2076945779,0.8069333518006072,63.3,61.891575,4.46516,3.48844643644
DJED,DJED,2025-05-24T00:00:00.000Z,2025-05-24,5032032.530389,4955134.644632768,4107415.642926,4044653.471119688,924616.887463,910481.1735130796,0,0,3466.511556,3413.314266517573,0,0,0.3252077110166667,0.2123631045,0.8162569380553035,61.3,60.2405186,6.69774,5.06438893716
DJED,DJED,2025-05-25T00:00:00.000Z,2025-05-25,5059803.491124,4961031.093872816,4114157.106944,4033832.557302797,945646.38418,927198.5365700194,0,0,2860.087585,2803.70552946298,0,0,0.32401842744,0.21077028914,0.8131086476891565,40,39.466229999999996,4.46516,3.32877231484
DJED,DJED,2025-05-26T00:00:00.000Z,2025-05-26,5105926.903599001,5073470.640466467,4118448.944833,4092296.1081956024,987477.958766,981174.5322708641,83.640959,83.61029144781703,3521.078473,3499.218068398804,6.247463,6.245172323280671,0.32157072125,0.20751179003333334,0.8066184264356064,0,0,0,0
DJED,DJED,2025-05-27T00:00:00.000Z,2025-05-27,5127949.5988529995,5066835.918951507,4121799.168925,4072682.02341964,1006150.429928,994153.8955318666,0,0,2909.885376,2874.790512221865,0,0,0.32050513736,0.20609569076,0.8037916537718784,15,14.88684,2.23258,1.71358775546
DJED,DJED,2025-05-28T00:00:00.000Z,2025-05-28,5121200.656793,5034359.465533079,4126642.183112,4056673.729714509,994558.473681,977685.7358185697,2000,1962.584,3443.542895,3385.2683436230623,167.890079,164.749191402068,0.32126020996666665,0.20709634665,0.8057962077132031,0,0,0,0
DJED,DJED,2025-05-29T00:00:00.000Z,2025-05-29,5123108.259905,5035645.637119283,4128726.9919640003,4058242.5648826906,994381.267941,977403.0722365925,2305.36767,2257.611316885713,3446.487505,3387.9979112453184,35.303105,34.56764134468276,0.32130035711666666,0.2071495024,0.8059028160723426,6.4222,6.368737649493142,4.46516,3.34809752732
DJED,DJED,2025-05-30T00:00:00.000Z,2025-05-30,5116170.679382,5042292.289343091,4133625.866182,4073970.0145968352,982544.8132,968322.2747462553,2715.017349,2636.1103308846423,2854.287104,2813.06968365552,1129.304883,1095.852108408463,0.3220734164,0.20817677176,0.8079536254401056,113.674216,112.12496987939626,11.1629,7.864900425316028
DJED,DJED,2025-05-31T00:00:00.000Z,2025-05-31,5083616.263979999,4967937.211676778,4142012.521504,4047745.8041924573,941603.742476,920191.4074843207,7287.016744,7144.453585964173,3493.300983,3414.3804433524306,777.091517,759.3700547505617,0.3246896321,0.21168858536666665,0.814875069895227,108.485,106.32483309438875,8.93032,5.972597150350352
DJED,DJED,2025-06-01T00:00:00.000Z,2025-06-01,5144842.142177001,5060619.362818132,4147638.9139010003,4079769.890346639,997203.228276,980849.4724714934,48.011739,47.40120010096425,3463.217311,3406.551301421558,8.049129,7.946772650069481,0.3214041853333333,0.20728814063333334,0.8061778970864422,1.2,1.1796312,2.23258,1.51415584922
DJED,DJED,2025-06-02T00:00:00.000Z,2025-06-02,5169901.320486,5077952.034481501,4253672.149079,4177990.880636656,916229.171407,899961.1538448447,178.794333,175.871403244116,3036.972834,2983.3289151823783,178.794333,175.871403244116,0.32770033832,0.21587241006,0.8227637208440364,2601.29,2543.758216713578,15.62806,10.485018613912365
DJED,DJED,2025-06-03T00:00:00.000Z,2025-06-03,5187884.355891,5129878.448863988,4413959.663489,4364620.034173657,773924.692402,765258.4146903306,0,0,3851.094911,3808.2915839881434,0,0,0.3383350123166667,0.23029060423333333,0.8508220550023232,1,0.9881640275319926,2.23258,1.55168163506144
DJED,DJED,2025-06-04T00:00:00.000Z,2025-06-04,5195684.085541001,5126795.640957234,4419041.54805,4360442.616739935,776642.537491,766353.0242172995,52.529015,51.72700199898,3181.922267,3140.3081287390296,24.522019,24.147616813908,0.33822045052,0.23013128404,0.8505219409744904,37.50323,37.0371861970178,4.6117,3.194793101875122
DJED,DJED,2025-06-05T00:00:00.000Z,2025-06-05,5657588.228205,5576753.696598575,4425232.020595,4365218.757927979,1232356.20761,1211534.9386705959,8501.251726,8355.346139559106,3757.334755,3706.25674255632,662.528074,651.2251450494916,0.3162797605166667,0.20233785283333333,0.7915771539331499,107.8,106.32419377061187,7.13736,4.572734746113823
DJED,DJED,2025-06-06T00:00:00.000Z,2025-06-06,6563414.319589,6475200.058799529,4430543.554924,4370965.840079574,2132870.764665,2104234.218719955,0,0,3201.053328,3158.1024608642183,0,0,0.2728984954,0.14737347168333334,0.6750373108250238,15,14.89062667975955,2.37912,1.575603413010094
DJED,DJED,2025-06-07T00:00:00.000Z,2025-06-07,6592708.865404,6521479.781665776,4434424.863166,4386508.062399498,2158284.002238,2134971.719266278,0,0,2709.525671,2680.1131630851683,0,0,0.27202340354,0.14637600292,0.6726258240425094,1,0.9878197432773809,2.37912,1.577690985839011
DJED,DJED,2025-06-08T00:00:00.000Z,2025-06-08,6598123.4113030005,6519028.022161588,4436802.134538,4383615.116568973,2161321.276765,2135412.9055926153,1966.481064,1932.3490188884823,3195.579472,3157.497935533988,409.659282,402.548860572837,0.27195379648333334,0.14629678663333334,0.6724339394400012,51,50.27111841582425,2.37912,1.608088617512148
DJED,DJED,2025-06-09T00:00:00.000Z,2025-06-09,6597747.960964,6519741.205389318,4442242.295001,4389732.014753667,2155505.665963,2130009.1906356514,0,0,3203.871483,3165.8831343828892,0,0,0.2722669226666667,0.14665327598333333,0.6732970542164143,30.3,30.03641452132544,4.75824,3.266500843291198
DJED,DJED,2025-06-10T00:00:00.000Z,2025-06-10,6620475.945548,6594112.905264175,4450660.328349,4432936.770216987,2169815.617199,2161176.1350471885,0,0,2648.757021,2638.6162089657164,0,0,0.27188968448,0.14622391766,0.6722571515268556,57.85,57.59345420170687,16.65384,11.763875380356499
DJED,DJED,2025-06-11T00:00:00.000Z,2025-06-11,6610819.008211999,6573219.7236337755,4454751.331894999,4429385.909661427,2156067.676317,2143833.813972348,2358.752198,2344.5119772000658,3214.137512,3196.075707893592,63.827046,63.64870124140467,0.27247113585,0.14688630193333332,0.6738596634295831,40.6,40.09200469684632,4.75824,3.364564346812532
DJED,DJED,2025-06-12T00:00:00.000Z,2025-06-12,6582549.842084,6481390.247866296,4458687.079301,4390123.016187285,2123862.762783,2091267.2316790111,0,0,2739.123205,2697.2720771945214,0,0,0.2737386572,0.14833401936,0.677350949527119,35,34.12316329719435,4.75824,3.181603903295518
DJED,DJED,2025-06-13T00:00:00.000Z,2025-06-13,6528767.309734,6400567.489630919,4464550.605109,4376928.930600398,2064216.704625,2023638.559030521,4825.766982,4716.651485475008,3258.332011,3194.82700882042,3059.34977,2983.160290306688,0.27609445481666667,0.15104195276666665,0.6838303378551094,40,39.09202846139286,4.75824,3.080761977851339
DJED,DJED,2025-06-14T00:00:00.000Z,2025-06-14,6529162.149329999,6411803.36019151,4467725.218367999,4387416.237419847,2061436.930962,2024387.122771663,202.920613,198.202001869785,3264.01917,3205.160965109231,3.363963,3.285739141818419,0.2762559778,0.15122825451666666,0.6842742420871735,4.2,4.119184392787151,2.37912,1.5141140381313
DJED,DJED,2025-06-15T00:00:00.000Z,2025-06-15,6517599.625115001,6405079.921076811,4470423.464735,4393250.860977388,2047176.16038,2011829.060099423,6762.380028,6652.013084991702,2704.818226,2658.1365257578923,593.569985,583.8824926622904,0.2768479931,0.1519122833,0.6859005873362176,1.5,1.4742648380391934,4.75824,2.994875268054816
DJED,DJED,2025-06-16T00:00:00.000Z,2025-06-16,6520183.940472,6451157.278303171,4468189.495863,4420889.983963714,2051994.444609,2030267.2943394561,5479.747587,5417.203896598376,3270.165548,3235.998150317314,1166.275026,1156.856163858532,0.2766241628666667,0.15165333381666668,0.6852858772335404,0,0,0,0
DJED,DJED,2025-06-17T00:00:00.000Z,2025-06-17,6514352.255785,6408797.214191046,4457416.355295,4385178.3768129125,2056935.90049,2023618.8373781329,22612.499328,22291.56846311564,3259.755058,3207.0760406935797,16290.474859,16085.583193592442,0.27624543961666664,0.15121593716666668,0.6842453697446879,25,24.560025546882958,4.75824,2.938098300325649
DJED,DJED,2025-06-18T00:00:00.000Z,2025-06-18,6494701.384825,6398865.618456969,4431998.770369,4366605.425101332,2062702.614456,2032260.1933556362,35189.64283,34608.11878849732,2746.679669,2705.9714996284683,11771.560316,11577.498559727694,0.27557406056,0.1504421371,0.6823999430938987,12.32349,12.12449028348,2.37912,1.4627305584
DJED,DJED,2025-06-19T00:00:00.000Z,2025-06-19,6489421.801923,6399339.708236793,4405870.09449,4344726.833859813,2083551.707433,2054612.87437698,2425.476791,2401.926822237191,3210.026721,3165.7252884498357,512.9895,508.0086703563289,0.2743128730666667,0.14899182036666667,0.6789315079611197,0,0,0,0
DJED,DJED,2025-06-20T00:00:00.000Z,2025-06-20,6502115.453922,6450191.19542497,4385294.766274,4350220.582425371,2116820.687648,2099970.6129995994,86724.986466,86499.0584595004,2638.990245,2618.060897144463,13558.999273,13454.606154430434,0.27270282922,0.14716804794,0.6744884255102549,14,13.87665202296295,2.37912,1.376608642898042
DJED,DJED,2025-06-21T00:00:00.000Z,2025-06-21,6557492.677065,6468482.8910767855,4321873.734339,4263132.677248072,2235618.942726,2205350.2138287136,8965.781077,8882.032495768888,3076.736901,3034.2093356248884,7262.570891,7179.406510862687,0.2671188259166667,0.1408427921,0.6590787898641772,3,2.998971,7.13736,4.17925259856
DJED,DJED,2025-06-22T00:00:00.000Z,2025-06-22,6506612.702983,6417794.651535691,4256505.30666,4197992.235180402,2250107.396323,2219802.4163552886,181624.672815,181312.3701872661,3033.22331,2991.300065654654,44037.396588,44135.604588469156,0.26534867288333336,0.13888410471666668,0.6541682685297066,53.5,53.26604748092002,11.8956,6.25672020744195
DJED,DJED,2025-06-23T00:00:00.000Z,2025-06-23,6462906.522853,6457789.149699512,4140634.271067,4137364.513721365,2322272.251786,2320424.635978147,2835.282097,2809.646137656851,2403.453535,2401.488785444579,71.622237,71.18415885484686,0.26048660496,0.1335103283,0.6406771721165395,13,12.978759,7.13736,3.866559881217267
DJED,DJED,2025-06-24T00:00:00.000Z,2025-06-24,6406775.974204,6349445.999388339,4143646.9721879996,4106584.321527786,2263129.002016,2242861.6778605524,0,0,2921.257015,2895.5767638775274,0,0,0.26272122811666665,0.1359811083,0.6468771873889114,16.5,16.449848353782862,16.65384,9.802129549761256
DJED,DJED,2025-06-25T00:00:00.000Z,2025-06-25,6276172.502870999,6224982.3964457065,4147668.679782,4113834.0985074686,2128503.823089,2111148.2979382384,279.999999,279.200879002854,2985.983532,2962.49540649931,9.862053,9.833906700738,0.26776236876666665,0.14156272993333333,0.6608596877027717,17.85,17.62767706107096,9.51648,5.545099468311043
DJED,DJED,2025-06-26T00:00:00.000Z,2025-06-26,6271204.55788,6183191.526214511,4151148.0991740003,4092890.2488443935,2120056.458706,2090301.2773701174,200,197.3248,2537.36698,2502.3203878590202,5.16929,5.10014557696,0.26815231588,0.1420002169,0.66193811280411,8.07,7.92661335,4.75824,2.68493684304
DJED,DJED,2025-06-27T00:00:00.000Z,2025-06-27,6310084.604042999,6235150.4901917,4162664.87465,4113226.1984854825,2147419.729393,2121924.291706218,0,0,2993.778124,2958.0224513842013,0,0,0.26733769581666667,0.14108710678333333,0.6596847720600147,103,101.85056169052564,4.75824,2.641204461354938
DJED,DJED,2025-06-28T00:00:00.000Z,2025-06-28,6321861.404754,6256625.338256095,4167328.008109,4124324.1001319704,2154533.396645,2132301.238124124,0,0,2995.19393,2964.986701008969,0,0,0.26716001273333334,0.14088806206666668,0.6591932119757945,0,0,0,0
DJED,DJED,2025-06-29T00:00:00.000Z,2025-06-29,6318367.725539,6224929.603642659,4160337.69048,4098806.641512441,2158030.035059,2126122.9621302183,19333.33436,19009.606646202617,2468.947289,2432.601301849123,1021.605399,1005.8478317021886,0.26689187936,0.14058851624,0.6584509672050037,15.6,15.4560204,7.13736,4.03253940552
DJED,DJED,2025-06-30T00:00:00.000Z,2025-06-30,6265665.82709,6205647.583795874,4154896.042105,4115072.9083171664,2110769.784985,2090574.675478708,6455.229999,6416.066118596067,2994.256305,2965.5557602202857,20.731815,20.606035078395,0.26859713388333334,0.1425074617,0.6631637706349386,26,25.620469865781335,11.8956,6.73557955465803
DJED,DJED,2025-07-01T00:00:00.000Z,2025-07-01,6220454.5250470005,6116861.020498417,4153822.848642,4084644.545697218,2066631.676405,2032216.4748011995,355.958892,348.103947130236,2491.849854,2450.6388182819323,92.997334,90.945161830622,0.27026258584,0.14437826862,0.6677684164333495,2635,2598.7994257013347,11.8956,6.558544859302872
DJED,DJED,2025-07-02T00:00:00.000Z,2025-07-02,6206455.97847,6156859.11794607,4420587.216268,4385314.885607833,1785868.762202,1771544.2323382364,0,0,3340.510143,3313.5183369201172,0,0,0.28648418775,0.16324383973333334,0.7122641365213601,40,39.70523181690396,9.51648,5.515400053893264
DJED,DJED,2025-07-03T00:00:00.000Z,2025-07-03,6178125.760319,6185622.464645815,4420002.560826,4425377.83276182,1758123.199493,1760244.6318839944,13765.746039,13659.670468536751,3385.987276,3389.775276080579,624.728179,619.9141719869295,0.2876454424666667,0.16463232178333334,0.715428653682245,7.3,7.328933019547369,14.27472,8.484230165505963
DJED,DJED,2025-07-04T00:00:00.000Z,2025-07-04,6186751.820525,6119028.027091665,4417857.210503,4369493.742457144,1768894.610022,1749534.2846345217,0,0,2864.415251,2832.634058929059,0,0,0.28715191006,0.16404084896,0.7140844843894695,28,27.574048280077008,7.13736,4.157533632475431
DJED,DJED,2025-07-05T00:00:00.000Z,2025-07-05,6199885.271503,6138831.087775104,4422300.918222,4378746.15873952,1777584.353281,1760084.929035583,0,0,3378.789497,3346.4949450397366,0,0,0.2868594248333333,0.16369066863333334,0.7132876907265,10,9.8147725284149,2.37912,1.363061801900891
DJED,DJED,2025-07-06T00:00:00.000Z,2025-07-06,6204842.473319,6124734.246576907,4425663.763328,4368525.780549272,1779178.709991,1756208.4660276354,1354.487946,1336.309363276734,3381.02181,3337.0575183301357,779.825964,769.359919737156,0.28684912993333334,0.16367833028333334,0.7132596521303983,2.13408,2.101962096,2.37912,1.36627389624
DJED,DJED,2025-07-07T00:00:00.000Z,2025-07-07,6229007.102646999,6153893.899648148,4428101.495947,4374699.260482911,1800905.6067,1779194.6391652364,0,0,2788.881952,2754.931131152734,0,0,0.28597779068,0.16263781216,0.7108844578874493,0.633926,0.6276564184400663,4.75824,2.784307698993636
DJED,DJED,2025-07-08T00:00:00.000Z,2025-07-08,6237079.304116,6177734.139427092,4431117.924248001,4388957.06960445,1805961.379868,1788777.069822642,0,0,3374.562884,3342.918419621523,0,0,0.28581760185,0.16244676838333333,0.71044766214602,0,0,0,0
DJED,DJED,2025-07-09T00:00:00.000Z,2025-07-09,6239241.10909,6176083.7811124725,4434381.6947530005,4389497.860455026,1804859.414337,1786585.9206574466,0,0,2862.434299,2833.3688970134854,0,0,0.28592000164,0.16256928442,0.7107266668117571,7,6.994677603363246,2.37912,1.448616778070189
DJED,DJED,2025-07-10T00:00:00.000Z,2025-07-10,6232300.135763,6211530.5963164475,4439048.0770229995,4424296.30512927,1793252.05874,1787234.2911871774,4433.411158,4421.751145700592,3384.855235,3373.924504506294,72.613658,72.46790250773782,0.2864857069166667,0.16324480091666665,0.7122687439584175,76.406552,76.45851095631387,23.7912,15.113645032335828
DJED,DJED,2025-07-11T00:00:00.000Z,2025-07-11,6204533.611262,6262616.713171992,4455132.643201,4496792.494526173,1749400.968061,1765824.2186458192,853.973206,872.2158575545577,3419.913469,3452.5237708176396,246.967342,248.72263723533422,0.2886083513166667,0.16578990006666666,0.7180492449644124,222.6,224.05743126860304,47.5824,34.169176298101135
DJED,DJED,2025-07-12T00:00:00.000Z,2025-07-12,6209912.891797001,6240311.490037655,4468747.555773,4490516.401695182,1741165.336024,1749795.0883424738,168.635078,170.9242765046761,2841.310186,2854.381933846836,56.620174,57.38878524739005,0.28918520222,0.16648358754,0.719619047768197,99.986224,99.77043621210953,23.7912,16.978935314160957
DJED,DJED,2025-07-13T00:00:00.000Z,2025-07-13,6206680.964792,6222258.469640524,4476411.355233,4487635.636819062,1730269.609559,1734622.832821462,0,0,3453.246626,3463.5768125062086,0,0,0.28977565041666664,0.16719491688333332,0.7212251484006517,0.35,0.3543449339956711,2.37912,1.769232588
DJED,DJED,2025-07-14T00:00:00.000Z,2025-07-14,6205918.279564,6192184.114726894,4485235.844946,4475302.7387973815,1720682.434618,1716881.375929512,300,301.2779746640257,3465.739355,3457.8696689127987,22.718124,22.81490128962065,0.29033117513333334,0.16786607093333333,0.7227352162380803,88.98,88.76360800300301,33.30768,25.088652124455653
DJED,DJED,2025-07-15T00:00:00.000Z,2025-07-15,6212577.762781,6208282.978553206,4498925.028601,4495798.054180735,1713652.73418,1712484.9243724705,0,0,2950.2784,2948.3269653456864,0,0,0.29085719564,0.16850287448,0.7241643768833357,91,90.77146762528506,11.8956,8.626108218031595
DJED,DJED,2025-07-16T00:00:00.000Z,2025-07-16,6211243.890449,6260563.773602659,4503374.256421,4539166.565710784,1707869.634028,1721397.2078918754,229.428944,229.08226445232367,3488.185044,3516.529911277801,67.656138,67.88735874064513,0.2911783284166667,0.16889213718333335,0.7250366006579431,29.55,29.8224,7.13736,5.47578497112
DJED,DJED,2025-07-17T00:00:00.000Z,2025-07-17,6182630.183061,6285693.5998961935,4511558.8415479995,4586977.119294759,1671071.341513,1698716.4806014348,158.46489,161.1358243676606,2899.712128,2950.5840709168997,8.390352,8.53177184078347,0.29290476202,0.17099266382,0.7297214745639716,44.419818,45.0803564828411,33.30768,26.365763575863454
DJED,DJED,2025-07-18T00:00:00.000Z,2025-07-18,6158554.055978,6239476.975386218,4518499.467695,4577888.49941887,1640054.588283,1661588.4759673486,10866.007558,10889.212534581466,3532.824144,3578.5331515290163,5124.294981,5081.456730801302,0.29437127106666666,0.17278392283333333,0.7336972091396701,168.341168,170.7641680005671,35.6868,30.32029848036956
DJED,DJED,2025-07-19T00:00:00.000Z,2025-07-19,6184413.042599,6190580.148339367,4524808.303304,4529314.626902116,1659604.739295,1661265.5214372496,5557.305384,5578.773595071101,3532.633013,3536.5417798605,430.951483,432.87397068535915,0.29361542718333333,0.17185912051666666,0.731648963299605,35,34.974941817608226,7.13736,5.78546949421324
DJED,DJED,2025-07-20T00:00:00.000Z,2025-07-20,6185362.773834,6235305.133660926,4526387.679359,4562945.789460311,1658975.094475,1672359.3442006144,994.538097,993.9159392103621,2994.97428,3018.994103053237,825.968014,825.4513093755598,0.2936675616,0.17192257896,0.731790421106722,27.6,27.680848832785916,7.13736,6.117956002235184
DJED,DJED,2025-07-21T00:00:00.000Z,2025-07-21,6146194.58155,6237666.306077989,4533935.116969001,4601560.681191242,1612259.464581,1636105.624886747,9301.146268,9482.531433998854,3556.243219,3610.1602161033675,3053.623037,3113.189575818732,0.2958511381166667,0.17460490611666668,0.7377018540000008,142.1,144.35809628693826,40.44504,36.11382558159595
DJED,DJED,2025-07-22T00:00:00.000Z,2025-07-22,6121664.930517,6178649.045098111,4539091.4184,4581330.566245925,1582573.512117,1597318.478852186,34.671821,34.81858442111834,3583.570676,3617.055419741746,0.181317,0.1820845023249259,0.2972478067,0.17632329403333333,0.7414814762585336,19.550156,19.7829050789303,16.65384,14.485479426765666
DJED,DJED,2025-07-23T00:00:00.000Z,2025-07-23,6178563.527903,6193090.524491727,4543190.715851,4553895.451615997,1635372.812052,1639195.0728757307,0,0,2945.388251,2952.0076926617544,0,0,0.29497081926,0.17351968966,0.7353207150007404,0.3,0.3032640220328308,2.37912,2.10426679614419
DJED,DJED,2025-07-24T00:00:00.000Z,2025-07-24,6159875.053849,6216263.257928735,4544470.133699,4586210.148636248,1615404.92015,1630053.1092924867,0,0,3568.12736,3602.773392426324,0,0,0.29589615663333335,0.17466922181666666,0.7378188213959765,52.7,53.224782785995274,7.13736,5.759894569458737
DJED,DJED,2025-07-25T00:00:00.000Z,2025-07-25,6137647.5378290005,6167824.070538585,4551863.32997,4574221.626010358,1585784.207859,1593602.444528227,0,0,3596.682855,3614.8496037180803,0,0,0.2973033891833333,0.1763921136,0.7416316559137655,15,14.91740182789312,2.37912,1.871796916820026
DJED,DJED,2025-07-26T00:00:00.000Z,2025-07-26,6130548.967914,6202095.203412275,4555678.543752,4608854.052137881,1574870.424162,1593241.151274394,0,0,3055.146356,3090.9479391418618,0,0,0.2978515008,0.17707027124,0.7431128762391532,25,25.21530817859625,2.37912,1.960411219098956
DJED,DJED,2025-07-27T00:00:00.000Z,2025-07-27,6241168.36822,6291021.4153633,4562670.392597,4599118.800452728,1678497.975623,1691902.6149105716,974.587173,983.2050021370948,3571.595883,3600.575683240707,392.524658,395.995574228384,0.2934181092,0.1716269956,0.7311091888905147,30,30.0557955235973,4.75824,3.931464887927974
DJED,DJED,2025-07-28T00:00:00.000Z,2025-07-28,6276091.561321,6326482.917825939,4566191.850245,4602847.965035036,1709899.711076,1723634.9527909027,282.677633,282.6079697888905,2936.363615,2960.22168245852,121.563244,121.5332858959928,0.292105963,0.17001880668,0.7275549166715367,0,0,0,0
DJED,DJED,2025-07-29T00:00:00.000Z,2025-07-29,6273632.870194,6283493.0758076105,4569754.258995,4576948.235225883,1703878.611199,1706544.8405817267,0,0,3556.253145,3561.9834251468906,0,0,0.2924198818666667,0.17040061098333334,0.7284068454053111,7.5,7.470133011276009,2.37912,1.893890234783706
DJED,DJED,2025-07-30T00:00:00.000Z,2025-07-30,6278815.9865230005,6280674.686544664,4575049.920798,4576398.593965494,1703766.065725,1704276.0925791706,0,0,3560.819949,3562.0700971303986,0,0,0.2925091739833333,0.17050950611666665,0.7286490108368494,90,89.06424120620434,4.75824,3.575200808659367
DJED,DJED,2025-07-31T00:00:00.000Z,2025-07-31,6272213.4027929995,6265048.680280566,4585070.644938,4579832.126629688,1687142.757855,1685216.5536508781,1600.503839,1581.8018534584107,3034.862521,3031.25261530281,709.492705,701.20223921826,0.29338084272,0.17157222156,0.7310132003464955,5.85,5.814375481643689,2.37912,1.802845664698862
DJED,DJED,2025-08-01T00:00:00.000Z,2025-08-01,6285104.623868,6270843.349759994,4582587.409995,4572148.9737799205,1702517.213873,1698694.3759800734,7788.768075,7665.284218062925,3434.056267,3426.4276071167033,672.800862,660.4746974175247,0.2926838319,0.17072273063333335,0.7291225719329689,1,0.9923506324671595,2.37912,1.730393575327982
DJED,DJED,2025-08-02T00:00:00.000Z,2025-08-02,6320764.704659,6252705.868164207,4588448.543895,4539036.073060688,1732316.160764,1713669.795103519,460.273854,461.7951631774927,3424.346062,3387.521012651912,4.334582,4.348908773767155,0.2915081970166667,0.16929223998333334,0.7259324147615062,20,19.98663899296629,2.37912,1.705483437664226
DJED,DJED,2025-08-03T00:00:00.000Z,2025-08-03,6344569.356815,6365666.83108301,4594372.698542,4609649.105952947,1750196.658273,1756017.7251300628,0,0,2827.078198,2836.7176630419094,0,0,0.29084926214,0.16849320806,0.7241428560098583,1.011,1.015744133109513,2.37912,1.699070754620562
DJED,DJED,2025-08-04T00:00:00.000Z,2025-08-04,6346453.898633,6364667.666226943,4587029.031491,4600184.134879554,1759424.867142,1764483.5313473893,22048.075165,22199.94195123267,3413.093463,3423.6448206198993,1534.923835,1545.496365626321,0.2903443975,0.16788273015,0.7227707846528866,8.440484,8.432793472614966,11.8956,8.794224807810005
DJED,DJED,2025-08-05T00:00:00.000Z,2025-08-05,6357096.567946,6315661.612264556,4579846.181207,4550013.562211633,1777250.386739,1765648.050052923,0,0,2807.058961,2789.454197570199,0,0,0.2894836614,0.1668425921,0.7204312023013675,16,15.815928847433792,19.03296,13.9998986083498
DJED,DJED,2025-08-06T00:00:00.000Z,2025-08-06,6353821.457006,6332021.679130135,4585638.656271,4569932.51634048,1768182.800735,1762089.162789655,116.4,115.3286227131411,3403.442954,3391.0712567663895,0,0,0.2899559408333333,0.16741295358333333,0.7217151070585298,9.6,9.53422094940445,4.75824,3.46430111208145
DJED,DJED,2025-08-07T00:00:00.000Z,2025-08-07,6356913.071885001,6385063.6630934095,4592512.452987,4612877.469886184,1764400.618898,1772186.193207226,0,0,3488.7151,3503.8985697221137,0,0,0.2902246466,0.16773753563333332,0.7224455517270677,31,31.045289572015086,11.8956,8.811199525810933
DJED,DJED,2025-08-08T00:00:00.000Z,2025-08-08,6350170.137317,6431518.7398677785,4598436.258237,4657328.68123127,1751733.87908,1774190.0586365084,0,0,2829.976476,2865.4963903716352,0,0,0.2908498997,0.16849413744,0.7241445022542794,46.2,47.227138184731615,7.13736,5.68021544600279
DJED,DJED,2025-08-09T00:00:00.000Z,2025-08-09,6335185.333788999,6378704.354707983,4603916.7966559995,4635547.06651581,1731268.537133,1743157.2881921737,0,0,3440.12245,3463.464051790454,0,0,0.29179919028333334,0.16964572921666668,0.7267223622587451,24.5,24.717200584933877,11.8956,9.546260256363409
DJED,DJED,2025-08-10T00:00:00.000Z,2025-08-10,6336574.093045,6416191.29422748,4614356.13861,4672305.010405096,1722217.954435,1743886.2838223835,0,0,3452.63484,3494.7381071731643,0,0,0.2923476492,0.17031283095,0.7282107769439184,51,52.03434962998325,9.51648,7.69102564589312
DJED,DJED,2025-08-11T00:00:00.000Z,2025-08-11,6322117.090982,6327534.873974844,4628021.58834,4631897.99240122,1694095.502642,1695636.8815736242,31.032749,31.09166266839932,2870.169179,2872.2875069788456,31.032749,31.09166266839932,0.29376176082,0.17203963582,0.7320447082538915,176.4,176.46229673114172,26.17032,21.18075227287926
DJED,DJED,2025-08-12T00:00:00.000Z,2025-08-12,6334445.220928,6356920.9559792215,4635674.481799,4652112.3752543675,1698770.739129,1704808.580724854,2747.25,2757.457334718051,3489.109933,3501.6863930577056,1.456349,1.461760026193211,0.2936810348166667,0.17194025303333332,0.7318262839569352,6.2,6.230889710041156,7.13736,6.042645482105976
DJED,DJED,2025-08-13T00:00:00.000Z,2025-08-13,6335131.482173,6375273.052427222,4634982.541639,4664383.497953554,1700148.940534,1710889.554473668,4054.765584,4164.446687507869,2959.16288,2978.0436587153786,718.962498,738.4771009879637,0.29360943674,0.1718517388,0.7316327583870899,68.064758,69.15714820149174,33.30768,28.808525824005663
DJED,DJED,2025-08-14T00:00:00.000Z,2025-08-14,6392778.224857001,6464585.881515997,4603745.2344700005,4656114.711817691,1789032.990387,1808471.1696983066,66484.344495,67924.9746793878,3444.35044,3483.519843353496,14029.388313,14334.446294986747,0.28942618985,0.166800105,0.720260265827294,210.99,216.05519135167722,45.20328,44.541334667562985
DJED,DJED,2025-08-15T00:00:00.000Z,2025-08-15,6430234.413113,6460586.127061651,4574916.536048,4596582.582755201,1855317.877065,1864003.5443064503,25168.705728,25200.411001226897,3366.433712,3383.1411866726876,5915.112369,5904.674336001561,0.2862288371666667,0.16295424553333332,0.7115596891558237,86.586262,87.20677732427926,14.27472,13.449886952588955
DJED,DJED,2025-08-16T00:00:00.000Z,2025-08-16,6353574.132642,6340743.103699515,4563488.288419,4554267.105101679,1790085.844223,1786475.9985978352,25906.348968,25654.25693992616,2876.693985,2871.9422570679635,255.464625,251.83780044977928,0.28868402252,0.16587929226,0.7182560483384515,30.7,30.904397472007656,11.8956,11.224917818804393
DJED,DJED,2025-08-17T00:00:00.000Z,2025-08-17,6340727.304227,6384401.151215096,4541865.573207,4573093.552474108,1798861.73102,1811307.5987409886,32303.912034,32713.90082629868,3370.903306,3395.0017734462135,132.500928,133.6921029704546,0.28796589781666665,0.16501710026666666,0.7163010371916942,0,0,0,0
DJED,DJED,2025-08-18T00:00:00.000Z,2025-08-18,6274029.515987,6261226.543463491,4525770.927825,4516514.295877376,1748258.588162,1744712.2475861153,14984.275411,14943.55331631457,3373.149387,3366.206436985655,41.443991,41.33136052042371,0.28982168511666667,0.16725064515,0.7213502223334929,22.5,22.6551029029024,7.13736,6.600506576210544
DJED,DJED,2025-08-19T00:00:00.000Z,2025-08-19,6293782.807853,6228020.939264033,4519554.506049,4472303.33681828,1774228.301804,1755717.6024457533,2327.466351,2351.7892961762186,2776.443849,2747.7335844937306,1103.37733,1118.702602060532,0.28862670906,0.16581060724,0.7180999500276563,74.912284,74.53604132852743,16.65384,14.561046698045372
DJED,DJED,2025-08-20T00:00:00.000Z,2025-08-20,6321013.858786,6317337.602125036,4526083.1555119995,4523366.720612323,1794930.703274,1793970.8815127125,3273.906289,3278.481572356906,3360.310547,3358.0001312376144,72.233682,72.33462855554835,0.287870839,0.16490317421666667,0.7160421395673704,0,0,0,0
DJED,DJED,2025-08-21T00:00:00.000Z,2025-08-21,6380267.847338,6389351.5857338775,4526709.489605,4533131.464618292,1853558.357733,1856220.1211155863,0,0,2756.851881,2761.1333467856357,0,0,0.28546655558,0.16202922914,0.7094898298713422,23,22.9215662980367,2.37912,2.090621457349309
DJED,DJED,2025-08-22T00:00:00.000Z,2025-08-22,6361718.471227,6380959.407270551,4528382.983684,4542313.130115747,1833335.487543,1838646.2771548035,6695.33297,6645.176563082554,3338.189567,3348.4012671233927,678.435876,673.3535438715578,0.2863271510666667,0.16305795445,0.7118351710579809,51.9,52.72043147384771,26.17032,23.66447378559062
DJED,DJED,2025-08-23T00:00:00.000Z,2025-08-23,6356403.770331,6402145.430113093,4540310.730765,4572978.640465985,1816093.039566,1829166.789647108,0,0,3365.392666,3389.822783543357,0,0,0.28722763865,0.16413147186666666,0.7142908095104137,118.81,119.05346768827687,23.7912,21.868450787841844
DJED,DJED,2025-08-24T00:00:00.000Z,2025-08-24,6369398.619367,6358517.290193589,4547513.435789,4539738.864773408,1821885.183578,1818778.4254201823,0,0,2854.100271,2849.366427924447,0,0,0.28710720184,0.16398711218,0.7139628038793916,39,38.67731777111347,7.13736,6.609619572681726
DJED,DJED,2025-08-25T00:00:00.000Z,2025-08-25,6358377.879153,6321341.870315571,4548875.429595,4522356.398909234,1809502.449558,1798985.4714063366,28140.669181,27900.782130782205,3374.958506,3355.4115254546514,308.594067,305.53733346208463,0.28764118141666667,0.16462774536666666,0.7154167586557526,54.6,54.96924873661618,28.54944,25.619293203848166
DJED,DJED,2025-08-26T00:00:00.000Z,2025-08-26,6279407.001022,6250558.009677896,4538277.403088,4517397.150567615,1741129.597934,1733160.859110281,12137.65867,12045.004750000231,3388.135875,3373.320394510361,2161.911685,2144.009193539691,0.2903273865,0.16786170858333332,0.722724800438751,158.75,157.19021116401893,16.65384,14.007073940176706
DJED,DJED,2025-08-27T00:00:00.000Z,2025-08-27,6311929.552243,6374296.170771422,4540845.109347,4585688.609852582,1771084.442896,1788607.5609188394,2733.66684,2721.333572552895,2800.443123,2828.2142640855923,2733.66684,2721.333572552895,0.2891069721,0.16638843488,0.7194067460566251,145.9,146.83833397787055,11.8956,10.30195941914604
DJED,DJED,2025-08-28T00:00:00.000Z,2025-08-28,6292505.483155999,6292305.392091326,4534997.213897999,4534853.312647946,1757508.269258,1757452.0794433802,3957.637461,3959.1915151547532,3397.916893,3398.1128377861723,737.297469,735.0446764720753,0.28958183763333334,0.16696091441666666,0.7206982297888053,6.35,6.334073700576245,4.75824,4.060327879208661
DJED,DJED,2025-08-29T00:00:00.000Z,2025-08-29,6298092.455536,6268224.483442775,4528506.795802,4507013.607453635,1769585.659734,1761210.8759891402,19943.083907,19800.80695367675,3392.417745,3375.3676630516084,1392.909276,1378.0165342694063,0.2889677804,0.16622100848333332,0.7190279824936142,52.8,52.62944101740968,4.75824,3.962302856743544
DJED,DJED,2025-08-30T00:00:00.000Z,2025-08-30,6297993.001338,6313580.680838366,4508005.600124001,4519178.758190273,1789987.401214,1794401.922648093,10308.669064,10329.194584088382,2853.652976,2861.635018923117,505.43822,508.85335202107984,0.28777733052,0.16479061958,0.7157877303863625,0,0,0,0
DJED,DJED,2025-08-31T00:00:00.000Z,2025-08-31,6400044.517596,6379908.686465668,4510004.946513,4495830.420198211,1890039.571083,1884078.2662674566,0,0,3332.682745,3321.8999720776246,0,0,0.2837059438,0.15993858475,0.7046840996785575,17.75,17.638068572469116,4.75824,3.915240188312475
DJED,DJED,2025-09-01T00:00:00.000Z,2025-09-01,6402418.492764,6391597.978606259,4388468.912386,4381193.810130871,2013949.580378,2010404.1684753885,163655.421963,164240.27972410872,2656.837487,2652.935992838576,319.265477,318.88469774829673,0.27670412884,0.1517620471,0.6854966008607744,390.08,393.2097535937401,16.65384,13.632361436833271
DJED,DJED,2025-09-02T00:00:00.000Z,2025-09-02,6437152.564174,6477365.784382915,4393423.430339,4420872.077136544,2043729.133835,2056493.707246372,0,0,3200.882825,3220.3530694230844,0,0,0.27561440746666666,0.15048813481666667,0.6825111220247814,32,32.07441016283146,4.75824,3.905493486759959
DJED,DJED,2025-09-03T00:00:00.000Z,2025-09-03,6437416.263479,6402909.950716613,4400811.698296,4377215.828394636,2036604.565183,2025694.122321977,0,0,2791.728683,2767.0952003784314,0,0,0.2760215589,0.1509573715125,0.6836302783494163,38.36,38.02176913813394,7.13736,5.974404001494905
DJED,DJED,2025-09-04T00:00:00.000Z,2025-09-04,6440880.953171,6358722.7996651,4407431.041406,4351208.209949708,2033449.911765,2007514.5897153923,0,0,3217.437965,3176.223994536226,0,0,0.2762616632166667,0.15123452105,0.6842900267897217,50,49.34160181743596,2.37912,1.949846092826933
DJED,DJED,2025-09-05T00:00:00.000Z,2025-09-05,6454048.444591001,6408143.060745934,4413278.310677,4381888.172248952,2040770.133914,2026254.8884969815,0,0,3221.089316,3197.9022109359416,0,0,0.27608353955,0.15102895628333332,0.6838005634223179,12.5,12.46142537469447,2.37912,1.977791089249253
DJED,DJED,2025-09-06T00:00:00.000Z,2025-09-06,6461981.9279889995,6372204.010835184,4417202.188638,4355833.0829838095,2044779.739351,2016370.927851374,0,0,2732.03537,2694.1354042632515,0,0,0.27599879096,0.15093109188,0.6835677168322261,0,0,0,0
DJED,DJED,2025-09-07T00:00:00.000Z,2025-09-07,6464444.651087999,6431893.334137685,4415010.33099,4392772.068958752,2049434.320098,2039121.265178933,6377.521182,6322.532406774528,3219.119544,3203.0556877701915,1721.865108,1707.018704406762,0.27578068856666665,0.15067960521666668,0.6829682780198655,3,2.984863774690619,2.37912,1.971984298184612
DJED,DJED,2025-09-08T00:00:00.000Z,2025-09-08,6485249.177991,6498491.161895351,4418133.010742,4427187.570544926,2067116.167249,2071303.5913504243,0,0,3216.354074,3222.242954097236,0,0,0.27515966798333336,0.14996471613333334,0.6812607943348036,20,20.01801673675646,9.51648,8.10715600822168
DJED,DJED,2025-09-09T00:00:00.000Z,2025-09-09,6516871.455438999,6496342.207379809,4424517.195037,4410581.235905601,2092354.260402,2085760.9714742077,0,0,2652.441959,2644.3829218137544,0,0,0.27431334204,0.1489923222,0.6789328182440572,31.585706,31.34060004155382,11.8956,10.433513058300099
DJED,DJED,2025-09-10T00:00:00.000Z,2025-09-10,6488659.029855,6493293.975181462,4429123.630726,4432296.543756335,2059535.399129,2060997.4314251267,0,0,3223.895787,3225.9647165201964,0,0,0.27564955976666666,0.15053072536666667,0.6826066054651833,16,15.76,9.51648,8.329579905929128
DJED,DJED,2025-09-11T00:00:00.000Z,2025-09-11,6490912.383234,6478766.807675354,4434422.58383,4426125.784902132,2056489.799404,2052641.0227732218,0,0,2744.331995,2739.544702647183,0,0,0.27585550702,0.15076586978,0.6831739146679732,85,84.47557487047719,14.27472,12.65099928803993
DJED,DJED,2025-09-12T00:00:00.000Z,2025-09-12,6488230.539004,6483133.823158067,4421411.364002,4417781.486130893,2066819.175002,2065352.3370271735,65799.034168,66162.7922164104,3224.793901,3223.16141982763,65536.815896,65898.48705668491,0.2752302559,0.15005144501666667,0.6814518680184681,75,75.25601783757085,23.7912,21.53362792191223
DJED,DJED,2025-09-13T00:00:00.000Z,2025-09-13,6532321.228305999,6588761.754192789,4386161.522278,4424043.736441622,2146159.706028,2164718.0177511675,820.335317,832.640346755,3161.952673,3189.0964634444344,441.332711,447.952701665,0.2716049673,0.14590263053333333,0.6714707716324172,35.2,35.59008073856604,16.65384,15.597129368764818
DJED,DJED,2025-09-14T00:00:00.000Z,2025-09-14,6554924.315191001,6550637.888712635,4390894.386531,4387972.203225181,2164029.92866,2162665.6854874543,0,0,2605.35603,2604.4315507266524,0,0,0.27102176806,0.14523837928,0.6698633741676328,21.5,21.41783680848702,4.75824,4.321297108746065
DJED,DJED,2025-09-15T00:00:00.000Z,2025-09-15,6538813.894881,6466323.015210196,4397017.727185,4348275.259617101,2141796.167696,2118047.755593095,0,0,3168.158312,3133.014620880257,0,0,0.2719594692333333,0.1463033772,0.672449503315303,20,20.09943335301325,2.37912,2.125306818823174
DJED,DJED,2025-09-16T00:00:00.000Z,2025-09-16,6544281.777903,6517762.071599286,4403870.971524,4386030.474606388,2140410.806379,2131731.596992898,0,0,3176.863073,3164.013601695921,0,0,0.27213525995,0.14650331956666668,0.6729341665171642,69.35,69.2338783918631,4.75824,4.143920942338033
DJED,DJED,2025-09-17T00:00:00.000Z,2025-09-17,6550877.52046,6556367.682994751,4409782.150108,4413482.021504116,2141095.370352,2142885.661490635,787.97945,778.9079308159571,2628.306858,2629.805237466682,556.011562,549.6105453856293,0.27221683132,0.1465961777,0.6731590186669549,25,25.110153665219148,2.37912,2.111315933150118
DJED,DJED,2025-09-18T00:00:00.000Z,2025-09-18,6564396.794503,6603247.598326154,4414803.632959,4440921.56109195,2149593.161544,2162326.0372342044,7286.770185,7351.848862546914,3183.698274,3202.112560254282,210.890211,212.7736869009858,0.27199301098333334,0.14634204711666668,0.6725416935557109,55.999169,56.29943112561432,8.32692,7.604618932146904
DJED,DJED,2025-09-19T00:00:00.000Z,2025-09-19,6586956.772422001,6582795.673293013,4416843.902835,4414068.196100887,2170112.869587,2168727.4771921257,0,0,3178.180861,3176.9630798260987,0,0,0.27126881485,0.14551850685,0.6705449673243776,14.982551,14.898222611830404,2.37912,2.139408862504861
DJED,DJED,2025-09-20T00:00:00.000Z,2025-09-20,6588387.221851999,6601792.242562868,4409763.793006999,4418738.20297436,2178623.428845,2183054.0395885077,14357.347163,14367.646501849798,2685.677968,2691.422909512146,5040.137747,5045.0951329307545,0.27082614104,0.14501631622,0.669323778835015,0.75,0.7492828309642292,1.18956,1.059653675469225
DJED,DJED,2025-09-21T00:00:00.000Z,2025-09-21,6593203.364862,6578364.868807411,4445218.774289,4435042.158872178,2147984.590573,2143322.7099352325,662,659.2469851036506,3204.130568,3196.850004231472,662,659.2469851036506,0.27259970651666665,0.14703978338333334,0.6742101532020144,725,714.125,1.18956,1.049244716705458
DJED,DJED,2025-09-22T00:00:00.000Z,2025-09-22,6571071.308483,6487883.261997304,4479861.234763,4423112.835651923,2091210.07372,2064770.4263453807,7861.112903,7775.16277645255,2693.748827,2659.8077227311637,201.205724,200.022260163374,0.27534129788,0.1501742272,0.6817599472129332,34.2,33.687,2.37912,1.9565766662667476
DJED,DJED,2025-09-23T00:00:00.000Z,2025-09-23,6568439.61063,6520883.008796481,4482161.655836,4449700.883672759,2086277.954794,2071182.125123722,1000,992.8487028018336,3269.246241,3245.3917955857664,929.182881,922.5380180665205,0.2755666913,0.15043321258333334,0.6823799239236041,2,1.974046249648646,1.18956,0.9669865827084899
DJED,DJED,2025-09-24T00:00:00.000Z,2025-09-24,6591573.481628001,6538040.578231117,4484902.075631,4448456.440368751,2106671.405997,2089584.137862366,0,0,3262.944057,3236.6405103034667,0,0,0.27484672448333336,0.1496047768,0.6804001941346904,26,25.7311897078926,2.37912,1.9600805479380472
DJED,DJED,2025-09-25T00:00:00.000Z,2025-09-25,6597178.008442,6531248.019154642,4486159.072949,4441311.70102625,2111018.935493,2089936.3181283923,13341.205982,13160.3968752601,2768.074933,2739.7483695439896,895.75305,883.8619802348788,0.27470623982,0.1494435071,0.6800136873911959,50,49.53329132490844,2.37912,1.8534753452416275
DJED,DJED,2025-09-26T00:00:00.000Z,2025-09-26,6597817.112783,6538363.9544363795,4478499.207524,4438141.063372148,2119317.905259,2100222.8910642313,5230.924434,5166.133359279252,3257.760558,3228.4334101241,10.912522,10.80110816500209,0.27426042721666666,0.14893191995,0.6787870492744513,37,36.96088105494651,2.37912,1.8663981373879708
DJED,DJED,2025-09-27T00:00:00.000Z,2025-09-27,6634857.881493,6596343.187169133,4483050.481606,4457022.275971428,2151807.399887,2139320.9111977057,0,0,3247.094329,3228.83390998837,0,0,0.2731325417,0.14764068496666666,0.6756820309192613,15.554971,15.422774117139136,7.13736,5.626181480728132
DJED,DJED,2025-09-28T00:00:00.000Z,2025-09-28,6634142.949192999,6584100.645662161,4485927.190659,4452088.049069308,2148215.758534,2132012.5965928533,2978.59735,2977.033561886409,2684.920874,2664.2863698221427,895.754285,895.2840066310283,0.27331620918,0.1478505054,0.6761879051187765,51.5,51.55980411409745,4.75824,3.7365933572105705
DJED,DJED,2025-09-29T00:00:00.000Z,2025-09-29,6662908.969609,6637815.293679301,4486882.518051,4469986.058125841,2176026.451558,2167829.235553459,3732.654113,3712.271943628345,3244.488565,3231.90513697924,1390.32792,1382.736030076718,0.27230881225,0.14670103481666666,0.67341248299354,2,1.989078993791218,1.18956,0.9452675753629213
DJED,DJED,2025-09-30T00:00:00.000Z,2025-09-30,6667722.8215890005,6642645.1573881125,4488221.14216,4471350.486352211,2179501.679429,2171294.6710359016,0,0,2748.676521,2738.84786847969,0,0,0.27220511948,0.14658288216,0.673126714715797,27.3,27.37429910427704,4.75824,3.788987585502644
DJED,DJED,2025-10-01T00:00:00.000Z,2025-10-01,6672467.562027,6633157.061615328,4495058.419898,4468579.996599945,2177409.142129,2164577.065015383,162.379484,162.9805654963521,3249.081938,3229.6665064903136,13.539378,13.58949682897668,0.27240319821666664,0.14680849078333333,0.6736726530658944,27.95,27.751444735712678,4.75824,3.965812371013345
DJED,DJED,2025-10-02T00:00:00.000Z,2025-10-02,6671932.801333,6676972.704409106,4502530.165287,4505923.330427709,2169402.636046,2171049.3739813967,544.884561,546.0655239680237,3258.234642,3260.30802454884,544.884561,546.0655239680237,0.2728292965,0.14729444738333333,0.6748467012083421,54.5,54.532367540464,9.51648,8.195548510171498
DJED,DJED,2025-10-03T00:00:00.000Z,2025-10-03,6855259.126591001,6820440.838064064,4507727.412967,4485093.528200626,2347531.713624,2335347.309863438,0,0,2930.232121,2920.709115276022,0,0,0.26661351271428574,0.1402958802857143,0.6576702774032775,10,9.88501724678644,1.18956,1.017696998536802
DJED,DJED,2025-10-04T00:00:00.000Z,2025-10-04,7065926.5562229995,7007760.181781907,4507637.189931,4470532.114603302,2558289.366292,2537228.0671786047,4611.541281,4579.263275884485,2582.091547,2560.3958319904928,210.284466,208.8163736892344,0.25950307544,0.1324379348,0.6379400167703503,25.7,25.419578978027964,3.56868,3.0001081076526646
DJED,DJED,2025-10-05T00:00:00.000Z,2025-10-05,7084365.852476,7053726.284993458,4512445.179962,4492937.990172213,2571920.672514,2560788.2948212447,0,0,3121.461274,3107.8812192820837,0,0,0.25915060288333336,0.13205458648333335,0.6369585512836065,28.46584,28.41810866130329,7.13736,6.140173366846459
DJED,DJED,2025-10-06T00:00:00.000Z,2025-10-06,7086125.221456999,7100215.117397631,4509764.870699,4518724.671207945,2576360.350758,2581490.4461896853,0,0,3122.968246,3129.1281864259076,0,0,0.25895789123333335,0.13184519841666667,0.6364218293729565,35,35.05716774122589,7.13736,6.094178149871602
DJED,DJED,2025-10-07T00:00:00.000Z,2025-10-07,7177175.423547,7143744.31371934,4514370.410692,4493331.050137867,2662805.012855,2650413.2635814724,0,0,2632.850258,2621.0125226415307,0,0,0.256292461,0.128964323,0.6289899110986705,43.5,43.202345174786,9.51648,8.235271465193737
DJED,DJED,2025-10-08T00:00:00.000Z,2025-10-08,7179018.21412,7152375.258250466,4518030.415486,4501277.377034858,2660987.798634,2651097.881215608,0,0,3102.854061,3090.4144734726874,0,0,0.2564173650166667,0.12909872285,0.6293385085593357,1,1.015,1.18956,1.005307771883249
DJED,DJED,2025-10-09T00:00:00.000Z,2025-10-09,7179879.30084,7138574.542846942,4528543.699143,4502489.824707569,2651335.601697,2636084.718139373,0,0,3113.892605,3095.6910926079117,0,0,0.2569151264,0.12963493748333332,0.6307273836447378,117.5,116.54756543111878,10.70604,8.788311522400512
DJED,DJED,2025-10-10T00:00:00.000Z,2025-10-10,7183128.107228,7108215.29234793,4534079.665059,4486791.0914677195,2649048.442169,2621424.2008802113,27914.085626,27519.521382180017,2579.601935,2552.526319800166,8398.570843,8275.488040257089,0.25708903098,0.12982233908,0.631212584967871,11.511326,11.391907116352858,3.56868,2.6851972526473316
DJED,DJED,2025-10-11T00:00:00.000Z,2025-10-11,6937267.586831,6847527.147677982,4507219.536328999,4448810.636978055,2430048.050502,2398716.510699927,69675.577665,68790.68833495582,2778.485732,2746.1811185387846,18629.845578,18417.05173825999,0.26377346535,0.1371357692,0.6498014909547563,365.5,360.8038600166822,5.9478,3.82136339537407
DJED,DJED,2025-10-12T00:00:00.000Z,2025-10-12,6812326.324998001,6818376.822343451,4478469.207831,4482483.453707387,2333857.117167,2335893.368636064,3223.724013,3175.368152805,3273.948057,3278.0094851930553,14.528069,14.310147965,0.26651474248333334,0.14016712105,0.6574070215241413,92,91.51696876849574,2.37912,1.595435769256915
DJED,DJED,2025-10-13T00:00:00.000Z,2025-10-13,6813753.928091001,6802355.146344678,4492297.0774300005,4484786.882246857,2321456.850661,2317568.264097821,4288.049373,4294.160136816003,3221.480232,3216.346401175723,1014.07881,1014.537123928985,0.26719803235,0.1409306598,0.6592983892303808,84,83.84970456010464,11.8956,8.464559342427147
DJED,DJED,2025-10-14T00:00:00.000Z,2025-10-14,6804974.5269019995,6795525.211978814,4493314.67657,4487029.624719993,2311659.850332,2308495.587258821,0,0,2664.51613,2658.7492083344487,0,0,0.26755989934,0.14133595572,0.660299535918776,7,7.099459443835351,1.18956,0.8323946663853907
DJED,DJED,2025-10-15T00:00:00.000Z,2025-10-15,6789442.887724,6704890.6618003845,4496213.22874,4440222.17359058,2293229.658984,2264668.488209805,0,0,3236.308281,3195.5650982047796,0,0,0.26826024165,0.14212148003333333,0.6622364897931029,10,9.856527763795844,1.18956,0.7939858996984007
DJED,DJED,2025-10-16T00:00:00.000Z,2025-10-16,6829943.314132,6780314.501684293,4500461.654137,4467753.1011116365,2329481.659995,2312561.400572657,9244.002684,9159.592237905857,3227.947489,3203.6398766358343,417.895354,412.34858000555283,0.26706545233333334,0.14078240853333332,0.6589314588833046,110.3,108.71310473996898,3.56868,2.3644633731813602
DJED,DJED,2025-10-17T00:00:00.000Z,2025-10-17,6816801.730479,6847627.399623884,4495948.674185,4516272.567670504,2320853.056294,2331354.8319533807,23543.413981,23624.469456871357,2736.812339,2749.2533907240977,9305.25964,9349.46555245489,0.26728516062,0.14102822582,0.6595394500092023,81.5,80.86006268762041,2.37912,1.4477879449750182
DJED,DJED,2025-10-18T00:00:00.000Z,2025-10-18,6822210.616749,6918199.032150427,4489261.5787969995,4552423.08062413,2332949.037952,2365775.9515262973,18924.111127,19207.972793905,3217.748798,3263.275128472263,65.997826,66.98779339,0.26674214116666667,0.14042120128333332,0.6580364820889465,2.5,2.5375,1.18956,0.7536277199089784
DJED,DJED,2025-10-19T00:00:00.000Z,2025-10-19,6852867.055067001,6953133.100176981,4464033.76314,4529352.460599673,2388833.291927,2423780.639577308,27876.894411,28295.047827165,2624.947619,2663.3087584880896,9888.05567,10036.37650505,0.2643507317,0.13776116006,0.651410241610122,1,0.9920367259703994,1.18956,0.7849723414857633
DJED,DJED,2025-10-20T00:00:00.000Z,2025-10-20,6829424.27531,6872878.683845905,4627450.954085,4655531.558997588,2201973.321225,2217347.1248483164,520780.190326,521509.4967137175,3210.815562,3230.874788576585,108762.95781,108915.2706693433,0.2739129247166667,0.14890042668333334,0.6776293053416219,10495.339064,10509.775534551387,7.17184,4.748311312230749
DJED,DJED,2025-10-21T00:00:00.000Z,2025-10-21,6835248.288735,6787144.147634441,4983030.689066,4947946.168626745,1852217.599669,1839197.979007696,4516.999801,4557.472248895728,3471.875604,3447.3073732404537,341.400411,344.69291948171787,0.29264639631666667,0.1706766673,0.7290212675737755,21.868585,21.88518064295345,5.9478,3.8569531389576195
DJED,DJED,2025-10-22T00:00:00.000Z,2025-10-22,6828397.61529,6766535.929086528,4984601.292618,4939462.57321879,1843796.322672,1827073.355867738,0,0,2944.030231,2917.8389019498854,0,0,0.29300150036,0.17110991752,0.7299842282216659,4.3,4.252361658232405,3.56868,2.2678156265896323
DJED,DJED,2025-10-23T00:00:00.000Z,2025-10-23,6831316.945486,6809016.99306978,4986126.029098,4969849.805122919,1845190.916388,1839167.1879468604,3324.510001,3332.4811034107724,3477.777731,3467.0093145456776,2830.642041,2837.5760052693913,0.2929682787,0.17106912476666666,0.7298942806082213,15,15.00980589905428,1.18956,0.7625851184973466
DJED,DJED,2025-10-24T00:00:00.000Z,2025-10-24,6847695.517263999,6864318.436935437,4991354.1783569995,5003474.005878799,1856341.338907,1860844.4310566382,0,0,3475.365872,3484.442533006516,0,0,0.2926053398,0.17062639066666666,0.7289100325643939,32,31.979609175047113,3.56868,2.3219871335730247
DJED,DJED,2025-10-25T00:00:00.000Z,2025-10-25,6854273.019319,6866235.208614556,4999164.938019,5007880.719872753,1855108.0813,1858354.488741803,0,0,2876.887474,2882.2392433603304,0,0,0.29276756432,0.17082408388,0.7293500743862006,59.2,59.505650455625926,3.56868,2.335103946483635
DJED,DJED,2025-10-26T00:00:00.000Z,2025-10-26,6864686.767310999,6882843.743399402,5006973.560109,5020208.218836065,1857713.207202,1862635.5245633367,400,402.4153217605179,3489.898056,3499.300007297467,6.905606,6.947304151103408,0.2927793228166667,0.17083847948333333,0.7293819337629089,20.5,20.617611027368355,4.75824,3.1730997228092748
DJED,DJED,2025-10-27T00:00:00.000Z,2025-10-27,6883751.552397,6909387.142601263,5014036.813704,5032694.837047268,1869714.738693,1876692.305553995,0,0,3339.128868,3354.306922899638,0,0,0.29241312374285716,0.17039252192857143,0.7283884336938602,43.832964,43.740899500256674,13.08516,8.913859806914083
DJED,DJED,2025-10-28T00:00:00.000Z,2025-10-28,6884475.812790001,6858398.571993379,5029372.495769001,5010322.390909934,1855103.317021,1848076.1810834445,0,0,2897.6895,2886.5064145266397,0,0,0.2932056973,0.1713586017,0.7305382085703085,147,146.1995619070377,3.56868,2.3780591774846807
DJED,DJED,2025-10-29T00:00:00.000Z,2025-10-29,6879734.426516,6833739.298823522,5039653.403515,5005977.459977457,1840081.023001,1827761.8388460646,4705.535399,4664.100220138757,3609.051122,3584.5670377098054,818.968242,812.5062027596729,0.2939429530666667,0.17225948576666666,0.7325367229849258,70,69.70624661022536,4.75824,3.0953116052686607
DJED,DJED,2025-10-30T00:00:00.000Z,2025-10-30,6877547.136731001,6828339.545825625,5030864.490821,4994827.854584664,1846682.64591,1833511.691240961,52633.008931,52266.77111869221,3526.998362,3501.8988462546936,35721.768002,35463.53545979241,0.29355700008333335,0.17178828726666667,0.731490276271384,30.57,30.210092922828903,8.32692,5.114216624727543
DJED,DJED,2025-10-31T00:00:00.000Z,2025-10-31,6877229.777709001,6844371.536710015,5000377.784975001,4976492.44934536,1876851.992734,1867879.0873646548,30.44062,30.34823700932231,2882.054839,2868.473614322349,2.665262,2.657173305535183,0.2919353305,0.1698110775,0.72709195321611,13,12.973982011827895,2.37912,1.4410684475787643
DJED,DJED,2025-11-01T00:00:00.000Z,2025-11-01,6880919.433115,6881001.8088758215,5004093.710523,5004145.707331838,1876825.722592,1876856.1015439834,311,309.6334329851013,3491.138409,3491.0881377894793,6.085362,6.058622273366822,0.29199090825,0.16987879345,0.7272427177225683,11.1,11.086018700188433,3.56868,2.177695074538563
DJED,DJED,2025-11-02T00:00:00.000Z,2025-11-02,6872846.844016001,6858464.838059403,5009797.910693,4999293.938813852,1863048.933323,1859170.8992455509,0,0,3500.762564,3493.2449412017645,0,0,0.29261285125,0.17063634088333332,0.7289299734908002,32.5,32.33568984805202,4.75824,2.9001469182820143
DJED,DJED,2025-11-03T00:00:00.000Z,2025-11-03,6810561.699401999,6765748.76461225,4981436.342297999,4948634.284317496,1829125.357104,1817114.4802947543,103641.857002,103341.31050767863,2890.584412,2871.1770985780913,34422.72434,34310.83715686684,0.29353583208,0.17176309662,0.7314325271875484,80,79.30494563262558,1.18956,0.6854465141313706
DJED,DJED,2025-11-04T00:00:00.000Z,2025-11-04,6800287.747574,6864834.927273742,4808192.561432,4853292.776123536,1992095.186142,2011542.151150206,410104.712201,414170.01737095014,3554.933231,3588.86629961224,42161.082227,42364.48802234654,0.28459991123333334,0.16107565651666667,0.7070829016218385,822.2,832.6203963951564,9.51648,4.9674702308497265
DJED,DJED,2025-11-05T00:00:00.000Z,2025-11-05,6778691.52177,6828320.68802867,4588528.951262,4622115.534916923,2190162.570508,2206205.1531117465,18193.419183,18394.358715355378,2875.323269,2896.1434617510413,2395.197166,2408.644213950645,0.2735772401,0.14814942998,0.6769064626318584,301.407359,304.29167722815026,11.8956,6.4161171764881155
DJED,DJED,2025-11-06T00:00:00.000Z,2025-11-06,6797523.73058,6808194.657345368,4436797.939335,4444279.71197928,2360725.791245,2363914.945366087,271237.170361,272895.58230388764,3305.927088,3311.446508066162,532.06719,535.255905728135,0.26483683655,0.13838306576666667,0.6527123861879398,70.5,70.46382808560081,8.32692,4.4398498315146755
DJED,DJED,2025-11-07T00:00:00.000Z,2025-11-07,6824765.382696,6857095.989232076,4349162.845404,4369780.041687268,2475602.537292,2487315.9475448085,0,0,3162.191444,3176.81627008327,0,0,0.2592607254666667,0.13217480796666667,0.6372649390975968,81.55,82.37226456975816,17.8434,10.103893968294704
DJED,DJED,2025-11-08T00:00:00.000Z,2025-11-08,6821658.148398,6827856.941936605,4385518.898654,4389461.499491337,2436139.249744,2438395.4424452684,567.672731,572.0242813302933,2644.643768,2646.944839472988,54.756834,55.17657781728496,0.26127991104,0.13438441786,0.6428799031710046,743.5,741.742165556526,4.75824,2.7370306144756
DJED,DJED,2025-11-09T00:00:00.000Z,2025-11-09,6838511.340934,6858919.729255872,4426494.470482,4439688.81963912,2412016.870452,2419230.909616751,0,0,3261.028961,3270.8480287404345,0,0,0.26286596,0.13612074676666666,0.6472900081249469,30,30.00479146385016,1.18956,0.688815140209978
DJED,DJED,2025-11-10T00:00:00.000Z,2025-11-10,6840205.436172999,6868423.554522562,4290538.853057,4307766.093293061,2549666.583116,2560657.4612295013,602221.953513,603891.0839754008,3217.820386,3230.1863295868484,22218.18106,22332.3185959501,0.25571284206666667,0.12860484905,0.6272255003976792,38,38.4519195547551,7.13736,4.202423741677524
DJED,DJED,2025-11-11T00:00:00.000Z,2025-11-11,6834622.000939,6842851.819738221,3829049.706468,3833652.5439299294,3005572.294471,3009199.275808292,10130.08,10134.44885737172,2110.441007,2112.3692425396002,1176.360075,1176.867410518127,0.23190273814,0.1039376669,0.5602433153615575,35,34.85222640429267,7.13736,4.1810625315845975
DJED,DJED,2025-11-12T00:00:00.000Z,2025-11-12,6806564.456597,6813874.132925456,3823412.737454,3827552.849364434,2983151.719143,2986321.283561022,6233.285459,6254.272135593377,2554.953436,2558.1894125932954,182.877651,182.72831563937854,0.23242352045,0.10444671771666666,0.561725363051682,17,16.99352623273221,3.56868,1.9816347328059543
DJED,DJED,2025-11-13T00:00:00.000Z,2025-11-13,6807263.096790001,6807800.404483897,3821250.716016,3821545.928645587,2986012.380774,2986254.4758383096,2858.157521,2842.974302369817,2109.916424,2109.6584681277313,646.047861,640.9897615792945,0.23229130106,0.10431725678,0.5613492150679341,4,3.997821360649986,1.18956,0.6272580568010618
DJED,DJED,2025-11-14T00:00:00.000Z,2025-11-14,6580121.326997001,6570157.897193346,3816066.724712,3810351.755105485,2764054.602285,2759806.142087861,17806.788722,17780.23414591731,2596.173474,2592.3876401837088,2576.804593,2574.742614370936,0.23907995398333334,0.11114087385,0.580563436251343,0,0,0,0
DJED,DJED,2025-11-15T00:00:00.000Z,2025-11-15,6354172.011322999,6363659.28344862,3795372.609074,3801035.7621976375,2558799.402249,2562623.521250983,13740.216654,13722.228123878676,2665.153961,2669.318190297,3551.060238,3545.261666187296,0.24499158091666667,0.11706757721666666,0.597303941461868,7,6.984227793150832,1.18956,0.5908980536910974
DJED,DJED,2025-11-16T00:00:00.000Z,2025-11-16,6308482.444528,6356190.720193943,3745325.102399,3773719.3703418477,2563157.342129,2582471.349852095,127797.069924,129092.18319667596,2220.749685,2238.0706134972306,2954.247976,2992.5518716142296,0.24372605744,0.11577030334,0.5937361560072728,10,10.15,1.18956,0.572963424396478
DJED,DJED,2025-11-17T00:00:00.000Z,2025-11-17,5484828.308144,5551568.439157882,3666823.820987,3711954.398852535,1818004.487157,1839614.0403053467,126623.742932,128274.64652306691,2783.863979,2817.9492381709333,4398.879692,4461.279715083122,0.27230507628333334,0.1474036221,0.6730126210351488,2.5,2.5375,1.18956,0.5885547415295828
DJED,DJED,2025-11-18T00:00:00.000Z,2025-11-18,5152851.112728,5223976.816886811,3518079.417986,3566660.3278224547,1634771.694742,1657316.489064356,26366.722996,26730.852211079076,2797.120416,2835.6498949296774,1233.093166,1249.062704697338,0.2757044307666667,0.15059930841666666,0.6827544979043797,10,10.142416958814369,2.37912,1.1223276286470498
DJED,DJED,2025-11-19T00:00:00.000Z,2025-11-19,5152471.702640001,5167089.0737064555,3490266.6640480002,3500102.4615052934,1662205.038592,1666986.6122011617,65305.003917,65435.28882890374,2284.469284,2290.720377068712,1586.16679,1595.4148521143652,0.2737535022,0.14835375424,0.6773903106875413,20,20.12719232083813,4.75824,2.182556055038172
DJED,DJED,2025-11-20T00:00:00.000Z,2025-11-20,5113990.21243,5161307.741471013,3420536.592917,3452156.9181268928,1693453.619513,1709150.8233441203,79572.927575,80234.34154388869,2686.649279,2711.187232805122,11899.502431,12005.955957184455,0.27065430728333334,0.14482358511666665,0.6688485329999917,17,17.192587347890797,3.56868,1.620290096349514
DJED,DJED,2025-11-21T00:00:00.000Z,2025-11-21,4992075.781591,5064939.85267322,3285662.647454,3333612.32480958,1706413.134137,1731327.5278636403,176436.736009,179033.7377163652,2226.188556,2258.675302322001,29243.505673,29653.886683056226,0.26680602884,0.1404946533,0.6582121886977681,33,33.495,3.56868,1.4394894843283172
DJED,DJED,2025-11-22T00:00:00.000Z,2025-11-22,4836612.917235,4887232.345718243,3194847.722665,3228297.585736037,1641765.19457,1658934.759982206,10827.062994,10974.123609596238,2498.177764,2524.435121326838,945.326724,955.7553554463607,0.2676709113333333,0.14146837108333332,0.6606022091885743,100,101.4262062842862,1.18956,0.4744413778856164
DJED,DJED,2025-11-23T00:00:00.000Z,2025-11-23,4844817.137974001,4854416.887143239,3196352.3842970002,3202656.143429272,1648464.753677,1651760.7437139677,0,0,2507.422256,2512.3070215658618,0,0,0.26738359133333334,0.14114831143333334,0.6598063442499672,6,5.999501569032512,1.18956,0.4917038673762122
DJED,DJED,2025-11-24T00:00:00.000Z,2025-11-24,4902617.831262,4924453.82144749,3197253.684499,3211482.8010933027,1705364.146763,1712971.020354187,1235.173368,1230.3242098766545,2101.894501,2111.6686364127786,749.806652,746.8629915295905,0.2646183393,0.1380572717,0.6521526016412422,7,7.065534898237532,4.75824,2.0155745338195152
DJED,DJED,2025-11-25T00:00:00.000Z,2025-11-25,4910284.843173999,4922142.900714288,3199570.6733529996,3207296.8392131813,1710714.169821,1714846.0615011065,0,0,2478.99244,2485.4038356104566,0,0,0.2644212051,0.13783874891666667,0.6516059549512889,0,0,0,0
DJED,DJED,2025-11-26T00:00:00.000Z,2025-11-26,4913994.999216,4947676.699682457,3200111.029567,3222035.776293087,1713883.969649,1725640.9233893703,3401.184187,3386.422852425122,2048.123998,2061.8386504007844,110.42828,109.9490149270178,0.26428346842,0.13768622736,0.6512239278116814,12,12.089833319211142,9.51648,4.02608495460754
DJED,DJED,2025-11-27T00:00:00.000Z,2025-11-27,4926043.659362,4982246.150912049,3199708.678247,3236189.818192074,1726334.981115,1746056.332719975,0,0,2478.378869,2506.499762983306,0,0,0.26368520603333334,0.13702657218333333,0.6495630236744429,6.25,6.309730882945835,5.9478,2.583067014520203
DJED,DJED,2025-11-28T00:00:00.000Z,2025-11-28,4971732.484578,4990237.246705696,3203759.140649,3215673.1591999,1767973.343929,1774564.0875057962,3198.096077,3218.7496517992795,2458.988469,2467.437935375497,1023.025301,1032.2884491094628,0.26182601985,0.13497830935,0.6444005813636455,102.5,102.26597654175113,3.56868,1.5186045498303586
DJED,DJED,2025-11-29T00:00:00.000Z,2025-11-29,4970720.278079,4997728.763944516,3211006.401897,3228411.759980822,1759713.876182,1769317.0039636944,2458.684499,2485.868647717514,2098.441958,2109.5151209025857,429.333921,434.0807997323809,0.26239849872,0.13560705864,0.6459912729548432,4,3.997060940581378,1.18956,0.4994947755248156
DJED,DJED,2025-11-30T00:00:00.000Z,2025-11-30,5000183.899706,5038546.219405599,3211824.708102,3236464.5994819617,1788359.191604,1802081.6199236368,0,0,2462.416523,2481.2189494963063,0,0,0.26108492861666666,0.13416452461666667,0.642341299988721,42,42.16223945844019,4.75824,2.018138584294581
DJED,DJED,2025-12-01T00:00:00.000Z,2025-12-01,4926567.216797,4954297.418524532,3167471.53207,3185257.638512742,1759095.684727,1769039.78001179,85670.194986,86276.81453239494,2445.150161,2459.286221962927,27238.094374,27509.318617408877,0.2612956627,0.13439647586666667,0.6429265677522886,0,0,0,0
DJED,DJED,2025-12-02T00:00:00.000Z,2025-12-02,4902024.706773,4969250.681455075,3131469.616308,3174414.660827997,1770555.090465,1794836.0206270777,3131.5457,3178.5188855,1996.078244,2023.3185034729336,7.046976,7.15268064,0.25981639638,0.1327791896,0.6388121942621021,46.45,47.14675,11.8956,4.9177684183383334
DJED,DJED,2025-12-03T00:00:00.000Z,2025-12-03,4896986.788325,4970218.275949736,3127836.3207239998,3174611.2312406227,1769150.467601,1795607.0447091134,8162.212328,8284.64551292,2417.422769,2453.5691039771045,508.640695,516.270305425,0.2597857009833333,0.13274568131666667,0.6387267910640908,57.474255,58.336368825,14.27472,6.275194965747631
DJED,DJED,2025-12-04T00:00:00.000Z,2025-12-04,4906358.398765,4957640.521970963,3129796.42697,3162515.4590208377,1776561.971795,1795125.062950126,0,0,2048.905266,2070.2636622089944,0,0,0.25949104446,0.13242486604,0.6379065073964713,19.5,19.778294468742406,4.75824,2.115255517739049
DJED,DJED,2025-12-05T00:00:00.000Z,2025-12-05,4894118.941124,4941004.270677761,3133617.056182,3163628.6446106117,1760501.884942,1777375.6260671492,62.658602,63.59848103,2424.342483,2447.9193206374784,62.658602,63.59848103,0.26034557491666666,0.13335668726666666,0.6402846138658651,6,6.053138311766562,1.18956,0.4992799514228703
DJED,DJED,2025-12-06T00:00:00.000Z,2025-12-06,4918152.572176,4962537.129685247,3136110.4800819997,3164415.5750515843,1782042.092094,1798121.5546336628,0,0,2421.788985,2443.3583054615488,0,0,0.25940400211666664,0.13233067721666666,0.6376638720288609,0,0,0,0
DJED,DJED,2025-12-07T00:00:00.000Z,2025-12-07,4975811.807829,5033209.369988612,3138413.6212609997,3174497.4863081607,1837398.186568,1858711.883680451,0,0,1999.849752,2022.909022695831,0,0,0.2570233844,0.12979384588,0.631006007631363,7.28,7.364368242174163,2.37912,1.0010536505076
DJED,DJED,2025-12-08T00:00:00.000Z,2025-12-08,5176782.60814,5249009.582152862,3139916.3610940003,3183729.9350372483,2036866.247046,2065279.6471156138,3386.989754,3437.79460031,2329.133797,2361.5305330199685,238.175483,241.748115245,0.24827466368333334,0.12047065771666667,0.6065387180077725,13.1,13.265429039195869,2.37912,1.029706986678
DJED,DJED,2025-12-09T00:00:00.000Z,2025-12-09,5186098.854083,5238826.798759999,3140608.200524,3172530.5163030047,2045490.653559,2066296.2824569936,1572.918986,1596.51277079,2328.342492,2352.151006343078,586.366469,595.161966035,0.24793461863333333,0.12011625686666667,0.6055832986111193,17.41,17.627660070093594,7.13736,3.3531624424392
DJED,DJED,2025-12-10T00:00:00.000Z,2025-12-10,5193091.316806,5262913.413336821,3142659.26741,3184915.641801336,2050432.049396,2077997.7715354855,509.072077,516.708158155,1922.883121,1948.5820929724418,410.100971,416.252485565,0.24778455692,0.11995981148,0.6051616994618837,5.963012,6.05245718,1.18956,0.5470812372408
DJED,DJED,2025-12-11T00:00:00.000Z,2025-12-11,5201800.406701,5222286.361366757,3144025.393186,3156407.631641009,2057775.013515,2065878.729725748,962.258449,974.7322265538514,2377.521608,2387.3009653964987,65.104744,66.08131516,0.2475174549,0.11968182363333334,0.6044110099228451,7.7,7.726921224730298,3.56868,1.5169667371440794
DJED,DJED,2025-12-12T00:00:00.000Z,2025-12-12,5202306.341076,5241167.2741582235,3144964.4086849997,3168464.708603179,2057341.932391,2072702.5655550447,803.033491,800.9099271391584,1923.156385,1937.7110713251443,87.9434,87.71084005308299,0.24756116152,0.11972742012,0.6045337869337881,0.35,0.35469,1.18956,0.4864943532
DJED,DJED,2025-12-13T00:00:00.000Z,2025-12-13,5141863.071885999,5140662.027298599,3144856.10272,3144122.817764937,1997006.969166,1996539.2095336614,0,0,2347.152003,2346.33125063807,0,0,0.25008410775,0.12236478616666667,0.611618074940993,0,0,0,0
DJED,DJED,2025-12-14T00:00:00.000Z,2025-12-14,5137046.927423,5155612.384977981,3141169.934139,3152545.9090334796,1995876.993284,2003066.4759445018,12155.62009,12279.60715379792,2349.477493,2357.77661986218,598.332744,606.65348903922,0.2500337579833333,0.12231243441666667,0.6114765393627438,30,30.45,1.18956,0.4876720176
DJED,DJED,2025-12-15T00:00:00.000Z,2025-12-15,5145102.15522,5193259.542238977,3138454.828609,3167828.3346605753,2006647.326611,2025431.2075784013,9345.23106,9387.0414675824,1936.317377,1954.3409313675,338.477351,339.7113743442,0.2495034208,0.1217554459,0.6099888277092991,0,0,0,0
DJED,DJED,2025-12-16T00:00:00.000Z,2025-12-16,5161677.467224,5204070.1057650875,3133598.6439219997,3159332.055657741,2028078.823302,2044738.0501073466,1738.405316,1749.7254316843,2346.442702,2366.22764853326,43.651376,43.9172377357,0.24847310026666666,0.12067882283333334,0.6070955110983411,10.1,10.18989,1.18956,0.4618704612
DJED,DJED,2025-12-17T00:00:00.000Z,2025-12-17,5192532.204054,5222006.202184718,3131922.511219,3149667.33448519,2060609.692835,2072338.8676995276,12493.160963,12638.55343692592,2334.374839,2347.39000692255,4010.991504,4061.22280168567,0.24707288125,0.119220536,0.6031607554533603,5,5.0275,1.18956,0.4496417844
DJED,DJED,2025-12-18T00:00:00.000Z,2025-12-18,5153628.994129,5172477.9845651705,3120202.3779539997,3131620.2672838657,2033426.616175,2040857.7172813048,50952.767212,51223.64441355632,1982.734301,1990.00076189055,19442.168052,19563.80632719512,0.247884367,0.12006533506,0.6054413003224608,0,0,0,0
DJED,DJED,2025-12-19T00:00:00.000Z,2025-12-19,5122474.97934,5144511.183204507,3066784.8071379997,3079958.209176999,2055690.172202,2064552.9740275084,22668.670537,22856.4307017053,2295.195507,2305.07281171995,8897.738314,8957.5483817393,0.2454854656,0.11757747105,0.598694294819087,0,0,0,0
DJED,DJED,2025-12-20T00:00:00.000Z,2025-12-20,5114123.060823,5165535.644270921,3063566.811464,3094357.115659607,2050556.249359,2071178.5286113136,0,0,2295.009127,2318.5156613308,0,0,0.24560877621666666,0.11770413516666667,0.5990417895394078,0,0,0,0
DJED,DJED,2025-12-21T00:00:00.000Z,2025-12-21,5132513.246005001,5203350.3181854505,3062486.150152,3104749.2590495376,2070027.095853,2098601.0591359125,2905.834805,2927.337982557,1890.096092,1916.05847111,2905.834805,2927.337982557,0.24477170994,0.11684134768,0.5966845464542665,12,12.18,1.18956,0.444241182
DJED,DJED,2025-12-22T00:00:00.000Z,2025-12-22,5124685.326555,5199253.554738685,3062656.348156,3107219.2667683405,2062028.978399,2092034.287970344,0,0,2290.620392,2324.0375527196,0,0,0.2451069053,0.11718641948333333,0.5976287181803436,0,0,0,0
DJED,DJED,2025-12-23T00:00:00.000Z,2025-12-23,5101400.277672,5123967.143846414,3060833.803396,3074355.1616508774,2040566.474276,2049611.9821955364,0,0,1948.093989,1956.77674702459,0,0,0.24595051522,0.1180577473,0.60000338909485,0,0,0,0
DJED,DJED,2025-12-24T00:00:00.000Z,2025-12-24,5088367.001727,5129676.5254323445,3059842.2785119996,3084678.9679742726,2028524.723215,2044997.5574580717,3349.184483,3346.63910279292,2304.839008,2323.6459934523,538.334207,537.92507300268,0.24642617161666666,0.1185493879,0.6013421123947519,0,0,0,0
DJED,DJED,2025-12-25T00:00:00.000Z,2025-12-25,5102460.520621,5112607.391481233,3061443.8850439996,3067530.307846031,2041016.635577,2045077.0836352014,209.627096,209.15124249208,2300.364602,2304.70020982994,30.535174,30.46585915502,0.24594693801666667,0.11805331633333334,0.5999937293449275,3,3.0126,1.18956,0.4239353928
DJED,DJED,2025-12-26T00:00:00.000Z,2025-12-26,5116565.027586,5155809.005833208,3063040.390674,3086563.6463846173,2053524.636912,2069245.35944859,242.185598,244.8012024584,1900.506029,1915.2138958207,22.743248,22.9888750784,0.24547441568,0.11756692724,0.5986627067380714,0,0,0,0
DJED,DJED,2025-12-27T00:00:00.000Z,2025-12-27,5143475.906026,5183074.404199148,3064691.758684,3088292.0162896113,2078784.147342,2094782.387909536,0,0,2290.547578,2308.2182278066,0,0,0.24447216526666668,0.116533188,0.5958406775233254,10,10.135,1.18956,0.434129922
DJED,DJED,2025-12-28T00:00:00.000Z,2025-12-28,5145885.341489,5181220.236239489,3067648.4727910003,3088713.055874276,2078236.868698,2092507.1803652132,0,0,2293.812049,2309.3202536969,0,0,0.24457705663333335,0.11664100365,0.5961362260148371,0,0,0,0
DJED,DJED,2025-12-29T00:00:00.000Z,2025-12-29,5146557.36118,5183089.738286229,3069688.498652,3091473.772169901,2076868.862528,2091615.9661163283,99.545124,100.0229405952,1896.580041,1909.99368166814,0.638463,0.6415276224,0.24469012338,0.11675728748,0.5964547739718273,4.8,4.83718,3.56868,1.3394921424
DJED,DJED,2025-12-30T00:00:00.000Z,2025-12-30,5141964.812849,5187302.266244419,3071547.556453,3098628.179588291,2070417.256396,2088674.0866561276,90,90.549,2299.684571,2319.7360065613,0.575519,0.5790296659,0.24500770915,0.11708422721666667,0.5973493451535602,0,0,0,0
DJED,DJED,2025-12-31T00:00:00.000Z,2025-12-31,5122095.114789,5146446.773431402,3071790.3027419997,3086403.5325212204,2050304.812047,2060043.240910181,28977.31658,29255.5639689728,2106.680269,2117.1320592113,9442.113373,9500.4033023006,0.2458485803,0.11795202138571428,0.599716699192778,25,25.07,2.37912,0.836379636
DJED,DJED,2026-01-01T00:00:00.000Z,2026-01-01,5094003.257335,5161422.135537086,3051522.28898,3091907.8859743704,2042480.968355,2069514.2495627154,2042.671492,2066.150214158,2310.958675,2341.3636472761,2042.671492,2066.150214158,0.24560884168333333,0.11770416543333333,0.5990419946371892,22.45,22.695575,3.56868,1.2066658728
DJED,DJED,2026-01-02T00:00:00.000Z,2026-01-02,5093264.728752,5159175.344711146,3046839.070097,3086265.393922091,2046425.658655,2072909.9507890556,1833.691575,1860.7209486386,1907.952161,1932.5272561723,1767.219017,1793.703315663,0.2453131346,0.11739893312,0.5982095049435039,12,12.1781,13.08516,4.9694106912
DJED,DJED,2026-01-03T00:00:00.000Z,2026-01-03,5110581.728369,5174289.950129984,3049488.388377,3087503.975644689,2061093.339992,2086785.974485295,0,0,2307.437576,2336.5290547548,0,0,0.24477774873333333,0.11684750685,0.5967015884345512,17.1,17.35224,5.9478,2.3365456476
DJED,DJED,2026-01-04T00:00:00.000Z,2026-01-04,5111541.134019,5187617.845686307,3051887.390838,3097309.666339686,2059653.743181,2090308.1793466213,2003.80287,2033.85991305,2357.679738,2392.7638549276,272.448491,276.535218365,0.244905272,0.11697909073333333,0.5970606247583982,20.75,21.06125,3.56868,1.4274838956
DJED,DJED,2026-01-05T00:00:00.000Z,2026-01-05,5149370.883601,5225286.539837606,3050741.4185659997,3095708.400310456,2098629.465035,2129578.1395271504,24978.19357,25352.86647355,1902.792143,1930.8752071477,3118.651037,3165.430802555,0.24328607666,0.11532490384,0.5924926231801239,25.28,25.5952,10.70604,4.3655900352
DJED,DJED,2026-01-06T00:00:00.000Z,2026-01-06,5173511.135761,5244131.084994843,3028045.278652,3069377.9524184945,2145465.857109,2174753.1325763483,219.92084,223.153676348,2263.279463,2294.1509361422,219.92084,223.153676348,0.24073664246666668,0.11272267276666667,0.585298990481572,60.57,61.47855,9.51648,4.0308954336
DJED,DJED,2026-01-07T00:00:00.000Z,2026-01-07,5168326.941880999,5208950.389828199,3035411.362066,3059269.149783407,2132915.579815,2149681.2400447917,280,283.192,1878.79302,1893.3194632744,15.111516,15.2837872824,0.24144842232,0.11344411406,0.5873102210566858,32.5,32.68105,4.75824,1.9353427464
DJED,DJED,2026-01-08T00:00:00.000Z,2026-01-08,5176061.33718,5222461.7640361,3038999.236035,3066246.8002020195,2137062.101145,2156214.963834081,0,0,2277.031082,2297.5236271364,0,0,0.24138320971666666,0.11337791251666667,0.5871260118403321,5.1,5.13468,1.18956,0.4753838628
DJED,DJED,2026-01-09T00:00:00.000Z,2026-01-09,5176979.945743,5202255.879332848,3041008.41587,3055841.462312946,2135971.529873,2146414.4170199013,0,0,2327.728907,2339.34117870986,0,0,0.24148389921666666,0.1134802419,0.587410371370468,0,0,0,0
DJED,DJED,2026-01-10T00:00:00.000Z,2026-01-10,5170309.283592001,5187548.594266894,3046614.759583,3056773.172049759,2123694.524009,2130775.4222171353,70.274174,70.3585030088,1889.909499,1896.59213316473,69.394605,69.477878526,0.24213604276,0.1141433062,0.5892519377721082,0,0,0,0
DJED,DJED,2026-01-11T00:00:00.000Z,2026-01-11,5172394.003745,5212997.485906485,3048250.616626,3072179.051365268,2124143.387119,2140818.4345412166,0,0,2289.912594,2307.5939149397,0,0,0.2421639438,0.11417172101666667,0.5893307007245837,5.6,5.6532,1.18956,0.468567684
DJED,DJED,2026-01-12T00:00:00.000Z,2026-01-12,5172299.738557,5201092.459516918,3050553.501665,3067535.851225091,2121746.236892,2133556.608291827,0,0,2292.846866,2305.4693499448,0,0,0.24232548465,0.1143362836,0.5897866940403189,0,0,0,0
DJED,DJED,2026-01-13T00:00:00.000Z,2026-01-13,5172787.805846,5208171.076740779,3052324.3111469997,3073203.5514282137,2120463.494699,2134967.525312565,0,0,1895.9884,1908.9120785012,0,0,0.24242705098,0.11443979788,0.5900733659120219,5.5,5.5825,1.18956,0.502470144
DJED,DJED,2026-01-14T00:00:00.000Z,2026-01-14,5165213.03585,5207047.872108434,3053950.801616,3078686.8551074862,2111262.234234,2128361.017000948,3236.394619,3282.3514225898,2299.443286,2317.817895406,98.634236,100.0348421512,0.2428453363,0.11486657763333333,0.5912537173475039,10,10.058,1.18956,0.4998174252
DJED,DJED,2026-01-15T00:00:00.000Z,2026-01-15,5171536.825692,5221707.506982794,3055381.8079899997,3085019.242812818,2116155.017702,2136688.2641699766,59.999998,60.3179979894,1950.361447,1969.0152581717,28.023842,28.1723683626,0.24268727178,0.11470526046,0.5908077019628755,3,3.0159,3.56868,1.4282927964
DJED,DJED,2026-01-16T00:00:00.000Z,2026-01-16,5176172.16574,5227331.0679635815,3057202.261591,3087417.209709692,2118969.904149,2139913.8582538893,0,0,2300.586834,2323.3378816603,0,0,0.24262427043333334,0.11464093183333333,0.5906299462685036,0,0,0,0
DJED,DJED,2026-01-17T00:00:00.000Z,2026-01-17,5161150.208572,5184719.859601833,3058793.134105,3072762.1821502475,2102357.074467,2111957.6774515854,1447.703416,1461.8909094768,2307.238728,2317.4856111857,295.856297,298.7556887106,0.24334289623333333,0.11537515,0.5926572662590572,4,4.03,1.18956,0.4787622132
DJED,DJED,2026-01-18T00:00:00.000Z,2026-01-18,5163570.57652,5183501.47706949,3060561.580939,3072373.6998536442,2103008.995581,2111127.777215846,1315.152709,1334.879999635,1907.718757,1915.1526240053,76.962535,78.116973025,0.24336582594,0.11539861958,0.5927219297743257,16.1,16.12343,2.37912,0.9363859452
DJED,DJED,2026-01-19T00:00:00.000Z,2026-01-19,5160090.556591,5215389.902429252,3060751.805259,3093561.854281176,2099338.751332,2121828.048148076,19256.951458,19525.5531656785,2320.640698,2345.6016671092,165.192853,167.5515508768,0.24352079445,0.11555797443333334,0.5931585420846703,20,20.098,2.37912,0.873018084
DJED,DJED,2026-01-20T00:00:00.000Z,2026-01-20,5167219.008045,5200059.102825554,3054447.74583,3073843.941730128,2112771.262215,2126215.1610954264,1260.52652,1271.6919550108,2316.592659,2331.2927491267,305.953637,308.2939818379,0.2427992206,0.11481994275,0.5911233518070076,0,0,0,0
DJED,DJED,2026-01-21T00:00:00.000Z,2026-01-21,5199828.489173,5244557.591641599,3055671.3598339995,3081951.24312628,2144157.129339,2162606.348515319,0,0,1954.834031,1971.7245307421001,0,0,0.24156830674,0.11356590762,0.5876488134956404,0,0,0,0
DJED,DJED,2026-01-22T00:00:00.000Z,2026-01-22,5206049.502271,5235631.338250338,3057703.203989,3075077.7791698063,2148346.298282,2160553.559080532,0,0,2305.593099,2318.80312499869,0,0,0.2414577428,0.1134535686,0.5873365531250551,8,8.004,1.18956,0.425981436
DJED,DJED,2026-01-23T00:00:00.000Z,2026-01-23,5209316.177337,5250990.7010951,3060407.644907,3084891.9564056364,2148908.53243,2166098.744689463,0,0,2307.945731,2326.7409578377,0,0,0.24151114738333335,0.11350780721666667,0.5874873942121873,14.451183,14.624597196,1.18956,0.4300735224
DJED,DJED,2026-01-24T00:00:00.000Z,2026-01-24,5209363.332262,5264895.186944127,3063380.913089,3096036.7581990575,2145982.419173,2168858.4287450695,0,0,1909.637015,1930.0501917497,0,0,0.24171135986,0.11371124232,0.5880528400367512,0,0,0,0
DJED,DJED,2026-01-25T00:00:00.000Z,2026-01-25,5207618.863376,5263767.540582571,3061754.5078539997,3094764.419539568,2145864.355522,2169003.1210430027,15079.335957,15251.2216650383,2311.862294,2336.9536725597,3999.647716,4034.9795302586,0.24167043206666666,0.11366967295,0.5879372410231628,1.05,1.05336,1.18956,0.40355823
DJED,DJED,2026-01-26T00:00:00.000Z,2026-01-26,5202115.118269,5252178.015633048,3057235.037765,3086644.649351896,2144880.080504,2165533.366281152,3473.571627,3508.0600956017,1911.184873,1929.6779010265,1942.018311,1967.1762931037,0.24158542946,0.1135842394,0.5876966515319089,22.75,22.783515,5.9478,2.0652902808
DJED,DJED,2026-01-27T00:00:00.000Z,2026-01-27,5240177.938917,5274415.664302913,3053696.664719,3073626.008236096,2186481.274198,2200789.6560668168,12064.985563,12114.4520038083,2297.862007,2312.8072104125,233.252006,234.2083392246,0.2398339008,0.11181031873333333,0.5827466980670124,3,3.0018,2.37912,0.8351187024
DJED,DJED,2026-01-28T00:00:00.000Z,2026-01-28,5236744.184139,5265371.9245537575,3040916.299805,3057542.8176687825,2195827.884334,2207829.1068849755,0,0,2284.544501,2296.9394587311,0,0,0.2391062807,0.11107700661666667,0.5806883740996553,12.7,12.7509,4.75824,1.6943378904
DJED,DJED,2026-01-29T00:00:00.000Z,2026-01-29,5217129.798966,5231766.063085004,3048768.820407,3057228.6944660004,2168360.978559,2174537.3686190033,11204.981451,11182.44935470103,1661.554959,1666.29408138782,5306.590181,5299.71563662025,0.24041686588,0.11240262306,0.5843931494625902,139.606,138.8004746,14.27472,4.7565984072
DJED,DJED,2026-01-30T00:00:00.000Z,2026-01-30,5178821.098746,5201676.782350583,3021999.794646,3035347.179706621,2156821.3041,2166329.6026439625,62992.49616,63069.75930750075,1995.885953,2005.126082253,11218.015922,11283.91634292075,0.2401106788875,0.1120913122375,0.583528516478686,4,4.028,1.18956,0.3825981828
DJED,DJED,2026-01-31T00:00:00.000Z,2026-01-31,5165770.606023001,5238483.874298891,2944578.961567,2986012.909780224,2221191.644456,2252470.964518667,167003.382934,169152.4530925791,1479.514551,1500.2994358083,72483.111754,73498.0428324306,0.2353281928,0.1073172393,0.5699740069079122,20,20.3,1.18956,0.337299738
DJED,DJED,2026-02-01T00:00:00.000Z,2026-02-01,5044503.353922,5116905.261306567,2833817.843436,2874480.7981746825,2210685.510486,2242424.463131884,18775.722466,19057.35830299,1095.913172,1111.6998539183,3240.134844,3288.73686666,0.2324415129,0.10446597235,0.5617756325709632,0.81,0.82215,2.37912,0.70302996
DJED,DJED,2026-02-02T00:00:00.000Z,2026-02-02,4919590.679806,4993384.540002413,2781400.480459,2823121.4876653776,2138190.199347,2170263.052337036,32178.8237,32661.506055500002,1095.766852,1112.20335478,4409.899974,4476.04847361,0.23371403663333334,0.10571475343333334,0.56539423809732,0.5,0.5075,1.18956,0.3457337184
DJED,DJED,2026-02-03T00:00:00.000Z,2026-02-03,4959554.3386039995,5028796.14275667,2771715.694685,2810407.270460116,2187838.643919,2218388.8722965536,5191.959583,5253.1161668808,897.080751,909.5546839325,131.246452,132.7123603204,0.2314194558,0.10346670406,0.5588671831443858,0,0,0,0
DJED,DJED,2026-02-04T00:00:00.000Z,2026-02-04,4953177.250937,5026732.181360673,2769232.3811950004,2810355.7341966475,2183944.869742,2216376.447164025,2934.2978,2977.0686521012,1082.637716,1098.729129869,2762.832375,2803.0312457262,0.23149481215,0.1035396727,0.55908201950179,0,0,0,0
DJED,DJED,2026-02-05T00:00:00.000Z,2026-02-05,4904651.8441,4969416.360352267,2719810.709981,2755736.1720761214,2184841.134119,2213680.1882761456,0,0,0,0,0,0,0.22988257365,0.1019796038,0.5544850132934391,0,0,0,0
DJED,DJED,2026-02-06T00:00:00.000Z,2026-02-06,4531170.340066,4599137.8951680055,2579835.072509,2618532.5985972444,1951335.267557,1980605.296570761,56942.017397,57796.147657955,733.665548,744.67053122,6465.089735,6562.066081025,0.23510743266,0.10708760502,0.569353509878991,54.24372,55.0573758,8.32692,2.2857871224
DJED,DJED,2026-02-07T00:00:00.000Z,2026-02-07,4557794.951209,4623506.13983109,2574765.835715,2611885.522038491,1983029.115494,2011620.6177925996,0,0,858.984037,871.4019879175,0,0,0.23354522026666666,0.10554676108333333,0.5649154860346518,0,0,0,0
DJED,DJED,2026-02-08T00:00:00.000Z,2026-02-08,4562624.423417,4630698.816944875,2571449.301969,2609815.3648308245,1991175.121448,2020883.4521140498,3718.596945,3774.375899175,705.458748,715.9886739292,3718.596945,3774.375899175,0.2330790026,0.10508881038,0.5635899704058223,0,0,0,0
DJED,DJED,2026-02-09T00:00:00.000Z,2026-02-09,4590600.533319999,4654483.597230962,2571248.617694,2607032.254780266,2019351.915626,2047451.3424506956,3801.940893,3858.674489279,850.405054,862.201018134,1194.937072,1212.8605160816,0.23185795805,0.10389447506666667,0.5601155552257779,22.5,22.807,3.56868,0.9588924204
DJED,DJED,2026-02-10T00:00:00.000Z,2026-02-10,4602947.127371,4666621.946075768,2571505.704458,2607077.0240006614,2031441.422913,2059544.922075107,797.727375,809.473285625,847.24875,858.9567265676,229.760185,233.2052511606,0.23134838036666666,0.10339702083333334,0.5586650328843129,30.8704,31.19145216,2.37912,0.6252565272
DJED,DJED,2026-02-11T00:00:00.000Z,2026-02-11,4604754.169488,4643697.821665938,2573616.354339,2595389.5946167605,2031137.815149,2048308.2270491775,110.065063,110.37149123368,700.842335,706.670324958,7.171458,7.15415785932,0.2314325431,0.10347906432,0.5589046691433485,0,0,0,0
DJED,DJED,2026-02-12T00:00:00.000Z,2026-02-12,4601558.799656,4638607.695770444,2576533.599506,2597276.5770174293,2025025.20015,2041331.118753015,0,0,851.204093,857.945519912,0,0,0.23179168981666667,0.10382930751666666,0.5599271879701857,20,20.186,1.18956,0.3065852988
DJED,DJED,2026-02-13T00:00:00.000Z,2026-02-13,4593954.112062,4649133.106276555,2570721.248455,2601485.733641252,2023232.863607,2047647.3726353033,1012.155225,1027.337553375,849.080239,859.3946012035,8.953909,9.088217635,0.23168828745,0.10373414436666667,0.5596296158872566,0,0,0,0
DJED,DJED,2026-02-14T00:00:00.000Z,2026-02-14,4507081.315729,4564773.079419926,2569111.026857,2601996.703673509,1937970.288872,1962776.3757464166,85,85.884,726.694292,735.954478189,2.218942,2.2420189968,0.23534124012,0.1073189865,0.5700172919636662,3,3.0429,3.56868,1.0224149244
DJED,DJED,2026-02-15T00:00:00.000Z,2026-02-15,4501201.337102,4540954.627083548,2571000.452344,2593709.4566068123,1930200.884758,1947245.1704767363,57.356247,58.216590705,859.501077,867.1072161442,57.356247,58.216590705,0.2357512651,0.10772533228333334,0.5711810357191811,3.2,3.24704,3.56868,1.0587559824
DJED,DJED,2026-02-16T00:00:00.000Z,2026-02-16,4518203.696137,4554444.631989045,2572477.49454,2593109.4667324433,1945726.201597,1961335.1652566015,0,0,709.016696,714.8326715508,0,0,0.23510989728,0.10709012804,0.569360460050511,0,0,0,0
DJED,DJED,2026-02-17T00:00:00.000Z,2026-02-17,4576087.103504,4612782.068008371,2573937.490245,2594570.624755643,2002149.613259,2018211.443252728,0,0,851.657076,858.457743653,0,0,0.2326873346,0.10470488878333334,0.5624759603271046,0,0,0,0
DJED,DJED,2026-02-18T00:00:00.000Z,2026-02-18,4575408.8963399995,4609571.076314945,2575551.0328369997,2594781.5757659297,1999857.863503,2014789.5005490147,0,0,851.382366,857.6438097615,0,0,0.23284050083333332,0.10485491023333333,0.5629116712367014,2.5,2.51275,1.18956,0.3267483408
DJED,DJED,2026-02-19T00:00:00.000Z,2026-02-19,4576917.840295,4620856.292952275,2577203.848646,2601945.050783647,1999713.991649,2018911.2421686281,0,0,722.515163,729.4420871076,0,0,0.23290221324,0.10491540374,0.5630871970943796,0,0,0,0
DJED,DJED,2026-02-20T00:00:00.000Z,2026-02-20,4578237.04994,4634395.889656755,2578644.990024,2610275.4958988456,1999592.059916,2024120.3937579098,0,0,852.858534,863.2555944009,0,0,0.23295584246666667,0.10496798835,0.563239724194053,0,0,0,0
DJED,DJED,2026-02-21T00:00:00.000Z,2026-02-21,4580124.727774,4616878.762175102,2580220.850102,2600926.1920070997,1999903.877672,2015952.570168002,0,0,853.518024,860.35696039165,0,0,0.23299519851666667,0.1050065844,0.5633516532526982,0,0,0,0
DJED,DJED,2026-02-22T00:00:00.000Z,2026-02-22,4581763.324038001,4606597.076467509,2581664.1194660002,2595657.2900147694,2000099.204572,2010939.78645274,0,0,705.574063,709.3583823619,0,0,0.23303511856,0.1050457408,0.5634651822011832,0,0,0,0
DJED,DJED,2026-02-23T00:00:00.000Z,2026-02-23,4570672.051766001,4598647.795004984,2583068.0081350002,2598876.136547154,1987604.043631,1999771.658457831,130.760405,131.623423673,856.134873,861.55703796758,24.085858,24.2448246628,0.23362441966666667,0.10562468031666666,0.5651405904247531,0.943632,0.9547668576,1.18956,0.3173508168
DJED,DJED,2026-02-24T00:00:00.000Z,2026-02-24,4569685.817044999,4586065.512962285,2586509.948049,2595779.1870392817,1983175.868996,1990286.325923004,0,0,859.266005,862.4070045994,0,0,0.23393213666666668,0.10592740473333333,0.5660152092315052,55.3,55.99925,2.37912,0.6139794984
DJED,DJED,2026-02-25T00:00:00.000Z,2026-02-25,4596342.078078,4647297.377842801,2591422.52054,2620136.3372548185,2004919.557538,2027161.0405879824,558.997333,567.382292995,710.31217,718.1465334668,263.934561,267.893579415,0.23315360686,0.1051621376,0.5638020541174821,11.3,11.469499999999998,2.37912,0.725453166
DJED,DJED,2026-02-26T00:00:00.000Z,2026-02-26,4596291.667502999,4602644.072412692,2593669.984146,2597254.049382246,2002621.683357,2005390.0230304454,0,0,860.336674,861.56816878457,0,0,0.23332741655,0.10533266831666667,0.5642963272003089,0,0,0,0
DJED,DJED,2026-02-27T00:00:00.000Z,2026-02-27,4593288.86063,4628197.682884618,2595425.5257130004,2615148.516946135,1997863.334917,2013049.1659384824,100.119822,100.6152653414,731.013328,736.0093161232,87.229928,87.6776787336,0.23359160025,0.10559227416666667,0.5650473751494426,8.5,8.510725,2.37912,0.6884459544
DJED,DJED,2026-02-28T00:00:00.000Z,2026-02-28,4588926.13476,4634890.374322402,2597109.676573,2623123.446344771,1991816.458187,2011766.9279776316,720.678147,729.0383154817,864.055962,872.5984539269,17.447289,17.5806786526,0.23390971061666666,0.10590524785,0.5659515209636309,2,2.0118,1.18956,0.3300196308
DJED,DJED,2026-03-01T00:00:00.000Z,2026-03-01,4558303.279777,4584822.081529898,2598415.7990309997,2613529.85810899,1959887.480746,1971292.2234209077,0,0,868.601451,873.5056550526,0,0,0.23534950171666666,0.10732713386666666,0.5700407625788166,0,0,0,0
DJED,DJED,2026-03-02T00:00:00.000Z,2026-03-02,4577224.268612,4607102.177945091,2599888.569911,2616854.989198633,1977335.698701,1990247.1887464582,0,0,716.611567,721.34882483339,0,0,0.23463284496,0.10661835306,0.5680059201755127,0,0,0,0
DJED,DJED,2026-03-03T00:00:00.000Z,2026-03-03,4572681.715794,4581010.367796771,2601410.277346,2606148.55894144,1971271.438448,1974861.808855331,0,0,868.701855,870.39508999846,0,0,0.23494858048333334,0.10693029498333333,0.5689025862375946,1.1,1.10198,1.18956,0.3141746916
DJED,DJED,2026-03-04T00:00:00.000Z,2026-03-04,4571529.28116,4607797.394639753,2602654.340489,2623301.6684348215,1968874.940671,1984495.7262049313,455.559269,460.0693057631,869.710754,876.6906556423,10.879051,10.9867536049,0.23509493786666666,0.1070750573,0.5693181392171895,1.83193,1.855928283,1.18956,0.3293058948
DJED,DJED,2026-03-05T00:00:00.000Z,2026-03-05,4579614.524970001,4594098.709426523,2603712.7825370003,2611946.563164577,1975901.742433,1982152.146261946,0,0,736.953572,739.28689837961,0,0,0.23482234098,0.10680549156,0.568544120260686,0,0,0,0
DJED,DJED,2026-03-06T00:00:00.000Z,2026-03-06,4584457.009001,4592319.775867714,2605184.911752,2609652.8156886008,1979272.097249,1982666.960179113,0,0,869.158722,870.72941909608,0,0,0.23472393355,0.10670825325,0.5682646577399221,0,0,0,0
DJED,DJED,2026-03-07T00:00:00.000Z,2026-03-07,4551919.196249001,4568550.305215493,2606661.276018,2616143.661335279,1945257.920231,1952406.6438802136,0,0,720.665697,723.32684154247,0,0,0.23627930388,0.10825363762,0.5726769320227787,0,0,0,0
DJED,DJED,2026-03-08T00:00:00.000Z,2026-03-08,4507480.655588,4518495.6860681735,2608208.5857570004,2614580.228104647,1899272.069831,1903915.4579635267,137.380462,138.2037016803,882.355619,884.36701858678,10.750427,10.8233087263,0.23838267148333334,0.11035020743333333,0.5786400171298413,3.583539,3.57884456391,3.56868,0.9006634584
DJED,DJED,2026-03-09T00:00:00.000Z,2026-03-09,4528957.783261,4544430.764593275,2609985.499026,2618961.846121082,1918972.284235,1925468.9184721934,101.997492,102.405481968,881.257958,884.13684789181,101.997492,102.405481968,0.23755595283333333,0.10952378665,0.5762975816144396,1.6,1.6176,1.18956,0.3059191452
DJED,DJED,2026-03-10T00:00:00.000Z,2026-03-10,4542803.554855,4545956.47598044,2611001.75395,2612793.3465667954,1931801.800905,1933163.129413645,9290.727465,9263.57710878272,744.106405,744.67046978257,654.495605,652.60353914259,0.23701350168,0.10898159212,0.5747605590192566,0.56,0.5576648,1.18956,0.3194444424
DJED,DJED,2026-03-11T00:00:00.000Z,2026-03-11,4511061.174267,4532379.06140228,2592220.311507,2604471.3759084097,1918840.86276,1927907.6854938704,33598.880026,33940.3045692447,867.409126,871.3747023842,1757.508304,1757.5547443217,0.23696909596666665,0.10893689416666667,0.5746349115549514,1.9,1.92311,2.37912,0.632191662
DJED,DJED,2026-03-12T00:00:00.000Z,2026-03-12,4498524.431175999,4520447.523279414,2570438.8115169997,2582947.600362475,1928085.619659,1937499.9229169386,974.377904,983.6322819039999,848.949517,853.0873788686,89.290749,90.1673241738,0.23582812985,0.1078020307,0.5713989026582229,0,0,0,0
DJED,DJED,2026-03-13T00:00:00.000Z,2026-03-13,4458121.026835,4475664.150875023,2571379.214481,2581163.801515307,1886741.812354,1894500.3493597163,197.999999,198.9701989951,701.366876,704.21719838257,135.366102,136.0293958998,0.2378092457,0.10980819256,0.5769978521701795,0,0,0,0
DJED,DJED,2026-03-14T00:00:00.000Z,2026-03-14,4188105.7076769997,4183183.0574740577,2556524.6251169997,2554065.494345259,1631581.08256,1629117.5631287987,33338.352441,33180.52057902376,899.430395,898.77722729869,8635.62989,8572.89294182326,0.24986878425,0.12220866626666667,0.6109751705567554,3.45,3.441168,1.18956,0.3083458476
DJED,DJED,2026-03-15T00:00:00.000Z,2026-03-15,3926340.1003460004,3935827.406355243,2523017.0585660003,2529092.0920381364,1403323.04178,1406735.314317107,97.999999,98.2253989977,741.257098,742.98302052582,0.289967,0.2906339241,0.26117717238,0.1342670965,0.6425969114404744,0,0,0,0
DJED,DJED,2026-03-16T00:00:00.000Z,2026-03-16,3915164.328066,3928809.1222824138,2521692.2983009997,2530460.441775582,1393472.029765,1398348.680506832,239.587654,239.08691580314,898.952967,901.92886617911,18.945904,18.90630706064,0.2617133748166667,0.13485422726666665,0.6440877871509084,0,0,0,0
DJED,DJED,2026-03-17T00:00:00.000Z,2026-03-17,3931975.0493409997,3948941.0703102956,2516826.5862189997,2527687.053961255,1415148.463122,1421254.0163490407,0,0,888.94021,892.7686289257,0,0,0.26027636283333333,0.13328072806666666,0.6400922701511217,1,0.99887,1.18956,0.336823914
DJED,DJED,2026-03-18T00:00:00.000Z,2026-03-18,3942865.791093,3950650.5965664214,2517050.7715000003,2522041.1159022776,1425815.019593,1428609.4806641438,100.541088,101.094063984,733.715427,735.19586888817,100.541088,101.094063984,0.25966320874,0.13261307486,0.6383853688001131,0,0,0,0
DJED,DJED,2026-03-19T00:00:00.000Z,2026-03-19,3973437.7229009997,3983561.853420456,2515846.482407,2522167.38657582,1457591.240494,1461394.4668446362,2156.863042,2155.77325617438,882.591436,884.6874885051,1484.74729,1486.93070788662,0.25781264983333335,0.13061345175,0.6332252363303768,0,0,0,0
DJED,DJED,2026-03-20T00:00:00.000Z,2026-03-20,4066952.4242549995,4087475.3100286196,2516240.3345069997,2528942.1552898185,1550712.089748,1558533.154738801,64.708702,64.8769446252,882.32318,886.89866766985,1.866322,1.8711744372,0.25261297305,0.12503430093333334,0.6187045621146593,0,0,0,0
DJED,DJED,2026-03-21T00:00:00.000Z,2026-03-21,4118343.292159,4132421.038311527,2517503.322605,2526143.110295377,1600839.969554,1606277.9280161497,580.357298,579.83744057168,707.931085,710.41347364872,20.387927,20.35126189644,0.24997658568,0.12225560904,0.6113143702633409,0,0,0,0
DJED,DJED,2026-03-22T00:00:00.000Z,2026-03-22,4120871.918512,4133124.6896402985,2518489.424927,2525989.9036739585,1602382.493585,1607134.7859663402,779.519024,774.7080962619,856.008852,858.59294181966,220.313848,218.63338941616,0.2499198057,0.12219259558333333,0.611156967213896,0,0,0,0
DJED,DJED,2026-03-23T00:00:00.000Z,2026-03-23,4134826.8656619997,4157962.7640675493,2523742.2846069997,2537859.395325315,1611084.581055,1620103.3687422343,0,0,708.405302,712.50941663012,0,0,0.24963651116,0.12189503728,0.610362279290319,55,55.407,1.18956,0.3007683504
DJED,DJED,2026-03-24T00:00:00.000Z,2026-03-24,4141724.723462,4146917.296522851,2526347.081514,2529514.8286146144,1615377.641948,1617402.4679082364,0,0,858.526318,859.28563849536,0,0,0.24949837355,0.12175015145,0.6099746653644421,0,0,0,0
DJED,DJED,2026-03-25T00:00:00.000Z,2026-03-25,4163936.245317,4184734.827611407,2526251.636732,2538882.5593104484,1637684.608585,1645852.2683009584,1189.847837,1201.5325027263002,874.787581,879.0700664712,740.86534,749.9010089940001,0.2483341127,0.12053375143333334,0.6067051201481196,0,0,0,0
DJED,DJED,2026-03-26T00:00:00.000Z,2026-03-26,4188173.5013729995,4189263.343719028,2526269.4387,2526926.3262970666,1661904.062673,1662337.0174219615,822.616981,821.81307754796,702.097805,702.1972711088,16.482356,16.4886592873,0.24708361242,0.1192309725,0.6031913225680269,0,0,0,0
DJED,DJED,2026-03-27T00:00:00.000Z,2026-03-27,4190963.7708400004,4202338.3074192405,2528381.346704,2535242.0837605936,1662582.424136,1667096.2236586465,391.338465,392.818810968,850.938119,853.30881769714,112.318602,112.7628031896,0.24712001378333334,0.11926880783333334,0.6032936560375183,50,50.215,1.18956,0.2933573916
DJED,DJED,2026-03-28T00:00:00.000Z,2026-03-28,4189072.698094,4189212.366286179,2533833.294811,2533912.1502242414,1655239.403283,1655300.2160619374,0,0,855.531747,855.55810376018,0,0,0.24768004886666667,0.11985110005,0.6048679487920757,0,0,0,0
DJED,DJED,2026-03-29T00:00:00.000Z,2026-03-29,4207022.774844,4216787.517679082,2534010.853468,2539904.834069288,1673011.921376,1676882.6836097944,3361.079126,3374.59811773472,705.145488,706.90842803215,776.247607,778.33527687084,0.24677826458,0.11891462358,0.6023323402969529,0,0,0,0
DJED,DJED,2026-03-30T00:00:00.000Z,2026-03-30,4216181.799169,4195176.220310707,2533407.056764,2520786.253538006,1682774.742405,1674389.9667727004,155.205333,155.09203310691,887.129267,884.37103900773,1.374889,1.37388533103,0.2462608566,0.1183780161875,0.6008771163831808,0,0,0,0
DJED,DJED,2026-03-31T00:00:00.000Z,2026-03-31,4212731.264299,4204343.341123603,2534919.770814,2529874.9270502753,1677811.493485,1674468.4140733276,0,0,703.689729,702.27977281413,0,0,0.2465644406,0.11869279588,0.6017309931529462,1,0.99075,1.18956,0.285672834
DJED,DJED,2026-04-01T00:00:00.000Z,2026-04-01,4225770.215784,4223415.204915947,2536360.465055,2534947.7112875115,1689409.750729,1688467.4936284358,0,0,869.013256,868.61203919673,0,0,0.2460247151,0.11813371808333334,0.6002126249599858,0,0,0,0
DJED,DJED,2026-04-02T00:00:00.000Z,2026-04-02,4216304.642709,4207992.570490702,2538667.700402,2533627.9457373084,1677636.942307,1674364.6247533937,0,0,703.630585,702.02964175179,0,0,0.24670314996,0.11883845828,0.6021201125767462,0,0,0,0
DJED,DJED,2026-04-03T00:00:00.000Z,2026-04-03,4184142.49082,4189436.7684511044,2538113.9609049996,2541328.844992997,1646028.529915,1648107.9234581073,1108.038595,1118.6483902728,858.002803,859.07426340596,1108.038595,1118.6483902728,0.2482976791,0.12049461665,0.6066033997680756,0,0,0,0
DJED,DJED,2026-04-04T00:00:00.000Z,2026-04-04,4189370.2202899996,4190375.950792702,2539315.4108869997,2539925.3731671423,1650054.809403,1650450.5776255599,325.294207,327.8315018146,857.388908,857.4755180253,25.178995,25.375391161,0.24813021475,0.12031992286666666,0.6061329664436179,0,0,0,0
DJED,DJED,2026-04-05T00:00:00.000Z,2026-04-05,4196887.1544200005,4208662.08064125,2540917.4552720003,2548048.432353708,1655969.699148,1660613.6482875422,4974.124827,5005.4618134101,708.610692,710.59228860106,366.180856,368.4877953928,0.24787978446,0.12005902672,0.6054292770191778,0,0,0,0
DJED,DJED,2026-04-06T00:00:00.000Z,2026-04-06,4201949.314004,4193454.746308894,2538183.896019,2533053.695133587,1663765.417985,1660401.0511753068,1850.747357,1851.4905446617,872.957125,871.26795733037,10.058476,10.0374319463,0.24738873531666666,0.1195480196,0.6040491540453473,0,0,0,0
DJED,DJED,2026-04-07T00:00:00.000Z,2026-04-07,4203748.052269001,4205952.577652525,2536733.085746,2538061.7392081805,1667014.966523,1667890.838444345,73.40363,73.087994391,851.289009,851.64721991363,73.40363,73.087994391,0.2471740594,0.11932490358333334,0.6034456359050423,0,0,0,0
DJED,DJED,2026-04-08T00:00:00.000Z,2026-04-08,4207836.689784,4207571.585658755,2529566.488035,2529412.7364182477,1678270.201749,1678158.849240508,14332.087039,14271.60563169542,697.803411,697.93955380192,14332.087039,14271.60563169542,0.24636041056,0.11848189412,0.6011567641525855,0,0,0,0
DJED,DJED,2026-04-09T00:00:00.000Z,2026-04-09,4213374.0689739995,4218510.122716263,2518150.3602919998,2521201.2312625167,1695223.708682,1697308.8914537462,10564.96638,10579.10852092315,832.604992,833.68781892067,341.570948,342.05061378806,0.24511687386666667,0.11719694938333333,0.5976566483823609,0,0,0,0
DJED,DJED,2026-04-10T00:00:00.000Z,2026-04-10,4212950.839358,4206742.7759802,2509278.173812,2505563.502811337,1703672.665546,1701179.2731688628,21243.212242,21213.69350686476,824.655999,823.39343192969,21.677092,21.64067448544,0.24439023756666667,0.1164498802,0.5956093293895524,0,0,0,0
DJED,DJED,2026-04-11T00:00:00.000Z,2026-04-11,4209267.6389419995,4211432.81923168,2496574.548989,2497852.0311728357,1712693.089953,1713580.7880588442,0,0,670.887516,671.33573922228,0,0,0.24350526486,0.1155415427,0.593115046337725,0,0,0,0
DJED,DJED,2026-04-12T00:00:00.000Z,2026-04-12,4191576.89841,4188956.563854404,2499680.282449,2498122.458161787,1691896.615961,1690834.105692617,2306.743933,2306.86375055782,817.255432,816.6788938577,387.110747,385.67499012191,0.2446562068,0.11672270175,0.5963590544906593,50,49.8415,1.18956,0.2865887952
DJED,DJED,2026-04-13T00:00:00.000Z,2026-04-13,4192857.1199860005,4196655.068106903,2502115.502592,2504386.607735845,1690741.617394,1692268.4603710584,241.049838,240.88592411016,694.493101,695.2127477227,0.907933,0.90731560556,0.24479735962,0.11686762982,0.5967568647270581,0.31,0.3087538,1.18956,0.2830676976
DJED,DJED,2026-04-14T00:00:00.000Z,2026-04-14,4136153.7534919996,4128775.780847545,2503465.554803,2499007.8453513216,1632688.198689,1629767.9354962234,0,0,827.188114,825.85092309148,0,0,0.24782143065,0.11999832978333333,0.6052652542047813,0,0,0,0
DJED,DJED,2026-04-15T00:00:00.000Z,2026-04-15,4148738.161289,4155141.8786605103,2504925.287313,2508791.5151128704,1643812.873976,1646350.3635476402,155.928354,156.0530966832,827.552614,828.70707028382,4.360637,4.3641255096,0.24729299785,0.11944846088333333,0.6037800392785763,0.3,0.30024,1.18956,0.2854706088
DJED,DJED,2026-04-16T00:00:00.000Z,2026-04-16,4151924.480966,4153698.7109278617,2506249.78025,2507321.9247275176,1645674.700716,1646376.786200344,0,0,683.745862,683.92645292946,0,0,0.2472416617,0.11939512016,0.603635710411999,0,0,0,0
DJED,DJED,2026-04-17T00:00:00.000Z,2026-04-17,4161878.458734,4173274.2592866784,2505993.317088,2512851.4766487572,1655885.141646,1660422.7826379212,2083.169531,2078.1699241256,825.796688,828.05827120902,396.820166,395.8677976016,0.2467066086,0.11883990443333334,0.6021310308351676,0,0,0,0
DJED,DJED,2026-04-18T00:00:00.000Z,2026-04-18,4192065.4424679996,4180640.6982387775,2505593.581866,2498732.377958891,1686471.860602,1681908.3202798865,1707.762704,1701.25215574926,821.692173,819.39577115328,177.613127,176.97727200534,0.24513998085,0.11722364471666667,0.5977201169881288,0,0,0,0
DJED,DJED,2026-04-19T00:00:00.000Z,2026-04-19,4230734.323909,4212211.548683147,2506669.795692,2495695.1044983966,1724064.528217,1716516.44418475,472.748197,469.31512246921,690.811107,687.87036375305,67.829531,67.29044620775,0.2432837574,0.1153146472,0.5924904743783176,0,0,0,0
DJED,DJED,2026-04-20T00:00:00.000Z,2026-04-20,4220974.975404,4226967.794266682,2507713.043847,2511265.301184188,1713261.931557,1715702.4930824938,0,0,816.27545,817.30106670475,0,0,0.24385758366666666,0.115902446,0.5941084514573055,0,0,0,0
DJED,DJED,2026-04-21T00:00:00.000Z,2026-04-21,4223094.644431,4222182.596859987,2509174.688594,2508632.5329916948,1713919.955837,1713550.0638682921,0,0,674.989059,674.95220649973,0,0,0.24387422592,0.1159193609,0.5941554502919487,0,0,0,0
DJED,DJED,2026-04-22T00:00:00.000Z,2026-04-22,4220282.240482,4223726.964101476,2510069.038278,2512125.4623466493,1710213.202204,1711601.5017548264,1737.044444,1726.5353251138,817.846432,818.60790766272,17.662418,17.5555603711,0.24408990068333333,0.11614061088333333,0.5947633927691841,0,0,0,0
DJED,DJED,2026-04-23T00:00:00.000Z,2026-04-23,4225896.594652,4207009.166429743,2510476.604454,2499255.7030762327,1715419.990198,1707753.4633535102,116.295899,116.3307877697,816.999244,813.43962739792,116.295899,116.3307877697,0.2438438273,0.11588821363333333,0.5940697422073465,0,0,0,0
DJED,DJED,2026-04-24T00:00:00.000Z,2026-04-24,4231807.928739,4236784.045250382,2511866.090403,2514820.7207808034,1719941.838336,1721963.3244695787,0,0,692.41135,693.20409525344,0,0,0.2436658914,0.11570584152,0.5935680866255333,0,0,0,0
DJED,DJED,2026-04-25T00:00:00.000Z,2026-04-25,4231657.998517999,4227384.590924239,2513329.219904,2510791.006396603,1718328.778614,1716593.5845276364,0,0,817.576504,816.88538580196,0,0,0.24379598036666666,0.11583914763333333,0.5939348616678476,0,0,0,0
DJED,DJED,2026-04-26T00:00:00.000Z,2026-04-26,4246251.035611,4236037.329032994,2514927.796889,2508878.3830669755,1731323.238722,1727158.9459660186,0,0,816.637578,814.70854099183,0,0,0.24320564845,0.11523476201666667,0.5922701661565833,0,0,0,0
DJED,DJED,2026-04-27T00:00:00.000Z,2026-04-27,4248413.245678,4241267.24955218,2516389.9487030003,2512157.499696133,1732023.296975,1729109.7498560466,0,0,674.82054,673.63552717763,0,0,0.24322079984,0.1152502549,0.5923129026483547,0,0,0,0
DJED,DJED,2026-04-28T00:00:00.000Z,2026-04-28,4249675.066366,4244456.229193497,2517857.71148,2514766.723459744,1731817.354886,1729689.505733753,0,0,817.484914,816.50037658093,0,0,0.24328089603333333,0.11531172151666666,0.5924824034718128,0,0,0,0
DJED,DJED,2026-04-29T00:00:00.000Z,2026-04-29,4253027.513735999,4249740.086249141,2518284.6443149997,2516331.510951759,1734742.869421,1733408.5752973824,3241.653294,3232.53669260538,817.97679,817.30432049958,104.521387,104.29635593106,0.24315130628333334,0.11517938251666666,0.5921167819888833,30,29.8971,1.18956,0.2840788236
DJED,DJED,2026-04-30T00:00:00.000Z,2026-04-30,4259444.100246999,4261515.608601347,2506848.77249,2508068.401381476,1752595.327757,1753447.2072198703,6733.502809,6749.6632157416,667.84131,668.16924828323,349.205164,350.0432563936,0.24188353702,0.11388632786,0.5885390314317581,0,0,0,0
DJED,DJED,2026-05-01T00:00:00.000Z,2026-05-01,4261427.697193,4264975.833385236,2507296.267502,2509383.8465982135,1754131.429691,1755591.9867870219,0,0,805.049052,805.66451930474,0,0,0.2418236781857143,0.11382544067142857,0.5883700124606464,0,0,0,0
DJED,DJED,2026-05-02T00:00:00.000Z,2026-05-02,4266081.327715,4264271.252441584,2508732.1598710003,2507660.2343263878,1757349.167844,1756611.0181151961,0,0,682.785785,682.56284044296,0,0,0.24171568762,0.11371567376,0.5880650436615567,0,0,0,0
DJED,DJED,2026-05-03T00:00:00.000Z,2026-05-03,4268975.289348001,4268825.12284366,2510170.874892,2510084.1936329613,1758804.414456,1758740.9292106992,34.221761,34.3278484591,805.426774,805.43882688376,34.221761,34.3278484591,0.2416938141,0.11369343303333333,0.5880032762309105,0,0,0,0
DJED,DJED,2026-05-04T00:00:00.000Z,2026-05-04,4264365.790010001,4251964.452024862,2511734.3923560004,2504425.1340979068,1752631.397654,1747539.3179269552,0,0,806.872538,804.42963008592,0,0,0.242048948,0.11405474485,0.5890059983361475,0,0,0,0
DJED,DJED,2026-05-05T00:00:00.000Z,2026-05-05,4257863.848886,4269307.191155066,2513189.5922600003,2519944.5375248855,1744674.256626,1749362.6536301803,124.681628,125.5716540936,668.321426,670.18165414966,124.681628,125.5716540936,0.2424884555,0.11450241112,0.5902466635942423,0,0,0,0
DJED,DJED,2026-05-06T00:00:00.000Z,2026-05-06,4226485.212851,4228538.343577078,2514527.198417,2515674.052312783,1711958.014434,1712864.2912642944,0,0,811.783188,812.07839104265,0,0,0.24418901865,0.1162562982,0.5950349865776237,0,0,0,0
DJED,DJED,2026-05-07T00:00:00.000Z,2026-05-07,4156572.364205,4157181.5863611633,2516643.420337,2517012.291858809,1639928.943868,1640169.2945023545,0,0,826.405184,826.51407299008,0,0,0.24789115665,0.12007079935,0.6054612735474945,10,9.987,1.18956,0.3187188108
DJED,DJED,2026-05-08T00:00:00.000Z,2026-05-08,4160391.0091230003,4168162.204582939,2518648.397415,2523354.044533693,1641742.611708,1644808.1600492457,0,0,701.170027,702.4777871944,0,0,0.24786487826,0.1200434291,0.605387429786503,0,0,0,0
DJED,DJED,2026-05-09T00:00:00.000Z,2026-05-09,4160823.4921390004,4150745.4138083253,2520138.2433450003,2514031.7013218943,1640685.248794,1636713.712486431,0,0,827.92959,825.95609879067,0,0,0.24796993976666667,0.12015288056666666,0.6056826448136804,0,0,0,0
DJED,DJED,2026-05-10T00:00:00.000Z,2026-05-10,4165618.530072,4168032.696890302,2521598.823909,2523058.1142655136,1644019.706163,1644974.5826247884,50,50.1,684.034753,684.56317791095,50,50.1,0.247846586,0.12002437772,0.6053360270145812,0,0,0,0
DJED,DJED,2026-05-11T00:00:00.000Z,2026-05-11,4165742.2284609997,4177010.048286956,2523009.2685559997,2529833.935486852,1642732.959905,1647176.1128001036,392.378672,391.64100009664,828.644498,830.9630457173699,12.554074,12.53047234088,0.24796071613333334,0.12014328748333333,0.6056567181295848,0,0,0,0
DJED,DJED,2026-05-12T00:00:00.000Z,2026-05-12,4164276.7726610005,4158400.526254537,2523604.857323,2520042.751688844,1640671.915338,1638357.774565693,850,848.062,828.997796,827.63450295251,27.904997,27.84137360684,0.24808743296666666,0.12027532505,0.6060127686890872,0,0,0,0
DJED,DJED,2026-05-13T00:00:00.000Z,2026-05-13,4165452.089637,4155519.526946743,2524959.173705,2518937.838148294,1640492.915932,1636581.6887984492,183,182.33388,685.303902,683.65704988502,34.672594,34.54638575784,0.24814229254,0.12033251536,0.6061668985042995,0,0,0,0
DJED,DJED,2026-05-14T00:00:00.000Z,2026-05-14,4165162.2844470004,4173538.753160882,2526279.139239,2531371.9343450693,1638883.145208,1642166.8188158122,0,0,848.153076,849.880940743,0,0,0.24827025238333333,0.12046603373333334,0.6065263383307203,0,0,0,0
DJED,DJED,2026-05-15T00:00:00.000Z,2026-05-15,4144546.6910459995,4137267.0655529704,2527922.2567209997,2523490.7577084694,1616624.434325,1613776.3078445012,0,0,833.956236,832.61025563317,0,0,0.24948833906666668,0.1217406885,0.6099459186788437,0,0,0,0
DJED,DJED,2026-05-16T00:00:00.000Z,2026-05-16,4139837.530884,4129033.63850098,2525157.804972,2518567.6536683226,1614679.725912,1610465.9848326577,539.494276,536.931678189,689.971719,688.12823187133,111.868082,111.3367086105,0.24949511052,0.12174679142,0.6099654747460508,3,2.9778,1.18956,0.3013274436
DJED,DJED,2026-05-17T00:00:00.000Z,2026-05-17,4140558.3789870003,4128075.4186363765,2525536.720466,2517921.985059926,1615021.658521,1610153.4335764507,0,0,831.746747,829.33973909356,0,0,0.24949007321666666,0.12174154888333333,0.6099513173575554,0,0,0,0
DJED,DJED,2026-05-18T00:00:00.000Z,2026-05-18,4136691.409445,4119768.529485484,2527042.251985,2516705.138316665,1609649.15746,1603063.3911688193,0,0,688.562801,685.83357628179,0,0,0.24982283514,0.1220904749,0.6108850975651612,0,0,0,0
DJED,DJED,2026-05-19T00:00:00.000Z,2026-05-19,4139491.3025780004,4133547.240400739,2528549.63162,2524916.6494561825,1610941.670958,1608630.5909445568,0,0,834.095136,832.74111624786,0,0,0.24980529758333334,0.12207204575,0.610835906622576,0,0,0,0
DJED,DJED,2026-05-20T00:00:00.000Z,2026-05-20,4144811.0960299997,4146082.577329116,2530173.166173,2530949.305678012,1614637.929857,1615133.271651104,99.999997,100.4099969877,852.236134,852.52070639047,58.358773,58.5980439693,0.24966546963333333,0.12192534793333333,0.6104435714326353,0,0,0,0
DJED,DJED,2026-05-21T00:00:00.000Z,2026-05-21,4148616.104749,4150801.4922770467,2531612.305943,2532944.597410742,1617003.798806,1617856.8948663047,0,0,689.272145,689.60493269438,0,0,0.24958957714,0.12184576562,0.6102306074493714,4.4,4.41892,1.18956,0.300185466
DJED,DJED,2026-05-22T00:00:00.000Z,2026-05-22,4165988.6055819998,4158610.80759111,2533562.544803,2529085.6594328736,1632426.060779,1629525.1481582364,0,0,833.756218,832.21603008065,0,0,0.24885137805,0.12107346836666667,0.6081581314152723,0,0,0,0
DJED,DJED,2026-05-23T00:00:00.000Z,2026-05-23,4191682.02905,4188298.5116188442,2534382.0486999997,2532334.6600019946,1657299.98035,1655963.8516168497,929.017401,929.08983088512,829.186617,828.46805113367,301.665817,301.99346943122,0.24759244393333332,0.1197598351,0.604621785254744,0,0,0,0
DJED,DJED,2026-05-24T00:00:00.000Z,2026-05-24,4195960.630988,4184195.8996646795,2535771.64244,2528661.7402534424,1660188.988548,1655534.1594112369,0,0,684.997886,683.04978833522,0,0,0.24749090308,0.11965420482,0.6043363777270901,0,0,0,0
DJED,DJED,2026-05-25T00:00:00.000Z,2026-05-25,4195235.695574,4189440.5339169307,2537201.374573,2533694.98085536,1658034.321001,1655745.5530615703,169.38357,168.94344784991998,830.007354,828.9802739829399,96.5446,96.30405662771999,0.24764934086666668,0.11981905198333333,0.6047816932691006,0,0,0,0
DJED,DJED,2026-05-26T00:00:00.000Z,2026-05-26,4197495.451027,4196780.855177658,2538606.42734,2538176.120115637,1658889.023687,1658604.7350620213,0,0,704.219721,704.03921858238,0,0,0.24765256986,0.11982239794,0.6047907763951859,0,0,0,0
DJED,DJED,2026-05-27T00:00:00.000Z,2026-05-27,4194704.616043,4194498.155897979,2539537.129973,2539414.0832644575,1655167.48607,1655084.0726335214,854.485294,853.47700135308,831.20789,831.1863783014201,81.716607,81.62018140374,0.24787476325,0.12005375008333333,0.6054151930670779,0,0,0,0
DJED,DJED,2026-05-28T00:00:00.000Z,2026-05-28,4187363.60045,4179853.115104396,2540448.75362,2535888.45302198,1646914.84683,1643964.6620824162,2160.116613,2158.71958506055,832.318932,830.71435784109,1031.81602,1033.24131549684,0.24833118431666668,0.12053004893333333,0.6066972538339216,0,0,0,0
DJED,DJED,2026-05-29T00:00:00.000Z,2026-05-29,4179235.4502219995,4151077.626303048,2541512.840583,2524386.7224258785,1637722.609639,1626690.9038771696,234.467595,233.96817902265,689.493269,684.87809687675,3.314789,3.30772849943,0.24884080951666668,0.12106182698333333,0.6081287853705719,0,0,0,0
DJED,DJED,2026-05-30T00:00:00.000Z,2026-05-30,4179969.034658,4159085.5026819427,2542582.00507,2529878.5221976237,1637387.029588,1629206.980484319,248.368759,249.1387021529,834.917126,830.71232616976,248.368759,249.1387021529,0.24889385118333332,0.1211172702,0.608277725516815,0,0,0,0
DJED,DJED,2026-05-31T00:00:00.000Z,2026-05-31,4183641.210317,4173759.241796557,2543857.136938,2537849.275577283,1639784.073379,1635909.9662192736,0,0,835.214102,833.10685051372,0,0,0.24881225306666666,0.12103195855,0.6080486098954981,0,0,0,0
DJED,DJED,2026-06-01T00:00:00.000Z,2026-06-01,4185460.5208899993,4185592.0782107254,2542846.3689289996,2542924.095813483,1642614.151961,1642667.9823972427,4667.121436,4668.93898788834,706.668699,706.6032332145201,1606.533422,1605.38666945283,0.24863212604,0.12084376922,0.6075427642950818,0,0,0,0
DJED,DJED,2026-06-02T00:00:00.000Z,2026-06-02,4181982.573399,4163850.443828326,2522319.097501,2511352.918242886,1659663.475898,1652497.52558544,88321.769209,88109.52143761978,817.878071,814.33657630725,57895.553257,57772.98710270591,0.24706473861666667,0.11922120106666667,0.603132784270732,0,0,0,0
DJED,DJED,2026-06-03T00:00:00.000Z,2026-06-03,4119253.623014,4124195.05249017,2449759.789966,2452670.0467242263,1669493.833048,1671525.0057659436,12269.073727,12232.04723279612,758.114834,759.09820148629,6791.81955,6759.47268308506,0.24407575926666666,0.11612805416666666,0.5947224448879724,0,0,0,0
DJED,DJED,2026-06-04T00:00:00.000Z,2026-06-04,4036164.842498,4026975.296732785,2393663.971707,2388264.9272555998,1642500.870791,1638710.3694771854,98184.507788,98618.92765029173,604.316354,602.97678670348,29395.810003,29731.37590806221,0.24348400822,0.11552264228,0.5930535093709552,0,0,0,0
DJED,DJED,2026-06-05T00:00:00.000Z,2026-06-05,3678772.679604,3673478.291745165,2276669.384511,2273304.7132754466,1402103.295093,1400173.5784697183,146841.044992,147062.9514442375,686.346256,685.07078311147,64993.221017,65214.50688925697,0.25293315071666667,0.12545889906666666,0.6195537027173074,51.5,51.32985,2.37912,0.3837877428
DJED,DJED,2026-06-06T00:00:00.000Z,2026-06-06,3552210.95201,3512364.6012425916,2193946.3113180003,2169363.8746483093,1358264.640692,1343000.726594282,8999.994372,8903.36018195905,519.775768,514.00669168226,71.970878,71.43392186056,0.25223042468,0.12462961512,0.6176330478009074,3,2.98251,1.18956,0.1912098744
DJED,DJED,2026-06-07T00:00:00.000Z,2026-06-07,3520208.729558,3477077.0276323226,2192721.490862,2165845.9298754865,1327487.238696,1311231.097756836,1403.499196,1383.73792732032,614.065283,606.42305231402,2.032515,2.0038971888,0.2541131574666667,0.12663097303333334,0.6229011963322091,0,0,0,0
DJED,DJED,2026-06-08T00:00:00.000Z,2026-06-08,3537181.888905,3487108.927243625,2193681.136595,2162629.6257081116,1343500.75231,1324479.3015355133,97.714026,96.24831560999999,614.626196,605.92495252755,34.72289,34.20204665,0.2531480752,0.12560594826666666,0.6202002825714265,0,0,0,0
DJED,DJED,2026-06-09T00:00:00.000Z,2026-06-09,3545437.684939,3495867.5838308893,2194923.979255,2164239.1528459974,1350513.705684,1331628.4309848917,0,0,505.967417,498.89961803222,0,0,0.2527495865,0.12517964576,0.6190867567513985,0,0,0,0
DJED,DJED,2026-06-10T00:00:00.000Z,2026-06-10,3540449.2326540006,3498600.5457799686,2196250.9900720003,2170291.5412021033,1344198.242582,1328309.0045778656,0,0,614.758533,607.50858897161,0,0,0.25319592311666667,0.12565396646666666,0.6203357452655541,0,0,0,0
DJED,DJED,2026-06-11T00:00:00.000Z,2026-06-11,3562876.286163,3516755.413209288,2197694.333414,2169245.7408386236,1365181.952749,1347509.6723706643,0,0,611.908648,604.02283984787,0,0,0.2519440504,0.1243256213,0.6168314976414784,0,0,0,0
DJED,DJED,2026-06-12T00:00:00.000Z,2026-06-12,3560234.2025889996,3520759.27817943,2198511.229907,2174134.4940470154,1361722.972682,1346624.7841324145,609.674605,601.87686680205,505.973966,500.45490353369,38.308516,37.81855008036,0.25218953792,0.1245855083,0.6175189983199797,0,0,0,0
DJED,DJED,2026-06-13T00:00:00.000Z,2026-06-13,3557175.399808,3510593.587237072,2199037.731288,2170240.9703367017,1358137.66852,1340352.6169003702,120,118.2,612.812644,604.75421078947,120,118.2,0.25243192835,0.12484228231666666,0.6181977335461522,0,0,0,0
DJED,DJED,2026-06-14T00:00:00.000Z,2026-06-14,3535382.633587,3485244.8331803964,2200291.370201,2169091.259407697,1335091.263386,1316153.5737726996,0,0,521.665282,514.27813694794,0,0,0.25392709846,0.1264343839,0.6223799157353744,0,0,0,0
DJED,DJED,2026-06-15T00:00:00.000Z,2026-06-15,3521721.942473,3481313.280335111,2201628.620785,2176368.5595883364,1320093.321688,1304944.7207467747,0,0,619.004027,611.96569936295,0,0,0.2549199866833333,0.12749201176666666,0.6251569454805658,0,0,0,0
DJED,DJED,2026-06-16T00:00:00.000Z,2026-06-16,3519168.136504,3475544.5205337703,2203087.5203029998,2175776.420368162,1316080.616201,1299768.100165608,0,0,619.742503,612.12879007613,0,0,0.2552314473166667,0.12782578601666666,0.6260269643283886,0,0,0,0
DJED,DJED,2026-06-17T00:00:00.000Z,2026-06-17,3519075.632655,3467607.129087228,2204434.400771,2172192.4739541244,1314641.231884,1295414.6551331035,0,0,526.489385,518.79389524536,0,0,0.25537380256,0.12797805608,0.6264247697476352,0,0,0,0
DJED,DJED,2026-06-18T00:00:00.000Z,2026-06-18,3509800.191512,3461111.8008598136,2205785.3705889997,2175179.627499089,1304014.820923,1285932.1733607247,0,0,635.635709,626.75951983295,0,0,0.25610695233333336,0.12876601728333334,0.6284714471002804,0,0,0,0
DJED,DJED,2026-06-19T00:00:00.000Z,2026-06-19,3497743.13659,3449397.3125230847,2207157.7916369997,2176650.548407272,1290585.344953,1272746.7641158125,0,0,516.353615,509.19506709385,0,0,0.25702119978,0.1297491151,0.631023403963781,0,0,0,0
DJED,DJED,2026-06-20T00:00:00.000Z,2026-06-20,3496300.50598,3445347.1702451487,2208510.767106,2176325.6513359123,1287789.738874,1269021.5189092364,0,0,625.859354,616.75032615394,0,0,0.25725334451666665,0.12999960616666667,0.6316709157127707,0,0,0,0
DJED,DJED,2026-06-21T00:00:00.000Z,2026-06-21,3495011.883358,3460642.722156982,2209997.3597399998,2188271.568209015,1285014.523618,1272371.153947967,0,0,626.813085,620.46955391739,0,0,0.2574893738833333,0.13025447241666666,0.6323291609496223,0,0,0,0
DJED,DJED,2026-06-22T00:00:00.000Z,2026-06-22,3493441.847519,3445218.418357377,2211354.444125,2180828.963079028,1282087.403394,1264389.4552783489,0,0,532.248017,524.89605017181,0,0,0.2577305472,0.13051508868,0.633001643407581,0,0,0,0
DJED,DJED,2026-06-23T00:00:00.000Z,2026-06-23,3489845.245979,3442635.3179123937,2210901.1093719997,2180992.1837577904,1278944.136607,1261643.1341546034,10520.909887,10363.24553527874,627.758421,619.27153882353,351.25506,346.06427043664,0.25791915358333334,0.1307199819,0.633526950638487,0,0,0,0
DJED,DJED,2026-06-24T00:00:00.000Z,2026-06-24,3473999.95362,3433132.321597999,2202888.936042,2176974.571209241,1271111.017578,1256157.7503887576,3489.560977,3450.7525692546,621.195791,613.85161581818,621.640025,616.06913091799,0.25812790525,0.1309452981,0.6341091758777025,0,0,0,0
DJED,DJED,2026-06-25T00:00:00.000Z,2026-06-25,3454471.390637,3405431.2233522385,2201958.002761,2170694.578521219,1252513.387876,1234736.6448310192,378.0951,373.939834851,514.527156,507.18900934212,35.965629,35.57036673729,0.25931823678,0.13223725852,0.6374251347955714,0,0,0,0
DJED,DJED,2026-06-26T00:00:00.000Z,2026-06-26,3441840.361128,3395339.0142709725,2202019.096328,2172266.328705123,1239821.2648,1223072.685565849,937.336595,923.6889741768,624.718771,616.31818305684,374.598041,369.14389352304,0.26016424805,0.13315848203333333,0.6397802564058963,0,0,0,0
DJED,DJED,2026-06-27T00:00:00.000Z,2026-06-27,3440578.0286650006,3394185.7848361842,2202895.7530980003,2173192.4170729294,1237682.275567,1220993.3677632546,100.037056,98.63353610432,530.371276,523.24050055822,4.693311,4.62746384667,0.26033990834,0.13335007596,0.6402690832135105,0,0,0,0
DJED,DJED,2026-06-28T00:00:00.000Z,2026-06-28,3450530.3574119997,3400525.3641616693,2204155.9525719997,2172213.8601590856,1246374.40484,1228311.5040025837,0,0,624.957933,615.90199677104,0,0,0.25980762203333335,0.13276958101666667,0.6387877981946207,0,0,0,0
DJED,DJED,2026-06-29T00:00:00.000Z,2026-06-29,3455564.181717,3408885.331094495,2205641.049462,2175846.450933312,1249923.132255,1233038.880161183,0,0,624.360891,615.87735202493,0,0,0.2596276796,0.1325735724,0.6382869135307894,0,0,0,0
DJED,DJED,2026-06-30T00:00:00.000Z,2026-06-30,3457078.599084,3406757.420495923,2207000.539176,2174875.417137732,1250078.059908,1231882.0033581913,98.198454,96.73431505086,516.038343,508.52480176096,3.433001,3.38181495509,0.25966847696,0.132617997,0.6384004848717679,0,0,0,0
DJED,DJED,2026-07-01T00:00:00.000Z,2026-07-01,3449207.623377,3412547.453351435,2206523.013199,2183069.3908091267,1242684.610178,1229478.0625423081,2279.804511,2257.40062243243,624.757736,617.87736146296,2279.804511,2257.40062243243,0.26014251745714284,0.1331348193,0.6397197629517554,0,0,0,0
DJED,DJED,2026-07-02T00:00:00.000Z,2026-07-02,3443414.486272,3403660.5008592648,2207488.425359,2182003.3017323473,1235926.060913,1221657.1991269174,0,0,625.991675,618.73756672666,0,0,0.26062975913333336,0.13366667071666666,0.6410754286061234,0,0,0,0
DJED,DJED,2026-07-03T00:00:00.000Z,2026-07-03,3447554.234073,3413516.5858529564,2208858.262039,2187044.3983186423,1238695.972034,1226472.1875343139,0,0,531.078906,525.8483210486,0,0,0.26049635532,0.13352110398,0.6407042274540578,0,0,0,0
DJED,DJED,2026-07-04T00:00:00.000Z,2026-07-04,3441312.253795,3408975.200974053,2210224.279709,2189467.827923185,1231087.974086,1219507.3730508673,0,0,627.225555,621.40158040305,0,0,0.26105728333333333,0.13413464365,0.6422642183883697,0,0,0,0
DJED,DJED,2026-07-05T00:00:00.000Z,2026-07-05,3439605.8865280002,3398235.214771763,2211548.604129,2184944.423604784,1228057.282399,1213290.791166979,115,113.8868,519.5122,513.28683159782,115,113.8868,0.26130968242,0.13441070442,0.6429661694117753,0,0,0,0
DJED,DJED,2026-07-06T00:00:00.000Z,2026-07-06,3445091.458699,3400345.396834392,2212854.252824,2184112.7546211164,1232237.205875,1216232.642213276,0,0,628.424978,620.23865837241,0,0,0.2610776314666667,0.13415654435,0.642321005206973,0,0,0,0
DJED,DJED,2026-07-07T00:00:00.000Z,2026-07-07,3444918.546627,3395208.419811287,2215215.530036,2183250.726431904,1229703.016591,1211957.6933793828,368.126043,362.97964091886,620.095714,611.15494031005,26.100236,25.73535470072,0.2553060906333333,0.13133646643333333,0.6430385375083025,0,0,0,0
DJED,DJED,2026-07-08T00:00:00.000Z,2026-07-08,3446135.356597,3398185.6717096847,2218681.476007,2187810.585615611,1227453.88059,1210375.0860940735,76.999998,75.84499803,519.687128,512.46423836969,8.656706,8.52685541,0.25256714012,0.13008567014,0.643817271649211,0,0,0,0
DJED,DJED,2026-07-09T00:00:00.000Z,2026-07-09,3439219.728588,3392510.0609171907,2219939.9174430002,2189789.5516482205,1219279.811145,1202720.5092689702,0,0,614.18673,605.78342138441,0,0,0.2531526419333333,0.13072359188333332,0.6454779286241809,0,0,0,0
DJED,DJED,2026-07-10T00:00:00.000Z,2026-07-10,3435105.607343,3387534.0037465477,2221307.255792,2190546.1419445644,1213798.351551,1196987.861801983,95.290724,93.95379514228,615.584818,607.08130145499,60.519701,59.67060959497,0.2535657635,0.13117454621666666,0.6466491946988421,0,0,0,0
DJED,DJED,2026-07-11T00:00:00.000Z,2026-07-11,3439170.8599920003,3387700.250537039,2222647.962051,2189383.829319059,1216522.897941,1198316.4212179796,0,0,508.835949,501.22161969393,0,0,0.25343376716,0.13103042908,0.6462749820236121,0,0,0,0
DJED,DJED,2026-07-12T00:00:00.000Z,2026-07-12,3440662.041391,3397074.4400157016,2223993.027018,2195818.594273117,1216669.014373,1201255.8457425847,0,0,616.241997,608.41340212152,0,0,0.2534726250166667,0.13107276255,0.6463851963797603,0,0,0,0
DJED,DJED,2026-07-13T00:00:00.000Z,2026-07-13,3440664.763599,3393465.953519187,2225337.081357,2194810.0505931233,1215327.682242,1198655.9029260634,0,0,509.51233,502.54085756663,0,0,0.2536103011,0.13122316896,0.6467754623567925,0,0,0,0
DJED,DJED,2026-07-14T00:00:00.000Z,2026-07-14,3438336.1921539996,3391001.7056928696,2226682.03802,2196028.2128067613,1211654.154134,1194973.4928861086,0,0,614.877128,606.44922991014,0,0,0.25088549936666665,0.12997940648333334,0.6476045093879311,0,0,0,0
DJED,DJED,2026-07-15T00:00:00.000Z,2026-07-15,3390339.498214,3346713.134020796,2227080.2882209998,2198391.1905784807,1163259.209993,1148321.9434423153,1096.761058,1086.07844522886,603.079583,595.30345069054,1096.761058,1086.07844522886,0.24808000078333334,0.13038425056666667,0.6569297197054089,0,0,0,0
DJED,DJED,2026-07-16T00:00:00.000Z,2026-07-16,3357641.956863,3313422.479595639,2227495.568386,2198155.200705657,1130146.388477,1115267.278889982,1073.39796,1057.672679886,516.696122,509.91359864289,215.222636,212.0696243826,0.25032859172,0.13285869392,0.6634164028062527,0,0,0,0
DJED,DJED,2026-07-17T00:00:00.000Z,2026-07-17,3362473.981418,3315399.3916683723,2228483.229446,2197284.516879775,1133990.751972,1118114.8747885972,194.465004,191.54802894,605.767127,597.27573191459,9.967812,9.81829482,0.24705234291666667,0.1309872954,0.6627510679056663,0,0,0,0
DJED,DJED,2026-07-18T00:00:00.000Z,2026-07-18,3364401.713765,3316951.8202203065,2229840.423701,2198391.883625347,1134561.290064,1118559.9365949596,0,0,589.545919,581.25210033147,0,0,0.24097032605,0.12776725076666667,0.6627747624414406,0,0,0,0
DJED,DJED,2026-07-19T00:00:00.000Z,2026-07-19,3363570.590923,3316904.4212396434,2231128.420553,2200173.720368556,1132442.17037,1116730.700871087,0,0,487.643635,480.88219011399,0,0,0.2411561045,0.12797121004,0.6633214197173796,0,0,0,0
DJED,DJED,2026-07-20T00:00:00.000Z,2026-07-20,3344278.921736,3331248.9339442737,2234614.930274,2226151.9990472915,1109663.991462,1105096.9348969823,58800.804517,59224.52961913992,594.432788,592.18739992107,3434.110618,3413.4973157363797,0.24282836806666666,0.1298233584,0.6682330468852851,0,0,0,0
DJED,DJED,2026-07-21T00:00:00.000Z,2026-07-21,3309540.485774,3290497.1832448,2225054.082801,2212234.3101690565,1084486.402973,1078262.873075744,36.547211,36.11156824488,592.227166,588.81058094038,0.015536,0.01535081088,0.24421905286666667,0.1313562332,0.672321770111669,0,0,0,0
DJED,DJED,2026-07-22T00:00:00.000Z,2026-07-22,3294499.443905,3267120.650578876,2226271.996363,2207771.872738504,1068227.447542,1059348.7778403724,200,199.122,504.214172,500.08877183262,200,199.122,0.24538927272,0.1326586891,0.6757552968336948,0,0,0,0
DJED,DJED,2026-07-23T00:00:00.000Z,2026-07-23,3296412.915979,3252361.934883523,2227185.327298,2197426.2138747126,1069227.588681,1054935.72100881,1662.92328,1638.0293184984,595.416953,587.43691035959,81.247861,80.03158052083,0.2453502466,0.13261524778333333,0.6756407936327368,0,0,0,0
DJED,DJED,2026-07-24T00:00:00.000Z,2026-07-24,3309452.9637749996,3260644.1575547177,2227109.410847,2194263.2841627146,1082343.552928,1066380.8733920034,0,0,489.565845,482.32527256239,0,0,0.24443433436666667,0.13159451813333334,0.6729541618861851,0,0,0,0
DJED,DJED,2026-07-25T00:00:00.000Z,2026-07-25,3305876.002723,3274441.1743171746,2226770.775638,2205590.0700306585,1079105.227085,1068851.104286516,2119.155844,2107.88193490992,591.98913,586.48584166528,10.820101,10.76253806268,0.24464795133333334,0.13183238016666668,0.6735808734963155,0,0,0,0
DJED,DJED,2026-07-26T00:00:00.000Z,2026-07-26,3300677.870881,3266433.050429891,2226798.788685,2203695.4654577128,1073879.082196,1062737.5849721779,1249.623473,1230.879120905,592.734138,586.60639908104,90.623582,89.26422827,0.24501201695,0.13223770726666667,0.6746490057136799,0,0,0,0
DJED,DJED,2026-07-27T00:00:00.000Z,2026-07-27,3301161.9966979995,3260596.475962298,2227772.875278,2200397.9066088796,1073389.12142,1060198.5693534187,9429.234235,9311.7459764319,502.709906,496.56754357676,7753.245898,7656.64045411092,0.2432402493,0.13132021432,0.6748452585398625,0,0,0,0
DJED,DJED,2026-07-28T00:00:00.000Z,2026-07-28,3296401.3107930003,3273576.7210267577,2220012.790291,2204643.3521107505,1076388.520502,1068933.3689160072,468.449479,463.07167898108,567.306753,563.38775314414,106.66519,105.4406736188,0.23542279185,0.1268397263,0.6734665824284063,0,0,0,0
