marketId,marketDisplayName,timestamp,date,supply,supplyInUsd,borrow,borrowInUsd,liquidity,liquidityInUsd,debtRepaid,debtRepaidInUsd,interestAccrued,interestAccruedInUsd,interestRepaid,interestRepaidInUsd,borrowApr,supplyApy,utilizationPercentage,loanOriginationFees,loanOriginationFeesInUsd,loanOriginationFeesMinAda,loanOriginationFeesMinAdaInUsd
ERG,rsERG,2024-01-27T00:00:00.000Z,2024-01-27,0,0,0,0,0,0,0,0,0,0,0,0,0.03,0,0,0,0,0,0
ERG,rsERG,2024-01-28T00:00:00.000Z,2024-01-28,0,0,0,0,0,0,0,0,0,0,0,0,0.03,0,0,0,0,0,0
ERG,rsERG,2024-01-29T00:00:00.000Z,2024-01-29,48.28124997,58.88166663008,0,0,48.28124997,58.88166663008,0,0,0,0,0,0,0.03,0,0,0,0,0,0
ERG,rsERG,2024-01-30T00:00:00.000Z,2024-01-30,999.736311302,1236.628287262872,6.368558794999999,7.851523575829348,993.367752507,1228.7767636870426,0,0,0.000665629,0.0008194900899999999,0,0,0.03133670657065218,0.00012386494347826088,0.003837739353568842,0,0,0,0
ERG,rsERG,2024-01-31T00:00:00.000Z,2024-01-31,23763.296522388,28808.280985105335,267.579060799,322.8769010297512,23495.717461589,28485.404084075584,0,0,0.030334067,0.03660343921,0,0,0.03323335825978261,0.0003061484358695652,0.00927907943454382,0,0,0,0
ERG,rsERG,2024-02-01T00:00:00.000Z,2024-02-01,30294.403346928,35697.11408834361,1077.993273764,1270.2353631254487,29216.410073164,34426.87872521816,0,0,0.122064046,0.14383673333,0,0,0.04240671364375,0.00120723445,0.03558475667557717,0,0,0,0
ERG,rsERG,2024-02-02T00:00:00.000Z,2024-02-02,34136.872870947,40600.42289881255,1599.822763224,1902.1626177868936,32537.050107723,38698.26028102565,0,0,0.204935988,0.24364020677,0,0,0.04609575116326531,0.001752960456122449,0.04605124936738429,0,0,0,0
ERG,rsERG,2024-02-03T00:00:00.000Z,2024-02-03,37044.985399693,43816.18045436754,2250.505621645,2661.8608042529754,34794.479778048,41154.319650114565,0,0,0.310674749,0.36746371302,0,0,0.051271461417525775,0.002491901011340206,0.06075203640905289,0,0,0,0
ERG,rsERG,2024-02-04T00:00:00.000Z,2024-02-04,37223.804232209004,43972.99229105045,2250.854213748,2658.9866046205484,34972.950018461,41314.0056864299,0,0,0.317351159,0.37476359359,0,0,0.051171071155882354,0.0024753807147058823,0.060468228803398145,0,0,0,0
ERG,rsERG,2024-02-05T00:00:00.000Z,2024-02-05,37278.452944976,42722.58215757809,2251.123398539,2579.875276389146,35027.329546437,40142.70688118894,0,0,0.309969511,0.35531138853,0,0,0.05114224122079208,0.0024706496504950494,0.060386717272373235,0,0,0,0
ERG,rsERG,2024-02-06T00:00:00.000Z,2024-02-06,42936.258093131,48200.842450651195,3246.543865728,3644.1526617688173,39689.714227403,44556.68978888238,0,0,0.493601384,0.55416501752,0,0,0.05636734574257426,0.0034298075297029703,0.07509790045891339,0,0,0,0
ERG,rsERG,2024-02-07T00:00:00.000Z,2024-02-07,47712.405281606996,54187.33898087158,3752.056893655,4261.213469154494,43960.348387952,49926.12551171709,0,0,0.577337647,0.65561200476,0,0,0.057617646676,0.003624799321,0.07863906658836492,0,0,0,0
ERG,rsERG,2024-02-08T00:00:00.000Z,2024-02-08,47724.532846679,57737.0777883893,4021.943605709,4867.829431708266,43702.58924097,52869.24835668103,0,0,0.662341939,0.80177968602,0,0,0.059638635982178216,0.004070335796039604,0.08428388987048667,0,0,0,0
ERG,rsERG,2024-02-09T00:00:00.000Z,2024-02-09,47610.832948947005,58248.72745367031,5495.917490514,6723.959932783441,42114.915458433,51524.76752088687,0,0,1.006227407,1.23074701761,0,0,0.0707933442909091,0.00653924187979798,0.1154341722760922,0,0,0,0
ERG,rsERG,2024-02-10T00:00:00.000Z,2024-02-10,47663.582072774,57887.230272999186,5804.577216813,7049.539051774741,41859.004855961,50837.69122122444,0,0,1.14810934,1.39468405767,0,0,0.07308338276041666,0.007120401346875,0.1217843331629342,0,0,0,0
ERG,rsERG,2024-02-11T00:00:00.000Z,2024-02-11,48147.88558443599,59714.82411715325,5805.694969688,7200.270928680259,42342.190614748,52514.55318847299,0,0,1.115512148,1.38373335211,0,0,0.07265279545208334,0.00700942404375,0.12059136432410048,0,0,0,0
ERG,rsERG,2024-02-12T00:00:00.000Z,2024-02-12,47739.294560299,58716.0757529731,5806.687589982,7141.398355680608,41932.606970317,51574.67739729249,0,0,1.119389237,1.38896992272,0,0,0.07303087607285715,0.007106904288571429,0.12163883858283459,0,0,0,0
ERG,rsERG,2024-02-13T00:00:00.000Z,2024-02-13,48475.604749168,62284.12713290914,6254.653198709,8026.9033323114345,42220.951550459,54257.223800597705,0,0,1.249912872,1.60189731932,0,0,0.07571142611428572,0.007829843019047619,0.12904614538784245,0,0,0,0
ERG,rsERG,2024-02-14T00:00:00.000Z,2024-02-14,48763.661562234,62499.76907231052,7279.387374275,9340.6025047491,41484.274187959,53159.16656756142,0,0,1.591272777,2.04372043935,0,0,0.08304821075238095,0.00995026891904762,0.14923508145578512,0,0,0,0
ERG,rsERG,2024-02-15T00:00:00.000Z,2024-02-15,50076.28329908301,68646.07602671579,7681.080675226,10526.750051910642,42395.202623857,58119.32597480514,0,0,1.708562718,2.34279230103,0,0,0.08456798033333333,0.010381200938095239,0.15342206489718668,0,0,0,0
ERG,rsERG,2024-02-16T00:00:00.000Z,2024-02-16,54135.6276028,80724.51235157001,7322.904419864,10896.840554537052,46812.723182936,69827.67179703296,3385.556797385,5179.90189999905,1.547892584,2.30306708059,9.298611741,14.22687596373,0.07811314423333333,0.008619487166666667,0.13559737878101263,0,0,0,0
ERG,rsERG,2024-02-17T00:00:00.000Z,2024-02-17,55668.926227449,83233.93441375997,8895.258707088,13261.441632354752,46773.667520361,69972.49278140522,0,0,2.130746476,3.17011738009,0,0,0.08694665984285714,0.011614790447619048,0.15963963574748097,0,0,0,0
ERG,rsERG,2024-02-18T00:00:00.000Z,2024-02-18,57587.02513593,87293.28938695135,9467.622130187,14367.532875520028,48119.403005743,72925.75651143132,0,0,4.834554745,7.34080506577,0,0,0.08900259674545455,0.01287496385,0.16490608141304733,0,0,0,0
ERG,rsERG,2024-02-19T00:00:00.000Z,2024-02-19,60660.801075513,88036.02451823148,8228.757073922001,11943.440083247406,52432.044001591,76092.58443498408,0,0,4.593135811,6.66584566404,0,0,0.07810404746190476,0.008476485976190476,0.13565698920878816,0,0,0,0
ERG,rsERG,2024-02-20T00:00:00.000Z,2024-02-20,66053.846167341,94521.3445512207,8230.415906378,11769.50221053399,57823.430260963,82751.84234068671,0,0,4.39086377,6.27677743597,0,0,0.07426898065238095,0.007447002861904762,0.12505643222750829,0,0,0,0
ERG,rsERG,2024-02-21T00:00:00.000Z,2024-02-21,76000.23798312299,124558.63349714513,5869.767176147,9634.300529730896,70130.470806976,114924.33296741423,2500,4325,3.081601953,5.06650511544,6.697177982,11.58611790886,0.0573650345952381,0.0036057880285714286,0.07791123959434837,0,0,0,0
ERG,rsERG,2024-02-22T00:00:00.000Z,2024-02-22,88527.781233505,148982.6854801725,5932.526548967,9983.59466454861,82595.254684538,138999.0908156239,0,0,2.79826937,4.70904992501,0,0,0.053553009547619046,0.0028822099095238097,0.06719302488255094,0,0,0,0
ERG,rsERG,2024-02-23T00:00:00.000Z,2024-02-23,93256.791961787,151919.4196716473,5847.6152550589995,9526.532036742312,87409.176706728,142392.887634905,0,0,2.77801988,4.52375062927,0,0,0.05196298450952381,0.0026070923047619046,0.06270615305441894,0,0,0,0
ERG,rsERG,2024-02-24T00:00:00.000Z,2024-02-24,93607.338375572,152401.6612052678,4400.681646763001,7148.859180910119,89206.656728809,145252.8020243577,2000,3220,2.356333795,3.83001067923,2.531394389,4.07554496629,0.04642851895714286,0.0017747634714285715,0.04701213192239533,0,0,0,0
ERG,rsERG,2024-02-25T00:00:00.000Z,2024-02-25,93494.05571866501,159321.96530964604,3816.3010735020002,6503.398279175441,89677.754645163,152818.5670304706,0,0,2.23791897,3.81404405904,0,0,0.04424756506818182,0.0014475834136363636,0.040827130824062134,0,0,0,0
ERG,rsERG,2024-02-26T00:00:00.000Z,2024-02-26,93461.608409773,166401.91934662685,6086.4988297419995,10859.204956850512,87375.109580031,155542.71438977635,0,0,2.902891282,5.17285920757,0,0,0.052815076776190475,0.002774205980952381,0.06509867245309973,0,0,0,0
ERG,rsERG,2024-02-27T00:00:00.000Z,2024-02-27,97085.026784991,194721.96384166298,6088.401112539001,12197.451670558561,90996.625672452,182524.5121711044,2000,4020,2.893781608,5.79828085191,1.964712239,3.94907160039,0.05197700607619048,0.0026299846142857145,0.06273324746903716,0,0,0,0
ERG,rsERG,2024-02-28T00:00:00.000Z,2024-02-28,97807.885796319,221120.99506033232,7329.41888482,16577.225287022797,90478.466911499,204543.76977330953,997.078830128,2273.33973269184,3.327323115,7.53372016378,0.72040166,1.6425157848,0.056379104138095236,0.0033999906666666666,0.07515043439681064,0,0,0,0
ERG,rsERG,2024-02-29T00:00:00.000Z,2024-02-29,104559.982237713,238150.1700817729,7641.017739284,17403.338911070987,96918.964498429,220746.83117070192,0,0,3.321219865,7.57239224,0,0,0.05564057308095238,0.003252892838095238,0.07307812586444994,0,0,0,0
ERG,rsERG,2024-03-01T00:00:00.000Z,2024-03-01,104917.619975918,237463.44110262336,7642.142337892,17296.723541913732,97275.477638026,220166.71756070963,0,0,3.316175589,7.50304350515,0,0,0.05555580101904762,0.0032373235428571428,0.07283945714096268,0,0,0,0
ERG,rsERG,2024-03-02T00:00:00.000Z,2024-03-02,104618.047217481,251704.7001889617,8110.916622612,19515.97923954674,96507.130594869,232188.72094941494,2000,4960,3.528707494,8.49335012035,3.583613748,8.88736209504,0.05723481171904762,0.003552912019047619,0.07756218427963978,0,0,0,0
ERG,rsERG,2024-03-03T00:00:00.000Z,2024-03-03,99157.679383666,240118.13490316033,6144.348800223,14878.100745495865,93013.330583443,225240.03415766446,0,0,2.95983942,7.16661394196,0,0,0.051703830942857146,0.0025635846857142855,0.061974039299202706,0,0,0,0
ERG,rsERG,2024-03-04T00:00:00.000Z,2024-03-04,99144.794327158,239390.90632701782,6603.459719071,15946.853398112578,92541.334608087,223444.05292890524,0,0,3.80775609,9.19707718061,0,0,0.05336221479545455,0.0029076141090909093,0.0666191606496697,0,0,0,0
ERG,rsERG,2024-03-05T00:00:00.000Z,2024-03-05,110493.685962927,250160.90418458596,13619.264487941,30639.279545823247,96874.421474986,219521.6246387627,2000,4200,6.820927775,15.37477320081,2.314123759,4.8596598939,0.07232302287619048,0.007630264066666666,0.11925164748553704,0,0,0,0
ERG,rsERG,2024-03-06T00:00:00.000Z,2024-03-06,149090.34354471602,319778.1587527322,29776.43118387,63952.24903759748,119313.912360846,255825.9097151347,0,0,13.456145396,28.8923962802,0,0,0.09992456437142858,0.016126299904761904,0.194898477536361,0,0,0,0
ERG,rsERG,2024-03-07T00:00:00.000Z,2024-03-07,179504.002188724,397689.51883133606,31663.018211714,70012.9375405143,147840.98397701,327676.5812908218,13224.539312648,29093.9864878256,13.009204531,28.75232977028,6.63382296,14.594410512,0.09286192249047619,0.013310537761904762,0.17592625625643202,0,0,0,0
ERG,rsERG,2024-03-08T00:00:00.000Z,2024-03-08,187301.70564783402,409791.91273917095,26760.713150018,58554.92734786647,160540.992497816,351236.9853913045,0,0,10.157232863,22.22023668721,0,0,0.0807293303047619,0.009228450057142857,0.14288514141338923,0,0,0,0
ERG,rsERG,2024-03-09T00:00:00.000Z,2024-03-09,201926.59592435698,436346.9855066887,26766.260298171,57840.626602511846,175160.335626186,378506.35890417686,0,0,9.70592226,20.96939252238,0,0,0.07707650857142857,0.008200108671428572,0.132817089749425,0,0,0,0
ERG,rsERG,2024-03-10T00:00:00.000Z,2024-03-10,186344.38416485398,405771.38593015913,22004.921115663,47824.40473827988,164339.463049191,357946.98119187925,0,0,9.101202685,19.80137428056,0,0,0.07115310147142857,0.007134938723809524,0.11612641454652518,0,0,0,0
ERG,rsERG,2024-03-11T00:00:00.000Z,2024-03-11,170067.452952166,378059.7090002535,7363.351853781,16379.563413697066,162704.101098385,361680.14558655646,0,0,5.983213415,13.31453283006,0,0,0.04511862722857143,0.0015651350571428571,0.043305402331551814,0,0,0,0
ERG,rsERG,2024-03-12T00:00:00.000Z,2024-03-12,184389.62537272502,410661.2831650936,7126.314222319999,15872.346738459511,177263.311150405,394788.93642663414,659.83297849,1491.2225313874,5.616827436,12.51045712636,0.083851137,0.18950356962,0.04348177505714286,0.0013445570333333334,0.038648174959072135,0,0,0,0
ERG,rsERG,2024-03-13T00:00:00.000Z,2024-03-13,184964.91040280502,418919.8615399714,5928.972669603,13413.034919782218,179035.937733202,405506.8266201892,1500,3390,5.191544789,11.75469293964,6.807939218,15.38594263268,0.041170744247619045,0.001058888323809524,0.032056993669833694,0,0,0,0
ERG,rsERG,2024-03-14T00:00:00.000Z,2024-03-14,187341.038633971,434984.1507365428,6596.322434077,15316.025148557126,180744.716199894,419668.1255879857,0,0,5.273172109,12.24382408249,0,0,0.042275379952380954,0.0011908234142857144,0.035210294400918433,0,0,0,0
ERG,rsERG,2024-03-15T00:00:00.000Z,2024-03-15,187511.572143834,415118.69949611987,6597.063787122,14604.63222036446,180914.508356712,400514.0672757554,0,0,5.39843759,11.96064272604,0,0,0.04226557228095238,0.0011896025380952382,0.03518232761999816,0,0,0,0
ERG,rsERG,2024-03-16T00:00:00.000Z,2024-03-16,188037.409823998,402485.52971840807,6065.449234372,13012.33561883915,181971.960589626,389473.19409956894,1952,4216.32,5.482278872,11.74593756866,1.948463672,4.20868153152,0.041241296804545455,0.0010702274954545454,0.03225660867411452,0,0,0,0
ERG,rsERG,2024-03-17T00:00:00.000Z,2024-03-17,188037.684726996,388611.2157470128,4646.371186632,9602.501096927217,183391.313540364,379008.7146500856,0,0,4.737068917,9.79031028457,0,0,0.03859935412857143,0.0007630254619047619,0.024709787260337554,0,0,0,0
ERG,rsERG,2024-03-18T00:00:00.000Z,2024-03-18,190929.639071147,380758.64707535866,4592.627381014,9164.476313452597,186337.011690133,371594.1707619061,81.325929445,165.9048960678,4.707662561,9.38491684898,0.237092528,0.48366875712,0.038375580223809526,0.0007390643904761904,0.024069305765819678,0,0,0,0
ERG,rsERG,2024-03-19T00:00:00.000Z,2024-03-19,198296.14566997698,369021.4033052003,4565.983557535,8497.07653245602,193730.162112442,360524.32677274424,0,0,4.551663945,8.47043544426,0,0,0.03801128452857143,0.0007002171095238096,0.023026527048523385,0,0,0,0
ERG,rsERG,2024-03-20T00:00:00.000Z,2024-03-20,198956.956890027,375558.21809091273,3202.740337049,6041.438791461636,195754.216552978,369516.7792994511,1500,2820,4.4498454,8.39790695861,1.084229268,2.03835102384,0.035592185681818184,0.0004594115272727273,0.01609144662752193,0,0,0,0
ERG,rsERG,2024-03-21T00:00:00.000Z,2024-03-21,198004.198343546,378848.0325462121,3066.6735872,5867.56851240339,194937.524756346,372980.4640338087,0,0,4.202160766,8.04078537315,0,0,0.03538165028095238,0.0004383906,0.015487922038117146,0,0,0,0
ERG,rsERG,2024-03-22T00:00:00.000Z,2024-03-22,197871.923087002,369175.43930766854,3066.964044941,5722.0773479708205,194804.959042061,363453.36195969774,0,0,4.202559223,7.84314657479,0,0,0.03538577197142857,0.0004387766095238095,0.015499753009372813,0,0,0,0
ERG,rsERG,2024-03-23T00:00:00.000Z,2024-03-23,198004.987105403,365177.8710475699,3067.2542019949997,5656.893402192119,194937.732903408,359520.9776453778,0,0,4.202425739,7.75103230335,0,0,0.03538267707142857,0.0004384870523809524,0.015490869180087288,0,0,0,0
ERG,rsERG,2024-03-24T00:00:00.000Z,2024-03-24,199113.066441025,363330.7635508593,3067.544237791,5597.5376384189385,196045.522203234,357733.22591244034,0,0,4.199055773,7.66084662238,0,0,0.03535315518571429,0.0004357245380952381,0.01540612757197242,0,0,0,0
ERG,rsERG,2024-03-25T00:00:00.000Z,2024-03-25,199446.68864884903,371920.58821858163,3067.833112276,5720.7795132388055,196378.855536573,366199.8087053428,0,0,4.198034685,7.83177710565,0,0,0.03534465224761905,0.0004349292333333333,0.015381719962486206,0,0,0,0
ERG,rsERG,2024-03-26T00:00:00.000Z,2024-03-26,199351.74397883,376591.51195884537,3068.126823954,5795.83633087387,196283.617154876,370795.6756279715,0,0,4.198609563,7.93242871213,0,0,0.0353477294,0.00043521703333333333,0.015390552914837317,0,0,0,0
ERG,rsERG,2024-03-27T00:00:00.000Z,2024-03-27,198782.37740214798,361869.8072620461,3068.417161884,5585.979131381124,195713.960240264,356283.82813066494,0,0,4.201579274,7.64983304991,0,0,0.03536361385238095,0.00043670278095238096,0.015436149089389043,0,0,0,0
ERG,rsERG,2024-03-28T00:00:00.000Z,2024-03-28,194489.35385003098,358072.3277342972,3068.708737811,5652.272049961395,191420.64511222,352420.0556843358,0,0,4.214129534,7.7584424069199995,0,0,0.035485003495238095,0.0004481194571428571,0.01578455864948021,0,0,0,0
ERG,rsERG,2024-03-29T00:00:00.000Z,2024-03-29,191435.167069032,357345.64816202427,3069.002295924,5728.807252222697,188366.164773108,351616.8409098016,0,0,4.226328494,7.88456396684,0,0,0.0355710565,0.00045620732857142856,0.01603154918124768,0,0,0,0
ERG,rsERG,2024-03-30T00:00:00.000Z,2024-03-30,184952.757576157,359274.3802001614,4059.7999335560003,7845.791804525691,180892.957642601,351428.5883956357,0,0,4.542406306,8.81687818395,0,0,0.03764518709523809,0.0006712994619047619,0.021972382533515158,0,0,0,0
ERG,rsERG,2024-03-31T00:00:00.000Z,2024-03-31,184272.088682139,359769.3649720334,5269.8504331389995,10288.759545619485,179002.238249,349480.60542641394,0,0,5.08908268,9.93296817623,0,0,0.039959099485714286,0.0009142067238095238,0.028598202112201654,0,0,0,0
ERG,rsERG,2024-04-01T00:00:00.000Z,2024-04-01,184424.217302844,367439.1823027007,5270.417137991,10500.676686123943,179153.800164853,356938.50561657676,0,0,4.974006108,9.90753716397,0,0,0.03995197831904762,0.0009133946476190476,0.028577850421493196,0,0,0,0
ERG,rsERG,2024-04-02T00:00:00.000Z,2024-04-02,183846.524917613,340116.07013993437,3102.129545785,5747.1985705131865,180744.395371828,334368.8715694212,2272,4384.96,4.48765182,8.3048289193,2.680867819,5.17407489067,0.035864850140909094,0.0004859825681818182,0.016873472805437387,0,0,0,0
ERG,rsERG,2024-04-03T00:00:00.000Z,2024-04-03,183508.917162139,334684.2909780061,2999.1486116359997,5469.87560430756,180509.768550503,329214.4153736985,0,0,4.135912308,7.54311923402,0,0,0.03567971165714286,0.00046650128095238096,0.016343362512999476,0,0,0,0
ERG,rsERG,2024-04-04T00:00:00.000Z,2024-04-04,183518.112080003,330681.2928520917,2953.8642327529997,5322.592385729739,180564.24784725,325358.700466362,79.746763968,145.13911042176,4.221701049,7.60693927376,0.434454201,0.79070664582,0.035593487285714286,0.00045834191904761906,0.016095914142732825,0,0,0,0
ERG,rsERG,2024-04-05T00:00:00.000Z,2024-04-05,183607.557559306,324892.2017246275,2919.965664968,5166.946969517658,180687.591894338,319725.25475510984,0,0,4.209888171,7.45151270249,0,0,0.03552644828095238,0.0004519975761904762,0.015903524559500174,0,0,0,0
ERG,rsERG,2024-04-06T00:00:00.000Z,2024-04-06,181730.774981596,313959.6881823973,2967.862850094,5126.973905462834,178762.912131502,308832.71427693445,0,0,4.322011378,7.46525265676,0,0,0.035675724342857144,0.00046650549523809525,0.016331685414227456,0,0,0,0
ERG,rsERG,2024-04-07T00:00:00.000Z,2024-04-07,181375.057968297,314469.8007514456,4663.4746712999995,8075.316160251083,176711.583296997,306394.4845911945,0,0,4.667995885,8.09008999036,0,0,0.038950176995238096,0.0008040698,0.02571177287912187,0,0,0,0
ERG,rsERG,2024-04-08T00:00:00.000Z,2024-04-08,179859.99727578202,317968.5318937686,5343.774290194,9454.072770281893,174516.222985588,308514.4591234867,0,0,5.020938079,8.87624955345,0,0,0.040362781466666664,0.0009626821666666667,0.02975039596596836,0,0,0,0
ERG,rsERG,2024-04-09T00:00:00.000Z,2024-04-09,173944.397530153,312520.09957225824,7142.563010911,12837.32736221105,166801.834519242,299682.7722100472,0,0,5.704491193,10.24912152211,0,0,0.0443314348,0.0014644968095238096,0.04106232790132909,0,0,0,0
ERG,rsERG,2024-04-10T00:00:00.000Z,2024-04-10,173797.00338955602,297272.4598443642,7957.817322529,13611.483514344995,165839.186067027,283660.9763300192,0,0,6.323758667,10.81502087074,0,0,0.04599158684090909,0.0016846904227272726,0.045788004297150534,0,0,0,0
ERG,rsERG,2024-04-11T00:00:00.000Z,2024-04-11,173783.161946242,297665.7233574363,7958.812153008001,13632.301354454066,165824.349793234,284033.42200298223,0,0,6.043743386,10.35306784303,0,0,0.04599488389047619,0.0016851558571428572,0.045797372216226435,0,0,0,0
ERG,rsERG,2024-04-12T00:00:00.000Z,2024-04-12,171958.71128616598,279721.9511614173,7674.070520994001,12493.620703132656,164284.640765172,267228.33045828465,3000,4740,5.996982109,9.75658311382,4.144364721,6.54809625918,0.045584041576190476,0.001634692842857143,0.0446254320124859,0,0,0,0
ERG,rsERG,2024-04-13T00:00:00.000Z,2024-04-13,171578.060099164,265721.6303989407,4960.494716236,7681.674608683704,166617.565382928,258039.95579025702,0,0,4.960949518,7.68477386876,0,0,0.04006860530952381,0.0009267439333333333,0.028911130153981713,0,0,0,0
ERG,rsERG,2024-04-14T00:00:00.000Z,2024-04-14,170677.654786689,242035.56510261694,5013.404736910999,7112.2064063569815,165664.250049778,234923.35869625997,0,0,4.972669327,7.05108036316,0,0,0.04023081816666667,0.0009459445333333333,0.0293742905449693,0,0,0,0
ERG,rsERG,2024-04-15T00:00:00.000Z,2024-04-15,170221.178848913,257602.26404064347,6847.401773105,10372.357016193075,163373.777075808,247229.9070244504,0,0,5.654904221,8.5679828494,0,0,0.044036723109523807,0.0014195776,0.040226986463191144,0,0,0,0
ERG,rsERG,2024-04-16T00:00:00.000Z,2024-04-16,169986.870583131,257761.91082834773,7162.54927942,10861.030887811427,162824.321303711,246900.8799405363,0,0,6.055428597,9.18272241086,0,0,0.04470701750909091,0.0015070162272727272,0.04213589705181076,0,0,0,0
ERG,rsERG,2024-04-17T00:00:00.000Z,2024-04-17,169889.71715955398,246589.83377553144,7163.4205706580005,10397.180134938755,162726.296588896,236192.65364059267,0,0,5.653774645,8.20594843477,0,0,0.04471730843809524,0.0015084110238095239,0.04216517224221665,0,0,0,0
ERG,rsERG,2024-04-18T00:00:00.000Z,2024-04-18,169499.74634311,253441.34475349012,7164.2754404140005,10712.315992809716,162335.470902696,242729.0287606804,0,0,5.793940458,8.64915586021,0,0,0.044753165547619045,0.0015132719619047618,0.042267176344564665,0,0,0,0
ERG,rsERG,2024-04-19T00:00:00.000Z,2024-04-19,169370.537982226,262361.7964071476,7338.422725664,11374.06567044642,162032.115256562,250987.73073670117,0,0,5.889614444,9.12985259712,0,0,0.0451268165,0.0015663765238095237,0.043328618415789076,0,0,0,0
ERG,rsERG,2024-04-20T00:00:00.000Z,2024-04-20,169120.424112132,262941.9956087056,7812.684670738,12146.867381966851,161307.739441394,250795.12822673874,0,0,6.093695827,9.47073932612,0,0,0.04613518564761905,0.0017050083,0.04619598556068218,0,0,0,0
ERG,rsERG,2024-04-21T00:00:00.000Z,2024-04-21,169121.479474874,265601.25185095106,9242.311462051,14509.382956799931,159879.168012823,251091.86889415115,0,0,6.64857039,10.4403002888,0,0,0.049116541138095236,0.0021553914714285715,0.05464894219345346,0,0,0,0
ERG,rsERG,2024-04-22T00:00:00.000Z,2024-04-22,169122.78412341798,258435.72143990567,9815.044682024,14998.32340779453,159307.739441394,243437.39803211114,0,0,6.901352095,10.54782804529,0,0,0.050310816319047616,0.0023358315142857143,0.05803502308751292,0,0,0,0
ERG,rsERG,2024-04-23T00:00:00.000Z,2024-04-23,169136.038571434,264236.7832911918,9816.381046052,15335.86911499385,159319.657525382,248900.91417619793,0,0,7.224045702,11.28556859326,0,0,0.050312001427272726,0.0023360215045454547,0.05803837652142599,0,0,0,0
ERG,rsERG,2024-04-24T00:00:00.000Z,2024-04-24,169154.589181931,256945.80778727878,9817.716646344,14913.09840572232,159336.872535587,242032.70938155646,0,0,6.743547474,10.24536665297,0,0,0.050312542375,0.00233610823,0.05803990712305612,0,0,0,0
ERG,rsERG,2024-04-25T00:00:00.000Z,2024-04-25,175558.74545890398,254687.221338047,9819.004916243,14246.904616033118,165739.740542661,240440.3167220139,0,0,6.815982281,9.89011486173,0,0,0.04958352914761905,0.0022211181142857144,0.05597592138594075,0,0,0,0
ERG,rsERG,2024-04-26T00:00:00.000Z,2024-04-26,179852.395660773,256333.0906124669,9820.296973583001,13996.256530031054,170032.09868719,242336.83408243585,0,0,6.742690389,9.61223618126,0,0,0.04909828590952381,0.002144693561904762,0.05460202836867944,0,0,0,0
ERG,rsERG,2024-04-27T00:00:00.000Z,2024-04-27,179515.451609907,247902.28603751562,10041.256109833,13857.49638671461,169474.195500074,234044.78965080102,0,0,6.820729148,9.41616924269,0,0,0.04956941784761905,0.0022199462952380952,0.05593532686019756,11.532489702,14.9922366126,2.40498,1.12524685236
ERG,rsERG,2024-04-28T00:00:00.000Z,2024-04-28,179201.12353225698,248643.2098374569,10976.266243459,15230.890722524886,168224.857288798,233412.319114932,0,0,7.216091006,10.01218864897,0,0,0.05144817566190476,0.002521034219047619,0.06125158298387211,0,0,0,0
ERG,rsERG,2024-04-29T00:00:00.000Z,2024-04-29,178412.772198727,247993.74398336592,9377.218182302,13052.207214722534,169035.554016425,234941.5367686434,1977,2787.57,6.626896608,9.22204233135,2.115843574,2.98333943934,0.04837852094285714,0.002039532033333333,0.05255912116480754,0,0,0,0
ERG,rsERG,2024-04-30T00:00:00.000Z,2024-04-30,178293.68061998903,233568.74988272673,9001.798800184,11792.347951562297,169291.881819805,221776.40193116444,0,0,6.446895095,8.44837356248,0,0,0.047647291671428574,0.0019245192285714285,0.05048866142982126,0,0,0,0
ERG,rsERG,2024-05-01T00:00:00.000Z,2024-05-01,178025.489096342,221318.2115911956,9002.969798434,11192.326851661572,169022.519297908,210125.88473953403,0,0,1.196539679,1.48822787279,0,0,0.04767640624545454,0.0019288446863636364,0.050571253595186536,0,0,0,0
ERG,rsERG,2024-05-02T00:00:00.000Z,2024-05-02,178163.63986282097,228049.45910041808,9004.140873582,11525.300394192192,169159.498989239,216524.1587062259,0,0,1.169873639,1.49770368973,0,0,0.0476648952,0.0019271336476190477,0.050538599682597725,0,0,0,0
ERG,rsERG,2024-05-03T00:00:00.000Z,2024-05-03,178117.07831688202,232992.3932236084,9005.285563859,11779.779805715969,169111.792753023,221212.61341789243,0,0,1.143548631,1.4969890122,0,0,0.04767182322857143,0.0019281634857142857,0.050558252688073416,0,0,0,0
ERG,rsERG,2024-05-04T00:00:00.000Z,2024-05-04,178111.855278759,242910.565680082,9006.436767343,12283.06361771043,169105.418511416,230627.50206237158,0,0,1.143621804,1.55984687368,0,0,0.04767461916666667,0.001928578861904762,0.050566184196672935,0,0,0,0
ERG,rsERG,2024-05-05T00:00:00.000Z,2024-05-05,178148.715795193,236683.28892039854,9007.582998063,11967.21248992582,169141.13279713,224716.07643047272,0,0,1.143767026,1.5193475881,0,0,0.04767319883333333,0.0019283677380952382,0.050562155091954455,0,0,0,0
ERG,rsERG,2024-05-06T00:00:00.000Z,2024-05-06,178149.861799008,234818.4844659554,9024.205192354,11894.791331452625,169125.656606654,222923.69313450277,0,0,1.146583175,1.51162806806,0,0,0.04770597625714286,0.0019332434761904762,0.05065513428608488,0.25,0.3325,2.18086,1.01681288984
ERG,rsERG,2024-05-07T00:00:00.000Z,2024-05-07,178151.008566119,228542.29019807692,9034.875768989,11590.451266901573,169116.13279713,216951.83893117536,0,0,1.148398083,1.47342099426,0,0,0.04772697630476191,0.0019363676047619047,0.05071470457063121,0,0,0,0
ERG,rsERG,2024-05-08T00:00:00.000Z,2024-05-08,178152.16340095102,217006.29338393756,9036.030603821,11006.73733867158,169116.13279713,205999.55604526598,0,0,1.148562141,1.39990812844,0,0,0.04772914564285714,0.0019366905761904762,0.050720858117750726,0,0,0,0
ERG,rsERG,2024-05-09T00:00:00.000Z,2024-05-09,177723.788822378,220594.79675936964,9037.183311438,11219.037148516429,168686.60551094,209375.75961085322,0,0,1.149729401,1.4254518104,0,0,0.04777517569047619,0.0019435743523809523,0.050851408475097684,0,0,0,0
ERG,rsERG,2024-05-10T00:00:00.000Z,2024-05-10,174950.57008036601,227770.4128382801,9038.339486820001,11767.052223457627,165912.230593546,216003.36061482248,0,0,1.183563377,1.53970437151,0,0,0.04806108490476191,0.0019863571238095236,0.05166228819574737,0,0,0,0
ERG,rsERG,2024-05-11T00:00:00.000Z,2024-05-11,174849.840527342,220976.91786378354,9039.50547073,11424.214100329918,165810.335056612,209552.7037634536,0,0,1.157149789,1.46231452999,0,0,0.04807391735714286,0.001988286361904762,0.051698677357655785,0,0,0,0
ERG,rsERG,2024-05-12T00:00:00.000Z,2024-05-12,175384.246747309,223825.71367958054,9040.658795551,11537.602693452545,166343.587951758,212288.11098612798,0,0,1.156502302,1.47601673097,0,0,0.04802166139523809,0.0019804705714285714,0.05155046971934974,0,0,0,0
ERG,rsERG,2024-05-13T00:00:00.000Z,2024-05-13,157919.828387883,201762.10587933369,9041.83258866,11552.015194533815,148877.995799223,190210.09068479986,0,0,1.173098288,1.49873814186,0,0,0.05003549499523809,0.0022918607428571427,0.05725586327315351,0,0,0,0
ERG,rsERG,2024-05-14T00:00:00.000Z,2024-05-14,157923.008125661,197177.7948440595,9043.036545769,11290.875645383798,148879.971579892,185886.91919867572,0,0,1.203898952,1.50319567175,0,0,0.05003777893333333,0.0022922240047619047,0.057262327742578195,0,0,0,0
ERG,rsERG,2024-05-15T00:00:00.000Z,2024-05-15,158005.041241976,199312.07627912692,9044.240366199001,11408.666031539638,148960.800875777,187903.41024758728,0,0,1.259982984,1.59009943079,0,0,0.0500299613952381,0.0022909800476190478,0.057240201289506805,0,0,0,0
ERG,rsERG,2024-05-16T00:00:00.000Z,2024-05-16,157841.280758921,201286.89839985454,9045.484609335,11535.141404518932,148795.796149586,189751.7569953356,0,0,1.204615981,1.53601975209,0,0,0.050053745895238096,0.0022947656333333335,0.05730751941874249,0,0,0,0
ERG,rsERG,2024-05-17T00:00:00.000Z,2024-05-17,160645.086014704,209270.57821366363,9046.693323877,11782.25258086334,151598.392690827,197488.3256328003,0,0,1.197086291,1.55827559338,0,0,0.049705748714285715,0.002239756523809524,0.05632234012768116,0,0,0,0
ERG,rsERG,2024-05-18T00:00:00.000Z,2024-05-18,162517.225828246,214599.55199821584,9047.89837454,11947.532662185526,153469.327453706,202652.01933603032,0,0,1.219277538,1.60972533605,0,0,0.04947665716666667,0.002203643542857143,0.055673721275508986,0,0,0,0
ERG,rsERG,2024-05-19T00:00:00.000Z,2024-05-19,161127.37200112702,204976.44250664208,9049.07493885,11510.41969287361,152078.297062277,193466.02281376848,0,0,1.195306294,1.51881127302,0,0,0.0496520813,0.00223133059,0.05617037276392751,0,0,0,0
ERG,rsERG,2024-05-20T00:00:00.000Z,2024-05-20,159360.871235022,201415.1233371919,9050.301321537001,11437.861208139286,150310.569913485,189977.26212905263,0,0,1.201437977,1.51796374251,0,0,0.04987229789047619,0.002265995804761905,0.056793893988882384,0,0,0,0
ERG,rsERG,2024-05-21T00:00:00.000Z,2024-05-21,160748.287318308,208900.25660972,9051.508496926,11762.648324637126,151696.778821382,197137.60828508288,0,0,1.196890443,1.55511385401,0,0,0.04970158720476191,0.002239014014285714,0.05631061056967801,0,0,0,0
ERG,rsERG,2024-05-22T00:00:00.000Z,2024-05-22,159034.450669749,199701.82899396238,9052.708835086001,11367.613175864151,149981.741834663,188334.21581809822,0,0,1.202435376,1.51003477646,0,0,0.04991787699047619,0.0022731779333333333,0.05692294214399068,0,0,0,0
ERG,rsERG,2024-05-23T00:00:00.000Z,2024-05-23,159035.71493693397,196749.89749999816,9058.68014989,11206.893839781758,149977.034787044,185543.0036602164,0,0,1.242849996,1.53773137862,0,0,0.049930982566666664,0.0022752615142857145,0.05696003673034338,1,1.24,2.18086,1.05422554314
ERG,rsERG,2024-05-24T00:00:00.000Z,2024-05-24,159036.92676481602,195009.5608242888,9055.120930153,11103.298907975832,149981.805834663,183906.26191631297,0,0,1.216043726,1.4903599837200001,0,0,0.049922921933333336,0.0022739780238095236,0.05693722278005341,0,0,0,0
ERG,rsERG,2024-05-25T00:00:00.000Z,2024-05-25,159038.128273175,194102.2511199672,9056.322438512001,11053.028094138017,149981.805834663,183049.22302582918,0,0,1.187919709,1.44982800766,0,0,0.04992543890952381,0.0022743772333333333,0.05694434747292723,0,0,0,0
ERG,rsERG,2024-05-26T00:00:00.000Z,2024-05-26,159123.40638228398,195570.07459336202,9057.526765475,11132.131400413804,150065.879616809,184437.9431929482,0,0,1.244588256,1.52886405097,0,0,0.04991733372857143,0.002273091876190476,0.05692140428398717,0,0,0,0
ERG,rsERG,2024-05-27T00:00:00.000Z,2024-05-27,159233.360977712,195553.73540479434,9058.731000233001,11124.987446737965,150174.629977479,184428.74795805637,0,0,1.216134534,1.49358330242,0,0,0.04990611773809524,0.0022713134666666667,0.05688965518227074,0,0,0,0
ERG,rsERG,2024-05-28T00:00:00.000Z,2024-05-28,159234.563908257,194114.5133138629,9059.933930778001,11044.48819845992,150174.629977479,183070.025115403,0,0,1.216296025,1.482466488,0,0,0.049908634657142854,0.0022717124857142856,0.056896779868101106,0,0,0,0
ERG,rsERG,2024-05-29T00:00:00.000Z,2024-05-29,159235.814075904,188429.0441589768,9061.184098425001,10722.398685626664,150174.629977479,177706.64547335013,0,0,1.216455452,1.44220654539,0,0,0.04991125036666667,0.002272127188888889,0.05690418421440343,0,0,0,0
ERG,rsERG,2024-05-30T00:00:00.000Z,2024-05-30,159236.982348416,186838.05808028803,9062.352370937,10633.158906712692,150174.629977479,176204.89917357534,0,0,1.216903132,1.42745475113,0,0,0.04991369470952381,0.0022725147476190476,0.0569111034167784,0,0,0,0
ERG,rsERG,2024-05-31T00:00:00.000Z,2024-05-31,159238.191469335,184867.9566792416,9063.561491856,10522.362448244596,150174.629977479,174345.594230997,0,0,1.217174725,1.41333788126,0,0,0.04991622449047619,0.0022729158904761905,0.056918264440849645,0,0,0,0
ERG,rsERG,2024-06-01T00:00:00.000Z,2024-06-01,159239.386630659,186787.8045583042,9064.75665318,10632.963594721376,150174.629977479,176154.84096358283,0,0,1.245648102,1.46222159694,0,0,0.049918725025,0.002273312425,0.056925342682274824,0,0,0,0
ERG,rsERG,2024-06-02T00:00:00.000Z,2024-06-02,158706.083073392,184104.39731436846,9065.999312126001,10516.554689137296,149640.083761266,173587.84262523116,0,0,1.218913535,1.41392370913,0,0,0.0499892448,0.0022845145238095236,0.05712495060224071,0,0,0,0
ERG,rsERG,2024-06-03T00:00:00.000Z,2024-06-03,159806.375404196,188114.94596038223,9067.201305089,10673.403878004881,150739.174099107,177441.54208237736,0,0,1.216288611,1.43096998823,0,0,0.04985278124761905,0.0022628644333333335,0.056738670665884415,0,0,0,0
ERG,rsERG,2024-06-04T00:00:00.000Z,2024-06-04,159818.726475547,193000.10721318916,9068.409519297,10951.18220588661,150750.31695625,182048.92500730255,0,0,1.244534924,1.50334136224,0,0,0.049853903019047616,0.0022630420095238095,0.05674184622971885,0,0,0,0
ERG,rsERG,2024-06-05T00:00:00.000Z,2024-06-05,160247.779913477,195807.52399692428,9051.693584322999,11060.376078812478,151196.086329154,184747.14791811182,25.098870371,30.87161055633,1.21203682,1.48095246252,0.09902508,0.1218008484,0.04976339191904762,0.002248733785714286,0.05648561001526074,0,0,0,0
ERG,rsERG,2024-06-06T00:00:00.000Z,2024-06-06,160225.070098467,191660.32249225432,9045.718796910001,10820.396302703166,151179.351301557,180839.92618955116,0,0,1.210921266,1.44775314137,0,0,0.04975305245714286,0.002247100347619048,0.05645633843892021,0,0,0,0
ERG,rsERG,2024-06-07T00:00:00.000Z,2024-06-07,159999.214632364,184151.47154345913,9046.918261730001,10412.566625448497,150952.296370634,173738.90491801064,0,0,1.211831713,1.39360571788,0,0,0.04978384557142857,0.0022519629666666666,0.0565435166779398,0,0,0,0
ERG,rsERG,2024-06-08T00:00:00.000Z,2024-06-08,159909.771936387,171765.7395592509,9048.122234326,9718.974024602117,150861.649702061,162046.7655346488,0,0,1.212175251,1.301510437813,0,0,0.04979769578095238,0.0022541524142857144,0.05658272652876354,0,0,0,0
ERG,rsERG,2024-06-09T00:00:00.000Z,2024-06-09,159927.186859666,176436.90321200795,9049.324148026,9983.560034608967,150877.86271164,166453.343177399,0,0,1.240563862,1.368939059686,0,0,0.0497982201,0.0022542372142857143,0.05658420973428475,0,0,0,0
ERG,rsERG,2024-06-10T00:00:00.000Z,2024-06-10,160368.666133958,173488.3502043558,9050.552944798,9790.974231435011,151318.11318916,163697.3759729208,0,0,1.211136727,1.310309088684,0,0,0.04974583973809524,0.002245961719047619,0.056435918326603086,0,0,0,0
ERG,rsERG,2024-06-11T00:00:00.000Z,2024-06-11,158603.529700438,167686.7047812861,9051.757230694,9569.856596877498,149551.772469744,158116.8481844086,0,0,1.216541429,1.28710682945,0,0,0.049970661223809526,0.002281566338095238,0.05707234698335472,0,0,0,0
ERG,rsERG,2024-06-12T00:00:00.000Z,2024-06-12,158371.846221949,166049.11301592964,9052.970809349,9491.827357137892,149318.8754126,156557.28565879175,0,0,1.24607754,1.306484405363,0,0,0.05000259878095238,0.002286628980952381,0.05716275351086706,0,0,0,0
ERG,rsERG,2024-06-13T00:00:00.000Z,2024-06-13,154837.88280311401,159249.94825483407,9054.182144048,9311.576212410235,145783.700659066,149938.37204242384,0,0,1.228495646,1.262909334884,0,0,0.05046892259047619,0.002361346138095238,0.058482303201899226,0,0,0,0
ERG,rsERG,2024-06-14T00:00:00.000Z,2024-06-14,154007.301714367,157527.47023018554,9055.406879662001,9262.389227830141,144951.894834705,148265.0810023554,0,0,1.231865197,1.260398849787,0,0,0.05058068570952381,0.002379257,0.058798555510606886,0,0,0,0
ERG,rsERG,2024-06-15T00:00:00.000Z,2024-06-15,154032.811282185,161998.54150252682,9056.630733194,9524.988677798498,144976.180548991,152473.5528247283,0,0,1.232030954,1.295838795176,0,0,0.050580052228571426,0.002379154695238095,0.058796763453638386,0,0,0,0
ERG,rsERG,2024-06-16T00:00:00.000Z,2024-06-16,154068.696438019,159101.482240482,9057.860140980001,9353.74877464587,145010.836297039,149747.73346583612,0,0,1.260771881,1.302033724844,0,0,0.05057803407619048,0.002378828852380952,0.05879105421798744,0,0,0,0
ERG,rsERG,2024-06-17T00:00:00.000Z,2024-06-17,154162.503545192,155818.64463081196,9059.054568685,9156.371067467695,145103.448976507,146662.27356334426,0,0,1.174667765,1.187036097264325,0,0,0.050568124855,0.002377228665,0.058763021874198317,0,0,0,0
ERG,rsERG,2024-06-18T00:00:00.000Z,2024-06-18,154163.726353314,148532.3631015045,9060.277376807,8729.31820576337,145103.448976507,139803.04489574113,0,0,1.23213024,1.187933976917305,0,0,0.05057076394,0.00237765477,0.058770487652424264,0,0,0,0
ERG,rsERG,2024-06-19T00:00:00.000Z,2024-06-19,156147.480700937,150968.48582436962,9061.49154121,8760.9791238809,147085.989159727,142207.5067004887,0,0,1.255092201,1.212896664658004,0,0,0.0503097766952381,0.0023356721761904763,0.058032076856249,0,0,0,0
ERG,rsERG,2024-06-20T00:00:00.000Z,2024-06-20,156246.14193182,151145.44693076494,9062.729721785001,8766.872255996122,147183.412210035,142378.5746747688,0,0,1.254677686,1.21379811693959,0,0,0.05029946483809524,0.002334011961904762,0.05800290240106177,0,0,0,0
ERG,rsERG,2024-06-21T00:00:00.000Z,2024-06-21,147306.481620939,142287.67813720103,9063.96696225,8755.000334537208,138242.514658689,133532.67780266382,0,0,1.2844155,1.240409432796802,0,0,0.0515715019,0.0025425629952380954,0.06159947960254514,0,0,0,0
ERG,rsERG,2024-06-22T00:00:00.000Z,2024-06-22,144513.700149154,141348.9205952591,9065.215975261,8866.69727295645,135448.484173893,132482.22332230263,0,0,1.236857827,1.210807414653084,0,0,0.05197103231,0.002608077335,0.06272911125447744,0,0,0,0
ERG,rsERG,2024-06-23T00:00:00.000Z,2024-06-23,144511.703393738,140735.99232689777,9066.464961867001,8829.577403061305,135445.238431871,131906.41492383648,0,0,1.266479884,1.23339971840293,0,0,0.051974398471428575,0.002608641680952381,0.06273862118251962,0,0,0,0
ERG,rsERG,2024-06-24T00:00:00.000Z,2024-06-24,144482.143738613,133685.71773982674,9067.739855954,8390.14873899449,135414.403882659,125295.56900083226,0,0,1.296113908,1.198825579821001,0,0,0.051982065066666666,0.002609927180952381,0.06276028040841317,0,0,0,0
ERG,rsERG,2024-06-25T00:00:00.000Z,2024-06-25,144483.410091022,135323.015821952,9069.006208363,8494.027330577643,135414.403882659,126828.98849137434,0,0,1.267090433,1.187147838059143,0,0,0.051984972755,0.002610414805,0.06276849502488396,0,0,0,0
ERG,rsERG,2024-06-26T00:00:00.000Z,2024-06-26,144484.650387895,132972.73811523145,9070.246505236,8347.56488128582,135414.403882659,124625.17323394562,0,0,1.267403111,1.166049928515128,0,0,0.051987820565,0.00261089241,0.06277654048415336,0,0,0,0
ERG,rsERG,2024-06-27T00:00:00.000Z,2024-06-27,144494.22938620002,130247.66984121749,9071.606044898,8177.177041179546,135422.623341302,122070.49280003794,0,0,1.297057949,1.16811549664945,0,0,0.05198967911111111,0.0026112041888888887,0.06278179104405733,0,0,0,0
ERG,rsERG,2024-06-28T00:00:00.000Z,2024-06-28,144647.518017304,131163.5095933839,9072.763879063,8227.002735338889,135574.754138241,122936.506858045,0,0,1.208283897,1.095782575720345,0,0,0.051968961365,0.00260773016,0.0627232604847864,0,0,0,0
ERG,rsERG,2024-06-29T00:00:00.000Z,2024-06-29,144667.369270317,133356.85710621308,9074.015132076,8364.585260909389,135593.354138241,124992.27184530368,0,0,1.29694547,1.195361764213737,0,0,0.05196897616190476,0.0026077326476190476,0.06272330226896532,0,0,0,0
ERG,rsERG,2024-06-30T00:00:00.000Z,2024-06-30,144668.639668475,130207.85697939723,9075.285530234001,8168.136877280152,135593.354138241,122039.72010211708,0,0,1.297193057,1.167592755987685,0,0,0.051971889476190476,0.0026082210333333335,0.06273153290287133,0,0,0,0
ERG,rsERG,2024-07-01T00:00:00.000Z,2024-07-01,144415.972676687,133470.4826753124,9076.560693294,8388.698060424505,135339.411983393,125081.78461488789,0,0,1.284144196,1.187224690007292,0,0,0.052013876285714286,0.002615264542857143,0.06285014970919946,0,0,0,0
ERG,rsERG,2024-07-02T00:00:00.000Z,2024-07-02,144337.86596319202,137261.41077366952,9077.803942238,8632.774519884737,135260.062020954,128628.63625378479,0,0,1.197091765,1.138656621083772,0,0,0.0520289548,0.002617795255,0.06289274722926728,0,0,0,0
ERG,rsERG,2024-07-03T00:00:00.000Z,2024-07-03,144283.566526591,135960.99347966857,9079.043910582,8555.338137196211,135204.522616009,127405.65534247237,0,0,1.285112685,1.210383281434863,0,0,0.05204037291904762,0.0026197125095238096,0.06292500336857473,0,0,0,0
ERG,rsERG,2024-07-04T00:00:00.000Z,2024-07-04,144284.84477872698,128948.97930596546,9080.322162718001,8115.184441047031,135204.522616009,120833.79486491843,0,0,1.285294604,1.148867200681716,0,0,0.0520433116047619,0.0026202060904761903,0.06293330512820194,0,0,0,0
ERG,rsERG,2024-07-05T00:00:00.000Z,2024-07-05,144286.123210542,121550.59329099627,9081.600594533,7650.594972364243,135204.522616009,113899.99831863203,0,0,1.256259278,1.059534490307482,0,0,0.052046250676190474,0.0026206997619047617,0.06294160790788521,0,0,0,0
ERG,rsERG,2024-07-06T00:00:00.000Z,2024-07-06,144287.372741548,124097.19180585093,9082.850125539,7811.892121309123,135204.522616009,116285.29968454181,0,0,1.22721157,1.055319502916514,0,0,0.05204912326,0.002621182315,0.06294972284936923,0,0,0,0
ERG,rsERG,2024-07-07T00:00:00.000Z,2024-07-07,144326.860803286,130445.80650170217,9084.091344646,8210.42365315756,135242.76945864,122235.38284854461,0,0,1.256829953,1.135518023018634,0,0,0.05204607720952381,0.002620670923809524,0.06294111771158833,0,0,0,0
ERG,rsERG,2024-07-08T00:00:00.000Z,2024-07-08,144490.690110909,127769.22661852323,9085.371571086,8033.9529294860085,135405.318539823,119735.27368903722,0,0,1.285606235,1.137086323172593,0,0,0.052023945128571426,0.002616954061904762,0.06287859489930152,0,0,0,0
ERG,rsERG,2024-07-09T00:00:00.000Z,2024-07-09,144491.960506831,129830.65106638682,9086.641967008001,8164.639388162585,135405.318539823,121666.01167822424,0,0,1.285788158,1.155194912745557,0,0,0.05202686167142857,0.0026174437047619048,0.0628868342173433,0,0,0,0
ERG,rsERG,2024-07-10T00:00:00.000Z,2024-07-10,144493.239430913,131733.57946120863,9087.92089109,8285.401667597118,135405.318539823,123448.17779361152,0,0,1.285970116,1.172392783299628,0,0,0.05202979777142857,0.002617936657142857,0.06289512869945557,0,0,0,0
ERG,rsERG,2024-07-11T00:00:00.000Z,2024-07-11,145428.55605729,130759.11005468105,9089.172247483,8171.959676856592,136339.383809807,122587.15037782445,0,0,1.195781877,1.075161258094731,0,0,0.05189103873,0.00259474675,0.06250306754700663,0,0,0,0
ERG,rsERG,2024-07-12T00:00:00.000Z,2024-07-12,138868.954683865,124014.73454534635,9090.410683271,8115.548604121996,129778.544000594,115899.18594122435,0,0,1.308085114,1.167731147253383,0,0,0.05307914229047619,0.0028038716714285715,0.06585360043797549,0,0,0,0
ERG,rsERG,2024-07-13T00:00:00.000Z,2024-07-13,126677.233511528,114939.53846303059,9091.748530055,8249.295290701271,117585.484981473,106690.24317232933,0,0,1.331322392,1.207846238180702,0,0,0.05517638099047619,0.0031680505285714288,0.07177098119907944,0,0,0,0
ERG,rsERG,2024-07-14T00:00:00.000Z,2024-07-14,126709.938351246,120566.23833544487,9093.106385326,8652.215289835103,117616.83196592,111914.02304560976,0,0,1.362444861,1.296278246629616,0,0,0.05517360638571429,0.003167546161904762,0.07176316635084812,0,0,0,0
ERG,rsERG,2024-07-15T00:00:00.000Z,2024-07-15,126711.26613473301,120530.61372353572,9094.434168813,8650.830897991782,117616.83196592,111879.78282554394,0,0,1.300966434,1.237476212021846,0,0,0.05517705979,0.00316817378,0.07177289317059123,0,0,0,0
ERG,rsERG,2024-07-16T00:00:00.000Z,2024-07-16,126712.578560224,119564.52242689884,9095.746594304,8582.640778626619,117616.83196592,110981.88164827222,0,0,1.363116849,1.286299231329198,0,0,0.05518047319047619,0.003168794180952381,0.07178250728174304,0,0,0,0
ERG,rsERG,2024-07-17T00:00:00.000Z,2024-07-17,126713.93735594001,121945.02807608616,9097.10539002,8754.733585211185,117616.83196592,113190.29449087498,0,0,1.332334454,1.282361209759806,0,0,0.05518400713333333,0.0031694365476190476,0.07179246086687044,0,0,0,0
ERG,rsERG,2024-07-18T00:00:00.000Z,2024-07-18,126943.858610933,118818.94771660121,9098.455216442,8516.173325447971,117845.403394491,110302.77439115323,0,0,1.36267462,1.27553983500785,0,0,0.055141642161904765,0.0031617408428571427,0.07167313405181137,0,0,0,0
ERG,rsERG,2024-07-19T00:00:00.000Z,2024-07-19,126968.478688425,116813.04823004,9099.777616598001,8371.928798491637,117868.701071827,108441.11943154836,0,0,1.300823076,1.196793468597698,0,0,0.055140387565,0.0031615121,0.07166960079000113,0,0,0,0
ERG,rsERG,2024-07-20T00:00:00.000Z,2024-07-20,122887.318686479,112128.65789528123,9101.099948431001,8302.593671151286,113786.218738048,103826.06422412994,0,0,1.349075201,1.230593027923558,0,0,0.05612418764761905,0.003350899452380952,0.07443412136900264,0,0,0,0
ERG,rsERG,2024-07-21T00:00:00.000Z,2024-07-21,107824.282799699,97514.69462741338,9102.522811413,8232.194545640936,98721.759988286,89282.50008177245,0,0,1.473495989,1.332818479749727,0,0,0.059687310933333335,0.004033116419047619,0.08444890106756359,0,0,0,0
ERG,rsERG,2024-07-22T00:00:00.000Z,2024-07-22,109789.38228329801,98356.67521382835,9103.977044357,8154.75899173433,100685.405238941,90201.91622209402,0,0,1.459631468,1.307099394233742,0,0,0.059150967095238094,0.003925510938095238,0.08294439742010777,0,0,0,0
ERG,rsERG,2024-07-23T00:00:00.000Z,2024-07-23,108647.08148731901,95530.22450091083,9105.405792242,8006.115770824774,99541.675695077,87524.10873008605,0,0,1.367238772,1.202465337067657,0,0,0.059458379905,0.003986431445,0.08380718254236395,0,0,0,0
ERG,rsERG,2024-07-24T00:00:00.000Z,2024-07-24,108541.919772347,93062.24688444906,9106.826417829001,7808.068127951464,99435.093354518,85254.1787564976,0,0,1.468326985,1.258961653604955,0,0,0.05949205062380952,0.003993188142857143,0.08390163177830474,0,0,0,0
ERG,rsERG,2024-07-25T00:00:00.000Z,2024-07-25,108400.523255363,88492.02622778725,9108.29565611,7435.4923599250105,99292.227599253,81056.53386786225,0,0,1.469593052,1.199353376911228,0,0,0.05953583872380953,0.004001973457142857,0.08402446206952331,0,0,0,0
ERG,rsERG,2024-07-26T00:00:00.000Z,2024-07-26,108401.986610456,89025.81050051132,9109.759011203001,7481.44919025262,99292.227599253,81544.3613102587,0,0,1.469830187,1.20703108404178,0,0,0.05954024696666667,0.004002858761904762,0.08403682713334663,0,0,0,0
ERG,rsERG,2024-07-27T00:00:00.000Z,2024-07-27,108440.90654340801,91424.88367561372,9111.178944155,7681.483344720986,99329.727599253,83743.40033089273,0,0,1.369937459,1.154874603383467,0,0,0.05953416346,0.0040016371,0.08401976289962343,0,0,0,0
ERG,rsERG,2024-07-28T00:00:00.000Z,2024-07-28,108515.18855911,92774.89785971431,9112.591007543,7790.726946447023,99402.597551567,84984.17091326728,0,0,1.469960335,1.256955710730657,0,0,0.05951831594761905,0.003998456376190476,0.08397530966084266,0,0,0,0
ERG,rsERG,2024-07-29T00:00:00.000Z,2024-07-29,108651.27222317399,92434.36142346603,9114.038518996,7753.721840240854,99537.233704178,84680.63958322519,0,0,1.436026092,1.221111373185628,0,0,0.05948567243,0.003991912365,0.08388373790522421,0,0,0,0
ERG,rsERG,2024-07-30T00:00:00.000Z,2024-07-30,108694.234952124,90921.13935883116,9115.514363075,7624.999644128774,99578.720589049,83296.13971470238,0,0,1.469681623,1.229277610765016,0,0,0.059478773385714286,0.003990533557142857,0.0838643820276787,0,0,0,0
ERG,rsERG,2024-07-31T00:00:00.000Z,2024-07-31,109564.97926775801,91429.94229531634,9116.938213479001,7607.915346682076,100448.041054279,83822.02694863427,0,0,1.397615998,1.166082908728699,0,0,0.05924563521,0.00394387914,0.08321033119371431,0,0,0,0
ERG,rsERG,2024-08-01T00:00:00.000Z,2024-08-01,109832.908280664,87657.97796179929,9118.370453309,7277.547420674408,100714.537827355,80380.43054112488,0,0,1.462848754,1.166889529634613,0,0,0.05917812250952381,0.003930428285714286,0.08302089354101233,0,0,0,0
ERG,rsERG,2024-08-02T00:00:00.000Z,2024-08-02,110029.966939825,85849.36494953111,9119.827186807,7115.574320211345,100910.139753018,78733.79062931976,0,0,1.461578576,1.14026400390168,0,0,0.059129722776190476,0.003920781461904762,0.08288508842003217,0,0,0,0
ERG,rsERG,2024-08-03T00:00:00.000Z,2024-08-03,109892.643153387,84448.03544377469,9121.242977039,7009.3057270984145,100771.400176348,77438.72971667627,0,0,1.363113977,1.047569767580183,0,0,0.05917117199,0.00392903198,0.08300139767305459,0,0,0,0
ERG,rsERG,2024-08-04T00:00:00.000Z,2024-08-04,109894.101824126,81498.11261829652,9122.701647778,6765.442922873691,100771.400176348,74732.66969542284,0,0,1.496552628,1.109828226210526,0,0,0.0591755098,0.003929896231578947,0.08301356937974567,0,0,0,0
ERG,rsERG,2024-08-05T00:00:00.000Z,2024-08-05,109035.301695457,74449.38099365418,9124.142511535001,6229.53733248891,99911.159183922,68219.84366116527,0,0,1.469279006,1.002418278805198,0,0,0.05941478299523809,0.003977793204761905,0.08368482254672199,0,0,0,0
ERG,rsERG,2024-08-06T00:00:00.000Z,2024-08-06,108971.88986566599,79931.32786292705,9129.887420975,6696.950407450488,99842.002444691,73234.37745547656,0,0,1.437394017,1.055231666260682,0,0,0.05944941853333333,0.0039846392333333334,0.08378204144983091,0.45,0.3457251,2.3705,0.7879186425
ERG,rsERG,2024-08-07T00:00:00.000Z,2024-08-07,108973.3114336,84636.61063132949,9172.023274623001,7123.65473316116,99801.288158977,77512.95589816832,0,0,1.380103192,1.072064581326872,0,0,0.059586873495,0.00401222783,0.08416761088201144,0,0,0,0
ERG,rsERG,2024-08-08T00:00:00.000Z,2024-08-08,108974.730693457,83341.26883849062,9173.44253448,7015.634132978537,99801.288158977,76325.63470551209,0,0,1.481399786,1.133587326526295,0,0,0.05959112596190476,0.004013082795238095,0.08417953845460369,0,0,0,0
ERG,rsERG,2024-08-09T00:00:00.000Z,2024-08-09,110235.323184269,91051.38997493358,9159.891044258,7566.589335994476,101075.432140011,83484.80063893911,0,0,1.439706837,1.188726619919743,0,0,0.05920753349047619,0.003936530014285715,0.08310327254919153,0,0,0,0
ERG,rsERG,2024-08-10T00:00:00.000Z,2024-08-10,111181.11608710699,87959.20781594825,9178.933008937998,7261.283782478467,102002.183078169,80697.92403346978,0,0,1.438395245,1.137690698266759,0,0,0.059013519285714286,0.0038986970761904763,0.08255837892657758,10,7.8177,2.40498,0.8370412641
ERG,rsERG,2024-08-11T00:00:00.000Z,2024-08-11,111099.095601026,85672.78061433535,10132.914754739,7813.874704482502,100966.180846287,77858.90590985285,0,0,1.749606088,1.348487051057392,0,0,0.06209932237272727,0.004531087509090909,0.09120633286801635,0,0,0,0
ERG,rsERG,2024-08-12T00:00:00.000Z,2024-08-12,110724.504016013,83979.2112083562,10134.618927482,7686.621263178733,100589.885088531,76292.58994517746,0,0,1.675161954,1.270390193672,0,0,0.062215012447619046,0.004555634352380953,0.09153004581599691,0,0,0,0
ERG,rsERG,2024-08-13T00:00:00.000Z,2024-08-13,110726.17757333399,85963.04155256438,10136.292484803,7869.3849248822435,100589.885088531,78093.65662768214,0,0,1.675753282,1.300724475615589,0,0,0.062219920019047616,0.004556677180952381,0.09154377677449234,0,0,0,0
ERG,rsERG,2024-08-14T00:00:00.000Z,2024-08-14,110727.848011789,85781.9978124963,10137.962923258001,7853.983985587794,100589.885088531,77928.0138269085,0,0,1.676151329,1.298385543553923,0,0,0.062224818304761904,0.004557718138095238,0.09155748172987849,0,0,0,0
ERG,rsERG,2024-08-15T00:00:00.000Z,2024-08-15,110729.51504351699,84151.38555955577,10139.629954986001,7705.836719114868,100589.885088531,76445.5488404409,0,0,1.676427255,1.274229065692377,0,0,0.0622297065,0.004558757047619048,0.09157115832271993,0,0,0,0
ERG,rsERG,2024-08-16T00:00:00.000Z,2024-08-16,110731.18791529,84848.6788655291,10141.302826759,7770.860327377937,100589.885088531,77077.81853815117,0,0,1.676825455,1.284837254281958,0,0,0.062234611685714286,0.004559799690476191,0.0915848824144754,0,0,0,0
ERG,rsERG,2024-08-17T00:00:00.000Z,2024-08-17,110732.85397822599,83578.21517608398,10142.968889695001,7655.642728207415,100589.885088531,75922.57244787656,0,0,1.677417369,1.265751582354192,0,0,0.06223949677619048,0.004560838138095238,0.09159855023468516,0,0,0,0
ERG,rsERG,2024-08-18T00:00:00.000Z,2024-08-18,110734.531516978,83353.25109013118,10144.646428447,7636.18377749048,100589.885088531,75717.06731264069,0,0,1.677693574,1.262910437925361,0,0,0.0622444154,0.004561883833333333,0.09161231178365191,0,0,0,0
ERG,rsERG,2024-08-19T00:00:00.000Z,2024-08-19,110736.211183608,82317.00203824173,10146.326095077,7542.3853089681215,100589.885088531,74774.6167292736,0,0,1.716995438,1.276868785803998,0,0,0.06224934011428571,0.004562930938095238,0.09162609037008271,0,0,0,0
ERG,rsERG,2024-08-20T00:00:00.000Z,2024-08-20,110737.943861417,83432.17648288091,10712.34448717,8071.509677568501,100025.599374247,75360.66680531242,0,0,1.820869212,1.371735435780738,0,0,0.06407791253333334,0.004961891176190476,0.09673597678700364,7.9,6.006686,2.18086,0.75165084588
ERG,rsERG,2024-08-21T00:00:00.000Z,2024-08-21,110739.815467891,83505.09178279781,10939.930379358,8249.424900256452,99799.885088533,75255.66688254137,0,0,1.880909352,1.418017347754677,0,0,0.06481277083809524,0.0051222566904761905,0.09878949437207561,0,0,0,0
ERG,rsERG,2024-08-22T00:00:00.000Z,2024-08-22,110741.695114101,86446.12304861,10941.810025568,8541.296730646407,99799.885088533,77904.82631796358,0,0,1.881473169,1.468980940492962,0,0,0.0648182513095238,0.005123483028571429,0.09880479084111488,0,0,0,0
ERG,rsERG,2024-08-23T00:00:00.000Z,2024-08-23,110743.567132512,88510.35145391048,10943.682043979,8746.600200157603,99799.885088533,79763.75125375288,0,0,1.88202617,1.503827221153328,0,0,0.06482370938095237,0.005124704461904762,0.09882002471936213,0,0,0,0
ERG,rsERG,2024-08-24T00:00:00.000Z,2024-08-24,110745.43952278301,95100.17539741765,10945.55443425,9399.257694115728,99799.885088533,85700.91770330192,0,0,1.882348529,1.616916938528966,0,0,0.06482916836666666,0.005125926223809524,0.09883526110855224,0,0,0,0
ERG,rsERG,2024-08-25T00:00:00.000Z,2024-08-25,95094.43618699099,80328.69498698991,10947.490317612,9233.809378636744,84146.945869379,71094.88560835317,0,0,2.044835347,1.722395691988918,0,0,0.07092100773333333,0.006588288357142857,0.11577811940834067,0,0,0,0
ERG,rsERG,2024-08-26T00:00:00.000Z,2024-08-26,91413.479509856,74604.0855189135,10949.578162631,8936.131574734629,80463.901347225,65667.95394417888,0,0,2.09436612,1.709422679486331,0,0,0.07236019947142858,0.00693388909047619,0.11978078307242213,0,0,0,0
ERG,rsERG,2024-08-27T00:00:00.000Z,2024-08-27,91415.57250965599,70984.87934816867,10951.671162431001,8504.050725366835,80463.901347225,62480.82862280184,0,0,2.095051044,1.62664668925957,0,0,0.07236747112380952,0.006935752642857143,0.11980093607937993,0,0,0,0
ERG,rsERG,2024-08-28T00:00:00.000Z,2024-08-28,91417.670876622,68673.90028800923,10953.769529397001,8228.586135659883,80463.901347225,60445.31415234935,0,0,2.144377405,1.610455622405897,0,0,0.07237476116666666,0.006937621114285714,0.11982113983947046,0,0,0,0
ERG,rsERG,2024-08-29T00:00:00.000Z,2024-08-29,91419.81793958899,68801.05392621655,10955.916592364001,8245.242111767127,80463.901347225,60555.81181444943,0,0,2.193711099,1.650116827492046,0,0,0.07238222007727273,0.006939533113636364,0.11984181149682975,0,0,0,0
ERG,rsERG,2024-08-30T00:00:00.000Z,2024-08-30,91423.32626728999,67827.60677122632,10958.053491494,8129.85683987644,80465.272775796,59697.74993134988,0,0,2.509139424,1.862720767639132,0,0,0.07238899458095238,0.006941269871428572,0.11986058627573624,30,22.35528,2.40498,0.85533835194
ERG,rsERG,2024-08-31T00:00:00.000Z,2024-08-31,91199.803786774,67307.18043465802,10960.135376424001,8088.865095079066,80239.66841035,59218.31533957895,0,0,2.610140958,1.926362624021098,0,0,0.07250403184761905,0.006970865080952381,0.12017933664283824,0,0,0,0
ERG,rsERG,2024-09-01T00:00:00.000Z,2024-09-01,90043.87867935,65952.81690162669,10962.234506355,8028.817127207802,79081.644172995,57923.999774418895,0,0,2.755712981,2.018369222606545,0,0,0.07306979679047619,0.007116925685714285,0.12174667677072096,0,0,0,0
ERG,rsERG,2024-09-02T00:00:00.000Z,2024-09-02,89496.67436312999,64930.58117976246,10964.323347609,7954.70869948855,78532.351015521,56975.872480273916,0,0,2.578295029,1.870175937362015,0,0,0.07334575851,0.00718852734,0.12251095833707384,0,0,0,0
ERG,rsERG,2024-09-03T00:00:00.000Z,2024-09-03,89498.777939179,64212.15157956317,10966.426923658,7868.01315092765,78532.351015521,56344.138428635524,0,0,2.76797456,1.986336402862331,0,0,0.07335320711904762,0.0071904676714285715,0.1225315828040711,0,0,0,0
ERG,rsERG,2024-09-04T00:00:00.000Z,2024-09-04,89481.750161013,62499.72989725038,10968.562722951001,7661.134852846167,78513.187438062,54838.59504440421,0,0,2.705875079,1.889552452728301,0,0,0.07337025426666667,0.007194909847619047,0.12257878371908276,0,0,0,0
ERG,rsERG,2024-09-05T00:00:00.000Z,2024-09-05,89435.994701046,62629.72930813254,10970.716206633,7682.508720643139,78465.278494413,54947.2205874894,0,0,2.833789531,1.984000497401073,0,0,0.07340159415714285,0.007203078023809524,0.1226655580835255,0,0,0,0
ERG,rsERG,2024-09-06T00:00:00.000Z,2024-09-06,89438.204310638,60887.9421287143,10972.925816225,7470.166749637998,78465.278494413,53417.7753790763,0,0,2.645475644,1.803670250965303,0,0,0.07340942255555556,0.007205119155555556,0.12268723301787324,0,0,0,0
ERG,rsERG,2024-09-07T00:00:00.000Z,2024-09-07,89440.264228838,61097.184484722835,10974.985734425001,7497.085689960178,78465.278494413,53600.098794762656,0,0,2.772368341,1.894840419628673,0,0,0.07341672032857142,0.007207022171428571,0.12270743859170638,0,0,0,0
ERG,rsERG,2024-09-08T00:00:00.000Z,2024-09-08,89475.42537939301,61638.825537781246,10977.130568894001,7562.048877652297,78498.294810499,54076.77666012895,0,0,2.70954695,1.866487927041877,0,0,0.07340796214999999,0.007204738355,0.12268318947592778,0,0,0,0
ERG,rsERG,2024-09-09T00:00:00.000Z,2024-09-09,89477.54722756801,63177.54562865059,10979.252417069001,7752.142471380399,78498.294810499,55425.403157270186,0,0,2.710337812,1.914197911916517,0,0,0.07341547620476191,0.007206697728571429,0.12270399394600223,0,0,0,0
ERG,rsERG,2024-09-10T00:00:00.000Z,2024-09-10,88309.105738553,63815.1351558903,10981.368424455,7935.6915786661475,77327.737314098,55879.44357722415,0,0,2.667059617,1.927355950497774,0,0,0.07401268025,0.007363385365,0.12435691637936272,0,0,0,0
ERG,rsERG,2024-09-11T00:00:00.000Z,2024-09-11,88018.584038965,63426.88655044583,10983.486098967,7914.786030775741,77035.097939998,55512.100519670086,0,0,2.738243544,1.973159556341834,0,0,0.07416770797142858,0.007404072666666667,0.12478598940299945,0,0,0,0
ERG,rsERG,2024-09-12T00:00:00.000Z,2024-09-12,88020.760261003,63737.8217085066,10985.662321005,7954.964829605402,77035.097939998,55782.8568789012,0,0,2.802616647,2.030028406085784,0,0,0.07417552889047618,0.007406137471428572,0.12480762816059092,0,0,0,0
ERG,rsERG,2024-09-13T00:00:00.000Z,2024-09-13,88034.364170923,62803.911788242236,10987.822673981,7838.731911832061,77046.541496942,54965.17987641018,0,0,2.803527273,2.000281447601659,0,0,0.0741774298,0.007406639523809524,0.12481288741731096,0,0,0,0
ERG,rsERG,2024-09-14T00:00:00.000Z,2024-09-14,88073.1536404,63568.713084650684,10989.992761237001,7932.267914335699,77083.160879163,55636.44517031498,0,0,2.739871608,1.9781428864951,0,0,0.07416646510952381,0.007403744561904762,0.12478255067677319,0,0,0,0
ERG,rsERG,2024-09-15T00:00:00.000Z,2024-09-15,89553.880823504,63727.94927085029,10992.14851577,7822.592763465543,78561.732307734,55905.35650738474,0,0,2.715541045,1.93316113764082,0,0,0.07343365237619047,0.007211806947619048,0.12275409621192938,0,0,0,0
ERG,rsERG,2024-09-16T00:00:00.000Z,2024-09-16,90047.448795138,61996.32758629882,10994.287915975001,7569.400825099593,79053.160879163,54426.92676119923,0,0,2.769093787,1.907326934061148,0,0,0.07319532234285714,0.007149390333333333,0.12209438534286854,0,0,0,0
ERG,rsERG,2024-09-17T00:00:00.000Z,2024-09-17,90049.578588936,61783.473798413186,10996.417709773,7544.701088978824,79053.160879163,54238.772709434365,0,0,2.707030954,1.858613739307327,0,0,0.07320282017142857,0.007151338638095238,0.12211514899224798,0,0,0,0
ERG,rsERG,2024-09-18T00:00:00.000Z,2024-09-18,90051.713567848,60875.96492122754,10998.552688685,7435.143524398749,79053.160879163,53440.82139682879,0,0,2.707664928,1.830324111489855,0,0,0.07321033596190477,0.007153291866666666,0.12213596220687488,0,0,0,0
ERG,rsERG,2024-09-19T00:00:00.000Z,2024-09-19,90079.181864721,62549.41453904931,11000.651387458001,7638.6252715043365,79078.530477263,54910.78926754497,0,0,2.645356428,1.837028875360293,0,0,0.07320530654,0.00715198528,0.12212203410987403,0,0,0,0
ERG,rsERG,2024-09-20T00:00:00.000Z,2024-09-20,85213.518371982,59810.11398360466,11002.794575064001,7724.483890729627,74210.723796918,52085.63009287503,0,0,2.861124974,2.009011220794192,0,0,0.07577130881904762,0.0078362668,0.12921748097933344,0,0,0,0
ERG,rsERG,2024-09-21T00:00:00.000Z,2024-09-21,84098.475227215,61938.76382060642,11005.056959034,8105.262869670102,73093.418268181,53833.50095093632,0,0,2.887572143,2.126692813559499,0,0,0.07636498194761905,0.007994446752380953,0.13085917342592168,0,0,0,0
ERG,rsERG,2024-09-22T00:00:00.000Z,2024-09-22,84100.661388081,59813.16312171362,11007.2431199,7828.444280593396,73093.418268181,51984.71884112022,0,0,2.757153949,1.959206158360146,0,0,0.07637316444,0.00799668375,0.13088176637613574,0,0,0,0
ERG,rsERG,2024-09-23T00:00:00.000Z,2024-09-23,84287.06300392501,62682.24678112023,11009.435216176,8186.649706158146,73277.627787749,54495.59707496208,0,0,2.820462438,2.096727142468501,0,0,0.07627812821904761,0.0079707553,0.13061932680748525,0,0,0,0
ERG,rsERG,2024-09-24T00:00:00.000Z,2024-09-24,84811.82609035601,66950.89853407358,11011.532358541,8692.541508110246,73800.293731815,58258.357025963334,0,0,1.95524759,1.541146857514069,0,0,0.04875083974761905,0.005063920404761905,0.12983491334751548,0,0,0,0
ERG,rsERG,2024-09-25T00:00:00.000Z,2024-09-25,84823.54861533901,66246.52122333011,11012.088609786,8600.354421010408,73811.460005553,57646.166802319705,0,0,0.171247124,0.133721510773248,0,0,0.004476105276190476,0.00046488286666666667,0.12982348403871322,0,0,0,0
ERG,rsERG,2024-09-26T00:00:00.000Z,2024-09-26,85529.198811064,65262.0630670563,11297.942459647998,8609.266903780663,74231.256351416,56652.796163275634,0,0,0.254440486,0.193651574454251,0,0,0.004556330685714286,0.00048820434761904765,0.13214096651552085,60,44.93022,2.40498,0.9167663511
ERG,rsERG,2024-09-27T00:00:00.000Z,2024-09-27,85295.630720608,66245.93313736151,11042.359823480001,8575.386687813141,74253.270897128,57670.546449548376,0,0,0.243590665,0.189098347140973,0,0,0.00446406449,0.000462513095,0.12947495555063085,6,4.516314,2.17224,0.8890326648
ERG,rsERG,2024-09-28T00:00:00.000Z,2024-09-28,85035.498249318,65229.835475951055,11012.493873488,8447.567823250301,74023.00437583,56782.26765270076,0,0,0.256512003,0.196731674885303,0,0,0.004465088476190476,0.00046259983333333334,0.12950466687669815,0,0,0,0
ERG,rsERG,2024-09-29T00:00:00.000Z,2024-09-29,86015.645421348,66125.88363770896,10984.943071589001,8444.18869780593,75030.702349759,57681.69493990303,0,0,0.242126433,0.186090183278255,0,0,0.004403884655,0.000450136815,0.12773334264480604,0,0,0,0
ERG,rsERG,2024-09-30T00:00:00.000Z,2024-09-30,87326.693441825,66398.50111402172,10828.190136269,8233.147554972824,76498.503305556,58165.353559048905,0,0,0.245416396,0.186647404871046,0,0,0.004274796685714286,0.00042405339047619047,0.12399722794996927,0,0,0,0
ERG,rsERG,2024-10-01T00:00:00.000Z,2024-10-01,87213.06656203199,64787.98291350433,10828.318596442,8044.034280199639,76384.74796559,56743.948633304695,0,0,0.128640296,0.095608259463931,0,0,0.004280398071428572,0.0004251611761904762,0.12415936078484842,0,0,0,0
ERG,rsERG,2024-10-02T00:00:00.000Z,2024-10-02,87213.19043478799,61845.929969814984,10828.442469198,7678.827901998921,76384.74796559,54167.102067816064,0,0,0.122794429,0.087064107394695,0,0,0.00428044106,0.000425169735,0.12416060478010323,0,0,0,0
ERG,rsERG,2024-10-03T00:00:00.000Z,2024-10-03,87213.31604927599,60558.86654348098,10828.568083686001,7519.101691174855,76384.74796559,53039.76485230613,0,0,0.12864328,0.089339077306168,0,0,0.004280484638095238,0.0004251783523809524,0.12416186626310853,0,0,0,0
ERG,rsERG,2024-10-04T00:00:00.000Z,2024-10-04,86146.302141508,59162.63380864483,10828.69703306,7436.7143779028065,75317.605108448,51725.919430742026,0,0,0.130117513,0.089334928988997,0,0,0.004334563976190476,0.0004360678333333333,0.12572707508317457,0,0,0,0
ERG,rsERG,2024-10-05T00:00:00.000Z,2024-10-05,85723.572341601,58380.04167251876,10828.82437601,7374.718618180609,74894.747965591,51005.32305433815,0,0,0.122159846,0.083183692263303,0,0,0.0043551379,0.00044012187,0.12632259809291588,0,0,0,0
ERG,rsERG,2024-10-06T00:00:00.000Z,2024-10-06,85723.700045737,59866.30967275316,10828.952080146,7562.54600226029,74894.747965591,52303.76367049287,0,0,0.131030172,0.091491952888529,0,0,0.004355182880952381,0.00044013095238095237,0.12632389962581506,0,0,0,0
ERG,rsERG,2024-10-07T00:00:00.000Z,2024-10-07,85723.829942325,61016.91978279804,10829.081976734,7707.975867776129,74894.747965591,53308.94391502191,0,0,0.131031772,0.093253219353224,0,0,0.004355228633333334,0.00044014018095238095,0.1263252234997585,0,0,0,0
ERG,rsERG,2024-10-08T00:00:00.000Z,2024-10-08,85723.959273228,58826.021704533494,10829.211307637,7431.287687848131,74894.747965591,51394.73401668536,0,0,0.128055308,0.087857183801312,0,0,0.004355274180952381,0.00044014938095238095,0.12632654160439463,0,0,0,0
ERG,rsERG,2024-10-09T00:00:00.000Z,2024-10-09,85724.087088275,57168.48042487461,10829.339122684,7221.970635687803,74894.747965591,49946.509789186806,0,0,0.125078737,0.083423374664899,0,0,0.00435531915,0.00044015846,0.12632784425594795,0,0,0,0
ERG,rsERG,2024-10-10T00:00:00.000Z,2024-10-10,85724.21496156699,55816.53043765893,10829.466995976,7051.254728798084,74894.747965591,48765.27570886084,0,0,0.131036415,0.085320106249019,0,0,0.004355364214285715,0.0004401675619047619,0.12632914749719887,0,0,0,0
ERG,rsERG,2024-10-11T00:00:00.000Z,2024-10-11,85724.344297066,56813.20932313826,10829.596331475,7177.239372178585,74894.747965591,49635.969950959676,0,0,0.12805984,0.0848443459943,0,0,0.004355409766666667,0.0004401767523809524,0.12633046563683553,0,0,0,0
ERG,rsERG,2024-10-12T00:00:00.000Z,2024-10-12,85724.474838182,56964.38317153956,11701.15544402,7785.361039070246,74023.319394162,49179.02213246931,0,0,0.155902638,0.103947111014411,0,0,0.004707115366666667,0.0005311659476190476,0.1364972464403424,61,40.954302,2.20672,0.77821746176
ERG,rsERG,2024-10-13T00:00:00.000Z,2024-10-13,85729.221658386,57867.63455755263,11158.440168985,7535.668734894868,74570.781489401,50331.96582265776,0,0,0.229329378,0.154768937747001,0,0,0.004487756952380953,0.00046973565238095236,0.1301591529819948,23,15.592551,2.20672,0.79114442752
ERG,rsERG,2024-10-14T00:00:00.000Z,2024-10-14,88529.794839446,60190.917922032444,14231.361848337,9661.820644696749,74298.432991109,50529.09727733569,394.659603651,267.9912359015896,0.329710525,0.223662486441094,0.033360098,0.022652974386312,0.00552968941,0.00072278238,0.16028866271649594,50,34.2879,2.20672,0.77722223104
ERG,rsERG,2024-10-15T00:00:00.000Z,2024-10-15,89721.827316158,60739.58736421164,16211.222397879,10975.334475547366,73510.604918279,49764.252888664276,0,0,0.436036907,0.295361230530216,0,0,0.006234257238095238,0.0009026100666666666,0.18065718510049356,29.696596036,20.07688072715061,4.41344,1.57335163904
ERG,rsERG,2024-10-16T00:00:00.000Z,2024-10-16,90123.25426366301,60462.672867277775,15880.350010166,10655.96541604241,74242.904253497,49806.707451235365,1464.581916453,986.9685722604286,0.427922676,0.28717111555135,0.139296027,0.093870338931057,0.006080221205,0.000858637655,0.17620702315400003,0,0,0,0
ERG,rsERG,2024-10-17T00:00:00.000Z,2024-10-17,89111.360501664,59878.60272005574,14127.161322682,9495.362020470784,74984.199178982,50383.24069958495,4581.59381123,3072.34808590367,0.370866642,0.249234813422719,0.1052893,0.0706054252405,0.005456057785714286,0.0007023552333333333,0.15816104678298404,0,0,0,0
ERG,rsERG,2024-10-18T00:00:00.000Z,2024-10-18,89404.82704617499,58972.181146958,10830.684497100001,7143.959627564082,78574.142549075,51828.22151939392,0,0,0.235569775,0.155390599359758,0,0,0.004176547571428571,0.00040483984285714285,0.12115326617022976,0,0,0,0
ERG,rsERG,2024-10-19T00:00:00.000Z,2024-10-19,89776.406492733,58520.812715264794,10880.80661502,7092.46926350717,78895.599877713,51428.343451757624,0,0,0.229536009,0.149601226558449,0,0,0.00417815892,0.000405276075,0.12119983320730188,25,16.207,6.58568,2.3118041787999997
ERG,rsERG,2024-10-20T00:00:00.000Z,2024-10-20,89920.527577204,58784.290615739614,13330.960274624,8714.929416141807,76589.56730258,50069.361199597806,0,0,0.320560406,0.209514844322005,0,0,0.00511313655,0.00060642901,0.14825269194680316,0,0,0,0
ERG,rsERG,2024-10-21T00:00:00.000Z,2024-10-21,89920.71253733401,59661.874509701534,13331.145234754,8845.137906232258,76589.56730258,50816.736603469275,0,0,0.330590537,0.219310678144724,0,0,0.0051131971285714286,0.0006064433571428572,0.14825444392682463,0,0,0,0
ERG,rsERG,2024-10-22T00:00:00.000Z,2024-10-22,89920.90036045201,58901.06277640408,13331.333057872,8732.44897418274,76589.56730258,50168.613802221334,0,0,0.323081664,0.211667917958286,0,0,0.005113258642857143,0.0006064579333333334,0.14825622301828587,0,0,0,0
ERG,rsERG,2024-10-23T00:00:00.000Z,2024-10-23,89921.08777611301,58444.947183058655,13331.520473533,8664.930609719357,76589.56730258,49780.0165733393,0,0,0.330599825,0.214795754998556,0,0,0.005113320028571428,0.0006064724714285715,0.14825799824284397,0,0,0,0
ERG,rsERG,2024-10-24T00:00:00.000Z,2024-10-24,89921.313188939,58768.89271977839,15914.745886359,10401.227551827002,74006.56730258,48367.66516795139,0,0,0.425725371,0.278361394797223,0,0,0.00610712339047619,0.0008646966,0.17698524767832727,25.83,16.53866487,2.21534,0.77471769004
ERG,rsERG,2024-10-25T00:00:00.000Z,2024-10-25,89921.574374753,57640.99231304985,15915.007072173,10201.742879825473,74006.56730258,47439.24943322438,0,0,0.419012419,0.26846522091465,0,0,0.00610720614,0.000864720015,0.17698763820341037,0,0,0,0
ERG,rsERG,2024-10-26T00:00:00.000Z,2024-10-26,89477.842434659,56817.14160011473,13578.159945921001,8621.650211029064,75899.682488738,48195.49138908567,0,0,0.380352955,0.241436518465253,0,0,0.005234155323809524,0.0006373523952380953,0.15175123075449828,0,0,0,0
ERG,rsERG,2024-10-27T00:00:00.000Z,2024-10-27,87585.31536777,58995.00373082191,13332.34253786,8980.290923401322,74252.97282991,50014.71280742059,0,0,0.368985966,0.248587489608588,0,0,0.0052503667047619045,0.0006393737333333333,0.15222120833666733,0,0,0,0
ERG,rsERG,2024-10-28T00:00:00.000Z,2024-10-28,87585.509495633,58399.273270857666,13332.536665723,8889.717581022345,74252.97282991,49509.55568983532,0,0,0.386153737,0.25747920801447,0,0,0.0052504316857142855,0.0006393895333333333,0.1522230873859011,0,0,0,0
ERG,rsERG,2024-10-29T00:00:00.000Z,2024-10-29,87950.971256213,59319.630401813134,13332.726639823,8992.085889110826,74618.24461639,50327.544512702305,0,0,0.350205598,0.236302476724188,0,0,0.005228706575,0.000634124975,0.1515948559970507,0,0,0,0
ERG,rsERG,2024-10-30T00:00:00.000Z,2024-10-30,88255.016199808,59772.009444704636,13332.912849026001,9029.902688459499,74922.103350782,50742.106756245135,0,0,0.365667376,0.247546707321576,0,0,0.005210645585714286,0.0006297485523809524,0.1510725812156832,0,0,0,0
ERG,rsERG,2024-10-31T00:00:00.000Z,2024-10-31,88285.206283984,60273.394522252835,13333.102933202,9102.672724547085,74952.103350782,51170.72179770575,0,0,0.374176621,0.255396297734704,0,0,0.005208933461904762,0.0006293352952380952,0.151023070504978,0,0,0,0
ERG,rsERG,2024-11-01T00:00:00.000Z,2024-11-01,88285.39657975499,59182.28813734142,13333.293228973,8937.99932108578,74952.103350782,50244.28881625564,0,0,0.365677838,0.245098645555417,0,0,0.005208996747619048,0.0006293505904761905,0.15102490044203948,0,0,0,0
ERG,rsERG,2024-11-02T00:00:00.000Z,2024-11-02,88285.586669349,59657.883192813664,13333.483318567,9009.934470240716,74952.103350782,50647.948722572946,0,0,0.374187324,0.25282975300712,0,0,0.005209059966666666,0.0006293658428571428,0.15102672838858022,0,0,0,0
ERG,rsERG,2024-11-03T00:00:00.000Z,2024-11-03,88285.868811653,56628.01808266452,13500.340698966,8658.25873619456,74785.528112687,47969.75934646996,0,0,0.371989154,0.23842173488943,0,0,0.005274421880952381,0.0006461937190476191,0.1529162011712162,35,22.222125,4.41344,1.47466712064
ERG,rsERG,2024-11-04T00:00:00.000Z,2024-11-04,88425.47659227601,56353.86350393617,14723.408688858,9384.8625099807,73702.067903418,46969.00099395547,0,0,0.462717505,0.29492927066123,0,0,0.005744679128571429,0.0007676563857142857,0.16651008439742382,12.95,8.17392345,2.20672,0.71838886912
ERG,rsERG,2024-11-05T00:00:00.000Z,2024-11-05,88768.51054113099,57203.08857301882,18957.738706895998,12227.483289345251,69810.771834235,44975.60528367357,0,0,0.707880255,0.456794957401549,0,0,0.007374195361904762,0.0012708687285714285,0.213563765154024,50.5,31.3527735,2.20672,0.7263529216
ERG,rsERG,2024-11-06T00:00:00.000Z,2024-11-06,88899.45342242699,62096.528373170455,17011.969190194,11872.00711310157,71887.484232233,50224.52126006888,0,0,0.637877251,0.445513249611017,0,0,0.006606518055,0.00103313122,0.19139684127912734,22,15.440568,2.20672,0.78954676224
ERG,rsERG,2024-11-07T00:00:00.000Z,2024-11-07,89220.366109618,64131.13192820551,14629.650667168,10515.444722352673,74590.71544245,53615.68720585284,0,0,0.582620137,0.418597859592361,0,0,0.005656830052380953,0.0007420527047619047,0.16397241700320853,60,46.65012,2.20672,0.8826990336
ERG,rsERG,2024-11-08T00:00:00.000Z,2024-11-08,89509.268633225,80919.5235815259,17756.886083261,15881.56633499744,71752.382549964,65037.95724652846,1000.000000001,942.5070000009425,0.885351048,0.792813663784009,0.052068195,0.049074638264865,0.006850007885714286,0.0011271704333333332,0.1984160832110563,36.22,29.31355234,4.41344,1.84348726784
ERG,rsERG,2024-11-09T00:00:00.000Z,2024-11-09,89581.646498119,88532.23570077543,14448.480229328,14281.106630953704,75133.166268791,74251.12906982173,293.467447658,291.2382689255898,0.701217406,0.692772689549849,0.104713999,0.103918591463596,0.005563968171428572,0.0007179884380952381,0.16128807729245528,0,0,0,0
ERG,rsERG,2024-11-10T00:00:00.000Z,2024-11-10,89605.812398544,105857.3123702808,17999.039567681,21358.886196487583,71606.772830863,84498.42617379321,3607.43838349,4244.750432754134,0.953348563,1.134243817889,0.070761702,0.084149889763,0.006936032376190476,0.0011372714952380951,0.2009103663462423,74.9536,81.518032,8.82688,5.02929803776
ERG,rsERG,2024-11-11T00:00:00.000Z,2024-11-11,89806.974417251,108067.8590368296,16767.961261393997,20049.024599471817,73039.013155857,88018.83443735779,0,0,1.001627492,1.20036822833,0,0,0.0064444402047619045,0.000991291657142857,0.18671159022358835,96.14,110.8032,13.24894,7.82822225246
ERG,rsERG,2024-11-12T00:00:00.000Z,2024-11-12,89810.935421303,112084.01518101626,15442.440935159999,19296.373591397805,74368.494486143,92787.64158961846,1436.7472,1666.626752,0.954318536,1.19063182906,0.034032844,0.03947809904,0.005932795005,0.00082262877,0.17194403506001263,19,24.7,2.20672,1.38045341696
ERG,rsERG,2024-11-13T00:00:00.000Z,2024-11-13,89526.213423469,107474.36869478662,13875.536659324001,16657.25291752252,75650.676764145,90817.1157772641,0,0,0.894984991,1.07479111917,0,0,0.0053460739,0.0006628648047619048,0.1549886141210646,0,0,0,0
ERG,rsERG,2024-11-14T00:00:00.000Z,2024-11-14,89512.115183873,109362.74205745387,14010.907674297001,17115.089928503607,75501.207509576,92247.65212895027,0,0,0.881783295,1.08132135318,0,0,0.005399224194117647,0.0006762434529411765,0.1565252653008547,4.595166002,5.5141992024,2.17224,1.21457106792
ERG,rsERG,2024-11-15T00:00:00.000Z,2024-11-15,89513.651170358,107416.4051822304,16260.567399124,19497.917887271444,73253.083771234,87918.48729495896,2000,2400,1.068491896,1.2823704464,0.03683591,0.044203092,0.00626913653,0.000928608075,0.18165486949263598,81.34,96.2922,13.20584,8.56123294312
ERG,rsERG,2024-11-16T00:00:00.000Z,2024-11-16,89579.384109075,120294.3974635354,17344.899979152,23329.91509243868,72234.484129923,96964.48237109672,0,0,1.299855902,1.74974241462,0,0,0.006683237119047619,0.0010390190285714286,0.19362325964403557,43.97,55.4643,4.41344,3.22607899648
ERG,rsERG,2024-11-17T00:00:00.000Z,2024-11-17,89933.009159471,119225.40585797635,16730.364029858,22185.309119410835,73202.645129613,97040.09673856552,2000,2720,1.256340876,1.66611565816,0.098847826,0.13443304336,0.006420575095238096,0.0009576210666666667,0.1860388464683898,5.25,6.72,4.34448,3.09812254416
ERG,rsERG,2024-11-18T00:00:00.000Z,2024-11-18,90023.208852265,119216.44988534067,17163.997942528,22733.303029568408,72859.210909737,96483.14685577225,0,0,1.288858543,1.70696679392,0,0,0.006580611838095238,0.0010040322380952382,0.19066191941173152,10,12.9,2.20672,1.6248741376
ERG,rsERG,2024-11-19T00:00:00.000Z,2024-11-19,90023.515309276,118020.82810873409,17259.542494777,22627.259748925895,72763.972814499,95393.5683598082,0,0,1.211960689,1.58885087172,0,0,0.006617335265,0.00101495419,0.1917226008717244,0,0,0,0
ERG,rsERG,2024-11-20T00:00:00.000Z,2024-11-20,90024.89777573099,127792.51681704792,21472.598337547,30574.859626764886,68552.299438184,97217.65719028303,0,0,1.768801284,2.52314769363,0,0,0.008239752676190476,0.001600658661904762,0.23851856621851683,70,96.6,2.20672,1.72924758016
ERG,rsERG,2024-11-21T00:00:00.000Z,2024-11-21,90027.857133309,127153.62900909627,20338.074469245,28725.107398803964,69689.782664064,98428.5216102923,0,0,1.644264071,2.32147131179,0,0,0.007801864666666667,0.0014100071571428571,0.2259086811207132,0,0,0,0
ERG,rsERG,2024-11-22T00:00:00.000Z,2024-11-22,90028.288526508,139453.82845857434,20990.705862444,32589.181111939186,69037.582664064,106864.64734663515,0,0,1.662309453,2.5812776676899998,0,0,0.00805325907,0.00150553585,0.23315676727109447,21.74,33.4796,6.58568,6.17400600552
ERG,rsERG,2024-11-23T00:00:00.000Z,2024-11-23,89162.694721512,164926.67084652293,24538.915598988,45407.340988590855,64623.779122524,119519.32985793207,0,0,2.177546049,4.0325120751,0,0,0.009511912609523809,0.0021011766095238096,0.2751862515633122,26.700608,50.19714304,4.41344,4.96512
ERG,rsERG,2024-11-24T00:00:00.000Z,2024-11-24,87488.451332643,158476.04228478816,21587.122766877,39088.314924203536,65901.328565766,119387.72736058461,1000,1760,1.976241139,3.57467323155,0.021484884,0.03781339584,0.008524443833333332,0.0016866395142857143,0.24674046787286089,24,44.4,2.20672,2.36560384
ERG,rsERG,2024-11-25T00:00:00.000Z,2024-11-25,87649.381366774,158018.51711068707,17467.271223236003,31459.699683201172,70182.110143538,126558.8174274859,0,0,1.61434691,2.9102603213,0,0,0.006879793080952381,0.001115834419047619,0.19928894685797663,16.2708,28.4739,2.20672,2.1777457664
ERG,rsERG,2024-11-26T00:00:00.000Z,2024-11-26,79832.384612574,133432.41823195262,13339.314906915,22289.358873587527,66493.069705659,111143.05935836508,0,0,1.349071757,2.25538934609,0,0,0.0057715670333333335,0.000773267919047619,0.1672881729605612,0,0,0,0
ERG,rsERG,2024-11-27T00:00:00.000Z,2024-11-27,80185.075847895,138796.55133380412,13339.522048939,23090.080829420764,66845.553798956,115706.47050438337,0,0,1.332486059,2.3070604931,0,0,0.0057394053714285714,0.0007638421333333333,0.16635916232348205,0,0,0,0
ERG,rsERG,2024-11-28T00:00:00.000Z,2024-11-28,83668.128759319,152032.95170060697,13339.725698454,24238.282540702676,70328.403060865,127794.66915990428,0,0,1.252980401,2.27665186239,0,0,0.005504115925,0.000703127455,0.15955753560455618,0,0,0,0
ERG,rsERG,2024-11-29T00:00:00.000Z,2024-11-29,85161.741172611,160022.9578172432,15158.231010927999,28504.451529074227,70003.510161683,131518.50628816898,0,0,1.542729557,2.90089195214,0,0,0.0061422655095238095,0.0008857940428571428,0.17799362328500315,40.64,76.5796,6.58568,6.93465208
ERG,rsERG,2024-11-30T00:00:00.000Z,2024-11-30,85163.80032648,160065.3641318796,13340.14662194,25072.806994196697,71823.65370454,134992.55713768292,0,0,1.284260083,2.41440909177,0,0,0.005403225425,0.0006770935,0.1566410443259982,0,0,0,0
ERG,rsERG,2024-12-01T00:00:00.000Z,2024-12-01,85269.08105058101,159292.3655060537,13340.342524915,24921.03029154768,71928.738525666,134371.33521450602,0,0,1.313960053,2.45372377431,0,0,0.005396636147619048,0.0006754478333333334,0.15645053120033722,0,0,0,0
ERG,rsERG,2024-12-02T00:00:00.000Z,2024-12-02,85553.619685415,172045.39038075774,34083.237850281,68738.44962679455,51470.381835134,103306.9407539632,6512.135834221,12954.90759341537,4.20844107,8.48511189231,0.275648152,0.54457428385,0.013804691204761904,0.004642322095238095,0.39838802067908347,312.372516022,614.4015767333,19.86048,23.1484928
ERG,rsERG,2024-12-03T00:00:00.000Z,2024-12-03,85418.092842169,179768.98057724512,21812.328126384,45904.04213287476,63605.764715785,133864.93844437037,0,0,2.736406853,5.7525872747,0,0,0.008823502645,0.00180255819,0.25536137452473673,0,0,0,0
ERG,rsERG,2024-12-04T00:00:00.000Z,2024-12-04,85569.983063858,175007.31503202947,21812.846919501,44612.46481569571,63757.136144357,130394.85021633375,0,0,2.79722258,5.72037844028,0,0,0.008808216233333332,0.0017963785952380953,0.2549208744275905,0,0,0,0
ERG,rsERG,2024-12-05T00:00:00.000Z,2024-12-05,86443.640892163,180583.3237242885,21865.758712734998,45675.51507064316,64577.882179428,134907.80865364533,0,0,2.770811564,5.79101255453,0,0,0.00873976111904762,0.001768762238095238,0.25294820687134156,11,22.33,2.20672,2.5597952
ERG,rsERG,2024-12-06T00:00:00.000Z,2024-12-06,86330.03758318,180330.31108072412,22123.90160792,46221.6423418027,64206.13597526,134108.6687389214,0,0,2.70101459,5.64058637888,0,0,0.0088586095,0.001819234345,0.2563714837303502,18,38.52,2.20672,2.7142656
ERG,rsERG,2024-12-07T00:00:00.000Z,2024-12-07,80960.42124534,173746.3446669088,23090.657958534,49549.05119610824,57869.763286806,124197.29347080056,0,0,3.23675606,6.94705792124,0,0,0.009858230452380953,0.002254534623809524,0.28515758964290544,10,21.4,2.20672,2.7142656
ERG,rsERG,2024-12-08T00:00:00.000Z,2024-12-08,80352.553710628,169987.80763490312,21815.022953511,46160.58264482868,58537.530757117,123827.22499007444,0,0,2.946576662,6.23334583211,0,0,0.00938638344,0.002039923835,0.2715754844258942,0,0,0,0
ERG,rsERG,2024-12-09T00:00:00.000Z,2024-12-09,81767.543058579,162594.75186223225,21815.564450201,43380.242399472576,59951.978608378,119214.50946275967,0,0,2.961085293,5.88980423896,0,0,0.00922055102,0.001968032965,0.26679980385796537,0,0,0,0
ERG,rsERG,2024-12-10T00:00:00.000Z,2024-12-10,81768.09283046,149921.79444919172,21816.114222082,39999.84167073066,59951.978608378,109921.95277846105,0,0,2.9611594,5.42718488038,0,0,0.00922072215,0.00196810585,0.2668047335663022,0,0,0,0
ERG,rsERG,2024-12-11T00:00:00.000Z,2024-12-11,81749.165941418,150581.0951996973,21816.663372938,40186.30189035254,59932.50256848,110394.79330934475,0,0,3.03010022,5.59053603822,0,0,0.00922310055,0.00196911908,0.26687323809362645,0,0,0,0
ERG,rsERG,2024-12-12T00:00:00.000Z,2024-12-12,77908.04326233,149521.14538134795,21817.221056195,41867.245135596546,56090.822206135,107653.9002457514,0,0,3.07845683,5.90603615761,0,0,0.009696798305,0.0021800407,0.2805114347205493,0,0,0,0
ERG,rsERG,2024-12-13T00:00:00.000Z,2024-12-13,71275.823727022,136107.3284702371,21817.828039474,41661.6617378,49457.995687548,94445.6667324371,0,0,3.481464678,6.64836329981,0,0,0.010593282138095237,0.0025976307238095237,0.30631057994289734,0,0,0,0
ERG,rsERG,2024-12-14T00:00:00.000Z,2024-12-14,69338.51136029701,131916.51322305427,21818.473060609,41509.64035789785,47520.038299688,90406.87286515642,0,0,3.490678989,6.63797183974,0,0,0.010883769895,0.002739802005,0.31466601506476705,0,0,0,0
ERG,rsERG,2024-12-15T00:00:00.000Z,2024-12-15,69339.15422220199,135454.04242771066,21819.115922514,42623.64760927016,47520.038299688,92830.3948184405,0,0,3.409599887,6.66333302699,0,0,0.010883990865,0.00273991295,0.3146723689801505,0,0,0,0
ERG,rsERG,2024-12-16T00:00:00.000Z,2024-12-16,69341.252673062,138781.56682245748,15817.374373374001,31652.58258741526,53523.878299688,107128.98423504223,0,0,2.715963856,5.43660008444,0,0,0.007878915514285715,0.001472491057142857,0.22810951370172333,0,0,0,0
ERG,rsERG,2024-12-17T00:00:00.000Z,2024-12-17,69712.757492362,138281.42167339873,14817.300596993,29397.521111051934,54895.456895369,108883.90056234678,0,0,2.308677607,4.58167600948,0,0,0.007339912325,0.001248453055,0.21258117997655993,0,0,0,0
ERG,rsERG,2024-12-18T00:00:00.000Z,2024-12-18,71815.03085409,132926.1996599717,14817.588583193,27426.648180459015,56997.442270897,105499.55147951268,0,0,2.290023632,4.2402712522,0,0,0.007123300157142857,0.0011757998904761906,0.20632990624514075,0,0,0,0
ERG,rsERG,2024-12-19T00:00:00.000Z,2024-12-19,71833.03375947,128955.79531533972,14817.877202859001,26601.612762348454,57015.156556611,102354.18255299127,0,0,2.34261573,4.20505955898,0,0,0.007121649623809524,0.001175256319047619,0.20628226648114475,0,0,0,0
ERG,rsERG,2024-12-20T00:00:00.000Z,2024-12-20,71851.03437499,118589.99913976461,14818.163635029001,24457.026491181943,57032.870739961,94132.97264858267,0,0,2.234724023,3.68827936172,0,0,0.007119998228571429,0.0011747124761904762,0.20623460248900094,0,0,0,0
ERG,rsERG,2024-12-21T00:00:00.000Z,2024-12-21,71901.376000494,127624.94001016031,14818.45635821,26302.75764510622,57082.919642284,101322.18236505409,0,0,2.391587215,4.24693513607,0,0,0.007115133690909091,0.001173110209090909,0.20609419711284613,0,0,0,0
ERG,rsERG,2024-12-22T00:00:00.000Z,2024-12-22,71901.665573868,123088.80145137504,14818.745931584,25368.27949232219,57082.919642284,97720.52195905284,0,0,2.285113396,3.91232636709,0,0,0.007115244466666667,0.0011731466761904761,0.20609739445163355,0,0,0,0
ERG,rsERG,2024-12-23T00:00:00.000Z,2024-12-23,71901.95017700101,122269.26801178546,14819.030534717002,25199.763160081504,57082.919642284,97069.50485170395,0,0,2.285157471,3.88423651816,0,0,0.007115353355,0.00117318251,0.20610053688612234,0,0,0,0
ERG,rsERG,2024-12-24T00:00:00.000Z,2024-12-24,71902.238829596,125942.44938936987,14819.319187312001,25957.209089621894,57082.919642284,99985.24029974798,0,0,2.285201525,4.00176012854,0,0,0.007115463768421052,0.0011732188684210527,0.206103724007227,0,0,0,0
ERG,rsERG,2024-12-25T00:00:00.000Z,2024-12-25,71902.523075184,125973.22004378523,14819.603432900001,25963.94483050367,57082.919642284,100009.27521328155,0,0,2.285245721,4.00502592799,0,0,0.00711557252,0.001173254665,0.20610686244383372,0,0,0,0
ERG,rsERG,2024-12-26T00:00:00.000Z,2024-12-26,71902.81119611001,120976.47637980724,14819.891553826,24934.46408166441,57082.919642284,96042.01229814283,0,0,2.285289836,3.84353810552,0,0,0.00711568271,0.00117329094,0.20611004364389784,0,0,0,0
ERG,rsERG,2024-12-27T00:00:00.000Z,2024-12-27,72041.874623227,119949.4246651908,14820.179618106,24675.599857441346,57221.695005121,95273.82480774945,0,0,2.282493089,3.80008537722,0,0,0.00710208624,0.00116882734,0.20571759899611466,0,0,0,0
ERG,rsERG,2024-12-28T00:00:00.000Z,2024-12-28,72333.634255344,120182.33877534875,14820.468505346,24624.20825754906,57513.165749998,95558.13051779968,0,0,2.323730412,3.8616159181,0,0,0.007073428305,0.001159422195,0.20489042217260667,0,0,0,0
ERG,rsERG,2024-12-29T00:00:00.000Z,2024-12-29,72337.668957598,119718.84038557569,14820.753755263,24528.345725711257,57516.915202335,95190.49465986443,0,0,2.271454773,3.76000727054,0,0,0.00707316883,0.00115933726,0.20488293262364154,0,0,0,0
ERG,rsERG,2024-12-30T00:00:00.000Z,2024-12-30,72337.955655123,115704.55872880862,14821.040452788,23706.25286267379,57516.915202335,91998.30586613483,0,0,2.328200509,3.7256497524,0,0,0.007073278,0.00115937298,0.20488608391656868,0,0,0,0
ERG,rsERG,2024-12-31T00:00:00.000Z,2024-12-31,72338.24192765201,114903.58482133059,14821.326725317002,23542.505831516355,57516.915202335,91361.07898981422,0,0,2.222415923,3.52887875904,0,0,0.0070733870105263155,0.0011594086578947367,0.20488923051340638,0,0,0,0
ERG,rsERG,2025-01-01T00:00:00.000Z,2025-01-01,71366.212128575,115317.92831140078,14821.615925365,23951.733624543827,56544.59620321,91366.19468685696,0,0,0.294845993,0.4764873552,0,0,0.007170931235,0.001191666295,0.20770457356835992,0,0,0,0
ERG,rsERG,2025-01-02T00:00:00.000Z,2025-01-02,70981.293103267,122977.23543333578,14821.908747648,25678.957696908834,56159.384355619,97298.27773642694,0,0,0.290153277,0.50256635983,0,0,0.00720946162,0.00120437822,0.20881666473721566,0,0,0,0
ERG,rsERG,2025-01-03T00:00:00.000Z,2025-01-03,71396.62615577,133375.70529955596,15893.636761917001,29742.161643460127,55502.989393853,103633.54365609585,0,0,0.330875974,0.62094443861,0,0,0.007687576190476191,0.0013715661476190477,0.22261046363806689,15,26.85,2.20672,2.24864768
ERG,rsERG,2025-01-04T00:00:00.000Z,2025-01-04,71396.970503278,136606.20274234097,16322.552537996,31230.483035434747,55074.417965282,105375.71970690624,0,0,0.341402107,0.65321601428,0,0,0.007895761823809523,0.0014440835380952382,0.22861687859909816,0,0,0,0
ERG,rsERG,2025-01-05T00:00:00.000Z,2025-01-05,71397.32373293501,138478.35639948788,16322.905767653001,31659.019373188643,55074.417965282,106819.33702629924,0,0,0.365795899,0.70923764116,0,0,0.007895894145454547,0.00144413185,0.22862069492389528,0,0,0,0
ERG,rsERG,2025-01-06T00:00:00.000Z,2025-01-06,71397.67770913,140993.41309943574,16323.259743848,32234.550574662193,55074.417965282,108758.86252477355,0,0,0.341416895,0.67421705846,0,0,0.007896026752380953,0.0014441802523809523,0.22862451927698765,0,0,0,0
ERG,rsERG,2025-01-07T00:00:00.000Z,2025-01-07,71358.450663882,137077.50437356473,16323.607460796,31356.867417234655,55034.843203086,105720.63695633008,0,0,0.349912384,0.67246730693,0,0,0.007900555233333334,0.001445834338095238,0.22875512425532848,0,0,0,0
ERG,rsERG,2025-01-08T00:00:00.000Z,2025-01-08,71329.123268609,122652.12180547263,16323.961137170001,28069.435873745857,55005.162131439,94582.68593172678,0,0,0.366554165,0.62982141992,0,0,0.007903986490476191,0.0014470876714285715,0.22885408356388412,0,0,0,0
ERG,rsERG,2025-01-09T00:00:00.000Z,2025-01-09,71329.485172289,119358.00279368309,16324.32304085,27316.031493741833,55005.162131439,92041.97129994126,0,0,0.350270554,0.58617364888,0,0,0.007904122138095238,0.0014471372476190477,0.22885799611911017,0,0,0,0
ERG,rsERG,2025-01-10T00:00:00.000Z,2025-01-10,71329.829996769,118799.83212660498,16324.66786533,27188.734596693314,55005.162131439,91611.09752991165,0,0,0.342131992,0.56989415387,0,0,0.007904251395,0.001447184485,0.22886172399351146,0,0,0,0
ERG,rsERG,2025-01-11T00:00:00.000Z,2025-01-11,71330.175643189,117524.95890665617,16325.013511750001,26897.406061523347,55005.162131439,90627.55284513283,0,0,0.350285417,0.57699345683,0,0,0.007904380966666666,0.0014472318285714285,0.22886546071748246,0,0,0,0
ERG,rsERG,2025-01-12T00:00:00.000Z,2025-01-12,71330.527872177,124454.78496562054,16325.365740738001,28483.87351343363,55005.162131439,95970.9114521869,0,0,0.350292931,0.61138330227,0,0,0.007904513004761905,0.0014472800809523809,0.22886926856730913,0,0,0,0
ERG,rsERG,2025-01-13T00:00:00.000Z,2025-01-13,71330.883212197,117628.02274732033,16325.721080758001,26921.89109914258,55005.162131439,90706.13164817775,0,0,0.35844705,0.59143761949,0,0,0.0079046462,0.0014473287619047618,0.22887311001156693,0,0,0,0
ERG,rsERG,2025-01-14T00:00:00.000Z,2025-01-14,71331.235456457,125305.20596682745,16326.073325018,28679.471155932926,55005.162131439,96625.73481089452,0,0,0.350308143,0.61548330977,0,0,0.007904778228571429,0.0014473770238095237,0.22887691795091786,0,0,0,0
ERG,rsERG,2025-01-15T00:00:00.000Z,2025-01-15,71331.826352238,126800.81803119613,15683.395649369999,27869.713880404794,55648.430702868,98931.10415079133,0,0,0.345695242,0.61392026201,0,0,0.007592430880952381,0.0013384545666666667,0.21986538427261404,0,0,0,0
ERG,rsERG,2025-01-16T00:00:00.000Z,2025-01-16,71332.451081153,130164.74303656133,14826.328949714001,27054.52398528787,56506.122131439,103110.21905127345,0,0,0.318028455,0.5799952298,0,0,0.007175908680952381,0.0011932003571428571,0.2078483036110607,0,0,0,0
ERG,rsERG,2025-01-17T00:00:00.000Z,2025-01-17,71332.74308419,135022.6935572534,14826.620952751,28064.67666560102,56506.122131439,106958.01689165237,0,0,0.325430878,0.61595192646,0,0,0.007176021038095238,0.001193237657142857,0.20785154631127778,0,0,0,0
ERG,rsERG,2025-01-18T00:00:00.000Z,2025-01-18,71333.027608765,130147.10549912948,14826.905477326001,27051.68567031902,56506.122131439,103095.41982881045,0,0,0.303248247,0.55302118768,0,0,0.00717613051,0.001193273995,0.20785470593754682,0,0,0,0
ERG,rsERG,2025-01-19T00:00:00.000Z,2025-01-19,71325.171068482,125397.23650237112,14827.190584537,26067.607394700302,56497.980483945,99329.62910767081,0,0,0.325476059,0.57283447217,0,0,0.0071770632047619045,0.0011935838,0.2078816245152457,0,0,0,0
ERG,rsERG,2025-01-20T00:00:00.000Z,2025-01-20,71248.117158394,116711.20272492661,14827.482325642,24288.829475085244,56420.634832752,92422.37324984137,0,0,0.318755349,0.52238815392,0,0,0.007184993890476191,0.0011962182238095238,0.2081105145922612,0,0,0,0
ERG,rsERG,2025-01-21T00:00:00.000Z,2025-01-21,71248.411752182,113624.25259385005,14827.77691943,23646.773520094594,56420.634832752,89977.47907375546,0,0,0.326174705,0.52002625671,0,0,0.007185107338095238,0.001196255923809524,0.20811378885080264,0,0,0,0
ERG,rsERG,2025-01-22T00:00:00.000Z,2025-01-22,71248.706031241,111012.26711812247,14828.071198489,23103.54465490126,56420.634832752,87908.72246322122,0,0,0.326181213,0.50810131521,0,0,0.007185220671428572,0.0011962936047619048,0.2081170595843248,0,0,0,0
ERG,rsERG,2025-01-23T00:00:00.000Z,2025-01-23,71248.99210940901,105626.63094020868,14828.357276657001,21983.03980065385,56420.634832752,83643.59113955483,0,0,0.30394746,0.45043531143,0,0,0.007185330835,0.001196330215,0.20812023914408032,0,0,0,0
ERG,rsERG,2025-01-24T00:00:00.000Z,2025-01-24,70899.443816745,110633.79232176866,14828.645983510001,23139.751207171405,56070.797833235,87494.04111459726,0,0,0.326879649,0.51000725237,0,0,0.007221353838095238,0.0012083903380952382,0.2091598514788438,0,0,0,0
ERG,rsERG,2025-01-25T00:00:00.000Z,2025-01-25,68797.11031745901,107389.01193987735,14828.944374034001,23147.274814854907,53968.165943425,84241.73712502245,0,0,0.337696502,0.52688326505,0,0,0.0074426574,0.001283388242857143,0.2155460353715196,0,0,0,0
ERG,rsERG,2025-01-26T00:00:00.000Z,2025-01-26,68797.413995996,105653.17079213617,14829.248052571,22773.487379019203,53968.165943425,82879.68341311696,0,0,0.330028324,0.50670858778,0,0,0.0074427774,0.0012834295571428572,0.21554949802834647,0,0,0,0
ERG,rsERG,2025-01-27T00:00:00.000Z,2025-01-27,68797.71303417001,99691.1600788181,14829.547090745,21488.717714131293,53968.165943425,78202.4423646868,0,0,0.330035004,0.4780134408,0,0,0.007442895585714286,0.001283470238095238,0.21555290774410782,0,0,0,0
ERG,rsERG,2025-01-28T00:00:00.000Z,2025-01-28,68798.01440172401,98479.4432355768,14829.848458299,21227.86855655987,53968.165943425,77251.57467901692,0,0,0.330041663,0.47257360396,0,0,0.007443014671428571,0.0012835112095238095,0.21555634399007545,0,0,0,0
ERG,rsERG,2025-01-29T00:00:00.000Z,2025-01-29,68798.317434959,96710.7777481593,14830.151491534001,20846.955907687578,53968.165943425,75863.82184047172,0,0,0.337723962,0.47503945855,0,0,0.007443134414285714,0.0012835524380952381,0.2155597991981015,0,0,0,0
ERG,rsERG,2025-01-30T00:00:00.000Z,2025-01-30,68798.620142464,99168.29649926852,14830.454199039,21377.040160817323,53968.165943425,77791.25633845119,0,0,0.330055159,0.4758167228,0,0,0.007443254028571429,0.0012835936,0.21556325066175225,0,0,0,0
ERG,rsERG,2025-01-31T00:00:00.000Z,2025-01-31,65311.438927947005,91474.27508403469,14830.753712566,20770.860025384387,50480.685215381,70703.4150586503,0,0,0.33884831,0.47453198531,0,0,0.007844918473684211,0.0014260177631578946,0.22715020575493466,0,0,0,0
ERG,rsERG,2025-02-01T00:00:00.000Z,2025-02-01,64901.468830903,88817.66085897677,14831.075465880002,20296.32753894279,50070.393365023,68521.33332003398,0,0,0.349732534,0.47791359383,0,0,0.00789229153,0.001442816915,0.22851679219181406,0,0,0,0
ERG,rsERG,2025-02-02T00:00:00.000Z,2025-02-02,64901.785037480004,85701.25782805042,14831.391672457,19584.49554176052,50070.393365023,66116.7622862899,0,0,0.349740042,0.46206343557,0,0,0.007892421852380952,0.0014428644714285714,0.22852055091846904,0,0,0,0
ERG,rsERG,2025-02-03T00:00:00.000Z,2025-02-03,65726.573520531,72547.37683370053,14831.709670609001,16350.633100123792,50894.863849922,56196.74373357674,0,0,0.34687295,0.381399156504786,0,0,0.00779728650952381,0.0014090637428571429,0.22577619000747456,0,0,0,0
ERG,rsERG,2025-02-04T00:00:00.000Z,2025-02-04,70757.034404472,86020.4091577316,14832.018318767,18034.38417437739,55925.016085705,67986.02498335422,0,0,0.336459767,0.40904357419,0,0,0.007239330186363637,0.0012146853727272727,0.20967847063564654,0,0,0,0
ERG,rsERG,2025-02-05T00:00:00.000Z,2025-02-05,72897.251869381,85810.47831039794,14832.309370779001,17459.745997757862,58064.942498602,68350.73231264007,0,0,0.311133452,0.36619681616,0,0,0.007024174390476191,0.0011433597285714285,0.20346870410535628,0,0,0,0
ERG,rsERG,2025-02-06T00:00:00.000Z,2025-02-06,72897.532848106,82839.36608387205,14832.590349504,16855.471427365464,58064.942498602,65983.89465650659,0,0,0.311139389,0.353309593464,0,0,0.007024280752380953,0.0011433943,0.20347177428263488,0,0,0,0
ERG,rsERG,2025-02-07T00:00:00.000Z,2025-02-07,72897.81383214501,79705.08099850676,14832.871333543,16217.978869440074,58064.942498602,63487.10212906669,0,0,0.303909303,0.332288640797,0,0,0.0070243871142857146,0.001143428857142857,0.20347484449435502,0,0,0,0
ERG,rsERG,2025-02-08T00:00:00.000Z,2025-02-08,72898.109856801,78358.17799729541,14833.167358199,15944.171305548116,58064.942498602,62414.006691747294,0,0,0.325623367,0.350182598259,0,0,0.00702449916,0.00114346528,0.20347807902369872,0,0,0,0
ERG,rsERG,2025-02-09T00:00:00.000Z,2025-02-09,72898.386768221,76803.65627374777,14833.444269619,15628.091855577808,58064.942498602,61175.56441816996,0,0,0.311157303,0.327771630585,0,0,0.007024603985714285,0.001143499342857143,0.20348110468767053,0,0,0,0
ERG,rsERG,2025-02-10T00:00:00.000Z,2025-02-10,73883.666597984,77338.60856461224,14833.724099382001,15527.378278694661,59049.942498602,61811.230285917576,0,0,0.300659806,0.314716513126,0,0,0.006930734328571429,0.0011131943523809524,0.20077135830342818,0,0,0,0
ERG,rsERG,2025-02-11T00:00:00.000Z,2025-02-11,73883.945978837,83671.80957797624,14834.003480235,16799.15564932135,59049.942498602,66872.6539286549,0,0,0.307656855,0.347995678994,0,0,0.006930839014285714,0.0011132279285714286,0.20077438046442422,0,0,0,0
ERG,rsERG,2025-02-12T00:00:00.000Z,2025-02-12,73884.227221371,83577.13618797461,14834.284722769,16780.40361396078,59049.942498602,66796.73257401383,0,0,0.314817671,0.356173306911,0,0,0.006930944404761905,0.0011132617238095238,0.200777422740727,0,0,0,0
ERG,rsERG,2025-02-13T00:00:00.000Z,2025-02-13,73884.50846922,85459.74721046363,14834.565970618001,17158.64705374733,59049.942498602,68301.1001567163,0,0,0.30766858,0.35575072112,0,0,0.0069310497904761905,0.0011132955238095238,0.2007804650514333,0,0,0,0
ERG,rsERG,2025-02-14T00:00:00.000Z,2025-02-14,73884.788794163,85776.72206568187,14834.846295561001,17222.550726828686,59049.942498602,68554.17133885318,0,0,0.30767438,0.35711694983,0,0,0.006931154823809524,0.0011133292047619048,0.20078349735584577,0,0,0,0
ERG,rsERG,2025-02-15T00:00:00.000Z,2025-02-15,73885.071599753,84897.46445220176,14835.129101151,17046.268619284332,59049.942498602,67851.19583291744,0,0,0.314835591,0.36170313742,0,0,0.006931260795238095,0.0011133631904761904,0.20078655647034407,0,0,0,0
ERG,rsERG,2025-02-16T00:00:00.000Z,2025-02-16,73885.35317303501,82012.74166623144,14835.410674433,16467.305492783213,59049.942498602,65545.43617344822,0,0,0.307686101,0.34153156488,0,0,0.0069313663047619045,0.0011133970285714286,0.2007896022316863,0,0,0,0
ERG,rsERG,2025-02-17T00:00:00.000Z,2025-02-17,73885.632895083,83666.68337255636,14835.690396481,16799.653247948958,59049.942498602,66867.03012460741,0,0,0.307691896,0.34847896172,0,0,0.006931471109523809,0.001113430638095238,0.20079262794535052,0,0,0,0
ERG,rsERG,2025-02-18T00:00:00.000Z,2025-02-18,73885.90829029301,82030.94834797872,14835.965791691,16471.452664411787,59049.942498602,65559.49568356693,0,0,0.300541866,0.333672993701,0,0,0.0069315742952380955,0.0011134637333333334,0.20079560683390957,0,0,0,0
ERG,rsERG,2025-02-19T00:00:00.000Z,2025-02-19,73886.194211661,80089.27606767762,14836.251713059,16081.822487488447,59049.942498602,64007.453580189176,0,0,0.322015282,0.349007319105,0,0,0.006931681431818182,0.0011134980954545454,0.20079869955791482,0,0,0,0
ERG,rsERG,2025-02-20T00:00:00.000Z,2025-02-20,73886.477044039,80782.54861089854,14836.534545437,16221.278145760352,59049.942498602,64561.27046513819,0,0,0.307709416,0.336440895862,0,0,0.006931787404761905,0.0011135320809523808,0.2008017588458289,0,0,0,0
ERG,rsERG,2025-02-21T00:00:00.000Z,2025-02-21,63368.104552237,69529.17274883007,14836.831247919,16275.29609838648,48531.273304318,53253.87665044359,0,0,0.348365287,0.382049282665,0,0,0.008096895223809525,0.001520001042857143,0.23441618174385084,0,0,0,0
ERG,rsERG,2025-02-22T00:00:00.000Z,2025-02-22,62842.504411384,66813.0085192681,14837.16456678,15774.604020845945,48005.339844604,51038.40449842216,0,0,0.37864857,0.402537098101,0,0,0.008155285231818183,0.0015403753863636363,0.23610078410515062,0,0,0,0
ERG,rsERG,2025-02-23T00:00:00.000Z,2025-02-23,62842.835762457005,65315.48398951527,14837.495917853,15421.298611762713,48005.339844604,49894.185377752554,0,0,0.353413266,0.367318821159802,0,0,0.008155424919047619,0.0015404280571428572,0.23610481191259677,0,0,0,0
ERG,rsERG,2025-02-24T00:00:00.000Z,2025-02-24,62843.163250629004,62095.89337799307,14837.823406025,14661.385029481255,48005.339844604,47434.508348511816,0,0,0.361835777,0.357692106731409,0,0,0.00815556298095238,0.0015404801047619048,0.2361087927216764,0,0,0,0
ERG,rsERG,2025-02-25T00:00:00.000Z,2025-02-25,64461.371306534,57208.753743954745,14838.146771465,13182.393782404495,49623.224535069,44026.35996155025,0,0,0.353755529,0.314303055120715,0,0,0.007957753966666667,0.0014681742523809523,0.23040387484380412,0,0,0,0
ERG,rsERG,2025-02-26T00:00:00.000Z,2025-02-26,66860.619224718,59643.8193298563,14838.463754223001,13236.828911892157,52022.155470495,46406.99041796414,0,0,0.347978737,0.310418590643042,0,0,0.007663978727272727,0.0013607013727272726,0.2219312941786316,0,0,0,0
ERG,rsERG,2025-02-27T00:00:00.000Z,2025-02-27,66860.929755858,57195.88302534075,14838.774285363,12693.762989182671,52022.155470495,44502.12003615808,0,0,0.340077285,0.290932707518462,0,0,0.007664103990476191,0.0013607457714285714,0.22193490786703013,0,0,0,0
ERG,rsERG,2025-02-28T00:00:00.000Z,2025-02-28,66795.14741239301,52852.695271930366,14839.088585081001,11741.607129970063,51956.058827312,41111.0881419603,0,0,0.347993393,0.275353953225233,0,0,0.007671846104545454,0.001363491509090909,0.2221582472714353,0,0,0,0
ERG,rsERG,2025-03-01T00:00:00.000Z,2025-03-01,66486.092749202,54522.09194807088,14839.400488873001,12168.86151893383,51646.692260329,42353.23042913705,0,0,0.341464269,0.279915698984616,0,0,0.007707939780952381,0.0013763500428571429,0.22319941641373953,0,0,0,0
ERG,rsERG,2025-03-02T00:00:00.000Z,2025-03-02,66082.111344009,62928.04149161768,14839.712984333,14139.451711786372,51242.398359676,48788.58977983131,0,0,0.343432403,0.326468530088022,0,0,0.007755487,0.0013933644857142856,0.22457093122734775,0,0,0,0
ERG,rsERG,2025-03-03T00:00:00.000Z,2025-03-03,65238.080118134996,71619.3433933536,14840.028556139001,16291.599218099305,50398.051561996,55327.744175254295,0,0,0.348538327,0.383377655532883,0,0,0.007856168185714286,0.0014296651285714286,0.22747494299596532,0,0,0,0
ERG,rsERG,2025-03-04T00:00:00.000Z,2025-03-04,65238.391371736,62803.18365164646,14840.33980974,14286.383358634992,50398.051561996,48516.80029301147,0,0,0.340439962,0.327732105118337,0,0,0.007856295976190477,0.0014297115476190477,0.22747862872773478,0,0,0,0
ERG,rsERG,2025-03-05T00:00:00.000Z,2025-03-05,65238.711570236,69028.48912888291,14840.66000824,15702.76893524005,50398.051561996,53325.72019364286,0,0,0.364764964,0.386213179693,0,0,0.007856427440909091,0.0014297593,0.2274824203441217,0,0,0,0
ERG,rsERG,2025-03-06T00:00:00.000Z,2025-03-06,65265.222174002,68313.52416947167,14840.980135816,15534.263627365275,50424.242038186,52779.260542106385,0,0,0.340127794,0.356024123571,0,0,0.007853394895238095,0.0014286581142857143,0.22739495550648078,0,0,0,0
ERG,rsERG,2025-03-07T00:00:00.000Z,2025-03-07,65289.348002967,60881.90001575686,14841.296440971,13839.41296725098,50448.051561996,47042.48704850588,0,0,0.364045252,0.339227949198119,0,0,0.00785064835,0.00142766075,0.2273157397772169,0,0,0,0
ERG,rsERG,2025-03-08T00:00:00.000Z,2025-03-08,65289.670915781,58069.29522042384,14841.619353785001,13200.28647380447,50448.051561996,44869.00874661937,0,0,0.339782882,0.302206334337064,0,0,0.007850780857142857,0.0014277088476190476,0.22731956135658518,0,0,0,0
ERG,rsERG,2025-03-09T00:00:00.000Z,2025-03-09,65289.979476091,54269.96002890612,14841.927914095,12336.818884124155,50448.051561996,41933.14114478196,0,0,0.339789948,0.282438175957895,0,0,0.007850907461904762,0.0014277548095238096,0.22732321304276412,0,0,0,0
ERG,rsERG,2025-03-10T00:00:00.000Z,2025-03-10,65290.29906322,48885.066723936776,14842.247501224001,11112.892992624005,50448.051561996,37772.17373131277,0,0,0.364068499,0.272779916616623,0,0,0.007851038595454544,0.001427802409090909,0.22732699519023605,0,0,0,0
ERG,rsERG,2025-03-11T00:00:00.000Z,2025-03-11,65290.618657137,46963.9983277616,14842.567095141001,10676.364105145109,50448.051561996,36287.634222616485,0,0,0.339804581,0.244423852431046,0,0,0.007851169728571429,0.0014278500095238095,0.22733077738151689,0,0,0,0
ERG,rsERG,2025-03-12T00:00:00.000Z,2025-03-12,65290.942327621,51113.67653071264,15661.072583807001,12263.630187426874,49629.869743814,38850.046343285765,0,0,0.393479414,0.308193855982002,0,0,0.00828601110909091,0.0015963209954545454,0.23986590924087617,20,15.67138,2.20672,1.62806946816
ERG,rsERG,2025-03-13T00:00:00.000Z,2025-03-13,65291.341566131,51731.892765010365,16843.290004135,13345.341066253524,48448.051561996,38386.55169875684,0,0,0.443334926,0.351355706283076,0,0,0.008914082661904762,0.0018396617428571428,0.25797126540771015,0,0,0,0
ERG,rsERG,2025-03-14T00:00:00.000Z,2025-03-14,65291.740041134,52909.39986986219,16843.688479138,13649.345950793077,48448.051561996,39260.05391906911,0,0,0.43303516,0.350911661187891,0,0,0.008914239838095238,0.0018397264857142857,0.25797579400360476,0,0,0,0
ERG,rsERG,2025-03-15T00:00:00.000Z,2025-03-15,63636.075072126,53380.1715867364,16844.108812317,14129.694107717467,46791.966259809,39250.477479018926,0,0,0.475315734,0.398672997794874,0,0,0.009148065754545454,0.0019374071181818182,0.264711860323416,0,0,0,0
ERG,rsERG,2025-03-16T00:00:00.000Z,2025-03-16,63470.886493440004,51669.90617202061,16844.52876385,13712.66723874483,46626.35772959,37957.23893327578,0,0,0.446156334,0.363203591527625,0,0,0.009171600357142857,0.001947239680952381,0.2653898455543025,0,0,0,0
ERG,rsERG,2025-03-17T00:00:00.000Z,2025-03-17,63471.30123227701,51030.041001432546,16844.943502687,13543.099935547654,46626.35772959,37486.941065884894,0,0,0.456790344,0.36730410595671,0,0,0.009171766999999999,0.0019473102857142856,0.2653946456977215,0,0,0,0
ERG,rsERG,2025-03-18T00:00:00.000Z,2025-03-18,63471.725270314004,50776.12152040879,16845.367540724,13475.959386371793,46626.35772959,37300.162134037,0,0,0.467425146,0.373930831014146,0,0,0.009171937386363637,0.0019473824636363636,0.2653995534043764,0,0,0,0
ERG,rsERG,2025-03-19T00:00:00.000Z,2025-03-19,63472.14467435601,51298.21014673324,16845.786944766,13614.77228755936,46626.35772959,37683.43785917388,0,0,0.446189659,0.360610675303167,0,0,0.0091721059,0.0019474538666666666,0.2654044074141821,0,0,0,0
ERG,rsERG,2025-03-20T00:00:00.000Z,2025-03-20,63472.57162608,52359.340654965206,16846.21389649,13896.658379315617,46626.35772959,38462.68227564959,0,0,0.478072385,0.394290514185142,0,0,0.009172277445454546,0.00194752655,0.2654093487112232,0,0,0,0
ERG,rsERG,2025-03-21T00:00:00.000Z,2025-03-21,63472.993268033,51743.61661853567,16846.635538443,13733.492294080788,46626.35772959,38010.12432445488,0,0,0.446212136,0.363755179308069,0,0,0.009172446857142857,0.0019475983238095237,0.2654142284915066,0,0,0,0
ERG,rsERG,2025-03-22T00:00:00.000Z,2025-03-22,63473.408987733004,51720.385176287535,16847.051258143,13727.574772669579,46626.35772959,37992.81040361796,0,0,0.456847469,0.372255682925759,0,0,0.009172613885714286,0.0019476690952380952,0.2654190396678712,0,0,0,0
ERG,rsERG,2025-03-23T00:00:00.000Z,2025-03-23,63473.832149813,51255.16234858067,16847.474420223,13604.346691238294,46626.35772959,37650.81565734238,0,0,0.467483616,0.377493327829223,0,0,0.009172783904545454,0.0019477411363636363,0.2654239369112259,0,0,0,0
ERG,rsERG,2025-03-24T00:00:00.000Z,2025-03-24,63474.251606312006,51841.05747555085,16847.893876722002,13760.10993400747,46626.35772959,38080.94754154338,0,0,0.446245463,0.364460191432537,0,0,0.009172952428571428,0.001947812538095238,0.26542879120586194,0,0,0,0
ERG,rsERG,2025-03-25T00:00:00.000Z,2025-03-25,63474.680828496,52917.52111970362,16848.323098906,14046.097356537168,46626.35772959,38871.42376316645,0,0,0.478132176,0.398500485232661,0,0,0.009173124881818182,0.0019478856136363636,0.26543375845010775,0,0,0,0
ERG,rsERG,2025-03-26T00:00:00.000Z,2025-03-26,63436.469248676,53050.73227666645,16848.742576534,14090.253831306889,46587.726672142,38960.478445359564,0,0,0.446267951,0.373204628007991,0,0,0.009178907838095237,0.0019503373333333333,0.2656003318991388,0,0,0,0
ERG,rsERG,2025-03-27T00:00:00.000Z,2025-03-27,63407.914050046,52230.843901820626,16849.16067099,13879.117269232525,46558.753379056,38351.7266325881,0,0,0.456904608,0.376350930373946,0,0,0.00918328672857143,0.0019521938333333334,0.2657264621183358,0,0,0,0
ERG,rsERG,2025-03-28T00:00:00.000Z,2025-03-28,63408.334013122,51146.35695722414,16849.580634066002,13591.188516613856,46558.753379056,37555.16844061029,0,0,0.456915979,0.368703646971492,0,0,0.009183455566666667,0.0019522654571428571,0.26573132532410565,0,0,0,0
ERG,rsERG,2025-03-29T00:00:00.000Z,2025-03-29,68547.467797118,53698.47467046205,16849.987534368,13201.819422532899,51697.48026275,40496.65524792915,0,0,0.425433753,0.333644668008562,0,0,0.008495180995238095,0.0016717807047619047,0.24589910241052704,0,0,0,0
ERG,rsERG,2025-03-30T00:00:00.000Z,2025-03-30,68905.949514753,53364.180550980695,16850.381605186,13049.769645038308,52055.567909567,40314.410905942386,0,0,0.440199713,0.340970373409899,0,0,0.008448077381818181,0.0016527261181818183,0.24454175181826496,0,0,0,0
ERG,rsERG,2025-03-31T00:00:00.000Z,2025-03-31,68906.343352896,52040.393087472636,16850.775443329,12726.273185878115,52055.567909567,39314.11990159452,0,0,0.42064514,0.317735623393666,0,0,0.008448227166666667,0.0016527846,0.24454606968319328,0,0,0,0
ERG,rsERG,2025-04-01T00:00:00.000Z,2025-04-01,68906.72269543,53103.81088390949,16851.154785863,12986.549793694796,52055.567909567,40117.2610902147,0,0,0.377229491,0.290732549664908,0,0,0.008448371445,0.001652840935,0.24455022857813616,0,0,0,0
ERG,rsERG,2025-04-02T00:00:00.000Z,2025-04-02,68907.110993469,53411.50224119274,16851.543083902,13062.022445614553,52055.567909567,40349.47979557819,0,0,0.404183842,0.31335001746582,0,0,0.008448519136363637,0.0016528986045454546,0.24455448560817855,0,0,0,0
ERG,rsERG,2025-04-03T00:00:00.000Z,2025-04-03,68907.507988874,51090.98541104327,16851.940079307,12494.751452306751,52055.567909567,38596.23395873652,0,0,0.386229165,0.286191832902907,0,0,0.008448670128571428,0.001652957561904762,0.24455883794099229,0,0,0,0
ERG,rsERG,2025-04-04T00:00:00.000Z,2025-04-04,68907.894222692,50814.640104834485,16852.326313125002,12427.384462889211,52055.567909567,38387.255641945274,0,0,0.386238021,0.284752282109945,0,0,0.008448817028571429,0.0016530149142857144,0.2445630722442953,0,0,0,0
ERG,rsERG,2025-04-05T00:00:00.000Z,2025-04-05,68908.279609884,50217.31857604752,16852.711700317002,12281.513607379678,52055.567909567,37935.80496866784,0,0,0.386246871,0.281439798386538,0,0,0.008448963604761904,0.0016530721523809525,0.24456729721869383,0,0,0,0
ERG,rsERG,2025-04-06T00:00:00.000Z,2025-04-06,68908.666289135,49176.87802642486,16853.098379568,12027.263342222079,52055.567909567,37149.61468420279,0,0,0.386255726,0.275607076489169,0,0,0.008449110666666667,0.001653129580952381,0.24457153631033365,0,0,0,0
ERG,rsERG,2025-04-07T00:00:00.000Z,2025-04-07,68909.052977257,47092.83898182052,16853.485067690002,11517.768890870942,52055.567909567,35575.07009094958,0,0,0.386264582,0.26429908148708,0,0,0.008449257728571429,0.0016531870047619048,0.24457577545165166,0,0,0,0
ERG,rsERG,2025-04-08T00:00:00.000Z,2025-04-08,69176.613299206,50077.1009058295,16853.869684428002,12200.378006484229,52322.743614778,37876.72289934527,0,0,0.384857679,0.278510750706786,0,0,0.0084167486,0.0016405386666666667,0.24363867112455892,0,0,0,0
ERG,rsERG,2025-04-09T00:00:00.000Z,2025-04-09,69419.883611622,49724.7049555616,16854.252992106,12072.51946161384,52565.630619516,37652.18549394776,0,0,0.383383298,0.27499128928377903,0,0,0.00838720709047619,0.001629044619047619,0.24278711105691947,0,0,0,0
ERG,rsERG,2025-04-10T00:00:00.000Z,2025-04-10,66845.758815354,50834.286947315995,16854.63850043,12811.875153305835,49991.120314924,38022.41179401016,0,0,0.397718589,0.302112188027599,0,0,0.008729431861904762,0.0017679792761904761,0.25264844337336545,0,0,0,0
ERG,rsERG,2025-04-11T00:00:00.000Z,2025-04-11,63367.975622148,49197.73209397265,16855.061591794,13086.075766054693,46512.914030354,36111.65632791795,0,0,0.439158161,0.341050184065008,0,0,0.009192436136363636,0.001956098731818182,0.2659899871955655,0,0,0,0
ERG,rsERG,2025-04-12T00:00:00.000Z,2025-04-12,62412.364400462,50670.969300694975,16855.493817501,13684.537061148461,45556.870582961,36986.43223954651,0,0,0.416970664,0.338527637823214,0,0,0.009333975433333334,0.002016635861904762,0.27006658022408075,0,0,0,0
ERG,rsERG,2025-04-13T00:00:00.000Z,2025-04-13,62412.78916868,51357.55485800341,16951.156680957003,13947.589408094724,45461.632487723,37409.96544990868,0,0,0.43051514,0.35421715514596,0,0,0.009387146857142857,0.0020402351809523807,0.27159748205148965,0,0,0,0
ERG,rsERG,2025-04-14T00:00:00.000Z,2025-04-14,62413.248155484,50328.15216443058,17856.377572523,14398.841162982773,44556.870582961,35929.31100144781,0,0,0.479121548,0.386491382579017,0,0,0.009890820795238096,0.002263804380952381,0.2860991552278085,0,0,0,0
ERG,rsERG,2025-04-15T00:00:00.000Z,2025-04-15,62413.728345109994,49722.12806579965,17856.857762149,14225.73161893589,44556.870582961,35496.39644686376,0,0,0.479134398,0.381705749358595,0,0,0.00989101160952381,0.002263891519047619,0.2861046477339114,0,0,0,0
ERG,rsERG,2025-04-16T00:00:00.000Z,2025-04-16,62414.205363977,48211.00828119333,17857.334781016,13793.65617801585,44556.870582961,34417.35210317748,0,0,0.479147256,0.370136983385606,0,0,0.009891201166666667,0.002263978076190476,0.2861101038883568,0,0,0,0
ERG,rsERG,2025-04-17T00:00:00.000Z,2025-04-17,62414.690210384,48228.7792114373,17857.819627423,13799.008857675388,44556.870582961,34429.77035376191,0,0,0.501446945,0.387516230013426,0,0,0.009891393836363636,0.002264066059090909,0.28611564948872675,0,0,0,0
ERG,rsERG,2025-04-18T00:00:00.000Z,2025-04-18,62415.179073804,47540.91581304432,17858.308490843,13602.465198403983,44556.870582961,33938.45061464034,0,0,0.479173564,0.364936300690087,0,0,0.00989158809047619,0.0022641547666666668,0.286121240948626,0,0,0,0
ERG,rsERG,2025-04-19T00:00:00.000Z,2025-04-19,62415.658254047,47197.62081552731,17858.787671086,13504.500330316763,44556.870582961,33693.12048521055,0,0,0.479186426,0.362341868655381,0,0,0.0098917785,0.0022642417238095238,0.28612672157010133,0,0,0,0
ERG,rsERG,2025-04-20T00:00:00.000Z,2025-04-20,62416.13585510499,46518.46661722139,17859.265272144,13310.43041678031,44556.870582961,33208.03620044108,0,0,0.468054972,0.348839274250082,0,0,0.009891968271428572,0.0022643283857142855,0.2861321840460421,0,0,0,0
ERG,rsERG,2025-04-21T00:00:00.000Z,2025-04-21,62416.613468972995,47829.515769488105,17859.742886012,13685.825600163938,44556.870582961,34143.69016932417,0,0,0.479211846,0.367171846177587,0,0,0.009892158047619047,0.002264415061904762,0.28613764658465773,0,0,0,0
ERG,rsERG,2025-04-22T00:00:00.000Z,2025-04-22,62417.101223177,48136.494551828786,18455.392544978,14237.113283559102,43961.708678199,33899.38126826968,0,0,0.508129985,0.391980489743644,0,0,0.010223740704761905,0.0024213447285714286,0.2956784423885858,0,0,0,0
ERG,rsERG,2025-04-23T00:00:00.000Z,2025-04-23,65843.822636343,53179.25689896164,20359.202566965,16441.434097131325,45484.620069378,36737.82280183032,0,0,0.619753459,0.500500923263232,0,0,0.010698692140909091,0.002648894690909091,0.3093427398601533,0,0,0,0
ERG,rsERG,2025-04-24T00:00:00.000Z,2025-04-24,66385.391135481,53702.45031434168,20359.800094562997,16470.057208570306,46025.591040918,37232.39310577137,0,0,0.585689555,0.473883811694346,0,0,0.010606468961904762,0.002602326614285714,0.30669097140225043,0,0,0,0
ERG,rsERG,2025-04-25T00:00:00.000Z,2025-04-25,66385.967558517,53340.52775838127,20360.376517598997,16359.379587323025,46025.591040918,36981.148171058245,0,0,0.57208512,0.459626828848059,0,0,0.010606678245,0.002602429045,0.3066969913387038,0,0,0,0
ERG,rsERG,2025-04-26T00:00:00.000Z,2025-04-26,66386.557979125,53502.86370235158,20360.966938207,16409.496772046296,46025.591040918,37093.36693030528,0,0,0.612966197,0.493893215436889,0,0,0.010606892618181818,0.0026025339636363636,0.3067031573514314,0,0,0,0
ERG,rsERG,2025-04-27T00:00:00.000Z,2025-04-27,66387.156713693,52842.83951717346,20361.565672775,16207.39613550798,46025.591040918,36635.44338166548,0,0,0.572118443,0.455394756563107,0,0,0.01060711,0.002602640357142857,0.30670941007918157,0,0,0,0
ERG,rsERG,2025-04-28T00:00:00.000Z,2025-04-28,66344.645540449,52978.79517783488,20028.88371867,15996.1726737365,46315.761821779,36982.62250409838,0,0,0.581440124,0.464242084082405,0,0,0.010439669285714286,0.0025279147047619047,0.30188874244704333,0,0,0,0
ERG,rsERG,2025-04-29T00:00:00.000Z,2025-04-29,70640.43023028401,56350.84893457948,16863.351337732,13451.298098514279,53777.078892552,42899.5508360652,0,0,0.458607262,0.365851056364057,0,0,0.008259861004761905,0.0015826993095238095,0.23911425517900453,0,0,0,0
ERG,rsERG,2025-04-30T00:00:00.000Z,2025-04-30,73769.418177368,57599.30909575229,16863.722160256002,13167.905300273196,56905.696017112,44431.40379547909,0,0,0.446643975,0.348766906478257,0,0,0.007895546272727273,0.0014440678636363636,0.2286106226365506,0,0,0,0
ERG,rsERG,2025-05-01T00:00:00.000Z,2025-05-01,75340.98680651901,57167.03265820584,16864.086235661,12796.085981451733,58476.900570858,44370.94667675411,0,0,0.427308209,0.324260806923368,0,0,0.007730035823809524,0.001384213280952381,0.22383681114852488,0,0,0,0
ERG,rsERG,2025-05-02T00:00:00.000Z,2025-05-02,75952.27258543701,57121.28812795019,16864.435346556,12683.50571054092,59087.837238881,44437.78241740927,0,0,0.424282919,0.319103190944205,0,0,0.007668660119047619,0.001362521338095238,0.22206624047719473,0,0,0,0
ERG,rsERG,2025-05-03T00:00:00.000Z,2025-05-03,77121.716725795,57671.44773193095,16864.780745568,12611.445866678678,60256.935980227,45060.00186525227,0,0,0.407979737,0.305086348045023,0,0,0.0075511903761904765,0.0013210200714285714,0.2186774550861503,0,0,0,0
ERG,rsERG,2025-05-04T00:00:00.000Z,2025-05-04,77122.068493389,57138.35456079751,16865.132513162,12495.072578943336,60256.935980227,44643.281981854176,0,0,0.437130213,0.323978839434171,0,0,0.007551313890909091,0.0013210632181818182,0.21868101883828822,0,0,0,0
ERG,rsERG,2025-05-05T00:00:00.000Z,2025-05-05,77341.338665776,55702.14174325474,16865.481482578,12146.718088642954,60475.857183198,43555.42365461178,0,0,0.416040999,0.299633767158593,0,0,0.00752998119047619,0.0013136235857142858,0.21806554907669054,0,0,0,0
ERG,rsERG,2025-05-06T00:00:00.000Z,2025-05-06,77341.681620607,55765.514339518355,16865.824437409,12160.730866234191,60475.857183198,43604.783473284166,0,0,0.40629428,0.292949532971424,0,0,0.007530101371428571,0.0013136654428571428,0.21806901639465234,0,0,0,0
ERG,rsERG,2025-05-07T00:00:00.000Z,2025-05-07,77342.02829339201,58194.53275126188,16866.171110194,12690.62855285623,60475.857183198,45503.90419840565,0,0,0.43532428,0.327555432588679,0,0,0.00753022285,0.0013137077454545454,0.2180725212701025,0,0,0,0
ERG,rsERG,2025-05-08T00:00:00.000Z,2025-05-08,77342.378614845,61593.08217817567,16866.521431647,13431.978509444012,60475.857183198,48161.10366873165,0,0,0.406311069,0.323573628810804,0,0,0.007530345614285714,0.0013137505,0.21807606300221238,0,0,0,0
ERG,rsERG,2025-05-09T00:00:00.000Z,2025-05-09,77342.673329525,65336.15260052654,16866.816146327,14248.446534733834,60475.857183198,51087.70606579271,0,0,0.386970275,0.328945167057506,0,0,0.007530448885714286,0.0013137864642857142,0.21807904252796195,0,0,0,0
ERG,rsERG,2025-05-10T00:00:00.000Z,2025-05-10,77672.047873861,68557.16476344391,16867.217118972,14886.869276498492,60804.830754889,53670.29548694542,0,0,0.445024564,0.39269374093951,0,0,0.0074992410833333335,0.0013030529333333334,0.21717857361856532,0,0,0,0
ERG,rsERG,2025-05-11T00:00:00.000Z,2025-05-11,79317.248915837,70267.97422752695,16867.550302496,14943.136749102585,62449.698613341,55324.83747842437,0,0,0.358348606,0.317445183646772,0,0,0.0073426152,0.0012491803,0.21265929584023233,0,0,0,0
ERG,rsERG,2025-05-12T00:00:00.000Z,2025-05-12,79317.58082983301,69977.90892711695,16867.882216492002,14881.68314206306,62449.698613341,55096.225785053895,0,0,0.443229341,0.390914134165612,0,0,0.0073427294,0.0012492191,0.2126625905620409,0,0,0,0
ERG,rsERG,2025-05-13T00:00:00.000Z,2025-05-13,79317.96570641,66928.02419009247,19701.600426402,16644.45686501369,59616.365280008,50283.56732507879,0,0,0.5528239,0.467656923963696,0,0,0.00858278315,0.00176495955,0.24838754375762687,80,66.86736,4.41344,3.57643551744
ERG,rsERG,2025-05-14T00:00:00.000Z,2025-05-14,79318.588853084,66525.97481521327,24868.890239743,20857.999823809965,54449.698613341,45667.97499140331,0,0,0.737371359,0.61835769194909,0,0,0.01084432314,0.00272003106,0.31353167774465657,0,0,0,0
ERG,rsERG,2025-05-15T00:00:00.000Z,2025-05-15,79319.307264416,64119.1079772527,24869.608651075,20103.768458282077,54449.698613341,44015.33951897063,0,0,0.892633057,0.721364744334385,0,0,0.010844539316666667,0.0027201392166666667,0.31353789522827424,0,0,0,0
ERG,rsERG,2025-05-16T00:00:00.000Z,2025-05-16,79320.031366311,63382.177543529135,24870.33275297,19873.111322265348,54449.698613341,43509.06622126378,0,0,0.75681956,0.604717982639186,0,0,0.01084475726,0.00272024824,0.31354416185009404,0,0,0,0
ERG,rsERG,2025-05-17T00:00:00.000Z,2025-05-17,79320.747551116,61841.03191680547,24871.048937775002,19390.27726263989,54449.698613341,42450.754654165576,0,0,0.892684956,0.695694624998583,0,0,0.010844972783333334,0.0027203560833333335,0.31355035983882235,0,0,0,0
ERG,rsERG,2025-05-18T00:00:00.000Z,2025-05-18,79321.530104048,64292.93232525348,24871.831490707,20159.509559890055,54449.698613341,44133.42276536342,0,0,0.892713045,0.724326097343452,0,0,0.010845208283333333,0.00272047395,0.313557132062936,0,0,0,0
ERG,rsERG,2025-05-19T00:00:00.000Z,2025-05-19,79322.246331357,63770.262632579936,24872.547718016,19996.015489129455,54449.698613341,43774.24714345048,0,0,0.737479803,0.592608984271033,0,0,0.01084542382,0.00272058176,0.31356333018882454,0,0,0,0
ERG,rsERG,2025-05-20T00:00:00.000Z,2025-05-20,79322.970519422,63657.03919086153,24873.271906081,19960.91103001161,54449.698613341,43696.12816084991,0,0,0.892764336,0.71634630151713,0,0,0.01084564175,0.0027206908,0.3135695970887169,0,0,0,0
ERG,rsERG,2025-05-21T00:00:00.000Z,2025-05-21,79323.823730432,63697.256572399856,28874.125117091,23201.3476450743,50449.698613341,40495.90892732556,0,0,1.138688355,0.915751829765771,0,0,0.012602487116666667,0.003740743433333333,0.36400302371520266,80,63.98952,2.20672,1.66653921792
ERG,rsERG,2025-05-22T00:00:00.000Z,2025-05-22,79327.830610523,67581.26893054819,25718.628939629998,21790.506968916303,53609.201670893,45790.76196163189,1888.96982555,1558.439774445087,1.081249122,0.918282004942596,2.260908349,1.865296867000329,0.0112207858,0.00314305836,0.32421162607577186,0,0,0,0
ERG,rsERG,2025-05-23T00:00:00.000Z,2025-05-23,79253.16506298601,66528.30230189515,16873.193899836002,14163.702851688326,62379.97116315,52364.59945020683,0,0,0.736116772,0.617729329028719,0,0,0.0073510494833333336,0.0012520478,0.21290267861493878,0,0,0,0
ERG,rsERG,2025-05-24T00:00:00.000Z,2025-05-24,79205.51576898,63541.97047059341,16873.525075944002,13536.637018298217,62331.990693036,50005.3334522952,0,0,0.608108322,0.487837682574174,0,0,0.00735563018,0.00125360534,0.21303486100681499,0,0,0,0
ERG,rsERG,2025-05-25T00:00:00.000Z,2025-05-25,79333.795394039,65299.159851614546,16873.856780699,13888.76954859584,62459.93861334,51410.39030301871,0,0,0.736145465,0.605320956797746,0,0,0.00734383295,0.0012495939,0.2126944349099355,0,0,0,0
ERG,rsERG,2025-05-26T00:00:00.000Z,2025-05-26,79334.155552835,67391.01680033529,16874.216939495,14333.934445575647,62459.93861334,53057.082354759645,0,0,0.736161184,0.6253906905479326,0,0,0.0073439568,0.001249636,0.2126980090958922,0,0,0,0
ERG,rsERG,2025-05-27T00:00:00.000Z,2025-05-27,79334.486227043,69574.53668193336,16874.547613703002,14798.594604634565,62459.93861334,54775.942077298794,0,0,0.624148946,0.547184733206227,0,0,0.00734407052,0.00124967464,0.2127012906510644,0,0,0,0
ERG,rsERG,2025-05-28T00:00:00.000Z,2025-05-28,79334.815863939,69466.72022080266,16874.877250599002,14775.887856461493,62459.93861334,54690.832364341164,0,0,0.73619022,0.644552765280656,0,0,0.007344183883333333,0.0012497131333333333,0.2127045618840659,0,0,0,0
ERG,rsERG,2025-05-29T00:00:00.000Z,2025-05-29,79335.177349533,70484.6305601664,16875.238736193,14992.655788302929,62459.93861334,55491.97477186348,0,0,0.73620593,0.6544111163417381,0,0,0.0073443082,0.00124975535,0.21270814914470446,0,0,0,0
ERG,rsERG,2025-05-30T00:00:00.000Z,2025-05-30,82079.37176498,80587.109354355,16875.567371582,16557.984019049698,65203.804393398,64029.12533530529,0,0,0.59293593,0.5806759489664849,0,0,0.00710039264,0.0011686562,0.20566847564289545,0,0,0,0
ERG,rsERG,2025-05-31T00:00:00.000Z,2025-05-31,83118.253470811,78359.31461419139,16875.882847056,15909.65178839711,66242.370623755,62449.66282579427,0,0,0.701326339,0.6614715438827237,0,0,0.0070091364166666665,0.0011384778666666668,0.20303461805644962,0,0,0,0
ERG,rsERG,2025-06-01T00:00:00.000Z,2025-06-01,82203.010912306,74753.0686337371,16876.197873727,15346.418563409781,65326.813038579,59406.65007032731,0,0,0.594613923,0.5407966787997192,0,0,0.00709125116,0.00116588108,0.2054044777996575,0,0,0,0
ERG,rsERG,2025-06-02T00:00:00.000Z,2025-06-02,78541.108870381,71506.59522397647,16876.526172507,15364.983693127935,61664.582697874,56141.61153084853,0,0,0.742609101,0.6762024536163059,0,0,0.007419403666666667,0.0012753959,0.21487506880317503,0,0,0,0
ERG,rsERG,2025-06-03T00:00:00.000Z,2025-06-03,78540.503752193,72858.69889169621,16716.216370021,15508.352883067793,61824.287382172,57350.34600862842,0,0,0.742625086,0.6889243490632545,0,0,0.0073487336,0.0012518355,0.21283549236988156,0,0,0,0
ERG,rsERG,2025-06-04T00:00:00.000Z,2025-06-04,78535.976120521,70978.78131598944,15913.165316867,14381.905932151838,62622.810803654,56596.87538383761,0,0,0.594649772,0.5372838614562503,0,0,0.0069948639,0.00113385416,0.2026226209041558,0,0,0,0
ERG,rsERG,2025-06-05T00:00:00.000Z,2025-06-05,78536.273644961,70159.81567251046,15913.462841307,14216.17720155497,62622.810803654,55943.63847095549,0,0,0.70139498,0.6263770475604411,0,0,0.00699496855,0.001133888,0.20262564166412336,0,0,0,0
ERG,rsERG,2025-06-06T00:00:00.000Z,2025-06-06,78536.597200223,68626.74762572336,15913.786396569001,13905.764951556175,62622.810803654,54720.98267416719,0,0,0.701409237,0.6129510706624003,0,0,0.00699508235,0.0011339248,0.20262892668891716,0,0,0,0
ERG,rsERG,2025-06-07T00:00:00.000Z,2025-06-07,78536.894736109,69562.53708493349,15914.083932455,14095.592644310504,62622.810803654,55466.94444062298,0,0,0.579435786,0.5133176399810946,0,0,0.006995187,0.00113395868,0.2026319475179988,0,0,0,0
ERG,rsERG,2025-06-08T00:00:00.000Z,2025-06-08,78537.40177581701,69942.65347283405,15978.716930237999,14230.548512012609,62558.684845579,55712.104960821445,523.25586058,469.7675999997912,0.709942304,0.6322666988500096,0,0,0.007023652983333333,0.001143283,0.2034535953133844,9.09263305,8.1219217308481,4.63756,3.11012396328
ERG,rsERG,2025-06-09T00:00:00.000Z,2025-06-09,78538.407751021,70153.05118437934,15914.680135100001,14215.508220847403,62623.727615921,55937.54296353194,0,0,0.610380413,0.545320416362318,0,0,0.0069953147,0.00113400002,0.20263563510852853,0,0,0,0
ERG,rsERG,2025-06-10T00:00:00.000Z,2025-06-10,79618.638748864,74821.25347069617,15925.85128194,14966.230249967262,63692.787466924,59855.02322072891,0,0,0.712845598,0.6698985816764729,0,0,0.0069055501,0.001105228,0.20004426031764486,0.652562252,0.61178037406126,2.31878,1.64109103842
ERG,rsERG,2025-06-11T00:00:00.000Z,2025-06-11,80158.925623831,74354.08595275221,15980.550400341,14823.292455406874,64178.37522349,59530.793497345345,0,0,0.708235563,0.6568193629649166,0,0,0.0068818752,0.0010975811,0.19936083568846794,0,0,0,0
ERG,rsERG,2025-06-12T00:00:00.000Z,2025-06-12,80159.21761295201,71456.09919580774,15980.842389462001,14245.755699121553,64178.37522349,57210.343496686175,0,0,0.585074827,0.5215637327092282,0,0,0.00688197624,0.00109761328,0.19936375210856397,0,0,0,0
ERG,rsERG,2025-06-13T00:00:00.000Z,2025-06-13,80159.510532342,66810.27016272844,15981.135308852,13319.741449073654,64178.37522349,53490.528713654785,0,0,0.708261378,0.5907492575687936,0,0,0.0068820775333333336,0.00109764555,0.19936667779829273,0,0,0,0
ERG,rsERG,2025-06-14T00:00:00.000Z,2025-06-14,80159.829582376,66435.03691162397,15981.454358886002,13245.144040753621,64178.37522349,53189.89287087035,0,0,0.708275521,0.58701765907258,0,0,0.0068821879,0.0010976807,0.19936986445787186,0,0,0,0
ERG,rsERG,2025-06-15T00:00:00.000Z,2025-06-15,80160.123437642,67168.59103069358,15981.748214152001,13391.59035135243,64178.37522349,53777.00067934116,0,0,0.600505525,0.5031770275352011,0,0,0.00688228958,0.00109771306,0.1993727994509158,0,0,0,0
ERG,rsERG,2025-06-16T00:00:00.000Z,2025-06-16,79693.110990817,68297.48940801059,15982.040605687002,13697.301317299763,63711.07038513,54600.18809071082,0,0,0.694890496,0.5956017502634022,0,0,0.0069233695166666664,0.0011109112166666666,0.20055869820542852,0,0,0,0
ERG,rsERG,2025-06-17T00:00:00.000Z,2025-06-17,78758.798249807,64527.41779060496,15982.337541398001,13094.396345209363,62776.460708409,51433.02144539559,0,0,0.611597158,0.5012063080696724,0,0,0.00700543064,0.00113727644,0.20292764613606287,0,0,0,0
ERG,rsERG,2025-06-18T00:00:00.000Z,2025-06-18,78759.096596587,62918.85456479209,15982.635888178002,12768.163844244007,62776.460708409,50150.69072054808,0,0,0.721384572,0.5763194689919734,0,0,0.00700553525,0.0011373103333333333,0.20293066551990613,0,0,0,0
ERG,rsERG,2025-06-19T00:00:00.000Z,2025-06-19,78759.42155828701,60663.117875900556,15982.960849878002,12310.606233120772,62776.460708409,48352.511642779784,0,0,0.721399241,0.5556256641057209,0,0,0.007005649166666667,0.0011373472833333333,0.20293395423128932,0,0,0,0
ERG,rsERG,2025-06-20T00:00:00.000Z,2025-06-20,78759.719445565,60236.14071133699,15983.258737156,12224.139317159033,62776.460708409,48012.00139417796,0,0,0.595949574,0.4560244428030613,0,0,0.00700575362,0.00113738112,0.20293696891778093,0,0,0,0
ERG,rsERG,2025-06-21T00:00:00.000Z,2025-06-21,78760.017338566,59468.79106685152,15983.556630157002,12068.595420674515,62776.460708409,47400.195646177,0,0,0.721426027,0.5447893575005026,0,0,0.00700585805,0.0011374149833333334,0.2029399836386812,0,0,0,0
ERG,rsERG,2025-06-22T00:00:00.000Z,2025-06-22,70802.54236489799,50757.63715603851,15983.891126347,11437.59472510955,54818.651238551,39320.04243092896,0,0,0.800710484,0.5721712827807703,0,0,0.0078970079,0.00146278625,0.22864145729206212,0,0,0,0
ERG,rsERG,2025-06-23T00:00:00.000Z,2025-06-23,62845.092270512,44503.777773610214,15984.25050182,11319.253714819799,46860.841768692,33184.52405879042,0,0,0.747005288,0.5290388847112942,0,0,0.00878818306,0.00178817488,0.25434365555398436,0,0,0,0
ERG,rsERG,2025-06-24T00:00:00.000Z,2025-06-24,78977.811366195,60618.92562964091,15984.603913056,12204.29417272403,62993.207453139,48414.631456916875,0,0,0.779738321,0.5916284010998308,0,0,0.00711277115,0.0011929268,0.20601318152580744,0,0,0,0
ERG,rsERG,2025-06-25T00:00:00.000Z,2025-06-25,89446.76200303,78510.43733791869,16194.881705008002,14231.202762786867,73251.880298022,64279.23457513182,0,0,0.527402165,0.4626818101156363,0,0,0.00624804472,0.00090560802,0.1810560954690246,10.5,10.54601443062196,4.63756,2.63319729288
ERG,rsERG,2025-06-26T00:00:00.000Z,2025-06-26,89447.699991637,82222.94914356055,15985.147693615001,14694.015264057909,73462.552298022,67528.93387950264,0,0,0.67558444,0.6209101353655382,0,0,0.006166801866666667,0.0008816525166666667,0.17870943238391646,0,0,0,0
ERG,rsERG,2025-06-27T00:00:00.000Z,2025-06-27,89447.987068382,74613.02593226403,15985.434770360001,13334.24784357395,73462.552298022,61278.77808869008,0,0,0.653784456,0.5453799867097822,0,0,0.0061668931,0.0008816786,0.1787120682556819,0,0,0,0
ERG,rsERG,2025-06-28T00:00:00.000Z,2025-06-28,89448.24886193,78726.55107797377,15985.696563908,14069.57515189443,73462.552298022,64656.97592607934,0,0,0.540091648,0.4758006421330825,0,0,0.0061669763,0.00088170232,0.1787144719684915,0,0,0,0
ERG,rsERG,2025-06-29T00:00:00.000Z,2025-06-29,89448.51148903099,84456.65736365132,15985.959191009,15093.830332607518,73462.552298022,69362.82703104381,0,0,0.653805828,0.6174222545240667,0,0,0.00616705975,0.0008817261666666667,0.1787168833201775,0,0,0,0
ERG,rsERG,2025-06-30T00:00:00.000Z,2025-06-30,89448.797543913,85608.02752675711,15986.245245891001,15299.824021515382,73462.552298022,70308.20350524173,0,0,0.653817523,0.6256715065267565,0,0,0.006167150683333333,0.0008817521166666666,0.17871950976180087,0,0,0,0
ERG,rsERG,2025-07-01T00:00:00.000Z,2025-07-01,89449.05976532,81430.67831359974,15986.507467298,14553.445439527373,73462.552298022,66877.23287407236,0,0,0.540118961,0.492169552439159,0,0,0.00616723402,0.0008817759,0.17872191735943802,0,0,0,0
ERG,rsERG,2025-07-02T00:00:00.000Z,2025-07-02,89449.323027639,79131.26986739697,15986.770729617001,14142.685544908507,73462.552298022,64988.58432248847,0,0,0.668052883,0.5911866998422899,0,0,0.006167317666666667,0.0008817998166666666,0.1787243344995989,0,0,0,0
ERG,rsERG,2025-07-03T00:00:00.000Z,2025-07-03,89449.585879554,86547.8416355318,15987.033581532001,15468.414534057636,73462.552298022,71079.42710147417,0,0,0.540136817,0.52262834805137,0,0,0.0061674012,0.00088182364,0.17872674785791584,0,0,0,0
ERG,rsERG,2025-07-04T00:00:00.000Z,2025-07-04,89449.84852862099,84396.27949521986,15987.296230599,15084.07478885158,73462.552298022,69312.20470636828,0,0,0.65386051,0.6167117279020071,0,0,0.0061674846833333335,0.0008818474833333334,0.17872915933919437,0,0,0,0
ERG,rsERG,2025-07-05T00:00:00.000Z,2025-07-05,89450.134607427,81307.22802417168,15987.582309405001,14532.185918350759,73462.552298022,66775.04210582092,0,0,0.653872206,0.5943408048653798,0,0,0.0061675756,0.00088187345,0.17873178592195804,0,0,0,0
ERG,rsERG,2025-07-06T00:00:00.000Z,2025-07-06,89450.396850766,81721.99214942794,15987.844552744002,14606.515246789231,73462.552298022,67115.47690263871,0,0,0.540164137,0.4933858054489055,0,0,0.00616765892,0.00088189724,0.1787341936489803,0,0,0,0
ERG,rsERG,2025-07-07T00:00:00.000Z,2025-07-07,89450.659098537,84067.7420168237,15988.106800515001,15025.982277528614,73462.552298022,69041.75973929508,0,0,0.653893575,0.6146497309580946,0,0,0.006167742283333334,0.0008819210333333333,0.1787366014021472,0,0,0,0
ERG,rsERG,2025-07-08T00:00:00.000Z,2025-07-08,89450.946228424,83595.54730559156,15988.393930402,14941.804705963223,73462.552298022,68653.74259962834,0,0,0.653905271,0.610930930393818,0,0,0.006167833516666667,0.0008819471,0.17873923758742521,0,0,0,0
ERG,rsERG,2025-07-09T00:00:00.000Z,2025-07-09,89451.209107038,84037.63957811092,15988.656809016,15021.02625265474,73462.552298022,69016.61332545617,0,0,0.554407105,0.520928640470869,0,0,0.00616791706,0.00088197094,0.17874165110324614,0,0,0,0
ERG,rsERG,2025-07-10T00:00:00.000Z,2025-07-10,89451.47074616,85329.2456545949,15988.918448138002,15252.095948966782,73462.552298022,70077.14970562811,0,0,0.653926903,0.6240399066955206,0,0,0.006168000216666666,0.0008819947,0.17874405322468526,0,0,0,0
ERG,rsERG,2025-07-11T00:00:00.000Z,2025-07-11,87530.7569686,88224.26759950085,15989.204670576,16120.096619510348,71541.552298024,72104.1709799905,0,0,0.664463674,0.6696485313533649,0,0,0.006306942683333333,0.0009225590333333334,0.18275759493501306,0,0,0,0
ERG,rsERG,2025-07-12T00:00:00.000Z,2025-07-12,85610.028782108,83430.86776593285,15989.476484082,15582.471725149673,69620.552298026,67848.39604078318,0,0,0.565216575,0.5508599929718674,0,0,0.00644588276,0.00096312354,0.1867710677300459,0,0,0,0
ERG,rsERG,2025-07-13T00:00:00.000Z,2025-07-13,85610.30579595201,85348.07816144447,15989.753497926002,15940.777943083127,69620.552298026,69407.30021836134,0,0,0.684221225,0.6816406942434448,0,0,0.006445973866666667,0.0009631507166666666,0.18677369913814607,0,0,0,0
ERG,rsERG,2025-07-14T00:00:00.000Z,2025-07-14,85610.58064515301,92477.6355603275,15990.028347127001,17272.633660718417,69620.552298026,75205.00189960908,0,0,0.580110628,0.6264378604445363,0,0,0.00644606426,0.00096317766,0.1867763099675256,0,0,0,0
ERG,rsERG,2025-07-15T00:00:00.000Z,2025-07-15,85528.02686756801,90873.74490357703,15990.303418131001,16989.736817041434,69537.723449437,73884.0080865356,0,0,0.684244901,0.7266356417436733,0,0,0.00645241755,0.0009650741833333333,0.18695980725498443,0,0,0,0
ERG,rsERG,2025-07-16T00:00:00.000Z,2025-07-16,85528.327325043,93065.39480965902,15990.603875606,17399.75510838127,69537.723449437,75665.63970127775,0,0,0.684257708,0.744697659707395,0,0,0.00645251645,0.00096510375,0.18696266343157383,0,0,0,0
ERG,rsERG,2025-07-17T00:00:00.000Z,2025-07-17,85528.60175497201,97033.34388006819,15990.878305535001,18141.86684262442,69537.723449437,78891.47703744376,0,0,0.565266036,0.6415342115942757,0,0,0.00645260676,0.0009651307,0.1869652721705894,0,0,0,0
ERG,rsERG,2025-07-18T00:00:00.000Z,2025-07-18,85528.87618975501,104884.03029519889,15991.152740318,19609.945124176284,69537.723449437,85274.0851710226,0,0,0.684281107,0.8391303975356094,0,0,0.006452697083333334,0.0009651576666666667,0.18696788093849614,0,0,0,0
ERG,rsERG,2025-07-19T00:00:00.000Z,2025-07-19,85529.15106300701,102772.30248159962,15991.42761357,19215.387598624715,69537.723449437,83556.9148829749,0,0,0.580161389,0.6971646382147989,0,0,0.00645278756,0.0009651847,0.18697049385819273,0,0,0,0
ERG,rsERG,2025-07-20T00:00:00.000Z,2025-07-20,85529.425073313,102026.43483833421,15991.701623876,19076.199429529537,69537.723449437,82950.23540880467,0,0,0.684304777,0.816386347784173,0,0,0.006452877733333333,0.00096521165,0.18697309855757835,0,0,0,0
ERG,rsERG,2025-07-21T00:00:00.000Z,2025-07-21,85529.72719352301,103116.4796753743,16052.003744086001,19353.299526239905,69477.723449437,83763.1801491344,0,0,0.687091143,0.8281972742204999,0,0,0.006477266433333333,0.0009725233,0.1876774803081231,1.2,1.440508459410935,2.31878,2.092506395630503
ERG,rsERG,2025-07-22T00:00:00.000Z,2025-07-22,85530.00517925,102635.79623913033,16112.281729813001,19334.69812844756,69417.723449437,83301.09811068277,0,0,0.571352128,0.6856407476567384,0,0,0.0065016471,0.0009798327,0.18838162930070637,0,0,0,0
ERG,rsERG,2025-07-23T00:00:00.000Z,2025-07-23,85530.284044611,99156.62034421098,16112.560595174,18679.54462047522,69417.723449437,80477.07572373576,0,0,0.693042265,0.8041346460295542,0,0,0.006501738733333333,0.0009798602666666665,0.1883842755239707,0,0,0,0
ERG,rsERG,2025-07-24T00:00:00.000Z,2025-07-24,85530.58977481401,90742.04712090323,16112.866325377001,17094.638014124925,69417.723449437,73647.4091067783,0,0,0.708421676,0.7516645882811837,0,0,0.006501839166666666,0.0009798905,0.18838717665487498,0,0,0,0
ERG,rsERG,2025-07-25T00:00:00.000Z,2025-07-25,85530.86968299001,91147.04704562706,16113.146233553001,17171.176249397842,69417.723449437,73975.87079622921,0,0,0.572776487,0.6104122941539244,0,0,0.00650193112,0.00097991818,0.18838983273787682,0,0,0,0
ERG,rsERG,2025-07-26T00:00:00.000Z,2025-07-26,85531.14937542201,90630.03071822121,16113.425925985,17074.017001359636,69417.723449437,73556.01371686158,0,0,0.693372975,0.7348364518055628,0,0,0.0065020230333333335,0.0009799458333333334,0.18839248675576245,0,0,0,0
ERG,rsERG,2025-07-27T00:00:00.000Z,2025-07-27,85531.428631051,90448.4985459414,16113.705181614001,17040.0563501335,69417.723449437,73408.4421958079,0,0,0.572796264,0.6057981126527952,0,0,0.00650211478,0.00097997344,0.18839513661199614,0,0,0,0
ERG,rsERG,2025-07-28T00:00:00.000Z,2025-07-28,85531.70789166901,89504.21585151521,16113.984442232,16862.395198847917,69417.723449437,72641.82065266729,0,0,0.693396915,0.7258036778685655,0,0,0.006502206533333333,0.00098000105,0.1883977864977338,0,0,0,0
ERG,rsERG,2025-07-29T00:00:00.000Z,2025-07-29,85532.012545054,85962.57682805395,16114.289095617001,16195.407500078662,69417.723449437,69767.16932797528,0,0,0.693410024,0.696906940973169,0,0,0.006502306633333333,0.0009800311833333335,0.1884006773143297,0,0,0,0
ERG,rsERG,2025-07-30T00:00:00.000Z,2025-07-30,85532.292257184,83440.8479889248,16114.568807747,15720.53334339089,69417.723449437,67720.3146455339,0,0,0.587901359,0.5735752191108145,0,0,0.00650239854,0.00098005886,0.1884033314487055,0,0,0,0
ERG,rsERG,2025-07-31T00:00:00.000Z,2025-07-31,85532.582376805,83126.59539075952,16094.846127368,15641.538260629975,69437.736249437,67485.05713012954,0,0,0.693434248,0.6742415618975451,0,0,0.006494392516666667,0.0009776583833333333,0.18817210611845872,0,0,0,0
ERG,rsERG,2025-08-01T00:00:00.000Z,2025-08-01,85532.929395366,82977.65692204982,15995.129145929,15517.27863659709,69537.800249437,67460.37828545274,0,0,0.299459856,0.29048088783334514,0,0,0.00645399995,0.00096554685,0.1870055107305497,0,0,0,0
ERG,rsERG,2025-08-02T00:00:00.000Z,2025-08-02,85533.203976536,80870.02982691953,15995.403727099001,15123.351756916472,69537.800249437,65746.67807000306,7744.70935718,7210.561304730204,0.247624045,0.2341790750939438,273.240263093,254.3950427430992,0.00645409034,0.00096557384,0.18700812062927558,0,0,0,0
ERG,rsERG,2025-08-03T00:00:00.000Z,2025-08-03,85790.803861957,80497.14391581326,8584.186725931999,8056.844442258999,77206.617136025,72440.29947355426,0,0,0.097369705,0.09124284042506192,0,0,0.003447697,0.00027668725,0.10004666547134346,10,9.36612927383358,2.35326,1.707211965288783
ERG,rsERG,2025-08-04T00:00:00.000Z,2025-08-04,86196.943293041,83339.10832896136,9250.948366003,8944.235952356295,76945.994927038,74394.87237660507,0,0,0.099577005,0.09626400751720197,0,0,0.0036989055333333334,0.0003175832666666667,0.10732339236839178,0,0,0,0
ERG,rsERG,2025-08-05T00:00:00.000Z,2025-08-05,86197.034716817,82277.7841512766,9251.039789779,8830.408352940009,76945.994927038,73447.3757983366,0,0,0.084424821,0.08055985920350674,0,0,0.00369893822,0.00031758888,0.10732433917437524,0,0,0,0
ERG,rsERG,2025-08-06T00:00:00.000Z,2025-08-06,86105.060841657,79132.15634223941,9251.131647436001,8502.037729098047,76853.929194221,70630.11861314136,0,0,0.099578979,0.09152138320020772,0,0,0.003702954766666667,0.0003182801666666667,0.10744066261467781,0,0,0,0
ERG,rsERG,2025-08-07T00:00:00.000Z,2025-08-07,85644.82367161801,79433.31173520374,9251.223141481001,8580.265101043418,76393.600530137,70853.04663416032,0,0,0.082613256,0.07663455705642297,0,0,0.00372290608,0.0003217141,0.10801847379529061,0,0,0,0
ERG,rsERG,2025-08-08T00:00:00.000Z,2025-08-08,85644.91534391101,81535.63556550843,9251.314813774,8807.432778610439,76393.600530137,72728.202786898,0,0,0.100006505,0.09520472166464122,0,0,0.0037229390666666667,0.00032171978333333335,0.10801942855120555,0,0,0,0
ERG,rsERG,2025-08-09T00:00:00.000Z,2025-08-09,85645.01535107101,82465.55496672372,9251.414820934,8907.96836439026,76393.600530137,73557.58660233345,0,0,0.100007588,0.09624780849920558,0,0,0.0037229750166666666,0.000321726,0.10802047011145353,0,0,0,0
ERG,rsERG,2025-08-10T00:00:00.000Z,2025-08-10,85645.10717017601,82790.25570346245,9251.506640039,8943.121308237256,76393.600530137,73847.13439522519,0,0,0.084789885,0.08197051465366399,0,0,0.00372300804,0.0003217317,0.1080214263921798,0,0,0,0
ERG,rsERG,2025-08-11T00:00:00.000Z,2025-08-11,85645.19870033901,80833.84973110179,9251.598170202,8731.864447892765,76393.600530137,72101.98528320903,0,0,0.100009588,0.09439410210392601,0,0,0.00372304095,0.00032173738333333334,0.1080223796615037,0,0,0,0
ERG,rsERG,2025-08-12T00:00:00.000Z,2025-08-12,85562.12153064701,79827.56081742069,9251.698180424,8632.001222002016,76310.423350223,71195.55959541867,0,0,0.100010664,0.09336829137813772,0,0,0.0037267207166666668,0.0003223746666666667,0.1081289469429852,0,0,0,0
ERG,rsERG,2025-08-13T00:00:00.000Z,2025-08-13,85146.327581285,83058.81378886905,9251.790130633,9024.966028335004,75894.537450652,74033.84776053404,0,0,0.08332146,0.08128110371088468,0,0,0.00374497284,0.00032553562,0.10865753572042722,0,0,0,0
ERG,rsERG,2025-08-14T00:00:00.000Z,2025-08-14,86067.967259035,84097.43706515251,9085.197085292999,8879.489352339348,76982.770173742,75217.94771281315,0,0,0.099809104,0.09748312138978953,0,0,0.0036379760666666668,0.00030773311666666665,0.10555841273751317,0,0,0,0
ERG,rsERG,2025-08-15T00:00:00.000Z,2025-08-15,86068.48581221301,86237.87944585255,8251.848971804,8268.08962619449,77816.636840409,77969.78981965806,0,0,0.075412663,0.0755490092294026,0,0,0.00330369844,0.00025339468,0.09587538219046009,0,0,0,0
ERG,rsERG,2025-08-16T00:00:00.000Z,2025-08-16,86894.23346539,86129.19183845764,8251.921261568,8179.229348816525,78642.312203822,77949.96248964111,0,0,0.088088617,0.08734134387647695,0,0,0.0032723408,0.0002486156666666667,0.09496684690314901,0,0,0,0
ERG,rsERG,2025-08-17T00:00:00.000Z,2025-08-17,87059.447049909,86961.02534750578,8251.999773405001,8242.670874363848,78807.447276504,78718.35447314194,0,0,0.087673106,0.0875896710199724,0,0,0.0032660922333333335,0.00024766333333333334,0.09478580502204824,0,0,0,0
ERG,rsERG,2025-08-18T00:00:00.000Z,2025-08-18,87059.51867310899,85633.39948173081,8252.071396605,8116.894425962139,78807.447276504,77516.50505576868,0,0,0.072426239,0.07121146308919277,0,0,0.00326611794,0.00024766724,0.09478654973485473,0,0,0,0
ERG,rsERG,2025-08-19T00:00:00.000Z,2025-08-19,87059.5906936,84551.02761513587,8252.143417096,8014.363021876326,78807.447276504,76536.66459325954,0,0,0.087674622,0.08521138319529668,0,0,0.0032661437833333335,0.00024767116666666667,0.09478729857729146,0,0,0,0
ERG,rsERG,2025-08-20T00:00:00.000Z,2025-08-20,87059.66889121699,80223.08835989282,8252.221614713,7604.195147660458,78807.447276504,72618.89321223236,0,0,0.087675454,0.08076398999199885,0,0,0.00326617185,0.00024767541666666665,0.09478811164580965,0,0,0,0
ERG,rsERG,2025-08-21T00:00:00.000Z,2025-08-21,87059.740686338,80251.18054396258,8252.293409834001,7606.917627645605,78807.447276504,72644.26291631698,0,0,0.074334185,0.06852936823933053,0,0,0.00326619762,0.00024767932,0.09478885814238658,0,0,0,0
ERG,rsERG,2025-08-22T00:00:00.000Z,2025-08-22,86529.25984369,78718.34293622854,8252.36503395,7508.842749519414,78276.89480974,71209.50018670912,0,0,0.088047093,0.08019172521365457,0,0,0.0032865548333333335,0.0002507946666666667,0.09537866708429506,0,0,0,0
ERG,rsERG,2025-08-23T00:00:00.000Z,2025-08-23,85851.270696657,80389.55903257048,8252.437438247,7727.431316439742,77598.83325841,72662.12771613074,0,0,0.073484248,0.06879614892119473,0,0,0.00331230764,0.00025471596,0.09612481412654258,0,0,0,0
ERG,rsERG,2025-08-24T00:00:00.000Z,2025-08-24,85851.34353926699,79084.19843814978,8252.510280857,7602.014573748861,77598.83325841,71482.18386440091,0,0,0.088955401,0.08195455500883518,0,0,0.0033123341,0.00025472003333333333,0.09612558104086999,0,0,0,0
ERG,rsERG,2025-08-25T00:00:00.000Z,2025-08-25,85851.423454145,77011.19381160825,8252.590195735,7402.81009274248,77598.83325841,69608.38371886576,0,0,0.088956253,0.07986189316438123,0,0,0.0033123631,0.0002547244833333333,0.09612642241322719,0,0,0,0
ERG,rsERG,2025-08-26T00:00:00.000Z,2025-08-26,85851.496298085,74118.40975369103,8252.663039675,7124.79443171956,77598.83325841,66993.61532197146,0,0,0.075420103,0.06511408013615631,0,0,0.0033123896,0.00025472856,0.09612718933886755,0,0,0,0
ERG,rsERG,2025-08-27T00:00:00.000Z,2025-08-27,85851.56891271,74799.24548298847,8252.7356543,7190.298439146072,77598.83325841,67608.94704384239,0,0,0.088957832,0.07751439672357187,0,0,0.003312416,0.00025473261666666665,0.09612795384887701,0,0,0,0
ERG,rsERG,2025-08-28T00:00:00.000Z,2025-08-28,85851.648542299,73798.90205043866,8252.815283889,7094.19938568618,77598.83325841,66704.70266475248,0,0,0.08895869,0.07645046579292318,0,0,0.0033124449,0.00025473706666666665,0.09612879221319642,0,0,0,0
ERG,rsERG,2025-08-29T00:00:00.000Z,2025-08-29,85851.721560707,72720.0410612069,8252.888302297,6990.545438252169,77598.83325841,65729.49562295472,0,0,0.073488258,0.06223999185006575,0,0,0.00331247148,0.00025474114,0.09612956097167441,0,0,0,0
ERG,rsERG,2025-08-30T00:00:00.000Z,2025-08-30,85851.794292304,72376.68600752269,8252.961033894,6957.594488592465,77598.83325841,65419.09151893022,0,0,0.088960247,0.07498197350497107,0,0,0.0033124979,0.0002547452,0.09613032670918564,0,0,0,0
ERG,rsERG,2025-08-31T00:00:00.000Z,2025-08-31,85851.867139516,72789.69240792263,8253.033881106001,6997.35271993835,77598.83325841,65792.33968798428,0,0,0.075423491,0.06394778626467335,0,0,0.00331252434,0.00025474928,0.09613109366265102,0,0,0,0
ERG,rsERG,2025-09-01T00:00:00.000Z,2025-09-01,79964.44906312099,66089.27844015416,8253.108511378001,6820.44063674329,71711.340551743,59268.83780341087,0,0,0.094412084,0.07801104631694535,0,0,0.00356053415,0.00029457176666666666,0.10331550720541814,0,0,0,0
ERG,rsERG,2025-09-02T00:00:00.000Z,2025-09-02,78736.628364993,65462.506909261734,8253.194861276,6861.798036625462,70483.433503717,58600.70887263627,0,0,0.097050296,0.08072830643590591,0,0,0.0036124798,0.0003029289,0.10482027275806494,0,0,0,0
ERG,rsERG,2025-09-03T00:00:00.000Z,2025-09-03,78736.707962405,66176.04183715364,8253.274458688,6936.65070972331,70483.433503717,59239.39112743033,0,0,0.080172752,0.06737638990967618,0,0,0.00361251106,0.00030293414,0.10482117772340054,0,0,0,0
ERG,rsERG,2025-09-04T00:00:00.000Z,2025-09-04,78736.787686057,65565.204136583,8253.354182340001,6872.681207015682,70483.433503717,58692.522929567305,0,0,0.097052154,0.08085081732243396,0,0,0.0036125423333333334,0.00030293936666666665,0.10482208412211172,0,0,0,0
ERG,rsERG,2025-09-05T00:00:00.000Z,2025-09-05,78571.737020601,64317.76413748059,8253.441057525,6756.337632143821,70318.295963076,57561.42650533677,0,0,0.099163035,0.08117556914598413,0,0,0.0036202638,0.0003042414333333333,0.10504572346821117,0,0,0,0
ERG,rsERG,2025-09-06T00:00:00.000Z,2025-09-06,77746.12941404099,63330.87688530037,8253.521154173,6723.199361575771,69492.608259868,56607.6775237246,0,0,0.081230089,0.06615444189833657,0,0,0.00365873238,0.00031072852,0.1061598978157911,0,0,0,0
ERG,rsERG,2025-09-07T00:00:00.000Z,2025-09-07,77746.209934898,63130.675681869856,8253.60167503,6702.004567553502,69492.608259868,56428.671114316356,0,0,0.09833211,0.07984539751595726,0,0,0.00365876435,0.00031073395,0.10616082355569342,0,0,0,0
ERG,rsERG,2025-09-08T00:00:00.000Z,2025-09-08,77746.29032941,64219.0090970013,8253.682069542001,6817.602444268349,69492.608259868,57401.40665273295,0,0,0.081231663,0.06708845539344825,0,0,0.00365879626,0.00031073936,0.10616174784117398,0,0,0,0
ERG,rsERG,2025-09-09T00:00:00.000Z,2025-09-09,77746.37104250099,65367.44895405145,8253.762782633,6939.583304216895,69492.608259868,58427.86564983455,0,0,0.100471722,0.08447115588671535,0,0,0.0036588283,0.0003107447833333333,0.106162675787317,0,0,0,0
ERG,rsERG,2025-09-10T00:00:00.000Z,2025-09-10,77746.459065141,65672.54977091395,8253.850805273,6972.0401496716095,69492.608259868,58700.50962124233,0,0,0.098335085,0.08308055225471797,0,0,0.003658863233333333,0.00031075073333333334,0.10616368776808702,0,0,0,0
ERG,rsERG,2025-09-11T00:00:00.000Z,2025-09-11,77746.539334968,65878.70801749376,8253.931075100001,6993.987363163937,69492.608259868,58884.72065432982,0,0,0.081234121,0.0688370737414908,0,0,0.00365889512,0.00031075614,0.10616461061415829,0,0,0,0
ERG,rsERG,2025-09-12T00:00:00.000Z,2025-09-12,77746.619859823,66375.80023207892,8254.011599955,7046.822356968525,69492.608259868,59328.977875110395,0,0,0.098336993,0.08395341873379461,0,0,0.0036589270666666667,0.00031076155,0.10616553639025622,0,0,0,0
ERG,rsERG,2025-09-13T00:00:00.000Z,2025-09-13,77746.707567334,67104.61247214877,8254.099307466,7124.264745514546,69492.608259868,59980.34772663423,0,0,0.09833804,0.08488010066908441,0,0,0.0036589618666666665,0.0003107674833333333,0.10616654474158906,0,0,0,0
ERG,rsERG,2025-09-14T00:00:00.000Z,2025-09-14,77746.787966694,65688.75543444288,8254.179706826,6974.008842692273,69492.608259868,58714.74659175061,0,0,0.081236563,0.06864037659882562,0,0,0.0036589938,0.0003107729,0.10616746907096666,0,0,0,0
ERG,rsERG,2025-09-15T00:00:00.000Z,2025-09-15,77746.868684651,63912.74736606197,8254.260424783,6785.513636138878,69492.608259868,57127.23372992309,0,0,0.100477782,0.08259652824057585,0,0,0.00365902585,0.0003107783333333333,0.10616839706117855,0,0,0,0
ERG,rsERG,2025-09-16T00:00:00.000Z,2025-09-16,77746.94927625399,62556.8930411433,8254.341016386,6641.623005193694,69492.608259868,55915.27003594961,0,0,0.081238156,0.06537108668244031,0,0,0.00365905782,0.00031078376,0.10616932359688507,0,0,0,0
ERG,rsERG,2025-09-17T00:00:00.000Z,2025-09-17,77747.02980511,61503.06044057543,8254.421545242001,6529.795145643254,69492.608259868,54973.26529493217,0,0,0.098341878,0.07779618686051717,0,0,0.0036590898,0.00031078918333333333,0.1061702494092202,0,0,0,0
ERG,rsERG,2025-09-18T00:00:00.000Z,2025-09-18,77747.11751697799,61169.50204284977,8254.50925711,6494.443090542901,69492.608259868,54675.05895230686,0,0,0.098342924,0.0773904959562411,0,0,0.0036591246333333334,0.0003107951,0.10617125780001585,0,0,0,0
ERG,rsERG,2025-09-19T00:00:00.000Z,2025-09-19,77747.19792033099,63694.45973949987,8254.589660463,6762.579637968982,69492.608259868,56931.880101530885,0,0,0.081240597,0.06656292825279697,0,0,0.00365915654,0.0003108005,0.10617218216555092,0,0,0,0
ERG,rsERG,2025-09-20T00:00:00.000Z,2025-09-20,77747.278324491,62534.7709078982,8254.670064623,6639.510929396676,69492.608259868,55895.259978501526,0,0,0.098344829,0.07909722240787945,0,0,0.0036591884333333335,0.00031080591666666666,0.10617310653839203,0,0,0,0
ERG,rsERG,2025-09-21T00:00:00.000Z,2025-09-21,77747.366356808,62045.814557477686,8254.75809694,6587.659557085696,69492.608259868,55458.15500039199,0,0,0.10048384,0.08018361940918456,0,0,0.0036592234,0.0003108118666666667,0.1061741186067835,0,0,0,0
ERG,rsERG,2025-09-22T00:00:00.000Z,2025-09-22,77747.44695326999,58961.030806286,8254.838693402,6260.190015708054,69492.608259868,52700.840790577946,0,0,0.081243055,0.06157564751056659,0,0,0.00365925538,0.00031081728,0.10617504518648412,0,0,0,0
ERG,rsERG,2025-09-23T00:00:00.000Z,2025-09-23,77747.527486982,57577.766656289,8254.919227114,6113.37510994751,69492.608259868,51464.39154634149,0,0,0.098347812,0.07282961286217866,0,0,0.003659287366666667,0.0003108227,0.10617597104279172,0,0,0,0
ERG,rsERG,2025-09-24T00:00:00.000Z,2025-09-24,77873.477228112,56335.96967287222,8254.999634461,5971.9024486767485,69618.477593651,50364.06722419547,0,0,0.08124463,0.058783288325601174,0,0,0.0036533962,0.00030982384,0.10600534761414605,0,0,0,0
ERG,rsERG,2025-09-25T00:00:00.000Z,2025-09-25,78537.937675134,56473.43938146453,8255.080042616,5937.396010875348,70282.857632518,50536.043370589185,0,0,0.098349713,0.07077750773561589,0,0,0.0036236080166666667,0.0003048892666666667,0.10514252983290054,0,0,0,0
ERG,rsERG,2025-09-26T00:00:00.000Z,2025-09-26,84755.92096094,58636.1960781626,8255.164419516,5711.17592044052,76500.756541424,52925.02015772208,0,0,0.092889892,0.06428212061886293,0,0,0.0033563710333333334,0.00026153805,0.09740141301795104,0,0,0,0
ERG,rsERG,2025-09-27T00:00:00.000Z,2025-09-27,85173.78927412101,58668.82881031842,8255.238170861001,5686.316920697637,76918.55110326,52982.51188962078,0,0,0.074212623,0.051121326537378074,0,0,0.00333983296,0.00025896338,0.09692228373553265,0,0,0,0
ERG,rsERG,2025-09-28T00:00:00.000Z,2025-09-28,85173.862838748,59109.15253047561,8255.311735488,5729.0401346405315,76918.55110326,53380.11239583507,0,0,0.089837129,0.062366554548194834,0,0,0.0033398599166666668,0.0002589675833333333,0.09692306372333641,0,0,0,0
ERG,rsERG,2025-09-29T00:00:00.000Z,2025-09-29,85173.94296512501,60243.605924356656,8255.391861865,5839.0459838670795,76918.55110326,54404.55994048958,0,0,0.089838002,0.06352680437537485,0,0,0.0033398892166666668,0.00025897208333333334,0.0969239132822571,0,0,0,0
ERG,rsERG,2025-09-30T00:00:00.000Z,2025-09-30,85174.016763358,58442.10495543371,8255.465660098,5664.483209095046,76918.55110326,52777.621746338664,0,0,0.076167682,0.052258143712825715,0,0,0.00333991622,0.00025897632,0.09692469574412788,0,0,0,0
ERG,rsERG,2025-10-01T00:00:00.000Z,2025-10-01,85923.458125321,60554.61530708601,8255.539287844,5817.113750983781,77667.918837477,54737.50155610223,0,0,0.08946937,0.06306707915811646,0,0,0.0033112671833333334,0.00025459413333333333,0.09609464599848785,0,0,0,0
ERG,rsERG,2025-10-02T00:00:00.000Z,2025-10-02,87422.265720717,64896.642578786676,8255.611414807001,6128.4327099392,79166.65430591,58768.20986884747,0,0,0.072457307,0.05378673650535176,0,0,0.00325394116,0.00024582546,0.09443373889642194,0,0,0,0
ERG,rsERG,2025-10-03T00:00:00.000Z,2025-10-03,87422.337545349,63504.15005251843,8255.683239439,5996.981715549463,79166.65430591,57507.16833696897,0,0,0.087712242,0.06369796361217861,0,0,0.00325396685,0.00024582935,0.0944344828934739,0,0,0,0
ERG,rsERG,2025-10-04T00:00:00.000Z,2025-10-04,87422.41577650899,63060.90638463641,8255.761470599,5955.175033808661,79166.65430591,57105.731350827744,0,0,0.087713069,0.0632701451148471,0,0,0.0032539948166666667,0.00024583355,0.09443529325132355,0,0,0,0
ERG,rsERG,2025-10-05T00:00:00.000Z,2025-10-05,87422.487829188,63430.98519296179,8255.833523278001,5990.171013895106,79166.65430591,57440.81417906668,0,0,0.074366078,0.05395208927490932,0,0,0.00325402058,0.00024583746,0.09443603960808714,0,0,0,0
ERG,rsERG,2025-10-06T00:00:00.000Z,2025-10-06,87422.55976913299,63320.59176676613,8255.905463223,5979.7932755675665,79166.65430591,57340.79849119856,0,0,0.087714606,0.06355503922708748,0,0,0.0032540462833333334,0.0002458413333333333,0.09443678479582843,0,0,0,0
ERG,rsERG,2025-10-07T00:00:00.000Z,2025-10-07,87422.63800239899,63234.415640641346,8255.983696489,5971.705929459821,79166.65430591,57262.709711181524,0,0,0.087715433,0.06340577524612011,0,0,0.0032540742666666666,0.00024584555,0.09443759517136972,0,0,0,0
ERG,rsERG,2025-10-08T00:00:00.000Z,2025-10-08,87422.70960348399,60841.83393636068,8256.055297574001,5745.801472996106,79166.65430591,55096.03246336457,0,0,0.072461205,0.05044222092675013,0,0,0.00325409986,0.00024584942,0.09443833684653079,0,0,0,0
ERG,rsERG,2025-10-09T00:00:00.000Z,2025-10-09,87422.781431977,60501.091483325916,8256.127126067,5713.667159227863,79166.65430591,54787.42432409805,0,0,0.087716954,0.06068162762621344,0,0,0.0032541255333333333,0.0002458533,0.09443908087602762,0,0,0,0
ERG,rsERG,2025-10-10T00:00:00.000Z,2025-10-10,87422.853147691,59372.86301831405,8256.198841781,5607.162641781562,79166.65430591,53765.700376532484,0,0,0.072462457,0.04923310704593301,0,0,0.00325415118,0.00024585716,0.09443982373613231,0,0,0,0
ERG,rsERG,2025-10-11T00:00:00.000Z,2025-10-11,82577.156303431,51620.3559343313,8256.291647257,5159.462863681928,74320.864656174,46460.89307064938,0,0,0.090958262,0.057139374424828554,0,0,0.0034512675666666668,0.00027696646666666664,0.10015028142054264,0,0,0,0
ERG,rsERG,2025-10-12T00:00:00.000Z,2025-10-12,78384.27917613799,50788.866596913394,8422.856782384,5461.197258453123,69961.422393754,45327.66933846027,0,0,0.100335422,0.06511564447351757,0,0,0.003703485066666667,0.00031849385,0.10745594426342592,3.33,2.156740300382658,1.15939,0.7516646331342681
ERG,rsERG,2025-10-13T00:00:00.000Z,2025-10-13,79807.19663583001,55732.28143216677,8589.442666561,5997.541076645981,71217.753969269,49734.740355520786,0,0,0.088928995,0.062110322732562576,0,0,0.00371143392,0.00031990542,0.10768612489161686,0,0,0,0
ERG,rsERG,2025-10-14T00:00:00.000Z,2025-10-14,83733.62324674,57015.74385955452,8589.525800676,5848.9457679772695,75144.097446064,51166.79809157725,0,0,0.098817358,0.06727749377592743,0,0,0.0035353487333333335,0.0002901551666666667,0.10258616289894247,0,0,0,0
ERG,rsERG,2025-10-15T00:00:00.000Z,2025-10-15,84995.392719283,57330.41134126616,8589.613397027,5793.797188804195,76405.779322256,51536.61415246197,0,0,0.097053754,0.06545258634120818,0,0,0.0034826534833333335,0.0002815649,0.10105975303143117,0,0,0,0
ERG,rsERG,2025-10-16T00:00:00.000Z,2025-10-16,84995.472276569,55276.21181566622,8589.692954313,5586.246677171757,76405.779322256,49689.96513849446,0,0,0.080175582,0.052144018778632006,0,0,0.00348268254,0.00028156956,0.10106059445564693,0,0,0,0
ERG,rsERG,2025-10-17T00:00:00.000Z,2025-10-17,77234.398002605,47205.06836339855,8534.272307609,5211.939985465894,68700.125694996,41993.12837793266,0,0,0.104795096,0.06391521355287712,0,0,0.003817321266666667,0.0003389489666666667,0.11075222312167508,0,0,0,0
ERG,rsERG,2025-10-18T00:00:00.000Z,2025-10-18,74016.82431098899,45413.86495766315,8256.843947854,5066.080513652596,65759.980363135,40347.784444010555,0,0,0.088559315,0.05433217901399267,0,0,0.0038449801,0.00034313712,0.11155360993544478,0,0,0,0
ERG,rsERG,2025-10-19T00:00:00.000Z,2025-10-19,74418.461165788,47177.42648483246,8256.928886377,5233.032235240414,66161.532279411,41944.39424959205,0,0,0.10953502,0.0694375987647226,0,0,0.0038247755333333335,0.00033959113333333334,0.1109685067843289,0,0,0,0
ERG,rsERG,2025-10-20T00:00:00.000Z,2025-10-20,78039.587066764,52441.75799427187,8257.019130885,5548.552220439206,69782.567935879,46893.20577383267,0,0,0.101892388,0.06849237112351508,0,0,0.0036468148166666665,0.00030873665,0.10581471509304963,0,0,0,0
ERG,rsERG,2025-10-21T00:00:00.000Z,2025-10-21,75686.003079001,48599.93047901618,8257.099637955,5300.28266290824,67428.903441046,43299.647816107936,0,0,0.085886221,0.05504533818936796,0,0,0.0037612901,0.00032847336,0.10913002051499396,0,0,0,0
ERG,rsERG,2025-10-22T00:00:00.000Z,2025-10-22,66350.32178418,40534.726802849655,8257.186826993,5036.733184366984,58093.134957187,35497.99361848267,0,0,0.116146626,0.07084882960834295,0,0,0.00430493555,0.00043155275,0.12486863938653635,0,0,0,0
ERG,rsERG,2025-10-23T00:00:00.000Z,2025-10-23,63039.094413773,40751.94289210779,8257.294482032,5334.678686567326,54781.799931741,35417.264205540465,0,0,0.127062748,0.08206800433043966,0,0,0.004518680716666667,0.0004740102,0.13105539209517128,0,0,0,0
ERG,rsERG,2025-10-24T00:00:00.000Z,2025-10-24,66129.026334058,44734.26100639547,8257.391911120001,5585.33456915446,57871.634422938,39148.92643724101,0,0,0.099988289,0.06761306917989146,0,0,0.00430597124,0.00043036262,0.12489948791689134,0,0,0,0
ERG,rsERG,2025-10-25T00:00:00.000Z,2025-10-25,66648.828042387,45452.77584198787,8257.486049143,5631.39173221925,58391.341993244,39821.384109768616,0,0,0.119124106,0.08124232042506364,0,0,0.0042712801166666665,0.0004233537333333333,0.12389544260073632,0,0,0,0
ERG,rsERG,2025-10-26T00:00:00.000Z,2025-10-26,68651.848192466,48215.02288237941,11812.144196577001,8330.560878594422,56839.703995889,39884.46200378499,0,0,0.183962012,0.13030072464998593,0,0,0.00591462666,0.0008540428,0.1713963356050053,59.242279131,41.32695866249505,2.35326,1.5443714903042762
ERG,rsERG,2025-10-27T00:00:00.000Z,2025-10-27,75117.803999353,54275.083640678524,14182.079174534,10248.499498733903,60935.724824819,44026.58414194462,0,0,0.294057653,0.2125694280425084,0,0,0.006516374116666667,0.00098431695,0.18880692380573413,0,0,0,0
ERG,rsERG,2025-10-28T00:00:00.000Z,2025-10-28,75485.66138823901,50350.348509830765,14182.346324449,9459.889425988156,61303.31506379,40890.45908384261,0,0,0.291921974,0.19466705621659336,0,0,0.006484324283333333,0.0009746267833333333,0.18788132823589912,0,0,0,0
ERG,rsERG,2025-10-29T00:00:00.000Z,2025-10-29,76951.914285234,47793.07539309546,14182.589850682,8809.381347105382,62769.324434552,38983.69404599008,0,0,0.238302029,0.1481478857516643,0,0,0.00636134412,0.00093819136,0.18432921095806157,0,0,0,0
ERG,rsERG,2025-10-30T00:00:00.000Z,2025-10-30,78397.340455806,47925.816577163416,14182.827087372,8668.947610291374,64214.513368434,39256.86896687204,0,0,0.281023596,0.17170153261572887,0,0,0.0062434877,0.0009037575666666666,0.18092478323239752,0,0,0,0
ERG,rsERG,2025-10-31T00:00:00.000Z,2025-10-31,77573.483540537,48782.290545330136,14183.085533538,8919.07084804936,63390.398006999,39863.21969728077,0,0,0.284085563,0.17869621173163155,0,0,0.006309584916666667,0.0009228863,0.18283419650826244,0,0,0,0
ERG,rsERG,2025-11-01T00:00:00.000Z,2025-11-01,77573.721943709,48336.980440453844,14183.32393671,8837.774399132486,63390.398006999,39499.206041321355,0,0,0.240859221,0.15009134291500856,0,0,0.00630967186,0.00092291172,0.1828367078604519,0,0,0,0
ERG,rsERG,2025-11-02T00:00:00.000Z,2025-11-02,77573.96053917799,48127.61375686669,14183.562532179,8799.615164832252,63390.398006999,39327.99859203444,0,0,0.284095175,0.17625429090167216,0,0,0.006309758866666667,0.0009229371,0.18283922122239166,0,0,0,0
ERG,rsERG,2025-11-03T00:00:00.000Z,2025-11-03,75752.092386914,44609.17878610845,14183.801785874999,8347.050130510708,61568.290601039,36262.12865559774,0,0,0.236211996,0.13901564178194484,0,0,0.00646985564,0.00097148702,0.18746270731372813,0,0,0,0
ERG,rsERG,2025-11-04T00:00:00.000Z,2025-11-04,66818.913034421,37388.41062044383,14184.059971879,7934.09598271659,52634.853062542,29454.31463772724,3000,1652.913324138178,0.325864177,0.1822477126374875,7.253844995,3.996659014489511,0.00734350585,0.0012518034166666666,0.212683551359763,0,0,0,0
ERG,rsERG,2025-11-05T00:00:00.000Z,2025-11-05,73381.388156929,43413.629816584784,11184.300419685,6612.64433051149,62197.087737244,36800.985486073296,0,0,0.206803246,0.12181523244489366,0,0,0.005260046166666667,0.000642103,0.15250087311172755,0,0,0,0
ERG,rsERG,2025-11-06T00:00:00.000Z,2025-11-06,75166.260333923,48060.345433237664,11184.454723225,7150.447754660863,63981.805610698,40909.8976785768,0,0,0.157696051,0.10079750619677673,0,0,0.00513245322,0.0006110767,0.14881129893116962,0,0,0,0
ERG,rsERG,2025-11-07T00:00:00.000Z,2025-11-07,73664.19363023901,45671.75190593483,11184.609184807001,6934.450650889824,62479.584445432,38737.301255045,0,0,0.190609942,0.11823404975038311,0,0,0.00523692,0.0006361071833333333,0.15183237110992118,0,0,0,0
ERG,rsERG,2025-11-08T00:00:00.000Z,2025-11-08,74673.286002268,48412.208046577834,11184.778733361,7251.122517278533,63488.507268907,41161.0855292993,0,0,0.188334389,0.12206975977555004,0,0,0.005166789966666667,0.0006192943166666667,0.14980428762754197,0,0,0,0
ERG,rsERG,2025-11-09T00:00:00.000Z,2025-11-09,74517.320267184,47622.82566977904,11184.932297843001,7148.111104870797,63332.387969341,40474.714564908245,0,0,0.155562039,0.09942537231744597,0,0,0.0051769591,0.00062164272,0.15009842353054523,0,0,0,0
ERG,rsERG,2025-11-10T00:00:00.000Z,2025-11-10,75750.82531783699,47531.17099581643,11185.086079993,7019.409814106569,64565.739237844,40511.76118170986,0,0,0.186010966,0.11672603433073155,0,0,0.005093198816666667,0.0006017959166666666,0.1476760236885624,0,0,0,0
ERG,rsERG,2025-11-11T00:00:00.000Z,2025-11-11,76669.002014995,48082.323719325475,11185.251480467,7014.546842083963,65483.750534528,41067.776877241515,0,0,0.182846297,0.11468193873040829,0,0,0.005031611383333333,0.00058728775,0.14589482262916073,0,0,0,0
ERG,rsERG,2025-11-12T00:00:00.000Z,2025-11-12,76017.638573309,46321.041654276174,11185.402188363001,6815.77959510872,64832.236384946,39505.26205916746,0,0,0.156732884,0.09551709446056507,0,0,0.00507473924,0.00059736662,0.14714219486783103,0,0,0,0
ERG,rsERG,2025-11-13T00:00:00.000Z,2025-11-13,73517.76093581799,43016.80988335872,11185.553603412,6539.081684265194,62332.207332406,36477.72819909353,0,0,0.186569651,0.10900817096641396,0,0,0.005265424083333334,0.0006453614333333333,0.1526551689197686,0,0,0,0
ERG,rsERG,2025-11-14T00:00:00.000Z,2025-11-14,64629.482378258,35500.884416140645,11185.719900409,6143.706602390545,53443.762477849,29357.1778137501,0,0,0.179611253,0.09858786538202334,0,0,0.00597273058,0.00082724742,0.1731020161267502,0,0,0,0
ERG,rsERG,2025-11-15T00:00:00.000Z,2025-11-15,65076.157419195,33903.24920460567,11185.897914506,5827.607185461147,53890.259504689,28075.64201914452,0,0,0.215972608,0.11253083652034242,0,0,0.005930761683333333,0.0008155477666666667,0.17188934255003238,0,0,0,0
ERG,rsERG,2025-11-16T00:00:00.000Z,2025-11-16,61704.206025086,31817.24768761366,11186.092819013,5767.156655636733,50518.113206073,26050.09103197693,0,0,0.223864224,0.11542602589057704,0,0,0.006269943016666666,0.0009133806333333334,0.1816877990004112,0,0,0,0
ERG,rsERG,2025-11-17T00:00:00.000Z,2025-11-17,57418.314232879005,29433.05111659779,11186.287318556,5733.620511664277,46232.026914323,23699.430604933514,0,0,0.205087156,0.10510329393876758,0,0,0.00672768676,0.0010495184,0.19490879169588682,0,0,0,0
ERG,rsERG,2025-11-18T00:00:00.000Z,2025-11-18,55146.243977695,27737.22303795926,11186.491182779,5626.017712467355,43959.752794916,22111.205325491905,0,0,0.256238443,0.12894977963904794,0,0,0.0070472291,0.0011582502833333333,0.20412958878804993,0,0,0,0
ERG,rsERG,2025-11-19T00:00:00.000Z,2025-11-19,53393.142860266,26452.504116427,11186.722159703,5538.208345391803,42206.420700563,20914.2957710352,0,0,0.259361462,0.12819090877093556,0,0,0.0072418120833333335,0.0012165452333333334,0.2097494561812195,0,0,0,0
ERG,rsERG,2025-11-20T00:00:00.000Z,2025-11-20,52067.835471212005,24862.272480976513,11186.942640532001,5344.948822644785,40880.89283068,19517.323658331727,0,0,0.22513319,0.10758696818254777,0,0,0.00742297386,0.00127735272,0.214977628985377,0,0,0,0
ERG,rsERG,2025-11-21T00:00:00.000Z,2025-11-21,64867.231720858006,29216.085436441157,11187.141389141001,5037.934580686642,53680.090331717,24178.150855754513,0,0,0.213867758,0.09621998789424417,0,0,0.00595982282,0.0008247444,0.17272836807485833,0,0,0,0
ERG,rsERG,2025-11-22T00:00:00.000Z,2025-11-22,70814.078842437,33397.12427458268,11187.320039595,5272.864458707261,59626.758802842,28124.259815875423,0,0,0.199483897,0.09383088711248035,0,0,0.00545065535,0.0006891489166666667,0.1580122387078458,0,0,0,0
ERG,rsERG,2025-11-23T00:00:00.000Z,2025-11-23,86405.265110607,47735.86431541884,11187.471389516,6180.684536826018,75217.793721091,41555.17977859282,0,0,0.143225688,0.07913382318013829,0,0,0.0044641232,0.00046240008,0.12947673240956897,0,0,0,0
ERG,rsERG,2025-11-24T00:00:00.000Z,2025-11-24,85147.279974256,52048.95111794046,11187.604269748,6836.946160947708,73959.675704508,45212.00495699275,0,0,0.162837012,0.09950886411976864,0,0,0.0045337212166666665,0.0004772910833333333,0.1314905487694833,0,0,0,0
ERG,rsERG,2025-11-25T00:00:00.000Z,2025-11-25,81117.440745636,51085.55542884268,11187.757186528,7045.330474555517,69929.683559108,44040.224954287165,0,0,0.174009024,0.10962562571538445,0,0,0.004757312283333333,0.0005252047333333333,0.13796010377794676,0,0,0,0
ERG,rsERG,2025-11-26T00:00:00.000Z,2025-11-26,83073.30113485301,50732.841386967004,11187.896948399,6832.445393663215,71885.404186454,43900.39599330379,0,0,0.139424356,0.08514907003811384,0,0,0.00464376558,0.0005003193,0.1346750014210289,0,0,0,0
ERG,rsERG,2025-11-27T00:00:00.000Z,2025-11-27,83073.43936017601,50501.87538143904,11188.035173722,6801.412720447921,71885.404186454,43700.462660991114,0,0,0.168778929,0.10261077658228654,0,0,0.00464381535,0.0005003300333333334,0.13467644122926056,0,0,0,0
ERG,rsERG,2025-11-28T00:00:00.000Z,2025-11-28,82712.06725684399,49363.19729799404,10911.189463711,6513.043133908652,71800.877793133,42850.15416408539,0,0,0.166940351,0.09966745349495615,0,0,0.004547896433333334,0.0004803484,0.1319006935311016,0,0,0,0
ERG,rsERG,2025-11-29T00:00:00.000Z,2025-11-29,80910.78126864601,45275.15229252957,10357.324200764,5795.635584965064,70553.457067882,39479.51670756451,0,0,0.136261344,0.07625715867854384,0,0,0.00441341378,0.00045196606,0.12800919776517777,0,0,0,0
ERG,rsERG,2025-11-30T00:00:00.000Z,2025-11-30,80910.902925345,44233.14778460533,10357.445857463,5662.307701260188,70553.457067882,38570.840083345145,0,0,0.160720415,0.08786444633743648,0,0,0.004413459083333333,0.0004519753,0.12801050888041124,0,0,0,0
ERG,rsERG,2025-12-01T00:00:00.000Z,2025-12-01,73710.992114796,37451.97048336146,10357.572079088,5257.03969909499,63353.420035708,32194.93078426647,0,0,0.142851786,0.07247749336473605,0,0,0.00485650142,0.00054828458,0.14082897888815002,0,0,0,0
ERG,rsERG,2025-12-02T00:00:00.000Z,2025-12-02,73600.715586854,38247.15538760521,10357.708456272001,5376.519665284415,63243.007130582,32870.635722320796,0,0,0.179046045,0.09290722289053135,0,0,0.004858027916666667,0.0005480465666666667,0.14087350102428292,0,0,0,0
ERG,rsERG,2025-12-03T00:00:00.000Z,2025-12-03,76980.050722341,40897.678204486685,10357.850885924001,5502.880782544879,66622.199836417,35394.7974219418,0,0,0.168791792,0.08967617726970177,0,0,0.004639528483333333,0.00049940775,0.1345524040152386,0,0,0,0
ERG,rsERG,2025-12-04T00:00:00.000Z,2025-12-04,76980.178894807,39659.521545968724,10357.979058390001,5336.340996125563,66622.199836417,34323.180549843164,0,0,0.143107864,0.0737244474059913,0,0,0.00463957828,0.00049941848,0.13455384499082787,0,0,0,0
ERG,rsERG,2025-12-05T00:00:00.000Z,2025-12-05,76980.306664253,39285.417609752374,10358.106827836,5286.060354304949,66622.199836417,33999.35725544742,0,0,0.168795994,0.0860920100676952,0,0,0.0046396279166666665,0.00049942915,0.13455528143054066,0,0,0,0
ERG,rsERG,2025-12-06T00:00:00.000Z,2025-12-06,76980.446271597,40097.91210887971,10358.24643518,5395.448956790441,66622.199836417,34702.46315208927,0,0,0.168798268,0.08793776693172863,0,0,0.004639682166666667,0.0004994408166666667,0.1345568509516904,0,0,0,0
ERG,rsERG,2025-12-07T00:00:00.000Z,2025-12-07,76980.57404429,41026.310591151276,10358.374207873001,5520.430137146685,66622.199836417,35505.88045400459,0,0,0.139443768,0.074355375528114,0,0,0.0046397318,0.0004994515,0.1345582874180891,0,0,0,0
ERG,rsERG,2025-12-08T00:00:00.000Z,2025-12-08,76980.702223279,40802.39850647817,10358.502386862001,5490.35962348278,66622.199836417,35312.03888299539,0,0,0.16880243,0.08946606839914009,0,0,0.0046397816166666665,0.0004994622000000001,0.13455972844727165,0,0,0,0
ERG,rsERG,2025-12-09T00:00:00.000Z,2025-12-09,76980.830201469,40332.10956832215,10358.630365052,5427.135791461685,66622.199836417,34904.97377686047,0,0,0.139447199,0.07303322796340816,0,0,0.00463983134,0.0004994729,0.13456116721436323,0,0,0,0
ERG,rsERG,2025-12-10T00:00:00.000Z,2025-12-10,76980.958181289,39360.16779853258,10358.758344872,5296.406653871254,66622.199836417,34063.76114466133,0,0,0.168806579,0.08633026425617542,0,0,0.0046398810833333335,0.0004994836,0.13456260599483916,0,0,0,0
ERG,rsERG,2025-12-11T00:00:00.000Z,2025-12-11,66011.056740792,32949.84385218855,9809.135113036,4893.726208645888,56201.921627756,28056.117643542657,63.934445832,31.34311383910435,0.189650289,0.09445376919038095,3.005017639,1.473174729553251,0.005141193216666667,0.0006174295166666667,0.14906139566410237,0,0,0,0
ERG,rsERG,2025-12-12T00:00:00.000Z,2025-12-12,62911.508619329004,30755.38139810667,8709.7185317,4257.896799240578,54201.790087629,26497.484598866093,0,0,0.143002578,0.06991674011461127,0,0,0.00477403386,0.00052874892,0.13844396236609133,0,0,0,0
ERG,rsERG,2025-12-13T00:00:00.000Z,2025-12-13,62911.61970774,30398.16060650143,8709.829620111,4208.487990376786,54201.790087629,26189.672616124644,0,0,0.173110577,0.0836436801635,0,0,0.00477408645,0.00052876055,0.1384454836889749,0,0,0,0
ERG,rsERG,2025-12-14T00:00:00.000Z,2025-12-14,62911.74070539,30015.401143237505,8709.950617761,4155.546419796084,54201.790087629,25859.85472344142,0,0,0.173112983,0.08258828923778,0,0,0.004774143733333333,0.0005287732333333333,0.13844714070991876,0,0,0,0
ERG,rsERG,2025-12-15T00:00:00.000Z,2025-12-15,63111.851621357,29145.140736396006,8710.061533728,4022.5152309668306,54401.790087629,25122.625505429176,0,0,0.143008192,0.06603884612172,0,0,0.0047592212,0.00052549746,0.13801540945379145,0,0,0,0
ERG,rsERG,2025-12-16T00:00:00.000Z,2025-12-16,63911.961355649,28167.599138225494,8710.17126802,3838.7902018552054,55201.790087629,24328.80893637029,0,0,0.170251176,0.07501470288908,0,0,0.00469937255,0.0005123590666666666,0.13628389871397104,0,0,0,0
ERG,rsERG,2025-12-17T00:00:00.000Z,2025-12-17,63912.080354683,29395.083205528543,8710.290267054,4006.123890525335,55201.790087629,25388.95931500321,0,0,0.170253501,0.07828059996727,0,0,0.004699428133333333,0.0005123711666666667,0.13628550688227017,0,0,0,0
ERG,rsERG,2025-12-18T00:00:00.000Z,2025-12-18,63930.981098485,29696.12920170985,8710.399523376,4046.0327170563637,55220.581575109,25650.096484653484,0,0,0.144347179,0.06704767101947,0,0,0.00469809622,0.00051208128,0.13624697091520935,0,0,0,0
ERG,rsERG,2025-12-19T00:00:00.000Z,2025-12-19,64006.255730374,30916.408550815628,8710.508205345,4207.36442169691,55295.747525029,26709.044129118716,0,0,0.169684536,0.08207368418396,0,0,0.004692615133333333,0.0005108883333333333,0.13608838864160605,0,0,0,0
ERG,rsERG,2025-12-20T00:00:00.000Z,2025-12-20,64006.364277772,31445.81478148837,8710.616752743,4279.456388421824,55295.747525029,27166.358393066545,0,0,0.14017593,0.06887171845215,0,0,0.00469266578,0.00051089938,0.13608985373596208,0,0,0,0
ERG,rsERG,2025-12-21T00:00:00.000Z,2025-12-21,64006.473170346,31235.15869290484,8710.725645317001,4250.833900690687,55295.747525029,26984.324792214153,0,0,0.169688756,0.08282090912487,0,0,0.004692716566666666,0.0005109104,0.13609132348410197,0,0,0,0
ERG,rsERG,2025-12-22T00:00:00.000Z,2025-12-22,63895.05073709,30107.485610353295,8710.844795655,4104.549905351884,55184.205941435,26002.93570500141,0,0,0.170077411,0.08013997358239,0,0,0.004700986416666666,0.0005127109333333334,0.13633059226669886,0,0,0,0
ERG,rsERG,2025-12-23T00:00:00.000Z,2025-12-23,63872.852104676,29334.37366793057,8710.95447996,4000.61024100825,55161.897624716,25333.76342692232,0,0,0.14435638,0.06629536908643,0,0,0.00470268054,0.00051307978,0.1363796071869978,0,0,0,0
ERG,rsERG,2025-12-24T00:00:00.000Z,2025-12-24,63872.961024412005,28250.052503061248,8711.063399696,3852.7726121137366,55161.897624716,24397.279890947513,0,0,0.17026865,0.0752906119603,0,0,0.0047027314333333336,0.0005130908666666667,0.1363810798805949,0,0,0,0
ERG,rsERG,2025-12-25T00:00:00.000Z,2025-12-25,63873.080035634004,27885.283330001483,8711.182410918,3803.069810987132,55161.897624716,24082.21351901435,0,0,0.170270973,0.07432527600585,0,0,0.004702787066666667,0.000513103,0.1363826890145631,0,0,0,0
ERG,rsERG,2025-12-26T00:00:00.000Z,2025-12-26,63873.188958178005,27653.897177678118,8711.291333462,3771.553601057328,55161.897624716,23882.34357662079,0,0,0.140660389,0.06090295039,0,0,0.00470283796,0.0005131140800000001,0.13638416173576823,0,0,0,0
ERG,rsERG,2025-12-27T00:00:00.000Z,2025-12-27,63873.298227096006,27066.735810925456,8711.400602380001,3691.513946467892,55161.897624716,23375.221864457566,0,0,0.170275218,0.0721454962056,0,0,0.0047028890333333335,0.0005131252333333334,0.13638563913502183,0,0,0,0
ERG,rsERG,2025-12-28T00:00:00.000Z,2025-12-28,63873.407324856,29513.34681784676,8711.50970014,4025.2404013704854,55161.897624716,25488.106416476276,0,0,0.140663891,0.06495014892862,0,0,0.00470294,0.00051313632,0.1363871142152037,0,0,0,0
ERG,rsERG,2025-12-29T00:00:00.000Z,2025-12-29,63873.516855251,30951.615735473857,8711.619230535,4221.447257481062,55161.897624716,26730.168477992796,0,0,0.17398122,0.0842507730851,0,0,0.0047029912,0.0005131475,0.13638859513968862,0,0,0,0
ERG,rsERG,2025-12-30T00:00:00.000Z,2025-12-30,63873.636305297005,30971.048982463388,8711.738680581,4224.148062191096,55161.897624716,26746.900920272292,0,0,0.170281848,0.0826019886958,0,0,0.004703047,0.00051315965,0.13639021017882091,0,0,0,0
ERG,rsERG,2025-12-31T00:00:00.000Z,2025-12-31,62663.077306703,30505.64825625992,8711.847819165001,4239.34164477405,53951.229487538,26266.30661148587,0,0,0.142165063,0.06908406625988,0,0,0.00479690596,0.0005341262,0.13910546414798547,0,0,0,0
ERG,rsERG,2026-01-01T00:00:00.000Z,2026-01-01,60847.18871974,28682.046551854506,8711.96143797,4106.6300078192335,52135.22728177,24575.416544035274,0,0,0.178886474,0.08432090369171,0,0,0.0049376726,0.0005655717333333334,0.14317771488308487,0,0,0,0
ERG,rsERG,2026-01-02T00:00:00.000Z,2026-01-02,60847.313754554,29513.989677991325,8712.086472784,4225.797684968787,52135.22728177,25288.191993022538,0,0,0.178889042,0.08675702719848,0,0,0.00493773345,0.0005655856833333333,0.14317947556254176,0,0,0,0
ERG,rsERG,2026-01-03T00:00:00.000Z,2026-01-03,60847.428371354,29786.154750672453,8712.201089584,4264.814021245837,52135.22728177,25521.340729426614,0,0,0.147779842,0.07233617011912,0,0,0.00493778926,0.00056559844,0.1431810895343174,0,0,0,0
ERG,rsERG,2026-01-04T00:00:00.000Z,2026-01-04,60847.542989707,29800.287036213114,8712.315707937001,4266.88569087532,52135.22728177,25533.401345337796,0,0,0.178893733,0.08760099498762,0,0,0.00493784505,0.0005656112,0.14318270352170595,0,0,0,0
ERG,rsERG,2026-01-05T00:00:00.000Z,2026-01-05,60847.657790743004,29972.5827429554,8712.430508973,4291.603947592008,52135.22728177,25680.978795363393,0,0,0.151672782,0.07474038146189,0,0,0.00493790096,0.0005656239999999999,0.14318432007560267,0,0,0,0
ERG,rsERG,2026-01-06T00:00:00.000Z,2026-01-06,60847.773136997,29953.026100423114,8712.545855227001,4288.8522266535465,52135.22728177,25664.173873769567,0,0,0.178898479,0.08808498060508,0,0,0.0049379571,0.0005656368333333333,0.14318594430059095,0,0,0,0
ERG,rsERG,2026-01-07T00:00:00.000Z,2026-01-07,60847.898180199,28560.27911949802,8712.670898429,4089.480598208164,52135.22728177,24470.798521289857,0,0,0.178901043,0.08398014985216,0,0,0.00493801795,0.0005656507666666667,0.14318770506434245,0,0,0,0
ERG,rsERG,2026-01-08T00:00:00.000Z,2026-01-08,60848.012804688,27597.494464028827,8712.785522918,3951.666400836605,52135.22728177,23645.82806319222,0,0,0.147789757,0.0670186480558,0,0,0.00493807378,0.00056566354,0.14318931911338773,0,0,0,0
ERG,rsERG,2026-01-09T00:00:00.000Z,2026-01-09,60848.127430731,27696.343628959876,8712.900148961,3965.865335071154,52135.22728177,23730.478293888722,0,0,0.17890573,0.08140879782734,0,0,0.004938129566666667,0.0005656763,0.14319093317805093,0,0,0,0
ERG,rsERG,2026-01-10T00:00:00.000Z,2026-01-10,60848.252479018,27445.70569576463,8713.025197248,3930.0245382768044,52135.22728177,23515.681157487827,0,0,0.1789083,0.08071879658563,0,0,0.00493819045,0.0005656902333333333,0.14319269399288614,0,0,0,0
ERG,rsERG,2026-01-11T00:00:00.000Z,2026-01-11,60848.367289401,27589.37995796109,8713.140007631,3950.6422856791905,52135.22728177,23638.7376722819,0,0,0.151685131,0.0687758283718,0,0,0.00493824634,0.00056570302,0.14319431064070964,0,0,0,0
ERG,rsERG,2026-01-12T00:00:00.000Z,2026-01-12,60848.481738873,26966.728644339062,8713.254457103001,3861.525509649704,52135.22728177,23105.203134689356,0,0,0.178913046,0.07928609276836,0,0,0.00493830205,0.0005657157833333334,0.14319592220027735,0,0,0,0
ERG,rsERG,2026-01-13T00:00:00.000Z,2026-01-13,60848.606792245,27359.663477744743,8713.379510475,3917.8405589060917,52135.22728177,23441.82291883865,0,0,0.17891561,0.08046239827561,0,0,0.004938362916666667,0.0005657297,0.14319768306622,0,0,0,0
ERG,rsERG,2026-01-14T00:00:00.000Z,2026-01-14,60848.721244817,29841.06515468905,8713.493963047,4273.219802527095,52135.22728177,25567.845352161956,0,0,0.147801796,0.07253222060403999,0,0,0.00493841864,0.00056574246,0.1431992946569388,0,0,0,0
ERG,rsERG,2026-01-15T00:00:00.000Z,2026-01-15,60848.83651453,30135.893138236603,8713.60923276,4315.487366712662,52135.22728177,25820.40577152394,0,0,0.178920298,0.08862909853671,0,0,0.00493847475,0.0005657552833333334,0.14320091774739782,0,0,0,0
ERG,rsERG,2026-01-16T00:00:00.000Z,2026-01-16,60848.95178572,29433.002862107445,8713.72450395,4214.880614551607,52135.22728177,25218.12224755584,0,0,0.151695307,0.07336416423381,0,0,0.00493853086,0.00056576814,0.14320254085269105,0,0,0,0
ERG,rsERG,2026-01-17T00:00:00.000Z,2026-01-17,60849.066242869,28969.226283084357,8713.838961099,4148.513494688355,52135.22728177,24820.712788396002,0,0,0.178925051,0.08517427548723,0,0,0.004938586583333333,0.0005657808833333333,0.14320415248939453,0,0,0,0
ERG,rsERG,2026-01-18T00:00:00.000Z,2026-01-18,60849.191304631,28624.169410385548,8713.964022861,4099.150252722655,52135.22728177,24525.019157662893,0,0,0.178927616,0.08416000275195,0,0,0.00493864745,0.0005657948166666667,0.14320591343963296,0,0,0,0
ERG,rsERG,2026-01-19T00:00:00.000Z,2026-01-19,60849.30576488,27518.0032830436,8714.07848311,3940.785178954189,52135.22728177,23577.21810408941,0,0,0.14781171,0.06685391452732,0,0,0.00493870318,0.00056580756,0.1432075251074887,0,0,0,0
ERG,rsERG,2026-01-20T00:00:00.000Z,2026-01-20,60849.420589187,26954.467675380467,8714.193307417001,3860.1260463748094,52135.22728177,23094.341629005656,0,0,0.178932306,0.07926370176418,0,0,0.00493875905,0.0005658203666666666,0.14320914189522863,0,0,0,0
ERG,rsERG,2026-01-21T00:00:00.000Z,2026-01-21,60849.546109179,26405.15363731214,8714.318827409,3781.5062186154005,52135.22728177,22623.647418696743,0,0,0.178934875,0.07760744306558,0,0,0.004938820183333333,0.00056583435,0.14321090927703906,0,0,0,0
ERG,rsERG,2026-01-22T00:00:00.000Z,2026-01-22,60849.661389757,26951.045159611414,8714.434107987001,3859.727373788096,52135.22728177,23091.317785823318,0,0,0.151707662,0.06718914396097,0,0,0.00493887628,0.00056584718,0.14321253247666232,0,0,0,0
ERG,rsERG,2026-01-23T00:00:00.000Z,2026-01-23,60849.775856227,26488.6173707476,8714.548574457,3793.5446906748343,52135.22728177,22695.072680072768,0,0,0.178939622,0.0779039323632,0,0,0.004938932,0.0005658599333333333,0.1432141442070289,0,0,0,0
ERG,rsERG,2026-01-24T00:00:00.000Z,2026-01-24,60849.890324153996,26405.201420896206,8714.663042384,3781.640894244936,52135.22728177,22623.560526651272,0,0,0.147821625,0.06414851700296,0,0,0.00493898774,0.0005658727,0.14321575595202424,0,0,0,0
ERG,rsERG,2026-01-25T00:00:00.000Z,2026-01-25,60850.005609333,26217.32627502116,8714.778327563,3754.7767086250897,52135.22728177,22462.549566396072,0,0,0.178944312,0.0771094758264,0,0,0.0049390438333333335,0.0005658855333333334,0.14321737919788158,0,0,0,0
ERG,rsERG,2026-01-26T00:00:00.000Z,2026-01-26,60850.131137748,25936.861271704114,8714.903855978,3714.6551030769974,52135.22728177,22222.206168627115,0,0,0.17894688,0.07628209760027,0,0,0.00493910495,0.0005658995166666667,0.14321914666432142,0,0,0,0
ERG,rsERG,2026-01-27T00:00:00.000Z,2026-01-27,60850.245972887,25972.832287250567,8715.018691117,3719.848956118111,52135.22728177,22252.983331132455,0,0,0.151717837,0.06476846304707,0,0,0.00493916086,0.0005659123,0.14322076356088673,0,0,0,0
ERG,rsERG,2026-01-28T00:00:00.000Z,2026-01-28,60648.199270948004,26073.87378710258,8715.133335211,3746.8100800105294,51933.065935737,22327.063707092053,0,0,0.179437908,0.07713744042677,0,0,0.004955721483333333,0.0005697089,0.14369978729719143,0,0,0,0
ERG,rsERG,2026-01-29T00:00:00.000Z,2026-01-29,60648.325206832,25303.49186973806,8715.259271095001,3636.1512102496563,51933.065935737,21667.340659488404,0,0,0.125481993,0.05235986821626,0,0,0.004955782966666667,0.000569723,0.1437015653994515,0,0,0,0
ERG,rsERG,2026-01-30T00:00:00.000Z,2026-01-30,50151.868193037,19466.04642815899,8715.383380008001,3382.8063398602844,41436.484813029,16083.240088298704,0,0,0.120916897,0.04692700225406,0,0,0.00599618524,0.00083361286,0.17377983500916885,0,0,0,0
ERG,rsERG,2026-01-31T00:00:00.000Z,2026-01-31,50336.140140043004,18852.082923989277,8715.522622271,3264.964800234835,41620.617517772,15587.11812375444,0,0,0.15170191,0.05687712207762,0,0,0.0059744247,0.0008276043,0.17315103791237887,0,0,0,0
ERG,rsERG,2026-02-01T00:00:00.000Z,2026-02-01,50704.544035688,18124.74481484873,8715.66110843,3115.48270143694,41988.882927258,15009.26211341179,0,0,0.127466157,0.04556078282275,0,0,0.00593082336,0.00081556472,0.17189112483242167,0,0,0,0
ERG,rsERG,2026-02-02T00:00:00.000Z,2026-02-02,50704.681635107,17864.949690987738,8715.798707849,3070.8666062838365,41988.882927258,14794.083084703901,0,0,0.150347098,0.05297794100281,0,0,0.00593090115,0.0008155860833333334,0.17189337210597846,0,0,0,0
ERG,rsERG,2026-02-03T00:00:00.000Z,2026-02-03,50704.831983710996,18491.12270356004,8715.949056453,3178.546896176046,41988.882927258,15312.575807383993,0,0,0.150349691,0.05484792778716,0,0,0.005930986133333333,0.0008156094,0.1718958275854699,0,0,0,0
ERG,rsERG,2026-02-04T00:00:00.000Z,2026-02-04,50704.970895014994,18425.07086553394,8716.087967757001,3167.2345651927812,41988.882927258,15257.836300341158,0,0,0.124203877,0.04514068906459,0,0,0.00593106462,0.00081563098,0.17189809625930405,0,0,0,0
ERG,rsERG,2026-02-05T00:00:00.000Z,2026-02-05,50704.920672904,18243.6310463352,7992.459295243,2878.25614615188,42712.461377661,15365.37490018332,0,0,0,0,0,0,0.00543792105,0.0007138886,0.157626649394756,0,0,0,0
ERG,rsERG,2026-02-06T00:00:00.000Z,2026-02-06,50704.064338347,19056.024180374818,4373.710708674001,1643.7645929908645,46330.353629673,17412.259587383953,0,0,0.037823783,0.01419996243413,0,0,0.0029718624333333332,0.00020508126666666666,0.08625956845365028,0,0,0,0
ERG,rsERG,2026-02-07T00:00:00.000Z,2026-02-07,50704.099065133,20369.154870747298,4373.74543546,1757.0472285132832,46330.353629673,18612.107642234016,0,0,0.032068244,0.01288636049637,0,0,0.00297188402,0.00020508422,0.08626019426635576,0,0,0,0
ERG,rsERG,2026-02-08T00:00:00.000Z,2026-02-08,50704.133682567,20339.87871632336,4373.780052894001,1754.5345750360846,46330.353629673,18585.344141287278,0,0,0.037824384,0.01517257734737,0,0,0.00297190555,0.00020508721666666666,0.08626081810752541,0,0,0,0
ERG,rsERG,2026-02-09T00:00:00.000Z,2026-02-09,50704.168300265,19856.86776403001,4373.814670592,1712.882014870206,46330.353629673,18143.9857491598,0,0,0.031246478,0.0122344924517,0,0,0.0029719271,0.00020509018,0.08626144195264702,0,0,0,0
ERG,rsERG,2026-02-10T00:00:00.000Z,2026-02-10,50704.203027884,19271.399939226965,4373.849398211,1662.3907834289998,46330.353629673,17609.009155797965,0,0,0.037824983,0.01437617394671,0,0,0.0029719486666666666,0.00020509313333333333,0.08626206777776586,0,0,0,0
ERG,rsERG,2026-02-11T00:00:00.000Z,2026-02-11,50704.240990116,18696.766226830667,4373.887360443,1612.834412168997,46330.353629673,17083.93181466167,0,0,0.03782531,0.0139459442495,0,0,0.002971972266666667,0.00020509641666666668,0.08626275189274997,0,0,0,0
ERG,rsERG,2026-02-12T00:00:00.000Z,2026-02-12,50704.275855353,18339.93938774361,4373.92222568,1582.0651584763655,46330.353629673,16757.874229267243,0,0,0.032069543,0.01159679896715,0,0,0.00297199394,0.0002050994,0.08626338019610241,0,0,0,0
ERG,rsERG,2026-02-13T00:00:00.000Z,2026-02-13,50704.310474185004,18397.214008173592,4373.956844512,1587.01736620724,46330.353629673,16810.19664196635,0,0,0.037825915,0.01372553640377,0,0,0.002972015483333333,0.00020510236666666668,0.08626400405813779,0,0,0,0
ERG,rsERG,2026-02-14T00:00:00.000Z,2026-02-14,50704.348300297,18756.975054888582,4373.994670624001,1618.0645539196996,46330.353629673,17138.910500968883,0,0,0.037826241,0.0139945332373,0,0,0.002972039,0.00020510561666666667,0.08626468571723173,0,0,0,0
ERG,rsERG,2026-02-15T00:00:00.000Z,2026-02-15,50704.382919696,16626.981217265267,4374.029290023001,1434.331655022898,46330.353629673,15192.649562242368,0,0,0.031248014,0.01025358327644,0,0,0.0029720605,0.00020510858,0.08626530958770642,0,0,0,0
ERG,rsERG,2026-02-16T00:00:00.000Z,2026-02-16,50704.417649019,16705.66899096911,4374.064019346,1441.130163344694,46330.353629673,15264.538827624414,0,0,0.037826839,0.01246595814801,0,0,0.002972082116666667,0.00020511153333333334,0.08626593543823598,0,0,0,0
ERG,rsERG,2026-02-17T00:00:00.000Z,2026-02-17,50704.455476057,16573.004793809043,4374.101846384,1429.6970581822718,46330.353629673,15143.30773562677,0,0,0.037827162,0.01236386545683,0,0,0.0029721056333333333,0.00020511481666666667,0.08626661711113849,0,0,0,0
ERG,rsERG,2026-02-18T00:00:00.000Z,2026-02-18,50704.490151125,16686.949104546624,4374.136521452,1439.537064313982,46330.353629673,15247.412040232643,0,0,0.031248776,0.01028699828932,0,0,0.0029721272,0.00020511776,0.08626724198218844,0,0,0,0
ERG,rsERG,2026-02-19T00:00:00.000Z,2026-02-19,50704.524826477005,15934.234927675432,4374.171196804,1374.6124305264939,46330.353629673,14559.622497148937,0,0,0.037827765,0.01189230071564,0,0,0.0029721487666666668,0.00020512076666666666,0.08626786685747559,0,0,0,0
ERG,rsERG,2026-02-20T00:00:00.000Z,2026-02-20,50704.559556919005,16235.802846481232,4374.205927246,1400.638292845419,46330.353629673,14835.164553635814,0,0,0.032071619,0.01026472769766,0,0,0.00297217036,0.00020512372,0.08626849272469478,0,0,0,0
ERG,rsERG,2026-02-21T00:00:00.000Z,2026-02-21,50704.594315057,15404.478304265791,4374.240685384,1328.9307852908885,46330.353629673,14075.547518974903,0,0,0.037828368,0.01148977481104,0,0,0.0029721919833333335,0.0002051267,0.08626911909012559,0,0,0,0
ERG,rsERG,2026-02-22T00:00:00.000Z,2026-02-22,50704.632280684,15392.912252582442,4374.278651011,1327.9434976863147,46330.353629673,14064.968754896128,0,0,0.037828696,0.01148384625221,0,0,0.0029722155666666666,0.00020512995,0.08626980325573967,0,0,0,0
ERG,rsERG,2026-02-23T00:00:00.000Z,2026-02-23,50706.010957155,14696.225328914474,4374.313327482,1267.815987079088,46331.697629673,13428.409341835386,0,0,0.046384057,0.01345187240765,0,0,0.00297215822,0.00020512208,0.08626814152442591,35,10.00685,1.17663,0.3139013514
ERG,rsERG,2026-02-24T00:00:00.000Z,2026-02-24,50706.941633908,15078.469722639818,4374.348004235,1300.7780179521062,46332.593629673,13777.691704687712,0,0,0.037829291,0.01124677177845,0,0,0.0029721272,0.00020511776666666667,0.08626724198462857,0,0,0,0
ERG,rsERG,2026-02-25T00:00:00.000Z,2026-02-25,50706.979463403,17380.324366594334,4374.38583373,1499.3645740876173,46332.593629673,15880.959792506717,0,0,0.037829621,0.01295274781553,0,0,0.0029721507166666668,0.00020512101666666667,0.08626792366689127,0,0,0,0
ERG,rsERG,2026-02-26T00:00:00.000Z,2026-02-26,50707.014195548996,18005.046580341263,4374.420565876,1553.2692343169724,46332.593629673,16451.77734602429,0,0,0.032073194,0.01138896076542,0,0,0.0029721723,0.000205124,0.08626854953448862,0,0,0,0
ERG,rsERG,2026-02-27T00:00:00.000Z,2026-02-27,50707.048818327,17847.275431778384,4374.455188654,1539.669672931761,46332.593629673,16307.605758846623,0,0,0.037830222,0.01331305521811,0,0,0.00297219385,0.00020512696666666666,0.08626917343039418,0,0,0,0
ERG,rsERG,2026-02-28T00:00:00.000Z,2026-02-28,50707.08344137,17608.136148267546,4374.489811697,1519.0503451763377,46332.593629673,16089.085803091208,0,0,0.031251302,0.01085312492657,0,0,0.00297221538,0.00020512994,0.08626979733025963,0,0,0,0
ERG,rsERG,2026-03-01T00:00:00.000Z,2026-03-01,50707.11817435,17799.128080137525,4374.524544677,1535.5382852390906,46332.593629673,16263.589794898433,0,0,0.037830822,0.01327820706643,0,0,0.0029722369666666665,0.00020513291666666666,0.08627042321027248,0,0,0,0
ERG,rsERG,2026-03-02T00:00:00.000Z,2026-03-02,50707.156005371,17164.372289594667,4374.562375698,1480.7893459503541,46332.593629673,15683.582943644313,0,0,0.037831147,0.0128048726441,0,0,0.0029722604833333334,0.00020513615,0.08627110491529866,0,0,0,0
ERG,rsERG,2026-03-03T00:00:00.000Z,2026-03-03,50707.190684091,16880.01810653132,4374.597054418,1456.2683479622174,46332.593629673,15423.749758569102,0,0,0.031252066,0.0104055808739,0,0,0.00297228204,0.00020513914,0.0862717298158015,0,0,0,0
ERG,rsERG,2026-03-04T00:00:00.000Z,2026-03-04,50707.225363093,16548.55651562087,4374.63173342,1427.6829216089366,46332.593629673,15120.873594011933,0,0,0.037831747,0.0123470319743,0,0,0.002972303616666667,0.0002051421,0.0862723547205225,0,0,0,0
ERG,rsERG,2026-03-05T00:00:00.000Z,2026-03-05,50707.263332115,16183.899171117691,4374.669702442,1396.2341462924905,46332.593629673,14787.6650248252,0,0,0.038654513,0.01233656299138,0,0,0.0029723272166666667,0.00020514536666666668,0.08627303890938531,0,0,0,0
ERG,rsERG,2026-03-06T00:00:00.000Z,2026-03-06,50707.29809393,16026.345809206196,4374.704464257,1382.6515969862623,46332.593629673,14643.694212219933,0,0,0.031252836,0.00987963009089,0,0,0.00297234882,0.00020514834,0.08627366530457811,0,0,0,0
ERG,rsERG,2026-03-07T00:00:00.000Z,2026-03-07,50707.332828614,16241.981271582506,4374.739198941,1401.2654270513317,46332.593629673,14840.715844531174,0,0,0.037832678,0.01212070183398,0,0,0.0029723704333333334,0.00020515133333333334,0.08627429121001967,0,0,0,0
ERG,rsERG,2026-03-08T00:00:00.000Z,2026-03-08,50707.367508737,16155.975784414806,4374.7738790640005,1393.8554628774334,46332.593629673,14762.120321537373,0,0,0.031253331,0.00995894799859,0,0,0.002972392,0.0002051543,0.08627491613143674,0,0,0,0
ERG,rsERG,2026-03-09T00:00:00.000Z,2026-03-09,50707.402189141,16235.749568178946,4374.808559468001,1400.7480768620949,46332.593629673,14835.00149131685,0,0,0.037833274,0.01211276678695,0,0,0.0029724135333333334,0.00020515726666666667,0.08627554105705688,0,0,0,0
ERG,rsERG,2026-03-10T00:00:00.000Z,2026-03-10,50707.440159697,16367.432066367754,4374.8465300240005,1412.1202735925197,46332.593629673,14955.311792775234,0,0,0.038656075,0.01247361647067,0,0,0.00297243715,0.00020516051666666667,0.08627622526878384,0,0,0,0
ERG,rsERG,2026-03-11T00:00:00.000Z,2026-03-11,50707.474922916,16111.083174736814,4374.881293243,1390.013531155334,46332.593629673,14721.06964358148,0,0,0.0312541,0.00993058724574,0,0,0.00297245878,0.0002051635,0.08627685168493371,0,0,0,0
ERG,rsERG,2026-03-12T00:00:00.000Z,2026-03-12,50707.509659005,16037.940168616142,4374.916029332,1383.713013444399,46332.593629673,14654.227155171742,0,0,0.037834209,0.01196830084741,0,0,0.0029724803666666666,0.0002051665,0.08627747761131287,0,0,0,0
ERG,rsERG,2026-03-13T00:00:00.000Z,2026-03-13,50707.547493412,16181.031960672235,4374.953863739001,1396.069670475433,46332.593629673,14784.962290196801,0,0,0.037834535,0.01207434093329,0,0,0.002972503883333333,0.00020516973333333332,0.08627815936681178,0,0,0,0
ERG,rsERG,2026-03-14T00:00:00.000Z,2026-03-14,50608.001685921,16139.702673358463,4374.988545561,1395.2188295570547,46233.01314036,14744.483843801409,0,0,0.03125486,0.00996979849276,0,0,0.0029784297,0.00020599118,0.08644990079215792,0,0,0,0
ERG,rsERG,2026-03-15T00:00:00.000Z,2026-03-15,50209.714648486,15906.772337950004,4375.023465377,1386.0366065331837,45834.691183109,14520.73573141682,0,0,0.038237636,0.01211399069949,0,0,0.0030020685,0.0002092682,0.08713499959128591,0,0,0,0
ERG,rsERG,2026-03-16T00:00:00.000Z,2026-03-16,50100.209251279004,16439.044236884467,4375.061703218,1435.5817391790429,45725.147548061,15003.462497705425,0,0,0.03823797,0.01254334291467,0,0,0.00300868085,0.00021019136666666668,0.08732663399987793,0,0,0,0
ERG,rsERG,2026-03-17T00:00:00.000Z,2026-03-17,49990.700723292,16450.239911628483,4375.096810279,1439.69559438895,45615.603913013,15010.544317239533,0,0,0.032419409,0.01067084836901,0,0,0.00301529128,0.00021111434,0.0875182133272081,0,0,0,0
ERG,rsERG,2026-03-18T00:00:00.000Z,2026-03-18,49469.961744724,15905.261362371191,4375.131921277,1406.4152691800216,45094.829823447,14498.84609319117,0,0,0.038584224,0.01239641549516,0,0,0.0030476627333333333,0.00021570791666666666,0.0884563349502003,0,0,0,0
ERG,rsERG,2026-03-19T00:00:00.000Z,2026-03-19,48528.866195506,14797.713008325607,4375.167742491,1334.1023538415577,44153.698453015,13463.61065448405,0,0,0.032586193,0.00993547847518,0,0,0.00310631222,0.0002240421,0.09015598519989135,0,0,0,0
ERG,rsERG,2026-03-20T00:00:00.000Z,2026-03-20,48528.902697948,14442.605838752359,4375.204244933,1302.0972316479865,44153.698453015,13140.508607104372,0,0,0.039446768,0.01174133038571,0,0,0.0031063358333333333,0.00022404551666666667,0.09015666956581857,0,0,0,0
ERG,rsERG,2026-03-21T00:00:00.000Z,2026-03-21,48528.942144935,14112.863413565983,4375.24369192,1272.3791874498481,44153.698453015,12840.484226116136,0,0,0.039447125,0.01147245868672,0,0,0.00310636135,0.0002240492,0.09015740913640767,0,0,0,0
ERG,rsERG,2026-03-22T00:00:00.000Z,2026-03-22,48528.978362152004,13923.546249531557,4375.279909137001,1255.320318980119,44153.698453015,12668.225930551438,0,0,0.033444579,0.00959735937444,0,0,0.00310638478,0.00022405256,0.09015808815270736,0,0,0,0
ERG,rsERG,2026-03-23T00:00:00.000Z,2026-03-23,48529.014465337,13962.363676171586,4375.3160123220005,1258.8295047572183,44153.698453015,12703.534171414367,0,0,0.039447781,0.01135296885466,0,0,0.00310640815,0.00022405595,0.09015876503003706,0,0,0,0
ERG,rsERG,2026-03-24T00:00:00.000Z,2026-03-24,48529.053913331,14320.842917863185,4375.355460316,1291.1600938758822,44153.698453015,13029.682823987303,0,0,0.039448137,0.01164118801136,0,0,0.00310643365,0.00022405961666666668,0.09015950461609917,0,0,0,0
ERG,rsERG,2026-03-25T00:00:00.000Z,2026-03-25,48529.090017128,14385.381090660258,4375.391564113001,1296.9885656299277,44153.698453015,13088.39252503033,0,0,0.032587857,0.00965827753675,0,0,0.00310645702,0.00022406298,0.09016018150282477,0,0,0,0
ERG,rsERG,2026-03-26T00:00:00.000Z,2026-03-26,48529.126235575,14068.027496521614,4375.42778256,1268.3854414745165,44153.698453015,12799.642055047098,0,0,0.039448783,0.01143512140781,0,0,0.0031064804666666667,0.00022406638333333334,0.09016086053802028,0,0,0,0
ERG,rsERG,2026-03-27T00:00:00.000Z,2026-03-27,48529.162397141,13834.402424901444,4375.463944126001,1247.3309921066482,44153.698453015,12587.071432794795,0,0,0.032588396,0.00929055708663,0,0,0.00310650386,0.00022406972,0.09016153850580359,0,0,0,0
ERG,rsERG,2026-03-28T00:00:00.000Z,2026-03-28,48529.198559016004,13783.18208885079,4375.500106001,1242.722243722891,44153.698453015,12540.459845127898,0,0,0.039449436,0.01120550076794,0,0,0.00310652725,0.00022407311666666668,0.09016221647834019,0,0,0,0
ERG,rsERG,2026-03-29T00:00:00.000Z,2026-03-29,48529.238008671,13312.05529891974,4375.539555656001,1200.2542762731955,44153.698453015,12111.801022646545,0,0,0.039449793,0.010822244747,0,0,0.0031065527666666666,0.0002240768,0.09016295608993193,0,0,0,0
ERG,rsERG,2026-03-30T00:00:00.000Z,2026-03-30,48529.274228338,13366.223888220842,4375.575775323,1205.1473381007338,44153.698453015,12161.076550120108,0,0,0.033446842,0.00920997390424,0,0,0.00310657622,0.00022408016,0.09016363514387658,0,0,0,0
ERG,rsERG,2026-03-31T00:00:00.000Z,2026-03-31,48529.310333963,13320.972148450679,4375.611880948,1201.0762810877475,44153.698453015,12119.895867362931,0,0,0.039450448,0.01082884772514,0,0,0.00310659955,0.00022408351666666667,0.0901643120587197,0,0,0,0
ERG,rsERG,2026-04-01T00:00:00.000Z,2026-04-01,48529.349784625,13982.195434742267,4375.65133161,1260.7054259570075,44153.698453015,12721.49000878526,0,0,0.039450802,0.01137166844571,0,0,0.0031066250833333333,0.0002240872,0.09016505168577131,0,0,0,0
ERG,rsERG,2026-04-02T00:00:00.000Z,2026-04-02,48529.385890863,13959.186655606018,4375.687437848001,1258.6402177869707,44153.698453015,12700.546437819046,0,0,0.032590063,0.00937095515839,0,0,0.00310664846,0.00022409058,0.09016572861000997,0,0,0,0
ERG,rsERG,2026-04-03T00:00:00.000Z,2026-04-03,48529.422111759,13918.157371361836,4375.723658744,1254.9502445345552,44153.698453015,12663.207126827281,0,0,0.03945145,0.01131343220792,0,0,0.003106671883333333,0.00022409393333333333,0.09016640768284967,0,0,0,0
ERG,rsERG,2026-04-04T00:00:00.000Z,2026-04-04,48529.461563428,14151.029266316418,4375.7631104130005,1275.9579764120856,44153.698453015,12875.071289904332,0,0,0.039451807,0.01150353835833,0,0,0.0031066974,0.00022409763333333332,0.09016714732537341,0,0,0,0
ERG,rsERG,2026-04-05T00:00:00.000Z,2026-04-05,48529.497899298,14241.854691942015,4375.799446283,1284.1571143326082,44153.698453015,12957.697577609406,0,0,0.033448554,0.00981570975877,0,0,0.00310672092,0.00022410102,0.09016782855163756,0,0,0,0
ERG,rsERG,2026-04-06T00:00:00.000Z,2026-04-06,48529.534178301,14290.006652965334,4375.8357252860005,1288.5086064905347,44153.698453015,13001.498046474799,0,0,0.039452465,0.01161670988668,0,0,0.0031067443833333332,0.0002241044,0.09016850871072245,0,0,0,0
ERG,rsERG,2026-04-07T00:00:00.000Z,2026-04-07,48529.570286061,14488.988502067661,4375.871833046001,1306.460291935505,44153.698453015,13182.528210132155,0,0,0.032591435,0.00973111633572,0,0,0.00310676774,0.00022410778,0.09016918565836203,0,0,0,0
ERG,rsERG,2026-04-08T00:00:00.000Z,2026-04-08,48529.606508484,14625.933694874835,4375.908055469,1318.8184656077526,44153.698453015,13307.115229267083,0,0,0.039453114,0.01188999356967,0,0,0.003106791166666667,0.00022411113333333334,0.09016986475465251,0,0,0,0
ERG,rsERG,2026-04-09T00:00:00.000Z,2026-04-09,48529.645961815,14515.94503257809,4375.9475088,1308.9115198045085,44153.698453015,13207.033512773582,0,0,0.03945347,0.01180096154669,0,0,0.0031068167,0.00022411483333333333,0.09017060442271448,0,0,0,0
ERG,rsERG,2026-04-10T00:00:00.000Z,2026-04-10,48529.682127676,14626.943267607388,4375.983674661,1318.9302464717625,44153.698453015,13308.013021135626,0,0,0.032592266,0.00982258004707,0,0,0.0031068401,0.0002241182,0.09017128245651182,0,0,0,0
ERG,rsERG,2026-04-11T00:00:00.000Z,2026-04-11,48529.718293847,14963.65336297343,4376.019840832,1349.3019819707865,44153.698453015,13614.351381002643,0,0,0.039454122,0.01216258244985,0,0,0.0031068635,0.00022412156666666667,0.09017196049507334,0,0,0,0
ERG,rsERG,2026-04-12T00:00:00.000Z,2026-04-12,48529.757748189004,14801.818726347808,4376.059295174,1334.7199296859674,44153.698453015,13467.098796661841,0,0,0.039454476,0.01203735444921,0,0,0.0031068890166666666,0.00022412526666666668,0.09017270017867554,0,0,0,0
ERG,rsERG,2026-04-13T00:00:00.000Z,2026-04-13,48529.793972157,14662.986064569952,4376.095519142,1322.2109991821876,44153.698453015,13340.775065387765,0,0,0.033450815,0.01010588571982,0,0,0.00310691246,0.00022412862,0.09017337929873025,0,0,0,0
ERG,rsERG,2026-04-14T00:00:00.000Z,2026-04-14,48529.830082071,15003.320521232796,4376.131629056,1352.910286493524,44153.698453015,13650.410234739273,0,0,0.039455134,0.01219764919538,0,0,0.0031069358166666665,0.000224132,0.09017405627946277,0,0,0,0
ERG,rsERG,2026-04-15T00:00:00.000Z,2026-04-15,48529.866192273,15075.123512672806,4376.167739258,1359.395240022039,44153.698453015,13715.728272650767,0,0,0.032593638,0.01012458749178,0,0,0.00310695918,0.00022413538,0.09017473326462544,0,0,0,0
ERG,rsERG,2026-04-16T00:00:00.000Z,2026-04-16,48529.902417145,15453.538605218971,4376.203964130001,1393.5292278305626,44153.698453015,14060.00937738841,0,0,0.039455782,0.01256525141184,0,0,0.003106982616666667,0.00022413873333333332,0.09017541239855764,0,0,0,0
ERG,rsERG,2026-04-17T00:00:00.000Z,2026-04-17,48529.942159059,15827.878891576867,4376.243706044001,1427.2973201208692,44153.698453015,14400.581571455998,0,0,0.039456139,0.01286673290194,0,0,0.0031070083333333332,0.00022414246666666666,0.09017615746786445,0,0,0,0
ERG,rsERG,2026-04-18T00:00:00.000Z,2026-04-18,48529.978384554,15866.002869288743,4376.279931539,1430.7459266476442,44153.698453015,14435.2569426411,0,0,0.033452224,0.01093735027053,0,0,0.00310703176,0.00022414582,0.09017683661136872,0,0,0,0
ERG,rsERG,2026-04-19T00:00:00.000Z,2026-04-19,48345.863719719,15648.724928814921,4376.3160604800005,1416.5040810834978,43969.547659239,14232.220847731423,0,0,0.03956183,0.01280492377488,0,0,0.0031189996,0.00022588116666666667,0.09052364037117952,0,0,0,0
ERG,rsERG,2026-04-20T00:00:00.000Z,2026-04-20,47977.602024625,15292.061000979707,4376.355952938,1394.8905030640042,43601.246071687,13897.170497915704,0,0,0.040061092,0.01276751340318,0,0,0.0031429145166666666,0.0002293489,0.0912166462735877,0,0,0,0
ERG,rsERG,2026-04-21T00:00:00.000Z,2026-04-21,47977.638689415,15126.19802319188,4376.392617728,1379.7715666946879,43601.246071687,13746.426456497193,0,0,0.033094223,0.01043380734249,0,0,0.00314293848,0.0002293524,0.09121734077112534,0,0,0,0
ERG,rsERG,2026-04-22T00:00:00.000Z,2026-04-22,47977.675470644,15260.898950988485,4376.429398957001,1392.0692630193778,43601.246071687,13868.829687969108,0,0,0.040061761,0.01274257507206,0,0,0.0031429625166666665,0.00022935588333333333,0.09121803747312346,0,0,0,0
ERG,rsERG,2026-04-23T00:00:00.000Z,2026-04-23,47977.712194112,15203.75316350688,4376.466122425,1386.8670933578444,43601.246071687,13816.886070149036,0,0,0.033094776,0.01048691579083,0,0,0.00314298654,0.0002293594,0.09121873307999873,0,0,0,0
ERG,rsERG,2026-04-24T00:00:00.000Z,2026-04-24,47977.748917895995,15157.930059522225,4376.502846209,1382.6977131203391,43601.246071687,13775.232346401886,0,0,0.04006243,0.01265975393768,0,0,0.00314301055,0.00022936291666666666,0.09121942869175025,0,0,0,0
ERG,rsERG,2026-04-25T00:00:00.000Z,2026-04-25,47977.789125707,15064.06623808532,4376.54305402,1374.1469964970331,43601.246071687,13689.919241588286,0,0,0.04093373,0.01285239004492,0,0,0.0031430368333333334,0.00022936673333333332,0.0912201902957763,0,0,0,0
ERG,rsERG,2026-04-26T00:00:00.000Z,2026-04-26,47977.825937221,15069.643209732038,4376.579865534,1374.6662235994377,43601.246071687,13694.9769861326,0,0,0.033095639,0.01039437342728,0,0,0.00314306088,0.00022937024,0.09122088756708638,0,0,0,0
ERG,rsERG,2026-04-27T00:00:00.000Z,2026-04-27,47977.862720024,14910.560154557124,4376.616648337001,1360.1649003982363,43601.246071687,13550.395254158888,0,0,0.040063479,0.01245053588305,0,0,0.0031430849166666666,0.00022937375,0.09122158429345348,0,0,0,0
ERG,rsERG,2026-04-28T00:00:00.000Z,2026-04-28,47977.902783722995,14560.413895600772,4376.6567120360005,1328.2350690217474,43601.246071687,13232.178826579024,0,0,0.04006384,0.01215847831626,0,0,0.003143111116666667,0.00022937758333333333,0.0912223431641647,0,0,0,0
ERG,rsERG,2026-04-29T00:00:00.000Z,2026-04-29,47977.939509097,14518.31640266611,4376.69343741,1324.4049363893375,43601.246071687,13193.911466276773,0,0,0.033096496,0.01001453804991,0,0,0.00314313514,0.00022938106,0.09122303880054046,0,0,0,0
ERG,rsERG,2026-04-30T00:00:00.000Z,2026-04-30,47977.976234787995,14214.914793400796,4376.7301631010005,1296.7376072813736,43601.246071687,12918.177186119423,0,0,0.040064511,0.01187189842588,0,0,0.0031431591333333335,0.00022938456666666667,0.09122373444182012,0,0,0,0
ERG,rsERG,2026-05-01T00:00:00.000Z,2026-05-01,47978.016299525,14428.428867457209,4376.770227838,1316.2261363187763,43601.246071687,13112.202731138432,0,0,0.040064876,0.01204727329023,0,0,0.0031431853166666666,0.0002293884,0.09122449332860166,0,0,0,0
ERG,rsERG,2026-05-02T00:00:00.000Z,2026-05-02,47978.053083918996,14441.77780863021,4376.8070122320005,1317.4539310838502,43601.246071687,13124.32387754636,0,0,0.03396834,0.0102257768604,0,0,0.00314320934,0.0002293919,0.09122519007960588,0,0,0,0
ERG,rsERG,2026-05-03T00:00:00.000Z,2026-05-03,47978.089897665,14322.579295510415,4376.8438259780005,1306.589980703506,43601.246071687,13015.98931480691,0,0,0.040065557,0.01196097952348,0,0,0.0031432334166666665,0.0002293954,0.09122588738548397,0,0,0,0
ERG,rsERG,2026-05-04T00:00:00.000Z,2026-05-04,47978.126421375,14378.46876193775,4376.880349688,1311.6985292060167,43601.246071687,13066.770232731733,0,0,0.033097907,0.00991901602046,0,0,0.0031432573,0.0002293989,0.09122657919665052,0,0,0,0
ERG,rsERG,2026-05-05T00:00:00.000Z,2026-05-05,47978.163497035996,14691.073646919445,4376.917425349,1340.226762281979,43601.246071687,13350.846884637465,0,0,0.040066227,0.01226591879716,0,0,0.00314328155,0.00022940241666666666,0.0912272814614258,0,0,0,0
ERG,rsERG,2026-05-06T00:00:00.000Z,2026-05-06,47978.203563487,15036.129138516844,4376.9574918,1371.7166258804978,43601.246071687,13664.412512636347,0,0,0.040066593,0.0125586125668,0,0,0.0031433077166666667,0.00022940625,0.09122804037474885,0,0,0,0
ERG,rsERG,2026-05-07T00:00:00.000Z,2026-05-07,47978.240349454,14814.529132688725,4376.994277767,1351.5107756575005,43601.246071687,13463.018357031226,0,0,0.03396979,0.01049118631498,0,0,0.00314333176,0.00022940974,0.0912287371501208,0,0,0,0
ERG,rsERG,2026-05-08T00:00:00.000Z,2026-05-08,47978.277019602996,14669.198263771503,4377.0309479160005,1338.2626148401055,43601.246071687,13330.935648931398,0,0,0.040067272,0.01224805108388,0,0,0.0031433557166666666,0.00022941325,0.0912294317306312,0,0,0,0
ERG,rsERG,2026-05-09T00:00:00.000Z,2026-05-09,47978.317087093994,14717.188852432364,4377.071015407,1342.6519574292818,43601.246071687,13374.536895003082,0,0,0.040067639,0.01229077452063,0,0,0.003143381916666667,0.00022941706666666667,0.09123019066006811,0,0,0,0
ERG,rsERG,2026-05-10T00:00:00.000Z,2026-05-10,47978.353757875,15044.764321929293,4377.107686188,1372.5471862461127,43601.246071687,13672.21713568318,0,0,0.033099629,0.01037985218692,0,0,0.0031434059,0.00022942056,0.0912308852503726,0,0,0,0
ERG,rsERG,2026-05-11T00:00:00.000Z,2026-05-11,47978.390835462,15044.983854483675,4377.144763775001,1372.5777800675191,43601.246071687,13672.406074416156,0,0,0.040068307,0.01256340042985,0,0,0.00314343015,0.00022942411666666666,0.09123158754498302,0,0,0,0
ERG,rsERG,2026-05-12T00:00:00.000Z,2026-05-12,47978.427448792,14958.810019620596,4377.181377105,1364.7263168978814,43601.246071687,13594.083702722715,0,0,0.033971243,0.01058893189126,0,0,0.00314345408,0.00022942758,0.09123228104495656,0,0,0,0
ERG,rsERG,2026-05-13T00:00:00.000Z,2026-05-13,47978.46429472,14737.944677289812,4377.218223033,1344.5865777324539,43601.246071687,13393.358099557357,0,0,0.040068986,0.01230740662114,0,0,0.00314347815,0.0002294311,0.09123297894952315,0,0,0,0
ERG,rsERG,2026-05-14T00:00:00.000Z,2026-05-14,47978.504363926,14565.314352765336,4377.258292239,1328.8480703225962,43601.246071687,13236.46628244274,0,0,0.040069353,0.01216441097438,0,0,0.0031435043166666665,0.00022943491666666666,0.09123373790550678,0,0,0,0
ERG,rsERG,2026-05-15T00:00:00.000Z,2026-05-15,47978.541036277,14523.10434314792,4377.29496459,1325.0071572482607,43601.246071687,13198.097185899658,0,0,0.033101044,0.01001904991381,0,0,0.0031435283,0.00022943842,0.09123443252012568,0,0,0,0
ERG,rsERG,2026-05-16T00:00:00.000Z,2026-05-16,47978.577825087996,14178.309388455555,4377.331753401,1293.5598243244237,43601.246071687,12884.74956413113,0,0,0.040070021,0.01183672710342,0,0,0.00314355235,0.00022944193333333332,0.09123512933953211,0,0,0,0
ERG,rsERG,2026-05-17T00:00:00.000Z,2026-05-17,47978.617895332995,13696.935853760508,4377.371823646,1249.6521252153038,43601.246071687,12447.283728545204,0,0,0.040070389,0.01144522694097,0,0,0.00314357855,0.00022944575,0.09123588831159736,0,0,0,0
ERG,rsERG,2026-05-18T00:00:00.000Z,2026-05-18,47978.654800929,13536.601698672386,4377.408729242,1235.033334498757,43601.246071687,12301.568364173629,0,0,0.033973006,0.00958481281962,0,0,0.00314360268,0.00022944926,0.09123658734082876,0,0,0,0
ERG,rsERG,2026-05-19T00:00:00.000Z,2026-05-19,47978.691503587,13608.835985029962,4377.445431900001,1241.633211769756,43601.246071687,12367.202773260206,0,0,0.040071069,0.01136566217274,0,0,0.003143626683333333,0.00022945276666666667,0.09123728252509546,0,0,0,0
ERG,rsERG,2026-05-20T00:00:00.000Z,2026-05-20,47978.728322692,13488.739672132622,4377.482251005,1230.6853515385367,43601.246071687,12258.054320594085,0,0,0.033102462,0.00930369951179,0,0,0.00314365072,0.00022945628,0.09123797991396751,0,0,0,0
ERG,rsERG,2026-05-21T00:00:00.000Z,2026-05-21,47978.765113079,13521.135662334955,4377.519041392,1233.6505006424848,43601.246071687,12287.48516169247,0,0,0.040071735,0.0112943750538,0,0,0.0031436747833333335,0.00022945978333333334,0.09123867675777776,0,0,0,0
ERG,rsERG,2026-05-22T00:00:00.000Z,2026-05-22,47978.805185036996,13547.295449646714,4377.55911335,1236.0476088451705,43601.246071687,12311.247840801543,0,0,0.040072103,0.01131864441446,0,0,0.00314370095,0.00022946358333333333,0.0912394357563602,0,0,0,0
ERG,rsERG,2026-05-23T00:00:00.000Z,2026-05-23,47978.842266438,13377.364835246086,4377.596194751,1220.5526080304567,43601.246071687,12156.812227215629,0,0,0.033974461,0.0094763830909,0,0,0.0031437252,0.00022946714,0.09124013811004064,0,0,0,0
ERG,rsERG,2026-05-24T00:00:00.000Z,2026-05-24,47978.878941628995,13466.871679634287,4377.632869942,1228.7285947462751,43601.246071687,12238.143084888012,0,0,0.040072781,0.01124767182141,0,0,0.0031437491833333333,0.00022947063333333332,0.09124083276863254,0,0,0,0
ERG,rsERG,2026-05-25T00:00:00.000Z,2026-05-25,47978.919014631,13458.486596424833,4377.672942944,1227.973729599365,43601.246071687,12230.512866825467,0,0,0.04007315,0.01123931628646,0,0,0.0031437753833333335,0.00022947445,0.09124159178339723,0,0,0,0
ERG,rsERG,2026-05-26T00:00:00.000Z,2026-05-26,47978.955690457,13377.204563970372,4377.70961877,1220.5667417390323,43601.246071687,12156.63782223134,0,0,0.033104181,0.00923122292015,0,0,0.00314379936,0.00022947796,0.09124228645182154,0,0,0,0
ERG,rsERG,2026-05-27T00:00:00.000Z,2026-05-27,47978.992482752,13285.063114428958,4377.746411065,1212.1687521526378,43601.246071687,12072.89436227632,0,0,0.040073817,0.0110996192973,0,0,0.0031438234166666665,0.00022948146666666668,0.09124298332518385,0,0,0,0
ERG,rsERG,2026-05-28T00:00:00.000Z,2026-05-28,47979.029391505,12290.500059189977,4377.783319818001,1121.4304604823465,43601.246071687,11169.06959870763,0,0,0.033975913,0.00870180609025,0,0,0.00314384754,0.00022948498,0.09124368240328273,0,0,0,0
ERG,rsERG,2026-05-29T00:00:00.000Z,2026-05-29,47979.0662425,12318.945126700393,4377.820170813,1124.034522820944,43601.246071687,11194.910603879449,0,0,0.040074494,0.01029036350076,0,0,0.003143871616666667,0.00022948848333333334,0.09124438038630056,0,0,0,0
ERG,rsERG,2026-05-30T00:00:00.000Z,2026-05-30,47979.106317216,12781.953813893359,4377.860245529,1166.2911854221306,43601.246071687,11615.662628471227,0,0,0.040074865,0.01067813099965,0,0,0.0031438978166666667,0.00022949231666666666,0.09124513942760343,0,0,0,0
ERG,rsERG,2026-05-31T00:00:00.000Z,2026-05-31,47979.142994609,12996.302366838425,4377.896922922,1185.8584384162825,43601.246071687,11810.443928422143,0,0,0.033105597,0.00896730424776,0,0,0.00314392176,0.0002294958,0.091245834120301,0,0,0,0
ERG,rsERG,2026-06-01T00:00:00.000Z,2026-06-01,47979.179788479996,12973.810098324891,4377.933716793001,1183.8151543103688,43601.246071687,11789.994944014523,0,0,0.040075531,0.01083651929935,0,0,0.0031439458166666666,0.00022949931666666666,0.09124653101806508,0,0,0,0
ERG,rsERG,2026-06-02T00:00:00.000Z,2026-06-02,47979.219864235,12500.265985043035,4377.973792548,1140.615339756064,43601.246071687,11359.65064528697,0,0,0.040075898,0.01043968374824,0,0,0.003143972016666667,0.00022950315,0.09124729007544508,0,0,0,0
ERG,rsERG,2026-06-03T00:00:00.000Z,2026-06-03,47979.256600659995,11700.797240133557,4378.010528973,1067.674158139106,43601.246071687,10633.123081994452,0,0,0.033106453,0.00807680689603,0,0,0.00314399604,0.00022950664,0.09124798588294747,0,0,0,0
ERG,rsERG,2026-06-04T00:00:00.000Z,2026-06-04,47979.293337404,11138.15302110872,4378.047265717,1016.3417517969389,43601.246071687,10121.81126931178,0,0,0.040076568,0.00930532577097,0,0,0.00314402005,0.00022951015,0.09124868169538758,0,0,0,0
ERG,rsERG,2026-06-05T00:00:00.000Z,2026-06-05,47979.333414199,10359.457744190366,4378.087342512,945.2946986220674,43601.246071687,9414.163045568299,0,0,0.040076938,0.00865562510913,0,0,0.00314404625,0.00022951396666666667,0.09124944076888862,0,0,0,0
ERG,rsERG,2026-06-06T00:00:00.000Z,2026-06-06,47978.758360994,10067.478997039843,3640.469301298,764.1097140481326,44338.289059696,9303.36928299171,1844.131836481,384.35395735937,0.026403994,0.00554296689968,7.621832292,1.58854228629864,0.00261387896,0.00016844644,0.07587639762983432,0,0,0,0
ERG,rsERG,2026-06-07T00:00:00.000Z,2026-06-07,47977.859679592,10109.254889944632,2534.0061378829996,533.9319896829352,45443.853541709,9575.322900261697,0,0,0.013404866,0.00282425374747,0,0,0.0018186046666666667,0.00007684138333333334,0.0528161563438935,0,0,0,0
ERG,rsERG,2026-06-08T00:00:00.000Z,2026-06-08,47977.87196743,10220.822019679214,2534.018425721,539.8270119818623,45443.853541709,9680.995007697351,0,0,0.011073641,0.00235877586396,0,0,0.00181861302,0.00007684206,0.05281639893159177,0,0,0,0
ERG,rsERG,2026-06-09T00:00:00.000Z,2026-06-09,47977.884255330006,10267.267234784484,2534.030713621,542.282576858757,45443.853541709,9724.984657925726,0,0,0.013405,0.00286829409644,0,0,0.0018186213833333333,0.00007684278333333333,0.05281664152039061,0,0,0,0
ERG,rsERG,2026-06-10T00:00:00.000Z,2026-06-10,47977.897660379,10202.579891282105,2534.04411867,538.8686958817837,45443.853541709,9663.711195400321,0,0,0.01340507,0.00285105143656,0,0,0.0018186305166666666,0.00007684355,0.05281690616391242,0,0,0,0
ERG,rsERG,2026-06-11T00:00:00.000Z,2026-06-11,47977.909967829,10189.548523437934,2534.0564261199997,538.1829082497775,45443.853541709,9651.365615188157,0,0,0.011365223,0.00241432308606,0,0,0.00181863888,0.00007684426,0.05281714913841308,0,0,0,0
ERG,rsERG,2026-06-12T00:00:00.000Z,2026-06-12,47977.922236486,10627.269704401142,2534.0686947769996,561.3046654007926,45443.853541709,10065.96503900035,0,0,0.013405199,0.00296977031254,0,0,0.0018186472333333334,0.00007684496666666666,0.05281739134691943,0,0,0,0
ERG,rsERG,2026-06-13T00:00:00.000Z,2026-06-13,47977.935641736,10638.707413585222,2534.082100027,561.9115894907671,45443.853541709,10076.795824094455,0,0,0.013405272,0.00297267152829,0,0,0.00181865635,0.00007684573333333334,0.0528176559939871,0,0,0,0
ERG,rsERG,2026-06-14T00:00:00.000Z,2026-06-14,47977.947910515,10792.06364324086,2534.0943688059997,570.0141152759193,45443.853541709,10222.04952796494,0,0,0.011073973,0.0024907609061,0,0,0.00181866472,0.00007684644,0.05281789820465458,0,0,0,0
ERG,rsERG,2026-06-15T00:00:00.000Z,2026-06-15,47977.960218211,10805.916058280154,2534.1066765019996,570.7484045928442,45443.853541709,10235.16765368731,0,0,0.013405397,0.00301894788485,0,0,0.0018186730666666666,0.00007684713333333334,0.05281814118349463,0,0,0,0
ERG,rsERG,2026-06-16T00:00:00.000Z,2026-06-16,47977.972506538004,10909.999032603671,2534.1189648289997,576.2485126332085,45443.853541709,10333.750519970463,0,0,0.01107408,0.00251797475384,0,0,0.00181868142,0.00007684786,0.05281838377983334,0,0,0,0
ERG,rsERG,2026-06-17T00:00:00.000Z,2026-06-17,47977.984794926,10620.40670245935,2534.131253217,560.9552824666466,45443.853541709,10059.451419992703,0,0,0.013405532,0.00296880071672,0,0,0.0018186898,0.00007684856666666667,0.05281862637724628,0,0,0,0
ERG,rsERG,2026-06-18T00:00:00.000Z,2026-06-18,47977.998297648,10180.691334069214,2534.144755939,537.7328317862723,45443.853541709,9642.958502282941,0,0,0.01369703,0.00290704299088,0,0,0.0018186989833333333,0.00007684933333333333,0.05281889294792135,0,0,0,0
ERG,rsERG,2026-06-19T00:00:00.000Z,2026-06-19,47978.010566732,10001.78395189437,2534.1570250229997,528.2855794684601,45443.853541709,9473.49837242591,0,0,0.011074246,0.00230872966806,0,0,0.00181870732,0.00007685004,0.05281913516397028,0,0,0,0
ERG,rsERG,2026-06-20T00:00:00.000Z,2026-06-20,47978.022874732,10221.477882241585,2534.1693330229996,539.89210444819,45443.853541709,9681.585777793394,0,0,0.013405732,0.00285588719698,0,0,0.0018187157,0.00007685073333333333,0.05281937814818778,0,0,0,0
ERG,rsERG,2026-06-21T00:00:00.000Z,2026-06-21,47978.036280514,10345.18411126445,2534.1827388049996,546.4289310893505,45443.853541709,9798.7551801751,0,0,0.013405802,0.00289069600875,0,0,0.0018187248333333334,0.00007685151666666666,0.052819642804631486,0,0,0,0
ERG,rsERG,2026-06-22T00:00:00.000Z,2026-06-22,47978.048685783004,10552.292030469624,2534.195144074,557.3708825061473,45443.853541709,9994.921147963476,0,0,0.011365843,0.00249983849248,0,0,0.00181873328,0.00007685224,0.05281988770886699,0,0,0,0
ERG,rsERG,2026-06-23T00:00:00.000Z,2026-06-23,47978.060955111,10567.647709379049,2534.207413402,558.1845282822252,45443.853541709,10009.463181096824,0,0,0.013405934,0.00295245006716,0,0,0.0018187416,0.00007685293333333334,0.052820129929228146,0,0,0,0
ERG,rsERG,2026-06-24T00:00:00.000Z,2026-06-24,47978.073282783,10640.385170289086,2534.2197410739996,562.029107223032,45443.853541709,10078.356063066054,0,0,0.01107452,0.00245606620208,0,0,0.00181875,0.00007685364000000001,0.05282037330130146,0,0,0,0
ERG,rsERG,2026-06-25T00:00:00.000Z,2026-06-25,47978.085629947,10490.008598198325,2534.232088238,554.088720083165,45443.853541709,9935.919878115159,0,0,0.013406065,0.00293154500045,0,0,0.0018187584,0.00007685436666666667,0.05282061705805231,0,0,0,0
ERG,rsERG,2026-06-26T00:00:00.000Z,2026-06-26,47978.099036061,9855.501165948512,2534.2454943519997,520.5762509224552,45443.853541709,9334.924915026057,0,0,0.013406133,0.00275524588966,0,0,0.0018187675333333332,0.00007685511666666667,0.052820881720371145,0,0,0,0
ERG,rsERG,2026-06-27T00:00:00.000Z,2026-06-27,47978.111344490004,9857.007018320352,2534.257802781,520.6581958833217,45443.853541709,9336.34882243703,0,0,0.011366129,0.00233497301884,0,0,0.00181877588,0.00007685584,0.052821124712151585,0,0,0,0
ERG,rsERG,2026-06-28T00:00:00.000Z,2026-06-28,47978.123614123004,9730.443244255712,2534.270072414,513.9753074617084,45443.853541709,9216.467936794003,0,0,0.013406267,0.00271871223226,0,0,0.00181878425,0.00007685653333333333,0.05282136693789739,0,0,0,0
ERG,rsERG,2026-06-29T00:00:00.000Z,2026-06-29,47978.137020437,9644.485142480897,2534.283478728,509.4374432824577,45443.853541709,9135.04769919844,0,0,0.013406332,0.00269488549639,0,0,0.0018187933666666666,0.0000768573,0.05282163160375212,0,0,0,0
ERG,rsERG,2026-06-30T00:00:00.000Z,2026-06-30,47978.149290191,9369.940630159175,2534.295748482,494.93780887757356,45443.853541709,8875.002821281601,0,0,0.011074854,0.00216254586533,0,0,0.00181880172,0.00007685802,0.05282187383162676,0,0,0,0
ERG,rsERG,2026-07-01T00:00:00.000Z,2026-07-01,46998.277955606,9099.649931760176,2534.3082514539997,490.68433087461466,44463.969704152,8608.965600885562,0,0,0.013599074,0.00263103623026,0,0,0.0018567664333333333,0.00008009856666666668,0.053923427872138927,0,0,0,0
ERG,rsERG,2026-07-02T00:00:00.000Z,2026-07-02,46998.290478405,9491.022778867116,2534.320774253,511.790880931845,44463.969704152,8979.231897935271,0,0,0.011564084,0.00233572261993,0,0,0.0018567751,0.00008009931999999999,0.05392367995633572,0,0,0,0
ERG,rsERG,2026-07-03T00:00:00.000Z,2026-07-03,46998.302961732,9859.38232801596,2534.33325758,531.6566568627794,44463.969704152,9327.72567115318,0,0,0.01363976,0.00286193596569,0,0,0.0018567837833333334,0.00008010006666666666,0.05392393124583868,0,0,0,0
ERG,rsERG,2026-07-04T00:00:00.000Z,2026-07-04,46998.316601540995,9970.927864839952,2534.346897389,537.6743722555836,44463.969704152,9433.253492584368,0,0,0.013639831,0.00289467462237,0,0,0.00185679325,0.00008010086666666666,0.05392420581518766,0,0,0,0
ERG,rsERG,2026-07-05T00:00:00.000Z,2026-07-05,46998.329084995,9967.499635850196,2534.3593808429996,537.4920130542326,44463.969704152,9430.007622795963,0,0,0.011267743,0.00239011367719,0,0,0.0018568019,0.00008010164,0.05392445710696397,0,0,0,0
ERG,rsERG,2026-07-06T00:00:00.000Z,2026-07-06,46998.426564933,10040.587215100699,9857.017504129,2106.745666936218,37141.409060804,7933.84154816448,0,0,0.177559418,0.03791338223942,0,0,0.00724117865,0.0012169511833333333,0.20973079108446668,0,0,0,0
ERG,rsERG,2026-07-07T00:00:00.000Z,2026-07-07,46998.656620579,10224.009391645779,10748.080893108,2338.1195655179495,36250.575727471,7885.889826127829,0,0,0.24621604,0.05355734015586,0,0,0.007898266266666667,0.0014449979666666666,0.22868910870788522,0,0,0,0
ERG,rsERG,2026-07-08T00:00:00.000Z,2026-07-08,46998.882678238,10191.613653313378,10748.306950766999,2330.748807962746,36250.575727471,7860.864845350631,0,0,0.208752793,0.04527414399456,0,0,0.007898394900000001,0.00144504494,0.22869281859944887,0,0,0,0
ERG,rsERG,2026-07-09T00:00:00.000Z,2026-07-09,46999.108027095,10232.567373358706,10748.532299624,2340.152443599933,36250.575727471,7892.414929758774,0,0,0.246226465,0.05359702258254,0,0,0.007898523133333333,0.0014450918,0.2286965168220872,0,0,0,0
ERG,rsERG,2026-07-10T00:00:00.000Z,2026-07-10,46999.188920531,10161.224548945871,10160.449405332001,2196.6890657598474,36838.739515199,7964.535483186024,588.29734694,128.9900762900644,0.183771375,0.03973562324617,0.667796058,0.14642096367708,0.00746475074,0.0012910048,0.21618350526146868,0,0,0,0
ERG,rsERG,2026-07-11T00:00:00.000Z,2026-07-11,46999.391032873,10201.139493223805,10160.651517674001,2205.3524793490537,36838.739515199,7995.787013874751,0,0,0.220139866,0.04779107283217,0,0,0.007464867583333333,0.0012910451166666668,0.21618687592147826,0,0,0,0
ERG,rsERG,2026-07-12T00:00:00.000Z,2026-07-12,46999.611175531,10306.623037274354,10160.871660332,2228.1944510871735,36838.739515199,8078.42858618718,0,0,0.220144635,0.04827408069068,0,0,0.0074649948,0.00129108905,0.21619054724344416,0,0,0,0
ERG,rsERG,2026-07-13T00:00:00.000Z,2026-07-13,46999.812977097,10001.090067104928,10161.073461898,2162.174685665732,36838.739515199,7838.915381439195,0,0,0.181862211,0.03871530354933,0,0,0.00746511144,0.00129112932,0.21619391266100335,0,0,0,0
ERG,rsERG,2026-07-14T00:00:00.000Z,2026-07-14,47000.016378114,9804.673386654493,10161.276862915001,2119.74393638883,36838.739515199,7684.929450265663,0,0,0.224939332,0.04692971432498,0,0,0.007465229016666667,0.0012911699166666666,0.21619730472220614,0,0,0,0
ERG,rsERG,2026-07-15T00:00:00.000Z,2026-07-15,47000.236534321,10125.104356984071,10161.497019122,2189.0574990231344,36838.739515199,7936.046857960937,0,0,0.220158219,0.04743715785083,0,0,0.00746535625,0.00129121385,0.2162009761724301,0,0,0,0
ERG,rsERG,2026-07-16T00:00:00.000Z,2026-07-16,47000.438029229,10312.648142613758,10161.69851403,2229.6392731468536,36838.739515199,8083.008869466904,0,0,0.181873434,0.03990714806018,0,0,0.00746547272,0.00129125406,0.2162043363865019,0,0,0,0
ERG,rsERG,2026-07-17T00:00:00.000Z,2026-07-17,47000.640166418,10300.346961904008,10161.900651219,2227.0144013497634,36838.739515199,8073.332560554245,0,0,0.220166931,0.04824900863453,0,0,0.007465589533333333,0.0012912944,0.21620770728171526,0,0,0,0
ERG,rsERG,2026-07-18T00:00:00.000Z,2026-07-18,47000.860336141996,10371.75819660041,10162.120820943,2242.4921498822555,36838.739515199,8129.266046718156,0,0,0.220171699,0.04858907024816,0,0,0.0074657168,0.0012913383166666666,0.21621137885988198,0,0,0,0
ERG,rsERG,2026-07-19T00:00:00.000Z,2026-07-19,47001.063119811995,10467.512818935375,10162.323604613,2263.230818984436,36838.739515199,8204.28199995094,0,0,0.18667104,0.04157537502164,0,0,0.00746583398,0.00129137882,0.2162147604759715,0,0,0,0
ERG,rsERG,2026-07-20T00:00:00.000Z,2026-07-20,47221.118748206994,10366.590061402796,9708.571259294,2130.6804042753697,37512.547488913,8235.909657127426,2723.718621313,591.891293597528,0.209917541,0.04606633270854,1.682555789,0.36563619850759,0.00710663685,0.00118517795,0.20583969233370517,0,0,0,0
ERG,rsERG,2026-07-21T00:00:00.000Z,2026-07-21,48320.534204347,10629.067921176109,7438.946846864999,1636.3451501507914,40881.587357482,8992.722771025317,0,0,0.094697547,0.02082947322698,0,0,0.00531015412,0.00065399864,0.1539500125431742,0,0,0,0
ERG,rsERG,2026-07-22T00:00:00.000Z,2026-07-22,48320.639452434,10628.527269304843,7439.052094952,1636.2814501320308,40881.587357482,8992.245819172811,0,0,0.114635483,0.02521801116582,0,0,0.00531021785,0.0006540143166666667,0.1539518553403365,0,0,0,0
ERG,rsERG,2026-07-23T00:00:00.000Z,2026-07-23,48320.754477113,10554.3802721929,7584.000452964,1656.6872962804898,40736.754024149,8897.69297591241,0,0,0.116966168,0.02554925918486,0,0,0.0054139796,0.0006810278,0.15695119801059146,0,0,0,0
ERG,rsERG,2026-07-24T00:00:00.000Z,2026-07-24,48320.875842191,10547.867313144943,8308.288484709,1813.5996440549106,40012.587357482,8734.267669090032,0,0,0.11839275,0.02584750470885,0,0,0.00593251264,0.0008160287,0.17193993982690023,0,0,0,0
ERG,rsERG,2026-07-25T00:00:00.000Z,2026-07-25,48321.008256433,10453.444779796157,8308.420898951,1797.388381460883,40012.587357482,8656.056398335273,0,0,0.146435469,0.03167966230898,0,0,0.00593259115,0.0008160502666666667,0.17194220896282308,0,0,0,0
ERG,rsERG,2026-07-26T00:00:00.000Z,2026-07-26,48321.151577721,10294.096485494643,8308.564220239,1770.0149377934642,40012.587357482,8524.081547701178,0,0,0.143322322,0.03052843278488,0,0,0.00593267615,0.0008160736,0.17194466499512517,0,0,0,0
ERG,rsERG,2026-07-27T00:00:00.000Z,2026-07-27,48321.28274999,10006.951032095914,8308.695392508,1720.6642910602507,40012.587357482,8286.286741035663,0,0,0.118398568,0.02451629220723,0,0,0.00593275394,0.00081609498,0.17194691282259364,0,0,0,0
ERG,rsERG,2026-07-28T00:00:00.000Z,2026-07-28,48321.414339833,9836.468263132283,8308.826982351,1691.3726053520552,40012.587357482,8145.095657780228,0,0,0.143326839,0.02917773164662,0,0,0.0059328319833333336,0.0008161164166666666,0.17194916779315997,0,0,0,0
ERG,rsERG,2026-07-29T00:00:00.000Z,2026-07-29,48321.545723976,10088.572323742152,8308.958366494,1734.7443352470605,40012.587357482,8353.827988495092,0,0,0.118402299,0.02471682277297,0,0,0.0059329099,0.00081613782,0.1719514192268839,0,0,0,0
ERG,rsERG,2026-07-30T00:00:00.000Z,2026-07-30,48321.67711026,9959.339203776122,8309.089752778,1712.544886462294,40012.587357482,8246.794317313828,0,0,0.143331353,0.02954738347354,0,0,0.005932987816666666,0.0008161592333333333,0.17195367068468512,0,0,0,0
ERG,rsERG,2026-07-31T00:00:00.000Z,2026-07-31,48321.820962415004,9963.637289974362,8309.233604933,1713.3085274439559,40012.587357482,8250.328762530406,0,0,0.1464498,0.03019651457368,0,0,0.005933073133333334,0.00081618265,0.17195613574592966,0,0,0,0
ERG,rsERG,2026-08-01T00:00:00.000Z,2026-08-01,48321.952664585,9711.456123112168,8309.365307103,1669.9663915295805,40012.587357482,8041.489731582587,0,0,0.118408115,0.02379217892235,0,0,0.00593315124,0.00081620412,0.17195839259147597,0,0,0,0
ERG,rsERG,2026-08-02T00:00:00.000Z,2026-08-02,48322.045832622,10010.072808949699,8254.369685358999,1709.6217385122927,40067.676147263,8300.451070437406,330.762340893,70.310150803625,0.142346106,0.02947953253339,1.148011021,0.24403270273397,0.0058937595,0.0008055973833333333,0.1708199516819001,0,0,0,0
ERG,rsERG,2026-08-03T00:00:00.000Z,2026-08-03,48321.990470578,10284.771988902743,7978.870374407999,1698.2095461674148,40343.12009617,8586.562442735329,0,0,0.132129711,0.02812177080582,0,0,0.00569649205,0.0007524784499999999,0.1651188267842907,0,0,0,0
ERG,rsERG,2026-08-04T00:00:00.000Z,2026-08-04,48322.111590551,10614.145170190981,7978.991494381,1752.6174685868557,40343.12009617,8861.527701604125,0,0,0.109152284,0.02397012978809,0,0,0.00569656444,0.00075249758,0.16512091942448517,0,0,0,0
ERG,rsERG,2026-08-05T00:00:00.000Z,2026-08-05,48322.232712418,10808.717067355537,7979.1126162479995,1784.7679642442329,40343.12009617,9023.949103111305,0,0,0.132133708,0.02955133129208,0,0,0.00569663685,0.0007525166666666667,0.16512301208659086,0,0,0,0
ERG,rsERG,2026-08-06T00:00:00.000Z,2026-08-06,47483.106751069005,10697.927015160769,7979.234314405,1797.8651840455623,39503.872436664,8900.061831115207,0,0,0.113304799,0.02553380553713,0,0,0.00579889604,0.00077989656,0.16807844940328687,0,0,0,0
ERG,rsERG,2026-08-07T00:00:00.000Z,2026-08-07,48329.530529655,11472.10532640393,7979.357401544999,1893.820741151371,40350.17312811,9578.284585252559,0,0,0.133119236,0.03159262096265,0,0,0.005698409433333333,0.0007533123166666666,0.1651740421945868,0,0,0,0
ERG,rsERG,2026-08-08T00:00:00.000Z,2026-08-08,49032.56184328,11790.451435942026,7979.489149610999,1918.7611542345544,41053.072693669,9871.690281707472,0,0,0.130304686,0.03134039977632,0,0,0.005614144816666666,0.0007309103333333334,0.16273857309540793,0,0,0,0
ERG,rsERG,2026-08-09T00:00:00.000Z,2026-08-09,49032.681290283996,11577.694736883506,7979.608596614999,1884.1611063089942,41053.072693669,9693.533630574511,0,0,0.107644609,0.02541735621502,0,0,0.00561421532,0.00073092868,0.16274061272232215,0,0,0,0
ERG,rsERG,2026-08-10T00:00:00.000Z,2026-08-10,49032.801070464004,11600.26182091146,8113.0617101279995,1919.6294612554252,40919.739360336,9680.632359656036,0,0,0.132296573,0.03129900699178,0,0,0.00570838435,0.0007566398666666666,0.16546192310867128,0,0,0,0
ERG,rsERG,2026-08-11T00:00:00.000Z,2026-08-11,49032.949100551996,11464.638842869112,8779.876406883,2052.866650998895,40253.072693669,9411.772191870217,0,0,0.157510475,0.03685351072738,0,0,0.006178962133333334,0.00088512765,0.1790607452316266,0,0,0,0
ERG,rsERG,2026-08-12T00:00:00.000Z,2026-08-12,49033.093714833,10858.28053828675,8780.021021164,1944.318096419138,40253.072693669,8913.962441867612,0,0,0.133543702,0.02956161059253,0,0,0.00617904594,0.00088515162,0.17906316644435655,0,0,0,0
ERG,rsERG,2026-08-13T00:00:00.000Z,2026-08-13,49033.239016415995,10260.532101307734,8780.166322747,1837.3082863395368,40253.072693669,8423.223814968196,0,0,0.157515697,0.03296680169905,0,0,0.00617913015,0.0008851757166666666,0.17906559914947207,0,0,0,0
ERG,rsERG,2026-08-14T00:00:00.000Z,2026-08-14,49033.339607742,10023.4933616516,8661.728708739001,1770.7595814449921,40371.610899003,8252.733780206607,592.90840524,120.4256261882964,0.128505156,0.02627126419026,1.086892844,0.22075880554484,0.00609552614,0.00086206616,0.17664977500181983,0,0,0,0
ERG,rsERG,2026-08-15T00:00:00.000Z,2026-08-15,49033.296738149,10020.934768479447,8187.533017809,1673.2860369535617,40845.76372034,8347.648731525886,0,0,0.137091637,0.02801929398134,0,0,0.005760852816666667,0.00076955335,0.16697904408726316,0,0,0,0
ERG,rsERG,2026-08-16T00:00:00.000Z,2026-08-16,49033.433831154,9914.151721614755,8187.670110814,1655.4786787263447,40845.76372034,8258.673042888411,0,0,0.137093934,0.02771857564356,0,0,0.005760933383333333,0.00076957485,0.16698137313781963,0,0,0,0
ERG,rsERG,2026-08-17T00:00:00.000Z,2026-08-17,49033.559700421,9946.359501584344,8187.7959800809995,1660.878022440815,40845.76372034,8285.48147914353,0,0,0.11623361,0.02357479858403,0,0,0.00576100738,0.00076959458,0.1669835114988187,0,0,0,0
ERG,rsERG,2026-08-18T00:00:00.000Z,2026-08-18,49033.686167758,9919.514720266356,8187.922447418,1656.4167196415733,40845.76372034,8263.098000624783,0,0,0.137098177,0.02773391820839,0,0,0.0057610817166666665,0.0007696144166666666,0.1669856600089007,0,0,0,0
ERG,rsERG,2026-08-19T00:00:00.000Z,2026-08-19,49033.823267285,10131.368735920421,8188.059546945,1691.8170360237702,40845.76372034,8439.55169989665,0,0,0.137100469,0.02832913246629,0,0,0.005761162316666667,0.0007696359166666667,0.16698798913325016,0,0,0,0
ERG,rsERG,2026-08-20T00:00:00.000Z,2026-08-20,49033.949780046,11837.187977141175,8516.368229831,2057.059098761594,40517.581550215,9780.12887837958,0,0,0.117439686,0.02837856125909,0,0,0.0059929438,0.00083766126,0.17368308990817324,0,0,0,0
ERG,rsERG,2026-08-21T00:00:00.000Z,2026-08-21,49034.118102456,12878.67126643793,9829.265232742,2581.6286740728897,39204.852869714,10297.04259236504,0,0,0.193291721,0.05036718872142,0,0,0.006919868385714286,0.0011097125714285715,0.20045767341346263,0,0,0,0
ERG,rsERG,2026-08-22T00:00:00.000Z,2026-08-22,53605.354169102,14451.115502892331,9829.389209736,2648.6272554464817,43775.964959366,11802.48824744585,0,0,0.067547323,0.01819853005383,0,0,0.0063456059,0.00093601215,0.18387308611700975,0,0,0,0
ERG,rsERG,2026-08-23T00:00:00.000Z,2026-08-23,56421.164681124996,15334.708348682963,9829.570149381001,2671.5788709002622,46591.594531744,12663.1294777827,0,0,0.164347663,0.04466805132677,0,0,0.0060113417,0.0008378261,0.174217781659324,0,0,0,0
ERG,rsERG,2026-08-24T00:00:00.000Z,2026-08-24,56421.353311034,14733.025888526347,9829.758779290001,2566.795766424696,46591.594531744,12166.23012210165,0,0,0.216644636,0.05655198221878,0,0,0.0060114372,0.00083785265,0.17422054244409185,0,0,0,0
