marketId,marketDisplayName,timestamp,date,supply,supplyInUsd,borrow,borrowInUsd,liquidity,liquidityInUsd,debtRepaid,debtRepaidInUsd,interestAccrued,interestAccruedInUsd,interestRepaid,interestRepaidInUsd,borrowApr,supplyApy,utilizationPercentage,loanOriginationFees,loanOriginationFeesInUsd,loanOriginationFeesMinAda,loanOriginationFeesMinAdaInUsd
ETH,wanETH,2024-10-09T00:00:00.000Z,2024-10-09,0,0,0,0,0,0,0,0,0,0,0,0,0,0,0,0,0,0,0
ETH,wanETH,2024-10-11T00:00:00.000Z,2024-10-11,1.72138533,4221.48234865875,0,0,1.72138533,4221.48234865875,0,0,0,0,0,0,0,0,0,0,0,0,0
ETH,wanETH,2024-10-12T00:00:00.000Z,2024-10-12,2.29518044,5608.713020470431,0,0,2.29518044,5608.713020470431,0,0,0,0,0,0,0,0,0,0,0,0,0
ETH,wanETH,2024-10-15T00:00:00.000Z,2024-10-15,2.29518044,5928.5887873464,0,0,2.29518044,5928.5887873464,0,0,0,0,0,0,0,0,0,0,0,0,0
ETH,wanETH,2024-10-16T00:00:00.000Z,2024-10-16,2.30063717,6015.115644282153,0.00058675,1.5441600582714285,2.30005042,6013.571484223881,0,0,0,0,0,0,0.000008751638095238096,3.74e-8,0.000254373918664816,0.0001232,0.324229136,2.13776,0.767829948
ETH,wanETH,2024-10-17T00:00:00.000Z,2024-10-17,2.30664036,6029.4887018292,0,0,2.30664036,6029.4887018292,0,0,0,0,0,0,0,0,0,0,0,0,0
ETH,wanETH,2024-10-18T00:00:00.000Z,2024-10-18,2.30664036,6075.87293282844,0,0,2.30664036,6075.87293282844,0,0,0,0,0,0,0,0,0,0,0,0,0
ETH,wanETH,2024-10-19T00:00:00.000Z,2024-10-19,2.30664036,6093.345294195371,0,0,2.30664036,6093.345294195371,0,0,0,0,0,0,0,0,0,0,0,0,0
ETH,wanETH,2024-10-20T00:00:00.000Z,2024-10-20,2.30664036,6160.500382276343,0,0,2.30664036,6160.500382276343,0,0,0,0,0,0,0,0,0,0,0,0,0
ETH,wanETH,2024-10-21T00:00:00.000Z,2024-10-21,2.30664036,6238.09087610598,0,0,2.30664036,6238.09087610598,0,0,0,0,0,0,0,0,0,0,0,0,0
ETH,wanETH,2024-10-22T00:00:00.000Z,2024-10-22,2.30664036,6079.156160780857,0,0,2.30664036,6079.156160780857,0,0,0,0,0,0,0,0,0,0,0,0,0
ETH,wanETH,2024-10-23T00:00:00.000Z,2024-10-23,2.30664036,5925.1708915482,0,0,2.30664036,5925.1708915482,0,0,0,0,0,0,0,0,0,0,0,0,0
ETH,wanETH,2024-10-24T00:00:00.000Z,2024-10-24,2.30664036,5843.29669197,0,0,2.30664036,5843.29669197,0,0,0,0,0,0,0,0,0,0,0,0,0
ETH,wanETH,2024-10-25T00:00:00.000Z,2024-10-25,2.30664036,5789.460804367772,0,0,2.30664036,5789.460804367772,0,0,0,0,0,0,0,0,0,0,0,0,0
ETH,wanETH,2024-10-26T00:00:00.000Z,2024-10-26,2.30664036,5677.7798685376,0,0,2.30664036,5677.7798685376,0,0,0,0,0,0,0,0,0,0,0,0,0
ETH,wanETH,2024-10-27T00:00:00.000Z,2024-10-27,2.30664036,5728.9180853188,0,0,2.30664036,5728.9180853188,0,0,0,0,0,0,0,0,0,0,0,0,0
ETH,wanETH,2024-10-28T00:00:00.000Z,2024-10-28,2.30664036,5782.103720019543,0,0,2.30664036,5782.103720019543,0,0,0,0,0,0,0,0,0,0,0,0,0
ETH,wanETH,2024-10-29T00:00:00.000Z,2024-10-29,2.30664036,6044.12894819412,0,0,2.30664036,6044.12894819412,0,0,0,0,0,0,0,0,0,0,0,0,0
ETH,wanETH,2024-10-30T00:00:00.000Z,2024-10-30,2.30664036,6142.104376205257,0,0,2.30664036,6142.104376205257,0,0,0,0,0,0,0,0,0,0,0,0,0
ETH,wanETH,2024-10-31T00:00:00.000Z,2024-10-31,2.30664036,6012.2427207376,0,0,2.30664036,6012.2427207376,0,0,0,0,0,0,0,0,0,0,0,0,0
ETH,wanETH,2024-11-01T00:00:00.000Z,2024-11-01,2.30664036,5795.339442085257,0,0,2.30664036,5795.339442085257,0,0,0,0,0,0,0,0,0,0,0,0,0
ETH,wanETH,2024-11-02T00:00:00.000Z,2024-11-02,2.30664036,5763.489132314343,0,0,2.30664036,5763.489132314343,0,0,0,0,0,0,0,0,0,0,0,0,0
ETH,wanETH,2024-11-03T00:00:00.000Z,2024-11-03,2.3066403600000003,5660.8875723012,0.04271429,104.65397571428572,2.26392607,5556.233596586914,0,0,0,0,0,0,0.0006373729761904762,0.0000152529,0.018517965112812694,0.00069,1.6903068,2.14638,0.73158718386
ETH,wanETH,2024-11-04T00:00:00.000Z,2024-11-04,2.3066403699999998,5641.3064226053475,0.06900001,168.7520158744905,2.23764036,5472.554406730857,0,0,0,0,0,0,0.0010296027095238096,0.0000246393,0.029913641158430523,0,0,0,0
ETH,wanETH,2024-11-05T00:00:00.000Z,2024-11-05,2.30664039,5598.618232940004,0.06900003,167.47509047154762,2.23764036,5431.143142468457,0,0,0,0,0,0,0.0010296029333333333,0.0000246393,0.029913647166465693,0,0,0,0
ETH,wanETH,2024-11-06T00:00:00.000Z,2024-11-06,2.3066404,6032.907253004415,0.06900004000000001,180.466298161695,2.23764036,5852.44095484272,0,0,0,0,0,0,0.00102960312,0.000024639385,0.029913653615090012,0,0,0,0
ETH,wanETH,2024-11-07T00:00:00.000Z,2024-11-07,2.30664048,6537.571628758376,0.11661917000000001,332.828356565481,2.19002131,6204.743272192895,0,0,5.9e-7,0.0017032536,0,0,0.0017418574952380952,0.00012044560952380952,0.050558015425544,0.0025,7.1577,2.16362,0.84542802414
ETH,wanETH,2024-11-08T00:00:00.000Z,2024-11-08,2.30664323,6748.345096887252,0.31900287,933.2789042951953,1.98764036,5815.066192592057,0,0,0.00000398,0.0116435146,0,0,0.004768969419047619,0.0005276290333333333,0.1382974454642651,0,0,0,0
ETH,wanETH,2024-11-09T00:00:00.000Z,2024-11-09,2.30664727,6990.853956854609,0.31900691000000003,966.8278430873099,1.98764036,6024.0261137673,0,0,0.0000037,0.011214043,0,0,0.00476902168,0.00052764058,0.13829895761022684,0,0,0,0
ETH,wanETH,2024-11-10T00:00:00.000Z,2024-11-10,2.30665191,7336.445925593095,0.38186859,1215.5031995448,1.92478332,6120.942726048295,0,0,0.00000568,0.0180955232,0,0,0.005711776090476191,0.0007718862523809523,0.165551013042754,0.0011,3.507339,2.14638,1.25291283654
ETH,wanETH,2024-11-11T00:00:00.000Z,2024-11-11,2.30665899,7412.05552633519,0.42901853,1378.5780011178952,1.87764046,6033.477525217295,0,0,0.00000692,0.0222245324,0,0,0.006418885438095238,0.0009550855238095238,0.1859913106772341,0,0,0,0
ETH,wanETH,2024-11-12T00:00:00.000Z,2024-11-12,2.30666644,7607.762626928923,0.42902598,1414.9977085737905,1.87764046,6192.764918355133,0,0,0.00000712,0.0234759116,0,0,0.006418976442857143,0.0009551125619047619,0.1859939392332315,0,0,0,0
ETH,wanETH,2024-11-13T00:00:00.000Z,2024-11-13,2.30667389,7394.447382066752,0.42903343,1375.341853399,1.87764046,6019.105528667752,0,0,0.00000712,0.0228032416,0,0,0.006419067552380952,0.0009551396380952381,0.18599657079698317,0,0,0,0
ETH,wanETH,2024-11-14T00:00:00.000Z,2024-11-14,2.3066818700000002,7293.187363063831,0.42904141,1356.5283005266438,1.87764046,5936.659062537187,0,0,0.00000694,0.0220298052,0,0,0.00641916494375,0.00095516858125,0.1859993835771568,0,0,0,0
ETH,wanETH,2024-11-15T00:00:00.000Z,2024-11-15,2.30668863,7068.75613156651,0.42904817,1314.801153400405,1.87764046,5753.954978166104,0,0,0.00000712,0.0218145824,0,0,0.006419247557142857,0.0009551931285714286,0.1860017698499051,0,0,0,0
ETH,wanETH,2024-11-16T00:00:00.000Z,2024-11-16,2.30669603,7248.881299365843,0.42905557,1348.323730540957,1.87764046,5900.5575688248855,0,0,0.00000692,0.0217420572,0,0,0.006419338033333334,0.0009552200142857143,0.18600438321476287,0,0,0,0
ETH,wanETH,2024-11-17T00:00:00.000Z,2024-11-17,2.30670343,7160.609364790285,0.42906297,1331.9234022016763,1.87764046,5828.685962588609,0,0,0.00000712,0.0220957996,0,0,0.006419428414285715,0.0009552468714285714,0.186006993538116,0,0,0,0
ETH,wanETH,2024-11-18T00:00:00.000Z,2024-11-18,2.30671067,7190.366656212194,0.42907021,1337.476879862505,1.87764046,5852.88977634969,0,0,0.0000066,0.0205611296,0,0,0.00641951687,0.00095527315,0.18600954839235767,0,0,0,0
ETH,wanETH,2024-11-19T00:00:00.000Z,2024-11-19,2.3067179199999996,7224.8239134664955,0.43989334999999996,1377.3890575259857,1.86682457,5847.43485594051,0,0,0.00000731,0.0228903799,0,0,0.006582219742857143,0.001016388480952381,0.19070096548699064,0.00227132,7.031666022,2.155,1.589482745
ETH,wanETH,2024-11-20T00:00:00.000Z,2024-11-20,2.3069159999999997,7160.9768246926715,0.45552685,1414.302484463519,1.85138915,5746.674340229152,0,0,0.00001337,0.0415149318,0,0,0.006816889285714286,0.001112789461904762,0.19746235406410131,0.00101,3.1460995,2.13776,1.58261151888
ETH,wanETH,2024-11-21T00:00:00.000Z,2024-11-21,2.30694417,7405.50201858851,0.48442704000000003,1558.363159470262,1.82251713,5847.138859118248,0,0,0.00001554,0.050079264,0,0,0.007250165876190476,0.0012259222857142857,0.20998644633754024,0.00083,2.6037183,2.14638,1.68352173852
ETH,wanETH,2024-11-22T00:00:00.000Z,2024-11-22,2.30695449,7698.30589394043,0.51210403,1708.8908063456602,1.79485046,5989.41508759477,0,0,0.00001642,0.0548005596,0,0,0.007665761305,0.001361333215,0.22198271718265158,0,0,0,0
ETH,wanETH,2024-11-23T00:00:00.000Z,2024-11-23,2.30696524,7806.842999006757,0.51211478,1733.0126327808714,1.79485046,6073.830366225886,0,0,0.00001761,0.0595935092,0,0,0.007665887061904762,0.0013613778,0.2219863449171774,0,0,0,0
ETH,wanETH,2024-11-24T00:00:00.000Z,2024-11-24,2.30697569,7781.853353492141,0.51212523,1727.4924994275002,1.79485046,6054.36085406464,0,0,0.00001601,0.0540259614,0,0,0.00766600918,0.00136142109,0.22198986763145717,0,0,0,0
ETH,wanETH,2024-11-25T00:00:00.000Z,2024-11-25,2.3069860699999998,7905.132885253301,0.51213561,1754.887188038262,1.79485046,6150.2456972150385,0,0,0.0000172,0.0589136938,0,0,0.007666130561904762,0.0013614641190476191,0.22199336903530267,0,0,0,0
ETH,wanETH,2024-11-26T00:00:00.000Z,2024-11-26,2.30699686,7753.4724101536285,0.52167021,1752.8632465669523,1.78532665,6000.609163586676,0,0,0.00001739,0.0584295668,0,0,0.0078095757,0.0014222205047619047,0.22612522552494627,0.002,6.6393,2.155,2.038033065
ETH,wanETH,2024-11-27T00:00:00.000Z,2024-11-27,2.30708306,8003.46679019739,0.5978737399999999,2065.7903097556855,1.70920932,5937.676480441704,0,0,0.00002558,0.088356742,0,0,0.008956033933333333,0.001907883657142857,0.25914825921177803,0,0,0,0
ETH,wanETH,2024-11-28T00:00:00.000Z,2024-11-28,2.30714817,8292.836363157316,0.51216971,1840.947836748715,1.79497846,6451.8885264086,0,0,0.0000204,0.073311959,0,0,0.007666102175,0.001361454055,0.2219925502690916,0,0,0,0
ETH,wanETH,2024-11-29T00:00:00.000Z,2024-11-29,2.30715875,8271.519006630668,0.51218029,1836.2451427484857,1.79497846,6435.273863882181,0,0,0.00002137,0.0766108681,0,0,0.007666225885714285,0.001361497919047619,0.22199611904240935,0,0,0,0
ETH,wanETH,2024-11-30T00:00:00.000Z,2024-11-30,2.30716923,8464.915148380445,0.51219077,1879.208285311155,1.79497846,6585.70686306929,0,0,0.0000204,0.0748912331,0,0,0.007666348415,0.00136154135,0.2219996536608952,0,0,0,0
ETH,wanETH,2024-12-01T00:00:00.000Z,2024-12-01,2.30717979,8558.563646753848,0.51220133,1900.0286525135716,1.79497846,6658.534994240276,0,0,0.00002137,0.0792714431,0,0,0.007666471866666667,0.0013615851142857144,0.22200321474174553,0,0,0,0
ETH,wanETH,2024-12-02T00:00:00.000Z,2024-12-02,2.30719046,8415.539702229767,0.512212,1868.3070485358523,1.79497846,6547.2326536939145,0,0,0.00002087,0.0761015429,0,0,0.007666596590476191,0.001361629342857143,0.22200681304319753,0,0,0,0
ETH,wanETH,2024-12-03T00:00:00.000Z,2024-12-03,2.30392843,8314.494336981696,0.51222272,1848.5148943976,1.79170571,6465.9794425840955,0,0,0.00002137,0.0771298641,0,0,0.007677693395238095,0.0013655733095238095,0.22232692050768146,0,0,0,0
ETH,wanETH,2024-12-04T00:00:00.000Z,2024-12-04,2.29575702,8595.12048837178,0.51223319,1917.757976615415,1.78352383,6677.362511756365,0,0,0.0000204,0.0764204607,0,0,0.00770524482,0.001375365805,0.22312169168365048,0,0,0,0
ETH,wanETH,2024-12-05T00:00:00.000Z,2024-12-05,2.29576752,8886.261261154881,0.51224369,1982.749244164962,1.78352383,6903.512016989919,0,0,0.00002087,0.0808061447,0,0,0.007705367995238095,0.0013754097,0.22312524516275029,0,0,0,0
ETH,wanETH,2024-12-06T00:00:00.000Z,2024-12-06,2.29577824,9036.779190192852,0.51225441,2016.3665284141143,1.78352383,7020.412661778738,0,0,0.00002137,0.0841082665,0,0,0.007705493742857143,0.0013754545047619047,0.22312887224976943,0,0,0,0
ETH,wanETH,2024-12-07T00:00:00.000Z,2024-12-07,2.29578881,9288.64782255503,0.51226498,2072.598690804615,1.78352383,7216.049131750415,0,0,0.0000209,0.0845633247,0,0,0.007705617765,0.001375498695,0.22313245003537754,0,0,0,0
ETH,wanETH,2024-12-08T00:00:00.000Z,2024-12-08,2.29579924,9155.84364925828,0.51227541,2042.998123930815,1.78352383,7112.845525327465,0,0,0.0000204,0.0813346337,0,0,0.007705740065,0.001375542275,0.2231359777149956,0,0,0,0
ETH,wanETH,2024-12-09T00:00:00.000Z,2024-12-09,2.29580981,8904.19479863471,0.51228598,1986.87788255206,1.78352383,6917.31691608265,0,0,0.0000214,0.082967927,0,0,0.00770586412,0.001375586485,0.22313955611985967,0,0,0,0
ETH,wanETH,2024-12-10T00:00:00.000Z,2024-12-10,2.29582071,8445.4851530778,0.5122968800000001,1884.552860467665,1.78352383,6560.932292610135,0,0,0.0000214,0.0787680243,0,0,0.00770599198,0.00137563204,0.22314324446481135,0,0,0,0
ETH,wanETH,2024-12-11T00:00:00.000Z,2024-12-11,2.29583136,8536.076854546909,0.51230753,1904.798815033915,1.78352383,6631.278039512995,0,0,0.0000214,0.0795867941,0,0,0.0077061169,0.00137567657,0.22314684818093541,0,0,0,0
ETH,wanETH,2024-12-12T00:00:00.000Z,2024-12-12,2.29584201,8975.44858423301,0.51231818,2002.875424611215,1.78352383,6972.573159621795,0,0,0.0000209,0.0817163731,0,0,0.00770624183,0.001375721075,0.22315045186359314,0,0,0,0
ETH,wanETH,2024-12-13T00:00:00.000Z,2024-12-13,2.29585258,8964.39057763301,0.51232875,2000.43986396735,1.78352383,6963.95071366566,0,0,0.0000209,0.0815976088,0,0,0.00770636573,0.00137576523,0.22315402590552133,0,0,0,0
ETH,wanETH,2024-12-14T00:00:00.000Z,2024-12-14,2.2958631,8940.947193630074,0.51233927,1995.240145221485,1.78352383,6945.70704840859,0,0,0.0000204,0.0794544012,0,0,0.00770648919,0.001375809225,0.22315758722588563,0,0,0,0
ETH,wanETH,2024-12-15T00:00:00.000Z,2024-12-15,2.2958735900000002,8907.8242275838,0.51234976,1987.88018089956,1.78352383,6919.94404668424,0,0,0.0000209,0.0810824682,0,0,0.00770661221,0.00137585307,0.2231611358248917,0,0,0,0
ETH,wanETH,2024-12-16T00:00:00.000Z,2024-12-16,2.29588408,9120.869065882966,0.51236025,2035.45592058473,1.78352383,7085.413145298235,0,0,0.0000214,0.0850679773,0,0,0.007706735225,0.00137589691,0.22316468439148274,0,0,0,0
ETH,wanETH,2024-12-17T00:00:00.000Z,2024-12-17,2.2958949,9144.619267939233,0.51237107,2040.7894980372714,1.78352383,7103.829769901962,0,0,0.00002137,0.0851187858,0,0,0.0077068621904761905,0.0013759421523809525,0.22316834663770177,0,0,0,0
ETH,wanETH,2024-12-18T00:00:00.000Z,2024-12-18,2.2959055,8804.856677264732,0.52564079,2015.4840236658526,1.77026471,6789.372653598879,0,0,0.00002136,0.0818505453,0,0,0.007907233363157894,0.0014493781052631579,0.22894703840363886,0.0002999,1.165009534,4.28414,4.4491699
ETH,wanETH,2024-12-19T00:00:00.000Z,2024-12-19,2.45327918,8800.106494663682,0.63029048,2263.689086660624,1.8229887,6536.417408003057,0,0,0.00002796,0.1005584923,0,0,0.008913993538095239,0.0018482395,0.2579633376126215,0.000923,3.33958937,2.14638,2.07250589316
ETH,wanETH,2024-12-20T00:00:00.000Z,2024-12-20,2.62638998,8831.68021511443,0.6347004900000001,2134.2877094656196,1.99168949,6697.39250564881,0,0,0.00002563,0.0861495538,0,0,0.008348201975,0.001613959205,0.24166269767750342,0,0,0,0
ETH,wanETH,2024-12-21T00:00:00.000Z,2024-12-21,2.62640411,9013.20017989826,0.63471462,2178.190893093155,1.99168949,6835.009286805105,0,0,0.00002502,0.0858638708,0,0,0.008348343545,0.001614013835,0.2416667789603951,0,0,0,0
ETH,wanETH,2024-12-22T00:00:00.000Z,2024-12-22,2.6264193000000002,8732.571408901347,0.67063457,2229.766548988881,1.95578473,6502.804859912467,0,0,0.00002923,0.0971993796,0,0,0.008822827766666666,0.0018025286761904763,0.25534177566835947,0.000377,1.25845616,2.13776,1.93454880992
ETH,wanETH,2024-12-23T00:00:00.000Z,2024-12-23,2.6264411500000002,8735.914150516901,0.66252425,2203.1771362513214,1.9639169,6532.737014265579,0,0,0.00002711,0.0901667859,0,0,0.008715611936842105,0.0017599316263157895,0.252251733545992,0,0,0,0
ETH,wanETH,2024-12-24T00:00:00.000Z,2024-12-24,2.6264730199999997,9016.73720027279,0.63475938,2179.14244816635,1.99171364,6837.59475210644,0,0,0.00002692,0.0923723692,0,0,0.008348714775,0.00161415709,0.2416774808629858,0,0,0,0
ETH,wanETH,2024-12-25T00:00:00.000Z,2024-12-25,2.6264871,9132.34817262121,0.63477346,2207.1200120684107,1.99171364,6925.2281605528,0,0,0.0000257,0.0893606677,0,0,0.008348855794736843,0.0016142115052631579,0.24168154596655667,0,0,0,0
ETH,wanETH,2024-12-26T00:00:00.000Z,2024-12-26,2.62650126,8903.178484297794,0.63478762,2151.770160678255,1.99171364,6751.40832361954,0,0,0.00002692,0.0912226124,0,0,0.008348997605,0.001614266215,0.2416856340170841,0,0,0,0
ETH,wanETH,2024-12-27T00:00:00.000Z,2024-12-27,2.62651557,8827.748990425634,0.6348019300000001,2133.576541678775,1.99171364,6694.17244874686,0,0,0.00002629,0.0883587908,0,0,0.00834914087,0.001614321515,0.24168976408484272,0,0,0,0
ETH,wanETH,2024-12-28T00:00:00.000Z,2024-12-28,2.62652991,8815.917520333725,0.6348162700000001,2130.7535923805854,1.99171364,6685.16392795314,0,0,0.00002629,0.0882502629,0,0,0.008349284475,0.001614376925,0.24169390392366483,0,0,0,0
ETH,wanETH,2024-12-29T00:00:00.000Z,2024-12-29,2.62654416,8872.362374955015,0.6348305200000001,2144.432371723795,1.99171364,6727.93000323122,0,0,0.00002692,0.09090971590000001,0,0,0.008349427225,0.00161443202,0.2416980191771403,0,0,0,0
ETH,wanETH,2024-12-30T00:00:00.000Z,2024-12-30,2.6265585099999997,8880.258755366422,0.63484487,2146.3776690194313,1.99171364,6733.88108634699,0,0,0.0000257,0.0868914305,0,0,0.008349570931578947,0.0016144874736842105,0.24170216181292975,0,0,0,0
ETH,wanETH,2024-12-31T00:00:00.000Z,2024-12-31,2.62657274,8838.313551995356,0.6348591,2136.275826084135,1.99171364,6702.03772591122,0,0,0.00002692,0.0905873058,0,0,0.00834971344,0.001614542465,0.2417062700479549,0,0,0,0
ETH,wanETH,2025-01-01T00:00:00.000Z,2025-01-01,2.62658951,8773.524751536335,0.62737347,2095.549749755035,1.99921604,6677.9750017813,0,0,0.00001383,0.0461911422,0,0,0.00825081908,0.001577276705,0.23885479847360602,0,0,0,0
ETH,wanETH,2025-01-02T00:00:00.000Z,2025-01-02,2.62660999,9003.354645249885,0.6048867499999999,2073.3988745096053,2.02172324,6929.95577074028,0,0,0.00001319,0.0451887803,0,0,0.0079538383,0.00146536302,0.23029180388137727,0,0,0,0
ETH,wanETH,2025-01-03T00:00:00.000Z,2025-01-03,2.62662289,9200.12118328437,0.6048996499999999,2118.74743962267,2.02172324,7081.3737436617,0,0,0.00001319,0.0462014526,0,0,0.007953969375,0.001465411215,0.23029558381726392,0,0,0,0
ETH,wanETH,2025-01-04T00:00:00.000Z,2025-01-04,2.62663573,9485.109372988358,0.6049124899999999,2184.4145193060335,2.02172324,7300.694853682324,0,0,0.00001314,0.0474462607,0,0,0.007954099776190476,0.0014654591761904762,0.23029934499642962,0,0,0,0
ETH,wanETH,2025-01-05T00:00:00.000Z,2025-01-05,2.62664871,9535.454008877172,0.60492547,2196.0450805995524,2.02172324,7339.408928277619,0,0,0.00001314,0.0477029846,0,0,0.007954231714285715,0.0014655076952380952,0.23030314971028598,0,0,0,0
ETH,wanETH,2025-01-06T00:00:00.000Z,2025-01-06,2.6266617,9617.902085578118,0.60493846,2215.0697738109952,2.02172324,7402.832311767123,0,0,0.00001347,0.049327984899999996,0,0,0.007954363652380952,0.0014655562142857142,0.23030695438644835,0,0,0,0
ETH,wanETH,2025-01-07T00:00:00.000Z,2025-01-07,2.62667478,9409.559172197558,0.60495154,2167.1226804892144,2.02172324,7242.436491708343,0,0,0.00001314,0.0470986512,0,0,0.007954496623809523,0.001465605119047619,0.2303107893046557,0,0,0,0
ETH,wanETH,2025-01-08T00:00:00.000Z,2025-01-08,2.6266897,8770.82440509238,0.77250178,2573.160232930038,1.85418792,6197.664172162343,0,0,0.0000231,0.0766960119,0,0,0.01017266790952381,0.002577317533333333,0.2940969113438023,0.0043978,14.781049778,2.155,2.090442665
ETH,wanETH,2025-01-09T00:00:00.000Z,2025-01-09,2.6267239,8624.867497601714,1.0447808799999998,3430.545538532514,1.58194302,5194.3219590692,0,0,0.00003956,0.1299028776,0,0,0.013777238833333334,0.0043839234761904764,0.3977505521959417,0,0,0,0
ETH,wanETH,2025-01-10T00:00:00.000Z,2025-01-10,2.62676278,8588.721149838435,1.04481976,3416.245221230475,1.58194302,5172.47592860796,0,0,0.00003864,0.126287526,0,0,0.013777549695,0.00438412065,0.3977594657300668,0,0,0,0
ETH,wanETH,2025-01-11T00:00:00.000Z,2025-01-11,2.6268017099999996,8570.160905607834,1.0448586899999999,3408.9392209666335,1.58194302,5161.2216846412,0,0,0.00004048,0.132076948,0,0,0.013777860995238094,0.004384318085714285,0.3977683917722241,0,0,0,0
ETH,wanETH,2025-01-12T00:00:00.000Z,2025-01-12,2.62684109,8595.121592340847,1.04489807,3418.9452730172475,1.58194302,5176.1763193236,0,0,0.00004048,0.1324621428,0,0,0.013778175871428572,0.0043845178,0.39777742038859404,0,0,0,0
ETH,wanETH,2025-01-13T00:00:00.000Z,2025-01-13,2.62688039,8249.136552903728,1.04493737,3281.3940326705288,1.58194302,4967.7425202332,0,0,0.00003956,0.1241494368,0,0,0.013778490052380953,0.004384717080952381,0.3977864290846823,0,0,0,0
ETH,wanETH,2025-01-14T00:00:00.000Z,2025-01-14,2.6269195099999996,8385.762839038991,1.0449764899999998,3335.818039649391,1.58194302,5049.9447993896,0,0,0.00003956,0.126333112,0,0,0.013778802852380952,0.004384915495238095,0.39779539821201954,0,0,0,0
ETH,wanETH,2025-01-15T00:00:00.000Z,2025-01-15,2.62695864,8638.92438269793,1.0450156199999998,3436.6023117847285,1.58194302,5202.3220709132,0,0,0.00003956,0.1300508504,0,0,0.013779115647619048,0.00438511390952381,0.3978043670725421,0,0,0,0
ETH,wanETH,2025-01-16T00:00:00.000Z,2025-01-16,2.62699887,8807.6876847412,1.11648442,3742.1907733874955,1.51051445,5065.4969113537045,0,0,0.00004631,0.1552605856,0,0,0.014729255476190476,0.005059646119047619,0.4250035982796624,0.0025,8.32465,2.16362,2.4665268
ETH,wanETH,2025-01-17T00:00:00.000Z,2025-01-17,2.62705386,8943.21133630828,1.29511084,4408.912597544233,1.33194302,4534.298738764048,0,0,0.00006064,0.2064332414,0,0,0.01710419281904762,0.006745754519047619,0.49298983238748056,0,0,0,0
ETH,wanETH,2025-01-18T00:00:00.000Z,2025-01-18,2.6271129799999997,8729.47918609331,1.29516996,4303.643643601979,1.33194302,4425.83554249133,0,0,0.00005924,0.1968519422,0,0,0.017104592005,0.00674606807,0.4930012410195491,0,0,0,0
ETH,wanETH,2025-01-19T00:00:00.000Z,2025-01-19,2.62717201,8668.249108783977,1.2952289899999998,4273.556392014776,1.33194302,4394.6927167692,0,0,0.00006064,0.1999680684,0,0,0.017104990638095237,0.0067463811904761905,0.4930126338070233,0,0,0,0
ETH,wanETH,2025-01-20T00:00:00.000Z,2025-01-20,2.62723251,8693.072339247952,1.2952894899999998,4285.896145088447,1.33194302,4407.176194159505,0,0,0.00006206,0.2053394426,0,0,0.017105399133333334,0.006746702052380952,0.4930243083618569,0,0,0,0
ETH,wanETH,2025-01-21T00:00:00.000Z,2025-01-21,2.62729281,8619.466496640951,1.29534979,4249.707118947571,1.33194302,4369.759377693381,0,0,0.00006064,0.1989716356,0,0,0.017105806261904763,0.006747021876190476,0.49303594406249945,0,0,0,0
ETH,wanETH,2025-01-22T00:00:00.000Z,2025-01-22,2.62735344,8666.734051049914,1.2954104199999998,4273.112597023943,1.33194302,4393.621454025972,0,0,0.00006206,0.2047398192,0,0,0.01710621560952381,0.006747343433333333,0.4930476430865942,0,0,0,0
ETH,wanETH,2025-01-23T00:00:00.000Z,2025-01-23,2.62741387,8500.807675861943,1.2954708499999998,4191.4024419562475,1.33194302,4309.405233905695,0,0,0.00006064,0.1961380006,0,0,0.017106623604761905,0.006747663928571428,0.49305930325853164,0,0,0,0
ETH,wanETH,2025-01-24T00:00:00.000Z,2025-01-24,2.62747271,8857.134575626249,1.29552969,4367.19328155383,1.33194302,4489.94129407242,0,0,0.00005924,0.1997814908,0,0,0.017107020805,0.00674797596,0.4930706551283844,0,0,0,0
ETH,wanETH,2025-01-25T00:00:00.000Z,2025-01-25,2.6275319599999998,8709.628062463791,1.2955889399999998,4294.561691557238,1.33194302,4415.066370906552,0,0,0.00006064,0.2009647178,0,0,0.017107420757142857,0.006748290166666666,0.4930820856602535,0,0,0,0
ETH,wanETH,2025-01-26T00:00:00.000Z,2025-01-26,2.62759186,8733.303256630916,1.29564884,4306.336291969953,1.33194302,4426.966964660962,0,0,0.00006064,0.2015690376,0,0,0.017107825104761904,0.006748607833333333,0.49309364209361517,0,0,0,0
ETH,wanETH,2025-01-27T00:00:00.000Z,2025-01-27,2.6276226300000003,8230.05440765733,1.12803619,3536.2863011955146,1.49958644,4693.768106461815,0,0,0.0000548,0.1717965454,0,0,0.014882051742857142,0.005295719804761905,0.4292984412461401,0,0,0,0
ETH,wanETH,2025-01-28T00:00:00.000Z,2025-01-28,2.6275986700000002,8331.672485471547,0.8217992000000001,2609.7363046110668,1.80579947,5721.936180860481,0,0,0.00003901,0.1237950718,0,0,0.01081829641904762,0.0027504429904761903,0.31275622053206314,0,0,0,0
ETH,wanETH,2025-01-29T00:00:00.000Z,2025-01-29,2.62749678,8198.285438981233,0.50066891,1562.181425611462,2.12682787,6636.104013369772,0,0,0.00002281,0.0711792736,0,0,0.006576722061904762,0.0010025543095238095,0.190549771101132,0,0,0,0
ETH,wanETH,2025-01-30T00:00:00.000Z,2025-01-30,2.62750561,8441.86034746742,0.50067774,1608.6176205018191,2.12682787,6833.2427269656,0,0,0.00002281,0.0732910783,0,0,0.006576816247619048,0.0010025829809523809,0.19055249134100188,0,0,0,0
ETH,wanETH,2025-01-31T00:00:00.000Z,2025-01-31,2.62751435,8609.016277362283,0.50068648,1640.4927458845211,2.12682787,6968.523531477763,0,0,0.00002289,0.0750001565,0,0,0.006576909494736842,0.0010026113631578946,0.19055518416101355,0,0,0,0
ETH,wanETH,2025-02-01T00:00:00.000Z,2025-02-01,2.62752338,8564.611513703569,0.50069551,1632.0548802736844,2.12682787,6932.556633429885,0,0,0.00002288,0.0746449595,0,0,0.0065770058526315785,0.001002640694736842,0.19055796678773662,0,0,0,0
ETH,wanETH,2025-02-02T00:00:00.000Z,2025-02-02,2.6275323100000003,8032.0695627315945,0.50070444,1530.5967918583524,2.12682787,6501.472770873243,0,0,0.00002391,0.0730487833,0,0,0.006577101066666666,0.001002669680952381,0.1905607166436259,0,0,0,0
ETH,wanETH,2025-02-03T00:00:00.000Z,2025-02-03,2.62754119,6948.813978377475,0.50071332,1324.190105580385,2.12682787,5624.62387279709,0,0,0.0000223,0.0589730289,0,0,0.006577195825,0.00100269852,0.1905634529830702,0,0,0,0
ETH,wanETH,2025-02-04T00:00:00.000Z,2025-02-04,2.62754998,7292.967222709921,0.50072211,1389.7927037789302,2.12682787,5903.17451893099,0,0,0.0000234,0.0648819034,0,0,0.00657728957,0.001002727055,0.1905661601925436,0,0,0,0
ETH,wanETH,2025-02-05T00:00:00.000Z,2025-02-05,2.62755903,7265.681603906155,0.50073116,1384.613333855945,2.12682787,5881.06827005021,0,0,0.00002285,0.0631494796,0,0,0.006577386115,0.00100275644,0.1905689482482828,0,0,0,0
ETH,wanETH,2025-02-06T00:00:00.000Z,2025-02-06,2.6275678,7296.512937605405,0.50073993,1390.5084209995857,2.12682787,5906.004516605819,0,0,0.00002281,0.0632996236,0,0,0.006577479652380952,0.0010027849238095237,0.19057164956808137,0,0,0,0
ETH,wanETH,2025-02-07T00:00:00.000Z,2025-02-07,2.62757656,7110.960344755343,0.50074869,1355.1665911813905,2.12682787,5755.793753573952,0,0,0.00002281,0.061665533,0,0,0.006577573104761905,0.001002813361904762,0.19057434809742535,0,0,0,0
ETH,wanETH,2025-02-08T00:00:00.000Z,2025-02-08,2.6275856500000003,6893.111387157121,0.50075778,1313.6695098153843,2.12682787,5579.4418773417365,0,0,0.00002289,0.0600477675,0,0,0.006577670052631579,0.0010028428789473683,0.19057714777821677,0,0,0,0
ETH,wanETH,2025-02-09T00:00:00.000Z,2025-02-09,2.62759441,6945.234803100405,0.50076654,1323.6217451752818,2.12682787,5621.613057925123,0,0,0.00002332,0.0616392226,0,0,0.006577763454545455,0.0010028713136363636,0.190579845216985,0,0,0,0
ETH,wanETH,2025-02-10T00:00:00.000Z,2025-02-10,2.62760331,6956.093092733037,0.50077544,1325.7102764515762,2.12682787,5630.382816281462,0,0,0.00002281,0.0604026436,0,0,0.006577858442857143,0.0010029002238095238,0.19058258835804315,0,0,0,0
ETH,wanETH,2025-02-11T00:00:00.000Z,2025-02-11,2.62761208,7018.403103580281,0.50078421,1337.6043390280572,2.12682787,5680.7987645522235,0,0,0.00002281,0.0609074591,0,0,0.006577951985714286,0.0010029287095238094,0.19058528989485135,0,0,0,0
ETH,wanETH,2025-02-12T00:00:00.000Z,2025-02-12,2.62762093,6913.6110800342385,0.50079306,1317.6514792163143,2.12682787,5595.959600817924,0,0,0.00002281,0.0600029802,0,0,0.0065780463952380954,0.0010029574523809524,0.19058801605678127,0,0,0,0
ETH,wanETH,2025-02-13T00:00:00.000Z,2025-02-13,2.62762982,7059.297590752329,0.50080195,1345.4367805733666,2.12682787,5713.860810178962,0,0,0.00002281,0.0612782186,0,0,0.0065781412190476195,0.0010029863142857142,0.1905907545218735,0,0,0,0
ETH,wanETH,2025-02-14T00:00:00.000Z,2025-02-14,2.62763875,7125.659597659501,0.50081088,1358.1044859644478,2.12682787,5767.555111695053,0,0,0.00002336,0.0633667293,0,0,0.006578236471428572,0.0010030153238095238,0.19059350528986213,0,0,0,0
ETH,wanETH,2025-02-15T00:00:00.000Z,2025-02-15,2.62764772,7115.365938971409,0.50081985,1356.162171379224,2.12682787,5759.203767592186,0,0,0.00002336,0.0632623542,0,0,0.006578332147619047,0.001003044442857143,0.19059626836049534,0,0,0,0
ETH,wanETH,2025-02-16T00:00:00.000Z,2025-02-16,2.62765642,7088.577467832845,0.50082855,1351.07539607731,2.12682787,5737.502071755535,0,0,0.00002175,0.0586739401,0,0,0.006578424925,0.0010030727,0.19059894762777319,0,0,0,0
ETH,wanETH,2025-02-17T00:00:00.000Z,2025-02-17,2.62766512,7133.121125386105,0.50083725,1359.5845635004714,2.12682787,5773.536561885633,0,0,0.00002281,0.0618948989,0,0,0.006578517747619047,0.0010031009523809524,0.190601628109287,0,0,0,0
ETH,wanETH,2025-02-18T00:00:00.000Z,2025-02-18,2.6276827,7052.131522943146,0.88215721,2362.721871682218,1.74552549,4689.409651260928,0,0,0.00005541,0.1482795408,0,0,0.011618885945454545,0.0032505523681818182,0.335716639888688,0.00466036,12.7582947432,2.155,1.72799968
ETH,wanETH,2025-02-19T00:00:00.000Z,2025-02-19,2.62771589,7100.736617868724,0.96692426,2612.8679716733236,1.66079163,4487.8686461954,0,0,0.00005964,0.1611619912,0,0,0.012739210542857142,0.003750131976190476,0.36797138673116286,0,0,0,0
ETH,wanETH,2025-02-20T00:00:00.000Z,2025-02-20,2.62774899,7177.3022539843805,0.96695736,2641.099035383881,1.66079163,4536.2032186005,0,0,0.00006107,0.1668029868,0,0,0.012739487919047618,0.0037502947666666667,0.367979347973245,0,0,0,0
ETH,wanETH,2025-02-21T00:00:00.000Z,2025-02-21,2.62778254,7169.737102868091,0.96699091,2638.372827153182,1.66079163,4531.364275714909,0,0,0.00006248,0.170472704,0,0,0.012739769,0.003750459740909091,0.3679874160426834,0,0,0,0
ETH,wanETH,2025-02-22T00:00:00.000Z,2025-02-22,2.62781659,7147.2360627889575,0.96702496,2630.151719262386,1.66079163,4517.0843435265715,0,0,0.00006107,0.1660124701,0,0,0.01274005439047619,0.0037506272428571427,0.3679956073666522,0,0,0,0
ETH,wanETH,2025-02-23T00:00:00.000Z,2025-02-23,2.62785168,7342.626276170086,1.15770136,3237.4075206561683,1.47015032,4105.218755513918,0,0,0.00008399,0.2349772303,0,0,0.015285251004545454,0.006051793386363636,0.44054989409099515,0.00699026,19.6865294328,4.31,3.30530452
ETH,wanETH,2025-02-24T00:00:00.000Z,2025-02-24,2.6279597100000003,7076.368289648238,2.01569526,5427.708935853738,0.61226445,1648.6593537945,0,0,0.00020322,0.5473653777,0,0,0.02673776509047619,0.016406700957142858,0.7670190875774779,0,0,0,0
ETH,wanETH,2025-02-25T00:00:00.000Z,2025-02-25,2.62810253,6421.368615130519,2.01583808,4925.393437441019,0.61226445,1495.9751776895,0,0,0.00019845,0.4848824295,0,0,0.0267382123,0.016407246204761906,0.7670317488916027,0,0,0,0
ETH,wanETH,2025-02-26T00:00:00.000Z,2025-02-26,2.62824928,6391.451563539991,2.01598483,4902.528784398513,0.61226445,1488.9227791414773,0,0,0.00021267,0.5174404956,0,0,0.02673867175909091,0.01640780638181818,0.7670447566538088,0,0,0,0
ETH,wanETH,2025-02-27T00:00:00.000Z,2025-02-27,2.62839572,6124.092580113086,2.01613127,4697.532447110586,0.61226445,1426.5601330025,0,0,0.00019845,0.4623833025,0,0,0.0267391302,0.016408365338095237,0.76705773583149,0,0,0,0
ETH,wanETH,2025-02-28T00:00:00.000Z,2025-02-28,2.62853854,5713.393218140505,2.01627409,4382.574918066005,0.61226445,1330.8183000745,0,0,0.00020322,0.4416141942,0,0,0.026739577290476192,0.01640891043809524,0.7670703929376437,0,0,0,0
ETH,wanETH,2025-03-01T00:00:00.000Z,2025-03-01,2.62868585,5831.097189793869,2.0164214,4472.937955655073,0.61226445,1358.1592341387955,0,0,0.00021269,0.4718527446,0,0,0.0267400383,0.016409472572727273,0.7670834455927882,0,0,0,0
ETH,wanETH,2025-03-02T00:00:00.000Z,2025-03-02,2.62883463,6093.4792696294335,2.01657018,4674.288468168934,0.61226445,1419.1908014605,0,0,0.00020324,0.4718524613,0,0,0.026740503933333333,0.016410040323809525,0.767096628270459,0,0,0,0
ETH,wanETH,2025-03-03T00:00:00.000Z,2025-03-03,2.62897923,6103.519997736872,2.01671478,4682.0667333563715,0.61226445,1421.4532643805,0,0,0.00020324,0.4708479693,0,0,0.026740956404761904,0.016410592038095237,0.7671094383322811,0,0,0,0
ETH,wanETH,2025-03-04T00:00:00.000Z,2025-03-04,2.6291236700000002,5527.717253152786,2.01685922,4240.435037236286,0.61226445,1287.2822159165,0,0,0.00019845,0.4172398965,0,0,0.026741408314285713,0.016411143085714286,0.7671222327295317,0,0,0,0
ETH,wanETH,2025-03-05T00:00:00.000Z,2025-03-05,2.62926795,5781.581691600204,2.0170035,4435.253858343704,0.61226445,1346.3278332565,0,0,0.00020324,0.4467129405,0,0,0.02674185968095238,0.016411693466666665,0.7671350114615296,0,0,0,0
ETH,wanETH,2025-03-06T00:00:00.000Z,2025-03-06,2.6294135,5926.900212182309,2.01714905,4546.808830538445,0.61226445,1380.0913816438635,0,0,0.0002079,0.468622665,0,0,0.026742314986363636,0.01641224866818182,0.7671479019325327,0,0,0,0
ETH,wanETH,2025-03-07T00:00:00.000Z,2025-03-07,2.6295611500000002,5716.488073592847,2.0172967,4385.466560031848,0.61226445,1331.021513561,0,0,0.0002034,0.4420535103,0,0,0.0267427768,0.01641281181904762,0.7671609766776184,0,0,0,0
ETH,wanETH,2025-03-08T00:00:00.000Z,2025-03-08,2.62970686,5693.726629271769,2.01744241,4368.078637427973,0.61226445,1325.6479918437954,0,0,0.00020878,0.4520412507,0,0,0.026743232486363636,0.01641336749090909,0.7671738775756559,0,0,0,0
ETH,wanETH,2025-03-09T00:00:00.000Z,2025-03-09,2.62985198,5590.127288956042,2.01758753,4288.670859467543,0.61226445,1301.4564294885,0,0,0.00019929,0.4236196497,0,0,0.0267436863,0.016413920904761906,0.767186725791352,0,0,0,0
ETH,wanETH,2025-03-10T00:00:00.000Z,2025-03-10,2.6299961400000003,5304.98673614281,2.01773169,4069.98257451231,0.61226445,1235.0041616305,0,0,0.00020404,0.4118026396,0,0,0.026744137057142858,0.01641447057142857,0.767199486908046,0,0,0,0
ETH,wanETH,2025-03-11T00:00:00.000Z,2025-03-11,2.63014223,4997.295405555341,2.01787778,3833.9873845148863,0.61226445,1163.3080210404546,0,0,0.00020878,0.396683898,0,0,0.02674459375,0.016415027559090908,0.7672124175101165,0,0,0,0
ETH,wanETH,2025-03-12T00:00:00.000Z,2025-03-12,2.63028976,4970.4280865389,2.01802531,3813.4389526819,0.61226445,1156.989133857,0,0,0.00020404,0.3855191004,0,0,0.02674505497142857,0.016415589990476192,0.7672254744961068,0,0,0,0
ETH,wanETH,2025-03-13T00:00:00.000Z,2025-03-13,2.63043247,4933.008323295019,2.01816802,3784.791772788519,0.61226445,1148.2165505065,0,0,0.00019929,0.3737405893,0,0,0.026745501033333334,0.016416134,0.7672381035701592,0,0,0,0
ETH,wanETH,2025-03-14T00:00:00.000Z,2025-03-14,2.6305786700000002,5007.629042964791,2.01831422,3842.1087991456775,0.61226445,1165.5202438191136,0,0,0.00021353,0.4065636256,0,0,0.026745957981818183,0.01641669125,0.7672510398381973,0,0,0,0
ETH,wanETH,2025-03-15T00:00:00.000Z,2025-03-15,2.63072739,5074.207556614452,2.01846294,3893.2578908384526,0.61226445,1180.949665776,0,0,0.00020404,0.3935693997,0,0,0.02674642270952381,0.016417258042857142,0.7672641973320679,0,0,0,0
ETH,wanETH,2025-03-16T00:00:00.000Z,2025-03-16,2.63087123,5010.979569963567,2.01860678,3844.808801792567,0.61226445,1166.170768171,0,0,0.00019929,0.3795846262,0,0,0.02674687217142857,0.016417806204761905,0.7672769221214293,0,0,0,0
ETH,wanETH,2025-03-17T00:00:00.000Z,2025-03-17,2.6310163600000003,5033.276037356427,2.01875191,3861.9813048677456,0.61226445,1171.2947324886818,0,0,0.00020878,0.3994073382,0,0,0.026747325581818183,0.0164183592,0.7672897589562093,0,0,0,0
ETH,wanETH,2025-03-18T00:00:00.000Z,2025-03-18,2.63116422,4994.164850421833,2.01889977,3832.036776947833,0.61226445,1162.128073474,0,0,0.00020404,0.3873001553,0,0,0.02674778750952381,0.01641892257142857,0.7673028363691784,0,0,0,0
ETH,wanETH,2025-03-19T00:00:00.000Z,2025-03-19,2.6313074299999997,5221.208672857638,2.04932869,4067.936852276281,0.58197874,1153.2718205813571,0,0,0.00020396,0.4049521568,0,0,0.027154982166666668,0.01692527309047619,0.7788250628273385,0.000795,1.6040238,2.14638,1.58274705114
ETH,wanETH,2025-03-20T00:00:00.000Z,2025-03-20,2.63148344,5263.784569083686,2.0625595,4126.637040553245,0.56892394,1137.147528530441,0,0,0.00022449,0.4491576994,0,0,0.027330846154545455,0.017143966145454544,0.7838014137841333,0,0,0,0
ETH,wanETH,2025-03-21T00:00:00.000Z,2025-03-21,2.63165686,5184.589349723486,2.01934153,3978.2756654523428,0.61231533,1206.3136842711428,0,0,0.00020496,0.403788768,0,0,0.026748643228571428,0.016419966276190478,0.7673270632448095,0,0,0,0
ETH,wanETH,2025-03-22T00:00:00.000Z,2025-03-22,2.6318027699999997,5226.892161387409,2.0332295599999997,4038.167291550727,0.59857321,1188.7248698366818,0,0,0.00021658,0.4301478557,0,0,0.026933558781818183,0.01664679794090909,0.7725614645412822,0.00023254,0.461568646,2.13776,1.52190127264
ETH,wanETH,2025-03-23T00:00:00.000Z,2025-03-23,2.6319538600000003,5269.046373140167,2.04289443,4089.7774447292145,0.58905943,1179.2689284109524,0,0,0.00021311,0.42665746,0,0,0.027061719395238094,0.016804013676190475,0.7761893022157823,0,0,0,0
ETH,wanETH,2025-03-24T00:00:00.000Z,2025-03-24,2.6321024,5427.085482621423,2.03257815,4190.655768405845,0.59952425,1236.4297142155772,0.02302335,48.185108748,0.00021651,0.446377774,0.00000366,0.0076599408,0.026921712981818183,0.016632255986363635,0.7722261527326355,0,0,0,0
ETH,wanETH,2025-03-25T00:00:00.000Z,2025-03-25,2.6322486300000003,5434.128351626558,2.02016659,4170.519664695491,0.61208204,1263.6086869310666,0,0,0.00020963,0.4328333629,0,0,0.026753621342857144,0.01642603860952381,0.7674679997654336,0,0,0,0
ETH,wanETH,2025-03-26T00:00:00.000Z,2025-03-26,2.6323931700000003,5377.228634198524,2.02031113,4126.919324126105,0.61208204,1250.309310072419,0,0,0.00020475,0.418245945,0,0,0.02675407231904762,0.016426588766666667,0.7674807672639555,0,0,0,0
ETH,wanETH,2025-03-27T00:00:00.000Z,2025-03-27,2.63253674,5306.431634296143,2.0204547,4072.651453980105,0.61208204,1233.780180316038,0,0,0.00020963,0.422552848,0,0,0.026754520223809523,0.01642713519047619,0.7674934480612311,0,0,0,0
ETH,wanETH,2025-03-28T00:00:00.000Z,2025-03-28,2.63268539,5052.710186073082,2.02060335,3877.987867511409,0.61208204,1174.7223185616726,0,0,0.00021938,0.4209452748,0,0,0.026754983927272727,0.016427700877272727,0.7675065758544287,0,0,0,0
ETH,wanETH,2025-03-29T00:00:00.000Z,2025-03-29,2.6328341800000006,4898.940814925791,2.0207521400000004,3760.0333508097524,0.61208204,1138.907464116038,0,0,0.00020963,0.3899644036,0,0,0.026755448023809525,0.01642826707142857,0.7675197150967256,0,0,0,0
ETH,wanETH,2025-03-30T00:00:00.000Z,2025-03-30,2.63297936,4803.184558031386,2.02089732,3686.600308849424,0.61208204,1116.584249181962,0,0,0.00020963,0.3823368145,0,0,0.026755900809523808,0.016428819476190477,0.7675325337564909,0,0,0,0
ETH,wanETH,2025-03-31T00:00:00.000Z,2025-03-31,2.6331237300000003,4776.6624060806,2.02104169,3666.304780051267,0.61208204,1110.3576260293332,0,0,0.00020963,0.3803478132,0,0,0.026756351023809525,0.016429368747619046,0.7675452799595271,0,0,0,0
ETH,wanETH,2025-04-01T00:00:00.000Z,2025-04-01,2.63326875,4929.017791231548,2.0211867100000003,3783.3077639100047,0.61208204,1145.7100273215428,0,0,0.00014491,0.2713912898,0,0,0.0267568032,0.01642992043333333,0.7675580816360585,0,0,0,0
ETH,wanETH,2025-04-02T00:00:00.000Z,2025-04-02,2.6334139400000005,4945.6137134884575,2.0213319000000003,3796.1090689865523,0.61208204,1149.5046445019047,0,0,0.00014154,0.26581549,0,0,0.026757255861904763,0.016430472704761903,0.7675708969065876,0,0,0,0
ETH,wanETH,2025-04-03T00:00:00.000Z,2025-04-03,2.63355913,4739.612103338295,2.0214770900000003,3638.0489303532095,0.61208204,1101.5631729850857,0,0,0.00014491,0.2607762953,0,0,0.026757708476190478,0.016431024923809524,0.7675837107626028,0,0,0,0
ETH,wanETH,2025-04-04T00:00:00.000Z,2025-04-04,2.6337078700000003,4758.2363228996,2.02162583,3652.4071765692365,0.61208204,1105.8291463303635,0,0,0.00015165,0.2740132172,0,0,0.026758172095454544,0.016431590604545455,0.7675968363510945,0,0,0,0
ETH,wanETH,2025-04-05T00:00:00.000Z,2025-04-05,2.63385627,4744.90283986809,2.02177423,3642.2344215993476,0.61208204,1102.668418268743,0,0,0.00014491,0.2610841448,0,0,0.026758634614285716,0.016432154923809523,0.7676099306857316,0,0,0,0
ETH,wanETH,2025-04-06T00:00:00.000Z,2025-04-06,2.63400049,4583.532629316591,2.0219184500000003,3518.4227308928002,0.61208204,1065.1098984237906,0,0,0.00014491,0.2523303676,0,0,0.026759084052380953,0.016432703323809524,0.7676226547875209,0,0,0,0
ETH,wanETH,2025-04-07T00:00:00.000Z,2025-04-07,2.63414665,4062.0863082113187,2.02206461,3118.2018810182713,0.61208204,943.8844271930476,0,0,0.00014495,0.2235142933,0,0,0.0267595395,0.016433259042857144,0.7676355487994595,0,0,0,0
ETH,wanETH,2025-04-08T00:00:00.000Z,2025-04-08,2.6342919700000005,4062.0929672966095,2.0222099300000003,3118.258672537314,0.61208204,943.8342947592953,0,0,0.00014511,0.2239207359,0,0,0.026759992276190477,0.016433811514285714,0.7676483677087278,0,0,0,0
ETH,wanETH,2025-04-09T00:00:00.000Z,2025-04-09,2.6344378500000003,3979.246222151972,2.02235581,3054.7137887902572,0.61208204,924.5324333617143,0,0,0.00014511,0.2188718226,0,0,0.026760446723809523,0.016434366023809523,0.7676612332911926,0,0,0,0
ETH,wanETH,2025-04-10T00:00:00.000Z,2025-04-10,2.63458243,4163.373314324343,2.0225003900000003,3196.112891088419,0.61208204,967.2604232359238,0,0,0.00014511,0.2293839486,0,0,0.026760897095238094,0.016434915585714287,0.7676739839002171,0,0,0,0
ETH,wanETH,2025-04-11T00:00:00.000Z,2025-04-11,2.63472975,4101.435325214073,2.02264771,3148.6186205295453,0.61208204,952.8167046845273,0,0,0.00015186,0.2364522609,0,0,0.026761355945454545,0.016435475490909093,0.7676869741644584,0,0,0,0
ETH,wanETH,2025-04-12T00:00:00.000Z,2025-04-12,2.6348788499999998,4225.26936130248,2.02279681,3243.7401398436045,0.61208204,981.5292214588762,0,0,0.00014511,0.2328517071,0,0,0.02676182029047619,0.01643604212857143,0.7677001203643866,0,0,0,0
ETH,wanETH,2025-04-13T00:00:00.000Z,2025-04-13,2.6350247200000005,4236.917229756624,2.0229426800000003,3252.7362357263573,0.61208204,984.1809940302667,0,0,0.00014511,0.2332542093,0,0,0.026762274523809523,0.01643659642857143,0.7677129802144969,0,0,0,0
ETH,wanETH,2025-04-14T00:00:00.000Z,2025-04-14,2.6351704400000004,4309.450145816343,2.0230884000000002,3308.4762438172193,0.61208204,1000.9739019991238,0,0,0.00014514,0.2373922206,0,0,0.02676272821904762,0.016437150076190475,0.7677258246644343,0,0,0,0
ETH,wanETH,2025-04-15T00:00:00.000Z,2025-04-15,2.6353163200000003,4290.791517137014,2.02323428,3294.2065348323285,0.61208204,996.5849823046857,0,0,0.00014514,0.2362842078,0,0,0.02676318239047619,0.016437704314285713,0.7677386826345851,0,0,0,0
ETH,wanETH,2025-04-16T00:00:00.000Z,2025-04-16,2.63546075,4163.795751705667,2.0233787100000002,3196.760050018714,0.61208204,967.0357016869524,0,0,0.00014175,0.2239525125,0,0,0.026763631985714284,0.016438252976190476,0.7677514111534021,0,0,0,0
ETH,wanETH,2025-04-17T00:00:00.000Z,2025-04-17,2.63560631,4194.103179275206,2.0235242700000002,3220.0824556413004,0.61208204,974.0207236339047,0,0,0.00014514,0.2309189937,0,0,0.026764085057142856,0.01643880589047619,0.7677642378432156,0,0,0,0
ETH,wanETH,2025-04-18T00:00:00.000Z,2025-04-18,2.63575464,4185.131664150332,2.0236726000000003,3213.249160358023,0.61208204,971.8825037923091,0,0,0.00015189,0.2411622774,0,0,0.026764546686363636,0.01643936926818182,0.7677773070387276,0,0,0,0
ETH,wanETH,2025-04-19T00:00:00.000Z,2025-04-19,2.6359029100000004,4227.7991125982235,2.02382087,3246.063532051576,0.61208204,981.7355805466476,0,0,0.00014514,0.2327794515,0,0,0.02676500809047619,0.016439932357142858,0.7677903696462567,0,0,0,0
ETH,wanETH,2025-04-20T00:00:00.000Z,2025-04-20,2.6360484299999998,4198.845518129533,2.02396639,3223.886851636238,0.61208204,974.9586664932953,0,0,0.00014515,0.231196969,0,0,0.026765460885714285,0.016440484952380954,0.7678031883418213,0,0,0,0
ETH,wanETH,2025-04-21T00:00:00.000Z,2025-04-21,2.63619339,4261.039329639024,2.02411135,3271.6938205293477,0.61208204,989.3455091096762,0,0,0.00014515,0.234637365,0,0,0.026765911876190478,0.01644103539047619,0.7678159567200327,0,0,0,0
ETH,wanETH,2025-04-22T00:00:00.000Z,2025-04-22,2.63633835,4332.318401580638,2.02425631,3326.4790302987903,0.61208204,1005.8393712818477,0,0,0.00014515,0.2388269065,0,0,0.026766362842857144,0.016441585766666666,0.7678287236959402,0,0,0,0
ETH,wanETH,2025-04-23T00:00:00.000Z,2025-04-23,2.6364845,4711.1319559027625,2.03226841,3631.475557830943,0.60421609,1079.656398071819,0,0,0.00014599,0.2609102882,0,0,0.026872255338095237,0.016573437019047618,0.7708250153538141,0.00082592,1.4747792704,2.13776,1.49311205872
ETH,wanETH,2025-04-24T00:00:00.000Z,2025-04-24,2.63663708,4656.663485055771,2.10714749,3721.5120012626717,0.52948959,935.1514837930999,0,0,0.00015738,0.2779539786,0,0,0.027874354714285714,0.01782130032857143,0.7991799503573682,0,0,0,0
ETH,wanETH,2025-04-25T00:00:00.000Z,2025-04-25,2.63679577,4696.970042859467,2.10730618,3753.781159228067,0.52948959,943.1888836314,0,0,0.00015738,0.2803096278,0,0,0.027874782057142857,0.01782184305238095,0.7991920358157528,0,0,0,0
ETH,wanETH,2025-04-26T00:00:00.000Z,2025-04-26,2.63695463,4746.691763864019,2.10746504,3793.5757068338194,0.52948959,953.1160570302,0,0,0.00015738,0.283307607,0,0,0.027875209823809522,0.017822386333333332,0.7992041331293047,0,0,0,0
ETH,wanETH,2025-04-27T00:00:00.000Z,2025-04-27,2.6371145,4761.964548006318,2.10762491,3805.8396835721637,0.52948959,956.1248644341546,0,0,0.00016471,0.2974014485,0,0,0.02787564025909091,0.01782293299090909,0.7992163059649654,0,0,0,0
ETH,wanETH,2025-04-28T00:00:00.000Z,2025-04-28,2.63729906,4719.751785090795,2.13399995,3818.947022847524,0.50329911,900.8047622432714,0,0,0.00025381,0.4535278532,0,0,0.04775592255714286,0.031087589471428572,0.8091609013607481,0.00055,0.999482,2.13776,1.54349906192
ETH,wanETH,2025-04-29T00:00:00.000Z,2025-04-29,2.6376607499999998,4782.146073756086,2.1631711599999996,3921.8844718726236,0.47448959,860.2616018834619,0,0,0.00039626,0.718308844,0,0,0.06966649081904762,0.04570733184761905,0.8201096970894426,0,0,0,0
ETH,wanETH,2025-04-30T00:00:00.000Z,2025-04-30,2.63805408,4720.320643847981,2.1635644899999997,3871.307156616605,0.47448959,849.0134872313762,0,0,0.00039711,0.7107154237,0,0,0.0697233111952381,0.04574610708095238,0.8201365187749942,0,0,0,0
ETH,wanETH,2025-05-01T00:00:00.000Z,2025-05-01,2.6384570099999998,4821.710431175173,2.1639674199999996,3954.5936460753546,0.47448959,867.1167850998181,0,0,0.00041561,0.7596947332,0,0,0.06978150322272728,0.0457858208,0.820163986468458,0,0,0,0
ETH,wanETH,2025-05-02T00:00:00.000Z,2025-05-02,2.63886356,4847.129926915881,2.1643739699999998,3975.575698737843,0.47448959,871.5542281780381,0,0,0.00038811,0.7128901336,0,0,0.06984020263333333,0.045825883280952384,0.8201916921497587,0,0,0,0
ETH,wanETH,2025-05-03T00:00:00.000Z,2025-05-03,2.6392572199999997,4837.889207281139,2.1647676299999996,3968.1262902790622,0.47448959,869.7629170020762,0,0,0.00039803,0.7295290596,0,0,0.06989702723333334,0.04586466861428572,0.8202185114770264,0,0,0,0
ETH,wanETH,2025-05-04T00:00:00.000Z,2025-05-04,2.63965432,4839.352066594991,2.16516473,3969.456970349986,0.47448959,869.8950962450048,0,0,0.00039854,0.7306274716,0,0,0.06995433564285715,0.04590378654285714,0.8202455577056927,0,0,0,0
ETH,wanETH,2025-05-05T00:00:00.000Z,2025-05-05,2.64006021,4778.496252889318,2.16557062,3919.672467437268,0.47448959,858.8237854520501,0,0,0.0004081,0.7386589595,0,0,0.07001289603636364,0.04594376155,0.8202731933043669,0,0,0,0
ETH,wanETH,2025-05-06T00:00:00.000Z,2025-05-06,2.64046787,4724.394250129514,2.16597828,3875.4248226457808,0.47448959,848.9694274837333,0,0,0.000399,0.7140598623,0,0,0.07007169758095239,0.045983903695238096,0.8203009411868073,0,0,0,0
ETH,wanETH,2025-05-07T00:00:00.000Z,2025-05-07,2.64086265,4810.723867415891,2.1663730599999997,3946.370357687238,0.47448959,864.3535097286524,0,0,0.00039982,0.728292277,0,0,0.07012862675238095,0.046022770004761904,0.8203278040547284,0,0,0,0
ETH,wanETH,2025-05-08T00:00:00.000Z,2025-05-08,2.64126977,5219.695293644819,2.16678018,4282.008103178473,0.47448959,937.6871904663454,0,0,0.0004092,0.808661784,0,0,0.07018732158636364,0.04606284425909091,0.8203554985787663,0,0,0,0
ETH,wanETH,2025-05-09T00:00:00.000Z,2025-05-09,2.64160962,6009.8308891999695,2.16712003,4930.337507598592,0.47448959,1079.493381601377,0,0,0.00035385,0.809694928,0,0,0.0702363065,0.04609629089230769,0.8203786104497076,0,0,0,0
ETH,wanETH,2025-05-10T00:00:00.000Z,2025-05-10,2.64207035,6368.286858689033,2.16758076,5224.6072019604,0.47448959,1143.6796567286333,0,0,0.00042927,1.0348709199,0,0,0.07030269803333333,0.046141625566666664,0.820409933290499,0,0,0,0
ETH,wanETH,2025-05-11T00:00:00.000Z,2025-05-11,2.64246426,6647.1112811162,2.16797467,5453.53366645038,0.47448959,1193.57761466582,0,0,0.00035494,0.8926693533,0,0,0.07035944465999999,0.04618037678,0.820436704258619,0,0,0,0
ETH,wanETH,2025-05-12T00:00:00.000Z,2025-05-12,2.64285855,6632.022296029083,2.16836896,5441.331792355217,0.47448959,1190.6905036738667,0,0,0.00043006,1.0792693698,0,0,0.07041623326666667,0.046219159116666665,0.8204634935874308,0,0,0,0
ETH,wanETH,2025-05-13T00:00:00.000Z,2025-05-13,2.64328912,6718.933152915333,2.16879953,5512.837553886134,0.47448959,1206.0955990292,0,0,0.00043051,1.0934788804,0,0,0.07047823090000001,0.04626150146666667,0.8204927386031476,0,0,0,0
ETH,wanETH,2025-05-14T00:00:00.000Z,2025-05-14,2.64368481,6964.22915384288,2.1691952199999998,5714.28597180178,0.47448959,1249.9431820411,0,0,0.00036537,0.9627522188,0,0,0.07053519202,0.04630040646,0.8205196063637835,0,0,0,0
ETH,wanETH,2025-05-15T00:00:00.000Z,2025-05-15,2.64407966,6768.598856866517,2.16959007,5553.949001345601,0.47448959,1214.6498555209166,0,0,0.00043134,1.1038079717,0,0,0.07059201771666666,0.046339221433333334,0.8205464087844303,0,0,0,0
ETH,wanETH,2025-05-16T00:00:00.000Z,2025-05-16,2.64451151,6843.581448905967,2.17002192,5615.6767266884,0.47448959,1227.9047222175666,0,0,0.00043182,1.1175171574,0,0,0.07065415193333333,0.046381665016666664,0.8205757134152092,0,0,0,0
ETH,wanETH,2025-05-17T00:00:00.000Z,2025-05-17,2.64490714,6561.6650951046,2.17041755,5384.519054940481,0.47448959,1177.14604016412,0,0,0.00035705,0.8858261425,0,0,0.07071106028,0.0464205413,0.8206025518805397,0,0,0,0
ETH,wanETH,2025-05-18T00:00:00.000Z,2025-05-18,2.6453044,6594.258849629134,2.17081481,5411.4432915173,0.47448959,1182.8155581118333,0,0,0.00043262,1.0777989222,0,0,0.07076819023333333,0.0464595714,0.8206294933687788,0,0,0,0
ETH,wanETH,2025-05-19T00:00:00.000Z,2025-05-19,2.64574067,6477.620548578433,2.1712510799999998,5315.918986405616,0.47448959,1161.7015621728167,0,0,0.0004331,1.0600899251,0,0,0.07083091205,0.046502424466666664,0.8206590702559714,0,0,0,0
ETH,wanETH,2025-05-20T00:00:00.000Z,2025-05-20,2.64613873,6656.41254995342,2.17164914,5462.8244965166205,0.47448959,1193.5880534368,0,0,0.00036755,0.9245835775,0,0,0.0708881272,0.04654151772,0.8206860489453783,0,0,0,0
ETH,wanETH,2025-05-21T00:00:00.000Z,2025-05-21,2.6465359299999998,6689.572187792451,2.1720463399999996,5490.218295021167,0.47448959,1199.3538927712834,0,0,0.00043392,1.0966504434,0,0,0.07094520298333333,0.046580518183333336,0.8207129604501142,0,0,0,0
ETH,wanETH,2025-05-22T00:00:00.000Z,2025-05-22,2.64693349,6967.281449064079,2.1724438999999998,5718.32615434936,0.47448959,1248.95529471472,0,0,0.00035882,0.9448662661,0,0,0.07100231888,0.04661954836,0.8207398894634697,0,0,0,0
ETH,wanETH,2025-05-23T00:00:00.000Z,2025-05-23,2.64733588,6935.338790597751,2.17284629,5692.297059643201,0.47448959,1243.04173095455,0,0,0.0004348,1.1392118484,0,0,0.07106011246666667,0.04665904415,0.8207671364953961,0,0,0,0
ETH,wanETH,2025-05-24T00:00:00.000Z,2025-05-24,2.64777116,6746.490493887633,2.17328157,5537.496554279517,0.47448959,1208.9939396081168,0,0,0.00043523,1.1089630492,0,0,0.07112261346666666,0.04670175966666667,0.8207966012326504,0,0,0,0
ETH,wanETH,2025-05-25T00:00:00.000Z,2025-05-25,2.64817118,6639.33651096078,2.1736815899999997,5449.72468028818,0.47448959,1189.6118306726,0,0,0.00036937,0.9261687032,0,0,0.07118003734,0.04674100772,0.8208236709528657,0,0,0,0
ETH,wanETH,2025-05-26T00:00:00.000Z,2025-05-26,2.64857666,6779.387632695581,2.1740870699999997,5564.867808740499,0.47448959,1214.519823955082,0,0,0.00044556,1.1407772948889285,0,0,0.0712382304,0.04678078405,0.820851101758236,0,0,0,0
ETH,wanETH,2025-05-27T00:00:00.000Z,2025-05-27,2.64898695,6931.280833221874,2.1744973599999997,5689.742921115857,0.47448959,1241.5379121060168,0,0,0.00037009,0.9681986445440448,0,0,0.07129709904,0.0468210246,0.8208788495516014,0,0,0,0
ETH,wanETH,2025-05-28T00:00:00.000Z,2025-05-28,2.6493869,7003.073213134785,2.17489731,5748.8638109290305,0.47448959,1254.2094022057545,0,0,0.00043694,1.1546841206004692,0,0,0.07135446798333334,0.046860242516666664,0.8209058889567561,0,0,0,0
ETH,wanETH,2025-05-29T00:00:00.000Z,2025-05-29,2.64982432,7134.1360561468255,2.17533473,5856.664603726804,0.47448959,1277.4714524200215,0,0,0.00043741,1.1776531425638161,0,0,0.07141719748333333,0.046903127616666665,0.8209354532712987,0,0,0,0
ETH,wanETH,2025-05-30T00:00:00.000Z,2025-05-30,2.65022696,6906.267304960343,2.17573737,5669.787372619945,0.47448959,1236.4799323403977,0,0,0.00036166,0.9427679661658668,0,0,0.07147492378,0.0469425948,0.8209626580857321,0,0,0,0
ETH,wanETH,2025-05-31T00:00:00.000Z,2025-05-31,2.65063064,6701.501490954554,2.17614105,5501.865367709338,0.47448959,1199.6361232452164,0,0,0.00043826,1.1079341757835544,0,0,0.07153278321666666,0.04698215555,0.8209899241423264,0,0,0,0
ETH,wanETH,2025-06-01T00:00:00.000Z,2025-06-01,2.65103342,6661.304027519837,2.17654383,5469.044751239034,0.47448959,1192.2592762808033,0,0,0.0003719,0.9346897974745014,0,0,0.07159050164,0.0470216222,0.8210171223072146,0,0,0,0
ETH,wanETH,2025-06-02T00:00:00.000Z,2025-06-02,2.65143852,6673.379832447119,2.17694893,5479.141671163606,0.47448959,1194.238161283513,0,0,0.00043909,1.1051021791011133,0,0,0.07164853601666667,0.04706130741666667,0.8210444678371379,0,0,0,0
ETH,wanETH,2025-06-03T00:00:00.000Z,2025-06-03,2.6518781,6932.116164750572,2.1773885099999997,5691.781264267534,0.47448959,1240.334900483038,0,0,0.00043953,1.1489202295140284,0,0,0.07171149496666666,0.04710436291666667,0.8210741321590566,0,0,0,0
ETH,wanETH,2025-06-04T00:00:00.000Z,2025-06-04,2.65228145,6990.463730633936,2.1777918599999997,5739.879323991489,0.47448959,1250.5844066424468,0,0,0.00036345,0.9580712162124106,0,0,0.07176924886,0.04714386134,0.8211013425011079,0,0,0,0
ETH,wanETH,2025-06-05T00:00:00.000Z,2025-06-05,2.6526852,6850.5124330668405,2.17819561,5625.150448111561,0.47448959,1225.3619849552795,0,0,0.00044041,1.1385475734617254,0,0,0.07182704531666667,0.047183391416666665,0.8211285714004483,0,0,0,0
ETH,wanETH,2025-06-06T00:00:00.000Z,2025-06-06,2.6531260899999998,6565.678779852538,2.1786364999999996,5391.462154641671,0.47448959,1174.2166252108673,0,0,0.00044087,1.0908459198445501,0,0,0.07189014258333333,0.0472265497,0.8211582959283146,0,0,0,0
ETH,wanETH,2025-06-07T00:00:00.000Z,2025-06-07,2.65353321,6635.00767027508,2.17904362,5448.5739708763,0.47448959,1186.43369939878,0,0,0.00037413,0.93530798,0,0,0.07194839184,0.04726639452,0.8211857350830087,0,0,0,0
ETH,wanETH,2025-06-08T00:00:00.000Z,2025-06-08,2.6539388,6693.95970043995,2.17944921,5497.167260638684,0.47448959,1196.7924398012667,0,0,0.00044173,1.1142033957,0,0,0.07200640705,0.04730608175,0.8212130624639152,0,0,0,0
ETH,wanETH,2025-06-09T00:00:00.000Z,2025-06-09,2.65434415,6682.3227925112005,2.17985456,5487.793691785483,0.47448959,1194.5291007257174,0,0,0.00036526,0.9193345117325123,0,0,0.07206437256,0.04734573738,0.8212403649936946,0,0,0,0
ETH,wanETH,2025-06-10T00:00:00.000Z,2025-06-10,2.6547515,7233.32558989804,2.18026191,5940.498238654075,0.47448959,1292.8273512439646,0,0,0.0004522,1.2325589871963218,0,0,0.07212261101666667,0.04738558226666666,0.8212677945548736,0,0,0,0
ETH,wanETH,2025-06-11T00:00:00.000Z,2025-06-11,2.65519618,7429.273964722127,2.18070659,6101.645858392233,0.47448959,1327.6281063298936,0,0,0.00044306,1.2395497798393802,0,0,0.07218616788333333,0.04742906865,0.8212977273532168,0,0,0,0
ETH,wanETH,2025-06-12T00:00:00.000Z,2025-06-12,2.65560209,7284.975731902268,2.1811125,5983.332493934206,0.47448959,1301.6432379680627,0,0,0.00036634,1.0048294030241518,0,0,0.07224416948000001,0.04746875654,0.821325042299508,0,0,0,0
ETH,wanETH,2025-06-13T00:00:00.000Z,2025-06-13,2.65600968,6742.777356680368,2.18152009,5538.197028959238,0.47448959,1204.58032772113,0,0,0.00044387,1.1269682294143666,0,0,0.0723023961,0.04750860095,0.8213524616880209,0,0,0,0
ETH,wanETH,2025-06-14T00:00:00.000Z,2025-06-14,2.6564540699999997,6735.056889184583,2.1819644699999996,5532.05653126925,0.4744896,1203.0003579153333,0,0,0.00044432,1.1265642463,0,0,0.07236585801666667,0.04755203066666667,0.821382344752104,0,0,0,0
ETH,wanETH,2025-06-15T00:00:00.000Z,2025-06-15,2.65686185,6724.435049500061,2.18237223,5523.516577031258,0.47448962,1200.9184724688032,0,0,0.00036745,0.9299787047250574,0,0,0.07242406156,0.04759186434,0.8214097502127337,0,0,0,0
ETH,wanETH,2025-06-16T00:00:00.000Z,2025-06-16,2.6574959099999997,6937.811054921201,2.28300629,5960.148360737591,0.37448962,977.6626941836093,0,0,0.00089671,2.34596116870263,0,0,0.15549395116666667,0.10686561525,0.8590817684230102,0.001,2.54704,4.5686,2.894596431
ETH,wanETH,2025-06-17T00:00:00.000Z,2025-06-17,2.6583771699999996,6786.996380405519,2.2838875499999998,5830.90098792064,0.37448962,956.0953924848786,0,0,0.00079555,2.0309026612823664,0,0,0.15560085718,0.10694490308,0.8591284837292432,0,0,0,0
ETH,wanETH,2025-06-18T00:00:00.000Z,2025-06-18,2.65926216,6678.627891329124,2.28477254,5738.112199436516,0.37448962,940.5156918926082,0,0,0.00096409,2.421138394682842,0,0,0.15570815233333332,0.10702448721666667,0.8591753645727187,0,0,0,0
ETH,wanETH,2025-06-19T00:00:00.000Z,2025-06-19,2.6602271299999996,6703.269181010028,2.2857375099999997,5759.6259213370695,0.37448962,943.6432596729585,0,0,0.00096516,2.4320801701388506,0,0,0.15582507485,0.10711122071666666,0.8592264470807103,0,0,0,0
ETH,wanETH,2025-06-20T00:00:00.000Z,2025-06-20,2.6611125799999997,6657.376874922034,2.28662296,5720.505052835321,0.37448962,936.8718220867131,0,0,0.0007981,1.9980968596426028,0,0,0.15593229992,0.10719076836,0.8592732883557788,0,0,0,0
ETH,wanETH,2025-06-21T00:00:00.000Z,2025-06-21,2.6620060199999998,6413.242866442953,2.2875164,5511.030463847377,0.37448962,902.2124025955757,0,0,0.0009882,2.380045219735803,0,0,0.15604042708333332,0.10727099305,0.8593205191952965,0,0,0,0
ETH,wanETH,2025-06-22T00:00:00.000Z,2025-06-22,2.6823975799999995,6002.619729593158,2.2884844099999997,5121.311404572456,0.39391317,881.3083250207023,0,0,0.0009682,2.1667486272669243,0,0,0.1428872779,0.09786649535,0.8533670110832168,0,0,0,0
ETH,wanETH,2025-06-23T00:00:00.000Z,2025-06-23,2.7801680899999996,6290.94705175815,2.2891371499999997,5179.845820736817,0.49103094,1111.1012310213337,0,0,0.00040694,0.9216699089110751,0,0,0.0766185569,0.05046900176,0.8233808442620527,0,0,0,0
ETH,wanETH,2025-06-24T00:00:00.000Z,2025-06-24,2.7806208399999996,6735.526954715859,2.2895898999999997,5546.097941437322,0.49103094,1189.4290132785366,0,0,0.00049303,1.1940890788680627,0,0,0.07667987491666667,0.05051115635,0.8234096020614528,0,0,0,0
ETH,wanETH,2025-06-25T00:00:00.000Z,2025-06-25,2.7810732999999996,6769.645923066897,2.2900423599999997,5574.385731779992,0.49103094,1195.2601912869054,0,0,0.00040774,0.9926688493848788,0,0,0.07674113624,0.05055327466,0.8234383316857959,0,0,0,0
ETH,wanETH,2025-06-26T00:00:00.000Z,2025-06-26,2.85446526,7003.655856144466,2.29048717,5620.9274229687,0.56397809,1382.7284331757667,0,0,0.00044544,1.0935587629,0,0,0.06006436228333333,0.039142474983333335,0.8034465496336887,0,0,0,0
ETH,wanETH,2025-06-27T00:00:00.000Z,2025-06-27,3.0006250899999998,7290.873006504436,2.29075271,5566.035868560985,0.70987238,1724.83713794345,0,0,0.00017514,0.42546375875397635,0,0,0.02661083125,0.016252302633333333,0.7634251669206702,0,0,0,0
ETH,wanETH,2025-06-28T00:00:00.000Z,2025-06-28,2.95414086,7164.178314461127,2.2909140199999998,5555.891217946565,0.66322684,1608.2870965145626,0,0,0.00014975,0.36317146251440413,0,0,0.02704756588,0.0167929386,0.7757847825599041,0,0,0,0
ETH,wanETH,2025-06-29T00:00:00.000Z,2025-06-29,2.88433883,7039.4549828922,2.2910803,5591.561068509017,0.59325853,1447.8939143831833,0,0,0.0001823,0.4448772189,0,0,0.027702425033333332,0.0176036129,0.7943173233656465,0,0,0,0
ETH,wanETH,2025-06-30T00:00:00.000Z,2025-06-30,2.88452204,7168.6180475420615,2.29126351,5694.251071802299,0.59325853,1474.3669757397631,0,0,0.00018245,0.45334159733473905,0,0,0.0277028869,0.017604195916666666,0.7943303873893767,0,0,0,0
ETH,wanETH,2025-07-01T00:00:00.000Z,2025-07-01,2.88468944,7057.397275451191,2.29143091,5605.989102914943,0.59325853,1451.408172536247,0,0,0.00015074,0.3688760574334437,0,0,0.02770330888,0.01760472856,0.7943423226418811,0,0,0,0
ETH,wanETH,2025-07-02T00:00:00.000Z,2025-07-02,2.88485751,7159.885100996293,2.29159898,5687.486269218323,0.59325853,1472.3988317779692,0,0,0.00018646,0.4629017569400856,0,0,0.027703732483333333,0.017605263316666668,0.794354304343932,0,0,0,0
ETH,wanETH,2025-07-03T00:00:00.000Z,2025-07-03,2.8850253599999998,7487.7719318850595,2.29176683,5948.0334891913,0.59325853,1539.73844269376,0,0,0.00015074,0.3911558954,0,0,0.02770415548,0.01760579728,0.7943662686826097,0,0,0,0
ETH,wanETH,2025-07-04T00:00:00.000Z,2025-07-04,2.88519375,7329.231786853307,2.29193522,5822.182063590962,0.59325853,1507.0497232623457,0,0,0.00018248,0.46362287717132195,0,0,0.02770457975,0.0176063329,0.7943782696661856,0,0,0,0
ETH,wanETH,2025-07-05T00:00:00.000Z,2025-07-05,2.88537709,7255.020503973184,2.29211856,5763.325418509881,0.59325853,1491.6950854633023,0,0,0.00018248,0.45879112025397173,0,0,0.027705041683333334,0.01760691605,0.7943913352149762,0,0,0,0
ETH,wanETH,2025-07-06T00:00:00.000Z,2025-07-06,2.92557638,7391.981695658064,2.29228607,5791.185290705087,0.63329031,1600.7964049529771,0,0,0.00015365,0.38823728564647964,0,0,0.0273290617,0.01714017212,0.7837518910902287,0,0,0,0
ETH,wanETH,2025-07-07T00:00:00.000Z,2025-07-07,2.98578688,7646.179707999119,2.29244891,5870.638635478302,0.69333797,1775.5410725208176,0,0,0.00017632,0.45148076914206237,0,0,0.026764895666666667,0.016439795166666667,0.7677871866857675,0,0,0,0
ETH,wanETH,2025-07-08T00:00:00.000Z,2025-07-08,2.9859641199999998,7689.287177431601,2.29262615,5903.842526239234,0.69333797,1785.4446511923666,0,0,0.00017637,0.4542132485,0,0,0.02676538255,0.016440389366666665,0.7678009706984431,0,0,0,0
ETH,wanETH,2025-07-09T00:00:00.000Z,2025-07-09,2.9861259099999997,7929.483616821555,2.2927879399999997,6088.3654647725525,0.69333797,1841.118152049003,0,0,0.00014571,0.3866965849676369,0,0,0.02676582692,0.0164409317,0.7678135515473858,0,0,0,0
ETH,wanETH,2025-07-10T00:00:00.000Z,2025-07-10,2.9862886,8417.65590923269,2.29295063,6463.297383750333,0.69333797,1954.3585254823568,0,0,0.00017638,0.4967250070106215,0,0,0.026766273716666667,0.016441477,0.7678262006576764,0,0,0,0
ETH,wanETH,2025-07-11T00:00:00.000Z,2025-07-11,2.9864507799999997,8931.05147602683,2.29311281,6857.608014523966,0.69333797,2073.4434615028654,0,0,0.00014953,0.44715469236138977,0,0,0.02676671904,0.01644202054,0.7678388086259901,0,0,0,0
ETH,wanETH,2025-07-12T00:00:00.000Z,2025-07-12,2.98661245,8814.697185301908,2.29327448,6768.3772237533985,0.69333797,2046.3199615485087,0,0,0.00017644,0.5206547924133501,0,0,0.02676716295,0.016442562316666666,0.7678513757748254,0,0,0,0
ETH,wanETH,2025-07-13T00:00:00.000Z,2025-07-13,2.98678913,8860.066430714622,2.29345116,6803.3360125702775,0.69333797,2056.730418144344,0,0,0.0001765,0.5235738884444348,0,0,0.026767648,0.01644315435,0.7678651082538023,0,0,0,0
ETH,wanETH,2025-07-14T00:00:00.000Z,2025-07-14,2.98695084,9003.536793151667,2.29361287,6913.614953018287,0.69333797,2089.9218401333796,0,0,0.0001458,0.4396378031092346,0,0,0.02676809196,0.0164436962,0.7678776764844399,0,0,0,0
ETH,wanETH,2025-07-15T00:00:00.000Z,2025-07-15,2.98711308,8959.378519617065,2.29377511,6879.81995047217,0.69333797,2079.558569144896,0,0,0.0001765,0.5294191460029694,0,0,0.02676853725,0.016444239716666666,0.7678902830972698,0,0,0,0
ETH,wanETH,2025-07-16T00:00:00.000Z,2025-07-16,2.98729106,9622.95334743846,2.29395309,7389.506422626092,0.69333797,2233.446924812369,0,0,0.0001765,0.5682053913778004,0,0,0.026769025733333333,0.01644483595,0.7679041119765712,0,0,0,0
ETH,wanETH,2025-07-17T00:00:00.000Z,2025-07-17,2.9874533,10173.541748970663,2.29411533,7812.433071054531,0.69333797,2361.108677916132,0,0,0.00014968,0.5094690934033768,0,0,0.02676947094,0.0164453794,0.7679167168450594,0,0,0,0
ETH,wanETH,2025-07-18T00:00:00.000Z,2025-07-18,2.98761506,10676.191889728478,2.29427709,8198.560519564477,0.69333797,2477.6313701640015,0,0,0.00017654,0.6310641306430693,0,0,0.026769914816666667,0.016445921166666665,0.767929282629664,0,0,0,0
ETH,wanETH,2025-07-19T00:00:00.000Z,2025-07-19,2.98777683,10625.668905977096,2.29443886,8159.895862162923,0.69333797,2465.7730438141734,0,0,0.00014583,0.5187329408266085,0,0,0.02677035866,0.01644646296,0.7679418481842143,0,0,0,0
ETH,wanETH,2025-07-20T00:00:00.000Z,2025-07-20,2.9879397599999997,11029.552315660487,2.2946017899999998,8470.195176329093,0.69333797,2559.357139331394,0,0,0.00017654,0.6517698004382366,0,0,0.0267708056,0.016447008533333335,0.7679545018005506,0,0,0,0
ETH,wanETH,2025-07-21T00:00:00.000Z,2025-07-21,3.5531092099999997,13392.298325958496,2.2947675,8649.385618195414,1.25834171,4742.912707763082,0,0,0.0001534,0.5780003423213372,0,0,0.02246675173333333,0.011608080383333334,0.6458477247967509,0,0,0,0
ETH,wanETH,2025-07-22T00:00:00.000Z,2025-07-22,3.5532457299999995,13183.580221394479,2.2949040199999997,8514.764449245155,1.25834171,4668.815772149324,0,0,0.00012592,0.4672416263127548,0,0,0.02246723034,0.01160857226,0.645861332136102,0,0,0,0
ETH,wanETH,2025-07-23T00:00:00.000Z,2025-07-23,3.55338183,13017.89103475429,2.29504012,8407.928003402825,1.25834171,4609.963031351464,0,0,0.00014852,0.5438412144910065,0,0,0.02246770745,0.011609062566666667,0.6458748956448076,0,0,0,0
ETH,wanETH,2025-07-24T00:00:00.000Z,2025-07-24,3.55353164,13040.56250583825,2.29518993,8422.7671967928,1.25834171,4617.795309045451,0,0,0.00014852,0.5449823052064302,0,0,0.02246823255,0.01160960225,0.645889824707607,0,0,0,0
ETH,wanETH,2025-07-25T00:00:00.000Z,2025-07-25,3.55366798,12950.92055951605,2.29532627,8365.043946062071,1.25834171,4585.876613453979,0,0,0.00012269,0.4472161152470723,0,0,0.02246871046,0.0116100934,0.6459034110101562,0,0,0,0
ETH,wanETH,2025-07-26T00:00:00.000Z,2025-07-26,3.55380433,13293.25861440961,2.29546262,8586.341720053171,1.25834171,4706.916894356438,0,0,0.00014852,0.5554701057244993,0,0,0.022469188316666666,0.0116105845,0.6459169964044746,0,0,0,0
ETH,wanETH,2025-07-27T00:00:00.000Z,2025-07-27,3.5539408999999997,13504.391051649829,2.29559919,8722.899850356482,1.25834171,4781.491201293347,0,0,0.00012592,0.4785258356900058,0,0,0.02246966694,0.0116110764,0.6459306035687107,0,0,0,0
ETH,wanETH,2025-07-28T00:00:00.000Z,2025-07-28,3.55407705,13682.679168738632,2.29573534,8838.246318635736,1.25834171,4844.432850102896,0,0,0.00014852,0.5716146234938567,0,0,0.022470144033333334,0.011611566766666666,0.6459441670848889,0,0,0,0
ETH,wanETH,2025-07-29T00:00:00.000Z,2025-07-29,3.55422689,13509.409618721194,2.29588518,8726.525789159312,1.25834171,4782.8838295618825,0,0,0.00014852,0.5647673325955943,0,0,0.022470669033333335,0.011612106416666667,0.6459590931300861,0,0,0,0
ETH,wanETH,2025-07-30T00:00:00.000Z,2025-07-30,3.5543632599999997,13454.773759973494,2.29602155,8691.416056497803,1.25834171,4763.35770347569,0,0,0.00012269,0.4644328145887822,0,0,0.02247114684,0.0116125975,0.6459726769400381,0,0,0,0
ETH,wanETH,2025-07-31T00:00:00.000Z,2025-07-31,3.5544996600000003,13541.947003319976,2.29615795,8747.911355096196,1.25834171,4794.035648223779,0,0,0.00014852,0.5658731868764864,0,0,0.0224716247,0.01161308865,0.6459862623317958,0,0,0,0
ETH,wanETH,2025-08-01T00:00:00.000Z,2025-08-01,3.55464846,12850.281879077182,2.29630675,8301.294953910974,1.25834171,4548.986925166208,0,0,0.00014852,0.5373593716103072,0,0,0.022472145966666666,0.01161362445,0.6460010815874192,0,0,0,0
ETH,wanETH,2025-08-02T00:00:00.000Z,2025-08-02,3.5547850800000003,12318.857139000604,2.29644337,7958.162139524037,1.25834171,4360.6949994765655,0,0,0.00012592,0.4363140063423504,0,0,0.02247262452,0.01161411638,0.6460146863394722,0,0,0,0
ETH,wanETH,2025-08-03T00:00:00.000Z,2025-08-03,3.5549218099999997,12313.259029153058,2.2965801,7954.714328634659,1.25834171,4358.544700518398,0,0,0.00014852,0.5145587662819863,0,0,0.022473103433333332,0.011614608683333333,0.6460283020954144,0,0,0,0
ETH,wanETH,2025-08-04T00:00:00.000Z,2025-08-04,3.5533642500000004,12768.631765881233,1.9917503600000002,7146.019717994436,1.56161389,5622.612047886798,0.15174059,538.4674117476964,0.00010778,0.3863658444464778,0.00702176,24.91745243058238,0.01947200338,0.00886815468,0.5604986447080749,0,0,0,0
ETH,wanETH,2025-08-05T00:00:00.000Z,2025-08-05,3.5523271000000003,12933.623531235651,1.78853175,6511.842422508908,1.76379535,6421.781108726743,0,0,0.00010807,0.3936469175466003,0,0,0.017471368433333332,0.007037211683333333,0.5034817181006678,0,0,0,0
ETH,wanETH,2025-08-06T00:00:00.000Z,2025-08-06,3.5524174200000003,12914.655330588654,1.78862207,6502.45614553428,1.76379535,6412.199185054374,0,0,0.00010808,0.39284238432965984,0,0,0.017471810316666666,0.0070375661,0.5034943420482172,0,0,0,0
ETH,wanETH,2025-08-07T00:00:00.000Z,2025-08-07,3.55250035,13373.244129809242,1.788705,6733.508333167218,1.76379535,6639.735796642024,0,0,0.00009164,0.34489101414531786,0,0,0.01747221598,0.00703789152,0.5035059317990176,0,0,0,0
ETH,wanETH,2025-08-08T00:00:00.000Z,2025-08-08,3.25232443,12816.150900508681,1.78879118,7048.933779940632,1.46353325,5767.217120568048,0,0,0.00011653,0.4594509442311171,0,0,0.019101063816666666,0.008404527949999999,0.5500039175485282,0,0,0,0
ETH,wanETH,2025-08-09T00:00:00.000Z,2025-08-09,3.25242305,13596.052168876538,1.7888898,7478.068376588187,1.46353325,6117.983792288352,0,0,0.00011806,0.49390838968033574,0,0,0.0191015422,0.00840494695,0.5500175623336758,0,0,0,0
ETH,wanETH,2025-08-10T00:00:00.000Z,2025-08-10,3.25251378,13748.96558649713,1.7889805300000001,7562.345122388196,1.46353325,6186.620464108934,0,0,0.00009764,0.41262176928656885,0,0,0.0191019823,0.00840533244,0.5500301154519359,0,0,0,0
ETH,wanETH,2025-08-11T00:00:00.000Z,2025-08-11,3.2526047,13869.593100172104,1.78907145,7628.86817155643,1.46353325,6240.724928615674,0,0,0.0001182,0.5040508865704982,0,0,0.0191024233,0.008405718683333332,0.5500426939036488,0,0,0,0
ETH,wanETH,2025-08-12T00:00:00.000Z,2025-08-12,3.25270342,14301.791995950849,1.78917017,7866.792938941195,1.46353325,6434.999057009654,0,0,0.0001182,0.5194580050196567,0,0,0.01910290205,0.008406138083333332,0.5500563501702933,0,0,0,0
ETH,wanETH,2025-08-13T00:00:00.000Z,2025-08-13,3.13279581,14603.563450717105,1.8942188000000002,8839.775239944467,1.23857701,5763.788210772638,0,0,0.00010824,0.5050976140407536,0,0,0.02107224752,0.01038681466,0.6060712692667407,0.0052478,24.80884906604888,6.88738,6.02089497961856
ETH,wanETH,2025-08-14T00:00:00.000Z,2025-08-14,3.0529365200000003,14188.794818622033,2.31418451,10755.377920142937,0.73875201,3433.416898479096,0,0,0.00020284,0.9425545062247768,0,0,0.026419927366666665,0.01602144985,0.7580192032906311,0,0,0,0
ETH,wanETH,2025-08-15T00:00:00.000Z,2025-08-15,3.0530975400000004,13957.4305003418,2.31434553,10580.177667613192,0.73875201,3377.2528327286072,0,0,0.00016756,0.7660434710597397,0,0,0.02642037802,0.01602199286,0.758031965588139,0,0,0,0
ETH,wanETH,2025-08-16T00:00:00.000Z,2025-08-16,3.05325908,13527.909894420893,2.3145070700000003,10254.76115856482,0.73875201,3273.148735856074,0,0,0.00020286,0.8987567190973111,0,0,0.026420830066666668,0.0160225376,0.7580447678909775,0,0,0,0
ETH,wanETH,2025-08-17T00:00:00.000Z,2025-08-17,3.0534363200000003,13737.110707282092,2.31468431,10413.538095207596,0.73875201,3323.5726120744976,0,0,0.00020286,0.9125153684827196,0,0,0.026421325966666666,0.0160231352,0.7580588119147854,0,0,0,0
ETH,wanETH,2025-08-18T00:00:00.000Z,2025-08-18,3.05359789,13176.412380948437,2.31484588,9988.664381860697,0.73875201,3187.747999087741,0,0,0.00017207,0.7426802593080717,0,0,0.02642177802,0.01602367992,0.7580716137926911,0,0,0,0
ETH,wanETH,2025-08-19T00:00:00.000Z,2025-08-19,3.0537589700000005,12963.47296469858,2.3150069600000003,9827.405580688144,0.73875201,3136.0673840104355,0,0,0.00020294,0.86072869767345,0,0,0.026422228616666668,0.016024222916666667,0.7580843748768908,0,0,0,0
ETH,wanETH,2025-08-20T00:00:00.000Z,2025-08-20,3.0539349700000002,12925.107907848638,2.31518296,9798.503612123865,0.73875201,3126.6042957247732,0,0,0.00020294,0.8594268426741695,0,0,0.026422720883333334,0.0160248162,0.7580983166112314,0,0,0,0
ETH,wanETH,2025-08-21T00:00:00.000Z,2025-08-21,3.05409605,13030.990193270467,2.3153440400000003,9878.937695748195,0.73875201,3152.052497522272,0,0,0.00016764,0.715199436457113,0,0,0.02642317142,0.01602535912,0.7581110752381853,0,0,0,0
ETH,wanETH,2025-08-22T00:00:00.000Z,2025-08-22,3.05919115,13679.02172109392,2.3205058100000002,10376.434926240634,0.73868534,3302.5867948532873,0,0,0.00020348,0.9094358582211045,0,0,0.026438119333333333,0.016043387916666665,0.7585343954169715,0.00015,0.6910546188762674,2.2843,2.063730781925484
ETH,wanETH,2025-08-23T00:00:00.000Z,2025-08-23,3.0692210399999995,14497.277182548578,2.3306690299999997,11008.772270636664,0.73855201,3488.5049119119135,0,0,0.0001733,0.8184912466709576,0,0,0.02646756394,0.01607890232,0.7593682566242032,0,0,0,0
ETH,wanETH,2025-08-24T00:00:00.000Z,2025-08-24,3.0693842699999996,14673.498129253883,2.3308322599999998,11142.776719107673,0.73855201,3530.7214101462105,0,0,0.0002044,0.9773743829326957,0,0,0.0264680158,0.016079447766666668,0.7593810528626754,0,0,0,0
ETH,wanETH,2025-08-25T00:00:00.000Z,2025-08-25,3.0393924500000002,13976.707430108041,2.33100978,10713.823695446663,0.70838267,3262.8837346613786,0,0,0.00020441,0.9389550049604202,0,0,0.02909529465,0.01794381735,0.7673263035794804,0,0,0,0
ETH,wanETH,2025-08-26T00:00:00.000Z,2025-08-26,2.8887665699999996,12957.102749269794,2.3312305799999997,10456.364723976421,0.55753599,2500.738025293373,0,0,0.00028185,1.2648338901956317,0,0,0.0422495095,0.02727623608,0.8069986004036368,0,0,0,0
ETH,wanETH,2025-08-27T00:00:00.000Z,2025-08-27,2.88816999,13245.062216337465,2.07948002,9537.965342451867,0.80868997,3707.096873885598,0.29890019,1372.296303844322,0.00026166,1.201109751430617,0.0081077,37.22368574833831,0.03214445823333333,0.019220030533333335,0.7199753885379334,0,0,0,0
ETH,wanETH,2025-08-28T00:00:00.000Z,2025-08-28,2.8874579999999996,13092.723455203875,1.82761406,8287.027875392869,1.05984394,4805.695579811007,0,0,0.0001284,0.5819974087674594,0,0,0.02201315364,0.01114656532,0.6329491404446494,0,0,0,0
ETH,wanETH,2025-08-29T00:00:00.000Z,2025-08-29,2.88756415,12697.093518001024,1.82772021,8036.785006694635,1.05984394,4660.30851130639,0,0,0.00015144,0.6656167067474784,0,0,0.022013628033333333,0.011147043183333333,0.6329626332365555,0,0,0,0
ETH,wanETH,2025-08-30T00:00:00.000Z,2025-08-30,2.8876801299999997,12570.286636335028,1.82783619,7956.707234839128,1.05984394,4613.579401495899,0,0,0.00015144,0.6594875092442402,0,0,0.022014146333333335,0.011147565233333333,0.6329773748256394,0,0,0,0
ETH,wanETH,2025-08-31T00:00:00.000Z,2025-08-31,2.88778732,12899.91258357079,1.82794338,8165.528624186818,1.05984394,4734.383959383972,0,0,0.0001252,0.5592658245169109,0,0,0.02201462532,0.01114804772,0.6329909987645523,0,0,0,0
ETH,wanETH,2025-09-01T00:00:00.000Z,2025-09-01,2.88789375,12643.660987846866,1.82804981,8003.494139991207,1.05984394,4640.166847855659,0,0,0.00015158,0.6636694713526028,0,0,0.02201510085,0.01114852675,0.6330045238082459,0,0,0,0
ETH,wanETH,2025-09-02T00:00:00.000Z,2025-09-02,2.88656376,12563.84079981425,1.79881428,7829.673576161258,1.08774948,4734.167223652993,0.048902,215.0666820232822,0.00012561,0.5466408279986179,0.01196384,52.61591290862182,0.02166924724,0.01080462898,0.6231648377034213,0,0,0,0
ETH,wanETH,2025-09-03T00:00:00.000Z,2025-09-03,2.88570777,12633.510905886087,1.7793546,7789.942611707027,1.10635317,4843.56829417906,0,0,0.0001446,0.633298340281994,0,0,0.021438831783333334,0.01057550855,0.6166094212478125,0,0,0,0
ETH,wanETH,2025-09-04T00:00:00.000Z,2025-09-04,2.8858178299999997,12640.2530165591,1.77946466,7794.283351175459,1.10635317,4845.969665383641,0,0,0.0001446,0.6331473224629824,0,0,0.021439345583333335,0.01057601275,0.6166240430880209,0,0,0,0
ETH,wanETH,2025-09-05T00:00:00.000Z,2025-09-05,2.88592205,12551.600708444592,1.94266983,8445.301296961858,0.94325222,4106.299411482733,0,0,0.00013442,0.5843044388909178,0,0,0.02343056046,0.01275290954,0.6731533143904366,0.00203876,8.883149488320072,2.30154,1.942704723859406
ETH,wanETH,2025-09-06T00:00:00.000Z,2025-09-06,2.88606603,12390.88671673762,2.18746524,9391.54997576405,0.69860079,2999.33674097357,0,0,0.00020872,0.8962094045774983,0,0,0.026417135016666666,0.01601808525,0.7579401221843928,0,0,0,0
ETH,wanETH,2025-09-07T00:00:00.000Z,2025-09-07,2.8862335299999997,12392.921562855554,2.1876327399999997,9393.26655554124,0.69860079,2999.6550073143126,0,0,0.00020872,0.8961785487262132,0,0,0.02641763105,0.0160186829,0.757954170194014,0,0,0,0
ETH,wanETH,2025-09-08T00:00:00.000Z,2025-09-08,2.8863862399999998,12452.053380229907,2.18778545,9438.245296140954,0.69860079,3013.808084088952,0,0,0.00017704,0.7637817915113874,0,0,0.0264180832,0.01601922772,0.757966975821589,0,0,0,0
ETH,wanETH,2025-09-09T00:00:00.000Z,2025-09-09,2.8865384799999996,12451.571437860874,2.1879376899999996,9438.038803503294,0.69860079,3013.5326343575794,0,0,0.0002088,0.9005978255710638,0,0,0.02641853395,0.01601977085,0.7579797407024774,0,0,0,0
ETH,wanETH,2025-09-10T00:00:00.000Z,2025-09-10,2.88669071,12496.162425399973,2.18808992,9471.997606341978,0.69860079,3024.1648190579954,0,0,0.00017248,0.7465039602410095,0,0,0.02641898462,0.01602031384,0.7579925042797382,0,0,0,0
ETH,wanETH,2025-09-11T00:00:00.000Z,2025-09-11,2.88684344,12705.062961290078,2.18824265,9630.505366874222,0.69860079,3074.557594415855,0,0,0.00020883,0.9190979880735092,0,0,0.0264194367,0.016020858583333332,0.7580053072098256,0,0,0,0
ETH,wanETH,2025-09-12T00:00:00.000Z,2025-09-12,2.8870098,13148.610185738376,2.18840901,9966.900357841518,0.69860079,3181.7098278968583,0,0,0.00020886,0.9510633225227121,0,0,0.0264199291,0.0160214519,0.7580192518237806,0,0,0,0
ETH,wanETH,2025-09-13T00:00:00.000Z,2025-09-13,2.88716304,13558.653596065098,2.18856225,10277.894406450969,0.69860079,3280.75918961413,0,0,0.00017707,0.831461481628576,0,0,0.02642038262,0.01602199838,0.7580320960448209,0,0,0,0
ETH,wanETH,2025-09-14T00:00:00.000Z,2025-09-14,2.88731606,13397.828197517007,2.18871527,10156.155296315104,0.69860079,3241.672901201903,0,0,0.00020886,0.9690695356511754,0,0,0.026420835416666667,0.01602254405,0.7580449193387546,0,0,0,0
ETH,wanETH,2025-09-15T00:00:00.000Z,2025-09-15,2.8874824599999998,13165.998621349416,2.18888167,9980.601319649719,0.69860079,3185.397301699696,0,0,0.00020886,0.9521748469007643,0,0,0.026421327766666666,0.016023137333333333,0.7580588627396244,0,0,0,0
ETH,wanETH,2025-09-16T00:00:00.000Z,2025-09-16,2.8876347499999997,12978.322383679693,2.1890339599999997,9838.497761427623,0.69860079,3139.8246222520693,0,0,0.00017254,0.7755500067883043,0,0,0.02642177832,0.0160236803,0.758071622581003,0,0,0,0
ETH,wanETH,2025-09-17T00:00:00.000Z,2025-09-17,2.96690716,13354.779766128086,2.1891849299999997,9854.06048393906,0.77772223,3500.719282189026,0,0,0.00020422,0.9193918806746999,0,0,0.025708618116666665,0.015175646916666667,0.7378676889158491,0,0,0,0
ETH,wanETH,2025-09-18T00:00:00.000Z,2025-09-18,4.83190222,22197.916989680314,2.18932986,10052.929146220456,2.64257236,12144.98784345986,0,0,0.0001455,0.6675616315852728,0,0,0.02179656076,0.0123161252,0.6259291076753393,0,0,0,0
ETH,wanETH,2025-09-19T00:00:00.000Z,2025-09-19,2.9671668799999997,13422.825170829767,2.1894617399999996,9904.653678163062,0.77770514,3518.171492666704,0,0,0.0002033,0.9194614852594111,0,0,0.025709630983333332,0.015176835166666666,0.7378963931067437,0,0,0,0
ETH,wanETH,2025-09-20T00:00:00.000Z,2025-09-20,2.96732891,13283.712601428047,2.18962377,9802.19382930679,0.77770514,3481.518772121258,0,0,0.00020336,0.910442416814371,0,0,0.025710136016666666,0.015177427683333333,0.7379107056279425,0,0,0,0
ETH,wanETH,2025-09-21T00:00:00.000Z,2025-09-21,2.9674772099999998,13300.117306814787,2.1897720699999996,9814.473202023242,0.77770514,3485.644104791544,0,0,0.00016799,0.7529072401655958,0,0,0.02571059818,0.01517796992,0.7379238037666804,0,0,0,0
ETH,wanETH,2025-09-22T00:00:00.000Z,2025-09-22,2.86998309,12191.401665510195,2.1899223799999996,9298.1509279434,0.68006071,2893.2507375667956,0,0,0.00020889,0.8866763356932604,0,0,0.026613793,0.016265559516666667,0.7635030685427393,0,0,0,0
ETH,wanETH,2025-09-23T00:00:00.000Z,2025-09-23,2.8326229400000003,11854.111964434416,2.19009301,9165.218255600876,0.64252993,2688.89370883354,0,0,0.00021326,0.8923938697930651,0,0,0.026954970133333332,0.0166725732,0.773167857833841,0,0,0,0
ETH,wanETH,2025-09-24T00:00:00.000Z,2025-09-24,2.8327788699999994,11811.66046067274,2.1902489399999996,9132.543710001793,0.64252993,2679.1167506709457,0,0,0.00018083,0.7538920199171434,0,0,0.02695541126,0.0166731153,0.7731803435368393,0,0,0,0
ETH,wanETH,2025-09-25T00:00:00.000Z,2025-09-25,2.8329343199999997,11312.341984208317,2.19040439,8746.6202877111,0.64252993,2565.7216964972167,0,0,0.00021327,0.8510004575313301,0,0,0.02695585095,0.016673655683333333,0.773192789261354,0,0,0,0
ETH,wanETH,2025-09-26T00:00:00.000Z,2025-09-26,2.83308977,11208.85733307097,2.1905598399999997,8666.74745564802,0.64252993,2542.10987742295,0,0,0.00017618,0.6970625048931731,0,0,0.02695629064,0.01667419604,0.7732052347842404,0,0,0,0
ETH,wanETH,2025-09-27T00:00:00.000Z,2025-09-27,2.83324573,11365.45443932671,2.1907158,8787.97065831669,0.64252993,2577.4837810100207,0,0,0.00021328,0.8554938352804273,0,0,0.026956731666666667,0.016674738016666666,0.7732177182812725,0,0,0,0
ETH,wanETH,2025-09-28T00:00:00.000Z,2025-09-28,2.83341622,11417.700787314994,2.19088629,8828.524632297795,0.64252993,2589.176155017199,0,0,0.00021328,0.8591729958893,0,0,0.02695721375,0.01667533055,0.7732313640374878,0,0,0,0
ETH,wanETH,2025-09-29T00:00:00.000Z,2025-09-29,2.8335728399999995,11722.849015059082,2.1910429099999997,9064.621744180376,0.64252993,2658.2272708787054,0,0,0.00018093,0.748679338671809,0,0,0.0269576566,0.01667587478,0.7732438989559766,0,0,0,0
ETH,wanETH,2025-09-30T00:00:00.000Z,2025-09-30,2.8337284499999997,11832.303150492302,2.19119852,9149.40325633777,0.64252993,2682.899894154533,0,0,0.00021346,0.89114837636145,0,0,0.02695809645,0.016676415433333334,0.773256350189474,0,0,0,0
ETH,wanETH,2025-10-01T00:00:00.000Z,2025-10-01,2.8338984699999994,12063.707587436329,2.1913685399999996,9328.503284650804,0.64252993,2735.204302785526,0,0,0.00021346,0.9088728894493344,0,0,0.026958577066666666,0.01667700613333333,0.7732699536956829,0,0,0,0
ETH,wanETH,2025-10-02T00:00:00.000Z,2025-10-02,2.8340540699999996,12502.312200052877,2.19152414,9667.818202957724,0.64252993,2834.4939970951523,0,0,0.00017633,0.7780438831242045,0,0,0.02695901688,0.01667754668,0.7732824024314902,0,0,0,0
ETH,wanETH,2025-10-03T00:00:00.000Z,2025-10-03,2.8342126499999996,12717.805108086422,2.1916827199999998,9834.61628254441,0.64252993,2883.188825542012,0,0,0.00021811,0.978425096499407,0,0,0.026959465,0.0166780975,0.7732950873194456,0,0,0,0
ETH,wanETH,2025-10-04T00:00:00.000Z,2025-10-04,2.8343712399999994,12704.512258694045,2.1918413099999996,9824.497956904941,0.64252993,2880.0143017891046,0,0,0.00018102,0.8113527890280458,0,0,0.02695991318,0.01667864832,0.7733077724392521,0,0,0,0
ETH,wanETH,2025-10-05T00:00:00.000Z,2025-10-05,2.83452752,12854.711245162805,2.1919975899999997,9940.808750760738,0.64252993,2913.9024944020675,0,0,0.0002135,0.9684297480995107,0,0,0.026960354716666666,0.01667919105,0.7733202706925,0,0,0,0
ETH,wanETH,2025-10-06T00:00:00.000Z,2025-10-06,2.83469821,13085.950464307649,2.1921682799999997,10119.810031451705,0.64252993,2966.140432855944,0,0,0.0002135,0.9855099218414857,0,0,0.02696083695,0.016679783816666665,0.7733339206398044,0,0,0,0
ETH,wanETH,2025-10-07T00:00:00.000Z,2025-10-07,2.83485412,13065.711579683788,2.19232419,10104.320090358626,0.64252993,2961.391489325162,0,0,0.00017636,0.8131337862787591,0,0,0.02696127736,0.01668032512,0.773346386470726,0,0,0,0
ETH,wanETH,2025-10-08T00:00:00.000Z,2025-10-08,2.8350113199999996,12696.079485033715,2.2124813899999998,9908.296937960411,0.62252993,2787.782547073304,0,0,0.00021652,0.9695208013137572,0,0,0.02721098945,0.016988942033333333,0.7804135637931572,0.00024,1.066470292211747,1.14215,0.9308667542031535
ETH,wanETH,2025-10-09T00:00:00.000Z,2025-10-09,2.83517085,12475.751360090464,2.2166409199999997,9754.000996083747,0.61852993,2721.7503640067166,0,0,0.00018454,0.8122277435019177,0,0,0.02726127842,0.01705109668,0.7818368054630549,0,0,0,0
ETH,wanETH,2025-10-10T00:00:00.000Z,2025-10-10,2.8353299399999994,12017.369395134861,2.2168000099999996,9395.767218534307,0.61852993,2621.6021766005547,0,0,0.00021764,0.9213192558026543,0,0,0.027261711033333334,0.0170516342,0.7818490460115839,0,0,0,0
ETH,wanETH,2025-10-11T00:00:00.000Z,2025-10-11,2.83528413,10772.387369405365,1.82676855,6946.6254934847675,1.00851558,3825.761875920597,0,0,0.00019368,0.7392403566565422,0,0,0.022417787566666666,0.0118214731,0.6442927637073348,0,0,0,0
ETH,wanETH,2025-10-12T00:00:00.000Z,2025-10-12,2.83523528,11086.616180428522,1.63172687,6380.540769006953,1.20350841,4706.07541142157,0,0,0.00016022,0.6260426139924276,0,0,0.019995917033333335,0.009206396483333334,0.5755172708632862,0,0,0,0
ETH,wanETH,2025-10-13T00:00:00.000Z,2025-10-13,2.8352681100000003,11787.51216795587,1.62197695,6742.294122543173,1.21329116,5045.218045412697,0.04918144,207.7127302087391,0.00013535,0.5629803796193953,0.00133844,5.652763046803526,0.0198750463,0.009097301220000001,0.5720715842461097,0,0,0,0
ETH,wanETH,2025-10-14T00:00:00.000Z,2025-10-14,2.83513716,11582.36096878321,1.5827149999999999,6465.851328196984,1.25242216,5116.509640586226,0,0,0.00015252,0.6229809645500362,0,0,0.0193901964,0.00865965995,0.5582498872477594,0,0,0,0
ETH,wanETH,2025-10-15T00:00:00.000Z,2025-10-15,2.8352257300000003,11501.825797772035,1.58280357,6421.051023833637,1.25242216,5080.774773938398,0,0,0.0001526,0.6190188391274483,0,0,0.019390680333333334,0.008660090149999999,0.5582636866199118,0,0,0,0
ETH,wanETH,2025-10-16T00:00:00.000Z,2025-10-16,2.83147355,11243.90137850379,1.5798733,6273.837824780894,1.25160025,4970.0635537228945,0,0,0.00012615,0.5010845794283643,0,0,0.01938027354,0.008650851939999999,0.5579669231795531,0,0,0,0
ETH,wanETH,2025-10-17T00:00:00.000Z,2025-10-17,2.81622272,10804.910030414008,1.64291013,6301.643281051244,1.17331259,4503.266749362764,0,0,0.00016138,0.6193004244769967,0,0,0.0202720495,0.00948085985,0.5833734230128846,0.0015,5.546305457286949,1.15077,0.6884395014930613
ETH,wanETH,2025-10-18T00:00:00.000Z,2025-10-18,2.81631698,10907.065076625333,1.71800439,6653.507441751627,1.09831259,4253.557634873706,0,0,0.00014918,0.5777225807439631,0,0,0.02120724668,0.01034944382,0.6100181204369511,0,0,0,0
ETH,wanETH,2025-10-19T00:00:00.000Z,2025-10-19,2.8164131599999997,11074.428260372932,1.71810057,6755.749998538332,1.09831259,4318.6782618346,0,0,0.000176,0.6922423764592467,0,0,0.0212077145,0.010349898066666667,0.610031437263885,0,0,0,0
ETH,wanETH,2025-10-20T00:00:00.000Z,2025-10-20,2.81651902,11270.948600730571,1.71820643,6875.79810736451,1.09831259,4395.150493366061,0,0,0.000176,0.7043260661344539,0,0,0.021208229433333333,0.010350398033333333,0.6100460948519892,0,0,0,0
ETH,wanETH,2025-10-21T00:00:00.000Z,2025-10-21,2.81661536,11135.8673086688,1.71830277,6793.54122731868,1.09831259,4342.326081350119,0,0,0.00014539,0.5748078700233167,0,0,0.02120869802,0.01035085304,0.6100594331476125,0,0,0,0
ETH,wanETH,2025-10-22T00:00:00.000Z,2025-10-22,2.8167117299999997,10839.02136683824,1.71839914,6612.591388101615,1.09831259,4226.429978736625,0,0,0.00017608,0.6778058154905167,0,0,0.0212091667,0.010351308116666666,0.6100727739637601,0,0,0,0
ETH,wanETH,2025-10-23T00:00:00.000Z,2025-10-23,2.81681691,10854.411898049339,1.7185043199999999,6622.139262889198,1.09831259,4232.27263516014,0,0,0.00017612,0.6785290728698607,0,0,0.0212096782,0.010351804816666667,0.6100873336235207,0,0,0,0
ETH,wanETH,2025-10-24T00:00:00.000Z,2025-10-24,2.81691347,11040.16220052016,1.7186008799999999,6735.610729293576,1.09831259,4304.551471226586,0,0,0.00014932,0.5851109371828187,0,0,0.0212101478,0.0103522608,0.6101007002866676,0,0,0,0
ETH,wanETH,2025-10-25T00:00:00.000Z,2025-10-25,2.81700976,11084.523102658153,1.71869717,6762.823082251145,1.09831259,4321.700020407008,0,0,0.00017616,0.6931283617943595,0,0,0.021210615966666665,0.01035271545,0.6101140266989706,0,0,0,0
ETH,wanETH,2025-10-26T00:00:00.000Z,2025-10-26,2.81710651,11287.09206527525,1.71879392,6886.5648640169065,1.09831259,4400.527201258345,0,0,0.00014552,0.5830086012605425,0,0,0.0212110864,0.01035317234,0.6101274178275832,0,0,0,0
ETH,wanETH,2025-10-27T00:00:00.000Z,2025-10-27,2.81720342,11777.974449180223,1.7188908299999999,7186.223022014515,1.09831259,4591.751427165708,0,0,0.00017616,0.736578721770153,0,0,0.021211557566666667,0.010353629883333333,0.6101408291371513,0,0,0,0
ETH,wanETH,2025-10-28T00:00:00.000Z,2025-10-28,2.81694633,11534.566112112567,1.65232877,6774.821880354205,1.16461756,4759.744231758363,0.4,1639.042581168309,0.00017614,0.7216763429138693,0.012131,49.70806388038188,0.020384890316666668,0.00964353455,0.5865525414148723,0,0,0,0
ETH,wanETH,2025-10-29T00:00:00.000Z,2025-10-29,2.81520932,11231.053927047933,1.31906693,5262.3125780906685,1.49614239,5968.741348957265,0,0,0.00011455,0.45694952188144605,0,0,0.01624941396,0.00609093312,0.46855021421971527,0,0,0,0
ETH,wanETH,2025-10-30T00:00:00.000Z,2025-10-30,2.81526605,10828.952169200318,1.31912366,5074.023244065517,1.49614239,5754.928925134801,0,0,0.0001351,0.5193992163042427,0,0,0.016249788316666666,0.00609121265,0.468560922433195,0,0,0,0
ETH,wanETH,2025-10-31T00:00:00.000Z,2025-10-31,2.81532803,10797.27013612388,1.31918564,5059.305296591836,1.49614239,5737.964839532045,0,0,0.0001351,0.5181667494373604,0,0,0.016250197333333334,0.00609151805,0.4685726221689763,0,0,0,0
ETH,wanETH,2025-11-01T00:00:00.000Z,2025-11-01,2.81538529,10889.205308889119,1.3192428999999999,5102.501296491104,1.49614239,5786.704012398016,0,0,0.0001116,0.4316585584914928,0,0,0.01625057524,0.00609180024,0.4685834314209931,0,0,0,0
ETH,wanETH,2025-11-02T00:00:00.000Z,2025-11-02,2.8154421099999998,10907.083578081056,1.3192997199999998,5110.99553634589,1.49614239,5796.0880417351655,0,0,0.0001351,0.523370131888094,0,0,0.01625095015,0.006092080216666667,0.4685941552834079,0,0,0,0
ETH,wanETH,2025-11-03T00:00:00.000Z,2025-11-03,2.81549328,10448.30430319994,1.2893289399999999,4787.235309328134,1.52616434,5661.068993871806,0,0,0.00011454,0.42508825534430233,0,0,0.01587884114,0.00582996274,0.45794068362373364,0,0,0,0
ETH,wanETH,2025-11-04T00:00:00.000Z,2025-11-04,2.81552065,9793.571610391191,1.33912041,4613.222158061275,1.47640024,5180.349452329915,0,0,0.0001271,0.43985193528855826,0,0,0.016507592483333333,0.006792262833333333,0.4756203053421229,0.00339703,10.92023231740871,1.15077,0.5844396516028326
ETH,wanETH,2025-11-05T00:00:00.000Z,2025-11-05,2.7760150900000005,9263.516124569895,2.1885054200000003,7304.912222800493,0.58750967,1958.6039017694015,0,0,0.00030694,1.0258575167493833,0,0,0.027497660716666667,0.017349611566666666,0.7885228036160075,0,0,0,0
ETH,wanETH,2025-11-06T00:00:00.000Z,2025-11-06,2.73654463,9199.0358195544,2.18866604,7357.3135175088055,0.54787859,1841.722302045593,0,0,0.00025831,0.8685406999810532,0,0,0.02789599122,0.0178487887,0.799791830571913,0,0,0,0
ETH,wanETH,2025-11-07T00:00:00.000Z,2025-11-07,2.7367063099999998,9126.542040875282,2.18882772,7299.441995911885,0.54787859,1827.1000449633968,0,0,0.0003127,1.0418639608594988,0,0,0.027896409483333332,0.0178493203,0.7998036588073146,0,0,0,0
ETH,wanETH,2025-11-08T00:00:00.000Z,2025-11-08,2.73688202,9366.535774781956,2.20018542,7529.58701914748,0.5366966,1836.9487556344766,0,0,0.00031359,1.073128204457042,0,0,0.03635656883333333,0.0235199839,0.803902071621224,0.00067091,2.278924462926363,1.15077,0.6459777904503898
ETH,wanETH,2025-11-09T00:00:00.000Z,2025-11-09,2.73720812,9488.89724757597,2.25642149,7822.187549043113,0.48078663,1666.7096985328567,0,0,0.00074362,2.5786464969803053,0,0,0.0786900378,0.05189459764,0.8243514520931942,0,0,0,0
ETH,wanETH,2025-11-10T00:00:00.000Z,2025-11-10,2.73766458,9806.205040157634,2.2568779500000002,8084.046113677773,0.48078663,1722.158926479861,0,0,0.00087796,3.1446299926502146,0,0,0.07875260368333332,0.051937703833333335,0.8243807387727631,0,0,0,0
ETH,wanETH,2025-11-11T00:00:00.000Z,2025-11-11,2.73816382,9621.200963094429,2.25737719,7931.8394307925,0.48078663,1689.361532301929,0,0,0.00087889,3.0874279604516275,0,0,0.07882101303333333,0.05198483918333333,0.824412758828325,0,0,0,0
ETH,wanETH,2025-11-12T00:00:00.000Z,2025-11-12,2.73862119,9439.911638671905,2.25783456,7782.6603511495,0.48078663,1657.2512875224063,0,0,0.00072675,2.505837491680536,0,0,0.07888366704,0.05202801192,0.8244420832446366,0,0,0,0
ETH,wanETH,2025-11-13T00:00:00.000Z,2025-11-13,2.7390804699999998,9246.173632375887,2.25829384,7623.204846227344,0.48078663,1622.9687861485434,0,0,0.00088056,2.9734232417263065,0,0,0.07894656451666666,0.05207135536666667,0.8244715198625753,0,0,0,0
ETH,wanETH,2025-11-14T00:00:00.000Z,2025-11-14,2.73953945,8754.724944649297,2.25875282,7218.278541424481,0.48078663,1536.446403224816,0,0,0.0007281,2.326938075919666,0,0,0.07900940440000001,0.05211466188,0.8245009278547475,0,0,0,0
ETH,wanETH,2025-11-15T00:00:00.000Z,2025-11-15,2.73999888,8649.98563457384,2.25921225,7132.176112391344,0.48078663,1517.8095221824965,0,0,0.00088228,2.7849067078339744,0,0,0.0790722879,0.05215800138333333,0.8245303544906868,0,0,0,0
ETH,wanETH,2025-11-16T00:00:00.000Z,2025-11-16,2.74004215,8609.557867434902,1.4087784,4429.327467228499,1.33126375,4180.230400206404,0,0,0.00042429,1.3409939942212605,0,0,0.02624619821666667,0.013420985716666667,0.5141391441632979,0,0,0,0
ETH,wanETH,2025-11-17T00:00:00.000Z,2025-11-17,2.74003917,8556.997358744775,1.23868,3868.3317837898157,1.50135917,4688.665574954959,0,0,0.00015251,0.47597293925031436,0,0,0.0156733006,0.00566829968,0.4520665305162415,0,0,0,0
ETH,wanETH,2025-11-18T00:00:00.000Z,2025-11-18,2.74009078,8388.65678549684,1.2387316099999999,3792.3179442665073,1.50135917,4596.338841230333,0,0,0.00017986,0.5505421942163667,0,0,0.01567366115,0.0056685594833333335,0.45207684951512805,0,0,0,0
ETH,wanETH,2025-11-19T00:00:00.000Z,2025-11-19,2.74014714,8286.916762943356,1.23878797,3746.416145259642,1.50135917,4540.500617683714,0,0,0.00017988,0.5445116190826467,0,0,0.015674054983333335,0.005668843266666667,0.45208812099621143,0,0,0,0
ETH,wanETH,2025-11-20T00:00:00.000Z,2025-11-20,2.74019864,8088.829571282535,1.23883947,3656.9465000145715,1.50135917,4431.883071267963,0,0,0.00014861,0.4388889676474583,0,0,0.01567441478,0.0056691025,0.45209841793276806,0,0,0,0
ETH,wanETH,2025-11-21T00:00:00.000Z,2025-11-21,2.7516891,7577.403590846097,1.3651054599999999,3754.9560757865947,1.38658364,3822.447515059502,0,0,0.00018317,0.5030304804951379,0,0,0.01721870578,0.0068834082,0.4962330224263775,0.00257766,7.0366909166575065,3.43507,1.4575678754698
ETH,wanETH,2025-11-22T00:00:00.000Z,2025-11-22,2.74032562,7506.892310863435,1.4967331799999999,4100.175037765135,1.24359244,3406.7172730983007,0,0,0.00023158,0.6344196112314566,0,0,0.018967294866666668,0.00828776825,0.5461880769727802,0,0,0,0
ETH,wanETH,2025-11-23T00:00:00.000Z,2025-11-23,2.7404076,7699.579592566968,1.49681516,4205.523259907483,1.24359244,3494.0563326594843,0,0,0.00023158,0.6506503014663031,0,0,0.01896777075,0.0082881822,0.5462016528734719,0,0,0,0
ETH,wanETH,2025-11-24T00:00:00.000Z,2025-11-24,2.75325841,7881.984562277225,1.45066818,4152.632274610857,1.30259023,3729.3522876663683,0,0,0.00018622,0.5325568390334252,0,0,0.01829210222,0.00771343428,0.5269185084797094,0,0,0,0
ETH,wanETH,2025-11-25T00:00:00.000Z,2025-11-25,2.75268361,8057.418129254126,1.3540643799999998,3962.599851163834,1.39861923,4094.818278090292,0.2553495,744.8036507627062,0.00021557,0.6308952100769207,0.00141906,4.139115481531492,0.017073224466666665,0.006778521366666667,0.49206938093731056,0,0,0,0
ETH,wanETH,2025-11-26T00:00:00.000Z,2025-11-26,2.76632059,8183.373572618115,1.18388349,3502.1830974864783,1.5824371,4681.190475131636,0,0,0.00015354,0.4543851792670032,0,0,0.01483146546,0.00507785746,0.4279632282135833,0,0,0,0
ETH,wanETH,2025-11-27T00:00:00.000Z,2025-11-27,2.76636707,8365.467428159853,1.1839299699999999,3580.192831187638,1.5824371,4785.274596972215,0,0,0.00018108,0.5477045244854898,0,0,0.014831800983333334,0.0050780863666666665,0.42797283843311174,0,0,0,0
ETH,wanETH,2025-11-28T00:00:00.000Z,2025-11-28,2.76641785,8386.563525160804,1.18398075,3589.309519675865,1.5824371,4797.254005484938,0,0,0.00018108,0.549012372217021,0,0,0.014832167533333333,0.005078336466666666,0.42798333848801795,0,0,0,0
ETH,wanETH,2025-11-29T00:00:00.000Z,2025-11-29,2.76646476,8314.897254981493,1.18402766,3558.7180557372894,1.5824371,4756.179199244203,0,0,0.00014958,0.4496087881126109,0,0,0.0148325062,0.00507856752,0.4279930390188201,0,0,0,0
ETH,wanETH,2025-11-30T00:00:00.000Z,2025-11-30,2.76651131,8337.653354000853,1.18407421,3568.5379752395497,1.5824371,4769.115378761304,0,0,0.00018108,0.5457136369617989,0,0,0.0148328422,0.005078796783333333,0.42800266339915505,0,0,0,0
ETH,wanETH,2025-12-01T00:00:00.000Z,2025-12-01,2.76656209,7786.978507895141,1.18412499,3332.929088651961,1.5824371,4454.04941924318,0,0,0.00018108,0.5096020509183109,0,0,0.01483320875,0.005079046866666667,0.4280131623591736,0,0,0,0
ETH,wanETH,2025-12-02T00:00:00.000Z,2025-12-02,2.76660871,7990.528454046225,1.18417161,3420.1289758358944,1.5824371,4570.399478210331,0,0,0.00015354,0.4437107486350265,0,0,0.01483354524,0.00507927646,0.4280228012331063,0,0,0,0
ETH,wanETH,2025-12-03T00:00:00.000Z,2025-12-03,2.76665519,8504.295335232146,1.18421809,3640.1143669847324,1.5824371,4864.180968247414,0,0,0.00018108,0.5568427484652537,0,0,0.014833880683333333,0.00507950535,0.42803240945110255,0,0,0,0
ETH,wanETH,2025-12-04T00:00:00.000Z,2025-12-04,2.76670166,8787.274211601693,1.18426456,3761.322405921814,1.5824371,5025.951805679878,0,0,0.00014958,0.4750267569162942,0,0,0.01483421612,0.00507973424,0.4280420173565489,0,0,0,0
ETH,wanETH,2025-12-05T00:00:00.000Z,2025-12-05,2.7666594399999997,8617.76970007902,1.17162063,3650.437708165337,1.59503881,4967.331991913682,0.03807196,115.0563958556585,0.0001806,0.56262588938634,0.00133409,4.031722746795158,0.014674944483333334,0.00497452895,0.42347774034878316,0,0,0,0
ETH,wanETH,2025-12-06T00:00:00.000Z,2025-12-06,2.76626158,8400.111506414683,1.1082142000000001,3365.235967976705,1.65804738,5034.875538437979,0,0,0.0001666,0.5059164320576597,0,0,0.013877247366666666,0.0044475801333333335,0.40061800734097436,0,0,0,0
ETH,wanETH,2025-12-07T00:00:00.000Z,2025-12-07,2.76630245,8453.143983420337,1.10825507,3386.5566922852017,1.65804738,5066.587291135135,0,0,0.00014123,0.4316239457836801,0,0,0.01387755624,0.00444777746,0.4006268628990356,0,0,0,0
ETH,wanETH,2025-12-08T00:00:00.000Z,2025-12-08,2.7663432,8611.399264471547,1.1082958200000002,3450.034056419219,1.65804738,5161.365208052328,0,0,0.00016662,0.5187909898156312,0,0,0.0138778642,0.004447974166666667,0.4006356911768964,0,0,0,0
ETH,wanETH,2025-12-09T00:00:00.000Z,2025-12-09,2.76638772,8837.621939003699,1.10834034,3540.7527061297064,1.65804738,5296.869232873992,0,0,0.00016662,0.532793323268293,0,0,0.0138782006,0.0044481891,0.4006453368599064,0,0,0,0
ETH,wanETH,2025-12-10T00:00:00.000Z,2025-12-10,2.76642847,9209.457709305872,1.10838109,3689.8077200942653,1.65804738,5519.649989211608,0,0,0.00013766,0.45836915561030533,0,0,0.01387850848,0.00444838578,0.4006541646018206,0,0,0,0
ETH,wanETH,2025-12-11T00:00:00.000Z,2025-12-11,2.76646935,8893.018453139975,1.10842197,3563.1036426841365,1.65804738,5329.914810455839,0,0,0.00016674,0.5361942370199668,0,0,0.013878817466666667,0.0044485831666666665,0.4006630226947102,0,0,0,0
ETH,wanETH,2025-12-12T00:00:00.000Z,2025-12-12,2.7665102,8835.278305860518,1.10846282,3540.0471448508983,1.65804738,5295.231161009619,0,0,0.00013778,0.4402741443944627,0,0,0.01387912612,0.00444878034,0.4006718717236252,0,0,0,0
ETH,wanETH,2025-12-13T00:00:00.000Z,2025-12-13,2.76653926,8580.790392886332,1.0951998200000002,3396.7924223791665,1.67133944,5183.997970507166,0.03991196,124.138169188,0.00016878,0.523414439,0.00017893,0.556525979,0.013711808183333334,0.004343802416666666,0.39587357057613215,0,0,0,0
ETH,wanETH,2025-12-14T00:00:00.000Z,2025-12-14,2.76655745,8578.0800763685,1.0686339,3313.4417197868333,1.69792355,5264.638356581667,0,0,0.00015906,0.49314173,0,0,0.0133768756,0.00413365215,0.38626846404364445,0,0,0,0
ETH,wanETH,2025-12-15T00:00:00.000Z,2025-12-15,2.7665952799999998,8483.653138357,1.06867173,3277.0384892240004,1.69792355,5206.614649133,0,0,0.00013139,0.402959321,0,0,0.0133771682,0.0041338324,0.3862768572274668,0,0,0,0
ETH,wanETH,2025-12-16T00:00:00.000Z,2025-12-16,2.76663324,8159.539202884167,1.06870969,3151.9098743208333,1.69792355,5007.629328563334,0,0,0.00015906,0.469093768,0,0,0.013377461716666667,0.0041340132,0.3862852767940446,0,0,0,0
ETH,wanETH,2025-12-17T00:00:00.000Z,2025-12-17,2.76667458,8032.024683498999,1.06875103,3102.7262280423333,1.69792355,4929.2984554566665,0,0,0.00015906,0.461866232,0,0,0.013377781416666666,0.004134210133333333,0.3862944469967448,0,0,0,0
ETH,wanETH,2025-12-18T00:00:00.000Z,2025-12-18,2.76671247,7891.0513725734,1.06878892,3048.3356986764,1.69792355,4842.715673897,0,0,0.00013139,0.375047801,0,0,0.01337807442,0.00413439066,0.3863028527786593,0,0,0,0
ETH,wanETH,2025-12-19T00:00:00.000Z,2025-12-19,2.76675037,8095.696506664166,1.06882682,3127.459004460833,1.69792355,4968.237502203333,0,0,0.00015906,0.465168676,0,0,0.013378367466666667,0.004134571166666667,0.38631125832329316,0,0,0,0
ETH,wanETH,2025-12-20T00:00:00.000Z,2025-12-20,2.76679276,8239.416580890334,1.245642,3709.55693907,1.52115076,4529.859641820333,0,0,0.00016533,0.49233649,0,0,0.015620771183333333,0.0061991203666666665,0.45021101757809895,0.01060635,31.57086141,3.45231,1.2954102813
ETH,wanETH,2025-12-21T00:00:00.000Z,2025-12-21,2.76692726,8255.7917580174,2.06502994,6161.492607237,0.70189732,2094.2991507804,0.16145237,478.06046757,0.00033383,0.996086609,0.00016397,0.48551517,0.0260076432,0.0155512401,0.7463267641227549,0,0,0,0
ETH,wanETH,2025-12-22T00:00:00.000Z,2025-12-22,2.76710413,8361.865764242833,1.96829099,5947.945650029166,0.79881314,2413.9201142136667,0,0,0.0003697,1.11715297,0,0,0.024772218383333332,0.014096739983333334,0.7113180051648339,0,0,0,0
ETH,wanETH,2025-12-23T00:00:00.000Z,2025-12-23,2.76723284,8213.810442025399,1.9684197,5842.7413273518,0.79881314,2371.0691146736,0,0,0.00030546,0.906844444,0,0,0.02477269176,0.01409727544,0.7113314324094345,0,0,0,0
ETH,wanETH,2025-12-24T00:00:00.000Z,2025-12-24,2.7673615600000003,8137.887538172166,1.96854842,5788.844364478833,0.79881314,2349.0431736933333,0,0,0.00036976,1.087388492,0,0,0.024773165066666665,0.014097810916666667,0.711344859236196,0,0,0,0
ETH,wanETH,2025-12-25T00:00:00.000Z,2025-12-25,2.76750198,8131.197702567668,1.96868884,5784.204815933667,0.79881314,2346.992886634,0,0,0.00036979,1.086599593,0,0,0.024773681416666665,0.014098395016666666,0.7113595054537046,0,0,0,0
ETH,wanETH,2025-12-26T00:00:00.000Z,2025-12-26,2.76763096,8143.477017634799,1.96881782,5793.0492344988,0.79881314,2350.427783136,0,0,0.00031383,0.92319066,0,0,0.02477415568,0.0140989315,0.7113729574115797,0,0,0,0
ETH,wanETH,2025-12-27T00:00:00.000Z,2025-12-27,2.76775958,8106.121972996166,1.96894644,5766.5846756688325,0.79881314,2339.5372973273334,0,0,0.00037016,1.084117379,0,0,0.02477462848333333,0.0140994664,0.7113863691826445,0,0,0,0
ETH,wanETH,2025-12-28T00:00:00.000Z,2025-12-28,2.76790012,8135.550370880166,1.96908698,5787.638849135166,0.79881314,2347.911521745,0,0,0.00037018,1.088006485,0,0,0.02477514508333333,0.014100050866666667,0.7114010235263734,0,0,0,0
ETH,wanETH,2025-12-29T00:00:00.000Z,2025-12-29,2.76802874,8205.7647257058,1.9692156,5837.6991484386,0.79881314,2368.0655772672,0,0,0.0003058,0.906422547,0,0,0.02477561788,0.01410058576,0.7114144343969842,0,0,0,0
ETH,wanETH,2025-12-30T00:00:00.000Z,2025-12-30,2.76815781,8208.880092102167,1.96934467,5840.026352536834,0.79881314,2368.8537395653334,0,0,0.00037018,1.097878274,0,0,0.024776092216666667,0.014101122383333333,0.7114278894351812,0,0,0,0
ETH,wanETH,2025-12-31T00:00:00.000Z,2025-12-31,2.76828667,8259.404985662,1.96947353,5876.0820774208,0.79881314,2383.3229082412,0,0,0.0003058,0.912473432,0,0,0.02477656576,0.01410165818,0.7114413226168737,0,0,0,0
ETH,wanETH,2026-01-01T00:00:00.000Z,2026-01-01,2.7684165600000004,8250.665964021833,1.96960342,5869.976476432166,0.79881314,2380.6894875896664,0,0,0.00037823,1.127195401,0,0,0.024777043066666667,0.014102198166666666,0.7114548608201495,0,0,0,0
ETH,wanETH,2026-01-02T00:00:00.000Z,2026-01-02,2.76855714,8478.385187633834,1.969744,6032.113141250167,0.79881314,2446.2720463836667,0,0,0.00037018,1.134295309,0,0,0.024777559583333334,0.014102782566666666,0.7114695123782374,0,0,0,0
ETH,wanETH,2026-01-03T00:00:00.000Z,2026-01-03,2.7686858,8607.013368332,1.96987266,6123.742960014,0.79881314,2483.270408318,0,0,0.00030581,0.950628026,0,0,0.02477803228,0.01410331742,0.7114829208444317,0,0,0,0
ETH,wanETH,2026-01-04T00:00:00.000Z,2026-01-04,2.76881827,8690.028226478,1.96087046,6154.297123055667,0.80794781,2535.7311034223335,0,0,0.00036993,1.161031181,0,0,0.0246622342,0.013973202116666666,0.708197664675051,0.000276,0.8644596,1.14215,0.455238147
ETH,wanETH,2026-01-05T00:00:00.000Z,2026-01-05,2.76896302,8818.409486723,1.94274586,6187.128156699,0.82621716,2631.281330024,0,0,0.00036696,1.16875247,0,0,0.02443020785,0.013712479333333333,0.7016149532536732,0,0,0,0
ETH,wanETH,2026-01-06T00:00:00.000Z,2026-01-06,2.7690883200000003,8962.9301091804,1.9428711600000002,6288.6469300356,0.82621716,2674.2831791448,0,0,0.00030314,0.981310486,0,0,0.0244306837,0.01371301028,0.7016284550613289,0,0,0,0
ETH,wanETH,2026-01-07T00:00:00.000Z,2026-01-07,2.76921365,8926.281379858334,1.94299649,6263.052986314333,0.82621716,2663.228393544,0,0,0.00036696,1.1831637,0,0,0.024431159566666666,0.013713541316666666,0.7016419584830019,0,0,0,0
ETH,wanETH,2026-01-08T00:00:00.000Z,2026-01-08,2.7693391800000002,8636.7374471114,1.9431220200000001,6060.0139902194,0.82621716,2576.723456892,0,0,0.00031115,0.970456645,0,0,0.02443163622,0.0137140732,0.7016554827676875,0,0,0,0
ETH,wanETH,2026-01-09T00:00:00.000Z,2026-01-09,2.76946433,8601.355830498334,1.94324717,6035.304345256333,0.82621716,2566.051485242,0,0,0.00036702,1.140008354,0,0,0.024432111316666668,0.0137146034,0.701668964388449,0,0,0,0
ETH,wanETH,2026-01-10T00:00:00.000Z,2026-01-10,2.76960156,8545.651843078667,1.9433844,5996.345025612667,0.82621716,2549.306817466,0,0,0.00036702,1.132433872,0,0,0.024432632283333332,0.013715184766666666,0.7016837468246804,0,0,0,0
ETH,wanETH,2026-01-11T00:00:00.000Z,2026-01-11,2.7697274000000003,8594.3537001034,1.9435102400000002,6030.6349013098,0.82621716,2563.7187987936,0,0,0.0003032,0.940792191,0,0,0.02443310994,0.01371571784,0.7016973005682736,0,0,0,0
ETH,wanETH,2026-01-12T00:00:00.000Z,2026-01-12,2.76985275,8635.154136262667,1.9436355900000002,6059.380829104667,0.82621716,2575.773307158,0,0,0.00036707,1.144635381,0,0,0.02443358568333333,0.013716248766666666,0.7017108000926149,0,0,0,0
ETH,wanETH,2026-01-13T00:00:00.000Z,2026-01-13,2.76998952,8784.5625565865,1.94377236,6164.3525365065,0.82621716,2620.21002008,0,0,0.00036722,1.16356156,0,0,0.024434104766666666,0.01371682805,0.7017255286711197,0,0,0,0
ETH,wanETH,2026-01-14T00:00:00.000Z,2026-01-14,2.7701151100000003,9234.5116052942,1.9438979500000002,6480.217556375,0.82621716,2754.2940489192,0,0,0.00031141,1.038455559,0,0,0.02443458132,0.01371735992,0.7017390513026309,0,0,0,0
ETH,wanETH,2026-01-15T00:00:00.000Z,2026-01-15,2.7702403600000003,9206.062498109499,1.9440232000000002,6460.3776319974995,0.82621716,2745.684866112,0,0,0.0003675,1.220817285,0,0,0.02443505655,0.013717890333333333,0.701752536676368,0,0,0,0
ETH,wanETH,2026-01-16T00:00:00.000Z,2026-01-16,2.77037726,9147.8314814005,1.9441601000000002,6419.6486487945,0.82621716,2728.182832606,0,0,0.00036758,1.213643937,0,0,0.02443557595,0.013718470016666666,0.701767274231111,0,0,0,0
ETH,wanETH,2026-01-17T00:00:00.000Z,2026-01-17,2.7705025500000002,9152.854259523,1.9442853900000001,6423.2971523742,0.82621716,2729.5571071488,0,0,0.00030364,1.003099363,0,0,0.02443605126,0.01371900056,0.7017807615049662,0,0,0,0
ETH,wanETH,2026-01-18T00:00:00.000Z,2026-01-18,2.77062824,9205.597591581334,1.94441108,6460.435996337334,0.82621716,2745.161595244,0,0,0.00036758,1.221247492,0,0,0.02443652805,0.0137195327,0.7017942902874321,0,0,0,0
ETH,wanETH,2026-01-19T00:00:00.000Z,2026-01-19,2.77075373,8878.9359479706,1.9445365700000001,6231.3065344074,0.82621716,2647.6294135632,0,0,0.00030364,0.973015956,0,0,0.024437004,0.01372006398,0.7018077964979627,0,0,0,0
ETH,wanETH,2026-01-20T00:00:00.000Z,2026-01-20,2.7708797300000003,8580.626431707165,1.9446625700000002,6022.065982049166,0.82621716,2558.560449658,0,0,0.00037563,1.163271079,0,0,0.024437481883333334,0.0137205973,0.701821355610085,0,0,0,0
ETH,wanETH,2026-01-21T00:00:00.000Z,2026-01-21,2.77101715,8227.196333460168,1.9447999900000001,5774.143815134167,0.82621716,2453.052518326,0,0,0.00036762,1.091467771,0,0,0.024438003016666668,0.013721179016666666,0.7018361428554798,0,0,0,0
ETH,wanETH,2026-01-22T00:00:00.000Z,2026-01-22,2.77114249,8275.6280415484,1.94492533,5808.2461636108,0.82621716,2467.3818779376,0,0,0.00030368,0.906960443,0,0,0.02443847832,0.01372170956,0.7018496292807166,0,0,0,0
ETH,wanETH,2026-01-23T00:00:00.000Z,2026-01-23,2.77126823,8172.654591356333,1.94505107,5736.085105372334,0.82621716,2436.569485984,0,0,0.00036762,1.083733252,0,0,0.024438955066666667,0.01372224175,0.7018631577326054,0,0,0,0
ETH,wanETH,2026-01-24T00:00:00.000Z,2026-01-24,2.7714051900000003,8192.181439086999,1.9451880300000002,5749.911054699,0.82621716,2442.270384388,0,0,0.00036762,1.086625474,0,0,0.024439474366666665,0.0137228214,0.7018778913493393,0,0,0,0
ETH,wanETH,2026-01-25T00:00:00.000Z,2026-01-25,2.79348674,8120.2184199316,1.94531358,5656.5813328836,0.84817316,2463.637087048,0,0,0.00030368,0.883780828,0,0,0.0242515453,0.01351701702,0.6965429293605222,0,0,0,0
ETH,wanETH,2026-01-26T00:00:00.000Z,2026-01-26,2.8814332300000003,8315.961038908,1.9454360700000002,5614.626435290001,0.93599716,2701.334603618,0,0,0.0003538,1.020893806,0,0,0.023498403566666666,0.012692195383333334,0.6751626409547241,0,0,0,0
ETH,wanETH,2026-01-27T00:00:00.000Z,2026-01-27,2.88155422,8441.3407064372,1.94555706,5699.3931860468,0.93599716,2741.9475203904,0,0,0.00029998,0.878972124,0,0,0.02349888384,0.01269271118,0.6751762808022074,0,0,0,0
ETH,wanETH,2026-01-28T00:00:00.000Z,2026-01-28,2.88167485,8660.345389988666,1.9456776900000001,5847.377525088,0.93599716,2812.967864900667,0,0,0.0003538,1.063130754,0,0,0.023499362566666668,0.0126932254,0.6751898778025388,0,0,0,0
ETH,wanETH,2026-01-29T00:00:00.000Z,2026-01-29,2.88180665,8372.414101755001,1.94580949,5653.092752712334,0.93599716,2719.3213490426665,0,0,0.0001352,0.392441096,0,0,0.023499885616666667,0.012693787216666667,0.6752047330580503,0,0,0,0
ETH,wanETH,2026-01-30T00:00:00.000Z,2026-01-30,2.88192729,7884.4343581334015,1.94593013,5323.714607862201,0.93599716,2560.7197502712,0,0,0.00011168,0.305586224,0,0,0.02350036434,0.0126943014,0.6752183295157778,0,0,0,0
ETH,wanETH,2026-01-31T00:00:00.000Z,2026-01-31,2.8820483400000003,7451.3874675991665,1.9460511800000002,5031.413610277166,0.93599716,2419.973857322,0,0,0.0001352,0.34970824,0,0,0.02350084465,0.012694817316666667,0.6752319701758576,0,0,0,0
ETH,wanETH,2026-02-01T00:00:00.000Z,2026-02-01,2.88218113,6834.3693966755,1.94618397,4614.8861310255,0.93599716,2219.48326565,0,0,0.0001352,0.3208224,0,0,0.023501371516666668,0.012695383266666667,0.6752469338820994,0,0,0,0
ETH,wanETH,2026-02-02T00:00:00.000Z,2026-02-02,2.88230218,6587.3882861524,1.94630502,4448.2042168588005,0.93599716,2139.1840692936,0,0,0.00011464,0.262009456,0,0,0.02350185172,0.01269589908,0.6752605721724566,0,0,0,0
ETH,wanETH,2026-02-03T00:00:00.000Z,2026-02-03,2.8824228400000003,6604.494173897334,1.9464256800000002,4459.843881189334,0.93599716,2144.650292708,0,0,0.0001352,0.309588992,0,0,0.023502330366666668,0.01269641325,0.6752741661726925,0,0,0,0
ETH,wanETH,2026-02-04T00:00:00.000Z,2026-02-04,2.8825547,6371.981224208833,1.9465575400000001,4302.9283021235,0.93599716,2069.052922085333,0,0,0.00013524,0.298911564,0,0,0.023502853383333334,0.01269697505,0.6752890199150591,0,0,0,0
ETH,wanETH,2026-02-05T00:00:00.000Z,2026-02-05,2.8826753800000002,5859.8422232902,1.9466782200000001,3957.1659163854,0.93599716,1902.6763069048,0,0,0,0,0,0,0.023503332,0.01269748922,0.6753026137099791,0,0,0,0
ETH,wanETH,2026-02-06T00:00:00.000Z,2026-02-06,2.8827964600000002,5644.277579876833,1.9467993000000001,3811.6731403601666,0.93599716,1832.6044395166666,0,0,0.0001316,0.257485424,0,0,0.023503812183333334,0.012698005083333333,0.6753162519090569,0,0,0,0
ETH,wanETH,2026-02-07T00:00:00.000Z,2026-02-07,2.88291737,5878.3266945972,1.94692021,3969.8097654139997,0.93599716,1908.5169291832,0,0,0.00010871,0.221571574,0,0,0.02350429166,0.01269852016,0.6753298690253348,0,0,0,0
ETH,wanETH,2026-02-08T00:00:00.000Z,2026-02-08,2.8830387600000003,6048.231191557334,1.9470416000000001,4084.633949498667,0.93599716,1963.5972420586668,0,0,0.00013447,0.282040626,0,0,0.023504772983333335,0.012699037233333333,0.6753435388272927,0,0,0,0
ETH,wanETH,2026-02-09T00:00:00.000Z,2026-02-09,2.88317114,6011.796727087833,1.94717398,4060.1178488664996,0.93599716,1951.6788782213334,0,0,0.0001316,0.274513946,0,0,0.023505297816666666,0.012699601133333334,0.6753584451510759,0,0,0,0
ETH,wanETH,2026-02-10T00:00:00.000Z,2026-02-10,2.88329185,5844.2589827696,1.94729469,3947.0488992792,0.93599716,1897.2100834904,0,0,0.00010871,0.22020509,0,0,0.0235057764,0.01270011528,0.6753720371870887,0,0,0,0
ETH,wanETH,2026-02-11T00:00:00.000Z,2026-02-11,2.8834129500000003,5664.367665135667,1.9474157900000002,3825.6324442210002,0.93599716,1838.7352209146666,0,0,0.0001316,0.258539407,0,0,0.02350625645,0.012700631016666667,0.6753856711310979,0,0,0,0
ETH,wanETH,2026-02-12T00:00:00.000Z,2026-02-12,2.88354487,5651.795737390834,1.94754771,3817.2257038381667,0.93599716,1834.5700335526667,0,0,0.00013165,0.258112826,0,0,0.023506779316666667,0.012701192816666667,0.675400521240985,0,0,0,0
ETH,wanETH,2026-02-13T00:00:00.000Z,2026-02-13,2.88366582,5749.223730683,1.9476686600000002,3883.1074728478,0.93599716,1866.1162578352,0,0,0.00010878,0.216825496,0,0,0.02350725874,0.01270170788,0.6754141365426733,0,0,0,0
ETH,wanETH,2026-02-14T00:00:00.000Z,2026-02-14,2.88378678,5969.727491312334,1.94778962,4032.1197703963335,0.93599716,1937.607720916,0,0,0.00013168,0.27253414,0,0,0.0235077381,0.012702222966666666,0.6754277516053492,0,0,0,0
ETH,wanETH,2026-02-15T00:00:00.000Z,2026-02-15,2.8839079400000003,5862.6373130416005,1.9479107800000002,3959.8674064208003,0.93599716,1902.7699066208,0,0,0.00011164,0.226875448,0,0,0.02350821822,0.0127027388,0.6754413870926144,0,0,0,0
ETH,wanETH,2026-02-16T00:00:00.000Z,2026-02-16,2.88402871,5688.314283178333,1.94803155,3842.2002846523333,0.93599716,1846.113998526,0,0,0.00013168,0.259617804,0,0,0.02350869675,0.012703253033333334,0.6754549783375815,0,0,0,0
ETH,wanETH,2026-02-17T00:00:00.000Z,2026-02-17,2.88416163,5712.274320282167,1.94816447,3858.4695450915,0.93599716,1853.8047751906668,0,0,0.00013168,0.260874044,0,0,0.023509223366666665,0.012703818883333334,0.6754699350053402,0,0,0,0
ETH,wanETH,2026-02-18T00:00:00.000Z,2026-02-18,2.88428259,5695.9385700778,1.94828543,3847.5126585666003,0.93599716,1848.4259115112,0,0,0.00010878,0.214856498,0,0,0.0235097026,0.0127043338,0.6754835454222833,0,0,0,0
ETH,wanETH,2026-02-19T00:00:00.000Z,2026-02-19,2.88440356,5643.191008778166,1.9484064,3811.9593650961665,0.93599716,1831.231643682,0,0,0.0001317,0.257616313,0,0,0.023510181833333334,0.01270484875,0.675497155225359,0,0,0,0
ETH,wanETH,2026-02-20T00:00:00.000Z,2026-02-20,2.88453557,5640.276583862833,1.94853841,3810.0745370568334,0.93599716,1830.202046806,0,0,0.00013174,0.257533745,0,0,0.023510704716666667,0.012705410633333334,0.6755120060113687,0,0,0,0
ETH,wanETH,2026-02-21T00:00:00.000Z,2026-02-21,2.8846567800000003,5701.1783233412,1.9486596200000001,3851.2922562604,0.93599716,1849.8860670808,0,0,0.00011169,0.220731243,0,0,0.02351118478,0.01270592654,0.6755256406071055,0,0,0,0
ETH,wanETH,2026-02-22T00:00:00.000Z,2026-02-22,2.88477761,5654.548244390667,1.94878045,3819.869011169333,0.93599716,1834.6792332213333,0,0,0.00013174,0.258198698,0,0,0.0235116633,0.01270644075,0.6755392309827473,0,0,0,0
ETH,wanETH,2026-02-23T00:00:00.000Z,2026-02-23,2.8848984300000002,5439.4759753976,1.9489012700000001,3674.6533302176003,0.93599716,1764.82264518,0,0,0.00010883,0.205112307,0,0,0.02351214178,0.01270695492,0.6755528202561335,0,0,0,0
ETH,wanETH,2026-02-24T00:00:00.000Z,2026-02-24,2.88501964,5304.156727638667,1.94902248,3583.310349026,0.93599716,1720.8463786126667,0,0,0.00013174,0.242216291,0,0,0.023512621766666665,0.012707470716666667,0.6755664513893693,0,0,0,0
ETH,wanETH,2026-02-25T00:00:00.000Z,2026-02-25,2.88515166,5679.856436443167,1.9491545000000001,3837.205627409167,0.93599716,1842.650809034,0,0,0.00013174,0.259313915,0,0,0.023513144483333335,0.012708032516666667,0.6755812969580343,0,0,0,0
ETH,wanETH,2026-02-26T00:00:00.000Z,2026-02-26,2.88527268,5901.824822322,1.94927552,3987.242631542,0.93599716,1914.58219078,0,0,0.00010883,0.222620917,0,0,0.02351362362,0.01270854744,0.6755949046696452,0,0,0,0
ETH,wanETH,2026-02-27T00:00:00.000Z,2026-02-27,2.88539374,5733.131571151667,1.9493965800000002,3873.3520140896667,0.93599716,1859.779557062,0,0,0.00013176,0.261861953,0,0,0.023514102816666667,0.012709062466666667,0.6756085148025482,0,0,0,0
ETH,wanETH,2026-02-28T00:00:00.000Z,2026-02-28,2.88552586,5533.717707726667,1.9495287000000001,3738.7091541366667,0.93599716,1795.00855359,0,0,0.0001319,0.253025558,0,0,0.023514625783333333,0.012709624533333333,0.6756233677634943,0,0,0,0
ETH,wanETH,2026-03-01T00:00:00.000Z,2026-03-01,2.8856471800000003,5746.7076917456,1.9496500200000002,3882.6880675488,0.93599716,1864.0196241968,0,0,0.00011187,0.222804781,0,0,0.02351510598,0.01271014062,0.6756370060415208,0,0,0,0
ETH,wanETH,2026-03-02T00:00:00.000Z,2026-03-02,2.88576816,5709.5417283785,1.9497710000000001,3857.655747365833,0.93599716,1851.8859810126667,0,0,0.00013198,0.261383092,0,0,0.023515584766666667,0.01271065525,0.6756506032750447,0,0,0,0
ETH,wanETH,2026-03-03T00:00:00.000Z,2026-03-03,2.88590034,5721.2487869920005,1.9499031800000002,3865.6500172446667,0.93599716,1855.5987697473333,0,0,0.00013198,0.261600658,0,0,0.02351610785,0.01271121745,0.6756654591253157,0,0,0,0
ETH,wanETH,2026-03-04T00:00:00.000Z,2026-03-04,2.8860218900000003,5947.8051366244,1.9500247300000002,4018.8085895804,0.93599716,1928.996547044,0,0,0.00010905,0.224767856,0,0,0.02351658884,0.01271173444,0.6756791194147518,0,0,0,0
ETH,wanETH,2026-03-05T00:00:00.000Z,2026-03-05,2.8861436400000002,6079.227961355833,1.9501464800000001,4107.690343389833,0.93599716,1971.537617966,0,0,0.00013204,0.278134752,0,0,0.023517070566666666,0.01271225225,0.6756928012506781,0,0,0,0
ETH,wanETH,2026-03-06T00:00:00.000Z,2026-03-06,2.88626502,5882.5532736786,1.95026786,3974.8787419394002,0.93599716,1907.6745317392,0,0,0.00011194,0.22806713,0,0,0.02351755076,0.0127127684,0.6757064391963965,0,0,0,0
ETH,wanETH,2026-03-07T00:00:00.000Z,2026-03-07,2.8863860100000003,5719.566163685667,1.9503888500000002,3864.825391335,0.93599716,1854.7407723506667,0,0,0.00013204,0.261610122,0,0,0.023518029416666666,0.0127132829,0.6757200329687348,0,0,0,0
ETH,wanETH,2026-03-08T00:00:00.000Z,2026-03-08,2.88651822,5635.782221755167,1.95052106,3808.2945667131667,0.93599716,1827.487655042,0,0,0.00013204,0.257795778,0,0,0.0235185524,0.01271384505,0.6757348860171283,0,0,0,0
ETH,wanETH,2026-03-09T00:00:00.000Z,2026-03-09,2.88663925,5785.0565885544,1.95064209,3909.2434001416,0.93599716,1875.8131884128,0,0,0.00010908,0.218593778,0,0,0.0235190311,0.01271435964,0.6757484812975361,0,0,0,0
ETH,wanETH,2026-03-10T00:00:00.000Z,2026-03-10,2.88676066,5894.66951797,1.9507635,3983.3945171553332,0.93599716,1911.2750008146666,0,0,0.00013204,0.269565032,0,0,0.023519511283333332,0.012714875833333333,0.6757621187211209,0,0,0,0
ETH,wanETH,2026-03-11T00:00:00.000Z,2026-03-11,2.8868929000000003,5909.8072725053335,1.9508957400000002,3993.7118863166666,0.93599716,1916.0953861886667,0,0,0.00013204,0.270313106,0,0,0.023520034233333334,0.012715438,0.6757769710966403,0,0,0,0
ETH,wanETH,2026-03-12T00:00:00.000Z,2026-03-12,2.8870141300000003,5938.6462833226005,1.9510169700000002,4013.2814052594003,0.93599716,1925.3648780632,0,0,0.00010908,0.224410172,0,0,0.02352051364,0.01271595334,0.6757905857193286,0,0,0,0
ETH,wanETH,2026-03-13T00:00:00.000Z,2026-03-13,2.88713633,6114.521417154167,1.95113917,4132.219831848167,0.93599716,1982.301585306,0,0,0.0001349,0.285537948,0,0,0.023520996766666667,0.01271647275,0.675804307521791,0,0,0,0
ETH,wanETH,2026-03-14T00:00:00.000Z,2026-03-14,2.84327328,5911.4635551182,1.95126039,4056.7872376568,0.89201289,1854.6763174614,0,0,0.00011,0.228657754,0,0,0.02389850542,0.01313030208,0.686520832397683,0,0,0,0
ETH,wanETH,2026-03-15T00:00:00.000Z,2026-03-15,2.77742209,5838.8358331701675,1.9513856,4102.300622067667,0.82603649,1736.5352111025,0,0,0.00013728,0.28865178,0,0,0.0244645279,0.01375080225,0.7025887803917529,0,0,0,0
ETH,wanETH,2026-03-16T00:00:00.000Z,2026-03-16,2.77755957,6328.5330468619995,1.95152308,4446.4502062215,0.82603649,1882.0828406405,0,0,0.00013728,0.312683916,0,0,0.024465046716666668,0.013751381983333333,0.7026035012621812,0,0,0,0
ETH,wanETH,2026-03-17T00:00:00.000Z,2026-03-17,2.77768559,6480.507123601801,1.9516491,4553.314430242401,0.82603649,1927.1926933594,0,0,0.0001134,0.264613764,0,0,0.02446552224,0.01375191336,0.7026169941319571,0,0,0,0
ETH,wanETH,2026-03-18T00:00:00.000Z,2026-03-18,2.77781164,6298.546639655834,1.95177515,4425.550200405334,0.82603649,1872.9964392505,0,0,0.00013732,0.311462786,0,0,0.024465997833333333,0.0137524448,0.7026304884163677,0,0,0,0
ETH,wanETH,2026-03-19T00:00:00.000Z,2026-03-19,2.7779491800000002,5982.219891266666,1.9519126900000001,4203.377844601333,0.82603649,1778.8420466653333,0,0,0.00013732,0.29571742,0,0,0.024466516716666668,0.01375302465,0.7026452115808367,0,0,0,0
ETH,wanETH,2026-03-20T00:00:00.000Z,2026-03-20,2.77807547,5934.3578749014,1.9520389800000002,4169.8282871528,0.82603649,1764.5295877486,0,0,0.00011644,0.248698578,0,0,0.02446699314,0.01375355706,0.7026587293851948,0,0,0,0
ETH,wanETH,2026-03-21T00:00:00.000Z,2026-03-21,2.77820143,5981.097241957667,1.95216494,4202.750817186334,0.82603649,1778.3464247713334,0,0,0.0001374,0.29579048,0,0,0.0244674682,0.013754087966666667,0.7026722104280214,0,0,0,0
ETH,wanETH,2026-03-22T00:00:00.000Z,2026-03-22,2.77811508,5791.029698935667,1.78406657,3721.206786392333,0.99404851,2069.822912543333,0,0,0.00012912,0.269306192,0,0,0.02234002975,0.011580078666666667,0.6421818569615438,0,0,0,0
ETH,wanETH,2026-03-23T00:00:00.000Z,2026-03-23,2.77798821,5849.332907111,1.61592769,3402.498276199,1.16206052,2446.834630912,0,0,0.0000777,0.163625005,0,0,0.0202125334,0.00940594126,0.5816899021054244,0,0,0,0
ETH,wanETH,2026-03-24T00:00:00.000Z,2026-03-24,2.77807513,5938.830061085,1.61601461,3454.635184455,1.16206052,2484.19487663,0,0,0.00009406,0.201076765,0,0,0.020212992733333334,0.009406366666666666,0.5817029901167966,0,0,0,0
ETH,wanETH,2026-03-25T00:00:00.000Z,2026-03-25,2.7781620499999997,6025.4445881987995,1.61610153,3505.0980087916,1.16206052,2520.3465794072,0,0,0.00007975,0.172941083,0,0,0.02021345206,0.009406792019999999,0.5817160773342694,0,0,0,0
ETH,wanETH,2026-03-26T00:00:00.000Z,2026-03-26,2.77824836,5845.989035124334,1.61618784,3400.7812889403335,1.16206052,2445.207746184,0,0,0.00009406,0.197862217,0,0,0.0202139081,0.009407214399999999,0.5817290711180251,0,0,0,0
ETH,wanETH,2026-03-27T00:00:00.000Z,2026-03-27,2.77834266,5609.6117855065,1.61628214,3263.3534926005,1.16206052,2346.258292906,0,0,0.00009406,0.189883553,0,0,0.020214406383333335,0.00940767585,0.5817432676925657,0,0,0,0
ETH,wanETH,2026-03-28T00:00:00.000Z,2026-03-28,2.7784289600000003,5568.6387403292,1.61636844,3239.5905637244,1.16206052,2329.0481766048,0,0,0.0000777,0.155721617,0,0,0.02021486234,0.009408098160000001,0.5817562598127205,0,0,0,0
ETH,wanETH,2026-03-29T00:00:00.000Z,2026-03-29,2.77851555,5560.041159583499,1.61645503,3234.661220686833,1.16206052,2325.3799388966668,0,0,0.00009412,0.188345778,0,0,0.020215319833333332,0.009408521866666667,0.5817692942512234,0,0,0,0
ETH,wanETH,2026-03-30T00:00:00.000Z,2026-03-30,2.7786098900000002,5671.652338747001,1.61654937,3299.6737729983333,1.16206052,2371.978565748667,0,0,0.00009414,0.192143268,0,0,0.020215818183333335,0.009408983466666666,0.5817834941160214,0,0,0,0
ETH,wanETH,2026-03-31T00:00:00.000Z,2026-03-31,2.77869638,5738.008208171,1.61663586,3338.353234371,1.16206052,2399.6549738,0,0,0.00007782,0.1606473,0,0,0.02021627504,0.00940940662,0.5817965113290968,0,0,0,0
ETH,wanETH,2026-04-01T00:00:00.000Z,2026-04-01,2.70508317,5738.297168801833,1.61672328,3430.363875728833,1.08835989,2307.933293073,0,0,0.00009765,0.207242757,0,0,0.02080564605,0.00997878775,0.598574674759115,0,0,0,0
ETH,wanETH,2026-04-02T00:00:00.000Z,2026-04-02,2.55777346,5254.126687632201,1.61681483,3321.2282890588003,0.94095863,1932.8983985734,0,0,0.00008449,0.173497592,0,0,0.02198393478,0.01111715398,0.6321180724032839,0,0,0,0
ETH,wanETH,2026-04-03T00:00:00.000Z,2026-04-03,2.55786758,5263.835668131833,1.61690895,3327.436903454833,0.94095863,1936.398764677,0,0,0.00010228,0.210497622,0,0,0.021984410733333334,0.01111763275,0.6321316098407747,0,0,0,0
ETH,wanETH,2026-04-04T00:00:00.000Z,2026-04-04,2.5579701,5256.884534610001,1.61701147,3323.120454097,0.94095863,1933.764080513,0,0,0.00010228,0.210203879,0,0,0.021984929083333334,0.011118154216666667,0.6321463535108902,0,0,0,0
ETH,wanETH,2026-04-05T00:00:00.000Z,2026-04-05,2.55806408,5237.1758162124,1.61710545,3310.7323938408,0.94095863,1926.4434223716,0,0,0.00008452,0.173033398,0,0,0.02198540422,0.01111863218,0.6321598678063979,0,0,0,0
ETH,wanETH,2026-04-06T00:00:00.000Z,2026-04-06,2.55815885,5475.313020399333,1.61720022,3461.3478993226668,0.94095863,2013.9651210766667,0,0,0.00010464,0.223945462,0,0,0.021985883266666666,0.011119114116666667,0.6321734938531266,0,0,0,0
ETH,wanETH,2026-04-07T00:00:00.000Z,2026-04-07,2.55826143,5438.907377908,1.6173028,3438.4136478841665,0.94095863,2000.4937300238332,0,0,0.00010242,0.217888559,0,0,0.021986401816666667,0.011119635783333333,0.6321882427926376,0,0,0,0
ETH,wanETH,2026-04-08T00:00:00.000Z,2026-04-08,2.55835531,5712.755964382799,1.61739668,3611.6141627653997,0.94095863,2101.1418016174,0,0,0.00008461,0.188964983,0,0,0.02198687636,0.01112011318,0.6322017402577225,0,0,0,0
ETH,wanETH,2026-04-09T00:00:00.000Z,2026-04-09,2.55844949,5609.827267426001,1.61749086,3546.618644712667,0.94095863,2063.208622713333,0,0,0.00010242,0.224571662,0,0,0.021987352366666667,0.011120592066666667,0.6322152794447534,0,0,0,0
ETH,wanETH,2026-04-10T00:00:00.000Z,2026-04-10,2.55854352,5664.257698096,1.61758489,3581.1070254842,0.94095863,2083.1506726118,0,0,0.00008461,0.187301419,0,0,0.02198782756,0.0111210702,0.6322287962947635,0,0,0,0
ETH,wanETH,2026-04-11T00:00:00.000Z,2026-04-11,2.55860967,5769.024473974499,1.6176789200000001,3647.4620259036665,0.94093075,2121.5624480708334,0.03950186,90.751573164,0.00010242,0.230884209,0.00083648,1.921729152,0.021988545016666666,0.011121792066666667,0.6322492025282671,0,0,0,0
ETH,wanETH,2026-04-12T00:00:00.000Z,2026-04-12,2.55858776,5654.819696619334,1.591445,3517.4438166036666,0.96714276,2137.3758800156666,0,0,0.00010114,0.223566788,0,0,0.021628350916666667,0.01076378145,0.6220014316398556,0,0,0,0
ETH,wanETH,2026-04-13T00:00:00.000Z,2026-04-13,2.55868608,5644.7176849997995,1.57836761,3482.0371083328,0.98031847,2162.680576667,0,0,0.00008267,0.18234655,0,0,0.0214478637,0.01058437414,0.616866454632148,0,0,0,0
ETH,wanETH,2026-04-14T00:00:00.000Z,2026-04-14,2.55877573,6024.637058652001,1.57845726,3716.477221037,0.98031847,2308.159837615,0,0,0.0000975,0.22957866,0,0,0.02144833535,0.010584837183333333,0.616879877396829,0,0,0,0
ETH,wanETH,2026-04-15T00:00:00.000Z,2026-04-15,2.55887339,5997.530388966499,1.58040975,3704.229002789333,0.97846364,2293.3013861771665,0,0,0.00009761,0.228762673,0,0,0.021474321833333334,0.010610439483333333,0.6176193509840187,0.00011129,0.262599884,1.14215,0.2813001235
ETH,wanETH,2026-04-16T00:00:00.000Z,2026-04-16,2.5589637,5987.6677240968,1.58977423,3719.8806670332,0.96918947,2267.7870570636,0,0,0.00008163,0.190961118,0,0,0.02160215748,0.01073639402,0.6212570463272531,0,0,0,0
ETH,wanETH,2026-04-17T00:00:00.000Z,2026-04-17,2.55905487,6115.161341729667,1.5898654,3799.1700310598335,0.96918947,2315.991310669833,0,0,0.00010098,0.241378911,0,0,0.021602631633333334,0.0107368629,0.6212705388319386,0,0,0,0
ETH,wanETH,2026-04-18T00:00:00.000Z,2026-04-18,2.5591459,6091.943813988801,1.58995643,3784.8270482326,0.96918947,2307.1167657562,0,0,0.00008167,0.194359353,0,0,0.02160310512,0.01073733106,0.6212840111689406,0,0,0,0
ETH,wanETH,2026-04-19T00:00:00.000Z,2026-04-19,2.55923687,5944.210847771001,1.5900474,3693.1229252755,0.96918947,2251.0879224955,0,0,0.00009886,0.229602413,0,0,0.021603578233333334,0.010737798833333333,0.6212974724067194,0,0,0,0
ETH,wanETH,2026-04-20T00:00:00.000Z,2026-04-20,2.55933595,5886.8995974275,1.59014648,3657.6022848491666,0.96918947,2229.2973125783333,0,0,0.00009886,0.227429644,0,0,0.021604093433333332,0.010738308333333333,0.6213121331809299,0,0,0,0
ETH,wanETH,2026-04-21T00:00:00.000Z,2026-04-21,2.55942677,5925.0217440864,1.5902373,3681.3675048258,0.96918947,2243.6542392606,0,0,0.00008167,0.189061335,0,0,0.02160456572,0.01073877532,0.6213255712413485,0,0,0,0
ETH,wanETH,2026-04-22T00:00:00.000Z,2026-04-22,2.55951759,6082.310262744833,1.5903281200000001,3779.1768657103335,0.96918947,2303.1333970345,0,0,0.00009886,0.234864115,0,0,0.021605037966666667,0.0107392423,0.6213390083190069,0,0,0,0
ETH,wanETH,2026-04-23T00:00:00.000Z,2026-04-23,2.55961668,5988.436087264,1.59042721,3720.9365564098334,0.96918947,2267.4995308541666,0,0,0.00009888,0.231350205,0,0,0.021605553166666666,0.01073975175,0.6213536671102128,0,0,0,0
ETH,wanETH,2026-04-24T00:00:00.000Z,2026-04-24,2.5597076800000003,5930.228387592,1.5905182100000002,3684.8489910748,0.96918947,2245.3793965172,0,0,0.00008385,0.19425723,0,0,0.02160602628,0.0107402196,0.6213671287000423,0,0,0,0
ETH,wanETH,2026-04-25T00:00:00.000Z,2026-04-25,2.5597989500000002,5926.617114875667,1.6039428100000002,3713.5453746336666,0.95585614,2213.071740242,0,0,0.00010032,0.232265631,0,0,0.021789583816666666,0.010922878866666666,0.6265893354388852,0.0002,0.4634,1.14215,0.287433469
ETH,wanETH,2026-04-26T00:00:00.000Z,2026-04-26,2.5599004,5989.996817106166,1.61071093,3768.956736604167,0.94918947,2221.040080502,0,0,0.00010132,0.237119372,0,0,0.021881643833333332,0.011014491916666667,0.629208437123726,0,0,0,0
ETH,wanETH,2026-04-27T00:00:00.000Z,2026-04-27,2.55999769,5941.9584310112,1.6028031,3720.5276403676,0.95719459,2221.4307906436,0,0,0.00008353,0.193788,0,0,0.02177222808,0.01090560796,0.6260955647817792,0,0,0,0
ETH,wanETH,2026-04-28T00:00:00.000Z,2026-04-28,2.56009541,5863.685102405167,1.5908931400000001,3643.808069826,0.96920227,2219.8770325791666,0,0,0.0000989,0.22651626,0,0,0.021607865866666666,0.0107420389,0.6214194727544989,0,0,0,0
ETH,wanETH,2026-04-29T00:00:00.000Z,2026-04-29,2.5601860299999997,5871.6325714374,1.5887565099999998,3643.8612269862,0.97142952,2227.7713444512,0,0,0.00008387,0.192265508,0,0,0.02157776514,0.01071237378,0.6205629286159893,0,0,0,0
ETH,wanETH,2026-04-30T00:00:00.000Z,2026-04-30,2.56027515,5774.572716036,1.57993664,3563.4682236565,0.98033851,2211.1044923795,0,0,0.00009764,0.220239338,0,0,0.021455944683333332,0.010592309366666667,0.6170964241422289,0,0,0,0
ETH,wanETH,2026-05-01T00:00:00.000Z,2026-05-01,2.56037295,5864.1505047465,1.58003444,3618.832198368,0.98033851,2245.3183063785,0,0,0.00009764,0.223604834,0,0,0.021456458633333335,0.010592814166666667,0.6171110501246381,0,0,0,0
ETH,wanETH,2026-05-02T00:00:00.000Z,2026-05-02,2.5604626,5903.0953599928,1.58012409,3642.944531958,0.98033851,2260.1508280348,0,0,0.00008065,0.185930211,0,0,0.02145692972,0.0105932769,0.6171244563079596,0,0,0,0
ETH,wanETH,2026-05-03T00:00:00.000Z,2026-05-03,2.5605522499999998,5941.676338646666,1.5802137399999998,3666.833504142,0.98033851,2274.842834504667,0,0,0.00009764,0.226570222,0,0,0.021457400766666666,0.010593739533333334,0.6171378615239089,0,0,0,0
ETH,wanETH,2026-05-04T00:00:00.000Z,2026-05-04,2.56065005,6053.291180551667,1.5803115399999998,3735.803620862,0.98033851,2317.487559689667,0,0,0.00009764,0.230854972,0,0,0.021457914616666667,0.01059424425,0.6171524843409361,0,0,0,0
ETH,wanETH,2026-05-05T00:00:00.000Z,2026-05-05,2.56073985,6091.6416462224,1.5804013399999999,3759.5535783237997,0.98033851,2332.0880678986,0,0,0.00008282,0.19701923,0,0,0.02145838636,0.01059470764,0.617165909748359,0,0,0,0
ETH,wanETH,2026-05-06T00:00:00.000Z,2026-05-06,2.56082938,6070.5739225655,1.58049087,3746.6324676850004,0.98033851,2323.9414548805,0,0,0.00009768,0.231516345,0,0,0.021458856683333333,0.0105951696,0.6171792936738558,0,0,0,0
ETH,wanETH,2026-05-07T00:00:00.000Z,2026-05-07,2.56091975,5938.362785206,1.5805812399999999,3665.1146346776,0.98033851,2273.2481505284,0,0,0.00008069,0.187108009,0,0,0.02145933142,0.01059563592,0.617192803453468,0,0,0,0
ETH,wanETH,2026-05-08T00:00:00.000Z,2026-05-08,2.56100945,5863.047222329,1.5806709399999999,3618.7092544605002,0.98033851,2244.3379678685,0,0,0.00009768,0.2236203,0,0,0.021459802566666665,0.010596098716666667,0.617206210610103,0,0,0,0
ETH,wanETH,2026-05-09T00:00:00.000Z,2026-05-09,2.56110731,5939.9763817515,1.5807688,3666.2772755085,0.98033851,2273.699106243,0,0,0.00009768,0.226539,0,0,0.021460316483333332,0.010596603616666667,0.6172208371742323,0,0,0,0
ETH,wanETH,2026-05-10T00:00:00.000Z,2026-05-10,2.56119715,5980.805433084999,1.58085864,3691.5581580733997,0.98033851,2289.2472750116,0,0,0.00008282,0.193426834,0,0,0.02146078836,0.01059706716,0.6172342651112531,0,0,0,0
ETH,wanETH,2026-05-11T00:00:00.000Z,2026-05-11,2.56128743,5986.9664366014995,1.58094892,3695.4415084516663,0.98033851,2291.524928149833,0,0,0.00009768,0.228361298,0,0,0.021461262416666668,0.010597532866666667,0.617247755739541,0,0,0,0
ETH,wanETH,2026-05-12T00:00:00.000Z,2026-05-12,2.56138529,5865.2731158595,1.5810467799999999,3620.4123007856665,0.98033851,2244.8608150738332,0,0,0.00009768,0.223661036,0,0,0.021461776283333334,0.010598037666666667,0.6172623791290215,0,0,0,0
ETH,wanETH,2026-05-13T00:00:00.000Z,2026-05-13,2.56147499,5848.1543042074,1.5811364799999998,3609.9238452562,0.98033851,2238.2304589512,0,0,0.00008069,0.18424932,0,0,0.02146224726,0.0105985004,0.6172757829354524,0,0,0,0
ETH,wanETH,2026-05-14T00:00:00.000Z,2026-05-14,2.5615647,5816.716298111,1.58122619,3590.5962875533332,0.98033851,2226.120010557667,0,0,0.00009768,0.221782999,0,0,0.02146271825,0.010598963133333333,0.6172891857744717,0,0,0,0
ETH,wanETH,2026-05-15T00:00:00.000Z,2026-05-15,2.56165454,5749.0695753372,1.58131603,3548.9154641144,0.98033851,2200.1541112228,0,0,0.00008282,0.185854187,0,0,0.02146318996,0.0105994265,0.6173026089166488,0,0,0,0
ETH,wanETH,2026-05-16T00:00:00.000Z,2026-05-16,2.56174482,5628.579821146166,1.58140631,3474.6127249245,0.98033851,2153.9670962216665,0,0,0.00009769,0.214613641,0,0,0.02146366385,0.01059989215,0.6173160952258158,0,0,0,0
ETH,wanETH,2026-05-17T00:00:00.000Z,2026-05-17,2.5618427,5597.455610279334,1.58150419,3455.48132183,0.98033851,2141.9742884493335,0,0,0.0000977,0.213471944,0,0,0.02146417765,0.010600396916666666,0.6173307161324117,0,0,0,0
ETH,wanETH,2026-05-18T00:00:00.000Z,2026-05-18,2.56193244,5436.1132211968,1.58159393,3355.952543598,0.98033851,2080.1606775988,0,0,0.00008074,0.171315181,0,0,0.02146464868,0.01060085974,0.6173441208784418,0,0,0,0
ETH,wanETH,2026-05-19T00:00:00.000Z,2026-05-19,2.5620222,5434.646653521167,1.58168369,3355.1199281588333,0.98033851,2079.5267253623333,0,0,0.00009774,0.207312874,0,0,0.021465119766666665,0.0106013226,0.6173575271459717,0,0,0,0
ETH,wanETH,2026-05-20T00:00:00.000Z,2026-05-20,2.56212012,5444.377266267833,1.58178161,3361.2069494433335,0.98033851,2083.1703168245,0,0,0.00009774,0.207677703,0,0,0.021465633633333335,0.01060182755,0.6173721511094067,0,0,0,0
ETH,wanETH,2026-05-21T00:00:00.000Z,2026-05-21,2.5622100199999998,5465.0402499132,1.5818715099999998,3374.0370283938,0.98033851,2091.0032215194,0,0,0.00008287,0.176798784,0,0,0.02146610542,0.0106022911,0.6173855766456448,0,0,0,0
ETH,wanETH,2026-05-22T00:00:00.000Z,2026-05-22,2.5623,5428.274764305666,1.5819614899999999,3351.4112918955,0.98033851,2076.8634724101667,0,0,0.00009775,0.207063124,0,0,0.021466577533333333,0.010602755016666666,0.6173990120615875,0,0,0,0
ETH,wanETH,2026-05-23T00:00:00.000Z,2026-05-23,2.5623893,5264.0188088466,1.5820507899999998,3250.0701942132,0.98033851,2013.9486146334,0,0,0.00008077,0.165926217,0,0,0.02146704612,0.01060321542,0.6174123460297223,0,0,0,0
ETH,wanETH,2026-05-24T00:00:00.000Z,2026-05-24,2.56247997,5409.352292612,1.5821414599999999,3339.8740369771667,0.98033851,2069.478255634833,0,0,0.00009778,0.206439057,0,0,0.021467521766666667,0.010603682866666667,0.6174258829317254,0,0,0,0
ETH,wanETH,2026-05-25T00:00:00.000Z,2026-05-25,2.56257795,5409.559579267667,1.58223944,3340.0813236328336,0.98033851,2069.478255634833,0,0,0.0000978,0.206452437,0,0,0.021468035816666668,0.010604188016666667,0.6174405118720856,0,0,0,0
ETH,wanETH,2026-05-26T00:00:00.000Z,2026-05-26,2.56266795,5362.3825421416,1.5823294399999999,3311.0242099666,0.98033851,2051.358332175,0,0,0.00008295,0.173527725,0,0,0.02146850792,0.01060465194,0.6174539461460068,0,0,0,0
ETH,wanETH,2026-05-27T00:00:00.000Z,2026-05-27,2.56275767,5306.146932581833,1.58241916,3276.372386602,0.98033851,2029.7745459798334,0,0,0.00009786,0.202586969,0,0,0.02146897855,0.01060511445,0.6174673393451992,0,0,0,0
ETH,wanETH,2026-05-28T00:00:00.000Z,2026-05-28,2.56285571,5123.533075288667,1.5825171999999998,3163.6893430221667,0.98033851,1959.8437322665,0,0,0.00009786,0.195618927,0,0,0.02146949275,0.010605619816666667,0.6174819728268709,0,0,0,0
ETH,wanETH,2026-05-29T00:00:00.000Z,2026-05-29,2.56294544,5162.1310779394,1.5826069299999999,3187.592071408,0.98033851,1974.5390065314,0,0,0.00008084,0.162816006,0,0,0.02146996336,0.0106060823,0.6174953646904637,0,0,0,0
ETH,wanETH,2026-05-30T00:00:00.000Z,2026-05-30,2.56303545,5163.235082788667,1.58269694,3188.3431543936667,0.98033851,1974.891928395,0,0,0.00009786,0.197147277,0,0,0.021470435416666666,0.0106065462,0.6175087979703481,0,0,0,0
ETH,wanETH,2026-05-31T00:00:00.000Z,2026-05-31,2.56312532,5161.877866089,1.58278681,3187.5741408,0.98033851,1974.303725289,0,0,0.00008084,0.162810705,0,0,0.02147090668,0.01060700936,0.6175222091449047,0,0,0,0
ETH,wanETH,2026-06-01T00:00:00.000Z,2026-06-01,2.56321543,5110.9659295941665,1.59037692,3171.1021186045,0.97283851,1939.8638109896667,0,0,0.00009862,0.196635504,0,0,0.0215742088,0.010709016483333333,0.6204616390113822,0.00015,0.297525,1.14215,0.264270667
ETH,wanETH,2026-06-02T00:00:00.000Z,2026-06-02,2.5633151300000003,5013.287847240166,1.59797662,3125.2948783573333,0.96533851,1887.9929688828333,0,0,0.0000997,0.195126934,0,0,0.02167755525,0.010811070733333334,0.6234023284175377,0,0,0,0
ETH,wanETH,2026-06-03T00:00:00.000Z,2026-06-03,2.56340689,4745.2758316798,1.59806838,2958.2797955082,0.96533851,1786.9960361716,0,0,0.00008453,0.156410981,0,0,0.02167802904,0.0108115408,0.6234158086251235,0,0,0,0
ETH,wanETH,2026-06-04T00:00:00.000Z,2026-06-04,2.56349836,4563.838615524,1.59815985,2845.230377195833,0.96533851,1718.6082383281666,0,0,0.0000997,0.1774907,0,0,0.0216785013,0.010812009366666667,0.6234292453363863,0,0,0,0
ETH,wanETH,2026-06-05T00:00:00.000Z,2026-06-05,2.56357725,4233.105710328667,1.58174827,2612.1830012311666,0.98182898,1620.9227090975,0.01981366,34.65409134,0.0000979,0.161801147,0.00012547,0.21944703,0.021452851066666667,0.010589501216666667,0.617008243200398,0,0,0,0
ETH,wanETH,2026-06-06T00:00:00.000Z,2026-06-06,2.56366243,4005.0558347246,1.5785353599999998,2466.0509208878,0.98512707,1539.0049138368,0,0,0.00008037,0.125558256,0,0,0.0214080878,0.0105453583,0.6157344826097956,0,0,0,0
ETH,wanETH,2026-06-07T00:00:00.000Z,2026-06-07,2.5637518,4128.837613166001,1.5786247299999998,2542.3233045,0.98512707,1586.514308666,0,0,0.00009736,0.156685966,0,0,0.0214085585,0.010545819583333333,0.6157478782331647,0,0,0,0
ETH,wanETH,2026-06-08T00:00:00.000Z,2026-06-08,2.56384932,4307.010639988333,1.57872225,2652.0956750953333,0.98512707,1654.914964893,0,0,0.00009736,0.163545648,0,0,0.021409072083333335,0.010546322883333334,0.6157624938607612,0,0,0,0
ETH,wanETH,2026-06-09T00:00:00.000Z,2026-06-09,2.56393886,4258.4458169002,1.5788117899999998,2622.2482663372,0.98512707,1636.197550563,0,0,0.00008256,0.137096726,0,0,0.02140954354,0.01054678496,0.6157759117359163,0,0,0,0
ETH,wanETH,2026-06-10T00:00:00.000Z,2026-06-10,2.5640281099999997,4186.3313337225,1.5789010399999999,2577.897947749,0.98512707,1608.4333859735,0,0,0.00009736,0.158937826,0,0,0.0214100135,0.01054724555,0.6157892862891424,0,0,0,0
ETH,wanETH,2026-06-11T00:00:00.000Z,2026-06-11,2.56411736,4243.4094084916,1.57899029,2613.1029178072,0.98512707,1630.3064906844,0,0,0.00008042,0.133154022,0,0,0.02141048342,0.01054770614,0.6158026599408459,0,0,0,0
ETH,wanETH,2026-06-12T00:00:00.000Z,2026-06-12,2.5642069,4282.780998504167,1.57907983,2637.405347405667,0.98512707,1645.3756510985,0,0,0.00009736,0.162607016,0,0,0.02141095478333333,0.010548168133333334,0.61581607498406,0,0,0,0
ETH,wanETH,2026-06-13T00:00:00.000Z,2026-06-13,2.56430442,4294.184344831333,1.57917735,2644.490553409333,0.98512707,1649.693791422,0,0,0.00009736,0.163045048,0,0,0.021411468183333334,0.010548671316666666,0.6158306854242763,0,0,0,0
ETH,wanETH,2026-06-14T00:00:00.000Z,2026-06-14,2.56439381,4280.8962405272,1.57926674,2636.364514952,0.98512707,1644.5317255752,0,0,0.00008042,0.134257678,0,0,0.02141193874,0.01054913252,0.6158440773658587,0,0,0,0
ETH,wanETH,2026-06-15T00:00:00.000Z,2026-06-15,2.5644831999999997,4542.171140259833,1.5793561299999999,2797.330492660333,0.98512707,1744.8406475995,0,0,0.00009736,0.172460314,0,0,0.021412409283333333,0.01054959375,0.6158574683453402,0,0,0,0
ETH,wanETH,2026-06-16T00:00:00.000Z,2026-06-16,2.56458072,4580.768722386334,1.5794536499999998,2821.1675875213336,0.98512707,1759.601134865,0,0,0.00009736,0.173872368,0,0,0.021412922566666666,0.01055009685,0.615872075637423,0,0,0,0
ETH,wanETH,2026-06-17T00:00:00.000Z,2026-06-17,2.5646707099999997,4545.0064339552,1.5795436399999998,2799.2036455840002,0.98512707,1745.8027883712,0,0,0.0000826,0.146378395,0,0,0.02141339612,0.01055056106,0.6158855532575727,0,0,0,0
ETH,wanETH,2026-06-18T00:00:00.000Z,2026-06-18,2.56476028,4434.512730862833,1.57963321,2731.2116080483333,0.98512707,1703.3011228145,0,0,0.00009742,0.168516796,0,0,0.021413867516666667,0.010551023133333334,0.6158989686029923,0,0,0,0
ETH,wanETH,2026-06-19T00:00:00.000Z,2026-06-19,2.564851,4354.7066410538,1.5797239299999999,2682.118496525,0.98512707,1672.5881445288,0,0,0.00008262,0.140262207,0,0,0.02141434492,0.0105514911,0.6159125542529479,0,0,0,0
ETH,wanETH,2026-06-20T00:00:00.000Z,2026-06-20,2.56494059,4409.261375249833,1.5798135199999999,2715.778685566333,0.98512707,1693.4826896835,0,0,0.00009744,0.167508066,0,0,0.021414816283333332,0.0105519532,0.6159259698587032,0,0,0,0
ETH,wanETH,2026-06-21T00:00:00.000Z,2026-06-21,2.56503339,4431.394311721333,1.56328877,2700.824120297,1.00174462,1730.5701914243334,0.00991614,17.113274412,0.0000962,0.166235478,0.00001861,0.032117138,0.021187701566666668,0.010331058166666667,0.6094614049733094,0,0,0,0
ETH,wanETH,2026-06-22T00:00:00.000Z,2026-06-22,2.5651179400000004,4466.639894906801,1.55506454,2707.8339094868,1.0100534,1758.80598542,0,0,0.00008,0.139293545,0,0,0.02107435424,0.01022081066,0.6062351035302008,0,0,0,0
ETH,wanETH,2026-06-23T00:00:00.000Z,2026-06-23,2.5652044700000003,4305.438513907166,1.5551510700000002,2610.1648873471668,1.0100534,1695.27362656,0,0,0.00009436,0.158323189,0,0,0.021074820783333333,0.01022126085,0.606248385306236,0,0,0,0
ETH,wanETH,2026-06-24T00:00:00.000Z,2026-06-24,2.5652909900000003,4216.5680745696,1.5552375900000002,2556.3433009896003,1.0100534,1660.22477358,0,0,0.00007795,0.128066145,0,0,0.02107528728,0.01022171104,0.6062616662147501,0,0,0,0
ETH,wanETH,2026-06-25T00:00:00.000Z,2026-06-25,2.56537813,4118.5429340055,1.5553247300000002,2496.969537198833,1.0100534,1621.5733968066668,0,0,0.00009436,0.151563651,0,0,0.021075757083333334,0.010222164383333333,0.6062750405872606,0,0,0,0
ETH,wanETH,2026-06-26T00:00:00.000Z,2026-06-26,2.56547302,4012.5710640008333,1.5554196200000001,2432.7802095075,1.0100534,1579.7908544933334,0,0,0.00009436,0.147578019,0,0,0.021076268633333332,0.01022265805,0.6062896034236435,0,0,0,0
ETH,wanETH,2026-06-27T00:00:00.000Z,2026-06-27,2.56555985,4063.3851511330004,1.55550645,2463.642375145,1.0100534,1599.742775988,0,0,0.00008,0.126714661,0,0,0.0210767367,0.01022310974,0.6063029289680464,0,0,0,0
ETH,wanETH,2026-06-28T00:00:00.000Z,2026-06-28,2.56564642,4031.2291478206666,1.55559302,2444.199577294,1.0100534,1587.0295705266667,0,0,0.00009436,0.148247569,0,0,0.02107720328333333,0.010223560033333334,0.6063162116930013,0,0,0,0
ETH,wanETH,2026-06-29T00:00:00.000Z,2026-06-29,2.565741,4067.6408247638337,1.5556876000000002,2466.3358328505,1.0100534,1601.3049919133334,0,0,0.00009436,0.149659022,0,0,0.021077713033333334,0.010224052016666667,0.6063307239188179,0,0,0,0
ETH,wanETH,2026-06-30T00:00:00.000Z,2026-06-30,2.56582797,4057.9593696004004,1.55577457,2460.5195153644004,1.0100534,1597.439854236,0,0,0.00007795,0.123100495,0,0,0.02107818176,0.01022450438,0.6063440680061298,0,0,0,0
ETH,wanETH,2026-07-01T00:00:00.000Z,2026-07-01,2.56591508,4081.0029113025,1.55586168,2474.5466470491665,1.0100534,1606.4562642533333,0,0,0.00009436,0.150038373,0,0,0.0210786512,0.010224957483333333,0.6063574322318586,0,0,0,0
ETH,wanETH,2026-07-02T00:00:00.000Z,2026-07-02,2.56600191,4239.754417432199,1.5559485100000001,2570.8633856802,1.0100534,1668.891031752,0,0,0.00008,0.132236684,0,0,0.02107911914,0.0102254091,0.6063707534409345,0,0,0,0
ETH,wanETH,2026-07-03T00:00:00.000Z,2026-07-03,2.5660884800000003,4421.370889662833,1.55603508,2681.0488814628334,1.0100534,1740.3220082,0,0,0.00009436,0.16259745,0,0,0.021079585566666666,0.01022585925,0.6063840315897794,0,0,0,0
ETH,wanETH,2026-07-04T00:00:00.000Z,2026-07-04,2.56618306,4533.4194244556675,1.55612966,2749.059088015667,1.0100534,1784.36033644,0,0,0.00009441,0.166826803,0,0,0.0210800952,0.010226351166666666,0.6063985400942148,0,0,0,0
ETH,wanETH,2026-07-05T00:00:00.000Z,2026-07-05,2.5662701200000004,4534.6507271400005,1.55621672,2749.8661682720003,1.0100534,1784.784558868,0,0,0.00007808,0.137954378,0,0,0.02108056422,0.01022680386,0.6064118921096568,0,0,0,0
ETH,wanETH,2026-07-06T00:00:00.000Z,2026-07-06,2.566357,4573.0773353525,1.5563036000000001,2773.229513445833,1.0100534,1799.8478219066667,0,0,0.00009452,0.168420442,0,0,0.021081032216666667,0.010227255616666667,0.606425215947833,0,0,0,0
ETH,wanETH,2026-07-07T00:00:00.000Z,2026-07-07,2.5664517,4573.203025158334,1.5563983000000001,2773.372037475,1.0100534,1799.8309876833334,0,0,0.00009452,0.16847071,0,0,0.021081542366666668,0.010227748016666666,0.6064397385383592,0,0,0,0
ETH,wanETH,2026-07-08T00:00:00.000Z,2026-07-08,2.5665389800000002,4471.321388038,1.5564855800000001,2711.646756694,1.0100534,1759.674631344,0,0,0.00008014,0.139605084,0,0,0.02108201254,0.01022820188,0.6064531236915347,0,0,0,0
ETH,wanETH,2026-07-09T00:00:00.000Z,2026-07-09,2.5666300399999997,4470.256809626667,1.63990997,2856.2036370700002,0.92672007,1614.0531725566666,0,0,0.00010399,0.181133562,0,0,0.022223756766666665,0.0113655594,0.6389349681489085,0,0,0,0
ETH,wanETH,2026-07-10T00:00:00.000Z,2026-07-10,2.56664337,4581.029993689666,1.63954913,2926.154861783333,0.92709424,1654.8751319063333,0,0,0.00010706,0.191105848,0,0,0.0222186678,0.011360673266666666,0.6387900776374061,0,0,0,0
ETH,wanETH,2026-07-11T00:00:00.000Z,2026-07-11,2.56626696,4632.1121252064,1.5539685300000001,2804.9134590564,1.01229843,1827.19866615,0,0,0.0000778,0.14042326,0,0,0.02104981806,0.01019714794,0.605536584211115,0,0,0,0
ETH,wanETH,2026-07-12T00:00:00.000Z,2026-07-12,2.56635391,4628.205526602666,1.5540554800000002,2802.6096663001667,1.01229843,1825.5958603025,0,0,0.00009422,0.169919204,0,0,0.021050287533333333,0.010197600433333334,0.6055499494796702,0,0,0,0
ETH,wanETH,2026-07-13T00:00:00.000Z,2026-07-13,2.5664406,4577.1439112482,1.55414217,2771.7501532804,1.01229843,1805.3937579678,0,0,0.00007987,0.14244223,0,0,0.02105075552,0.01019805152,0.6055632730884861,0,0,0,0
ETH,wanETH,2026-07-14T00:00:00.000Z,2026-07-14,2.56652702,4669.369282733,1.5542285900000001,2827.6610057529997,1.01229843,1841.70827698,0,0,0.00009422,0.171485118,0,0,0.021051222016666666,0.010198501183333333,0.6055765537643277,0,0,0,0
ETH,wanETH,2026-07-15T00:00:00.000Z,2026-07-15,2.56662212,4873.887648445167,1.5543236900000001,2951.583544796667,1.01229843,1922.3041036485,0,0,0.00009422,0.178905874,0,0,0.021051735366666668,0.010198996016666666,0.6055911686885611,0,0,0,0
ETH,wanETH,2026-07-16T00:00:00.000Z,2026-07-16,2.56670867,4865.863185368,1.5544102400000002,2946.7883137112,1.01229843,1919.0748716568,0,0,0.00007784,0.147554428,0,0,0.02105220254,0.01019944632,0.6056044685138184,0,0,0,0
ETH,wanETH,2026-07-17T00:00:00.000Z,2026-07-17,2.5667952200000004,4731.373465833167,1.5544967900000002,2865.4037698141665,1.01229843,1865.969696019,0,0,0.00009422,0.173715717,0,0,0.021052669666666666,0.010199896666666666,0.6056177674147994,0,0,0,0
ETH,wanETH,2026-07-18T00:00:00.000Z,2026-07-18,2.5668896400000003,4740.5747288815,1.5545912100000001,2871.0451167170004,1.01229843,1869.5296121645,0,0,0.00009422,0.173981556,0,0,0.021053179233333334,0.010200387866666667,0.6056322742988526,0,0,0,0
ETH,wanETH,2026-07-19T00:00:00.000Z,2026-07-19,2.5669767400000003,4789.8759148552,1.5546783100000001,2900.9675364124,1.01229843,1888.9083784428,0,0,0.00007987,0.14902846,0,0,0.02105364928,0.01020084096,0.6056456556407673,0,0,0,0
ETH,wanETH,2026-07-20T00:00:00.000Z,2026-07-20,2.56706038,4832.106321767834,1.48805262,2800.927655790667,1.07900776,2031.1786659771667,0,0,0.00009121,0.171623675,0,0,0.0201419173,0.009350042766666667,0.5796719856725419,0,0,0,0
ETH,wanETH,2026-07-21T00:00:00.000Z,2026-07-21,2.5671366,4950.4149695248,1.45477417,2805.3575067613997,1.11236243,2145.0574627634,0,0,0.0000682,0.131526784,0,0,0.01968626946,0.0089248313,0.5666913751052302,0,0,0,0
ETH,wanETH,2026-07-22T00:00:00.000Z,2026-07-22,2.56721239,4956.7736830056665,1.45484996,2809.0243031616665,1.11236243,2147.749379844,0,0,0.00008256,0.159432768,0,0,0.0196867182,0.0089252362,0.5667041673585146,0,0,0,0
ETH,wanETH,2026-07-23T00:00:00.000Z,2026-07-23,2.56729507,4893.777353292668,1.45493264,2773.392089226667,1.11236243,2120.385264066,0,0,0.00008256,0.157394592,0,0,0.0196872077,0.0089256779,0.5667181216950719,0,0,0,0
ETH,wanETH,2026-07-24T00:00:00.000Z,2026-07-24,2.5673709799999997,4806.7858619168,1.45500855,2724.154178725,1.11236243,2082.6316831918,0,0,0.00007,0.131040128,0,0,0.0196876571,0.00892608342,0.5667309326427444,0,0,0,0
ETH,wanETH,2026-07-25T00:00:00.000Z,2026-07-25,2.56744665,4778.061099009334,1.45508422,2707.9360774055,1.11236243,2070.1250216038334,0,0,0.00008256,0.153656036,0,0,0.01968810505,0.008926487616666668,0.5667437023100903,0,0,0,0
ETH,wanETH,2026-07-26T00:00:00.000Z,2026-07-26,2.56752993,4870.262400426,1.4551675,2760.259185706667,1.11236243,2110.0032147193333,0,0,0.00008256,0.156610592,0,0,0.019688598016666666,0.008926932516666666,0.5667577559072681,0,0,0,0
ETH,wanETH,2026-07-27T00:00:00.000Z,2026-07-27,2.56760323,4998.1477029164,1.45226232,2827.0181220266,1.11534091,2171.1295808898,0.00496819,9.75752516,0.00006797,0.132286913,0.00002025,0.039771,0.01964834118,0.00889066528,0.5656101043564203,0,0,0,0
ETH,wanETH,2026-07-28T00:00:00.000Z,2026-07-28,2.56767696,4853.637270487667,1.4503503899999999,2741.5734773261665,1.11732657,2112.0637931615,0,0,0.000082,0.15496971,0,0,0.019621652033333332,0.008866620266666667,0.5648492446490236,0,0,0,0
