marketId,marketDisplayName,timestamp,date,supply,supplyInUsd,borrow,borrowInUsd,liquidity,liquidityInUsd,debtRepaid,debtRepaidInUsd,interestAccrued,interestAccruedInUsd,interestRepaid,interestRepaidInUsd,borrowApr,supplyApy,utilizationPercentage,loanOriginationFees,loanOriginationFeesInUsd,loanOriginationFeesMinAda,loanOriginationFeesMinAdaInUsd
IAG,IAG,2024-05-15T00:00:00.000Z,2024-05-15,0,0,0,0,0,0,0,0,0,0,0,0,0.03,0,0,0,0,0,0
IAG,IAG,2024-05-16T00:00:00.000Z,2024-05-16,0,0,0,0,0,0,0,0,0,0,0,0,0.03,0,0,0,0,0,0
IAG,IAG,2024-05-17T00:00:00.000Z,2024-05-17,0,0,0,0,0,0,0,0,0,0,0,0,0.03,0,0,0,0,0,0
IAG,IAG,2024-05-18T00:00:00.000Z,2024-05-18,0,0,0,0,0,0,0,0,0,0,0,0,0.03,0,0,0,0,0,0
IAG,IAG,2024-05-19T00:00:00.000Z,2024-05-19,0,0,0,0,0,0,0,0,0,0,0,0,0.03,0,0,0,0,0,0
IAG,IAG,2024-05-20T00:00:00.000Z,2024-05-20,0,0,0,0,0,0,0,0,0,0,0,0,0.03,0,0,0,0,0,0
IAG,IAG,2024-05-21T00:00:00.000Z,2024-05-21,0,0,0,0,0,0,0,0,0,0,0,0,0.03,0,0,0,0,0,0
IAG,IAG,2024-05-22T00:00:00.000Z,2024-05-22,26879.219499,3158.6211618024277,177.218705,20.93785833400895,26702.000794,3137.6833034684187,0,0,0.013947,0.001647796209,0,0,0.030337837066666668,0.00002882877142857143,0.0009714617112935519,87.215788,10.304283704836,9.41304,4.54713840672
IAG,IAG,2024-05-23T00:00:00.000Z,2024-05-23,433208.668613,50877.66400300636,9085.375997,1069.276583533943,424123.292616,49808.38741947241,0,0,0.992848,0.116856404184,0,0,0.037977619313636364,0.000717357040909091,0.022917459330067853,39.96,4.5790164,2.35326,1.09829468112
IAG,IAG,2024-05-24T00:00:00.000Z,2024-05-24,585802.2617,66029.48463739495,14671.651601,1652.7680140792186,571130.610099,64376.71662331574,0,0,1.651967,0.185941985342,0,0,0.038656199904761906,0.0007890022333333334,0.024860310401760774,205,22.88948,2.35326,1.08378447996
IAG,IAG,2024-05-25T00:00:00.000Z,2024-05-25,925792.937691,101172.93766970794,12720.542413,1400.2464577706448,913072.395278,99772.6912119373,0,0,3.17398,0.349489990628,0,0,0.03554784188571428,0.00046083830476190477,0.01596073371574111,0,0,0,0
IAG,IAG,2024-05-26T00:00:00.000Z,2024-05-26,1766972.4449139999,193698.16307820473,16769.327596,1827.0928542106064,1750203.117318,191871.07022399412,0,0,3.243223,0.354414940135,0,0,0.03329015180476191,0.0002801007333333333,0.00946138569732073,850,90.7766,2.35326,1.07926857402
IAG,IAG,2024-05-27T00:00:00.000Z,2024-05-27,1802923.1832259998,191074.44238191348,98017.161466,10387.71125523901,1704906.02176,180686.73112667448,0,0,15.460438,1.637435501831,0,0,0.0490148374,0.002131789242857143,0.054365611020674824,8.637684,0.89715304866,2.35326,1.09768518678
IAG,IAG,2024-05-28T00:00:00.000Z,2024-05-28,1791721.2288280001,185804.43219901156,98589.062781,10223.838679852679,1693132.166047,175580.59351915887,353.015585,38.40456549215,15.608304,1.618122003236,2.57915,0.2805857285,0.049248849252380954,0.0021681282285714288,0.055028495700410775,0,0,0,0
IAG,IAG,2024-05-29T00:00:00.000Z,2024-05-29,1783927.152036,198172.8264921282,98266.364219,10916.20773188034,1685660.787817,187256.61876024786,0,0,15.576319,1.728784284987,0,0,0.04926853634705882,0.0021711379705882353,0.05508429219907513,0,0,0,0
IAG,IAG,2024-05-30T00:00:00.000Z,2024-05-30,1799820.259186,194480.26755887602,98278.581856,10620.171386419785,1701541.67733,183860.09617245622,0,0,15.52777,1.677250836544,0,0,0.049099809833333334,0.0021449540523809526,0.0546063306540609,0,0,0,0
IAG,IAG,2024-05-31T00:00:00.000Z,2024-05-31,1806118.8456700002,190745.0677843028,98291.454054,10380.603704598185,1707827.391616,180364.46407970463,0,0,15.504845,1.637300988472,0,0,0.04903451461904762,0.002134820195238095,0.05442136561646307,0,0,0,0
IAG,IAG,2024-06-01T00:00:00.000Z,2024-06-01,1806131.39849,186745.23073461716,98304.006874,10164.161404372097,1707827.391616,176581.06933024505,0,0,15.511268,1.605622748652,0,0,0.04903683433,0.002135179,0.054427937496413316,0,0,0,0
IAG,IAG,2024-06-02T00:00:00.000Z,2024-06-02,1803712.1346149999,191228.00327285193,98317.147184,10423.368337167978,1705394.987431,180804.63493568395,0,0,15.51971,1.645428211264,0,0,0.04906528871428571,0.0021395870809523807,0.05450854661441544,0,0,0,0
IAG,IAG,2024-06-03T00:00:00.000Z,2024-06-03,1801331.488444,189063.76607474225,98330.009421,10320.50936462837,1703001.479023,178743.25671011387,0,0,15.530531,1.630433662376,0,0,0.04909379747142857,0.0021440251285714286,0.05458929656614922,0,0,0,0
IAG,IAG,2024-06-04T00:00:00.000Z,2024-06-04,1800132.019162,187270.6546054236,98342.902609,10230.771142741718,1701789.116553,177039.88346268187,0,0,15.538506,1.616541566366,0,0,0.04910849120952381,0.0021462744047619046,0.05463093928981048,0,0,0,0
IAG,IAG,2024-06-05T00:00:00.000Z,2024-06-05,1798896.951597,186948.2141612833,98355.815901,10221.501253893086,1700541.135696,176726.71290739023,0,0,15.543392,1.615610990788,0,0,0.049124339542857144,0.0021487346285714286,0.05467583332901396,0,0,0,0
IAG,IAG,2024-06-06T00:00:00.000Z,2024-06-06,1794486.549199,186644.42364200918,98368.76014,10230.93064453194,1696117.789059,176413.49299747724,0,0,15.928072,1.657329224879,0,0,0.04917451788095238,0.0021565293571428573,0.05481797171644834,0,0,0,0
IAG,IAG,2024-06-07T00:00:00.000Z,2024-06-07,1810853.9701089999,198723.30889627937,98381.865363,10796.567788895369,1712472.104746,187926.741107384,0,0,15.870503,1.741660706039,0,0,0.04900195257272727,0.0021297880045454544,0.0543291124210989,0,0,0,0
IAG,IAG,2024-06-08T00:00:00.000Z,2024-06-08,1819926.440467,187547.78950104315,98394.991016,10140.007362519467,1721531.449451,177407.78213852367,0,0,15.486899,1.59670003549,0,0,0.04890903887142857,0.0021154547666666665,0.0540658580527274,0,0,0,0
IAG,IAG,2024-06-09T00:00:00.000Z,2024-06-09,1823011.075031,181839.70202550341,98407.616933,9815.853350948017,1724603.458098,172023.8486745554,0,0,15.477138,1.543597725729,0,0,0.04887902208,0.002110823415,0.05398081134797651,0,0,0,0
IAG,IAG,2024-06-10T00:00:00.000Z,2024-06-10,1826274.6476760001,184429.38336698723,98420.600363,9939.04398366425,1727854.047313,174490.33938332298,0,0,15.830595,1.598538900376,0,0,0.04884771103809524,0.0021060134333333335,0.053892084840550115,0,0,0,0
IAG,IAG,2024-06-11T00:00:00.000Z,2024-06-11,1840339.791127,181770.9282163664,98433.463743,9722.452007531621,1741906.327384,172048.47620883476,0,0,15.427314,1.523062766132,0,0,0.04870461836190476,0.002084035895238095,0.053486598433660104,0,0,0,0
IAG,IAG,2024-06-12T00:00:00.000Z,2024-06-12,1839660.799483,175327.20556982193,98446.252694,9382.274500758198,1741214.546789,165944.93106906375,0,0,15.428243,1.470298029443,0,0,0.04871421242380952,0.0020855133904761907,0.05351378306583866,0,0,0,0
IAG,IAG,2024-06-13T00:00:00.000Z,2024-06-13,1841467.102929,164177.61631499435,98459.06457,8778.750047238535,1743008.038359,155398.8662677558,0,0,15.430242,1.37450497848,0,0,0.04869806853333333,0.0020830365761904763,0.05346803390289067,0,0,0,0
IAG,IAG,2024-06-14T00:00:00.000Z,2024-06-14,1846468.368466,158352.5926693503,98471.838537,8445.170076224551,1747996.529929,149907.42259312575,0,0,15.416296,1.322471934462,0,0,0.04864938945714286,0.0020755841857142856,0.05333007567985737,0,0,0,0
IAG,IAG,2024-06-15T00:00:00.000Z,2024-06-15,1851118.2710519999,158314.59641696495,98484.598266,8422.771479346673,1752633.672786,149891.82493761828,0,0,15.402219,1.317414547,0,0,0.048604466519047616,0.0020687133523809523,0.053202758461944825,0,0,0,0
IAG,IAG,2024-06-16T00:00:00.000Z,2024-06-16,1846098.7335889998,154384.64679513394,98497.391378,8237.091580503879,1747601.342211,146147.55521463006,0,0,15.422074,1.289707843588,0,0,0.04865796145714286,0.0020768923476190476,0.05335437156917144,0,0,0,0
IAG,IAG,2024-06-17T00:00:00.000Z,2024-06-17,1864190.280389,149571.0065098702,98510.211995,7905.213963566772,1765680.068394,141665.79254630342,0,0,15.731411,1.262944986432,0,0,0.04847943645714286,0.0020497185285714287,0.052848329510245866,0,0,0,0
IAG,IAG,2024-06-18T00:00:00.000Z,2024-06-18,1918344.471594,134522.0794858225,98523.029267,6909.007497723542,1819821.442327,127613.07198809895,0,0,14.861011,1.045502763127,0,0,0.047954442,0.001970368295,0.05135985250578763,0,0,0,0
IAG,IAG,2024-06-19T00:00:00.000Z,2024-06-19,1971487.967789,149479.93609853188,98535.436515,7470.487261778725,1872952.531274,142009.44883675314,0,0,15.418626,1.167623588252,0,0,0.04746837598571429,0.0018980273476190475,0.04998105945824534,0,0,0,0
IAG,IAG,2024-06-20T00:00:00.000Z,2024-06-20,1951753.404371,153809.14088712298,95514.06785,7526.838569381322,1856239.336521,146282.30231774165,4247.259618,349.277641945848,14.953212,1.178823203521,12.348747,1.015511558292,0.04710011315714286,0.0018441238,0.04893587897993271,0,0,0,0
IAG,IAG,2024-06-21T00:00:00.000Z,2024-06-21,1950564.7691030002,140597.6251730957,95146.007504,6857.2966417895495,1855418.761599,133740.32853130615,0,0,15.383209,1.109398302308,0,0,0.047044639566666664,0.0018358325380952382,0.04877854200117741,12.500938,0.92050656963,2.35326,0.90714172458
IAG,IAG,2024-06-22T00:00:00.000Z,2024-06-22,1958614.533698,136214.21297769502,95574.601897,6646.809660002972,1863039.931801,129567.40331769205,0,0,14.742806,1.025357490671,0,0,0.047051164325,0.001836767615,0.04879707234437613,0,0,0,0
IAG,IAG,2024-06-23T00:00:00.000Z,2024-06-23,1955764.75987,137557.29624866604,95586.503879,6722.426799964339,1860178.255991,130834.8694487017,0,0,15.099238,1.062353843566,0,0,0.04707919773809524,0.0018408913952380952,0.04887662255722107,0,0,0,0
IAG,IAG,2024-06-24T00:00:00.000Z,2024-06-24,1887789.2081539999,122348.47634704135,95598.801576,6198.419630629188,1792190.406578,116150.05671641216,0,0,16.001281,1.038255844164,0,0,0.04772769947142857,0.0019376174285714285,0.05071605891878851,0,0,0,0
IAG,IAG,2024-06-25T00:00:00.000Z,2024-06-25,1742335.8510709999,125720.89627797739,95611.296045,6898.5438011930455,1646724.555026,118822.35247678435,0,0,15.412585,1.112657655027,0,0,0.04919661934,0.002160029505,0.05488053694970169,0,0,0,0
IAG,IAG,2024-06-26T00:00:00.000Z,2024-06-26,1806518.332906,125694.94550844897,95623.58091799999,6656.300645494706,1710894.751988,119038.64486295427,0,0,15.573454,1.084270759472,0,0,0.04852095344,0.00205645536,0.052965757693313686,0,0,0,0
IAG,IAG,2024-06-27T00:00:00.000Z,2024-06-27,1852841.607397,123868.39704229434,95636.653622,6393.681801404786,1757204.953775,117474.71524088955,0,0,15.766547,1.054417278918,0,0,0.048048485144444444,0.0019846089944444444,0.051626469655210304,0,0,0,0
IAG,IAG,2024-06-28T00:00:00.000Z,2024-06-28,1842181.016629,126050.85456717986,95648.386865,6544.319217766814,1746532.629764,119506.53534941305,0,0,15.455083,1.05771862144,0,0,0.048154793304761905,0.002000561061904762,0.05192794787617653,0,0,0,0
IAG,IAG,2024-06-29T00:00:00.000Z,2024-06-29,1875301.2398090002,130348.8213031181,95660.831741,6649.129476041327,1779640.408068,123699.69182707676,0,0,15.709783,1.091945801981,0,0,0.047831455980952384,0.0019519485095238094,0.05101105647969549,0,0,0,0
IAG,IAG,2024-06-30T00:00:00.000Z,2024-06-30,1879973.7132289999,128966.39157355245,95672.86034,6563.107930620853,1784300.852889,122403.2836429316,0,0,14.62766,1.003204256708,0,0,0.047788986875,0.00194560905,0.050890598477640436,0,0,0,0
IAG,IAG,2024-07-01T00:00:00.000Z,2024-07-01,1882652.07712,133645.26665725873,95684.932199,6792.469932136826,1786967.144921,126852.79672512191,0,0,12.456521,0.883952086184,0,0,0.04776569941428571,0.0019421359666666666,0.05082454482411806,0,0,0,0
IAG,IAG,2024-07-02T00:00:00.000Z,2024-07-02,1905434.996954,134830.01111854232,95697.42429299999,6771.1788366677665,1809737.572661,128058.83228187454,0,0,12.689355,0.898126287706,0,0,0.04755477068095238,0.0019108340857142856,0.05022616120777383,0,0,0,0
IAG,IAG,2024-07-03T00:00:00.000Z,2024-07-03,1915332.4212459999,138632.21281417785,95709.536865,6927.510107225029,1819622.884381,131704.7027069528,0,0,11.538925,0.835460754857,0,0,0.04746454683,0.00189745046,0.04997020183724697,0,0,0,0
IAG,IAG,2024-07-04T00:00:00.000Z,2024-07-04,1916015.461045,128944.28097043777,95721.550658,6441.881347226257,1820293.910387,122502.39962321152,0,0,12.382411,0.832588372558,0,0,0.04746047633809524,0.0018968491523809524,0.04995865252536606,0,0,0,0
IAG,IAG,2024-07-05T00:00:00.000Z,2024-07-05,1916658.2185719998,116073.99717240213,95733.92036199999,5797.669979330791,1820924.29821,110276.32719307134,0,0,12.38277,0.749663170507,0,0,0.04745684941904762,0.0018963136238095237,0.049948361691640665,0,0,0,0
IAG,IAG,2024-07-06T00:00:00.000Z,2024-07-06,1926921.3083290001,123197.60552557388,95746.14996499999,6121.656330081865,1831175.158364,117075.94919549201,0,0,12.083045,0.772568963557,0,0,0.047365576680952384,0.0018828624761904763,0.04968937290496967,0,0,0,0
IAG,IAG,2024-07-07T00:00:00.000Z,2024-07-07,1933180.778085,121739.41721842432,95758.08944499999,6030.244988387312,1837422.68864,115709.17223003702,0,0,11.787515,0.742388750926,0,0,0.047310812145,0.00187479437,0.049533975419428014,0,0,0,0
IAG,IAG,2024-07-08T00:00:00.000Z,2024-07-08,1936300.648391,121665.33980338587,95769.953826,6017.597338799684,1840530.694565,115647.74246458619,0,0,12.065755,0.758757647363,0,0,0.047284839628571426,0.0018709768190476191,0.049460271540693025,0,0,0,0
IAG,IAG,2024-07-09T00:00:00.000Z,2024-07-09,2023128.561258,132978.0380523167,95782.035408,6295.009414620563,1927346.52585,126683.02863769614,0,0,12.16459,0.799800324566,0,0,0.04654442563333333,0.0017636138285714285,0.047358256247552404,0,0,0,0
IAG,IAG,2024-07-10T00:00:00.000Z,2024-07-10,2025986.627445,137748.2664415957,95794.062683,6512.923038543633,1930192.564762,131235.34340305207,0,0,11.870985,0.8070623919,0,0,0.04651864812857143,0.001759746438095238,0.047285153721330686,0,0,0,0
IAG,IAG,2024-07-11T00:00:00.000Z,2024-07-11,1994499.862123,137865.14874199918,95806.207975,6622.770851720091,1898693.654148,131242.37789027908,0,0,12.219672,0.844782230171,0,0,0.04678373889047619,0.0017979499238095237,0.04803788317605274,0,0,0,0
IAG,IAG,2024-07-12T00:00:00.000Z,2024-07-12,1977524.6997429999,139511.41797228003,95818.31046899999,6759.830063716124,1881706.389274,132751.5879085639,0,0,11.981381,0.845014346893,0,0,0.04693018528095238,0.001819151438095238,0.0484536611533724,0,0,0,0
IAG,IAG,2024-07-13T00:00:00.000Z,2024-07-13,1983937.129745,149010.30356082346,95830.17388999999,7197.212775028474,1888106.955855,141813.09078579498,0,0,11.693168,0.877834424377,0,0,0.04687722786,0.00181146459,0.04830332124120748,0,0,0,0
IAG,IAG,2024-07-14T00:00:00.000Z,2024-07-14,1988540.868077,152466.75570510444,95842.068419,7348.4651419943375,1892698.799658,145118.29056311012,0,0,12.241216,0.938420452331,0,0,0.04683984571428571,0.0018060396,0.04819719705331937,0,0,0,0
IAG,IAG,2024-07-15T00:00:00.000Z,2024-07-15,1990726.875734,156969.66829805673,95854.175905,7558.143828240159,1894872.699829,149411.52446981656,0,0,11.961147,0.943310688514,0,0,0.04682334111428572,0.0018036478333333333,0.04815033999260219,0,0,0,0
IAG,IAG,2024-07-16T00:00:00.000Z,2024-07-16,1999071.568105,155328.10794429271,95866.201609,7448.65270429822,1903205.366496,147879.4552399945,0,0,11.947679,0.928482034201,0,0,0.04675525300952381,0.0017938159952380953,0.04795701457939113,0,0,0,0
IAG,IAG,2024-07-17T00:00:00.000Z,2024-07-17,2015748.929525,155813.36083433696,95878.229696,7411.195478954903,1919870.699829,148402.16535538205,0,0,12.187538,0.94204712166,0,0,0.046617035585714284,0.001773855380952381,0.04756456932010968,0,0,0,0
IAG,IAG,2024-07-18T00:00:00.000Z,2024-07-18,2015760.985991,152143.6819409769,95890.28616199999,7237.5097075692,1919870.699829,144906.1722334077,0,0,11.912042,0.899868139679,0,0,0.04661904170952381,0.0017741441714285715,0.04757026593069817,0,0,0,0
IAG,IAG,2024-07-19T00:00:00.000Z,2024-07-19,2011273.3852290001,147587.52221511106,95902.29688,7037.336447564929,1915371.088349,140550.18576754615,0,0,12.202109,0.895402980962,0,0,0.04665852812380952,0.0017798322666666667,0.047682389732340784,0,0,0,0
IAG,IAG,2024-07-20T00:00:00.000Z,2024-07-20,2011060.4634359998,150522.89483715018,95914.355661,7178.950936743998,1915146.107775,143343.9439004062,0,0,11.927411,0.892617628645,0,0,0.04666241342857143,0.0017803921476190476,0.04769342215148391,0,0,0,0
IAG,IAG,2024-07-21T00:00:00.000Z,2024-07-21,2011072.3156909999,149780.74241543774,95926.207916,7144.394843265917,1915146.107775,142636.34757217183,0,0,11.651462,0.86790744614,0,0,0.046664389985,0.00178067708,0.0476990345710178,0,0,0,0
IAG,IAG,2024-07-22T00:00:00.000Z,2024-07-22,2010968.074489,150571.18868530946,95937.975796,7183.35081782382,1915030.098693,143387.83786748565,0,0,11.93073,0.893418587509,0,0,0.04666732202380952,0.0017810998,0.04770736004668117,0,0,0,0
IAG,IAG,2024-07-23T00:00:00.000Z,2024-07-23,2012457.866255,149861.32600919457,95950.094541,7145.250211531993,1916507.771714,142716.07579766258,0,0,12.213551,0.909750741074,0,0,0.04665739056190476,0.0017796821,0.04767915123007561,0,0,0,0
IAG,IAG,2024-07-24T00:00:00.000Z,2024-07-24,2033084.965637,149104.1998737459,95962.221922,7037.943508125194,1937122.743715,142066.2563656207,0,0,12.162615,0.891774875498,0,0,0.04648942187142857,0.0017555454666666667,0.047202158586002275,0,0,0,0
IAG,IAG,2024-07-25T00:00:00.000Z,2024-07-25,2026414.734186,143307.4190840173,95974.230125,6787.2846015682935,1930440.504061,136520.134482449,0,0,11.905012,0.841588139551,0,0,0.0465455751,0.0017635805238095238,0.047361641711990005,0,0,0,0
IAG,IAG,2024-07-26T00:00:00.000Z,2024-07-26,2025874.844272,145220.76148195544,38877.337477,2770.177979902909,1986997.506795,142450.58350205253,0,0,9.656221,0.691575171865,0,0,0.03669545869047619,0.0006744555523809524,0.019189792950799516,0,0,0,0
IAG,IAG,2024-07-27T00:00:00.000Z,2024-07-27,2027349.5255359998,147965.57896143373,10325.631254,753.6106115089887,2017023.894282,147211.96834992475,0,0,7.994783,0.583376727457,0,0,0.0317666511,0.00012943443,0.005093172080894036,0,0,0,0
IAG,IAG,2024-07-28T00:00:00.000Z,2024-07-28,2028004.997276,146114.67936162572,10326.495894,744.020528296511,2017678.501382,145370.65883332922,0,0,8.186219,0.589669554663,0,0,0.03176625992380953,0.00012940432857142857,0.005092045187152162,0,0,0,0
IAG,IAG,2024-07-29T00:00:00.000Z,2024-07-29,2029912.660457,153296.71989899233,10327.385137,779.9100387113934,2019585.27532,152516.80986028095,0,0,8.376622,0.632426538809,0,0,0.031764716975,0.000129284955,0.005087600846651828,0,0,0,0
IAG,IAG,2024-07-30T00:00:00.000Z,2024-07-30,2070325.6615580001,174352.44648643277,10328.286034,869.9415740528452,2059997.375524,173482.50491237993,0,0,8.368329,0.70537691319,0,0,0.03173091369047619,0.00012667767619047618,0.004990227984707015,0,0,0,0
IAG,IAG,2024-07-31T00:00:00.000Z,2024-07-31,2106213.640065,173946.99507514638,10329.160963,853.0588068015014,2095884.479102,173093.93626834487,0,0,7.981393,0.658821421852,0,0,0.03170102721,0.00012437295,0.004904137450399157,0,0,0,0
IAG,IAG,2024-08-01T00:00:00.000Z,2024-08-01,2118732.89112,163211.36587439326,10330.039203,795.789084727376,2108402.851917,162415.57678966588,0,0,8.359654,0.643724351602,0,0,0.03169115345714286,0.0001236132619047619,0.004875694231160845,0,0,0,0
IAG,IAG,2024-08-02T00:00:00.000Z,2024-08-02,2118951.062514,155653.22762171607,10330.934423,758.7631955020917,2108620.128091,154894.46442621396,0,0,8.169643,0.600187989534,0,0,0.03169122979523809,0.00012361954285714286,0.004875913882559581,0,0,0,0
IAG,IAG,2024-08-03T00:00:00.000Z,2024-08-03,2071663.793394,140267.95593693623,10331.809172,699.5558768109541,2061331.984222,139568.40006012528,0,0,7.988525,0.540566225627,0,0,0.03172986506,0.000126594775,0.00498720857262336,0,0,0,0
IAG,IAG,2024-08-04T00:00:00.000Z,2024-08-04,2075936.039161,134314.67820278238,10332.708510999999,668.5612484924699,2065603.33065,133646.1169542899,0,0,8.558738,0.554190740212,0,0,0.03172645645263158,0.0001263319789473684,0.004977389743977362,0,0,0,0
IAG,IAG,2024-08-05T00:00:00.000Z,2024-08-05,2054667.158909,118282.1750421822,10333.590919,594.8850271607591,2044333.56799,117687.29001502144,0,0,8.184529,0.471715213571,0,0,0.031744803733333334,0.00012774845714285714,0.005030239610209793,0,0,0,0
IAG,IAG,2024-08-06T00:00:00.000Z,2024-08-06,2024278.960868,119618.1139881839,10503.051521,620.7633324011299,2013775.909347,118997.35065578278,0,0,8.210859,0.485500442119,0,0,0.031799762219047616,0.00013200703333333334,0.00518853956990515,11.8,0.6973446,2.35326,0.7821883251
IAG,IAG,2024-08-07T00:00:00.000Z,2024-08-07,2024279.912638,125233.23354267907,11515.431862,712.4087883399485,2012764.480776,124520.82475433912,0,0,8.345403,0.516449133344,0,0,0.031973402266666666,0.00014550854285714287,0.005688655896644023,0,0,0,0
IAG,IAG,2024-08-08T00:00:00.000Z,2024-08-08,2024280.902033,128149.8980251904,11516.421257,729.0630377636847,2012764.480776,127420.83498742672,0,0,8.348559,0.528621705369,0,0,0.03197357101904762,0.0001455217476190476,0.005689141880204759,0,0,0,0
IAG,IAG,2024-08-09T00:00:00.000Z,2024-08-09,2024282.052023,131808.9085535325,11123.98618,724.5358956282846,2013158.065843,131084.37265790423,0,0,8.527014,0.55516903592,0,0,0.03190626050952381,0.00014028790476190475,0.005495274876243988,0,0,0,0
IAG,IAG,2024-08-10T00:00:00.000Z,2024-08-10,2022060.4470320002,131631.1950756538,10338.03472,672.9825009684109,2011722.412312,130958.2125746854,0,0,8.295597,0.540005601038,0,0,0.03177340588095238,0.0001299565142857143,0.0051126290216022855,0,0,0,0
IAG,IAG,2024-08-11T00:00:00.000Z,2024-08-11,2026141.1836020001,133224.10077008497,10338.916355,679.8412034657699,2015802.267247,132544.2595666192,0,0,8.297671,0.545507341434,0,0,0.03177001065238095,0.00012969418095238095,0.005102849125217649,0,0,0,0
IAG,IAG,2024-08-12T00:00:00.000Z,2024-08-12,2034185.9132990001,130427.54510049317,10339.79997,662.9655005621379,2023846.113329,129764.57959993104,0,0,8.297019,0.531989572635,0,0,0.03176312536190476,0.0001291619904761905,0.005083016209246769,0,0,0,0
IAG,IAG,2024-08-13T00:00:00.000Z,2024-08-13,1993708.123371,131766.466047129,10340.683891,683.4479317320545,1983367.43948,131083.01811539696,0,0,8.304145,0.548751576647,0,0,0.031799279285714285,0.00013195894285714286,0.00518715512230606,0,0,0,0
IAG,IAG,2024-08-14T00:00:00.000Z,2024-08-14,1967513.051727,130357.32994391586,10341.567566,685.138114441978,1957171.484161,129672.19182947389,0,0,8.310309,0.550596174843,0,0,0.0318235019,0.00013383613333333333,0.005256924718500406,0,0,0,0
IAG,IAG,2024-08-15T00:00:00.000Z,2024-08-15,1934170.811545,126330.09013340279,10342.450327999999,675.5155531374494,1923828.361217,125654.57458026534,0,0,8.32006,0.543448048415,0,0,0.03185485354761905,0.00013626810476190476,0.005347226970112279,0,0,0,0
IAG,IAG,2024-08-16T00:00:00.000Z,2024-08-16,1941247.010496,126240.53470468351,10343.334468,672.6338586889641,1930903.676028,125567.90084599455,0,0,8.320789,0.541405626786,0,0,0.03184824555714286,0.0001357549095238095,0.005328194314945483,0,0,0,0
IAG,IAG,2024-08-17T00:00:00.000Z,2024-08-17,1940598.4262340001,123664.95838694561,9385.716378,598.3796936982998,1931212.709856,123066.57869324731,0,0,8.280595,0.527824015895,0,0,0.03167753352857143,0.00012258634285714287,0.004836446502085939,0,0,0,0
IAG,IAG,2024-08-18T00:00:00.000Z,2024-08-18,1940363.059559,124953.7447986169,9086.968226,585.1744139893674,1931276.091333,124368.57038462753,0,0,8.263591,0.532028297013,0,0,0.03162430838095238,0.0001184805380952381,0.004683127820317701,0,0,0,0
IAG,IAG,2024-08-19T00:00:00.000Z,2024-08-19,1969917.982234,131892.7873930407,9087.759201,608.5150031092845,1960830.223033,131284.2723899314,0,0,8.644014,0.579200040264,0,0,0.03160030962727273,0.00011664371363636364,0.004613988873397217,0,0,0,0
IAG,IAG,2024-08-20T00:00:00.000Z,2024-08-20,1990379.320898,132510.83020338236,9088.545149,605.0759473755076,1981290.775749,131905.75425600685,0,0,8.256645,0.549647738791,0,0,0.03158373476666667,0.0001153750619047619,0.0045662377285271205,0,0,0,0
IAG,IAG,2024-08-21T00:00:00.000Z,2024-08-21,1990234.613956,134708.97962235933,9089.318401,615.2120980936213,1981145.295555,134093.7675242657,0,0,8.25733,0.558490346827,0,0,0.03158398491428571,0.00011539419047619048,0.004566958414166005,0,0,0,0
IAG,IAG,2024-08-22T00:00:00.000Z,2024-08-22,2015872.404081,138292.56094419703,9090.087285,623.634426649528,2006782.316796,137668.92651754752,0,0,8.25201,0.566191750542,0,0,0.031564234047619044,0.0001138861380952381,0.004510055141775618,0,0,0,0
IAG,IAG,2024-08-23T00:00:00.000Z,2024-08-23,2048352.8076219999,141445.39777245084,45028.464516,3109.9577422566063,2003324.343106,138335.44003019424,0,0,14.141842,0.977306459898,0,0,0.03769067019523809,0.0008785004571428571,0.021978646824849186,1257.79,85.43035459,2.35326,0.8996983632
IAG,IAG,2024-08-24T00:00:00.000Z,2024-08-24,2054998.116632,142763.5995547041,129689.51426,9009.648874786435,1925308.602372,133753.95067991767,0,0,31.674226,2.200657719505,0,0,0.052105637071428575,0.002631852738095238,0.06310865507588385,0,0,0,0
IAG,IAG,2024-08-25T00:00:00.000Z,2024-08-25,2018625.479498,135132.9393898603,125810.472933,8422.13427133157,1892815.006565,126710.80511852872,0,0,30.755155,2.058635821142,0,0,0.0518279390047619,0.0025841336428571427,0.06232482161702687,0,0,0,0
IAG,IAG,2024-08-26T00:00:00.000Z,2024-08-26,2018642.85218,136554.83921226877,125827.845615,8511.852865310013,1892815.006565,128042.98634695876,0,0,30.759394,2.081006907551,0,0,0.05183079499523809,0.0025846106523809524,0.06233289136187205,0,0,0,0
IAG,IAG,2024-08-27T00:00:00.000Z,2024-08-27,2006405.429056,130699.37001954194,125845.273047,8198.724911458954,1880560.156009,122500.64510808299,0,0,30.85541,2.010126738073,0,0,0.051970058419047616,0.0026079918476190475,0.06272631245440238,0,0,0,0
IAG,IAG,2024-08-28T00:00:00.000Z,2024-08-28,2071735.574899,130432.95087322735,125862.593265,7924.79991019509,1945872.981634,122508.15096303227,0,0,30.477103,1.918780116765,0,0,0.05127938791904762,0.0024935465047619047,0.06077423711371273,0,0,0,0
IAG,IAG,2024-08-29T00:00:00.000Z,2024-08-29,2097590.787579,131943.71504652005,125879.636387,7918.657316899521,1971711.151192,124025.05772962053,0,0,30.294063,1.906006486841,0,0,0.051011255757142854,0.002449286395238095,0.06001629882500307,0,0,0,0
IAG,IAG,2024-08-30T00:00:00.000Z,2024-08-30,2094079.939091,130027.53946904955,125896.788132,7817.324030599663,1968183.150959,122210.21543844989,0,0,30.323209,1.88320913136,0,0,0.05104805006666667,0.0024552238142857142,0.06012038949748634,0,0,0,0
IAG,IAG,2024-08-31T00:00:00.000Z,2024-08-31,2100526.180697,126489.92300380005,125913.835527,7582.481336318852,1974612.34517,118907.4416674812,0,0,30.296034,1.824379685194,0,0,0.050986060109523806,0.0024451101476190475,0.05994508790738348,0,0,0,0
IAG,IAG,2024-09-01T00:00:00.000Z,2024-09-01,2112409.791392,124853.27296279995,125930.903075,7443.100428453105,1986478.888317,117410.17253434684,0,0,30.930304,1.827634914088,0,0,0.050869265428571425,0.0024260491857142855,0.05961480749452279,0,0,0,0
IAG,IAG,2024-09-02T00:00:00.000Z,2024-09-02,2115880.037284,119494.4301562466,125948.145139,7112.927050751861,1989931.892145,112381.50310549473,0,0,29.510499,1.666582528069,0,0,0.050837575275,0.002420892755,0.05952518238713317,0,0,0,0
IAG,IAG,2024-09-03T00:00:00.000Z,2024-09-03,2117548.483252,118741.21553790012,125965.057538,7063.618197813778,1991583.425714,111677.59734008634,0,0,30.914985,1.732779783018,0,0,0.05082389251904762,0.0024186712142857144,0.05948648230540826,0,0,0,0
IAG,IAG,2024-09-04T00:00:00.000Z,2024-09-04,2127474.997516,118595.59788986164,125982.3704,7022.867937143813,2001492.627116,111572.72995271783,0,0,30.864268,1.722500264907,0,0,0.0507285611,0.0024031885238095236,0.05921685121361699,0,0,0,0
IAG,IAG,2024-09-05T00:00:00.000Z,2024-09-05,2127492.0694440003,122612.79008620162,125999.442328,7261.666179307397,2001492.627116,115351.12390689422,0,0,29.465315,1.698298710558,0,0,0.050731230085,0.002403621365,0.059224400469938314,0,0,0,0
IAG,IAG,2024-09-06T00:00:00.000Z,2024-09-06,2125977.4822589997,117887.11677192022,126016.857333,6987.64577959436,1999960.624926,110899.47099232586,0,0,30.176252,1.674952499403,0,0,0.050749102815789475,0.002406523321052632,0.05927495130798998,0,0,0,0
IAG,IAG,2024-09-07T00:00:00.000Z,2024-09-07,2114692.356165,121186.03377474651,126033.534929,7222.541512026509,1988658.821236,113963.49226272,0,0,30.95459,1.77381096383,0,0,0.050863810895238094,0.002425167680952381,0.05959937747681636,0,0,0,0
IAG,IAG,2024-09-08T00:00:00.000Z,2024-09-08,2125995.301966,137638.57599361078,126050.855795,8160.01333105553,1999944.446171,129478.56266255525,0,0,30.197263,1.953290244458,0,0,0.05075462630476191,0.0024074215666666666,0.05929057299447297,0,0,0,0
IAG,IAG,2024-09-09T00:00:00.000Z,2024-09-09,2129982.324325,150229.94735215546,126068.09272,8891.606298565972,2003914.231605,141338.34105358948,0,0,30.879831,2.178704050874,0,0,0.0507182302,0.0024015173238095236,0.05918762776582129,0,0,0,0
IAG,IAG,2024-09-10T00:00:00.000Z,2024-09-10,2125736.320703,159167.00800674688,42026.489492,3106.1599210850895,2083709.831211,156060.8480856618,113481.842306,8451.333242054738,9.828003,0.726383513173,302.842306,22.553575054738,0.03690979629523809,0.0008011075904761905,0.019739730873895932,0,0,0,0
IAG,IAG,2024-09-11T00:00:00.000Z,2024-09-11,2115368.852929,155008.41227829157,0,0,2115368.852929,155008.41227829157,0,0,0,0,0,0,0.03,0,0,0,0,0,0
IAG,IAG,2024-09-12T00:00:00.000Z,2024-09-12,2115803.735484,158779.6644098475,0,0,2115803.735484,158779.6644098475,0,0,0,0,0,0,0.03,0,0,0,0,0,0
IAG,IAG,2024-09-13T00:00:00.000Z,2024-09-13,2098657.861195,166494.2359469103,0,0,2098657.861195,166494.2359469103,0,0,0,0,0,0,0.03,0,0,0,0,0,0
IAG,IAG,2024-09-14T00:00:00.000Z,2024-09-14,2088297.16746,169203.5211448552,0,0,2088297.16746,169203.5211448552,0,0,0,0,0,0,0.03,0,0,0,0,0,0
IAG,IAG,2024-09-15T00:00:00.000Z,2024-09-15,2125039.192235,168929.43001909446,0,0,2125039.192235,168929.43001909446,0,0,0,0,0,0,0.03,0,0,0,0,0,0
IAG,IAG,2024-09-16T00:00:00.000Z,2024-09-16,2113478.277431,160956.14799322354,0,0,2113478.277431,160956.14799322354,0,0,0,0,0,0,0.03,0,0,0,0,0,0
IAG,IAG,2024-09-17T00:00:00.000Z,2024-09-17,2098658.294414,155798.19158556964,0,0,2098658.294414,155798.19158556964,0,0,0,0,0,0,0.03,0,0,0,0,0,0
IAG,IAG,2024-09-18T00:00:00.000Z,2024-09-18,2123327.212633,167354.00863196666,0,0,2123327.212633,167354.00863196666,0,0,0,0,0,0,0.03,0,0,0,0,0,0
IAG,IAG,2024-09-19T00:00:00.000Z,2024-09-19,2065972.575552,189893.03132173695,0,0,2065972.575552,189893.03132173695,0,0,0,0,0,0,0.03,0,0,0,0,0,0
IAG,IAG,2024-09-20T00:00:00.000Z,2024-09-20,2025869.883545,197222.67957382876,0,0,2025869.883545,197222.67957382876,0,0,0,0,0,0,0.03,0,0,0,0,0,0
IAG,IAG,2024-09-21T00:00:00.000Z,2024-09-21,2037755.941995,205294.3045922697,0,0,2037755.941995,205294.3045922697,0,0,0,0,0,0,0.03,0,0,0,0,0,0
IAG,IAG,2024-09-22T00:00:00.000Z,2024-09-22,1978836.85489,222188.92757313352,285.71535700000004,31.533832474075428,1978551.139533,222157.39374065943,0,0,0.43564,0.04808071552,0,0,0.030051624423809525,0.0000037022428571428574,0.00014888004511321587,60,6.62208,2.35326,0.81573639966
IAG,IAG,2024-09-23T00:00:00.000Z,2024-09-23,1909785.690017,222576.53176719902,6000.285379,699.3744159463079,1903785.404638,221877.1573512527,0,0,9.703221,1.130583114742,0,0,0.031089508952380954,0.00007814758571428572,0.0031420343859129922,0,0,0,0
IAG,IAG,2024-09-24T00:00:00.000Z,2024-09-24,1931343.768457,230906.67093675912,6000.754189,716.7759337553618,1925343.014268,230189.89500300377,0,0,6.555672,0.769436757981,0,0,0.02025029089,0.000051324775,0.003110411963300469,0,0,0,0
IAG,IAG,2024-09-25T00:00:00.000Z,2024-09-25,2056222.2992659998,256350.56817313615,11274.200116,1376.8648638174782,2044948.09915,254973.70330931866,0,0,0.056342,0.006846058888,0,0,0.00018901191904761904,0.0000015236904761904762,0.005493346096371704,289.165578,35.933803496088,4.70652,1.80488688198
IAG,IAG,2024-09-26T00:00:00.000Z,2024-09-26,2142215.236566,260170.97877026667,22347.700931,2702.1048224093774,2119867.535635,257468.8739478573,12520.010281,1572.625971386129,0.144209,0.017408898271,0.876215,0.110060489935,0.0003618191,0.0000034929571428571427,0.010515366735843305,5.10006,0.64061343654,2.35326,0.91301075502
IAG,IAG,2024-09-27T00:00:00.000Z,2024-09-27,2218228.879127,266580.14714921935,16921.384613000002,2033.5846084909463,2201307.494514,264546.5625407284,0,0,0.091466,0.010994908508,0,0,0.0002624652142857143,0.0000016017619047619048,0.007628476852441214,0,0,0,0
IAG,IAG,2024-09-28T00:00:00.000Z,2024-09-28,2309092.864191,270903.3739379464,16921.396231,1985.212563729883,2292171.46796,268918.1613742165,0,0,0.08998,0.010546758094,0,0,0.0002521381333333333,0.0000014782666666666667,0.007328361164417537,0,0,0,0
IAG,IAG,2024-09-29T00:00:00.000Z,2024-09-29,2312860.125092,285020.2387870357,16921.4072,2085.252934896388,2295938.717892,282934.9858521393,0,0,0.083716,0.010324969694,0,0,0.000251721255,0.00000147332,0.007316245794692273,0,0,0,0
IAG,IAG,2024-09-30T00:00:00.000Z,2024-09-30,2326926.333265,283289.8577797648,16921.418138,2060.085156388672,2310004.915127,281229.7726233761,0,0,0.087702,0.010677116314,0,0,0.0002502037142857143,0.0000014556428571428572,0.0072721442123538475,0,0,0,0
IAG,IAG,2024-10-01T00:00:00.000Z,2024-10-01,2340496.6094420003,281174.9838604128,16921.429196,2032.9026264279878,2323575.180246,279142.0812339848,0,0,0.01088,0.001307136248,0,0,0.00024874839523809526,0.0000014387333333333333,0.007229851204556596,0,0,0,0
IAG,IAG,2024-10-02T00:00:00.000Z,2024-10-02,2323685.6127859997,259646.38236470465,2510.160053,285.9550558629137,2321175.452733,259360.42730884172,16271.751373,1860.544595491566,0.00179,0.000203603042,0.078309,0.008954007678,0.00003741274285714286,2.116e-7,0.0010874012283609155,0,0,0,0
IAG,IAG,2024-10-03T00:00:00.000Z,2024-10-03,2368022.736936,262020.42844467046,0,0,2368022.736936,262020.42844467046,0,0,0,0,0,0,0,0,0,0,0,0,0
IAG,IAG,2024-10-04T00:00:00.000Z,2024-10-04,2380782.953535,266733.86046508525,0,0,2380782.953535,266733.86046508525,0,0,0,0,0,0,0,0,0,0,0,0,0
IAG,IAG,2024-10-05T00:00:00.000Z,2024-10-05,2391666.083911,280176.50293415575,0,0,2391666.083911,280176.50293415575,0,0,0,0,0,0,0,0,0,0,0,0,0
IAG,IAG,2024-10-06T00:00:00.000Z,2024-10-06,2397419.579536,277234.3216527125,0,0,2397419.579536,277234.3216527125,0,0,0,0,0,0,0,0,0,0,0,0,0
IAG,IAG,2024-10-07T00:00:00.000Z,2024-10-07,2400000.000016,284065.02857332234,0,0,2400000.000016,284065.02857332234,0,0,0,0,0,0,0,0,0,0,0,0,0
IAG,IAG,2024-10-08T00:00:00.000Z,2024-10-08,2399761.904779,279534.4741210217,0,0,2399761.904779,279534.4741210217,0,0,0,0,0,0,0,0,0,0,0,0,0
IAG,IAG,2024-10-09T00:00:00.000Z,2024-10-09,2399500.000018,269848.7298020243,0,0,2399500.000018,269848.7298020243,0,0,0,0,0,0,0,0,0,0,0,0,0
IAG,IAG,2024-10-10T00:00:00.000Z,2024-10-10,2397568.440835,261890.2252672762,0,0,2397568.440835,261890.2252672762,0,0,0,0,0,0,0,0,0,0,0,0,0
IAG,IAG,2024-10-11T00:00:00.000Z,2024-10-11,2398465.915894,275897.7097863655,6785.715064,782.3772337066443,2391680.20083,275115.33255265886,0,0,0.001826,0.000210825126,0,0,0.00009733157142857143,2.434714285714286e-7,0.0028291340209845254,75,8.438025,2.16362,0.73824661658
IAG,IAG,2024-10-12T00:00:00.000Z,2024-10-12,2398513.1204399997,289190.5543690578,7500.002713,904.2810404332943,2391013.117727,288286.27332862455,0,0,0.002065,0.000248842366,0,0,0.00010757702857142857,2.691e-7,0.003126938372336999,0,0,0,0
IAG,IAG,2024-10-13T00:00:00.000Z,2024-10-13,2398513.1223669997,278262.1807080172,7500.00464,870.1089121340062,2391013.117727,277392.0717958832,0,0,0.002018,0.000234120007,0,0,0.0001075771,2.691e-7,0.003126939173090743,0,0,0,0
IAG,IAG,2024-10-14T00:00:00.000Z,2024-10-14,2398513.124299,276884.69771440636,7500.006572,865.8018306989293,2391013.117727,276018.89588370745,0,0,0.002114,0.000244092976,0,0,0.0001075771,2.691e-7,0.003126939976338214,0,0,0,0
IAG,IAG,2024-10-15T00:00:00.000Z,2024-10-15,2398513.1262479997,273707.8844337118,7500.008521,855.8683457687303,2391013.117727,272852.0160879431,0,0,0.002018,0.000230446283,0,0,0.0001075771,2.691e-7,0.00312694078622078,0,0,0,0
IAG,IAG,2024-10-16T00:00:00.000Z,2024-10-16,2398513.128184,267594.9141712375,7500.010457,836.753665789275,2391013.117727,266758.16050544824,0,0,0.002114,0.000236079655,0,0,0.00010757716666666666,2.691e-7,0.0031269415910268276,0,0,0,0
IAG,IAG,2024-10-17T00:00:00.000Z,2024-10-17,2398513.1301639997,263925.87459348777,7500.012437,825.2810115567751,2391013.117727,263100.59358193097,0,0,0.002114,0.000232506094,0,0,0.0001075772,2.691e-7,0.00312694241395693,0,0,0,0
IAG,IAG,2024-10-18T00:00:00.000Z,2024-10-18,2396646.01099,275037.17846462165,7500.014353,860.7038977703527,2389145.996637,274176.4745668513,0,0,0.002018,0.000231521429,0,0,0.00010766151,2.6953e-7,0.00312939331435241,0,0,0,0
IAG,IAG,2024-10-19T00:00:00.000Z,2024-10-19,2390745.06716,284732.5973068984,9084.016571,1083.5361750744553,2381661.050589,283649.0611318239,0,0,0.003169,0.000378276653,0,0,0.000130781815,4.07955e-7,0.003801379859769364,28.8,3.4322976,2.155,0.76506379
IAG,IAG,2024-10-20T00:00:00.000Z,2024-10-20,2397618.348179,289068.08486466366,10380.020444,1251.455797640482,2387238.327735,287816.62906702317,0,0,0.004416,0.000532302932,0,0,0.00014894552857142856,5.158857142857143e-7,0.004329306002678703,0,0,0,0
IAG,IAG,2024-10-21T00:00:00.000Z,2024-10-21,2399122.566261,303222.1022479177,10380.024452,1311.9183168554139,2388742.541809,301910.1839310623,0,0,0.00402,0.0005081738,0,0,0.000148852195,5.152e-7,0.004326591979115387,0,0,0,0
IAG,IAG,2024-10-22T00:00:00.000Z,2024-10-22,2398934.169877,307393.4107286795,17206.697917,2204.2895947800257,2381727.47196,305189.1211338995,0,0,0.011895,0.001523524319,0,0,0.0002467793714285714,0.000001444247619047619,0.007172610717364294,80,10.20328,2.155,0.77776536
IAG,IAG,2024-10-23T00:00:00.000Z,2024-10-23,2398287.435952,330361.533731247,15500.038072,2135.1103244827364,2382787.39788,328226.4234067643,0,0,0.011683,0.001609742119,0,0,0.0002223600380952381,0.0000011496619047619047,0.006462961047644371,0,0,0,0
IAG,IAG,2024-10-24T00:00:00.000Z,2024-10-24,2393331.41805,333308.78987087717,7500.034034,1044.4693814605685,2385831.384016,332264.3204894166,0,0,0.005145,0.000717302667,0,0,0.00010781087619047618,2.703047619047619e-7,0.0031337351129245394,0,0,0,0
IAG,IAG,2024-10-25T00:00:00.000Z,2024-10-25,2390510.49247,315245.1386852922,7500.035945,989.0743627587766,2383010.456525,314256.06432253344,0,0,0.004728,0.000623308977,0,0,0.000107937685,2.70925e-7,0.0031374213639634692,0,0,0,0
IAG,IAG,2024-10-26T00:00:00.000Z,2024-10-26,2392844.719916,290849.85520273814,7500.037876,911.618176459656,2385344.68204,289938.23702627845,0,0,0.004839,0.000587940234,0,0,0.00010783241428571429,2.7038095238095236e-7,0.0031343612694196537,0,0,0,0
IAG,IAG,2024-10-27T00:00:00.000Z,2024-10-27,2398032.72426,310861.4437164086,7500.039833,972.2365942689511,2390532.684427,309889.2071221397,0,0,0.004953,0.000642026328,0,0,0.00010759918095238095,2.6921904761904763e-7,0.0031275812869780823,0,0,0,0
IAG,IAG,2024-10-28T00:00:00.000Z,2024-10-28,2389438.659479,317114.2465246709,7500.041815,995.3473339150804,2381938.617664,316118.89919075585,0,0,0.004953,0.000657647193,0,0,0.00010798661904761905,2.7114761904761906e-7,0.0031388430351960294,0,0,0,0
IAG,IAG,2024-10-29T00:00:00.000Z,2024-10-29,2390340.5959840002,325587.71156720375,7500.043761,1021.5670326458734,2382840.552223,324566.1445345579,0,0,0.004839,0.000658966293,0,0,0.00010794564285714285,2.7094285714285714e-7,0.003137652268979391,0,0,0,0
IAG,IAG,2024-10-30T00:00:00.000Z,2024-10-30,2397341.174889,330991.6630405449,7500.045706,1035.5030956462685,2389841.129183,329956.1599448986,0,0,0.004953,0.000683746605,0,0,0.00010763025714285714,2.6937142857142857e-7,0.0031284852323224858,0,0,0,0
IAG,IAG,2024-10-31T00:00:00.000Z,2024-10-31,2397651.868208,315182.2473899878,7500.047627,985.9153838316876,2390151.820581,314196.3320061561,0,0,0.004614,0.000606739167,0,0,0.0001076163,2.693e-7,0.003128080321708563,0,0,0,0
IAG,IAG,2024-11-01T00:00:00.000Z,2024-11-01,2397651.8701359998,300050.9464209102,7500.049555,938.5837033394212,2390151.820581,299112.36271757074,0,0,0.004953,0.000619892517,0,0,0.00010761639047619048,2.693e-7,0.003128081123149388,0,0,0,0
IAG,IAG,2024-11-02T00:00:00.000Z,2024-11-02,2396988.944863,308063.51857522456,7857.194379,1008.4216203500683,2389131.750484,307055.0969548745,0,0,0.005187,0.000665198568,0,0,0.00011277314285714286,2.993952380952381e-7,0.0032779620905294994,25,3.1511,2.155,0.75762473
IAG,IAG,2024-11-03T00:00:00.000Z,2024-11-03,2399237.349091,288187.7074159949,10000.054723,1201.170380052239,2389237.294368,286986.53703594266,0,0,0.008452,0.001015689104,0,0,0.00014339607142857143,4.781e-7,0.004168013942937121,0,0,0,0
IAG,IAG,2024-11-04T00:00:00.000Z,2024-11-04,2398139.6766810003,279777.37429040263,10476.249104,1220.0282662437808,2387663.427577,278557.3460241589,0,0,0.008438,0.00098373824,0,0,0.0001502952,5.469523809523809e-7,0.004368518363208789,100,11.2106,2.155,0.69310403
IAG,IAG,2024-11-05T00:00:00.000Z,2024-11-05,2398015.423294,275324.52489094477,19904.830871000002,2285.410395276692,2378110.592423,273039.1144956681,1000,113.219,0.024775,0.002843253779,0.003878,0.000439063282,0.0002855918238095238,0.0000018968857142857142,0.00830054903108428,0,0,0,0
IAG,IAG,2024-11-06T00:00:00.000Z,2024-11-06,2397852.357119,288105.69653390825,19000.083349,2282.8372204622333,2378852.27377,285822.85931344604,0,0,0.021738,0.002608548477,0,0,0.000272628725,0.000001728235,0.007923836334301894,0,0,0,0
IAG,IAG,2024-11-07T00:00:00.000Z,2024-11-07,2400000.093342,292954.1828313634,19000.097198,2319.232397281239,2380999.996144,290634.9504340822,0,0,0.022254,0.002715443268,0,0,0.00027238339523809525,0.0000017251,0.007916706857854072,0,0,0,0
IAG,IAG,2024-11-08T00:00:00.000Z,2024-11-08,2400001.927602,303311.9054876087,16142.960029,2032.7183654056182,2383858.967573,301279.18712220306,0,0,0.020022,0.002523524357,0,0,0.00023142102857142858,0.0000013427857142857143,0.006726230202604996,0,0,0,0
IAG,IAG,2024-11-09T00:00:00.000Z,2024-11-09,2385831.051155,311899.7461899006,9000.088861,1176.70719266368,2376830.962294,310723.03899723693,0,0,0.010673,0.001396272271,0,0,0.00012978512380952382,3.9168571428571427e-7,0.003772417775459836,0,0,0,0
IAG,IAG,2024-11-10T00:00:00.000Z,2024-11-10,2356563.3503489997,387454.56148316135,9000.091930999999,1480.1420746795613,2347563.258418,385974.4194084818,0,0,0.009944,0.001637356479,0,0,0.000131403695,4.0154e-7,0.0038194612857952964,0,0,0,0
IAG,IAG,2024-11-11T00:00:00.000Z,2024-11-11,2313198.591599,398204.0751294524,9000.094992,1549.1747816308034,2304198.496607,396654.9003478216,0,0,0.010673,0.001839808539,0,0,0.00013385976666666668,4.166857142857143e-7,0.003890846325577366,0,0,0,0
IAG,IAG,2024-11-12T00:00:00.000Z,2024-11-12,2361314.713988,434701.6170642321,9000.098122,1656.8636351697526,2352314.615866,433044.7534290624,0,0,0.010429,0.0019191245489999999,0,0,0.00013113084285714286,3.9986190476190477e-7,0.0038115309206142654,0,0,0,0
IAG,IAG,2024-11-13T00:00:00.000Z,2024-11-13,2351665.611238,411549.95868078806,9000.101256,1574.9071469206947,2342665.509982,409975.0515338674,0,0,0.010673,0.001867053778,0,0,0.00013166858095238094,4.0315714285714284e-7,0.0038271601915262576,0,0,0,0
IAG,IAG,2024-11-14T00:00:00.000Z,2024-11-14,2359281.9405750004,408208.8749022866,9000.104567,1557.2425634693534,2350281.836008,406651.6323388173,0,0,0.010442,0.001804795089,0,0,0.00013124457647058823,4.0056470588235295e-7,0.0038148364640770882,0,0,0,0
IAG,IAG,2024-11-15T00:00:00.000Z,2024-11-15,2332044.397231,413531.5910670312,9000.107501999999,1595.9119284964022,2323044.289729,411935.6791385348,0,0,0.010673,0.001895984478,0,0,0.00013278393333333334,4.100142857142857e-7,0.003859577528494216,0,0,0,0
IAG,IAG,2024-11-16T00:00:00.000Z,2024-11-16,2385964.734731,470458.9161060436,9000.110572,1774.8065013648707,2376964.624159,468684.10960467876,0,0,0.009944,0.001961764542,0,0,0.000129777665,3.91635e-7,0.0037722012699468585,297.34784,55.65370316928,2.155,1.592383375
IAG,IAG,2024-11-17T00:00:00.000Z,2024-11-17,2306880.479243,421833.8232140171,38734.926538,7082.172255718525,2268145.552705,414751.6509582986,0,0,0.093832,0.017163070435,0,0,0.0005778973809523809,0.000007765271428571428,0.016793775017861362,0,0,0,0
IAG,IAG,2024-11-18T00:00:00.000Z,2024-11-18,2297641.722021,433158.5091874382,38734.988602000005,7303.644425030221,2258906.733419,425854.86476240796,0,0,0.094815,0.01787244489,0,0,0.0005803184666666667,0.000007831771428571428,0.01686411076575072,0,0,0,0
IAG,IAG,2024-11-19T00:00:00.000Z,2024-11-19,2387871.9464029996,455995.2702887716,38735.047215000006,7396.633591909776,2349136.899188,448598.6366968618,0,0,0.088482,0.016922334898,0,0,0.000558203025,0.00000724399,0.01622161490651758,0,0,0,0
IAG,IAG,2024-11-20T00:00:00.000Z,2024-11-20,2397626.216955,562304.6617825803,38735.105057,9084.308149006201,2358891.111898,553220.3536335741,0,0,0.092695,0.021746540034,0,0,0.0005559310285714286,0.000007185128571428571,0.01615560783753916,0,0,0,0
IAG,IAG,2024-11-21T00:00:00.000Z,2024-11-21,2398299.845864,541891.0535971718,38735.164442,8752.132959233677,2359564.681422,533138.9206379381,0,0,0.090584,0.020470089706,0,0,0.0005557756333333334,0.0000071811,0.01615109324565031,0,0,0,0
IAG,IAG,2024-11-22T00:00:00.000Z,2024-11-22,2384266.8667920004,643880.4845137836,38735.223666000005,10466.608224444664,2345531.643126,633413.8762893389,0,0,0.093177,0.025216025314,0,0,0.0005591547952380953,0.000007270090476190476,0.01624926476221272,0,0,0,0
IAG,IAG,2024-11-23T00:00:00.000Z,2024-11-23,2397698.847036,740605.3125732351,40111.474794,12386.96768462556,2357587.372242,728218.3448886096,0,0,0.094682,0.029230972903,0,0,0.0005756767571428571,0.000007706752380952381,0.016729261326946982,0,0,0,0
IAG,IAG,2024-11-24T00:00:00.000Z,2024-11-24,2398269.639624,698123.0877286845,40435.346726,11770.46640510613,2357834.292898,686352.6213235784,0,0,0.093552,0.027253770924,0,0,0.000580184485,0.000007825629999999999,0.01686022007372728,0,0,0,0
IAG,IAG,2024-11-25T00:00:00.000Z,2024-11-25,2400000.620351,687839.2634413434,40435.408381,11588.772572726903,2359565.21197,676250.4908686165,0,0,0.098006,0.028103373492,0,0,0.0005797666952380952,0.0000078144,0.016848082470394724,0,0,0,0
IAG,IAG,2024-11-26T00:00:00.000Z,2024-11-26,2400001.249265,700615.2239517372,39544.991200000004,11540.902671479247,2360456.258065,689074.3212802579,0,0,0.096701,0.028234744563,0,0,0.0005669961238095238,0.0000074773809523809515,0.016477071171667145,0,0,0,0
IAG,IAG,2024-11-27T00:00:00.000Z,2024-11-27,2400001.8224710003,781118.5361750559,38735.52250100001,12607.08835402951,2361266.29997,768511.4478210264,0,0,0.093101,0.030321962703,0,0,0.0005553865238095238,0.000007171080952380952,0.016139788786067633,0,0,0,0
IAG,IAG,2024-11-28T00:00:00.000Z,2024-11-28,2400001.8803,816310.3596065714,38735.580330000004,13175.096200760256,2361266.29997,803135.2634058112,0,0,0.090942,0.030931831313,0,0,0.000555387345,0.0000071711,0.016139812492588362,0,0,0,0
IAG,IAG,2024-11-29T00:00:00.000Z,2024-11-29,2398107.0047589997,853959.6834290796,38379.502328999995,13664.436958413697,2359727.50243,840295.2464706659,1495.771827,542.374343329335,0.093783,0.033393338925,0.581498,0.21085408229,0.0005507195,0.0000070530904761904766,0.016004198855950096,0,0,0,0
IAG,IAG,2024-11-30T00:00:00.000Z,2024-11-30,2357847.0536330002,868760.1082796352,37239.922335999996,13721.805339343935,2320607.131297,855038.3029402912,0,0,0.085126,0.031359953440999996,0,0,0.000543590155,0.000006871005,0.015797072958172027,0,0,0,0
IAG,IAG,2024-12-01T00:00:00.000Z,2024-12-01,2400000.377957,823482.0724838136,37516.54468499999,12871.591023071745,2362483.833272,810610.4814607418,0,0,0.089012,0.030526370971,0,0,0.0005379045666666667,0.000006727242857142857,0.01563189115646338,6.453276,2.141332495596,2.16362,2.30858254
IAG,IAG,2024-12-02T00:00:00.000Z,2024-12-02,2400000.43297,825741.268976127,37885.358403,13034.790958694475,2362115.074567,812706.4780174325,0,0,0.087116,0.029949186358,0,0,0.000543193955,0.0000068597,0.01578556315355061,0,0,0,0
IAG,IAG,2024-12-03T00:00:00.000Z,2024-12-03,2398931.6793980002,864977.2644134789,37885.413658,13660.150249586593,2361046.26574,851317.1141638923,0,0,0.091272,0.032919111914,0,0,0.000543438875,0.000006865895,0.01579267889833872,0,0,0,0
IAG,IAG,2024-12-04T00:00:00.000Z,2024-12-04,2389270.250539,813491.5898411951,37885.469392,12899.820001345992,2351384.781147,800591.7698398492,0,0,0.091264,0.031067232502,0,0,0.0005456393952380953,0.000006921647619047619,0.01585660975552418,0,0,0,0
IAG,IAG,2024-12-05T00:00:00.000Z,2024-12-05,2399040.699636,812776.6893957921,39218.859833,13281.110701212123,2359821.839803,799495.57869458,0,0,0.094351,0.031935882003,0,0,0.000562546319047619,0.000007374180952380952,0.016347786394933613,40,13.43796,2.155,2.60755
IAG,IAG,2024-12-06T00:00:00.000Z,2024-12-06,2398488.0016869996,777798.136075418,41885.592651,13582.947313847608,2356602.409036,764215.1887615704,0,0,0.108707,0.035272288332,0,0,0.0006009446809523809,0.0000083956,0.01746333215831238,0,0,0,0
IAG,IAG,2024-12-07T00:00:00.000Z,2024-12-07,2398488.070022,791706.1337115531,41885.660985999995,13825.849223700488,2356602.409036,777880.2844878526,0,0,0.103766,0.034235617061,0,0,0.000600945645,0.0000083956,0.017463360151635927,0,0,0,0
IAG,IAG,2024-12-08T00:00:00.000Z,2024-12-08,2398488.1380999996,763779.5880771204,41885.729064,13338.179300553773,2356602.409036,750441.4087765666,0,0,0.106234,0.033833954833,0,0,0.0006009466047619048,0.00000839565238095238,0.017463388039436364,0,0,0,0
IAG,IAG,2024-12-09T00:00:00.000Z,2024-12-09,2379146.9947079998,746422.2595224935,41885.798889,13137.951420897083,2337261.195819,733284.3081015964,0,0,0.111828,0.035034116607,0,0,0.0006060851285714286,0.000008543514285714286,0.017612664994597044,0,0,0,0
IAG,IAG,2024-12-10T00:00:00.000Z,2024-12-10,2263604.9510480003,675491.5214223017,38085.837017,11364.724842532678,2225519.114031,664126.796579769,0,0,0.101655,0.030338120484,0,0,0.00057898266,0.000007797335000000001,0.016825302142160277,0,0,0,0
IAG,IAG,2024-12-11T00:00:00.000Z,2024-12-11,2328250.2726290002,697134.752344426,37885.894436999995,11340.496624865737,2290364.378192,685794.2557195603,0,0,0.098027,0.029337665174,0,0,0.00056034226,0.0000073047000000000006,0.016283761187420927,0,0,0,0
IAG,IAG,2024-12-12T00:00:00.000Z,2024-12-12,2379690.3027859996,725008.5642233698,37885.949672999996,11540.712217940698,2341804.353113,713467.8520054291,0,0,0.093538,0.028461924176,0,0,0.0005479716631578948,0.000006982584210526316,0.015924367396932877,0,0,0,0
IAG,IAG,2024-12-13T00:00:00.000Z,2024-12-13,2385891.23721,684554.143186143,37886.004961,10870.203294077688,2348005.232249,673683.9398920654,0,0,0.095022,0.027251438058,0,0,0.000546419275,0.000006941445,0.01587926746559616,0,0,0,0
IAG,IAG,2024-12-14T00:00:00.000Z,2024-12-14,2396779.108958,693585.6386912041,37886.061476999996,10964.033027077698,2358893.047481,682621.6056641265,0,0,0.099441,0.028770231609,0,0,0.0005439374714285714,0.000006878538095238095,0.015807164311855575,0,0,0,0
IAG,IAG,2024-12-15T00:00:00.000Z,2024-12-15,2400001.192487,737766.7267477501,37886.117919,11646.293220599277,2362115.074568,726120.4335271508,0,0,0.095022,0.029242469745,0,0,0.00054320468,0.00000686,0.01578587462272901,0,0,0,0
IAG,IAG,2024-12-16T00:00:00.000Z,2024-12-16,2400001.246939,755247.6765832319,37886.17237099999,11922.261974803998,2362115.074568,743325.4146084279,0,0,0.090603,0.028481042025,0,0,0.000543205452631579,0.00000686,0.01578589695285239,0,0,0,0
IAG,IAG,2024-12-17T00:00:00.000Z,2024-12-17,2400001.301645,770638.2465025414,37886.227076999996,12165.233210490687,2362115.074568,758473.0132920507,0,0,0.097227,0.031206513987,0,0,0.0005432062190476191,0.00000686,0.015785919387223686,0,0,0,0
IAG,IAG,2024-12-18T00:00:00.000Z,2024-12-18,2400001.35893,718567.721095149,37886.284362,11343.26894259592,2362115.074568,707224.4521525531,0,0,0.097227,0.0291582144,0,0,0.0005432070238095238,0.00000686,0.01578594287930692,0,0,0,0
IAG,IAG,2024-12-19T00:00:00.000Z,2024-12-19,2386498.0892539998,698741.8024764996,37886.340063999996,11086.778771482164,2348611.74919,687655.0237050174,0,0,0.095287,0.027924661505,0,0,0.0005463903238095238,0.000006942052380952381,0.015878425463793186,0,0,0,0
IAG,IAG,2024-12-20T00:00:00.000Z,2024-12-20,2324420.242569,610113.720941008,38412.29710900001,10081.845413542269,2286007.94546,600031.8755274657,0,0,0.102809,0.026953990543,0,0,0.0005689002095238095,0.000007530785714285715,0.016532386988020925,28.130324,7.354998889156,4.31,3.70263049
IAG,IAG,2024-12-21T00:00:00.000Z,2024-12-21,2389273.139223,665507.5711604648,37886.453451999994,10552.88355978324,2351386.685771,654954.6876006816,0,0,0.099098,0.027642734991,0,0,0.0005456492095238095,0.000006921809523809524,0.0158568950655816,0,0,0,0
IAG,IAG,2024-12-22T00:00:00.000Z,2024-12-22,2389273.1938710003,621358.0275464352,37886.5081,9852.822979403094,2351386.685771,611505.2045670322,0,0,0.099098,0.025753172947,0,0,0.0005456499857142857,0.0000069219,0.01585691757512657,0,0,0,0
IAG,IAG,2024-12-23T00:00:00.000Z,2024-12-23,2390813.274396,621454.6760530388,62980.989858,16522.913784427856,2327832.284538,604931.762268611,0,0,0.293868,0.078088533796,0,0,0.00090669804,0.00002618233,0.02634002030456891,836.48004,212.97032762412,2.155,1.89105129
IAG,IAG,2024-12-24T00:00:00.000Z,2024-12-24,2391455.137013,658478.5412219494,121535.05265200001,33464.17892044784,2269920.084361,625014.3623015016,0,0,0.700194,0.192820544766,0,0,0.0017498312894736843,0.00007114199999999999,0.050820575754826326,0,0,0,0
IAG,IAG,2024-12-25T00:00:00.000Z,2024-12-25,2398207.45542,682508.1374124394,121535.62215200001,34587.93754445771,2276671.833268,647920.1998679817,0,0,0.733536,0.208708872288,0,0,0.001744907345,0.000070742305,0.05067769340689029,0,0,0,0
IAG,IAG,2024-12-26T00:00:00.000Z,2024-12-26,2398208.036283,643748.943164609,121536.203015,32623.858131538072,2276671.833268,611125.085033071,0,0,0.700191,0.187782156646,0,0,0.00174491526,0.000070742945,0.050677923339626695,0,0,0,0
IAG,IAG,2024-12-27T00:00:00.000Z,2024-12-27,2398208.6140469997,622824.8499045531,121796.78077900001,31631.41148815382,2276411.833268,591193.4384163993,0,0,0.735907,0.191071412463,0,0,0.001748659305,0.00007104802,0.05078656628989588,13,3.395119,2.155,1.916572955
IAG,IAG,2024-12-28T00:00:00.000Z,2024-12-28,2374399.618302,602249.6353826205,122837.37539700001,31157.48980937229,2251562.242905,571092.1455732482,0,0,0.755264,0.191560152882,0,0,0.0017815102095238096,0.00007374818571428572,0.05173980736742649,0,0,0,0
IAG,IAG,2024-12-29T00:00:00.000Z,2024-12-29,2375334.948728,631926.5058565693,122837.984316,32678.343357398135,2252496.964412,599248.1624991711,0,0,0.740155,0.196785004376,0,0,0.00178080842,0.000073689765,0.05171944370654776,0,0,0,0
IAG,IAG,2024-12-30T00:00:00.000Z,2024-12-30,2400005.634385,632030.3673852324,122838.56392300001,32348.966258127824,2277167.070462,599681.4011271045,0,0,0.712633,0.187465904115,0,0,0.0017623078473684212,0.00007215962105263157,0.05118261480847184,0,0,0,0
IAG,IAG,2024-12-31T00:00:00.000Z,2024-12-31,2400006.2250300003,624697.7352164753,122839.15456800001,31973.810009394223,2277167.070462,592723.9252070811,0,0,0.763536,0.198784797839,0,0,0.0017623158857142857,0.00007216027619047618,0.05118284831378577,0,0,0,0
IAG,IAG,2025-01-01T00:00:00.000Z,2025-01-01,2398758.457863,656220.8223960358,122839.74945,33605.025549248305,2275918.708413,622615.7968467874,0,0,0.572624,0.156647362569,0,0,0.0017632421684210526,0.00007223612631578948,0.05120972661559978,0,0,0,0
IAG,IAG,2025-01-02T00:00:00.000Z,2025-01-02,2398182.8756339997,699586.3968698488,122840.33432000001,35834.39236192707,2275342.541314,663752.0045079218,0,0,0.586259,0.171031232465,0,0,0.00176367391,0.000072271485,0.0512222548030303,0,0,0,0
IAG,IAG,2025-01-03T00:00:00.000Z,2025-01-03,2389082.520543,735603.1629911391,122840.92113900001,37824.84238613316,2266241.599404,697778.320605006,0,0,0.602353,0.185483355386,0,0,0.0017704532954545456,0.00007282984545454546,0.05141897269744074,0,0,0,0
IAG,IAG,2025-01-04T00:00:00.000Z,2025-01-04,2376601.9327149997,732732.5700935925,122841.520613,37873.37435504942,2253760.412102,694859.195738543,0,0,0.591551,0.182288490443,0,0,0.0017797211904761905,0.00007359207142857143,0.05168790064602489,0,0,0,0
IAG,IAG,2025-01-05T00:00:00.000Z,2025-01-05,2387474.146802,745414.0514077683,122842.116945,38352.632837424106,2264632.029857,707061.4185703442,0,0,0.603096,0.188285594396,0,0,0.001771633090909091,0.0000729256090909091,0.051453207682995904,0,0,0,0
IAG,IAG,2025-01-06T00:00:00.000Z,2025-01-06,2397038.0993520003,757795.5206230982,122842.69799900001,38835.287831545575,2274195.401353,718960.2327915527,0,0,0.572646,0.181011385217,0,0,0.001764551905,0.000072343465,0.051247731900343325,0,0,0,0
IAG,IAG,2025-01-07T00:00:00.000Z,2025-01-07,2397024.33435,744187.7456847142,123950.42547100001,38477.488177171625,2273073.908879,705710.2575075425,0,0,0.598808,0.185527050649,0,0,0.0017805123285714285,0.0000736610619047619,0.051710854445783876,15.5,4.8582115,2.155,2.342485
IAG,IAG,2025-01-08T00:00:00.000Z,2025-01-08,2374910.091114,649310.2508618594,124251.023472,33978.01656864577,2250659.067642,615332.2342932137,0,0,0.621778,0.169881494025,0,0,0.0018015597523809523,0.00007541480476190476,0.052321576860801244,0,0,0,0
IAG,IAG,2025-01-09T00:00:00.000Z,2025-01-09,2393711.24675,620244.5508517288,122802.09288,31820.18225941666,2270909.15387,588424.3685923121,0,0,0.598534,0.15498212944,0,0,0.001766420942857143,0.00007249693333333333,0.051301965961026506,0,0,0,0
IAG,IAG,2025-01-10T00:00:00.000Z,2025-01-10,2392641.8221050003,627243.6237827528,130323.857042,34173.753975616906,2262317.965063,593069.8698071359,0,0,0.688639,0.180610460244,0,0,0.0018755715571428572,0.00008176465238095237,0.054469024737396544,94.03,24.36470439,4.31862,4.05640081542
IAG,IAG,2025-01-11T00:00:00.000Z,2025-01-11,2386046.905034,637943.2972281112,131340.84236,35116.35886196422,2254706.062674,602826.938366147,728.850908,194.736572152164,0.687393,0.183690123276,0.033335,0.008906545305,0.0018954449285714286,0.00008346941428571429,0.055045649409942624,0,0,0,0
IAG,IAG,2025-01-12T00:00:00.000Z,2025-01-12,2374476.0313999997,667728.4593669302,130925.020788,36817.56250523675,2243551.010612,630910.8968616935,0,0,0.670588,0.18865882560799999,0,0,0.001898645335,0.000083750795,0.055138504447244045,0,0,0,0
IAG,IAG,2025-01-13T00:00:00.000Z,2025-01-13,2374719.650576,625739.7609271307,130925.686708,34497.75108854815,2243793.963868,591242.0098385826,0,0,0.686562,0.180847639223,0,0,0.0018984633285714285,0.00008373489047619047,0.055133224078395035,0,0,0,0
IAG,IAG,2025-01-14T00:00:00.000Z,2025-01-14,2371650.5056919996,633884.3582493935,130926.372007,34993.42830379527,2240724.133685,598890.9299455982,0,0,0.702531,0.187963890574,0,0,0.001900928580952381,0.00008395222857142857,0.05520474947404304,0,0,0,0
IAG,IAG,2025-01-15T00:00:00.000Z,2025-01-15,2372118.569698,676864.6219199371,130927.05506099999,37358.87668977307,2241191.514637,639505.745230164,0,0,0.686562,0.195928416786,0,0,0.0019005631047619047,0.00008391996666666667,0.055194145789757745,0,0,0,0
IAG,IAG,2025-01-16T00:00:00.000Z,2025-01-16,2371943.88968,696698.632722495,130927.736619,38456.689398472976,2241016.153061,658241.943324022,806.433192,251.848279428408,0.702531,0.206530186019,0.052002,0.016240172598,0.0019007134857142857,0.00008393325714285714,0.05519850897161959,0,0,0,0
IAG,IAG,2025-01-17T00:00:00.000Z,2025-01-17,2372635.281815,746256.2753740216,130121.98465,40926.79056547043,2242513.297165,705329.4848085511,0,0,0.676987,0.212834242335,0,0,0.0018884537238095238,0.00008285448571428572,0.054842809447917036,0,0,0,0
IAG,IAG,2025-01-18T00:00:00.000Z,2025-01-18,2379368.6880860003,728451.1198986789,130122.653245,39838.26377839476,2249246.034841,688612.8561202841,0,0,0.675407,0.206664622211,0,0,0.0018831519952380953,0.0000823917761904762,0.05468898534310806,0,0,0,0
IAG,IAG,2025-01-19T00:00:00.000Z,2025-01-19,2393830.76688,699656.0580295221,129345.632543,37806.4968990912,2264485.134337,661849.5611304309,507.450573,148.066465442805,0.666763,0.195090139692,4.717469,1.376486692165,0.0018605363761904762,0.0000804251,0.05403281093323281,0,0,0,0
IAG,IAG,2025-01-20T00:00:00.000Z,2025-01-20,2390691.414792,674221.4412472867,128795.305278,36323.35494921878,2261896.109514,637898.0862980679,0,0,0.67826,0.19091465168,0,0,0.001855057061904762,0.00007995147142857143,0.05387383066222141,0,0,0,0
IAG,IAG,2025-01-21T00:00:00.000Z,2025-01-21,2386009.467558,643669.1709783783,128795.95755,34744.74605283843,2257213.510008,608924.4249255399,0,0,0.662845,0.178830231995,0,0,0.001858712276190476,0.00008026680476190476,0.05397988576964325,0,0,0,0
IAG,IAG,2025-01-22T00:00:00.000Z,2025-01-22,2384742.398634,643581.690119252,128796.59461,34759.045101683514,2255945.804024,608822.6450175685,0,0,0.632015,0.17060514254,0,0,0.001859702875,0.000080352045,0.05400862775541594,0,0,0,0
IAG,IAG,2025-01-23T00:00:00.000Z,2025-01-23,2380356.585367,625221.9613813239,131355.60955899997,34504.22310080584,2249000.975808,590717.738280518,0,0,0.710343,0.186785605749,0,0,0.0019003923904761905,0.00008397218571428572,0.05518915093466728,85.1,21.9842842,4.31,4.14802589
IAG,IAG,2025-01-24T00:00:00.000Z,2025-01-24,2363519.4723280002,639089.4041100169,136598.323187,36935.771410651985,2226921.149141,602153.6326993649,0,0,0.759878,0.205415512148,0,0,0.0019901916285714285,0.00009201763809523809,0.05779445696134012,0,0,0,0
IAG,IAG,2025-01-25T00:00:00.000Z,2025-01-25,2363663.080201,667167.5416003534,136599.073917,38556.45518663163,2227064.006284,628611.0864137218,0,0,0.777553,0.21947988678,0,0,0.001990081514285714,0.00009200745714285714,0.057791262664141335,0,0,0,0
IAG,IAG,2025-01-26T00:00:00.000Z,2025-01-26,2363663.8308470002,690621.0397873076,137171.253134,40085.27013294744,2226492.577713,650535.7696543601,0,0,0.782395,0.228788476397,0,0,0.0019984252523809524,0.00009278422380952381,0.05803331729299362,20,5.76428,2.155,2.13794964
IAG,IAG,2025-01-27T00:00:00.000Z,2025-01-27,2372380.663772,719783.5985363625,144586.31612099998,43930.19833758333,2227794.347651,675853.4001987792,0,0,0.843942,0.257149753893,0,0,0.0020985283714285716,0.00010242931904761904,0.06093714358656402,0,0,0,0
IAG,IAG,2025-01-28T00:00:00.000Z,2025-01-28,2398277.765291,817622.8855469247,157289.390144,53605.4626833476,2240988.375147,764017.422863577,0,0,0.987267,0.336539399646,0,0,0.0022587353714285715,0.00011862441428571429,0.06558400961863012,0,0,0,0
IAG,IAG,2025-01-29T00:00:00.000Z,2025-01-29,2380960.909049,785694.3853651802,150045.114108,49336.292820163035,2230915.794941,736358.0925450171,0,0,1.026733,0.337887324584,0,0,0.002169173095238095,0.00011339294285714287,0.062983834428957,0,0,0,0
IAG,IAG,2025-01-30T00:00:00.000Z,2025-01-30,2362028.2320299996,803327.2186985877,78333.807702,26641.374767980284,2283694.424328,776685.8439306074,0,0,0.488949,0.166272981363,0,0,0.001141533945,0.000030286065,0.03316378976328985,0,0,0,0
IAG,IAG,2025-01-31T00:00:00.000Z,2025-01-31,2362028.4714479996,798540.2955959865,78334.04712,26482.700970443526,2283694.424328,772057.594625543,0,0,0.524736,0.177344295627,0,0,0.001141537315,0.00003028625,0.03316388776295175,0,0,0,0
IAG,IAG,2025-02-01T00:00:00.000Z,2025-02-01,2357020.840197,829502.4697563461,78139.256926,27496.538602032986,2278881.583271,802005.9311543131,0,0,0.511969,0.18031153355,0,0,0.001141116815,0.000030264835,0.03315167779139335,0,0,0,0
IAG,IAG,2025-02-02T00:00:00.000Z,2025-02-02,2352013.6575519997,798473.9960064202,93799.332939,31516.742657632796,2258214.324613,766957.2533487874,0,0,0.68253,0.228487632435,0,0,0.0013729180545454546,0.00004525081818181818,0.039880436947619814,557.3,169.9676006,12.9731,10.36765632286
IAG,IAG,2025-02-03T00:00:00.000Z,2025-02-03,2342602.540449,658224.4669311722,196931.955021,55471.332959982385,2145670.585428,602753.1339711898,0,0,2.231726,0.629800457757,0,0,0.002896627119047619,0.0001966887142857143,0.08407783013072474,654,163.328196,6.49086,4.38144733548
IAG,IAG,2025-02-04T00:00:00.000Z,2025-02-04,2311938.609915,710802.6896865566,205666.965085,63244.37579994414,2106271.64483,647558.3138866124,0,0,2.448185,0.752248745157,0,0,0.0030651509047619047,0.00021815960952380951,0.08896315980949823,0,0,0,0
IAG,IAG,2025-02-05T00:00:00.000Z,2025-02-05,2278576.997394,809000.5404528267,218197.257748,77452.31675999204,2060379.739646,731548.2236928346,0,0,2.713034,0.9628776907,0,0,0.0032997407714285714,0.0002529534619047619,0.09576061500797277,150,54.97155,2.155,1.60558275
IAG,IAG,2025-02-06T00:00:00.000Z,2025-02-06,2276053.90715,789899.6624316926,235770.761723,81497.8701664361,2040283.145427,708401.7922652565,0,0,3.308723,1.14200420775,0,0,0.0035702790545454545,0.00029885645454545457,0.1035961040669603,550,178.53475,6.47362,4.61802129598
IAG,IAG,2025-02-07T00:00:00.000Z,2025-02-07,2283396.606985,737980.2840513624,287487.660158,92629.81539095772,1995908.946827,645350.4686604047,15001.746292,4873.737331852376,4.437426,1.42813602779,1.746292,0.567331852376,0.004340531423809524,0.0004431807,0.12589610391584838,1030,328.64322,10.775,7.7678268
IAG,IAG,2025-02-08T00:00:00.000Z,2025-02-08,2285639.566965,697688.3676010345,363777.99612599995,111043.5251000844,1921861.570839,586644.8425009501,0,0,6.808618,2.07536390794,0,0,0.00549029917,0.00069906356,0.1591584383513383,0,0,0,0
IAG,IAG,2025-02-09T00:00:00.000Z,2025-02-09,2274898.836669,722229.2232600161,366402.42174099997,116275.7542512477,1908496.414928,605953.4690087683,0,0,6.897393,2.188153819775,0,0,0.005556153152380953,0.0007161964571428571,0.16106202473914633,320,96.89636,6.465,4.33980796
IAG,IAG,2025-02-10T00:00:00.000Z,2025-02-10,2269181.137952,697203.6738282205,395789.27813,121611.06843540733,1873391.859822,575592.6053928131,0,0,7.792714,2.394473853618,0,0,0.006018868252380952,0.0008399997904761905,0.1744352116107545,0,0,0,0
IAG,IAG,2025-02-11T00:00:00.000Z,2025-02-11,2229700.9964139997,770310.6270615015,395795.844429,136728.3620786305,1833905.151985,633582.264982871,0,0,8.311489,2.866407405315,0,0,0.0061254051047619044,0.0008698866238095238,0.1775134314661256,0,0,0,0
IAG,IAG,2025-02-12T00:00:00.000Z,2025-02-12,2237711.429312,767942.3994528727,396754.800494,136172.1001425079,1840956.628818,631770.2993103648,0,0,8.109898,2.784335180631,0,0,0.006118150980952381,0.0008678649333333333,0.17730382658289895,100,35.9602,2.155,1.697952515
IAG,IAG,2025-02-13T00:00:00.000Z,2025-02-13,2242122.337648,766591.8651045158,405809.17521899997,138751.20911129387,1836313.162429,627840.6559932219,0,0,8.449529,2.887857893102,0,0,0.006245901228571428,0.0009043853857142857,0.18099454952017222,0,0,0,0
IAG,IAG,2025-02-14T00:00:00.000Z,2025-02-14,2256222.314811,775407.1075017448,405816.0992,139468.83946621607,1850406.215611,635938.2680355287,0,0,8.595725,2.952795225197,0,0,0.006206811328571428,0.0008931119714285714,0.17986529808469368,0,0,0,0
IAG,IAG,2025-02-15T00:00:00.000Z,2025-02-15,2256229.246195,762551.1165653416,405823.030584,137158.40166716155,1850406.215611,625392.71489818,0,0,8.400477,2.838752580956,0,0,0.006206898547619048,0.0008931370333333333,0.17986781762856788,0,0,0,0
IAG,IAG,2025-02-16T00:00:00.000Z,2025-02-16,2261437.555207,749161.6955713696,405829.88088199997,134443.39222915497,1855607.674325,614718.3033422147,0,0,8.383177,2.77691337748,0,0,0.006192673919047619,0.0008890557380952381,0.17945687569323593,0,0,0,0
IAG,IAG,2025-02-17T00:00:00.000Z,2025-02-17,2266675.536751,771129.758809548,403736.284963,137346.09230454557,1862939.251788,633783.6665050024,0,0,8.513405,2.895301111528,0,0,0.006146342214285714,0.0008758689285714285,0.17811830954067343,0,0,0,0
IAG,IAG,2025-02-18T00:00:00.000Z,2025-02-18,2272285.608242,742232.1001231051,395771.644996,129355.34771938942,1876513.963246,612876.7524037156,0,0,7.955331,2.600424387267,0,0,0.006010051,0.0008376504666666667,0.1741803733226099,0,0,0,0
IAG,IAG,2025-02-19T00:00:00.000Z,2025-02-19,2257439.415589,704903.182558829,389651.228998,121704.53924243223,1867788.186591,583198.6433163967,0,0,8.206692,2.563870174253,0,0,0.005963044859090909,0.0008255655636363636,0.17282151605082116,0,0,0,0
IAG,IAG,2025-02-20T00:00:00.000Z,2025-02-20,2018564.404474,663541.5301923478,389658.06681999995,128088.21454840954,1628906.337654,535453.3156439383,0,0,9.022726,2.965534206804,0,0,0.006662860466666667,0.0010289440333333332,0.1930372228672353,0,0,0,0
IAG,IAG,2025-02-21T00:00:00.000Z,2025-02-21,2034826.268201,663668.9422353526,389665.11787599995,127099.3796424004,1645161.150325,536569.5625929522,0,0,9.162968,2.988949503927,0,0,0.006609755736363636,0.0010126646272727272,0.19150370344853299,0,0,0,0
IAG,IAG,2025-02-22T00:00:00.000Z,2025-02-22,2043791.915952,659468.2014783153,380423.2072,122761.96667771318,1663368.708752,536706.2348006021,27201.132226,8700.2821424861,8.583129,2.77107970565,10.078253,3.22352922205,0.00642413759047619,0.0009578390952380952,0.18614226622001045,0,0,0,0
IAG,IAG,2025-02-23T00:00:00.000Z,2025-02-23,2047229.729734,653035.184360496,361931.348335,115450.60117915142,1685298.381399,537584.5831813446,0,0,7.801272,2.488187018118,0,0,0.006100392719047619,0.0008627945714285714,0.17679078370027038,0,0,0,0
IAG,IAG,2025-02-24T00:00:00.000Z,2025-02-24,2044617.986974,619770.2134351183,363088.63953,110009.47734757152,1681529.347444,509760.73608754674,0,0,7.672992,2.324551808026,0,0,0.006127723104761905,0.0008714600619047619,0.17757983165862362,880,248.19892,6.465,4.52256058
IAG,IAG,2025-02-25T00:00:00.000Z,2025-02-25,2043549.798397,536987.5225110685,543233.646794,142018.12657754222,1500316.151603,394969.39593352634,0,0,17.389593,4.526724655519,0,0,0.009186517854545455,0.0020009166545454544,0.26579007176484687,1900,483.7679,10.775,7.021255065
IAG,IAG,2025-02-26T00:00:00.000Z,2025-02-26,2009998.852446,527834.1598748602,642493.4194039999,168172.3570885944,1367505.433042,359661.80278626573,0,0,22.157054,5.785753429886,0,0,0.01110739660952381,0.0028805726285714285,0.3210788326235578,900,219.64069999999998,4.31,2.79019056
IAG,IAG,2025-02-27T00:00:00.000Z,2025-02-27,1777622.119618,439031.99397822155,719184.308548,177621.10826170596,1058437.81107,261410.88571651562,0,0,33.312164,8.231600906291,0,0,0.014015416859090909,0.004536304977272727,0.4045791331377203,0,0,0,0
IAG,IAG,2025-02-28T00:00:00.000Z,2025-02-28,1916443.7616539998,426927.8510880179,781593.463229,174184.2943913673,1134850.298425,252743.55669665063,0,0,33.681294,7.511160256708,0,0,0.014127995971428572,0.0046215751904761905,0.4077985649524276,1000,215.0091,4.31,2.578528615
IAG,IAG,2025-03-01T00:00:00.000Z,2025-03-01,1944531.423322,446266.5107384251,819244.20231,188013.069232096,1125287.221012,258253.44150632905,0,0,37.126089,8.519643698853,0,0,0.014599196066666667,0.0049206539,0.4213093862397338,0,0,0,0
IAG,IAG,2025-03-02T00:00:00.000Z,2025-03-02,1900754.706922,526359.95844087,692393.53104,181512.0245424043,1208361.175882,344847.9338984657,1026876.915347,366508.81988031574,31.904672,8.388696504517,237.395803,86.851008630361,0.012413209776190476,0.004001920719047619,0.3583386248776353,0,0,0,0
IAG,IAG,2025-03-03T00:00:00.000Z,2025-03-03,1708292.884355,564185.2801477493,34896.156605000004,11537.013651177524,1673396.72775,552648.2664965718,0,0,0.719572,0.23795548717,0,0,0.0007029832285714286,0.000011501157142857143,0.02042750223300277,0,0,0,0
IAG,IAG,2025-03-04T00:00:00.000Z,2025-03-04,1851058.7372360001,514515.1838258005,34515.070975,9575.657556690257,1816543.666261,504939.5262691102,0,0,0.698142,0.193131616917,0,0,0.0006431635409090909,0.000009639577272727272,0.01868979538729,0,0,0,0
IAG,IAG,2025-03-05T00:00:00.000Z,2025-03-05,1915594.1136669999,586876.628655083,34515.129606,10574.433159974064,1881078.984061,576302.195495109,0,0,0.627627,0.19228668173,0,0,0.0006200497333333333,0.000008937980952380952,0.018018348945368946,0,0,0,0
IAG,IAG,2025-03-06T00:00:00.000Z,2025-03-06,1901497.9764720001,552566.4462915513,34515.186523,10030.17555412664,1866982.789949,542536.2707374247,0,0,0.642576,0.186657690692,0,0,0.0006246369476190476,0.000009070542857142857,0.01815160964221193,0,0,0,0
IAG,IAG,2025-03-07T00:00:00.000Z,2025-03-07,1904984.250922,534274.1343590638,34515.245362,9680.186505426844,1870469.00556,524593.9478536369,0,0,0.657514,0.184407153502,0,0,0.0006234933863636363,0.000009037372727272727,0.01811838882410429,0,0,0,0
IAG,IAG,2025-03-08T00:00:00.000Z,2025-03-08,1909490.902859,510397.6749609719,34515.30324,9225.835327126431,1874975.599619,501171.8396338455,0,0,0.627627,0.167762784332,0,0,0.0006220230285714286,0.000008994799999999999,0.018075674517123913,0,0,0,0
IAG,IAG,2025-03-09T00:00:00.000Z,2025-03-09,1907959.566897,474869.76693057484,34515.362097,8589.384483879117,1873444.2048,466280.3824466957,0,0,0.672463,0.167574334675,0,0,0.000622528059090909,0.000009009445454545454,0.018090345392300658,0,0,0,0
IAG,IAG,2025-03-10T00:00:00.000Z,2025-03-10,1897159.17961,415986.1661408631,34515.420342,7568.401478998242,1862643.759268,408417.76466186484,0,0,0.627627,0.137623508165,0,0,0.0006260694333333333,0.0000091122,0.018193224144157895,0,0,0,0
IAG,IAG,2025-03-11T00:00:00.000Z,2025-03-11,1895826.117229,417885.767042939,34515.477066,7608.388132261408,1861310.640163,410277.3789106776,0,0,0.642576,0.141815882021,0,0,0.0006265116666666667,0.00000912505238095238,0.018206071161104037,0,0,0,0
IAG,IAG,2025-03-12T00:00:00.000Z,2025-03-12,1898732.2577779999,468915.1474724828,34515.536098,8524.033767328057,1864216.72168,460391.11370515474,0,0,0.657514,0.162381121903,0,0,0.0006255522863636364,0.0000090971,0.018178200721354894,0,0,0,0
IAG,IAG,2025-03-13T00:00:00.000Z,2025-03-13,1898732.315912,472377.836965201,34515.594232,8586.9931897702,1864216.72168,463790.8437754308,0,0,0.642576,0.159669291727,0,0,0.0006255533238095238,0.000009097190476190475,0.01817823078225502,0,0,0,0
IAG,IAG,2025-03-14T00:00:00.000Z,2025-03-14,1900504.679889,486013.64658785955,34515.651854,8826.375544152024,1865989.028035,477187.2710437075,0,0,0.627627,0.16049737418,0,0,0.0006249712142857143,0.000009080242857142858,0.018161320151483078,0,0,0,0
IAG,IAG,2025-03-15T00:00:00.000Z,2025-03-15,1902256.701605,511920.648984569,34515.70954,9288.601487689306,1867740.992065,502632.0474968797,0,0,0.642576,0.172910770692,0,0,0.0006243960619047619,0.000009063514285714287,0.018144611876303143,0,0,0,0
IAG,IAG,2025-03-16T00:00:00.000Z,2025-03-16,1903533.530491,490427.7199273782,34515.768161,8892.680106205098,1869017.76233,481535.03982117306,0,0,0.672463,0.173241168672,0,0,0.0006239782318181818,0.00000905140909090909,0.01813247366370604,0,0,0,0
IAG,IAG,2025-03-17T00:00:00.000Z,2025-03-17,1904553.684378,480606.12850850954,34515.826834,8709.94070132234,1870037.857544,471896.1878071872,0,0,0.627627,0.158379342264,0,0,0.0006236454428571428,0.000009041752380952381,0.01812280641204221,0,0,0,0
IAG,IAG,2025-03-18T00:00:00.000Z,2025-03-18,1908971.952294,461928.66957735806,34515.883815,8352.074597823315,1874456.068479,453576.59497953474,0,0,0.642576,0.155433929145,0,0,0.0006222020714285715,0.000009,0.018080875296881665,0,0,0,0
IAG,IAG,2025-03-19T00:00:00.000Z,2025-03-19,1914881.101978,474140.69062282605,34515.94259,8545.990595009654,1880365.159388,465594.7000278164,0,0,0.657514,0.1627974777,0,0,0.0006202865454545454,0.00000894469090909091,0.018025228974229028,0,0,0,0
IAG,IAG,2025-03-20T00:00:00.000Z,2025-03-20,1918972.0692029998,480892.66428510624,34516.000724,8649.678508330822,1884456.068479,472242.9857767754,0,0,0.642576,0.160977926912,0,0,0.0006189607428571429,0.000008906471428571428,0.01798671344847107,0,0,0,0
IAG,IAG,2025-03-21T00:00:00.000Z,2025-03-21,1918839.120413,482886.98687645956,34516.059692,8686.19084083684,1884323.060721,474200.7960356227,0,0,0.657514,0.165467671941,0,0,0.0006190047181818182,0.000008907736363636363,0.017987990797614678,0,0,0,0
IAG,IAG,2025-03-22T00:00:00.000Z,2025-03-22,1918240.643381,512853.51087924745,34516.11757,9228.097751850162,1883724.525811,503625.4131273973,0,0,0.627627,0.16779996376,0,0,0.0006191989285714286,0.0000089133,0.0179936327014547,0,0,0,0
IAG,IAG,2025-03-23T00:00:00.000Z,2025-03-23,1927518.277917,526377.3964022065,34516.174925,9425.34012438759,1893002.102992,516952.05627781886,0,0,0.637214,0.173956547498,0,0,0.0006162434333333333,0.000008828771428571429,0.017907773952805114,18.185,4.854649415,2.155,1.51618042
IAG,IAG,2025-03-24T00:00:00.000Z,2025-03-24,1875088.959577,522144.3103211163,35012.18855,9749.5450442684,1840076.771027,512394.7652768479,0,0,0.682941,0.190246794229,0,0,0.0006426231636363636,0.000009602881818181818,0.018674110000768157,0,0,0,0
IAG,IAG,2025-03-25T00:00:00.000Z,2025-03-25,1893459.801349,533872.5688128292,61944.926375,17467.227033831416,1831514.874974,516405.3417789978,0,0,1.205281,0.339894629708,0,0,0.001126798223809524,0.00002981495238095238,0.03273573862779989,38,10.68484,2.16362,1.58323326224
IAG,IAG,2025-03-26T00:00:00.000Z,2025-03-26,2023658.861246,569056.758429993,63316.54777,17804.037371101298,1960342.313476,551252.7210588916,0,0,1.259333,0.354153927301,0,0,0.0010769584545454545,0.000026957872727272726,0.03128875479703583,0,0,0,0
IAG,IAG,2025-03-27T00:00:00.000Z,2025-03-27,2085727.285451,568179.8041885728,63316.734264,17253.03817444009,2022410.551187,550926.7660141328,0,0,1.176987,0.320845416714,0,0,0.001047189176190476,0.00002554282380952381,0.030424289442953018,0,0,0,0
IAG,IAG,2025-03-28T00:00:00.000Z,2025-03-28,2220626.837855,573777.9341162675,63316.907077,16360.174903662066,2157309.930778,557417.7592126054,0,0,1.103336,0.285039493248,0,0,0.0009813728476190475,0.000022385566666666668,0.028513078378323207,0,0,0,0
IAG,IAG,2025-03-29T00:00:00.000Z,2025-03-29,2226009.03191,538312.0903065936,63317.076216,15313.144058545959,2162691.955694,522998.9462480476,0,0,1.096672,0.265492704596,0,0,0.0009790157904761905,0.000022278509523809523,0.028444628892978233,0,0,0,0
IAG,IAG,2025-03-30T00:00:00.000Z,2025-03-30,2241582.8810860002,525567.3929200802,63317.242769,14845.526378842686,2178265.638317,510721.8665412375,0,0,1.085442,0.254616817366,0,0,0.0009721989238095239,0.0000219691,0.028246665917860014,0,0,0,0
IAG,IAG,2025-03-31T00:00:00.000Z,2025-03-31,2224971.2296970002,482350.0222036937,63317.408373,13725.691392755574,2161653.821324,468624.3308109381,0,0,1.092939,0.2367660194,0,0,0.0009795397142857143,0.000022303795238095237,0.02845984304540197,0,0,0,0
IAG,IAG,2025-04-01T00:00:00.000Z,2025-04-01,2226458.304885,511107.9853024974,63317.576363,14535.34888324459,2163140.728522,496572.6364192528,0,0,0.168627,0.038701019457,0,0,0.0009788446714285714,0.00002227114761904762,0.028439659526380275,0,0,0,0
IAG,IAG,2025-04-02T00:00:00.000Z,2025-04-02,2274462.6364550004,515430.4137829113,63317.741834,14348.882817433954,2211144.894621,501081.53096547734,0,0,0.163336,0.037035825353,0,0,0.0009581528095238095,0.000021339185714285713,0.02783875972526154,0,0,0,0
IAG,IAG,2025-04-03T00:00:00.000Z,2025-04-03,2285150.119242,494477.9757609473,63317.905191,13701.204642219538,2221832.214051,480776.77111872775,0,0,0.163336,0.035319796336,0,0,0.0009536647285714286,0.000021139638095238095,0.027708422592487496,0,0,0,0
IAG,IAG,2025-04-04T00:00:00.000Z,2025-04-04,2285150.285642,504026.1463909885,63318.071591,13965.80524373573,2221832.214051,490060.34114725277,0,0,0.170933,0.037720030537,0,0,0.0009536671681818181,0.000021139745454545455,0.027708493392566935,0,0,0,0
IAG,IAG,2025-04-05T00:00:00.000Z,2025-04-05,2284774.980136,504675.35301671986,63318.238056,13986.088068704066,2221456.74208,490689.2649480158,0,0,0.159537,0.035239429006,0,0,0.0009538264619047619,0.00002114680476190476,0.027713119474881587,0,0,0,0
IAG,IAG,2025-04-06T00:00:00.000Z,2025-04-06,2283299.882686,475372.81467895024,64428.40442,13413.704995347956,2218871.478266,461959.1096836023,0,0,0.172665,0.035891842572,0,0,0.0009711853952380952,0.000021923333333333334,0.02821723283423742,11.1,2.417247,2.155,1.411514225
IAG,IAG,2025-04-07T00:00:00.000Z,2025-04-07,2195327.337754,385894.8041053219,64428.575933,11320.481284969865,2130898.761821,374574.322820352,0,0,0.174799,0.030739052482000002,0,0,0.001010654380952381,0.000023753114285714286,0.029363394884798794,0,0,0,0
IAG,IAG,2025-04-08T00:00:00.000Z,2025-04-08,2169321.153212,393954.40391077666,71248.81297099999,12909.219182997469,2098072.340241,381045.1847277792,0,0,0.220068,0.039732631007,0,0,0.0011301635476190475,0.00003020917142857143,0.03283331739881895,204.601556,38.866520780872,2.155,1.29236212
IAG,IAG,2025-04-09T00:00:00.000Z,2025-04-09,2172405.023985,371736.4889593903,84236.936558,14407.946456569194,2088168.087427,357328.54250282113,652.259064,110.76663424848,0.30538,0.052332121536,0.009346,0.00158713772,0.001334952380952381,0.00004141829523809524,0.03877922435019664,0,0,0,0
IAG,IAG,2025-04-10T00:00:00.000Z,2025-04-10,2201720.686915,402711.5799874783,80340.032758,14715.70703634097,2121380.654157,387995.87295113737,20476.522999,3619.553064441234,0.272338,0.04992463544,16.367359,2.893192580994,0.0012560939761904761,0.000037034466666666666,0.036489665545082664,0,0,0,0
IAG,IAG,2025-04-11T00:00:00.000Z,2025-04-11,2201731.373346,405609.13942718384,63777.135742,11749.203142440743,2137954.237604,393859.9362847431,0,0,0.17269,0.031801214986,0,0,0.0009969973428571428,0.000023103861904761906,0.02896681062643714,0,0,0,0
IAG,IAG,2025-04-12T00:00:00.000Z,2025-04-12,2203777.003931,420919.49123710464,63777.311782000004,12181.092813679295,2139999.692149,408738.39842342533,0,0,0.180722,0.034497619652,0,0,0.0009960754181818183,0.00002306119090909091,0.028940038375501225,0,0,0,0
IAG,IAG,2025-04-13T00:00:00.000Z,2025-04-13,2206731.7257390004,426118.7402890792,63777.488135,12315.399507585485,2142954.237604,413803.3407814937,0,0,0.17269,0.033341099122,0,0,0.000994742561904762,0.000022999514285714287,0.02890133285850178,0,0,0,0
IAG,IAG,2025-04-14T00:00:00.000Z,2025-04-14,2191038.415218,409216.2778123134,65682.423432,12259.73626212154,2125355.991786,396956.5415501919,0,0,0.182157,0.033980183169,0,0,0.0010319769238095239,0.0000248492,0.02998252520337626,100,18.4536,2.155,1.3785104
IAG,IAG,2025-04-15T00:00:00.000Z,2025-04-15,2183971.573707,395173.1492700609,73777.872387,13349.599933517515,2110193.70132,381823.54933654336,0,0,0.231515,0.041878003635,0,0,0.0011628096428571428,0.00003142520476190476,0.03378153164081874,0,0,0,0
IAG,IAG,2025-04-16T00:00:00.000Z,2025-04-16,2184781.3280680003,376374.568160146,73778.102938,12709.831039812709,2111003.22513,363664.7371203333,0,0,0.231515,0.039866992562,0,0,0.0011623815523809525,0.000031402061904761904,0.03376910173575491,0,0,0,0
IAG,IAG,2025-04-17T00:00:00.000Z,2025-04-17,2184781.564249,379116.9023107339,73778.339119,12802.476893365296,2111003.22513,366314.42541736865,0,0,0.242283,0.042048869615,0,0,0.0011623851363636365,0.00003140225909090909,0.033769206188201256,0,0,0,0
IAG,IAG,2025-04-18T00:00:00.000Z,2025-04-18,2181479.7145599998,385663.476803456,73778.575837,13043.321747144813,2107701.138723,372620.1550563112,0,0,0.226128,0.039977190656,0,0,0.0011641497476190476,0.000031497657142857145,0.03382044109010116,0,0,0,0
IAG,IAG,2025-04-19T00:00:00.000Z,2025-04-19,2181257.046276,403876.3614175292,73778.807158,13660.708467771508,2107478.239118,390215.65294975764,0,0,0.231515,0.042846448462,0,0,0.0011642718285714286,0.00003150425238095238,0.03382398570746099,0,0,0,0
IAG,IAG,2025-04-20T00:00:00.000Z,2025-04-20,2181257.279648,407338.57892289705,73779.04053,13777.856227126009,2107478.239118,393560.722695771,0,0,0.236902,0.044245354723,0,0,0.0011642753904761904,0.00003150444761904762,0.033824089078463064,0,0,0,0
IAG,IAG,2025-04-21T00:00:00.000Z,2025-04-21,2181257.510199,409576.28060846037,73779.271081,13853.586307674146,2107478.239118,395722.69430078624,0,0,0.231515,0.043445018937,0,0,0.0011642789142857143,0.000031504638095238095,0.033824191199791465,0,0,0,0
IAG,IAG,2025-04-22T00:00:00.000Z,2025-04-22,2181257.741519,410736.7535781654,73779.50240099999,13892.880854168363,2107478.239118,396843.872723997,0,0,0.231515,0.043640893256,0,0,0.001164282438095238,0.00003150482857142857,0.033824293661912266,0,0,0,0
IAG,IAG,2025-04-23T00:00:00.000Z,2025-04-23,2166781.788228,425994.5524348959,78308.250551,15396.535623921343,2088473.537677,410598.0168109746,0,0,0.255952,0.050323737742,0,0,0.0012450999666666666,0.000036280528571428575,0.03617055683506311,118.873412,24.041909830176,2.155,1.51929224
IAG,IAG,2025-04-24T00:00:00.000Z,2025-04-24,2105258.283042,413719.7439866453,85667.385205,16835.12631944559,2019590.897837,396884.6176671997,0,0,0.324113,0.063690895202,0,0,0.0014008481095238096,0.000045602761904761905,0.04069210219717589,0,0,0,0
IAG,IAG,2025-04-25T00:00:00.000Z,2025-04-25,2105258.606121,414345.26960010617,85667.708284,16860.64109425861,2019590.897837,397484.62850584753,0,0,0.324113,0.063778307149,0,0,0.001400853180952381,0.000045603085714285716,0.040692249415306386,0,0,0,0
IAG,IAG,2025-04-26T00:00:00.000Z,2025-04-26,2126265.003659,409318.8894013173,85668.04087,16495.314608157194,2040596.962789,392823.5747931601,0,0,0.336436,0.064840504337,0,0,0.0013871993636363636,0.00004472485909090909,0.040295901609823395,0,0,0,0
IAG,IAG,2025-04-27T00:00:00.000Z,2025-04-27,2167263.896493,411897.80802237336,85668.365377,16282.043755783367,2081595.531116,395615.76426659,0,0,0.316719,0.060216943605,0,0,0.0013607722571428572,0.000043032161904761906,0.0395287621693927,0,0,0,0
IAG,IAG,2025-04-28T00:00:00.000Z,2025-04-28,2156259.033734,406819.77259076503,85668.680285,16163.122164214874,2070590.353449,390656.6504265502,0,0,0.318709,0.060161432598,0,0,0.0013677651952380952,0.000043476633333333337,0.039731758647441086,0,0,0,0
IAG,IAG,2025-04-29T00:00:00.000Z,2025-04-29,2144689.6971710003,408360.25452229497,85668.996848,16311.829785665494,2059020.700323,392048.4247366295,0,0,0.312984,0.059593807944,0,0,0.001375100861904762,0.0000439424,0.039944704803216956,0,0,0,0
IAG,IAG,2025-04-30T00:00:00.000Z,2025-04-30,2147417.424939,387521.51295062853,85669.324733,15460.298781863372,2061748.100206,372061.2141687652,0,0,0.334824,0.060469698528,0,0,0.001373368159090909,0.00004383208181818182,0.0398944065131649,0,0,0,0
IAG,IAG,2025-05-01T00:00:00.000Z,2025-05-01,2159691.04535,388047.4251863948,85669.64567099999,15392.889578728353,2074021.399679,372654.5356076664,0,0,0.316739,0.056902720095999997,0,0,0.001365553161904762,0.000043334514285714284,0.039667546826157196,0,0,0,0
IAG,IAG,2025-05-02T00:00:00.000Z,2025-05-02,2160523.099465,393873.9937097972,85897.680995,15658.348880039177,2074625.41847,378215.64482975804,0,0,0.310546,0.056607589044,0,0,0.0013686595333333334,0.00004353437619047619,0.03975771989860558,23.91073,4.31232406623,2.155,1.489434715
IAG,IAG,2025-05-03T00:00:00.000Z,2025-05-03,2163554.354921,396157.7706374722,88061.359576,16124.588671057803,2075492.995345,380033.18196641444,0,0,0.333144,0.060978541851,0,0,0.001401196538095238,0.00004562549523809524,0.04070221626369411,0,0,0,0
IAG,IAG,2025-05-04T00:00:00.000Z,2025-05-04,2161831.8270650003,389699.80351985426,88061.695601,15874.365321147088,2073770.131464,373825.4381987072,0,0,0.348639,0.062832337587,0,0,0.001402317809090909,0.000045698477272727275,0.0407347644867061,0,0,0,0
IAG,IAG,2025-05-05T00:00:00.000Z,2025-05-05,2168725.426713,375513.88452656346,88062.03374,15247.928440951084,2080663.392973,360265.95608561236,0,0,0.325395,0.056342097765,0,0,0.0013978653142857143,0.00004540892380952381,0.04060551776756555,0,0,0,0
IAG,IAG,2025-05-06T00:00:00.000Z,2025-05-06,2170249.567463,370631.1905483041,88232.998143,15068.158809665632,2082016.56932,355563.03173863847,0,0,0.334659,0.057158214957,0,0,0.0013995938,0.00004552159047619048,0.04065569207188491,5.97216,1.00629701568,2.155,1.40593493
IAG,IAG,2025-05-07T00:00:00.000Z,2025-05-07,2170249.907428,382412.2387873613,88659.921051,15622.458235095784,2081589.986377,366789.7805522655,0,0,0.347094,0.061160234688,0,0,0.0014063703818181818,0.00004596288636363636,0.040852401719757875,0,0,0,0
IAG,IAG,2025-05-08T00:00:00.000Z,2025-05-08,2172986.543009,405151.31986469147,88237.74183500001,16450.482920931332,2084748.801174,388700.83694376017,467,85.749139,0.334112,0.062214998137,0.050925,0.009350695725,0.0013979190380952382,0.00004541291428571429,0.040607076868395355,0,0,0,0
IAG,IAG,2025-05-09T00:00:00.000Z,2025-05-09,2192247.8708490003,427375.01237324585,88193.545894,17193.155336753804,2104054.324955,410181.85703649203,0,0,0.30686,0.059396462712,0,0,0.0013849204214285715,0.00004457202857142857,0.040229751389224695,0,0,0,0
IAG,IAG,2025-05-10T00:00:00.000Z,2025-05-10,2163437.783101,394670.94102779066,98193.96352,17946.55550173274,2065243.819581,376724.3855260579,0,0,0.435276,0.07978218539,0,0,0.0015640240666666668,0.00005722325,0.04542812802218334,150,26.6184,2.155,1.687470595
IAG,IAG,2025-05-11T00:00:00.000Z,2025-05-11,2159239.596321,419032.40049336007,103194.409983,20026.402615713363,2056045.186338,399005.9978776467,0,0,0.407804,0.079061928443,0,0,0.00164546748,0.0000629122,0.04779201444750317,0,0,0,0
IAG,IAG,2025-05-12T00:00:00.000Z,2025-05-12,2189518.929806,464356.939391723,107194.866895,22733.015516328745,2082324.062911,441623.9238753943,0,0,0.517953,0.109824585115,0,0,0.0016851761833333334,0.00006610733333333333,0.04894429155309046,0,0,0,0
IAG,IAG,2025-05-13T00:00:00.000Z,2025-05-13,2254987.740162,459365.41683612997,115195.43318,23467.613558017947,2139792.306982,435897.803278112,0,0,0.582855,0.118763168969,0,0,0.0017600695333333334,0.00007202501666666668,0.05111763473967236,0,0,0,0
IAG,IAG,2025-05-14T00:00:00.000Z,2025-05-14,2159281.196343,418645.542866914,115195.986101,22337.03123326759,2044085.210242,396308.51163364644,0,0,0.521933,0.10119776821,0,0,0.00183720446,0.00007843022,0.05335583265455066,0,0,0,0
IAG,IAG,2025-05-15T00:00:00.000Z,2025-05-15,2137852.747854,389140.0419721709,160030.071832,28947.4749253051,1977822.676022,360192.56704686576,0,0,1.151077,0.207108573486,0,0,0.002581423283333333,0.00016150215,0.07493729471373788,730,131.53618,4.31,3.3250788
IAG,IAG,2025-05-16T00:00:00.000Z,2025-05-16,2131436.94301,383747.31757290673,188198.168733,33883.499470036746,1943238.774277,349863.81810286996,0,0,1.373066,0.247249221242,0,0,0.00304214246,0.00021488814,0.08829638115729455,0,0,0,0
IAG,IAG,2025-05-17T00:00:00.000Z,2025-05-17,2136728.9003210003,376743.28224649106,187779.454129,33111.561732668866,1948949.446192,343631.7205138222,0,0,1.662141,0.293104176013,0,0,0.003027878083333333,0.00021288943333333334,0.08788298527989363,0,0,0,0
IAG,IAG,2025-05-18T00:00:00.000Z,2025-05-18,2145969.7885249997,384700.8636491843,185679.85556,33285.96330096703,1960289.932965,351414.9003482173,0,0,1.627529,0.291618500736,0,0,0.0029810184333333334,0.00020634598333333333,0.08652493027527185,0,0,0,0
IAG,IAG,2025-05-19T00:00:00.000Z,2025-05-19,2181494.099186,394886.5493212336,185681.33139500002,33618.01199030223,1995812.767791,361268.53733093134,0,0,1.36538,0.247244722488,0,0,0.00293264126,0.00019972246,0.08512281267100515,0,0,0,0
IAG,IAG,2025-05-20T00:00:00.000Z,2025-05-20,2237602.145045,400017.11729443795,185682.766138,33194.53939255575,2051919.378907,366822.5779018822,0,0,1.569964,0.280634696429,0,0,0.002858812783333333,0.00018978616666666666,0.08298293230676644,0,0,0,0
IAG,IAG,2025-05-21T00:00:00.000Z,2025-05-21,2238636.137872,417402.6636916699,185684.305916,34621.582816145856,2052951.831956,382781.080875524,0,0,1.558317,0.290482721222,0,0,0.0028575138166666665,0.00018961383333333332,0.0829452820733839,0,0,0,0
IAG,IAG,2025-05-22T00:00:00.000Z,2025-05-22,2248073.606431,451489.2269540302,185685.715261,37291.59674298341,2062387.89117,414197.63021104684,0,0,1.287319,0.258517506409,0,0,0.00284553796,0.00018802994,0.08259814992541041,0,0,0,0
IAG,IAG,2025-05-23T00:00:00.000Z,2025-05-23,2266733.935819,464355.76754919754,185687.130653,38043.85675042264,2081046.805166,426311.9107987749,0,0,1.583364,0.324511295754,0,0,0.0028223779166666667,0.0001850015,0.0819268135107435,0,0,0,0
IAG,IAG,2025-05-24T00:00:00.000Z,2025-05-24,2318949.479181,461723.8303984216,185688.508991,36972.25358486094,2133260.97019,424751.5768135607,0,0,1.244417,0.247796600727,0,0,0.00275847428,0.00017670656,0.08007440956404821,0,0,0,0
IAG,IAG,2025-05-25T00:00:00.000Z,2025-05-25,2319050.843734,462042.27764383383,185689.873544,36996.415785442005,2133360.97019,425045.86185839184,0,0,1.506411,0.299844125729,0,0,0.00275837385,0.00017669368333333334,0.0800714973736767,0,0,0,0
IAG,IAG,2025-05-26T00:00:00.000Z,2025-05-26,2315244.686818,440859.31847068993,185691.359808,35358.58081462127,2129553.32701,405500.73765606864,0,0,1.506423,0.286862787455134,0,0,0.0027629368666666665,0.00017727838333333334,0.08020377321875127,0,0,0,0
IAG,IAG,2025-05-27T00:00:00.000Z,2025-05-27,2315246.055699,434926.38028100156,185692.728689,34882.973231526645,2129553.32701,400043.40704947495,0,0,1.277198,0.23988028235,0,0,0.00276295564,0.00017728078,0.08020431704504892,0,0,0,0
IAG,IAG,2025-05-28T00:00:00.000Z,2025-05-28,2315247.4224360003,429761.44184197386,185694.095426,34468.956647688276,2129553.32701,395292.4851942856,0,0,1.506447,0.27964487590441134,0,0,0.0027629743666666667,0.00017728318333333333,0.08020486001904212,0,0,0,0
IAG,IAG,2025-05-29T00:00:00.000Z,2025-05-29,2315248.9087340003,416601.8267665706,185695.58172400002,33413.735581848356,2129553.32701,383188.09118472226,0,0,1.506459,0.27100527160346993,0,0,0.00276299475,0.00017728578333333332,0.0802054504910522,0,0,0,0
IAG,IAG,2025-05-30T00:00:00.000Z,2025-05-30,2314230.2330070003,382192.56592566095,185696.942836,30667.57671530351,2128533.290171,351524.9892103574,0,0,1.247295,0.20604647398785142,0,0,0.00276423328,0.00017744466,0.08024135383226698,0,0,0,0
IAG,IAG,2025-05-31T00:00:00.000Z,2025-05-31,2312526.38838,367984.9716899575,185698.31981800002,29549.849307558627,2126828.068562,338435.12238239887,0,0,1.515135,0.24099955172371873,0,0,0.0027662934833333334,0.0001777091,0.08030107564962184,0,0,0,0
IAG,IAG,2025-06-01T00:00:00.000Z,2025-06-01,2311502.5692120004,378696.2162009048,185699.697699,30423.402875428394,2125802.871513,348272.8133254764,0,0,1.284586,0.2106301228423829,0,0,0.00276754046,0.0001778692,0.08033722314339618,0,0,0,0
IAG,IAG,2025-06-02T00:00:00.000Z,2025-06-02,2311503.937355,372601.76447475527,185701.065842,29933.993168822857,2125802.871513,342667.77130593243,0,0,1.515163,0.2442361592466577,0,0,0.0027675592333333333,0.00017787161666666667,0.08033776747729583,0,0,0,0
IAG,IAG,2025-06-03T00:00:00.000Z,2025-06-03,2311505.456644,384345.1178960687,190369.25179799998,31648.66667548891,2121136.204846,352696.4512205798,0,0,1.580089,0.2625277797322513,0,0,0.00283722855,0.00018698935,0.08235725800120791,70,11.74726,2.155,1.498110745
IAG,IAG,2025-06-04T00:00:00.000Z,2025-06-04,2306696.95571,369634.7561624234,192704.062126,30879.669775447303,2113992.893584,338755.0863869761,0,0,1.345663,0.2156409353609172,0,0,0.0028780789,0.00019235148,0.08354136867974174,0,0,0,0
IAG,IAG,2025-06-05T00:00:00.000Z,2025-06-05,2303491.7830209997,369564.3871155709,193205.54139,30994.82960190406,2110286.241631,338569.5575136668,0,0,1.639877,0.2632806767567693,0,0,0.002889591966666667,0.0001938944,0.08387507292062134,15,2.386604996911073,2.30154,1.52497048398
IAG,IAG,2025-06-06T00:00:00.000Z,2025-06-06,2298280.773048,383570.3094997048,219207.358359,36602.246525006274,2079073.414689,346968.06297469855,0,0,2.063493,0.3446330175988862,0,0,0.0032867501833333335,0.0002514798,0.0953839178589531,300,49.92803215799478,2.30154,1.473328011107688
IAG,IAG,2025-06-07T00:00:00.000Z,2025-06-07,2295426.376073,390773.6660260762,224209.373232,38169.43134190261,2071217.002841,352604.2346841736,0,0,1.883425,0.3206070804049219,0,0,0.00336586852,0.00026301316,0.09767656918514177,10.46029,1.7943581466,2.30154,1.52939404386
IAG,IAG,2025-06-08T00:00:00.000Z,2025-06-08,2292928.394882,395124.1309583844,226674.10064800002,39062.95234395244,2066254.294234,356061.178614432,0,0,2.261459,0.38981233415749966,0,0,0.0034066517666666665,0.0002694419,0.09885806436649468,42.5,7.306855,2.30154,1.54350018252
IAG,IAG,2025-06-09T00:00:00.000Z,2025-06-09,2292430.483415,397935.577352732,229509.525094,39839.8141235815,2062920.958321,358095.7632291505,0,0,1.92211,0.33357694061073917,0,0,0.00345008284,0.00027632746,0.1001162420209181,0,0,0,0
IAG,IAG,2025-06-10T00:00:00.000Z,2025-06-10,2201954.8477330003,394985.86787343724,229511.687194,41171.43674427351,1972443.160539,353814.4311291637,0,0,2.455104,0.44020769977338303,0,0,0.0035922355666666668,0.0002995549,0.10423390991712565,0,0,0,0
IAG,IAG,2025-06-11T00:00:00.000Z,2025-06-11,1965301.431042,350691.28215132887,229339.86346599998,40924.68343367787,1735961.567576,309766.598717651,0,0,2.670688,0.4764142830950098,0,0,0.004022547033333333,0.00037553181666666666,0.1166949940208969,0,0,0,0
IAG,IAG,2025-06-12T00:00:00.000Z,2025-06-12,1966971.0645130002,323667.20249640185,228470.580949,37595.077980455215,1738500.483564,286072.1245159466,0,0,2.230782,0.36682148754145083,0,0,0.00400384416,0.00037204844,0.11615350376557693,0,0,0,0
IAG,IAG,2025-06-13T00:00:00.000Z,2025-06-13,1971154.570697,298636.4139097388,238482.79541299999,36119.76543823509,1732671.775284,262516.64847150375,0,0,2.892473,0.4382013726964343,0,0,0.004170724783333334,0.0004043724,0.12098429841192618,200.194348,31.163453375768,2.30154,1.45776551598
IAG,IAG,2025-06-14T00:00:00.000Z,2025-06-14,1971996.859007,287452.2385688266,240711.46501699998,35101.85060668995,1731285.39399,252350.38796213665,3678.942265,521.089061356865,3.1689,0.46234522633679886,15.517856,2.197964641696,0.0042080848166666665,0.00041308001666666666,0.12206486465871647,0,0,0,0
IAG,IAG,2025-06-15T00:00:00.000Z,2025-06-15,1969369.3735480001,283395.9291523586,162290.444141,23353.704241590152,1807078.929407,260042.22491076845,47751.52124,6904.91772282524,1.572074,0.22632151524597727,0.303514,0.043888427914,0.00283860304,0.0001905448,0.08239499340171427,35,5.015826386597075,2.30154,1.437834092325021
IAG,IAG,2025-06-16T00:00:00.000Z,2025-06-16,2148103.3266519997,333062.38087789074,145539.142193,22534.62868493456,2002564.184459,310527.75219295616,0,0,1.412383,0.21824297207182763,0,0,0.0023373582833333332,0.00012712161666666668,0.0678641545284545,0,0,0,0
IAG,IAG,2025-06-17T00:00:00.000Z,2025-06-17,2169007.828859,330498.5304385364,150623.650507,22939.50446366007,2018384.178352,307559.02597487636,0,0,1.20993,0.1841686692815528,0,0,0.00239181856,0.00013298774,0.06944357140583783,108.06,16.509750331919385,9.20616,5.746323009853746
IAG,IAG,2025-06-18T00:00:00.000Z,2025-06-18,2169342.389587,345456.61598411,156710.56044899998,24959.50213059221,2012631.829138,320497.1138535178,33819.034584,5445.574767750264,1.559741,0.24823065012774947,0.691257,0.111306893397,0.002488210933333333,0.0001438076,0.07223879776763474,315,54.42533563548179,13.80924,8.272540299
IAG,IAG,2025-06-19T00:00:00.000Z,2025-06-19,2168675.2152150003,350506.23440707586,175221.564882,28268.982407617925,1993453.650333,322237.25199945795,0,0,1.838233,0.29598110476822276,0,0,0.0027835201333333334,0.0001812648,0.08079960924344941,332.784622,55.057245577604,6.90462,4.13338631988
IAG,IAG,2025-06-20T00:00:00.000Z,2025-06-20,2168010.141935,339837.04922801885,187021.162658,29316.079945277153,1980988.979277,310520.9692827417,0,0,1.758131,0.2757934469266098,0,0,0.00297201434,0.00020510254,0.08626397040497873,5,0.8008960125422766,2.30154,1.386383255014715
IAG,IAG,2025-06-21T00:00:00.000Z,2025-06-21,2168011.936922,325311.94952708634,186830.642765,28034.087864221277,1981181.294157,297277.86166286503,0,0,2.130903,0.32007768914995804,0,0,0.00296897975,0.00020468388333333334,0.0861760212585183,0,0,0,0
IAG,IAG,2025-06-22T00:00:00.000Z,2025-06-22,2049922.195301,268062.0905581403,186832.27791,24362.319562884735,1863089.917391,243699.77099525556,0,0,2.254379,0.2934612498513056,0,0,0.00315190875,0.00023151395,0.09147674317131133,0,0,0,0
IAG,IAG,2025-06-23T00:00:00.000Z,2025-06-23,1886517.978143,240607.08783984062,207083.93349999998,26460.965852376605,1679434.044643,214146.12198746402,0,0,2.346609,0.3006168082420047,0,0,0.00378344902,0.00033439656,0.1097704509548016,370.831774,46.396273637989275,4.60308,2.487845065623774
IAG,IAG,2025-06-24T00:00:00.000Z,2025-06-24,1906226.899475,278466.4817820717,223919.563632,32709.505047547696,1682307.335843,245756.97673452398,0,0,3.348662,0.48913265912171905,0,0,0.0040500871,0.0003807630166666667,0.11749227731160392,0,0,0,0
IAG,IAG,2025-06-25T00:00:00.000Z,2025-06-25,1919285.0809689998,277655.6788832777,223921.961579,32393.14055491194,1695363.11939,245262.53832836577,0,0,2.730101,0.3948952407522136,0,0,0.00402185468,0.00037541722,0.11667494001237692,0,0,0,0
IAG,IAG,2025-06-26T00:00:00.000Z,2025-06-26,1932906.7012979998,276247.6115710511,223924.363762,32008.53039615111,1708982.337536,244239.0811749,0,0,3.304225,0.472519616947,0,0,0.003993704916666667,0.0003702047833333333,0.11585992204359427,0,0,0,0
IAG,IAG,2025-06-27T00:00:00.000Z,2025-06-27,1940672.664471,257009.59479144856,231396.522949,30604.68143344057,1709276.141522,226404.913358008,0,0,3.397868,0.44953425551117937,0,0,0.0041118583333333335,0.00039346095,0.11927995011688833,226.586406,29.244314308452317,4.60308,2.5478162877
IAG,IAG,2025-06-28T00:00:00.000Z,2025-06-28,1900499.8292800002,248559.20343259422,246088.39448800002,32184.973932977296,1654411.434792,216374.22949961692,0,0,3.369692,0.4406651858662946,0,0,0.00446444842,0.00046246738,0.1294861439586628,0,0,0,0
IAG,IAG,2025-06-29T00:00:00.000Z,2025-06-29,1901563.236674,247468.16056130308,246091.32767600002,32026.52543531911,1655471.908998,215441.63512598397,0,0,3.971665,0.5171560278623936,0,0,0.00446200645,0.00046196286666666666,0.129415474706899,0,0,0,0
IAG,IAG,2025-06-30T00:00:00.000Z,2025-06-30,1906868.804975,238443.2678351716,246094.52495000002,30772.74198702401,1660774.280025,207670.5258481476,0,0,3.957626,0.49492619479337224,0,0,0.00444961505,0.0004594027333333333,0.12905687287310005,0,0,0,0
IAG,IAG,2025-07-01T00:00:00.000Z,2025-07-01,1899691.3579459998,225612.70144532714,246097.443207,29225.672434240467,1653593.914739,196387.02901108668,0,0,3.276432,0.38910569549073687,0,0,0.00446653344,0.0004629006,0.12954648229293184,0,0,0,0
IAG,IAG,2025-07-02T00:00:00.000Z,2025-07-02,1892833.2060460001,223967.82172844946,246100.351992,29135.88836267628,1646732.854054,194831.93336577318,0,0,3.927724,0.4645889493822346,0,0,0.004489956266666667,0.0004685594333333333,0.13022381757085402,0,0,0,0
IAG,IAG,2025-07-03T00:00:00.000Z,2025-07-03,1728813.200872,213416.8929447144,246103.42604400002,30380.596857430173,1482709.774828,183036.29608728422,0,0,3.701802,0.45671963601842025,0,0,0.00490919892,0.00055907604,0.14235408122920007,0,0,0,0
IAG,IAG,2025-07-04T00:00:00.000Z,2025-07-04,1729511.108966,207468.8437836449,246106.650671,29523.038071453328,1483404.458295,177945.80571219156,0,0,4.366283,0.5237135141573774,0,0,0.00490727905,0.0005586395333333333,0.14229854653576696,0,0,0,0
IAG,IAG,2025-07-05T00:00:00.000Z,2025-07-05,1734999.7006589998,201694.6576730646,247610.181675,28784.27079370167,1487389.518984,172910.38687936292,0,0,4.391442,0.5103116638649777,0,0,0.004921802316666666,0.0005619738833333334,0.1427186346926169,30,3.44991,2.30154,1.32448103304
IAG,IAG,2025-07-06T00:00:00.000Z,2025-07-06,1727007.1492229998,197768.53782676367,251113.468368,28760.130435032956,1475893.680855,169008.40739173073,0,0,3.728313,0.4269755483316811,0,0,0.00501463672,0.00058337362,0.14540383774439267,50,5.854035047396289,2.30154,1.351623733086831
IAG,IAG,2025-07-07T00:00:00.000Z,2025-07-07,1727263.477937,201586.83857797904,254116.88399600002,29657.81074350574,1473146.593941,171929.0278344733,0,0,4.639539,0.541660520070056,0,0,0.005074010016666667,0.0005971952166666667,0.1471211047461587,0,0,0,0
IAG,IAG,2025-07-08T00:00:00.000Z,2025-07-08,1728531.788772,196506.12159487663,254120.62940200002,28889.409088250773,1474411.15937,167616.71250662586,0,0,4.625151,0.525612848656,0,0,0.0050703519,0.00059633545,0.14701530573617866,0,0,0,0
IAG,IAG,2025-07-09T00:00:00.000Z,2025-07-09,1705171.647654,201101.2310990878,242090.304244,28548.504987521083,1463081.34341,172552.7261115667,30084.249244,3661.517793985957,3.680966,0.43386524096576673,20.424768,2.485873948971827,0.00489470666,0.00055709598,0.1419340488403102,0,0,0,0
IAG,IAG,2025-07-10T00:00:00.000Z,2025-07-10,1611189.184954,193227.5673105505,220490.826014,26420.486698575005,1390698.35894,166807.0806119755,28264.823205,3609.221190607872,3.881235,0.46458760288030415,10.534936,1.3486991797843124,0.004718943683333333,0.0005167961000000001,0.13685003289012124,0,0,0,0
IAG,IAG,2025-07-11T00:00:00.000Z,2025-07-11,1617044.756996,233060.42157815167,168192.103619,24004.453037520907,1448852.653377,209055.96854063077,34327.340854,4909.468090019657,2.202056,0.31290748124314505,0.191599,0.02641570035516467,0.00358551408,0.00030392052,0.10403580318481007,0,0,0,0
IAG,IAG,2025-07-12T00:00:00.000Z,2025-07-12,1615412.949038,232290.50091559507,143541.531009,20641.303925389733,1471871.418029,211649.19699020532,0,0,1.988563,0.2861035365614959,0,0,0.0030614456,0.00021769543333333334,0.08885574202364717,0,0,0,0
IAG,IAG,2025-07-13T00:00:00.000Z,2025-07-13,1542800.831041,230686.67683675047,142290.848891,21265.278682444627,1400509.98215,209421.39815430585,0,0,2.035999,0.3042105185587834,0,0,0.0031814693333333333,0.0002352797,0.0923336749958345,0,0,0,0
IAG,IAG,2025-07-14T00:00:00.000Z,2025-07-14,1586820.614134,249934.72280861292,142292.046359,22415.31177163076,1444528.567775,227519.41103698217,0,0,1.695498,0.26724961498479766,0,0,0.00308966586,0.0002216552,0.08967359088427644,0,0,0,0
IAG,IAG,2025-07-15T00:00:00.000Z,2025-07-15,1593646.9884529999,232286.46732683587,142293.211192,20740.343331069605,1451353.777261,211546.12399576628,0,0,1.97711,0.28790009516538445,0,0,0.0030763525833333335,0.00021974458333333334,0.08928778595415078,0,0,0,0
IAG,IAG,2025-07-16T00:00:00.000Z,2025-07-16,1680515.2649669999,250092.6582563429,143200.54008399998,21275.761554059067,1537314.724883,228816.89670228382,0,0,1.998928,0.29708169677509666,0,0,0.002968519266666667,0.00020648061666666667,0.08616151436928465,10.872562,1.596417546545007,2.30154,1.705821559176011
IAG,IAG,2025-07-17T00:00:00.000Z,2025-07-17,2136250.690055,337809.8232162283,143224.68402800002,22640.74722024778,1993026.006027,315169.07599598053,0,0,1.238644,0.19588760109652562,0,0,0.00230924764,0.00012387252,0.06704904838690598,29.14,4.764826138147047,4.60308,3.622298830816864
IAG,IAG,2025-07-18T00:00:00.000Z,2025-07-18,2151341.249878,368651.78828935325,142506.234279,24426.001970218505,2008835.015599,344225.78631913476,5000,882.555,1.47519,0.2530101312191926,1.898256,0.335063064816,0.00228139155,0.00012093255,0.06624115001290826,0,0,0,0
IAG,IAG,2025-07-19T00:00:00.000Z,2025-07-19,2149391.770083,359454.1049132792,140840.419511,23553.576124121675,2008551.350572,335900.5287891575,0,0,1.221435,0.2041940134609656,0,0,0.0022567363,0.00011830084,0.06552610191588881,0,0,0,0
IAG,IAG,2025-07-20T00:00:00.000Z,2025-07-20,2138886.505833,367502.5967799416,140841.26521399998,24199.288217991132,1998045.240619,343303.30856195046,0,0,1.450804,0.24923785730036904,0,0,0.00226783295,0.0001194657,0.0658479376208292,0,0,0,0
IAG,IAG,2025-07-21T00:00:00.000Z,2025-07-21,2177165.702152,376774.69264575536,140842.186175,24373.786807335884,2036323.515977,352400.9058384195,0,0,1.433609,0.24811201135797367,0,0,0.00222792985,0.00011530091666666667,0.06469061405649308,0,0,0,0
IAG,IAG,2025-07-22T00:00:00.000Z,2025-07-22,2177166.538207,378066.54199465783,140843.022228,24457.49225564243,2036323.515979,353609.0497390154,0,0,1.181739,0.20507419520174638,0,0,0.00222794222,0.0001153022,0.06469097322429491,0,0,0,0
IAG,IAG,2025-07-23T00:00:00.000Z,2025-07-23,2181143.273868,361748.9037337613,140843.864079,23361.65821592846,2040299.409789,338387.2455178328,0,0,1.428992,0.23717984605371806,0,0,0.0022239038666666665,0.00011488558333333333,0.06457384413220923,0,0,0,0
IAG,IAG,2025-07-24T00:00:00.000Z,2025-07-24,2191958.435794,338033.0451041994,140844.776254,21720.152924625938,2051113.65954,316312.8921795734,0,0,1.420403,0.2190794957702922,0,0,0.00221292175,0.00011375376666666667,0.06425531679955618,0,0,0,0
IAG,IAG,2025-07-25T00:00:00.000Z,2025-07-25,2188689.794891,326956.9823577547,140845.609022,21039.97496243518,2047844.185869,305917.0073953195,0,0,1.20426,0.17981566628137474,0,0,0.00221624314,0.00011409526,0.06435165192049744,0,0,0,0
IAG,IAG,2025-07-26T00:00:00.000Z,2025-07-26,2187573.913914,336756.0649275325,140846.439165,21681.84526319805,2046727.474749,315074.21966433444,0,0,1.420415,0.21873396279609103,0,0,0.002217385016666667,0.00011421265,0.06438477111822832,0,0,0,0
IAG,IAG,2025-07-27T00:00:00.000Z,2025-07-27,2186354.350182,346434.78187629016,140847.269313,22317.743138513462,2045507.080869,324117.0387377767,0,0,1.173395,0.185976091617684,0,0,0.00221863696,0.00011434164,0.06442108294162177,0,0,0,0
IAG,IAG,2025-07-28T00:00:00.000Z,2025-07-28,2232317.323127,354428.22079739295,140848.097354,22362.731320800067,2091469.225773,332065.48947659286,0,0,1.395289,0.2215911459874393,0,0,0.0021729187333333335,0.00010968033333333333,0.0630950323764907,0,0,0,0
IAG,IAG,2025-07-29T00:00:00.000Z,2025-07-29,2233380.72495,336031.559020621,140848.988193,21192.051039489044,2092531.736757,314839.50798113196,0,0,1.390006,0.20916377217368337,0,0,0.00217189645,0.0001095772,0.06306538062201343,0,0,0,0
IAG,IAG,2025-07-30T00:00:00.000Z,2025-07-30,2236766.115071,324275.8503727048,140849.80314,20420.173889689137,2095916.311931,303855.67648301565,0,0,1.178498,0.17090670008293868,0,0,0.00216862692,0.00010924814,0.06297054627772831,0,0,0,0
IAG,IAG,2025-07-31T00:00:00.000Z,2025-07-31,2245868.7633550004,331302.20800796914,140850.611787,20777.758687495523,2105018.151568,310524.4493204736,0,0,1.379882,0.20356148926512163,0,0,0.00215983135,0.0001083638,0.06271542401974295,0,0,0,0
IAG,IAG,2025-08-01T00:00:00.000Z,2025-08-01,2244758.688623,311936.03317522927,140943.15990300002,19585.15156246007,2103815.52872,292350.8816127692,0,0,0.882865,0.12260840018373852,0,0,0.00216232445,0.0001086144,0.06278773775912001,5.5,0.757163039314491,2.30154,1.669806315721606
IAG,IAG,2025-08-02T00:00:00.000Z,2025-08-02,2246037.403892,300611.0420888003,140369.45586400002,18789.657979328247,2105667.948028,281821.38410947204,0,0,0.732856,0.09806562197662595,0,0,0.00215229936,0.00010761616,0.06249694675016409,0,0,0,0
IAG,IAG,2025-08-03T00:00:00.000Z,2025-08-03,2249747.6617550002,303133.5238099597,138438.868269,18653.448224901604,2111308.793486,284480.0755850581,0,0,0.870445,0.1172499575849219,0,0,0.0021191489333333333,0.00010432223333333334,0.06153537031203272,0,0,0,0
IAG,IAG,2025-08-04T00:00:00.000Z,2025-08-04,2242402.70458,306850.77070991375,138439.721051,18944.2670628179,2103962.983529,287906.5036470959,0,0,0.871584,0.11923365020688316,0,0,0.0021261176666666666,0.00010500946666666666,0.06173751212026522,0,0,0,0
IAG,IAG,2025-08-05T00:00:00.000Z,2025-08-05,2242964.223641,298879.31960425526,138620.50471,18471.27547650487,2104343.718931,280408.0441277504,0,0,0.739918,0.09854086791288576,0,0,0.00212835108,0.00010522962,0.06180229617915744,9,1.170127805422703,2.30154,1.67541268257572
IAG,IAG,2025-08-06T00:00:00.000Z,2025-08-06,2260407.5688610002,292957.16721709457,139341.289675,18059.051887860154,2121066.279186,274898.1153292344,0,0,0.877135,0.11369005901226922,0,0,0.0021229084,0.00010469255,0.0616444209731697,0,0,0,0
IAG,IAG,2025-08-07T00:00:00.000Z,2025-08-07,2265843.047765,294460.6562966071,138442.064357,17991.016201922317,2127400.983408,276469.6400946848,0,0,0.720179,0.09358900294065724,0,0,0.00210412974,0.00010284954,0.06109970415512757,0,0,0,0
IAG,IAG,2025-08-08T00:00:00.000Z,2025-08-08,2272489.5294399997,301120.27551135013,138442.840374,18344.638028219208,2134046.689066,282775.6374831309,0,0,0.867324,0.1149803827473586,0,0,0.00209803135,0.00010225698333333333,0.06092280275752394,0,0,0,0
IAG,IAG,2025-08-09T00:00:00.000Z,2025-08-09,2249244.370814,297554.92217640835,139110.35465700002,18401.7849260623,2110134.016157,279153.1372503461,0,0,0.880077,0.11638732709889907,0,0,0.0021299759166666667,0.0001053996,0.0618494224857456,20,2.610049886222114,2.30154,1.860909998290796
IAG,IAG,2025-08-10T00:00:00.000Z,2025-08-10,2243005.510816,300718.55290013604,138923.096235,18624.89613622972,2104082.414581,282093.6567639063,0,0,0.741721,0.09934972377376948,0,0,0.0021329656,0.00010570516,0.06193613677223107,0,0,0,0
IAG,IAG,2025-08-11T00:00:00.000Z,2025-08-11,2261503.034408,302104.6369279787,136879.35147700002,18286.073387804558,2124623.682931,283818.56354017416,0,0,0.874406,0.11697159454474766,0,0,0.0020844015666666668,0.00010093305,0.060527432540515264,4.751332,0.6458075633323275,2.30154,1.837299563428712
IAG,IAG,2025-08-12T00:00:00.000Z,2025-08-12,2287811.326214,286796.2422832154,137274.41303999998,17209.4440781654,2150536.913174,269586.79820505,0,0,0.891157,0.1117210172373606,0,0,0.00206632075,0.00009918911666666667,0.06000293869611033,24.7,3.2278519802575247,4.60308,3.802492841158551
IAG,IAG,2025-08-13T00:00:00.000Z,2025-08-13,2288724.629083,311234.9242614736,137588.503141,18710.13553168036,2151136.125942,292524.7887297932,0,0,0.733001,0.09968151926477962,0,0,0.0020702112,0.0000995619,0.060115796104525825,0,0,0,0
IAG,IAG,2025-08-14T00:00:00.000Z,2025-08-14,2270485.808279,342167.1202329594,137589.265964,20732.929117129068,2132896.542315,321434.1911158303,0,0,0.891893,0.13427897015727447,0,0,0.0020869436166666665,0.00010118051666666666,0.060601171231775455,0,0,0,0
IAG,IAG,2025-08-15T00:00:00.000Z,2025-08-15,2266296.5544640003,335891.9429733706,140347.884246,20803.474541421125,2125948.670218,315088.4684319495,3105.414191,469.3307037281741,0.767374,0.11375722383643933,7.431568,1.123155503491991,0.00213270018,0.00010567278,0.06192844247127159,0,0,0,0
IAG,IAG,2025-08-16T00:00:00.000Z,2025-08-16,2271883.67008,337253.96882684965,138015.408344,20488.05901676334,2133868.261736,316765.9098100863,0,0,0.92028,0.13656749571563725,0,0,0.0020920518333333335,0.00010167268333333333,0.06074935240328444,21,3.139581005297147,2.30154,2.11879878594132
IAG,IAG,2025-08-17T00:00:00.000Z,2025-08-17,2286071.357452,386755.60204188194,137532.915595,23253.61190695811,2148538.441857,363501.99013492384,7187.062917,1198.9943795359156,0.897171,0.1520127858404789,4.513269,0.7820242925651597,0.00207184425,0.00009974915,0.060163148883796154,7,1.041199425945679,2.30154,2.096377390935304
IAG,IAG,2025-08-18T00:00:00.000Z,2025-08-18,2289151.511248,376597.0727782763,133016.976127,21883.130919093426,2156134.535121,354713.94185918284,0,0,0.688319,0.1131969795391459,0,0,0.00200098382,0.0000930178,0.05810754573193648,0,0,0,0
IAG,IAG,2025-08-19T00:00:00.000Z,2025-08-19,2288576.3154410003,359016.7972444804,133017.683962,20866.666086838104,2155558.631479,338150.1311576423,0,0,0.833238,0.13079293569951875,0,0,0.0020014985666666667,0.00009306568333333334,0.05812247784567639,0,0,0,0
IAG,IAG,2025-08-20T00:00:00.000Z,2025-08-20,2285697.568201,345836.8980919564,133018.45493200002,20126.324363492426,2152679.113269,325710.57372846396,0,0,0.833238,0.12604228154568525,0,0,0.0020040328833333333,0.00009330134999999999,0.05819599967309673,0,0,0,0
IAG,IAG,2025-08-21T00:00:00.000Z,2025-08-21,2285696.313801,349951.93791089655,127060.04385,19475.156861582887,2158636.269951,330476.78104931366,14897.767142,2284.74330599121,0.647546,0.09932646400730626,24.377185,3.738520659961281,0.00191418562,0.00008540754,0.05558920313105394,0,0,0,0
IAG,IAG,2025-08-22T00:00:00.000Z,2025-08-22,2284601.463105,344634.2931901425,118121.96559200001,17819.335252083518,2166479.497513,326814.95793805894,0,0,0.66391,0.10007528367482454,0,0,0.0017802607,0.00007363668333333333,0.05170355601895945,0,0,0,0
IAG,IAG,2025-08-23T00:00:00.000Z,2025-08-23,2276898.328816,355251.54480702995,118122.528055,18430.13872662232,2158775.800761,336821.4060804076,0,0,0.565844,0.08828041203068672,0,0,0.00178629936,0.00007413691999999999,0.05187877763817592,0,0,0,0
IAG,IAG,2025-08-24T00:00:00.000Z,2025-08-24,2276400.2218919997,351928.15031462075,118123.091588,18261.657155880945,2158277.130304,333666.4931587398,0,0,0.669838,0.10353177404824375,0,0,0.0017866964666666666,0.00007416978333333334,0.05189030050684714,0,0,0,0
IAG,IAG,2025-08-25T00:00:00.000Z,2025-08-25,2277802.831606,324801.98449963983,117456.999993,16753.554957992477,2160345.831613,308048.4295416474,0,0,0.669838,0.09549079938225746,0,0,0.0017755292666666667,0.00007325863333333334,0.05156625546820049,0,0,0,0
IAG,IAG,2025-08-26T00:00:00.000Z,2025-08-26,2279554.046838,325882.4787949745,124812.12344600001,17867.308154146478,2154741.923392,308015.17064082803,0,0,0.649719,0.0930392006392049,0,0,0.00188538212,0.00008279016,0.05475356261959163,153.70722,21.35093033064892,4.60308,3.870924445356228
IAG,IAG,2025-08-27T00:00:00.000Z,2025-08-27,2278414.800045,349105.89115903876,129495.470382,19841.703910382246,2148919.329663,329264.1872486565,0,0,0.837155,0.12827292221417397,0,0,0.0019571464666666666,0.00008898875,0.05683577475858383,0,0,0,0
IAG,IAG,2025-08-28T00:00:00.000Z,2025-08-28,2278415.475544,353609.77641418634,129496.145881,20097.784394010047,2148919.329663,333511.9920201763,0,0,0.679653,0.10549919061719637,0,0,0.0019571561,0.00008898962,0.05683605438558941,0,0,0,0
IAG,IAG,2025-08-29T00:00:00.000Z,2025-08-29,2290105.743735,331615.17642234993,129496.823093,18754.127370796105,2160608.920642,312861.0490515538,0,0,0.818414,0.11853497908524029,0,0,0.0019472610166666666,0.00008809681666666667,0.056548976958699836,0,0,0,0
IAG,IAG,2025-08-30T00:00:00.000Z,2025-08-30,2306089.773448,324754.78420905734,127830.26927,18002.24154884609,2178259.504178,306752.5426602113,0,0,0.803701,0.1131580135529328,0,0,0.0019087484166666667,0.00008467281666666667,0.05543161049796051,0,0,0,0
IAG,IAG,2025-08-31T00:00:00.000Z,2025-08-31,2306091.307837,323284.217643159,124496.336992,17452.778540568146,2181594.970845,305831.43910259084,0,0,0.641288,0.08987397915284699,0,0,0.00185891838,0.00008028426000000001,0.053985866287645554,0,0,0,0
IAG,IAG,2025-09-01T00:00:00.000Z,2025-09-01,2306091.922038,318721.462784035,124496.951193,17206.534217791723,2181594.970845,301514.92856624327,0,0,0.7763,0.107307167341298,0,0,0.0018589270833333333,0.000080285,0.05398611824746612,0,0,0,0
IAG,IAG,2025-09-02T00:00:00.000Z,2025-09-02,2306092.542748,321081.2394480669,125945.571903,17537.452843240782,2180146.970845,303543.7866048261,0,0,0.671452,0.09350224610438468,0,0,0.00188057702,0.0000821678,0.05461427481007194,18.1,2.4585611781147545,4.60308,3.747797798026716
IAG,IAG,2025-09-03T00:00:00.000Z,2025-09-03,2306093.1801589997,332174.8884458288,126974.875981,18290.13644191948,2179118.304178,313884.7520039093,0,0,0.806561,0.11617144619122616,0,0,0.0018959602666666667,0.00008351531666666667,0.05506060077654509,10,1.431384034823871,2.30154,1.917780567701274
IAG,IAG,2025-09-04T00:00:00.000Z,2025-09-04,2288105.5849260003,331087.3414112123,128677.454855,18603.394483259683,2159428.130071,312483.9469279526,4845.601531,613.5521560994255,0.832856,0.12062603360169055,0.03966,0.004935646737418432,0.00193688005,0.00008717833333333333,0.05624779046460651,70.2,9.928714592678897,9.20616,7.536624863476274
IAG,IAG,2025-09-05T00:00:00.000Z,2025-09-05,2279600.628317,314196.386401591,128599.549262,17724.305043013457,2151001.079055,296472.08135857753,0,0,0.696452,0.09594804510458578,0,0,0.00194258662,0.00008767054,0.05641336428680719,0,0,0,0
IAG,IAG,2025-09-06T00:00:00.000Z,2025-09-06,2270992.56604,311860.15705933346,128600.214644,17658.242884612137,2142392.351396,294201.91417472134,0,0,0.844192,0.11599469046169018,0,0,0.0019499933,0.00008834121666666666,0.05662824717471856,0,0,0,0
IAG,IAG,2025-09-07T00:00:00.000Z,2025-09-07,2256659.7441869997,306000.03325086297,128600.95182100001,17438.26552583316,2128058.792366,288561.7677250298,0,0,0.869709,0.11791568413281348,0,0,0.00196237465,0.00008946483333333332,0.05698745303167839,0,0,0,0
IAG,IAG,2025-09-08T00:00:00.000Z,2025-09-08,2245093.429293,313876.5320435515,128601.623168,17979.122885986402,2116491.806125,295897.4091575651,0,0,0.703173,0.09828658524383112,0,0,0.00197252108,0.00009039266,0.05728181511657616,0,0,0,0
IAG,IAG,2025-09-09T00:00:00.000Z,2025-09-09,2237651.6332750004,324222.1154563476,128602.299924,18633.161979787583,2109049.333351,305588.95347656,5048.946155,747.295838307671,0.866323,0.1256459393417332,0,0,0.0019791365,0.00009100145,0.057473735323632695,101.02,15.78469427552175,2.30154,2.034221928807598
IAG,IAG,2025-09-10T00:00:00.000Z,2025-09-10,2255896.5927270004,332313.2680903068,125528.57745,18478.24715121685,2130368.015277,313835.02093908994,0,0,0.726988,0.1070202864092726,0,0,0.00191609526,0.00008550120000000001,0.055644654782486515,0,0,0,0
IAG,IAG,2025-09-11T00:00:00.000Z,2025-09-11,2258008.3783400003,348057.42153555696,113231.56595,17454.091241385893,2144776.81239,330603.33029417106,0,0,0.77357,0.11930013401870133,0,0,0.0017266078666666666,0.00006926695,0.050146676226976925,0,0,0,0
IAG,IAG,2025-09-12T00:00:00.000Z,2025-09-12,2259061.1208389997,346230.26440881845,113232.133691,17354.28540515623,2145828.987148,328875.97900366224,0,0,0.773578,0.11853865196802145,0,0,0.0017258104666666666,0.00006920296666666667,0.05012353700679664,0,0,0,0
IAG,IAG,2025-09-13T00:00:00.000Z,2025-09-13,2255802.196917,355337.69879327394,114683.404391,18064.900885121737,2141118.792526,337272.7979081522,0,0,0.665975,0.10488289526332144,0,0,0.00175050706,0.00007121628,0.05084017307247763,36.268674,5.751158781353505,2.30154,2.181578367192659
IAG,IAG,2025-09-14T00:00:00.000Z,2025-09-14,2248800.189462,344966.09005742514,116860.074017,17926.34229120643,2131940.115445,327039.74776621873,0,0,0.820826,0.12585036783728945,0,0,0.0017892887833333333,0.00007438505,0.05196552124310546,0,0,0,0
IAG,IAG,2025-09-15T00:00:00.000Z,2025-09-15,2248800.796899,330465.3125342176,116860.681454,17172.886429028338,2131940.115445,313292.42610518925,0,0,0.820832,0.12054448538761332,0,0,0.0017892976166666668,0.00007438578333333333,0.05196577732214387,0,0,0,0
IAG,IAG,2025-09-16T00:00:00.000Z,2025-09-16,2248801.352839,325667.17710645095,116861.23739400001,16923.624230002144,2131940.115445,308743.5528764488,0,0,0.678087,0.0982453190566289,0,0,0.00178930568,0.00007438646,0.0519660116917218,0,0,0,0
IAG,IAG,2025-09-17T00:00:00.000Z,2025-09-17,2249301.914944,323776.28932721494,116861.799499,16821.699028937568,2132440.115445,306954.5902982774,0,0,0.820846,0.11808845865882181,0,0,0.0017889157666666666,0.00007435406666666667,0.05195469702055581,0,0,0,0
IAG,IAG,2025-09-18T00:00:00.000Z,2025-09-18,2250753.832392,336404.9208923599,116862.40694500001,17466.57420332256,2133891.425447,318938.34668903734,0,0,0.82085,0.12273200962254757,0,0,0.0017877715166666668,0.00007425908333333334,0.05192149570468477,0,0,0,0
IAG,IAG,2025-09-19T00:00:00.000Z,2025-09-19,2251337.921732,322538.03740608384,116862.96465400001,16742.37807573831,2134474.957078,305795.6593303455,0,0,0.695943,0.09973024819969077,0,0,0.00178731434,0.00007422106,0.05190822911369387,0,0,0,0
IAG,IAG,2025-09-20T00:00:00.000Z,2025-09-20,2250602.7181880004,321040.10425819294,116863.520605,16670.136285617125,2133739.197583,304369.9679725758,0,0,0.820858,0.11707062850457761,0,0,0.0017879073333333334,0.00007427028333333334,0.051925435766132115,0,0,0,0
IAG,IAG,2025-09-21T00:00:00.000Z,2025-09-21,2250235.394393,318860.43855270406,116864.076558,16559.74778795737,2133371.317835,302300.6907647467,0,0,0.678099,0.0960827371603113,0,0,0.00178820786,0.00007429526,0.05193415624382964,0,0,0,0
IAG,IAG,2025-09-22T00:00:00.000Z,2025-09-22,2219328.400559,293177.4304360821,116864.63696300001,15431.18467202323,2102463.763596,277746.2457640589,0,0,0.831756,0.10975916875279655,0,0,0.0018133516,0.00007640706666666667,0.05266372857542911,0,0,0,0
IAG,IAG,2025-09-23T00:00:00.000Z,2025-09-23,2243254.641359,271880.6224110088,116865.25293500001,14167.227313151081,2126389.388424,257713.39509785772,0,0,0.828126,0.10038991432238688,0,0,0.0017939623833333332,0.00007478078333333334,0.05210112809783534,0,0,0,0
IAG,IAG,2025-09-24T00:00:00.000Z,2025-09-24,2289676.69786,270838.0150952647,146865.89488799998,17391.277165159056,2142810.802972,253446.73793010565,0,0,0.940345,0.11154623194619515,0,0,0.00220910454,0.00011651468,0.0641426333032077,500,58.46981090133924,1.15077,0.9383431310359134
IAG,IAG,2025-09-25T00:00:00.000Z,2025-09-25,2288814.8255660003,263711.4344381926,166866.962757,19225.051189797312,2121947.862809,244486.3832483953,0,0,1.511197,0.1742365168908738,0,0,0.0025112304166666666,0.00014646935,0.07290627787371833,0,0,0,0
IAG,IAG,2025-09-26T00:00:00.000Z,2025-09-26,2275681.258566,254766.86461687228,166868.184419,18681.014352557537,2108813.074147,236085.85026431474,0,0,1.528885,0.17114601918850972,0,0,0.002525734316666667,0.00014816353333333332,0.07332682626565193,0,0,0,0
IAG,IAG,2025-09-27T00:00:00.000Z,2025-09-27,2280001.0201649996,262062.831773548,166869.307125,19179.92304700996,2113131.71304,242882.90872653804,0,0,1.289356,0.14825014693459462,0,0,0.00252095538,0.00014760346,0.07318825985125654,0,0,0,0
IAG,IAG,2025-09-28T00:00:00.000Z,2025-09-28,2280002.137172,271238.20488392864,166870.424132,19851.576181397013,2113131.71304,251386.62870253163,0,0,1.520788,0.1809583433201024,0,0,0.0025209710333333334,0.00014760533333333333,0.0731887139099195,0,0,0,0
IAG,IAG,2025-09-29T00:00:00.000Z,2025-09-29,2280003.2541859997,283773.85274665087,166871.541146,20769.17200274067,2113131.71304,263004.6807439102,0,0,1.256317,0.15632676505196538,0,0,0.0025209867,0.00014760716,0.07318916797148493,50,6.123141334419424,1.15077,0.9231591525461653
IAG,IAG,2025-09-30T00:00:00.000Z,2025-09-30,2280004.412263,270705.81640843116,171872.699223,20406.51213890758,2108131.71304,250299.3042695236,0,0,1.597845,0.18973603993861807,0,0,0.0025966376333333334,0.00015659308333333333,0.0753826169365447,0,0,0,0
IAG,IAG,2025-10-01T00:00:00.000Z,2025-10-01,2280005.7188399998,266512.83311257587,172374.00579999998,20148.4586494425,2107631.71304,246364.37446313337,0,0,1.60981,0.1881525666082109,0,0,0.0026042198333333334,0.00015751495,0.0756024444407562,30,3.496870774821311,1.15077,0.9703018950044846
IAG,IAG,2025-10-02T00:00:00.000Z,2025-10-02,2280006.935944,273265.66667155805,174875.222904,20959.319800950052,2105131.71304,252306.346870608,0,0,1.406391,0.16860372815740096,0,0,0.00264205642,0.00016211534,0.07669942584264088,0,0,0,0
IAG,IAG,2025-10-03T00:00:00.000Z,2025-10-03,2272870.383301,277206.7954626075,174876.45449899998,21328.58406879423,2097993.928802,255878.2113938133,0,0,1.662282,0.20275328764853298,0,0,0.0026504043666666665,0.00016314216666666668,0.07694144642586843,0,0,0,0
IAG,IAG,2025-10-04T00:00:00.000Z,2025-10-04,2280165.253517,274257.25325949327,166199.370888,19993.767641982813,2113965.882629,254263.48561751045,0,0,1.657111,0.1992676113666939,0,0,0.0025109918833333333,0.00014846315,0.07289809965013756,0,0,0,0
IAG,IAG,2025-10-05T00:00:00.000Z,2025-10-05,2284801.2996989996,281861.00925854646,122808.126539,15149.991701613902,2161993.17316,266711.0175569326,0,0,0.960052,0.11843172647518188,0,0,0.00185079012,0.00007958402,0.05375002728995071,0,0,0,0
IAG,IAG,2025-10-06T00:00:00.000Z,2025-10-06,2284401.906445,283480.8609332287,122808.73337,15239.843234094715,2161593.173075,268241.01769913395,0,0,1.162176,0.14420385479146222,0,0,0.0018511230833333334,0.00007961263333333334,0.05375968783033807,0,0,0,0
IAG,IAG,2025-10-07T00:00:00.000Z,2025-10-07,2284402.5674,295271.7174918493,122809.394325,15873.795840203657,2161593.173075,279397.9216516457,0,0,1.162176,0.1502538122864904,0,0,0.0018511325333333334,0.00007961343333333334,0.05375996160976389,0,0,0,0
IAG,IAG,2025-10-08T00:00:00.000Z,2025-10-08,2284403.1732779997,297100.45082584803,122810.000203,15972.183796924011,2161593.173075,281128.267028924,0,0,0.960062,0.12479456905230202,0,0,0.00185114116,0.00007961419999999999,0.05376021257524526,0,0,0,0
IAG,IAG,2025-10-09T00:00:00.000Z,2025-10-09,2284403.77916,295998.6130993669,122810.606085,15913.02228474523,2161593.173075,280085.59081462165,0,0,1.162185,0.15065346642915073,0,0,0.0018511498166666667,0.00007961493333333334,0.05376046354210825,0,0,0,0
IAG,IAG,2025-10-10T00:00:00.000Z,2025-10-10,2284404.421488,283946.88111000584,126211.12041300001,15667.248082119346,2158193.301075,268279.6330278865,0,0,1.002183,0.12444046499804562,0,0,0.00190245992,0.0000843316,0.0552490263111612,175,21.41751393365723,3.45231,2.7509380462015582
IAG,IAG,2025-10-11T00:00:00.000Z,2025-10-11,2143423.590659,215079.5811735143,139811.94118899998,14026.397913774092,2003611.64947,201053.1832597402,0,0,1.342578,0.13518099638626108,0,0,0.00224923725,0.00011765995,0.06530851577830223,0,0,0,0
IAG,IAG,2025-10-12T00:00:00.000Z,2025-10-12,2068803.920094,213665.018813424,123103.202089,12688.105175096478,1945700.718005,200976.9136383275,13500,1338.1893403207068,1.37206,0.1413227547812237,6.228607,0.6273854249858695,0.0020491480833333335,0.00009794003333333334,0.05950453517151633,0,0,0,0
IAG,IAG,2025-10-13T00:00:00.000Z,2025-10-13,2069496.342672,241736.95434969422,117888.028623,13770.326213062415,1951608.314049,227966.6281366318,0,0,1.256415,0.1468063512034911,0,0,0.0019615888666666666,0.00008939345,0.056964656065721625,4.8,0.5585753378329642,1.15077,0.8249385454034532
IAG,IAG,2025-10-14T00:00:00.000Z,2025-10-14,2072949.442773,238024.1698588083,117728.64032,13518.063256147207,1955220.802453,224506.1066026611,0,0,1.030261,0.11817954891407972,0,0,0.00195566582,0.00008885422,0.056792817948657176,0,0,0,0
IAG,IAG,2025-10-15T00:00:00.000Z,2025-10-15,2072950.0591640002,238725.85984712496,117729.256711,13557.980923416493,1955220.802453,225167.87892370846,0,0,1.247174,0.1436016925407349,0,0,0.00195567545,0.0000888551,0.05679309841097669,0,0,0,0
IAG,IAG,2025-10-16T00:00:00.000Z,2025-10-16,2093947.879604,226632.66000627298,127929.952514,13826.821241440583,1966017.92709,212805.8387648324,0,0,1.375215,0.14856723110721817,0,0,0.0021032618666666668,0.00010334265,0.061074168404832305,204,22.70129988302645,1.15077,0.7811748741566029
IAG,IAG,2025-10-17T00:00:00.000Z,2025-10-17,2065939.991106,204792.42794358503,137130.75755100002,13591.188144568647,1928809.233555,191201.2397990164,5000,482.8948436106022,1.352167,0.13406853134554447,0.439833,0.0424786175499564,0.00228616546,0.00012142606,0.06637961252775028,0,0,0,0
IAG,IAG,2025-10-18T00:00:00.000Z,2025-10-18,2056859.5301609999,213831.60219693134,132965.06078200002,13820.343587345582,1923894.469379,200011.25860958576,500.021752,55.53629743112466,1.533679,0.15954265505151974,0.021752,0.002415945980129727,0.0022263919166666665,0.00011514561666666666,0.06464600615837549,0,0,0,0
IAG,IAG,2025-10-19T00:00:00.000Z,2025-10-19,2041551.438456,219076.84973232265,132632.335533,14233.630118334986,1908919.102923,204843.21961398766,0,0,1.264385,0.13568220024351713,0,0,0.00223753748,0.000116302,0.06496926840868204,0,0,0,0
IAG,IAG,2025-10-20T00:00:00.000Z,2025-10-20,2038445.8665,223445.1148474425,132633.124867,14538.60895096901,1905812.741633,208906.5058964735,0,0,1.532871,0.1680156695626397,0,0,0.0022408674333333333,0.00011664325,0.06506585264931347,0,0,0,0
IAG,IAG,2025-10-21T00:00:00.000Z,2025-10-21,2030645.1211330001,216257.37051776462,132633.988729,14125.03168331379,1898011.132404,202132.33883445084,0,0,1.543752,0.16451857645005244,0,0,0.0022495003,0.0001175432,0.06531623563479443,0,0,0,0
IAG,IAG,2025-10-22T00:00:00.000Z,2025-10-22,2030860.056592,208850.89064799406,134234.787752,13802.026323381073,1896625.26884,195048.86432461298,0,0,1.325624,0.13633209230367632,0,0,0.00227643294,0.000120398,0.06609734423729265,40,4.078787352383592,1.15077,0.7345457051089268
IAG,IAG,2025-10-23T00:00:00.000Z,2025-10-23,1944621.456195,194450.38019813507,136635.626713,13661.417560373317,1807985.829482,180788.96263776175,0,0,1.61413,0.16136012160076801,0,0,0.002449109583333333,0.00014131503333333334,0.07110373683722872,0,0,0,0
IAG,IAG,2025-10-24T00:00:00.000Z,2025-10-24,1514887.469093,156606.00364115258,136636.726449,14126.444673118947,1378250.742644,142479.55896803364,0,0,2.165277,0.22384987836805068,0,0,0.003107857516666667,0.00022427688333333332,0.09020075770969035,0,0,0,0
IAG,IAG,2025-10-25T00:00:00.000Z,2025-10-25,1507538.6511050002,157672.8804865218,136637.860981,14291.079520071418,1370900.790124,143381.8009664504,0,0,1.802849,0.18860051720477622,0,0,0.00312290846,0.00022644196,0.09063691436848732,0,0,0,0
IAG,IAG,2025-10-26T00:00:00.000Z,2025-10-26,1514429.277404,160399.98597322172,136638.994493,14471.529473365707,1377790.282911,145928.45649985602,0,0,2.170842,0.22985989099554707,0,0,0.00310869345,0.00022438606666666668,0.09022498951576045,0,0,0,0
IAG,IAG,2025-10-27T00:00:00.000Z,2025-10-27,1555313.144706,170262.44580995213,136640.125738,14957.6813094059,1418673.018968,155304.76450054624,0,0,1.837244,0.2011318457507317,0,0,0.00303368718,0.00021414214,0.0880510641316901,0,0,0,0
IAG,IAG,2025-10-28T00:00:00.000Z,2025-10-28,1676371.670104,183610.66177898867,136641.181503,14962.438746198668,1539730.488601,168648.22303279,0,0,1.923777,0.21061062603570035,0,0,0.002813449416666667,0.00018419908333333333,0.0816677764310572,0,0,0,0
IAG,IAG,2025-10-29T00:00:00.000Z,2025-10-29,1521562.7750940002,167767.66332031862,136642.354796,15066.196730977963,1384920.420298,152701.46658934065,0,0,2.161516,0.23844269204534083,0,0,0.0030941731,0.00022229645,0.08980420956701886,0,0,0,0
IAG,IAG,2025-10-30T00:00:00.000Z,2025-10-30,1527192.863709,162528.7387217545,154643.566047,16420.953555828342,1372549.297662,146107.78516592615,0,0,2.085929,0.2210886888578274,0,0,0.00348943518,0.00028518558,0.10125462793987057,300,32.59093250466029,1.15077,0.7346036373974014
IAG,IAG,2025-10-31T00:00:00.000Z,2025-10-31,1527907.3504050002,162019.17727472418,156444.019091,16578.148832057992,1371463.331314,145441.0284426662,0,0,2.829857,0.29982964800714274,0,0,0.0035286395166666666,0.00029027208333333335,0.10239106307210352,0,0,0,0
IAG,IAG,2025-11-01T00:00:00.000Z,2025-11-01,1529149.5101100001,168331.98222375347,146244.35079599998,16098.801782179267,1382905.159314,152233.1804415742,0,0,2.586829,0.2847074488331978,0,0,0.0032954993333333335,0.00025213983333333335,0.09563783021087312,0,0,0,0
IAG,IAG,2025-11-02T00:00:00.000Z,2025-11-02,1527841.3339079998,171791.82765810748,143047.790136,16063.895114420046,1384793.543772,155727.93254368744,31571.25307,3565.398084870586,2.200699,0.24736873451936475,13.271463,1.498770057010944,0.0032261807,0.00024330712,0.09362835582681146,51.94,5.846426448661228,1.15077,0.7071555680089648
IAG,IAG,2025-11-03T00:00:00.000Z,2025-11-03,1531981.936527,181037.46782148062,107574.598155,12755.872748475676,1424407.338372,168281.59507300495,0,0,1.767685,0.20956759651661758,0,0,0.0024190319,0.00013685441666666667,0.07023220770352678,0,0,0,0
IAG,IAG,2025-11-04T00:00:00.000Z,2025-11-04,1486996.37396,144001.3359434842,99428.944406,9641.240632407596,1387567.429554,134360.0953110766,0,0,1.359977,0.13095688366565236,0,0,0.00230305692,0.00012335468,0.06686941708107473,4.67,0.3943452657841242,1.15077,0.5844396516028326
IAG,IAG,2025-11-05T00:00:00.000Z,2025-11-05,1493795.5206050002,143987.4624605585,88272.73069,8508.639253789568,1405522.789915,135478.82320676895,0,0,1.456946,0.14028118323659583,0,0,0.00203495035,0.00009620091666666667,0.05909291430581099,0,0,0,0
IAG,IAG,2025-11-06T00:00:00.000Z,2025-11-06,1504546.628017,149005.6387580593,88273.252321,8742.309410402593,1416273.375696,140263.32934765672,0,0,1.439344,0.14256080330990134,0,0,0.0020204064,0.00009483141666666666,0.0586709980780172,0,0,0,0
IAG,IAG,2025-11-07T00:00:00.000Z,2025-11-07,1505819.868477,153741.09233236552,88273.729513,9012.05951285789,1417546.138964,144729.0328195076,0,0,1.220334,0.12467370237087629,0,0,0.002018713,0.00009467286,0.05862187293947991,0,0,0,0
IAG,IAG,2025-11-08T00:00:00.000Z,2025-11-08,1559138.979028,175693.87760538043,88274.197786,9947.34391228319,1470864.781242,165746.53369309724,0,0,1.389979,0.15671723819337074,0,0,0.0019496179,0.00008830588333333333,0.056617357579660216,0,0,0,0
IAG,IAG,2025-11-09T00:00:00.000Z,2025-11-09,1530341.443739,182562.39936691817,88274.701403,10535.489030650007,1442066.742336,172026.91033626816,0,0,1.403682,0.16757331059179023,0,0,0.0019867386833333335,0.00009171651666666667,0.05769427256860307,0,0,0,0
IAG,IAG,2025-11-10T00:00:00.000Z,2025-11-10,1522251.7393129999,196842.05895901553,88275.172297,11414.652622818223,1433976.567016,185427.4063361973,0,0,1.178047,0.1522033404425496,0,0,0.0019970008,0.00009265144,0.057991993886197205,0,0,0,0
IAG,IAG,2025-11-11T00:00:00.000Z,2025-11-11,1546800.947824,197941.18214432956,88275.638042,11295.24896116588,1458525.309782,186645.9331831637,0,0,1.396368,0.17888450505713868,0,0,0.0019652315,0.00008972595,0.057070334131013756,0,0,0,0
IAG,IAG,2025-11-12T00:00:00.000Z,2025-11-12,1560895.57256,191335.12423891106,88276.100015,10819.80870237211,1472619.472545,180515.31553653895,0,0,1.174882,0.14392504205986253,0,0,0.00194757992,0.00008812678,0.05655822796219171,0,0,0,0
IAG,IAG,2025-11-13T00:00:00.000Z,2025-11-13,1566243.599069,186231.8831547888,88276.55384000001,10495.855946466545,1477967.045229,175736.02720832228,0,0,1.371918,0.16292464806022242,0,0,0.0019408174333333333,0.00008751086666666666,0.0563620366651744,0,0,0,0
IAG,IAG,2025-11-14T00:00:00.000Z,2025-11-14,1551461.9485999998,168322.3891948596,93277.067866,10104.726512609359,1458184.880734,158217.66268225023,0,0,1.478067,0.16012101698441888,0,0,0.0020704433333333335,0.00009986896666666666,0.060122352310444514,100,10.64822691472581,1.15077,0.587463098954688
IAG,IAG,2025-11-15T00:00:00.000Z,2025-11-15,1552882.318295,162288.73600692896,98277.626495,10270.805288884789,1454604.6918,152017.93071804417,0,0,1.334438,0.13943114161728834,0,0,0.00217954512,0.0001103499,0.06328723389839132,0,0,0,0
IAG,IAG,2025-11-16T00:00:00.000Z,2025-11-16,1582756.378936,170270.11576063433,98278.198839,10577.077339422534,1484478.180097,159693.0384212118,0,0,1.598066,0.172150028267281,0,0,0.002139123566666667,0.00010633335,0.062114746894242505,0,0,0,0
IAG,IAG,2025-11-17T00:00:00.000Z,2025-11-17,1632948.079317,166705.9854403986,97811.762742,9983.750789889473,1535136.316575,156722.2346505091,0,0,1.517658,0.1549812110554868,0,0,0.002062828216666667,0.00009885796666666667,0.05990162276131206,0,0,0,0
IAG,IAG,2025-11-18T00:00:00.000Z,2025-11-18,1662620.583804,167501.7793106472,97812.302651,9831.644864166545,1564808.281153,157670.13444648066,0,0,1.300094,0.13070171808921335,0,0,0.0020296811,0.0000958712,0.058939950704595914,0,0,0,0
IAG,IAG,2025-11-19T00:00:00.000Z,2025-11-19,1812442.908609,200794.67588864104,98562.805725,10918.110477984588,1713880.102884,189876.56541065645,0,0,1.373781,0.15202465122321746,0,0,0.0018725497,0.00008148953333333333,0.05438135558558905,45,4.691327769347547,1.15077,0.5069564685949616
IAG,IAG,2025-11-20T00:00:00.000Z,2025-11-20,1746994.2705050001,206909.9669884224,88847.84372300001,10523.029923825705,1658146.426782,196386.9370645967,0,0,1.336014,0.15795846731197685,0,0,0.0017512434666666667,0.00007126028333333334,0.05086155159725285,0,0,0,0
IAG,IAG,2025-11-21T00:00:00.000Z,2025-11-21,1601140.27225,173226.1086239326,82181.36092499999,8890.823652593455,1518958.911325,164335.28497133916,0,0,1.180911,0.1278986275060246,0,0,0.0017674631,0.00007258994,0.051332201274484485,0,0,0,0
IAG,IAG,2025-11-22T00:00:00.000Z,2025-11-22,1586010.954297,162750.14778586198,82181.715963,8433.909221914473,1503829.238334,154316.2385639475,0,0,1.107885,0.1136596030687895,0,0,0.00178431186,0.00007397838,0.0518211028102122,0,0,0,0
IAG,IAG,2025-11-23T00:00:00.000Z,2025-11-23,1578719.761816,169086.31289431136,82182.106453,8802.585932177632,1496537.655363,160283.72696213372,0,0,1.344068,0.14387285903018168,0,0,0.00179242735,0.00007464673333333334,0.0520565913479208,0,0,0,0
IAG,IAG,2025-11-24T00:00:00.000Z,2025-11-24,1575554.866418,182209.74637387376,81807.238569,9457.60159989947,1493747.627849,172752.1447739743,2251.8,272.0417334690403,1.354462,0.1564696532332021,0.110561,0.01335696158365333,0.00178797205,0.00007429326666666667,0.05192730258625838,0,0,0,0
IAG,IAG,2025-11-25T00:00:00.000Z,2025-11-25,1595611.488639,188880.75614408043,79931.116328,9461.396198458759,1515680.372311,179419.35994562166,0,0,1.087478,0.12872776538924877,0,0,0.00172481926,0.00006912412,0.05009477335483205,30,3.566958560203663,1.15077,0.4835602862695774
IAG,IAG,2025-11-26T00:00:00.000Z,2025-11-26,1573389.057611,179949.9066285637,82931.50077099999,9484.904572205764,1490457.55684,170465.00205635795,0,0,1.360958,0.15569124506434484,0,0,0.0018149096,0.00007652971666666667,0.052708940754808295,0,0,0,0
IAG,IAG,2025-11-27T00:00:00.000Z,2025-11-27,1576313.386744,176991.9652104071,82931.936726,9311.78190432633,1493381.450018,167680.18330608075,0,0,1.361998,0.15291329432596276,0,0,0.0018115454,0.00007624624999999999,0.05261132552897827,0,0,0,0
IAG,IAG,2025-11-28T00:00:00.000Z,2025-11-28,1571713.779129,177612.8218173592,82932.334747,9371.080716654153,1488781.444382,168241.74110070503,0,0,1.125141,0.12710618277450908,0,0,0.00181692334,0.00007670209999999999,0.052767369633048025,0,0,0,0
IAG,IAG,2025-11-29T00:00:00.000Z,2025-11-29,1550808.6358490002,166892.75595206954,82932.738483,8924.939555552452,1467875.897366,157967.8163965171,0,0,1.385924,0.1491515842854102,0,0,0.0018413834833333332,0.00007877746666666666,0.05347709354078113,0,0,0,0
IAG,IAG,2025-11-30T00:00:00.000Z,2025-11-30,1550809.0436930002,170283.52139679753,84633.146326,9296.065529097004,1466175.897367,160987.4558677005,0,0,1.157628,0.12709704162829824,0,0,0.0018791747,0.0000821135,0.054573544386298974,64,7.086219143038555,2.30154,0.9725225459241263
IAG,IAG,2025-12-01T00:00:00.000Z,2025-12-01,1476314.862437,149982.6281957888,89333.613278,9074.632758964332,1386981.249159,140907.99543682448,0,0,1.630068,0.1654116177698831,0,0,0.0020838887833333334,0.0001008834,0.060512557583463945,0,0,0,0
IAG,IAG,2025-12-02T00:00:00.000Z,2025-12-02,1446160.737552,151755.83347854117,89334.158539,9378.961442919872,1356826.579013,142376.8720356213,0,0,1.63301,0.17175334431126693,0,0,0.0021277603666666665,0.00010519135,0.061785149329584434,0,0,0,0
IAG,IAG,2025-12-03T00:00:00.000Z,2025-12-03,1423633.2542919999,159380.41449374627,89334.667741,10001.256893006514,1334298.586551,149379.15760073977,0,0,1.379385,0.15444405763122948,0,0,0.00216106862,0.00010848814,0.06275131228599115,0,0,0,0
IAG,IAG,2025-12-04T00:00:00.000Z,2025-12-04,1404653.9308139998,157558.74232075585,89335.184794,10017.979333537025,1315318.74602,147540.76298721883,0,0,1.688382,0.18927215808160622,0,0,0.0021909412666666667,0.00011153876666666666,0.06361776011423935,0,0,0,0
IAG,IAG,2025-12-05T00:00:00.000Z,2025-12-05,1385454.3863030002,142785.6652605153,88835.734721,9160.533542267149,1296618.651582,133625.13171824813,0,0,1.730823,0.17856728924178555,0,0,0.002209057516666667,0.00011342786666666667,0.06414319305115923,0,0,0,0
IAG,IAG,2025-12-06T00:00:00.000Z,2025-12-06,1415694.970178,146390.9857658913,85999.14594999999,8892.377934988068,1329695.824228,137498.60783090323,842.387821,87.09340920849577,1.34203,0.13874794851493363,0.073707,0.007620473317040748,0.00209196892,0.0001016669,0.06074694605170273,0,0,0,0
IAG,IAG,2025-12-07T00:00:00.000Z,2025-12-07,1415695.44251,147249.47413087604,88827.527768,9238.227761896815,1326867.914742,138011.24636897922,0,0,1.652048,0.17183958800817167,0,0,0.0021608506833333332,0.00010877153333333333,0.06274479995118128,100,10.24547730611553,1.15077,0.4829708731182
IAG,IAG,2025-12-08T00:00:00.000Z,2025-12-08,1415696.058333,150517.3686444125,95494.81025800001,10153.046399025648,1320201.248075,140364.32224538684,0,0,1.864771,0.1981943382439853,0,0,0.0023232216,0.00012536906666666667,0.06745431669191419,0,0,0,0
IAG,IAG,2025-12-09T00:00:00.000Z,2025-12-09,1414001.138847,152537.92237709707,95495.40311700001,10301.91813066155,1318505.73573,142236.00424643554,0,0,1.581563,0.17070199383767842,0,0,0.00232602912,0.00012567236,0.06753573765470115,0,0,0,0
IAG,IAG,2025-12-10T00:00:00.000Z,2025-12-10,1407847.891087,143603.52848942368,96745.99856200001,9863.06992195135,1311101.892525,133740.45856747232,0,0,1.896463,0.19341895138268436,0,0,0.0023669369333333334,0.0001301602,0.0687220650209409,25,2.423491782496569,1.15077,0.5338101310401
IAG,IAG,2025-12-11T00:00:00.000Z,2025-12-11,1354613.391689,125955.08548960628,97241.990148,9041.447377694056,1257371.401541,116913.63811191222,0,0,1.646811,0.15312232084033056,0,0,0.00247338074,0.0001421356,0.07180875022143514,0,0,0,0
IAG,IAG,2025-12-12T00:00:00.000Z,2025-12-12,1352514.687137,132821.2736168288,103406.24593599999,10152.551341160852,1249108.441201,122668.72227566795,0,0,2.154388,0.21146492145233578,0,0,0.002633621783333333,0.00016121651666666667,0.07645480422498246,80,7.992611548644557,1.15077,0.4892508352522348
IAG,IAG,2025-12-13T00:00:00.000Z,2025-12-13,1352515.5009629999,125517.49589190814,104740.39309499999,9720.222556434117,1247775.107868,115797.27333547402,0,0,2.216007,0.205706150506,0,0,0.0026676415166666666,0.00016526823333333333,0.07744117758383418,0,0,0,0
IAG,IAG,2025-12-14T00:00:00.000Z,2025-12-14,1353916.9842680001,123734.20255689051,98341.005849,8987.272404889647,1255575.978419,114746.93015200086,14358.211642,1316.834664322746,1.762571,0.16108025604100001,0.122977,0.011278589601,0.002501859,0.00014553108,0.07263445021407038,81.5,7.4746095,1.15077,0.4717696692
IAG,IAG,2025-12-15T00:00:00.000Z,2025-12-15,1354522.3497630002,121972.93032000688,96741.614677,8711.63026448967,1257780.735086,113261.30005551722,0,0,2.002517,0.180097963086,0,0,0.002460020933333333,0.00014055883333333332,0.07142138446746542,0,0,0,0
IAG,IAG,2025-12-16T00:00:00.000Z,2025-12-16,1369039.25427,116678.17068763387,96742.303637,8245.088552567639,1272296.950633,108433.08213506623,0,0,1.987371,0.169284847351,0,0,0.00243397905,0.00013760371666666666,0.07066623061242293,0,0,0,0
IAG,IAG,2025-12-17T00:00:00.000Z,2025-12-17,1386068.930287,116102.41866889856,96742.927556,8106.031642783194,1289326.002731,107996.38702611536,0,0,1.631095,0.136560463508,0,0,0.00240465288,0.00013434222,0.06981579948262497,0,0,0,0
IAG,IAG,2025-12-18T00:00:00.000Z,2025-12-18,1425104.257335,111098.11631769523,96743.537845,7541.496963185617,1328360.71949,103556.6193545096,0,0,1.903515,0.148358640014,0,0,0.0023381124666666665,0.00012698211666666668,0.06788616515485534,0,0,0,0
IAG,IAG,2025-12-19T00:00:00.000Z,2025-12-19,1421371.204229,106331.07456828619,96744.141217,7237.313536834079,1324627.063012,99093.76103145212,0,0,1.577808,0.117971925501,0,0,0.00234424288,0.00012764674,0.06806395185773374,0,0,0,0
IAG,IAG,2025-12-20T00:00:00.000Z,2025-12-20,1421371.807976,110767.74186451704,96744.744964,7539.334072814709,1324627.063012,103228.40779170234,0,0,1.909984,0.148862658027,0,0,0.0023442565333333335,0.00012764825,0.06806434771038838,0,0,0,0
IAG,IAG,2025-12-21T00:00:00.000Z,2025-12-21,1422649.576533,110560.5006665061,96745.403601,7518.520819182174,1325904.172932,103041.97984732392,0,0,1.910004,0.148414370418,0,0,0.002342164516666667,0.00012742065,0.06800367792401599,0,0,0,0
IAG,IAG,2025-12-22T00:00:00.000Z,2025-12-22,1422650.184106,111515.00363400305,96746.011174,7583.474677059043,1325904.172932,103931.528956944,0,0,1.619353,0.12690553895,0,0,0.00234217824,0.00012742214,0.06800407595290371,0,0,0,0
IAG,IAG,2025-12-23T00:00:00.000Z,2025-12-23,1423022.06699,99240.92194360559,96746.613501,6747.108563426613,1326275.453489,92493.81338017898,0,0,1.910018,0.13320132351,0,0,0.00234158035,0.00012735715,0.06798673672352465,0,0,0,0
IAG,IAG,2025-12-24T00:00:00.000Z,2025-12-24,1424765.2891429998,96915.38439698273,96747.274538,6580.943007521414,1328018.014605,90334.44138946131,0,0,1.910026,0.129912784692,0,0,0.0023387277166666666,0.0001270472,0.06790400866378181,0,0,0,0
IAG,IAG,2025-12-25T00:00:00.000Z,2025-12-25,1425476.965223,91740.7395321587,96747.876988,6226.209388954148,1328729.088235,85514.53014320455,0,0,1.571415,0.101139091857,0,0,0.00233758204,0.00012692328,0.06787078258221231,0,0,0,0
IAG,IAG,2025-12-26T00:00:00.000Z,2025-12-26,1422247.74813,89625.10693328253,96748.479849,6096.750708577575,1325499.268281,83528.35622470496,0,0,1.910052,0.120328716645,0,0,0.0023429017,0.00012750081666666667,0.06802505709960462,0,0,0,0
IAG,IAG,2025-12-27T00:00:00.000Z,2025-12-27,1422930.536137,90301.44848267632,96749.084577,6139.851676356222,1326181.45156,84161.5968063201,0,0,1.619403,0.10273845299,0,0,0.00234179072,0.00012738,0.0679928374012227,0,0,0,0
IAG,IAG,2025-12-28T00:00:00.000Z,2025-12-28,1422264.471309,100927.67791423996,96749.6874,6865.696714757405,1325514.783909,94061.98119948256,0,0,1.910078,0.135550097228,0,0,0.00234290355,0.00012750103333333332,0.06802511067581746,0,0,0,0
IAG,IAG,2025-12-29T00:00:00.000Z,2025-12-29,1422647.865824,99886.52574906332,96750.34607099999,6793.131728499042,1325897.519753,93093.39402056429,0,0,1.91009,0.134063568912,0,0,0.0023422882833333335,0.00012743415,0.06800726820489526,0,0,0,0
IAG,IAG,2025-12-30T00:00:00.000Z,2025-12-30,1424080.607994,93822.98748953146,96750.948901,6374.26209357551,1327329.659093,87448.72539595595,0,0,1.577911,0.103947167636,0,0,0.00233994244,0.00012717914,0.06793923627462167,0,0,0,0
IAG,IAG,2025-12-31T00:00:00.000Z,2025-12-31,1424081.237979,93851.22551354667,101126.578886,6664.352990340696,1322954.659093,87186.87252320598,0,0,2.010536,0.132477820945,0,0,0.0024458973166666667,0.00013900213333333333,0.07101180466921272,52.5,3.527895,1.15077,0.4046912859
IAG,IAG,2026-01-01T00:00:00.000Z,2026-01-01,1424081.971641,91943.47943862202,102002.312548,6585.609715380951,1322079.659093,85357.86972324106,0,0,2.051068,0.13236116775,0,0,0.0024671019833333334,0.00014136831666666666,0.07162671431787869,0,0,0,0
IAG,IAG,2026-01-02T00:00:00.000Z,2026-01-02,1425324.021992,100123.93818602404,102002.98723099999,7165.057367428917,1323321.034761,92958.88081859512,0,0,1.738957,0.122177290302,0,0,0.00246497324,0.00014112504,0.07156498744174043,0,0,0,0
IAG,IAG,2026-01-03T00:00:00.000Z,2026-01-03,1430290.191877,108664.15184187109,102003.654442,7749.574590053129,1328286.537435,100914.57725181796,0,0,2.037946,0.154775742389,0,0,0.0024564126333333335,0.0001401467,0.07131675447459072,0,0,0,0
IAG,IAG,2026-01-04T00:00:00.000Z,2026-01-04,1430290.919162,110348.37472691356,102004.381727,7869.7400772658875,1328286.537435,102478.63464964768,0,0,2.037958,0.157267406222,0,0,0.0024564289333333334,0.00014014855,0.07131722669870227,0,0,0,0
IAG,IAG,2026-01-05T00:00:00.000Z,2026-01-05,1430291.584791,112051.61735061064,102005.047356,7991.25909218535,1328286.537435,104060.35825842529,0,0,1.683547,0.131877598647,0,0,0.00245644382,0.00014015028,0.07131765888890439,0,0,0,0
IAG,IAG,2026-01-06T00:00:00.000Z,2026-01-06,1432346.965444,114114.31327504953,96874.719612,7722.996305626492,1335472.245832,106391.31696942303,0,0,1.959093,0.15616793769100001,0,0,0.0023294424333333333,0.00012622173333333333,0.0676346148998995,0,0,0,0
IAG,IAG,2026-01-07T00:00:00.000Z,2026-01-07,1432758.986096,112847.53627293577,94309.813753,7428.067181187484,1338449.172343,105419.4690917483,0,0,1.594098,0.125523852392,0,0,0.00226700486,0.00011937852,0.0658239206095201,0,0,0,0
IAG,IAG,2026-01-08T00:00:00.000Z,2026-01-08,1434441.779858,108584.55479765414,94310.381526,7139.217134910269,1340131.398332,101445.33766274387,0,0,1.880222,0.142338034419,0,0,0.002264359116666667,0.00011910036666666667,0.06574718639590575,0,0,0,0
IAG,IAG,2026-01-09T00:00:00.000Z,2026-01-09,1436124.626219,109705.32078751251,94311.001898,7204.401661235361,1341813.624321,102500.91912627715,0,0,1.880232,0.14358762839,0,0,0.0022617145333333334,0.0001188223,0.06567048581696719,0,0,0,0
IAG,IAG,2026-01-10T00:00:00.000Z,2026-01-10,1436125.1939969999,108093.98382939844,94311.569676,7098.624316730271,1341813.624321,100995.35951266816,0,0,1.55325,0.116896735038,0,0,0.00226172728,0.00011882366,0.06567085520844211,0,0,0,0
IAG,IAG,2026-01-11T00:00:00.000Z,2026-01-11,1436125.765826,107444.4672831442,94312.14150499999,7056.010072756423,1341813.624321,100388.45721038777,0,0,1.880268,0.140653043538,0,0,0.0022617400833333332,0.000118825,0.0656712272344611,0,0,0,0
IAG,IAG,2026-01-12T00:00:00.000Z,2026-01-12,1436126.388458,108054.38857949332,94312.764137,7096.1078499772275,1341813.624321,100958.28072951609,0,0,1.880279,0.141605588194,0,0,0.0022617540666666665,0.00011882646666666667,0.06567163231209643,0,0,0,0
IAG,IAG,2026-01-13T00:00:00.000Z,2026-01-13,1437320.066287,107921.99112064496,94313.333725,7081.4413940702125,1343006.732562,100840.54972657475,0,0,1.594162,0.119745200919,0,0,0.00225989346,0.00011863148,0.06561766936130825,0,0,0,0
IAG,IAG,2026-01-14T00:00:00.000Z,2026-01-14,1442093.064545,112639.24532824312,94313.899019,7366.685637477392,1347779.165526,105272.55969076573,0,0,1.86714,0.145829436974,0,0,0.00225241265,0.0001178475,0.06540070217192931,0,0,0,0
IAG,IAG,2026-01-15T00:00:00.000Z,2026-01-15,1443160.194496,107213.30297810152,94314.462844,7006.809831382934,1348845.731652,100206.49314671858,0,0,1.542426,0.114535919344,0,0,0.00225076058,0.00011767488,0.06535278643915925,0,0,0,0
IAG,IAG,2026-01-16T00:00:00.000Z,2026-01-16,1445199.35751,99885.17773229656,94315.028459,6518.5831296008855,1350884.329051,93366.59460269568,0,0,1.867158,0.129032386644,0,0,0.002247593866666667,0.00011734411666666666,0.06526094224438798,0,0,0,0
IAG,IAG,2026-01-17T00:00:00.000Z,2026-01-17,1447393.7190939998,100863.07870876709,94315.648988,6572.480315360375,1353078.070106,94290.59839340672,0,0,1.86717,0.130124580336,0,0,0.0022441962666666666,0.00011698976666666668,0.06516240035031606,0,0,0,0
IAG,IAG,2026-01-18T00:00:00.000Z,2026-01-18,1447394.2847149998,99301.0901947717,94316.214609,6470.733654623389,1353078.070106,92830.35654014832,0,0,1.583049,0.108637631048,0,0,0.00224420888,0.0001169911,0.0651627656716439,0,0,0,0
IAG,IAG,2026-01-19T00:00:00.000Z,2026-01-19,1444774.527012,95884.44550345854,94316.778449,6259.490312508301,1350457.748563,89624.95519095023,0,0,1.867194,0.12392283151,0,0,0.0022482999333333334,0.00011741796666666667,0.06528142061549919,0,0,0,0
IAG,IAG,2026-01-20T00:00:00.000Z,2026-01-20,1442396.440462,94055.00280151091,94317.394526,6150.154231378872,1348079.045936,87904.84857013205,0,0,1.86721,0.12173729979,0,0,0.002252028116666667,0.0001178076,0.06538955007444543,0,0,0,0
IAG,IAG,2026-01-21T00:00:00.000Z,2026-01-21,1437054.302555,93566.31816165475,94317.965899,6141.023829249926,1342736.336656,87425.29433240482,0,0,1.553355,0.101068180787,0,0,0.0022604168,0.00011868606,0.06563284750708057,0,0,0,0
IAG,IAG,2026-01-22T00:00:00.000Z,2026-01-22,1437054.871275,93374.07733341672,94318.534619,6128.441122856453,1342736.336656,87245.63621056026,0,0,1.880383,0.122177106773,0,0,0.0022604295333333332,0.00011868741666666667,0.0656332172865837,0,0,0,0
IAG,IAG,2026-01-23T00:00:00.000Z,2026-01-23,1437055.440898,93519.5443128356,94319.104242,6138.023185005756,1342736.336656,87381.52112782984,0,0,1.594252,0.103766301699,0,0,0.00226044232,0.00011868874,0.06563358765297235,0,0,0,0
IAG,IAG,2026-01-24T00:00:00.000Z,2026-01-24,1437056.008727,94347.0382103956,94319.672071,6192.369499919232,1342736.336656,88154.66871047637,0,0,1.880412,0.123469365315,0,0,0.0022604550333333332,0.0001186901,0.06563395685187257,0,0,0,0
IAG,IAG,2026-01-25T00:00:00.000Z,2026-01-25,1437056.62916,94697.72031578571,94320.292504,6215.423939165276,1342736.336656,88482.29637662043,0,0,1.880426,0.123772742042,0,0,0.00226046895,0.00011869155,0.06563436025420388,0,0,0,0
IAG,IAG,2026-01-26T00:00:00.000Z,2026-01-26,1437057.196994,92267.40711770633,94320.860338,6055.946433638529,1342736.336656,86211.4606840678,0,0,1.553402,0.099785154311,0,0,0.00226048168,0.00011869288,0.06563472945659903,0,0,0,0
IAG,IAG,2026-01-27T00:00:00.000Z,2026-01-27,1441307.333812,91981.11118840566,94321.4282,6019.389161709969,1346985.905612,85961.72202669569,0,0,1.869579,0.119310030731,0,0,0.00225382205,0.00011799493333333333,0.0654415793126159,0,0,0,0
IAG,IAG,2026-01-28T00:00:00.000Z,2026-01-28,1441610.45009,91281.92369143396,94322.046538,5972.409154046375,1347288.403552,85309.51453738759,0,0,1.8673,0.118241781553,0,0,0.0022533625,0.00011794686666666667,0.06542825120079065,0,0,0,0
IAG,IAG,2026-01-29T00:00:00.000Z,2026-01-29,1446994.993001,87838.54518870146,97522.628016,5919.31420443723,1349472.364985,81919.23098426423,0,0,0.595509,0.036128244938,0,0,0.00232118698,0.00012517742,0.06739529308270359,40,2.47416,1.15077,0.4039317777
IAG,IAG,2026-01-30T00:00:00.000Z,2026-01-30,1392497.687839,79758.45922877153,98323.251167,5630.530120290243,1294174.436672,74127.92910848129,0,0,0.743176,0.042538530498,0,0,0.0024328136,0.00013751205,0.0706324103312028,0,0,0,0
IAG,IAG,2026-01-31T00:00:00.000Z,2026-01-31,1379582.289382,74727.82292038352,98323.901885,5325.340234524333,1281258.387497,69402.48268585918,0,0,0.640881,0.034717723848,0,0,0.00245486018,0.00013997162,0.07127173616883659,0,0,0,0
IAG,IAG,2026-02-01T00:00:00.000Z,2026-02-01,1326472.2762540001,69116.51383451924,98324.554198,5121.13580215427,1228147.722056,63995.37803236497,0,0,0.780301,0.040645389318,0,0,0.002554582466666667,0.00015164218333333333,0.07416322779260921,0,0,0,0
IAG,IAG,2026-02-02T00:00:00.000Z,2026-02-02,1307722.4655759998,67360.55253025139,98325.291665,5064.686988655662,1209397.173911,62295.865541595726,0,0,0.796529,0.041026510227,0,0,0.0025899342,0.00015578626666666668,0.07518826188903376,0,0,0,0
IAG,IAG,2026-02-03T00:00:00.000Z,2026-02-03,1308274.896819,71859.87698041632,98325.973995,5400.770506677896,1209948.922824,66459.10647373841,0,0,0.673971,0.037014834106,0,0,0.00258885482,0.00015565638,0.07515696757189388,0,0,0,0
IAG,IAG,2026-02-04T00:00:00.000Z,2026-02-04,1309012.8731880002,69047.68131718677,98326.648738,5186.58312709104,1210686.22445,63861.09819009573,0,0,0.794948,0.041930513052,0,0,0.002587415333333333,0.00015548366666666666,0.07511523089104884,0,0,0,0
IAG,IAG,2026-02-05T00:00:00.000Z,2026-02-05,1412715.646708,69179.83721932926,98327.305078,4815.028762713142,1314388.34163,64364.80845661612,0,0,0,0,0,0,0.00239726648,0.0001334829,0.06960162528596979,0,0,0,0
IAG,IAG,2026-02-06T00:00:00.000Z,2026-02-06,1536943.705284,74104.63903135523,98327.90991,4740.667747192757,1438615.795374,69363.97128416247,0,0,0.638121,0.030719822553,0,0,0.0022033029833333335,0.00011276751666666667,0.06397632941796745,0,0,0,0
IAG,IAG,2026-02-07T00:00:00.000Z,2026-02-07,1538078.534864,79295.63871275961,97203.855101,5011.505551379151,1440874.679763,74284.13316138047,0,0,0.624262,0.032160340899,0,0,0.00217647725,0.00011005436666666666,0.06319823965209494,0,0,0,0
IAG,IAG,2026-02-08T00:00:00.000Z,2026-02-08,1538079.9655209999,81597.60333415998,96079.73470199999,5097.1838888427155,1442000.230819,76500.41944531727,0,0,0.509592,0.027049354152,0,0,0.00215127782,0.00010750764,0.062467320851718314,0,0,0,0
IAG,IAG,2026-02-09T00:00:00.000Z,2026-02-09,1546413.848711,81970.1342325514,96080.28455899999,5092.991664041453,1450333.564152,76877.14256850994,0,0,0.599518,0.031785981676,0,0,0.00213980795,0.00010637103333333333,0.06213461830319454,0,0,0,0
IAG,IAG,2026-02-10T00:00:00.000Z,2026-02-10,1563081.6118060001,80025.34962927768,177562.71432,9052.703462998868,1385518.897486,70972.64616627882,0,0,1.953491,0.099390941276,0,0,0.00391638435,0.00039343736666666665,0.113597840873149,1222.22,61.94699848,1.15077,0.3011219859
IAG,IAG,2026-02-11T00:00:00.000Z,2026-02-11,1563084.248806,77739.36986607379,218306.017987,10857.362467583147,1344778.230819,66882.00739849063,0,0,2.521844,0.125414884618,0,0,0.00481619332,0.00053811764,0.1396636285944422,0,0,0,0
IAG,IAG,2026-02-12T00:00:00.000Z,2026-02-12,1565361.93139,79380.6971626739,218308.81555499998,11070.585480884816,1347053.115835,68310.11168178907,0,0,3.049518,0.15469989716,0,0,0.004809240683333334,0.0005365680833333334,0.13946249199131064,0,0,0,0
IAG,IAG,2026-02-13T00:00:00.000Z,2026-02-13,1567639.611722,80659.44817971082,218311.610872,11232.744417575932,1349328.00085,69426.70376213489,0,0,2.579758,0.132749329807,0,0,0.00480228788,0.00053501848,0.13926135142230475,0,0,0,0
IAG,IAG,2026-02-14T00:00:00.000Z,2026-02-14,1567813.229916,87865.29536672148,218314.39573299998,12234.959003085067,1349498.834183,75630.33636363641,0,0,3.042833,0.170684109729,0,0,0.004801816466666667,0.0005349136166666667,0.1392477142171451,0,0,0,0
IAG,IAG,2026-02-15T00:00:00.000Z,2026-02-15,1568670.439463,90390.4495316835,218317.438613,12579.958799037855,1350353.00085,77810.49073264565,0,0,3.042879,0.175275228659,0,0,0.004799253,0.0005343432666666667,0.1391735530422647,0,0,0,0
IAG,IAG,2026-02-16T00:00:00.000Z,2026-02-16,1568673.2376279999,86566.2914955217,218320.236778,12047.871355414965,1350353.00085,74518.42014010674,0,0,2.513716,0.138757653993,0,0,0.00479930606,0.00053435506,0.13917508856572378,0,0,0,0
IAG,IAG,2026-02-17T00:00:00.000Z,2026-02-17,1573860.9775730001,86141.77546401994,218323.037861,11949.6564806313,1355537.939712,74192.11898338865,0,0,3.033783,0.16604946394,0,0,0.0047837677833333335,0.0005309327833333333,0.13872555015747914,0,0,0,0
IAG,IAG,2026-02-18T00:00:00.000Z,2026-02-18,1569699.1360209999,84194.46295450292,218326.073222,11710.464527514969,1351373.062799,72483.99842698795,0,0,3.042998,0.163227203676,0,0,0.00479629245,0.00053368525,0.1390879054812126,0,0,0,0
IAG,IAG,2026-02-19T00:00:00.000Z,2026-02-19,1570722.000065,81625.08150388219,218328.867087,11345.80851966765,1352393.132978,70279.27298421453,0,0,2.579964,0.134098385528,0,0,0.00479322108,0.00053300256,0.1389990508043487,0,0,0,0
IAG,IAG,2026-02-20T00:00:00.000Z,2026-02-20,1570724.796172,82685.83346182303,218331.663194,11493.379554450654,1352393.132978,71192.45390737237,0,0,3.043076,0.160243762655,0,0,0.004793274033333334,0.0005330143166666667,0.13900058350475172,0,0,0,0
IAG,IAG,2026-02-21T00:00:00.000Z,2026-02-21,1570727.596724,87309.5208516461,218334.463746,12136.207597810775,1352393.132978,75173.31325383532,0,0,2.513879,0.139848938423,0,0,0.0047933271,0.0005330261,0.13900211863667108,0,0,0,0
IAG,IAG,2026-02-22T00:00:00.000Z,2026-02-22,1570730.386287,84935.1508027634,218337.253309,11806.295327822028,1352393.132978,73128.85547494137,0,0,3.043155,0.164667694028,0,0,0.004793379966666666,0.0005330378333333333,0.13900364773895166,0,0,0,0
IAG,IAG,2026-02-23T00:00:00.000Z,2026-02-23,1569565.872014,80850.71534073196,218340.296508,11247.000206672847,1351225.575506,69603.71513405911,0,0,3.0432,0.156715806398,0,0,0.00479702525,0.0005338493833333334,0.13910910460344922,0,0,0,0
IAG,IAG,2026-02-24T00:00:00.000Z,2026-02-24,1577782.1509109999,79736.84326804432,218343.093218,11034.186588729608,1359439.057693,68702.6566793147,0,0,2.576421,0.130205456934,0,0,0.0047726011,0.00052849428,0.13840247325270652,0,0,0,0
IAG,IAG,2026-02-25T00:00:00.000Z,2026-02-25,1598861.799422,85338.98442690085,218345.83738799999,11654.17503932977,1380515.962034,73684.80938757108,0,0,2.983009,0.15945450635300001,0,0,0.004709029433333334,0.00051446445,0.13656329613128065,0,0,0,0
IAG,IAG,2026-02-26T00:00:00.000Z,2026-02-26,1599197.508041,86462.94044836072,218348.820443,11805.392344443297,1380848.687598,74657.54810391742,0,0,2.983045,0.161200503251,0,0,0.004708104083333334,0.00051426265,0.13653652308321734,0,0,0,0
IAG,IAG,2026-02-27T00:00:00.000Z,2026-02-27,1600863.8660380002,83084.51328739575,218351.550621,11332.40061971653,1382512.315417,71752.11266767922,0,0,2.464289,0.127853975066,0,0,0.00470324978,0.00051320386,0.13639607667637563,0,0,0,0
IAG,IAG,2026-02-28T00:00:00.000Z,2026-02-28,1600866.6048990001,79167.12243676861,218354.289482,10798.201739890183,1382512.315417,68368.92069687843,0,0,2.983128,0.147431310991,0,0,0.004703300833333333,0.0005132149833333333,0.13639755418291272,0,0,0,0
IAG,IAG,2026-03-01T00:00:00.000Z,2026-03-01,1612915.872724,81911.11803558448,218357.0458,11088.913285764917,1394558.826924,70822.20474981956,0,0,2.515231,0.127734199158,0,0,0.0046683169,0.0005056363000000001,0.13538535254401904,0,0,0,0
IAG,IAG,2026-03-02T00:00:00.000Z,2026-03-02,1620949.577751,82367.47235954579,218359.743155,11095.804974439789,1402589.834596,71271.667385106,0,0,2.943022,0.149590998419,0,0,0.00464500985,0.00050058715,0.134711002829242,0,0,0,0
IAG,IAG,2026-03-03T00:00:00.000Z,2026-03-03,1626452.394254,78708.57233818366,218362.686111,10567.588875069418,1408089.708143,68140.98346311424,0,0,2.941095,0.142297874457,0,0,0.0046294402,0.0004972535666666667,0.13426049730149345,0,0,0,0
IAG,IAG,2026-03-04T00:00:00.000Z,2026-03-04,1640455.007946,81549.97235169455,218365.363029,10855.336341509634,1422089.644917,70694.63601018491,0,0,2.406354,0.119671035962,0,0,0.00458977132,0.0004887654,0.13311268030557893,0,0,0,0
IAG,IAG,2026-03-05T00:00:00.000Z,2026-03-05,1640697.795944,78361.23852015974,218368.037505,10429.51092165018,1422329.758439,67931.72759850955,0,0,4.261495,0.201893577224,0,0,0.0045891472,0.0004886327,0.1330946208314787,1500,69.5955,1.15077,0.3146320257
IAG,IAG,2026-03-06T00:00:00.000Z,2026-03-06,1648009.813608,74904.04887191123,218370.943597,9925.28675457214,1429638.870011,64978.762117339094,0,0,2.897966,0.131735023302,0,0,0.004568802783333333,0.0004843150833333333,0.13250593389609278,0,0,0,0
IAG,IAG,2026-03-07T00:00:00.000Z,2026-03-07,1648593.982345,72419.76563296642,218373.60833699998,9592.758999468195,1430220.374008,62827.006633498226,0,0,2.452747,0.10769200222,0,0,0.0045672332,0.00048398246,0.1324605152484544,0,0,0,0
IAG,IAG,2026-03-08T00:00:00.000Z,2026-03-08,1673199.40765,72639.65740034348,218376.258836,9480.332168309613,1454823.148814,63159.325232033865,0,0,2.862882,0.12433505307,0,0,0.0045003704166666665,0.0004699727,0.13052565843945338,0,0,0,0
IAG,IAG,2026-03-09T00:00:00.000Z,2026-03-09,1678670.2449740001,73411.68857125207,218378.856694,9550.31899316475,1460291.38828,63861.36957808732,0,0,2.340119,0.102381994079,0,0,0.00448557756,0.00046687644,0.13009758452096537,0,0,0,0
IAG,IAG,2026-03-10T00:00:00.000Z,2026-03-10,1653837.304874,71038.37685512878,218381.492712,9380.286384792955,1435455.812162,61658.090470335825,0,0,2.893088,0.124240715272,0,0,0.0045528850666666665,0.00048094976666666667,0.1320453300140579,0,0,0,0
IAG,IAG,2026-03-11T00:00:00.000Z,2026-03-11,1653840.198005,71316.62082683048,218384.385843,9417.134537416072,1435455.812162,61899.4862894144,0,0,2.893127,0.124760936042,0,0,0.00455293755,0.00048096083333333333,0.1320468483628537,0,0,0,0
IAG,IAG,2026-03-12T00:00:00.000Z,2026-03-12,1650371.940566,67971.03474323967,218387.037607,8994.532482868672,1431984.902959,58976.50226037099,0,0,2.388472,0.098362843613,0,0,0.00456268182,0.00048302994,0.13232880884304557,0,0,0,0
IAG,IAG,2026-03-13T00:00:00.000Z,2026-03-13,1635129.167779,71543.1699168511,215721.75341200002,9437.068350942967,1419407.414367,62106.10156590813,0,0,2.898212,0.126764363917,0,0,0.004548882616666666,0.00048014216666666666,0.1319294883804414,0,0,0,0
IAG,IAG,2026-03-14T00:00:00.000Z,2026-03-14,1630371.672417,71250.10289131991,214390.611324,9369.798982036493,1415981.061093,61880.30390928342,0,0,2.82049,0.12326232307,0,0,0.004534385783333333,0.0004770971333333333,0.13150998745280526,0,0,0,0
IAG,IAG,2026-03-15T00:00:00.000Z,2026-03-15,1616072.529331,72954.23714945422,214393.231451,9678.22610595156,1401679.29788,63276.01104350265,0,0,2.416403,0.10911975525,0,0,0.00457423564,0.00048546604,0.1326631406238025,0,0,0,0
IAG,IAG,2026-03-16T00:00:00.000Z,2026-03-16,1613769.236193,81542.09705797322,214395.838184,10833.922790791112,1399373.398009,70708.17426718211,0,0,2.851865,0.144268927595,0,0,0.004580866316666666,0.0004868762,0.1328550039401278,0,0,0,0
IAG,IAG,2026-03-17T00:00:00.000Z,2026-03-17,1424683.76226,76710.83376297512,214398.855748,11544.163900232854,1210284.906512,65166.66986274227,0,0,3.177782,0.171101202198,0,0,0.0051904568,0.0006248844166666667,0.1504887585553376,0,0,0,0
IAG,IAG,2026-03-18T00:00:00.000Z,2026-03-18,1424113.266785,72294.25408506788,214401.83276,10883.978963649168,1209711.434025,61410.275121418716,0,0,2.672273,0.135619947042,0,0,0.0051926129,0.0006254028999999999,0.15055110977515193,0,0,0,0
IAG,IAG,2026-03-19T00:00:00.000Z,2026-03-19,1424116.23212,68190.00729230008,214404.798095,10266.201171170353,1209711.434025,57923.806121129724,0,0,3.234906,0.154966053628,0,0,0.0051926740666666665,0.0006254176333333333,0.1505528785212475,0,0,0,0
IAG,IAG,2026-03-20T00:00:00.000Z,2026-03-20,1426075.453849,66943.1526309874,214407.768158,10064.943700054597,1211667.685691,56878.20893093281,0,0,2.742674,0.12872698019,0,0,0.00518563266,0.00062372944,0.1503492496028206,0,0,0,0
IAG,IAG,2026-03-21T00:00:00.000Z,2026-03-21,1433903.409865,67505.06505581133,214410.717524,10093.991334563785,1219492.692341,57411.073721247536,0,0,3.215271,0.151356215406,0,0,0.005157282716666667,0.0006169323166666667,0.14952940068912737,0,0,0,0
IAG,IAG,2026-03-22T00:00:00.000Z,2026-03-22,1383892.870417,65535.976093854,214413.95342799998,10160.363408389849,1169478.916989,55375.61268546415,0,0,3.297655,0.156387224211,0,0,0.0053512595,0.0006650169,0.15513800927077065,0,0,0,0
IAG,IAG,2026-03-23T00:00:00.000Z,2026-03-23,1333882.215875,66974.49375154218,214417.074238,10765.925096920075,1119465.141637,56208.5686546221,0,0,2.851717,0.143212264679,0,0,0.00554523678,0.00071310252,0.16074663241306228,0,0,0,0
IAG,IAG,2026-03-24T00:00:00.000Z,2026-03-24,1333885.385335,67985.24776102604,214420.243698,10928.534999595036,1119465.141637,57056.71276143101,0,0,3.452132,0.176054902878,0,0,0.005545305766666666,0.0007131202333333334,0.1607486265720407,0,0,0,0
IAG,IAG,2026-03-25T00:00:00.000Z,2026-03-25,1333888.837521,67259.12051571527,214423.695884,10811.956523905605,1119465.141637,56447.16399180966,0,0,3.452189,0.174085093509,0,0,0.0055453808833333335,0.0007131395333333333,0.16075079860588673,0,0,0,0
IAG,IAG,2026-03-26T00:00:00.000Z,2026-03-26,1333892.032092,62093.74082914027,214426.890455,9981.742913824604,1119465.141637,52111.99791531566,0,0,2.926899,0.136253747152,0,0,0.00554545042,0.0007131573800000001,0.1607528085451208,0,0,0,0
IAG,IAG,2026-03-27T00:00:00.000Z,2026-03-27,1332263.509349,60585.21514327676,214430.05091,9751.062647025707,1117833.458439,50834.15249625105,0,0,3.455723,0.157051185684,0,0,0.005552338266666667,0.0007149287166666666,0.1609519226248348,0,0,0,0
IAG,IAG,2026-03-28T00:00:00.000Z,2026-03-28,1340572.2681800001,61003.80066830303,214433.215914,9755.340221792982,1126139.052266,51248.46044651005,0,0,2.84979,0.129658983216,0,0,0.00551835944,0.00070627374,0.15996960924897097,0,0,0,0
IAG,IAG,2026-03-29T00:00:00.000Z,2026-03-29,1355481.319714,62884.39264616411,214436.351909,9948.273803109338,1141044.967805,52936.11884305477,0,0,3.403068,0.157895617357,0,0,0.00545712675,0.0006906514166666667,0.1581994150633127,0,0,0,0
IAG,IAG,2026-03-30T00:00:00.000Z,2026-03-30,1355484.772159,63601.83072797952,214439.804354,10061.908922794608,1141044.967805,53539.92180518491,0,0,3.47711,0.163176558007,0,0,0.005457200916666667,0.00069067015,0.15820155914537648,0,0,0,0
IAG,IAG,2026-03-31T00:00:00.000Z,2026-03-31,1340650.388226,61764.83673131622,214442.978186,9879.602219412374,1126207.41004,51885.23451190385,0,0,2.885301,0.132947860625,0,0,0.00552064704,0.00070717142,0.1600355463063206,0,0,0,0
IAG,IAG,2026-04-01T00:00:00.000Z,2026-04-01,1281303.385515,59054.845551228194,214446.20653599998,9883.75379114575,1066857.178979,49171.09176008245,0,0,3.600518,0.165944580443,0,0,0.0057742302333333335,0.00077312635,0.167365675420293,0,0,0,0
IAG,IAG,2026-04-02T00:00:00.000Z,2026-04-02,1291306.678417,56613.976255984,214449.499438,9399.965529797493,1076857.178979,47214.010726186505,0,0,2.962375,0.12974257227,0,0,0.00572997592,0.00076140582,0.16608658258749018,0,0,0,0
IAG,IAG,2026-04-03T00:00:00.000Z,2026-04-03,1306309.934321,57580.18260016439,214452.755342,9452.755936538542,1091857.178979,48127.426663625854,0,0,3.531574,0.155685683426,0,0,0.005663555816666666,0.0007438143833333334,0.16416682573330416,0,0,0,0
IAG,IAG,2026-04-04T00:00:00.000Z,2026-04-04,1306313.491541,57251.58314389159,214456.312562,9398.940536975462,1091857.178979,47852.64260691613,0,0,3.531635,0.154896966183,0,0,0.005663634583333334,0.0007438350333333334,0.1641691017893826,0,0,0,0
IAG,IAG,2026-04-05T00:00:00.000Z,2026-04-05,1306316.734037,54996.19569393793,214459.555058,9028.79008748623,1091857.178979,45967.4056064517,0,0,2.994256,0.126101632159,0,0,0.00566370632,0.00074385388,0.16417117646113333,0,0,0,0
IAG,IAG,2026-04-06T00:00:00.000Z,2026-04-06,1306319.966347,58348.740571853836,214462.787368,9579.301886988334,1091857.178979,48769.438684865505,0,0,3.531745,0.157753679695,0,0,0.00566377785,0.0007438726333333333,0.16417324460478533,0,0,0,0
IAG,IAG,2026-04-07T00:00:00.000Z,2026-04-07,1306323.5109380002,55922.83845730399,214466.331959,9181.16052999898,1091857.178979,46741.677927305005,0,0,3.531801,0.151230408613,0,0,0.005663856333333333,0.0007438932,0.16417551254549342,0,0,0,0
IAG,IAG,2026-04-08T00:00:00.000Z,2026-04-08,1306326.761263,57871.581728618985,214469.582284,9501.216842670303,1091857.178979,48370.36488594868,0,0,2.917617,0.129238223879,0,0,0.0056639283,0.0007439121,0.16417759219488237,0,0,0,0
IAG,IAG,2026-04-09T00:00:00.000Z,2026-04-09,1322926.5672890001,56290.65128368158,214472.809783,9126.711143845325,1108453.757506,47163.94013983625,0,0,3.502307,0.149086936503,0,0,0.005593284916666667,0.0007255661666666667,0.16213554271307237,0,0,0,0
IAG,IAG,2026-04-10T00:00:00.000Z,2026-04-10,1342912.6329670001,56334.11058861618,214475.98282499998,8997.095864471075,1128436.650142,47337.014724145105,0,0,2.910843,0.122135464066,0,0,0.00550936272,0.0007039183,0.15970955783650656,0,0,0,0
IAG,IAG,2026-04-11T00:00:00.000Z,2026-04-11,1342912.39766,55263.53240480138,213801.910003,8798.797417498232,1129110.487657,46464.73498730315,4063.279185,165.14791919514,3.422037,0.140765545077,101.270493,4.116037917492,0.005492001483333333,0.0006995299333333333,0.15920763156403622,0,0,0,0
IAG,IAG,2026-04-12T00:00:00.000Z,2026-04-12,1344995.4217160002,52810.64933846104,210419.191487,8262.109080132856,1134576.230229,44548.54025832818,0,0,3.300603,0.129523835126,0,0,0.005396545833333334,0.0006754307999999999,0.15644791586098686,0,0,0,0
IAG,IAG,2026-04-13T00:00:00.000Z,2026-04-13,1355481.203264,53569.43042117138,210422.198034,8316.011499078648,1145059.00523,45253.41892209274,0,0,2.702637,0.106798611263,0,0,0.00535469922,0.00066500226,0.1552380051653229,0,0,0,0
IAG,IAG,2026-04-14T00:00:00.000Z,2026-04-14,1336358.6540249998,54489.00362560003,208673.24616799998,8510.353786294547,1127685.407857,45978.649839305486,0,0,3.303223,0.134784091732,0,0,0.005386340116666667,0.0006729857166666666,0.1561527767355649,0,0,0,0
IAG,IAG,2026-04-15T00:00:00.000Z,2026-04-15,1338236.065126,52274.40034990516,205172.48670799998,8014.482005811507,1133063.578418,44259.918344093654,0,0,3.152247,0.12314965812,0,0,0.005288214316666666,0.0006486126666666667,0.15331561602188454,0,0,0,0
IAG,IAG,2026-04-16T00:00:00.000Z,2026-04-16,1338238.959289,52889.612992253984,205175.380871,8108.900858733465,1133063.578418,44780.712133520516,0,0,2.672593,0.105688725361,0,0,0.0052882776,0.00064862818,0.1533174471169605,0,0,0,0
IAG,IAG,2026-04-17T00:00:00.000Z,2026-04-17,1338241.844357,54432.98746744709,205178.265939,8345.626415294946,1133063.578418,46087.36105215215,0,0,3.152333,0.128255965886,0,0,0.00528834075,0.00064864365,0.1533192724494296,0,0,0,0
IAG,IAG,2026-04-18T00:00:00.000Z,2026-04-18,1340714.726262,53367.14943359315,205181.147844,8167.235344664658,1135533.578418,45199.91408892849,0,0,2.597774,0.103407171196,0,0,0.00527863532,0.00064626808,0.15303863217485342,0,0,0,0
IAG,IAG,2026-04-19T00:00:00.000Z,2026-04-19,1355719.123231,53750.421709219634,205184.02187199998,8134.96478978913,1150535.101359,45615.4569194305,0,0,3.119585,0.123667659708,0,0,0.005220135216666666,0.0006320414333333334,0.15134699979927294,0,0,0,0
IAG,IAG,2026-04-20T00:00:00.000Z,2026-04-20,1355722.260512,51622.7402602455,205187.159153,7813.04818239795,1150535.101359,43809.69207784755,0,0,3.11471,0.118558726036,0,0,0.005220203116666666,0.0006320578666666667,0.15134896366944484,0,0,0,0
IAG,IAG,2026-04-21T00:00:00.000Z,2026-04-21,1355725.120218,51652.04243924738,205190.018859,7817.57550555057,1150535.101359,43834.46693369681,0,0,2.640769,0.100579848771,0,0,0.00522026504,0.00063207284,0.15135075377619733,0,0,0,0
IAG,IAG,2026-04-22T00:00:00.000Z,2026-04-22,1355727.970937,51816.14913533238,205192.86957799998,7842.505805541171,1150535.101359,43973.64332979121,0,0,3.114796,0.119015003527,0,0,0.00522032675,0.00063208775,0.15135253824954115,0,0,0,0
IAG,IAG,2026-04-23T00:00:00.000Z,2026-04-23,1355731.0857809999,51168.680549775745,205195.98442199998,7744.609486733683,1150535.101359,43424.07106304206,0,0,3.114843,0.117564197051,0,0,0.005220394166666666,0.0006321040666666666,0.15135448804973747,0,0,0,0
IAG,IAG,2026-04-24T00:00:00.000Z,2026-04-24,1342764.714819,49163.16985277741,205198.835223,7508.71685366216,1137565.879596,41654.45299911525,0,0,2.573167,0.094186765647,0,0,0.00527304818,0.00064515784,0.15287691587283295,0,0,0,0
IAG,IAG,2026-04-25T00:00:00.000Z,2026-04-25,1296843.3028850001,44732.81013118322,162349.30492599998,5591.066551015009,1134493.997959,39141.743580168215,64278.095059,2264.51728892857,2.209043,0.076022076523,23.033326,0.81146407498,0.00431361925,0.00044614455,0.1251119618417697,0,0,0,0
IAG,IAG,2026-04-26T00:00:00.000Z,2026-04-26,1283183.540579,38070.92574242073,140924.909837,4186.290709392538,1142258.630742,33884.63503302819,0,0,1.562553,0.04646388347,0,0,0.0037864304666666666,0.00033287795,0.10985806352530028,0,0,0,0
IAG,IAG,2026-04-27T00:00:00.000Z,2026-04-27,1309165.381164,34709.554931591454,97721.207706,2614.24858728769,1211444.173458,32095.30634430376,0,0,0.999855,0.026769542244,0,0,0.00257176612,0.00016118404,0.07465677508667509,0,0,0,0
IAG,IAG,2026-04-28T00:00:00.000Z,2026-04-28,1381042.690132,31902.549680389275,86920.52690099999,2007.8641789734163,1294122.163231,29894.685501415857,0,0,0.555315,0.012828459934,0,0,0.0021701212333333332,0.0001095281,0.06301380805701508,0,0,0,0
IAG,IAG,2026-04-29T00:00:00.000Z,2026-04-29,1460464.8194270001,34457.45522150371,86921.011713,2050.779610389121,1373543.807714,32406.675611114588,0,0,0.426767,0.010065099919,0,0,0.0020495373,0.00009758446,0.059516070953251385,0,0,0,0
IAG,IAG,2026-04-30T00:00:00.000Z,2026-04-30,1458735.3327469998,35312.09251532067,86921.488155,2104.1375080005955,1371813.844592,33207.95500732007,0,0,0.51977,0.01259484138,0,0,0.00205197825,0.00009781678333333332,0.059586880637892956,0,0,0,0
IAG,IAG,2026-05-01T00:00:00.000Z,2026-05-01,1458735.8525349998,36841.34630198656,86922.00794299999,2195.2731142525377,1371813.844592,34646.07318773402,0,0,0.519773,0.013126094154,0,0,0.0020519897833333333,0.00009781788333333333,0.059587215733464816,0,0,0,0
IAG,IAG,2026-05-02T00:00:00.000Z,2026-05-02,1458736.329012,34448.93372903459,86922.48442,2052.7267006877473,1371813.844592,32396.20702834684,0,0,0.429383,0.010131765394,0,0,0.00205200038,0.0000978189,0.05958752290680452,0,0,0,0
IAG,IAG,2026-05-03T00:00:00.000Z,2026-05-03,1458736.8073729998,36582.93112953012,86922.962781,2179.8976279296444,1371813.844592,34403.033501600476,0,0,0.531082,0.013321120751,0,0,0.0020520110166666666,0.0000978199,0.05958783129482843,0,0,0,0
IAG,IAG,2026-05-04T00:00:00.000Z,2026-05-04,1458737.3290549999,38273.134443415285,86923.48446299999,2280.625967214217,1371813.844592,35992.50847620107,0,0,0.519786,0.013638133817,0,0,0.0020520226,0.000097821,0.05958816761020054,0,0,0,0
IAG,IAG,2026-05-05T00:00:00.000Z,2026-05-05,1458737.804785,40264.081027188906,86923.96019299999,2399.275288760523,1371813.844592,37864.80573842838,0,0,0.42939,0.011858625326,0,0,0.00205203318,0.000097822,0.059588474301582824,0,0,0,0
IAG,IAG,2026-05-06T00:00:00.000Z,2026-05-06,1426984.850816,40237.64325757345,86924.440708,2451.0665001514376,1340060.410108,37786.576757422015,0,0,0.526396,0.014842050833,0,0,0.0020977540166666666,0.00010222735,0.06091476069849118,0,0,0,0
IAG,IAG,2026-05-07T00:00:00.000Z,2026-05-07,1426985.334636,41527.27103822435,86924.92452799999,2529.637019507397,1340060.410108,38997.634018716955,0,0,0.435997,0.012688946929,0,0,0.002097765,0.0001022284,0.060915079095864064,0,0,0,0
IAG,IAG,2026-05-08T00:00:00.000Z,2026-05-08,1420152.467207,40752.3211293527,86925.40834899999,2494.6143171125746,1333227.058858,38257.706812240125,0,0,0.52779,0.015140229647,0,0,0.0021081298833333334,0.00010325301666666667,0.06121573047065164,0,0,0,0
IAG,IAG,2026-05-09T00:00:00.000Z,2026-05-09,1385986.248215,39943.19967021904,86925.945606,2505.1477892294,1299060.302609,37438.05188098964,0,0,0.543794,0.015673798172,0,0,0.0021599117166666666,0.00010837185,0.06271775475245799,0,0,0,0
IAG,IAG,2026-05-10T00:00:00.000Z,2026-05-10,1385986.747492,42017.85145104648,86926.44488299999,2635.2795050915133,1299060.302609,39382.571945954965,0,0,0.461043,0.013982382239,0,0,0.00215992332,0.000108373,0.06271809239178207,0,0,0,0
IAG,IAG,2026-05-11T00:00:00.000Z,2026-05-11,1385987.245197,42413.05765828541,86926.94258799999,2660.080318046535,1299060.302609,39752.977340238875,0,0,0.543796,0.016632686768,0,0,0.00215993495,0.00010837418333333334,0.06271842896766913,0,0,0,0
IAG,IAG,2026-05-12T00:00:00.000Z,2026-05-12,1385987.78901,38231.54909999089,86927.48640099999,2397.8366927233633,1299060.302609,35833.71240726752,0,0,0.5438,0.014995140828,0,0,0.00215994765,0.00010837545,0.06271879672374779,0,0,0,0
IAG,IAG,2026-05-13T00:00:00.000Z,2026-05-13,1385988.28672,36248.58318694315,86927.984111,2273.4796566284144,1299060.302609,33975.10353031474,0,0,0.449231,0.011745097164,0,0,0.00215995922,0.0001083766,0.06271913330299132,0,0,0,0
IAG,IAG,2026-05-14T00:00:00.000Z,2026-05-14,1385988.78601,35417.7884746915,86928.48340099999,2221.384991770686,1299060.302609,33196.40348292082,0,0,0.543809,0.013895620724,0,0,0.0021599708833333333,0.0001083778,0.06271947094952045,0,0,0,0
IAG,IAG,2026-05-15T00:00:00.000Z,2026-05-15,1385989.2868779998,35668.434259847265,86928.984269,2237.1173722046497,1299060.302609,33431.31688764261,0,0,0.461057,0.011863552091,0,0,0.00215998256,0.00010837896,0.0627198096640232,0,0,0,0
IAG,IAG,2026-05-16T00:00:00.000Z,2026-05-16,1385989.786962,34835.69822605989,86929.48435299999,2184.900070234845,1299060.302609,32650.798155825043,0,0,0.543814,0.013662663781,0,0,0.0021599942,0.00010838011666666667,0.06272014784721269,0,0,0,0
IAG,IAG,2026-05-17T00:00:00.000Z,2026-05-17,1385990.3307919998,34166.04765566925,86930.02818299999,2142.9121360547965,1299060.302609,32023.135519614458,0,0,0.543818,0.013406106754,0,0,0.0021600069,0.0001083814,0.06272051561355149,0,0,0,0
IAG,IAG,2026-05-18T00:00:00.000Z,2026-05-18,1385990.828517,32600.444619067945,86930.525908,2044.727617280613,1299060.302609,30555.717001787332,0,0,0.449241,0.010565214389,0,0,0.00216001848,0.00010838258,0.06272085220132109,0,0,0,0
IAG,IAG,2026-05-19T00:00:00.000Z,2026-05-19,1350699.4655550001,30834.13805785566,86931.02767499999,1984.0847648166573,1263768.43788,28850.053293039004,0,0,0.5526,0.012608741388,0,0,0.0022179351,0.00011434266666666667,0.06440068058064959,0,0,0,0
IAG,IAG,2026-05-20T00:00:00.000Z,2026-05-20,1290991.601587,29826.854835336864,86931.601157,2008.4532620688813,1204060.00043,27818.401573267984,0,0,0.583813,0.013484227956,0,0,0.0023191790333333333,0.00012493338333333334,0.06733707721279654,0,0,0,0
IAG,IAG,2026-05-21T00:00:00.000Z,2026-05-21,1290992.136766,30193.98227994388,86932.136336,2033.1861778869545,1204060.00043,28160.796102056927,0,0,0.482284,0.011271712364,0,0,0.00231919236,0.00012493482,0.06733746384680228,0,0,0,0
IAG,IAG,2026-05-22T00:00:00.000Z,2026-05-22,1290992.674063,30638.483649439324,86932.673633,2063.129689234348,1204060.00043,28575.353960204975,0,0,0.596516,0.014153573262,0,0,0.00231920575,0.00012493626666666667,0.06733785201084158,0,0,0,0
IAG,IAG,2026-05-23T00:00:00.000Z,2026-05-23,1290993.260017,29887.139451853844,86933.259587,2012.5484118991299,1204060.00043,27874.591039954714,0,0,0.583826,0.013515229098,0,0,0.0023192203333333335,0.00012493783333333334,0.06733827532595708,0,0,0,0
IAG,IAG,2026-05-24T00:00:00.000Z,2026-05-24,1296109.244805,28140.565742404855,86933.79393,1887.5760100949053,1209175.450875,26252.98973230995,0,0,0.482294,0.010465436577,0,0,0.00231021216,0.00012397726,0.06707702089364695,0,0,0,0
IAG,IAG,2026-05-25T00:00:00.000Z,2026-05-25,1288564.901134,28035.160472850614,86934.32796899999,1891.7344959588443,1201630.573165,26143.42597689177,0,0,0.583833,0.012709747729,0,0,0.002324169033333333,0.0001255003,0.06748177575264856,0,0,0,0
IAG,IAG,2026-05-26T00:00:00.000Z,2026-05-26,1274562.102583,28533.876662986084,86934.869163,1946.228262965858,1187627.23342,26587.648400020225,0,0,0.488905,0.010955382512,0,0,0.00234919748,0.00012818656,0.06820763694982433,0,0,0,0
IAG,IAG,2026-05-27T00:00:00.000Z,2026-05-27,1279652.302882,26977.632947433434,86935.41136,1832.8302686753177,1192716.891522,25144.80267875812,0,0,0.59053,0.012452171536,0,0,0.0023398935833333335,0.00012717583333333334,0.06793781869876829,0,0,0,0
IAG,IAG,2026-05-28T00:00:00.000Z,2026-05-28,1284742.551636,27463.941659180466,86936.002012,1858.4310478682214,1197806.549624,25605.510611312246,0,0,0.600619,0.012846575824,0,0,0.0023305909,0.0001261652,0.06766803349143703,0,0,0,0
IAG,IAG,2026-05-29T00:00:00.000Z,2026-05-29,1284743.091785,27628.914006675477,86936.54216099999,1869.605034391503,1197806.549624,25759.308972283972,0,0,0.485613,0.0104441428,0,0,0.0023306044,0.00012616666,0.06766842547500901,0,0,0,0
IAG,IAG,2026-05-30T00:00:00.000Z,2026-05-30,1284743.631512,27234.423770538175,86937.081888,1842.9212627587474,1197806.549624,25391.502507779427,0,0,0.58785,0.01246130819,0,0,0.0023306179,0.00012616813333333332,0.0676688171518774,0,0,0,0
IAG,IAG,2026-05-31T00:00:00.000Z,2026-05-31,1284744.219379,27490.52854447682,86937.669755,1860.263264472342,1197806.549624,25630.265280004478,0,0,0.58785,0.01257664171,0,0,0.0023306326,0.00012616973333333333,0.06766924376355822,0,0,0,0
IAG,IAG,2026-06-01T00:00:00.000Z,2026-06-01,1290800.541545,27697.853843401477,86938.20823599999,1865.554834468478,1203862.333309,25832.299008932998,0,0,0.484317,0.010392776798,0,0,0.00231973336,0.00012499494,0.06735315235588621,0,0,0,0
IAG,IAG,2026-06-02T00:00:00.000Z,2026-06-02,1433621.5564869998,29810.4230606731,86938.72219199999,1808.5571694648597,1346682.834295,28001.86589120824,0,0,0.540913,0.011265478013,0,0,0.0020887992166666665,0.00010137688333333333,0.06065498857959489,0,0,0,0
IAG,IAG,2026-06-03T00:00:00.000Z,2026-06-03,1459171.7178840002,28922.102467212597,86939.20160799999,1723.8131857031983,1372232.516276,27198.2892815094,0,0,0.438159,0.008689711199,0,0,0.00205205468,0.00009783697999999999,0.059589089956571965,0,0,0,0
IAG,IAG,2026-06-04T00:00:00.000Z,2026-06-04,1560550.52523,29853.799336599906,86939.66827299999,1664.2135240659863,1473610.856957,28189.58581253392,0,0,0.491534,0.009417762201,0,0,0.0019205998833333334,0.00008580325,0.05577540988668328,0,0,0,0
IAG,IAG,2026-06-05T00:00:00.000Z,2026-06-05,1684986.6969,27502.247693583555,86940.13935299999,1421.0655247735972,1598046.557547,26081.18216880996,0,0,0.454502,0.007432367045,0,0,0.0017787286,0.0000736011,0.051659041880103854,0,0,0,0
IAG,IAG,2026-06-06T00:00:00.000Z,2026-06-06,1681541.326939,29163.639549527128,86940.544889,1507.6011969946837,1594600.78205,27656.038352532443,0,0,0.367049,0.006365051211,0,0,0.0017817711,0.00007382572,0.05174734211035452,0,0,0,0
IAG,IAG,2026-06-07T00:00:00.000Z,2026-06-07,1609039.766446,28497.689671405235,86940.96741299999,1539.8984484866153,1522098.799033,26957.79122291862,0,0,0.469114,0.008300812978,0,0,0.0018605592833333333,0.00008042693333333333,0.05403347554803648,0,0,0,0
IAG,IAG,2026-06-08T00:00:00.000Z,2026-06-08,1591518.560729,30845.48655293818,86941.440762,1685.0266280044266,1504577.119967,29160.45992493375,0,0,0.475205,0.00920112181,0,0,0.0018810492833333332,0.00008220635,0.054627977899598314,0,0,0,0
IAG,IAG,2026-06-09T00:00:00.000Z,2026-06-09,1591518.997676,32045.871639170397,86941.877708,1750.6094977626788,1504577.119968,30295.26214140772,0,0,0.403483,0.008123364507,0,0,0.00188105822,0.00008220711999999999,0.05462823744819616,0,0,0,0
IAG,IAG,2026-06-10T00:00:00.000Z,2026-06-10,1591509.149193,34127.259200952954,98590.315535,2116.8789330381896,1492918.833658,32010.380267914767,21695.901199,459.08526937084,0.679937,0.01457568456,89.785022,1.89985106552,0.0021334186,0.00010818588333333333,0.061947755932570125,48,1.006032,1.15077,0.1850323083
IAG,IAG,2026-06-11T00:00:00.000Z,2026-06-11,1591532.0059500001,34757.46784222107,66206.713434,1445.349874285749,1525325.292516,33312.11796793532,0,0,0.244238,0.005328432162,0,0,0.00143210424,0.00004769982,0.04159936131857677,0,0,0,0
IAG,IAG,2026-06-12T00:00:00.000Z,2026-06-12,1623555.9462690002,39722.82810118075,67054.970841,1640.397698333111,1556500.975428,38082.43040284764,16272.110721,413.571989088027,0.300025,0.007376572698,0.256271,0.006382755563,0.0014218007166666667,0.00004713965,0.04130020341841315,0,0,0,0
IAG,IAG,2026-06-13T00:00:00.000Z,2026-06-13,1630260.488172,44256.40971950261,52342.361475,1416.4126039782077,1577918.126697,42839.997115524406,0,0,0.170674,0.004623846811,0,0,0.0011051343333333334,0.000028620933333333332,0.032106747197891784,101.02,2.81653862,1.15077,0.1995895488
IAG,IAG,2026-06-14T00:00:00.000Z,2026-06-14,1630261.943925,40578.84865608813,53452.394076,1332.9972604673487,1576809.549849,39245.85139562078,7432.80752,186.233551466695,0.155882,0.003895823759,0.022652,0.00057039492,0.0011285807,0.00002971714,0.03278761299276717,0,0,0,0
IAG,IAG,2026-06-15T00:00:00.000Z,2026-06-15,1630267.2401750002,40323.57333202538,48975.314866,1211.3717541241383,1581291.925309,39112.20157790124,0,0,0.146416,0.00361874056,0,0,0.0010339981833333333,0.0000248501,0.030041280140215995,0,0,0,0
IAG,IAG,2026-06-16T00:00:00.000Z,2026-06-16,1630267.3866090002,39877.15540375114,48975.461299999995,1197.9642647303408,1581291.925309,38679.1911390208,0,0,0.146416,0.0035809246,0,0,0.0010340011833333334,0.00002485025,0.030041367263921193,0,0,0,0
IAG,IAG,2026-06-17T00:00:00.000Z,2026-06-17,1630267.5206270001,39602.132550791444,48975.595318,1189.705359570279,1581291.925309,38412.42719122116,0,0,0.120952,0.0029374082,0,0,0.00103400392,0.00002485038,0.03004144700101201,0,0,0,0
IAG,IAG,2026-06-18T00:00:00.000Z,2026-06-18,1630267.656132,38399.05265844755,48975.730823,1153.5661983735815,1581291.925309,37245.48646007397,0,0,0.1496,0.0035234236879999998,0,0,0.0010340067166666666,0.000024850533333333332,0.030041527622133656,0,0,0,0
IAG,IAG,2026-06-19T00:00:00.000Z,2026-06-19,1630267.791213,38148.59237440668,48975.865904,1146.0450637910249,1581291.925309,37002.54731061566,0,0,0.120952,0.002829490344,0,0,0.0010340095,0.00002485064,0.030041607990896283,0,0,0,0
IAG,IAG,2026-06-20T00:00:00.000Z,2026-06-20,1630267.926719,37837.7034400469,48976.00141,1136.7084995876664,1581291.925309,36700.99494045923,0,0,0.146416,0.003398544632,0,0,0.00103401225,0.000024850766666666666,0.030041688612843998,0,0,0,0
IAG,IAG,2026-06-21T00:00:00.000Z,2026-06-21,1630268.073155,37805.64490307526,48976.147846,1135.748703813769,1581291.925309,36669.89619926149,0,0,0.146416,0.003396405928,0,0,0.00103401525,0.000024850933333333333,0.030041775737665755,0,0,0,0
IAG,IAG,2026-06-22T00:00:00.000Z,2026-06-22,1609810.063338,36987.402610607875,48976.282732,1125.2594751907461,1560833.780606,35862.14313541713,0,0,0.125264,0.00287789672,0,0,0.00104720758,0.00002548992,0.030424857483757037,0,0,0,0
IAG,IAG,2026-06-23T00:00:00.000Z,2026-06-23,1604695.663168,34213.181296648225,48976.418738,1044.2098592376683,1555719.24443,33168.97143741055,0,0,0.148672,0.003169350912,0,0,0.0010505077833333333,0.000025649766666666666,0.030520689911272405,0,0,0,0
IAG,IAG,2026-06-24T00:00:00.000Z,2026-06-24,1604695.811858,29552.880392188,48976.567427999995,901.9769271429027,1555719.24443,28650.903465045096,0,0,0.148672,0.002735584192,0,0,0.0010505108833333333,0.000025649933333333333,0.030520779742552295,0,0,0,0
IAG,IAG,2026-06-25T00:00:00.000Z,2026-06-25,1604695.948588,31928.956251244737,48976.704158,974.4993009721408,1555719.24443,30954.456950272597,0,0,0.122816,0.002448265856,0,0,0.00105051372,0.00002565006,0.030520862348226714,0,0,0,0
IAG,IAG,2026-06-26T00:00:00.000Z,2026-06-26,1604696.085533,32649.414000293425,48976.841103,996.4909665799072,1555719.24443,31652.92303371352,0,0,0.148672,0.003023270976,0,0,0.0010505165666666668,0.0000256502,0.0305209450840611,0,0,0,0
IAG,IAG,2026-06-27T00:00:00.000Z,2026-06-27,1604696.222048,31986.08885793127,48976.977618,976.2483025569679,1555719.24443,31009.840555374303,0,0,0.126048,0.002513642752,0,0,0.00105051942,0.00002565034,0.030521027559532916,0,0,0,0
IAG,IAG,2026-06-28T00:00:00.000Z,2026-06-28,1604696.3581319998,31341.59201405815,48977.113701999995,956.580164555081,1555719.24443,30385.01184950307,0,0,0.148672,0.002902895136,0,0,0.00105052225,0.000025650466666666668,0.030521109774641474,0,0,0,0
IAG,IAG,2026-06-29T00:00:00.000Z,2026-06-29,1604696.5078989998,32347.472216719358,48977.263469,987.2836874994181,1555719.24443,31360.18852921994,0,0,0.148674,0.002996754488,0,0,0.00105052535,0.000025650633333333335,0.030521200256816143,0,0,0,0
IAG,IAG,2026-06-30T00:00:00.000Z,2026-06-30,1604696.644201,31768.500387872526,48977.399771,969.6153620429274,1555719.24443,30798.885025829597,0,0,0.122822,0.00242842061,0,0,0.0010505282,0.00002565076,0.03052128260378196,0,0,0,0
IAG,IAG,2026-07-01T00:00:00.000Z,2026-07-01,1604696.794482,33127.62809512202,73410.883385,1526.3997265683581,1531285.911097,31601.228368553657,0,0,0.229318,0.004768663216,0,0,0.0015757077,0.00008965345,0.04574750924662615,0,0,0,0
IAG,IAG,2026-07-02T00:00:00.000Z,2026-07-02,1604698.295466,33446.19165522859,195579.051036,4076.388949988909,1409119.24443,29369.80270523968,0,0,2.384082,0.049683076587,0,0,0.004201618233333333,0.0004096712833333333,0.1218790171262698,0,0,0,0
IAG,IAG,2026-07-03T00:00:00.000Z,2026-07-03,1604700.354374,35856.06690945803,194695.092203,4349.457008021881,1410005.262171,31506.60990143615,4430.694695,103.611795442575,1.960088,0.04376823283,3.029953,0.070855450905,0.00418258386,0.00040600534,0.1213280048457399,0,0,0,0
IAG,IAG,2026-07-04T00:00:00.000Z,2026-07-04,1604701.988705,37274.82054561546,191152.655571,4440.189860912345,1413549.333134,32834.630684703116,0,0,2.277364,0.052859206116,0,0,0.0041063217,0.00039131718333333334,0.11912034565684836,0,0,0,0
IAG,IAG,2026-07-05T00:00:00.000Z,2026-07-05,1604704.076322,37522.47433658833,191154.743188,4469.732989782632,1413549.333134,33052.7413468057,0,0,1.88132,0.043994073196,0,0,0.0041063613,0.0003913247,0.11912149162467207,0,0,0,0
IAG,IAG,2026-07-06T00:00:00.000Z,2026-07-06,1604706.180465,36428.702353270426,191156.847331,4339.48335023997,1413549.333134,32089.219003030455,0,0,2.326922,0.052835782513,0,0,0.0041064012,0.0003913323,0.11912264666122604,0,0,0,0
IAG,IAG,2026-07-07T00:00:00.000Z,2026-07-07,1604708.457917,35464.85912763324,191159.124783,4224.712090705273,1413549.333134,31240.147036927963,0,0,2.277439,0.050325014091,0,0,0.0041064444,0.00039134053333333334,0.11912389682958742,0,0,0,0
IAG,IAG,2026-07-08T00:00:00.000Z,2026-07-08,1604710.5423029999,33578.88879489172,191161.209169,4000.0862891961415,1413549.333134,29578.802505695578,0,0,1.881387,0.039343810661,0,0,0.00410648392,0.00039134806,0.11912504101509035,0,0,0,0
IAG,IAG,2026-07-09T00:00:00.000Z,2026-07-09,1604712.633315,32379.08929234639,191163.300181,3857.197623035107,1413549.333134,28521.891669311284,0,0,2.277491,0.04595818572,0,0,0.004106523533333333,0.0003913555833333333,0.11912618883383984,0,0,0,0
IAG,IAG,2026-07-10T00:00:00.000Z,2026-07-10,1604714.910842,33609.68402835682,191165.577708,4003.8356120872822,1413549.333134,29605.848416269542,0,0,2.277522,0.047719334382,0,0,0.004106566716666667,0.0003913638166666667,0.11912743903377392,0,0,0,0
IAG,IAG,2026-07-11T00:00:00.000Z,2026-07-11,1604717.018405,33300.76662022948,191167.685271,3967.0735688993386,1413549.333134,29333.69305133014,0,0,1.930966,0.040080368264,0,0,0.00410660666,0.00039137144,0.11912859593193216,0,0,0,0
IAG,IAG,2026-07-12T00:00:00.000Z,2026-07-12,1604719.102885,32645.870403278328,191169.76975099999,3889.093953111276,1413549.333134,28756.776450167054,0,0,2.27757,0.046336615321,0,0,0.0041066462,0.00039137895,0.11912974015653091,0,0,0,0
IAG,IAG,2026-07-13T00:00:00.000Z,2026-07-13,1604721.1873869998,31749.087685708568,191171.854253,3782.296839519008,1413549.333134,27966.79084618956,0,0,1.881493,0.037228804238,0,0,0.00410668574,0.00039138648,0.11913088439014476,0,0,0,0
IAG,IAG,2026-07-14T00:00:00.000Z,2026-07-14,1604723.278515,31841.721826641253,191173.945381,3793.3691839298563,1413549.333134,28048.352642711397,0,0,2.277623,0.045188833446,0,0,0.0041067254,0.0003913940333333333,0.11913203225745074,0,0,0,0
IAG,IAG,2026-07-15T00:00:00.000Z,2026-07-15,1604725.556169,33683.45679893532,191176.223035,4012.8207048971426,1413549.333134,29670.636094038182,0,0,2.277648,0.047828379259,0,0,0.0041067686,0.00039140226666666667,0.1191332825102365,0,0,0,0
IAG,IAG,2026-07-16T00:00:00.000Z,2026-07-16,1601187.539862,33479.23028252122,191178.31144299998,3997.347325504166,1410009.228419,29481.88295701705,0,0,1.884233,0.039400058866,0,0,0.00411593706,0.00039315294,0.11939870313672128,0,0,0,0
IAG,IAG,2026-07-17T00:00:00.000Z,2026-07-17,1595879.4987020001,33366.64895726708,193680.427355,4050.7816068773354,1402199.071347,29315.867350389744,0,0,2.345896,0.049060664934,0,0,0.004183787116666666,0.0004062728,0.12136281378966898,0,0,0,0
IAG,IAG,2026-07-18T00:00:00.000Z,2026-07-18,1595881.919435,35051.152477953074,196182.848088,4308.861924423237,1399699.071347,30742.290553529834,0,0,2.471091,0.054303223444,0,0,0.0042379496,0.0004167792166666667,0.12293067908024324,0,0,0,0
IAG,IAG,2026-07-19T00:00:00.000Z,2026-07-19,1595884.132934,35587.89706483374,196185.061587,4374.88771360991,1399699.071347,31213.00935122383,0,0,1.997926,0.044546126804,0,0,0.00423799164,0.00041678748,0.12293189557949771,0,0,0,0
IAG,IAG,2026-07-20T00:00:00.000Z,2026-07-20,1595886.3534690002,35859.30039351495,196187.282122,4408.295543526424,1399699.071347,31451.00484998853,0,0,2.41857,0.054332753692,0,0,0.0042380338,0.00041679576666666664,0.12293311594248513,0,0,0,0
IAG,IAG,2026-07-21T00:00:00.000Z,2026-07-21,1595884.019343,37681.37475479039,190712.000902,4502.627092210436,1405172.018441,33178.74766257995,6846.81619,161.55062800305,1.899375,0.044850975847,28.16161,0.66447318795,0.00411952132,0.00039391556,0.11950241706953556,0,0,0,0
IAG,IAG,2026-07-22T00:00:00.000Z,2026-07-22,1595884.963537,36437.51164363524,189344.708322,4323.150113190488,1406540.255215,32114.36153044475,0,0,2.295971,0.052444375335,0,0,0.0040899224,0.000388201,0.11864558702409121,0,0,0,0
IAG,IAG,2026-07-23T00:00:00.000Z,2026-07-23,1595887.21883,37148.26444939458,189346.963615,4407.52365862741,1406540.255215,32740.740790767166,0,0,2.247147,0.052292720025,0,0,0.0040899654166666665,0.00038820915,0.11864683254605746,0,0,0,0
IAG,IAG,2026-07-24T00:00:00.000Z,2026-07-24,1595889.2754849999,36456.81376412152,189349.02027,4325.526865939015,1406540.255215,32131.286898182505,0,0,1.856356,0.042405912025,0,0,0.00409000464,0.0003882166,0.1186479683638927,0,0,0,0
IAG,IAG,2026-07-25T00:00:00.000Z,2026-07-25,1595891.3386769998,35160.145809495814,189351.083462,4171.719753350671,1406540.255215,30988.42605614514,0,0,2.247193,0.049506538469,0,0,0.0040900440166666665,0.00038822405,0.11864910778863057,0,0,0,0
IAG,IAG,2026-07-26T00:00:00.000Z,2026-07-26,1595893.5859039999,34714.67525069284,189353.330689,4118.908349128546,1406540.255215,30595.76690156429,0,0,2.247221,0.048889807895,0,0,0.004090086866666667,0.0003882322,0.11865034884592417,0,0,0,0
IAG,IAG,2026-07-27T00:00:00.000Z,2026-07-27,1595895.655656,35109.70439617601,189355.400441,4165.818781446003,1406540.255215,30943.885614730003,0,0,1.905274,0.041917395236,0,0,0.00409012636,0.00038823968,0.11865149188757684,0,0,0,0
IAG,IAG,2026-07-28T00:00:00.000Z,2026-07-28,1592896.484199,34029.31297064452,189357.47065099998,4045.2751010496695,1403539.013548,29984.03786959485,0,0,2.254655,0.048143169576,0,0,0.00409788805,0.00038971305,0.11887619348104342,0,0,0,0
IAG,IAG,2026-07-29T00:00:00.000Z,2026-07-29,1592898.5489400001,34631.84456387511,189359.535392,4116.9414547226215,1403539.013548,30514.903109152485,0,0,1.863653,0.04050252523,0,0,0.00409792752,0.00038972056,0.11887733560789286,0,0,0,0
IAG,IAG,2026-07-30T00:00:00.000Z,2026-07-30,1592900.620243,35076.20273721773,189361.606695,4169.805812552922,1403539.013548,30906.396924664812,0,0,2.256026,0.049680832665,0,0,0.0040979671,0.00038972808333333334,0.11887848136162625,0,0,0,0
IAG,IAG,2026-07-31T00:00:00.000Z,2026-07-31,1530257.544415,32630.375198419937,189363.903345,4036.7017284307526,1340893.64107,28593.673469989186,0,0,2.332369,0.049714047893,0,0,0.00426752285,0.0004227428333333333,0.12378660579857871,0,0,0,0
IAG,IAG,2026-08-01T00:00:00.000Z,2026-08-01,1521935.975405,33377.70262723961,189366.08316399998,4152.911939691467,1332569.892241,29224.790687548146,0,0,2.002714,0.043904264583,0,0,0.00428968792,0.0004270195,0.1244282422206976,0,0,0,0
IAG,IAG,2026-08-02T00:00:00.000Z,2026-08-02,1517732.808865,34594.69585789632,189368.246793,4316.396818214505,1328364.562072,30278.29903968181,0,0,2.369348,0.054017941682,0,0,0.0043015116,0.0004293613166666667,0.12477047717918215,0,0,0,0
