marketId,marketDisplayName,timestamp,date,supply,supplyInUsd,borrow,borrowInUsd,liquidity,liquidityInUsd,debtRepaid,debtRepaidInUsd,interestAccrued,interestAccruedInUsd,interestRepaid,interestRepaidInUsd,borrowApr,supplyApy,utilizationPercentage,loanOriginationFees,loanOriginationFeesInUsd,loanOriginationFeesMinAda,loanOriginationFeesMinAdaInUsd
IUSD,iUSD,2023-05-30T00:00:00.000Z,2023-05-30,0,0,0,0,0,0,0,0,0,0,0,0,0,0,0,0,0,0,0
IUSD,iUSD,2023-05-31T00:00:00.000Z,2023-05-31,157923.778154,156385.84885761995,75976.478752,75171.00413193327,81947.299402,81214.84472568668,0,0,5.462638,5.390435344385,0,0,0.035060377266666665,0.010548238461538462,0.21106104885313903,0,0,0,0
IUSD,iUSD,2023-06-01T00:00:00.000Z,2023-06-01,1133246.110132,1138713.6073478917,623534.360797,627261.4213794592,509711.749335,511452.18596843246,14104.010076,14259.685993065481,85.145142,85.704872085366,4.803505,4.871487831376,0.048222412052808986,0.021894454979775282,0.5418811300055817,0,0,0,0
IUSD,iUSD,2023-06-02T00:00:00.000Z,2023-06-02,1197911.673779,1218917.5028981268,795641.210394,809553.2069271674,402270.463385,409364.2959709596,25662.734443,25945.024521873,162.297692,165.131824387,16.356458,16.536379038,0.07153251004166666,0.03816455056458333,0.6643466700605388,0,0,0,0
IUSD,iUSD,2023-06-03T00:00:00.000Z,2023-06-03,1351816.695069,1366720.5526909747,902518.9300419999,912397.216801676,449297.765027,454323.33588929876,101165.861178,104075.54428037522,201.331815,203.496124512779,13.266349,13.478033807908,0.07609208492234043,0.041001831561702125,0.6667144163425955,0,0,0,0
IUSD,iUSD,2023-06-04T00:00:00.000Z,2023-06-04,1481479.530902,1497471.2045280563,974954.952314,985595.8176930735,506524.578588,511875.38683498284,31619.999998,32024.699997961,214.006157,216.539471133,22.960935,23.356721727,0.0731995060712766,0.038980498788297874,0.659057081950625,0,0,0,0
IUSD,iUSD,2023-06-05T00:00:00.000Z,2023-06-05,1747624.6289539998,1745590.5940911472,1002554.460461,1002367.6252039324,745070.168493,743222.9688872149,16159.368597,15789.197220443777,150.249989,150.129949096322,48.970994,48.101042311198,0.04833691455053763,0.023212236176344086,0.5862466709866548,0,0,0,0
IUSD,iUSD,2023-06-06T00:00:00.000Z,2023-06-06,2941677.427995,2955623.740462616,1023060.4151600001,1027985.1017663658,1918617.012835,1927638.6386962505,3913.053627,3925.132485061828,117.190678,117.775291119038,26.811298,26.811266567414,0.03400866739574468,0.009462711560638298,0.34778884955896894,0,0,0,0
IUSD,iUSD,2023-06-07T00:00:00.000Z,2023-06-07,2857827.634444,2825569.3697021515,1060366.6811549999,1048146.6062025178,1797460.953289,1777422.7634996336,28468.410576,27946.592697841104,132.048888,130.49811005323,72.832089,71.560679042369,0.03501406204361702,0.010462067507446809,0.3725523110866882,0,0,0,0
IUSD,iUSD,2023-06-08T00:00:00.000Z,2023-06-08,2768806.4913109997,2748697.391125406,1109473.223548,1101460.0824846548,1659333.267763,1647237.3086407513,0,0,143.263139,142.270486181085,0,0,0.03616691182386363,0.011610645755681819,0.400946053862646,0,0,0,0
IUSD,iUSD,2023-06-09T00:00:00.000Z,2023-06-09,2775442.0808150005,2766447.8644484626,1155881.5771110002,1151706.9925664803,1619560.503704,1614740.871881982,82706.013252,84216.4323201511,154.993035,154.450878226004,192.748834,195.526767175036,0.036920404531182796,0.012424737749462365,0.4194650314654635,0,0,0,0
IUSD,iUSD,2023-06-10T00:00:00.000Z,2023-06-10,3595579.996533,3505456.111041881,999548.246667,974601.1987389361,2596031.749866,2530854.9123029453,202668.505211,194465.38190505188,136.074272,132.365856786686,192.883541,187.322336441687,0.031176452270588236,0.0069323920764705884,0.2778546435796974,0,0,0,0
IUSD,iUSD,2023-06-11T00:00:00.000Z,2023-06-11,3648660.011121,3583372.4767567664,1179357.283056,1158589.0435720854,2469302.728065,2424783.433184681,12671.653217,12334.684142101103,165.157239,162.346885068024,26.557919,25.907968557836,0.0330174538375,0.008544284461458333,0.3233336141484524,0,0,0,0
IUSD,iUSD,2023-06-12T00:00:00.000Z,2023-06-12,3783391.723078,3802916.336290098,1309457.065515,1316464.3781046725,2473934.657563,2486451.958185425,4866.487922,4908.137384738542,183.783589,184.769191477558,4.673336,4.729966347437,0.0339370473631579,0.00940037244105263,0.3460193678260879,0,0,0,0
IUSD,iUSD,2023-06-13T00:00:00.000Z,2023-06-13,3836982.673534,3840673.2958157286,1369789.818052,1371028.4311394242,2467192.855482,2469644.864676304,37610.966299,37989.66794293046,197.396224,197.687824163753,41.15725,41.77998328728,0.0343837877625,0.009821795886458333,0.3570367508394504,0,0,0,0
IUSD,iUSD,2023-06-14T00:00:00.000Z,2023-06-14,3792563.504757,3781471.435879804,1384106.374447,1379954.4709337999,2408457.13031,2401516.964946004,12527.983956,12537.980263993815,197.081656,196.541784484236,8.062839,8.045184770493,0.034713350813829785,0.010143184986170213,0.36515788659375864,0,0,0,0
IUSD,iUSD,2023-06-15T00:00:00.000Z,2023-06-15,3737276.516644,3774491.7863941425,1398275.676362,1412327.421514264,2339000.840282,2362164.3648798782,9653.24845,9671.233389824,203.537489,205.62078234255,11.23094,11.236640709022,0.03508100283958333,0.010503618463541666,0.37421644931489534,0,0,0,0
IUSD,iUSD,2023-06-16T00:00:00.000Z,2023-06-16,3718017.8100529998,3777505.773520572,1401884.095487,1424428.014182789,2316133.714566,2353077.759337783,15435.730265,15600.509248275,204.995018,208.289856101854,58.602025,59.264295759,0.03520203834,0.010624278909473685,0.37719740850310574,0,0,0,0
IUSD,iUSD,2023-06-17T00:00:00.000Z,2023-06-17,3706679.653445,3759776.5367207415,1421756.487671,1441926.461398679,2284923.165774,2317850.0753220622,187.94,189.44352,213.800653,216.798488690791,13.7414,13.8513312,0.035464933550515464,0.010887834277319588,0.38367129663131894,0,0,0,0
IUSD,iUSD,2023-06-18T00:00:00.000Z,2023-06-18,3665225.676389,3710099.482864432,1453802.276776,1471341.5836894617,2211423.399613,2238757.89917497,2468.459999,2471.725979010807,215.542324,218.04811515494,27.016378,27.390234485625,0.03599717933368421,0.011428488824210527,0.39677369578318894,0,0,0,0
IUSD,iUSD,2023-06-19T00:00:00.000Z,2023-06-19,3632571.8441049997,3706186.0811905563,1484459.4644850001,1514875.2087924706,2148112.37962,2191310.872398086,1580.188983,1646.567772452,222.883538,227.443753200655,117.99621,122.258729048,0.0364869688,0.011935731714736842,0.40882497482320607,0,0,0,0
IUSD,iUSD,2023-06-20T00:00:00.000Z,2023-06-20,3582358.338378,3692725.427399162,1493279.5386259998,1539493.5129725565,2089078.799752,2153231.9144266057,8002.694793,8245.670247203,228.664717,235.601182095,104.887565,107.986731736,0.036823570350515464,0.012291704882474226,0.41710253457858554,0,0,0,0
IUSD,iUSD,2023-06-21T00:00:00.000Z,2023-06-21,3509950.824255,3596295.9812351908,1495671.713059,1532333.451765379,2014279.111196,2063962.5294698118,11251.543914,11520.949609518,238.254402,244.247156784,57.222423,58.59807292,0.03719845188265306,0.01269014475,0.4263202423458924,0,0,0,0
IUSD,iUSD,2023-06-22T00:00:00.000Z,2023-06-22,3576307.076556,3620146.318563259,1589555.663879,1608817.4421058309,1986751.412677,2011328.876457428,12400,12557.57,247.849489,250.691923864815,25.484967,25.564838105616,0.037939860108333334,0.013499773391666667,0.4445369575507515,0,0,0,0
IUSD,iUSD,2023-06-23T00:00:00.000Z,2023-06-23,3660546.389354,3729788.1466125837,1682194.9828599999,1713991.0402400019,1978351.406494,2015797.106372582,16878.158123,17180.528070051,261.999945,266.937690895,16.719065,17.032640238,0.038554934572916665,0.014178795879166668,0.45964508777067903,0,0,0,0
IUSD,iUSD,2023-06-24T00:00:00.000Z,2023-06-24,3637045.470389,3700714.992381434,1677773.707032,1707252.035971206,1959271.763357,1993462.9564102278,38710.121274,39664.323699474,262.586392,267.237580073,100.49543,103.039971012,0.03863001704631579,0.014264339174736842,0.46148771744606,0,0,0,0
IUSD,iUSD,2023-06-25T00:00:00.000Z,2023-06-25,3639226.780301,3748467.667307327,1664084.5182450002,1714145.5795648347,1975142.262056,2034322.0877424923,10,10.22,260.704038,268.598718859,1.484659,1.517321498,0.03846409450927835,0.01407798391443299,0.45741409841499825,0,0,0,0
IUSD,iUSD,2023-06-26T00:00:00.000Z,2023-06-26,3670824.204167,3747530.9061884154,1678273.9060230001,1713205.7686481194,1992550.298144,2034325.1375402962,1377.286615,1387.111675161449,262.602084,267.943665630164,10.853172,10.999305616841,0.038460313059375,0.014073257213541667,0.45732155291010895,0,0,0,0
IUSD,iUSD,2023-06-27T00:00:00.000Z,2023-06-27,3587543.216372,3661480.2457578895,1651790.612197,1685974.5218175256,1935752.604175,1975505.7239403639,52426.12428,52925.420641322,267.494195,273.088584072,58.921671,59.681585593,0.03859693255257732,0.014228597693814434,0.46067458045955145,0,0,0,0
IUSD,iUSD,2023-06-28T00:00:00.000Z,2023-06-28,3582367.435182,3585556.7463031495,1652593.050239,1654149.8135613564,1929774.384943,1931406.9327417933,44816.188871,44852.241949700045,261.788117,261.898554018215,179.726647,179.746141949036,0.03862978071145833,0.01426435219375,0.46148174466465874,0,0,0,0
IUSD,iUSD,2023-06-29T00:00:00.000Z,2023-06-29,3618279.6019510003,3685637.6665164074,1701523.051189,1733330.0821156353,1916756.550762,1952307.584400772,35552.415033,36549.252778383,271.401122,276.589370596,60.952502,62.276955231,0.03899434121894737,0.014678664762105264,0.4704292121951969,0,0,0,0
IUSD,iUSD,2023-06-30T00:00:00.000Z,2023-06-30,3590722.031825,3680646.892233031,1763015.491897,1807042.3370646525,1827706.539928,1873604.5551683784,10262.283582,10550.330155054,286.315023,293.615964983404,22.257438,22.882584803,0.03983987596907217,0.015658549806185567,0.4911696870794755,0,0,0,0
IUSD,iUSD,2023-07-01T00:00:00.000Z,2023-07-01,3623373.299816,3710767.433356284,1804617.037473,1848356.5663275796,1818756.262343,1862410.8670287046,1649.288272,1691.568343616,198.810429,203.60661222,3.638334,3.735981468,0.04012820400515464,0.015999755598969073,0.4982378774739464,0,0,0,0
IUSD,iUSD,2023-07-02T00:00:00.000Z,2023-07-02,3593797.7045569997,3695676.1879208223,1834120.068313,1886105.2111811077,1759677.636244,1809570.9767397146,80,81.92,199.946367,205.593740427,0,0,0.040629294265625,0.016596641809375,0.5105194179108783,0,0,0,0
IUSD,iUSD,2023-07-03T00:00:00.000Z,2023-07-03,3608884.4530499997,3689774.84844683,1850059.9514239999,1891465.6965252068,1758824.501626,1798309.1519216234,655.906904,673.738652952,202.352022,206.929318205,21.622804,22.20414422,0.04072087783469388,0.016706571986734694,0.5127635842902412,0,0,0,0
IUSD,iUSD,2023-07-04T00:00:00.000Z,2023-07-04,3611570.285358,3720188.7273341184,1863617.395743,1919825.5704180957,1747952.889615,1800363.156916023,26604.583261,27590.046027187,205.767378,212.007474554,174.229436,180.802543843,0.040859162125531916,0.01687368979574468,0.5161514137341338,0,0,0,0
IUSD,iUSD,2023-07-05T00:00:00.000Z,2023-07-05,3562198.8835549997,3665647.1160967606,1852930.227525,1906523.6311555095,1709268.65603,1759123.484941251,1770.263345,1838.755833252,207.361628,213.265448897872,82.966095,86.273287566,0.041027865116666666,0.017079501817708332,0.5202832878601896,0,0,0,0
IUSD,iUSD,2023-07-06T00:00:00.000Z,2023-07-06,3603986.907126,3680805.650082129,1873317.314188,1913270.787064988,1730669.592938,1767534.8630171411,5674.263998,5776.04660001,209.722896,214.122334841,1.680758,1.711191194,0.041012420603125,0.0170602418125,0.5199052769099867,0,0,0,0
IUSD,iUSD,2023-07-07T00:00:00.000Z,2023-07-07,3653426.2616250003,3736555.1197785353,1883939.756293,1926789.867118738,1769486.505332,1809765.2526597974,0,0,210.69522,215.431253021,0,0,0.040844715973195875,0.01685674702371134,0.5157971816985857,0,0,0,0
IUSD,iUSD,2023-07-08T00:00:00.000Z,2023-07-08,3690405.099992,3736824.218942111,1954241.652552,1978803.9676154365,1736163.44744,1758020.2513266744,28.48328,28.68266296,226.643406,229.439378411348,7.057901,7.107306307,0.04141531090105263,0.017563360888421052,0.5297657617892525,0,0,0,0
IUSD,iUSD,2023-07-09T00:00:00.000Z,2023-07-09,3703403.5470080003,3768218.4308967115,2030851.9999660002,2066386.5983693413,1672551.547042,1701831.8325273704,33899.999999,34476.299998983,236.462931,240.641189305,101.690054,103.418784918,0.04218220864408602,0.01851313640860215,0.548539935106793,0,0,0,0
IUSD,iUSD,2023-07-10T00:00:00.000Z,2023-07-10,3744507.7372439997,3810721.958999674,2026532.8799329998,2062368.2810055453,1717974.857311,1748353.6779941288,3487.855279,3548.422868128,242.857337,247.136986937,67.101482,68.65167089,0.04188586696195652,0.018139653395652173,0.5412892541213963,0,0,0,0
IUSD,iUSD,2023-07-11T00:00:00.000Z,2023-07-11,3759266.811168,3849820.7675173106,2057878.246669,2107464.683594568,1701388.564499,1742356.0839227426,3946.433193,4058.202181282,247.785677,253.776767095514,36.772779,37.838119199,0.04214295920631579,0.018465102469473683,0.5475787311154335,0,0,0,0
IUSD,iUSD,2023-07-12T00:00:00.000Z,2023-07-12,3807117.314913,3891810.3389511835,2118491.386411,2165543.4279222367,1688625.928502,1726266.911028947,11999.857332,12497.809398349,264.59684,270.387223859,82.430228,85.441234786,0.042509676403125,0.018929477610416665,0.556549966056261,0,0,0,0
IUSD,iUSD,2023-07-13T00:00:00.000Z,2023-07-13,3797094.759288,3853894.8672375605,2136551.811005,2167887.540027642,1660542.948283,1686007.3272099183,28160.103578,28247.900577977474,264.896828,268.538454788826,150.279388,154.823577790093,0.0427706253326087,0.01926942738695652,0.5629279070366507,0,0,0,0
IUSD,iUSD,2023-07-14T00:00:00.000Z,2023-07-14,3873943.832531,3859725.6066118525,2333024.710548,2324354.8081279686,1540919.121983,1535370.7984838837,76057.559451,76331.5743955987,311.703576,310.473916982673,792.350782,789.817239393987,0.04445448520631579,0.02143412126,0.6024433440754207,0,0,0,0
IUSD,iUSD,2023-07-15T00:00:00.000Z,2023-07-15,3833997.1119069997,3791791.8581303474,2345871.44288,2320105.5045525054,1488125.669027,1471686.353577842,24067.495345,23889.62485712199,329.697732,326.073348414364,211.080828,209.121406306894,0.04485305564791667,0.02196377799375,0.6119604471751634,0,0,0,0
IUSD,iUSD,2023-07-16T00:00:00.000Z,2023-07-16,3939138.1200510003,3914246.706270553,2349832.805435,2334984.211937343,1589305.314616,1579262.4943332106,32089.991045,31887.214391586647,326.185607,324.124440149367,118.39296,117.64483488575999,0.044153772066666666,0.021081989960416665,0.5967273312799275,0,0,0,0
IUSD,iUSD,2023-07-17T00:00:00.000Z,2023-07-17,4002113.6438309997,3976824.287715724,2308689.533752,2294100.9245887743,1693424.110079,1682723.3631269499,128878.350953,128063.96865332799,317.292391,315.287420381271,287.467103,285.650598376143,0.04334231208762886,0.020008238049484536,0.5769043349801604,0,0,0,0
IUSD,iUSD,2023-07-18T00:00:00.000Z,2023-07-18,3967708.8682970004,3942636.9159586,2236270.6761270002,2222139.681724543,1731438.19217,1720497.234234057,3919.283667,3894.517713508227,314.735692,312.746877162252,20.713005,20.582119521405,0.042809563427835054,0.01931667417113402,0.5638817342982061,0,0,0,0
IUSD,iUSD,2023-07-19T00:00:00.000Z,2023-07-19,3875969.321018,3851477.070878671,2240636.961354,2226478.3763957117,1635332.359664,1624998.6944829593,15331.486699,15234.607034549019,315.603335,313.609037526135,199.084425,197.826410518425,0.04339350011630435,0.02007209424673913,0.5781571693467896,0,0,0,0
IUSD,iUSD,2023-07-20T00:00:00.000Z,2023-07-20,4022914.8244390003,3997494.0256633386,2321202.913499,2306535.2322885892,1701711.91094,1690958.7933747494,80776.716619,80266.28854668455,325.257534,323.202231642654,131.861023,131.027793195663,0.043346520705208336,0.020014089327083335,0.5770069742153235,0,0,0,0
IUSD,iUSD,2023-07-21T00:00:00.000Z,2023-07-21,4103712.1587159997,4077780.801585391,2390419.15879,2375314.1001255345,1713292.999926,1702466.7014598567,574,570.372894,343.564421,341.393437423701,1.426057,1.417045745817,0.04357510412268041,0.02031114484329897,0.5825943047468474,0,0,0,0
IUSD,iUSD,2023-07-22T00:00:00.000Z,2023-07-22,4137371.1175649995,4111227.0694733667,2393687.618798,2378561.9067349224,1743683.498767,1732665.1627384443,0,0,335.381891,333.262612830771,0,0,0.043410395224615386,0.02009316131076923,0.5785706852132089,0,0,0,0
IUSD,iUSD,2023-07-23T00:00:00.000Z,2023-07-23,4118458.215368,4092433.6779048205,2411403.641958,2396165.9823445193,1707054.57341,1696267.6955603012,1823.65315,1812.12948574515,339.800809,337.653607687929,17.552381,17.441467504461,0.043701672175,0.020479904530208332,0.585685427744404,0,0,0,0
IUSD,iUSD,2023-07-24T00:00:00.000Z,2023-07-24,4122380.145028,4096330.8248915994,2409534.7870940003,2394308.936774291,1712845.357934,1702021.8881173083,25,24.842025,341.389786,339.232543942266,6.574063,6.532521495903,0.04366134110729167,0.020426497982291666,0.5847002119603426,0,0,0,0
IUSD,iUSD,2023-07-25T00:00:00.000Z,2023-07-25,4113864.66395,4087869.1531375386,2394116.454667,2378988.032789201,1719748.209283,1708881.1203483378,41977.329101,41712.074358410784,350.917662,348.700213293822,59.85771,59.47946913051,0.0435555261655914,0.020286556582795698,0.5821152326509288,0,0,0,0
IUSD,iUSD,2023-07-26T00:00:00.000Z,2023-07-26,4122491.216701,4130707.6043862132,2389219.1510409997,2394258.0437553185,1733272.06566,1736449.560630895,3197.099575,3277.581469955064,366.617234,367.444699301363,85.294837,86.920254342919,0.04345951715612245,0.02016137070510204,0.5797687123121309,0,0,0,0
IUSD,iUSD,2023-07-27T00:00:00.000Z,2023-07-27,4115455.254287,4143178.875341786,2394502.1658199998,2410525.54515244,1720953.088467,1732653.3301893459,6944.185834,7042.29824804286,360.184112,362.708351482918,49.950455,50.684711392916,0.04355153080618557,0.02028222929896907,0.5820170441028717,0,0,0,0
IUSD,iUSD,2023-07-28T00:00:00.000Z,2023-07-28,4161604.4951400002,4167582.711982457,2420665.008928,2424267.7025210056,1740939.486212,1743315.0094614516,999.999999,1009.99999899,364.080095,364.726701079943,9.408842,9.50293042,0.043543300006185566,0.020270668670103093,0.581816384888139,0,0,0,0
IUSD,iUSD,2023-07-29T00:00:00.000Z,2023-07-29,4150145.041133,4168251.6360861906,2428779.642025,2439393.6319148885,1721365.399108,1728858.004171302,0,0,368.742829,370.278727101978,0,0,0.04369491942268041,0.020472715060824744,0.5855193983547843,0,0,0,0
IUSD,iUSD,2023-07-30T00:00:00.000Z,2023-07-30,4181694.8407739997,4186740.2000188436,2459057.02444,2461879.423759888,1722637.816334,1724860.7762589557,5405.412578,5360.819605497972,378.035502,378.438270511767,114.20988,113.158005075662,0.04380762129292929,0.020622062886868686,0.588272437643505,0,0,0,0
IUSD,iUSD,2023-07-31T00:00:00.000Z,2023-07-31,4268179.342088,4309244.24567314,2512843.9369,2536968.5131180026,1755335.405188,1772275.732555137,8261.643546,8351.977878777,386.912758,390.415128029397,30.107015,30.261745711,0.043831494426804125,0.020652529883505154,0.5888563162260495,0,0,0,0
IUSD,iUSD,2023-08-01T00:00:00.000Z,2023-08-01,4377391.972208,4423569.157814899,2585248.229541,2612666.674887114,1792143.742667,1810902.4829277857,8453.838087,8531.644801273,406.05091,410.381519675728,145.735408,146.074103085,0.04391004014141414,0.020757351636363636,0.5907745514161122,0,0,0,0
IUSD,iUSD,2023-08-02T00:00:00.000Z,2023-08-02,4383922.282169,4416107.977783394,2618620.9662740002,2637890.707558283,1765301.315895,1778217.2702251112,999.999999,1003.999998996,404.079362,407.0086910372,0.179931,0.180650724,0.044186345012371134,0.021126145717525774,0.5975224050539368,0,0,0,0
IUSD,iUSD,2023-08-03T00:00:00.000Z,2023-08-03,4342165.800393,4328012.886700952,2604842.971127,2596184.771917847,1737322.829266,1731828.114783105,27645.553773,27354.645722941546,407.776353,406.217119604731,42.043934,41.647923742211,0.04429545143225806,0.02127071526236559,0.6001295598890264,0,0,0,0
IUSD,iUSD,2023-08-04T00:00:00.000Z,2023-08-04,4453241.85575,4436184.709174014,2640535.885067,2630305.9543837216,1812705.970683,1805878.7547902924,16114.096208,16182.60477032488,413.249506,411.691828272601,470.405218,473.05995454306,0.044004782480612244,0.020882750480612246,0.593088973414913,0,0,0,0
IUSD,iUSD,2023-08-05T00:00:00.000Z,2023-08-05,4563713.045836,4534949.492743939,2661580.404466,2644894.0837453026,1902132.64137,1890055.4089986363,929.999998,927.586288005772,424.499335,421.861216187375,7.373157,7.354382091752,0.043605124907142856,0.020351471469387754,0.5833273084374021,0,0,0,0
IUSD,iUSD,2023-08-06T00:00:00.000Z,2023-08-06,4642588.148969,4652403.314740116,2681683.2748539997,2687346.9930636175,1960904.874115,1965056.321676498,1032.089304,1036.2294517162,417.642024,418.45982737041,1.748932,1.745739764167,0.04337343711875,0.020045208888541666,0.5776672605130906,0,0,0,0
IUSD,iUSD,2023-08-07T00:00:00.000Z,2023-08-07,4622913.696908,4600376.6182109,2688461.070173,2675339.38748113,1934452.626735,1925037.2307297692,23932.777521,23737.151436098116,421.142915,419.08577912286,544.490471,538.252055156916,0.04353931646804124,0.020265024897938144,0.5817192997236353,0,0,0,0
IUSD,iUSD,2023-08-08T00:00:00.000Z,2023-08-08,4476590.627078,4522193.199472906,2627225.885264,2653889.457601225,1849364.741814,1868303.741871681,53891.448126,54467.984033142,419.76928,424.109652892706,510.896168,516.938856479,0.043751908238541665,0.020544510242708335,0.5869137770238653,0,0,0,0
IUSD,iUSD,2023-08-09T00:00:00.000Z,2023-08-09,4578540.161531,4617348.029146963,2681668.907062,2704355.190605321,1896871.254469,1912992.838541642,49552.951806,50030.610661418,430.375007,433.884424536712,33.723835,34.000829992,0.04370661808383838,0.020485103533333333,0.5858070733270747,0,0,0,0
IUSD,iUSD,2023-08-10T00:00:00.000Z,2023-08-10,4544426.561152,4561457.543070327,2654916.6090300004,2664845.8898443785,1889509.952122,1896611.6532259479,5088.163588,5128.330432253,427.727926,429.361869254778,20.938711,21.105579749,0.04364305489375,0.020399794903125,0.5842550343049204,0,0,0,0
IUSD,iUSD,2023-08-11T00:00:00.000Z,2023-08-11,4573526.812689001,4574416.2414503675,2681393.814755,2681874.1816311264,1892132.997934,1892542.0598192408,10620.583738,10677.457640439416,441.643878,441.597949795014,27.590039,27.686296603104,0.04372746742323232,0.020511303734343435,0.5863172464769807,0,0,0,0
IUSD,iUSD,2023-08-12T00:00:00.000Z,2023-08-12,4695210.237077,4703672.21770469,2741924.730426,2746810.6939325114,1953285.506651,1956861.523772179,7842.710577,7818.378509460772,437.921999,438.641902043365,18.909894,18.865480076974,0.04363399739489796,0.020388283308163266,0.584033480557048,0,0,0,0
IUSD,iUSD,2023-08-13T00:00:00.000Z,2023-08-13,4704182.343552,4700049.944239292,2740230.59608,2737763.557919873,1963951.747472,1962286.3863194191,63646.040636,64342.20282837185,438.413267,437.988177311791,15.506694,15.521892995246,0.04357454861836735,0.020309917883673468,0.5825810350941941,0,0,0,0
IUSD,iUSD,2023-08-14T00:00:00.000Z,2023-08-14,4763970.573589999,4781905.452681873,2780084.9920799998,2790637.627568351,1983885.58151,1991267.825113522,57652.000226,58121.633228034,448.877962,451.174105476726,43.644536,44.024226778,0.04362108626296296,0.0203734150654321,0.5837167218966605,0,0,0,0
IUSD,iUSD,2023-08-15T00:00:00.000Z,2023-08-15,4762500.882952,4798932.9559011925,2807340.6283690003,2828824.654291931,1955160.254583,1970108.3016092612,12146.116868,12287.73862102,464.919473,468.437237226951,69.806037,70.667787211,0.04385980160510204,0.020687589978571428,0.589549292391606,0,0,0,0
IUSD,iUSD,2023-08-16T00:00:00.000Z,2023-08-16,4781848.90865,4800236.215837857,2825888.063752,2836749.238434075,1955960.844898,1963486.9774037818,24710.503892,24705.7605561168,459.853611,461.57329734915197,295.688222,297.091179458118,0.04392111899175258,0.02076990428659794,0.5910464827238212,0,0,0,0
IUSD,iUSD,2023-08-17T00:00:00.000Z,2023-08-17,4615241.941074,4623644.910321942,2758402.3817539997,2763051.7581725568,1856839.55932,1860593.152149385,139490.94705,136946.8360160821,465.438308,465.733504399745,1472.520453,1442.621353214711,0.044198709530612244,0.021140758563265305,0.5978255242163969,0,0,0,0
IUSD,iUSD,2023-08-18T00:00:00.000Z,2023-08-18,4308551.652484,4247230.318354065,2526039.427941,2490013.665999576,1782512.224543,1757216.652354489,68724.669563,67734.6814264971,458.429151,452.188911669885,571.462219,565.511960919615,0.04372725395773196,0.020511422206185567,0.5863117866828303,0,0,0,0
IUSD,iUSD,2023-08-19T00:00:00.000Z,2023-08-19,4412055.7485960005,4386521.296023113,2662630.7954860004,2647209.8386681606,1749424.95311,1739311.4573549523,17800.656264,17838.311110748007,489.86397,486.951250412486,31.110286,31.251680012669,0.044432036377777775,0.02145387548989899,0.6035227467121842,0,0,0,0
IUSD,iUSD,2023-08-20T00:00:00.000Z,2023-08-20,4437175.789655,4440354.509442298,2684664.03824,2686655.5092946426,1752511.751415,1753699.0001476551,26366.372294,26550.18405547,506.614003,506.828900687986,19.334584,19.524848388,0.04449590079081633,0.021539925420408165,0.6050819346867479,0,0,0,0
IUSD,iUSD,2023-08-21T00:00:00.000Z,2023-08-21,4430057.31245,4436827.700330633,2667007.577863,2671116.5357761453,1763049.734587,1765711.1645544877,1387.061707,1372.969465382869,496.124682,496.919472889897,0.691239,0.683229156006,0.04437332417010309,0.021375314017525772,0.6020890108215251,0,0,0,0
IUSD,iUSD,2023-08-22T00:00:00.000Z,2023-08-22,4441682.445427,4426232.375834691,2702147.31669,2692980.04886388,1739535.128737,1733252.3269708117,24082.502684,24109.530952374414,503.813926,502.039938229045,328.80746,330.643870628069,0.04471068559896907,0.021768732637113403,0.608431551224088,0,0,0,0
IUSD,iUSD,2023-08-23T00:00:00.000Z,2023-08-23,4455479.864915,4479007.552867793,2730428.581232,2744856.6631513727,1725051.283683,1734150.8897164203,52455.377508,52897.205285352,514.798451,517.301885212887,332.163083,336.056094715,0.044813960218367345,0.021972027295918368,0.6128448759073013,0,0,0,0
IUSD,iUSD,2023-08-24T00:00:00.000Z,2023-08-24,4478836.057767,4494794.523933842,2726812.729932,2736551.4301993074,1752023.327835,1758243.0937345347,22579.228472,22394.470140108617,526.079837,527.98299912692,177.228454,176.948518611189,0.044650563,0.021749923054639176,0.6088568801178775,0,0,0,0
IUSD,iUSD,2023-08-25T00:00:00.000Z,2023-08-25,4481528.582689,4465995.202141562,2745973.148561,2736392.6038743174,1735555.434128,1729602.5982672444,15530.907053,15506.97819865725,550.124675,548.203190974477,434.700159,434.133622657999,0.044886534496907216,0.022009325740206184,0.6128040047568445,0,0,0,0
IUSD,iUSD,2023-08-26T00:00:00.000Z,2023-08-26,4451040.328324,4482702.5055110715,2737073.6883960003,2756536.4824616443,1713966.639928,1726166.0230494267,23693.358431,23873.218732172,539.838201,543.72325857822,88.393886,89.176228713,0.0449004835,0.022090064910869567,0.6149563672264498,0,0,0,0
IUSD,iUSD,2023-08-27T00:00:00.000Z,2023-08-27,4474381.493976,4532302.513227565,2750475.9823829997,2785915.053366726,1723905.511593,1746387.4598608394,1999.999999,2040.999998987,551.225957,558.130526831544,29.316649,29.753344477,0.04509278807282609,0.022188568545652175,0.6148161248786368,0,0,0,0
IUSD,iUSD,2023-08-28T00:00:00.000Z,2023-08-28,4387293.406925,4444118.145756869,2735992.8916990003,2771376.047753145,1651300.515226,1672742.0980037234,72295.007413,73746.458853545,552.678894,559.657745435937,268.783337,277.362320634,0.045256433337234045,0.02257980021170213,0.6236403439425368,0,0,0,0
IUSD,iUSD,2023-08-29T00:00:00.000Z,2023-08-29,4440948.675629,4488526.5958547415,2746779.819819,2776193.733811193,1694168.85581,1712332.8620435481,6440.541989,6550.269431934,561.860407,567.60625040917,398.495681,403.707131079,0.04529790575578947,0.022424308535789472,0.6185332269397952,0,0,0,0
IUSD,iUSD,2023-08-30T00:00:00.000Z,2023-08-30,4609358.986966999,4680557.558972782,2833351.8842869997,2877200.17572218,1776007.10268,1803357.3832506023,1610.122482,1638.86183074,568.445296,577.131824144504,91.091654,92.575126297,0.04514026000625,0.022214478678125,0.6148026213501006,0,0,0,0
IUSD,iUSD,2023-08-31T00:00:00.000Z,2023-08-31,4521648.310585,4579362.142812188,2836669.442336,2872925.996696347,1684978.868249,1706436.146115841,62607.058212,63185.385928795,591.770926,599.394512665316,435.962748,440.97902649,0.04573096316804124,0.022963207159793813,0.6274028202695142,0,0,0,0
IUSD,iUSD,2023-09-01T00:00:00.000Z,2023-09-01,4505217.824711,4530038.044997618,2825484.532061,2841114.3132142397,1679733.29265,1688923.7317833777,20848.004103,21012.532148136,346.253727,348.116345795793,25.539381,25.728546804,0.045914079426041664,0.023055462701041668,0.6272255151717064,0,0,0,0
IUSD,iUSD,2023-09-02T00:00:00.000Z,2023-09-02,4481798.8717209995,4516069.206542189,2810728.504595,2832226.990565841,1671070.367126,1683842.2159763481,9197.337933,9321.825737718,345.200434,347.768615749,58.026392,58.730241246,0.045554926571578946,0.022861241042105265,0.6271743737498504,0,0,0,0
IUSD,iUSD,2023-09-03T00:00:00.000Z,2023-09-03,4469171.438728,4488646.359364531,2811393.591856,2823602.0506837578,1657777.846872,1665044.3086807732,7073.069097,7080.327053155873,358.550571,360.122476955584,34.384241,34.559264417796,0.046013617321875,0.023174683054166666,0.6291063037151521,0,0,0,0
IUSD,iUSD,2023-09-04T00:00:00.000Z,2023-09-04,4470960.748975,4501239.758057931,2828247.209689,2847389.7509168223,1642713.539286,1653850.0071411089,862.747781,869.488006594,370.232868,372.8061620422,57.115925,57.57369205,0.04605668424270833,0.02332157404895833,0.6326176270682208,0,0,0,0
IUSD,iUSD,2023-09-05T00:00:00.000Z,2023-09-05,4473142.536003,4504112.071072439,2830409.184136,2849999.3341787443,1642733.351867,1654112.7368936944,3961.195566,3964.535776566,359.477473,361.94867316463,67.252428,67.713913304,0.04624152271041667,0.023426638448958332,0.632803911112172,0,0,0,0
IUSD,iUSD,2023-09-06T00:00:00.000Z,2023-09-06,4468253.879772,4496807.772700504,2824325.724471,2842369.713102996,1643928.155301,1654438.0595975083,27553.181036,27755.189474275,363.625638,365.963646280877,830.099194,834.600226589,0.04609671961340206,0.02332441399484536,0.6321294132464643,0,0,0,0
IUSD,iUSD,2023-09-07T00:00:00.000Z,2023-09-07,4461948.580787,4440068.847429816,2790010.975628,2776361.4061605805,1671937.605159,1663707.4412692355,1080,1088.8986,355.997763,354.062156058666,104.013718,104.696398260328,0.045518169492783506,0.022776952160824742,0.6253367788497445,0,0,0,0
IUSD,iUSD,2023-09-08T00:00:00.000Z,2023-09-08,4476101.698123001,4419390.083511664,2788317.238807,2752954.17519065,1687784.459316,1666435.9083210134,9733.682229,9612.173197856553,364.945966,360.309869831098,103.876833,102.769957522285,0.04539279874123711,0.022628178487628867,0.6229647402962962,0,0,0,0
IUSD,iUSD,2023-09-09T00:00:00.000Z,2023-09-09,4479815.474444,4455629.408964922,2798282.6988569996,2783156.493672801,1681532.775587,1672472.9152921208,267.676912,265.317072343808,368.930457,366.978276914696,0.507172,0.502700771648,0.0455421368814433,0.022768079592783506,0.624682967931765,0,0,0,0
IUSD,iUSD,2023-09-10T00:00:00.000Z,2023-09-10,4430183.922016,4423783.260076899,2772091.223625,2768083.3085365873,1658092.698391,1655699.9515403118,36821.075612,36847.106736566755,371.929231,371.449558754836,589.490998,589.476635262262,0.04550096740306123,0.022784661719387755,0.6257946949051063,0,0,0,0
IUSD,iUSD,2023-09-11T00:00:00.000Z,2023-09-11,4355164.614953,4358674.214065496,2740187.060987,2742280.0611220165,1614977.553966,1616394.1529434794,60484.89095,60264.55640663725,367.066178,367.449240519418,559.516242,558.736378439542,0.04612892812680412,0.023250145041237114,0.6294280288323132,0,0,0,0
IUSD,iUSD,2023-09-12T00:00:00.000Z,2023-09-12,4310203.413041,4347606.893127775,2698762.1462080004,2722198.0042057824,1611441.266833,1625408.8889219929,7385.353995,7489.11295093,359.921888,363.074513244956,48.76906,49.779064975,0.045379779051020405,0.02273310700510204,0.6261571887410747,0,0,0,0
IUSD,iUSD,2023-09-13T00:00:00.000Z,2023-09-13,4296592.532213001,4364851.546923162,2707416.880446,2750458.413336423,1589175.651767,1614393.1335867387,1010.358813,1021.0885540079998,370.63114,376.559712382,5.308828,5.393426762,0.04582909412173913,0.023119410554347825,0.630292204826357,0,0,0,0
IUSD,iUSD,2023-09-14T00:00:00.000Z,2023-09-14,4359364.762309,4376354.126660293,2736177.421833,2746738.8641498303,1623187.340476,1629615.2625104627,375.522937,377.400551685,385.191277,386.707057780726,0.739413,0.743110065,0.04598748916344086,0.02310930735483871,0.6277096522217347,0,0,0,0
IUSD,iUSD,2023-09-15T00:00:00.000Z,2023-09-15,4337396.484661,4315585.790118928,2759239.193686,2745432.6322578145,1578157.290975,1570153.1578611135,2128.072208,2099.2130479948,395.346508,393.569542021455,30.397262,30.033831925638,0.047929504410416664,0.02444402465,0.6362804225861395,0,0,0,0
IUSD,iUSD,2023-09-16T00:00:00.000Z,2023-09-16,4337598.939638,4298768.951533483,2760841.807099,2736090.779155544,1576757.132539,1562678.172377939,300,297.1752,392.052766,388.450183170403,5.283117,5.233371170328,0.04716326077113402,0.024050957962886598,0.6365675130925301,0,0,0,0
IUSD,iUSD,2023-09-17T00:00:00.000Z,2023-09-17,4329837.885751,4292203.857479952,2747485.54298,2723559.0774985035,1582352.342771,1568644.779981449,16941.65802,16753.46828438329,383.115271,379.737985028879,97.960229,96.701507398237,0.04625450431458333,0.02349451991875,0.6346004340981267,0,0,0,0
IUSD,iUSD,2023-09-18T00:00:00.000Z,2023-09-18,4325352.384575,4331351.320517592,2748354.315068,2752258.252239643,1576998.069507,1579093.0682779485,4923.496127,4899.794021022215,392.983492,393.683443235855,4.099398,4.130342626001,0.046713834929347824,0.023770983032608696,0.6354594955906069,0,0,0,0
IUSD,iUSD,2023-09-19T00:00:00.000Z,2023-09-19,4316212.7842419995,4322803.509348258,2752297.8390929997,2756507.5907259807,1563914.945149,1566295.9186222772,5892.413177,5875.996217798959,398.896603,399.528936739581,69.569788,69.378046560245,0.046549660690721646,0.023764062220618557,0.6377012966930523,0,0,0,0
IUSD,iUSD,2023-09-20T00:00:00.000Z,2023-09-20,4246315.601383,4213431.568884036,2690167.091484,2669327.6715927175,1556148.509899,1544103.8972913176,82968.24499,82738.62717483717,383.742898,380.561319614764,193.237439,192.747663437797,0.0464744331030303,0.023582453123232323,0.6335954527210302,0,0,0,0
IUSD,iUSD,2023-09-21T00:00:00.000Z,2023-09-21,4220430.338299001,4183376.661742972,2683871.0569530004,2660322.308899041,1536559.281346,1523054.3528439314,39093.196994,38656.820916424964,382.824447,379.606980156437,350.431429,347.860368940939,0.04660712590714286,0.02373151230102041,0.6359838420521416,0,0,0,0
IUSD,iUSD,2023-09-22T00:00:00.000Z,2023-09-22,4209347.6138700005,4153241.388732275,2649872.7677660002,2614552.0038886806,1559474.846104,1538689.3848435944,2102,2070.5553,378.717541,373.717763414298,20.559612,20.293328641306,0.04589477339484536,0.023126481332989692,0.6295757620035585,0,0,0,0
IUSD,iUSD,2023-09-23T00:00:00.000Z,2023-09-23,4237762.516997,4212164.1195941465,2679305.858101,2663116.663267613,1558456.658896,1549047.4563265336,60.717504,60.572571317952,385.042767,382.602886616527,1.407055,1.403696359715,0.04560934211276596,0.02306920906489362,0.6322477716344106,0,0,0,0
IUSD,iUSD,2023-09-24T00:00:00.000Z,2023-09-24,4059050.259482,4035708.8440740583,2665241.410072,2649917.0146867484,1393808.84941,1385791.8293873102,22408.548435,22174.47271841193,502.406766,499.494911681809,322.921369,319.343094739039,0.059606765818367345,0.031344194507142854,0.6566826461829958,0,0,0,0
IUSD,iUSD,2023-09-25T00:00:00.000Z,2023-09-25,4187135.917142,4162607.88937297,2678415.512029,2662779.0495672096,1508720.405113,1499828.8398057604,952,954.510932,424.308774,421.821204873118,46.109513,46.320996997004,0.04892726294787234,0.025123363482978722,0.6397685355119872,0,0,0,0
IUSD,iUSD,2023-09-26T00:00:00.000Z,2023-09-26,4195063.852082999,4162529.9180216715,2718230.039554,2697106.3792345556,1476833.812529,1465423.5387871158,1301,1290.971766,428.032079,424.45379673831,65.776329,65.900711876085,0.04899208298041237,0.02546841281958763,0.6480618790775599,0,0,0,0
IUSD,iUSD,2023-09-27T00:00:00.000Z,2023-09-27,4312030.967473,4253773.154720984,2689595.931332,2653436.5143535733,1622435.036141,1600336.6403674108,27460,26939.45007,395.933016,390.57689643996,238.598223,234.045588539459,0.045702082082291665,0.0229919005,0.6269421885157147,0,0,0,0
IUSD,iUSD,2023-09-28T00:00:00.000Z,2023-09-28,5157364.04789,5104918.0247626165,2701149.6258119997,2673672.843816838,2456214.422078,2431245.1809457783,3389.821103,3351.476324357269,364.86397,361.139319294571,31.762777,31.321096371583,0.041171281101041665,0.017253602311458335,0.5237963600965769,0,0,0,0
IUSD,iUSD,2023-09-29T00:00:00.000Z,2023-09-29,5168172.790595001,5124204.558535358,2718344.415717,2695181.691435379,2449828.374878,2429022.8670999794,1599.999999,1605.799998996,367.846819,364.800801277057,217.014311,217.881230942,0.041261947283333336,0.017364290129166668,0.5260169085739123,0,0,0,0
IUSD,iUSD,2023-09-30T00:00:00.000Z,2023-09-30,5157614.206235999,5081294.484269129,2724665.357459,2684398.976548366,2432948.848777,2396895.5077207633,0,0,378.069771,372.49511306348,0,0,0.04135631589175258,0.017480612783505156,0.5283274521984407,0,0,0,0
IUSD,iUSD,2023-10-01T00:00:00.000Z,2023-10-01,5168210.267097,5058295.897739564,2728647.292312,2670612.927554697,2439562.974785,2387682.9701848673,500,487.2675,369.927894,362.183518703454,0.44331,0.43202111085,0.04134370400103093,0.01746517618556701,0.5280185928599003,0,0,0,0
IUSD,iUSD,2023-10-02T00:00:00.000Z,2023-10-02,5166032.212663,4932483.742821709,2705269.48675,2583172.3562098206,2460762.725913,2349311.3866118887,24084.911157,22638.580276762543,369.201886,352.417903780738,152.939529,143.049637211841,0.041166184864948455,0.017247084959793813,0.5236717268252542,0,0,0,0
IUSD,iUSD,2023-10-03T00:00:00.000Z,2023-10-03,5207677.411448,4900180.867156474,2674822.852715,2516912.5582116037,2532854.558733,2383268.3089448703,35488.880879,33151.430120164994,371.004006,349.118377641401,848.539498,791.57139288809,0.040757874098958334,0.016749546085416667,0.5136710198643483,0,0,0,0
IUSD,iUSD,2023-10-04T00:00:00.000Z,2023-10-04,5201586.58933,4872099.055248009,2647034.11136,2479496.2833369216,2554552.47797,2392602.771911087,36503.077233,33950.70616560762,368.615845,345.000803017363,108.713411,101.182764757395,0.040564116884375,0.016516005067708332,0.5089237806616449,0,0,0,0
IUSD,iUSD,2023-10-05T00:00:00.000Z,2023-10-05,5255428.140846,4966568.435337648,2685006.588829,2537461.4225122384,2570421.552017,2429107.0128254094,1624.98057,1530.873566675399,382.577199,361.619939881781,20.415243,19.156992859451,0.04064664961649485,0.01661559935773196,0.5109458418520283,0,0,0,0
IUSD,iUSD,2023-10-06T00:00:00.000Z,2023-10-06,5547703.817539,5299788.859852949,2710025.725472,2588888.0344659733,2837678.092067,2710900.825386976,1182.071865,1129.5405913194,368.78819,352.343487947762,4.150163,3.96572975628,0.03974553531632653,0.015549441018367346,0.48885543006740195,0,0,0,0
IUSD,iUSD,2023-10-07T00:00:00.000Z,2023-10-07,5450288.981338,5208078.139008276,2679953.750065,2560856.6054127677,2770335.231273,2647221.533595508,74151.87817,70856.5687041252,368.341175,351.972093183,816.760675,780.463830603,0.03986885883636364,0.015691280333333335,0.49188114511857395,0,0,0,0
IUSD,iUSD,2023-10-08T00:00:00.000Z,2023-10-08,5373504.574733,5134706.03143092,2647586.889361,2529928.127997131,2725917.685372,2604777.9034337886,10563.899023,10094.43935041788,371.1224,354.629720544,87.378759,83.49564695004001,0.03990454841717172,0.015731422755555554,0.4927573360708337,0,0,0,0
IUSD,iUSD,2023-10-09T00:00:00.000Z,2023-10-09,5377169.275621,5138207.873012316,2647527.320391,2529871.206272863,2729641.95523,2608336.6667394536,24362.674136,23279.99689739616,371.156707,354.66250294092,121.394593,115.99981728708,0.0398909782040404,0.01571561708989899,0.49242451534436105,0,0,0,0
IUSD,iUSD,2023-10-10T00:00:00.000Z,2023-10-10,5439199.817106,5197481.77723464,2680856.71753,2561719.4450034634,2758343.099576,2635762.332231177,39222.71904,37479.6614058624,383.998086,366.93321105816,148.252673,141.66432421188,0.039910822,0.015738617081,0.4929112699361639,0,0,0,0
IUSD,iUSD,2023-10-11T00:00:00.000Z,2023-10-11,5405448.586697,5165230.451503921,2664797.381869,2546373.7862187414,2740651.204828,2618856.6652851803,14014.704961,13391.89147253316,374.049166,357.42642106296,324.091399,309.68877722844,0.03991632129081633,0.015745486008163265,0.49304586061077094,0,0,0,0
IUSD,iUSD,2023-10-12T00:00:00.000Z,2023-10-12,5411590.257139999,5171099.186112411,2648684.513285,2530976.9735142854,2762905.743855,2640122.2125981264,71694.166595,68508.0778315182,372.347899,355.80075836844,253.686238,242.41242158328,0.039769739665555554,0.015573005665555556,0.48945189676031853,0,0,0,0
IUSD,iUSD,2023-10-13T00:00:00.000Z,2023-10-13,5344579.094711,5107065.999741595,2592145.326194,2476950.387897117,2752433.768517,2630115.6118444777,15687.116041,14989.98060413796,372.625013,356.06555742228,15.437551,14.75150623356,0.0395921019390625,0.01536699680625,0.4850946365864836,0,0,0,0
IUSD,iUSD,2023-10-14T00:00:00.000Z,2023-10-14,5343228.477878,5105775.404321004,2602336.993155,2486689.1371794846,2740891.484723,2619086.2671415196,1552.686804,1483.68540243024,374.393239,357.75520345884,10.642511,10.16955781116,0.03967335548571429,0.01546039524489796,0.48708820783748236,0,0,0,0
IUSD,iUSD,2023-10-15T00:00:00.000Z,2023-10-15,5327532.559751,5090777.012796523,2593685.6964180004,2478422.304069846,2733846.863333,2612354.7087266776,100.391302,95.92991253912,382.916701,365.89988280756,3.006709,2.87309085204,0.03966714741794872,0.015453793282051282,0.48693556465524185,0,0,0,0
IUSD,iUSD,2023-10-16T00:00:00.000Z,2023-10-16,5323227.898496,5044643.772353176,2594851.506518,2458709.227767418,2728376.391978,2585934.5445857574,10077.909817,9628.72478383756,375.692551,355.794931008174,57.449455,53.924945950975,0.03969246707340426,0.015483883319148937,0.487556182803091,0,0,0,0
IUSD,iUSD,2023-10-17T00:00:00.000Z,2023-10-17,5289837.693371,4874257.252851004,2595245.180368,2391373.482026085,2694592.513003,2482883.770824919,7936.178201,7340.787874597198,378.747157,348.873748143516,86.90374,80.18756786368301,0.03981771642716049,0.015629127061728396,0.49062841915863553,0,0,0,0
IUSD,iUSD,2023-10-18T00:00:00.000Z,2023-10-18,5373898.908642,4962108.3765247585,2650245.601098,2447275.859015773,2723653.307544,2514832.5175089855,11152.494372,10208.923995035924,391.780488,361.37567919439,388.984172,354.564955076936,0.039921968925,0.0157522489,0.493184260197569,0,0,0,0
IUSD,iUSD,2023-10-19T00:00:00.000Z,2023-10-19,5428442.277528999,5108886.89429926,2634884.002641,2479786.949660734,2793558.274888,2629099.9446385265,88817.921552,82446.266445577,397.585892,374.252631256321,912.302799,847.4240173676039,0.039606669904,0.015383405599,0.48545227060607404,0,0,0,0
IUSD,iUSD,2023-10-20T00:00:00.000Z,2023-10-20,5384109.808045,5102578.094256291,2660270.293162,2521063.5407085656,2723839.514883,2581514.553547725,2262.138916,2149.975282127972,394.669661,373.965326857178,1.438782,1.367442872094,0.039964120339,0.015803500642,0.4942167377512761,0,0,0,0
IUSD,iUSD,2023-10-21T00:00:00.000Z,2023-10-21,5359620.44656,5061420.3927660035,2668391.0451660003,2519932.3104533637,2691229.401394,2541488.08231264,6799.999998,6391.106398117668,398.296353,376.13866056249,265.806318,249.446032681176,0.04011458905544554,0.01597947133069307,0.4979066707198455,0,0,0,0
IUSD,iUSD,2023-10-22T00:00:00.000Z,2023-10-22,5355004.8711830005,5040867.053262313,2670948.905345,2514227.3639583453,2684055.965838,2526639.6893039676,46421.289465,43871.73787278891,401.025696,377.334089284722,153.156326,144.833661668578,0.040150823163636364,0.016022237862626264,0.49879499742749056,0,0,0,0
IUSD,iUSD,2023-10-23T00:00:00.000Z,2023-10-23,5356188.568257,5108603.753706636,2692807.700732,2568400.2726380685,2663380.867525,2540203.481068567,2176.477778,2116.849872952312,412.208282,392.970859391356,80.795293,77.30726482106999,0.040314758042,0.016217847233,0.5028127768174013,0,0,0,0
IUSD,iUSD,2023-10-24T00:00:00.000Z,2023-10-24,5442282.223641001,5105160.935246321,2724286.150437,2555964.4916210943,2717996.073204,2549196.443625227,10235.152878,9571.079893940132,416.233087,390.224460546587,154.711642,144.155037083915,0.040230951395,0.016120355937,0.5007572748709392,0,0,0,0
IUSD,iUSD,2023-10-25T00:00:00.000Z,2023-10-25,5368668.084779,5055813.995304229,2721140.20999,2562349.6786861545,2647527.874789,2493464.3166180747,28750,27568.4258,419.583403,394.982561357824,2.227802,2.123798827588,0.040483609714,0.016420558259,0.5069503028021627,0,0,0,0
IUSD,iUSD,2023-10-26T00:00:00.000Z,2023-10-26,5419303.933777001,5083996.114329519,2783438.2482640003,2611067.0999816703,2635865.685513,2472929.0143478485,2983.762488,2829.333134395717,442.392426,414.808113823154,3.912632,3.734570023939,0.04075740376435644,0.016750269272277227,0.5136587060021396,0,0,0,0
IUSD,iUSD,2023-10-27T00:00:00.000Z,2023-10-27,5427824.557184,5077686.772499848,2818498.488917,2636779.3595236884,2609326.068267,2440907.41297616,48299.999998,45889.18209808997,440.273288,412.069672453143,325.431201,309.917149985878,0.04098858117,0.017029799782,0.519322233219297,0,0,0,0
IUSD,iUSD,2023-10-28T00:00:00.000Z,2023-10-28,5452023.766054,5198999.711770602,2874233.0439629997,2740818.6345751365,2577790.722091,2458181.0771954646,657.520171,630.50176865376,456.494607,435.487471674633,26.93219,25.758555941716,0.041311633472277225,0.0174256271980198,0.5272333810765625,0,0,0,0
IUSD,iUSD,2023-10-29T00:00:00.000Z,2023-10-29,5456638.65037,5144573.25310795,2876855.79303,2712314.0148499403,2579782.85734,2432259.2382580102,14742.185132,13917.80652826211,467.474902,440.782555851177,147.676414,139.402000509197,0.04131340750808081,0.01742787301010101,0.5272767806358739,0,0,0,0
IUSD,iUSD,2023-10-30T00:00:00.000Z,2023-10-30,5439982.623066,5130247.764081452,2882066.757097,2717975.225188905,2557915.865969,2412272.5388925476,930,877.25133,458.920914,432.823034748908,116.583405,109.970910851805,0.04141858006060606,0.017557728166666668,0.529851718942147,0,0,0,0
IUSD,iUSD,2023-10-31T00:00:00.000Z,2023-10-31,5435941.308238,5105133.96482373,2902971.573184,2726302.4995644595,2532969.735054,2378831.4652592703,3983.38247,3725.193475862375,463.86717,435.531704367309,44.75997,42.147025158722,0.041591297003,0.017771383378,0.5340800983656762,0,0,0,0
IUSD,iUSD,2023-11-01T00:00:00.000Z,2023-11-01,5414216.655286999,5064137.214247439,2895002.2207239997,2707612.8812956163,2519214.434563,2356524.332951823,159764.078773,153311.488142027,464.993337,435.360629282887,117.12784,112.077859600587,0.04161555075510204,0.01780143312653061,0.5346738388243847,0,0,0,0
IUSD,iUSD,2023-11-02T00:00:00.000Z,2023-11-02,5394948.6966699995,5034798.126354963,2981962.332804,2783005.1500004474,2412986.363866,2251792.9763545156,490.308323,462.564118997816,488.813066,456.179658336381,14.230102,13.184741004464,0.042355325513131314,0.01873234975050505,0.5527750062356703,0,0,0,0
IUSD,iUSD,2023-11-03T00:00:00.000Z,2023-11-03,5441115.182213001,5063402.549294059,3075059.5181050003,2861665.3544878243,2366055.664108,2201737.194806235,1183.268536,1090.150672444858,505.939866,470.563077380759,15.438397,14.215236572399,0.04286365317979798,0.019383219547474746,0.5652061580961016,0,0,0,0
IUSD,iUSD,2023-11-04T00:00:00.000Z,2023-11-04,5386819.378265999,5028899.7541234465,3045053.146045,2842760.416268397,2341766.232221,2186139.3378550494,116126.231789,108442.76790040433,516.779241,482.503932002197,231.680924,217.18169961852,0.042868191495,0.019388737033,0.5653173221886223,0,0,0,0
IUSD,iUSD,2023-11-05T00:00:00.000Z,2023-11-05,5448682.465097,5070766.219014506,3123133.502885,2906763.889796193,2325548.962212,2164002.3292183126,39273.164078,36639.152451710936,519.665752,483.743774301136,627.428025,585.466104391565,0.043193380415,0.019811539424,0.5732658847561556,0,0,0,0
IUSD,iUSD,2023-11-06T00:00:00.000Z,2023-11-06,5436476.3245170005,5128350.522226246,3114302.479639,2937805.8614733377,2322173.844878,2190544.6607529083,101008.100126,94731.41511686306,525.904146,496.313768121753,512.159953,481.94081764838,0.04317747143979592,0.019789122460204082,0.5728780831353744,0,0,0,0
IUSD,iUSD,2023-11-07T00:00:00.000Z,2023-11-07,5454014.020476,5100771.505367654,3122151.012592,2919912.095449254,2331863.007884,2180859.4099184005,73538.15193,69092.32535874873,652.676741,609.879070528858,591.279351,544.21922460972,0.05307773581616162,0.024307656754545454,0.5724670444946441,0,0,0,0
IUSD,iUSD,2023-11-08T00:00:00.000Z,2023-11-08,5431122.745805999,5044752.121452224,3084957.643045,2865479.8748873877,2346165.102761,2179272.2465648367,2000.950011,1856.248469962245,928.6786,862.544106046041,4.900829,4.548031776855,0.0736565979090909,0.03347496504949495,0.5680688575861143,0,0,0,0
IUSD,iUSD,2023-11-09T00:00:00.000Z,2023-11-09,5543596.582700999,5156189.389055405,3258700.1254769997,3030668.8943582918,2284896.457224,2125520.4946971135,3940.917301,3680.032202084876,1007.75017,936.952360242946,7.905144,7.407217686892,0.074488026055,0.035030010563,0.5878050306843707,0,0,0,0
IUSD,iUSD,2023-11-10T00:00:00.000Z,2023-11-10,5694958.234831,5260104.212002074,3360069.974614,3103489.3975832616,2334888.260217,2156614.814418813,28473.237709,26044.35418565997,1006.503985,928.764783229576,66.646548,61.361669222654,0.07458293715050505,0.03520770515454545,0.5900578914475828,0,0,0,0
IUSD,iUSD,2023-11-11T00:00:00.000Z,2023-11-11,5914186.350163,5357251.638772197,3451521.8244789997,3126639.587404442,2462664.525684,2230612.051367755,81184.015635,72888.71373885324,1023.003142,926.379199165806,135.832727,123.962615457093,0.07432410379393939,0.03472969761010101,0.5839101158570377,0,0,0,0
IUSD,iUSD,2023-11-12T00:00:00.000Z,2023-11-12,6568816.855532,5950056.106269336,3497171.680214,3167736.7895111064,3071645.175318,2782319.31675823,27710.02281,25281.651203433303,1012.224248,917.210065606353,259.835908,237.919304304917,0.07216290537979798,0.030749353816161618,0.5325710209979945,0,0,0,0
IUSD,iUSD,2023-11-13T00:00:00.000Z,2023-11-13,6672957.837239,5991784.036435644,3526824.738312,3166553.4474201775,3146133.098927,2825230.5890154666,20225.732185,18195.52574694867,1021.617589,916.885040701331,462.734757,418.346587321088,0.07200319237040817,0.030463170214285715,0.5287722484291347,0,0,0,0
IUSD,iUSD,2023-11-14T00:00:00.000Z,2023-11-14,6806702.127436,6117209.013924106,3534619.804596,3176253.2382355775,3272082.32284,2940955.7756885285,76509.999999,68128.10646909646,1019.666703,916.005966505243,1301.269268,1155.112179588547,0.07161134014949495,0.02976219497878788,0.5194513419294814,0,0,0,0
IUSD,iUSD,2023-11-15T00:00:00.000Z,2023-11-15,6802803.690357,6140178.914094845,3560085.265356,3213226.973607601,3242718.425001,2926951.9404872432,3307.96137,3009.114597740854,1051.158854,948.966757785455,50.872927,46.318798919835,0.07178211959387755,0.030067179436734693,0.5235139499080297,0,0,0,0
IUSD,iUSD,2023-11-16T00:00:00.000Z,2023-11-16,6836737.925183,6051053.343832651,3637680.256245,3218186.8743002587,3199057.668938,2832866.469532392,103397.102676,89367.77942369482,1047.658177,926.472275846441,521.191037,445.939366943206,0.07215178602680412,0.03073187776082474,0.5323050705641131,0,0,0,0
IUSD,iUSD,2023-11-17T00:00:00.000Z,2023-11-17,6851072.798763,5925820.220993757,3657649.8630890003,3162981.8320940007,3193422.935674,2762838.388899757,37498.028126,32508.834762255927,1053.932644,910.96135801509,221.921433,188.807149793885,0.0722284414412371,0.030868735259793813,0.5341286195976719,0,0,0,0
IUSD,iUSD,2023-11-18T00:00:00.000Z,2023-11-18,6855182.065363,6032870.18495359,3682197.0251040002,3241891.3322555013,3172985.040259,2790978.8526980886,16249.999999,14690.10374909269,1089.581147,959.591571512914,50.251305,45.373227155799,0.07236155605353535,0.031107058104040405,0.5372948695826283,0,0,0,0
IUSD,iUSD,2023-11-19T00:00:00.000Z,2023-11-19,6848913.4923020005,6252554.102971001,3744519.36076,3418427.7184725646,3104394.131542,2834126.3844984355,199.999999,187.499199062504,1058.207845,965.727399028805,31.735082,29.751512434672,0.07276225655151515,0.03183310313838384,0.5468206743182403,0,0,0,0
IUSD,iUSD,2023-11-20T00:00:00.000Z,2023-11-20,6868908.963638,6321869.1824966725,3804145.705416,3500989.2613975084,3064763.258222,2820879.9210991636,38859.004065,35796.428662293096,1125.51918,1036.341726026187,145.49493,134.774486977172,0.07305975903434343,0.032375786176767674,0.5538909779611473,0,0,0,0
IUSD,iUSD,2023-11-21T00:00:00.000Z,2023-11-21,6859611.975136,6176128.133817181,3836899.007272,3453262.5071710856,3022712.967864,2722865.626646095,108484.281718,96884.3126859526,1114.963223,1003.425467832232,974.152673,874.01244351336,0.07329700034444445,0.03281389277979798,0.5595259185741261,0,0,0,0
IUSD,iUSD,2023-11-22T00:00:00.000Z,2023-11-22,6964749.63211,6364018.662928218,4013554.2074969998,3667540.9482067125,2951195.424613,2696477.7147215055,8470.302758,7636.813748772773,1164.098021,1064.033036348802,67.322058,60.713992371416,0.07400465172222222,0.034122568785858585,0.5763328788738297,0,0,0,0
IUSD,iUSD,2023-11-23T00:00:00.000Z,2023-11-23,6978406.464312,6472897.431807091,4035756.3272949997,3743422.5406072214,2942650.137017,2729474.8911998705,14131.222286,13133.070023526403,1171.425848,1086.331808414615,209.344677,194.633229073622,0.0740893194039604,0.03427974127821782,0.5783434062613981,0,0,0,0
IUSD,iUSD,2023-11-24T00:00:00.000Z,2023-11-24,7162306.401193,6667874.409067713,4055012.880803,3775156.800332336,3107293.52039,2892717.608735377,40535.019056,37766.67209989599,1168.635989,1088.428095734531,781.774824,727.585532106503,0.0735992686755102,0.033376995230612244,0.5667024154740048,0,0,0,0
IUSD,iUSD,2023-11-25T00:00:00.000Z,2023-11-25,7596447.029697,7101816.818381732,4051862.444598,3787830.482233154,3544584.585099,3313986.3361485777,10908.228155,10071.570150637623,1175.392744,1098.562665446191,25.63563,23.910306061806,0.072198477407,0.030810206836,0.5334188425192989,0,0,0,0
IUSD,iUSD,2023-11-26T00:00:00.000Z,2023-11-26,7609376.286161,7083703.998864259,4036285.8897100003,3757406.996471936,3573090.396451,3326297.0023923228,233983.158572,216653.61495750071,1146.183938,1067.429494869617,1322.908945,1223.880330662063,0.07207298040404041,0.030584646173737375,0.5304343123942125,0,0,0,0
IUSD,iUSD,2023-11-27T00:00:00.000Z,2023-11-27,7633619.227812,7097496.304465606,4061503.0325499997,3776277.1862596176,3572116.195262,3321219.1182059883,72823.775293,68194.19248007773,1154.281619,1073.300422011951,382.664674,358.679081315589,0.07214200145,0.03070852241734694,0.5320758565284075,0,0,0,0
IUSD,iUSD,2023-11-28T00:00:00.000Z,2023-11-28,7638623.478539,7093479.700952886,3992559.35356,3707577.6815931606,3646064.124979,3385902.019359725,10062.291784,9338.4100188512,1167.561046,1083.774991618391,74.778136,69.410354627164,0.07174866633535354,0.030004297943434344,0.5227200367114003,0,0,0,0
IUSD,iUSD,2023-11-29T00:00:00.000Z,2023-11-29,7631181.240282999,7061044.868585325,3971245.896855,3674498.9383210554,3659935.343428,3386545.9302642695,40893.899017,37855.94806834022,1137.5009,1052.675112861132,243.36834,225.537163740866,0.07165240045463918,0.029832641475257732,0.5204298477104783,0,0,0,0
IUSD,iUSD,2023-11-30T00:00:00.000Z,2023-11-30,7618324.851229,6966076.698777154,3952681.515641,3614328.398748293,3665643.335588,3351748.3000288606,102.86153,94.52583733186,1134.003257,1037.134263970244,102.86153,94.52583733186,0.07158677501919192,0.02971583954141414,0.5188684711313534,0,0,0,0
IUSD,iUSD,2023-12-01T00:00:00.000Z,2023-12-01,7504108.382108,6875683.608820619,3929503.436129,3600272.0280619804,3574604.945979,3275411.580758638,194304.810155,177405.34625437224,744.482271,681.966433913932,245.357079,224.054400973537,0.0717917364958763,0.030081647882474225,0.52374435475744,0,0,0,0
IUSD,iUSD,2023-12-02T00:00:00.000Z,2023-12-02,7545724.932249,6903997.988229489,4059231.447559,3713869.361634078,3486493.48469,3190128.6265954105,714.514846,658.087315767177,780.301116,714.343544507893,238.902911,221.838266765814,0.07239025275,0.031156413929166668,0.5379786654458854,0,0,0,0
IUSD,iUSD,2023-12-03T00:00:00.000Z,2023-12-03,7617964.174103,6821020.891508648,4123660.953846,3692191.269267159,3494303.220257,3128829.6222414887,1026.000272,916.810573800484,814.361597,728.967928307843,20.769763,18.574365382196,0.07253286228080809,0.03141574401212121,0.5413683435431184,0,0,0,0
IUSD,iUSD,2023-12-04T00:00:00.000Z,2023-12-04,7655775.558855,6824875.543255616,4287195.981051,3820133.288628252,3368579.577804,3004742.2546273633,256705.318145,229029.4869837529,839.274618,748.149913171759,1041.029599,891.647718259251,0.07331878653541667,0.032858630945833335,0.560040666545006,0,0,0,0
IUSD,iUSD,2023-12-05T00:00:00.000Z,2023-12-05,7779727.208504001,6737661.983699055,4451523.067788,3855546.396656079,3328204.140716,2882115.5870429757,114751.054903,99870.75382765391,876.819297,759.32457960252,947.606513,823.601722211843,0.07382851888854167,0.033795345802083335,0.5721505664889035,0,0,0,0
IUSD,iUSD,2023-12-06T00:00:00.000Z,2023-12-06,7902840.575348999,6786415.080252035,4736648.725624,4067741.6420938256,3166191.849725,2718673.4381582085,339101.582229,291393.5007193801,950.337708,816.603055710371,304.556889,261.896730229187,0.07497401938404255,0.03594907658829787,0.5993352988700029,0,0,0,0
IUSD,iUSD,2023-12-07T00:00:00.000Z,2023-12-07,8221088.541906,7238474.196626712,4841740.9506,4262933.149093164,3379347.591306,2975541.0475335475,4348.098747,3879.945265346372,968.049862,852.326434481532,561.316651,502.02237517902,0.07453978673118279,0.035126817478494624,0.5890337105659881,0,0,0,0
IUSD,iUSD,2023-12-08T00:00:00.000Z,2023-12-08,8481000.211251,7715249.921174653,4946503.3542,4499879.903582687,3534496.857051,3215370.0175919663,232186.247486,211294.92702552123,989.902092,900.4691219818,544.741116,492.12869940764,0.0743027931098901,0.034681131857142854,0.5834094961070657,0,0,0,0
IUSD,iUSD,2023-12-09T00:00:00.000Z,2023-12-09,9934222.900058001,9472245.769845586,5683961.459396,5419214.564655063,4250261.440662,4053031.2051905226,134549.206303,128856.92549994998,1160.973556,1107.157117825241,1325.42611,1309.542848883472,0.07383197961460675,0.03380105300674157,0.5722331771045919,0,0,0,0
IUSD,iUSD,2023-12-10T00:00:00.000Z,2023-12-10,10292984.827652,9587138.006051883,6021688.845454,5607970.530050424,4271295.982198,3979167.476001459,5800.953872,5387.715824679264,1214.192882,1129.604554538251,21.338879,19.816642836246,0.07437122156979167,0.03481156020104167,0.5850323558957972,0,0,0,0
IUSD,iUSD,2023-12-11T00:00:00.000Z,2023-12-11,10505774.760871999,9507677.862702016,6155850.819619999,5571273.327861739,4349923.941252,3936404.534840276,139172.227114,124575.63425156407,1265.095483,1143.972991214257,456.155917,411.543650480014,0.07441308674042553,0.03488830373085106,0.5860270766355826,0,0,0,0
IUSD,iUSD,2023-12-12T00:00:00.000Z,2023-12-12,10655275.401649,9636225.71393075,6361360.303475,5751881.444765956,4293915.098174,3884344.2691647937,16292.596911,14450.375014684556,1326.251315,1198.661766054281,202.022139,181.188307924798,0.07487552621157895,0.03576452895473684,0.5969975008253655,0,0,0,0
IUSD,iUSD,2023-12-13T00:00:00.000Z,2023-12-13,10811273.83194,9748526.728018042,6620262.044197001,5971115.559198678,4191011.787743,3777411.168819363,21755.644905,19403.960560718646,1413.097946,1275.604345205871,389.809783,347.101796424875,0.07600408527666666,0.03725975940555556,0.6123316017363988,0,0,0,0
IUSD,iUSD,2023-12-14T00:00:00.000Z,2023-12-14,11068030.893149,9970172.805813687,7167695.661737,6456279.986026695,3900335.231412,3513892.819786992,9404.964533,8549.729936814369,1582.224759,1424.750319495629,176.333496,160.681696497063,0.08005652004456522,0.04151896628152174,0.6476164779683178,0,0,0,0
IUSD,iUSD,2023-12-15T00:00:00.000Z,2023-12-15,11135425.98881,9827437.49833941,7420174.725970999,6548066.1688241055,3715251.262839,3279371.3295153044,18845.492978,16546.746483563187,2192.816909,1935.14320749872,38.712851,33.87132403459,0.10744832873484848,0.05769773467121212,0.6666248732546857,0,0,0,0
IUSD,iUSD,2023-12-16T00:00:00.000Z,2023-12-16,10954976.515452001,9659480.227456108,7444099.794703,6563711.487986424,3510876.720749,3095768.739469683,513750.240478,451559.8200736016,2650.571979,2337.556746604064,1118.723386,984.368740279522,0.13094719486511627,0.07123852931395348,0.679553988330412,0,0,0,0
IUSD,iUSD,2023-12-17T00:00:00.000Z,2023-12-17,10885493.328527,9494073.927506438,7473987.417342001,6518602.39238211,3411505.911185,2975471.535124328,42746.350214,36998.337834686776,3004.657965,2619.131690776399,637.605226,550.216314317596,0.1445003390903226,0.07951539256236559,0.6867371049585679,0,0,0,0
IUSD,iUSD,2023-12-18T00:00:00.000Z,2023-12-18,10759841.941862,9231678.25240567,7432048.847004,6376741.879311276,3327793.094858,2854936.373094395,104969.152609,89998.63417981197,3205.145536,2752.501280755765,1059.428671,906.702977791412,0.15252654484565217,0.08453260254891304,0.6909234542351517,0,0,0,0
IUSD,iUSD,2023-12-19T00:00:00.000Z,2023-12-19,10785966.078281,9324777.264560465,7409574.084922001,6404942.979555155,3376391.993359,2919834.28500531,90257.232255,77389.3992959143,2985.907574,2575.451200153952,474.149098,408.140234803959,0.1450300546122222,0.07980705802444445,0.68703619845174,0,0,0,0
IUSD,iUSD,2023-12-20T00:00:00.000Z,2023-12-20,10755092.386882,9122988.70182323,7470057.082024,6335517.276919025,3285035.304858,2787471.4249042063,94067.325155,77687.50435189209,3319.404881,2809.658025677713,2136.109324,1760.128004970209,0.15965126187,0.08891208897444444,0.6946833847428515,0,0,0,0
IUSD,iUSD,2023-12-21T00:00:00.000Z,2023-12-21,10530525.749412,8950081.7816891,7415429.116375,6302276.718156868,3115096.633037,2647805.0635322323,613505.804134,529969.2919285463,3613.225367,3072.914990831455,1095.611555,945.918242800181,0.17778831591666666,0.10025009905111111,0.7041435844287004,0,0,0,0
IUSD,iUSD,2023-12-22T00:00:00.000Z,2023-12-22,10791244.050288,9160682.809558468,7269531.214702,6171204.801513959,3521712.835586,2989478.0080445088,66287.041689,55449.11041708767,2524.454429,2143.352189713841,1153.35124,965.521255726646,0.12006750301758241,0.06477698917142857,0.6736811318345122,0,0,0,0
IUSD,iUSD,2023-12-23T00:00:00.000Z,2023-12-23,10959778.988345,9233926.275836144,7418741.064544001,6250593.510941173,3541037.923801,2983332.76489497,2195.72727,1847.67049348986,2681.11788,2258.707917070629,9.270816,7.796971179932,0.12610850671818183,0.06835345796136363,0.6769487460289819,0,0,0,0
IUSD,iUSD,2023-12-24T00:00:00.000Z,2023-12-24,11126607.409018,9407242.525140978,7693382.695012,6504505.394675892,3433224.714006,2902737.1304650865,396.255393,334.092755653145,3432.136133,2905.852806933759,7.594962,6.366748493838,0.15337204119146342,0.08487404179268293,0.6914730459189192,0,0,0,0
IUSD,iUSD,2023-12-25T00:00:00.000Z,2023-12-25,11239531.337869,9339042.582386281,7740974.44962,6432049.940935279,3498556.888249,2906992.6414510026,2975.041239,2473.41441590115,3297.071435,2740.127253937277,226.999369,189.012391154798,0.1482818972451613,0.08176197910430108,0.6887775826373322,0,0,0,0
IUSD,iUSD,2023-12-26T00:00:00.000Z,2023-12-26,11178169.449017,9035208.24922306,7679329.365235,6206957.884601736,3498840.083782,2828250.3646213235,578897.11517,473315.60723653797,3208.617839,2592.073881471384,2361.8157,1939.3030355403148,0.1448488257387097,0.07964883150967741,0.6869676669561534,0,0,0,0
IUSD,iUSD,2023-12-27T00:00:00.000Z,2023-12-27,11264036.621277,9419973.416581934,7713714.472554,6451348.579468509,3550322.148723,2968624.837113425,15211.17244,12774.6706965047,3163.966443,2648.682505683959,438.521891,363.614591341531,0.14090851005955057,0.07730206903483146,0.6848449285424637,0,0,0,0
IUSD,iUSD,2023-12-28T00:00:00.000Z,2023-12-28,11311616.929613,9465729.33624055,7833860.651286,6555601.795596036,3477756.278327,2910127.540644514,69178.029323,57604.25981374869,3554.626837,2973.184320047397,643.576576,543.414730019283,0.15546734425652173,0.08616441498043478,0.6925772152054517,0,0,0,0
IUSD,iUSD,2023-12-29T00:00:00.000Z,2023-12-29,11236320.25143,9320599.909865677,7816499.2454659995,6483562.430043717,3419821.005964,2837037.4798219614,3828.368288,3143.197780057488,3651.528927,3028.545236676376,23.833,19.575099465,0.16142784890631579,0.08988864331263158,0.6956872776213446,0,0,0,0
IUSD,iUSD,2023-12-30T00:00:00.000Z,2023-12-30,11320829.501448,9166478.762565367,7811274.179891,6325203.202798162,3509555.321557,2841275.5597672053,30432.095076,25316.06514760203,3501.727768,2837.071078117659,2130.552734,1781.446803627928,0.15068265326979166,0.08324403298229166,0.6900406624611657,0,0,0,0
IUSD,iUSD,2023-12-31T00:00:00.000Z,2023-12-31,11322984.285214,9153541.288273714,7801847.006131,6306743.934994332,3521137.279083,2846797.353279382,527816.195245,419800.2000710394,3449.922123,2788.057438792546,1177.990509,931.383838861369,0.14880704376043957,0.0820625274076923,0.6890675131088614,0,0,0,0
IUSD,iUSD,2024-01-01T00:00:00.000Z,2024-01-01,11391175.549493998,9079655.103585666,7796124.003827999,6214284.1918544,3595051.545666,2865370.9117312664,25149.789584,20113.759007944143,3268.968034,2605.237401153583,58.963397,47.131541756677,0.1401265928257732,0.07678711098556701,0.684452284955978,0,0,0,0
IUSD,iUSD,2024-01-02T00:00:00.000Z,2024-01-02,11479601.370174,9142612.24868681,7935911.778654,6319254.675450328,3543689.59152,2823357.5732364813,520,405.60728,3720.196545,2954.96665849316,401.828089,313.431535013246,0.15323897944787235,0.08484777638085106,0.691370782272889,0,0,0,0
IUSD,iUSD,2024-01-03T00:00:00.000Z,2024-01-03,11348797.83945,8830505.09783616,7943286.300904,6179604.485608528,3405511.538546,2650900.61222763,127867.466139,95982.343730478,3991.117535,3102.740578967855,5644.772914,4171.48789347955,0.1700080541925532,0.09536533002872341,0.7000976584308253,0,0,0,0
IUSD,iUSD,2024-01-04T00:00:00.000Z,2024-01-04,11131583.046228,8678249.797975853,7817686.693838,6094527.958513746,3313896.35239,2583721.8394621075,3588.318438,2813.521544230164,4108.011808,3200.323964951869,570.135087,447.030378744786,0.17425930254361702,0.09797507641170213,0.7023425775121969,0,0,0,0
IUSD,iUSD,2024-01-05T00:00:00.000Z,2024-01-05,11069209.857573,8645756.835833292,7648399.407037,5973196.94023729,3420810.450536,2672559.8955960027,628376.373478,491363.43676764145,3577.735197,2792.772002959522,1818.883066,1414.337319802976,0.15233634402234042,0.08427362936702128,0.6909054946568045,0,0,0,0
IUSD,iUSD,2024-01-06T00:00:00.000Z,2024-01-06,10852816.265738,8429435.771041604,7445810.173397,5783403.524362394,3407006.092341,2646032.24667921,184743.00978,142419.69511818033,3357.872416,2609.272462174737,871.513558,671.445605239918,0.14322582253469388,0.07870880921530612,0.6860777531509898,0,0,0,0
IUSD,iUSD,2024-01-07T00:00:00.000Z,2024-01-07,10820367.705089,8324339.531465457,7311200.400719999,5624480.76559268,3509167.304369,2699858.7658727765,41264.543508,31380.263657811014,2894.720719,2226.946075415665,2155.267438,1627.01894332514,0.12381925826391753,0.06696906651958763,0.6757275505249246,0,0,0,0
IUSD,iUSD,2024-01-08T00:00:00.000Z,2024-01-08,10430956.293743,7959646.462027719,7083674.543099999,5406119.476742097,3347281.750643,2553526.985285622,90743.180973,66942.87835840444,3097.936573,2368.195069639981,3427.625976,2518.916216380282,0.13023706737244897,0.07081411384285714,0.6791721817697246,0,0,0,0
IUSD,iUSD,2024-01-09T00:00:00.000Z,2024-01-09,10522261.533425,8162589.421798354,7138171.545588,5537869.548597797,3384089.987837,2624719.8732005577,43228.494391,33962.460573233446,3027.135364,2352.471020045004,312.663403,245.475809184481,0.1288830486958763,0.07000929222371134,0.6784417310162854,0,0,0,0
IUSD,iUSD,2024-01-10T00:00:00.000Z,2024-01-10,10429624.995891,9875365.09309757,7160541.681282,6693800.779063612,3269083.314609,3181564.3140339567,485034.901235,1097420.4518619392,3458.507289,3023.592274534781,13308.305519,98137.5560470385,0.14677282281263157,0.08106238347263157,0.686820098347024,0,0,0,0
IUSD,iUSD,2024-01-11T00:00:00.000Z,2024-01-11,10994447.953606,8641589.720693847,6874160.640977001,5403310.35062596,4120287.312629,3238279.3700678865,69925.975483,64318.22159136821,1798.82184,1410.855811769007,2401.783553,11350.801358633322,0.07605887142592592,0.03803881385925926,0.6250505986400288,0,0,0,0
IUSD,iUSD,2024-01-12T00:00:00.000Z,2024-01-12,11467175.084033001,9003766.522486176,7491159.353955001,5881710.722297853,3976015.730078,3122055.8001883244,124759.961129,96913.28950009934,2312.817922,1815.56119735826,6750.988306,5270.015168722749,0.09031977644742269,0.04733713198865979,0.6532962682190213,0,0,0,0
IUSD,iUSD,2024-01-13T00:00:00.000Z,2024-01-13,11486072.681195,8831681.773115475,7658203.127036,5888198.642161562,3827869.554159,2943483.130953913,11474.727968,8825.528723799393,2873.262937,2208.729539368095,47.952046,36.805608526517,0.10682623926458333,0.0571427863125,0.6663975281197005,0,0,0,0
IUSD,iUSD,2024-01-14T00:00:00.000Z,2024-01-14,11949648.233486,9174860.3095847,8115282.11534,6230581.70493008,3834366.118146,2944278.604654619,213226.017829,165126.7129127617,3553.303171,2728.332823047684,2665.941314,2074.562882004032,0.1303003335736264,0.07085674426263737,0.6792033776106288,0,0,0,0
IUSD,iUSD,2024-01-15T00:00:00.000Z,2024-01-15,11366545.005609,8707962.226701275,7657756.93217,5866678.90574767,3708788.073439,2841283.320953605,1019080.486137,780915.2899607834,3222.65138,2468.008768457432,1925.768616,1469.003044860921,0.11992224163820225,0.06468800331797753,0.6735889613155952,0,0,0,0
IUSD,iUSD,2024-01-16T00:00:00.000Z,2024-01-16,10099327.860861,7811461.82978851,7007433.181255,5421467.433857245,3091894.679606,2389994.3959312644,312265.670948,245574.6079756796,4005.564592,3104.801662493549,4003.714107,3147.991438805554,0.16159324609325842,0.09082926373258426,0.6952882811307728,0,0,0,0
IUSD,iUSD,2024-01-17T00:00:00.000Z,2024-01-17,9591469.808947,7268339.832510463,6827380.102788,5173747.394869165,2764089.706159,2094592.4376412982,18973.897953,14408.715021644794,4740.437179,3592.348751329437,176.630257,133.87652867539398,0.19274143994137932,0.10978210699885058,0.7118368438667043,0,0,0,0
IUSD,iUSD,2024-01-18T00:00:00.000Z,2024-01-18,9564032.905019,7248180.0833354015,6785617.688618001,5142932.03061243,2778415.216401,2105248.0527229714,152555.482569,118240.0509493844,4709.900056,3572.651308569682,4692.172601,3584.232314428638,0.1882324139814815,0.10687825732098766,0.709533931885427,0,0,0,0
IUSD,iUSD,2024-01-19T00:00:00.000Z,2024-01-19,9271953.466259,7078761.841583819,6550562.2365850005,5001084.208369176,2721391.229674,2077677.6332146432,250304.925461,188855.61086784714,4403.129297,3360.548406572226,2271.724043,1718.232054255484,0.1823108039975,0.10305961727875,0.7065123980637557,0,0,0,0
IUSD,iUSD,2024-01-20T00:00:00.000Z,2024-01-20,8835992.442665,6829149.113074887,6155838.504377,4757808.824425972,2680153.938288,2071340.2886489145,917806.683647,706234.3231657721,3929.422685,3038.215519224332,2532.118649,1952.489936914145,0.1629476635695122,0.09100644531829269,0.6963832296397395,0,0,0,0
IUSD,iUSD,2024-01-21T00:00:00.000Z,2024-01-21,8156186.599998999,6350461.966794342,5484872.495267999,4270528.41351043,2671314.104731,2079933.5532839121,2890.815692,2229.651453451296,2639.100424,2054.578129305427,1.775807,1.369658629416,0.11786869072405064,0.06350975427341772,0.672471370912869,0,0,0,0
IUSD,iUSD,2024-01-22T00:00:00.000Z,2024-01-22,7789791.578083999,6048612.700693143,5265819.515063999,4089395.8495858754,2523972.06302,1959216.8511072672,638886.503259,496450.4868297351,2882.150603,2243.452521076618,11360.704342,8843.786529777642,0.12515759086575343,0.06801572591917808,0.6763015981488458,0,0,0,0
IUSD,iUSD,2024-01-23T00:00:00.000Z,2024-01-23,7131396.80358,5717910.630224156,4811642.796043,3855233.431570487,2319754.007537,1862677.198653669,380620.886897,308373.7292547909,2866.083706,2282.198441198489,7821.491988,6305.111942360382,0.12319307313333333,0.06713755307901234,0.6744832435178778,0,0,0,0
IUSD,iUSD,2024-01-24T00:00:00.000Z,2024-01-24,7181214.367558001,5925289.726641802,4675494.085,3857468.7749558184,2505720.282558,2067820.9516859837,22102.962552,18365.412958065703,1926.224099,1588.425455728489,252.349802,208.761615791749,0.08318197668571428,0.04338094811938775,0.6511014342108693,0,0,0,0
IUSD,iUSD,2024-01-25T00:00:00.000Z,2024-01-25,7259740.102071,5870605.69972449,4832133.619453,3907483.892411251,2427606.482618,1963121.8073132385,990.541029,803.455563770712,2462.658841,1991.22189118714,4.335786,3.516877426608,0.10525611828333334,0.05608817881979167,0.6656221803970397,0,0,0,0
IUSD,iUSD,2024-01-26T00:00:00.000Z,2024-01-26,7324777.663937,5940566.105189162,4906537.467803,3979366.8115522633,2418240.196134,1961199.2936368992,8663.925249,7172.768410469361,2656.083426,2154.556708100394,216.69155,179.39655063794999,0.11304787836979166,0.0606194215625,0.66988509336603,0,0,0,0
IUSD,iUSD,2024-01-27T00:00:00.000Z,2024-01-27,7277967.889477,5964419.173513093,4875394.51755,3995465.551217796,2402573.371927,1968953.6222952972,164459.723658,134979.49589368523,2666.24766,2184.458007812649,392.327656,322.00096202372,0.11303971509292929,0.06059750435757576,0.6698907322175687,0,0,0,0
IUSD,iUSD,2024-01-28T00:00:00.000Z,2024-01-28,7079555.113093,5862272.293011995,4700990.243975,3892631.993039396,2378564.869118,1969640.2999725984,31636.854155,25975.88105304697,2430.54824,2011.750231249054,55.59069,45.640403446656,0.10238101184795918,0.054413349759183674,0.664050882174909,0,0,0,0
IUSD,iUSD,2024-01-29T00:00:00.000Z,2024-01-29,7006341.459974,5740279.079323555,4628597.524436,3792281.8987188465,2377743.935538,1947997.1806047086,40280.237391,32980.461214673975,2247.487428,1842.57034250213,2120.609365,1745.01636035727,0.0962236585185567,0.05087596718453608,0.660656395736474,0,0,0,0
IUSD,iUSD,2024-01-30T00:00:00.000Z,2024-01-30,6996074.513169,5903902.003218266,4605119.309846,3886095.7818909087,2390955.203323,2017806.2213273572,5029.143817,4255.895958174415,2155.175459,1818.96484363825,600.047553,509.224133082077,0.09194904295934066,0.04845885748021978,0.6582768552912589,0,0,0,0
IUSD,iUSD,2024-01-31T00:00:00.000Z,2024-01-31,7011533.544793,5822182.442276723,4621160.058094,3837050.448707332,2390373.486699,1985131.993569391,3337.257668,2765.121550655748,2188.249893,1816.880377723893,471.249038,390.458574174318,0.09345613161847827,0.04931802871630435,0.6591116501336113,0,0,0,0
IUSD,iUSD,2024-02-01T00:00:00.000Z,2024-02-01,7010608.278543999,5733266.489241889,4820586.115328,3942169.438319036,2190022.163216,1791097.0509228534,84000,68822.208,1793.825759,1466.332650221848,0,0,0.14648541123333333,0.08098462178333334,0.687639226816046,0,0,0,0
IUSD,iUSD,2024-02-02T00:00:00.000Z,2024-02-02,7138358.303138001,5917903.450042627,5007854.388911,4151408.524895762,2130503.914227,1766494.925146865,300,252.2298,2233.490125,1851.836706885809,66.657512,56.043369734192,0.17287386942708333,0.0971139921875,0.7016171643338913,0,0,0,0
IUSD,iUSD,2024-02-03T00:00:00.000Z,2024-02-03,7073433.083304999,5860440.219806514,4937439.967898,4090617.708437379,2135993.115407,1769822.511369135,0,0,2120.047773,1756.558237065582,0,0,0.16603828105416665,0.09279494172916666,0.6980781739367715,0,0,0,0
IUSD,iUSD,2024-02-04T00:00:00.000Z,2024-02-04,7004138.483519,5710372.26650046,4871089.85707,3971299.233220373,2133048.626449,1739073.0332800872,129566.340669,105630.53044084802,2094.522069,1708.242919838519,1403.135602,1141.6257571668439,0.16108630219230768,0.08970110956461538,0.6954940635344301,0,0,0,0
IUSD,iUSD,2024-02-05T00:00:00.000Z,2024-02-05,7011430.37735,5624804.450906826,4871377.947976,3907837.051538508,2140052.429374,1716967.3993683185,30286.487862,24482.794216012167,2039.093914,1635.873660652317,2727.654299,2186.780488090381,0.1598061739111111,0.0889035945,0.6948248462427535,0,0,0,0
IUSD,iUSD,2024-02-06T00:00:00.000Z,2024-02-06,6963439.741378,5622661.805228276,4820816.57406,3892425.6594301555,2142623.167318,1730236.1457981202,509.676202,404.617156157942,2037.39554,1644.520563176857,59.169682,46.973094619022,0.154958023873,0.085862569134,0.6923019729506552,0,0,0,0
IUSD,iUSD,2024-02-07T00:00:00.000Z,2024-02-07,6940439.629567001,5413357.804183599,4802240.852579,3745564.3546547885,2138198.776988,1667793.4495288106,0,0,2003.35386,1562.75978274445,0,0,0.15443813332929293,0.08559813875555555,0.6919957639599933,0,0,0,0
IUSD,iUSD,2024-02-08T00:00:00.000Z,2024-02-08,6910222.531979,5629895.970640564,4837052.084372,3940600.499167874,2073170.447607,1689295.4714726903,595.444206,477.183534521673,2197.236558,1789.754343927129,195.036154,159.838931684917,0.16978764477857142,0.09514250212959184,0.700031549447081,0,0,0,0
IUSD,iUSD,2024-02-09T00:00:00.000Z,2024-02-09,6903650.487538001,5576813.477892004,4875797.565433,3938671.020028315,2027852.922105,1638142.457863689,7877.530942,6245.66586233304,2377.300097,1920.09238888696,442.330357,352.127331071406,0.18192069250510204,0.10282985663571428,0.7063009183613743,0,0,0,0
IUSD,iUSD,2024-02-10T00:00:00.000Z,2024-02-10,6846450.325757001,5303547.142930293,4788270.216997,3709240.527049715,2058180.10876,1594306.6158805788,4704.172391,3625.356935102882,2240.019614,1735.50074282491,237.696289,182.116617310137,0.1683537604231579,0.09451980960631579,0.6991248182800636,0,0,0,0
IUSD,iUSD,2024-02-11T00:00:00.000Z,2024-02-11,6697760.927309,5105055.611260508,4598186.006612,3504370.8950524027,2099574.920697,1600684.7162081052,19759.133101,14922.212822176662,1992.556105,1517.296268052657,65.940243,50.188438462662,0.14416260999263159,0.07928033005473684,0.6865746098254369,0,0,0,0
IUSD,iUSD,2024-02-12T00:00:00.000Z,2024-02-12,6668180.305108,5064189.752220696,4615032.1684179995,3504950.638986668,2053148.13669,1559239.113234028,16963.558456,12894.365372246955,2204.36193,1674.453463258048,1394.282341,1063.335336649591,0.15471714142021276,0.08574087379787235,0.6921596072292617,0,0,0,0
IUSD,iUSD,2024-02-13T00:00:00.000Z,2024-02-13,6677321.138516,5059766.4849931775,4633221.286154,3510655.28595208,2044099.852362,1549111.1990410974,11703.061042,8863.961373465963,2211.511183,1674.843080696257,446.376547,332.265570974569,0.1580933044106383,0.08782944977234043,0.693933345351451,0,0,0,0
IUSD,iUSD,2024-02-14T00:00:00.000Z,2024-02-14,6645045.055474,5054248.218532843,4663505.1876530005,3547514.6189862103,1981539.867821,1506733.5995466325,5798.336495,4352.076153685455,2426.537038,1849.514096239073,162.490446,129.72185369415,0.17330670252708333,0.09738517393541667,0.7018425877700427,0,0,0,0
IUSD,iUSD,2024-02-15T00:00:00.000Z,2024-02-15,6500247.849324,5140507.971653679,4481068.421294,3543837.53634934,2019179.42803,1596670.4353043397,293135.734875,234361.8745071795,2064.309444,1633.691695557213,1961.774841,1568.417538468195,0.149630738375,0.08270975424895834,0.6894206776029044,0,0,0,0
IUSD,iUSD,2024-02-16T00:00:00.000Z,2024-02-16,6574553.430315999,5156223.537996084,4567074.653698999,3581841.276422375,2007478.776617,1574382.2615737093,4880.691523,3805.055829658773,2230.51298,1750.022787246652,15.282741,12.031033578091,0.1595331872927835,0.08870557248556701,0.6946981491547515,0,0,0,0
IUSD,iUSD,2024-02-17T00:00:00.000Z,2024-02-17,6585733.861897,5059888.318534953,4592142.643693,3528378.765479962,1993591.218204,1531509.5530549907,103.087399,79.828098425827,2343.373947,1800.908851139474,103.087399,79.828098425827,0.16457801735833333,0.09186348369583333,0.6973272432019734,0,0,0,0
IUSD,iUSD,2024-02-18T00:00:00.000Z,2024-02-18,6597188.750316001,5265382.996631215,4616143.987829001,3683970.504717723,1981044.762487,1581412.4919134923,1000,782.716,2373.013552,1892.875792490744,2.286417,1.789615168572,0.16936065606391754,0.0949124623628866,0.6997878294135195,0,0,0,0
IUSD,iUSD,2024-02-19T00:00:00.000Z,2024-02-19,6690345.160035,5271424.720809067,4656168.395439,3668462.173167713,2034176.764596,1602962.5476413537,0,0,2317.940122,1825.04982249444,0,0,0.16226424588125,0.0904893097,0.6960787269121342,0,0,0,0
IUSD,iUSD,2024-02-20T00:00:00.000Z,2024-02-20,6701111.009266,5206836.348730628,4729678.705043,3674437.5182867283,1971432.304223,1532398.8304439,4493.558906,3477.475139818746,2612.506049,2028.210192975695,2184.672921,1661.992078466181,0.18120360414081632,0.10248456935816326,0.7058680549669775,0,0,0,0
IUSD,iUSD,2024-02-21T00:00:00.000Z,2024-02-21,6687953.663349001,5045785.048340768,4740080.5906960005,3576197.2535770964,1947873.072653,1469587.7947636715,2990.268451,2225.881078213125,2782.502927,2098.536141724905,22.005313,16.380204864375,0.18681053733125,0.10598470318229167,0.7087951363000119,0,0,0,0
IUSD,iUSD,2024-02-22T00:00:00.000Z,2024-02-22,6675473.452779,4962655.065736763,4655215.061124,3460891.066141136,2020258.391655,1501763.9995956277,1642.007562,1221.356422759278,2419.346656,1798.701936910696,26.860661,19.979470004359,0.1647843925742268,0.0920106335443299,0.6974243083283593,0,0,0,0
IUSD,iUSD,2024-02-23T00:00:00.000Z,2024-02-23,6678269.104579,4930687.806998059,4631416.20246,3419362.598448572,2046852.902119,1511325.2085494865,15159.343493,11158.935392156714,2312.576297,1706.92115680492,403.14274,297.598566729409,0.15733904121894737,0.08735429975473684,0.6935419034287015,0,0,0,0
IUSD,iUSD,2024-02-24T00:00:00.000Z,2024-02-24,6745587.1828230005,5080497.175844791,4641535.776543,3495960.1495325994,2104051.40628,1584537.0263121922,0,0,2179.270939,1641.856694008868,0,0,0.1471781685,0.08124758022,0.6881009248809524,0,0,0,0
IUSD,iUSD,2024-02-25T00:00:00.000Z,2024-02-25,6908018.761405,5204893.380750038,4744703.481699,3574654.7493052017,2163315.279706,1630238.6314448365,882.652571,668.010336438469,2275.199377,1713.631092101562,313.266288,236.565124808064,0.14510499518421052,0.08014338703578948,0.6869067582699027,0,0,0,0
IUSD,iUSD,2024-02-26T00:00:00.000Z,2024-02-26,6840481.727615001,5015495.437861798,4679891.593321,3431973.663116582,2160590.134294,1583521.7747452166,88742.090172,66662.6062941497,2207.270531,1621.094436626862,347.476444,259.894096362402,0.14019280906421053,0.07701369971157895,0.6843799352677884,0,0,0,0
IUSD,iUSD,2024-02-27T00:00:00.000Z,2024-02-27,6742584.143444999,5024029.249707006,4669425.330825999,3479029.5365587305,2073158.812619,1544999.7131482759,10000,7362.43,2439.251352,1815.50559897616,287.461628,211.641611383604,0.15563538351354167,0.08637738150208334,0.6926028607478901,0,0,0,0
IUSD,iUSD,2024-02-28T00:00:00.000Z,2024-02-28,6751634.743869,5074220.929846169,4708148.579919,3538562.616152466,2043486.16395,1535658.3136937032,19242.036497,14419.588659241364,2646.421577,1987.611509565106,140.741196,105.395753720509,0.16469610979479166,0.09195393943229167,0.6973795192460815,0,0,0,0
IUSD,iUSD,2024-02-29T00:00:00.000Z,2024-02-29,6748224.491707,5262812.38541817,4698872.597294,3664465.473370772,2049351.894413,1598346.912047398,73938.808868,58982.0982669798,2584.737265,2015.831379464508,706.286637,564.920557346253,0.16280010213229168,0.09078836287916667,0.69637906789527,0,0,0,0
IUSD,iUSD,2024-03-01T00:00:00.000Z,2024-03-01,6746709.742215,5137548.180148307,4643213.070584999,3535794.2066822755,2103496.67163,1601753.9734660313,3927.019482,2942.026358997891,2334.600208,1777.61573996357,1635.634586,1201.580950783986,0.14738613370625,0.081238110321875,0.6882897660637722,0,0,0,0
IUSD,iUSD,2024-03-02T00:00:00.000Z,2024-03-02,6771530.110295,5445839.385844041,4654188.090949999,3743106.205205216,2117342.019345,1702733.180638825,24264.311963,19907.909391342237,2386.682526,1919.431614252358,721.211631,594.554981184066,0.14587497472395833,0.08037643581770833,0.6874535896615868,0,0,0,0
IUSD,iUSD,2024-03-03T00:00:00.000Z,2024-03-03,6737005.468557,5326621.934845839,4650848.422693,3677152.038757594,2086157.045864,1649469.8960882453,164.065165,131.171904134315,2358.921717,1864.539763490566,164.065165,131.171904134315,0.151505846821875,0.08380074470416667,0.6904460449334151,0,0,0,0
IUSD,iUSD,2024-03-04T00:00:00.000Z,2024-03-04,6749926.655821,5260682.3038376095,4675494.7177760005,3644230.1458785194,2074431.938045,1616452.15795909,5184.952197,4172.229991802732,2546.880497,1987.483337367548,6.125424,4.738681084264,0.15613449351145833,0.08674567028333334,0.6928307458141516,0,0,0,0
IUSD,iUSD,2024-03-05T00:00:00.000Z,2024-03-05,6817719.377057999,5333788.094018239,4714330.133884,3687727.06563495,2103389.243174,1646061.0283832888,37954.911385,28159.914792772135,2518.743996,1965.37643636294,5455.556399,4036.525734924773,0.15446523624842104,0.08588697202105262,0.6918530183254834,0,0,0,0
IUSD,iUSD,2024-03-06T00:00:00.000Z,2024-03-06,6837572.76227,5181320.396015685,4709189.652045,3568545.5551337,2128383.110225,1612774.8408819851,44881.399514,34355.60489453937,2413.65547,1829.959051393251,277.554785,213.74031862462,0.14841991881914893,0.08190128732446808,0.688819204475375,0,0,0,0
IUSD,iUSD,2024-03-07T00:00:00.000Z,2024-03-07,7022470.106431,5355801.696887753,4897246.236008,3734992.2353787967,2125223.870423,1620809.4615089563,0,0,2818.12758,2149.557317212408,0,0,0.16503113407894737,0.09239103445473684,0.6974237556052787,0,0,0,0
IUSD,iUSD,2024-03-08T00:00:00.000Z,2024-03-08,7137784.698483,5343530.741104871,5004303.2867169995,3746196.270894116,2133481.411766,1597334.470210755,2624.671673,1959.821340855716,2919.669839,2184.953587452902,132.199986,98.712671946312,0.17246530842421054,0.09701702807473685,0.7013141311950524,0,0,0,0
IUSD,iUSD,2024-03-09T00:00:00.000Z,2024-03-09,7159593.267924,5363786.644929349,5022033.642193,3762264.5497849775,2137559.625731,1601522.0951443724,100,74.1811,2948.08882,2208.22145780033,11.982444,8.888708766084,0.17283168697473683,0.09715236103578948,0.7015588083189324,0,0,0,0
IUSD,iUSD,2024-03-10T00:00:00.000Z,2024-03-10,7184647.998939,5421849.456539653,5006025.29405,3777775.7625671057,2178622.704889,1644073.693972547,1960.188739,1475.9063564961668,2864.865447,2161.463691064419,173.686403,128.925876944603,0.163874813090625,0.0915242973125,0.6969033490270413,0,0,0,0
IUSD,iUSD,2024-03-11T00:00:00.000Z,2024-03-11,7281158.2728120005,5560213.313476574,5041652.526425,3850028.929694307,2239505.746387,1710184.3837822669,500,387.8585,2752.771276,2109.802522097548,44.421725,34.458687251825,0.15516089229638555,0.08595447558795181,0.6924279790045492,0,0,0,0
IUSD,iUSD,2024-03-12T00:00:00.000Z,2024-03-12,7282511.377323,5516324.822104214,5067104.362757,3838271.378044333,2215407.014566,1678053.4440598807,973.400948,724.921861404988,2918.855745,2212.328871278689,973.400948,724.921861404988,0.1620079610154639,0.09035771792371133,0.6959291868383121,0,0,0,0
IUSD,iUSD,2024-03-13T00:00:00.000Z,2024-03-13,7293031.812859001,5623831.462999016,5072132.650925,3911373.00470384,2220899.161934,1712458.4582951763,0,0,2880.424223,2222.613593431396,0,0,0.16148570684123711,0.09005964327216495,0.695640403907782,0,0,0,0
IUSD,iUSD,2024-03-14T00:00:00.000Z,2024-03-14,7362793.0648,5654988.632205133,5107376.590076,3922055.8332194905,2255416.474724,1732932.798985643,952.394864,718.855465462061,2834.012654,2173.942185469799,14.424828,11.032231785369,0.15795715150408163,0.0878509472244898,0.6938014398955532,0,0,0,0
IUSD,iUSD,2024-03-15T00:00:00.000Z,2024-03-15,7449698.388602001,5411704.540205196,5103637.8320780005,3707751.2178612817,2346060.556524,1703953.3223439136,25725.501879,18447.469763200348,2539.557224,1845.794734164294,1816.066826,1296.332681048679,0.14157000255,0.07772259914693877,0.6851860978131884,0,0,0,0
IUSD,iUSD,2024-03-16T00:00:00.000Z,2024-03-16,7370900.369302001,5502079.564836147,5008850.709343,3733096.491882092,2362049.659959,1768983.0729540554,854779.953855,739188.8495225079,2440.279654,1805.238081142461,13705.941631,11702.116607299076,0.13493889576907217,0.07361954041752578,0.6793897470898099,0,0,0,0
IUSD,iUSD,2024-03-17T00:00:00.000Z,2024-03-17,7865568.91501,6253914.186981725,5227030.826441,4151615.8991848566,2638538.088569,2102298.2877968685,122893.522958,93390.18090741934,1990.845465,1568.386461748716,15755.210676,12049.78178594671,0.10577980005408164,0.05670287915918367,0.6644724232351322,0,0,0,0
IUSD,iUSD,2024-03-18T00:00:00.000Z,2024-03-18,8178358.141480999,6257480.616434913,5632127.094649999,4309341.376581634,2546231.046831,1948139.2398532783,46749.972357,35989.12844953819,3000.239981,2298.825743410752,1332.417593,1008.880484208947,0.14813804986082474,0.08166498251237113,0.6887067816963384,0,0,0,0
IUSD,iUSD,2024-03-19T00:00:00.000Z,2024-03-19,8104811.031517999,6111896.42958412,5596180.824855,4219624.286906874,2508630.206663,1892272.1426772468,128236.084323,97932.01551447339,3038.186389,2289.882828117518,831.647096,629.687977582587,0.15184464822371135,0.08415234918659793,0.6905416036038132,0,0,0,0
IUSD,iUSD,2024-03-20T00:00:00.000Z,2024-03-20,8061768.9746050015,6296998.912109503,5456562.753776001,4262755.872957418,2605206.220829,2034243.0391520848,1063435.595833,873800.8490569892,2576.871002,2019.337226653056,2659.719597,2211.2457419218,0.12605800946526316,0.0683354915568421,0.6768123641470516,0,0,0,0
IUSD,iUSD,2024-03-21T00:00:00.000Z,2024-03-21,8587141.989822999,7068288.770944732,5802717.706751999,4776661.04117121,2784424.283071,2291627.7297735224,182771.793266,152429.85480679284,2683.325652,2210.218016008644,7554.02561,6233.137290464226,0.12427638972916667,0.06734310571354167,0.6759140477807102,0,0,0,0
IUSD,iUSD,2024-03-22T00:00:00.000Z,2024-03-22,8713081.119052,7267670.453274233,5828824.037403,4861683.08286849,2884257.081649,2405987.370405743,41021.711626,34167.86874921472,2455.950999,2048.3374592097,267.334925,222.06159129333,0.11190595055625,0.060120134886458336,0.6691574253324608,0,0,0,0
IUSD,iUSD,2024-03-23T00:00:00.000Z,2024-03-23,8839026.195199,7335042.221177727,5957344.8965259995,4943808.581944534,2881681.298673,2391233.639233193,11788.283059,9773.983657284882,2727.47184,2264.091947531962,442.944532,371.980508712742,0.12074421887653061,0.06518883286530612,0.6740406961460212,0,0,0,0
IUSD,iUSD,2024-03-24T00:00:00.000Z,2024-03-24,8959094.235277,7441085.709676915,6061839.938522,5034667.67159912,2897254.296755,2406418.038077795,117940.638637,97797.81400299292,2821.559714,2343.603243351553,1172.220115,981.845996275261,0.12556818547142856,0.06805550883979591,0.6766436748835707,0,0,0,0
IUSD,iUSD,2024-03-25T00:00:00.000Z,2024-03-25,8900247.395077,7338667.635737145,6156015.892639,5076849.608821114,2744231.502438,2261818.0269160313,913387.578725,773226.1457863705,3435.175121,2838.702901821539,1026.037692,855.90577622756,0.15447081880416666,0.0857701611375,0.69192480023496,0,0,0,0
IUSD,iUSD,2024-03-26T00:00:00.000Z,2024-03-26,8789929.212686,7320710.668260351,6233792.114161001,5191593.43676741,2556137.098525,2129117.231492941,29349.405485,24307.99849870203,4176.071726,3478.002928812438,735.078188,611.614319151582,0.18787658696413043,0.10673090071086956,0.7093057676943008,0,0,0,0
IUSD,iUSD,2024-03-27T00:00:00.000Z,2024-03-27,8638790.718897,7382422.351976836,6036381.783899,5157790.529145833,2602408.934998,2224631.8228310025,210561.855254,186665.98395655156,4094.92921,3492.08084053968,1208.451528,1067.690058093822,0.18296404554456522,0.10257905460652174,0.698882104168553,0,0,0,0
IUSD,iUSD,2024-03-28T00:00:00.000Z,2024-03-28,8562494.32939,7466525.748164043,5866375.236759,5115689.460037503,2696119.092631,2350836.288126539,35999.999999,31240.47599913221,3717.381752,3243.26141638048,796.711654,691.379202936314,0.16417142449673913,0.09005495232826087,0.6851690022693186,0,0,0,0
IUSD,iUSD,2024-03-29T00:00:00.000Z,2024-03-29,8507514.705678,7599913.976040756,5816128.87321,5195506.886617042,2691385.832468,2404407.089423714,76729.530716,70024.24196823845,3530.114975,3149.488334075111,222.956903,199.262321572116,0.1603529189935484,0.08777008195268818,0.6836813204156706,0,0,0,0
IUSD,iUSD,2024-03-30T00:00:00.000Z,2024-03-30,8441927.451305,7329264.2750235405,5797894.308002,5033536.185461818,2644033.143303,2295728.0895617227,910230.861938,777411.795025731,3693.586962,3205.50759818201,3221.443625,2751.37701412725,0.1681800614236559,0.0924458490172043,0.686734936188196,0,0,0,0
IUSD,iUSD,2024-03-31T00:00:00.000Z,2024-03-31,8484907.380909,7240262.216846924,5854452.20845,4995318.1723327665,2630455.172459,2244944.0445141583,1503.694332,1273.243130246367,3913.327525,3335.339671635695,562.681341,474.348987743412,0.17679703704456523,0.09769660015869565,0.6900378575019154,0,0,0,0
IUSD,iUSD,2024-04-01T00:00:00.000Z,2024-04-01,8521013.507006,7114638.97639437,5839445.889312,4875383.274894899,2681567.617694,2239255.701499472,19295.625373,16052.527361782393,3677.342972,3072.103582353529,645.100555,540.986571520087,0.16465239053296704,0.09036966417582418,0.6853406357333254,0,0,0,0
IUSD,iUSD,2024-04-02T00:00:00.000Z,2024-04-02,8588535.948367,6928077.21250049,5788898.60508,4669748.163388396,2799637.343287,2258329.049112095,57657.547991,46431.54767325078,3153.113213,2543.791109178239,618.619361,498.525327905723,0.1364889660867347,0.07383654501530612,0.6741829341359116,0,0,0,0
IUSD,iUSD,2024-04-03T00:00:00.000Z,2024-04-03,8502126.935321,6891929.864952215,5828712.024526999,4724850.488466958,2673414.910794,2167079.3764852574,8445.161274,6863.891983086963,3711.994631,3010.674918515003,477.894217,387.162745423327,0.165310095755914,0.09074266867311828,0.685608967570432,0,0,0,0
IUSD,iUSD,2024-04-04T00:00:00.000Z,2024-04-04,8477504.46617,6916208.359132217,5780981.069426,4716567.960476836,2696523.396744,2199640.3986553815,910530.531871,741884.538702706,3497.698209,2856.211268859137,2550.095415,2077.055146320341,0.15563052028020832,0.08497780397916667,0.6818215718799951,0,0,0,0
IUSD,iUSD,2024-04-05T00:00:00.000Z,2024-04-05,8576506.047550999,6952756.669676268,5877811.634633999,4765039.253093149,2698694.412917,2187717.416583119,20460.89877,16620.4443506787,3721.98082,3018.344915804199,1479.559525,1203.802712636169,0.16463447874948453,0.09032258724123711,0.685354635415493,0,0,0,0
IUSD,iUSD,2024-04-06T00:00:00.000Z,2024-04-06,8587306.67909,7030325.370185398,5934506.655868,4858503.051184693,2652800.023222,2171822.3190007037,145394.559348,118793.40750763832,4067.247523,3329.772407365352,7308.597193,5972.389397162295,0.1794180472783505,0.09922253720412372,0.6910829242227078,0,0,0,0
IUSD,iUSD,2024-04-07T00:00:00.000Z,2024-04-07,8602369.044966001,7115582.822609094,6025750.995903,4984386.174881854,2576618.049063,2131196.64772724,9168,7574.550248,4728.133346,3911.802496485884,1510.650628,1246.712973731582,0.20435480980625,0.11461046271979167,0.7005308482833273,0,0,0,0
IUSD,iUSD,2024-04-08T00:00:00.000Z,2024-04-08,8825393.24887,7330993.076771916,6039255.445693,5016055.954872292,2786137.803177,2314937.1218996244,8864.008564,7221.701107687577,3745.740373,3108.822792872157,211.135695,172.144702964411,0.16262392069263157,0.08928211130736842,0.6844775441605009,0,0,0,0
IUSD,iUSD,2024-04-09T00:00:00.000Z,2024-04-09,8697951.356406,7194995.196812223,5866915.135734,4853227.088261339,2831036.220672,2341768.108550884,1113399.816845,915140.646924662,3115.079558,2577.034571869651,3559.954256,2911.716461126003,0.1370546859927835,0.07401036915979381,0.6744991452399853,0,0,0,0
IUSD,iUSD,2024-04-10T00:00:00.000Z,2024-04-10,8327836.417414,6910409.644635266,5677182.676128,4710930.532057275,2650653.741286,2199479.112577991,73475.353991,62393.2118202595,3535.362443,2933.586511661916,1036.07009,880.987912732272,0.15544450732886597,0.0848536743742268,0.681757022285593,0,0,0,0
IUSD,iUSD,2024-04-11T00:00:00.000Z,2024-04-11,7528586.457616,6408262.0574792195,4879539.184561,4153541.3442137623,2649047.273055,2254720.7132654567,952889.879979,810823.4651779353,2027.753726,1726.818808359162,1153.283735,981.088797972956,0.09225630449489795,0.048128424575510205,0.6475292656543532,0,0,0,0
IUSD,iUSD,2024-04-12T00:00:00.000Z,2024-04-12,7211364.644371999,5991970.1411286965,4671382.864905,3880692.863964674,2539981.779467,2111277.277164023,242944.370039,190381.51225830612,1759.783831,1458.114798397953,2815.162656,2190.6226776536,0.08407916124631579,0.04370569341368421,0.6480153798349219,0,0,0,0
IUSD,iUSD,2024-04-13T00:00:00.000Z,2024-04-13,6836259.773586,5521369.400515634,4502921.597047,3634575.6385378167,2333338.176539,1886793.7619778172,180574.998326,149243.78267367123,2163.385063,1732.605547069918,5166.412287,4303.194495857468,0.10577558122395833,0.056260576945833335,0.6591428167954698,0,0,0,0
IUSD,iUSD,2024-04-14T00:00:00.000Z,2024-04-14,6382677.880434,5590669.443135146,4093847.465953,3585180.2913065795,2288830.414481,2005489.1518285666,302083.761597,265091.7912791156,1683.235247,1469.190078970458,2567.004345,2292.546117167877,0.0844595899736842,0.04355389973684211,0.6413838145545444,0,0,0,0
IUSD,iUSD,2024-04-15T00:00:00.000Z,2024-04-15,6250755.045828,5489922.242530887,4011883.326927,3523616.416282604,2238871.718901,1966305.826248283,13236.505563,11608.26893790527,1727.587595,1516.805451750592,440.925965,393.328493330011,0.08590763895257732,0.044309975522680414,0.6421278717047717,0,0,0,0
IUSD,iUSD,2024-04-16T00:00:00.000Z,2024-04-16,5700202.356405,5062841.259425102,3843077.1669240003,3413764.505365877,1857125.189481,1649076.7540592253,19155.550968,16924.48031723221,2711.807405,2411.597934745088,79.144504,69.65899861053,0.13696078768020833,0.074145558553125,0.6743511245040745,0,0,0,0
IUSD,iUSD,2024-04-17T00:00:00.000Z,2024-04-17,5032226.050949,4551493.834482006,3730098.5123699997,3372872.67886761,1302127.538579,1178621.1556143956,133965.464087,128164.92508038093,5963.325366,5389.542382872184,2320.864705,2222.718584659023,0.3199203827132653,0.1910833488397959,0.7414467216829439,0,0,0,0
IUSD,iUSD,2024-04-18T00:00:00.000Z,2024-04-18,4991656.714181,4585101.33488078,3513481.692828,3227260.2567507066,1478175.021353,1357841.0781300736,27833.184246,25563.4711387705,4096.657205,3764.061998341061,9358.015403,8607.991824119448,0.21323953412083332,0.12011552552604167,0.7038836960462491,0,0,0,0
IUSD,iUSD,2024-04-19T00:00:00.000Z,2024-04-19,5040827.393771,4606091.00247785,3461053.671149,3162689.7723550647,1579773.722622,1443401.2301227849,49162.478692,45440.566627846165,3280.221909,2998.188853876113,676.628502,630.949313336442,0.167844496159375,0.09222758428125,0.6866143294670672,0,0,0,0
IUSD,iUSD,2024-04-20T00:00:00.000Z,2024-04-20,4972292.589351,4624038.243837414,3470661.060779,3227992.602192099,1501631.528572,1396045.6416453149,10887.525395,10176.711016334646,3835.35939,3571.666493319437,1859.258882,1736.179986956354,0.19948874920104168,0.1120931594375,0.698412257709349,0,0,0,0
IUSD,iUSD,2024-04-21T00:00:00.000Z,2024-04-21,4795010.198662,4497122.486533487,3441573.28344,3227766.820124641,1353436.915222,1269355.6664088462,23847.226176,22356.99705377307,4739.332497,4444.81000079342,1226.735853,1154.132282283936,0.25090080064526316,0.1440802791768421,0.7177426767777078,0,0,0,0
IUSD,iUSD,2024-04-22T00:00:00.000Z,2024-04-22,4768633.202755,4475258.030509989,3400115.412541,3191030.060601853,1368517.790214,1284227.9699081362,767.944967,725.151525222007,4624.040357,4338.39496064381,318.855249,300.720874547669,0.23806266616907215,0.1359056414814433,0.7130210715734016,0,0,0,0
IUSD,iUSD,2024-04-23T00:00:00.000Z,2024-04-23,4755560.820418,4374857.728308845,3292101.764614,3029707.7928480795,1463459.055804,1345149.9354607658,55100.69293,51301.8173310907,3590.36505,3315.057016416862,242.811632,226.054737266786,0.18696549227894738,0.10514945378526316,0.6932284375842778,2.899912,2.65049056888,4.72376,2.43879226032
IUSD,iUSD,2024-04-24T00:00:00.000Z,2024-04-24,4394634.000769,4116320.511977811,3211458.1793569997,3008011.1024430897,1183175.821412,1108309.4095347212,14686.287727,13694.609796841194,5261.221696,4931.028708162612,81.726076,76.991105908949,0.2877368903735632,0.16834216316551723,0.73084179760403,0,0,0,0
IUSD,iUSD,2024-04-25T00:00:00.000Z,2024-04-25,4197567.556509,3896288.6450034557,3114374.8216930004,2891041.472918864,1083192.734816,1005247.1720845919,317333.910266,300682.2424352009,5812.690222,5393.034578143894,2417.037692,2290.845890912102,0.3217074487680851,0.19186731606382978,0.7423034317064708,1041,984.914975,8.8786,4.21057121356
IUSD,iUSD,2024-04-26T00:00:00.000Z,2024-04-26,3949680.250695,3702611.994926034,2951673.032079,2766973.9273419674,998007.218616,935638.0675840668,5462.522518,5152.019620750742,6055.137885,5677.087396307874,875.866755,827.047914048932,0.33537936557311826,0.20054302057526882,0.747335881226748,10.3,9.7523696,4.53412,2.11502642228
IUSD,iUSD,2024-04-27T00:00:00.000Z,2024-04-27,3962083.004851,3692262.7652490214,2950046.465173,2749151.4601833583,1012036.539678,943111.305065663,0,0,5780.71835,5385.506128101246,0,0,0.32721382702947366,0.19490936461157896,0.7445707985130965,0,0,0,0
IUSD,iUSD,2024-04-28T00:00:00.000Z,2024-04-28,3950165.111593,3657814.4052800923,2942744.249057,2724962.2966567716,1007420.862536,932852.1086233208,6215.802095,5750.166397107872,5810.496554,5379.660668282996,138.741623,126.241915884242,0.32838028493225807,0.19570977910430107,0.7449681204477692,38,35.821954,4.34448,2.04342182352
IUSD,iUSD,2024-04-29T00:00:00.000Z,2024-04-29,3636554.0386639996,3396514.1435499443,2889318.9035509997,2701457.4365610206,747235.135113,695056.7069889238,117480.204562,112216.85841155448,8098.828452,7612.983235854397,6888.200712,6540.129937849914,0.49733496326521737,0.3219801681369565,0.7972031048790954,0,0,0,0
IUSD,iUSD,2024-04-30T00:00:00.000Z,2024-04-30,3201978.4280970003,3043601.2485865783,2285857.57187,2172827.2543891477,916120.856227,870773.9941974307,8614.063653,8137.915651342203,4420.491701,4199.50909578542,1796.308575,1716.858783366088,0.2409564712107527,0.1381073981172043,0.7138959366361305,54.5,52.253352,11.24048,4.93421578288
IUSD,iUSD,2024-05-01T00:00:00.000Z,2024-05-01,3165663.49052,3023908.429652691,2275633.754489,2173468.4308298407,890029.736031,850439.9988228504,40162.517725,38932.12129636035,1405.81427,1342.211004769174,821.847176,793.326114906304,0.2543540067043011,0.14643581875268818,0.7189256966483866,69.3,68.7201347,8.68896,3.8509253496
IUSD,iUSD,2024-05-02T00:00:00.000Z,2024-05-02,3142827.5095570004,2989682.4892702466,2251530.328259,2141805.692200762,891297.181298,847876.7970694846,824.043933,767.248353005841,1387.850427,1319.899104701677,2.804073,2.610807876621,0.24718947789893617,0.14167112426702128,0.7164034945457811,1.75,1.66475925,2.17224,0.98279088768
IUSD,iUSD,2024-05-03T00:00:00.000Z,2024-05-03,3142286.74248,2991116.4513707636,2253293.443153,2144903.46232641,888993.299327,846212.9890443534,0,0,1366.672246,1300.85379247182,0,0,0.2490812953425532,0.14289388736702127,0.7170890611709544,15,14.358925,4.34448,1.9908253764
IUSD,iUSD,2024-05-04T00:00:00.000Z,2024-05-04,3109544.027192,2931605.2045997554,2243190.097454,2114824.873740119,866353.929738,816780.3308596363,20291.098528,19169.10223489424,1424.106326,1342.614906447323,230.062892,217.34156438686,0.261386106175,0.1509790674,0.7214752399374995,0,0,0,0
IUSD,iUSD,2024-05-05T00:00:00.000Z,2024-05-05,3053622.870316,2835965.759675543,2228297.105506,2069458.2553653223,825325.76481,766507.5043102204,0,0,1527.621509,1418.229231404653,0,0,0.2844197038419355,0.1660424744172043,0.7297250215771847,0,0,0,0
IUSD,iUSD,2024-05-06T00:00:00.000Z,2024-05-06,3063699.3368379995,2816204.107339581,2227312.8181499997,2047398.6734912856,836386.518688,768805.4338482952,512.570172,461.722698367428,1493.118971,1372.913206304851,61.479911,55.381042348889,0.27672916343586956,0.1609539394054348,0.7270030964575572,140,127.88272,4.34448,1.99972938816
IUSD,iUSD,2024-05-07T00:00:00.000Z,2024-05-07,3069671.9591650004,2756816.4732742663,2230766.6159800002,2003423.8045162824,838905.343185,753392.6687579842,716.4,645.1927056,1531.162476,1375.33940358784,37.555247,33.822405669188,0.27590681048723403,0.16040708107553192,0.726713544768293,2,1.80887,2.36188,1.06549366748
IUSD,iUSD,2024-05-08T00:00:00.000Z,2024-05-08,3027070.238751,2759509.7960782796,2231085.269448,2033961.415934639,795984.969303,725548.3801436406,994.035417,932.512576971036,1639.117781,1494.163704033722,8.927584,8.375037971072,0.30539667804148934,0.1800949946680851,0.7370550546478533,12,10.989396,4.34448,2.0017843272
IUSD,iUSD,2024-05-09T00:00:00.000Z,2024-05-09,3032562.8962370004,2802533.6839261465,2216582.5425150003,2048377.0637790293,815980.353722,754156.6201471172,2136.265,1995.73721577,1560.421335,1441.142172598399,164.028873,153.238725676314,0.28819655439139785,0.1686549853247312,0.7309995951758277,20,18.71728,2.36188,1.08726075356
IUSD,iUSD,2024-05-10T00:00:00.000Z,2024-05-10,3056277.114974,2801061.058221963,2217682.78503,2032473.1562017282,838594.329944,768587.9020202345,0,0,1484.433097,1360.233848285421,0,0,0.2728441255673913,0.1583951527902174,0.725621574089846,0,0,0,0
IUSD,iUSD,2024-05-11T00:00:00.000Z,2024-05-11,3050466.747074,2741441.622920047,2220071.814338,1995146.777907814,830394.932736,746294.845012233,800,719.644,1515.043026,1361.716351126132,28.707626,25.82408850643,0.27894543103225805,0.16242233846021506,0.7277864302623624,53.51,47.94576944,6.70636,2.981720495
IUSD,iUSD,2024-05-12T00:00:00.000Z,2024-05-12,3054716.617968,2744139.4422637606,2224719.534343,1998469.7922189631,829997.083625,745669.6500447976,0,0,1567.025425,1406.675035006794,0,0,0.28045760140531917,0.16344242953404256,0.7283109212346889,1,0.903904,2.17224,0.94783302936
IUSD,iUSD,2024-05-13T00:00:00.000Z,2024-05-13,3071634.338298,2782712.00770127,2230542.556858,2020743.7997859532,841091.78144,761968.2079153165,0,0,1502.082865,1360.1162586654941,0,0,0.2743864766814433,0.1594031286402062,0.7261743584372667,66.95,59.0098145,4.53412,1.96663919076
IUSD,iUSD,2024-05-14T00:00:00.000Z,2024-05-14,3121038.829469,2868291.5315116933,2232645.118435,2051389.1334570013,888393.711034,816902.3980546917,556.788736,503.647705458688,1357.034287,1245.801209545359,75.843272,68.604638433776,0.24524583242631579,0.14068753631473685,0.715547050992678,0,0,0,0
IUSD,iUSD,2024-05-15T00:00:00.000Z,2024-05-15,3151750.590861,2937144.2119232416,2234734.8082830003,2082609.6054194625,917015.782578,854534.6065037792,0,0,1273.108997,1189.177126099392,0,0,0.22725848484166666,0.12897047837261905,0.7090794918131116,13.5,12.5199375,4.72376,2.07990931808
IUSD,iUSD,2024-05-16T00:00:00.000Z,2024-05-16,3090687.7854589997,2884271.168827541,2236167.155725,2086821.5026648473,854520.629734,797449.6661626938,600.999999,560.359778067621,1503.626615,1403.331090318662,0.637915,0.594778549785,0.2669333281268817,0.15450540779139785,0.7235179255807378,2,1.853268,2.17224,0.98375970672
IUSD,iUSD,2024-05-17T00:00:00.000Z,2024-05-17,3022964.9241079995,2823233.1268121004,2238272.0047979997,2090150.4550400458,784692.91931,733082.6717720546,0,0,1662.280189,1551.90564718184,0,0,0.3162085876771739,0.18771365138695653,0.7406296128366996,32,29.966103999999998,6.51672,3.14385688512
IUSD,iUSD,2024-05-18T00:00:00.000Z,2024-05-18,2985673.148113,2777153.135160414,2240791.738446,2084295.60728945,744881.409667,692857.5278709641,775.561455,725.23527218505,1887.845158,1756.302166112751,21.968649,20.54310336639,0.34474275733695653,0.2069876803847826,0.750514765843179,0,0,0,0
IUSD,iUSD,2024-05-19T00:00:00.000Z,2024-05-19,3016692.6773619996,2808438.935517527,2244928.145491,2089771.1198840237,771764.531871,718667.8156335034,0,0,1753.380222,1632.322442629657,0,0,0.32661618646385543,0.19465922940963856,0.7442811239449162,50,46.220525,4.53412,2.1758653134
IUSD,iUSD,2024-05-20T00:00:00.000Z,2024-05-20,2984755.568617,2816712.1539458763,2249705.118572,2122853.2948385016,735050.450045,693858.8591073744,0,0,1882.761537,1777.223851967125,0,0,0.3548135076367816,0.21414003720804597,0.7538167748311211,62.2,57.4496396,6.51672,3.14248402944
IUSD,iUSD,2024-05-21T00:00:00.000Z,2024-05-21,2940046.0044859997,2739045.7237757803,2249975.844832,2096169.75620684,690070.159654,642875.9675689404,12338.696857,11576.494917380764,2106.410502,1962.507137620818,242.434743,227.176789360857,0.38936425190967744,0.23839899934946238,0.7652926833903732,56.5,52.4218165,6.51672,3.2466516264
IUSD,iUSD,2024-05-22T00:00:00.000Z,2024-05-22,2963629.326673,2719336.0192517224,2248623.525513,2063301.4574556795,715005.80116,656034.5617960427,2211.261182,2015.32132866298,1966.810354,1804.92143353434,21.362408,19.46948502712,0.3694803378680851,0.22430864904255318,0.7587565444786192,1.1,1.002529,2.36188,1.14103367552
IUSD,iUSD,2024-05-23T00:00:00.000Z,2024-05-23,2980197.1392419995,2699921.600346355,2253063.7032319997,2041117.4281725925,727133.43601,658804.1721737623,0,0,1933.371653,1749.998234398691,0,0,0.36123122971847826,0.2185067110695652,0.756021974670532,150,134.590425,4.34448,2.01249998712
IUSD,iUSD,2024-05-24T00:00:00.000Z,2024-05-24,2960476.5129970005,2732032.322986744,2272910.0862620003,2097487.4303262024,687566.426735,634544.8926605413,1487.610795,1369.75036693374,2112.45521,1949.844047334809,37.425784,34.460613985248,0.3969873111806452,0.2438648172516129,0.7677650428952204,75,69.133275,2.17224,1.01517681384
IUSD,iUSD,2024-05-25T00:00:00.000Z,2024-05-25,2973194.461115,2766675.1654351573,2274567.696628,2116523.661888409,698626.764487,650151.5035467484,0,0,2080.595071,1935.629072181434,0,0,0.38866015760752687,0.237921720072043,0.7650499503120498,0,0,0,0
IUSD,iUSD,2024-05-26T00:00:00.000Z,2024-05-26,3016831.3587690005,2792418.8759399676,2278052.5926710004,2108626.717833633,738778.766098,683792.1581063344,0,0,1944.089173,1799.676024371158,0,0,0.35855925740108696,0.21663670375326086,0.7551313087829484,31.74898,29.48775414644,2.36188,1.08921875208
IUSD,iUSD,2024-05-27T00:00:00.000Z,2024-05-27,3024749.96265,2806560.276966037,2281696.975414,2117108.1342552076,743052.987236,689452.1427108297,0,0,1979.011574,1835.62712907788,0,0,0.3561554311771739,0.21493085105,0.7543424511371489,5,4.602865,2.17224,1.00742408928
IUSD,iUSD,2024-05-28T00:00:00.000Z,2024-05-28,3024592.48156,2774866.413468468,2283535.9362850003,2094995.4266227821,741056.545275,679870.9868456859,997.046459,914.345443411786,1944.67671,1783.901839971441,48.790076,44.743134356104,0.35809419386593405,0.21628596374065934,0.754989640217674,0,0,0,0
IUSD,iUSD,2024-05-29T00:00:00.000Z,2024-05-29,3032457.4635170004,2770367.5309939715,2283089.0721050003,2085782.9008441865,749368.391412,684584.6301497848,1956.785811,1790.552942783928,1918.113746,1753.488479800067,1956.785811,1790.552942783928,0.3518117024521127,0.21190468992394365,0.7528871786365082,0,0,0,0
IUSD,iUSD,2024-05-30T00:00:00.000Z,2024-05-30,3035610.14155,2749761.6858785916,2284855.418739,2069686.9607623671,750754.722811,680074.7251162246,0,0,1912.694688,1732.609818415169,0,0,0.3512161878416667,0.21149070108125,0.7526871877828686,0,0,0,0
IUSD,iUSD,2024-05-31T00:00:00.000Z,2024-05-31,3031889.6539100003,2734313.9695429234,2272248.755896,2049225.6975371942,759640.898014,685088.272005729,14621.425166,13183.93437222988,1901.550076,1714.857967904933,138.455455,124.84334539713,0.3416046267597938,0.20482053760412372,0.749453226268687,0,0,0,0
IUSD,iUSD,2024-06-01T00:00:00.000Z,2024-06-01,3014393.108333,2709519.571581255,2273850.917665,2043877.0941251018,740542.190668,665642.4774561533,0,0,1884.05899,1694.04656292186,0,0,0.3561233873567901,0.21490883237777778,0.7543315535913847,0,0,0,0
IUSD,iUSD,2024-06-02T00:00:00.000Z,2024-06-02,3013682.7464130004,2727896.625749742,2275946.7060280005,2060119.1531979912,737736.040385,667777.472551751,0,0,1986.56657,1798.022604347117,0,0,0.35873844866703297,0.21673671506153847,0.755204466740021,1.1,0.9924475,2.17224,0.97453854792
IUSD,iUSD,2024-06-03T00:00:00.000Z,2024-06-03,3007601.80815,2751849.1972687114,2277123.20515,2083497.738573592,730478.603,668351.4586951196,2218.36692,2031.80669876184,1968.830297,1801.339675497218,77.365356,70.859084291112,0.3645113972554348,0.22078650352173912,0.7571237584124387,0,0,0,0
IUSD,iUSD,2024-06-04T00:00:00.000Z,2024-06-04,3004559.126104,2799873.678512523,2222455.618253,2070935.9776921335,782103.507851,728937.7008203897,51385.575772,47159.52324935918,1709.967348,1592.851235777217,21223.158429,19477.72343348218,0.31376769551827954,0.1862503241892473,0.7396845628848103,0,0,0,0
IUSD,iUSD,2024-06-05T00:00:00.000Z,2024-06-05,3006846.150666,2820411.1858009733,2179758.4477089997,2044610.7464271802,827087.702957,775800.4393737933,0,0,1487.252663,1395.09561096314,0,0,0.27089880672473116,0.15710828742903227,0.7249329280144332,4.25,3.97601525,2.17224,0.99922822776
IUSD,iUSD,2024-06-06T00:00:00.000Z,2024-06-06,3063829.0235989997,2873465.4895119704,2179286.283056,2043927.8824519468,884542.740543,829537.6070600235,0,0,1331.506534,1248.781457917298,0,0,0.23370671929569892,0.13317399159462365,0.7113963052774807,0,0,0,0
IUSD,iUSD,2024-06-07T00:00:00.000Z,2024-06-07,3078346.3988779997,2892488.3961507636,2171687.6745249997,2040563.1103269064,906658.724353,851925.2858238571,797.032511,754.101151827496,1221.960232,1147.677948169506,86.489266,81.830608176176,0.21745115707659574,0.1227258766393617,0.7054727436586863,10,9.67441,2.17224,1.03814825184
IUSD,iUSD,2024-06-08T00:00:00.000Z,2024-06-08,3076172.984747,2772837.281435048,2172781.716574,1958527.7129749598,903391.268173,814309.5684600887,0,0,1234.39399,1112.78889718493,0,0,0.2197459659688172,0.12416994016129032,0.7063262661330713,0,0,0,0
IUSD,iUSD,2024-06-09T00:00:00.000Z,2024-06-09,3072781.0648189997,2762922.6483963695,2173890.94415,1954681.7750038186,898890.120669,808240.8733925511,0,0,1253.175857,1127.677053646642,0,0,0.22282941678311688,0.12611847391168832,0.7074684981782686,0,0,0,0
IUSD,iUSD,2024-06-10T00:00:00.000Z,2024-06-10,3068593.174916,2772412.722064214,2175274.74298,1965318.1427090666,893318.431936,807094.5793551472,0,0,1271.088829,1148.332333699464,0,0,0.2266520839978022,0.12853606387912087,0.7088834849417306,1.5,1.352589,2.17224,0.97051990392
IUSD,iUSD,2024-06-11T00:00:00.000Z,2024-06-11,3073110.51875,2740215.0340570547,2175900.204654,1940192.956437502,897210.314096,800022.0776195527,4497.001917,4034.694420426243,1260.162362,1124.015054675057,2226.130251,1997.893009623175,0.22438322253118279,0.12709896558172043,0.7080448810948272,6.621626,5.7618078639,2.36188,0.99042131168
IUSD,iUSD,2024-06-12T00:00:00.000Z,2024-06-12,3071753.298405,2755424.1249019476,2174619.5955910003,1950681.1395281227,897133.702814,804742.9853738246,196.827536,176.260239453216,1287.776525,1155.469912007812,89.758266,80.379065752596,0.22410377610107526,0.12692284253333333,0.7079411001372641,32.2,28.9654134,4.53412,1.92488810008
IUSD,iUSD,2024-06-13T00:00:00.000Z,2024-06-13,3071268.8021420003,2696063.31072349,2175119.2195260003,1909376.7779949456,896149.582616,786686.5327285447,416.459374,363.553624505162,1262.302702,1107.65736370582,0.839271,0.732652529973,0.22485198945869564,0.1273980072195652,0.7082169513322398,7.5,6.5472225,2.17224,0.93427173504
IUSD,iUSD,2024-06-14T00:00:00.000Z,2024-06-14,3075039.64359,2665791.574874768,2171654.9405,1882627.2268963137,903384.70309,783164.3479784545,5044.386619,4345.735357617331,1235.567825,1070.677271601802,590.386572,510.462727146336,0.21946676146989247,0.12399586235698924,0.7062215082633635,0,0,0,0
IUSD,iUSD,2024-06-15T00:00:00.000Z,2024-06-15,3084256.130668,2706034.324321053,2172629.004743,1906199.8346684256,911627.125925,799834.4896526273,0,0,1210.118994,1061.958948553927,0,0,0.21463815904130434,0.12095729440543478,0.7044256060731746,0,0,0,0
IUSD,iUSD,2024-06-16T00:00:00.000Z,2024-06-16,3085403.0345409997,2719764.2711013667,2173775.908616,1916170.5295400396,911627.125925,803593.7415613269,0,0,1212.277498,1068.518388349478,0,0,0.2149328358945055,0.12114224861318681,0.7045354767462972,0,0,0,0
IUSD,iUSD,2024-06-17T00:00:00.000Z,2024-06-17,3084890.434724,2729665.429614993,2177410.708909,1926702.752219422,907479.725815,802962.677395571,0,0,1264.872947,1119.164493376607,0,0,0.21843236162386365,0.12335155936704545,0.7058330551036418,100,87.9779,2.17224,0.8692435584
IUSD,iUSD,2024-06-18T00:00:00.000Z,2024-06-18,3032119.542924,2650802.6820193785,2183261.908685,1908660.9362042935,848857.634239,742141.745815085,2954.463476,2614.479401867028,1425.925461,1243.472199491912,234.002989,207.012861821246,0.2576033582218391,0.14851272661034481,0.7201160275837073,0,0,0,0
IUSD,iUSD,2024-06-19T00:00:00.000Z,2024-06-19,3012530.840582,2662426.1149011073,2184269.93276,1930470.3854091007,828260.907822,731955.7294920066,881.009486,771.937868604742,1503.553601,1329.060118358171,0,0,0.2712906637465909,0.15737340787045453,0.725068403324057,25.5,22.535129,6.70636,2.60442450868
IUSD,iUSD,2024-06-20T00:00:00.000Z,2024-06-20,3006622.7499,2642961.5951067833,2186223.606306,1921775.9874859627,820399.143594,721185.6076208204,0,0,1531.705104,1346.507818801271,0,0,0.27710799476593406,0.16120169658021977,0.7271387681430298,0,0,0,0
IUSD,iUSD,2024-06-21T00:00:00.000Z,2024-06-21,3005497.7029649997,2623158.738580791,2187316.705139,1909067.7333239631,818180.997826,714091.0052568276,1392.74536,1209.790075450865,1577.932223,1377.251601742096,299.281948,259.761682349699,0.27889131705,0.16237682758260868,0.7277725891734173,1.5,1.293123,2.36188,0.9068556354
IUSD,iUSD,2024-06-22T00:00:00.000Z,2024-06-22,3009277.8924869997,2637026.654768873,2187908.803058,1917263.0228789807,821369.089429,719763.6318898923,0,0,1532.680815,1344.359204590232,0,0,0.2768633906802326,0.16103580434186046,0.7270544182387517,0,0,0,0
IUSD,iUSD,2024-06-23T00:00:00.000Z,2024-06-23,3010649.3475640006,2656663.0840301192,2210524.6244460004,1950584.6269583611,800124.723118,706078.4570717581,0,0,1648.282406,1454.22482273479,0,0,0.2972835962285714,0.17463264732857142,0.7342349710326925,270,239.89635,4.34448,1.67682591216
IUSD,iUSD,2024-06-24T00:00:00.000Z,2024-06-24,2986635.4344440005,2573710.396803286,2214080.8982530003,1907980.8144584924,772554.536191,665729.5823447934,7274.128764,6265.083965967246,1751.253011,1508.245972317936,2795.262265,2410.914996182992,0.31795066951494255,0.1886364600183908,0.7413706666438705,0,0,0,0
IUSD,iUSD,2024-06-25T00:00:00.000Z,2024-06-25,2925562.626017,2636507.417526207,2209383.531444,1991088.4544186415,716179.094573,645418.9631075654,0,0,1946.595041,1755.874143667498,0,0,0.3587319956736842,0.21673447647894736,0.7552011078521031,15,13.26297,2.17224,0.84460166784
IUSD,iUSD,2024-06-26T00:00:00.000Z,2024-06-26,2948079.888772,2636605.668799554,2211428.022628,1977812.5087176417,736651.866144,658793.1600819121,2175.791147,1930.88409549368,1872.442967,1673.294354978987,32.433489,28.78277547816,0.3436249091691358,0.20622398597037037,0.7501322179860725,0,0,0,0
IUSD,iUSD,2024-06-27T00:00:00.000Z,2024-06-27,2898762.8137999997,2615253.2993691126,2210820.4848479996,1994684.505595295,687942.328952,620568.7937738176,0,0,2028.706223,1827.615844492353,0,0,0.3815597320419355,0.23288936944677419,0.7627161023857895,3,2.688354,2.17224,0.83954686536
IUSD,iUSD,2024-06-28T00:00:00.000Z,2024-06-28,2890228.7511520004,2565733.3146173367,2212711.343491,1964283.2467706471,677517.407661,601450.0678466898,0,0,2093.429217,1858.210896570106,0,0,0.3902331623692308,0.23900486726373626,0.7655834536190449,0,0,0,0
IUSD,iUSD,2024-06-29T00:00:00.000Z,2024-06-29,2891955.514334,2596471.6251168316,2214718.393157,1988430.7862217687,677237.121177,608040.8388950628,0,0,2098.609948,1884.002686281822,0,0,0.39096042770898876,0.23952436506853933,0.7658203438420057,0,0,0,0
IUSD,iUSD,2024-06-30T00:00:00.000Z,2024-06-30,2902853.365417,2589376.4035663377,2216564.76267,1977186.0785221402,686288.602747,612190.3250441974,0,0,2069.604042,1845.978155136817,0,0,0.3841298340741573,0.23466208683033707,0.7635865661404901,0,0,0,0
IUSD,iUSD,2024-07-01T00:00:00.000Z,2024-07-01,2912475.099863,2618341.7124674544,2040023.925024,1833663.5470496225,872451.174839,784678.1654178321,296033.010269,261102.59522230935,1117.906545,1002.879826573093,5436.642322,4795.14571121561,0.21134226402386364,0.12379163918636364,0.7004423869099121,1.39,1.24345647,2.17224,0.86792718096
IUSD,iUSD,2024-07-02T00:00:00.000Z,2024-07-02,2891329.429812,2618557.565599419,1923124.148845,1741681.4316587565,968205.280967,876876.133940663,0,0,565.556859,512.283747334073,0,0,0.11381025427471264,0.06059174597586207,0.6651576380066502,3,2.727006,2.17224,0.88287870888
IUSD,iUSD,2024-07-03T00:00:00.000Z,2024-07-03,2878729.612029,2582057.7267167587,1923841.153938,1725576.4975898352,954888.458091,856481.2291269235,0,0,601.579577,539.673386501056,0,0,0.12151044509666667,0.06496387753,0.6682951890655464,0,0,0,0
IUSD,iUSD,2024-07-04T00:00:00.000Z,2024-07-04,2867685.148848,2524217.2464419114,1924415.155267,1693922.259112667,943269.993581,830294.9873292443,1846.457085,1645.453613183985,633.792248,558.039780946402,69.363217,61.812406560597,0.12840092172873563,0.06893298731264368,0.6710693183332241,15.035,13.34482327,4.53412,1.7697858196
IUSD,iUSD,2024-07-05T00:00:00.000Z,2024-07-05,2798458.416088,2474506.1056071995,1789946.943421,1581757.4813646108,1008511.472667,892748.6242425889,273551.330173,244896.49365812502,441.168726,388.525263904612,44795.361387,40071.55693917726,0.09206026084157304,0.04743097021011236,0.6395855309960261,1487.960972,1328.14951323466,15.58496,5.3733587176
IUSD,iUSD,2024-07-06T00:00:00.000Z,2024-07-06,2770432.045993,2511640.4011726244,1806172.1644,1637493.4712825788,964259.881593,874146.9298900455,0,0,401.73147,364.26550942403,0,0,0.08240923539780219,0.042984637147252744,0.6519459668872856,159.0102,142.887725596,11.43012,4.08073892856
IUSD,iUSD,2024-07-07T00:00:00.000Z,2024-07-07,2770846.803586,2484831.5079801157,1830107.782176,1640988.3050648065,940739.02141,843843.2029153095,1894.998511,1665.496060955853,488.682857,437.33025292213,6.753113,5.923045072824,0.10249089224777778,0.054263825493333334,0.6604865189314104,462.692062,410.093875951212,20.688,7.43038969368
IUSD,iUSD,2024-07-08T00:00:00.000Z,2024-07-08,2771212.209379,2497738.996242718,1848911.640176,1666449.1818326355,922300.569203,831289.8144100824,6316.391056,5473.449720403632,571.036814,514.520603878833,267.303332,231.630900434604,0.11876618645222223,0.06339194204777777,0.6671851386863722,29.762906,26.775973801084,4.72376,1.71456899592
IUSD,iUSD,2024-07-09T00:00:00.000Z,2024-07-09,2772892.948732,2552835.843044946,1852571.70093,1705565.1427650703,920321.247802,847270.7002798757,130.954074,122.285045255274,582.113664,536.206056121083,54.298747,50.704224247347,0.12102935405730338,0.06468818381348315,0.6681006592938686,35.490406,32.848320323412,11.24048,4.20457755516
IUSD,iUSD,2024-07-10T00:00:00.000Z,2024-07-10,2772733.4026699997,2598148.9673915035,1864567.89105,1747160.8192459852,908165.51162,850988.1481455181,0,0,634.943658,595.038513027698,0,0,0.13188815111868132,0.07095445676373627,0.6724658131062189,144,135.375416,11.05084,4.1891326874
IUSD,iUSD,2024-07-11T00:00:00.000Z,2024-07-11,2769971.0811440004,2608816.887591999,1868917.8536160002,1760161.465484506,901053.227528,848655.4221074929,0,0,661.916261,623.492969461861,0,0,0.13751661430444445,0.07423283161555555,0.6747106101038178,5,4.72008,2.17224,0.8534405124
IUSD,iUSD,2024-07-12T00:00:00.000Z,2024-07-12,2751342.904569,2600775.3627441013,1872445.03939,1769976.8550312512,878897.865179,830798.5077128501,0,0,747.407409,706.34019238973,0,0,0.1522867843978022,0.08291226418021978,0.6805567927390211,30.4824,28.8536339208,4.72376,1.89620701544
IUSD,iUSD,2024-07-13T00:00:00.000Z,2024-07-13,2751936.8501509996,2622535.036968887,1875988.615139,1787795.6537584653,875948.235012,834739.3832104217,0,0,744.846479,709.608248694794,0,0,0.1551942490208791,0.08463843408791209,0.6816973295554183,76.998212,73.678486483052,9.06824,3.8622744416
IUSD,iUSD,2024-07-14T00:00:00.000Z,2024-07-14,2765057.77744,2587267.015156079,1882768.8758679999,1761725.0794735579,882288.901572,825541.935682521,0,0,739.893574,692.60743439506,0,0,0.1532085720931818,0.08346119941704545,0.6809174241326443,11,10.265002,2.17224,0.93326381568
IUSD,iUSD,2024-07-15T00:00:00.000Z,2024-07-15,2767605.821739,2623663.690116425,1884025.7275039998,1786039.0650160175,883580.094235,837624.6251004076,0,0,737.340382,698.808718228924,0,0,0.15275773915730337,0.0831909389247191,0.6807420794627507,3,2.836734,2.17224,0.94513945176
IUSD,iUSD,2024-07-16T00:00:00.000Z,2024-07-16,2770696.0931900004,2623643.6421446633,1884918.2290700001,1784886.6284960962,885777.86412,838757.0136485671,0,0,749.869843,709.882052720024,0,0,0.15164653406263737,0.08253299333846154,0.6803051445001125,5.229408,4.907830784448,2.36188,1.03548125832
IUSD,iUSD,2024-07-17T00:00:00.000Z,2024-07-17,2774149.293676,2637321.004781072,1886941.2544010002,1793870.1358541294,887208.039275,843450.8689269426,0,0,732.100784,695.913748801771,0,0,0.1513472564797753,0.08235579320898877,0.6801874646314657,20,19.151429999999998,4.34448,1.95658435728
IUSD,iUSD,2024-07-18T00:00:00.000Z,2024-07-18,2785162.733802,2606764.8619899536,1891395.380327,1770262.6522995206,893767.353475,836502.209690433,0,0,721.430333,675.527779548529,0,0,0.14859222135934066,0.08073108436923077,0.6791003534128957,50.1012,46.7830965584,4.53412,1.979394653
IUSD,iUSD,2024-07-19T00:00:00.000Z,2024-07-19,2792131.92941,2601046.582987316,1895052.187647,1765368.6463357417,897079.741763,835677.936651574,0,0,718.287661,669.221641256719,0,0,0.1476016276539326,0.08014337507415731,0.6787115299256707,20,18.53334,2.17224,0.9270903096
IUSD,iUSD,2024-07-20T00:00:00.000Z,2024-07-20,2792846.984195,2633836.8112031748,1896054.917707,1788105.7198756118,896792.066488,845731.091327563,1314.308001,1252.733985461151,721.058072,679.975764441229,7.408894,7.061794724994,0.14807100972967033,0.08042003944945054,0.678896825825426,0,0,0,0
IUSD,iUSD,2024-07-21T00:00:00.000Z,2024-07-21,2793367.372337,2606357.3859218974,1895322.222838,1768437.650365047,898045.149499,837919.7355568504,3014.972869,2812.951596939786,716.031283,668.120807777435,233.393298,217.754546674212,0.14708820999222222,0.07984207195,0.6785080839292081,60.25,56.12269425,2.17224,0.93137396688
IUSD,iUSD,2024-07-22T00:00:00.000Z,2024-07-22,2793426.282761,2614873.3663874473,1896766.495138,1775529.28109362,896659.787623,839344.0852938273,4635.730769,4349.163800052727,740.214355,692.807793311164,2.343292,2.198436718436,0.14836245366,0.08059365352222223,0.6790108129962009,0,0,0,0
IUSD,iUSD,2024-07-23T00:00:00.000Z,2024-07-23,2790242.470645,2560417.3356847893,1894628.500155,1738575.4593523792,895613.97049,821841.8763324104,0,0,722.285476,662.897161494943,0,0,0.14838251375,0.08060413976444444,0.6790195101813155,0,0,0,0
IUSD,iUSD,2024-07-24T00:00:00.000Z,2024-07-24,2790646.506523,2534015.0413583405,1892411.318399,1718384.173032834,898235.188124,815630.8683255068,2677.738271,2405.957581240301,712.681427,647.304313841911,98.867113,88.776643908979,0.14612122864555555,0.0792718253,0.6781265189279465,20.988802,19.138702070106,7.08564,2.95533541632
IUSD,iUSD,2024-07-25T00:00:00.000Z,2024-07-25,2791148.0105149997,2462624.404408658,1888600.272141,1666308.6780266797,902547.738374,796315.726381978,0,0,695.658611,613.55110903171,0,0,0.1423628637934066,0.07706271962637362,0.6766392576667144,15,13.456095,2.17224,0.88208366904
IUSD,iUSD,2024-07-26T00:00:00.000Z,2024-07-26,2786609.99428,2517870.7280691364,1890849.348738,1708510.531346303,895760.645542,809360.1967228333,1502.510664,1370.098906713672,734.901292,663.817694394934,0.072119,0.065763368887,0.14719016196703297,0.07990164338681319,0.6785486340932293,36.497418,33.035783461944,9.25788,3.8224782117599996
IUSD,iUSD,2024-07-27T00:00:00.000Z,2024-07-27,2786010.5472730002,2511836.729058413,1894253.3923000002,1707835.7705935824,891757.154973,804000.9584648302,0,0,736.013254,663.596904752788,0,0,0.15065807861,0.08194837245777778,0.6799161010486104,30,27.06888,2.17224,0.90227029536
IUSD,iUSD,2024-07-28T00:00:00.000Z,2024-07-28,2786347.383179,2463849.2793183154,1905666.31691,1685050.158254972,880681.066269,778799.1210633436,0,0,786.90671,695.351045342271,0,0,0.16093543485222223,0.08808122723111111,0.6839296593928651,199.92,176.87162304,4.53412,1.86199985568
IUSD,iUSD,2024-07-29T00:00:00.000Z,2024-07-29,2793182.576923,2487758.144497346,1915480.881457,1706070.117832273,877701.695466,781688.026665073,1593.651587,1437.883299931859,812.448354,722.802369765981,7.95808,7.18023338656,0.1656531728120482,0.09088971382409639,0.6857759533549707,0,0,0,0
IUSD,iUSD,2024-07-30T00:00:00.000Z,2024-07-30,2821435.477637,2447073.072335263,1912673.8997429998,1658916.951343839,908761.577894,788156.1209914237,0,0,738.23503,640.327752121113,0,0,0.1456468746425,0.07901509348,0.6779259320140705,1,0.86784,2.17224,0.87860808504
IUSD,iUSD,2024-07-31T00:00:00.000Z,2024-07-31,2849336.538822,2451364.745173768,1913062.367189,1645817.0605541086,936274.171633,805547.6846196594,0,0,628.209278,540.602716493515,0,0,0.12926156874698796,0.06943680581084337,0.6714110902372226,0,0,0,0
IUSD,iUSD,2024-08-01T00:00:00.000Z,2024-08-01,2832368.2109740004,2377481.683101591,1913098.7284690002,1605848.3027907305,919269.482505,771633.3803108606,2004.999751,1664.456558291903,708.590966,594.656417725494,40.684389,33.774267581517,0.13934633423855422,0.07529648331204819,0.6754415713493386,0,0,0,0
IUSD,iUSD,2024-08-02T00:00:00.000Z,2024-08-02,2845174.46326,2397959.069925139,1912380.981418,1611789.3191407863,932793.481842,786169.7507843528,0,0,653.179521,550.570113682911,0,0,0.13109525602125,0.07049302448375,0.6721493520251132,0,0,0,0
IUSD,iUSD,2024-08-03T00:00:00.000Z,2024-08-03,2846065.435463,2417697.383597097,1912526.016212,1624670.1589887857,933539.419251,793027.2246083111,1274.204209,1096.115057729115,651.539952,553.858974190077,179.386216,154.31430152076,0.13069540732891566,0.07026081542891566,0.6719894780840555,0,0,0,0
IUSD,iUSD,2024-08-04T00:00:00.000Z,2024-08-04,2843947.664777,2398095.704191473,1888429.618384,1592413.864615974,955518.046393,805681.839575499,44902.116938,37922.20585323506,565.873232,477.423050558856,7021.049899,5931.394933444923,0.11109044056883118,0.059111078483116884,0.6640117603099355,5.657062,4.71241750193,2.36188,0.8196195976
IUSD,iUSD,2024-08-05T00:00:00.000Z,2024-08-05,2754654.1188390004,2483149.905719678,1598633.720899,1435317.403794367,1156020.39794,1047832.501925311,424643.901869,396155.12732886994,342.284378,305.436575461648,5438.867295,5174.848329731729,0.07596116827934783,0.03539639383369565,0.5793395246974421,104.49,98.58588222,33.72144,10.33668453356
IUSD,iUSD,2024-08-06T00:00:00.000Z,2024-08-06,2689501.9677649997,2519660.721819693,1455814.606822,1363874.9265410013,1233687.360943,1155785.7952786917,701.813859,657.690119870811,290.43136,272.059413549403,1.146309,1.074239406861,0.07252984492173913,0.031408363319565216,0.54129776627351,128.001692,119.52690006338801,16.15388,5.3004978228
IUSD,iUSD,2024-08-07T00:00:00.000Z,2024-08-07,2687661.409514,2499461.8265775633,1469852.191364,1366917.471225839,1217809.21815,1132544.3553517242,6985.176578,6336.442273671406,294.070746,273.504155105542,105.829522,96.000816803294,0.07276524666595745,0.0318362051893617,0.5468931543748682,341.250112,313.243740688784,16.34352,5.322874411839999
IUSD,iUSD,2024-08-08T00:00:00.000Z,2024-08-08,2670285.260779,2483316.402533996,1507588.093356,1402084.0322008308,1162697.167423,1081232.3703331654,0,0,304.198898,282.928196435964,0,0,0.07350994766170213,0.03320275746170213,0.5645864695229379,407.673646,383.299695965264,22.6706,7.73069006428
IUSD,iUSD,2024-08-09T00:00:00.000Z,2024-08-09,2666629.889515,2477736.7394964085,1529650.1527179999,1421294.9263640214,1136979.736797,1056441.8131323871,0,0,310.063648,288.183721463102,0,0,0.073890628775,0.03390851121413044,0.5736267190558874,0,0,0,0
IUSD,iUSD,2024-08-10T00:00:00.000Z,2024-08-10,2666816.415577,2451970.7295269864,1529605.133054,1406375.936403262,1137211.282523,1045594.7931237245,0,0,317.351833,291.800407350871,0,0,0.07388822810947368,0.033904041683157894,0.5735697204913913,0,0,0,0
IUSD,iUSD,2024-08-11T00:00:00.000Z,2024-08-11,2667103.01423,2451958.0257358924,1529085.4680390002,1405736.6255203383,1138017.546191,1046221.4002155539,0,0,310.183833,285.140010401257,0,0,0.0738774254787234,0.03388392566914893,0.5733132379751532,11.97104,10.77904763408,2.36188,0.79203756296
IUSD,iUSD,2024-08-12T00:00:00.000Z,2024-08-12,2668348.42864,2407792.575372633,1530380.1664820001,1380937.8204237216,1137968.262158,1026854.7549489116,1002.007975,909.617829665125,310.477008,280.279634170432,3.330462,3.02337675129,0.07388661451489362,0.03390104624361702,0.5735314039598627,3.72,3.4082082,2.36188,0.79372630716
IUSD,iUSD,2024-08-13T00:00:00.000Z,2024-08-13,2662067.303703,2399579.1007911297,1530025.26964,1379113.7173129057,1132042.034063,1020465.3834782242,0,0,310.634368,279.984237064857,0,0,0.07393946203473684,0.03400016383578947,0.5747857152681641,3.05,2.723467,2.36188,0.80715831872
IUSD,iUSD,2024-08-14T00:00:00.000Z,2024-08-14,2649260.1625610003,2363935.6271817717,1528359.1479560002,1363752.5133241583,1120901.014605,1000183.1138576133,5000.134106,4457.964564752314,317.901198,283.752937078696,1306.150022,1164.522868964518,0.0740285189875,0.03416568462083333,0.5769003504450209,6.963726,6.255598446134,4.72376,1.6122074786
IUSD,iUSD,2024-08-15T00:00:00.000Z,2024-08-15,2649476.58015,2354836.8299776134,1526097.650825,1356388.8979598468,1123378.929325,998447.9320177668,0,0,310.165979,275.648711203803,0,0,0.07399057932234043,0.03409484124574468,0.5759996808427659,0,0,0,0
IUSD,iUSD,2024-08-16T00:00:00.000Z,2024-08-16,2649617.7135570003,2352079.581407022,1525431.999593,1354134.5959632013,1124185.713964,997944.9854438208,0,0,310.207052,275.224581131592,0,0,0.07397870465268817,0.034072684313978495,0.5757177720481291,4.858518,4.343719149756,2.36188,0.78316870356
IUSD,iUSD,2024-08-17T00:00:00.000Z,2024-08-17,2649692.792305,2362596.650858521,1526163.7750600001,1360803.030541543,1123529.017245,1001793.620316978,0,0,310.351113,276.793563378082,0,0,0.07398965044255319,0.03409310679680851,0.5759776296719811,0,0,0,0
IUSD,iUSD,2024-08-18T00:00:00.000Z,2024-08-18,2649991.450166,2399397.5878961487,1532274.1450540002,1387399.5081187424,1117717.305112,1011998.0797774061,0,0,311.988381,282.503763853907,0,0,0.07408404691473684,0.034269492871578947,0.5782184829822713,88,78.687312,4.34448,1.45252475424
IUSD,iUSD,2024-08-19T00:00:00.000Z,2024-08-19,2653176.334742,2381421.1395045887,1535580.681258,1378296.8456169274,1117595.653484,1003124.2938876614,100,89.2028,319.98383,287.239913936069,100,89.2028,0.0741073137074468,0.03431292429574468,0.5787708339302519,3.73,3.34770857,2.36188,0.78098632644
IUSD,iUSD,2024-08-20T00:00:00.000Z,2024-08-20,2639701.0840809997,2410783.7479575733,1531857.914074,1399006.770889633,1107843.170007,1011776.9770679403,10000,9080.12,312.240749,285.142579724319,10000,9080.12,0.07417254323516484,0.03443508631428571,0.5803191341561877,4.785816,4.381012539456,4.72376,1.61234210576
IUSD,iUSD,2024-08-21T00:00:00.000Z,2024-08-21,2630933.074481,2433687.8157392666,1521946.588791,1407775.4676102551,1108986.48569,1025912.3481290113,25097.334442,23803.61704618378,310.008368,286.730701454467,2784.062579,2640.549721177708,0.0740951308574468,0.03429051512446808,0.5784814142519789,34.466638,32.661061744376,4.53412,1.70074730864
IUSD,iUSD,2024-08-22T00:00:00.000Z,2024-08-22,2630878.335942,2438685.980933139,1507188.582794,1397084.254976551,1123689.753148,1041601.7259565879,0,0,306.21343,283.926969629452,0,0,0.07385935428510639,0.03385028633829787,0.5728841734277389,23.808274,22.246269608634,4.72376,1.764737689
IUSD,iUSD,2024-08-23T00:00:00.000Z,2024-08-23,2626552.624204,2499434.6206942946,1510891.927536,1437791.409525947,1115660.696668,1061643.2111683476,0,0,307.296039,292.37208106173,0,0,0.07395856792446809,0.03403529660319149,0.5752396074138024,155.808688,149.78324809506,13.98164,5.39536633616
IUSD,iUSD,2024-08-24T00:00:00.000Z,2024-08-24,2624106.907779,2519802.531113589,1524545.022777,1463946.8052996043,1099561.885002,1055855.725813985,0,0,310.996837,298.687149857707,0,0,0.07420024571263158,0.034486898411578946,0.5809767269131328,20,19.11656,2.17224,0.8580130776
IUSD,iUSD,2024-08-25T00:00:00.000Z,2024-08-25,2624130.686682,2456981.221134688,1524541.5125220001,1427437.6028576887,1099589.17416,1029543.6182769992,0,0,318.575292,298.448868268208,0,0,0.07419996760319149,0.03448637625531915,0.5809701264152853,6.756448,6.309939134818,4.72376,1.8245877282
IUSD,iUSD,2024-08-26T00:00:00.000Z,2024-08-26,2624429.0626330003,2412493.058356749,1524823.609009,1401684.5485500097,1099605.453624,1010808.509806739,0,0,311.598762,286.288604762377,0,0,0.07420171276,0.034489642328421055,0.5810115514498262,7.648194,7.087920643768,6.70636,2.53576632936
IUSD,iUSD,2024-08-27T00:00:00.000Z,2024-08-27,2624725.3445380004,2368523.9523518574,1525138.427329,1376267.6155364264,1099586.917209,992256.336815431,39.421243,35.630259745662,311.7212,281.35750084965,2.057241,1.859404361994,0.07420400298085106,0.03449393341276596,0.5810659111444773,4.5,4.0458195,2.36188,0.8608580224
IUSD,iUSD,2024-08-28T00:00:00.000Z,2024-08-28,2629821.4930600002,2329122.2557616276,1525886.511966,1351413.5532149794,1103934.981094,977708.7025466482,0,0,311.748808,275.99696357312,0,0,0.07416883090526316,0.03442817081473684,0.5802309952388293,1,0.885377,2.17224,0.7671048336
IUSD,iUSD,2024-08-29T00:00:00.000Z,2024-08-29,2646492.448074,2374148.2911352543,1526954.129504,1369822.8966022849,1119538.31857,1004325.3945329693,0,0,318.634652,285.823425867257,0,0,0.07403157115368421,0.03417136761473684,0.5769728172011792,15,13.67154,2.36188,0.85315356984
IUSD,iUSD,2024-08-30T00:00:00.000Z,2024-08-30,2651114.6511000004,2344913.7970985887,1528009.361767,1351537.9961222378,1123105.289333,993375.8009763509,0,0,311.509083,275.52946985358,0,0,0.07400622674468085,0.03412415796808511,0.576371083615591,0,0,0,0
IUSD,iUSD,2024-08-31T00:00:00.000Z,2024-08-31,2666649.707701,2350836.3071132954,1528194.518947,1347209.3822879018,1138455.188754,1003626.9248253938,0,0,310.976051,274.129936886254,0,0,0.07386745833789474,0.0338653689168421,0.5730765896906569,1.802512,1.57854087144,2.36188,0.81808909936
IUSD,iUSD,2024-09-01T00:00:00.000Z,2024-09-01,2666945.7601779997,2326054.3093741643,1528584.380734,1333199.333197623,1138361.379444,992854.9761765413,0,0,311.071358,271.273438239456,0,0,0.07387093582065217,0.03387184256195652,0.573159155470409,0,0,0,0
IUSD,iUSD,2024-09-02T00:00:00.000Z,2024-09-02,2667246.6830970002,2293523.8882160136,1528563.91556,1314387.7743673879,1138682.767537,979136.1138486258,0,0,311.155833,267.467632624149,0,0,0.0738678893047619,0.03386617171547619,0.5730868218983016,0,0,0,0
IUSD,iUSD,2024-09-03T00:00:00.000Z,2024-09-03,2665225.857143,2264605.780831144,1529206.696891,1299335.7397590447,1136019.160252,965270.0410720997,578.904078,485.345653242186,311.490943,264.709748604984,37.112617,31.114735628779,0.07389636959176471,0.03391921338117647,0.5737630138200264,11.14,9.62169598,2.36188,0.79358931812
IUSD,iUSD,2024-09-04T00:00:00.000Z,2024-09-04,2659897.600338,2248939.116290348,1529292.538471,1293000.302962237,1130605.061867,955938.8133281112,0,0,311.748086,263.614199429752,0,0,0.07394711068837209,0.03401420268488372,0.5749674374860281,0.984042,0.815227626816,2.36188,0.72909818472
IUSD,iUSD,2024-09-05T00:00:00.000Z,2024-09-05,2667464.889543,2291350.1008735243,1530006.5888740001,1314277.1302291274,1137458.300669,977072.9706443967,0,0,319.004515,274.159496488337,0,0,0.07388869687468354,0.03390492007974683,0.573580846905272,20,17.18926,2.36188,0.7638556108
IUSD,iUSD,2024-09-06T00:00:00.000Z,2024-09-06,2668631.814946,2274796.568230618,1532331.619113,1306193.6759570765,1136300.195833,968602.8922735413,5841.827351,4922.230256714984,312.437161,266.78015364516,427.853337,360.502376102808,0.07391484213513513,0.03395363811351351,0.5742015844781834,40.6,35.0460504,6.896,2.19616943032
IUSD,iUSD,2024-09-07T00:00:00.000Z,2024-09-07,2671813.956759,2311578.8841969753,1528613.122351,1322516.108580797,1143200.834408,989062.775616178,119.896524,102.627947544804,311.49053,269.511859351484,46.282226,39.616243271446,0.07382740472413793,0.03379083858735632,0.5721255792351442,12,10.432812,4.34448,1.40783308848
IUSD,iUSD,2024-09-08T00:00:00.000Z,2024-09-08,2658414.326547,2359676.174725579,1538267.560429,1365392.4980556348,1120146.766118,994283.6766699445,3976.766504,3521.255738332328,314.382043,278.976035120614,0.528032,0.467549630624,0.07410278167058823,0.03430636799411765,0.5786620968547304,509.911918,451.812469410892,16.53316,5.58712633896
IUSD,iUSD,2024-09-09T00:00:00.000Z,2024-09-09,2637863.0320760002,2360917.855539398,1577482.257951,1411865.3518127047,1060380.774125,949052.503726693,0,0,333.149783,298.13254354338,0,0,0.07491834279425287,0.0358418718091954,0.5980155164047212,5.5,4.960109,2.36188,0.81499976032
IUSD,iUSD,2024-09-10T00:00:00.000Z,2024-09-10,2637206.898535,2350178.9108339585,1560527.223597,1390666.2457622404,1076679.674938,959512.6650717183,49031.358575,43376.83371457631,322.56322,287.35840546879,385.405077,342.124379785896,0.07465361290595238,0.035343986375,0.5917331027580639,117.95202,105.47847602612,13.792,4.72796606004
IUSD,iUSD,2024-09-11T00:00:00.000Z,2024-09-11,2631791.122236,2326616.957238128,1520283.258074,1343995.972697304,1111507.864162,982620.9845408238,122.880449,108.392598302002,315.263149,278.814347711595,9.075039,8.005073751822,0.07406056322045454,0.03422553785568182,0.5776610543533902,171.477644,152.950671912444,4.72376,1.6439393364
IUSD,iUSD,2024-09-12T00:00:00.000Z,2024-09-12,2619130.177544,2387760.553941694,1538496.935986,1402549.512141752,1080633.241558,985211.0417999423,0,0,320.460099,292.229304320711,0,0,0.07447176331022727,0.03499737500681818,0.587420327719182,80.84398,73.73730909412,2.36188,0.8403332852
IUSD,iUSD,2024-09-13T00:00:00.000Z,2024-09-13,2610875.5731889997,2367401.78204237,1546765.080565,1402529.3537719573,1064110.492624,964872.428270413,0,0,322.969157,292.906974125929,0,0,0.07468295429213483,0.03539564185842697,0.5924315405500556,53.07353,48.26478390204,9.44752,3.4020897420800003
IUSD,iUSD,2024-09-14T00:00:00.000Z,2024-09-14,2612310.1100009996,2335648.5958141107,1557633.832549,1392662.2267764844,1054676.277452,942986.3690376263,0,0,333.363871,298.104000623916,0,0,0.07484462442613636,0.0357019228375,0.5962668615190597,86.125486,78.046518554736,11.8094,4.25573694484
IUSD,iUSD,2024-09-15T00:00:00.000Z,2024-09-15,2623646.620184,2305791.8012316246,1564500.2012510002,1374993.5365727048,1059146.418933,930798.2646589197,65.088592,56.740849898816,327.177331,287.524603011665,65.088592,56.740849898816,0.07484671326818182,0.03570601021363636,0.5963163369790211,67.5,59.7499875,11.05084,3.90464799972
IUSD,iUSD,2024-09-16T00:00:00.000Z,2024-09-16,2624614.509048,2238372.2925891024,1562811.717278,1332818.5388207878,1061802.79177,905553.7537683146,13757.634296,11584.522433136392,326.751632,278.563700396387,13.357414,11.267574950637998,0.07481309654482758,0.035643368671264365,0.5955182139031231,14,11.914842,6.896,2.29706987488
IUSD,iUSD,2024-09-17T00:00:00.000Z,2024-09-17,2529873.201653,2184398.7099507563,1552616.974716,1340618.957714464,977256.226937,843779.7522362923,245.686586,208.70461264235,328.41152,283.55337347363,7.043433,5.983220247675,0.07558049841477273,0.03710809813068182,0.6137168181389182,19.967156,16.9615998431,2.36188,0.78259004296
IUSD,iUSD,2024-09-18T00:00:00.000Z,2024-09-18,2529675.903249,2174010.0278707203,1553213.356321,1334859.1294656408,976462.546928,839150.8984050793,0,0,336.234677,288.955496563453,0,0,0.0755924544183908,0.037131094733333335,0.6140002434812127,0,0,0,0
IUSD,iUSD,2024-09-19T00:00:00.000Z,2024-09-19,2523805.62188,2240384.772329248,1554601.244416,1380013.7547075278,969204.377464,860371.0176217202,0,0,329.214464,292.286187807359,0,0,0.07567613392906977,0.03729242781627907,0.6159836942940188,25.156932,22.15030345166,4.72376,1.6585593736
IUSD,iUSD,2024-09-20T00:00:00.000Z,2024-09-20,2516833.1737869997,2238214.1824592957,1558421.218616,1385884.1281108246,958411.955171,852330.0543484713,0,0,330.557532,294.000499771198,0,0,0.07581179727857143,0.03755415379285714,0.6191992134392573,86.5,76.9344765,4.72376,1.66915476728
IUSD,iUSD,2024-09-21T00:00:00.000Z,2024-09-21,2517094.500552,2216499.0960473297,1565232.727316,1378310.1926833217,951861.773236,838188.9033640082,0,0,332.418645,292.769780308783,0,0,0.07592327155119048,0.037769766532142854,0.6218410653927213,0,0,0,0
IUSD,iUSD,2024-09-22T00:00:00.000Z,2024-09-22,2534567.5505020004,2234470.6898541315,1566061.9152870001,1380643.936350397,968505.635215,853826.7535037345,0,0,331.9391,292.640615724817,0,0,0.07575637838452381,0.03744711781190476,0.6178857364216466,22.142236,19.60895690562,4.72376,1.66710229356
IUSD,iUSD,2024-09-23T00:00:00.000Z,2024-09-23,2537744.263506,2236464.098553085,1566445.925829,1380478.413023073,971298.337677,855985.6855300119,874.843663,787.933937156091,332.023892,292.631780496798,23.00719,20.45712184005,0.07572994087325581,0.037396002189534885,0.6172591764918834,0.903208,0.794431047728,2.36188,0.84176458448
IUSD,iUSD,2024-09-24T00:00:00.000Z,2024-09-24,2513661.5290099997,2249744.6613834333,1566450.804853,1402128.723507874,947210.724157,847615.9378755593,332.113242,298.71617618202,333.052857,297.967033370864,15.328622,13.815789698284,0.07598179179310345,0.037884252412643676,0.6232271680860256,21.941948,19.975725946896,4.72376,1.8356885642
IUSD,iUSD,2024-09-25T00:00:00.000Z,2024-09-25,2476963.417935,2243082.464181976,1568095.1653139999,1420034.9176020059,908868.252621,823047.54657997,1034.986196,938.779136344213,343.028338,310.722452935694,17.969952,16.308733738541,0.07639728545113636,0.038691961813636364,0.633071591441662,7.478588,6.782989572944,2.36188,0.90592033092
IUSD,iUSD,2024-09-26T00:00:00.000Z,2024-09-26,2477743.755451,2234909.4707543,1584398.946903,1429167.7273969203,893344.808548,805741.7433573795,1384.189709,1253.404544345135,339.711353,306.451194578605,87.656639,79.374401464085,0.07666666444404761,0.03922029706428572,0.6394512628906097,256.349688,234.4639093641,18.30026,7.2075788130800005
IUSD,iUSD,2024-09-27T00:00:00.000Z,2024-09-27,2479721.341855,2246836.3624176695,1594711.084675,1444936.1837735912,885010.25718,801900.1786440784,0,0,342.522497,310.389101228965,0,0,0.07682077580813954,0.03952281783255814,0.6431009073200503,31,28.373707,6.49948,2.6626752448
IUSD,iUSD,2024-09-28T00:00:00.000Z,2024-09-28,2480006.335798,2213069.083849056,1596194.674166,1424386.8960998692,883811.661632,788682.187749187,0,0,350.920595,313.165058155763,0,0,0.07684292016627907,0.03956643437325581,0.6436252383864154,3.962446,3.55369571305,4.33586,1.7440181398
IUSD,iUSD,2024-09-29T00:00:00.000Z,2024-09-29,2480392.553123,2200646.628797081,1597547.4042099998,1417371.2006430547,882845.148913,783275.428154026,109.924208,97.759335597472,343.310155,304.624354959233,25.15283,22.36926691522,0.07686172101860465,0.03960348744418605,0.6440703892523972,11,9.742887,2.17224,0.8651814696
IUSD,iUSD,2024-09-30T00:00:00.000Z,2024-09-30,2482239.97345,2149488.947123284,1597936.329104,1383728.8331985455,884303.644346,765760.1139247386,167.550291,144.835162948548,335.340122,290.372449519666,7.493386,6.477492673208,0.07684812326987951,0.03957670183975904,0.6437484253420819,1.425076,1.236472891704,2.16362,0.80768800048
IUSD,iUSD,2024-10-01T00:00:00.000Z,2024-10-01,2487663.951154,2136918.2976293936,1590049.78728,1366111.5706070026,897614.163874,770806.7270223912,42336.90807,35055.326201423704,327.976488,281.790177336301,501.87385,415.440153976926,0.07665525304235295,0.03919932657411765,0.6391801587124072,31.35919,27.29132979269,6.49086,2.44338039324
IUSD,iUSD,2024-10-02T00:00:00.000Z,2024-10-02,2499059.8534239996,2104266.531175649,1552857.9066309999,1307555.3161223128,946201.946793,796711.2150533362,1878.804481,1580.408995718618,311.024676,261.83976403545,0.525768,0.442264474704,0.07590376496321839,0.03773202305287356,0.6213787831263063,25.688696,21.346732923888,6.49086,2.28225561184
IUSD,iUSD,2024-10-03T00:00:00.000Z,2024-10-03,2510960.977197,2083613.1969962432,1554669.696759,1290079.6136265316,956291.280438,793533.5833697118,4440.080576,3682.037671242688,318.50439,264.462256484761,329.780785,272.833681306997,0.07580987762117647,0.03755040181176471,0.6191537423944083,136.5,113.313734,6.49948,2.21430151412
IUSD,iUSD,2024-10-04T00:00:00.000Z,2024-10-04,2514107.649839,2121033.433496547,1558130.971576,1314520.737952935,955976.678263,806512.6955436117,0,0,312.887697,264.049858119,0,0,0.07583525001860465,0.03759942519883721,0.6197550793821569,0,0,0,0
IUSD,iUSD,2024-10-05T00:00:00.000Z,2024-10-05,2514300.694864,2120847.2126292335,1558443.945985,1314568.8091451684,955856.748879,806278.4034840651,0,0,312.986221,264.01202902389,0,0,0.07583849426941176,0.03760569845882353,0.6198319667720762,0,0,0,0
IUSD,iUSD,2024-10-06T00:00:00.000Z,2024-10-06,2508691.031652,2110444.280222677,1556998.17355,1309834.149655985,951692.858102,800610.1305666922,0,0,313.253334,263.506755078365,0,0,0.07587279630581395,0.03767210479883721,0.6206448617970586,7.8,6.5651274,2.16362,0.7644177641
IUSD,iUSD,2024-10-07T00:00:00.000Z,2024-10-07,2498739.940166,2124483.6330532366,1558075.621626,1324706.7390648362,940664.31854,799776.8939884003,0,0,314.286907,267.215881001769,0,0,0.07599515696071428,0.03790909478333333,0.623544519149218,28.913262,24.587107949008,8.65448,3.11199522736
IUSD,iUSD,2024-10-08T00:00:00.000Z,2024-10-08,2185661.124251,1821204.9928025869,1542829.140073,1285574.312393075,642831.984178,535630.6804095118,58239.475445,47802.028903312465,843.594341,702.889127410508,469.422524,385.63448795104,0.2203553975275862,0.1249395811724138,0.7060292080885282,11.221068,9.22416673872,2.16362,0.7482771589
IUSD,iUSD,2024-10-09T00:00:00.000Z,2024-10-09,2171842.039007,1843959.596329315,1491137.4641490001,1266000.7824499204,680704.574858,577958.8138793947,1150.816858,976.634524397079,656.001325,556.868794362986,28.031427,23.789012277861,0.16776148326219512,0.09216568698414634,0.6865890027311717,38.007082,32.254178040152,4.32724,1.46914557964
IUSD,iUSD,2024-10-10T00:00:00.000Z,2024-10-10,2141486.934834,1841486.7006008942,1493838.8837610001,1284580.475223582,647648.051073,556906.2253773122,1243.11996,1060.2197202852,744.216426,639.975347204359,3.149598,2.68619764626,0.19641764340697673,0.10962039288953489,0.6975758868931852,1.25,1.07833,2.16362,0.73022175
IUSD,iUSD,2024-10-11T00:00:00.000Z,2024-10-11,2130708.167187,1899312.9321163127,1471631.379683,1311744.7441938478,659076.787504,587568.1879224649,23301.987514,20300.416038825653,856.705461,764.586820313887,310.054516,269.437374404,0.23605331161123597,0.1304043538044944,0.6906739412279035,113.374346,103.516427547822,4.32724,1.52558577096
IUSD,iUSD,2024-10-12T00:00:00.000Z,2024-10-12,2129519.569055,1911413.9251976572,1476991.548373,1325717.9596865668,652528.020682,585695.9655110902,0,0,1015.857076,911.870570236874,0,0,0.2796472125086957,0.15516610355652175,0.6935796973098529,0,0,0,0
IUSD,iUSD,2024-10-13T00:00:00.000Z,2024-10-13,2130265.773891,1898511.8651062031,1478036.99199,1317237.3230116325,652228.781901,581274.5420945705,0,0,1040.534235,927.284362122785,0,0,0.27973764965238096,0.1552717481345238,0.6938275085845352,4.7,4.1597542,4.32724,1.5269704877599999
IUSD,iUSD,2024-10-14T00:00:00.000Z,2024-10-14,2130917.309375,1910046.9426843505,1480032.090344,1326630.9637995188,650885.219031,583415.9788848317,0,0,995.429095,892.79539653991,0,0,0.2800019368634146,0.15558065680365854,0.6945515960754879,11,9.883214,4.32724,1.53883361622
IUSD,iUSD,2024-10-15T00:00:00.000Z,2024-10-15,2131948.440698,1892436.0928019183,1481993.915421,1315499.1720748611,649954.525277,576936.9207270573,0,0,1044.881356,927.488715918725,0,0,0.280215232269863,0.15583014381232876,0.6951358790976528,9.813866,8.742846187812,6.49086,2.3438084372200003
IUSD,iUSD,2024-10-16T00:00:00.000Z,2024-10-16,2135356.2770889997,1867313.7833794474,1475592.817081,1290355.4253749128,659763.460008,576958.3580045346,16941.695995,14928.032275947367,1013.559453,886.611691210762,1486.967275,1301.526658338605,0.2787204496962963,0.15409067978518518,0.6910362916288642,27.23121,23.79975463494,4.32724,1.5359127292199999
IUSD,iUSD,2024-10-17T00:00:00.000Z,2024-10-17,2155832.0742389997,1868076.3851544613,1467135.6726809999,1271298.5124172603,688696.401558,596777.8727372009,0,0,997.059547,864.177895842005,0,0,0.27490000919761903,0.14966670773214286,0.6805463740355876,50,43.578214,4.32724,1.497765945
IUSD,iUSD,2024-10-18T00:00:00.000Z,2024-10-18,2151365.891961,1861360.602172888,1457464.6072119998,1261007.7163534185,693901.284749,600352.8858194695,6472.21766,5538.03070739092,995.428744,860.908638073235,367.012221,314.038411045302,0.2737785544559524,0.14838053484404762,0.6774603232906233,13.553986,11.597630768732,2.16362,0.75109635576
IUSD,iUSD,2024-10-19T00:00:00.000Z,2024-10-19,2152198.557325,1856227.283125103,1451259.6400829998,1251685.3834913617,700938.917242,604541.8996337412,4195.708701,3641.048597853903,1011.849267,872.857900343699,757.755495,657.582491827485,0.2726363546108434,0.14707451816385542,0.6743150151692454,3.81856,3.2991633014,4.32724,1.51615887862
IUSD,iUSD,2024-10-20T00:00:00.000Z,2024-10-20,2153203.647262,1868689.050277751,1450170.2315810001,1258552.7089918933,703033.415681,610136.3412858577,0,0,987.378189,856.863689187503,0,0,0.2723384506481928,0.14673470767710844,0.673494218019601,20,17.60668,2.16362,0.78181110528
IUSD,iUSD,2024-10-21T00:00:00.000Z,2024-10-21,2154238.122682,1891526.2804863602,1453214.8233490002,1275992.1942348043,701023.299333,615534.0862515558,827.990106,710.886637318314,991.599142,870.180651084499,56.782466,48.751665051154,0.27273397744578315,0.14718569176626506,0.6745840896476156,58.606362,50.66998742079,4.32724,1.55418882736
IUSD,iUSD,2024-10-22T00:00:00.000Z,2024-10-22,2153798.466858,1887526.1450460462,1451355.679398,1271929.1630853233,702442.78746,615596.981960723,145.410176,127.52763255552,993.973474,871.058732410216,20.227741,17.74013341182,0.2724716506,0.14688748782941177,0.6738607523773146,17.776614,15.643820710436,4.32724,1.57473456288
IUSD,iUSD,2024-10-23T00:00:00.000Z,2024-10-23,2151277.653777,1865633.5768401064,1437246.25093,1246355.3650179713,714031.402847,619278.2118221353,25470.853469,21595.317679082265,1007.095907,873.2793537523,743.455117,630.822946934982,0.27040414272941177,0.14457538426705882,0.668138803594992,2.984794,2.6067698399,2.16362,0.75014436296
IUSD,iUSD,2024-10-24T00:00:00.000Z,2024-10-24,2165861.901511,1873447.6936130065,1406254.596932,1216412.9480527686,759607.304579,657034.7455602379,0,0,951.054043,822.816364335762,0,0,0.2635852177711111,0.13691464573555556,0.6492863615280161,0,0,0,0
IUSD,iUSD,2024-10-25T00:00:00.000Z,2024-10-25,2171642.675551,1850688.0226287204,1407156.667789,1199190.058046917,764486.007762,651497.9645818033,0,0,950.128415,809.834635437816,0,0,0.26311040911494255,0.13638989386091954,0.6479688647180843,0,0,0,0
IUSD,iUSD,2024-10-26T00:00:00.000Z,2024-10-26,2174204.6653609998,1828280.619098411,1407845.1020459998,1183851.9798330169,766359.563315,644428.6392653941,532.844609,447.192502326295,950.056464,798.778743574361,6.05306,5.0800608703,0.26294941067741934,0.13621239919892472,0.6475218848113421,0,0,0,0
IUSD,iUSD,2024-10-27T00:00:00.000Z,2024-10-27,2174587.595703,1844565.5089094865,1408425.838283,1194681.1820358553,766161.75742,649884.3268736312,0,0,950.611568,806.239447615856,0,0,0.2630045536166667,0.13627319239666666,0.6476749780150859,0,0,0,0
IUSD,iUSD,2024-10-28T00:00:00.000Z,2024-10-28,2173696.4335740004,1844899.3938564733,1409326.789366,1196149.694882727,764369.644208,648749.6989737463,0,0,974.178998,826.995145036762,0,0,0.2632494761611111,0.13654327507,0.6483549205412901,0,0,0,0
IUSD,iUSD,2024-10-29T00:00:00.000Z,2024-10-29,2174597.391768,1859004.1637554658,1411731.161195,1206860.7954995113,762866.230573,652143.3682559545,0,0,954.596012,816.246677477598,0,0,0.2635510579677778,0.13687632615333334,0.649191887962741,38.227068,32.833155189912,6.49086,2.26372420654
IUSD,iUSD,2024-10-30T00:00:00.000Z,2024-10-30,2167750.513595,1894675.1072131544,1414963.31504,1236708.6220222726,752787.198555,657966.4851908819,0,0,960.740583,839.855353359576,0,0,0.2648294397965909,0.13829209862954545,0.6527375223610121,0.470194,0.412452766218,2.16362,0.7719579798
IUSD,iUSD,2024-10-31T00:00:00.000Z,2024-10-31,1988043.531038,1728218.3159939991,1421685.113232,1235862.934581641,566358.417806,492355.3814123579,0,0,1037.719749,901.972326517985,0,0,0.2877834324233333,0.1649106650711111,0.7157425766307942,83.9664,72.6788808144,4.32724,1.54249229764
IUSD,iUSD,2024-11-01T00:00:00.000Z,2024-11-01,1925638.5909199999,1672219.7318121963,1425309.186758,1237783.2871581782,500329.404162,434436.4446540181,141.901778,125.863897148662,1068.457492,927.756636088927,32.796147,29.089493669913,0.29759189477613635,0.17718409294318183,0.7421756474375306,0,0,0,0
IUSD,iUSD,2024-11-02T00:00:00.000Z,2024-11-02,1744889.5581,1513752.6558270894,1423997.70362,1235466.5322781852,320891.85448,278286.1235489042,4444.262659,3862.38415371529,1158.73588,1005.078737970553,511.394611,444.61402999655,0.32515579053258425,0.2122979874213483,0.8161171167405619,12.425456,10.723964571104,8.65448,3.0467664116
IUSD,iUSD,2024-11-03T00:00:00.000Z,2024-11-03,1777328.2585119999,1464588.5344524884,1422645.3621399999,1172365.103591552,354682.896372,292223.4308609364,4522.942424,3675.502821560752,1165.786045,960.867639524658,137.871343,112.13837208414799,0.31925515228295454,0.20445030099886363,0.800467208625242,0,0,0,0
IUSD,iUSD,2024-11-04T00:00:00.000Z,2024-11-04,1799717.664758,1463071.8339184145,1417059.924729,1151998.5696891644,382657.740029,311073.2642292501,5575.005404,4517.744654169228,1119.802112,909.962263786991,1251.05172,1013.79851866404,0.31434462742333336,0.19801438684333333,0.7873921577012615,0,0,0,0
IUSD,iUSD,2024-11-05T00:00:00.000Z,2024-11-05,1809893.289045,1500829.0200420818,1415691.5570369998,1173942.1997471415,394201.732008,326886.82029494026,0,0,1113.029251,923.067008719798,0,0,0.31239779523678163,0.19548517234827587,0.7821963328231668,0,0,0,0
IUSD,iUSD,2024-11-06T00:00:00.000Z,2024-11-06,1788538.295092,1516975.9415883778,1420980.143153,1205190.8884047286,367558.151939,311785.0531836492,259.517611,218.6435872675,1131.459162,959.171311834146,17.863386,15.049902705,0.3170152001137931,0.20150250603908046,0.7945094702823341,64.612318,55.769035810194005,10.8181,3.82530612344
IUSD,iUSD,2024-11-07T00:00:00.000Z,2024-11-07,1787117.327083,1538637.0546893931,1425500.84629,1227439.3564703146,361616.480793,311197.69821907865,84.792978,74.981073757752,1139.064325,981.382453852239,17.216021,15.223851913964,0.31821839333636365,0.20309286866818183,0.7977059381078674,284.904,249.520690856,10.83534,4.19425013142
IUSD,iUSD,2024-11-08T00:00:00.000Z,2024-11-08,1749853.717962,1690486.4259025655,1530839.7126240002,1479312.9465610785,219014.005338,211173.479341487,2201.482832,2145.42454901663,1356.304693,1309.129271938737,1036.653021,1006.010018687008,0.34756307936363634,0.2434182958931818,0.8748395238333754,1290.717866,1256.715330179336,28.16154,12.05756857596
IUSD,iUSD,2024-11-09T00:00:00.000Z,2024-11-09,1752576.833583,1704253.6164586039,1548255.982669,1505575.0257226757,204320.850914,198678.5907359281,11246.053265,11168.31553769961,1367.759002,1330.483043276672,68.689115,67.763271298679,0.35083355364044944,0.24794687441685392,0.8834175619531615,227,225.444823,6.5081,3.05784076696
IUSD,iUSD,2024-11-10T00:00:00.000Z,2024-11-10,1715691.7441659998,1714128.365777337,1569175.534116,1567748.3955298073,146516.21005,146379.9702475296,33942.751518,33928.32872186624,1906.868545,1905.316216229271,3185.899107,3185.673797872145,0.5158914052244186,0.37836276174069766,0.9146836140490107,344.323234,344.069344767828,54.15084,31.15899003826
IUSD,iUSD,2024-11-11T00:00:00.000Z,2024-11-11,1693915.8755740002,1690982.16523971,1549514.482432,1546828.6607007314,144401.393142,144153.50453897842,2246.565997,2245.0302850000003,1892.285931,1889.4242878213,184.019866,182.484154,0.5093816590022472,0.3727961846550562,0.9147545703509119,123.135814,122.260602773664,17.31758,10.26749968086
IUSD,iUSD,2024-11-12T00:00:00.000Z,2024-11-12,1697139.364452,1693253.570443091,1546475.230806,1542933.5698003906,150664.133646,150320.00064270024,871.412818,871.412818,1832.749714,1829.795397389466,871.412818,871.412818,0.4718781206561798,0.34408899793707864,0.9112280279586848,71.999152,71.956837,10.82672,6.4561734648
IUSD,iUSD,2024-11-13T00:00:00.000Z,2024-11-13,1707779.0519,1693323.128520397,1547630.00386,1534531.1361151326,160149.04804,158791.9924052645,3746.046836,3713.866418353296,1626.655762,1613.648805249134,122.445754,121.196395189248,0.41947372517356324,0.3041254586149425,0.9062243459006598,42.5,42.3835,4.33586,2.40125463426
IUSD,iUSD,2024-11-14T00:00:00.000Z,2024-11-14,1709357.676626,1687910.249513354,1548278.831522,1528854.3694123619,161078.845104,159055.88010099207,12984.306173,12720.16406290094,1623.223989,1606.91986556505,2352.93488,2291.10737711733,0.41484672614864865,0.3006281998202703,0.9057664959123228,61.75,60.77501755,8.6631,4.95089681036
IUSD,iUSD,2024-11-15T00:00:00.000Z,2024-11-15,1709055.60739,1706973.4167227417,1550372.687198,1548491.5060605956,158682.920192,158481.91066214608,6611.919539,6611.919539,1665.762547,1664.020849780936,123.271119,123.27111900000001,0.429458341522093,0.3117879030639535,0.9071528051919775,225.5,225.5,19.47258,12.5839925535
IUSD,iUSD,2024-11-16T00:00:00.000Z,2024-11-16,1722177.236807,1722177.2368064234,1572682.21052,1572682.210519494,149495.026287,149495.0262869294,10684.310554,10684.310554,1913.368069,1913.368069,78.28081,78.28081,0.49567758068588236,0.3627548691517647,0.9132438841462718,620.462318,620.462318,38.95378,28.9794432694
IUSD,iUSD,2024-11-17T00:00:00.000Z,2024-11-17,1737637.069962,1737637.0699616047,1594505.5460370001,1594505.5460369885,143131.523925,143131.52392461628,26452.595693,26452.595693,2090.170253,2090.1702530000002,1694.850663,1694.850663,0.5489311715,0.4045042277151163,0.917774805697483,21.017748,21.017748,4.32724,3.08381191324
IUSD,iUSD,2024-11-18T00:00:00.000Z,2024-11-18,1715743.810554,1715743.8105537558,1567106.984283,1567106.9842829418,148636.826271,148636.82627081397,6238.071802,6238.071802,1962.799307,1962.799307,6013.325623,6013.325623,0.49433268119418605,0.36121754484418606,0.9133693593601118,117.9,117.9,10.82672,8.01009317576
IUSD,iUSD,2024-11-19T00:00:00.000Z,2024-11-19,1721793.993551,1721793.9935504117,1571560.099847,1571560.0998469058,150233.893704,150233.8937035059,0,0,1902.452362,1902.452362,0,0,0.48759737698,0.3560424591647059,0.9127458757532516,6.0692,6.0692,4.32724,3.20841695266
IUSD,iUSD,2024-11-20T00:00:00.000Z,2024-11-20,1745728.103149,1745728.1031483086,1599614.377914,1599614.3779136543,146113.725235,146113.72523465432,8204.367447,8204.367447,2081.285997,2081.285997,85.650171,85.650171,0.5328730276728395,0.3920031572049383,0.9163668484523522,766.757542,766.757542,32.46292,26.02890317632
IUSD,iUSD,2024-11-21T00:00:00.000Z,2024-11-21,1723861.435268,1723861.435267894,1588055.023037,1588055.0230373412,135806.412231,135806.41223055293,4583.930899,4583.930899,2300.624134,2300.624134,312.579288,312.57928799999996,0.5819492809317647,0.4290580731282353,0.9212228588177334,116.16789,116.16789,10.82672,8.6946520877
IUSD,iUSD,2024-11-22T00:00:00.000Z,2024-11-22,1750090.5335249999,1750090.5335249642,1598901.125971,1598901.1259707143,151189.407554,151189.40755425,0,0,2053.261318,2053.261318,0,0,0.5026448827071428,0.3688667407857143,0.913524622067984,1132.718246,1132.718246,41.16912,38.65649592256
IUSD,iUSD,2024-11-23T00:00:00.000Z,2024-11-23,1827493.720733,1827493.720732488,1701214.546649,1701214.5466486071,126279.174084,126279.17408388095,499.918968,499.918968,2906.427178,2906.427178,184.999401,184.999401,0.6964267693607142,0.5188665028142857,0.9309252389880782,291.258378,291.258378,34.63516,37.28698232
IUSD,iUSD,2024-11-24T00:00:00.000Z,2024-11-24,1819325.599693,1819325.5996923451,1686682.0076930001,1686682.0076926665,132643.592,132643.59199967858,32415.003523,32415.003523,2700.217326,2700.217326,2928.923271,2928.923271,0.6519085332285715,0.4840715988214286,0.9270909720835161,4.922468,4.922468,2.16362,2.20472878
IUSD,iUSD,2024-11-25T00:00:00.000Z,2024-11-25,1820691.818217,1820691.818218143,1672339.959491,1672339.959491774,148351.858726,148351.85872636904,316.86026,316.86026,2347.392106,2347.392106,109.273047,109.273047,0.5508163536011905,0.40477448897619045,0.9185198975980586,74.186642,74.186642,8.65448,8.87330203594
IUSD,iUSD,2024-11-26T00:00:00.000Z,2024-11-26,1824001.345649,1824001.3456486023,1653704.163582,1653704.163581625,170297.182067,170297.1820669773,34587.488657,34587.488657,1923.168018,1923.168018,1499.996932,1499.996932,0.43186377295681816,0.3135763718772727,0.9066382345311437,0,0,0,0
IUSD,iUSD,2024-11-27T00:00:00.000Z,2024-11-27,1830121.9536289999,1830121.9536290409,1629129.4462879999,1629129.4462881428,200992.507341,200992.50734089795,43094.709929,43094.709929,1586.777071,1586.777071,190.46394,190.46394,0.35344276390408164,0.25171214997755104,0.8901800095855025,222.054578,222.054578,19.47258,19.37820505922
IUSD,iUSD,2024-11-28T00:00:00.000Z,2024-11-28,1840767.832227,1840641.8700638192,1597646.50973,1597535.2632165917,243121.322497,243106.6068472276,30772.750775,30648.897020319262,1529.133786,1528.918262301792,167.961035,167.562457103108,0.34489013266860463,0.2394961310883721,0.8679465966403138,80.786724,80.786724,12.99034,13.05230761978
IUSD,iUSD,2024-11-29T00:00:00.000Z,2024-11-29,1851531.327327,1851510.039009451,1603793.164541,1603774.6856021294,247738.162786,247735.3534073215,8874.402521,8874.402521,1569.439659,1569.404538302148,361.431243,361.431243,0.34421604799411765,0.23852861828,0.86619675248877,289.123898,289.123898,15.15396,15.97007574
IUSD,iUSD,2024-11-30T00:00:00.000Z,2024-11-30,1858936.807987,1858936.807986035,1612605.286143,1612605.286142407,246331.521844,246331.5218436279,0,0,1548.895302,1548.895302,0,0,0.34471265669069767,0.23922933608023256,0.8674923175939457,77.248794,77.248794,12.99034,14.17462456
IUSD,iUSD,2024-12-01T00:00:00.000Z,2024-12-01,1858113.454652,1858113.454652506,1616651.377238,1616651.3772384217,241462.077414,241462.07741408434,1049.117845,1049.117845,1557.529912,1557.529912,51.184119,51.184119,0.34569366756385544,0.24061705929277108,0.8700497314706852,95.491048,95.491048,12.99034,14.43175916
IUSD,iUSD,2024-12-02T00:00:00.000Z,2024-12-02,1864476.05211,1864474.9509799653,1636282.409857,1636281.4490508088,228193.642253,228193.5019291565,11242.43003,11242.43003,1585.224485,1585.22269537594,284.338213,284.338213,0.34860114712650603,0.24477133796987952,0.8776072474932941,477.191324,477.190491,30.31654,35.44256954
IUSD,iUSD,2024-12-03T00:00:00.000Z,2024-12-03,1866593.9976259999,1866593.997625927,1672689.8897159998,1672689.889716061,193904.10791,193904.10790986585,2677.695143,2677.695143,1682.676159,1682.676159,20.35078,20.35078,0.35573529275243904,0.2550257872414634,0.8961188510284073,138.53215,138.53215,23.80844,29.7820138
IUSD,iUSD,2024-12-04T00:00:00.000Z,2024-12-04,1873977.9741180001,1873977.9741177144,1675241.5354980002,1675241.5354978691,198736.43862,198736.43861984523,8843.042434,8843.042434,1643.735241,1643.735241,161.624091,161.624091,0.3548965709095238,0.253810011552381,0.8939479744850283,220.9124,220.9124,12.98172,15.5997002
IUSD,iUSD,2024-12-05T00:00:00.000Z,2024-12-05,1883505.811172,1883505.811171986,1696830.225782,1696830.225781662,186675.58539,186675.58539032395,13660.922933,13660.922933,1723.103438,1723.103438,536.2768,536.2768,0.3722997270943662,0.2683753619253521,0.9008910743883783,139.978744,139.978744,15.14534,18.2609528
IUSD,iUSD,2024-12-06T00:00:00.000Z,2024-12-06,1890042.389808,1890042.3898075833,1698570.809876,1698570.8098760417,191471.579932,191471.57993154167,12421.92503,12421.92503,1690.195299,1690.195299,966.841393,966.841393,0.361258384675,0.25974393878333335,0.898695182722376,147.876606,147.876606,6.49086,7.7241234
IUSD,iUSD,2024-12-07T00:00:00.000Z,2024-12-07,1889570.9553570002,1889570.9553563043,1689002.9747600001,1689002.9747597391,200567.980597,200567.9805965652,9416.702017,9416.702017,1658.592721,1658.592721,139.104824,139.104824,0.35486036806521737,0.25375616335217394,0.8938549972333887,10,10,2.17224,2.6718552
IUSD,iUSD,2024-12-08T00:00:00.000Z,2024-12-08,1894101.9910910001,1894101.9910915,1685128.901518,1685128.9015185833,208973.089573,208973.08957291668,50,50,1687.159714,1687.159714,8.374944,8.374944,0.35324562387083336,0.2514192332708333,0.8896735474155357,9.88041,9.88041,2.16362,2.5747078
IUSD,iUSD,2024-12-09T00:00:00.000Z,2024-12-09,1885661.745324,1885661.7453238694,1664758.053809,1664758.0538084346,220903.691515,220903.6915154348,40432.073862,40033.559369598326,1596.826966,1596.826966,1089.69997,1061.777379573132,0.35061264054347824,0.2476363952173913,0.8828405871471761,52.30917,52.30917,4.32724,4.54483959064
IUSD,iUSD,2024-12-10T00:00:00.000Z,2024-12-10,1886531.7837359998,1860412.7252639912,1634896.6700779998,1612319.8636118667,251635.113658,248092.86165212453,31469.960932,30778.470026965264,1549.066389,1527.050181662895,483.192222,470.607435004217,0.34438597378636365,0.23877698016363635,0.8666354767606229,420.775264,413.198764707588,10.8181,10.7650047652
IUSD,iUSD,2024-12-11T00:00:00.000Z,2024-12-11,1878289.891954,1878010.5109684274,1648509.83131,1648264.6418034898,229780.060644,229745.86916493773,11181.966773,11170.788227331896,1690.288553,1690.03196359056,52.964758,52.863984985423,0.34861962849130435,0.24477808715652175,0.8776657447320357,221.93817,221.93817,17.30896,18.49029652
IUSD,iUSD,2024-12-12T00:00:00.000Z,2024-12-12,1886162.5132690002,1885805.9924815125,1675613.3766090001,1675293.3621898782,210549.13666,210512.63029163415,0,0,1654.043805,1653.718190877259,0,0,0.35274522941363634,0.25071232676818184,0.8883685720587197,326.43595,326.43595,10.8181,12.3542702
IUSD,iUSD,2024-12-13T00:00:00.000Z,2024-12-13,1897639.304759,1896871.3933888208,1679926.647388,1679241.7920409164,217712.657371,217629.6013479043,43232.335497,43013.149883254875,1655.491624,1654.718836920096,6894.719089,6894.00650888428,0.3515664771590909,0.2490241700909091,0.8853066822780925,59.462778,59.462778,6.49086,7.15725496
IUSD,iUSD,2024-12-14T00:00:00.000Z,2024-12-14,1906434.2381570002,1906179.5350897654,1653991.437356,1653770.4269171085,252442.800801,252409.10817265697,5816.128412,5816.128412,1645.814378,1645.584442762107,5029.499166,5029.499166,0.34474785439130434,0.23927880649565217,0.8675842455359363,32.034338,32.034338,4.32724,4.71452798
IUSD,iUSD,2024-12-15T00:00:00.000Z,2024-12-15,1953738.4361379999,1944230.680907946,1636577.501269,1628698.5472304109,317160.934869,315532.13367753534,24492.818629,24064.99798683488,1519.414346,1512.499749584374,350.31976,348.88114696212,0.33335231074545457,0.22343661136363635,0.8377286804654651,69.25,69.112453,6.49086,6.95171106
IUSD,iUSD,2024-12-16T00:00:00.000Z,2024-12-16,1999645.4800590002,1958381.697285489,1634074.833063,1600383.1776023656,365570.646996,357998.51968312333,10069.398757,9856.316088964853,1526.778195,1495.531032073966,1088.291481,1065.279741985918,0.3255922183636364,0.21289048579545455,0.8172681439540644,282.48807,277.086441650372,10.82672,11.76636896
IUSD,iUSD,2024-12-17T00:00:00.000Z,2024-12-17,2094735.4903870001,2070577.758346287,1632181.564041,1612995.566771666,462553.926346,457582.1915746211,44484.729247,44344.88803771342,1505.261003,1488.367478464808,6026.913131,6022.414099373339,0.31142375731666666,0.19431785137083332,0.7795437539523847,60,58.88075,4.32724,4.69289178
IUSD,iUSD,2024-12-18T00:00:00.000Z,2024-12-18,2103141.947387,2094550.517449425,1594355.963403,1587848.9671542633,508785.983984,506701.55029516167,23925.033784,23752.055199203805,1409.231845,1403.286635999204,623.667951,619.905742798877,0.30340678204347826,0.1840124202,0.7580881059617283,20,19.61556,2.16362,2.1394631827
IUSD,iUSD,2024-12-19T00:00:00.000Z,2024-12-19,2102818.584229,2080101.6279862374,1576453.2283629999,1559401.9974807869,526365.355866,520699.6305054505,50242.007732,49550.466064325235,1385.221632,1370.494032484264,1444.193039,1441.404181008615,0.3002870618083333,0.180098693325,0.7496865984936771,238.65681,234.00946410075,12.98172,11.59027650542
IUSD,iUSD,2024-12-20T00:00:00.000Z,2024-12-20,2066545.694037,2033101.7355186627,1578913.920707,1553385.299317832,487631.77333,479716.4362008307,46516.390539,45900.12267325928,1417.500135,1393.563416276442,18503.897492,18478.393373727704,0.305643927575,0.1868618184875,0.7640895535313131,931.336114,918.54939269171,49.76326,43.42403298046
IUSD,iUSD,2024-12-21T00:00:00.000Z,2024-12-21,1975685.317878,1949889.762765075,1575003.969788,1553930.1347986304,400681.34809,395959.6279664446,24890.775224,24407.60411228943,1488.384814,1467.123155651894,76.499839,75.076451017789,0.318350267496,0.20342520042,0.7979710014043537,419.459302,410.71621431457,17.30896,16.44550469402
IUSD,iUSD,2024-12-22T00:00:00.000Z,2024-12-22,1928484.9008109998,1879544.67612181,1587234.5284189999,1546955.2850900118,341250.372392,332589.3910317983,845.640136,838.396382595024,1576.778624,1536.283870466563,97.138926,96.306833959884,0.32777635396,0.215820424344,0.8230474896988758,0,0,0,0
IUSD,iUSD,2024-12-23T00:00:00.000Z,2024-12-23,1929625.0018120003,1893551.5981670108,1588737.8085830002,1559039.8704997133,340887.193229,334511.7276672975,3195.838492,3121.829264202264,1542.946854,1514.89065841946,717.58638,700.96851461196,0.32788719397272725,0.21597022852727274,0.823340178840723,41.63149,41.18194658271,6.49948,5.77792356534
IUSD,iUSD,2024-12-24T00:00:00.000Z,2024-12-24,1930640.2979289999,1900460.9712046864,1587364.656822,1562567.7708959626,343275.641107,337893.2003087239,10005.757441,9960.03112949463,1577.929611,1552.999344223654,2055.54066,2046.1468391838,0.3274541666954545,0.21538620175454545,0.8221960496151712,61.5,61.1880045,4.32724,4.07141140758
IUSD,iUSD,2024-12-25T00:00:00.000Z,2024-12-25,1931569.158024,1872100.3278717473,1583690.634636,1534931.7851022473,347878.523388,337168.54276950005,0,0,1537.217089,1489.579820905414,0,0,0.32658451299545455,0.21421291834545456,0.8198984833551431,0,0,0,0
IUSD,iUSD,2024-12-26T00:00:00.000Z,2024-12-26,1926854.094896,1850155.34360062,1583640.49909,1520608.6957366723,343213.595806,329546.64786394767,6603.01821,6304.782245507404,1539.382914,1478.048046046958,234.173752,223.696855171152,0.32735602760454546,0.21526343664090908,0.8219316003471997,5,4.787265,2.16362,1.88643215094
IUSD,iUSD,2024-12-27T00:00:00.000Z,2024-12-27,1884185.086838,1833529.000050801,1580347.861353,1537860.3242867822,303837.225485,295668.67576401884,0,0,1527.827873,1486.47618602813,0,0,0.33373391707727273,0.22393503588636363,0.8387456350765677,10.2898,9.8973161586,2.16362,1.89510826714
IUSD,iUSD,2024-12-28T00:00:00.000Z,2024-12-28,1878652.429741,1845028.188925995,1582315.524431,1554011.1298825275,296336.90531,291017.0590434674,0,0,1644.492784,1615.196815920341,0,0,0.3350720575521739,0.22577522506086956,0.8422622221733214,0,0,0,0
IUSD,iUSD,2024-12-29T00:00:00.000Z,2024-12-29,1875067.220781,1837755.9712284724,1584526.461661,1552993.6187865052,290540.75912,284762.3524419672,9217.88147,9071.797863549773,1541.335779,1510.809276854619,418.383856,407.353480862248,0.3361340671090909,0.22724055342727273,0.8450505397551664,39.9,39.4462572,2.16362,1.93549656168
IUSD,iUSD,2024-12-30T00:00:00.000Z,2024-12-30,1865902.721602,1837254.8179953005,1578575.405547,1554315.8352128603,287327.316055,282938.9827824402,5795.165656,5719.400935293705,1575.068851,1549.854923783971,30.905791,30.494673597475,0.33650307947142855,0.22775208107619047,0.8460181145025344,3.5,3.5,6.49086,5.82579350268
IUSD,iUSD,2024-12-31T00:00:00.000Z,2024-12-31,1864292.287912,1839092.4223712694,1575388.184927,1554092.3672372927,288904.102985,285000.0551339767,2374.270864,2344.267182715615,1608.454086,1586.158960973788,328.82593,323.540096779507,0.3361272448347826,0.22723096657826086,0.8450327206980164,54.752142,54.46425,6.49948,5.5460617537
IUSD,iUSD,2025-01-01T00:00:00.000Z,2025-01-01,1865529.8321759999,1839345.1297823887,1581674.436939,1559495.6870120668,283855.395237,279849.4427703218,4916.529734,4829.126183701075,1252.837791,1235.505300126565,712.354968,709.7345353988699,0.33719833027619045,0.22871516333333333,0.8478414727157819,157.670006,157.47402400000001,12.98172,11.68802236616
IUSD,iUSD,2025-01-02T00:00:00.000Z,2025-01-02,1856862.6283149999,1809199.1921235854,1596883.079652,1555856.733006698,259979.548663,253342.4591168874,10003.350513,10003.350513,1249.293715,1217.698883118149,9.419201,9.419201,0.34184462492608697,0.23519646576521738,0.860002687563024,226.068838,222.001234209954,15.15396,14.27045854784
IUSD,iUSD,2025-01-03T00:00:00.000Z,2025-01-03,1850285.693884,1829690.7767178835,1619574.7501069999,1601620.7052620617,230710.943777,228070.0714558218,0,0,1349.59698,1335.241307727636,0,0,0.347722053424,0.243514377204,0.8753226557733517,331.36272,327.330898149136,25.96344,27.61428206
IUSD,iUSD,2025-01-04T00:00:00.000Z,2025-01-04,1844873.9691239998,1844647.8517279667,1636911.9031409998,1636711.2076380556,207962.065983,207936.6440899111,0,0,1351.604081,1351.452786005866,0,0,0.352320545748,0.250084585676,0.8872758048350886,36.23368,36.23368,6.49086,7.08369188
IUSD,iUSD,2025-01-05T00:00:00.000Z,2025-01-05,1817822.7689729999,1815281.6785255247,1627401.782249,1625125.1079513251,190420.986724,190156.5705741996,18507.567499,18462.291315994426,1388.261589,1386.181358336694,5853.02477,5849.641804334688,0.3562150654846154,0.2551305148346154,0.8952571929019877,55,55,4.32724,4.66476472
IUSD,iUSD,2025-01-06T00:00:00.000Z,2025-01-06,1816706.5850479999,1815838.6928844994,1623624.773941,1622848.1394782877,193081.811107,192990.5534062118,6232.331923,6226.467298660457,1384.408978,1383.710722496224,131.913449,131.789318444491,0.354808005396,0.253680823288,0.8937191674152883,85.633734,85.627870646504,10.8181,11.81769244
IUSD,iUSD,2025-01-07T00:00:00.000Z,2025-01-07,1817836.6385609999,1813680.6435435452,1618315.120067,1614619.1697064554,199521.518494,199061.47383708984,14114.958616,14114.958616000002,1286.503394,1283.867685453094,167.406494,167.406494,0.3534653614541667,0.25173741044166664,0.8902424805094834,30,30,2.16362,2.1852562
IUSD,iUSD,2025-01-08T00:00:00.000Z,2025-01-08,1816801.6860490001,1781595.8724610559,1590795.625258,1559932.7605035722,226006.060791,221663.11195748378,49350.928596,48029.39292479815,1369.892377,1344.202376177013,8745.175291,8460.118957736266,0.347828672548,0.243666712396,0.8755997956225487,5,4.93186,2.16362,1.98012555142
IUSD,iUSD,2025-01-09T00:00:00.000Z,2025-01-09,1816970.253787,1774555.5709015357,1561683.30577,1525226.165734353,255286.948017,249329.40516718265,6682.264285,6420.924698107899,1236.051507,1207.422173918184,58.732571,56.871033660122,0.34165067878333333,0.23491923518333332,0.8594986230836488,14.992002,14.545165380390001,4.32724,3.8682063808
IUSD,iUSD,2025-01-10T00:00:00.000Z,2025-01-10,1816160.181505,1782817.580950369,1558371.085,1529719.9255412973,257789.096505,253097.65540907165,5870.895168,5775.101826050304,1261.978051,1238.523421723307,925.070658,909.975250976166,0.3411020924916667,0.23415528105,0.85806206499003,155.452734,152.99910866686,6.49086,6.10690615842
IUSD,iUSD,2025-01-11T00:00:00.000Z,2025-01-11,1807280.012913,1768482.9928384456,1566362.3446840001,1532756.8873510293,240917.668229,235726.10548741635,905.655052,881.302893306772,1309.119655,1280.700357746584,624.174966,607.391525339226,0.344410626092,0.238803913744,0.866703975653853,47,46.970697,4.32724,4.19029583572
IUSD,iUSD,2025-01-12T00:00:00.000Z,2025-01-12,1795823.097317,1778450.857791053,1561070.775593,1545937.4746933668,234752.321724,232513.38309768616,10856.883644,10856.883644000001,1280.185486,1267.511079960002,92.739112,92.739112,0.34540315629583335,0.2402085935,0.8692910672840832,3,2.990403,2.16362,2.15564922392
IUSD,iUSD,2025-01-13T00:00:00.000Z,2025-01-13,1793956.651055,1747403.1706111422,1560992.554215,1520450.516953519,232964.09684,226952.65365762313,18014.005078,17251.340480448653,1310.8723,1276.715734871328,743.482337,714.77377132369,0.345727682272,0.24066700018,0.8701374329869798,88.650098,86.75214443515802,4.32724,4.1255689798
IUSD,iUSD,2025-01-14T00:00:00.000Z,2025-01-14,1795710.603924,1768630.5659241213,1559433.587719,1535918.5678612608,236277.016205,232711.99806286037,464.198104,450.036812441272,1247.611943,1228.507530678034,16.448951,15.947142851843,0.3450685592666667,0.239732899925,0.8684200676877231,100,98.3486,2.16362,2.06757258096
IUSD,iUSD,2025-01-15T00:00:00.000Z,2025-01-15,1798077.652579,1785767.347513888,1568133.634856,1557399.721863654,229944.017723,228367.62565023394,0,0,1288.811102,1280.219655134352,0,0,0.34648709505,0.24174268207916666,0.8721163980278254,111.060806,109.784494678976,10.8181,11.36333224
IUSD,iUSD,2025-01-16T00:00:00.000Z,2025-01-16,1803637.686419,1802482.2960906515,1583219.881207,1582206.3201625068,220417.805212,220275.97592814485,155.885894,155.885894,1338.675514,1337.88792152584,120.000034,120.000034,0.348667124616,0.244847039976,0.8777886234415766,179.725462,179.62797068224,10.8181,11.88692828
IUSD,iUSD,2025-01-17T00:00:00.000Z,2025-01-17,1811429.246896,1811281.579010853,1597650.718819,1597520.4922613401,213778.528077,213761.0867495129,0,0,1325.582327,1325.461724713705,0,0,0.35028111786666666,0.2471538519,0.8819835588939774,34.55175,34.55175,4.32724,4.8897812
IUSD,iUSD,2025-01-18T00:00:00.000Z,2025-01-18,1813614.093129,1803614.5986784361,1599140.485262,1590315.81452155,214473.607867,213298.7841568861,10161.158101,10115.566343886901,1357.791862,1350.197895084288,237.222311,236.407982555753,0.350188483504,0.2470219541,0.8817425264031836,30.862508,30.806557992116,4.32724,4.71020074
IUSD,iUSD,2025-01-19T00:00:00.000Z,2025-01-19,1817700.109402,1797531.3838120406,1600947.75848,1583236.2245025695,216752.350922,214295.15930947103,45481.99608,44529.047398219984,1327.638195,1312.307056156203,703.911698,700.58846295096,0.3498092747125,0.24648281379583334,0.880755407463047,191.471188,191.471188,6.49086,7.1615822
IUSD,iUSD,2025-01-20T00:00:00.000Z,2025-01-20,1819577.8453870001,1802534.933631546,1580077.376868,1565293.289152786,239500.468519,237241.64447876016,20931.517648,20635.270149936892,1264.963763,1252.992821288345,108.224926,107.217916230014,0.3450529549583333,0.239719447575,0.8683747932409073,283.884244,283.663272747702,15.15396,15.84717178
IUSD,iUSD,2025-01-21T00:00:00.000Z,2025-01-21,1827254.872061,1798421.6199776812,1570698.35441,1545915.5034093172,256556.517651,252506.11656836403,6725.816189,6679.656912494893,1336.884674,1315.77275148643,4.289394,4.259955888978,0.341690456452,0.234976292884,0.8596018990680356,10.796644,10.689195632228,6.49086,6.52820624482
IUSD,iUSD,2025-01-22T00:00:00.000Z,2025-01-22,1830002.629624,1793057.5427752081,1570131.297347,1538421.5809288977,259871.332277,254635.9618463104,3989.523315,3900.217835593725,1245.147578,1219.966494895403,78.53737,76.77931097255,0.3410758966958333,0.23411429249583332,0.8579958743350546,0,0,0,0
IUSD,iUSD,2025-01-23T00:00:00.000Z,2025-01-23,1833205.0836180001,1786881.6333633582,1568462.823207,1528825.3487254484,264742.260411,258056.28463790994,10484.556421,10192.6873393522,1270.461995,1238.789053233186,1484.667553,1443.337377659586,0.34015413608333334,0.2328252681,0.8555849803498187,20,19.60006,2.16362,2.14265668582
IUSD,iUSD,2025-01-24T00:00:00.000Z,2025-01-24,1832919.2037270002,1788362.1287950822,1558659.5236640002,1520777.8736192554,274259.680063,267584.25517582684,11745.066125,11431.93091704137,1256.2882,1225.611365597422,25.750209,25.063682677851,0.33816362265,0.23005490035,0.8503716559379217,0,0,0,0
IUSD,iUSD,2025-01-25T00:00:00.000Z,2025-01-25,1839455.224198,1789613.3381043235,1551592.144659,1509550.1386469447,287863.079539,280063.19945737877,0,0,1271.288381,1236.781104936871,0,0,0.335548942292,0.226433962936,0.8435138884539672,0,0,0,0
IUSD,iUSD,2025-01-26T00:00:00.000Z,2025-01-26,1848385.276796,1813726.3559604536,1550382.364809,1521290.1811120955,298002.911987,292436.1748483581,20880.970055,20608.342349637504,1207.766838,1185.138932363988,106.209652,104.468870386131,0.3337462223541667,0.22395388640833333,0.8387769393206436,3,2.966847,2.16362,2.13603600862
IUSD,iUSD,2025-01-27T00:00:00.000Z,2025-01-27,1845860.913363,1806208.875362702,1509827.510526,1477406.0456880576,336033.402837,328802.82967464434,28293.669318,27595.641096091338,1242.869965,1216.124940831427,1136.986986,1110.833618221701,0.325849123056,0.213240643056,0.8179449583884042,80.983076,77.79659121288002,6.49086,5.86881059552
IUSD,iUSD,2025-01-28T00:00:00.000Z,2025-01-28,1839903.0564819998,1816947.7306739115,1498457.352546,1479768.565956666,341445.703936,337179.1647172456,185.327321,182.259783182808,1152.181536,1137.52765892353,4.359345,4.28718912156,0.3245154256916667,0.2114357232875,0.8144244161728162,29.989066,29.600677606234,2.16362,2.03865147242
IUSD,iUSD,2025-01-29T00:00:00.000Z,2025-01-29,1839018.544189,1810640.104608321,1500142.0060710001,1476992.544202377,338876.538118,333647.5604059441,350.349946,346.23683763396,1210.137645,1191.503990096937,2.560773,2.53070952498,0.325008347696,0.212095165424,0.8157296805367835,0,0,0,0
IUSD,iUSD,2025-01-30T00:00:00.000Z,2025-01-30,1840169.110871,1812119.8904401388,1501366.252772,1478486.743575533,338802.858099,333633.1468646058,3890,3818.92192,1156.273018,1138.755482066325,128.36129,126.01587250912,0.325067080925,0.2121741017875,0.8158850124951835,24,23.897312,4.32724,4.2087601688
IUSD,iUSD,2025-01-31T00:00:00.000Z,2025-01-31,1841453.076076,1802516.4663967285,1498933.226712,1467233.7701465858,342519.849364,335282.6962501429,4895.291468,4756.6492910178695,1207.147052,1181.552644986781,753.174232,739.948166099241,0.32435322583913045,0.21121809055652174,0.8139952519007511,52,51.10922,4.32724,4.10841580044
IUSD,iUSD,2025-02-01T00:00:00.000Z,2025-02-01,1841755.931024,1790470.5905562958,1502151.859316,1460321.619886972,339604.071708,330148.97066932375,2539.25621,2456.44344722327,1211.662022,1178.264064387738,137.825214,133.330320295818,0.3249625765458333,0.21203382588333333,0.8156085348339498,5,4.7821,2.17224,1.98189095328
IUSD,iUSD,2025-02-02T00:00:00.000Z,2025-02-02,1837978.855637,1776137.8573951917,1492923.246397,1442684.3472386263,345055.60924,333453.5101565653,19137.86753,18476.364851014,1151.251007,1112.914934235675,267.195377,256.836534244204,0.3236991941625,0.210344723925,0.8122625001267867,67.4,65.3300822,13.0162,10.70437759852
IUSD,iUSD,2025-02-03T00:00:00.000Z,2025-02-03,1819316.76814,1776617.725218471,1485910.875766,1451162.1067416098,333405.892374,325455.6184768612,55399.285536,53954.2303037045,1207.425069,1177.179104086928,2654.378324,2595.022327209702,0.325405241376,0.212641723788,0.8167722836752329,535.838498,527.976643911084,17.33482,12.34645410982
IUSD,iUSD,2025-02-04T00:00:00.000Z,2025-02-04,1809693.07938,1767160.9600455242,1398756.729476,1366007.2723916697,410936.349904,401153.68765385455,49039.383445,47456.56963943576,1132.231642,1105.431268481175,6314.732769,6096.561902363052,0.308977644888,0.191329135164,0.7729132289125142,301.5,294.030085,10.83534,8.25394142496
IUSD,iUSD,2025-02-05T00:00:00.000Z,2025-02-05,1809737.2488600002,1773267.823863415,1342041.4575250002,1315001.7674054182,467695.791335,458266.05645799695,34545.683418,33762.11676543396,1050.213181,1029.277532219352,23.807656,23.258640124386,0.297279625325,0.17636364786666667,0.7415669266484147,190,186.13844,4.33586,3.23802891972
IUSD,iUSD,2025-02-06T00:00:00.000Z,2025-02-06,1811858.8455480002,1767041.6487797336,1349915.160025,1316392.9867581031,461943.685523,450648.6620216305,4106.956467,4022.685016999247,1110.683395,1083.034495126087,312.008611,307.20712746989,0.298567856344,0.177965966252,0.74504366257569,257.999998,247.753087010626,8.67172,6.41980808116
IUSD,iUSD,2025-02-07T00:00:00.000Z,2025-02-07,1812931.3240119999,1776371.9326103516,1351454.404253,1324098.0415227325,461476.919759,452273.89108761924,7093.764552,7043.002296484968,1098.89797,1077.208448002991,238.521791,236.82092468204,0.298719510216,0.178155367992,0.7454525316284784,277.01,273.046159,10.83534,7.79625755984
IUSD,iUSD,2025-02-08T00:00:00.000Z,2025-02-08,1815460.294061,1788074.3486890977,1365376.847254,1344756.0321359765,450083.446807,443318.31655312114,2874.632451,2831.174202486768,1122.389964,1105.318695768545,37.336426,36.776899021669,0.30117658270454545,0.18121377580454545,0.752082559011838,200,196.8668,2.16362,1.48973675118
IUSD,iUSD,2025-02-09T00:00:00.000Z,2025-02-09,1820513.0583190003,1779905.7125767313,1427093.3347270002,1395486.1456974957,393419.723592,384419.5668792356,2485.459724,2405.472916629449,1233.557021,1205.59369084317,190.435479,186.860191997915,0.31308928083846155,0.19667045093846153,0.7838868913825378,1315,1305.489985,15.14534,10.29924661504
IUSD,iUSD,2025-02-10T00:00:00.000Z,2025-02-10,1821972.558357,1793906.7357565279,1509707.665787,1486451.9195475273,312264.89257,307454.8162090005,0,0,1297.849696,1277.687762506705,0,0,0.32988488797916665,0.21867716470833334,0.8286116323601471,0,0,0,0
IUSD,iUSD,2025-02-11T00:00:00.000Z,2025-02-11,1825209.651858,1810427.8694229478,1529995.383923,1517621.5819060958,295214.267935,292806.28751685197,159.995453,159.995453,1388.599661,1376.778277533847,11.241059,11.241059,0.333548182984,0.223681839816,0.8382563414148627,220,219.52896,8.6631,6.67206716606
IUSD,iUSD,2025-02-12T00:00:00.000Z,2025-02-12,1830058.1389529998,1797732.2221817102,1533946.924192,1506851.2411831846,296111.214761,290880.9809985257,0,0,1392.484206,1367.498219327241,0,0,0.333524772044,0.223647370288,0.8381960374578378,0,0,0,0
IUSD,iUSD,2025-02-13T00:00:00.000Z,2025-02-13,1832643.704714,1807056.903161345,1535158.475877,1513724.646687626,297485.228837,293332.2564737191,0,0,1329.518484,1310.901968788479,0,0,0.3333263859,0.22337518184583333,0.8376743486970611,0,0,0,0
IUSD,iUSD,2025-02-14T00:00:00.000Z,2025-02-14,1838167.2914469999,1812548.8859294273,1537221.6703589999,1515804.8574469541,300945.621088,296744.0284824732,0,0,1392.892253,1373.292284312033,0,0,0.332797587764,0.222651084848,0.8362830263080879,15,14.95137,2.16362,1.7693218912
IUSD,iUSD,2025-02-15T00:00:00.000Z,2025-02-15,1846206.257701,1804225.108864416,1538974.545151,1503982.7023127552,307231.71255,300242.4065516607,0,0,1327.552733,1297.423926967676,0,0,0.3317742222,0.2212513031875,0.8335896210204581,0,0,0,0
IUSD,iUSD,2025-02-16T00:00:00.000Z,2025-02-16,1847839.1636299998,1790087.143559404,1540183.300775,1492039.4451774699,307655.862855,298047.6983819341,0,0,1422.989907,1378.687548713657,0,0,0.331742714132,0.221208276788,0.8335066565239847,0,0,0,0
IUSD,iUSD,2025-02-17T00:00:00.000Z,2025-02-17,1841749.476018,1800429.7498271947,1541352.784151,1506776.4443307887,300396.691867,293653.30549640604,350,345.0916,1333.662915,1304.128551694704,20.481003,20.193777413928,0.33303064765833335,0.2229698507875,0.8368964285761625,0,0,0,0
IUSD,iUSD,2025-02-18T00:00:00.000Z,2025-02-18,1842737.196943,1770032.4600065341,1538707.889799,1478030.3065549713,304029.307144,292002.1534515628,7896.797046,7566.480838524611,1361.204063,1307.127064595843,328.19821,312.464138250149,0.332314889096,0.221990430808,0.8350128260037077,0,0,0,0
IUSD,iUSD,2025-02-19T00:00:00.000Z,2025-02-19,1868968.104691,1810639.7306182818,1538741.333198,1490429.68410819,330226.771493,320210.04651009187,0,0,1346.131629,1304.440059309206,0,0,0.327912620896,0.216021731552,0.8233981218481496,100,98.4,2.17224,1.64843256312
IUSD,iUSD,2025-02-20T00:00:00.000Z,2025-02-20,1886935.782601,1863785.6152325638,1547603.797832,1528620.6056693764,339331.984769,335165.0095631873,249.588894,247.126806196266,1347.884796,1331.728701644257,149.328244,147.533190300716,0.326686384632,0.214350382592,0.8201676077686272,53,52.644778,4.32724,3.4466033876
IUSD,iUSD,2025-02-21T00:00:00.000Z,2025-02-21,1887726.176985,1855624.677301151,1555628.592158,1529162.205038703,332097.584827,326462.472262448,0,0,1422.845861,1398.559133833629,0,0,0.3281659463923077,0.21634749411538462,0.8240759849711382,40,39.39276,2.16362,1.72568383942
IUSD,iUSD,2025-02-22T00:00:00.000Z,2025-02-22,1887813.9244259999,1853095.160598135,1557612.836951,1528967.2357963643,330201.087475,324127.9248017708,1300.127076,1276.845700450068,1362.657392,1337.776614489804,447.041431,439.036260095083,0.32854977214,0.216866642368,0.8250893210035355,3,2.949015,4.32724,3.34718288498
IUSD,iUSD,2025-02-23T00:00:00.000Z,2025-02-23,1880267.6730479999,1837124.9224578752,1558428.78672,1522670.4306665135,321838.886328,314454.49179136165,94,91.071618,1368.453542,1337.075093471614,18.440375,17.865901997625,0.329969804036,0.218793002248,0.8288352910572387,0,0,0,0
IUSD,iUSD,2025-02-24T00:00:00.000Z,2025-02-24,1878883.1096329999,1819962.8622234482,1559035.4821569999,1510148.9567006265,319847.627476,309813.9055228218,12246.527102,11832.24634214684,1370.615658,1328.006856810195,273.741802,265.826342888348,0.330323418112,0.219273737596,0.8297675505675391,0,0,0,0
IUSD,iUSD,2025-02-25T00:00:00.000Z,2025-02-25,1873517.7752219997,1826098.2225737628,1549237.8646379998,1510016.6554498062,324279.910584,316081.5671239565,3378.966486,3301.633239983882,1359.304547,1324.157314928278,237.754762,232.405852973652,0.329242732732,0.2178063925,0.826917472272228,50,49.33724,4.32724,2.90695112358
IUSD,iUSD,2025-02-26T00:00:00.000Z,2025-02-26,1866647.295706,1809484.0716593147,1550312.592526,1502840.241076597,316334.70318,306643.8305827177,1977.325285,1887.438054869185,1365.987016,1324.612436055045,25.327326,24.175971087366,0.330613911404,0.21966874444,0.8305333550722088,2.5,2.3948125,2.16362,1.44073941266
IUSD,iUSD,2025-02-27T00:00:00.000Z,2025-02-27,1864347.803864,1839551.311645002,1550076.5990219999,1529461.8468474878,314271.204842,310089.46479751414,703.816779,697.146003568638,1367.09435,1348.861754741163,191.520972,189.705736227384,0.330954609044,0.220132789856,0.8314310954127484,0,0,0,0
IUSD,iUSD,2025-02-28T00:00:00.000Z,2025-02-28,1865238.419916,1842630.6548242893,1550293.843957,1531502.6069632976,314944.575959,311128.04786099173,3307.183528,3285.189702859308,1367.360069,1350.321506119203,37.991868,37.558010409218,0.330848135256,0.219987848448,0.8311504930882537,57.02962,56.95836888672,6.49948,4.01719470216
IUSD,iUSD,2025-03-01T00:00:00.000Z,2025-03-01,1864340.8859020001,1860328.6466408726,1553370.6842,1550025.7002211963,310970.201702,310302.9464196764,0,0,1405.048191,1402.010483945447,0,0,0.331627139284,0.221050432592,0.8332023445903315,4,3.981288,2.16362,1.3702854546
IUSD,iUSD,2025-03-02T00:00:00.000Z,2025-03-02,1842975.160994,1837284.887346805,1556612.843704,1551786.894999847,286362.31729,285497.9923469579,53611.951923,53609.6230695,1358.945883,1354.465935443953,1516.203855,1513.8750015,0.3360647719666667,0.227205840375,0.8448360604361506,318.5,318.5,19.47258,19.46085101598
IUSD,iUSD,2025-03-03T00:00:00.000Z,2025-03-03,1805651.2835340002,1800946.0927030665,1531106.638616,1527134.3732636636,274544.644918,273811.719439403,30208.5629,30087.825817215427,1409.821497,1406.49152018779,230.880812,230.721622157516,0.337243958928,0.22877939404,0.8479605895597914,203.5,203.11642,15.14534,13.8210855609
IUSD,iUSD,2025-03-04T00:00:00.000Z,2025-03-04,1811074.114714,1789771.2274536625,1541105.685262,1523094.1057073376,269968.429452,266677.12174632493,0,0,1422.138007,1405.986902352792,0,0,0.3383965584208333,0.230401990675,0.8509695031582526,440.9,438.263435,10.8181,9.56804258156
IUSD,iUSD,2025-03-05T00:00:00.000Z,2025-03-05,1805994.501041,1804338.8329177955,1575519.419143,1574075.6149764783,230475.081898,230263.21794131724,1001.09255,997.74990197555,1413.165058,1411.868453930541,1001.09255,997.74990197555,0.3465904114428571,0.24188909743809525,0.8723855937271335,103,103,6.49086,6.41870110938
IUSD,iUSD,2025-03-06T00:00:00.000Z,2025-03-06,1814592.4834740001,1808328.1784425299,1575223.055687,1569790.4913196908,239369.427787,238537.68712283904,15024.27372,14875.923662077194,1508.542065,1502.659804922671,174.23296,172.599095147096,0.34494341975,0.23955994121363636,0.8680916737659787,0,0,0,0
IUSD,iUSD,2025-03-07T00:00:00.000Z,2025-03-07,1835781.94215,1817275.8392872359,1551784.839575,1536073.5701974288,283997.102575,281202.2690898071,15684.05895,15437.320301725775,1365.773211,1351.912169758108,579.095758,563.909497910948,0.3362475492190476,0.22741422503809525,0.84533934965935,0,0,0,0
IUSD,iUSD,2025-03-08T00:00:00.000Z,2025-03-08,1878271.083934,1867619.4886317216,1534091.384998,1525408.074129865,344179.698936,342211.4145018566,0,0,1356.13102,1348.63785566698,0,0,0.3254311883857143,0.21268172854761905,0.8168381527945406,71.16,71.01613316,4.33586,3.57479936386
IUSD,iUSD,2025-03-09T00:00:00.000Z,2025-03-09,1841396.789743,1807777.6100432316,1529808.516776,1501835.4190318913,311588.272967,305942.1910113404,14053.386733,13743.357962603803,1408.409417,1382.603967376824,141.155727,138.348733636943,0.3307751929136364,0.2199109986090909,0.8309462267164799,100,97.9016,8.65448,6.4311116337
IUSD,iUSD,2025-03-10T00:00:00.000Z,2025-03-10,1806416.9646489997,1788149.7777769673,1519562.8348599998,1504193.1129417534,286854.129789,283956.66483521403,13146.454631,13010.420137760068,1401.865421,1387.672668822353,4219.482809,4175.884116299803,0.3348436220047619,0.22554981827142856,0.8416141997184766,50,49.53315,2.16362,1.60426797588
IUSD,iUSD,2025-03-11T00:00:00.000Z,2025-03-11,2022248.585062,2015404.9181254166,1489506.2786899998,1484542.930408157,532742.306372,530861.9877172598,37788.174539,37726.54341991714,1209.877216,1205.911412972772,206.482335,206.464845675615,0.2960404587714286,0.1751331013,0.7380529898738357,2.5,2.5,2.16362,1.53901968754
IUSD,iUSD,2025-03-12T00:00:00.000Z,2025-03-12,2179835.971196,2173145.073655285,1448825.165439,1444379.4477401655,731010.805757,728765.6259151197,36576.732733,36359.36161170517,1133.169071,1129.68857173286,214.654432,214.576108075286,0.2691345103727273,0.1431119838590909,0.664649024115096,0,0,0,0
IUSD,iUSD,2025-03-13T00:00:00.000Z,2025-03-13,2175507.926965,2166469.2630833974,1424734.4313450002,1418821.6926274307,750773.49562,747647.5704559665,14747.522901,14665.504051424174,1081.181365,1076.568991039899,46.941563,46.628477403433,0.2656069371047619,0.13915666722857142,0.6548919990141819,0,0,0,0
IUSD,iUSD,2025-03-14T00:00:00.000Z,2025-03-14,2167337.105765,2165357.298834932,1413349.107129,1412058.0863800142,753987.998636,753299.212454918,0,0,1098.724102,1097.720552563045,0,0,0.2646041176681818,0.13804146887727273,0.6521131865553647,0,0,0,0
IUSD,iUSD,2025-03-15T00:00:00.000Z,2025-03-15,2168251.21449,2167861.167542568,1418909.507347,1418654.6659640886,749341.707143,749206.5015784793,0,0,1080.425986,1080.190345029885,0,0,0.2654301227809524,0.13895904777142856,0.6544025931566003,20,20,4.32724,3.24675629906
IUSD,iUSD,2025-03-16T00:00:00.000Z,2025-03-16,2168224.429947,2160892.9474018374,1422947.799825,1418138.5248736262,745276.630122,742754.4225282113,0,0,1063.029459,1059.431600406207,0,0,0.2661054964333333,0.13971070926190476,0.6562737203622886,50,49.53445,2.17224,1.5334167996
IUSD,iUSD,2025-03-17T00:00:00.000Z,2025-03-17,2161822.225032,2161095.945616663,1422613.257671,1422134.1036673794,739208.967361,738961.8419492837,0,0,1143.884563,1143.507637027005,0,0,0.2667527171909091,0.14043336819545454,0.6580655646134567,6,5.976954,2.16362,1.57177905796
IUSD,iUSD,2025-03-18T00:00:00.000Z,2025-03-18,2143791.801063,2136499.820603238,1432223.430846,1427349.0050565344,711568.370217,709150.8155467036,2890.095002,2890.095002,1086.537779,1082.839297146602,38.532107,38.532107,0.27037679465714287,0.1445105582,0.6680819796362618,0,0,0,0
IUSD,iUSD,2025-03-19T00:00:00.000Z,2025-03-19,2133853.913699,2133405.959036057,1438005.468128,1437703.1734273303,695848.445571,695702.7856087264,0,0,1124.792303,1124.529917609202,0,0,0.2724859205285714,0.14690293197142856,0.6739005277289094,44.75,44.714419,6.49086,4.73600623574
IUSD,iUSD,2025-03-20T00:00:00.000Z,2025-03-20,2072174.305711,2070105.615358931,1441335.078523,1439903.8006710778,630839.227188,630201.8146878532,121.293955,121.293955,1320.974942,1319.691080701878,121.293955,121.293955,0.4042286728727273,0.25846163121818183,0.70438627036367,0,0,0,0
IUSD,iUSD,2025-03-21T00:00:00.000Z,2025-03-21,1446521.4938989999,1443965.0065684298,1355681.21513,1353220.067383455,90840.278769,90744.93918497457,154940.084818,154890.02450969713,2975.981863,2969.469948532544,16780.591182,16777.899059029183,0.9604318772095238,0.7425433187857143,0.936996852346139,0,0,0,0
IUSD,iUSD,2025-03-22T00:00:00.000Z,2025-03-22,1380103.311945,1379522.2558739397,1232743.177135,1232221.8885240725,147360.13481,147300.3673498673,15940.633709,15940.633709,1352.15182,1351.591571721126,58.230835,58.230835,0.35461928188636366,0.2534142349818182,0.8932269869844677,0,0,0,0
IUSD,iUSD,2025-03-23T00:00:00.000Z,2025-03-23,1381055.4156370002,1381010.2594119944,1209102.5351820001,1209063.53781811,171952.880455,171946.72159388437,33044.861616,33044.861616,1222.939837,1222.900764625891,177.314033,177.314033,0.34778894685714284,0.24362206424285715,0.8754900873083926,2,2,2.16362,1.5434075089
IUSD,iUSD,2025-03-24T00:00:00.000Z,2025-03-24,1380893.809879,1380893.809878095,1173511.5307,1173511.5306995714,207382.279179,207382.2791785238,49.925192,49.925192,1207.547587,1207.547587,49.925192,49.925192,0.3379659471761905,0.22983885346666666,0.8498223370545059,0,0,0,0
IUSD,iUSD,2025-03-25T00:00:00.000Z,2025-03-25,1381839.775068,1381815.6483369786,1150537.965477,1150517.8717186707,231301.809591,231297.77661830786,0,0,1214.833332,1214.812110768192,0,0,0.3314033234681818,0.22074461739545453,0.8326131075244408,0.466682,0.466682,2.16362,1.64065790066
IUSD,iUSD,2025-03-26T00:00:00.000Z,2025-03-26,1382893.2991029997,1382328.9176368937,1151305.6647019999,1150835.8867893438,231587.634401,231493.0308475499,569.878737,569.878737,1160.40683,1159.933408858942,20.64736,20.64736,0.3313733013809524,0.22070365834761904,0.8325340354429506,0,0,0,0
IUSD,iUSD,2025-03-27T00:00:00.000Z,2025-03-27,1383881.612156,1383659.1865223194,1151688.137856,1151503.002671157,232193.4743,232156.18385116232,0,0,1188.44308,1188.256484888753,0,0,0.33125249771904763,0.22053888868571428,0.8322158402475826,0,0,0,0
IUSD,iUSD,2025-03-28T00:00:00.000Z,2025-03-28,1382251.4177569998,1375584.2857888485,1139801.425721,1134299.3893129579,242449.992036,241284.89647589077,0,0,1236.592907,1230.744828399292,0,0,0.3283673487681818,0.21665121132272727,0.8245908938963912,0,0,0,0
IUSD,iUSD,2025-03-29T00:00:00.000Z,2025-03-29,1379714.845802,1372010.8810911996,1157496.380923,1151020.206942867,222218.464879,220990.67414833256,33,33,1226.468382,1219.593707892706,0,0,0.3338116489761905,0.22405295623333332,0.8389439987103597,400,399.9696,2.16362,1.52668056268
IUSD,iUSD,2025-03-30T00:00:00.000Z,2025-03-30,1428369.975817,1417083.4000960137,1159556.107324,1150420.3850824262,268813.868493,266663.0150135875,2722.232861,2685.896316458012,1199.466207,1190.060970257466,237.398369,234.348347798998,0.32358216664285716,0.21021729179047619,0.8119369583568262,0,0,0,0
IUSD,iUSD,2025-03-31T00:00:00.000Z,2025-03-31,1460816.8009390002,1444541.875661722,1158395.576669,1145483.301104717,302421.22427,299058.5745570049,250,247.9805,1173.98048,1160.993150171149,5.844867,5.797652164374,0.3164465090809524,0.20075662754285714,0.7929955288006287,0,0,0,0
IUSD,iUSD,2025-04-01T00:00:00.000Z,2025-04-01,1426529.4703839999,1423364.206262954,1158069.165446,1155532.9814053243,268460.304938,267831.2248576296,0,0,863.907469,862.038120067597,0,0,0.32363685687142857,0.21031411267142858,0.8120690369717669,0,0,0,0
IUSD,iUSD,2025-04-02T00:00:00.000Z,2025-04-02,1423825.994168,1417378.7285822118,1157746.223102,1152506.2531583556,266079.771066,264872.47542385623,0,0,889.124559,885.130431968988,0,0,0.32406999672857145,0.21086256312380952,0.813232684046256,0,0,0,0
IUSD,iUSD,2025-04-03T00:00:00.000Z,2025-04-03,1518097.333474,1498794.9245607348,1142773.2175409999,1128079.1320046165,375324.115933,370715.7925561183,54999.257819,54740.04550846514,866.797472,855.389445032371,8754.937144,8713.027084513498,0.30147369042272726,0.18168017892727273,0.7528317424313047,0,0,0,0
IUSD,iUSD,2025-04-04T00:00:00.000Z,2025-04-04,1502540.518643,1497094.9639270536,1097501.944273,1093537.4089662535,405038.57437,403557.55496080016,0,0,774.98598,772.253085230096,0,0,0.29329338165238095,0.1715291335190476,0.7307413660128029,85,84.51976,4.33586,2.8688691359
IUSD,iUSD,2025-04-05T00:00:00.000Z,2025-04-05,1465474.43746,1456108.5392285825,1105822.084301,1098754.7513684893,359652.353159,357353.78786009323,0,0,803.301537,798.287014842177,0,0,0.3021036581047619,0.18236982573333332,0.7545829910802588,0,0,0,0
IUSD,iUSD,2025-04-06T00:00:00.000Z,2025-04-06,1501653.492386,1482098.6658661154,1102101.62733,1088016.7799816206,399551.865056,394081.8858844947,4626.766421,4542.712004290916,789.444846,779.422091897645,74.029648,72.501537100586,0.29475047175714286,0.17341012866666666,0.7346363014563528,0,0,0,0
IUSD,iUSD,2025-04-07T00:00:00.000Z,2025-04-07,1544409.60281,1528238.86609795,1086268.660247,1075267.859910365,458140.942563,452971.00618758495,3624.636795,3508.803969520468,756.64453,749.217897391273,733.981669,726.283815639375,0.2835804450142857,0.15997118817619047,0.7042421517176218,8,8,2.16362,1.25331799378
IUSD,iUSD,2025-04-08T00:00:00.000Z,2025-04-08,1414330.963907,1406363.9578257143,1092209.074725,1086052.3447801177,322121.889182,320311.6130455964,0,0,821.306069,816.670336384754,0,0,0.3087217420952381,0.19077650258095238,0.7723491785806557,3.92,3.90072536,6.49086,3.92838530748
IUSD,iUSD,2025-04-09T00:00:00.000Z,2025-04-09,1434555.5610860002,1428750.3266772614,1092518.363547,1088125.6113527939,342037.197539,340624.7153244676,0,0,814.178633,810.926058713136,0,0,0.3048944858047619,0.18597685318571427,0.7620413383684019,10,10,2.16362,1.36784705486
IUSD,iUSD,2025-04-10T00:00:00.000Z,2025-04-10,1389434.569406,1378900.905478065,1092268.180217,1083996.4029104803,297166.389189,294904.5025675847,229.896193,229.621007256979,838.395928,832.190512809101,42.591013,42.540031557439,0.31387830090476193,0.1974082427190476,0.7861477687956705,0,0,0,0
IUSD,iUSD,2025-04-11T00:00:00.000Z,2025-04-11,1381545.626615,1380655.3983746497,1094710.69593,1094002.0524401963,286834.930685,286653.3459344533,0,0,845.639,845.090857283408,0,0,0.3162332390952381,0.20048298652857144,0.7924244902117874,0,0,0,0
IUSD,iUSD,2025-04-12T00:00:00.000Z,2025-04-12,1372591.6759000001,1370798.5189720967,1095341.105375,1093912.865664246,277250.570525,276885.65330785065,0,0,890.988911,889.854456031986,0,0,0.31833154455,0.20322780386363637,0.7980144187134901,0,0,0,0
IUSD,iUSD,2025-04-13T00:00:00.000Z,2025-04-13,1369222.663657,1365752.9101275788,1096276.98762,1093499.4357735591,272945.676037,272253.4743540195,0,0,854.877885,852.762543110054,0,0,0.31932497847142854,0.20453570567619048,0.8006564260944348,7.5,7.5,2.16362,1.4322623495
IUSD,iUSD,2025-04-14T00:00:00.000Z,2025-04-14,1369587.103087,1368113.8087860039,1097421.180997,1096240.7695862104,272165.92209,271873.0391997935,0,0,856.325175,855.392109890844,0,0,0.3195592170904762,0.20484489618571428,0.8012789429614607,0,0,0,0
IUSD,iUSD,2025-04-15T00:00:00.000Z,2025-04-15,1370857.49933,1368311.1483856237,1095928.668898,1093895.0301398793,274928.830432,274416.1182457444,15297.165075,15192.46736851714,854.758637,853.062175845732,1037.874318,1033.520492602638,0.3188738506714286,0.20394807407142856,0.7994532674368694,0,0,0,0
IUSD,iUSD,2025-04-16T00:00:00.000Z,2025-04-16,1377469.1192629999,1373253.341607538,1077174.578301,1073877.7039647198,300294.540962,299375.6376428183,3538.507646,3538.507646,809.770156,807.291080463152,25.972671,25.972671,0.3123242834428571,0.1953909778904762,0.7819994331422889,0,0,0,0
IUSD,iUSD,2025-04-17T00:00:00.000Z,2025-04-17,1375132.3236389998,1374128.9287064373,1074950.5809789998,1074165.2828730254,300181.74266,299963.64583341184,603.975905,603.975905,846.158292,845.467311369404,12.64475,12.64475,0.31221603163333334,0.19525081231904762,0.7817102707383216,0,0,0,0
IUSD,iUSD,2025-04-18T00:00:00.000Z,2025-04-18,1369367.7998280001,1368455.3170635714,1074356.8970030001,1073640.555817162,295010.902825,294814.76124640944,0,0,849.009549,848.443573720791,0,0,0.3132843106590909,0.19663335619545455,0.7845642246957326,0,0,0,0
IUSD,iUSD,2025-04-19T00:00:00.000Z,2025-04-19,1370498.235195,1370101.5557564837,1074691.460212,1074380.3098738706,295806.774983,295721.245882613,0,0,830.165868,829.931168000669,0,0,0.31313341276190476,0.1964379268857143,0.7841611702453514,0,0,0,0
IUSD,iUSD,2025-04-20T00:00:00.000Z,2025-04-20,1371150.807538,1370905.670928142,1068676.4022539998,1068485.3846795273,302474.405284,302420.2862486147,0,0,826.505817,826.361515570196,0,0,0.31135204065714284,0.19413459986666667,0.7794010291725166,40,40,2.16362,1.34394987196
IUSD,iUSD,2025-04-21T00:00:00.000Z,2025-04-21,1378557.052003,1377570.278549681,1076031.478318,1075262.3761158446,302525.573685,302307.90243383637,0,0,833.265904,832.685011463603,0,0,0.3117836405857143,0.1946919017095238,0.7805547513185921,0,0,0,0
IUSD,iUSD,2025-04-22T00:00:00.000Z,2025-04-22,1384382.024072,1383970.276336705,1078970.438636,1078649.5035324607,305411.585436,305320.7728042445,0,0,834.354156,834.11174392482,0,0,0.31134708073809525,0.19412810254761906,0.779387820867202,14.99202,14.99202,2.16362,1.45170463882
IUSD,iUSD,2025-04-23T00:00:00.000Z,2025-04-23,1385233.689979,1385233.6899779048,1090435.500919,1090435.5009182857,294798.18906,294798.18905961904,0,0,849.469178,849.469178,0,0,0.31426656795238095,0.19791154202380953,0.7871846024140529,95,95,6.49086,4.49804481728
IUSD,iUSD,2025-04-24T00:00:00.000Z,2025-04-24,1386097.1417299998,1385925.5763735755,1097659.323679,1097523.605669822,288437.818051,288401.97070375335,400,400,879.297745,879.189081637304,5.043026,5.043026,0.3160369743545455,0.20021762612272728,0.7919062920620565,0,0,0,0
IUSD,iUSD,2025-04-25T00:00:00.000Z,2025-04-25,1387181.44564,1387008.2597350054,1098934.194039,1098797.3713432937,288247.251601,288210.88839171163,7199.724661,7194.706926702135,880.855466,880.7509380537,21.829554,21.818614371105,0.31614976086190477,0.20036515212857142,0.7922067635295164,28.51,28.48248785,2.16362,1.53527446132
IUSD,iUSD,2025-04-26T00:00:00.000Z,2025-04-26,1388202.611006,1386549.3978715122,1094367.218474,1093065.5076273023,293835.392532,293483.8902442099,993,993,835.940982,834.946840246119,1.741253,1.741253,0.3146971312142857,0.19847005218571429,0.7883341768084946,0,0,0,0
IUSD,iUSD,2025-04-27T00:00:00.000Z,2025-04-27,1389081.114695,1386908.5299376617,1092455.138446,1090746.4110881446,296625.976249,296162.118849517,0,0,854.338362,853.03311270243,0,0,0.3139940730285714,0.19755473787142858,0.7864588605690258,0,0,0,0
IUSD,iUSD,2025-04-28T00:00:00.000Z,2025-04-28,1390465.5966579998,1389577.5872988668,1102927.5271959999,1102226.6751689122,287538.069462,287350.9121299546,0,0,869.322553,868.785217479648,0,0,0.31652606447619047,0.20086378554761905,0.7932057975111189,100,99.9723,2.16362,1.49324614282
IUSD,iUSD,2025-04-29T00:00:00.000Z,2025-04-29,1390256.7228309999,1389950.5235197546,1117086.316989,1116841.5187122803,273170.405842,273109.0048074743,0,0,912.748418,912.549195249238,0,0,0.32040025305,0.20595989006363635,0.8035114870794462,0,0,0,0
IUSD,iUSD,2025-04-30T00:00:00.000Z,2025-04-30,1390939.4644910002,1389967.6861387284,1120600.230995,1119819.6620091193,270339.233496,270148.02412960905,100,100,900.433603,899.554512497185,2.606104,2.606104,0.3212034339714286,0.20702336325714285,0.8056442634149664,2.852158,2.852158,2.16362,1.47841885496
IUSD,iUSD,2025-05-01T00:00:00.000Z,2025-05-01,1395223.1443170002,1395223.1443170474,1121681.647516,1121681.6475159046,273541.496801,273541.4968011429,0,0,881.532861,881.532861,0,0,0.3205629503571429,0.2061743672,0.8039440252475011,30,30,2.17224,1.53011933928
IUSD,iUSD,2025-05-02T00:00:00.000Z,2025-05-02,1393880.293063,1393678.0382541134,1126619.101179,1126455.7384547065,267261.191884,267222.2997994069,2018.458563,2018.458563,953.245032,953.109956986668,37.4067,37.4067,0.32218929119545453,0.2083305830909091,0.8082611138011908,0,0,0,0
IUSD,iUSD,2025-05-03T00:00:00.000Z,2025-05-03,1394523.8785930001,1394523.8785929524,1122840.091866,1122840.0918659524,271683.786727,271683.786727,6022.547557,6022.547557,905.767928,905.767928,8.93942,8.93942,0.3210278393190476,0.20678988546666666,0.8051785133521435,0,0,0,0
IUSD,iUSD,2025-05-04T00:00:00.000Z,2025-05-04,1395423.320097,1395254.622949581,1113422.4713,1113287.6716959027,282000.848797,281966.9512536781,0,0,877.297585,877.191417576801,0,0,0.3182924180047619,0.20317603853333333,0.7979104994698513,0,0,0,0
IUSD,iUSD,2025-05-05T00:00:00.000Z,2025-05-05,1396221.876357,1395289.440701137,1110036.463313,1109296.4901396602,286185.413044,285992.9505614768,7223.541134,7219.917345048848,894.404867,893.823241755416,393.910053,393.827773713516,0.31720947965714286,0.2017538562095238,0.7950285400496643,24.929264,24.893431582624,4.32724,2.89502741376
IUSD,iUSD,2025-05-06T00:00:00.000Z,2025-05-06,1398953.166626,1397391.541860038,1114521.267102,1113277.4738234486,284431.899524,284114.0680365893,0,0,920.513297,919.48564861239,0,0,0.3178313508909091,0.20256933679545455,0.7966841358865798,0,0,0,0
IUSD,iUSD,2025-05-07T00:00:00.000Z,2025-05-07,1400342.899947,1399797.7102498482,1115533.386056,1115099.1584969475,284809.513891,284698.55175290065,0,0,900.196723,899.854103714622,0,0,0.3178057497333333,0.2025357249,0.7966160001174319,2.5,2.5,2.16362,1.47647376058
IUSD,iUSD,2025-05-08T00:00:00.000Z,2025-05-08,1400253.4436940001,1400253.4436935238,1120734.485322,1120734.4853219523,279518.958372,279518.95837157144,50,50,907.158705,907.158705,2.981046,2.981046,0.31922248165714284,0.2044037359047619,0.8003822372999572,34.994812,34.994812,4.32724,3.10344460112
IUSD,iUSD,2025-05-09T00:00:00.000Z,2025-05-09,1400728.48288,1400728.4828802142,1129728.818623,1129728.818622857,270999.664257,270999.66425735713,0,0,856.893556,856.893556,0,0,0.32153660268571427,0.2074631719,0.806529680982909,32.5,32.5,4.32724,3.44420393302
IUSD,iUSD,2025-05-10T00:00:00.000Z,2025-05-10,1406317.8090209998,1406317.8090205002,1133121.158133,1133121.1581326667,273196.650888,273196.6508878333,50,50,987.244805,987.244805,0.59975,0.59975,0.3212381072,0.20706733545,0.8057373787026954,37.5,37.5,6.49086,5.30097934462
IUSD,iUSD,2025-05-11T00:00:00.000Z,2025-05-11,1407686.9601210002,1407686.9601208,1134752.697722,1134752.6977214,272934.262399,272934.2623994,4699.23358,4699.23358,817.519329,817.519329,640.488919,640.488919,0.32137930712,0.20725500684,0.8061119392830365,1.8,1.8,2.16362,1.7522833837
IUSD,iUSD,2025-05-12T00:00:00.000Z,2025-05-12,1411310.053762,1411310.0537619998,1139273.546811,1139273.5468106666,272036.506951,272036.5069513333,801.007584,801.007584,992.754728,992.754728,24.387298,24.387298,0.3218097615666667,0.20782994473333333,0.8072522900974143,70,70,8.6631,7.15788528026
IUSD,iUSD,2025-05-13T00:00:00.000Z,2025-05-13,1412801.628571,1412801.628571,1141831.097234,1141831.097234,270970.531337,270970.531337,3005.999999,3005.999999,998.194087,998.194087,10.546036,10.546036,0.3221688583333333,0.20830434511666668,0.8082064165832797,0,0,0,0
IUSD,iUSD,2025-05-14T00:00:00.000Z,2025-05-14,1416183.669117,1416183.6691168002,1141684.991262,1141684.9912618,274498.677855,274498.677855,0,0,843.686043,843.686043,0,0,0.32140108692,0.20728316728,0.8061701384840586,0,0,0,0
IUSD,iUSD,2025-05-15T00:00:00.000Z,2025-05-15,1416516.95914,1416516.9591390002,1137230.788945,1137230.7889445,279286.170195,279286.1701945,3925.174336,3925.174336,991.769665,991.769665,193.120288,193.120288,0.3201454148,0.20562203035,0.8028350200419008,1.3,1.3,2.16362,1.72819363862
IUSD,iUSD,2025-05-16T00:00:00.000Z,2025-05-16,1412849.236525,1412849.236524667,1132361.332832,1132361.3328320002,280487.903693,280487.9036926667,2535.944284,2535.944284,989.32574,989.32574,125.122752,125.122752,0.3196355798166667,0.20494987121666666,0.8014796346086763,0,0,0,0
IUSD,iUSD,2025-05-17T00:00:00.000Z,2025-05-17,1439911.019222,1439911.0192224,1138934.265836,1138934.265836,300976.753386,300976.7533864,0,0,815.713751,815.713751,0,0,0.31569529216,0.1997749574,0.790993728595282,0,0,0,0
IUSD,iUSD,2025-05-18T00:00:00.000Z,2025-05-18,1430340.540964,1430340.540963667,1144717.179976,1144717.1799758335,285623.360988,285623.36098783335,0,0,998.28772,998.28772,0,0,0.3191959985,0.20436605585,0.8003133224699155,0,0,0,0
IUSD,iUSD,2025-05-19T00:00:00.000Z,2025-05-19,1454542.854941,1454542.8549406,1151743.618141,1151743.618141,302799.2368,302799.2367996,3327.676337,3327.676337,845.199916,845.199916,113.939944,113.939944,0.31600764086,0.20018557198,0.7918247381540239,191.73,191.73,21.6362,15.78565684814
IUSD,iUSD,2025-05-20T00:00:00.000Z,2025-05-20,1456237.3139850001,1456237.3139835,1163584.2663150001,1163584.266314,292653.04767,292653.0476695,695.385872,695.385872,1013.67252,1013.67252,174.455395,174.455395,0.31871513306666666,0.20373176563333334,0.7990351268551921,0,0,0,0
IUSD,iUSD,2025-05-21T00:00:00.000Z,2025-05-21,1454556.5825840002,1454556.5825834998,1186174.4016790001,1186174.401679,268382.180905,268382.1809045,0,0,1044.28096,1044.28096,0,0,0.32493662073333335,0.21204173806666668,0.8155168753323575,11,11,4.32724,3.308283161
IUSD,iUSD,2025-05-22T00:00:00.000Z,2025-05-22,1444562.275096,1444562.2750962,1204012.574604,1204012.574604,240549.700492,240549.7004922,3702.305161,3702.305161,893.825718,893.8257179999999,50.827389,50.827389,0.33173447834,0.22119900524,0.8334839119462955,20,20,2.16362,1.7112611485
IUSD,iUSD,2025-05-23T00:00:00.000Z,2025-05-23,1453028.865724,1453028.8657228332,1194732.901684,1194732.9016831666,258295.96404,258295.96403966667,9613.580039,9613.580039,1076.340988,1076.340988,13.724561,13.724561,0.3275737027,0.21563560151666666,0.8224645042947593,0,0,0,0
IUSD,iUSD,2025-05-24T00:00:00.000Z,2025-05-24,1437523.6313649998,1437523.6313653332,1168514.898346,1168514.8983463333,269008.733019,269008.733019,0,0,1053.704249,1053.7042490000001,0,0,0.32393290368333333,0.21066287925,0.812878410771531,0,0,0,0
IUSD,iUSD,2025-05-25T00:00:00.000Z,2025-05-25,1442534.993289,1442534.9932881999,1162013.189484,1162013.1894836,280521.803805,280521.8038046,38,38,888.724488,888.724488,4.478091,4.478091,0.32116196506,0.20696589814,0.8055355233744117,0,0,0,0
IUSD,iUSD,2025-05-26T00:00:00.000Z,2025-05-26,1443402.359566,1443402.359566,1162843.013395,1162843.0133948333,280559.346171,280559.3461711667,0,0,1049.113697,1049.113697,0,0,0.32119619336666666,0.20701129998333334,0.8056263701065239,0,0,0,0
IUSD,iUSD,2025-05-27T00:00:00.000Z,2025-05-27,1444239.779935,1444239.7799346,1163712.912449,1163712.9124486,280526.867486,280526.867486,0,0,867.410034,867.410034,0,0,0.3212471319,0.20707887372,0.8057615643077543,0,0,0,0
IUSD,iUSD,2025-05-28T00:00:00.000Z,2025-05-28,1404046.12256,1404046.1225603332,1164660.0137200002,1164660.0137201666,239386.10884,239386.10884016668,0,0,1562.480775,1562.480775,0,0,0.5644116868166666,0.40934293061666666,0.835139118776498,0,0,0,0
IUSD,iUSD,2025-05-29T00:00:00.000Z,2025-05-29,1466233.498717,1466233.4987165001,1158556.428635,1158556.428635,307677.070082,307677.0700815,13612.026218,13612.026218,1030.477728,1030.477728,686.843588,686.843588,0.31538123938333334,0.19936425935,0.7901570227268606,0,0,0,0
IUSD,iUSD,2025-05-30T00:00:00.000Z,2025-05-30,1479994.641526,1479432.4056779456,1155194.166032,1154755.4182728804,324800.475494,324676.98740506516,0,0,840.947887,840.6120981982903,0,0,0.31177788648,0.19468402294,0.7805396124498036,0,0,0,0
IUSD,iUSD,2025-05-31T00:00:00.000Z,2025-05-31,1502875.384211,1499567.8804268811,1136908.0706800001,1134447.7030646522,365967.313531,365120.17736222903,1755.761157,1749.996993121569,1000.21412,998.1190203143417,236.473614,235.697271125238,0.302850518,0.1833727541,0.7565585010040045,23.732704,23.671140287968,4.32724,2.90894598122
IUSD,iUSD,2025-06-01T00:00:00.000Z,2025-06-01,1537490.541418,1534806.8586547456,1118608.474889,1116656.1503043438,418882.066529,418150.7083504019,105,104.82192,820.113005,818.7657343922084,27.216035,27.16987660464,0.2921063988,0.17001931208,0.7275561127903255,0,0,0,0
IUSD,iUSD,2025-06-02T00:00:00.000Z,2025-06-02,1534178.364348,1534099.4588721786,1119587.195375,1119529.5045771608,414591.168973,414569.95429501764,1998.244177,1998.244177,966.662292,966.6102692350231,38.507639,38.507639,0.29292081681666665,0.17101137163333333,0.7297654911577865,5,5,2.16362,1.47764860624
IUSD,iUSD,2025-06-03T00:00:00.000Z,2025-06-03,1528080.502345,1528080.5023448335,1120488.718847,1120488.718847,407591.783498,407591.78349783336,60.931801,60.931801,971.507719,971.507719,0.892518,0.892518,0.2942126610833333,0.17258963176666667,0.733267518342396,9,9,4.32724,2.98983724216
IUSD,iUSD,2025-06-04T00:00:00.000Z,2025-06-04,1530287.269753,1527489.6295618576,1122014.713827,1119965.1129032301,408272.555926,407524.5166586275,100.036449,99.136220995449,803.427106,801.9716710786295,0.687151,0.680967328151,0.29418989714,0.17256158852,0.7332059346374747,0,0,0,0
IUSD,iUSD,2025-06-05T00:00:00.000Z,2025-06-05,1555747.0671309999,1553405.3924452392,1121939.221188,1120249.2636543743,433807.845943,433156.128790865,4472.204839,4444.198642555621,962.987595,961.6077211469284,48.208874,47.911833517766,0.28976430503333334,0.1671875759,0.7211908344128487,32,32,2.31016,1.451046737022315
IUSD,iUSD,2025-06-06T00:00:00.000Z,2025-06-06,1557479.201869,1554532.6056754445,1127080.290749,1124948.236802376,430398.91112,429584.3688730685,0,0,965.382411,963.5925641631266,0,0,0.29067079448333333,0.16827770418333332,0.7236576718121135,70,70,4.62032,2.988237708796517
IUSD,iUSD,2025-06-07T00:00:00.000Z,2025-06-07,1561831.6119010001,1561831.6119014001,1131026.044278,1131026.0442786,430805.567623,430805.5676228,0,0,822.851325,822.851325,0,0,0.29085792598,0.1685036675,0.7241664109170921,12.83374,12.83374,6.93048,4.606084612192224
IUSD,iUSD,2025-06-08T00:00:00.000Z,2025-06-08,1563795.591984,1561591.9737086166,1132080.2493130001,1130484.5805375972,431715.342671,431107.3931710194,0,0,971.000246,969.6813025866,0,0,0.29077137528333336,0.16839883111666668,0.7239312901554636,0,0,0,0
IUSD,iUSD,2025-06-09T00:00:00.000Z,2025-06-09,1568248.3712250001,1564656.6970065162,1132135.260133,1129523.8115387964,436113.111092,435132.8854677198,0,0,805.006548,803.1481311100739,0,0,0.2900341464,0.16751397306,0.7219241234044612,65,65,4.62032,3.14636929203024
IUSD,iUSD,2025-06-10T00:00:00.000Z,2025-06-10,1538432.641027,1538432.6410271667,1129005.320175,1129005.3201753334,409427.320852,409427.3208518333,0,0,986.821599,986.821599,0,0,0.29444408413333334,0.17287796545,0.73389182491328,27,27,6.93048,4.88921876291925
IUSD,iUSD,2025-06-11T00:00:00.000Z,2025-06-11,1524604.726338,1524504.9150677728,1130843.683768,1130769.8604940332,393761.04257,393735.05457373953,0,0,995.830621,995.7660133657405,0,0,0.29753964768333335,0.17678335113333332,0.7422163869836055,5.25,5.25,4.62032,3.318672275988189
IUSD,iUSD,2025-06-12T00:00:00.000Z,2025-06-12,1368412.9055690002,1366153.214184607,1131812.214575,1129649.499269147,236600.690994,236503.71491545995,19805.292549,19637.94521374838,1363.459344,1357.1821895600192,355.230054,353.5245310420654,0.79355436992,0.5927914701,0.8425614321568505,0,0,0,0
IUSD,iUSD,2025-06-13T00:00:00.000Z,2025-06-13,1201776.322011,1194780.6737637895,1103786.266065,1097237.2822382464,97990.055946,97543.39152554312,10892.113081,10751.556040790649,1648.247991,1640.7437823871412,337.032063,332.125905167314,0.6645069671833334,0.5034398717,0.9199510610174064,8,8,2.31016,1.480764531221229
IUSD,iUSD,2025-06-14T00:00:00.000Z,2025-06-14,1199854.530515,1183692.6880727236,1072791.956834,1058417.4144517812,127062.573681,125275.27362094233,12707.656009,12587.48051975987,1552.825422,1533.6937523743645,2213.116137,2192.185364675784,0.35935862395,0.2571215257666667,0.8941995333396755,0,0,0,0
IUSD,iUSD,2025-06-15T00:00:00.000Z,2025-06-15,1128594.5552059999,1118437.2042095424,1073947.622755,1064282.0941506014,54646.932451,54155.110058941,437.473156,433.535897596,2108.139984,2089.166724144,178.833283,177.223783453,1.08128036868,0.8446042681,0.9533688680149806,0,0,0,0
IUSD,iUSD,2025-06-16T00:00:00.000Z,2025-06-16,1204964.50544,1194119.8248903796,1064570.817223,1054989.6798674976,140393.688217,139130.14502288183,0,0,1169.717127,1159.189672857,0,0,0.35643363193333333,0.25207786656666664,0.8835873360566044,0,0,0,0
IUSD,iUSD,2025-06-17T00:00:00.000Z,2025-06-17,1228605.415576,1215707.744785163,1063084.349487,1051884.3729820894,165521.066089,163823.3718030736,2130.566318,2111.391221138,1152.818111,1140.8155126119807,220.728568,218.742010888,0.35735491925,0.24812911981666666,0.8658314878993913,0,0,0,0
IUSD,iUSD,2025-06-18T00:00:00.000Z,2025-06-18,1313809.25562,1299399.5974774656,1061158.508029,1049528.9865195798,252650.747591,249870.61095788592,4070,4029.824215140072,892.012226,882.2485912183633,255.817793,253.292564347688,0.32225231914,0.2085483054,0.8083561568567864,0,0,0,0
IUSD,iUSD,2025-06-19T00:00:00.000Z,2025-06-19,1312202.603613,1306937.779117311,1042477.116056,1038331.0578718912,269725.487557,268606.72124541976,10890.800744,10826.54814189013,1030.771931,1026.7574914155355,777.70109,773.1170126518535,0.31702017326666665,0.2015407433,0.7945055946990178,0.33,0.32750718,2.31016,1.39200538928
IUSD,iUSD,2025-06-20T00:00:00.000Z,2025-06-20,1266271.457255,1261442.2454532478,1026752.079834,1022829.5358377869,239519.377421,238612.709615461,459.748925,454.780418367525,860.065239,856.8504747516284,65.325066,64.619098011738,0.32325969802,0.20980506382,0.8110727131123411,0,0,0,0
IUSD,iUSD,2025-06-21T00:00:00.000Z,2025-06-21,1304537.43827,1297367.761419829,1027151.7665500001,1021496.8816717215,277385.67172,275870.87974810746,40474.545518,39752.80342232303,1017.917054,1012.418217911123,40474.545518,39752.80342232303,0.3143413659,0.19800955728333333,0.7873837736622367,0,0,0,0
IUSD,iUSD,2025-06-22T00:00:00.000Z,2025-06-22,1254872.722043,1241878.0135570536,952305.646294,942554.4888885872,302567.075749,299323.52466846636,57909.734196,57695.685146202646,952.283922,942.7072424332739,36319.497906,36117.30596766098,0.30394033416666666,0.18474976548333333,0.7594881115330788,0,0,0,0
IUSD,iUSD,2025-06-23T00:00:00.000Z,2025-06-23,1203970.907408,1202413.5645421022,930217.876799,929023.1634010728,273753.030609,273390.4011410292,251.999999,251.999999,767.745489,766.8074809065046,8.680951,8.680951,0.30884740426,0.19092968004,0.7726900261560483,7,7,2.31016,1.332436405430752
IUSD,iUSD,2025-06-24T00:00:00.000Z,2025-06-24,1216853.688169,1212542.1182629974,931338.696891,928051.2355201589,285514.991278,284490.8827428384,0,0,927.359084,924.2383209335587,0,0,0.30640593006666667,0.18794587673333332,0.7660722725049021,0,0,0,0
IUSD,iUSD,2025-06-25T00:00:00.000Z,2025-06-25,1328362.6347039999,1323235.030338296,931985.915192,928452.4465282997,396376.719512,394782.5838099963,0,0,716.971283,714.2871230916678,0,0,0.28284451746,0.15904123,0.7022640471151702,0,0,0,0
IUSD,iUSD,2025-06-26T00:00:00.000Z,2025-06-26,1361023.609531,1346823.0160780826,932585.327578,922851.3733962032,428438.281953,423971.6426818795,82.51128,81.95746471479376,845.130235,836.1655012375421,1.682188,1.670897162832154,0.2766053160333333,0.15163551506666667,0.6852319294972925,0,0,0,0
IUSD,iUSD,2025-06-27T00:00:00.000Z,2025-06-27,1392550.101961,1380364.2594161457,945682.8388949999,937408.5702522218,446867.263066,442955.68916392396,0,0,846.278008,838.7500678976394,0,0,0.2743756994166667,0.14906400823333332,0.6791043218946372,150,147.9648811799758,2.31016,1.285329715661171
IUSD,iUSD,2025-06-28T00:00:00.000Z,2025-06-28,1409988.849403,1396652.889487512,948797.81213,939812.4901576655,461191.037273,456840.3993298465,0,0,716.52477,709.717984643253,0,0,0.27213733574,0.14651006024,0.6729374801620387,0,0,0,0
IUSD,iUSD,2025-06-29T00:00:00.000Z,2025-06-29,1432298.3189420002,1417745.7700068436,949666.173669,940019.4619462396,482632.145273,477726.308060604,0,0,834.509576,825.858048104914,0,0,0.26855402698333336,0.14245330936666667,0.6630477458428334,7.854982,7.718961623613128,4.62032,2.603787666809396
IUSD,iUSD,2025-06-30T00:00:00.000Z,2025-06-30,1432203.178928,1417691.1028757093,950854.7974449999,941211.6849527882,481348.381483,476479.4179229212,0,0,836.107798,827.5576297687078,0,0,0.26888130181666664,0.14282629486666668,0.6639496453440099,0,0,0,0
IUSD,iUSD,2025-07-01T00:00:00.000Z,2025-07-01,1465469.459426,1444015.4598460714,951295.8947289999,937373.6110750013,514173.564697,506641.84877107025,200,197.0426,679.888818,670.0179814055787,1.252444,1.233924110572,0.2635349062,0.13685929678,0.6491466164700717,0,0,0,0
IUSD,iUSD,2025-07-02T00:00:00.000Z,2025-07-02,1468521.8066699998,1457123.2719732882,951284.846327,943954.5647003937,517236.960343,513168.7072728944,3382.629486,3378.901051728111,816.833672,810.4393084637823,318.068758,317.7181732070002,0.26309320206666664,0.13639104013333334,0.647909986394395,0,0,0,0
IUSD,iUSD,2025-07-03T00:00:00.000Z,2025-07-03,1385557.603633,1384911.1118278853,949097.543724,948650.7798449936,436460.059909,436260.33198289166,84.015919,83.778658044744,850.309777,849.889322902112,0.366967,0.365930685192,0.27654258331666665,0.15157015851666666,0.6850556795652599,0,0,0,0
IUSD,iUSD,2025-07-04T00:00:00.000Z,2025-07-04,1377163.218119,1365066.4287872529,949664.993451,941332.150389544,427498.224668,423734.2783977088,0,0,730.348961,723.9963758911546,0,0,0.27818990964,0.15346877212,0.6895837150916698,0,0,0,0
IUSD,iUSD,2025-07-05T00:00:00.000Z,2025-07-05,1385849.040265,1373042.6787960392,950288.3250569999,941505.2949734194,435560.715208,431537.38382261974,0,0,857.234552,849.345033676887,0,0,0.27677948743333336,0.15183360823333333,0.6857121307085567,0,0,0,0
IUSD,iUSD,2025-07-06T00:00:00.000Z,2025-07-06,1383827.712156,1373638.7523491618,950952.454467,943949.8695981719,432875.257689,429688.8827509899,0,0,709.99468,704.7460674154869,0,0,0.2773176136,0.15245596364,0.6871901106509103,72,71.452906,4.62032,2.6975969336
IUSD,iUSD,2025-07-07T00:00:00.000Z,2025-07-07,1390414.647874,1382069.286551676,958714.3803900001,952952.835560153,431700.267484,429116.45099152304,0,0,866.710129,861.5178709441619,0,0,0.2781682974333333,0.15344441888333332,0.68952400439523,0,0,0,0
IUSD,iUSD,2025-07-08T00:00:00.000Z,2025-07-08,1375355.457494,1362340.0801828247,959281.301003,950202.7305864979,416074.156491,412137.34959632676,0,0,873.80721,865.598496218397,0,0,0.28107834645,0.15684500428333334,0.6974973181370279,0,0,0,0
IUSD,iUSD,2025-07-09T00:00:00.000Z,2025-07-09,1353844.064917,1347953.111681674,959742.277197,955588.3400900891,394101.78772,392364.77159158484,1098.93587,1096.302543460772,751.695421,748.3633576507776,111.838208,111.83028142181,0.28526442912,0.16179427158,0.7089353430429165,5,5,2.31016,1.406627885952212
IUSD,iUSD,2025-07-10T00:00:00.000Z,2025-07-10,1345893.23196,1340428.0471963242,959058.747024,955179.0170188056,386834.484936,385249.0301775186,5445.27179,5445.27179,888.486847,884.9005926825514,150.3076,150.3076,0.2866353797333333,0.16343677978333335,0.7126695028340767,0,0,0,0
IUSD,iUSD,2025-07-11T00:00:00.000Z,2025-07-11,1206201.275734,1205862.0726982544,949582.205359,949314.0682887165,256619.070375,256548.0044095378,14519.0607,14514.504445916456,948.697279,948.4180248618935,2654.169808,2654.168645986579,0.3144464272333333,0.19821108296666667,0.7876290374440831,19,18.995376562388685,6.93048,4.847699310941919
IUSD,iUSD,2025-07-12T00:00:00.000Z,2025-07-12,1259291.642534,1258414.1764467556,943103.790152,942415.8033617248,316187.852382,315998.3730850309,0,0,777.637274,777.1080621078439,0,0,0.30096932118,0.18139667482,0.7512834796287179,7,6.99962866360419,2.31016,1.675290247230204
IUSD,iUSD,2025-07-13T00:00:00.000Z,2025-07-13,1378075.0327440002,1376175.3654534658,943878.3089330001,942569.0175280436,434196.723811,433606.3479254223,0,0,852.758117,851.664593797552,0,0,0.27650415685,0.15151972333333333,0.684953433635977,0,0,0,0
IUSD,iUSD,2025-07-14T00:00:00.000Z,2025-07-14,1334653.622882,1323522.1369114635,942638.356037,934760.0193950278,392015.266845,388762.11751643574,1895.790657,1895.790657,737.141006,730.8942593920091,75.653361,75.653361,0.28430564172,0.16065606274,0.7063180882790524,0,0,0,0
IUSD,iUSD,2025-07-15T00:00:00.000Z,2025-07-15,1281454.921439,1274844.8248487841,943143.9251100001,938261.4445545704,338310.996329,336583.3802942139,0,0,898.85362,894.1711844641267,0,0,0.2952987126666667,0.17395936698333334,0.7361883048197807,5,5,2.31016,1.67415678088
IUSD,iUSD,2025-07-16T00:00:00.000Z,2025-07-16,1239624.9744819999,1239624.9744816667,943553.379433,943553.379433,296071.595049,296071.59504866664,2776.478445,2776.478445,926.702817,926.702817,277.52101,277.52101,0.30457327371666665,0.18549087638333334,0.7612213274885014,0,0,0,0
IUSD,iUSD,2025-07-17T00:00:00.000Z,2025-07-17,1176026.135271,1175838.518384276,936100.147481,935955.5181586838,239925.98779,239883.0002255922,8671.001458,8671.001458,786.597421,786.471645384256,51.099311,51.099311,0.31784272288,0.2027010161,0.7966514147061972,0,0,0,0
IUSD,iUSD,2025-07-18T00:00:00.000Z,2025-07-18,1137314.8696340001,1137314.869634,931379.738227,931379.7382266666,205935.131407,205935.13140733333,3392.708704,3392.708704,980.727826,980.727826,13.059874,13.059874,0.3262862075333333,0.21384864711666668,0.8190898724644567,5,5,2.31016,1.896172696377204
IUSD,iUSD,2025-07-19T00:00:00.000Z,2025-07-19,1187348.794207,1186486.8293438263,930203.801951,929527.7916876442,257144.992256,256959.03765618204,0,0,947.613794,946.89054394801,0,0,0.3128596106166667,0.1960830236,0.7834299955746479,0,0,0,0
IUSD,iUSD,2025-07-20T00:00:00.000Z,2025-07-20,1138104.586502,1137268.5922149492,930890.508896,930202.2784640286,207214.077606,207066.3137509205,0,0,823.515602,822.8844698107687,0,0,0.3258499783,0.21322997134,0.8179535713898248,5,4.995867107586884,2.31016,1.998421538505286
IUSD,iUSD,2025-07-21T00:00:00.000Z,2025-07-21,1162468.748344,1162468.7483436665,931511.856493,931511.8564931666,230956.891851,230956.8918505,1352.525233,1352.525233,966.902624,966.902624,8.606053,8.606053,0.3196403479,0.20498487751666666,0.8014768382065508,7.07,7.07,2.31016,2.06649608561722
IUSD,iUSD,2025-07-22T00:00:00.000Z,2025-07-22,1281338.406839,1281338.4068394,932094.333573,932094.3335732,349244.073266,349244.0732662,0,0,763.642452,763.642452,0,0,0.29438600274,0.17385537566,0.7331624273689257,0,0,0,0
IUSD,iUSD,2025-07-23T00:00:00.000Z,2025-07-23,1412427.702597,1410078.378509973,932012.204726,930453.6510463133,480415.497871,479624.72746365966,0,0,821.034774,819.6535048949002,0,0,0.26742460426666664,0.14119287091666666,0.6599205722551266,0,0,0,0
IUSD,iUSD,2025-07-24T00:00:00.000Z,2025-07-24,1393214.1786290002,1392489.6380298536,930454.0275300001,929968.554585776,462760.151099,462521.08344407764,404.569176,404.569176,833.351974,832.9162651217747,11.822683,11.822683,0.27029796385,0.14442121061666666,0.6678644670473035,3,2.997495339518859,2.31016,1.908877021701478
IUSD,iUSD,2025-07-25T00:00:00.000Z,2025-07-25,1410525.97319,1408515.74829327,930977.9614210001,929651.0311408018,479548.011769,478864.71715246805,0,0,700.076897,699.0989645541687,0,0,0.26745950742,0.1412233204,0.6600218975160191,0,0,0,0
IUSD,iUSD,2025-07-26T00:00:00.000Z,2025-07-26,1407750.439582,1406801.2879158873,931570.065791,930942.0484856575,476180.373791,475859.23943022976,0,0,826.66429,826.1552991336838,0,0,0.26808227523333333,0.14192169195,0.6617443805896287,0,0,0,0
IUSD,iUSD,2025-07-27T00:00:00.000Z,2025-07-27,1427841.043173,1426723.8891369035,932222.307454,931503.5124147637,495618.735719,495220.3767221397,0,0,810.979054,810.3393213010136,0,0,0.2653316682833333,0.13905632116666666,0.654015995516104,0.65,0.6497909401433635,2.31016,1.910999753633341
IUSD,iUSD,2025-07-28T00:00:00.000Z,2025-07-28,1304472.547971,1304472.5479712,932807.154003,932807.154003,371665.393968,371665.3939682,0,0,727.604948,727.604948,0,0,0.28752366912,0.16448822214,0.7150959906003952,0,0,0,0
IUSD,iUSD,2025-07-29T00:00:00.000Z,2025-07-29,1291904.721475,1288749.2345241024,935527.573957,933229.4456907371,356377.147518,355519.78883336525,3047.927189,3046.7304349934147,890.752566,888.6782155601536,0,0,0.29085095228333335,0.1684980543,0.7241459204629953,156.47927,155.88316649467657,11.5508,9.033370127735
IUSD,iUSD,2025-07-30T00:00:00.000Z,2025-07-30,1299344.375272,1299269.7386171347,948064.4636039999,948009.7652790917,351279.911668,351259.9733380431,7431.600021,7404.617398255122,774.92185,774.8760999357759,2.844312,2.83543263773872,0.29287768906,0.17095975946,0.7296479899223232,8.287556,8.24083292098378,2.31016,1.81020206020897
IUSD,iUSD,2025-07-31T00:00:00.000Z,2025-07-31,1287148.628978,1284921.071434868,944219.9643880001,942572.323747353,342928.66459,342348.7476875149,0,0,915.885907,914.2110624254558,0,0,0.29433922315,0.17275067276666667,0.733607115765446,0,0,0,0
IUSD,iUSD,2025-08-01T00:00:00.000Z,2025-08-01,1318382.611726,1315342.7671680679,936853.736129,934669.2281612861,381528.875597,380673.53900678165,10647.631984,10647.631984,694.709493,693.0635426177603,66.652066,66.652066,0.2859720263166667,0.16268213703333334,0.710840763365289,0,0,0,0
IUSD,iUSD,2025-08-02T00:00:00.000Z,2025-08-02,1363612.924381,1357329.8309078452,934900.785211,930589.1580228275,428712.13917,426740.67288501776,0,0,558.060936,555.541564221179,0,0,0.27679382738,0.15187294228,0.6857390237225104,0,0,0,0
IUSD,iUSD,2025-08-03T00:00:00.000Z,2025-08-03,1424980.9107920001,1423547.1488326006,935502.677225,934532.4427889469,489478.233567,489014.70604365354,0,0,649.870669,649.1630019372489,0,0,0.2662934332333333,0.13996640236666666,0.6567687616572574,0,0,0,0
IUSD,iUSD,2025-08-04T00:00:00.000Z,2025-08-04,1400878.8890240001,1397469.3488866114,940317.2564760001,938051.849442095,460561.632548,459417.49944451626,0,0,659.524556,657.8734604737334,0,0,0.2715590892,0.14586740888333333,0.6713349517902537,50,49.56253728211652,2.31016,1.701596462597548
IUSD,iUSD,2025-08-05T00:00:00.000Z,2025-08-05,1359286.383952,1357238.8462858498,941763.340829,940335.2070142454,417523.043123,416903.63927160425,0,0,575.700193,574.8123890268979,0,0,0.27939053436,0.1548729715,0.6928726815441444,0,0,0,0
IUSD,iUSD,2025-08-06T00:00:00.000Z,2025-08-06,1364697.36811,1362645.4534690592,942381.497181,940980.4517476499,422315.870929,421665.00172140927,0,0,678.697164,677.6773234927609,0,0,0.27858282868333334,0.1539450031,0.6906509165753069,0,0,0,0
IUSD,iUSD,2025-08-07T00:00:00.000Z,2025-08-07,1352684.518488,1349665.2432242502,943002.110869,940890.5015954059,409682.407619,408774.7416288442,559.108083,556.1047278340335,565.798242,564.5447769844086,5.721485,5.690750957595269,0.28095846842,0.15670715004,0.6971676388386244,0,0,0,0
IUSD,iUSD,2025-08-08T00:00:00.000Z,2025-08-08,1276802.597267,1276059.0844250836,943083.1386910001,942524.7827817048,333719.458576,333534.3016433788,0,0,712.940135,712.4931393870772,0,0,0.296358831,0.17530166648333334,0.7390364359061402,0,0,0,0
IUSD,iUSD,2025-08-09T00:00:00.000Z,2025-08-09,1269507.166632,1269507.1666313333,943804.000522,943804.0005215,325703.16611,325703.16610983334,0,0,722.405754,722.405754,0,0,0.29797557811666664,0.17722480281666667,0.7434476312267473,0,0,0,0
IUSD,iUSD,2025-08-10T00:00:00.000Z,2025-08-10,1278715.150338,1278715.1503384,944462.340812,944462.3408124,334252.809526,334252.809526,0,0,610.471673,610.471673,0,0,0.29618338722,0.17500968944,0.7386031534284225,0,0,0,0
IUSD,iUSD,2025-08-11T00:00:00.000Z,2025-08-11,1297261.637332,1295429.0752899232,945088.257774,943757.4464682238,352173.379558,351671.6288216993,77.856613,77.83503326876837,713.332017,712.3396889140762,2.289645,2.289010372807627,0.2924764502666667,0.17047532981666666,0.728557138186474,0,0,0,0
IUSD,iUSD,2025-08-12T00:00:00.000Z,2025-08-12,1291829.5868219999,1291829.5868211668,945742.271587,945742.2715866667,346087.315235,346087.3152345,0,0,711.423521,711.423521,0,0,0.2938427776,0.17216696741666668,0.7322488940557453,0,0,0,0
IUSD,iUSD,2025-08-13T00:00:00.000Z,2025-08-13,1276204.540741,1276204.5407402,946397.474042,946397.4740416,329807.066699,329807.0666986,0,0,598.566283,598.566283,0,0,0.29728372732,0.1763685945,0.7415780820800953,0,0,0,0
IUSD,iUSD,2025-08-14T00:00:00.000Z,2025-08-14,1280991.076755,1279885.7792379153,962426.221291,961585.9841254475,318564.855464,318299.7951124677,655.194945,655.194945,741.027187,740.4286955546837,1.802946,1.802946,0.30088253666666664,0.18086048991666667,0.751282208790828,10.41519,10.41519,2.31016,2.265290194093237
IUSD,iUSD,2025-08-15T00:00:00.000Z,2025-08-15,1289557.117279,1288276.2243099466,973924.067741,972950.3130402555,315633.049538,315325.91126969113,0,0,760.903337,760.1097202975607,0,0,0.3023547221,0.1826914268,0.7552555103303341,0,0,0,0
IUSD,iUSD,2025-08-16T00:00:00.000Z,2025-08-16,1322197.815332,1322197.8153320001,969330.5223569999,969330.5223574,352867.292975,352867.2929746,525.006334,525.006334,631.846398,631.846398,52.111268,52.111268,0.2942226212,0.17263451164,0.7332767008396556,0,0,0,0
IUSD,iUSD,2025-08-17T00:00:00.000Z,2025-08-17,1330176.8282309999,1328029.3990721437,972135.569546,970569.5805411044,358041.258685,357459.8185310394,0,0,741.089019,739.9938318894397,0,0,0.2933213323166667,0.1715046098,0.7308490997127914,0,0,0,0
IUSD,iUSD,2025-08-18T00:00:00.000Z,2025-08-18,1330542.913435,1330303.664878897,971469.317412,971293.0611015942,359073.596023,359010.60377730255,0,0,615.430738,615.3276490899495,0,0,0.29305951554,0.17118321618,0.730140180946558,0,0,0,0
IUSD,iUSD,2025-08-19T00:00:00.000Z,2025-08-19,1319824.664343,1316673.3617412997,970294.567161,967969.3336881403,349530.097182,348704.0280531596,0,0,747.121943,745.4813310857296,0,0,0.29492179491666665,0.17346204373333332,0.7351865918402729,10,9.834373935908067,2.31016,1.981455545202093
IUSD,iUSD,2025-08-20T00:00:00.000Z,2025-08-20,1313977.1943140002,1313977.1943135,971522.421072,971522.4210711668,342454.773242,342454.7732423333,0,0,753.371781,753.371781,0,0,0.29646934571666667,0.17536233591666667,0.7393765601364146,3.5,3.5,2.31016,1.968960699032117
IUSD,iUSD,2025-08-21T00:00:00.000Z,2025-08-21,1322811.964264,1322314.8588548095,971361.088537,970996.3961073622,351450.875727,351318.46274744737,0,0,619.528244,619.2832927979365,0,0,0.29460031274,0.17306473056,0.7343175755779,4.427386,4.427386,4.62032,4.007010716878255
IUSD,iUSD,2025-08-22T00:00:00.000Z,2025-08-22,1325862.121446,1322285.7992078695,972056.6704780001,969432.3433759921,353805.450968,352853.4558318773,3411.148973,3411.148973,749.644303,747.6308252976568,183.457677,183.457677,0.2941735934,0.17254369058333333,0.7331606365100819,0,0,0,0
IUSD,iUSD,2025-08-23T00:00:00.000Z,2025-08-23,1327260.939608,1327260.9396078333,974685.086172,974685.0861721666,352575.853436,352575.85343566665,0,0,769.25246,769.25246,0,0,0.29461765283333335,0.17308654651666666,0.7343642383743036,0,0,0,0
IUSD,iUSD,2025-08-24T00:00:00.000Z,2025-08-24,1331699.616722,1331699.616722,971353.032507,971353.0325074,360346.584215,360346.5842146,0,0,618.741495,618.741495,0,0,0.29278938086,0.17085118828,0.7294089704541614,0,0,0,0
IUSD,iUSD,2025-08-25T00:00:00.000Z,2025-08-25,1332246.8586280001,1326734.5283217914,970228.23964,966209.6722694591,362018.618988,360524.85605233244,0,0,749.059074,745.8835815706544,0,0,0.29237065166666665,0.17034236705,0.7282723520085662,0,0,0,0
IUSD,iUSD,2025-08-26T00:00:00.000Z,2025-08-26,1438706.444655,1436529.4288490626,969568.943402,968094.5639690552,469137.501253,468434.8648800074,0,0,588.856021,587.9232145994276,0,0,0.27250079714,0.14692356764,0.673939500426991,0,0,0,0
IUSD,iUSD,2025-08-27T00:00:00.000Z,2025-08-27,1420224.980306,1418728.925034754,970195.6274629999,969169.2346741317,450029.352843,449559.6903606222,0,0,709.591988,708.9027103287135,0,0,0.27585363068333335,0.15077026768333332,0.6831651522900442,0,0,0,0
IUSD,iUSD,2025-08-28T00:00:00.000Z,2025-08-28,1444333.998303,1444242.4161445356,970846.952294,970785.4761766349,473487.046009,473456.93996790075,0,0,705.215904,705.1694990399865,0,0,0.2718626769,0.1461941278,0.6721821797183,0,0,0,0
IUSD,iUSD,2025-08-29T00:00:00.000Z,2025-08-29,1478514.03361,1478070.0977743282,971462.590433,971164.4284084733,507051.443177,506905.6693658548,0,0,588.623041,588.4354079867567,0,0,0.26647521462,0.14016071912,0.6572767815962882,0,0,0,0
IUSD,iUSD,2025-08-30T00:00:00.000Z,2025-08-30,1474062.800927,1473583.0275977948,971194.664057,970875.7875698805,502868.13687,502707.2400279144,0,0,689.776636,689.5582697977002,0,0,0.2670751497166667,0.14080931193333332,0.6589494470314273,0,0,0,0
IUSD,iUSD,2025-08-31T00:00:00.000Z,2025-08-31,1468548.679338,1468320.2015637087,971693.201643,971542.6076424085,496855.477695,496777.5939213002,0,0,697.717883,697.6110446905035,0,0,0.2680745641166667,0.14192138901666668,0.6617184569064629,0,0,0,0
IUSD,iUSD,2025-09-01T00:00:00.000Z,2025-09-01,1483825.73513,1483439.6500319194,972061.237578,971806.9802365488,511764.497552,511632.6697953705,1224.314982,1224.314982,570.255406,570.1152201675262,821.926273,821.926273,0.26569328562,0.1392554781,0.6551297337729853,0,0,0,0
IUSD,iUSD,2025-09-02T00:00:00.000Z,2025-09-02,1445502.655305,1445247.2125215242,971700.3095150001,971527.6054280241,473802.34579,473719.6070935001,0,0,702.370841,702.2394262606932,0,0,0.2718989955166667,0.14624398735,0.6722776052758789,0,0,0,0
IUSD,iUSD,2025-09-03T00:00:00.000Z,2025-09-03,1438203.5548,1437624.6491600524,972332.591869,971941.2228370308,465870.962931,465683.4263230217,0,0,600.417178,600.1197529284459,0,0,0.2732749868,0.1478033757,0.6760743871626539,0,0,0,0
IUSD,iUSD,2025-09-04T00:00:00.000Z,2025-09-04,1449544.370977,1445698.0186440304,972968.491596,970375.326081088,476575.879381,475322.6925629424,0,0,707.685657,705.8325308174943,0,0,0.2715826205833333,0.1459040133,0.671394411207504,0,0,0,0
IUSD,iUSD,2025-09-05T00:00:00.000Z,2025-09-05,1474599.784807,1473270.100363448,973646.641074,972765.982160817,500953.143733,500504.11820263107,0,0,693.878643,693.2389499786841,0,0,0.26757866385,0.14136841478333334,0.6603451440124037,0,0,0,0
IUSD,iUSD,2025-09-06T00:00:00.000Z,2025-09-06,1483547.530758,1482718.2367219,974265.249507,973720.9228189129,509282.281251,508997.3139029871,0,0,589.59118,589.2638139615251,0,0,0.26626647826,0.13989099336,0.6567191049323505,0,0,0,0
IUSD,iUSD,2025-09-07T00:00:00.000Z,2025-09-07,1461732.881236,1461009.0810359498,974788.37142,974310.1247806018,486944.509816,486698.9562553479,138,138,700.537728,700.2254360929533,37.457889,37.457889,0.2699589309166667,0.14404427523333332,0.66692496068633,0,0,0,0
IUSD,iUSD,2025-09-08T00:00:00.000Z,2025-09-08,1445998.39521,1445998.39521,975008.636166,975008.6361656666,470989.759044,470989.75904433336,0,0,708.685951,708.685951,0,0,0.2726290853166667,0.14706834001666666,0.67429382384535,0,0,0,0
IUSD,iUSD,2025-09-09T00:00:00.000Z,2025-09-09,1415788.483305,1415788.4833046,975641.35607,975641.3560696,440147.127235,440147.127235,0,0,594.092266,594.092266,0,0,0.27802466646,0.15327882762,0.6891292317750196,0,0,0,0
IUSD,iUSD,2025-09-10T00:00:00.000Z,2025-09-10,1405973.318023,1405973.3180231666,976283.253582,976283.253582,429690.064441,429690.06444116664,0,0,726.00294,726.00294,0,0,0.27994319236666665,0.15551337013333333,0.6943898950708921,0,0,0,0
IUSD,iUSD,2025-09-11T00:00:00.000Z,2025-09-11,1368284.506956,1368284.5069562,976934.3114080001,976934.3114084001,391350.195548,391350.1955478,0,0,627.885716,627.885716,0,0,0.28711861124,0.16400234776,0.7139930245887732,0,0,0,0
IUSD,iUSD,2025-09-12T00:00:00.000Z,2025-09-12,1285416.6443699999,1283632.8217747572,978109.549528,976752.9808050552,307307.094842,306879.84096970205,0,0,778.355353,777.2204798831795,0,0,0.30446193348333334,0.18533893428333334,0.7609281346582593,10,10,2.31016,2.057076201980554
IUSD,iUSD,2025-09-13T00:00:00.000Z,2025-09-13,1289884.6677020001,1289884.6677021666,979185.944111,979185.9441108333,310698.723591,310698.7235913333,51.347176,51.347176,784.512294,784.512294,24.12442,24.12442,0.30379969248333333,0.18450662801666667,0.7591455224447707,0,0,0,0
IUSD,iUSD,2025-09-14T00:00:00.000Z,2025-09-14,1278048.808736,1277948.2809146526,979844.4352569999,979767.3223844138,298204.373479,298180.95853023895,0,0,651.364066,651.3167408615409,0,0,0.30660048808,0.18804967178,0.7666721956523993,2.1,2.099809017018567,2.31016,2.050864922581996
IUSD,iUSD,2025-09-15T00:00:00.000Z,2025-09-15,1281922.4945,1280461.2200092818,980154.754344,979035.1192531768,301767.740156,301426.1007561049,483.097401,483.097401,789.451867,788.5851810440244,0.143246,0.143246,0.30583364078333336,0.18707824743333334,0.7646121545222642,4.33,4.329827205873941,9.24064,8.23643819668774
IUSD,iUSD,2025-09-16T00:00:00.000Z,2025-09-16,1284577.724942,1284577.7249418334,979570.350623,979570.350623,305007.374319,305007.37431883335,0,0,789.840162,789.840162,0,0,0.30507599975,0.18611839705,0.7625768931082997,10.455994,10.455994,2.31016,1.990555979108612
IUSD,iUSD,2025-09-17T00:00:00.000Z,2025-09-17,1279513.6719089998,1279513.6719088,980267.9972819999,980267.9972819999,299245.674627,299245.6746268,0,0,653.038852,653.038852,0,0,0.3064053698,0.1878059207,0.7661461816068187,0,0,0,0
IUSD,iUSD,2025-09-18T00:00:00.000Z,2025-09-18,1268791.082159,1268791.0821581667,981972.049121,981972.0491205,286819.033038,286819.03303766664,0,0,800.381952,800.381952,0,0,0.30931277813333335,0.19151310263333332,0.7739434936428123,30,30,1.15508,1.069094273821397
IUSD,iUSD,2025-09-19T00:00:00.000Z,2025-09-19,1285865.235671,1285500.199938757,984681.689943,984401.3223510754,301183.545728,301098.8775876818,0,0,678.380186,678.2005071187762,0,0,0.30630655454,0.1876955237,0.7658727120673581,0,0,0,0
IUSD,iUSD,2025-09-20T00:00:00.000Z,2025-09-20,1327691.292897,1322425.6909338986,985375.751256,981452.7091427805,342315.541641,340972.98179111804,0,0,778.233375,775.2243157612213,0,0,0.29751428543333336,0.17665759868333333,0.7421991079508243,0,0,0,0
IUSD,iUSD,2025-09-21T00:00:00.000Z,2025-09-21,1320345.1129859998,1316750.6924062683,986131.0293589999,983446.9341334937,334214.083627,333303.7582727746,0,0,780.049666,777.9681920031437,0,0,0.29924620621666664,0.17880159506666668,0.7468788330528908,0,0,0,0
IUSD,iUSD,2025-09-22T00:00:00.000Z,2025-09-22,1358052.4377579999,1353447.4155889095,986818.6635419999,983430.6438507257,371233.774216,370016.7717381838,0,0,636.924381,634.788929655051,0,0,0.2919237795,0.16986793448,0.7270219230195187,0,0,0,0
IUSD,iUSD,2025-09-23T00:00:00.000Z,2025-09-23,1362966.8883810001,1362966.8883806667,987489.290914,987489.2909141666,375477.597467,375477.5974665,0,0,759.763401,759.763401,0,0,0.29105900728333334,0.16878127856666666,0.7246940793269543,0,0,0,0
IUSD,iUSD,2025-09-24T00:00:00.000Z,2025-09-24,1356934.573218,1355448.4055933869,988228.917053,987145.8271222458,368705.656165,368302.5784711411,0,0,767.32451,766.5566581708761,0,0,0.29237546536666664,0.17034747488333332,0.7282858228335987,0,0,0,0
IUSD,iUSD,2025-09-25T00:00:00.000Z,2025-09-25,1471238.566743,1458986.200154372,987691.492265,979557.7773390918,483547.074478,479428.4228152804,0,0,622.365846,617.3594179654424,0,0,0.2720187054,0.14658893794,0.6724930276513451,0,0,0,0
IUSD,iUSD,2025-09-26T00:00:00.000Z,2025-09-26,1472860.45323,1459209.0071040238,988177.659305,979059.4312275918,484682.793925,480149.57587643195,139.999999,136.6092867015232,716.474274,710.0001316937465,109.472518,106.8211621730059,0.27141745153333335,0.1456917211,0.6709524777535123,8.55,8.55,1.15508,0.8984571164103055
IUSD,iUSD,2025-09-27T00:00:00.000Z,2025-09-27,1486248.792889,1474039.9719293383,989918.748885,981774.2453126205,496330.044004,492265.7266167177,0,0,718.504084,712.6149316404254,0,0,0.2696509930166667,0.14369157398333332,0.6660773141455686,0,0,0,0
IUSD,iUSD,2025-09-28T00:00:00.000Z,2025-09-28,1509457.266792,1493999.5019044806,990902.648742,980759.1500403056,518554.61805,513240.35186417506,154.804218,153.2130319007692,587.036188,580.9286492758192,34.599861,34.24421941238822,0.266173879,0.13978678152,0.6564631938127427,24,23.84441473469846,1.15508,0.9084077274811135
IUSD,iUSD,2025-09-29T00:00:00.000Z,2025-09-29,1502893.6907970002,1499043.4100188813,993420.6621160001,990879.9965734602,509473.028681,508163.41344542115,0,0,714.125011,712.3892732063171,0,0,0.26782564141666665,0.14163824353333335,0.6610321774633299,0,0,0,0
IUSD,iUSD,2025-09-30T00:00:00.000Z,2025-09-30,1511953.876965,1503352.1253419914,994050.461507,988394.5453116869,517903.415458,514957.5800303046,0,0,589.611104,586.1660482208528,0,0,0.26653519188,0.14019020596,0.657463497093177,0,0,0,0
IUSD,iUSD,2025-10-01T00:00:00.000Z,2025-10-01,1525764.842042,1515709.1825000476,994663.2279190001,988129.9982239078,531101.614123,527579.1842761398,0,0,725.242313,720.4358765231415,0,0,0.26455851886666665,0.13800257133333332,0.6519803164690101,0,0,0,0
IUSD,iUSD,2025-10-02T00:00:00.000Z,2025-10-02,1501541.371356,1500432.8847918378,995006.537519,994275.2051016995,506534.833837,506157.6796901384,0,0,715.032945,714.5428285180733,0,0,0.2684370812833333,0.14233071686666668,0.6627195803346131,0,0,0,0
IUSD,iUSD,2025-10-03T00:00:00.000Z,2025-10-03,1492876.753101,1491786.3638692196,994467.9438730001,993743.239305666,498408.809228,498043.1245635535,0,0,659.728854,659.1609344654812,0,0,0.2696755559142857,0.14371582615714285,0.6661470640609732,0,0,0,0
IUSD,iUSD,2025-10-04T00:00:00.000Z,2025-10-04,1492272.799152,1481918.3362351328,995082.11513,988142.2503699363,497190.684022,493776.08586519636,0,0,611.392333,607.172537980451,0,0,0.26993596008,0.1440159942,0.6668628142407388,0,0,0,0
IUSD,iUSD,2025-10-05T00:00:00.000Z,2025-10-05,1482459.214023,1478876.131989418,995719.8119030001,993313.1816366689,486739.40212,485562.9503527491,0,0,727.173888,725.4485134698929,0,0,0.27167586018333334,0.1459807097,0.6716676316266278,0,0,0,0
IUSD,iUSD,2025-10-06T00:00:00.000Z,2025-10-06,1488253.2933550002,1487068.7269277098,996417.5510570001,995624.1285725413,491835.742298,491444.59835516853,0,0,726.349832,725.7631720120769,0,0,0.2708991678,0.14509964928333333,0.6695249665912091,0,0,0,0
IUSD,iUSD,2025-10-07T00:00:00.000Z,2025-10-07,1497051.374673,1489671.1254686704,999054.638966,994119.0932096805,497996.735707,495552.03225898993,0,0,598.792612,595.8182014030803,0,0,0.27011211264,0.14421081722,0.6673515208474121,100,99.4745948010756,1.15508,0.9610232413603748
IUSD,iUSD,2025-10-08T00:00:00.000Z,2025-10-08,1512870.366503,1503464.0525384059,1005190.14708,998912.2407887313,507680.219423,504551.81174967467,5015.840901,4959.880767203462,729.643118,725.0287033091874,928.498679,918.139716000119,0.2690593330666667,0.14302457396666668,0.6644428051050727,0,0,0,0
IUSD,iUSD,2025-10-09T00:00:00.000Z,2025-10-09,1532349.341778,1530207.5875749383,1003324.260199,1001919.1705874103,529025.081579,528288.4169875279,0,0,609.838963,609.0742239196709,0,0,0.26556214936,0.139106401,0.6547681456353014,0,0,0,0
IUSD,iUSD,2025-10-10T00:00:00.000Z,2025-10-10,1547203.2547829999,1521528.241789461,1002479.710849,985895.2269567508,544723.543934,535633.0148327101,0,0,713.069117,700.8299669863494,0,0,0.26309929578333335,0.13637893541666668,0.6479372962516373,0,0,0,0
IUSD,iUSD,2025-10-11T00:00:00.000Z,2025-10-11,1566404.430859,1545180.7514279364,1017072.468626,1003294.7355781602,549331.962233,541886.0158497763,9934.86256,9775.694962039697,671.311407,663.1201544587802,58.975829,58.03097032853312,0.2636158274666667,0.13695726456666665,0.6493664448435079,261,256.39545944392336,3.46524,2.2496337919415854
IUSD,iUSD,2025-10-12T00:00:00.000Z,2025-10-12,1566291.5070190001,1562692.0406589666,1017180.272662,1014883.8068396288,549111.234357,547808.2338193379,1075.583098,1074.666996939201,723.20905,721.5166328423015,1075.583098,1074.666996939201,0.26368044243333333,0.13703761791666666,0.6495407971631,0,0,0,0
IUSD,iUSD,2025-10-13T00:00:00.000Z,2025-10-13,1549887.030645,1540336.8830189733,1008037.069058,1001801.6957308981,541849.961587,538535.1872880752,21899.064941,21557.92202320593,612.780593,609.193888512958,9342.54365,9197.005810417979,0.26398966078,0.13737523408,0.6504010966976892,0,0,0,0
IUSD,iUSD,2025-10-14T00:00:00.000Z,2025-10-14,1626497.0699669998,1598205.879023037,995453.1564709999,978424.8380042205,631043.913496,619781.0410188163,0,0,681.427437,669.9695355483058,0,0,0.25042970891666666,0.12281038318333333,0.6125416822838506,0,0,0,0
IUSD,iUSD,2025-10-15T00:00:00.000Z,2025-10-15,1609338.578818,1576369.431148142,996105.8040779999,975648.8792371136,613232.77474,600720.5519110286,0,0,688.944905,674.8588159905003,0,0,0.25276730193333335,0.12522380951666667,0.6191222586226129,0,0,0,0
IUSD,iUSD,2025-10-16T00:00:00.000Z,2025-10-16,1697322.480085,1675488.6946839993,996693.4310059999,983823.4081898817,700629.049079,691665.2864941175,0,0,543.219948,536.1734344055469,0,0,0.24147409016,0.1134937186,0.5873695982095103,0,0,0,0
IUSD,iUSD,2025-10-17T00:00:00.000Z,2025-10-17,1647414.952383,1628361.070383716,997116.504806,985546.5736878572,650298.447577,642814.4966958587,241.575714,235.9687867657128,672.387582,664.6791406154833,40.959334,40.00867550250357,0.2478435941,0.12003079671666667,0.6053223175006942,0,0,0,0
IUSD,iUSD,2025-10-18T00:00:00.000Z,2025-10-18,1639321.7631140002,1612141.0925098066,997628.653106,981088.5668260428,641693.110008,631052.5256837638,0,0,559.867547,550.5092775687261,0,0,0.24899526462,0.12122342006,0.6085624123982708,0,0,0,0
IUSD,iUSD,2025-10-19T00:00:00.000Z,2025-10-19,1642336.86258,1618834.144698103,992763.2617309999,978485.8533101436,649573.600849,640348.2913879595,5083.775991,5069.296833458278,689.356478,679.4752180464258,77.09432,76.87474683099569,0.24754751565,0.11972098905,0.6044911126359603,0,0,0,0
IUSD,iUSD,2025-10-20T00:00:00.000Z,2025-10-20,1646554.73603,1615324.5360633337,982557.328161,963903.9038189295,663997.407869,651420.6322444043,68.044379,66.8560936403894,664.784344,652.2389461395603,0.055933,0.05495622034537049,0.24479403085,0.11686590498333334,0.5967465404095905,1.3,1.2888282194228606,2.31016,1.5125726062095568
IUSD,iUSD,2025-10-21T00:00:00.000Z,2025-10-21,1640329.9411260001,1614120.1872573597,983045.810152,967341.6835130907,657284.130974,646778.5037442689,0,0,550.970945,542.0800122382021,0,0,0.24570224022,0.11780154064,0.5993043961640486,0,0,0,0
IUSD,iUSD,2025-10-22T00:00:00.000Z,2025-10-22,1661132.707798,1626937.774885668,983622.204159,963413.9476343868,677510.503639,663523.8272512811,0,0,661.596352,648.0592802348389,0,0,0.2431812659,0.11521854683333334,0.5921965356730321,0,0,0,0
IUSD,iUSD,2025-10-23T00:00:00.000Z,2025-10-23,1538980.8097219998,1529194.6084693898,984264.639061,977991.4252666559,554716.170661,551203.1832027341,0,0,694.810323,690.3657986570469,0,0,0.26020202565,0.13324922823333332,0.6398579771804732,0,0,0,0
IUSD,iUSD,2025-10-24T00:00:00.000Z,2025-10-24,1439982.800529,1437331.8727227114,984887.916505,983073.5417320059,455094.884024,454258.3309907056,0,0,624.110563,622.9399766498299,0,0,0.27623001864,0.1512367651,0.6841817644419497,0,0,0,0
IUSD,iUSD,2025-10-25T00:00:00.000Z,2025-10-25,1420644.3335230001,1415393.8887220775,985534.048148,981895.6314263004,435110.285375,433498.2572957772,0,0,750.2518,747.4006924393827,0,0,0.27970082458333334,0.15522931706666668,0.6937262810258448,0,0,0,0
IUSD,iUSD,2025-10-26T00:00:00.000Z,2025-10-26,1413616.731255,1409993.7618396047,986184.32569,983661.0769130366,427432.405565,426332.684926568,0,0,623.310236,621.6734236968219,0,0,0.28112804476,0.15690043052,0.6976349396035016,0,0,0,0
IUSD,iUSD,2025-10-27T00:00:00.000Z,2025-10-27,1429188.824143,1421217.0993054807,986867.712781,981365.7724381925,442321.111362,439851.3268672881,0,0,799.28672,795.5409922765234,0,0,0.2785294998142857,0.15386422817142856,0.6905149215077512,0,0,0,0
IUSD,iUSD,2025-10-28T00:00:00.000Z,2025-10-28,1423786.113762,1415066.2066442233,992540.739787,986452.8271979247,431245.373975,428613.3794462985,0,0,641.954115,638.036037795872,0,0,0.28094180322,0.15668336906,0.6971243376317152,50,49.8093221253711,1.15508,0.7698842619033239
IUSD,iUSD,2025-10-29T00:00:00.000Z,2025-10-29,1417658.522442,1408042.8877167685,993198.6606129999,986462.9064765899,424459.861829,421579.9812401787,0,0,762.893413,757.7016874550383,0,0,0.28220835131666666,0.15817009703333335,0.7005909199452535,0,0,0,0
IUSD,iUSD,2025-10-30T00:00:00.000Z,2025-10-30,1428586.804186,1409093.3153716195,990989.464182,977536.5941461589,437597.340004,431556.7212254605,9577.827042,9489.885688407086,758.24519,747.8467342721686,8118.050188,8043.512161896864,0.2797138016,0.15526181005,0.6937523331331761,0,0,0,0
IUSD,iUSD,2025-10-31T00:00:00.000Z,2025-10-31,1560045.3873529998,1538550.351833691,984970.2697449999,971405.1224716067,575075.117608,567145.2293620842,0,0,582.722275,574.7485243556129,0,0,0.25715104808,0.12989112054,0.6313845348282637,0,0,0,0
IUSD,iUSD,2025-11-01T00:00:00.000Z,2025-11-01,1529956.185222,1518075.255209595,985578.6165019999,977925.0819080822,544377.56872,540150.1733015128,0,0,707.560611,702.0483606935322,0,0,0.26175044096666666,0.1348945177,0.6441910107511192,1.7,1.674253394584475,1.15508,0.7048598627973482
IUSD,iUSD,2025-11-02T00:00:00.000Z,2025-11-02,1522600.721836,1499514.3010584149,986484.9817059999,971497.2601879286,536115.74013,528017.0408704864,0,0,602.655742,593.3937833218279,0,0,0.26309981732,0.13638532216,0.6479355358817648,3,2.953479275548485,1.15508,0.7033566765062899
IUSD,iUSD,2025-11-03T00:00:00.000Z,2025-11-03,1485188.229076,1460247.040800855,972298.481847,955920.5188207319,512889.747229,504326.521980123,71710.037784,70934.3626440171,698.557452,686.6716208972458,37837.203652,37358.13852650383,0.2654952644,0.1390487653,0.6545735635378955,0,0,0,0
IUSD,iUSD,2025-11-04T00:00:00.000Z,2025-11-04,1311883.923331,1311134.9730039176,804979.9642149999,804499.2470954283,506903.959116,506635.7259084893,265354.650944,264728.78850140894,607.522183,607.1582808580896,5798.642356,5794.6584472866,0.2502440747,0.12280733908333333,0.6119140911583609,11.5,11.491632413664998,2.31016,1.2364241515935055
IUSD,iUSD,2025-11-05T00:00:00.000Z,2025-11-05,1169563.13377,1168317.9268054338,616904.323217,616255.4314295101,552658.810553,552062.4953759238,33954.470818,33775.860380178005,356.305515,355.95119756175933,42.253077,42.03081346885124,0.22044844388,0.0930294568,0.5274849797368062,0,0,0,0
IUSD,iUSD,2025-11-06T00:00:00.000Z,2025-11-06,1154099.5919730002,1153244.2960354409,616901.6235870001,616444.3024995376,537197.968386,536799.9935359033,0,0,433.073026,432.73773792455825,0,0,0.22290267373333333,0.09531873486666667,0.5345308103787202,130,130,2.31016,1.2252978361762286
IUSD,iUSD,2025-11-07T00:00:00.000Z,2025-11-07,1173283.5929069999,1173283.592906,626018.733753,626018.7337525,547264.859154,547264.8591535001,10745.656321,10745.656321,439.111729,439.111729,150.232669,150.232669,0.22259087035,0.09503787641666667,0.5336300428212285,0,0,0,0
IUSD,iUSD,2025-11-08T00:00:00.000Z,2025-11-08,1166747.036287,1166747.0362874,619187.420272,619187.4202722,547559.616015,547559.6160152,0,0,357.664879,357.664879,0,0,0.22156588998,0.09406725314,0.5306956052945507,0,0,0,0
IUSD,iUSD,2025-11-09T00:00:00.000Z,2025-11-09,1172773.781972,1172773.7819716667,619518.104839,619518.1048386667,553255.677133,553255.677133,0,0,431.708662,431.708662,0,0,0.2207284107,0.09329207061666667,0.5282879103398339,0,0,0,0
IUSD,iUSD,2025-11-10T00:00:00.000Z,2025-11-10,1165232.406519,1164786.3228681055,619879.75464,619642.4418704871,545352.651879,545143.8809976185,0,0,434.294937,434.1214408942262,0,0,0.22201323018333333,0.09448518983333333,0.5319794977683897,0,0,0,0
IUSD,iUSD,2025-11-11T00:00:00.000Z,2025-11-11,1165539.0533969998,1165539.0533965998,620362.801518,620362.8015176,545176.251879,545176.251879,0,0,368.606895,368.606895,0,0,0.22210888814,0.09457467196,0.5322539787752589,1.5,1.5,1.15508,0.6949625459330118
IUSD,iUSD,2025-11-12T00:00:00.000Z,2025-11-12,1165790.455073,1165790.455073,620696.45244,620696.45244,545094.002633,545094.002633,0,0,435.127563,435.127563,0,0,0.22216863266666667,0.09463057878333334,0.5324253988624535,0,0,0,0
IUSD,iUSD,2025-11-13T00:00:00.000Z,2025-11-13,1179456.3637259998,1179363.523217539,621029.957634,620981.1445651164,558426.406092,558382.3786524227,0,0,357.361721,357.33592965730566,0,0,0.22011949428,0.09272182074,0.5265410493154735,0,0,0,0
IUSD,iUSD,2025-11-14T00:00:00.000Z,2025-11-14,1174464.549777,1174179.335839102,621339.434209,621188.1885443154,553125.115568,552991.1472947865,4974.96155,4919.37605092238,432.960158,432.84981426214125,367.732416,363.5920981823782,0.22099306651666667,0.09353458165,0.5290501613425003,2,2,1.15508,0.5865952937278317
IUSD,iUSD,2025-11-15T00:00:00.000Z,2025-11-15,1157357.073788,1157357.0737876666,616796.291102,616796.2911021666,540560.782686,540560.7826855,0,0,434.219042,434.219042,0,0,0.22235579498333333,0.09480929656666667,0.5329603959534192,0,0,0,0
IUSD,iUSD,2025-11-16T00:00:00.000Z,2025-11-16,1167116.373621,1166497.3262442509,598718.103078,598399.1154238473,568398.270543,568098.2108204035,90714.715215,90714.715215,350.736419,350.5702243232213,84.495816,84.495816,0.21547997956,0.08849640218,0.5131638683522859,104.75519,104.75519,4.62032,2.2254231556269
IUSD,iUSD,2025-11-17T00:00:00.000Z,2025-11-17,1085530.8378289999,1085530.8378278334,528687.163493,528687.1634921667,556843.674336,556843.6743356667,8831.307543,8831.307543,366.885583,366.885583,4331.53691,4331.53691,0.20654002458333334,0.08054333023333334,0.4872804344973664,10,10,1.15508,0.5356527908344169
IUSD,iUSD,2025-11-18T00:00:00.000Z,2025-11-18,1038259.972561,1038259.972561,521407.931234,521407.9312341667,516852.041327,516852.0413268333,917.058827,917.058827,371.504,371.504,675.355947,675.355947,0.21167722095,0.08504246043333333,0.5021940309948019,0,0,0,0
IUSD,iUSD,2025-11-19T00:00:00.000Z,2025-11-19,1040696.19204,1040289.9003987379,517573.850804,517370.83935007267,523122.341236,522919.0610486652,18333.747264,18331.637449456677,304.547348,304.4375698369028,15740.485509,15739.146689636322,0.20999873664,0.08355941280000001,0.4973286686686081,0,0,0,0
IUSD,iUSD,2025-11-20T00:00:00.000Z,2025-11-20,1040019.512661,1040019.5126611667,502549.144236,502549.14423616667,537470.368425,537470.368425,0,0,351.917017,351.917017,0,0,0.20513755516666668,0.07930141235,0.4832167063589375,0,0,0,0
IUSD,iUSD,2025-11-21T00:00:00.000Z,2025-11-21,1035540.086461,1035540.0864608,502728.359514,502728.359514,532811.726947,532811.7269468,160.703371,160.703371,305.310321,305.310321,123.376371,123.376371,0.20595370584,0.08002080244000001,0.48558342790508996,0,0,0,0
IUSD,iUSD,2025-11-22T00:00:00.000Z,2025-11-22,1045819.6379200001,1045819.6379191666,500587.145864,500587.14586316666,545232.492056,545232.4920559999,7814.272092,7814.272092,361.042121,361.042121,1251.039601,1251.039601,0.20376434116666667,0.07820435978333333,0.47917030987581616,5.33,5.33,2.31016,0.9299696460535128
IUSD,iUSD,2025-11-23T00:00:00.000Z,2025-11-23,1053175.9921070002,1053175.9921064,495772.86173500004,495772.86173460004,557403.130372,557403.1303717999,0,0,285.05952,285.05952,0,0,0.20088914648,0.07567861052000001,0.47082780801857305,0,0,0,0
IUSD,iUSD,2025-11-24T00:00:00.000Z,2025-11-24,1039705.030327,1039705.0303266667,496562.577844,496562.57784366666,543142.452483,543142.452483,0,0,350.252738,350.252738,0,0,0.20321037855,0.07764432721666667,0.4776045895798225,10.9,10.9,1.15508,0.469263903984402
IUSD,iUSD,2025-11-25T00:00:00.000Z,2025-11-25,1041357.100048,1041355.6113322548,497376.244466,497375.535497991,543980.855582,543980.0758342638,0,0,351.523247,351.52272587005695,0,0,0.20321959313333332,0.0776523,0.4776313951992857,0,0,0,0
IUSD,iUSD,2025-11-26T00:00:00.000Z,2025-11-26,1036892.2093209999,1036892.2093217999,497622.346786,497622.3467864,539269.862535,539269.8625354,0,0,290.797238,290.797238,0,0,0.20400650346,0.07832702514,0.4799240286809122,0,0,0,0
IUSD,iUSD,2025-11-27T00:00:00.000Z,2025-11-27,1033356.9268870001,1033356.9268873334,498514.30350000004,498514.30350033334,534842.623387,534842.623387,0,0,361.93316,361.93316,0,0,0.20486459093333334,0.0790653738,0.48242256334569006,19.269955,19.269955,1.15508,0.4964152127529922
IUSD,iUSD,2025-11-28T00:00:00.000Z,2025-11-28,1036407.825081,1036407.8250816666,500670.927793,500670.9277933333,535736.897288,535736.8972883333,0,0,356.080966,356.080966,0,0,0.20509201896666668,0.0792616769,0.4830844302987267,18,18,2.31016,0.9795195702408958
IUSD,iUSD,2025-11-29T00:00:00.000Z,2025-11-29,1011524.99233,1011524.9923302,502121.706028,502121.706028,509403.286302,509403.2863022,0,0,298.853646,298.853646,0,0,0.2097611475,0.08336979006,0.4966284919987346,0,0,0,0
IUSD,iUSD,2025-11-30T00:00:00.000Z,2025-11-30,993221.8448340001,993221.8448340001,502380.324253,502380.324253,490841.520581,490841.520581,0,0,369.425217,369.425217,0,0,0.21292691043333334,0.0861602396,0.5058087713944807,0,0,0,0
IUSD,iUSD,2025-12-01T00:00:00.000Z,2025-12-01,978040.057094,978040.0570944,498589.180717,498589.180717,479450.876377,479450.8763774,13659.18673,13659.18673,306.245429,306.245429,7055.666223,7055.666223,0.21430523656,0.08740172786,0.5097907091003173,8,7.990091648479384,1.15508,0.4590765459144533
IUSD,iUSD,2025-12-02T00:00:00.000Z,2025-12-02,991679.473564,991679.4735630001,489142.40414999996,489142.40414933336,502537.069414,502537.0694136667,2617.98961,2617.98961,360.767331,360.767331,9.728611,9.728611,0.2086116954,0.0823342662,0.4933078829999799,0,0,0,0
IUSD,iUSD,2025-12-03T00:00:00.000Z,2025-12-03,963332.399314,963332.3993133334,471945.295071,471945.2950706667,491387.104243,491387.1042426667,2563.646209,2563.646209,359.260687,359.260687,1104.980922,1104.980922,0.20744344041666668,0.08132481750000001,0.4899086118287246,31.462859,31.462859,1.15508,0.5125194029082322
IUSD,iUSD,2025-12-04T00:00:00.000Z,2025-12-04,963490.523912,963490.5239122,465742.298865,465742.2988654,497748.225047,497748.2250468,0,0,300.517117,300.517117,0,0,0.20519721544,0.07935234656000001,0.48339064933350534,0,0,0,0
IUSD,iUSD,2025-12-05T00:00:00.000Z,2025-12-05,964263.486242,964263.4862414999,465939.76639999996,465939.7663993333,498323.719842,498323.71984216664,0,0,354.580924,354.580924,0,0,0.2051344577,0.07929810465,0.4832080515524987,5,5,1.15508,0.484808068772932
IUSD,iUSD,2025-12-06T00:00:00.000Z,2025-12-06,965099.267419,965099.2674183333,466526.933137,466526.93313666666,498572.334282,498572.33428166667,0,0,355.018742,355.018742,0,0,0.20519970465,0.07935448991666667,0.4833978964180595,0,0,0,0
IUSD,iUSD,2025-12-07T00:00:00.000Z,2025-12-07,963820.388913,963820.3889126,466759.51604400005,466759.51604400005,497060.872869,497060.8728686,0,0,293.611046,293.611046,0,0,0.20550391332,0.07961789776,0.4842827406718873,0,0,0,0
IUSD,iUSD,2025-12-08T00:00:00.000Z,2025-12-08,951391.797829,951391.7978294999,466993.859587,466993.85958733334,484397.938242,484397.93824216665,0,0,358.463374,358.463374,0,0,0.20778470633333335,0.0816098306,0.4909071752551112,0,0,0,0
IUSD,iUSD,2025-12-09T00:00:00.000Z,2025-12-09,937762.957278,937762.9572778333,467253.76822900004,467253.76822883333,470509.189049,470509.189049,0,0,363.674666,363.674666,0,0,0.21032006805,0.08383597876666667,0.49826425924592244,0,0,0,0
IUSD,iUSD,2025-12-10T00:00:00.000Z,2025-12-10,938002.873466,938002.873466,467693.68441700004,467693.68441700004,470309.189049,470309.189049,0,0,308.64472,308.64472,0,0,0.21043796526,0.08394052638,0.4986057897797964,10,10,1.15508,0.5344561249681826
IUSD,iUSD,2025-12-11T00:00:00.000Z,2025-12-11,937672.9816970001,937672.9816968334,469211.381172,469211.3811723333,468461.600525,468461.6005245,0,0,365.308911,365.308911,0,0,0.21106619276666666,0.08450224873333334,0.500423053851584,24.61063,24.61063,2.31016,0.9745949697526272
IUSD,iUSD,2025-12-12T00:00:00.000Z,2025-12-12,925883.467129,925883.4671284,470856.86596699996,470856.86596639996,455026.601162,455026.601162,0,0,307.282158,307.282158,0,0,0.21387499308,0.08701272576,0.508548581546615,1.3,1.3,2.31016,0.9787897327593754
IUSD,iUSD,2025-12-13T00:00:00.000Z,2025-12-13,922103.523001,922103.5230008333,470258.265463,470258.26546283334,451845.257538,451845.257538,75.417256,75.417256,372.514302,372.514302,0.110436,0.110436,0.21437381681666667,0.08746331026666666,0.5099889420395897,0.4,0.4,1.15508,0.4733402332
IUSD,iUSD,2025-12-14T00:00:00.000Z,2025-12-14,913434.052958,913434.0529576667,470604.28069399996,470604.280694,442829.772264,442829.7722636667,402.723379,402.723379,375.315163,375.315163,119.542482,119.542482,0.2161893062,0.0891123994,0.5152260203362004,3.85,3.85,1.15508,0.4710762764
IUSD,iUSD,2025-12-15T00:00:00.000Z,2025-12-15,906650.318384,906650.318384,470508.650454,470508.6504542,436141.66793,436141.6679298,591.730274,591.730274,320.403284,320.403284,36.704717,36.704717,0.21748210078,0.09029048082,0.5189531673630017,0,0,0,0
IUSD,iUSD,2025-12-16T00:00:00.000Z,2025-12-16,903841.9830390001,903841.9830396667,469821.077835,469821.0778356667,434020.905204,434020.905204,0,0,378.664699,378.664699,0,0,0.2177777642,0.09056176875000001,0.5198045211565122,5.33,5.33,2.31016,0.8841097828
IUSD,iUSD,2025-12-17T00:00:00.000Z,2025-12-17,869425.807467,869304.8009685536,467778.102065,467711.23582022416,401647.705402,401593.56514832954,1779.017894,1779.017894,386.829262,386.7715904043,6.950255,6.950255,0.22419719365,0.09656251225,0.5382268496469045,0,0,0,0
IUSD,iUSD,2025-12-18T00:00:00.000Z,2025-12-18,902259.1276489999,902259.1276486,466689.607187,466689.60718680004,435569.520462,435569.5204618,0,0,312.447186,312.447186,0,0,0.21694091824,0.08981350448,0.5173838062702155,7,7,1.15508,0.40918709
IUSD,iUSD,2025-12-19T00:00:00.000Z,2025-12-19,887044.9208150001,887044.9208146667,466897.83978700003,466897.83978650003,420147.081028,420147.0810281667,528.690336,528.690336,382.477781,382.477781,68.541055,68.541055,0.22005403056666667,0.09266106780000001,0.5263529351245811,0,0,0,0
IUSD,iUSD,2025-12-20T00:00:00.000Z,2025-12-20,887524.3280249999,887524.3280247999,466580.15020499995,466580.15020479995,420944.17782,420944.17782,0,0,315.369204,315.369204,0,0,0.21983021308,0.09245350056,0.5257096998205347,0,0,0,0
IUSD,iUSD,2025-12-21T00:00:00.000Z,2025-12-21,870471.521768,870471.5217668333,466952.29264400003,466952.2926433333,403519.229124,403519.2291235,0,0,386.119035,386.119035,0,0,0.22364805028333334,0.09604954386666667,0.536650732592194,2.468148,2.468148,1.15508,0.4243070872
IUSD,iUSD,2025-12-22T00:00:00.000Z,2025-12-22,852797.902109,852797.902109,467353.621682,467353.621682,385444.280427,385444.280427,0,0,394.646624,394.646624,0,0,0.22761748678333332,0.09979197018333333,0.5480241961118285,0,0,0,0
IUSD,iUSD,2025-12-23T00:00:00.000Z,2025-12-23,861000.680466,861000.6804666,467567.383087,467567.3830874,393433.297379,393433.2973792,106.798023,106.798023,333.251852,333.251852,5.080769,5.080769,0.22589159524,0.09814881686,0.5430880426399471,0,0,0,0
IUSD,iUSD,2025-12-24T00:00:00.000Z,2025-12-24,887564.009554,887564.009554,467905.037707,467905.03770716663,419658.971847,419658.97184683336,0,0,385.075812,385.075812,0,0,0.2203658124,0.09295886396666667,0.527244106136363,4.5,4.5,1.15508,0.4133222764
IUSD,iUSD,2025-12-25T00:00:00.000Z,2025-12-25,891337.109115,891337.109115,468476.81143,468476.81143,422860.297685,422860.297685,9.613757,9.613757,383.242746,383.242746,3.614382,3.614382,0.21978815928333334,0.09241455783333334,0.5255888077864459,0,0,0,0
IUSD,iUSD,2025-12-26T00:00:00.000Z,2025-12-26,909286.7347259999,909286.7347257999,468717.44505999994,468717.44505979994,440569.289666,440569.289666,0,0,314.564521,314.564521,0,0,0.21638554012,0.08932592718,0.5157721875443328,0,0,0,0
IUSD,iUSD,2025-12-27T00:00:00.000Z,2025-12-27,906625.035295,906625.0352951665,468962.370685,468962.3706851666,437662.66461,437662.66461,0,0,377.696924,377.696924,0,0,0.2168949407,0.0897531495,0.5172616565250254,0,0,0,0
IUSD,iUSD,2025-12-28T00:00:00.000Z,2025-12-28,902915.185301,902915.185301,469209.306834,469209.3068338,433705.878467,433705.8784672,0,0,322.457342,322.457342,0,0,0.21772768038,0.09051557052,0.5196604435395286,0,0,0,0
IUSD,iUSD,2025-12-29T00:00:00.000Z,2025-12-29,903207.4351059999,903207.4351059999,469456.14876799996,469456.14876766666,433751.286338,433751.28633833333,0,0,380.837889,380.837889,0,0,0.21776419578333334,0.09054907008333334,0.5197655915804115,0,0,0,0
IUSD,iUSD,2025-12-30T00:00:00.000Z,2025-12-30,903407.645592,903407.6455921666,469726.06606499996,469726.0660651666,433681.579527,433681.579527,0,0,381.163595,381.163595,0,0,0.21782795318333334,0.09060757266666666,0.51994917815249,0,0,0,0
IUSD,iUSD,2025-12-31T00:00:00.000Z,2025-12-31,906513.597651,906513.5976507142,470151.39618000004,470151.3961797143,436362.201471,436362.201471,86.525675,86.525675,331.318805,331.318805,4.844107,4.844107,0.21737295427142858,0.09019064611428572,0.5186387066175503,3,3,1.15508,0.4042664492
IUSD,iUSD,2026-01-01T00:00:00.000Z,2026-01-01,905410.8090659999,905410.8090663333,470448.240755,470448.240755,434962.568311,434962.5683113333,0,0,381.342718,381.342718,0,0,0.21770546348333333,0.09049519613333333,0.5195964645325439,0,0,0,0
IUSD,iUSD,2026-01-02T00:00:00.000Z,2026-01-02,904092.663214,904092.663214,470400.953364,470400.9533638,433691.70985,433691.7098502,0,0,323.733449,323.733449,0,0,0.2179511803,0.09072094508,0.5203038353079062,0,0,0,0
IUSD,iUSD,2026-01-03T00:00:00.000Z,2026-01-03,902668.008161,902668.0081611667,470204.441606,470204.441606,432463.566555,432463.5665551667,0,0,382.874657,382.874657,0,0,0.21816117381666666,0.09091399691666667,0.5209082961524042,0,0,0,0
IUSD,iUSD,2026-01-04T00:00:00.000Z,2026-01-04,894944.6173650001,894944.6173648334,470475.27616500005,470475.27616483334,424469.3412,424469.3412,0,0,384.410378,384.410378,0,0,0.21985251501666667,0.09248300286666666,0.5257688280339632,0,0,0,0
IUSD,iUSD,2026-01-05T00:00:00.000Z,2026-01-05,878717.313847,878717.3138466,470887.972643,470887.9726428,407829.341204,407829.3412038,0,0,330.319446,330.319446,0,0,0.22340175904,0.09579881822,0.5359554571978008,8,8,1.15508,0.487270498
IUSD,iUSD,2026-01-06T00:00:00.000Z,2026-01-06,849309.714164,849309.7141636667,469778.99398100004,469778.9939806667,379530.720183,379530.720183,2457.525688,2457.525688,400.914421,400.914421,174.931121,174.931121,0.2294199811,0.10153177356666666,0.553166129596127,0,0,0,0
IUSD,iUSD,2026-01-07T00:00:00.000Z,2026-01-07,858736.8493069999,858736.8493071999,469046.051195,469046.051195,389690.798112,389690.7981122,934.999999,934.999999,327.577517,327.577517,0,0,0.22698063436,0.09918230098,0.5462046390779726,10,10,1.15508,0.4739062224
IUSD,iUSD,2026-01-08T00:00:00.000Z,2026-01-08,860053.2358230001,860053.2358230001,469290.05586200004,469290.05586200004,390763.179961,390763.179961,0,0,396.589788,396.589788,0,0,0.22678766561666666,0.098998005,0.5456530613370257,0,0,0,0
IUSD,iUSD,2026-01-09T00:00:00.000Z,2026-01-09,863057.09027,862787.2165385054,469694.811569,469547.6870006205,393362.278701,393239.5295378848,0,0,396.312562,396.1829576858,0,0,0.22628834436666667,0.0985219079,0.5442253730232917,2.5,2.495525,1.15508,0.4516478308
IUSD,iUSD,2026-01-10T00:00:00.000Z,2026-01-10,867707.511164,867265.0266881536,470075.701558,469836.00930505263,397631.809606,397429.01738310093,0,0,326.211123,326.03604895305,0,0,0.22542096034,0.09769643762,0.5417444164863163,0,0,0,0
IUSD,iUSD,2026-01-11T00:00:00.000Z,2026-01-11,867965.1522550001,867965.1522546667,470333.342649,470333.3426486667,397631.809606,397631.809606,0,0,403.775808,403.775808,0,0,0.22546849671666666,0.0977415752,0.5418804407431564,0,0,0,0
IUSD,iUSD,2026-01-12T00:00:00.000Z,2026-01-12,868336.578017,868275.7959016052,470562.710807,470529.7694257165,397773.86721,397746.0264758886,0,0,395.478272,395.44938787298,0,0,0.2254798091,0.09775232036666666,0.5419128088321121,0,0,0,0
IUSD,iUSD,2026-01-13T00:00:00.000Z,2026-01-13,866997.151452,866997.1514512,470629.801386,470629.8013856,396367.350066,396367.3500656,0,0,327.17124,327.17124,0,0,0.22579966078,0.09805636688,0.5428278686038284,1,1,1.15508,0.4510702908
IUSD,iUSD,2026-01-14T00:00:00.000Z,2026-01-14,864187.8185459999,864187.818547,470960.175972,470960.17597266665,393227.642574,393227.64257433335,0,0,397.405305,397.405305,0,0,0.22655049663333332,0.0987716354,0.5449750641159724,1,1,1.15508,0.4788615156
IUSD,iUSD,2026-01-15T00:00:00.000Z,2026-01-15,862470.3580070001,862366.8986069763,471164.069366,471107.5403190961,391306.288641,391259.35828788014,300.609351,300.609351,329.220802,329.1844095898,3.124339,3.124339,0.22701263154,0.09921290546,0.546296073606909,0,0,0,0
IUSD,iUSD,2026-01-16T00:00:00.000Z,2026-01-16,862591.854152,862591.8541518333,471268.16438699997,471268.164387,391323.689765,391323.6897648333,0,0,398.804488,398.804488,0,0,0.22702798288333334,0.09922759611666666,0.5463399371154827,0.4,0.4,1.15508,0.4524101836
IUSD,iUSD,2026-01-17T00:00:00.000Z,2026-01-17,864193.483442,864193.4834421666,471629.40817999997,471629.4081798333,392564.075262,392564.0752623333,0,0,398.664575,398.664575,0,0,0.22681986608333332,0.09902867563333333,0.5457451488614883,1,1,1.15508,0.4563836588
IUSD,iUSD,2026-01-18T00:00:00.000Z,2026-01-18,864451.81766,861791.0428851596,471921.075731,470468.510579817,392530.741929,391322.53230534255,5774.820573,5771.24018424474,338.288233,337.26565524883,820.724833,820.21598360354,0.22688085364,0.09908693964,0.5459194645166202,0,0,0,0
IUSD,iUSD,2026-01-19T00:00:00.000Z,2026-01-19,863903.341317,858832.5878292571,466426.97723799996,463689.4820074008,397476.364079,395143.1058218563,0,0,392.989956,390.70089521136,0,0,0.2247788219,0.09708762698333334,0.5399064334287096,0.5,0.49762,1.15508,0.4266518996
IUSD,iUSD,2026-01-20T00:00:00.000Z,2026-01-20,866166.617329,860024.9253281066,466395.51280699996,463086.28650276223,399771.104522,396938.63882534445,1000,986.86,392.075847,389.27530970611,220.286343,217.39178045298,0.22427493216666666,0.09661175836666666,0.5384631076339954,0,0,0,0
IUSD,iUSD,2026-01-21T00:00:00.000Z,2026-01-21,870444.03624,870444.0362396,465980.519739,465980.5197388,404463.516501,404463.5165008,0,0,322.351611,322.351611,0,0,0.2231848607,0.09558421289999999,0.5353396692703929,0,0,0,0
IUSD,iUSD,2026-01-22T00:00:00.000Z,2026-01-22,874583.845123,868434.0589186139,466231.157099,462952.7708792361,408352.688024,405481.2880393779,0,0,388.789957,386.11454071646,0,0,0.2223999935,0.0948472183,0.5330891446294761,0,0,0,0
IUSD,iUSD,2026-01-23T00:00:00.000Z,2026-01-23,873620.29385,867212.4850000865,466482.020883,463060.92799429595,407138.272967,404151.5570057905,0,0,330.047648,327.62236360733,0,0,0.2227056813,0.0951340215,0.5339658069310612,0,0,0,0
IUSD,iUSD,2026-01-24T00:00:00.000Z,2026-01-24,872867.326315,869779.7799850248,466236.160319,464585.86823338503,406631.165996,405193.91175163985,10177.211502,10166.72897415294,390.076411,388.71139078611,64.564088,64.49758698936,0.22276832783333333,0.09519312868333334,0.5341452808106352,0,0,0,0
IUSD,iUSD,2026-01-25T00:00:00.000Z,2026-01-25,875399.087606,871751.8494492098,446138.100277,444280.47291307483,429260.987329,427471.3765361349,8055.616072,8047.31878744584,368.391397,366.86889739251,0,0,0.21425312578333333,0.08735382733333333,0.5096407065953149,0,0,0,0
IUSD,iUSD,2026-01-26T00:00:00.000Z,2026-01-26,875064.026045,863220.5865806134,446369.72082399996,440327.75435112184,428694.305221,422892.8322294916,0,0,302.642923,298.57713970729,0,0,0.21441280392,0.08749819056,0.5101017077612733,0,0,0,0
IUSD,iUSD,2026-01-27T00:00:00.000Z,2026-01-27,875051.922541,858909.9338190502,446668.48709300003,438425.54392377986,428383.435448,420484.3898952703,0,0,367.078952,360.23999602519,0,0,0.214533602,0.08760736905000001,0.5104504788064625,0.8,0.783792,1.15508,0.4057449516
IUSD,iUSD,2026-01-28T00:00:00.000Z,2026-01-28,879399.357779,864734.389952905,446935.917447,439478.2160301178,432463.440332,425256.17392278713,0,0,374.834431,368.60274508444,0,0,0.2137730241,0.08692376461666666,0.5082523674612521,0,0,0,0
IUSD,iUSD,2026-01-29T00:00:00.000Z,2026-01-29,894536.389181,865174.9205532321,447166.90211699996,432490.5617606725,447369.487064,432684.35879255953,0,0,208.36605,201.55372596354,0,0,0.21088140436,0.08433442718,0.4998899858647701,0,0,0,0
IUSD,iUSD,2026-01-30T00:00:00.000Z,2026-01-30,917317.546517,899567.846901231,446918.934217,438230.8218064025,470398.6123,461337.02509482845,910.002618,895.86903967254,253.621592,248.00666344086,377.535643,373.22608036129,0.206535169225,0.080522043375,0.48727598443228504,0,0,0,0
IUSD,iUSD,2026-01-31T00:00:00.000Z,2026-01-31,917116.113549,914797.2557246645,433500.906656,432393.3855894974,483615.206893,482403.8701351672,44492.217354,44403.95611548402,197.796839,197.29616150467,21149.034531,21066.72654244589,0.20157725942,0.07626628435999999,0.47283393180478067,0,0,0,0
IUSD,iUSD,2026-02-01T00:00:00.000Z,2026-02-01,872577.9493140001,872577.9493138334,407417.084716,407417.0847161667,465160.864598,465160.86459766666,9754.340206,9754.340206,227.773675,227.773675,198.307016,198.307016,0.19954708978333333,0.07453693691666667,0.46691264045607866,0,0,0,0
IUSD,iUSD,2026-02-02T00:00:00.000Z,2026-02-02,844157.8364329999,844157.8364326666,392459.87736399996,392459.87736366666,451697.959069,451697.959069,6440.518906,6440.518906,219.140346,219.140346,6440.518906,6440.518906,0.19890494701666667,0.07400918063333334,0.4650288054309963,0,0,0,0
IUSD,iUSD,2026-02-03T00:00:00.000Z,2026-02-03,829412.92299,829412.92299,391577.993785,391577.993785,437834.929205,437834.929205,0,0,187.595685,187.595685,0,0,0.20132792238,0.07603988964,0.472114650452811,0,0,0,0
IUSD,iUSD,2026-02-04T00:00:00.000Z,2026-02-04,829671.445756,829671.4457555,391769.817884,391769.8178838333,437901.627872,437901.6278716667,0,0,221.444564,221.444564,0,0,0.20135673815,0.07606432286666667,0.47219875991199334,1,1,1.15508,0.347217048
IUSD,iUSD,2026-02-05T00:00:00.000Z,2026-02-05,817062.076206,817062.0762058333,352599.519744,352599.5197436667,464462.556462,464462.55646216666,0,0,0,0,0,0,0.18739354958333335,0.06535499825,0.43079640431394756,0,0,0,0
IUSD,iUSD,2026-02-06T00:00:00.000Z,2026-02-06,788359.774964,788359.774965,251684.51181599998,251684.5118166,536675.263148,536675.2631484,13732.550469,13732.550469,85.776854,85.776854,113.839661,113.839661,0.1500983193,0.03834390534,0.3192959564772955,0.6,0.6,1.15508,0.2961740628
IUSD,iUSD,2026-02-07T00:00:00.000Z,2026-02-07,770065.828063,770065.8280628333,245880.724662,245880.72466216664,524185.103401,524185.1034006667,0,0,102.638822,102.638822,0,0,0.15008973838333334,0.038339855816666664,0.3192690476098019,1.15,1.15,2.31016,0.6307545356
IUSD,iUSD,2026-02-08T00:00:00.000Z,2026-02-08,764775.992111,764775.992111,241021.408351,241021.408351,523754.58376,523754.58376,0,0,82.649909,82.649909,0,0,0.14873969808,0.03750060382,0.3151529466506961,0.5,0.5,1.15508,0.3087297824
IUSD,iUSD,2026-02-09T00:00:00.000Z,2026-02-09,765729.271938,765729.271937,242121.463306,242121.4633055,523607.808632,523607.8086315,0,0,97.948981,97.948981,0,0,0.1490817844,0.03771276245,0.31619621442314766,3.0371,3.0371,3.46524,0.9327039984
IUSD,iUSD,2026-02-10T00:00:00.000Z,2026-02-10,766496.588993,766496.5889935,256479.027515,256479.02751516667,510017.561478,510017.5614783333,0,0,107.459614,107.459614,0,0,0.15513217408333332,0.04152729375,0.33461211600201196,1.8,1.8,1.15508,0.304536842
IUSD,iUSD,2026-02-11T00:00:00.000Z,2026-02-11,766495.427826,766495.4278258,256755.86122700002,256755.8612268,509739.566599,509739.566599,75.34,75.34,89.279576,89.279576,46.113542,46.113542,0.15525131316,0.0416041,0.3349737627401688,2.6,2.6,2.31016,0.5831767904
IUSD,iUSD,2026-02-12T00:00:00.000Z,2026-02-12,766584.9480689999,766584.9480686667,255243.081748,255243.081748,511341.866321,511341.8663206667,0,0,107.944208,107.944208,0,0,0.15458894315,0.04118017363333333,0.3329613459078452,0,0,0,0
IUSD,iUSD,2026-02-13T00:00:00.000Z,2026-02-13,766690.090413,766690.0904133334,255345.233524,255345.23352466666,511344.856889,511344.8568886667,67.713961,67.713961,106.623249,106.623249,2.58104,2.58104,0.15461903048333334,0.0412065591,0.33304862306675603,0,0,0,0
IUSD,iUSD,2026-02-14T00:00:00.000Z,2026-02-14,766551.994654,766551.9946536,263214.039989,263214.039989,503337.954665,503337.9546646,0,0,95.595959,95.595959,0,0,0.15802228446,0.04340935656,0.3433741090035995,34.335,34.335,4.62032,1.3019368712
IUSD,iUSD,2026-02-15T00:00:00.000Z,2026-02-15,765135.527451,765135.5274503333,258401.229903,258401.22990283335,506734.297548,506734.2975475,13210.53691,13210.53691,110.566094,110.566094,66.768168,66.768168,0.15614725231666668,0.04220182858333334,0.33768170929411484,0,0,0,0
IUSD,iUSD,2026-02-16T00:00:00.000Z,2026-02-16,749938.4971040001,749938.4971044001,243338.14016399998,243338.14016419998,506600.35694,506600.3569402,0,0,82.719146,82.719146,0,0,0.1518032107,0.0394082562,0.3244913347058461,0,0,0,0
IUSD,iUSD,2026-02-17T00:00:00.000Z,2026-02-17,744660.5450619999,744660.5450618333,243430.53013899998,243430.53013883333,501230.014923,501230.014923,0,0,100.809378,100.809378,0,0,0.15259507976666667,0.039906950483333335,0.3269019065409814,0,0,0,0
IUSD,iUSD,2026-02-18T00:00:00.000Z,2026-02-18,744076.576143,744076.5761431667,244381.732229,244381.73222916666,499694.843914,499694.843914,0,0,101.497815,101.497815,0,0,0.15309951763333332,0.04022675333333333,0.3284362600176768,9.75,9.75,5.7754,1.6247008756
IUSD,iUSD,2026-02-19T00:00:00.000Z,2026-02-19,744176.597616,744176.597616,284211.181138,284211.181138,459965.416478,459965.416478,349.730549,349.730549,105.56318,105.56318,0.352241,0.352241,0.17085382274,0.05239319376,0.38191284190804725,500.4,500.4,2.31016,0.6313551772
IUSD,iUSD,2026-02-20T00:00:00.000Z,2026-02-20,744303.278383,744303.2783831666,294494.861905,294494.86190516665,449808.416478,449808.416478,0,0,138.828977,138.828977,0,0,0.17542031363333332,0.0555261646,0.3956651371271591,1.5,1.5,1.15508,0.3162493532
IUSD,iUSD,2026-02-21T00:00:00.000Z,2026-02-21,740811.3608009999,740811.3608011666,294692.308594,294692.30859449995,446119.052207,446119.0522066667,0,0,139.361849,139.361849,0,0,0.17613503643333334,0.05605274948333333,0.39779668729080214,1,1,1.15508,0.3232837904
IUSD,iUSD,2026-02-22T00:00:00.000Z,2026-02-22,740939.484847,740939.4848468,294925.699307,294925.6993068,446013.78554,446013.78554,0,0,118.373496,118.373496,0,0,0.17621761952,0.0561137375,0.39804289614784194,1.386,1.386,2.31016,0.6355134652
IUSD,iUSD,2026-02-23T00:00:00.000Z,2026-02-23,740887.792197,740887.7921961667,295153.573031,295153.5730306666,445734.219166,445734.2191655,0,0,139.785178,139.785178,0,0,0.17633015191666668,0.0561969083,0.39837835704259694,0,0,0,0
IUSD,iUSD,2026-02-24T00:00:00.000Z,2026-02-24,738627.431632,738627.4316324,294879.68793599994,294879.68793639995,443747.743696,443747.743696,0,0,115.762408,115.762408,0,0,0.17661475456,0.05640756356,0.3992265838223969,10,10,1.15508,0.3001359872
IUSD,iUSD,2026-02-25T00:00:00.000Z,2026-02-25,739673.554596,739673.5545961667,300224.263387,300224.263387,439449.291209,439449.2912091667,773.155526,773.155526,143.269184,143.269184,2.157137,2.157137,0.17884976818333334,0.05809117025,0.4058709795660764,0,0,0,0
IUSD,iUSD,2026-02-26T00:00:00.000Z,2026-02-26,741822.532766,741822.5327661667,309729.240933,309729.2409331667,432093.291833,432093.291833,0,0,151.650441,151.650441,0,0,0.18277063116666667,0.06104900443333333,0.41752471218275977,0,0,0,0
IUSD,iUSD,2026-02-27T00:00:00.000Z,2026-02-27,740594.942061,740594.942061,309867.75404,309867.75404,430727.188021,430727.188021,0,0,125.353314,125.353314,0,0,0.18306976663333333,0.06127955758333333,0.4184110114595537,0,0,0,0
IUSD,iUSD,2026-02-28T00:00:00.000Z,2026-02-28,733438.7959350001,733438.7959351668,309615.45529,309615.45529,423823.340645,423823.3406451667,549.767202,549.767202,152.755143,152.755143,7.514802,7.514802,0.18432936658333332,0.06225073393333333,0.4221428333655928,0,0,0,0
IUSD,iUSD,2026-03-01T00:00:00.000Z,2026-03-01,731388.475411,731388.4754106668,309610.634631,309610.6346306667,421777.84078,421777.84078,0,0,156.411965,156.411965,0,0,0.18472666195,0.06255864394999999,0.42331899325842326,0,0,0,0
IUSD,iUSD,2026-03-02T00:00:00.000Z,2026-03-02,739590.857955,739590.8579554,309750.942941,309750.9429414,429839.915014,429839.915014,0,0,125.741299,125.741299,0,0,0.18320555976,0.06138323024,0.41881391392497697,0,0,0,0
IUSD,iUSD,2026-03-03T00:00:00.000Z,2026-03-03,739328.6982549999,739328.6982549999,309861.45214,309861.45214049995,429467.246115,429467.2461145,95.620887,95.620887,152.118712,152.118712,1.137935,1.137935,0.18330613055,0.061460639233333336,0.41911195165509874,0,0,0,0
IUSD,iUSD,2026-03-04T00:00:00.000Z,2026-03-04,738969.0156680001,738969.0156688334,309734.628022,309734.6280225,429234.387646,429234.3876463333,400.346104,400.346104,152.091092,152.091092,44.439986,44.439986,0.18331704045,0.06146904463333333,0.4191442780723509,0,0,0,0
IUSD,iUSD,2026-03-05T00:00:00.000Z,2026-03-05,739102.472719,739102.4727194,309907.113002,309907.11300240003,429195.359717,429195.359717,0,0,125.699652,125.699652,0,0,0.18337024984,0.06151003562,0.41930194140655785,5,5,1.15508,0.3161107436
IUSD,iUSD,2026-03-06T00:00:00.000Z,2026-03-06,739242.72232,739242.7223203334,310247.362603,310247.3626033333,428995.359717,428995.359717,0,0,155.776072,155.776072,0,0,0.18349873665,0.061608992433333336,0.4196826721671261,0,0,0,0
IUSD,iUSD,2026-03-07T00:00:00.000Z,2026-03-07,730796.0058480001,730796.0058478,310387.705601,310387.7056006,420408.300247,420408.3002472,0,0,126.722996,126.722996,0,0,0.18521594842,0.06294303942,0.4247645158343409,0,0,0,0
IUSD,iUSD,2026-03-08T00:00:00.000Z,2026-03-08,721127.944114,721127.9441143334,310653.46440199995,310653.464402,410474.479712,410474.47971233336,0,0,155.325084,155.325084,0,0,0.18725790156666666,0.06453854053333333,0.43080214033150177,1.856296,1.856296,2.31016,0.5862839556
IUSD,iUSD,2026-03-09T00:00:00.000Z,2026-03-09,717139.846777,717139.846777,310685.627404,310685.6274036667,406454.219373,406454.2193733333,0,0,156.182349,156.182349,0,0,0.18807950786666666,0.06518516715,0.4332287944936212,0,0,0,0
IUSD,iUSD,2026-03-10T00:00:00.000Z,2026-03-10,717354.320803,717354.3208026,310828.835762,310828.8357616,406525.485041,406525.485041,0,0,129.089084,129.089084,0,0,0.18810325924,0.06520394776,0.4332988952514041,0,0,0,0
IUSD,iUSD,2026-03-11T00:00:00.000Z,2026-03-11,717497.622591,717497.6225906666,310972.13755,310972.1375496667,406525.485041,406525.485041,0,0,156.368719,156.368719,0,0,0.1881416088,0.06523427695,0.4334120786033643,0,0,0,0
IUSD,iUSD,2026-03-12T00:00:00.000Z,2026-03-12,717028.343141,717028.3431406667,310873.464758,310873.46475800005,406154.878383,406154.8783826667,917.060576,917.060576,159.786567,159.786567,17.308933,17.308933,0.18819112071666666,0.0652735248,0.43355815408424236,0.5,0.5,1.15508,0.303959302
IUSD,iUSD,2026-03-13T00:00:00.000Z,2026-03-13,716884.438656,716884.438656,310405.498237,310405.498237,406478.940419,406478.940419,0,0,128.817625,128.817625,0,0,0.1879994817,0.0651219312,0.43299257799102686,0,0,0,0
IUSD,iUSD,2026-03-14T00:00:00.000Z,2026-03-14,697246.245932,697246.2459316667,310513.09612400003,310513.0961235,386733.149808,386733.14980816667,40,40,158.607264,158.607264,0.062227,0.062227,0.19219244231666666,0.06847439028333333,0.44534672147351495,0,0,0,0
IUSD,iUSD,2026-03-15T00:00:00.000Z,2026-03-15,693041.468215,693041.468215,310622.550206,310622.5502064,382418.918009,382418.9180086,0,0,132.17029,132.17029,0,0,0.1931635057,0.0692610295,0.44820202728677,0,0,0,0
IUSD,iUSD,2026-03-16T00:00:00.000Z,2026-03-16,692867.1824709999,692867.182471,310769.314698,310769.3146983333,382097.867773,382097.8677726667,0,0,160.160287,160.160287,0,0,0.1932739384,0.06935080266666667,0.448526563753652,0,0,0,0
IUSD,iUSD,2026-03-17T00:00:00.000Z,2026-03-17,692661.57727,692661.5772696666,310929.589584,310929.58958366665,381731.987686,381731.987686,0,0,160.348283,160.348283,0,0,0.19339798051666668,0.06945170065,0.4488910601084565,0,0,0,0
IUSD,iUSD,2026-03-18T00:00:00.000Z,2026-03-18,692699.072875,692699.0728748,311076.87610399997,311076.87610379996,381622.196771,381622.196771,0,0,136.056068,136.056068,0,0,0.1934620756,0.0695038645,0.44907938690359184,0,0,0,0
IUSD,iUSD,2026-03-19T00:00:00.000Z,2026-03-19,691498.628975,691498.6289743333,311225.001382,311225.0013815,380273.627593,380273.6275928333,0,0,160.713774,160.713774,0,0,0.193801037,0.06978024913333333,0.4500750407619801,0,0,0,0
IUSD,iUSD,2026-03-20T00:00:00.000Z,2026-03-20,689607.7879860001,689607.7879860001,311386.085806,311386.085806,378221.70218,378221.70218,0,0,161.274519,161.274519,0,0,0.19430012616666667,0.07018755506666667,0.45154084621808155,0,0,0,0
IUSD,iUSD,2026-03-21T00:00:00.000Z,2026-03-21,688434.021491,688434.021491,311534.03929499997,311534.03929459996,376899.982196,376899.9821964,0,0,133.449907,133.449907,0,0,0.19463562,0.0704621196,0.4525257406689601,0,0,0,0
IUSD,iUSD,2026-03-22T00:00:00.000Z,2026-03-22,687908.003882,687908.0038823334,297666.818018,297666.818018,390241.185864,390241.18586433335,34475.651805,34475.651805,151.96186,151.96186,1670.463695,1670.463695,0.18792609736666666,0.0651870314,0.43270561594622237,0,0,0,0
IUSD,iUSD,2026-03-23T00:00:00.000Z,2026-03-23,687687.0956359999,687687.0956359999,277330.450362,277330.450362,410356.645274,410356.645274,0,0,112.336467,112.336467,0,0,0.17797562334,0.0574192072,0.4032799964804907,0,0,0,0
IUSD,iUSD,2026-03-24T00:00:00.000Z,2026-03-24,687808.889726,687808.8897261666,277452.244452,277452.24445216666,410356.645274,410356.645274,0,0,132.585553,132.585553,0,0,0.1780111199,0.0574457068,0.4033856603577832,0,0,0,0
IUSD,iUSD,2026-03-25T00:00:00.000Z,2026-03-25,673291.112252,673291.1122513333,277752.743741,277752.74374066666,395538.368511,395538.36851066665,0,0,134.430727,134.430727,0,0,0.18110120228333335,0.059777966483333334,0.41256945244877585,5,5,1.15508,0.311063044
IUSD,iUSD,2026-03-26T00:00:00.000Z,2026-03-26,666546.953954,666546.9539536,278210.352741,278210.3527406,388336.601213,388336.601213,0,0,112.39671,112.39671,0,0,0.18272678134,0.0610157772,0.4173944650540547,0,0,0,0
IUSD,iUSD,2026-03-27T00:00:00.000Z,2026-03-27,665813.629766,665813.6297656667,278335.333458,278335.3334581667,387478.296308,387478.2963075,0,0,136.385572,136.385572,0,0,0.18294377201666667,0.061181967883333334,0.4180379816361027,0,0,0,0
IUSD,iUSD,2026-03-28T00:00:00.000Z,2026-03-28,665041.284934,665041.2849331666,278472.818317,278472.81831666664,386568.466617,386568.4666165,0,0,139.56362,139.56362,0,0,0.1831774455,0.061361652266666664,0.4187305632007595,0,0,0,0
IUSD,iUSD,2026-03-29T00:00:00.000Z,2026-03-29,664570.681264,664570.6812636,278043.65841699997,278043.65841699997,386527.022847,386527.0228466,701.727073,701.727073,112.983567,112.983567,214.09369,214.09369,0.18305977308,0.06127157348,0.4183815630846663,0,0,0,0
IUSD,iUSD,2026-03-30T00:00:00.000Z,2026-03-30,664968.632192,664968.6321918333,276690.655073,276690.65507283335,388277.977119,388277.977119,0,0,135.222522,135.222522,0,0,0.18228876,0.06067968075,0.41609580622953823,0,0,0,0
IUSD,iUSD,2026-03-31T00:00:00.000Z,2026-03-31,665092.466782,665092.466782,276486.96899900003,276486.96899900003,388605.497783,388605.497783,0,0,111.495589,111.495589,0,0,0.182159385,0.0605806848,0.4157120742590095,0,0,0,0
IUSD,iUSD,2026-04-01T00:00:00.000Z,2026-04-01,665215.58331,665215.58331,276560.80927100003,276560.80927100003,388654.774039,388654.774039,0,0,135.001688,135.001688,0,0,0.18217086796666668,0.06058946778333334,0.41574613538211197,0,0,0,0
IUSD,iUSD,2026-04-02T00:00:00.000Z,2026-04-02,664925.751931,664925.7519308333,276696.356544,276696.356544,388229.395387,388229.39538683335,0,0,135.099169,135.099169,0,0,0.18230096088333334,0.0606890934,0.41613195066722447,0,0,0,0
IUSD,iUSD,2026-04-03T00:00:00.000Z,2026-04-03,663076.811523,663076.811523,276820.614787,276820.614787,386256.196736,386256.196736,0,0,114.90407,114.90407,0,0,0.18275519704,0.06103715904,0.41747895428032306,0,0,0,0
IUSD,iUSD,2026-04-04T00:00:00.000Z,2026-04-04,663505.631677,663505.6316766667,276944.681124,276944.6811236667,386560.950553,386560.950553,0,0,135.575805,135.575805,0,0,0.1827272595,0.0610157204,0.41739612531946696,0,0,0,0
IUSD,iUSD,2026-04-05T00:00:00.000Z,2026-04-05,663641.2551269999,663641.2551266666,277080.304574,277080.30457366665,386560.950553,386560.950553,0,0,135.66408,135.66408,0,0,0.18276741853333334,0.06104653878333333,0.4175151877580312,0,0,0,0
IUSD,iUSD,2026-04-06T00:00:00.000Z,2026-04-06,663598.918754,663598.918754,277204.513991,277204.513991,386394.404763,386394.404763,0,0,112.151829,112.151829,0,0,0.18283955486,0.06110192,0.417729042096427,0,0,0,0
IUSD,iUSD,2026-04-07T00:00:00.000Z,2026-04-07,663307.834454,663307.8344543334,277329.248374,277329.2483743334,385978.58608,385978.58608,631.781419,631.781419,135.914704,135.914704,631.781419,631.781419,0.18296481488333333,0.06119812486666667,0.4181003640666425,0,0,0,0
IUSD,iUSD,2026-04-08T00:00:00.000Z,2026-04-08,663259.8806110001,663259.8806110001,271900.67229200003,271900.67229200003,391359.208319,391359.208319,1168.777515,1168.777515,134.385511,134.385511,226.676753,226.676753,0.18022155078333332,0.059129977566666665,0.4099459629589032,0,0,0,0
IUSD,iUSD,2026-04-09T00:00:00.000Z,2026-04-09,662745.394929,662745.3949285999,257627.31289899998,257627.31289899998,405118.08203,405118.0820296,0,0,99.042517,99.042517,0,0,0.1730974906,0.05383049546,0.38872864672085855,0,0,0,0
IUSD,iUSD,2026-04-10T00:00:00.000Z,2026-04-10,663780.292676,663780.2926761666,257737.339098,257737.33909783332,406042.953578,406042.9535783333,0,0,120.013458,120.013458,0,0,0.17295042466666666,0.05372398375,0.38828898662994205,0,0,0,0
IUSD,iUSD,2026-04-11T00:00:00.000Z,2026-04-11,664483.723302,664483.7233016,257847.427364,257847.4273636,406636.295938,406636.295938,0,0,101.67551,101.67551,0,0,0.17286769332,0.05366390594,0.3880417496755546,0,0,0,0
IUSD,iUSD,2026-04-12T00:00:00.000Z,2026-04-12,664760.188666,664760.1886656666,257957.226061,257957.226061,406802.962605,406802.96260466665,0,0,119.999065,119.999065,0,0,0.17286900153333334,0.053664862466666664,0.3880456554094891,0,0,0,0
IUSD,iUSD,2026-04-13T00:00:00.000Z,2026-04-13,665467.799613,665467.7996126667,255957.766826,255957.76682616665,409510.032787,409510.0327865,2519.708716,2519.708716,118.482343,118.482343,329.598854,329.598854,0.17172680226666667,0.05284180091666667,0.38462860078214106,0,0,0,0
IUSD,iUSD,2026-04-14T00:00:00.000Z,2026-04-14,665645.482907,665645.4829073334,254695.469873,254695.46987333335,410950.013034,410950.013034,0,0,104.619519,104.619519,0,0,0.17105875461666667,0.05236167731666667,0.3826293102593658,0,0,0,0
IUSD,iUSD,2026-04-15T00:00:00.000Z,2026-04-15,665756.854122,665648.1058489323,254749.804608,254708.1874863529,411007.049514,410939.91836257937,0,0,117.342581,117.32257619924,0,0,0.1710646321,0.05236588268333333,0.3826469108143299,0,0,0,0
IUSD,iUSD,2026-04-16T00:00:00.000Z,2026-04-16,665862.390856,664976.7895591279,254196.765629,253859.2635510116,411665.625227,411117.5260081163,1100.836552,1090.1584374456,96.625713,96.49059503121,16.051818,15.8961153654,0.17076707822,0.0521532139,0.38175572984608924,0,0,0,0
IUSD,iUSD,2026-04-17T00:00:00.000Z,2026-04-17,665968.0397989999,664639.4804109187,253863.36409699998,253356.95353694417,412104.675702,411282.52687397454,0,0,116.62625,116.3854300274,0,0,0.17057968613333332,0.052019232666666665,0.38119451371732255,0,0,0,0
IUSD,iUSD,2026-04-18T00:00:00.000Z,2026-04-18,666075.154235,662654.1621509837,253970.478533,252666.05606338914,412104.675702,409988.1060875945,0,0,98.938532,98.42687474284,0,0,0.17061290654,0.05204294596,0.3812940269714908,0,0,0,0
IUSD,iUSD,2026-04-19T00:00:00.000Z,2026-04-19,666077.344898,661619.2129513845,252062.97035800002,250380.79979736955,414014.37454,411238.4131540149,3530.106617,3466.47576031785,115.528181,114.73636143317,1042.433112,1038.7534436198,0.16965714685,0.051364802316666666,0.3784286470315231,0,0,0,0
IUSD,iUSD,2026-04-20T00:00:00.000Z,2026-04-20,666087.190523,664147.7394521087,250163.117145,249434.6983344276,415924.073378,414713.0411176811,0,0,113.758015,113.41632473567,0,0,0.16870396665,0.05068827123333333,0.3755711259748582,0,0,0,0
IUSD,iUSD,2026-04-21T00:00:00.000Z,2026-04-21,666191.337448,662892.3923732088,250267.26407,249027.97500657666,415924.073378,413864.41736663214,0,0,94.02639,93.56931863587,0,0,0.16873650236,0.05071122418,0.37566874458003874,0,0,0,0
IUSD,iUSD,2026-04-22T00:00:00.000Z,2026-04-22,666296.70287,661249.3501154358,250372.629492,248475.90159327415,415924.073378,412773.44852216163,0,0,113.890585,113.03970720718,0,0,0.168769409,0.050734443766666665,0.3757674733169964,0,0,0,0
IUSD,iUSD,2026-04-23T00:00:00.000Z,2026-04-23,666409.940076,663649.9607529384,250410.990495,249373.94015478634,415998.949581,414276.020598152,75.544045,75.25168954585,113.91204,113.4345478689,3.339206,3.32628327278,0.16876731343333334,0.050732964916666665,0.3757611861111862,0,0,0,0
IUSD,iUSD,2026-04-24T00:00:00.000Z,2026-04-24,666514.5579680001,665314.8362464466,250515.60838700001,250064.6847746924,415998.949581,415250.1514717542,0,0,96.633556,96.46241947042,0,0,0.16879997222,0.05075601396,0.3758591687308414,0,0,0,0
IUSD,iUSD,2026-04-25T00:00:00.000Z,2026-04-25,666669.7690920001,664848.5235001015,250619.959883,249935.31006302635,416049.809209,414913.21343707514,0,0,114.044437,113.72957924045,0,0,0.1688229813,0.050772256,0.37592819844365705,0,0,0,0
IUSD,iUSD,2026-04-26T00:00:00.000Z,2026-04-26,666879.594227,664225.8296410046,250734.02605900003,249736.03728997352,416145.568168,414489.792351031,0,0,114.082804,113.61839788709,0,0,0.16884060468333334,0.05078470911666667,0.3759810631398663,0,0,0,0
IUSD,iUSD,2026-04-27T00:00:00.000Z,2026-04-27,665920.76612,663704.6224105356,250838.534453,250003.7374833544,415082.231667,413700.8849271811,0,0,94.409058,94.08095565095,0,0,0.16907335938,0.05094914764,0.37667927306407184,0,0,0,0
IUSD,iUSD,2026-04-28T00:00:00.000Z,2026-04-28,665858.845065,665591.3846419825,250943.51975900002,250842.7169916471,414915.325306,414748.6676503354,0,0,114.381484,114.33607414717,0,0,0.16913759675,0.050994572433333336,0.37687194611325914,0.33,0.33,1.15508,0.2847503216
IUSD,iUSD,2026-04-29T00:00:00.000Z,2026-04-29,665990.141866,663778.980950885,251081.41656,250247.77452490097,414908.725306,413531.20642598404,0,0,94.564364,94.24555694585,0,0,0.16918186056,0.05102588584,0.3770047033947208,0,0,0,0
IUSD,iUSD,2026-04-30T00:00:00.000Z,2026-04-30,666101.683233,665522.1635654782,251161.38358599998,250942.8837073469,414940.299647,414579.2798581313,50,49.783,114.524597,114.42062786312,0.256592,0.25547839072,0.16920084015,0.0510393152,0.37706162587156455,0,0,0,0
IUSD,iUSD,2026-05-01T00:00:00.000Z,2026-05-01,666208.029942,664670.0416977234,251359.466703,250778.99098535607,414848.563239,413891.0507123674,0,0,114.642736,114.35292074518,0,0,0.16927991194285713,0.051095285442857144,0.377298761224383,1.5,1.5,1.15508,0.2882271124
IUSD,iUSD,2026-05-02T00:00:00.000Z,2026-05-02,666254.592825,663677.6014357032,251512.894077,250540.14910726048,414741.698748,413137.4523284427,0,0,97.304496,96.92975546154,0,0,0.16934790996,0.0511434321,0.3775026779704262,0.33,0.3299439,1.15508,0.288538984
IUSD,iUSD,2026-05-03T00:00:00.000Z,2026-05-03,666360.517979,663917.2529892774,251645.219231,250722.57700335333,414715.298748,413194.675985924,0,0,114.863358,114.44644166208,0,0,0.16939412055,0.05117616606666667,0.37764124892190615,0,0,0,0
IUSD,iUSD,2026-05-04T00:00:00.000Z,2026-05-04,666475.425589,663346.3912655911,251760.126841,250578.18084521295,414715.298748,412768.21042037813,0,0,114.938956,114.37857217611,0,0,0.16942990463333332,0.051201520966666664,0.3777485503359397,0,0,0,0
IUSD,iUSD,2026-05-05T00:00:00.000Z,2026-05-05,666580.823129,665848.9045456144,251865.524381,251588.96319563975,414715.298748,414259.94134997466,0,0,95.007262,94.89744608806,0,0,0.16946271742,0.05122477544,0.3778469391370244,0,0,0,0
IUSD,iUSD,2026-05-06T00:00:00.000Z,2026-05-06,666686.285364,662917.1849202954,251970.986616,250546.40999455072,414715.298748,412370.7749257446,0,0,115.075158,114.41909326001,0,0,0.16949554056666666,0.051248042216666664,0.3779453562435146,0,0,0,0
IUSD,iUSD,2026-05-07T00:00:00.000Z,2026-05-07,666791.973612,662908.6133866213,252076.674864,250608.61653852966,414715.298748,412299.99684809166,0,0,97.620834,97.04013797541,0,0,0.16952842484,0.05127135702,0.3780439539560451,0,0,0,0
IUSD,iUSD,2026-05-08T00:00:00.000Z,2026-05-08,666897.393423,662415.9166932048,252182.094675,250487.50475279134,414715.298748,411928.41194041347,0,0,115.213181,114.45006503473,0,0,0.16956121586666667,0.05129461061666667,0.3781422691684749,0,0,0,0
IUSD,iUSD,2026-05-09T00:00:00.000Z,2026-05-09,667012.65046,663221.8428230453,252297.351712,250863.50935626318,414715.298748,412358.3334667822,0,0,115.289033,114.62506056588,0,0,0.16959705613333334,0.05132003195,0.3782497236199726,0,0,0,0
IUSD,iUSD,2026-05-10T00:00:00.000Z,2026-05-10,667118.201285,665594.5489341042,252402.90253700002,251826.45992844462,414715.298748,413768.08900565957,0,0,95.296655,95.08050726866,0,0,0.16962986836,0.05134331048,0.3783480968675748,0.8,0.8,1.15508,0.3327092432
IUSD,iUSD,2026-05-11T00:00:00.000Z,2026-05-11,667224.182947,665818.6130353281,252588.884199,252056.8126500239,414635.298748,413761.8003853042,0,0,115.483499,115.25601269716,0,0,0.16970279955,0.051395068616666664,0.37856673912266614,0,0,0,0
IUSD,iUSD,2026-05-12T00:00:00.000Z,2026-05-12,667339.715016,662370.3516011601,252704.416268,250822.70371117027,414635.298748,411547.6478899899,0,0,115.563616,114.68292688927,0,0,0.16973868756666666,0.051420546416666664,0.37867432371233006,0,0,0,0
IUSD,iUSD,2026-05-13T00:00:00.000Z,2026-05-13,667445.685241,661421.1744164407,252810.386493,250528.37387494012,414635.298748,410892.80054150056,0,0,95.52292,94.6541582378,0,0,0.16977159554,0.0514439136,0.37877297194862963,0,0,0,0
IUSD,iUSD,2026-05-14T00:00:00.000Z,2026-05-14,667551.7215,662388.3485486729,252916.422752,250960.25383648867,414635.298748,411428.0947121842,0,0,115.702663,114.7978598189,0,0,0.16980451418333334,0.05146729333333333,0.3788716493515819,0,0,0,0
IUSD,iUSD,2026-05-15T00:00:00.000Z,2026-05-15,667667.469334,662943.7879864902,253032.170586,251242.03397713226,414635.298748,411701.75400935794,0,0,115.77888,114.95515373323,0,0,0.16984043706666666,0.051492812166666665,0.3789793290927031,0,0,0,0
IUSD,iUSD,2026-05-16T00:00:00.000Z,2026-05-16,667572.914072,664009.006609396,253138.505649,251787.2765529702,414434.408423,412221.7300564258,0,0,98.217815,97.70420775967,0,0,0.16991153746,0.0515433522,0.3791924361292121,0,0,0,0
IUSD,iUSD,2026-05-17T00:00:00.000Z,2026-05-17,666875.906104,661898.7974937623,253245.05898,251355.01525879774,413630.847124,410543.78223496454,0,0,116.036402,115.17461315825,0,0,0.1700970375,0.05167526245,0.3797483993928573,0,0,0,0
IUSD,iUSD,2026-05-18T00:00:00.000Z,2026-05-18,666877.829992,660521.3235306615,236539.139588,234329.30943582873,430338.690404,426192.0140948328,39214.259501,38832.312613460264,89.344811,88.52212769211,1287.220913,1274.68338130738,0.16181474942,0.04619034106,0.3546915807094745,0,0,0,0
IUSD,iUSD,2026-05-19T00:00:00.000Z,2026-05-19,666227.306967,661372.3196194365,201266.532414,199799.99821840366,464960.774553,461572.3214010329,0,0,79.20166,78.61173184818,0,0,0.14447127433333334,0.03491574223333333,0.3020991511382732,0,0,0,0
IUSD,iUSD,2026-05-20T00:00:00.000Z,2026-05-20,665552.678566,665225.4447321134,201345.814975,201246.81618237894,464206.863591,463978.6285497344,0,0,79.323247,79.28275568489,0,0,0.14461001705,0.03499842786666667,0.3025242342643799,0,0,0,0
IUSD,iUSD,2026-05-21T00:00:00.000Z,2026-05-21,665625.529081,663519.504207713,201418.66548999998,200781.3911331149,464206.863591,462738.1130745981,0,0,67.288134,67.0854379313,0,0,0.14463493502,0.03501329122,0.30260057092207454,0,0,0,0
IUSD,iUSD,2026-05-22T00:00:00.000Z,2026-05-22,662003.875297,659700.4977676963,201491.32485,200778.30223843775,460512.550447,458922.1955292585,0,0,79.405999,79.11667899243,0,0,0.14522786903333335,0.035371541183333334,0.3044143717253398,0,0,0,0
IUSD,iUSD,2026-05-23T00:00:00.000Z,2026-05-23,643315.4900720001,637785.6590038956,200246.30712,198522.7509424836,443069.182952,439262.908061412,1987.733722,1979.04732563486,80.908969,80.20292775734,180.765533,179.97558762079,0.14746907611666665,0.0367228529,0.31127192708141094,0,0,0,0
IUSD,iUSD,2026-05-24T00:00:00.000Z,2026-05-24,643240.593429,638351.8763698982,199657.311364,198139.8272485922,443583.282065,440212.04912130604,0,0,66.058892,65.55712069387,0,0,0.14718138032,0.03654724406,0.310392896544579,0,0,0,0
IUSD,iUSD,2026-05-25T00:00:00.000Z,2026-05-25,642663.70414,640464.580923628,199730.99369099998,199047.56258478382,442932.710449,441417.0183388441,0,0,80.042847,79.77482658329,0,0,0.14731016236666666,0.03662563791666667,0.3107865041246718,0,0,0,0
IUSD,iUSD,2026-05-26T00:00:00.000Z,2026-05-26,642156.178914,638876.1256020747,199804.549179,198784.02799176105,442351.629735,440092.0976103136,0,0,67.951757,67.59792495396,0,0,0.14742789948,0.03669732188,0.311146346252989,0,0,0,0
IUSD,iUSD,2026-05-27T00:00:00.000Z,2026-05-27,642229.556225,640967.5623245862,199877.926489,199485.1535410192,442351.629736,441482.408783567,0,0,80.192126,80.03544334097,0,0,0.14745365346666667,0.03671301673333333,0.31122505026626723,0,0,0,0
IUSD,iUSD,2026-05-28T00:00:00.000Z,2026-05-28,642221.982619,639117.7978559136,199987.631456,199021.0275783526,442234.351163,440096.77027756104,76.789119,76.789119,80.26081,79.88019613865,7.26623,7.26623,0.14751075455,0.03674782625,0.3113995439100188,0,0,0,0
IUSD,iUSD,2026-05-29T00:00:00.000Z,2026-05-29,642278.257827,636624.8736041419,200067.362379,198306.3184578752,442210.895448,438318.5551462667,0,0,66.346483,65.75933703497,0,0,0.14754244902,0.0367671529,0.31149639515759153,0,0,0,0
IUSD,iUSD,2026-05-30T00:00:00.000Z,2026-05-30,642351.902555,637977.5401398516,200141.007107,198778.1008898525,442210.895448,439199.4392499991,0,0,80.355233,79.80625689883,0,0,0.14756828141666667,0.03678290905,0.3115753308353068,0,0,0,0
IUSD,iUSD,2026-05-31T00:00:00.000Z,2026-05-31,639820.209522,636796.1520234046,200221.445631,199273.6917212905,439598.763891,437522.4603021141,0,0,80.562721,80.16865527153,0,0,0.14801388465,0.03705538656666667,0.312936553911065,0,0,0,0
IUSD,iUSD,2026-06-01T00:00:00.000Z,2026-06-01,638560.5791750001,637007.6569107822,200593.251713,200105.05609191186,437967.327462,436902.6008188703,881.848474,877.82724495856,68.89247,68.7207805458,91.552632,91.13515199808,0.14840580774,0.03729549514,0.3141335304610688,21.26,21.2542544,2.31016,0.5290381908
IUSD,iUSD,2026-06-02T00:00:00.000Z,2026-06-02,639391.798038,637316.0383035648,197262.47204,196624.3146086794,442129.325998,440691.7236948853,7314.126819,7284.47127888374,79.83379,79.57684676686,2221.569086,2210.18146120035,0.14657155758333335,0.036183356183333334,0.3085247736649392,6,5.95984,2.31016,0.5188734868
IUSD,iUSD,2026-06-03T00:00:00.000Z,2026-06-03,640615.8408009999,637962.6509566656,192512.05473799998,191714.64874028787,448103.786063,446248.0022163778,1580.827805,1574.09732943584,62.35872,62.10808185834,152.667919,152.65770331401,0.14395324084,0.03460774918,0.3005115587641343,0,0,0,0
IUSD,iUSD,2026-06-04T00:00:00.000Z,2026-06-04,638973.483915,638579.4399036574,188100.991394,187985.5250416508,450872.492521,450593.91486200655,5641.626889,5627.3593380656,73.315058,73.268201015,522.166156,522.1055988156,0.14195489725,0.03343286536666667,0.2943796237420201,0,0,0,0
IUSD,iUSD,2026-06-05T00:00:00.000Z,2026-06-05,604931.851595,602709.8593550795,179358.467022,178684.6231809549,425573.384573,424025.23617412464,8252.437529,8251.04352217538,69.931818,69.66081640002,5435.692176,5435.68806737361,0.1426427228,0.03384050638333334,0.29648832822942467,0.5,0.5,1.15508,0.1891559008
IUSD,iUSD,2026-06-06T00:00:00.000Z,2026-06-06,603716.849894,602064.3961142264,176254.62154000002,175771.84280542537,427462.228354,426292.553308801,1005.375317,1003.49065687997,57.583953,57.42217677172,417.165229,416.49218687201,0.141163229,0.03296999266,0.29194888199732405,0,0,0,0
IUSD,iUSD,2026-06-07T00:00:00.000Z,2026-06-07,603448.751094,600063.8141734333,175963.01623100002,174975.82843206872,427485.734863,425087.9857413646,0,0,67.757042,67.39931834591,0,0,0.1410482697,0.0329032492,0.2915956356651466,0,0,0,0
IUSD,iUSD,2026-06-08T00:00:00.000Z,2026-06-08,567680.932319,567091.0207120352,176030.82795,175789.92209280608,391650.104369,391301.0986192291,0,0,67.915063,67.81796973795,0,0,0.14955386716666666,0.0387376889,0.3172123011340026,0,0,0,0
IUSD,iUSD,2026-06-09T00:00:00.000Z,2026-06-09,401335.496864,399978.24206906045,176182.158318,175586.53623922306,225153.338546,224391.7058298374,0,0,73.853661,73.61670748526,0,0,0.19003299722,0.06673802972000001,0.43898971612500415,1.23,1.2188265,2.31016,0.388453404
IUSD,iUSD,2026-06-10T00:00:00.000Z,2026-06-10,402130.28992,399621.45409610315,176308.675968,175208.5224370941,225821.613952,224412.93165900905,0,0,89.424136,88.88149063138,0,0,0.18984550278333334,0.06658831086666667,0.4384371733593449,0,0,0,0
IUSD,iUSD,2026-06-11T00:00:00.000Z,2026-06-11,402643.40663,401693.1884682979,176398.38452000002,175982.1046104775,226245.02211,225711.0838578204,0,0,89.386946,89.1707572836,0,0,0.18973134915,0.06649715936666667,0.438100762858532,0,0,0,0
IUSD,iUSD,2026-06-12T00:00:00.000Z,2026-06-12,402624.122239,401108.52855618566,171505.369059,170895.2789594876,231118.75318,230213.24959669804,24875,24875,73.642087,73.37319152535,2531.723255,2531.723255,0.18564725894,0.06342372626,0.42595748271461154,0,0,0,0
IUSD,iUSD,2026-06-13T00:00:00.000Z,2026-06-13,402281.889956,401854.12423694134,133181.830674,133045.12720303185,269100.059282,268808.9970339095,0,0,64.80501,64.73337543291,0,0,0.1540145065,0.0410698418,0.33106694927503305,0,0,0,0
IUSD,iUSD,2026-06-14T00:00:00.000Z,2026-06-14,402327.638212,400146.99330622324,123961.85173600001,123289.94939292317,278365.786476,276857.0439133001,0,0,40.820251,40.60000632629,0,0,0.14643532398,0.03609474908,0.3081116973498908,0,0,0,0
IUSD,iUSD,2026-06-15T00:00:00.000Z,2026-06-15,402373.020072,400892.92401632003,124007.233596,123551.05969157425,278365.786476,277341.8643247458,0,0,49.439363,49.25767595409,0,0,0.14646083688333333,0.036110181,0.3081897320961905,0,0,0,0
IUSD,iUSD,2026-06-16T00:00:00.000Z,2026-06-16,399551.976872,398379.29712808464,124056.963013,123692.8611347608,275495.013859,274686.43599332386,0,0,49.65611,49.51936225412,0,0,0.14721320516666667,0.03656660306666667,0.3104901736046205,0,0,0,0
IUSD,iUSD,2026-06-17T00:00:00.000Z,2026-06-17,399598.43114,398762.4531099675,126273.417281,126009.23517996055,273325.013859,272753.21793000697,0,0,43.277768,43.19037023192,0,0,0.1490174797,0.03767171228,0.3160007827589292,21.7,21.6631,2.31016,0.3997269848
IUSD,iUSD,2026-06-18T00:00:00.000Z,2026-06-18,399645.272239,399252.2855881153,126320.25838000001,126196.04132607659,273325.013859,273056.2442620387,0,0,51.191621,51.13909169585,0,0,0.14904374943333334,0.0376879123,0.3160809517433312,0,0,0,0
IUSD,iUSD,2026-06-19T00:00:00.000Z,2026-06-19,399693.250842,398046.50873014587,126368.23698300001,125847.59392824495,273325.013859,272198.9148019009,0,0,43.424001,43.2405031315,0,0,0.14907065154,0.03770450544,0.3161630487000781,0,0,0,0
IUSD,iUSD,2026-06-20T00:00:00.000Z,2026-06-20,399740.290578,398055.39616701833,126415.276719,125882.44724143403,273325.013859,272172.9489255843,0,0,51.246274,51.03026800435,0,0,0.14909702136666667,0.037720773566666664,0.31624351945087453,0,0,0,0
IUSD,iUSD,2026-06-21T00:00:00.000Z,2026-06-21,399791.554703,398424.29281946085,126466.540844,126034.05050785861,273325.013859,272390.2423116022,0,0,51.275916,51.10405328723,0,0,0.14912575305,0.03773850236666667,0.31633119558348005,0,0,0,0
IUSD,iUSD,2026-06-22T00:00:00.000Z,2026-06-22,399839.018686,397722.22773161903,126514.00482700001,125844.1964959885,273325.013859,271878.0312356305,0,0,43.496951,43.26763853513,0,0,0.14915234906,0.03775491664,0.3164123526277573,0,0,0,0
IUSD,iUSD,2026-06-23T00:00:00.000Z,2026-06-23,399641.860502,396628.5074461237,126556.592544,125602.58085497587,273085.267958,271025.92659114784,8.765648,8.76547268704,51.340172,50.95051974366,0.128601,0.12859842798,0.14923849925,0.037808125266666666,0.3166752150489435,0,0,0,0
IUSD,iUSD,2026-06-24T00:00:00.000Z,2026-06-24,396278.453034,394788.5179561386,129272.75932499999,128780.76554223415,267005.693709,266007.7524139044,6923.973463,6910.35818230684,54.244745,54.03433642748,112.270147,112.04949071068,0.15239456976666665,0.039813037333333336,0.32627273941062546,0,0,0,0
IUSD,iUSD,2026-06-25T00:00:00.000Z,2026-06-25,396719.641577,395106.244763062,123742.451221,123240.93680256323,272977.190356,271865.3079604988,0,0,42.090159,41.91559841986,0,0,0.14767941436,0.03685333038,0.3119133836825649,0,0,0,0
IUSD,iUSD,2026-06-26T00:00:00.000Z,2026-06-26,396311.98293299996,394555.7566990072,117483.293265,116961.79206831592,278828.689668,277593.9646306913,3921.753921,3894.64709209968,48.430069,48.20742519062,55.880193,55.498375395,0.1426289676,0.033841634083333336,0.2964407466502602,0,0,0,0
IUSD,iUSD,2026-06-27T00:00:00.000Z,2026-06-27,396539.848991,395565.92061259283,114874.79186499999,114592.60044769433,281665.057126,280973.3201648985,0,0,38.816809,38.72586066473,0,0,0.1404292916,0.0325450994,0.28969293149428665,0.33,0.328581,1.15508,0.169392482
IUSD,iUSD,2026-06-28T00:00:00.000Z,2026-06-28,396580.177549,395930.4270773967,114906.12827700001,114717.98542238575,281674.049272,281212.441655011,0,0,47.022281,46.94329252739,0,0,0.14044541021666668,0.032554404966666665,0.28974249138235764,0,0,0,0
IUSD,iUSD,2026-06-29T00:00:00.000Z,2026-06-29,396624.301004,396252.8055418975,114955.86744,114848.20141066906,281668.433564,281404.6041312284,0,0,45.033659,44.99133367238,0,0,0.14047571243333334,0.032571897116666665,0.28983566276433154,0,0,0,0
IUSD,iUSD,2026-06-30T00:00:00.000Z,2026-06-30,396664.80556400004,395968.2744152253,114936.33360000001,114734.46945717168,281728.471964,281233.80495805363,0,0,36.421812,36.31525446941,0,0,0.14045007196,0.03255709652,0.2897568246894871,0,0,0,0
IUSD,iUSD,2026-07-01T00:00:00.000Z,2026-07-01,356706.230228,356289.1444225075,114937.732663,114799.47410729334,241768.497565,241489.67031521414,0,0,45.993777,45.9318923176,0,0,0.15208131895714286,0.039814002642857144,0.32520394425536964,0,0,0,0
IUSD,iUSD,2026-07-02T00:00:00.000Z,2026-07-02,326755.21594200004,325854.4526979274,117416.718376,117090.62262355103,209338.497566,208763.8300743764,0,0,51.565653,51.42935006072,0,0,0.16330960425,0.0469605054,0.3593412425092999,0,0,0,0
IUSD,iUSD,2026-07-03T00:00:00.000Z,2026-07-03,326804.029591,326755.6651980027,117954.30962500001,117936.5721296425,208849.719966,208819.09306836023,35.531729,35.531729,44.067549,44.06064887444,0.080677,0.080677,0.16383771906,0.04732040214,0.36093308732185037,0,0,0,0
IUSD,iUSD,2026-07-04T00:00:00.000Z,2026-07-04,331059.123393,330499.6846118524,115254.53489800001,115057.29777771287,215804.588495,215442.38683413953,0,0,50.201769,50.1121353111,0,0,0.15968820763333333,0.0445314842,0.348403127838909,0,0,0,0
IUSD,iUSD,2026-07-05T00:00:00.000Z,2026-07-05,352144.454785,351047.87709434336,115389.451648,115030.12903711197,236755.003137,236017.7480572314,0,0,40.588268,40.46584805747,0,0,0.15284969392,0.04006819848,0.3276764686621406,0,0,0,0
IUSD,iUSD,2026-07-06T00:00:00.000Z,2026-07-06,352188.743093,349380.60880972893,116364.139114,115436.21190341031,235824.603979,233944.39690631864,0,0,48.500473,48.10823362618,0,0,0.15374642381666667,0.04063897095,0.33040274583127055,0,0,0,0
IUSD,iUSD,2026-07-07T00:00:00.000Z,2026-07-07,352153.6087,349623.74563929933,116598.733127,115761.1712412106,235554.875573,233862.57439808873,0,0,47.676161,47.33385225187,0,0,0.14935857803333333,0.0395621487,0.3311020089025116,0,0,0,0
IUSD,iUSD,2026-07-08T00:00:00.000Z,2026-07-08,351678.336757,347272.19166735606,116641.704054,115180.45569846279,235036.632703,232091.73596889325,0,0,38.596558,38.11074987475,0,0,0.147233882,0.03906665736,0.33167167508167283,0,0,0,0
IUSD,iUSD,2026-07-09T00:00:00.000Z,2026-07-09,351160.258078,347770.0202459419,116747.09447299999,115620.08727924283,234413.163605,232149.93296669907,0,0,46.840205,46.38858823015,0,0,0.14748877323333334,0.03922743681666667,0.3324610995064735,0,0,0,0
IUSD,iUSD,2026-07-10T00:00:00.000Z,2026-07-10,342625.030418,339643.6920911382,116806.540668,115799.6740168776,225818.48975,223844.0180742606,0,0,47.276728,46.86858908898,0,0,0.1503661808,0.04109925835,0.3413396988541888,0,0,0,0
IUSD,iUSD,2026-07-11T00:00:00.000Z,2026-07-11,325827.26749,324493.3220592964,116851.187251,116372.78989279488,208976.080239,208120.53216650154,0,0,41.884395,41.70851696637,0,0,0.15597011658,0.04474835626,0.3586292451258557,0,0,0,0
IUSD,iUSD,2026-07-12T00:00:00.000Z,2026-07-12,325872.495926,323657.60616302583,116896.415687,116101.86668271688,208976.080239,207555.73948030896,0,0,49.429082,49.0895328231,0,0,0.15599907445,0.04476777366666667,0.35871826174599064,0,0,0,0
IUSD,iUSD,2026-07-13T00:00:00.000Z,2026-07-13,325917.748875,323277.8299026785,116941.66863599999,115994.45591361435,208976.080239,207283.37398906413,0,0,40.855342,40.52360023546,0,0,0.15602804092,0.04478720054,0.35880730266939226,0,0,0,0
IUSD,iUSD,2026-07-14T00:00:00.000Z,2026-07-14,326629.907419,324496.9694856172,116987.03036399999,116223.4973854394,209642.877055,208273.47210017778,0,0,49.120022,48.79415722159,0,0,0.15346196676666668,0.04397586841666667,0.3581712315908478,0,0,0,0
IUSD,iUSD,2026-07-15T00:00:00.000Z,2026-07-15,330011.809969,328195.0794153027,116960.08890700001,116316.29928209342,213051.721062,211878.7801332093,149.999999,147.87749901415,46.956166,46.69861684466,1.400725,1.38090474125,0.14753596273333333,0.04183080371666666,0.3544118351663519,0,0,0,0
IUSD,iUSD,2026-07-16T00:00:00.000Z,2026-07-16,328454.130776,326186.25635036326,116880.177333,116072.15725276526,211573.953443,210114.09909759797,80,79.1416,39.829256,39.55760002771,0.06514,0.0644410478,0.14799812736,0.04213457288,0.355861599574409,0,0,0,0
IUSD,iUSD,2026-07-17T00:00:00.000Z,2026-07-17,326096.340065,323275.1387149886,116891.32142699999,115880.09216323838,209205.018638,207395.04655175025,0,0,46.937665,46.53388954777,0,0,0.1464660442,0.04200129453333333,0.35845640292748043,0,0,0,0
IUSD,iUSD,2026-07-18T00:00:00.000Z,2026-07-18,326142.140426,323987.44253059034,116937.12178799999,116164.57171572541,209205.018638,207822.87081486496,0,0,45.223316,44.92428919973,0,0,0.14177599008333333,0.04066662766666667,0.35854649541126926,0,0,0,0
IUSD,iUSD,2026-07-19T00:00:00.000Z,2026-07-19,325456.062624,322616.2343098072,116900.215691,115880.62378284379,208555.846933,206735.61052696343,392.500446,390.06301823034,37.378279,37.04128827869,33.11812,32.9124564748,0.14197852292,0.04079859914,0.3591940310622057,0,0,0,0
IUSD,iUSD,2026-07-20T00:00:00.000Z,2026-07-20,324556.05312,322940.4531568928,116082.46040099999,115497.89529526519,208473.592719,207442.55786162763,8797.831241,8720.231498255669,45.565675,45.33574103834,60.274998,59.54304965784,0.14149935193333332,0.04049568471666667,0.35765659283135387,0,0,0,0
IUSD,iUSD,2026-07-21T00:00:00.000Z,2026-07-21,322793.43441,322105.2505604242,107854.720193,107624.76585832104,214938.714217,214480.48470210313,33,33,33.766967,33.69575711316,0.024843,0.024843,0.1341671458,0.03586333196,0.3341292260708303,0,0,0,0
IUSD,iUSD,2026-07-22T00:00:00.000Z,2026-07-22,323157.633162,322609.27685624745,107871.14848799999,107688.32805103273,215286.484674,214920.9488052147,0,0,39.579455,39.51458620712,0,0,0.13406627518333333,0.03580160601666667,0.3338043841969879,0,0,0,0
IUSD,iUSD,2026-07-23T00:00:00.000Z,2026-07-23,322459.479134,319545.9672732,107910.785133,106935.72072249903,214548.694001,212610.24655070098,0,0,39.672773,39.31431614051,0,0,0.13432862803333334,0.03596236718333334,0.33464913220892395,0,0,0,0
IUSD,iUSD,2026-07-24T00:00:00.000Z,2026-07-24,321912.92912,315784.94183824124,107947.16320699999,105892.38423703342,213965.765913,209892.5576012078,0,0,32.79304,32.17820505815,0,0,0.13454180695,0.03609368795,0.33533514035238937,0,0,0,0
IUSD,iUSD,2026-07-25T00:00:00.000Z,2026-07-25,317510.686809,314650.3672662062,110484.34185299999,109492.93696842973,207026.344956,205157.43029777647,0,0,41.505027,41.14060654717,0,0,0.1384943961,0.038583119666666665,0.3480226144300472,0,0,0,0
IUSD,iUSD,2026-07-26T00:00:00.000Z,2026-07-26,316310.453707,314100.51277696755,110659.631261,109882.38401967681,205650.822446,204218.12875729075,0,0,43.231706,42.93053606334,0,0,0.13906121873333332,0.03893463861666667,0.34984526929923065,0,0,0,0
IUSD,iUSD,2026-07-27T00:00:00.000Z,2026-07-27,316348.636055,312518.302434483,108362.880276,107050.83818645515,207985.755779,205467.46424802786,0,0,34.351555,33.9350390368,0,0,0.13538972156,0.0371013646,0.34254258667345766,0,0,0,0
IUSD,iUSD,2026-07-28T00:00:00.000Z,2026-07-28,316379.876884,315254.6281449858,108176.968899,107791.88186889674,208202.907985,207462.74627608908,932.826821,932.826821,38.484222,38.35321954826,35.492558,35.492558,0.12962668568333333,0.035458142416666664,0.3419211671652721,0,0,0,0
IUSD,iUSD,2026-07-29T00:00:00.000Z,2026-07-29,316415.69745900005,316061.31693046365,107477.440864,107356.939737251,208938.256595,208704.37719321268,0,0,38.194198,38.15508510308,0,0,0.12894066366666668,0.03503807578333333,0.33967165922380205,0,0,0,0
IUSD,iUSD,2026-07-30T00:00:00.000Z,2026-07-30,316450.45853,315126.43364638893,107426.847434,106977.37733921464,209023.611096,208149.05630717432,0,0,31.379734,31.25654950502,0,0,0.12888053464,0.0350013196,0.3394744560156755,0,0,0,0
IUSD,iUSD,2026-07-31T00:00:00.000Z,2026-07-31,316485.34461000003,313930.27327032073,107461.73351399999,106594.17946123578,209023.611096,207336.09380908497,0,0,38.004582,37.69355360932,0,0,0.12890272923333335,0.035014855483333336,0.33954726530742546,0,0,0,0
IUSD,iUSD,2026-08-01T00:00:00.000Z,2026-08-01,316520.191729,315982.10744327796,107496.580633,107313.83648614118,209023.611096,208668.2709571368,0,0,31.409792,31.35874122794,0,0,0.12892489468,0.03502837596,0.33961997773746316,0,0,0,0
IUSD,iUSD,2026-08-02T00:00:00.000Z,2026-08-02,316555.056873,316018.99726620945,107531.445777,107349.33281833201,209023.611096,208669.66444787744,0,0,38.042253,37.98342224136,0,0,0.12894706706666667,0.035041903183333334,0.33969271126747475,0,0,0,0
IUSD,iUSD,2026-08-03T00:00:00.000Z,2026-08-03,316593.110561,315830.14308337844,107569.499465,107310.27889011981,209023.611096,208519.86419325866,0,0,38.061528,37.96582339973,0,0,0.12897126218333332,0.035056667166666666,0.33977207852563035,0,0,0,0
IUSD,iUSD,2026-08-04T00:00:00.000Z,2026-08-04,316628.231313,315554.8484713577,107604.620217,107239.82741697312,209023.611096,208315.0210543846,0,0,32.285523,32.17541856792,0,0,0.12899358782,0.03507029294,0.33984531196573736,0,0,0,0
IUSD,iUSD,2026-08-05T00:00:00.000Z,2026-08-05,316663.203685,315536.98032108985,107639.592589,107256.79653522128,209023.611096,208280.18378586858,0,0,38.098801,37.9688965237,0,0,0.12901581456666666,0.03508386088333333,0.33991821940089645,0,0,0,0
IUSD,iUSD,2026-08-06T00:00:00.000Z,2026-08-06,316701.314917,314007.7498795465,107677.703821,106761.88459591799,209023.611096,207245.86528362855,0,0,38.119726,37.79191101881,0,0,0.12904003116666668,0.035098646233333336,0.3399976523809553,0,0,0,0
IUSD,iUSD,2026-08-07T00:00:00.000Z,2026-08-07,316445.118209,314878.75622533204,107712.665098,107179.52875723146,208732.453111,207699.22746810055,0,0,31.521825,31.36213596148,0,0,0.12915764052,0.03517049344,0.34038339899827286,0,0,0,0
IUSD,iUSD,2026-08-08T00:00:00.000Z,2026-08-08,316480.25087700004,315209.08171411103,107747.797766,107315.03728977354,208732.453111,207894.04442433748,0,0,39.013445,38.86702702408,0,0,0.12917996703333334,0.03518414041666667,0.34045662316867625,0,0,0,0
IUSD,iUSD,2026-08-09T00:00:00.000Z,2026-08-09,316515.34517800005,312045.5620805094,107782.89206700001,106260.82867234293,208732.453111,205784.73340816647,0,0,31.558314,31.10946690469,0,0,0.12920226482,0.03519777222,0.3405297516799639,0,0,0,0
IUSD,iUSD,2026-08-10T00:00:00.000Z,2026-08-10,316550.429184,312275.45466157334,107817.976073,106361.93332983738,208732.453111,205913.52133173594,0,0,38.219828,37.71206686655,0,0,0.12922455145,0.03521139971666667,0.34060284203916186,0,0,0,0
IUSD,iUSD,2026-08-11T00:00:00.000Z,2026-08-11,316588.661579,309990.4662151589,107856.208468,105608.34531441396,208732.453111,204382.1209007449,0,0,38.240826,37.44775607078,0,0,0.12924883298333334,0.0352262498,0.34068247323158585,0,0,0,0
IUSD,iUSD,2026-08-12T00:00:00.000Z,2026-08-12,316623.725254,309476.88871136936,107891.272143,105455.94453199086,208732.453111,204020.9441793785,0,0,31.605479,30.88903663353,0,0,0.1292710974,0.03523986876,0.34075548788960325,0,0,0,0
IUSD,iUSD,2026-08-13T00:00:00.000Z,2026-08-13,316659.084339,312499.7288560063,107926.631228,106508.97651661928,208732.453111,205990.75233938702,0,0,39.110186,38.5997963782,0,0,0.12929354471666665,0.0352536022,0.3408291008010081,0,0,0,0
IUSD,iUSD,2026-08-14T00:00:00.000Z,2026-08-14,316697.374319,311238.55035218294,107964.921208,106103.94895797287,208732.453111,205134.60139421004,0,0,38.298575,37.64062874432,0,0,0.12931784761666668,0.03526847365,0.34090879720047523,0,0,0,0
IUSD,iUSD,2026-08-15T00:00:00.000Z,2026-08-15,316732.43565400003,310522.559795978,107999.982543,105882.51516067228,208732.453111,204640.04463530573,0,0,31.653094,31.02915140691,0,0,0.12934009662,0.0352820908,0.3409817568852453,0,0,0,0
IUSD,iUSD,2026-08-16T00:00:00.000Z,2026-08-16,316517.76437,309202.09514124016,108035.311258,105538.66652098144,208482.453112,203663.42862025875,0,0,38.335705,37.44918048993,0,0,0.12944500905,0.0353464222,0.34132571753506546,0,0,0,0
IUSD,iUSD,2026-08-17T00:00:00.000Z,2026-08-17,315303.180363,309605.63466670166,108070.727248,106117.87197948969,207232.453115,203487.76268721197,0,0,32.635263,32.05160674844,0,0,0.12987999978,0.03561328122,0.3427517824285442,0,0,0,0
