marketId,marketDisplayName,timestamp,date,supply,supplyInUsd,borrow,borrowInUsd,liquidity,liquidityInUsd,debtRepaid,debtRepaidInUsd,interestAccrued,interestAccruedInUsd,interestRepaid,interestRepaidInUsd,borrowApr,supplyApy,utilizationPercentage,loanOriginationFees,loanOriginationFeesInUsd,loanOriginationFeesMinAda,loanOriginationFeesMinAdaInUsd
POL,POL,2024-06-19T00:00:00.000Z,2024-06-19,0,0,0,0,0,0,0,0,0,0,0,0,0,0,0,0,0,0,0
POL,POL,2024-06-26T00:00:00.000Z,2024-06-26,0,0,0,0,0,0,0,0,0,0,0,0,0,0,0,0,0,0,0
POL,POL,2024-06-27T00:00:00.000Z,2024-06-27,1913265,2035713.96,0,0,1913265,2035713.96,0,0,0,0,0,0,0,0,0,0,0,0,0
POL,POL,2024-06-28T00:00:00.000Z,2024-06-28,11843386.556921,11421560.65792315,0,0,11843386.556921,11421560.65792315,0,0,0,0,0,0,0,0,0,0,0,0,0
POL,POL,2024-06-29T00:00:00.000Z,2024-06-29,11843386.556921,11377669.0673432,0,0,11843386.556921,11377669.0673432,0,0,0,0,0,0,0,0,0,0,0,0,0
POL,POL,2024-06-30T00:00:00.000Z,2024-06-30,11843386.556921,10353168.7566233,0,0,11843386.556921,10353168.7566233,0,0,0,0,0,0,0,0,0,0,0,0,0
POL,POL,2024-07-01T00:00:00.000Z,2024-07-01,11843386.556921,10882272.05105375,0,0,11843386.556921,10882272.05105375,0,0,0,0,0,0,0,0,0,0,0,0,0
POL,POL,2024-07-02T00:00:00.000Z,2024-07-02,11843386.556921,11410996.35711437,0,0,11843386.556921,11410996.35711437,0,0,0,0,0,0,0,0,0,0,0,0,0
POL,POL,2024-07-03T00:00:00.000Z,2024-07-03,11843386.556921,11565896.00989234,0,0,11843386.556921,11565896.00989234,0,0,0,0,0,0,0,0,0,0,0,0,0
POL,POL,2024-07-04T00:00:00.000Z,2024-07-04,11843386.556921,10922527.72196072,0,0,11843386.556921,10922527.72196072,0,0,0,0,0,0,0,0,0,0,0,0,0
POL,POL,2024-07-05T00:00:00.000Z,2024-07-05,11843386.556921,9179595.739311442,0,0,11843386.556921,9179595.739311442,0,0,0,0,0,0,0,0,0,0,0,0,0
POL,POL,2024-07-06T00:00:00.000Z,2024-07-06,11843386.556921,9685663.646888677,0,0,11843386.556921,9685663.646888677,0,0,0,0,0,0,0,0,0,0,0,0,0
POL,POL,2024-07-07T00:00:00.000Z,2024-07-07,11843386.556921,10417442.81546771,0,0,11843386.556921,10417442.81546771,0,0,0,0,0,0,0,0,0,0,0,0,0
POL,POL,2024-07-08T00:00:00.000Z,2024-07-08,11843386.556921,10208158.33162036,0,0,11843386.556921,10208158.33162036,0,0,0,0,0,0,0,0,0,0,0,0,0
POL,POL,2024-07-09T00:00:00.000Z,2024-07-09,11843386.556921,11303103.10558082,0,0,11843386.556921,11303103.10558082,0,0,0,0,0,0,0,0,0,0,0,0,0
POL,POL,2024-07-10T00:00:00.000Z,2024-07-10,11843386.556921,11628796.23589615,0,0,11843386.556921,11628796.23589615,0,0,0,0,0,0,0,0,0,0,0,0,0
POL,POL,2024-07-11T00:00:00.000Z,2024-07-11,11843386.556921,11855229.94347792,0,0,11843386.556921,11855229.94347792,0,0,0,0,0,0,0,0,0,0,0,0,0
POL,POL,2024-07-12T00:00:00.000Z,2024-07-12,11843386.556921,12269748.47297016,0,0,11843386.556921,12269748.47297016,0,0,0,0,0,0,0,0,0,0,0,0,0
POL,POL,2024-07-13T00:00:00.000Z,2024-07-13,11843386.556921,12944821.50671465,0,0,11843386.556921,12944821.50671465,0,0,0,0,0,0,0,0,0,0,0,0,0
POL,POL,2024-07-14T00:00:00.000Z,2024-07-14,11843386.556921,13856762.27159757,0,0,11843386.556921,13856762.27159757,0,0,0,0,0,0,0,0,0,0,0,0,0
POL,POL,2024-07-15T00:00:00.000Z,2024-07-15,11843386.556921,13619894.54045915,0,0,11843386.556921,13619894.54045915,0,0,0,0,0,0,0,0,0,0,0,0,0
POL,POL,2024-07-16T00:00:00.000Z,2024-07-16,11843386.556921,13501460.67488994,0,0,11843386.556921,13501460.67488994,0,0,0,0,0,0,0,0,0,0,0,0,0
POL,POL,2024-07-17T00:00:00.000Z,2024-07-17,11843386.556921,13501460.67488994,0,0,11843386.556921,13501460.67488994,0,0,0,0,0,0,0,0,0,0,0,0,0
POL,POL,2024-07-18T00:00:00.000Z,2024-07-18,11843386.556921,11615590.85988518,0,0,11843386.556921,11615590.85988518,0,0,0,0,0,0,0,0,0,0,0,0,0
POL,POL,2024-07-19T00:00:00.000Z,2024-07-19,11843386.556921,11572232.22170029,0,0,11843386.556921,11572232.22170029,0,0,0,0,0,0,0,0,0,0,0,0,0
POL,POL,2024-07-20T00:00:00.000Z,2024-07-20,11843386.556921,11513536.39792419,0,0,11843386.556921,11513536.39792419,0,0,0,0,0,0,0,0,0,0,0,0,0
POL,POL,2024-07-21T00:00:00.000Z,2024-07-21,11843386.556921,11148629.8147189,0,0,11843386.556921,11148629.8147189,0,0,0,0,0,0,0,0,0,0,0,0,0
POL,POL,2024-07-22T00:00:00.000Z,2024-07-22,11843386.556921,11306123.16915284,0,0,11843386.556921,11306123.16915284,0,0,0,0,0,0,0,0,0,0,0,0,0
POL,POL,2024-07-23T00:00:00.000Z,2024-07-23,11843386.556921,10279289.71128123,0,0,11843386.556921,10279289.71128123,0,0,0,0,0,0,0,0,0,0,0,0,0
POL,POL,2024-07-24T00:00:00.000Z,2024-07-24,11843386.556921,10640216.9166034,0,0,11843386.556921,10640216.9166034,0,0,0,0,0,0,0,0,0,0,0,0,0
POL,POL,2024-07-25T00:00:00.000Z,2024-07-25,11843386.556921,10020381.43776038,0,0,11843386.556921,10020381.43776038,0,0,0,0,0,0,0,0,0,0,0,0,0
POL,POL,2024-07-26T00:00:00.000Z,2024-07-26,11843386.556921,10535402.94557464,0,0,11843386.556921,10535402.94557464,0,0,0,0,0,0,0,0,0,0,0,0,0
POL,POL,2024-07-27T00:00:00.000Z,2024-07-27,11843386.556921,10619716.01447337,0,0,11843386.556921,10619716.01447337,0,0,0,0,0,0,0,0,0,0,0,0,0
POL,POL,2024-07-28T00:00:00.000Z,2024-07-28,11843386.556921,10351972.57458105,0,0,11843386.556921,10351972.57458105,0,0,0,0,0,0,0,0,0,0,0,0,0
POL,POL,2024-07-29T00:00:00.000Z,2024-07-29,11843386.556921,10686903.54641078,0,0,11843386.556921,10686903.54641078,0,0,0,0,0,0,0,0,0,0,0,0,0
POL,POL,2024-07-30T00:00:00.000Z,2024-07-30,11843386.556921,10172746.60581517,0,0,11843386.556921,10172746.60581517,0,0,0,0,0,0,0,0,0,0,0,0,0
POL,POL,2024-07-31T00:00:00.000Z,2024-07-31,11843386.556921,10169430.45757923,0,0,11843386.556921,10169430.45757923,0,0,0,0,0,0,0,0,0,0,0,0,0
POL,POL,2024-08-01T00:00:00.000Z,2024-08-01,11843386.556921,9769029.244862843,0,0,11843386.556921,9769029.244862843,0,0,0,0,0,0,0,0,0,0,0,0,0
POL,POL,2024-08-02T00:00:00.000Z,2024-08-02,11843386.556921,9688837.674485931,0,0,11843386.556921,9688837.674485931,0,0,0,0,0,0,0,0,0,0,0,0,0
POL,POL,2024-08-03T00:00:00.000Z,2024-08-03,11843386.556921,9245065.980198102,0,0,11843386.556921,9245065.980198102,0,0,0,0,0,0,0,0,0,0,0,0,0
POL,POL,2024-08-04T00:00:00.000Z,2024-08-04,11843386.556921,9012698.735951312,0,0,11843386.556921,9012698.735951312,0,0,0,0,0,0,0,0,0,0,0,0,0
POL,POL,2024-08-05T00:00:00.000Z,2024-08-05,11843386.556921,7498734.945606986,0,0,11843386.556921,7498734.945606986,0,0,0,0,0,0,0,0,0,0,0,0,0
POL,POL,2024-08-06T00:00:00.000Z,2024-08-06,11843386.556921,8175264.715897985,0,0,11843386.556921,8175264.715897985,0,0,0,0,0,0,0,0,0,0,0,0,0
POL,POL,2024-08-07T00:00:00.000Z,2024-08-07,11843386.556921,8436375.859318422,0,0,11843386.556921,8436375.859318422,0,0,0,0,0,0,0,0,0,0,0,0,0
POL,POL,2024-08-08T00:00:00.000Z,2024-08-08,11843386.556921,8453643.516918413,0,0,11843386.556921,8453643.516918413,0,0,0,0,0,0,0,0,0,0,0,0,0
POL,POL,2024-08-09T00:00:00.000Z,2024-08-09,11843386.556921,8711249.017918002,0,0,11843386.556921,8711249.017918002,0,0,0,0,0,0,0,0,0,0,0,0,0
POL,POL,2024-08-10T00:00:00.000Z,2024-08-10,11843386.556921,8725153.153735828,0,0,11843386.556921,8725153.153735828,0,0,0,0,0,0,0,0,0,0,0,0,0
POL,POL,2024-08-11T00:00:00.000Z,2024-08-11,11843386.556921,8826153.554293249,0,0,11843386.556921,8826153.554293249,0,0,0,0,0,0,0,0,0,0,0,0,0
POL,POL,2024-08-12T00:00:00.000Z,2024-08-12,11843386.556921,8326007.339994475,0,0,11843386.556921,8326007.339994475,0,0,0,0,0,0,0,0,0,0,0,0,0
POL,POL,2024-08-13T00:00:00.000Z,2024-08-13,11843386.556921,8554122.80846733,0,0,11843386.556921,8554122.80846733,0,0,0,0,0,0,0,0,0,0,0,0,0
POL,POL,2024-08-14T00:00:00.000Z,2024-08-14,11843386.556921,8716507.481549274,0,0,11843386.556921,8716507.481549274,0,0,0,0,0,0,0,0,0,0,0,0,0
POL,POL,2024-08-15T00:00:00.000Z,2024-08-15,11843386.556921,8613695.042848643,0,0,11843386.556921,8613695.042848643,0,0,0,0,0,0,0,0,0,0,0,0,0
POL,POL,2024-08-16T00:00:00.000Z,2024-08-16,11843386.556921,8320334.35783371,0,0,11843386.556921,8320334.35783371,0,0,0,0,0,0,0,0,0,0,0,0,0
POL,POL,2024-08-17T00:00:00.000Z,2024-08-17,11843386.556921,8350890.295150566,0,0,11843386.556921,8350890.295150566,0,0,0,0,0,0,0,0,0,0,0,0,0
POL,POL,2024-08-18T00:00:00.000Z,2024-08-18,11843386.556921,8764556.100810703,0,0,11843386.556921,8764556.100810703,0,0,0,0,0,0,0,0,0,0,0,0,0
POL,POL,2024-08-19T00:00:00.000Z,2024-08-19,11843386.556921,8867563.955389524,0,0,11843386.556921,8867563.955389524,0,0,0,0,0,0,0,0,0,0,0,0,0
POL,POL,2024-08-20T00:00:00.000Z,2024-08-20,11843386.556921,9149856.995667014,0,0,11843386.556921,9149856.995667014,0,0,0,0,0,0,0,0,0,0,0,0,0
POL,POL,2024-08-21T00:00:00.000Z,2024-08-21,11843386.556921,9838597.297498198,0,0,11843386.556921,9838597.297498198,0,0,0,0,0,0,0,0,0,0,0,0,0
POL,POL,2024-08-22T00:00:00.000Z,2024-08-22,11843386.556921,9593616.846568286,0,0,11843386.556921,9593616.846568286,0,0,0,0,0,0,0,0,0,0,0,0,0
POL,POL,2024-08-23T00:00:00.000Z,2024-08-23,11843386.556921,10210124.33378881,0,0,11843386.556921,10210124.33378881,0,0,0,0,0,0,0,0,0,0,0,0,0
POL,POL,2024-08-24T00:00:00.000Z,2024-08-24,11843386.556921,10437185.7408581,0,0,11843386.556921,10437185.7408581,0,0,0,0,0,0,0,0,0,0,0,0,0
POL,POL,2024-08-25T00:00:00.000Z,2024-08-25,11843386.556921,10158463.48162752,0,0,11843386.556921,10158463.48162752,0,0,0,0,0,0,0,0,0,0,0,0,0
POL,POL,2024-08-26T00:00:00.000Z,2024-08-26,11843386.556921,9832569.013740726,0,0,11843386.556921,9832569.013740726,0,0,0,0,0,0,0,0,0,0,0,0,0
POL,POL,2024-08-27T00:00:00.000Z,2024-08-27,11843386.556921,9349737.83058817,0,0,11843386.556921,9349737.83058817,0,0,0,0,0,0,0,0,0,0,0,0,0
POL,POL,2024-08-28T00:00:00.000Z,2024-08-28,11843386.556921,8945677.011425696,0,0,11843386.556921,8945677.011425696,0,0,0,0,0,0,0,0,0,0,0,0,0
POL,POL,2024-08-29T00:00:00.000Z,2024-08-29,11843386.556921,9281673.888045544,0,0,11843386.556921,9281673.888045544,0,0,0,0,0,0,0,0,0,0,0,0,0
POL,POL,2024-08-30T00:00:00.000Z,2024-08-30,11843386.556921,9018691.489549113,0,0,11843386.556921,9018691.489549113,0,0,0,0,0,0,0,0,0,0,0,0,0
POL,POL,2024-08-31T00:00:00.000Z,2024-08-31,11843386.556921,9166662.761191284,0,0,11843386.556921,9166662.761191284,0,0,0,0,0,0,0,0,0,0,0,0,0
POL,POL,2024-09-01T00:00:00.000Z,2024-09-01,11843386.556921,9143911.615615439,0,0,11843386.556921,9143911.615615439,0,0,0,0,0,0,0,0,0,0,0,0,0
POL,POL,2024-09-02T00:00:00.000Z,2024-09-02,11843386.556921,8901252.468450686,0,0,11843386.556921,8901252.468450686,0,0,0,0,0,0,0,0,0,0,0,0,0
POL,POL,2024-09-03T00:00:00.000Z,2024-09-03,11843386.556921,8658913.092722967,0,0,11843386.556921,8658913.092722967,0,0,0,0,0,0,0,0,0,0,0,0,0
POL,POL,2024-09-04T00:00:00.000Z,2024-09-04,11843386.556921,8374245.453440814,0,0,11843386.556921,8374245.453440814,0,0,0,0,0,0,0,0,0,0,0,0,0
POL,POL,2024-09-05T00:00:00.000Z,2024-09-05,11843386.556921,8640863.77161022,0,0,11843386.556921,8640863.77161022,0,0,0,0,0,0,0,0,0,0,0,0,0
POL,POL,2024-09-06T00:00:00.000Z,2024-09-06,11843386.556921,8394639.765091833,0,0,11843386.556921,8394639.765091833,0,0,0,0,0,0,0,0,0,0,0,0,0
POL,POL,2024-09-07T00:00:00.000Z,2024-09-07,11843386.556921,8401793.170572212,0,0,11843386.556921,8401793.170572212,0,0,0,0,0,0,0,0,0,0,0,0,0
POL,POL,2024-09-08T00:00:00.000Z,2024-09-08,11843386.556921,8756751.309069691,0,0,11843386.556921,8756751.309069691,0,0,0,0,0,0,0,0,0,0,0,0,0
POL,POL,2024-09-09T00:00:00.000Z,2024-09-09,11843386.556921,9002501.580125803,0,0,11843386.556921,9002501.580125803,0,0,0,0,0,0,0,0,0,0,0,0,0
POL,POL,2024-09-10T00:00:00.000Z,2024-09-10,11843386.556921,9185789.830480712,0,0,11843386.556921,9185789.830480712,0,0,0,0,0,0,0,0,0,0,0,0,0
POL,POL,2024-09-11T00:00:00.000Z,2024-09-11,11843386.556921,9188407.218909793,0,0,11843386.556921,9188407.218909793,0,0,0,0,0,0,0,0,0,0,0,0,0
POL,POL,2024-09-12T00:00:00.000Z,2024-09-12,11843386.556921,9265199.737344867,0,0,11843386.556921,9265199.737344867,0,0,0,0,0,0,0,0,0,0,0,0,0
POL,POL,2024-09-13T00:00:00.000Z,2024-09-13,11843386.556921,9140180.94885001,0,0,11843386.556921,9140180.94885001,0,0,0,0,0,0,0,0,0,0,0,0,0
POL,POL,2024-09-14T00:00:00.000Z,2024-09-14,11843386.556921,9411939.296785118,0,0,11843386.556921,9411939.296785118,0,0,0,0,0,0,0,0,0,0,0,0,0
POL,POL,2024-09-15T00:00:00.000Z,2024-09-15,11843386.556921,9399847.199110502,0,0,11843386.556921,9399847.199110502,0,0,0,0,0,0,0,0,0,0,0,0,0
POL,POL,2024-09-16T00:00:00.000Z,2024-09-16,11843386.556921,8979395.13295325,0,0,11843386.556921,8979395.13295325,0,0,0,0,0,0,0,0,0,0,0,0,0
POL,POL,2024-09-17T00:00:00.000Z,2024-09-17,11843386.556921,8666978.43896823,0,0,11843386.556921,8666978.43896823,0,0,0,0,0,0,0,0,0,0,0,0,0
POL,POL,2024-09-18T00:00:00.000Z,2024-09-18,11843386.556921,8831033.0295547,0,0,11843386.556921,8831033.0295547,0,0,0,0,0,0,0,0,0,0,0,0,0
POL,POL,2024-09-19T00:00:00.000Z,2024-09-19,11843386.556921,9178387.713882636,0,0,11843386.556921,9178387.713882636,0,0,0,0,0,0,0,0,0,0,0,0,0
POL,POL,2024-09-20T00:00:00.000Z,2024-09-20,11843386.556921,9319768.140905881,0,0,11843386.556921,9319768.140905881,0,0,0,0,0,0,0,0,0,0,0,0,0
POL,POL,2024-09-21T00:00:00.000Z,2024-09-21,11843386.556921,9781962.222983,0,0,11843386.556921,9781962.222983,0,0,0,0,0,0,0,0,0,0,0,0,0
POL,POL,2024-09-22T00:00:00.000Z,2024-09-22,11843386.556921,9540499.257860497,0,0,11843386.556921,9540499.257860497,0,0,0,0,0,0,0,0,0,0,0,0,0
POL,POL,2024-09-23T00:00:00.000Z,2024-09-23,11843386.556921,9812044.42483758,0,0,11843386.556921,9812044.42483758,0,0,0,0,0,0,0,0,0,0,0,0,0
POL,POL,2024-09-24T00:00:00.000Z,2024-09-24,11843386.556921,10727822.44696494,0,0,11843386.556921,10727822.44696494,0,0,0,0,0,0,0,0,0,0,0,0,0
POL,POL,2024-09-25T00:00:00.000Z,2024-09-25,11843386.556921,10870795.80948009,0,0,11843386.556921,10870795.80948009,0,0,0,0,0,0,0,0,0,0,0,0,0
POL,POL,2024-09-26T00:00:00.000Z,2024-09-26,11843386.556921,11776329.30223571,0,0,11843386.556921,11776329.30223571,0,0,0,0,0,0,0,0,0,0,0,0,0
POL,POL,2024-09-27T00:00:00.000Z,2024-09-27,11843386.556921,12707953.77557623,0,0,11843386.556921,12707953.77557623,0,0,0,0,0,0,0,0,0,0,0,0,0
POL,POL,2024-09-28T00:00:00.000Z,2024-09-28,11843386.556921,12909291.34704389,0,0,11843386.556921,12909291.34704389,0,0,0,0,0,0,0,0,0,0,0,0,0
POL,POL,2024-09-29T00:00:00.000Z,2024-09-29,11843386.556921,12767170.70836084,0,0,11843386.556921,12767170.70836084,0,0,0,0,0,0,0,0,0,0,0,0,0
POL,POL,2024-09-30T00:00:00.000Z,2024-09-30,11843386.556921,12281591.85952708,0,0,11843386.556921,12281591.85952708,0,0,0,0,0,0,0,0,0,0,0,0,0
POL,POL,2024-10-01T00:00:00.000Z,2024-10-01,11843386.556921,12281591.85952708,0,0,11843386.556921,12281591.85952708,0,0,0,0,0,0,0,0,0,0,0,0,0
POL,POL,2024-10-02T00:00:00.000Z,2024-10-02,11843386.556921,11565801.26279989,0,0,11843386.556921,11565801.26279989,0,0,0,0,0,0,0,0,0,0,0,0,0
POL,POL,2024-10-03T00:00:00.000Z,2024-10-03,11843386.556921,11421122.45262054,0,0,11843386.556921,11421122.45262054,0,0,0,0,0,0,0,0,0,0,0,0,0
POL,POL,2024-10-04T00:00:00.000Z,2024-10-04,11843386.556921,13146159.07818231,0,0,11843386.556921,13146159.07818231,0,0,0,0,0,0,0,0,0,0,0,0,0
POL,POL,2024-10-05T00:00:00.000Z,2024-10-05,11843386.556921,13501460.67488994,0,0,11843386.556921,13501460.67488994,0,0,0,0,0,0,0,0,0,0,0,0,0
POL,POL,2024-10-06T00:00:00.000Z,2024-10-06,11843386.556921,13027725.2126131,0,0,11843386.556921,13027725.2126131,0,0,0,0,0,0,0,0,0,0,0,0,0
POL,POL,2024-10-07T00:00:00.000Z,2024-10-07,11843386.556921,13383026.80932073,0,0,11843386.556921,13383026.80932073,0,0,0,0,0,0,0,0,0,0,0,0,0
POL,POL,2024-10-08T00:00:00.000Z,2024-10-08,11843386.556921,12956664.89327157,0,0,11843386.556921,12956664.89327157,0,0,0,0,0,0,0,0,0,0,0,0,0
POL,POL,2024-10-09T00:00:00.000Z,2024-10-09,11843386.556921,13975196.13716678,0,0,11843386.556921,13975196.13716678,0,0,0,0,0,0,0,0,0,0,0,0,0
POL,POL,2024-10-10T00:00:00.000Z,2024-10-10,12582945.220839,15351193.16942358,0,0,12582945.220839,15351193.16942358,0,0,0,0,0,0,0,0,0,0,0,0,0
POL,POL,2024-10-11T00:00:00.000Z,2024-10-11,12582945.220839,15099534.2650068,0,0,12582945.220839,15099534.2650068,0,0,0,0,0,0,0,0,0,0,0,0,0
POL,POL,2024-10-12T00:00:00.000Z,2024-10-12,12582945.220839,15728681.52604875,0,0,12582945.220839,15728681.52604875,0,0,0,0,0,0,0,0,0,0,0,0,0
POL,POL,2024-10-13T00:00:00.000Z,2024-10-13,12582945.220839,15854510.97825714,0,0,12582945.220839,15854510.97825714,0,0,0,0,0,0,0,0,0,0,0,0,0
POL,POL,2024-10-14T00:00:00.000Z,2024-10-14,12582945.220839,15477022.62163197,0,0,12582945.220839,15477022.62163197,0,0,0,0,0,0,0,0,0,0,0,0,0
POL,POL,2024-10-15T00:00:00.000Z,2024-10-15,12582945.220839,15602852.07384036,0,0,12582945.220839,15602852.07384036,0,0,0,0,0,0,0,0,0,0,0,0,0
POL,POL,2024-10-16T00:00:00.000Z,2024-10-16,12582945.220839,14596216.45617324,0,0,12582945.220839,14596216.45617324,0,0,0,0,0,0,0,0,0,0,0,0,0
POL,POL,2024-10-17T00:00:00.000Z,2024-10-17,12582945.220839,13967069.19513129,0,0,12582945.220839,13967069.19513129,0,0,0,0,0,0,0,0,0,0,0,0,0
POL,POL,2024-10-18T00:00:00.000Z,2024-10-18,12582945.220839,13715410.29071451,0,0,12582945.220839,13715410.29071451,0,0,0,0,0,0,0,0,0,0,0,0,0
POL,POL,2024-10-19T00:00:00.000Z,2024-10-19,12582945.220839,13841239.7429229,0,0,12582945.220839,13841239.7429229,0,0,0,0,0,0,0,0,0,0,0,0,0
POL,POL,2024-10-20T00:00:00.000Z,2024-10-20,12582945.220839,14470387.00396485,0,0,12582945.220839,14470387.00396485,0,0,0,0,0,0,0,0,0,0,0,0,0
POL,POL,2024-10-21T00:00:00.000Z,2024-10-21,12582945.220839,15602852.07384036,0,0,12582945.220839,15602852.07384036,0,0,0,0,0,0,0,0,0,0,0,0,0
POL,POL,2024-10-22T00:00:00.000Z,2024-10-22,12582945.220839,14470387.00396485,0,0,12582945.220839,14470387.00396485,0,0,0,0,0,0,0,0,0,0,0,0,0
POL,POL,2024-10-23T00:00:00.000Z,2024-10-23,12582945.220839,14231311.04476891,0,0,12582945.220839,14231311.04476891,0,0,0,0,0,0,0,0,0,0,0,0,0
POL,POL,2024-10-24T00:00:00.000Z,2024-10-24,12582945.220839,13463751.38629773,0,0,12582945.220839,13463751.38629773,0,0,0,0,0,0,0,0,0,0,0,0,0
POL,POL,2024-10-25T00:00:00.000Z,2024-10-25,12582945.220839,12333941.31786382,0,0,12582945.220839,12333941.31786382,0,0,0,0,0,0,0,0,0,0,0,0,0
POL,POL,2024-10-26T00:00:00.000Z,2024-10-26,12582945.220839,12576452.42110505,0,0,12582945.220839,12576452.42110505,0,0,0,0,0,0,0,0,0,0,0,0,0
POL,POL,2024-10-27T00:00:00.000Z,2024-10-27,12582945.220839,12721357.61826823,0,0,12582945.220839,12721357.61826823,0,0,0,0,0,0,0,0,0,0,0,0,0
POL,POL,2024-10-28T00:00:00.000Z,2024-10-28,12582945.220839,13451168.44107689,0,0,12582945.220839,13451168.44107689,0,0,0,0,0,0,0,0,0,0,0,0,0
POL,POL,2024-10-29T00:00:00.000Z,2024-10-29,12582945.220839,15728681.52604875,0,0,12582945.220839,15728681.52604875,0,0,0,0,0,0,0,0,0,0,0,0,0
POL,POL,2024-10-30T00:00:00.000Z,2024-10-30,12582945.220839,18119441.11800816,0,0,12582945.220839,18119441.11800816,0,0,0,0,0,0,0,0,0,0,0,0,0
POL,POL,2024-10-31T00:00:00.000Z,2024-10-31,12582945.220839,17867782.21359138,0,0,12582945.220839,17867782.21359138,0,0,0,0,0,0,0,0,0,0,0,0,0
POL,POL,2024-11-01T00:00:00.000Z,2024-11-01,12582945.220839,19126076.73567528,0,0,12582945.220839,19126076.73567528,0,0,0,0,0,0,0,0,0,0,0,0,0
POL,POL,2024-11-02T00:00:00.000Z,2024-11-02,12582945.220839,22020154.13646825,0,0,12582945.220839,22020154.13646825,0,0,0,0,0,0,0,0,0,0,0,0,0
POL,POL,2024-11-03T00:00:00.000Z,2024-11-03,12582945.220839,19755223.99671723,0,0,12582945.220839,19755223.99671723,0,0,0,0,0,0,0,0,0,0,0,0,0
POL,POL,2024-11-04T00:00:00.000Z,2024-11-04,12582945.220839,20384371.25775918,0,0,12582945.220839,20384371.25775918,0,0,0,0,0,0,0,0,0,0,0,0,0
POL,POL,2024-11-05T00:00:00.000Z,2024-11-05,12582945.220839,21139347.97100952,0,0,12582945.220839,21139347.97100952,0,0,0,0,0,0,0,0,0,0,0,0,0
POL,POL,2024-11-06T00:00:00.000Z,2024-11-06,12582945.220839,24159254.82401088,0,0,12582945.220839,24159254.82401088,0,0,0,0,0,0,0,0,0,0,0,0,0
POL,POL,2024-11-07T00:00:00.000Z,2024-11-07,12582945.220839,24536743.18063605,0,0,12582945.220839,24536743.18063605,0,0,0,0,0,0,0,0,0,0,0,0,0
POL,POL,2024-11-08T00:00:00.000Z,2024-11-08,12582945.220839,29066603.46013809,0,0,12582945.220839,29066603.46013809,0,0,0,0,0,0,0,0,0,0,0,0,0
POL,POL,2024-11-09T00:00:00.000Z,2024-11-09,12582945.220839,29695750.72118004,0,0,12582945.220839,29695750.72118004,0,0,0,0,0,0,0,0,0,0,0,0,0
POL,POL,2024-11-10T00:00:00.000Z,2024-11-10,12582945.220839,42782013.7508526,0,0,12582945.220839,42782013.7508526,0,0,0,0,0,0,0,0,0,0,0,0,0
POL,POL,2024-11-11T00:00:00.000Z,2024-11-11,12582945.220839,40391254.15889319,0,0,12582945.220839,40391254.15889319,0,0,0,0,0,0,0,0,0,0,0,0,0
POL,POL,2024-11-12T00:00:00.000Z,2024-11-12,12582945.220839,41649548.68097709,0,0,12582945.220839,41649548.68097709,0,0,0,0,0,0,0,0,0,0,0,0,0
POL,POL,2024-11-13T00:00:00.000Z,2024-11-13,12582945.220839,34351440.45289047,0,0,12582945.220839,34351440.45289047,0,0,0,0,0,0,0,0,0,0,0,0,0
POL,POL,2024-11-14T00:00:00.000Z,2024-11-14,12582945.220839,40013765.80226802,0,0,12582945.220839,40013765.80226802,0,0,0,0,0,0,0,0,0,0,0,0,0
POL,POL,2024-11-15T00:00:00.000Z,2024-11-15,12582945.220839,43788649.36851972,0,0,12582945.220839,43788649.36851972,0,0,0,0,0,0,0,0,0,0,0,0,0
POL,POL,2024-11-16T00:00:00.000Z,2024-11-16,12582945.220839,52219222.66648185,0,0,12582945.220839,52219222.66648185,0,0,0,0,0,0,0,0,0,0,0,0,0
POL,POL,2024-11-17T00:00:00.000Z,2024-11-17,12582945.220839,49702633.62231405,0,0,12582945.220839,49702633.62231405,0,0,0,0,0,0,0,0,0,0,0,0,0
POL,POL,2024-11-18T00:00:00.000Z,2024-11-18,12582945.220839,49954292.52673083,0,0,12582945.220839,49954292.52673083,0,0,0,0,0,0,0,0,0,0,0,0,0
POL,POL,2024-11-19T00:00:00.000Z,2024-11-19,12582945.220839,52093393.21427346,0,0,12582945.220839,52093393.21427346,0,0,0,0,0,0,0,0,0,0,0,0,0
POL,POL,2024-11-20T00:00:00.000Z,2024-11-20,12582945.220839,54484152.80623287,0,0,12582945.220839,54484152.80623287,0,0,0,0,0,0,0,0,0,0,0,0,0
POL,POL,2024-11-21T00:00:00.000Z,2024-11-21,12582945.220839,58133206.92027618,0,0,12582945.220839,58133206.92027618,0,0,0,0,0,0,0,0,0,0,0,0,0
POL,POL,2024-11-22T00:00:00.000Z,2024-11-22,12582945.220839,66312121.31382153,0,0,12582945.220839,66312121.31382153,0,0,0,0,0,0,0,0,0,0,0,0,0
POL,POL,2024-11-23T00:00:00.000Z,2024-11-23,12582945.220839,82292461.74428706,0,0,12582945.220839,82292461.74428706,0,0,0,0,0,0,0,0,0,0,0,0,0
POL,POL,2024-11-24T00:00:00.000Z,2024-11-24,12582945.220839,73484400.08969976,0,0,12582945.220839,73484400.08969976,0,0,0,0,0,0,0,0,0,0,0,0,0
POL,POL,2024-11-25T00:00:00.000Z,2024-11-25,12582945.220839,66689609.6704467,0,0,12582945.220839,66689609.6704467,0,0,0,0,0,0,0,0,0,0,0,0,0
POL,POL,2024-11-26T00:00:00.000Z,2024-11-26,12582945.220839,67822074.74032222,0,0,12582945.220839,67822074.74032222,0,0,0,0,0,0,0,0,0,0,0,0,0
POL,POL,2024-11-27T00:00:00.000Z,2024-11-27,12582945.220839,76504306.94270112,0,0,12582945.220839,76504306.94270112,0,0,0,0,0,0,0,0,0,0,0,0,0
POL,POL,2024-11-28T00:00:00.000Z,2024-11-28,12582945.220839,80656678.865578,0,0,12582945.220839,80656678.865578,0,0,0,0,0,0,0,0,0,0,0,0,0
POL,POL,2024-11-29T00:00:00.000Z,2024-11-29,12582945.220839,83299097.36195418,0,0,12582945.220839,83299097.36195418,0,0,0,0,0,0,0,0,0,0,0,0,0
POL,POL,2024-11-30T00:00:00.000Z,2024-11-30,12582945.220839,87954787.09366462,0,0,12582945.220839,87954787.09366462,0,0,0,0,0,0,0,0,0,0,0,0,0
POL,POL,2024-12-01T00:00:00.000Z,2024-12-01,12582945.220839,89968058.32899885,0,0,12582945.220839,89968058.32899885,0,0,0,0,0,0,0,0,0,0,0,0,0
POL,POL,2024-12-02T00:00:00.000Z,2024-12-02,12582945.220839,99782755.60125327,0,0,12582945.220839,99782755.60125327,0,0,0,0,0,0,0,0,0,0,0,0,0
POL,POL,2024-12-03T00:00:00.000Z,2024-12-03,12582945.220839,94246259.70408411,0,0,12582945.220839,94246259.70408411,0,0,0,0,0,0,0,0,0,0,0,0,0
POL,POL,2024-12-04T00:00:00.000Z,2024-12-04,12582945.220839,91603841.20770793,0,0,12582945.220839,91603841.20770793,0,0,0,0,0,0,0,0,0,0,0,0,0
POL,POL,2024-12-05T00:00:00.000Z,2024-12-05,12582945.220839,89464740.5201653,0,0,12582945.220839,89464740.5201653,0,0,0,0,0,0,0,0,0,0,0,0,0
POL,POL,2024-12-06T00:00:00.000Z,2024-12-06,12582945.220839,91981329.5643331,0,0,12582945.220839,91981329.5643331,0,0,0,0,0,0,0,0,0,0,0,0,0
POL,POL,2024-12-07T00:00:00.000Z,2024-12-07,12582945.220839,96133701.48720996,0,0,12582945.220839,96133701.48720996,0,0,0,0,0,0,0,0,0,0,0,0,0
POL,POL,2024-12-08T00:00:00.000Z,2024-12-08,12582945.220839,79650043.24791087,0,0,12582945.220839,79650043.24791087,0,0,0,0,0,0,0,0,0,0,0,0,0
POL,POL,2024-12-09T00:00:00.000Z,2024-12-09,12582945.220839,77259283.65595146,0,0,12582945.220839,77259283.65595146,0,0,0,0,0,0,0,0,0,0,0,0,0
POL,POL,2024-12-10T00:00:00.000Z,2024-12-10,12582945.220839,75246012.42061722,0,0,12582945.220839,75246012.42061722,0,0,0,0,0,0,0,0,0,0,0,0,0
POL,POL,2024-12-11T00:00:00.000Z,2024-12-11,12582945.220839,81159996.67441155,0,0,12582945.220839,81159996.67441155,0,0,0,0,0,0,0,0,0,0,0,0,0
POL,POL,2024-12-12T00:00:00.000Z,2024-12-12,12582945.220839,90848864.49445757,0,0,12582945.220839,90848864.49445757,0,0,0,0,0,0,0,0,0,0,0,0,0
POL,POL,2024-12-13T00:00:00.000Z,2024-12-13,12582945.220839,74868524.06399205,0,0,12582945.220839,74868524.06399205,0,0,0,0,0,0,0,0,0,0,0,0,0
POL,POL,2024-12-14T00:00:00.000Z,2024-12-14,12582945.220839,80405019.96116121,0,0,12582945.220839,80405019.96116121,0,0,0,0,0,0,0,0,0,0,0,0,0
POL,POL,2024-12-15T00:00:00.000Z,2024-12-15,12582945.220839,76126818.58607595,0,0,12582945.220839,76126818.58607595,0,0,0,0,0,0,0,0,0,0,0,0,0
POL,POL,2024-12-16T00:00:00.000Z,2024-12-16,12582945.220839,77888430.91699341,0,0,12582945.220839,77888430.91699341,0,0,0,0,0,0,0,0,0,0,0,0,0
POL,POL,2024-12-17T00:00:00.000Z,2024-12-17,12582945.220839,72603593.92424104,0,0,12582945.220839,72603593.92424104,0,0,0,0,0,0,0,0,0,0,0,0,0
POL,POL,2024-12-18T00:00:00.000Z,2024-12-18,12582945.220839,68702880.90578094,0,0,12582945.220839,68702880.90578094,0,0,0,0,0,0,0,0,0,0,0,0,0
POL,POL,2024-12-19T00:00:00.000Z,2024-12-19,12582945.220839,63669702.81744534,0,0,12582945.220839,63669702.81744534,0,0,0,0,0,0,0,0,0,0,0,0,0
POL,POL,2024-12-20T00:00:00.000Z,2024-12-20,12582945.220839,74868524.06399205,0,0,12582945.220839,74868524.06399205,0,0,0,0,0,0,0,0,0,0,0,0,0
POL,POL,2024-12-21T00:00:00.000Z,2024-12-21,12582945.220839,70087004.88007323,0,0,12582945.220839,70087004.88007323,0,0,0,0,0,0,0,0,0,0,0,0,0
POL,POL,2024-12-22T00:00:00.000Z,2024-12-22,12582945.220839,68954539.81019773,0,0,12582945.220839,68954539.81019773,0,0,0,0,0,0,0,0,0,0,0,0,0
POL,POL,2024-12-23T00:00:00.000Z,2024-12-23,12582945.220839,69206198.7146145,0,0,12582945.220839,69206198.7146145,0,0,0,0,0,0,0,0,0,0,0,0,0
POL,POL,2024-12-24T00:00:00.000Z,2024-12-24,12582945.220839,74365206.25515848,0,0,12582945.220839,74365206.25515848,0,0,0,0,0,0,0,0,0,0,0,0,0
POL,POL,2024-12-25T00:00:00.000Z,2024-12-25,12582945.220839,76755965.8471179,0,0,12582945.220839,76755965.8471179,0,0,0,0,0,0,0,0,0,0,0,0,0
POL,POL,2024-12-26T00:00:00.000Z,2024-12-26,12582945.220839,74742694.61178365,0,0,12582945.220839,74742694.61178365,0,0,0,0,0,0,0,0,0,0,0,0,0
POL,POL,2024-12-27T00:00:00.000Z,2024-12-27,12582945.220839,63292214.46082017,0,0,12582945.220839,63292214.46082017,0,0,0,0,0,0,0,0,0,0,0,0,0
POL,POL,2024-12-28T00:00:00.000Z,2024-12-28,12582945.220839,63480958.63913275,0,0,12582945.220839,63480958.63913275,0,0,0,0,0,0,0,0,0,0,0,0,0
POL,POL,2024-12-29T00:00:00.000Z,2024-12-29,12582945.220839,62663067.19977822,0,0,12582945.220839,62663067.19977822,0,0,0,0,0,0,0,0,0,0,0,0,0
POL,POL,2024-12-30T00:00:00.000Z,2024-12-30,12582945.220839,59265671.99015169,0,0,12582945.220839,59265671.99015169,0,0,0,0,0,0,0,0,0,0,0,0,0
POL,POL,2024-12-31T00:00:00.000Z,2024-12-31,12582945.220839,54861641.16285804,0,0,12582945.220839,54861641.16285804,0,0,0,0,0,0,0,0,0,0,0,0,0
POL,POL,2025-01-01T00:00:00.000Z,2025-01-01,12582945.220839,61908090.48652788,0,0,12582945.220839,61908090.48652788,0,0,0,0,0,0,0,0,0,0,0,0,0
POL,POL,2025-01-02T00:00:00.000Z,2025-01-02,12582945.220839,66941268.57486348,0,0,12582945.220839,66941268.57486348,0,0,0,0,0,0,0,0,0,0,0,0,0
POL,POL,2025-01-03T00:00:00.000Z,2025-01-03,12582945.220839,73358570.63749138,0,0,12582945.220839,73358570.63749138,0,0,0,0,0,0,0,0,0,0,0,0,0
POL,POL,2025-01-04T00:00:00.000Z,2025-01-04,12582945.220839,75246012.42061722,0,0,12582945.220839,75246012.42061722,0,0,0,0,0,0,0,0,0,0,0,0,0
POL,POL,2025-01-05T00:00:00.000Z,2025-01-05,12582945.220839,77259283.65595146,0,0,12582945.220839,77259283.65595146,0,0,0,0,0,0,0,0,0,0,0,0,0
POL,POL,2025-01-06T00:00:00.000Z,2025-01-06,12582945.220839,75623500.77724239,0,0,12582945.220839,75623500.77724239,0,0,0,0,0,0,0,0,0,0,0,0,0
POL,POL,2025-01-07T00:00:00.000Z,2025-01-07,12582945.220839,71722787.7587823,0,0,12582945.220839,71722787.7587823,0,0,0,0,0,0,0,0,0,0,0,0,0
POL,POL,2025-01-08T00:00:00.000Z,2025-01-08,12582945.220839,63921361.72186212,0,0,12582945.220839,63921361.72186212,0,0,0,0,0,0,0,0,0,0,0,0,0
POL,POL,2025-01-09T00:00:00.000Z,2025-01-09,12582945.220839,57881548.0158594,0,0,12582945.220839,57881548.0158594,0,0,0,0,0,0,0,0,0,0,0,0,0
POL,POL,2025-01-10T00:00:00.000Z,2025-01-10,12582945.220839,62411408.29536144,0,0,12582945.220839,62411408.29536144,0,0,0,0,0,0,0,0,0,0,0,0,0
POL,POL,2025-01-11T00:00:00.000Z,2025-01-11,12582945.220839,60901454.86886076,0,0,12582945.220839,60901454.86886076,0,0,0,0,0,0,0,0,0,0,0,0,0
POL,POL,2025-01-12T00:00:00.000Z,2025-01-12,12582945.220839,65179656.24394602,0,0,12582945.220839,65179656.24394602,0,0,0,0,0,0,0,0,0,0,0,0,0
POL,POL,2025-01-13T00:00:00.000Z,2025-01-13,12582945.220839,58007377.46806779,0,0,12582945.220839,58007377.46806779,0,0,0,0,0,0,0,0,0,0,0,0,0
POL,POL,2025-01-14T00:00:00.000Z,2025-01-14,12582945.220839,64298850.07848729,0,0,12582945.220839,64298850.07848729,0,0,0,0,0,0,0,0,0,0,0,0,0
POL,POL,2025-01-15T00:00:00.000Z,2025-01-15,12582945.220839,63040555.55640339,0,0,12582945.220839,63040555.55640339,0,0,0,0,0,0,0,0,0,0,0,0,0
POL,POL,2025-01-16T00:00:00.000Z,2025-01-16,12582945.220839,63040555.55640339,0,0,12582945.220839,63040555.55640339,0,0,0,0,0,0,0,0,0,0,0,0,0
POL,POL,2025-01-17T00:00:00.000Z,2025-01-17,12582945.220839,72100276.11540747,0,0,12582945.220839,72100276.11540747,0,0,0,0,0,0,0,0,0,0,0,0,0
POL,POL,2025-01-18T00:00:00.000Z,2025-01-18,12582945.220839,65557144.60057119,0,0,12582945.220839,65557144.60057119,0,0,0,0,0,0,0,0,0,0,0,0,0
POL,POL,2025-01-19T00:00:00.000Z,2025-01-19,12582945.220839,62914726.104195,0,0,12582945.220839,62914726.104195,0,0,0,0,0,0,0,0,0,0,0,0,0
POL,POL,2025-01-20T00:00:00.000Z,2025-01-20,12582945.220839,64802167.88732085,0,0,12582945.220839,64802167.88732085,0,0,0,0,0,0,0,0,0,0,0,0,0
POL,POL,2025-01-21T00:00:00.000Z,2025-01-21,12582945.220839,62914726.104195,0,0,12582945.220839,62914726.104195,0,0,0,0,0,0,0,0,0,0,0,0,0
POL,POL,2025-01-22T00:00:00.000Z,2025-01-22,12582945.220839,60020648.70340203,0,0,12582945.220839,60020648.70340203,0,0,0,0,0,0,0,0,0,0,0,0,0
POL,POL,2025-01-23T00:00:00.000Z,2025-01-23,12582945.220839,56119935.68494194,0,0,12582945.220839,56119935.68494194,0,0,0,0,0,0,0,0,0,0,0,0,0
POL,POL,2025-01-24T00:00:00.000Z,2025-01-24,12582945.220839,54735811.71064965,0,0,12582945.220839,54735811.71064965,0,0,0,0,0,0,0,0,0,0,0,0,0
POL,POL,2025-01-25T00:00:00.000Z,2025-01-25,12582945.220839,55490788.42389999,0,0,12582945.220839,55490788.42389999,0,0,0,0,0,0,0,0,0,0,0,0,0
POL,POL,2025-01-26T00:00:00.000Z,2025-01-26,12582945.220839,54484152.80623287,0,0,12582945.220839,54484152.80623287,0,0,0,0,0,0,0,0,0,0,0,0,0
POL,POL,2025-01-27T00:00:00.000Z,2025-01-27,12582945.220839,52345052.11869024,0,0,12582945.220839,52345052.11869024,0,0,0,0,0,0,0,0,0,0,0,0,0
POL,POL,2025-01-28T00:00:00.000Z,2025-01-28,12582945.220839,56749082.94598389,0,0,12582945.220839,56749082.94598389,0,0,0,0,0,0,0,0,0,0,0,0,0
POL,POL,2025-01-29T00:00:00.000Z,2025-01-29,12582945.220839,59139842.5379433,0,0,12582945.220839,59139842.5379433,0,0,0,0,0,0,0,0,0,0,0,0,0
POL,POL,2025-01-30T00:00:00.000Z,2025-01-30,12582945.220839,53603346.64077414,0,0,12582945.220839,53603346.64077414,0,0,0,0,0,0,0,0,0,0,0,0,0
POL,POL,2025-01-31T00:00:00.000Z,2025-01-31,12582945.220839,51715904.85764829,0,0,12582945.220839,51715904.85764829,0,0,0,0,0,0,0,0,0,0,0,0,0
POL,POL,2025-02-01T00:00:00.000Z,2025-02-01,12582945.220839,49325145.26568888,0,0,12582945.220839,49325145.26568888,0,0,0,0,0,0,0,0,0,0,0,0,0
POL,POL,2025-02-02T00:00:00.000Z,2025-02-02,12582945.220839,43159502.10747777,0,0,12582945.220839,43159502.10747777,0,0,0,0,0,0,0,0,0,0,0,0,0
POL,POL,2025-02-03T00:00:00.000Z,2025-02-03,12582945.220839,40894571.96772675,0,0,12582945.220839,40894571.96772675,0,0,0,0,0,0,0,0,0,0,0,0,0
POL,POL,2025-02-04T00:00:00.000Z,2025-02-04,12582945.220839,39132959.63680929,0,0,12582945.220839,39132959.63680929,0,0,0,0,0,0,0,0,0,0,0,0,0
POL,POL,2025-02-05T00:00:00.000Z,2025-02-05,12582945.220839,36616370.59264149,0,0,12582945.220839,36616370.59264149,0,0,0,0,0,0,0,0,0,0,0,0,0
POL,POL,2025-02-06T00:00:00.000Z,2025-02-06,12582945.220839,35358076.07055759,0,0,12582945.220839,35358076.07055759,0,0,0,0,0,0,0,0,0,0,0,0,0
POL,POL,2025-02-07T00:00:00.000Z,2025-02-07,12582945.220839,34728928.80951564,0,0,12582945.220839,34728928.80951564,0,0,0,0,0,0,0,0,0,0,0,0,0
POL,POL,2025-02-08T00:00:00.000Z,2025-02-08,12582945.220839,31960680.86093106,0,0,12582945.220839,31960680.86093106,0,0,0,0,0,0,0,0,0,0,0,0,0
POL,POL,2025-02-09T00:00:00.000Z,2025-02-09,12582945.220839,32086510.31313945,0,0,12582945.220839,32086510.31313945,0,0,0,0,0,0,0,0,0,0,0,0,0
POL,POL,2025-02-10T00:00:00.000Z,2025-02-10,12582945.220839,32841487.02638979,0,0,12582945.220839,32841487.02638979,0,0,0,0,0,0,0,0,0,0,0,0,0
POL,POL,2025-02-11T00:00:00.000Z,2025-02-11,12582945.220839,37371347.30589183,0,0,12582945.220839,37371347.30589183,0,0,0,0,0,0,0,0,0,0,0,0,0
POL,POL,2025-02-12T00:00:00.000Z,2025-02-12,12582945.220839,35735564.42718276,0,0,12582945.220839,35735564.42718276,0,0,0,0,0,0,0,0,0,0,0,0,0
POL,POL,2025-02-13T00:00:00.000Z,2025-02-13,12582945.220839,35861393.87939115,0,0,12582945.220839,35861393.87939115,0,0,0,0,0,0,0,0,0,0,0,0,0
POL,POL,2025-02-14T00:00:00.000Z,2025-02-14,12582945.220839,36364711.68822471,0,0,12582945.220839,36364711.68822471,0,0,0,0,0,0,0,0,0,0,0,0,0
POL,POL,2025-02-15T00:00:00.000Z,2025-02-15,12582945.220839,36238882.23601632,0,0,12582945.220839,36238882.23601632,0,0,0,0,0,0,0,0,0,0,0,0,0
POL,POL,2025-02-16T00:00:00.000Z,2025-02-16,12582945.220839,35483905.52276598,0,0,12582945.220839,35483905.52276598,0,0,0,0,0,0,0,0,0,0,0,0,0
POL,POL,2025-02-17T00:00:00.000Z,2025-02-17,12582945.220839,36616370.59264149,0,0,12582945.220839,36616370.59264149,0,0,0,0,0,0,0,0,0,0,0,0,0
POL,POL,2025-02-18T00:00:00.000Z,2025-02-18,12582945.220839,33344804.83522335,0,0,12582945.220839,33344804.83522335,0,0,0,0,0,0,0,0,0,0,0,0,0
POL,POL,2025-02-19T00:00:00.000Z,2025-02-19,12582945.220839,32715657.5741814,0,0,12582945.220839,32715657.5741814,0,0,0,0,0,0,0,0,0,0,0,0,0
POL,POL,2025-02-20T00:00:00.000Z,2025-02-20,12582945.220839,31960680.86093106,0,0,12582945.220839,31960680.86093106,0,0,0,0,0,0,0,0,0,0,0,0,0
POL,POL,2025-02-21T00:00:00.000Z,2025-02-21,12582945.220839,32338169.21755623,0,0,12582945.220839,32338169.21755623,0,0,0,0,0,0,0,0,0,0,0,0,0
POL,POL,2025-02-22T00:00:00.000Z,2025-02-22,12582945.220839,31331533.59988911,0,0,12582945.220839,31331533.59988911,0,0,0,0,0,0,0,0,0,0,0,0,0
POL,POL,2025-02-23T00:00:00.000Z,2025-02-23,12582945.220839,32463998.66976462,0,0,12582945.220839,32463998.66976462,0,0,0,0,0,0,0,0,0,0,0,0,0
POL,POL,2025-02-24T00:00:00.000Z,2025-02-24,12582945.220839,30702386.33884716,0,0,12582945.220839,30702386.33884716,0,0,0,0,0,0,0,0,0,0,0,0,0
POL,POL,2025-02-25T00:00:00.000Z,2025-02-25,12582945.220839,27430820.58142902,0,0,12582945.220839,27430820.58142902,0,0,0,0,0,0,0,0,0,0,0,0,0
POL,POL,2025-02-26T00:00:00.000Z,2025-02-26,12582945.220839,27808308.93805419,0,0,12582945.220839,27808308.93805419,0,0,0,0,0,0,0,0,0,0,0,0,0
POL,POL,2025-02-27T00:00:00.000Z,2025-02-27,12582945.220839,26927502.77259546,0,0,12582945.220839,26927502.77259546,0,0,0,0,0,0,0,0,0,0,0,0,0
POL,POL,2025-02-28T00:00:00.000Z,2025-02-28,12582945.220839,24410913.72842766,0,0,12582945.220839,24410913.72842766,0,0,0,0,0,0,0,0,0,0,0,0,0
POL,POL,2025-03-01T00:00:00.000Z,2025-03-01,12582945.220839,25669208.25051156,0,0,12582945.220839,25669208.25051156,0,0,0,0,0,0,0,0,0,0,0,0,0
POL,POL,2025-03-02T00:00:00.000Z,2025-03-02,12582945.220839,28814944.55572131,0,0,12582945.220839,28814944.55572131,0,0,0,0,0,0,0,0,0,0,0,0,0
POL,POL,2025-03-03T00:00:00.000Z,2025-03-03,12582945.220839,48695998.00464693,0,0,12582945.220839,48695998.00464693,0,0,0,0,0,0,0,0,0,0,0,0,0
POL,POL,2025-03-04T00:00:00.000Z,2025-03-04,12582945.220839,35672649.701078564,0,0,12582945.220839,35672649.701078564,0,0,0,0,0,0,0,0,0,0,0,0,0
POL,POL,2025-03-05T00:00:00.000Z,2025-03-05,12582945.220839,36993858.94926666,0,0,12582945.220839,36993858.94926666,0,0,0,0,0,0,0,0,0,0,0,0,0
POL,POL,2025-03-06T00:00:00.000Z,2025-03-06,12582945.220839,34728928.80951564,0,0,12582945.220839,34728928.80951564,0,0,0,0,0,0,0,0,0,0,0,0,0
POL,POL,2025-03-07T00:00:00.000Z,2025-03-07,12582945.220839,32338169.21755623,0,0,12582945.220839,32338169.21755623,0,0,0,0,0,0,0,0,0,0,0,0,0
POL,POL,2025-03-08T00:00:00.000Z,2025-03-08,12582945.220839,32463998.66976462,0,0,12582945.220839,32463998.66976462,0,0,0,0,0,0,0,0,0,0,0,0,0
POL,POL,2025-03-09T00:00:00.000Z,2025-03-09,12582945.220839,30199068.5300136,0,0,12582945.220839,30199068.5300136,0,0,0,0,0,0,0,0,0,0,0,0,0
POL,POL,2025-03-10T00:00:00.000Z,2025-03-10,12582945.220839,27556650.03363741,0,0,12582945.220839,27556650.03363741,0,0,0,0,0,0,0,0,0,0,0,0,0
POL,POL,2025-03-11T00:00:00.000Z,2025-03-11,12582945.220839,29444091.81676326,0,0,12582945.220839,29444091.81676326,0,0,0,0,0,0,0,0,0,0,0,0,0
POL,POL,2025-03-12T00:00:00.000Z,2025-03-12,12582945.220839,28311626.74688775,0,0,12582945.220839,28311626.74688775,0,0,0,0,0,0,0,0,0,0,0,0,0
POL,POL,2025-03-13T00:00:00.000Z,2025-03-13,12582945.220839,26550014.41597029,0,0,12582945.220839,26550014.41597029,0,0,0,0,0,0,0,0,0,0,0,0,0
POL,POL,2025-03-14T00:00:00.000Z,2025-03-14,12582945.220839,28311626.74688775,0,0,12582945.220839,28311626.74688775,0,0,0,0,0,0,0,0,0,0,0,0,0
POL,POL,2025-03-15T00:00:00.000Z,2025-03-15,12582945.220839,28814944.55572131,0,0,12582945.220839,28814944.55572131,0,0,0,0,0,0,0,0,0,0,0,0,0
POL,POL,2025-03-16T00:00:00.000Z,2025-03-16,12582945.220839,27179161.67701224,0,0,12582945.220839,27179161.67701224,0,0,0,0,0,0,0,0,0,0,0,0,0
POL,POL,2025-03-17T00:00:00.000Z,2025-03-17,12582945.220839,27682479.4858458,0,0,12582945.220839,27682479.4858458,0,0,0,0,0,0,0,0,0,0,0,0,0
POL,POL,2025-03-18T00:00:00.000Z,2025-03-18,12582945.220839,27304991.12922063,0,0,12582945.220839,27304991.12922063,0,0,0,0,0,0,0,0,0,0,0,0,0
POL,POL,2025-03-19T00:00:00.000Z,2025-03-19,12582945.220839,27682479.4858458,0,0,12582945.220839,27682479.4858458,0,0,0,0,0,0,0,0,0,0,0,0,0
POL,POL,2025-03-20T00:00:00.000Z,2025-03-20,12582945.220839,27682479.4858458,0,0,12582945.220839,27682479.4858458,0,0,0,0,0,0,0,0,0,0,0,0,0
POL,POL,2025-03-21T00:00:00.000Z,2025-03-21,12582945.220839,27430820.58142902,0,0,12582945.220839,27430820.58142902,0,0,0,0,0,0,0,0,0,0,0,0,0
POL,POL,2025-03-22T00:00:00.000Z,2025-03-22,12582945.220839,28311626.74688775,0,0,12582945.220839,28311626.74688775,0,0,0,0,0,0,0,0,0,0,0,0,0
POL,POL,2025-03-23T00:00:00.000Z,2025-03-23,12582945.220839,30450727.43443038,0,0,12582945.220839,30450727.43443038,0,0,0,0,0,0,0,0,0,0,0,0,0
POL,POL,2025-03-24T00:00:00.000Z,2025-03-24,12582945.220839,29947409.62559682,0,0,12582945.220839,29947409.62559682,0,0,0,0,0,0,0,0,0,0,0,0,0
POL,POL,2025-03-25T00:00:00.000Z,2025-03-25,12582945.220839,30576556.88663877,0,0,12582945.220839,30576556.88663877,0,0,0,0,0,0,0,0,0,0,0,0,0
POL,POL,2025-03-26T00:00:00.000Z,2025-03-26,12582945.220839,32212339.76534784,0,0,12582945.220839,32212339.76534784,0,0,0,0,0,0,0,0,0,0,0,0,0
POL,POL,2025-03-27T00:00:00.000Z,2025-03-27,12582945.220839,30199068.5300136,0,0,12582945.220839,30199068.5300136,0,0,0,0,0,0,0,0,0,0,0,0,0
POL,POL,2025-03-28T00:00:00.000Z,2025-03-28,12582945.220839,30576556.88663877,0,0,12582945.220839,30576556.88663877,0,0,0,0,0,0,0,0,0,0,0,0,0
POL,POL,2025-03-29T00:00:00.000Z,2025-03-29,12582945.220839,29821580.17338843,0,0,12582945.220839,29821580.17338843,0,0,0,0,0,0,0,0,0,0,0,0,0
POL,POL,2025-03-30T00:00:00.000Z,2025-03-30,12582945.220839,29444091.81676326,0,0,12582945.220839,29444091.81676326,0,0,0,0,0,0,0,0,0,0,0,0,0
POL,POL,2025-03-31T00:00:00.000Z,2025-03-31,12582945.220839,27179161.67701224,0,0,12582945.220839,27179161.67701224,0,0,0,0,0,0,0,0,0,0,0,0,0
POL,POL,2025-04-01T00:00:00.000Z,2025-04-01,12582945.220839,27556650.03363741,0,0,12582945.220839,27556650.03363741,0,0,0,0,0,0,0,0,0,0,0,0,0
POL,POL,2025-04-02T00:00:00.000Z,2025-04-02,12582945.220839,28059967.84247097,0,0,12582945.220839,28059967.84247097,0,0,0,0,0,0,0,0,0,0,0,0,0
POL,POL,2025-04-03T00:00:00.000Z,2025-04-03,12582945.220839,25291719.89388639,0,0,12582945.220839,25291719.89388639,0,0,0,0,0,0,0,0,0,0,0,0,0
POL,POL,2025-04-04T00:00:00.000Z,2025-04-04,12582945.220839,26046696.60713673,0,0,12582945.220839,26046696.60713673,0,0,0,0,0,0,0,0,0,0,0,0,0
POL,POL,2025-04-05T00:00:00.000Z,2025-04-05,12582945.220839,26172526.05934512,0,0,12582945.220839,26172526.05934512,0,0,0,0,0,0,0,0,0,0,0,0,0
POL,POL,2025-04-06T00:00:00.000Z,2025-04-06,12582945.220839,23593022.289073125,0,0,12582945.220839,23593022.289073125,0,0,0,0,0,0,0,0,0,0,0,0,0
POL,POL,2025-04-07T00:00:00.000Z,2025-04-07,12582945.220839,21391006.8754263,0,0,12582945.220839,21391006.8754263,0,0,0,0,0,0,0,0,0,0,0,0,0
POL,POL,2025-04-08T00:00:00.000Z,2025-04-08,12582945.220839,20887689.06659274,0,0,12582945.220839,20887689.06659274,0,0,0,0,0,0,0,0,0,0,0,0,0
POL,POL,2025-04-09T00:00:00.000Z,2025-04-09,12582945.220839,24159254.82401088,0,0,12582945.220839,24159254.82401088,0,0,0,0,0,0,0,0,0,0,0,0,0
POL,POL,2025-04-10T00:00:00.000Z,2025-04-10,12582945.220839,22145983.58867664,0,0,12582945.220839,22145983.58867664,0,0,0,0,0,0,0,0,0,0,0,0,0
POL,POL,2025-04-11T00:00:00.000Z,2025-04-11,12582945.220839,23530107.56296893,0,0,12582945.220839,23530107.56296893,0,0,0,0,0,0,0,0,0,0,0,0,0
POL,POL,2025-04-12T00:00:00.000Z,2025-04-12,12582945.220839,25165890.441678,0,0,12582945.220839,25165890.441678,0,0,0,0,0,0,0,0,0,0,0,0,0
POL,POL,2025-04-13T00:00:00.000Z,2025-04-13,12582945.220839,24788402.08505283,0,0,12582945.220839,24788402.08505283,0,0,0,0,0,0,0,0,0,0,0,0,0
POL,POL,2025-04-14T00:00:00.000Z,2025-04-14,12582945.220839,25795037.70271995,0,0,12582945.220839,25795037.70271995,0,0,0,0,0,0,0,0,0,0,0,0,0
POL,POL,2025-04-15T00:00:00.000Z,2025-04-15,12582945.220839,24159254.82401088,0,0,12582945.220839,24159254.82401088,0,0,0,0,0,0,0,0,0,0,0,0,0
POL,POL,2025-04-16T00:00:00.000Z,2025-04-16,12582945.220839,23907595.9195941,0,0,12582945.220839,23907595.9195941,0,0,0,0,0,0,0,0,0,0,0,0,0
POL,POL,2025-04-17T00:00:00.000Z,2025-04-17,12582945.220839,25165890.441678,0,0,12582945.220839,25165890.441678,0,0,0,0,0,0,0,0,0,0,0,0,0
POL,POL,2025-04-18T00:00:00.000Z,2025-04-18,12582945.220839,25920867.15492834,0,0,12582945.220839,25920867.15492834,0,0,0,0,0,0,0,0,0,0,0,0,0
POL,POL,2025-04-19T00:00:00.000Z,2025-04-19,12582945.220839,25669208.25051156,0,0,12582945.220839,25669208.25051156,0,0,0,0,0,0,0,0,0,0,0,0,0
POL,POL,2025-04-20T00:00:00.000Z,2025-04-20,12582945.220839,24662572.63284444,0,0,12582945.220839,24662572.63284444,0,0,0,0,0,0,0,0,0,0,0,0,0
POL,POL,2025-04-21T00:00:00.000Z,2025-04-21,12582945.220839,25669208.25051156,0,0,12582945.220839,25669208.25051156,0,0,0,0,0,0,0,0,0,0,0,0,0
POL,POL,2025-04-22T00:00:00.000Z,2025-04-22,12582945.220839,26046696.60713673,0,0,12582945.220839,26046696.60713673,0,0,0,0,0,0,0,0,0,0,0,0,0
POL,POL,2025-04-23T00:00:00.000Z,2025-04-23,12582945.220839,28437456.19909614,0,0,12582945.220839,28437456.19909614,0,0,0,0,0,0,0,0,0,0,0,0,0
POL,POL,2025-04-24T00:00:00.000Z,2025-04-24,12582945.220839,27053332.22480385,0,0,12582945.220839,27053332.22480385,0,0,0,0,0,0,0,0,0,0,0,0,0
POL,POL,2025-04-25T00:00:00.000Z,2025-04-25,12582945.220839,27808308.93805419,0,0,12582945.220839,27808308.93805419,0,0,0,0,0,0,0,0,0,0,0,0,0
POL,POL,2025-04-26T00:00:00.000Z,2025-04-26,12582945.220839,27179161.67701224,0,0,12582945.220839,27179161.67701224,0,0,0,0,0,0,0,0,0,0,0,0,0
POL,POL,2025-04-27T00:00:00.000Z,2025-04-27,12582945.220839,28059967.84247097,0,0,12582945.220839,28059967.84247097,0,0,0,0,0,0,0,0,0,0,0,0,0
POL,POL,2025-04-28T00:00:00.000Z,2025-04-28,12582945.220839,29444091.81676326,0,0,12582945.220839,29444091.81676326,0,0,0,0,0,0,0,0,0,0,0,0,0
POL,POL,2025-04-29T00:00:00.000Z,2025-04-29,12582945.220839,28563285.65130453,0,0,12582945.220839,28563285.65130453,0,0,0,0,0,0,0,0,0,0,0,0,0
POL,POL,2025-04-30T00:00:00.000Z,2025-04-30,12582945.220839,28437456.19909614,0,0,12582945.220839,28437456.19909614,0,0,0,0,0,0,0,0,0,0,0,0,0
POL,POL,2025-05-01T00:00:00.000Z,2025-05-01,12582945.220839,29821580.17338843,0,0,12582945.220839,29821580.17338843,0,0,0,0,0,0,0,0,0,0,0,0,0
POL,POL,2025-05-02T00:00:00.000Z,2025-05-02,12582945.220839,32338169.21755623,0,0,12582945.220839,32338169.21755623,0,0,0,0,0,0,0,0,0,0,0,0,0
POL,POL,2025-05-03T00:00:00.000Z,2025-05-03,12582945.220839,33722293.19184852,0,0,12582945.220839,33722293.19184852,0,0,0,0,0,0,0,0,0,0,0,0,0
POL,POL,2025-05-04T00:00:00.000Z,2025-05-04,12582945.220839,32086510.31313945,0,0,12582945.220839,32086510.31313945,0,0,0,0,0,0,0,0,0,0,0,0,0
POL,POL,2025-05-05T00:00:00.000Z,2025-05-05,12582945.220839,32841487.02638979,0,0,12582945.220839,32841487.02638979,0,0,0,0,0,0,0,0,0,0,0,0,0
POL,POL,2025-05-06T00:00:00.000Z,2025-05-06,12582945.220839,31205704.14768072,0,0,12582945.220839,31205704.14768072,0,0,0,0,0,0,0,0,0,0,0,0,0
POL,POL,2025-05-07T00:00:00.000Z,2025-05-07,12582945.220839,32212339.76534784,0,0,12582945.220839,32212339.76534784,0,0,0,0,0,0,0,0,0,0,0,0,0
POL,POL,2025-05-08T00:00:00.000Z,2025-05-08,12582945.220839,31709021.95651428,0,0,12582945.220839,31709021.95651428,0,0,0,0,0,0,0,0,0,0,0,0,0
POL,POL,2025-05-09T00:00:00.000Z,2025-05-09,12582945.220839,35861393.87939115,0,0,12582945.220839,35861393.87939115,0,0,0,0,0,0,0,0,0,0,0,0,0
POL,POL,2025-05-10T00:00:00.000Z,2025-05-10,12582945.220839,38629641.82797573,0,0,12582945.220839,38629641.82797573,0,0,0,0,0,0,0,0,0,0,0,0,0
POL,POL,2025-05-11T00:00:00.000Z,2025-05-11,12582945.220839,40768742.51551836,0,0,12582945.220839,40768742.51551836,0,0,0,0,0,0,0,0,0,0,0,0,0
POL,POL,2025-05-12T00:00:00.000Z,2025-05-12,12582945.220839,39762106.89785124,0,0,12582945.220839,39762106.89785124,0,0,0,0,0,0,0,0,0,0,0,0,0
POL,POL,2025-05-13T00:00:00.000Z,2025-05-13,12582945.220839,39636277.44564285,0,0,12582945.220839,39636277.44564285,0,0,0,0,0,0,0,0,0,0,0,0,0
POL,POL,2025-05-14T00:00:00.000Z,2025-05-14,12582945.220839,40391254.15889319,0,0,12582945.220839,40391254.15889319,0,0,0,0,0,0,0,0,0,0,0,0,0
POL,POL,2025-05-15T00:00:00.000Z,2025-05-15,12582945.220839,38377982.92355895,0,0,12582945.220839,38377982.92355895,0,0,0,0,0,0,0,0,0,0,0,0,0
POL,POL,2025-05-16T00:00:00.000Z,2025-05-16,12582945.220839,37748835.662517,0,0,12582945.220839,37748835.662517,0,0,0,0,0,0,0,0,0,0,0,0,0
POL,POL,2025-05-17T00:00:00.000Z,2025-05-17,12582945.220839,35358076.07055759,0,0,12582945.220839,35358076.07055759,0,0,0,0,0,0,0,0,0,0,0,0,0
POL,POL,2025-05-18T00:00:00.000Z,2025-05-18,12582945.220839,33218975.38301496,0,0,12582945.220839,33218975.38301496,0,0,0,0,0,0,0,0,0,0,0,0,0
POL,POL,2025-05-19T00:00:00.000Z,2025-05-19,12582945.220839,33596463.73964013,0,0,12582945.220839,33596463.73964013,0,0,0,0,0,0,0,0,0,0,0,0,0
POL,POL,2025-05-20T00:00:00.000Z,2025-05-20,12582945.220839,34351440.45289047,0,0,12582945.220839,34351440.45289047,0,0,0,0,0,0,0,0,0,0,0,0,0
POL,POL,2025-05-21T00:00:00.000Z,2025-05-21,12582945.220839,34225611.00068208,0,0,12582945.220839,34225611.00068208,0,0,0,0,0,0,0,0,0,0,0,0,0
POL,POL,2025-05-22T00:00:00.000Z,2025-05-22,12582945.220839,36993858.94926666,0,0,12582945.220839,36993858.94926666,0,0,0,0,0,0,0,0,0,0,0,0,0
POL,POL,2025-05-23T00:00:00.000Z,2025-05-23,12582945.220839,39636277.44564285,0,0,12582945.220839,39636277.44564285,0,0,0,0,0,0,0,0,0,0,0,0,0
POL,POL,2025-05-24T00:00:00.000Z,2025-05-24,12582945.220839,35987223.33159954,0,0,12582945.220839,35987223.33159954,0,0,0,0,0,0,0,0,0,0,0,0,0
POL,POL,2025-05-25T00:00:00.000Z,2025-05-25,12582945.220839,34980587.71393242,0,0,12582945.220839,34980587.71393242,0,0,0,0,0,0,0,0,0,0,0,0,0
POL,POL,2025-05-26T00:00:00.000Z,2025-05-26,12582945.220839,36616370.59264149,0,0,12582945.220839,36616370.59264149,0,0,0,0,0,0,0,0,0,0,0,0,0
POL,POL,2025-05-27T00:00:00.000Z,2025-05-27,12582945.220839,39762106.89785124,0,0,12582945.220839,39762106.89785124,0,0,0,0,0,0,0,0,0,0,0,0,0
POL,POL,2025-05-28T00:00:00.000Z,2025-05-28,12582945.220839,41585329.98192305,0,0,12582945.220839,41585329.98192305,0,0,0,0,0,0,0,0,0,0,0,0,0
POL,POL,2025-05-29T00:00:00.000Z,2025-05-29,12582945.220839,40642913.06330997,0,0,12582945.220839,40642913.06330997,0,0,0,0,0,0,0,0,0,0,0,0,0
POL,POL,2025-05-30T00:00:00.000Z,2025-05-30,12582945.220839,36996653.61066172,0,0,12582945.220839,36996653.61066172,0,0,0,0,0,0,0,0,0,0,0,0,0
POL,POL,2025-05-31T00:00:00.000Z,2025-05-31,12582945.220839,34984753.89240996,0,0,12582945.220839,34984753.89240996,0,0,0,0,0,0,0,0,0,0,0,0,0
POL,POL,2025-06-01T00:00:00.000Z,2025-06-01,12582945.220839,35094402.45044206,0,0,12582945.220839,35094402.45044206,0,0,0,0,0,0,0,0,0,0,0,0,0
POL,POL,2025-06-02T00:00:00.000Z,2025-06-02,12582945.220839,38000494.56693378,0,0,12582945.220839,38000494.56693378,0,0,0,0,0,0,0,0,0,0,0,0,0
POL,POL,2025-06-03T00:00:00.000Z,2025-06-03,12582945.220839,40441446.07477935,0,0,12582945.220839,40441446.07477935,0,0,0,0,0,0,0,0,0,0,0,0,0
POL,POL,2025-06-04T00:00:00.000Z,2025-06-04,12582945.220839,39636277.44564285,0,0,12582945.220839,39636277.44564285,0,0,0,0,0,0,0,0,0,0,0,0,0
POL,POL,2025-06-05T00:00:00.000Z,2025-06-05,12582945.220839,38142126.20807977,0,0,12582945.220839,38142126.20807977,0,0,0,0,0,0,0,0,0,0,0,0,0
POL,POL,2025-06-06T00:00:00.000Z,2025-06-06,12582945.220839,34603099.35730725,0,0,12582945.220839,34603099.35730725,0,0,0,0,0,0,0,0,0,0,0,0,0
POL,POL,2025-06-07T00:00:00.000Z,2025-06-07,12582945.220839,36742200.04484988,0,0,12582945.220839,36742200.04484988,0,0,0,0,0,0,0,0,0,0,0,0,0
POL,POL,2025-06-08T00:00:00.000Z,2025-06-08,12582945.220839,36490541.1404331,0,0,12582945.220839,36490541.1404331,0,0,0,0,0,0,0,0,0,0,0,0,0
POL,POL,2025-06-09T00:00:00.000Z,2025-06-09,12582945.220839,35987223.33159954,0,0,12582945.220839,35987223.33159954,0,0,0,0,0,0,0,0,0,0,0,0,0
POL,POL,2025-06-10T00:00:00.000Z,2025-06-10,12582945.220839,38126324.01914217,0,0,12582945.220839,38126324.01914217,0,0,0,0,0,0,0,0,0,0,0,0,0
POL,POL,2025-06-11T00:00:00.000Z,2025-06-11,12582945.220839,39887936.35005963,0,0,12582945.220839,39887936.35005963,0,0,0,0,0,0,0,0,0,0,0,0,0
POL,POL,2025-06-12T00:00:00.000Z,2025-06-12,12582945.220839,38371466.86938326,0,0,12582945.220839,38371466.86938326,0,0,0,0,0,0,0,0,0,0,0,0,0
POL,POL,2025-06-13T00:00:00.000Z,2025-06-13,12582945.220839,34603099.35730725,0,0,12582945.220839,34603099.35730725,0,0,0,0,0,0,0,0,0,0,0,0,0
POL,POL,2025-06-14T00:00:00.000Z,2025-06-14,12582945.220839,35106417.16614081,0,0,12582945.220839,35106417.16614081,0,0,0,0,0,0,0,0,0,0,0,0,0
POL,POL,2025-06-15T00:00:00.000Z,2025-06-15,12582945.220839,32212339.76534784,0,0,12582945.220839,32212339.76534784,0,0,0,0,0,0,0,0,0,0,0,0,0
POL,POL,2025-06-16T00:00:00.000Z,2025-06-16,12582945.220839,35413840.26657645,0,0,12582945.220839,35413840.26657645,0,0,0,0,0,0,0,0,0,0,0,0,0
POL,POL,2025-06-17T00:00:00.000Z,2025-06-17,12582945.220839,33141254.10525895,0,0,12582945.220839,33141254.10525895,0,0,0,0,0,0,0,0,0,0,0,0,0
POL,POL,2025-06-18T00:00:00.000Z,2025-06-18,12582945.220839,28689115.10351292,0,0,12582945.220839,28689115.10351292,0,0,0,0,0,0,0,0,0,0,0,0,0
POL,POL,2025-06-19T00:00:00.000Z,2025-06-19,12582945.220839,29817598.88514866,0,0,12582945.220839,29817598.88514866,0,0,0,0,0,0,0,0,0,0,0,0,0
POL,POL,2025-06-20T00:00:00.000Z,2025-06-20,12582945.220839,29710711.18888083,0,0,12582945.220839,29710711.18888083,0,0,0,0,0,0,0,0,0,0,0,0,0
POL,POL,2025-06-21T00:00:00.000Z,2025-06-21,12582945.220839,28437456.19909614,0,0,12582945.220839,28437456.19909614,0,0,0,0,0,0,0,0,0,0,0,0,0
POL,POL,2025-06-22T00:00:00.000Z,2025-06-22,12582945.220839,25100959.7279919,0,0,12582945.220839,25100959.7279919,0,0,0,0,0,0,0,0,0,0,0,0,0
POL,POL,2025-06-23T00:00:00.000Z,2025-06-23,12582945.220839,24033425.37180249,0,0,12582945.220839,24033425.37180249,0,0,0,0,0,0,0,0,0,0,0,0,0
POL,POL,2025-06-24T00:00:00.000Z,2025-06-24,12582945.220839,27934138.39026258,0,0,12582945.220839,27934138.39026258,0,0,0,0,0,0,0,0,0,0,0,0,0
POL,POL,2025-06-25T00:00:00.000Z,2025-06-25,12582945.220839,26504267.41384221,0,0,12582945.220839,26504267.41384221,0,0,0,0,0,0,0,0,0,0,0,0,0
POL,POL,2025-06-26T00:00:00.000Z,2025-06-26,12582945.220839,25795037.70271995,0,0,12582945.220839,25795037.70271995,0,0,0,0,0,0,0,0,0,0,0,0,0
POL,POL,2025-06-27T00:00:00.000Z,2025-06-27,12582945.220839,24402671.56603824,0,0,12582945.220839,24402671.56603824,0,0,0,0,0,0,0,0,0,0,0,0,0
POL,POL,2025-06-28T00:00:00.000Z,2025-06-28,12582945.220839,24602470.65143816,0,0,12582945.220839,24602470.65143816,0,0,0,0,0,0,0,0,0,0,0,0,0
POL,POL,2025-06-29T00:00:00.000Z,2025-06-29,12582945.220839,23478210.03333874,0,0,12582945.220839,23478210.03333874,0,0,0,0,0,0,0,0,0,0,0,0,0
POL,POL,2025-06-30T00:00:00.000Z,2025-06-30,12582945.220839,22517029.66476148,0,0,12582945.220839,22517029.66476148,0,0,0,0,0,0,0,0,0,0,0,0,0
POL,POL,2025-07-01T00:00:00.000Z,2025-07-01,12582945.220839,21768495.23205147,0,0,12582945.220839,21768495.23205147,0,0,0,0,0,0,0,0,0,0,0,0,0
POL,POL,2025-07-02T00:00:00.000Z,2025-07-02,12582945.220839,24536743.18063605,0,0,12582945.220839,24536743.18063605,0,0,0,0,0,0,0,0,0,0,0,0,0
POL,POL,2025-07-03T00:00:00.000Z,2025-07-03,12582945.220839,25040060.98946961,0,0,12582945.220839,25040060.98946961,0,0,0,0,0,0,0,0,0,0,0,0,0
POL,POL,2025-07-04T00:00:00.000Z,2025-07-04,12582945.220839,24749348.97358379,0,0,12582945.220839,24749348.97358379,0,0,0,0,0,0,0,0,0,0,0,0,0
POL,POL,2025-07-05T00:00:00.000Z,2025-07-05,12582945.220839,25040060.98946961,0,0,12582945.220839,25040060.98946961,0,0,0,0,0,0,0,0,0,0,0,0,0
POL,POL,2025-07-06T00:00:00.000Z,2025-07-06,12582945.220839,25543378.79830317,0,0,12582945.220839,25543378.79830317,0,0,0,0,0,0,0,0,0,0,0,0,0
POL,POL,2025-07-07T00:00:00.000Z,2025-07-07,12582945.220839,24685973.86028939,0,0,12582945.220839,24685973.86028939,0,0,0,0,0,0,0,0,0,0,0,0,0
POL,POL,2025-07-08T00:00:00.000Z,2025-07-08,12582945.220839,24999872.93541269,0,0,12582945.220839,24999872.93541269,0,0,0,0,0,0,0,0,0,0,0,0,0
POL,POL,2025-07-09T00:00:00.000Z,2025-07-09,12582945.220839,26714445.46379159,0,0,12582945.220839,26714445.46379159,0,0,0,0,0,0,0,0,0,0,0,0,0
POL,POL,2025-07-10T00:00:00.000Z,2025-07-10,12582945.220839,28563285.65130453,0,0,12582945.220839,28563285.65130453,0,0,0,0,0,0,0,0,0,0,0,0,0
POL,POL,2025-07-11T00:00:00.000Z,2025-07-11,12582945.220839,32365639.3785391,0,0,12582945.220839,32365639.3785391,0,0,0,0,0,0,0,0,0,0,0,0,0
POL,POL,2025-07-12T00:00:00.000Z,2025-07-12,12582945.220839,31412335.45192711,0,0,12582945.220839,31412335.45192711,0,0,0,0,0,0,0,0,0,0,0,0,0
POL,POL,2025-07-13T00:00:00.000Z,2025-07-13,12582945.220839,33138808.27092407,0,0,12582945.220839,33138808.27092407,0,0,0,0,0,0,0,0,0,0,0,0,0
POL,POL,2025-07-14T00:00:00.000Z,2025-07-14,12582945.220839,32086510.31313945,0,0,12582945.220839,32086510.31313945,0,0,0,0,0,0,0,0,0,0,0,0,0
POL,POL,2025-07-15T00:00:00.000Z,2025-07-15,12582945.220839,32150782.3583124,0,0,12582945.220839,32150782.3583124,0,0,0,0,0,0,0,0,0,0,0,0,0
POL,POL,2025-07-16T00:00:00.000Z,2025-07-16,12582945.220839,34099781.54847369,0,0,12582945.220839,34099781.54847369,0,0,0,0,0,0,0,0,0,0,0,0,0
POL,POL,2025-07-17T00:00:00.000Z,2025-07-17,12582945.220839,37748835.662517,0,0,12582945.220839,37748835.662517,0,0,0,0,0,0,0,0,0,0,0,0,0
POL,POL,2025-07-18T00:00:00.000Z,2025-07-18,12582945.220839,39262721.64201211,0,0,12582945.220839,39262721.64201211,0,0,0,0,0,0,0,0,0,0,0,0,0
POL,POL,2025-07-19T00:00:00.000Z,2025-07-19,12582945.220839,38494558.68979656,0,0,12582945.220839,38494558.68979656,0,0,0,0,0,0,0,0,0,0,0,0,0
POL,POL,2025-07-20T00:00:00.000Z,2025-07-20,12582945.220839,44397580.08435548,0,0,12582945.220839,44397580.08435548,0,0,0,0,0,0,0,0,0,0,0,0,0
POL,POL,2025-07-21T00:00:00.000Z,2025-07-21,12582945.220839,46748638.90716939,0,0,12582945.220839,46748638.90716939,0,0,0,0,0,0,0,0,0,0,0,0,0
POL,POL,2025-07-22T00:00:00.000Z,2025-07-22,12582945.220839,46423197.72610426,0,0,12582945.220839,46423197.72610426,0,0,0,0,0,0,0,0,0,0,0,0,0
POL,POL,2025-07-23T00:00:00.000Z,2025-07-23,12582945.220839,41617747.70486037,0,0,12582945.220839,41617747.70486037,0,0,0,0,0,0,0,0,0,0,0,0,0
POL,POL,2025-07-24T00:00:00.000Z,2025-07-24,12582945.220839,43726593.18211143,0,0,12582945.220839,43726593.18211143,0,0,0,0,0,0,0,0,0,0,0,0,0
POL,POL,2025-07-25T00:00:00.000Z,2025-07-25,12582945.220839,40080582.62604931,0,0,12582945.220839,40080582.62604931,0,0,0,0,0,0,0,0,0,0,0,0,0
POL,POL,2025-07-26T00:00:00.000Z,2025-07-26,12582945.220839,41012642.61207728,0,0,12582945.220839,41012642.61207728,0,0,0,0,0,0,0,0,0,0,0,0,0
POL,POL,2025-07-27T00:00:00.000Z,2025-07-27,12582945.220839,40998156.67091724,0,0,12582945.220839,40998156.67091724,0,0,0,0,0,0,0,0,0,0,0,0,0
POL,POL,2025-07-28T00:00:00.000Z,2025-07-28,12582945.220839,39995101.50728089,0,0,12582945.220839,39995101.50728089,0,0,0,0,0,0,0,0,0,0,0,0,0
POL,POL,2025-07-29T00:00:00.000Z,2025-07-29,12582945.220839,40694096.3951255,0,0,12582945.220839,40694096.3951255,0,0,0,0,0,0,0,0,0,0,0,0,0
POL,POL,2025-07-30T00:00:00.000Z,2025-07-30,12582945.220839,39339299.11240914,0,0,12582945.220839,39339299.11240914,0,0,0,0,0,0,0,0,0,0,0,0,0
POL,POL,2025-07-31T00:00:00.000Z,2025-07-31,12582945.220839,38532429.52323129,0,0,12582945.220839,38532429.52323129,0,0,0,0,0,0,0,0,0,0,0,0,0
POL,POL,2025-08-02T00:00:00.000Z,2025-08-02,12582945.220839,36964455.32481661,0,0,12582945.220839,36964455.32481661,0,0,0,0,0,0,0,0,0,0,0,0,0
POL,POL,2025-08-03T00:00:00.000Z,2025-08-03,12582945.220839,35217070.67548084,0,0,12582945.220839,35217070.67548084,0,0,0,0,0,0,0,0,0,0,0,0,0
POL,POL,2025-08-04T00:00:00.000Z,2025-08-04,12582945.220839,34578774.00243733,0,0,12582945.220839,34578774.00243733,0,0,0,0,0,0,0,0,0,0,0,0,0
POL,POL,2025-08-05T00:00:00.000Z,2025-08-05,12582945.220839,35561995.68075167,0,0,12582945.220839,35561995.68075167,0,0,0,0,0,0,0,0,0,0,0,0,0
POL,POL,2025-08-06T00:00:00.000Z,2025-08-06,12582945.220839,33117610.19556292,0,0,12582945.220839,33117610.19556292,0,0,0,0,0,0,0,0,0,0,0,0,0
POL,POL,2025-08-07T00:00:00.000Z,2025-08-07,12582945.220839,32836514.80996507,0,0,12582945.220839,32836514.80996507,0,0,0,0,0,0,0,0,0,0,0,0,0
POL,POL,2025-08-08T00:00:00.000Z,2025-08-08,12582945.220839,36499351.60843314,0,0,12582945.220839,36499351.60843314,0,0,0,0,0,0,0,0,0,0,0,0,0
POL,POL,2025-08-09T00:00:00.000Z,2025-08-09,12582945.220839,36837987.93756856,0,0,12582945.220839,36837987.93756856,0,0,0,0,0,0,0,0,0,0,0,0,0
POL,POL,2025-08-10T00:00:00.000Z,2025-08-10,12582945.220839,37550538.59907744,0,0,12582945.220839,37550538.59907744,0,0,0,0,0,0,0,0,0,0,0,0,0
POL,POL,2025-08-11T00:00:00.000Z,2025-08-11,12582945.220839,37037001.00695039,0,0,12582945.220839,37037001.00695039,0,0,0,0,0,0,0,0,0,0,0,0,0
POL,POL,2025-08-12T00:00:00.000Z,2025-08-12,12582945.220839,36341435.05315959,0,0,12582945.220839,36341435.05315959,0,0,0,0,0,0,0,0,0,0,0,0,0
POL,POL,2025-08-13T00:00:00.000Z,2025-08-13,12582945.220839,40749927.66410387,0,0,12582945.220839,40749927.66410387,0,0,0,0,0,0,0,0,0,0,0,0,0
POL,POL,2025-08-14T00:00:00.000Z,2025-08-14,12582945.220839,46034481.11141797,0,0,12582945.220839,46034481.11141797,0,0,0,0,0,0,0,0,0,0,0,0,0
POL,POL,2025-08-15T00:00:00.000Z,2025-08-15,12582945.220839,44023995.01674223,0,0,12582945.220839,44023995.01674223,0,0,0,0,0,0,0,0,0,0,0,0,0
POL,POL,2025-08-16T00:00:00.000Z,2025-08-16,12582945.220839,46120536.2456658,0,0,12582945.220839,46120536.2456658,0,0,0,0,0,0,0,0,0,0,0,0,0
POL,POL,2025-08-17T00:00:00.000Z,2025-08-17,12582945.220839,43396687.6049621,0,0,12582945.220839,43396687.6049621,0,0,0,0,0,0,0,0,0,0,0,0,0
POL,POL,2025-08-18T00:00:00.000Z,2025-08-18,12582945.220839,44785090.52291653,0,0,12582945.220839,44785090.52291653,0,0,0,0,0,0,0,0,0,0,0,0,0
POL,POL,2025-08-19T00:00:00.000Z,2025-08-19,12582945.220839,42782593.70811363,0,0,12582945.220839,42782593.70811363,0,0,0,0,0,0,0,0,0,0,0,0,0
POL,POL,2025-08-20T00:00:00.000Z,2025-08-20,12582945.220839,40699791.44023582,0,0,12582945.220839,40699791.44023582,0,0,0,0,0,0,0,0,0,0,0,0,0
POL,POL,2025-08-21T00:00:00.000Z,2025-08-21,12582945.220839,41931268.94623338,0,0,12582945.220839,41931268.94623338,0,0,0,0,0,0,0,0,0,0,0,0,0
POL,POL,2025-08-22T00:00:00.000Z,2025-08-22,12582945.220839,39079739.87606814,0,0,12582945.220839,39079739.87606814,0,0,0,0,0,0,0,0,0,0,0,0,0
POL,POL,2025-08-23T00:00:00.000Z,2025-08-23,12582945.220839,38710276.57273693,0,0,12582945.220839,38710276.57273693,0,0,0,0,0,0,0,0,0,0,0,0,0
POL,POL,2025-08-24T00:00:00.000Z,2025-08-24,12582945.220839,38400076.53930129,0,0,12582945.220839,38400076.53930129,0,0,0,0,0,0,0,0,0,0,0,0,0
POL,POL,2025-08-25T00:00:00.000Z,2025-08-25,12582945.220839,36922036.17897411,0,0,12582945.220839,36922036.17897411,0,0,0,0,0,0,0,0,0,0,0,0,0
POL,POL,2025-08-26T00:00:00.000Z,2025-08-26,12582945.220839,33461830.09270114,0,0,12582945.220839,33461830.09270114,0,0,0,0,0,0,0,0,0,0,0,0,0
POL,POL,2025-08-27T00:00:00.000Z,2025-08-27,12582945.220839,35363303.60987884,0,0,12582945.220839,35363303.60987884,0,0,0,0,0,0,0,0,0,0,0,0,0
POL,POL,2025-08-28T00:00:00.000Z,2025-08-28,12582945.220839,35685989.8128017,0,0,12582945.220839,35685989.8128017,0,0,0,0,0,0,0,0,0,0,0,0,0
POL,POL,2025-08-29T00:00:00.000Z,2025-08-29,12582945.220839,34423292.07616359,0,0,12582945.220839,34423292.07616359,0,0,0,0,0,0,0,0,0,0,0,0,0
POL,POL,2025-08-30T00:00:00.000Z,2025-08-30,12582945.220839,33902615.46983313,0,0,12582945.220839,33902615.46983313,0,0,0,0,0,0,0,0,0,0,0,0,0
POL,POL,2025-08-31T00:00:00.000Z,2025-08-31,12582945.220839,33789206.4372818,0,0,12582945.220839,33789206.4372818,0,0,0,0,0,0,0,0,0,0,0,0,0
POL,POL,2025-09-01T00:00:00.000Z,2025-09-01,12582945.220839,32878488.75757149,0,0,12582945.220839,32878488.75757149,0,0,0,0,0,0,0,0,0,0,0,0,0
POL,POL,2025-09-02T00:00:00.000Z,2025-09-02,12582945.220839,34423570.91873887,0,0,12582945.220839,34423570.91873887,0,0,0,0,0,0,0,0,0,0,0,0,0
POL,POL,2025-09-03T00:00:00.000Z,2025-09-03,12582945.220839,33254641.77575952,0,0,12582945.220839,33254641.77575952,0,0,0,0,0,0,0,0,0,0,0,0,0
POL,POL,2025-09-04T00:00:00.000Z,2025-09-04,12582945.220839,34325350.42518297,0,0,12582945.220839,34325350.42518297,0,0,0,0,0,0,0,0,0,0,0,0,0
POL,POL,2025-09-05T00:00:00.000Z,2025-09-05,12582945.220839,35076250.46228754,0,0,12582945.220839,35076250.46228754,0,0,0,0,0,0,0,0,0,0,0,0,0
POL,POL,2025-09-06T00:00:00.000Z,2025-09-06,12582945.220839,35087555.39001653,0,0,12582945.220839,35087555.39001653,0,0,0,0,0,0,0,0,0,0,0,0,0
POL,POL,2025-09-07T00:00:00.000Z,2025-09-07,12582945.220839,33435538.14930102,0,0,12582945.220839,33435538.14930102,0,0,0,0,0,0,0,0,0,0,0,0,0
POL,POL,2025-09-08T00:00:00.000Z,2025-09-08,12582945.220839,34619511.60119784,0,0,12582945.220839,34619511.60119784,0,0,0,0,0,0,0,0,0,0,0,0,0
POL,POL,2025-09-09T00:00:00.000Z,2025-09-09,12582945.220839,35968050.13503969,0,0,12582945.220839,35968050.13503969,0,0,0,0,0,0,0,0,0,0,0,0,0
POL,POL,2025-09-10T00:00:00.000Z,2025-09-10,12582945.220839,35559072.62780133,0,0,12582945.220839,35559072.62780133,0,0,0,0,0,0,0,0,0,0,0,0,0
POL,POL,2025-09-11T00:00:00.000Z,2025-09-11,12582945.220839,36239624.44878184,0,0,12582945.220839,36239624.44878184,0,0,0,0,0,0,0,0,0,0,0,0,0
POL,POL,2025-09-12T00:00:00.000Z,2025-09-12,12582945.220839,36022696.68500466,0,0,12582945.220839,36022696.68500466,0,0,0,0,0,0,0,0,0,0,0,0,0
POL,POL,2025-09-13T00:00:00.000Z,2025-09-13,12582945.220839,40111594.86578789,0,0,12582945.220839,40111594.86578789,0,0,0,0,0,0,0,0,0,0,0,0,0
POL,POL,2025-09-14T00:00:00.000Z,2025-09-14,12582945.220839,38409806.34425065,0,0,12582945.220839,38409806.34425065,0,0,0,0,0,0,0,0,0,0,0,0,0
POL,POL,2025-09-15T00:00:00.000Z,2025-09-15,12582945.220839,37135589.1830422,0,0,12582945.220839,37135589.1830422,0,0,0,0,0,0,0,0,0,0,0,0,0
POL,POL,2025-09-16T00:00:00.000Z,2025-09-16,12582945.220839,36881130.87541867,0,0,12582945.220839,36881130.87541867,0,0,0,0,0,0,0,0,0,0,0,0,0
POL,POL,2025-09-17T00:00:00.000Z,2025-09-17,12582945.220839,37160638.43684402,0,0,12582945.220839,37160638.43684402,0,0,0,0,0,0,0,0,0,0,0,0,0
POL,POL,2025-09-18T00:00:00.000Z,2025-09-18,12582945.220839,38828180.95300367,0,0,12582945.220839,38828180.95300367,0,0,0,0,0,0,0,0,0,0,0,0,0
POL,POL,2025-09-19T00:00:00.000Z,2025-09-19,12582945.220839,39036770.69815002,0,0,12582945.220839,39036770.69815002,0,0,0,0,0,0,0,0,0,0,0,0,0
POL,POL,2025-09-20T00:00:00.000Z,2025-09-20,12582945.220839,38976733.77332095,0,0,12582945.220839,38976733.77332095,0,0,0,0,0,0,0,0,0,0,0,0,0
POL,POL,2025-09-21T00:00:00.000Z,2025-09-21,12582945.220839,42823320.41163734,0,0,12582945.220839,42823320.41163734,0,0,0,0,0,0,0,0,0,0,0,0,0
POL,POL,2025-09-22T00:00:00.000Z,2025-09-22,12582945.220839,39535127.58878512,0,0,12582945.220839,39535127.58878512,0,0,0,0,0,0,0,0,0,0,0,0,0
POL,POL,2025-09-23T00:00:00.000Z,2025-09-23,12582945.220839,39728395.66384812,0,0,12582945.220839,39728395.66384812,0,0,0,0,0,0,0,0,0,0,0,0,0
POL,POL,2025-09-24T00:00:00.000Z,2025-09-24,12582945.220839,38655387.48675963,0,0,12582945.220839,38655387.48675963,0,0,0,0,0,0,0,0,0,0,0,0,0
POL,POL,2025-09-25T00:00:00.000Z,2025-09-25,12582945.220839,37121577.65408996,0,0,12582945.220839,37121577.65408996,0,0,0,0,0,0,0,0,0,0,0,0,0
POL,POL,2025-09-26T00:00:00.000Z,2025-09-26,12582945.220839,37714888.46028547,0,0,12582945.220839,37714888.46028547,0,0,0,0,0,0,0,0,0,0,0,0,0
POL,POL,2025-09-27T00:00:00.000Z,2025-09-27,12582945.220839,38479792.68623631,0,0,12582945.220839,38479792.68623631,0,0,0,0,0,0,0,0,0,0,0,0,0
POL,POL,2025-09-28T00:00:00.000Z,2025-09-28,12582945.220839,38331370.88791791,0,0,12582945.220839,38331370.88791791,0,0,0,0,0,0,0,0,0,0,0,0,0
POL,POL,2025-09-29T00:00:00.000Z,2025-09-29,12582945.220839,39477895.43819602,0,0,12582945.220839,39477895.43819602,0,0,0,0,0,0,0,0,0,0,0,0,0
POL,POL,2025-09-30T00:00:00.000Z,2025-09-30,12582945.220839,37630181.77408022,0,0,12582945.220839,37630181.77408022,0,0,0,0,0,0,0,0,0,0,0,0,0
POL,POL,2025-10-01T00:00:00.000Z,2025-10-01,12582945.220839,42353600.65393131,0,0,12582945.220839,42353600.65393131,0,0,0,0,0,0,0,0,0,0,0,0,0
POL,POL,2025-10-02T00:00:00.000Z,2025-10-02,12582945.220839,44629012.57303114,0,0,12582945.220839,44629012.57303114,0,0,0,0,0,0,0,0,0,0,0,0,0
POL,POL,2025-10-03T00:00:00.000Z,2025-10-03,12582945.220839,45380776.12890858,0,0,12582945.220839,45380776.12890858,0,0,0,0,0,0,0,0,0,0,0,0,0
POL,POL,2025-10-04T00:00:00.000Z,2025-10-04,12582945.220839,42171692.46691209,0,0,12582945.220839,42171692.46691209,0,0,0,0,0,0,0,0,0,0,0,0,0
POL,POL,2025-10-05T00:00:00.000Z,2025-10-05,12582945.220839,45496579.77832401,0,0,12582945.220839,45496579.77832401,0,0,0,0,0,0,0,0,0,0,0,0,0
POL,POL,2025-10-06T00:00:00.000Z,2025-10-06,12582945.220839,44369442.75593296,0,0,12582945.220839,44369442.75593296,0,0,0,0,0,0,0,0,0,0,0,0,0
POL,POL,2025-10-07T00:00:00.000Z,2025-10-07,12582945.220839,40866864.57762485,0,0,12582945.220839,40866864.57762485,0,0,0,0,0,0,0,0,0,0,0,0,0
POL,POL,2025-10-08T00:00:00.000Z,2025-10-08,12582945.220839,41422074.80010492,0,0,12582945.220839,41422074.80010492,0,0,0,0,0,0,0,0,0,0,0,0,0
POL,POL,2025-10-09T00:00:00.000Z,2025-10-09,12582945.220839,38054794.02832343,0,0,12582945.220839,38054794.02832343,0,0,0,0,0,0,0,0,0,0,0,0,0
POL,POL,2025-10-10T00:00:00.000Z,2025-10-10,12582945.220839,37544540.74720473,0,0,12582945.220839,37544540.74720473,0,0,0,0,0,0,0,0,0,0,0,0,0
POL,POL,2025-10-11T00:00:00.000Z,2025-10-11,12582945.220839,27372913.7891475,0,0,12582945.220839,27372913.7891475,0,0,0,0,0,0,0,0,0,0,0,0,0
POL,POL,2025-10-12T00:00:00.000Z,2025-10-12,12582945.220839,29473985.62573039,0,0,12582945.220839,29473985.62573039,0,0,0,0,0,0,0,0,0,0,0,0,0
POL,POL,2025-10-13T00:00:00.000Z,2025-10-13,12582945.220839,31886713.77283716,0,0,12582945.220839,31886713.77283716,0,0,0,0,0,0,0,0,0,0,0,0,0
POL,POL,2025-10-14T00:00:00.000Z,2025-10-14,12582945.220839,29839470.20344843,0,0,12582945.220839,29839470.20344843,0,0,0,0,0,0,0,0,0,0,0,0,0
POL,POL,2025-10-15T00:00:00.000Z,2025-10-15,12582945.220839,28211542.99613947,0,0,12582945.220839,28211542.99613947,0,0,0,0,0,0,0,0,0,0,0,0,0
POL,POL,2025-10-16T00:00:00.000Z,2025-10-16,12582945.220839,28721190.71223433,0,0,12582945.220839,28721190.71223433,0,0,0,0,0,0,0,0,0,0,0,0,0
POL,POL,2025-10-17T00:00:00.000Z,2025-10-17,12582945.220839,26020355.52238383,0,0,12582945.220839,26020355.52238383,0,0,0,0,0,0,0,0,0,0,0,0,0
POL,POL,2025-10-18T00:00:00.000Z,2025-10-18,12582945.220839,26408524.14638359,0,0,12582945.220839,26408524.14638359,0,0,0,0,0,0,0,0,0,0,0,0,0
POL,POL,2025-10-19T00:00:00.000Z,2025-10-19,12582945.220839,27395069.18739715,0,0,12582945.220839,27395069.18739715,0,0,0,0,0,0,0,0,0,0,0,0,0
POL,POL,2025-10-20T00:00:00.000Z,2025-10-20,12582945.220839,27717162.145399,0,0,12582945.220839,27717162.145399,0,0,0,0,0,0,0,0,0,0,0,0,0
POL,POL,2025-10-21T00:00:00.000Z,2025-10-21,12582945.220839,27413035.4513792,0,0,12582945.220839,27413035.4513792,0,0,0,0,0,0,0,0,0,0,0,0,0
POL,POL,2025-10-22T00:00:00.000Z,2025-10-22,12582945.220839,25794682.2614282,0,0,12582945.220839,25794682.2614282,0,0,0,0,0,0,0,0,0,0,0,0,0
POL,POL,2025-10-23T00:00:00.000Z,2025-10-23,12582945.220839,26243472.8024832,0,0,12582945.220839,26243472.8024832,0,0,0,0,0,0,0,0,0,0,0,0,0
POL,POL,2025-10-24T00:00:00.000Z,2025-10-24,12582945.220839,25456535.95427397,0,0,12582945.220839,25456535.95427397,0,0,0,0,0,0,0,0,0,0,0,0,0
POL,POL,2025-10-25T00:00:00.000Z,2025-10-25,12582945.220839,25533024.26958393,0,0,12582945.220839,25533024.26958393,0,0,0,0,0,0,0,0,0,0,0,0,0
POL,POL,2025-10-26T00:00:00.000Z,2025-10-26,12582945.220839,27463772.19550321,0,0,12582945.220839,27463772.19550321,0,0,0,0,0,0,0,0,0,0,0,0,0
POL,POL,2025-10-27T00:00:00.000Z,2025-10-27,12582945.220839,26432961.29548822,0,0,12582945.220839,26432961.29548822,0,0,0,0,0,0,0,0,0,0,0,0,0
POL,POL,2025-10-28T00:00:00.000Z,2025-10-28,12582945.220839,25009064.59169636,0,0,12582945.220839,25009064.59169636,0,0,0,0,0,0,0,0,0,0,0,0,0
POL,POL,2025-10-29T00:00:00.000Z,2025-10-29,12582945.220839,25192785.75101743,0,0,12582945.220839,25192785.75101743,0,0,0,0,0,0,0,0,0,0,0,0,0
POL,POL,2025-10-30T00:00:00.000Z,2025-10-30,12582945.220839,22107357.51197987,0,0,12582945.220839,22107357.51197987,0,0,0,0,0,0,0,0,0,0,0,0,0
POL,POL,2025-10-31T00:00:00.000Z,2025-10-31,12582945.220839,22701127.83995805,0,0,12582945.220839,22701127.83995805,0,0,0,0,0,0,0,0,0,0,0,0,0
POL,POL,2025-11-02T00:00:00.000Z,2025-11-02,12582945.220839,22657636.97173016,0,0,12582945.220839,22657636.97173016,0,0,0,0,0,0,0,0,0,0,0,0,0
POL,POL,2025-11-03T00:00:00.000Z,2025-11-03,12582945.220839,21969098.9244218,0,0,12582945.220839,21969098.9244218,0,0,0,0,0,0,0,0,0,0,0,0,0
POL,POL,2025-11-04T00:00:00.000Z,2025-11-04,12582945.220839,20971759.12273563,0,0,12582945.220839,20971759.12273563,0,0,0,0,0,0,0,0,0,0,0,0,0
POL,POL,2025-11-05T00:00:00.000Z,2025-11-05,12582945.220839,17467717.82782825,0,0,12582945.220839,17467717.82782825,0,0,0,0,0,0,0,0,0,0,0,0,0
POL,POL,2025-11-06T00:00:00.000Z,2025-11-06,12582945.220839,18350546.22590523,0,0,12582945.220839,18350546.22590523,0,0,0,0,0,0,0,0,0,0,0,0,0
POL,POL,2025-11-07T00:00:00.000Z,2025-11-07,12582945.220839,19161043.24900717,0,0,12582945.220839,19161043.24900717,0,0,0,0,0,0,0,0,0,0,0,0,0
POL,POL,2025-11-08T00:00:00.000Z,2025-11-08,12582945.220839,21064704.5789924,0,0,12582945.220839,21064704.5789924,0,0,0,0,0,0,0,0,0,0,0,0,0
POL,POL,2025-11-09T00:00:00.000Z,2025-11-09,12582945.220839,20405171.86981483,0,0,12582945.220839,20405171.86981483,0,0,0,0,0,0,0,0,0,0,0,0,0
POL,POL,2025-11-10T00:00:00.000Z,2025-11-10,12582945.220839,21621645.22512901,0,0,12582945.220839,21621645.22512901,0,0,0,0,0,0,0,0,0,0,0,0,0
POL,POL,2025-11-11T00:00:00.000Z,2025-11-11,12582945.220839,22712372.98300391,0,0,12582945.220839,22712372.98300391,0,0,0,0,0,0,0,0,0,0,0,0,0
POL,POL,2025-11-12T00:00:00.000Z,2025-11-12,12582945.220839,19617962.08878931,0,0,12582945.220839,19617962.08878931,0,0,0,0,0,0,0,0,0,0,0,0,0
POL,POL,2025-11-13T00:00:00.000Z,2025-11-13,12582945.220839,19174610.09846409,0,0,12582945.220839,19174610.09846409,0,0,0,0,0,0,0,0,0,0,0,0,0
POL,POL,2025-11-14T00:00:00.000Z,2025-11-14,12582945.220839,18834295.63329828,0,0,12582945.220839,18834295.63329828,0,0,0,0,0,0,0,0,0,0,0,0,0
POL,POL,2025-11-15T00:00:00.000Z,2025-11-15,12582945.220839,17105614.822472,0,0,12582945.220839,17105614.822472,0,0,0,0,0,0,0,0,0,0,0,0,0
POL,POL,2025-11-16T00:00:00.000Z,2025-11-16,12582945.220839,17070896.48410632,0,0,12582945.220839,17070896.48410632,0,0,0,0,0,0,0,0,0,0,0,0,0
POL,POL,2025-11-17T00:00:00.000Z,2025-11-17,12582945.220839,16549457.34065404,0,0,12582945.220839,16549457.34065404,0,0,0,0,0,0,0,0,0,0,0,0,0
POL,POL,2025-11-18T00:00:00.000Z,2025-11-18,12582945.220839,13697230.91510449,0,0,12582945.220839,13697230.91510449,0,0,0,0,0,0,0,0,0,0,0,0,0
POL,POL,2025-11-19T00:00:00.000Z,2025-11-19,12582945.220839,14476825.57606433,0,0,12582945.220839,14476825.57606433,0,0,0,0,0,0,0,0,0,0,0,0,0
POL,POL,2025-11-20T00:00:00.000Z,2025-11-20,12582945.220839,14420701.70698501,0,0,12582945.220839,14420701.70698501,0,0,0,0,0,0,0,0,0,0,0,0,0
POL,POL,2025-11-21T00:00:00.000Z,2025-11-21,12582945.220839,13516197.10389465,0,0,12582945.220839,13516197.10389465,0,0,0,0,0,0,0,0,0,0,0,0,0
POL,POL,2025-11-22T00:00:00.000Z,2025-11-22,12582945.220839,12594211.46971453,0,0,12582945.220839,12594211.46971453,0,0,0,0,0,0,0,0,0,0,0,0,0
POL,POL,2025-11-23T00:00:00.000Z,2025-11-23,12582945.220839,13404595.40823148,0,0,12582945.220839,13404595.40823148,0,0,0,0,0,0,0,0,0,0,0,0,0
POL,POL,2025-11-24T00:00:00.000Z,2025-11-24,12582945.220839,14343306.74901211,0,0,12582945.220839,14343306.74901211,0,0,0,0,0,0,0,0,0,0,0,0,0
POL,POL,2025-11-25T00:00:00.000Z,2025-11-25,12582945.220839,14240523.03889398,0,0,12582945.220839,14240523.03889398,0,0,0,0,0,0,0,0,0,0,0,0,0
POL,POL,2025-11-26T00:00:00.000Z,2025-11-26,12582945.220839,14918521.47071676,0,0,12582945.220839,14918521.47071676,0,0,0,0,0,0,0,0,0,0,0,0,0
POL,POL,2025-11-27T00:00:00.000Z,2025-11-27,12582945.220839,14967330.62383692,0,0,12582945.220839,14967330.62383692,0,0,0,0,0,0,0,0,0,0,0,0,0
POL,POL,2025-11-28T00:00:00.000Z,2025-11-28,12582945.220839,11882224.12231115,0,0,12582945.220839,11882224.12231115,0,0,0,0,0,0,0,0,0,0,0,0,0
POL,POL,2025-11-29T00:00:00.000Z,2025-11-29,12582945.220839,13072087.41159443,0,0,12582945.220839,13072087.41159443,0,0,0,0,0,0,0,0,0,0,0,0,0
POL,POL,2025-11-30T00:00:00.000Z,2025-11-30,12582945.220839,12649786.94973574,0,0,12582945.220839,12649786.94973574,0,0,0,0,0,0,0,0,0,0,0,0,0
POL,POL,2025-12-01T00:00:00.000Z,2025-12-01,12582945.220839,11104052.33263441,0,0,12582945.220839,11104052.33263441,0,0,0,0,0,0,0,0,0,0,0,0,0
POL,POL,2025-12-02T00:00:00.000Z,2025-12-02,12582945.220839,11829915.19391279,0,0,12582945.220839,11829915.19391279,0,0,0,0,0,0,0,0,0,0,0,0,0
POL,POL,2025-12-03T00:00:00.000Z,2025-12-03,12582945.220839,11909489.88271628,0,0,12582945.220839,11909489.88271628,0,0,0,0,0,0,0,0,0,0,0,0,0
POL,POL,2025-12-04T00:00:00.000Z,2025-12-04,12582945.220839,12208087.44018078,0,0,12582945.220839,12208087.44018078,0,0,0,0,0,0,0,0,0,0,0,0,0
POL,POL,2025-12-05T00:00:00.000Z,2025-12-05,12582945.220839,12081726.13578551,0,0,12582945.220839,12081726.13578551,0,0,0,0,0,0,0,0,0,0,0,0,0
POL,POL,2025-12-06T00:00:00.000Z,2025-12-06,12582945.220839,11853851.97024442,0,0,12582945.220839,11853851.97024442,0,0,0,0,0,0,0,0,0,0,0,0,0
POL,POL,2025-12-07T00:00:00.000Z,2025-12-07,12582945.220839,12107584.78717713,0,0,12582945.220839,12107584.78717713,0,0,0,0,0,0,0,0,0,0,0,0,0
POL,POL,2025-12-08T00:00:00.000Z,2025-12-08,12582945.220839,12623758.66271407,0,0,12582945.220839,12623758.66271407,0,0,0,0,0,0,0,0,0,0,0,0,0
POL,POL,2025-12-09T00:00:00.000Z,2025-12-09,12582945.220839,12091899.42438795,0,0,12582945.220839,12091899.42438795,0,0,0,0,0,0,0,0,0,0,0,0,0
POL,POL,2025-12-10T00:00:00.000Z,2025-12-10,12582945.220839,12578853.06240198,0,0,12582945.220839,12578853.06240198,0,0,0,0,0,0,0,0,0,0,0,0,0
POL,POL,2025-12-11T00:00:00.000Z,2025-12-11,12582945.220839,10511444.41784114,0,0,12582945.220839,10511444.41784114,0,0,0,0,0,0,0,0,0,0,0,0,0
POL,POL,2025-12-12T00:00:00.000Z,2025-12-12,12582945.220839,10722693.69825499,0,0,12582945.220839,10722693.69825499,0,0,0,0,0,0,0,0,0,0,0,0,0
POL,POL,2025-12-13T00:00:00.000Z,2025-12-13,12582945.220839,10341167.70029432,0,0,12582945.220839,10341167.70029432,0,0,0,0,0,0,0,0,0,0,0,0,0
POL,POL,2025-12-14T00:00:00.000Z,2025-12-14,12582945.220839,10205649.38026589,0,0,12582945.220839,10205649.38026589,0,0,0,0,0,0,0,0,0,0,0,0,0
POL,POL,2025-12-15T00:00:00.000Z,2025-12-15,12582945.220839,10047733.41774436,0,0,12582945.220839,10047733.41774436,0,0,0,0,0,0,0,0,0,0,0,0,0
POL,POL,2025-12-16T00:00:00.000Z,2025-12-16,12582945.220839,9343088.485377375,0,0,12582945.220839,9343088.485377375,0,0,0,0,0,0,0,0,0,0,0,0,0
POL,POL,2025-12-17T00:00:00.000Z,2025-12-17,12582945.220839,8139278.116099707,0,0,12582945.220839,8139278.116099707,0,0,0,0,0,0,0,0,0,0,0,0,0
POL,POL,2025-12-18T00:00:00.000Z,2025-12-18,12582945.220839,7746690.22520953,0,0,12582945.220839,7746690.22520953,0,0,0,0,0,0,0,0,0,0,0,0,0
POL,POL,2025-12-19T00:00:00.000Z,2025-12-19,12582945.220839,7387069.650797952,0,0,12582945.220839,7387069.650797952,0,0,0,0,0,0,0,0,0,0,0,0,0
POL,POL,2025-12-20T00:00:00.000Z,2025-12-20,12582945.220839,7679497.29773025,0,0,12582945.220839,7679497.29773025,0,0,0,0,0,0,0,0,0,0,0,0,0
POL,POL,2025-12-21T00:00:00.000Z,2025-12-21,12582945.220839,7049972.548331675,0,0,12582945.220839,7049972.548331675,0,0,0,0,0,0,0,0,0,0,0,0,0
POL,POL,2025-12-22T00:00:00.000Z,2025-12-22,12582945.220839,6960381.978359302,0,0,12582945.220839,6960381.978359302,0,0,0,0,0,0,0,0,0,0,0,0,0
POL,POL,2025-12-23T00:00:00.000Z,2025-12-23,12582945.220839,7034747.18461446,0,0,12582945.220839,7034747.18461446,0,0,0,0,0,0,0,0,0,0,0,0,0
POL,POL,2025-12-24T00:00:00.000Z,2025-12-24,12582945.220839,6840592.339856914,0,0,12582945.220839,6840592.339856914,0,0,0,0,0,0,0,0,0,0,0,0,0
POL,POL,2025-12-25T00:00:00.000Z,2025-12-25,12582945.220839,6838956.556978205,0,0,12582945.220839,6838956.556978205,0,0,0,0,0,0,0,0,0,0,0,0,0
POL,POL,2025-12-26T00:00:00.000Z,2025-12-26,12582945.220839,7014111.154452284,0,0,12582945.220839,7014111.154452284,0,0,0,0,0,0,0,0,0,0,0,0,0
POL,POL,2025-12-27T00:00:00.000Z,2025-12-27,12582945.220839,7126099.366917751,0,0,12582945.220839,7126099.366917751,0,0,0,0,0,0,0,0,0,0,0,0,0
POL,POL,2025-12-28T00:00:00.000Z,2025-12-28,12582945.220839,7824452.826674315,0,0,12582945.220839,7824452.826674315,0,0,0,0,0,0,0,0,0,0,0,0,0
POL,POL,2025-12-29T00:00:00.000Z,2025-12-29,12582945.220839,7224246.339640295,0,0,12582945.220839,7224246.339640295,0,0,0,0,0,0,0,0,0,0,0,0,0
POL,POL,2025-12-30T00:00:00.000Z,2025-12-30,12582945.220839,7246140.664324555,0,0,12582945.220839,7246140.664324555,0,0,0,0,0,0,0,0,0,0,0,0,0
POL,POL,2025-12-31T00:00:00.000Z,2025-12-31,12582945.220839,7066959.524379808,0,0,12582945.220839,7066959.524379808,0,0,0,0,0,0,0,0,0,0,0,0,0
POL,POL,2026-01-01T00:00:00.000Z,2026-01-01,12582945.220839,7385559.697371451,0,0,12582945.220839,7385559.697371451,0,0,0,0,0,0,0,0,0,0,0,0,0
POL,POL,2026-01-02T00:00:00.000Z,2026-01-02,12582945.220839,8004388.943332313,0,0,12582945.220839,8004388.943332313,0,0,0,0,0,0,0,0,0,0,0,0,0
POL,POL,2026-01-03T00:00:00.000Z,2026-01-03,12582945.220839,8234027.693612625,0,0,12582945.220839,8234027.693612625,0,0,0,0,0,0,0,0,0,0,0,0,0
POL,POL,2026-01-04T00:00:00.000Z,2026-01-04,12582945.220839,8610886.902976753,0,0,12582945.220839,8610886.902976753,0,0,0,0,0,0,0,0,0,0,0,0,0
POL,POL,2026-01-05T00:00:00.000Z,2026-01-05,12582945.220839,8897526.395107465,0,0,12582945.220839,8897526.395107465,0,0,0,0,0,0,0,0,0,0,0,0,0
POL,POL,2026-01-06T00:00:00.000Z,2026-01-06,12582945.220839,8647754.93247381,0,0,12582945.220839,8647754.93247381,0,0,0,0,0,0,0,0,0,0,0,0,0
POL,POL,2026-01-07T00:00:00.000Z,2026-01-07,12582945.220839,8481156.737749903,0,0,12582945.220839,8481156.737749903,0,0,0,0,0,0,0,0,0,0,0,0,0
POL,POL,2026-01-08T00:00:00.000Z,2026-01-08,12582945.220839,8282723.691617272,0,0,12582945.220839,8282723.691617272,0,0,0,0,0,0,0,0,0,0,0,0,0
POL,POL,2026-01-09T00:00:00.000Z,2026-01-09,12582945.220839,8544448.952210722,0,0,12582945.220839,8544448.952210722,0,0,0,0,0,0,0,0,0,0,0,0,0
POL,POL,2026-01-10T00:00:00.000Z,2026-01-10,12582945.220839,8323618.263584998,0,0,12582945.220839,8323618.263584998,0,0,0,0,0,0,0,0,0,0,0,0,0
POL,POL,2026-01-11T00:00:00.000Z,2026-01-11,12582945.220839,8524064.580952963,0,0,12582945.220839,8524064.580952963,0,0,0,0,0,0,0,0,0,0,0,0,0
POL,POL,2026-01-12T00:00:00.000Z,2026-01-12,12582945.220839,8600946.37625229,0,0,12582945.220839,8600946.37625229,0,0,0,0,0,0,0,0,0,0,0,0,0
POL,POL,2026-01-13T00:00:00.000Z,2026-01-13,12582945.220839,8844929.684084358,0,0,12582945.220839,8844929.684084358,0,0,0,0,0,0,0,0,0,0,0,0,0
POL,POL,2026-01-14T00:00:00.000Z,2026-01-14,12582945.220839,8780253.345649246,0,0,12582945.220839,8780253.345649246,0,0,0,0,0,0,0,0,0,0,0,0,0
POL,POL,2026-01-15T00:00:00.000Z,2026-01-15,12582945.220839,8198040.470281025,0,0,12582945.220839,8198040.470281025,0,0,0,0,0,0,0,0,0,0,0,0,0
POL,POL,2026-01-16T00:00:00.000Z,2026-01-16,12582945.220839,8105304.164003442,0,0,12582945.220839,8105304.164003442,0,0,0,0,0,0,0,0,0,0,0,0,0
POL,POL,2026-01-17T00:00:00.000Z,2026-01-17,12582945.220839,8333432.960857253,0,0,12582945.220839,8333432.960857253,0,0,0,0,0,0,0,0,0,0,0,0,0
POL,POL,2026-01-18T00:00:00.000Z,2026-01-18,12582945.220839,8465176.397319438,0,0,12582945.220839,8465176.397319438,0,0,0,0,0,0,0,0,0,0,0,0,0
POL,POL,2026-01-19T00:00:00.000Z,2026-01-19,12582945.220839,7842446.438340115,0,0,12582945.220839,7842446.438340115,0,0,0,0,0,0,0,0,0,0,0,0,0
POL,POL,2026-01-20T00:00:00.000Z,2026-01-20,12582945.220839,7344790.954855933,0,0,12582945.220839,7344790.954855933,0,0,0,0,0,0,0,0,0,0,0,0,0
POL,POL,2026-01-21T00:00:00.000Z,2026-01-21,12582945.220839,7638476.896310315,0,0,12582945.220839,7638476.896310315,0,0,0,0,0,0,0,0,0,0,0,0,0
POL,POL,2026-01-22T00:00:00.000Z,2026-01-22,12582945.220839,7561595.101010988,0,0,12582945.220839,7561595.101010988,0,0,0,0,0,0,0,0,0,0,0,0,0
POL,POL,2026-01-23T00:00:00.000Z,2026-01-23,12582945.220839,7506355.971491505,0,0,12582945.220839,7506355.971491505,0,0,0,0,0,0,0,0,0,0,0,0,0
POL,POL,2026-01-24T00:00:00.000Z,2026-01-24,12582945.220839,7530892.714672142,0,0,12582945.220839,7530892.714672142,0,0,0,0,0,0,0,0,0,0,0,0,0
POL,POL,2026-01-25T00:00:00.000Z,2026-01-25,12582945.220839,7058906.439438471,0,0,12582945.220839,7058906.439438471,0,0,0,0,0,0,0,0,0,0,0,0,0
POL,POL,2026-01-26T00:00:00.000Z,2026-01-26,12582945.220839,7382791.449422866,0,0,12582945.220839,7382791.449422866,0,0,0,0,0,0,0,0,0,0,0,0,0
POL,POL,2026-01-27T00:00:00.000Z,2026-01-27,12582945.220839,7567886.573621408,0,0,12582945.220839,7567886.573621408,0,0,0,0,0,0,0,0,0,0,0,0,0
POL,POL,2026-01-28T00:00:00.000Z,2026-01-28,12582945.220839,7106092.484016617,0,0,12582945.220839,7106092.484016617,0,0,0,0,0,0,0,0,0,0,0,0,0
POL,POL,2026-01-29T00:00:00.000Z,2026-01-29,12582945.220839,6364202.033795949,0,0,12582945.220839,6364202.033795949,0,0,0,0,0,0,0,0,0,0,0,0,0
POL,POL,2026-01-30T00:00:00.000Z,2026-01-30,12582945.220839,6184769.234946785,0,0,12582945.220839,6184769.234946785,0,0,0,0,0,0,0,0,0,0,0,0,0
POL,POL,2026-01-31T00:00:00.000Z,2026-01-31,12582945.220839,4631782.135790836,0,0,12582945.220839,4631782.135790836,0,0,0,0,0,0,0,0,0,0,0,0,0
POL,POL,2026-02-02T00:00:00.000Z,2026-02-02,12582945.220839,4481919.258210643,0,0,12582945.220839,4481919.258210643,0,0,0,0,0,0,0,0,0,0,0,0,0
POL,POL,2026-02-03T00:00:00.000Z,2026-02-03,12582945.220839,4584973.579569315,0,0,12582945.220839,4584973.579569315,0,0,0,0,0,0,0,0,0,0,0,0,0
POL,POL,2026-02-04T00:00:00.000Z,2026-02-04,12582945.220839,5300314.015374012,0,0,12582945.220839,5300314.015374012,0,0,0,0,0,0,0,0,0,0,0,0,0
POL,POL,2026-02-05T00:00:00.000Z,2026-02-05,12582945.220839,4674941.637898314,0,0,12582945.220839,4674941.637898314,0,0,0,0,0,0,0,0,0,0,0,0,0
POL,POL,2026-02-06T00:00:00.000Z,2026-02-06,12582945.220839,3757015.784038109,0,0,12582945.220839,3757015.784038109,0,0,0,0,0,0,0,0,0,0,0,0,0
POL,POL,2026-02-07T00:00:00.000Z,2026-02-07,12582945.220839,4169107.240020586,0,0,12582945.220839,4169107.240020586,0,0,0,0,0,0,0,0,0,0,0,0,0
POL,POL,2026-02-08T00:00:00.000Z,2026-02-08,12582945.220839,4241710.833944827,0,0,12582945.220839,4241710.833944827,0,0,0,0,0,0,0,0,0,0,0,0,0
POL,POL,2026-02-09T00:00:00.000Z,2026-02-09,12582945.220839,4272916.538092508,0,0,12582945.220839,4272916.538092508,0,0,0,0,0,0,0,0,0,0,0,0,0
POL,POL,2026-02-10T00:00:00.000Z,2026-02-10,12582945.220839,4249512.259981747,0,0,12582945.220839,4249512.259981747,0,0,0,0,0,0,0,0,0,0,0,0,0
POL,POL,2026-02-11T00:00:00.000Z,2026-02-11,12582945.220839,4130100.109835985,0,0,12582945.220839,4130100.109835985,0,0,0,0,0,0,0,0,0,0,0,0,0
POL,POL,2026-02-12T00:00:00.000Z,2026-02-12,12582945.220839,4025284.176146396,0,0,12582945.220839,4025284.176146396,0,0,0,0,0,0,0,0,0,0,0,0,0
POL,POL,2026-02-13T00:00:00.000Z,2026-02-13,12582945.220839,4193769.81265343,0,0,12582945.220839,4193769.81265343,0,0,0,0,0,0,0,0,0,0,0,0,0
POL,POL,2026-02-14T00:00:00.000Z,2026-02-14,12582945.220839,4689663.683806695,0,0,12582945.220839,4689663.683806695,0,0,0,0,0,0,0,0,0,0,0,0,0
POL,POL,2026-02-15T00:00:00.000Z,2026-02-15,12582945.220839,5602053.041769731,0,0,12582945.220839,5602053.041769731,0,0,0,0,0,0,0,0,0,0,0,0,0
POL,POL,2026-02-16T00:00:00.000Z,2026-02-16,12582945.220839,5342089.393507197,0,0,12582945.220839,5342089.393507197,0,0,0,0,0,0,0,0,0,0,0,0,0
POL,POL,2026-02-17T00:00:00.000Z,2026-02-17,12582945.220839,5599410.623273355,0,0,12582945.220839,5599410.623273355,0,0,0,0,0,0,0,0,0,0,0,0,0
POL,POL,2026-02-18T00:00:00.000Z,2026-02-18,12582945.220839,5660563.737046633,0,0,12582945.220839,5660563.737046633,0,0,0,0,0,0,0,0,0,0,0,0,0
POL,POL,2026-02-19T00:00:00.000Z,2026-02-19,12582945.220839,5577390.469136886,0,0,12582945.220839,5577390.469136886,0,0,0,0,0,0,0,0,0,0,0,0,0
POL,POL,2026-02-20T00:00:00.000Z,2026-02-20,12582945.220839,5574748.05064051,0,0,12582945.220839,5574748.05064051,0,0,0,0,0,0,0,0,0,0,0,0,0
POL,POL,2026-02-21T00:00:00.000Z,2026-02-21,12582945.220839,5706868.97545932,0,0,12582945.220839,5706868.97545932,0,0,0,0,0,0,0,0,0,0,0,0,0
POL,POL,2026-02-22T00:00:00.000Z,2026-02-22,12582945.220839,5554741.167739376,0,0,12582945.220839,5554741.167739376,0,0,0,0,0,0,0,0,0,0,0,0,0
POL,POL,2026-02-23T00:00:00.000Z,2026-02-23,12582945.220839,5232869.428990315,0,0,12582945.220839,5232869.428990315,0,0,0,0,0,0,0,0,0,0,0,0,0
POL,POL,2026-02-24T00:00:00.000Z,2026-02-24,12582945.220839,5008389.686250547,0,0,12582945.220839,5008389.686250547,0,0,0,0,0,0,0,0,0,0,0,0,0
POL,POL,2026-02-25T00:00:00.000Z,2026-02-25,12582945.220839,4908984.419005919,0,0,12582945.220839,4908984.419005919,0,0,0,0,0,0,0,0,0,0,0,0,0
POL,POL,2026-02-26T00:00:00.000Z,2026-02-26,12582945.220839,5061867.203439113,0,0,12582945.220839,5061867.203439113,0,0,0,0,0,0,0,0,0,0,0,0,0
POL,POL,2026-02-27T00:00:00.000Z,2026-02-27,12582945.220839,5050668.382192566,0,0,12582945.220839,5050668.382192566,0,0,0,0,0,0,0,0,0,0,0,0,0
POL,POL,2026-02-28T00:00:00.000Z,2026-02-28,12582945.220839,4636060.337165921,0,0,12582945.220839,4636060.337165921,0,0,0,0,0,0,0,0,0,0,0,0,0
POL,POL,2026-03-01T00:00:00.000Z,2026-03-01,12582945.220839,5045635.204104231,0,0,12582945.220839,5045635.204104231,0,0,0,0,0,0,0,0,0,0,0,0,0
POL,POL,2026-03-02T00:00:00.000Z,2026-03-02,12582945.220839,4986621.191018496,0,0,12582945.220839,4986621.191018496,0,0,0,0,0,0,0,0,0,0,0,0,0
POL,POL,2026-03-03T00:00:00.000Z,2026-03-03,12582945.220839,4873500.513483153,0,0,12582945.220839,4873500.513483153,0,0,0,0,0,0,0,0,0,0,0,0,0
POL,POL,2026-03-04T00:00:00.000Z,2026-03-04,12582945.220839,4890110.00117466,0,0,12582945.220839,4890110.00117466,0,0,0,0,0,0,0,0,0,0,0,0,0
POL,POL,2026-03-05T00:00:00.000Z,2026-03-05,12582945.220839,5042741.126703437,0,0,12582945.220839,5042741.126703437,0,0,0,0,0,0,0,0,0,0,0,0,0
POL,POL,2026-03-06T00:00:00.000Z,2026-03-06,12582945.220839,4777744.300352569,0,0,12582945.220839,4777744.300352569,0,0,0,0,0,0,0,0,0,0,0,0,0
POL,POL,2026-03-07T00:00:00.000Z,2026-03-07,12582945.220839,4517025.675376784,0,0,12582945.220839,4517025.675376784,0,0,0,0,0,0,0,0,0,0,0,0,0
POL,POL,2026-03-08T00:00:00.000Z,2026-03-08,12582945.220839,4536277.581564668,0,0,12582945.220839,4536277.581564668,0,0,0,0,0,0,0,0,0,0,0,0,0
POL,POL,2026-03-09T00:00:00.000Z,2026-03-09,12582945.220839,4566476.650094681,0,0,12582945.220839,4566476.650094681,0,0,0,0,0,0,0,0,0,0,0,0,0
POL,POL,2026-03-10T00:00:00.000Z,2026-03-10,12582945.220839,4719107.775623458,0,0,12582945.220839,4719107.775623458,0,0,0,0,0,0,0,0,0,0,0,0,0
POL,POL,2026-03-11T00:00:00.000Z,2026-03-11,12582945.220839,4601079.749451988,0,0,12582945.220839,4601079.749451988,0,0,0,0,0,0,0,0,0,0,0,0,0
POL,POL,2026-03-12T00:00:00.000Z,2026-03-12,12582945.220839,4568112.43297339,0,0,12582945.220839,4568112.43297339,0,0,0,0,0,0,0,0,0,0,0,0,0
POL,POL,2026-03-13T00:00:00.000Z,2026-03-13,12582945.220839,4603218.850139531,0,0,12582945.220839,4603218.850139531,0,0,0,0,0,0,0,0,0,0,0,0,0
POL,POL,2026-03-14T00:00:00.000Z,2026-03-14,12582945.220839,4191379.053061471,0,0,12582945.220839,4191379.053061471,0,0,0,0,0,0,0,0,0,0,0,0,0
POL,POL,2026-03-15T00:00:00.000Z,2026-03-15,12582945.220839,3162219.963449049,0,0,12582945.220839,3162219.963449049,0,0,0,0,0,0,0,0,0,0,0,0,0
POL,POL,2026-03-16T00:00:00.000Z,2026-03-16,12582945.220839,3650438.238017602,0,0,12582945.220839,3650438.238017602,0,0,0,0,0,0,0,0,0,0,0,0,0
POL,POL,2026-03-17T00:00:00.000Z,2026-03-17,12582945.220839,4092728.762530093,0,0,12582945.220839,4092728.762530093,0,0,0,0,0,0,0,0,0,0,0,0,0
POL,POL,2026-03-18T00:00:00.000Z,2026-03-18,12582945.220839,4065423.771400873,0,0,12582945.220839,4065423.771400873,0,0,0,0,0,0,0,0,0,0,0,0,0
POL,POL,2026-03-19T00:00:00.000Z,2026-03-19,12582945.220839,3808354.200539132,0,0,12582945.220839,3808354.200539132,0,0,0,0,0,0,0,0,0,0,0,0,0
POL,POL,2026-03-20T00:00:00.000Z,2026-03-20,12582945.220839,3480065.159727442,0,0,12582945.220839,3480065.159727442,0,0,0,0,0,0,0,0,0,0,0,0,0
POL,POL,2026-03-21T00:00:00.000Z,2026-03-21,12582945.220839,3433256.603505921,0,0,12582945.220839,3433256.603505921,0,0,0,0,0,0,0,0,0,0,0,0,0
POL,POL,2026-03-22T00:00:00.000Z,2026-03-22,12582945.220839,3346685.940386549,0,0,12582945.220839,3346685.940386549,0,0,0,0,0,0,0,0,0,0,0,0,0
POL,POL,2026-03-23T00:00:00.000Z,2026-03-23,12582945.220839,3508376.78647433,0,0,12582945.220839,3508376.78647433,0,0,0,0,0,0,0,0,0,0,0,0,0
POL,POL,2026-03-24T00:00:00.000Z,2026-03-24,12582945.220839,3567139.140655648,0,0,12582945.220839,3567139.140655648,0,0,0,0,0,0,0,0,0,0,0,0,0
POL,POL,2026-03-25T00:00:00.000Z,2026-03-25,12582945.220839,3501456.166602869,0,0,12582945.220839,3501456.166602869,0,0,0,0,0,0,0,0,0,0,0,0,0
POL,POL,2026-03-26T00:00:00.000Z,2026-03-26,12582945.220839,3319506.778709536,0,0,12582945.220839,3319506.778709536,0,0,0,0,0,0,0,0,0,0,0,0,0
POL,POL,2026-03-27T00:00:00.000Z,2026-03-27,12582945.220839,3081814.943487888,0,0,12582945.220839,3081814.943487888,0,0,0,0,0,0,0,0,0,0,0,0,0
POL,POL,2026-03-28T00:00:00.000Z,2026-03-28,12582945.220839,3232181.138876914,0,0,12582945.220839,3232181.138876914,0,0,0,0,0,0,0,0,0,0,0,0,0
POL,POL,2026-03-29T00:00:00.000Z,2026-03-29,12582945.220839,3141583.933286873,0,0,12582945.220839,3141583.933286873,0,0,0,0,0,0,0,0,0,0,0,0,0
POL,POL,2026-03-30T00:00:00.000Z,2026-03-30,12582945.220839,3207644.395696278,0,0,12582945.220839,3207644.395696278,0,0,0,0,0,0,0,0,0,0,0,0,0
POL,POL,2026-03-31T00:00:00.000Z,2026-03-31,12582945.220839,3017641.922861609,0,0,12582945.220839,3017641.922861609,0,0,0,0,0,0,0,0,0,0,0,0,0
POL,POL,2026-04-01T00:00:00.000Z,2026-04-01,12582945.220839,3073132.711285509,0,0,12582945.220839,3073132.711285509,0,0,0,0,0,0,0,0,0,0,0,0,0
POL,POL,2026-04-02T00:00:00.000Z,2026-04-02,12582945.220839,2996250.915986183,0,0,12582945.220839,2996250.915986183,0,0,0,0,0,0,0,0,0,0,0,0,0
POL,POL,2026-04-03T00:00:00.000Z,2026-04-03,12582945.220839,3049099.285913706,0,0,12582945.220839,3049099.285913706,0,0,0,0,0,0,0,0,0,0,0,0,0
POL,POL,2026-04-04T00:00:00.000Z,2026-04-04,12582945.220839,2991972.714611097,0,0,12582945.220839,2991972.714611097,0,0,0,0,0,0,0,0,0,0,0,0,0
POL,POL,2026-04-05T00:00:00.000Z,2026-04-05,12582945.220839,2987065.36597497,0,0,12582945.220839,2987065.36597497,0,0,0,0,0,0,0,0,0,0,0,0,0
POL,POL,2026-04-06T00:00:00.000Z,2026-04-06,12582945.220839,3065079.626344172,0,0,12582945.220839,3065079.626344172,0,0,0,0,0,0,0,0,0,0,0,0,0
POL,POL,2026-04-07T00:00:00.000Z,2026-04-07,12582945.220839,2914587.601502938,0,0,12582945.220839,2914587.601502938,0,0,0,0,0,0,0,0,0,0,0,0,0
POL,POL,2026-04-08T00:00:00.000Z,2026-04-08,12582945.220839,3042556.15439887,0,0,12582945.220839,3042556.15439887,0,0,0,0,0,0,0,0,0,0,0,0,0
POL,POL,2026-04-09T00:00:00.000Z,2026-04-09,12582945.220839,2970959.196092296,0,0,12582945.220839,2970959.196092296,0,0,0,0,0,0,0,0,0,0,0,0,0
POL,POL,2026-04-10T00:00:00.000Z,2026-04-10,12582945.220839,2995244.280368516,0,0,12582945.220839,2995244.280368516,0,0,0,0,0,0,0,0,0,0,0,0,0
POL,POL,2026-04-11T00:00:00.000Z,2026-04-11,12582945.220839,2950574.824834537,0,0,12582945.220839,2950574.824834537,0,0,0,0,0,0,0,0,0,0,0,0,0
POL,POL,2026-04-12T00:00:00.000Z,2026-04-12,12582945.220839,2770638.708176539,0,0,12582945.220839,2770638.708176539,0,0,0,0,0,0,0,0,0,0,0,0,0
POL,POL,2026-04-13T00:00:00.000Z,2026-04-13,12582945.220839,2817824.752754685,0,0,12582945.220839,2817824.752754685,0,0,0,0,0,0,0,0,0,0,0,0,0
POL,POL,2026-04-14T00:00:00.000Z,2026-04-14,12582945.220839,2747108.60061357,0,0,12582945.220839,2747108.60061357,0,0,0,0,0,0,0,0,0,0,0,0,0
POL,POL,2026-04-15T00:00:00.000Z,2026-04-15,12582945.220839,2833805.093185151,0,0,12582945.220839,2833805.093185151,0,0,0,0,0,0,0,0,0,0,0,0,0
POL,POL,2026-04-16T00:00:00.000Z,2026-04-16,12582945.220839,2934342.825499655,0,0,12582945.220839,2934342.825499655,0,0,0,0,0,0,0,0,0,0,0,0,0
POL,POL,2026-04-17T00:00:00.000Z,2026-04-17,12582945.220839,2961018.669367834,0,0,12582945.220839,2961018.669367834,0,0,0,0,0,0,0,0,0,0,0,0,0
POL,POL,2026-04-18T00:00:00.000Z,2026-04-18,12582945.220839,2738803.856767817,0,0,12582945.220839,2738803.856767817,0,0,0,0,0,0,0,0,0,0,0,0,0
POL,POL,2026-04-19T00:00:00.000Z,2026-04-19,12582945.220839,2804990.14862943,0,0,12582945.220839,2804990.14862943,0,0,0,0,0,0,0,0,0,0,0,0,0
POL,POL,2026-04-20T00:00:00.000Z,2026-04-20,12582945.220839,2694260.230686047,0,0,12582945.220839,2694260.230686047,0,0,0,0,0,0,0,0,0,0,0,0,0
POL,POL,2026-04-21T00:00:00.000Z,2026-04-21,12582945.220839,2653868.976527154,0,0,12582945.220839,2653868.976527154,0,0,0,0,0,0,0,0,0,0,0,0,0
POL,POL,2026-04-22T00:00:00.000Z,2026-04-22,12582945.220839,2568179.11957324,0,0,12582945.220839,2568179.11957324,0,0,0,0,0,0,0,0,0,0,0,0,0
POL,POL,2026-04-23T00:00:00.000Z,2026-04-23,12582945.220839,2498217.944145375,0,0,12582945.220839,2498217.944145375,0,0,0,0,0,0,0,0,0,0,0,0,0
POL,POL,2026-04-24T00:00:00.000Z,2026-04-24,12582945.220839,2554967.027091359,0,0,12582945.220839,2554967.027091359,0,0,0,0,0,0,0,0,0,0,0,0,0
POL,POL,2026-04-25T00:00:00.000Z,2026-04-25,12582945.220839,2528668.671579806,0,0,12582945.220839,2528668.671579806,0,0,0,0,0,0,0,0,0,0,0,0,0
POL,POL,2026-04-26T00:00:00.000Z,2026-04-26,12582945.220839,2504131.928399169,0,0,12582945.220839,2504131.928399169,0,0,0,0,0,0,0,0,0,0,0,0,0
POL,POL,2026-04-27T00:00:00.000Z,2026-04-27,12582945.220839,2393527.839907994,0,0,12582945.220839,2393527.839907994,0,0,0,0,0,0,0,0,0,0,0,0,0
POL,POL,2026-04-28T00:00:00.000Z,2026-04-28,12582945.220839,2268075.87605623,0,0,12582945.220839,2268075.87605623,0,0,0,0,0,0,0,0,0,0,0,0,0
POL,POL,2026-04-29T00:00:00.000Z,2026-04-29,12582945.220839,2234982.730125423,0,0,12582945.220839,2234982.730125423,0,0,0,0,0,0,0,0,0,0,0,0,0
POL,POL,2026-04-30T00:00:00.000Z,2026-04-30,12582945.220839,2284811.193199946,0,0,12582945.220839,2284811.193199946,0,0,0,0,0,0,0,0,0,0,0,0,0
POL,POL,2026-05-01T00:00:00.000Z,2026-05-01,12582945.220839,2280784.650729277,0,0,12582945.220839,2280784.650729277,0,0,0,0,0,0,0,0,0,0,0,0,0
POL,POL,2026-05-02T00:00:00.000Z,2026-05-02,12582945.220839,2313626.137755667,0,0,12582945.220839,2313626.137755667,0,0,0,0,0,0,0,0,0,0,0,0,0
POL,POL,2026-05-04T00:00:00.000Z,2026-05-04,12582945.220839,2318030.16858296,0,0,12582945.220839,2318030.16858296,0,0,0,0,0,0,0,0,0,0,0,0,0
POL,POL,2026-05-05T00:00:00.000Z,2026-05-05,12582945.220839,2283678.72813007,0,0,12582945.220839,2283678.72813007,0,0,0,0,0,0,0,0,0,0,0,0,0
POL,POL,2026-05-06T00:00:00.000Z,2026-05-06,12582945.220839,2301546.510343662,0,0,12582945.220839,2301546.510343662,0,0,0,0,0,0,0,0,0,0,0,0,0
POL,POL,2026-05-07T00:00:00.000Z,2026-05-07,12582945.220839,2421965.296107091,0,0,12582945.220839,2421965.296107091,0,0,0,0,0,0,0,0,0,0,0,0,0
POL,POL,2026-05-08T00:00:00.000Z,2026-05-08,12582945.220839,2431905.822831553,0,0,12582945.220839,2431905.822831553,0,0,0,0,0,0,0,0,0,0,0,0,0
POL,POL,2026-05-09T00:00:00.000Z,2026-05-09,12582945.220839,2513569.137314799,0,0,12582945.220839,2513569.137314799,0,0,0,0,0,0,0,0,0,0,0,0,0
POL,POL,2026-05-10T00:00:00.000Z,2026-05-10,12582945.220839,2444866.256409018,0,0,12582945.220839,2444866.256409018,0,0,0,0,0,0,0,0,0,0,0,0,0
POL,POL,2026-05-11T00:00:00.000Z,2026-05-11,12582945.220839,2676769.93682908,0,0,12582945.220839,2676769.93682908,0,0,0,0,0,0,0,0,0,0,0,0,0
POL,POL,2026-05-12T00:00:00.000Z,2026-05-12,12582945.220839,2750631.825275405,0,0,12582945.220839,2750631.825275405,0,0,0,0,0,0,0,0,0,0,0,0,0
POL,POL,2026-05-13T00:00:00.000Z,2026-05-13,12582945.220839,2708856.44714222,0,0,12582945.220839,2708856.44714222,0,0,0,0,0,0,0,0,0,0,0,0,0
POL,POL,2026-05-14T00:00:00.000Z,2026-05-14,12582945.220839,2670604.293670869,0,0,12582945.220839,2670604.293670869,0,0,0,0,0,0,0,0,0,0,0,0,0
POL,POL,2026-05-15T00:00:00.000Z,2026-05-15,12582945.220839,2725340.105381519,0,0,12582945.220839,2725340.105381519,0,0,0,0,0,0,0,0,0,0,0,0,0
POL,POL,2026-05-16T00:00:00.000Z,2026-05-16,12582945.220839,2684319.703961584,0,0,12582945.220839,2684319.703961584,0,0,0,0,0,0,0,0,0,0,0,0,0
POL,POL,2026-05-17T00:00:00.000Z,2026-05-17,12582945.220839,2537728.392138809,0,0,12582945.220839,2537728.392138809,0,0,0,0,0,0,0,0,0,0,0,0,0
POL,POL,2026-05-18T00:00:00.000Z,2026-05-18,12582945.220839,2381448.212495989,0,0,12582945.220839,2381448.212495989,0,0,0,0,0,0,0,0,0,0,0,0,0
POL,POL,2026-05-19T00:00:00.000Z,2026-05-19,12582945.220839,2353136.585749101,0,0,12582945.220839,2353136.585749101,0,0,0,0,0,0,0,0,0,0,0,0,0
POL,POL,2026-05-20T00:00:00.000Z,2026-05-20,12582945.220839,2344831.841903348,0,0,12582945.220839,2344831.841903348,0,0,0,0,0,0,0,0,0,0,0,0,0
POL,POL,2026-05-21T00:00:00.000Z,2026-05-21,12582945.220839,2423978.567342425,0,0,12582945.220839,2423978.567342425,0,0,0,0,0,0,0,0,0,0,0,0,0
POL,POL,2026-05-22T00:00:00.000Z,2026-05-22,12582945.220839,2425111.0324123,0,0,12582945.220839,2425111.0324123,0,0,0,0,0,0,0,0,0,0,0,0,0
POL,POL,2026-05-23T00:00:00.000Z,2026-05-23,12582945.220839,2322685.858314671,0,0,12582945.220839,2322685.858314671,0,0,0,0,0,0,0,0,0,0,0,0,0
POL,POL,2026-05-24T00:00:00.000Z,2026-05-24,12582945.220839,2373017.639198027,0,0,12582945.220839,2373017.639198027,0,0,0,0,0,0,0,0,0,0,0,0,0
POL,POL,2026-05-25T00:00:00.000Z,2026-05-25,12582945.220839,2284811.193199946,0,0,12582945.220839,2284811.193199946,0,0,0,0,0,0,0,0,0,0,0,0,0
POL,POL,2026-05-26T00:00:00.000Z,2026-05-26,12582945.220839,2225671.350662002,0,0,12582945.220839,2225671.350662002,0,0,0,0,0,0,0,0,0,0,0,0,0
POL,POL,2026-05-27T00:00:00.000Z,2026-05-27,12582945.220839,2175717.058135272,0,0,12582945.220839,2175717.058135272,0,0,0,0,0,0,0,0,0,0,0,0,0
POL,POL,2026-05-28T00:00:00.000Z,2026-05-28,12582945.220839,2135199.97452417,0,0,12582945.220839,2135199.97452417,0,0,0,0,0,0,0,0,0,0,0,0,0
POL,POL,2026-05-29T00:00:00.000Z,2026-05-29,12582945.220839,2178736.964988273,0,0,12582945.220839,2178736.964988273,0,0,0,0,0,0,0,0,0,0,0,0,0
POL,POL,2026-05-30T00:00:00.000Z,2026-05-30,12582945.220839,2291354.324714782,0,0,12582945.220839,2291354.324714782,0,0,0,0,0,0,0,0,0,0,0,0,0
POL,POL,2026-05-31T00:00:00.000Z,2026-05-31,12582945.220839,2298023.285681827,0,0,12582945.220839,2298023.285681827,0,0,0,0,0,0,0,0,0,0,0,0,0
POL,POL,2026-06-01T00:00:00.000Z,2026-06-01,12582945.220839,2224664.715044335,0,0,12582945.220839,2224664.715044335,0,0,0,0,0,0,0,0,0,0,0,0,0
POL,POL,2026-06-02T00:00:00.000Z,2026-06-02,12582945.220839,2149292.87317151,0,0,12582945.220839,2149292.87317151,0,0,0,0,0,0,0,0,0,0,0,0,0
POL,POL,2026-06-03T00:00:00.000Z,2026-06-03,12582945.220839,2215604.994485331,0,0,12582945.220839,2215604.994485331,0,0,0,0,0,0,0,0,0,0,0,0,0
POL,POL,2026-06-04T00:00:00.000Z,2026-06-04,12582945.220839,2076185.961438435,0,0,12582945.220839,2076185.961438435,0,0,0,0,0,0,0,0,0,0,0,0,0
POL,POL,2026-06-05T00:00:00.000Z,2026-06-05,12582945.220839,1700081.728787557,0,0,12582945.220839,1700081.728787557,0,0,0,0,0,0,0,0,0,0,0,0,0
POL,POL,2026-06-06T00:00:00.000Z,2026-06-06,12582945.220839,1714552.115791522,0,0,12582945.220839,1714552.115791522,0,0,0,0,0,0,0,0,0,0,0,0,0
POL,POL,2026-06-07T00:00:00.000Z,2026-06-07,12582945.220839,1745631.990486994,0,0,12582945.220839,1745631.990486994,0,0,0,0,0,0,0,0,0,0,0,0,0
POL,POL,2026-06-08T00:00:00.000Z,2026-06-08,12582945.220839,1755446.687759249,0,0,12582945.220839,1755446.687759249,0,0,0,0,0,0,0,0,0,0,0,0,0
POL,POL,2026-06-09T00:00:00.000Z,2026-06-09,12582945.220839,1887190.124221433,0,0,12582945.220839,1887190.124221433,0,0,0,0,0,0,0,0,0,0,0,0,0
POL,POL,2026-06-10T00:00:00.000Z,2026-06-10,12582945.220839,1809427.522756648,0,0,12582945.220839,1809427.522756648,0,0,0,0,0,0,0,0,0,0,0,0,0
POL,POL,2026-06-11T00:00:00.000Z,2026-06-11,12582945.220839,1871838.93105201,0,0,12582945.220839,1871838.93105201,0,0,0,0,0,0,0,0,0,0,0,0,0
POL,POL,2026-06-12T00:00:00.000Z,2026-06-12,12582945.220839,1870328.977625509,0,0,12582945.220839,1870328.977625509,0,0,0,0,0,0,0,0,0,0,0,0,0
POL,POL,2026-06-13T00:00:00.000Z,2026-06-13,12582945.220839,1935760.292773872,0,0,12582945.220839,1935760.292773872,0,0,0,0,0,0,0,0,0,0,0,0,0
POL,POL,2026-06-14T00:00:00.000Z,2026-06-14,12582945.220839,2002701.561348735,0,0,12582945.220839,2002701.561348735,0,0,0,0,0,0,0,0,0,0,0,0,0
POL,POL,2026-06-15T00:00:00.000Z,2026-06-15,12582945.220839,2112047.355317826,0,0,12582945.220839,2112047.355317826,0,0,0,0,0,0,0,0,0,0,0,0,0
POL,POL,2026-06-16T00:00:00.000Z,2026-06-16,12582945.220839,2074424.349107518,0,0,12582945.220839,2074424.349107518,0,0,0,0,0,0,0,0,0,0,0,0,0
POL,POL,2026-06-17T00:00:00.000Z,2026-06-17,12582945.220839,1938780.199626873,0,0,12582945.220839,1938780.199626873,0,0,0,0,0,0,0,0,0,0,0,0,0
POL,POL,2026-06-18T00:00:00.000Z,2026-06-18,12582945.220839,2036298.025088375,0,0,12582945.220839,2036298.025088375,0,0,0,0,0,0,0,0,0,0,0,0,0
POL,POL,2026-06-19T00:00:00.000Z,2026-06-19,12582945.220839,1916634.216038197,0,0,12582945.220839,1916634.216038197,0,0,0,0,0,0,0,0,0,0,0,0,0
POL,POL,2026-06-20T00:00:00.000Z,2026-06-20,12582945.220839,1976403.205837182,0,0,12582945.220839,1976403.205837182,0,0,0,0,0,0,0,0,0,0,0,0,0
POL,POL,2026-06-21T00:00:00.000Z,2026-06-21,12582945.220839,1968350.120895845,0,0,12582945.220839,1968350.120895845,0,0,0,0,0,0,0,0,0,0,0,0,0
POL,POL,2026-06-22T00:00:00.000Z,2026-06-22,12582945.220839,1963946.090068551,0,0,12582945.220839,1963946.090068551,0,0,0,0,0,0,0,0,0,0,0,0,0
POL,POL,2026-06-23T00:00:00.000Z,2026-06-23,12582945.220839,1838368.296764578,0,0,12582945.220839,1838368.296764578,0,0,0,0,0,0,0,0,0,0,0,0,0
POL,POL,2026-06-24T00:00:00.000Z,2026-06-24,12582945.220839,2185028.437598692,0,0,12582945.220839,2185028.437598692,0,0,0,0,0,0,0,0,0,0,0,0,0
POL,POL,2026-06-25T00:00:00.000Z,2026-06-25,12582945.220839,2363957.918639023,0,0,12582945.220839,2363957.918639023,0,0,0,0,0,0,0,0,0,0,0,0,0
POL,POL,2026-06-26T00:00:00.000Z,2026-06-26,12582945.220839,2011383.793551114,0,0,12582945.220839,2011383.793551114,0,0,0,0,0,0,0,0,0,0,0,0,0
POL,POL,2026-06-27T00:00:00.000Z,2026-06-27,12582945.220839,2073166.054585434,0,0,12582945.220839,2073166.054585434,0,0,0,0,0,0,0,0,0,0,0,0,0
POL,POL,2026-06-28T00:00:00.000Z,2026-06-28,12582945.220839,2060079.791555761,0,0,12582945.220839,2060079.791555761,0,0,0,0,0,0,0,0,0,0,0,0,0
POL,POL,2026-06-29T00:00:00.000Z,2026-06-29,12582945.220839,2106133.371064032,0,0,12582945.220839,2106133.371064032,0,0,0,0,0,0,0,0,0,0,0,0,0
POL,POL,2026-06-30T00:00:00.000Z,2026-06-30,12582945.220839,1992006.057911022,0,0,12582945.220839,1992006.057911022,0,0,0,0,0,0,0,0,0,0,0,0,0
POL,POL,2026-07-01T00:00:00.000Z,2026-07-01,12582945.220839,2103616.782019864,0,0,12582945.220839,2103616.782019864,0,0,0,0,0,0,0,0,0,0,0,0,0
POL,POL,2026-07-02T00:00:00.000Z,2026-07-02,12582945.220839,2138597.369733796,0,0,12582945.220839,2138597.369733796,0,0,0,0,0,0,0,0,0,0,0,0,0
POL,POL,2026-07-03T00:00:00.000Z,2026-07-03,12582945.220839,2262665.209611269,0,0,12582945.220839,2262665.209611269,0,0,0,0,0,0,0,0,0,0,0,0,0
POL,POL,2026-07-04T00:00:00.000Z,2026-07-04,12582945.220839,2443733.791339142,0,0,12582945.220839,2443733.791339142,0,0,0,0,0,0,0,0,0,0,0,0,0
POL,POL,2026-07-05T00:00:00.000Z,2026-07-05,12582945.220839,2411898.939930419,0,0,12582945.220839,2411898.939930419,0,0,0,0,0,0,0,0,0,0,0,0,0
POL,POL,2026-07-06T00:00:00.000Z,2026-07-06,12582945.220839,2564152.577102571,0,0,12582945.220839,2564152.577102571,0,0,0,0,0,0,0,0,0,0,0,0,0
POL,POL,2026-07-07T00:00:00.000Z,2026-07-07,12582945.220839,2545781.477080146,0,0,12582945.220839,2545781.477080146,0,0,0,0,0,0,0,0,0,0,0,0,0
POL,POL,2026-07-08T00:00:00.000Z,2026-07-08,12582945.220839,2471290.44137278,0,0,12582945.220839,2471290.44137278,0,0,0,0,0,0,0,0,0,0,0,0,0
POL,POL,2026-07-09T00:00:00.000Z,2026-07-09,12582945.220839,2438700.613250806,0,0,12582945.220839,2438700.613250806,0,0,0,0,0,0,0,0,0,0,0,0,0
POL,POL,2026-07-10T00:00:00.000Z,2026-07-10,12582945.220839,2406991.591294292,0,0,12582945.220839,2406991.591294292,0,0,0,0,0,0,0,0,0,0,0,0,0
POL,POL,2026-07-11T00:00:00.000Z,2026-07-11,12582945.220839,2468648.022876403,0,0,12582945.220839,2468648.022876403,0,0,0,0,0,0,0,0,0,0,0,0,0
POL,POL,2026-07-12T00:00:00.000Z,2026-07-12,12582945.220839,2384719.778253407,0,0,12582945.220839,2384719.778253407,0,0,0,0,0,0,0,0,0,0,0,0,0
POL,POL,2026-07-13T00:00:00.000Z,2026-07-13,12582945.220839,2289089.394575031,0,0,12582945.220839,2289089.394575031,0,0,0,0,0,0,0,0,0,0,0,0,0
POL,POL,2026-07-14T00:00:00.000Z,2026-07-14,12582945.220839,2391137.080316035,0,0,12582945.220839,2391137.080316035,0,0,0,0,0,0,0,0,0,0,0,0,0
POL,POL,2026-07-15T00:00:00.000Z,2026-07-15,12582945.220839,2399190.165257372,0,0,12582945.220839,2399190.165257372,0,0,0,0,0,0,0,0,0,0,0,0,0
POL,POL,2026-07-16T00:00:00.000Z,2026-07-16,12582945.220839,2345209.330259973,0,0,12582945.220839,2345209.330259973,0,0,0,0,0,0,0,0,0,0,0,0,0
POL,POL,2026-07-17T00:00:00.000Z,2026-07-17,12582945.220839,2390256.274150576,0,0,12582945.220839,2390256.274150576,0,0,0,0,0,0,0,0,0,0,0,0,0
POL,POL,2026-07-18T00:00:00.000Z,2026-07-18,12582945.220839,2361189.670690438,0,0,12582945.220839,2361189.670690438,0,0,0,0,0,0,0,0,0,0,0,0,0
POL,POL,2026-07-19T00:00:00.000Z,2026-07-19,12582945.220839,2365090.383708898,0,0,12582945.220839,2365090.383708898,0,0,0,0,0,0,0,0,0,0,0,0,0
POL,POL,2026-07-20T00:00:00.000Z,2026-07-20,12582945.220839,2377799.158381946,0,0,12582945.220839,2377799.158381946,0,0,0,0,0,0,0,0,0,0,0,0,0
POL,POL,2026-07-21T00:00:00.000Z,2026-07-21,12582945.220839,2194339.817062113,0,0,12582945.220839,2194339.817062113,0,0,0,0,0,0,0,0,0,0,0,0,0
POL,POL,2026-07-22T00:00:00.000Z,2026-07-22,12582945.220839,2265181.798655437,0,0,12582945.220839,2265181.798655437,0,0,0,0,0,0,0,0,0,0,0,0,0
POL,POL,2026-07-23T00:00:00.000Z,2026-07-23,12582945.220839,2109908.254630283,0,0,12582945.220839,2109908.254630283,0,0,0,0,0,0,0,0,0,0,0,0,0
POL,POL,2026-07-24T00:00:00.000Z,2026-07-24,12582945.220839,2036172.195636167,0,0,12582945.220839,2036172.195636167,0,0,0,0,0,0,0,0,0,0,0,0,0
POL,POL,2026-07-25T00:00:00.000Z,2026-07-25,12582945.220839,2054417.466206383,0,0,12582945.220839,2054417.466206383,0,0,0,0,0,0,0,0,0,0,0,0,0
POL,POL,2026-07-26T00:00:00.000Z,2026-07-26,12582945.220839,2054794.954563009,0,0,12582945.220839,2054794.954563009,0,0,0,0,0,0,0,0,0,0,0,0,0
POL,POL,2026-07-27T00:00:00.000Z,2026-07-27,12582945.220839,2027741.622338205,0,0,12582945.220839,2027741.622338205,0,0,0,0,0,0,0,0,0,0,0,0,0
POL,POL,2026-07-28T00:00:00.000Z,2026-07-28,12582945.220839,2016668.630543866,0,0,12582945.220839,2016668.630543866,0,0,0,0,0,0,0,0,0,0,0,0,0
POL,POL,2026-07-29T00:00:00.000Z,2026-07-29,12582945.220839,2031768.164808873,0,0,12582945.220839,2031768.164808873,0,0,0,0,0,0,0,0,0,0,0,0,0
POL,POL,2026-07-30T00:00:00.000Z,2026-07-30,12582945.220839,2096444.503243986,0,0,12582945.220839,2096444.503243986,0,0,0,0,0,0,0,0,0,0,0,0,0
POL,POL,2026-07-31T00:00:00.000Z,2026-07-31,12582945.220839,2043092.815507628,0,0,12582945.220839,2043092.815507628,0,0,0,0,0,0,0,0,0,0,0,0,0
POL,POL,2026-08-01T00:00:00.000Z,2026-08-01,12582945.220839,2160869.182774682,0,0,12582945.220839,2160869.182774682,0,0,0,0,0,0,0,0,0,0,0,0,0
POL,POL,2026-08-02T00:00:00.000Z,2026-08-02,12582945.220839,2259519.473306059,0,0,12582945.220839,2259519.473306059,0,0,0,0,0,0,0,0,0,0,0,0,0
POL,POL,2026-08-04T00:00:00.000Z,2026-08-04,12582945.220839,2262665.209611269,0,0,12582945.220839,2262665.209611269,0,0,0,0,0,0,0,0,0,0,0,0,0
POL,POL,2026-08-05T00:00:00.000Z,2026-08-05,12582945.220839,2249704.776033805,0,0,12582945.220839,2249704.776033805,0,0,0,0,0,0,0,0,0,0,0,0,0
POL,POL,2026-08-06T00:00:00.000Z,2026-08-06,12582945.220839,2210571.816396995,0,0,12582945.220839,2210571.816396995,0,0,0,0,0,0,0,0,0,0,0,0,0
POL,POL,2026-08-07T00:00:00.000Z,2026-08-07,12582945.220839,2246433.210276387,0,0,12582945.220839,2246433.210276387,0,0,0,0,0,0,0,0,0,0,0,0,0
POL,POL,2026-08-08T00:00:00.000Z,2026-08-08,12582945.220839,2275751.472640941,0,0,12582945.220839,2275751.472640941,0,0,0,0,0,0,0,0,0,0,0,0,0
POL,POL,2026-08-09T00:00:00.000Z,2026-08-09,12582945.220839,2244545.768493261,0,0,12582945.220839,2244545.768493261,0,0,0,0,0,0,0,0,0,0,0,0,0
POL,POL,2026-08-10T00:00:00.000Z,2026-08-10,12582945.220839,2191697.398565737,0,0,12582945.220839,2191697.398565737,0,0,0,0,0,0,0,0,0,0,0,0,0
POL,POL,2026-08-11T00:00:00.000Z,2026-08-11,12582945.220839,2156339.322495179,0,0,12582945.220839,2156339.322495179,0,0,0,0,0,0,0,0,0,0,0,0,0
POL,POL,2026-08-12T00:00:00.000Z,2026-08-12,12582945.220839,2295506.696637659,0,0,12582945.220839,2295506.696637659,0,0,0,0,0,0,0,0,0,0,0,0,0
POL,POL,2026-08-13T00:00:00.000Z,2026-08-13,12582945.220839,2157849.27592168,0,0,12582945.220839,2157849.27592168,0,0,0,0,0,0,0,0,0,0,0,0,0
POL,POL,2026-08-14T00:00:00.000Z,2026-08-14,12582945.220839,2152690.268381136,0,0,12582945.220839,2152690.268381136,0,0,0,0,0,0,0,0,0,0,0,0,0
POL,POL,2026-08-15T00:00:00.000Z,2026-08-15,12582945.220839,2167412.314289518,0,0,12582945.220839,2167412.314289518,0,0,0,0,0,0,0,0,0,0,0,0,0
POL,POL,2026-08-16T00:00:00.000Z,2026-08-16,12582945.220839,2201386.266385783,0,0,12582945.220839,2201386.266385783,0,0,0,0,0,0,0,0,0,0,0,0,0
POL,POL,2026-08-17T00:00:00.000Z,2026-08-17,12582945.220839,2267950.046604021,0,0,12582945.220839,2267950.046604021,0,0,0,0,0,0,0,0,0,0,0,0,0
POL,POL,2026-08-18T00:00:00.000Z,2026-08-18,12582945.220839,2229949.552037088,0,0,12582945.220839,2229949.552037088,0,0,0,0,0,0,0,0,0,0,0,0,0
POL,POL,2026-08-19T00:00:00.000Z,2026-08-19,12582945.220839,2247943.163702887,0,0,12582945.220839,2247943.163702887,0,0,0,0,0,0,0,0,0,0,0,0,0
POL,POL,2026-08-20T00:00:00.000Z,2026-08-20,12582945.220839,2358924.740550688,0,0,12582945.220839,2358924.740550688,0,0,0,0,0,0,0,0,0,0,0,0,0
POL,POL,2026-08-21T00:00:00.000Z,2026-08-21,12582945.220839,2745976.135543695,0,0,12582945.220839,2745976.135543695,0,0,0,0,0,0,0,0,0,0,0,0,0
POL,POL,2026-08-22T00:00:00.000Z,2026-08-22,12582945.220839,3290817.663606024,0,0,12582945.220839,3290817.663606024,0,0,0,0,0,0,0,0,0,0,0,0,0
POL,POL,2026-08-23T00:00:00.000Z,2026-08-23,12582945.220839,2854692.782251744,0,0,12582945.220839,2854692.782251744,0,0,0,0,0,0,0,0,0,0,0,0,0
POL,POL,2026-08-24T00:00:00.000Z,2026-08-24,12582945.220839,3012231.256416648,0,0,12582945.220839,3012231.256416648,0,0,0,0,0,0,0,0,0,0,0,0,0
