marketId,marketDisplayName,timestamp,date,supply,supplyInUsd,borrow,borrowInUsd,liquidity,liquidityInUsd,debtRepaid,debtRepaidInUsd,interestAccrued,interestAccruedInUsd,interestRepaid,interestRepaidInUsd,borrowApr,supplyApy,utilizationPercentage,loanOriginationFees,loanOriginationFeesInUsd,loanOriginationFeesMinAda,loanOriginationFeesMinAdaInUsd
USDA,USDA,2025-03-05T00:00:00.000Z,2025-03-05,0,0,0,0,0,0,0,0,0,0,0,0,0.05,0,0,0,0,0,0
USDA,USDA,2025-03-06T00:00:00.000Z,2025-03-06,227.301585,227.30158545454546,0,0,227.301585,227.30158545454546,0,0,0,0,0,0,0.05,0,0,1.24,1.24,2.16362,1.96507324708
USDA,USDA,2025-03-07T00:00:00.000Z,2025-03-07,8584.743918,8584.74391795238,0,0,8584.743918,8584.74391795238,0,0,0,0,0,0,0.05,0,0,0,0,0,0
USDA,USDA,2025-03-08T00:00:00.000Z,2025-03-08,43471.003367,43471.00336604762,1328.6259,1328.6258992380954,42142.377467,42142.37746680952,0,0,0.244258,0.244258,0,0,0.05899088267619047,0.0016881663523809524,0.02972967657746616,31,31,2.16362,1.76403400392
USDA,USDA,2025-03-09T00:00:00.000Z,2025-03-09,51169.751434000005,51169.75143409091,3284.197846,3284.197846090909,47885.553588,47885.553588,0,0,0.657206,0.657206,0,0,0.06983643105454546,0.0036832909318181817,0.06561711220138955,4.04,4.04,2.16362,1.6901766716
USDA,USDA,2025-03-10T00:00:00.000Z,2025-03-10,66048.894065,66048.89406485714,4076.7905,4076.790500142857,61972.103565,61972.103564714285,0,0,0.74366,0.74366,0,0,0.06870732345238095,0.0034118330333333335,0.06191955695627235,7.5017,7.5017,2.16362,1.60426797588
USDA,USDA,2025-03-11T00:00:00.000Z,2025-03-11,48552.552472999996,48552.55247245455,5429.9762709999995,5429.976270136363,43122.576202,43122.57620231818,0,0,1.337104,1.337104,0,0,0.08881685851818182,0.009557423513636363,0.12698603432998237,17.2,17.2,6.49086,4.6319426046
USDA,USDA,2025-03-12T00:00:00.000Z,2025-03-12,34922.291658,34922.29165719048,4944.151358,4944.1513573809525,29978.1403,29978.140299809525,0,0,1.489091,1.489091,0,0,0.09327352890952381,0.010590240380952382,0.14160290579419463,0,0,0,0
USDA,USDA,2025-03-13T00:00:00.000Z,2025-03-13,35089.419368,35089.419367636365,5051.240314,5051.240313909091,30038.179054,30038.179053727272,742.499999,742.499999,1.672988,1.672988,0.120992,0.120992,0.09400446116818181,0.010837662295454546,0.14395346258344255,10.5,10.5,4.32724,3.11606932382
USDA,USDA,2025-03-14T00:00:00.000Z,2025-03-14,35090.851168,35090.851168095236,5145.432475,5145.432475476191,29945.418693,29945.41869261905,0,0,1.677643,1.677643,0,0,0.0948460940047619,0.011170146042857142,0.14663161910718447,9.602068,9.602068,4.32724,3.19962183736
USDA,USDA,2025-03-15T00:00:00.000Z,2025-03-15,35092.287413,35092.28741257143,5741.2693229999995,5741.2693228571425,29351.01809,29351.018089714285,214.339115,214.339115,1.879884,1.8798839999999999,0,0,0.1001505544,0.01310809522857143,0.16360487565196213,2.14339,2.14339,2.16362,1.61962751426
USDA,USDA,2025-03-16T00:00:00.000Z,2025-03-16,35258.480935,35258.48093481818,8375.064205,8375.064204909091,26883.41673,26883.41672990909,0,0,3.396191,3.396191,0,0,0.12367315632272727,0.024037908904545456,0.23748807652308884,63.75,63.75,6.49086,4.63744469026
USDA,USDA,2025-03-17T00:00:00.000Z,2025-03-17,38288.012388999996,38288.01238833333,16867.133137,16867.133136666667,21420.879252,21420.879251666665,1438.765666,1438.765666,9.395075,9.395075,1.908138,1.908138,0.19067181173809525,0.06875554476190476,0.4400117619912661,0,0,0,0
USDA,USDA,2025-03-18T00:00:00.000Z,2025-03-18,46114.147855,46114.14785504762,14242.318881,14242.318880714285,31871.828974,31871.828974333333,0,0,8.879601,8.879601,0,0,0.14982899322380952,0.038819645152380955,0.31810032651643694,0,0,0,0
USDA,USDA,2025-03-19T00:00:00.000Z,2025-03-19,48716.170245,48716.17024463636,14513.40481,14513.404809818183,34202.765435,34202.76543481818,0,0,9.173343,9.173343,0,0,0.14652529071818182,0.03696472897727273,0.307912081451274,4.5,4.5,2.16362,1.5339957619
USDA,USDA,2025-03-20T00:00:00.000Z,2025-03-20,40201.916278000004,40201.91627747619,15637.017884,15637.017883952381,24564.898394,24564.89839352381,0,0,10.615314,10.615314,0,0,0.17316789401428573,0.05393644482380952,0.3889074942488012,14,14,2.16362,1.57530143132
USDA,USDA,2025-03-21T00:00:00.000Z,2025-03-21,41197.958673,41197.95867261905,15807.415821999999,15807.415821952382,25390.542851,25390.54285066667,0,0,11.086603,11.086603,0,0,0.17146575804285713,0.05268525079047619,0.38382947962737235,10.4,10.4,2.16362,1.54565334646
USDA,USDA,2025-03-22T00:00:00.000Z,2025-03-22,53122.753049,53122.75304918182,16405.586874,16405.58687381818,36717.166175,36717.166175363636,0,0,10.675247,10.675247,0,0,0.1531146217,0.04155477833636364,0.32771513912916295,0,0,0,0
USDA,USDA,2025-03-23T00:00:00.000Z,2025-03-23,71189.775696,71189.77569628571,18149.518524000003,18149.51852438095,53040.257172,53040.25717190476,0,0,9.111837,9.111837,0,0,0.12919731202857143,0.026424092123809525,0.2549452011590869,17.5,17.5,6.49086,4.59256688422
USDA,USDA,2025-03-24T00:00:00.000Z,2025-03-24,50095.109003000005,50095.1090025,20310.118682,20310.118681863638,29784.990321,29784.990320636363,0,0,14.506985,14.506985,0,0,0.1841426146,0.06333387083181818,0.42088342622717834,12.8,12.8,2.16362,1.59356238412
USDA,USDA,2025-03-25T00:00:00.000Z,2025-03-25,47998.71798,47998.717979809524,23260.120678,23260.120678142855,24738.597302,24738.59730166667,0,0,16.577922,16.577922,0,0,0.20566121032380952,0.0803335457952381,0.48441245324016546,54.1,54.1,6.49086,4.84899479938
USDA,USDA,2025-03-26T00:00:00.000Z,2025-03-26,57575.682606,57575.682607,26790.301771,26790.30177168182,30785.380835,30785.38083531818,119.372073,119.372073,19.730368,19.730368,1.734791,1.734791,0.20484897153636364,0.08081173472272728,0.4813776851328334,17,17,2.16362,1.57867018766
USDA,USDA,2025-03-27T00:00:00.000Z,2025-03-27,88092.519543,88092.519543,29752.675526,29752.67552642857,58339.844017,58339.84401657143,0,0,16.25355,16.25355,0,0,0.15895888911904762,0.04465279060952381,0.3458467075876958,27,27,6.49086,4.7511256123
USDA,USDA,2025-03-28T00:00:00.000Z,2025-03-28,105345.108478,105345.10847719046,32861.919249,32861.91924838095,72483.189229,72483.18922880951,0,0,17.008048,17.008048,0,0,0.14761983264761905,0.03697799438095238,0.3116376478433244,7.5,7.5,2.16362,1.51778808448
USDA,USDA,2025-03-29T00:00:00.000Z,2025-03-29,105101.650367,105101.650367,38869.777212,38869.77721195238,66231.873155,66231.87315504762,796.3262,796.3262,22.407756,22.407756,0.674311,0.674311,0.16759049382857144,0.05018575884285714,0.37206740746522454,54.08,54.08,10.8181,7.2237213664
USDA,USDA,2025-03-30T00:00:00.000Z,2025-03-30,101320.105381,101320.10538080952,42335.3595,42335.35949995238,58984.745881,58984.74588085714,0,0,25.948167,25.948167,0,0,0.1866182998142857,0.06527430551904762,0.4282046663298658,0,0,0,0
USDA,USDA,2025-03-31T00:00:00.000Z,2025-03-31,129386.96082400001,129386.9608239524,45189.066318000005,45189.06631752381,84197.894506,84197.89450642858,0,0,24.905428,24.905428,0,0,0.1637110183095238,0.04844605767619047,0.3598549282083402,0,0,0,0
USDA,USDA,2025-04-01T00:00:00.000Z,2025-04-01,117006.25841400001,117006.25841404762,46355.698633,46355.69863304762,70650.559781,70650.559781,0,0,20.658099,20.658099,0,0,0.17977837668095237,0.06003963949523809,0.4079145395312634,50.7,50.7,6.49086,4.36422059304
USDA,USDA,2025-04-02T00:00:00.000Z,2025-04-02,94234.95231200001,94234.95231133333,49646.929248,49646.92924747619,44588.023064,44588.023063857145,547.999998,547.999998,27.072536,27.072536,6.041446,6.041446,0.2219753668047619,0.09511013352857142,0.5315000994658293,0,0,0,0
USDA,USDA,2025-04-03T00:00:00.000Z,2025-04-03,115991.459262,115991.45926204763,49151.074928,49151.07492809524,66840.384334,66840.38433395239,199.897514,199.897514,24.103242,24.103242,4.763163,4.763163,0.18641540033809523,0.06443257672380952,0.4279968117970332,7.5,7.5,2.16362,1.36406937434
USDA,USDA,2025-04-04T00:00:00.000Z,2025-04-04,114025.851496,114025.85149619047,49816.818506,49816.81850638095,64209.03299,64209.03298980952,0,0,23.863614,23.863614,0,0,0.18988019143809523,0.06680695735714286,0.4384304966358936,7.5,7.5,2.16362,1.42196568192
USDA,USDA,2025-04-05T00:00:00.000Z,2025-04-05,102183.080005,102183.0800047619,51297.61936,51297.61935985714,50885.460645,50885.460644904764,739.522145,739.522145,27.195757,27.195757,0.32015,0.32015,0.21192089607619047,0.08536434897142857,0.5028400866210373,13.72266,13.72266,4.32724,2.86775282004
USDA,USDA,2025-04-06T00:00:00.000Z,2025-04-06,99971.899936,99971.89993642858,48830.95089,48830.950889952386,51140.949046,51140.94904647619,1177.099872,1177.099872,26.31274,26.31274,51.301418,51.301418,0.20715052290952382,0.08162863623333333,0.4887396205668496,17.534504,17.534504,6.49086,3.88894900574
USDA,USDA,2025-04-07T00:00:00.000Z,2025-04-07,150401.49482999998,150401.4948305714,33788.368766,33788.368766571424,116613.126064,116613.126064,10414.84973,10414.84973,17.300274,17.300274,30.497219,30.497219,0.12304003983333334,0.02445062,0.23508648236044505,111.12962,111.12962,21.6362,12.48516488276
USDA,USDA,2025-04-08T00:00:00.000Z,2025-04-08,144071.528296,144071.52829613636,41803.828771,41803.828771090906,102267.699525,102267.69952504545,0,0,24.665815,24.665815,0,0,0.1420888792181818,0.03395511402727273,0.2945327236873954,42,42,6.49086,3.87179366276
USDA,USDA,2025-04-09T00:00:00.000Z,2025-04-09,478902.879376,478902.87937504763,65423.048117,65423.04811604762,413479.831259,413479.831259,668.806139,668.806139,28.823827,28.823827,0.268404,0.268404,0.13556610087142856,0.034891299933333335,0.27170697375045044,181.6,181.6,10.8181,6.58212365522
USDA,USDA,2025-04-10T00:00:00.000Z,2025-04-10,1067263.865685,1067263.8656846667,252244.126342,252244.1263415238,815019.739343,815019.7393431428,0,0,87.951986,87.951986,0,0,0.12319687392380953,0.023326661347619047,0.23628074863778992,9.5,9.5,2.16362,1.36596470546
USDA,USDA,2025-04-11T00:00:00.000Z,2025-04-11,1087325.338184,1087325.3381839048,283194.795887,283194.7958867143,804130.542297,804130.5422971905,5434.964042,5434.964042,113.852663,113.852663,5.243883,5.243883,0.13098344086190475,0.027446933457142858,0.26044186907224115,563.5,563.5,8.65448,5.40580457
USDA,USDA,2025-04-12T00:00:00.000Z,2025-04-12,1086493.109739,1086493.1097388095,319677.010704,319677.0107040476,766816.099035,766816.0990347619,150,150,146.625187,146.625187,0.537793,0.537793,0.1419083126,0.03341509707142857,0.2942310653637609,210,210,4.32724,2.83700777984
USDA,USDA,2025-04-13T00:00:00.000Z,2025-04-13,1085652.968372,1085652.9683716667,332220.357518,332220.3575179524,753432.610854,753432.6108537143,0,0,156.166428,156.166428,0,0,0.1457484313095238,0.03568094661904762,0.3060097660604261,45.76,45.76,10.8181,6.93248513268
USDA,USDA,2025-04-14T00:00:00.000Z,2025-04-14,1090445.547892,1090445.5478917619,335068.55417899997,335068.5541787619,755376.993713,755376.993713,0,0,158.231322,158.231322,0,0,0.14616290310952382,0.03593029823809524,0.3072782702212556,0.5212,0.5212,2.16362,1.39394031206
USDA,USDA,2025-04-15T00:00:00.000Z,2025-04-15,1093126.769289,1093126.7692894763,335601.960908,335601.9609082381,757524.808381,757524.8083812381,755.000668,755.000668,158.125279,158.125279,1.587555,1.587555,0.1460758631190476,0.03587946419047619,0.30701099081170774,0,0,0,0
USDA,USDA,2025-04-16T00:00:00.000Z,2025-04-16,1093157.055099,1093157.0550988095,346512.909215,346512.90921485715,746644.145884,746644.1458839524,2846.25,2846.25,165.79355,165.79355,21.469699,21.469699,0.1493396175142857,0.03787074950476191,0.31698364892499814,15,15,2.16362,1.32716883524
USDA,USDA,2025-04-17T00:00:00.000Z,2025-04-17,1092688.805188,1092688.8051878572,349183.495273,349183.4952732381,743505.309915,743505.3099146191,0,0,167.619869,167.619869,0,0,0.15018572819047618,0.03839557062380952,0.31956400860454626,27,27,4.32724,2.67759009462
USDA,USDA,2025-04-18T00:00:00.000Z,2025-04-18,1089096.143178,1089096.1431783638,350843.76931500004,350843.76931509096,738252.373863,738252.3738632727,0,0,177.072701,177.072701,0,0,0.15103161924545455,0.03892295990909091,0.322142126428335,10.5,10.5,4.32724,2.6831484344
USDA,USDA,2025-04-19T00:00:00.000Z,2025-04-19,1088800.468964,1088800.4689639523,351756.93597700004,351756.93597690476,737043.532987,737043.5329870476,0,0,169.897398,169.897398,0,0,0.1513356898,0.03911342369047619,0.3230683627382357,0,0,0,0
USDA,USDA,2025-04-20T00:00:00.000Z,2025-04-20,1088050.365238,1088050.365238476,371009.11846900004,371009.11846933333,717041.246769,717041.2467691428,0,0,183.543261,183.543261,0,0,0.1572382953,0.042920162076190475,0.34098490166089845,178.9,178.9,8.65448,5.3766606086
USDA,USDA,2025-04-21T00:00:00.000Z,2025-04-21,1088375.172638,1088375.172637857,382193.211583,382193.211583,706181.961055,706181.9610548571,0,0,191.819941,191.819941,0,0,0.1605962904952381,0.045117501704761906,0.35115926876336145,5.55,5.55,2.16362,1.39066459138
USDA,USDA,2025-04-22T00:00:00.000Z,2025-04-22,1082701.329183,1082701.3291828572,384780.240944,384780.2409438572,697921.088239,697921.088239,0,0,194.505995,194.505995,0,0,0.1619988065809524,0.04605941173809524,0.35539475163177703,9,9,2.16362,1.421065616
USDA,USDA,2025-04-23T00:00:00.000Z,2025-04-23,1060938.671534,1060938.671534619,399086.546,399086.54600042856,661852.125534,661852.1255341904,0,0,207.692443,207.692443,0,0,0.16894328043809523,0.05089669133809524,0.37626633945129295,50.6,50.6,4.32724,2.98457964556
USDA,USDA,2025-04-24T00:00:00.000Z,2025-04-24,1188157.7264339998,1188157.7264344285,413469.802579,413469.80257914285,774687.923855,774687.9238552856,0,0,209.874581,209.874581,0,0,0.16304814939047618,0.047495180542857146,0.3581401275833548,93,93,8.65448,6.28771339096
USDA,USDA,2025-04-25T00:00:00.000Z,2025-04-25,1538857.397287,1538857.397286905,419316.523366,419316.5233661429,1119540.873921,1119540.873920762,396.079358,396.079358,176.333663,176.333663,0.00642,0.00642,0.1348467510904762,0.029395158133333335,0.2724856439937918,6,6,6.49086,4.62826877784
USDA,USDA,2025-04-26T00:00:00.000Z,2025-04-26,1539096.1113180001,1539096.1113180001,416388.861472,416388.8614719048,1122707.249846,1122707.2498460952,0,0,176.304103,176.304103,0,0,0.1342176571095238,0.029049452052380954,0.2705411453298098,52.4,52.4,8.65448,6.19956318492
USDA,USDA,2025-04-27T00:00:00.000Z,2025-04-27,1533409.860264,1533409.8602640908,418028.378495,418028.37849549996,1115381.481769,1115381.4817685909,0,0,186.543464,186.543464,0,0,0.13489182051363635,0.029420656981818182,0.27262452294179773,1.357698,1.357698,2.16362,1.51203285528
USDA,USDA,2025-04-28T00:00:00.000Z,2025-04-28,1517322.0714099999,1517322.0714103808,418373.671743,418373.67174328567,1098948.399667,1098948.3996670952,0,0,179.711597,179.711597,0,0,0.13589772776666667,0.02997704260952381,0.2757316197561203,1.96,1.96,4.32724,3.12434084308
USDA,USDA,2025-04-29T00:00:00.000Z,2025-04-29,1517460.0885339999,1517460.0885340476,418715.264669,418715.2646689524,1098744.823865,1098744.8238650952,800.344031,800.344031,175.736391,175.736391,1.351058,1.351058,0.1359625248095238,0.03001309516190476,0.2759316439992001,11.15,11.15,4.32724,3.07904545838
USDA,USDA,2025-04-30T00:00:00.000Z,2025-04-30,1517745.2286740001,1517745.2286738097,419497.803223,419497.8032223809,1098247.425451,1098247.4254514286,0,0,180.370018,180.370018,0,0,0.13611277787142856,0.03009681390952381,0.2763953955366118,24.077306,24.077306,8.65448,5.9402944367
USDA,USDA,2025-05-01T00:00:00.000Z,2025-05-01,1517879.0294360002,1517879.0294360002,422086.92876599997,422086.92876622727,1095792.10067,1095792.1006697728,0,0,190.404343,190.404343,0,0,0.13665767480454546,0.03040115048181818,0.2780767775690943,29.838908,29.838908,8.65448,6.13306432422
USDA,USDA,2025-05-02T00:00:00.000Z,2025-05-02,1518030.023645,1518030.0236447142,427953.162537,427953.1625370952,1090076.861108,1090076.861107619,0,0,185.592958,185.592958,0,0,0.13790206524285714,0.031101470457142857,0.2819134775478559,52.91618,52.91618,10.8181,7.62619363156
USDA,USDA,2025-05-03T00:00:00.000Z,2025-05-03,1518467.210922,1518467.2109215239,430215.637192,430215.63719180954,1088251.57373,1088251.5737297144,0,0,182.673054,182.673054,0,0,0.1383593068857143,0.03136023898095238,0.28332240052643404,0,0,0,0
USDA,USDA,2025-05-04T00:00:00.000Z,2025-05-04,1521335.759943,1521335.759942524,441494.900499,441494.90049852384,1079840.859444,1079840.859444,0,0,193.559192,193.559192,0,0,0.14059584795238095,0.03264639888571429,0.2902020385573059,4,4,4.32724,3.00958243828
USDA,USDA,2025-05-05T00:00:00.000Z,2025-05-05,1521733.756001,1521733.756001,446834.84304300003,446834.8430428572,1074898.912958,1074898.9129581428,5719.229999,5719.229999,197.266599,197.266599,0.118546,0.118546,0.14171223238095237,0.03328955726190476,0.2936353768392038,74.77,74.77,6.49086,4.3476321185
USDA,USDA,2025-05-06T00:00:00.000Z,2025-05-06,1523557.4985210001,1523557.4985204546,452685.26387,452685.26386986364,1070872.234651,1070872.234650591,0,0,210.278063,210.278063,0,0,0.1428487313318182,0.03395519173636364,0.29712421904144165,50.572168,50.572168,4.32724,2.86234809728
USDA,USDA,2025-05-07T00:00:00.000Z,2025-05-07,1519704.513175,1519704.5131752857,463170.59041299997,463170.5904128095,1056533.922762,1056533.9227624761,0,0,201.2733,201.2733,0,0,0.14536936790952382,0.03556726118571429,0.3047833060344068,1550.3,1550.3,8.65448,5.86554569294
USDA,USDA,2025-05-08T00:00:00.000Z,2025-05-08,1517108.466643,1517108.466643238,621532.849861,621532.8498616667,895575.616782,895575.6167815714,0,0,325.390695,325.390695,0,0,0.1801297752047619,0.059041044833333334,0.4096844885695206,176,176,8.65448,6.32132306404
USDA,USDA,2025-05-09T00:00:00.000Z,2025-05-09,1512176.7086089998,1512176.7086092858,639740.977659,639740.9776588571,872435.73095,872435.7309504285,1043.018498,1043.018498,323.379635,323.379635,5.246306,5.246306,0.18463837519285714,0.06250705508571429,0.4230479984746923,122.824386,122.824386,19.47258,15.22560164752
USDA,USDA,2025-05-10T00:00:00.000Z,2025-05-10,1517596.5226659998,1517596.5226648333,666148.4593079999,666148.4593073333,851448.063358,851448.0633574999,0,0,392.146939,392.146939,0,0,0.19001942628333332,0.06672743233333334,0.4389495863072723,34.97525,34.97525,12.98172,10.39447618572
USDA,USDA,2025-05-11T00:00:00.000Z,2025-05-11,1517908.266362,1517908.2663618,669532.372062,669532.3720618,848375.8943,848375.8943,0,0,327.609143,327.609143,0,0,0.19074559156,0.06730862942,0.4410888198599606,55,55,19.47258,15.69093140092
USDA,USDA,2025-05-12T00:00:00.000Z,2025-05-12,1515277.737534,1515277.7375335002,689592.4810960001,689592.4810956668,825685.256438,825685.2564378334,0,0,413.740731,413.740731,0,0,0.19552069995,0.07122163596666667,0.4551040046118659,31.412324,31.412324,12.98172,10.63374010342
USDA,USDA,2025-05-13T00:00:00.000Z,2025-05-13,1514181.059288,1514181.0592873334,717923.110856,717923.1108551667,796257.948432,796257.9484321667,928.199625,928.199625,448.917567,448.917567,10.982812,10.982812,0.20202124748333333,0.07663678388333334,0.47413325571789483,202.76574,202.76574,17.30896,13.81500362508
USDA,USDA,2025-05-14T00:00:00.000Z,2025-05-14,1514582.514221,1514582.5142214,705310.2758869999,705310.2758871999,809272.238334,809272.2383342,0,0,376.772123,376.772123,0,0,0.19912538554,0.07418298728,0.46567968639063556,28.6,28.6,8.65448,6.95033067044
USDA,USDA,2025-05-15T00:00:00.000Z,2025-05-15,1515155.328619,1515155.3286183332,707705.453164,707705.4531635,807449.875455,807449.8754548334,1305.005951,1305.005951,448.07094,448.07094,40.227267,40.227267,0.1996061452,0.07458827033333333,0.46708429963780584,126,126,8.65448,6.65053731962
USDA,USDA,2025-05-16T00:00:00.000Z,2025-05-16,1515538.767979,1515538.767978,715052.461363,715052.4613623333,800486.306616,800486.3066156667,782.878758,782.878758,456.992219,456.992219,0.501249,0.501249,0.20122494048333334,0.07595260766666667,0.4718140386480827,18.2,18.2,4.32724,3.32879860584
USDA,USDA,2025-05-17T00:00:00.000Z,2025-05-17,1515884.030571,1515884.0305706,714098.663921,714098.663921,801785.36665,801785.3666496,6835.535341,6835.535341,377.231761,377.231761,45.459045,45.459045,0.20097262772,0.0757389808,0.47107739392011866,93.2,93.2,8.65448,6.60246384684
USDA,USDA,2025-05-18T00:00:00.000Z,2025-05-18,1516225.3668880002,1516225.3668876668,707014.909621,707014.9096208334,809210.457267,809210.4572668333,9336.144458,9336.144458,451.836603,451.836603,12.544639,12.544639,0.19933779365,0.07436338496666667,0.4662995098582605,10.7,10.7,6.49086,4.90101904228
USDA,USDA,2025-05-19T00:00:00.000Z,2025-05-19,1516753.886206,1516753.8862057999,698686.887336,698686.8873358,818066.99887,818066.99887,6165.189342,6165.189342,378.64295,378.64295,48.07701,48.07701,0.19740550296,0.07274813232,0.4606462508297719,40,40,6.49086,4.71813473454
USDA,USDA,2025-05-20T00:00:00.000Z,2025-05-20,1517437.356547,1517437.3565475,713674.4382570001,713674.4382575,803762.91829,803762.9182900001,400,400,460.141191,460.141191,8.003859,8.003859,0.20071487328333334,0.07553950923333333,0.47031420335740837,362.668252,362.668252,17.30896,12.74826972924
USDA,USDA,2025-05-21T00:00:00.000Z,2025-05-21,1517940.333734,1517940.3337331666,752618.092811,752618.0928106667,765322.240923,765322.2409225,2909.465871,2909.465871,505.500306,505.500306,2.073225,2.073225,0.20947947835,0.08311610351666666,0.49581475338468367,641.2,641.2,17.30896,13.08332143158
USDA,USDA,2025-05-22T00:00:00.000Z,2025-05-22,1518352.588862,1518352.5888622,791566.746441,791566.746441,726785.842421,726785.8424212,1352.075561,1352.075561,455.627881,455.627881,2.000183,2.000183,0.21830922172,0.09105381744,0.5213323536223011,227,227,10.8181,8.55828112756
USDA,USDA,2025-05-23T00:00:00.000Z,2025-05-23,1518778.889444,1518778.8894426664,800082.425346,800082.4253451666,718696.464098,718696.4640975,100,100,562.772692,562.772692,3.318713,3.318713,0.22020759513333332,0.09280571436666667,0.5267930126623115,139.8,139.8,12.98172,10.26220544064
USDA,USDA,2025-05-24T00:00:00.000Z,2025-05-24,1519251.365128,1519251.365128,819107.78997,819107.7899698333,700143.575158,700143.5751581667,215.325885,215.325885,583.749585,583.749585,24.33569,24.33569,0.22451691706666665,0.09684824331666667,0.5391517709428094,53.6,53.6,12.98172,9.8569009969
USDA,USDA,2025-05-25T00:00:00.000Z,2025-05-25,1525927.405186,1525927.405186,829682.961783,829682.9617834,696244.443403,696244.4434026,871.805821,871.805821,505.768657,505.768657,19.959133,19.959133,0.22611317356,0.09835474714,0.5437245916460627,1.36,1.36,2.16362,1.60887432286
USDA,USDA,2025-05-26T00:00:00.000Z,2025-05-26,1528344.650297,1528344.6502963332,828542.055476,828542.0554755,699802.594821,699802.5948208333,996.423999,996.423999,594.264365,594.264365,8.827935,8.827935,0.22555138876666667,0.09782034885,0.5421175981598235,0,0,0,0
USDA,USDA,2025-05-27T00:00:00.000Z,2025-05-27,1523563.717614,1523563.7176144,829253.137569,829253.1375694,694310.580045,694310.580045,0,0,505.172394,505.172394,0,0,0.22630917878,0.09854141242,0.5442851465758787,13,13,8.65448,6.597412830050509
USDA,USDA,2025-05-28T00:00:00.000Z,2025-05-28,1525034.088846,1525034.0888451668,836813.326791,836813.3267901667,688220.762055,688220.762055,823.913804,823.913804,601.555034,601.555034,2.860207,2.860207,0.2278642203,0.1000475862,0.5487182574073451,362,362,6.49086,4.81777006885069
USDA,USDA,2025-05-29T00:00:00.000Z,2025-05-29,1522726.3890769999,1522726.3890765002,857320.901261,857320.9012605001,665405.487816,665405.487816,20037.684236,20037.684236,630.179538,630.179538,831.747577,831.747577,0.2328793303,0.10489929128333333,0.5630185749955279,103.5,103.5,8.65448,6.432300190820975
USDA,USDA,2025-05-30T00:00:00.000Z,2025-05-30,1518569.5059079998,1518569.5059074,842494.624693,842494.6246926,676074.881215,676074.8812148,14493.73516,14493.73516,523.643147,523.643147,209.19871,209.19871,0.2299904775,0.1020819772,0.5547938247095122,115,115,4.32724,3.056624807002154
USDA,USDA,2025-05-31T00:00:00.000Z,2025-05-31,1610569.2872239999,1610569.2872241666,858009.01836,858009.01836,752560.268864,752560.2688641667,1160.330047,1160.330047,608.112764,608.112764,67.367165,67.367165,0.22237426201666666,0.09488889376666668,0.5329783540120084,606.7,606.7,12.98172,8.813464039969631
USDA,USDA,2025-06-01T00:00:00.000Z,2025-06-01,1646670.0230319998,1646670.0230319998,908831.731131,908831.7311308,737838.291901,737838.2919012,0,0,540.915493,540.915493,0,0,0.2289825293,0.10110427318,0.5519211721513073,10,10,2.16362,1.466986390000632
USDA,USDA,2025-06-02T00:00:00.000Z,2025-06-02,1656198.170925,1656198.1709246663,909795.138268,909795.1382674999,746403.032657,746403.0326571666,3358.766674,3358.766674,667.759405,667.759405,86.504689,86.504689,0.22807966606666666,0.10023777275000001,0.5493428132844936,0.4,0.4,2.16362,1.448947349209426
USDA,USDA,2025-06-03T00:00:00.000Z,2025-06-03,1649409.59466,1649409.5946591666,907861.3751289999,907861.3751286666,741548.219531,741548.2195305,0,0,651.318975,651.318975,0,0,0.22847313411666667,0.1006204765,0.5504636120529904,4,4,4.32724,2.996912042521327
USDA,USDA,2025-06-04T00:00:00.000Z,2025-06-04,1634327.781244,1634327.7812446,908462.649886,908462.6498864,725865.131358,725865.1313582,0,0,543.509888,543.509888,0,0,0.23036489408,0.10244109426,0.5558631901290993,0,0,0,0
USDA,USDA,2025-06-05T00:00:00.000Z,2025-06-05,1639363.392525,1639363.3925243332,908781.531731,908781.5317303333,730581.860794,730581.860794,1053.348092,1053.348092,656.956,656.956,67.003749,67.003749,0.22983758363333334,0.10193146796666666,0.5543593116562493,34.8,34.8,4.62032,3.022114938062315
USDA,USDA,2025-06-06T00:00:00.000Z,2025-06-06,1681662.2079830002,1681662.2079836,912431.982148,912431.9821484,769230.225835,769230.2258352,3667.263093,3667.263093,551.710472,551.710472,213.681516,213.681516,0.22571227982,0.09797327282,0.542577898868834,52,52,4.62032,3.061872459824874
USDA,USDA,2025-06-07T00:00:00.000Z,2025-06-07,1681089.49632,1681089.4963205,913928.329936,913928.3299363333,767161.166384,767161.1663841667,0,0,650.333722,650.333722,0,0,0.22608790826666667,0.09833058593333334,0.5436523915799494,0,0,0,0
USDA,USDA,2025-06-08T00:00:00.000Z,2025-06-08,1681785.654255,1681785.6542548332,914857.334378,914857.3343781667,766928.319877,766928.3198766666,0,0,651.172837,651.172837,0,0,0.22620236976666666,0.0984396241,0.5439797224236035,9.5,9.5,4.62032,3.074143318787815
USDA,USDA,2025-06-09T00:00:00.000Z,2025-06-09,1686186.97834,1686186.9783404,917806.95435,917806.95435,768380.02399,768380.0239904,0,0,539.710207,539.710207,0,0,0.22631795014,0.09854990078,0.5443101560729472,72.57279,72.57279,11.5508,7.774118159600711
USDA,USDA,2025-06-10T00:00:00.000Z,2025-06-10,1669051.1539369998,1669051.1539363333,923992.122999,923992.1229983333,745059.030938,745059.030938,42.193636,42.193636,665.947126,665.947126,34.049,34.049,0.22960683393333334,0.10171951005,0.5536950201849792,13.65,13.65,11.5508,8.0852159425281
USDA,USDA,2025-06-11T00:00:00.000Z,2025-06-11,1682111.0241430001,1682111.0241431668,925456.081691,925456.0816911667,756654.942452,756654.942452,578.391729,578.391729,662.546867,662.546867,54.620524,54.620524,0.22837884098333333,0.10052595883333333,0.5501965894187925,13.503696,13.503696,9.24064,6.616365361294758
USDA,USDA,2025-06-12T00:00:00.000Z,2025-06-12,1674879.966779,1674879.9667792,925880.7150729999,925880.7150732,748999.251706,748999.251706,446.737651,446.737651,565.222396,565.222396,4.129742,4.129742,0.22929205918,0.10140290258,0.5528042364154994,0,0,0,0
USDA,USDA,2025-06-13T00:00:00.000Z,2025-06-13,1681712.033457,1681712.0334556666,925738.541725,925738.5417241667,755973.491732,755973.4917315,692.564603,692.564603,664.132728,664.132728,47.803558,47.803558,0.22849344843333333,0.10063996293333333,0.550521631086601,3.5,3.5,2.31016,1.4611646492
USDA,USDA,2025-06-14T00:00:00.000Z,2025-06-14,1674401.077833,1674401.077833,926367.271105,926367.2711046,748033.806728,748033.8067284,0,0,554.253251,554.253251,0,0,0.22948574142,0.1016030943,0.5533493189132801,3,3,2.31016,1.471292541142834
USDA,USDA,2025-06-15T00:00:00.000Z,2025-06-15,1719148.010114,1719148.0101140002,930327.7792069999,930327.7792073333,788820.230907,788820.2309066667,0,0,657.855196,657.855196,0,0,0.22521586163333332,0.09750304964999999,0.5411567670025648,80,80,4.62032,2.89324190395794
USDA,USDA,2025-06-16T00:00:00.000Z,2025-06-16,1705234.897434,1705234.8974343333,951004.559993,951004.559993,754230.337441,754230.3374413333,0,0,682.661105,682.661105,0,0,0.23104610025,0.10314443258333333,0.5577807768670351,311.5,311.5,4.62032,2.99277069712
USDA,USDA,2025-06-17T00:00:00.000Z,2025-06-17,1686261.995581,1686261.9955806,951047.460262,951047.460262,735214.535319,735214.5353186,714.999999,714.999999,599.864215,599.864215,0.311929,0.311929,0.23322380358,0.10525897192,0.5639860155146206,22,22,2.31016,1.42947387432
USDA,USDA,2025-06-18T00:00:00.000Z,2025-06-18,1694422.889735,1694422.8897346668,919596.77905,919596.7790498333,774826.110685,774826.1106848334,2458.682963,2458.682963,683.696506,683.696506,103.849427,103.849427,0.2257619295,0.09802046513333333,0.5427199433116496,63.3,63.3,13.86096,8.338665556186733
USDA,USDA,2025-06-19T00:00:00.000Z,2025-06-19,1677203.4277269999,1677203.4277264997,922253.960662,922253.9606613333,754949.467065,754949.4670651666,31.897329,31.897329,691.32183,691.32183,2.590846,2.590846,0.22828516096666668,0.10044004756666666,0.5499268207365593,2,2,2.31016,1.39428778701758
USDA,USDA,2025-06-20T00:00:00.000Z,2025-06-20,1660052.511952,1660052.511952,920840.021741,920840.0217408,739212.490211,739212.4902112,12076.028114,12076.028114,591.659862,591.659862,598.629382,598.629382,0.22995773938,0.10204725264,0.5547021848218991,9.5,9.5,4.62032,2.748470302267143
USDA,USDA,2025-06-21T00:00:00.000Z,2025-06-21,1655103.639211,1655103.6392113334,911213.1813380001,911213.1813386667,743890.457873,743890.4578726667,1196.66353,1196.66353,688.622906,688.622906,28.073742,28.073742,0.2285018518,0.1006419877,0.5505490160306906,0.5,0.5,2.31016,1.35315773872
USDA,USDA,2025-06-22T00:00:00.000Z,2025-06-22,1662088.945816,1662088.9458156,896988.6905319999,896988.6905318,765100.255284,765100.2552838,8241.872207,8241.872207,561.308308,561.308308,626.44912,626.44912,0.22470361,0.09702985525999999,0.539683549058948,0,0,0,0
USDA,USDA,2025-06-23T00:00:00.000Z,2025-06-23,1671832.8946230002,1671832.894623,875511.028165,875511.0281651666,796321.866458,796321.8664578333,0,0,659.070113,659.070113,0,0,0.21912805838333332,0.09180511033333333,0.5236901899455813,18.250932,18.250932,9.24064,5.23151744505855
USDA,USDA,2025-06-24T00:00:00.000Z,2025-06-24,1679021.309689,1679021.3096895,880149.319168,880149.3191684999,798871.990521,798871.990521,0,0,660.557047,660.557047,0,0,0.21930643473333333,0.09196904163333333,0.5242036720634642,32.5,32.5,9.24064,5.41131356871754
USDA,USDA,2025-06-25T00:00:00.000Z,2025-06-25,2738712.9633830003,2738712.9633832,880829.120631,880829.1206313999,1857883.842752,1857883.8427518,0,0,472.056692,472.056692,0,0,0.165280725,0.052569124700000004,0.36282653539317083,32.35,32.35,11.5508,6.5952295808
USDA,USDA,2025-06-26T00:00:00.000Z,2025-06-26,3426311.700425,3426311.7004251666,885194.962009,885194.962009,2541116.738416,2541116.7384161665,0,0,409.927551,409.927551,0,0,0.13028211573333334,0.026927112683333334,0.25835293057622866,26.5,26.5,9.24064,5.165101794516126
USDA,USDA,2025-06-27T00:00:00.000Z,2025-06-27,3423181.190078,3423181.1900775,875257.382726,875257.3827253333,2547923.807352,2547923.8073521666,18611.441042,18611.441042,404.912283,404.912283,688.083273,688.083273,0.1294228238,0.0264747187,0.25568528563560117,190,190,6.93048,3.814093670840862
USDA,USDA,2025-06-28T00:00:00.000Z,2025-06-28,3416853.267368,3416853.267368,886223.046015,886223.046015,2530630.221353,2530630.221353,0,0,341.112206,341.112206,0,0,0.13060939676,0.02710073828,0.2593681892209896,20,20,2.31016,1.297857813580675
USDA,USDA,2025-06-29T00:00:00.000Z,2025-06-29,3417144.6961829998,3417144.6961825,886514.47483,886514.4748295,2530630.221353,2530630.221353,0,0,413.302729,413.302729,0,0,0.13062976278333333,0.027111565,0.25943135333623674,0,0,0,0
USDA,USDA,2025-06-30T00:00:00.000Z,2025-06-30,3415667.286179,3415667.2861796003,900651.164934,900651.1649346,2515016.121245,2515016.121245,2000,2000,348.349368,348.349368,12.498404,12.498404,0.13200123232,0.02784511518,0.26368228549799544,160.7,160.7,6.93048,3.987872784186259
USDA,USDA,2025-07-01T00:00:00.000Z,2025-07-01,3415054.090093,3415054.0900924997,906055.733157,906055.7331565,2508998.356936,2508998.356936,950,950,434.516752,434.516752,1.740956,1.740956,0.13252765036666667,0.02812997765,0.2653120074598503,178.5,178.5,6.93048,3.841544201380929
USDA,USDA,2025-07-02T00:00:00.000Z,2025-07-02,3415730.070924,3415730.0709241666,918617.920568,918617.9205681666,2497112.150356,2497112.150356,192.078359,192.078359,434.320011,434.320011,18.65661,18.65661,0.13369900898333334,0.028765345116666667,0.26893749892818697,10.907944,10.907944,4.62032,2.723979649111658
USDA,USDA,2025-07-03T00:00:00.000Z,2025-07-03,3368740.130852,3368740.1308524,919984.9286489999,919984.9286489999,2448755.202203,2448755.2022034,61.182979,61.182979,361.466673,361.466673,4.716458,4.716458,0.1350568962,0.02951366582,0.273133420194644,10,10,2.31016,1.394627349427214
USDA,USDA,2025-07-04T00:00:00.000Z,2025-07-04,3350970.561323,3350970.5613223333,920865.491585,920865.4915846667,2430105.069738,2430105.0697376668,0,0,441.26884,441.26884,0,0,0.13559862965,0.029811050483333334,0.2748080756499312,0,0,0,0
USDA,USDA,2025-07-05T00:00:00.000Z,2025-07-05,3358534.5794949997,3358534.5794946663,921069.016335,921069.0163349999,2437465.56316,2437465.5631596665,847.999999,847.999999,440.65263,440.65263,8.847561,8.847561,0.13541700958333333,0.0297102025,0.27424730718676493,9.658604,9.658604,4.62032,2.658832457144684
USDA,USDA,2025-07-06T00:00:00.000Z,2025-07-06,3359644.067205,3359644.0672052,921223.236031,921223.2360312,2438420.831174,2438420.831174,0,0,364.190289,364.190289,0,0,0.13540254246,0.0297021898,0.2742026265633631,7,7,2.31016,1.32667175432
USDA,USDA,2025-07-07T00:00:00.000Z,2025-07-07,3359957.1856580004,3359957.1856575003,922416.354484,922416.3544835,2437540.831174,2437540.831174,0,0,441.633427,441.633427,0,0,0.13550925255,0.0297613294,0.2745321699716415,12,12,2.31016,1.357333772689538
USDA,USDA,2025-07-08T00:00:00.000Z,2025-07-08,3358727.3609769996,3358727.360978,931169.914197,931169.9141976666,2427557.44678,2427557.4467803333,0,0,446.360188,446.360188,0,0,0.13638637011666666,0.03025196375,0.27723824552334864,234.31,234.31,4.62032,2.705282656576733
USDA,USDA,2025-07-09T00:00:00.000Z,2025-07-09,3360325.246983,3360325.2469828,947238.277063,947238.2770632,2413086.96992,2413086.9699196,0,0,388.786275,388.786275,0,0,0.13789402082,0.03109664118,0.2818888517042931,22.5,22.5,9.24064,5.657394578816636
USDA,USDA,2025-07-10T00:00:00.000Z,2025-07-10,3357289.925857,3357289.9258566666,949541.289877,949541.2898766667,2407748.63598,2407748.63598,0,0,460.189658,460.189658,0,0,0.13820020876666667,0.03127024415,0.28283213729848883,32.62,32.62,16.17112,10.547692642828775
USDA,USDA,2025-07-11T00:00:00.000Z,2025-07-11,3331070.8903570003,3331070.8903576,958786.267775,958786.2677756,2372284.622582,2372284.622582,28163.795929,28163.795929,389.973613,389.973613,69.091982,69.091982,0.13982658444,0.03220510444,0.2878351377657141,281.4,281.4,34.6524,24.280166325662524
USDA,USDA,2025-07-12T00:00:00.000Z,2025-07-12,3331449.438865,3331449.4388648337,930696.020225,930696.0202251667,2400753.41864,2400753.418639667,0,0,458.408754,458.408754,0,0,0.13707586178333334,0.030635586316666668,0.27936666348101513,1,1,2.31016,1.641987378073369
USDA,USDA,2025-07-13T00:00:00.000Z,2025-07-13,3331390.0460159997,3331390.046015833,934676.634863,934676.6348631666,2396713.411153,2396713.4111526664,0,0,460.314089,460.314089,0,0,0.13746518588333334,0.030855574016666668,0.2805665097729945,189.506402,189.506402,18.48128,13.556703170500215
USDA,USDA,2025-07-14T00:00:00.000Z,2025-07-14,3332526.5882329997,3332526.5882332,976895.613013,976895.6130128,2355630.97522,2355630.9752204,3483.573606,3483.573606,414.691623,414.691623,152.009688,152.009688,0.14155145088,0.03319996802,0.2931391342967817,366.52297,366.52297,9.24064,6.930944124847079
USDA,USDA,2025-07-15T00:00:00.000Z,2025-07-15,3333386.576369,3333386.5763685,978942.967178,978942.967178,2354443.609191,2354443.6091905,30,30,494.045927,494.045927,3.035391,3.035391,0.14172614525,0.03329752925,0.2936781899000013,24.956192,24.956192,6.93048,5.084853830968713
USDA,USDA,2025-07-16T00:00:00.000Z,2025-07-16,3333699.6043350003,3333699.604335167,983507.769762,983507.7697621667,2350191.834573,2350191.834573,0,0,496.561527,496.561527,0,0,0.14216326413333333,0.0335538154,0.2950199063195046,180.076804,180.076804,32.34224,24.940662441495864
USDA,USDA,2025-07-17T00:00:00.000Z,2025-07-17,3333914.318887,3333914.3188868,998879.980013,998879.9800132001,2335034.338874,2335034.3388736,2195.426795,2195.426795,420.030626,420.030626,88.701496,88.701496,0.14365972916,0.03443371862,0.2996117709941991,28,28,9.24064,7.25357575759401
USDA,USDA,2025-07-18T00:00:00.000Z,2025-07-18,3329546.879889,3329546.8798888335,1014641.92261,1014641.9226101667,2314904.957279,2314904.9572786666,5810.850821,5810.850821,518.972304,518.972304,7.871778,7.871778,0.14533370805,0.035433056233333336,0.3047395525952601,179,179,23.1016,19.739639278147376
USDA,USDA,2025-07-19T00:00:00.000Z,2025-07-19,3373384.893777,3373384.8937764,1023270.671036,1023270.6710354,2350114.222741,2350114.222741,980.269818,980.269818,443.608107,443.608107,5.112867,5.112867,0.14487523294,0.0351567918,0.30333663125994875,20.9,20.9,9.24064,7.623859903216548
USDA,USDA,2025-07-20T00:00:00.000Z,2025-07-20,3345681.406641,3345681.4066398335,1025276.878603,1025276.8786023333,2320404.528038,2320404.5280375,1004.661849,1004.661849,525.733608,525.733608,2.388122,2.388122,0.1458948185,0.03576937073333333,0.3064575814884266,42.441514,42.441514,20.79144,17.760683293498655
USDA,USDA,2025-07-21T00:00:00.000Z,2025-07-21,3329638.994157,3329638.9941568333,1032069.036614,1032069.036614,2297569.957543,2297569.9575428334,0,0,532.291285,532.291285,0,0,0.14704133253333335,0.03646306415,0.3099642324319768,37.2,37.2,13.86096,12.5143706059052
USDA,USDA,2025-07-22T00:00:00.000Z,2025-07-22,3329499.740522,3329499.7405212,1044440.872462,1044440.8724616,2285058.86806,2285058.8680596,5939.529131,5939.529131,449.297681,449.297681,17.587179,17.587179,0.14826151206,0.03720716594,0.3136927932390714,20.100384,20.100384,6.93048,6.036406643965738
USDA,USDA,2025-07-23T00:00:00.000Z,2025-07-23,3328270.777887,3328270.7778866664,1036017.854527,1036017.8545271666,2292252.92336,2292252.9233595,23838.442039,23838.442039,539.643877,539.643877,140.384931,140.384931,0.14747108236666667,0.036723947933333334,0.3112781324547931,137.31,137.31,6.93048,5.784655249020414
USDA,USDA,2025-07-24T00:00:00.000Z,2025-07-24,3326619.194708,3326619.1947075,1040732.19866,1040732.19866,2285886.996048,2285886.9960475,1456.347519,1456.347519,541.772027,541.772027,59.831729,59.831729,0.14798616358333333,0.03704051083333333,0.31285066431805747,208,208,4.62032,3.830571228196802
USDA,USDA,2025-07-25T00:00:00.000Z,2025-07-25,3326034.1197740003,3326034.1197744003,1086454.814896,1086454.8148968,2239579.304878,2239579.3048776,907.478605,907.478605,485.677595,485.677595,1.162258,1.162258,0.15251753946,0.03988306522,0.3266513765915609,760.366534,760.366534,13.86096,11.146727659247224
USDA,USDA,2025-07-26T00:00:00.000Z,2025-07-26,3351497.4274049997,3351497.4274049997,1127000.898638,1127000.8986383334,2224496.528767,2224496.5287666665,0,0,606.392793,606.392793,0,0,0.15567891685,0.04188056068333333,0.3362712937681115,12.41,12.41,6.93048,5.709922082827651
USDA,USDA,2025-07-27T00:00:00.000Z,2025-07-27,3343107.839575,3343107.8395754006,1128806.9056640002,1128806.9056642002,2214300.933911,2214300.9339112,0,0,502.175621,502.175621,0,0,0.15613451136,0.04217563044,0.3376534639659231,25.2,25.2,6.93048,5.719659537316769
USDA,USDA,2025-07-28T00:00:00.000Z,2025-07-28,3340093.15961,3340093.1596103334,1188340.8710389999,1188340.8710389999,2151752.288571,2151752.2885713335,729.620544,729.620544,645.492436,645.492436,45.5015,45.5015,0.16214862806666666,0.046276457183333335,0.3557799463774096,1800,1800,11.5508,9.381694637862017
USDA,USDA,2025-07-29T00:00:00.000Z,2025-07-29,3340673.713807,3340673.713807,1329414.316382,1329414.3163823334,2011259.397425,2011259.3974246667,0,0,772.286378,772.286378,0,0,0.17618613816666667,0.05609257656666667,0.397947839878312,253.89987,253.89987,6.93048,5.510105180460169
USDA,USDA,2025-07-30T00:00:00.000Z,2025-07-30,3331422.933358,3331422.9333584,1329974.040151,1329974.0401516,2001448.893207,2001448.8932068,10119.326486,10119.326486,659.06863,659.06863,231.576078,231.576078,0.1766147197,0.05640808908,0.39922616332411076,56.2,56.2,6.93048,5.21122619264255
USDA,USDA,2025-07-31T00:00:00.000Z,2025-07-31,3312972.454949,3312972.4549493333,1334870.163681,1334870.163681,1978102.291268,1978102.2912683333,332.74917,332.74917,786.534075,786.534075,0.553154,0.553154,0.17785625766666666,0.05733030273333333,0.4029245580121253,92.5,92.5,13.86096,10.600115386850442
USDA,USDA,2025-08-01T00:00:00.000Z,2025-08-01,3338563.750224,3338563.750224,1325080.577756,1325080.5777556666,2013483.172468,2013483.1724683333,10649.623619,10649.623619,630.948386,630.948386,142.361364,142.361364,0.17583531371666666,0.055834306933333334,0.39690144155936313,230,230,4.62032,3.31505524712616
USDA,USDA,2025-08-02T00:00:00.000Z,2025-08-02,3339221.1054020002,3339221.1054018,1337631.885055,1337631.8850546,2001589.220347,2001589.2203472,657.276205,657.276205,531.937908,531.937908,2.776812,2.776812,0.17706962826,0.05674472702,0.4005820100100117,1.85,1.85,2.31016,1.616767066007203
USDA,USDA,2025-08-03T00:00:00.000Z,2025-08-03,3340014.6463519996,3340014.6463508336,1343708.576741,1343708.5767401666,1996306.069611,1996306.0696106667,1285.680213,1285.680213,650.4392,650.4392,73.070195,73.070195,0.17764863145,0.0571759752,0.40230612310250496,132.67,132.67,18.48128,13.227094603843673
USDA,USDA,2025-08-04T00:00:00.000Z,2025-08-04,3340461.013329,3340461.0133293997,1468511.411596,1468511.4115964,1871949.601733,1871949.601733,5097.692356,5097.692356,608.627888,608.627888,1127.142346,1127.142346,0.19032235988,0.06737248304,0.439612447788972,2900.661758,2900.661758,9.24064,6.866638448628501
USDA,USDA,2025-08-05T00:00:00.000Z,2025-08-05,3350971.07854,3350971.0785395,1633739.6586489999,1633739.6586485,1717231.419891,1717231.419891,2378.529007,2378.529007,928.628687,928.628687,55.246331,55.246331,0.20662649125,0.08059257268333334,0.4875464491173482,12.85,12.85,6.93048,5.019305616414648
USDA,USDA,2025-08-06T00:00:00.000Z,2025-08-06,3353407.140839,3353407.1408385,1628988.987027,1628988.9870261666,1724418.153812,1724418.1538123332,5602.121371,5602.121371,902.738163,902.738163,129.402053,129.402053,0.20601864855,0.08006478104999999,0.485779266935012,7,7,6.93048,5.017936883601268
USDA,USDA,2025-08-07T00:00:00.000Z,2025-08-07,3334503.4001929997,3334503.4001931995,1629625.5824139998,1629625.5824143998,1704877.817779,1704877.8177788,0,0,749.82271,749.82271,0,0,0.20702894608,0.0809427108,0.48871611842410856,19.41,19.41,11.5508,8.70769582126175
USDA,USDA,2025-08-08T00:00:00.000Z,2025-08-08,3337021.5057409997,3337021.5057403333,1633068.6135069998,1633068.6135063334,1703952.892234,1703952.892234,125,125,910.377138,910.377138,21.308655,21.308655,0.20725717145,0.0811418692,0.48937907788895074,54.3,54.300000000000004,11.5508,9.165207943533083
USDA,USDA,2025-08-09T00:00:00.000Z,2025-08-09,3340324.022261,3340324.0222603334,1640863.6015219998,1640863.6015213334,1699460.420739,1699460.420739,1487.713712,1487.713712,916.875872,916.875872,10.599499,10.599499,0.2078941933,0.08169898916666667,0.49122883154785557,65.5,65.5,11.5508,9.334852579804092
USDA,USDA,2025-08-10T00:00:00.000Z,2025-08-10,3347978.650185,3347978.650185,1644845.401878,1644845.401878,1703133.248307,1703133.248307,31,31,760.783877,760.783877,2.013983,2.013983,0.20791988934,0.08172233956,0.49130294974277405,11.499692,11.499692,9.24064,7.427040669142862
USDA,USDA,2025-08-11T00:00:00.000Z,2025-08-11,3371177.455363,3371177.455362667,1658383.076258,1658383.0762576668,1712794.379105,1712794.379105,541.222892,541.222892,926.682125,926.682125,14.965519,14.965519,0.2081367446,0.08191267241666667,0.49193226000952217,184,184,9.24064,7.413292438162245
USDA,USDA,2025-08-12T00:00:00.000Z,2025-08-12,3361989.077923,3361989.077924,1664139.759631,1664139.7596316,1697849.318292,1697849.3182924,1228.589907,1228.589907,792.764084,792.764084,20.637209,20.637209,0.2091939285,0.08284267365999999,0.4949989927916102,306.58,306.58,34.6524,28.315351254242827
USDA,USDA,2025-08-13T00:00:00.000Z,2025-08-13,3344377.096314,3344377.0963136666,1699343.2800669998,1699343.2800665002,1645033.816247,1645033.8162471666,208,208,971.157142,971.157142,3.620811,3.620811,0.21372679746666667,0.08688166726666667,0.5081190809363654,303.419494,303.419494,16.17112,13.937644319854414
USDA,USDA,2025-08-14T00:00:00.000Z,2025-08-14,3342827.946366,3342827.946365333,1737748.788134,1737748.7881336666,1605079.158232,1605079.1582316668,6424.176797,6424.176797,1012.578662,1012.578662,209.89477,209.89477,0.21779181416666665,0.09057535233333333,0.5198445876523672,249.05,249.05,36.96256,34.92500986491214
USDA,USDA,2025-08-15T00:00:00.000Z,2025-08-15,3343802.6174560003,3343802.6174554,1747829.380533,1747829.3805324,1595973.236923,1595973.236923,0,0,845.590449,845.590449,0,0,0.21878617554,0.09148903966000001,0.5227070859316713,59.734844,59.734844,16.17112,15.05941401827265
USDA,USDA,2025-08-16T00:00:00.000Z,2025-08-16,3348251.1602310003,3348251.160231,1753449.9270720002,1753449.927072,1594801.233159,1594801.233159,223.594176,223.594176,1028.751058,1028.751058,0.057057,0.057057,0.21912825176666667,0.09180456321666666,0.5236911549439417,59.17,59.17,20.79144,19.229561093367348
USDA,USDA,2025-08-17T00:00:00.000Z,2025-08-17,3350099.120126,3350099.1201255,1757500.507843,1757500.5078428334,1592598.612283,1592598.6122826666,1050.732126,1050.732126,1033.761264,1033.761264,3.101174,3.101174,0.21944824371666666,0.09210012743333333,0.5246114612915208,61.35,61.35,20.79144,19.65756110275445
USDA,USDA,2025-08-18T00:00:00.000Z,2025-08-18,3360447.4315959997,3360447.431597,1766495.950148,1766495.9501488,1593951.481448,1593951.4814482,875.113399,875.113399,882.414264,882.414264,30.236739,30.236739,0.21981751768,0.09244179234,0.5256731773562806,115.320432,115.320432,30.03208,27.61766412044052
USDA,USDA,2025-08-19T00:00:00.000Z,2025-08-19,3400597.419886,3400597.4198858333,1760617.008657,1760617.008657,1639980.411229,1639980.4112288333,255807.423271,255807.423271,1042.389214,1042.389214,2104.287389,2104.287389,0.2171846573,0.09022421675,0.5179799126837934,620,620,9.24064,8.487266414616798
USDA,USDA,2025-08-20T00:00:00.000Z,2025-08-20,3420023.307999,3420023.3079985,1582676.485975,1582676.4859748334,1837346.822024,1837346.8220236667,0,0,848.177197,848.177197,0,0,0.19816100963333333,0.07338628925,0.46285286133822084,73.45,73.45,13.86096,11.98979232456471
USDA,USDA,2025-08-21T00:00:00.000Z,2025-08-21,3379918.788114,3379918.7881138,1585620.299504,1585620.2995038,1794298.48861,1794298.48861,0,0,713.896675,713.896675,0,0,0.2003057386,0.075175533,0.46912968872442956,74.5,74.5,6.93048,6.058939779371709
USDA,USDA,2025-08-22T00:00:00.000Z,2025-08-22,3381296.077603,3381296.077603167,1593615.996401,1593615.9964008334,1787680.081202,1787680.0812023333,37.143557,37.143557,890.583302,890.583302,11.456204,11.456204,0.20105025435,0.07580510335,0.47130380431566066,150.7,150.7,18.48128,16.425229750769997
USDA,USDA,2025-08-23T00:00:00.000Z,2025-08-23,3392295.7247909997,3392295.7247914,1603198.3529339998,1603198.3529343999,1789097.371857,1789097.371857,3624.686838,3624.686838,726.209446,726.209446,268.539418,268.539418,0.20149414902,0.0761809105,0.47259980105983124,59.65,59.65,18.48128,16.946550463974354
USDA,USDA,2025-08-24T00:00:00.000Z,2025-08-24,3393103.692483,3393103.6924825,1608927.102367,1608927.1023666665,1784176.590116,1784176.5901158333,0,0,884.042741,884.042741,0,0,0.20203423338333334,0.07664003251666666,0.47417556676319056,68.15,68.15,6.93048,6.299622233710527
USDA,USDA,2025-08-25T00:00:00.000Z,2025-08-25,3397781.293567,3397781.293567,1611110.6873020001,1611110.6873016667,1786670.606265,1786670.6062653332,14169.374346,14169.374346,888.674231,888.674231,619.816994,619.816994,0.20203217335,0.07663930071666666,0.4741689777026769,96.5805,96.5805,18.48128,16.23270339998953
USDA,USDA,2025-08-26T00:00:00.000Z,2025-08-26,3419538.527544,3419538.527543,1607926.105327,1607926.1053264,1811612.422217,1811612.4222166,5659.140226,5659.140226,767.614447,767.614447,487.559596,487.559596,0.2006792454,0.07549107818,0.4702205617115947,133.64,133.64,16.17112,13.700776071371669
USDA,USDA,2025-08-27T00:00:00.000Z,2025-08-27,3473154.2490990004,3473154.2490990004,1614350.680665,1614350.680665,1858803.568434,1858803.568434,1122.56143,1122.56143,879.19155,879.19155,28.936214,28.936214,0.1988303716,0.07393657351666667,0.46481645952473194,61.66,61.66,9.24064,7.988527672411304
USDA,USDA,2025-08-28T00:00:00.000Z,2025-08-28,3515930.790974,3515930.790974,1629862.58415,1629862.58415,1886068.206824,1886068.206824,0,0,753.944435,753.944435,0,0,0.19840892308,0.07358424665999999,0.4635834526848121,296.85,296.85,18.48128,15.898093008397188
USDA,USDA,2025-08-29T00:00:00.000Z,2025-08-29,3584864.6320240004,3584864.632024,1640446.603664,1640446.6036636666,1944418.02836,1944418.0283603333,598.93887,598.93887,888.784291,888.784291,0.698981,0.698981,0.19638538571666667,0.0719071968,0.45765500050728813,79,79,6.93048,5.691232935154047
USDA,USDA,2025-08-30T00:00:00.000Z,2025-08-30,3626000.6135440003,3626000.6135435,1650405.685709,1650405.685709,1975594.927835,1975594.9278345,1783.443903,1783.443903,887.744286,887.744286,178.574429,178.574429,0.19553305371666665,0.07119953563333334,0.4551586086214779,138.054498,138.054498,16.17112,13.216231846782826
USDA,USDA,2025-08-31T00:00:00.000Z,2025-08-31,3596764.472141,3596764.4721418,1658832.539912,1658832.5399124,1937931.932229,1937931.9322294,100.000002,100.000002,743.710402,743.710402,0.395684,0.395684,0.19760228822,0.07291323274,0.46122163802684396,5.3779,5.3779,6.93048,5.747217140562101
USDA,USDA,2025-09-01T00:00:00.000Z,2025-09-01,3605771.632701,3605771.6327013336,1657205.519138,1657205.5191381667,1948566.113563,1948566.1135631667,7757.345819,7757.345819,920.992927,920.992927,60.561323,60.561323,0.19705877561666665,0.07246333618333334,0.45962897045393386,30.04,30.04,9.24064,7.492652403322752
USDA,USDA,2025-09-02T00:00:00.000Z,2025-09-02,3635630.2253090004,3635630.2253088,1653917.539816,1653917.539816,1981712.685493,1981712.6854928,1517.164966,1517.164966,736.237063,736.237063,11.579202,11.579202,0.19545128086,0.0711316289,0.4549191122024733,268.5,268.5,9.24064,7.613762186907826
USDA,USDA,2025-09-03T00:00:00.000Z,2025-09-03,3705592.97979,3705592.9797901427,1679599.5579769998,1679599.5579775714,2025993.421813,2025993.4218125714,851.47126,851.47126,845.156614,845.156614,14.644513,14.644513,0.19489591951428573,0.07067874587142857,0.4532878411643494,10.65,10.65,6.93048,5.822404702033276
USDA,USDA,2025-09-04T00:00:00.000Z,2025-09-04,3805541.879601,3805541.879600833,1669195.919979,1669195.9199786666,2136345.959622,2136345.9596221666,16896.862747,16896.862747,886.244936,886.244936,214.616249,214.616249,0.18995128696666666,0.06668784950000001,0.43874031542166464,102,102,9.24064,7.512755762603582
USDA,USDA,2025-09-05T00:00:00.000Z,2025-09-05,3868596.1768929996,3868596.1768925,1660049.758747,1660049.7587469998,2208546.418146,2208546.4181455,7500,7500,868.010193,868.010193,454.571987,454.571987,0.18668587693333333,0.06408791671666667,0.42911288053863933,43.91,43.91,13.86096,11.439857351714231
USDA,USDA,2025-09-06T00:00:00.000Z,2025-09-06,3850071.9298519995,3850071.9298518,1635739.831414,1635739.8314136,2214332.098438,2214332.0984382,22000.001399,22000.001399,726.199963,726.199963,25.91506,25.91506,0.185245067,0.0629625539,0.42485246537408056,1.13,1.13,4.62032,3.820600006291605
USDA,USDA,2025-09-07T00:00:00.000Z,2025-09-07,3839404.1787219997,3839404.178721334,1625298.652417,1625298.6524166667,2214105.526305,2214105.526304667,47.84958,47.84958,848.459928,848.459928,14.819816,14.819816,0.18472718463333335,0.06255905003333334,0.4233205400613465,0.5,0.5,2.31016,1.911010522879771
USDA,USDA,2025-09-08T00:00:00.000Z,2025-09-08,3840009.790124,3840009.7901235,1626366.529105,1626366.5291048333,2213643.261019,2213643.2610186664,830.701181,830.701181,849.317574,849.317574,5.158124,5.158124,0.18479858503333332,0.06261447516666667,0.4235318642276924,17.24,17.24,20.79144,17.785393136708894
USDA,USDA,2025-09-09T00:00:00.000Z,2025-09-09,3840441.0169979995,3840441.0169977997,1627304.225686,1627304.2256862,2213136.791312,2213136.7913116,248.31557,248.31557,702.396137,702.396137,0.044663,0.044663,0.18486501838,0.06266606038,0.42372847840270245,4.5,4.5,9.24064,8.048421250454089
USDA,USDA,2025-09-10T00:00:00.000Z,2025-09-10,3840973.470586,3840973.470586,1628322.752418,1628322.752418,2212650.718168,2212650.718168,0,0,851.110364,851.110364,0,0,0.18493477305,0.06272024555,0.4239349103058699,0.6,0.6,2.31016,2.034760206687081
USDA,USDA,2025-09-11T00:00:00.000Z,2025-09-11,3868061.311249,3868061.3112492003,1629443.081341,1629443.0813408,2238618.229908,2238618.2299084,0,0,722.297917,722.297917,0,0,0.18405699874,0.06204766372,0.4213319197268879,9.23,9.23,9.24064,8.207997227034195
USDA,USDA,2025-09-12T00:00:00.000Z,2025-09-12,3814185.656579,3814185.6565793334,1630420.215487,1630420.215487,2183765.441092,2183765.4410923333,100,100,854.415098,854.415098,0.184984,0.184984,0.18612732101666668,0.06364996435,0.4274622174236002,23.26,23.26,13.86096,12.381652941134753
USDA,USDA,2025-09-13T00:00:00.000Z,2025-09-13,3802231.3220880004,3802231.3220875002,1634822.676158,1634822.6761578333,2167408.64593,2167408.6459296667,93.199094,93.199094,864.395867,864.395867,0.112626,0.112626,0.18697522621666668,0.06431544048333333,0.4299676031029045,85,85,9.24064,8.655155930585327
USDA,USDA,2025-09-14T00:00:00.000Z,2025-09-14,3795608.4632559996,3795608.4632562,1633714.3347079998,1633714.3347077998,2161894.128548,2161894.1285484,10878.455475,10878.455475,715.908569,715.9085689999999,763.873753,763.873753,0.18712917336,0.06443624112,0.4304224991907215,3,3,2.31016,2.054661830818298
USDA,USDA,2025-09-15T00:00:00.000Z,2025-09-15,3798004.972824,3798004.972825,1629090.4874409998,1629090.4874416667,2168914.485383,2168914.485383333,4107.5,4107.5,860.82182,860.82182,0,0,0.18662499965,0.06403979885,0.42893319410157893,92.22,92.22,6.93048,5.964816595399467
USDA,USDA,2025-09-16T00:00:00.000Z,2025-09-16,3825084.8521570005,3825084.8521570005,1636787.478026,1636787.4780258334,2188297.374131,2188297.374131167,1000,1000,864.722716,864.722716,6.837124,6.837124,0.1862841408,0.06377413958333333,0.427924961279569,60,60,4.62032,3.984104219218153
USDA,USDA,2025-09-17T00:00:00.000Z,2025-09-17,3848659.8473549997,3848659.8473557997,1640289.394774,1640289.3947744,2208370.452581,2208370.4525814,0,0,731.398381,731.398381,0,0,0.18569973538,0.06331593288,0.42619789910005995,10.51,10.51,2.31016,2.000545757110884
USDA,USDA,2025-09-18T00:00:00.000Z,2025-09-18,3853504.719231,3853504.7192303333,1640838.524828,1640838.5248276666,2212666.194403,2212666.1944026668,289.542613,289.542613,864.099085,864.099085,0.161822,0.161822,0.18556920885,0.06321498605,0.4258113642345221,3.2,3.2,4.62032,4.22943436231564
USDA,USDA,2025-09-19T00:00:00.000Z,2025-09-19,3871859.414111,3871859.4141109996,1636347.432691,1636347.4326912,2235511.98142,2235511.9814198,0,0,709.577092,709.577092,0,0,0.18449255394,0.06237712542,0.42262598248764366,15,15,2.31016,2.083378136554225
USDA,USDA,2025-09-20T00:00:00.000Z,2025-09-20,3876459.643505,3876459.643504666,1639166.159734,1639166.1597341665,2237293.483771,2237293.4837705,204.484142,204.484142,861.397142,861.397142,49.89191,49.89191,0.18456896691666666,0.06243636105,0.4228521885145329,50.58,50.58,2.31016,2.071168121547022
USDA,USDA,2025-09-21T00:00:00.000Z,2025-09-21,3837462.264338,3837462.264338,1648614.330707,1648614.330707,2188847.933631,2188847.933631,0,0,873.815304,873.815304,0,0,0.18686174793333332,0.06422866313333334,0.42963099114991626,103.693912,103.693912,5.7754,5.160036460510597
USDA,USDA,2025-09-22T00:00:00.000Z,2025-09-22,3857548.912741,3857548.9127407996,1647250.56807,1647250.5680702,2210298.344671,2210298.3446706,10194.48109,10194.48109,743.645934,743.645934,8.101967,8.101967,0.18598215486,0.06353806916,0.4270321160931398,42.575367,42.575367,5.7754,4.789455645639658
USDA,USDA,2025-09-23T00:00:00.000Z,2025-09-23,3871761.6479660003,3871761.6479658335,1650111.024474,1650111.0244741668,2221650.623492,2221650.6234916667,2454.69345,2454.69345,878.321706,878.321706,1.205409,1.205409,0.1856983202,0.06331489908333333,0.42619367352815063,107,107,4.62032,3.7728967428262306
USDA,USDA,2025-09-24T00:00:00.000Z,2025-09-24,3904693.28653,3904693.2865295,1655302.766522,1655302.7665216667,2249390.520008,2249390.5200078334,424.079405,424.079405,878.727739,878.727739,50.032784,50.032784,0.18493225941666666,0.0627183861,0.42392741814962287,40,40,3.46524,2.809861875585838
USDA,USDA,2025-09-25T00:00:00.000Z,2025-09-25,3911655.0102279996,3911655.0102274,1654392.565902,1654392.5659018,2257262.444326,2257262.4443256,37533.969554,37533.969554,724.873966,724.873966,3097.127926,3097.127926,0.18459837438,0.0624592736,0.4229391773905304,29.406261,29.406261,4.62032,3.564230718656546
USDA,USDA,2025-09-26T00:00:00.000Z,2025-09-26,3910926.255911,3910926.2559113335,1608558.275533,1608558.275533,2302367.980378,2302367.9803783335,0,0,848.08006,848.08006,0,0,0.18067240641666665,0.05944830413333333,0.41129851662133515,53,53,5.7754,4.508375986087177
USDA,USDA,2025-09-27T00:00:00.000Z,2025-09-27,3921004.884144,3921004.8841438,1612077.2945869998,1612077.2945868,2308927.589557,2308927.589557,0,0,700.174791,700.174791,0,0,0.18061892832,0.05940776424,0.4111396800416955,10.5,10.5,2.31016,1.8113975839383298
USDA,USDA,2025-09-28T00:00:00.000Z,2025-09-28,3928717.6346420003,3928717.634641167,1613222.919372,1613222.9193716666,2315494.71527,2315494.7152695,0,0,846.940164,846.940164,0,0,0.18044506128333335,0.05927595425,0.4106232776037002,0,0,0,0
USDA,USDA,2025-09-29T00:00:00.000Z,2025-09-29,3926234.425814,3926234.4258138333,1615453.7187430002,1615453.7187428332,2310780.707071,2310780.707071,120.922558,120.922558,848.875563,848.875563,2.895537,2.895537,0.18072401421666667,0.05948752128333333,0.4114517436805536,34.09,34.09,4.62032,3.692471186263095
USDA,USDA,2025-09-30T00:00:00.000Z,2025-09-30,3923672.7838509995,3923672.783851,1620496.292406,1620496.2924058,2303176.491445,2303176.4914452,267.779387,267.779387,723.888506,723.888506,14.084167,14.084167,0.1812470945,0.05988475854,0.4130049511705937,29.5,29.5,2.31016,1.837247029904839
USDA,USDA,2025-10-01T00:00:00.000Z,2025-10-01,3922035.456914,3922035.4569128333,1621293.679553,1621293.679552,2300741.777361,2300741.7773608332,74.25,74.25,855.01528,855.01528,1.822671,1.822671,0.18137375713333334,0.05998118596666667,0.41338092065755755,5.453751,5.453751,2.31016,1.9244523227315644
USDA,USDA,2025-10-02T00:00:00.000Z,2025-10-02,3917962.2231550002,3917962.2231548335,1621734.436349,1621734.4363485,2296227.786806,2296227.7868063333,0,0,856.490011,856.490011,0,0,0.18155637403333333,0.06012028031666666,0.4139229379918095,4.5,4.5,1.15508,1.002303191461209
USDA,USDA,2025-10-03T00:00:00.000Z,2025-10-03,3918419.074543,3918419.0745432856,1624364.200495,1624364.2004957143,2294054.874048,2294054.8740475713,0,0,784.038325,784.038325,0,0,0.18176628211428572,0.060280465914285715,0.41454578269224834,62.28,62.28,6.93048,6.016009446383
USDA,USDA,2025-10-04T00:00:00.000Z,2025-10-04,3919119.719162,3919119.7191618,1630052.416543,1630052.4165428,2289067.302619,2289067.302619,0,0,713.353654,713.353654,0,0,0.18223052832,0.060635109,0.4159230963709195,3.41,3.41,2.31016,1.9651164924304414
USDA,USDA,2025-10-05T00:00:00.000Z,2025-10-05,3920511.093607,3920511.0936073335,1631050.201873,1631050.2018731667,2289460.891734,2289460.8917341665,352,352,864.245757,864.245757,12.683492,12.683492,0.182266566,0.060662688683333334,0.41602998334712554,10.796215,10.796215,9.24064,7.961502703025116
USDA,USDA,2025-10-06T00:00:00.000Z,2025-10-06,3921637.310497,3921637.310497,1633282.143127,1633282.1431273334,2288355.16737,2288355.1673696665,0,0,865.905427,865.905427,0,0,0.18241818341666666,0.06077879335,0.41647963624038115,27.05,27.05,2.31016,1.9799289046497968
USDA,USDA,2025-10-07T00:00:00.000Z,2025-10-07,3923752.704807,3923752.7048068,1636015.909426,1636015.9094256,2287736.795381,2287736.7953812,0,0,736.139468,736.139468,0,0,0.1825774317,0.06090080446,0.41695188403603933,20.97,20.97,3.46524,2.9160945197972405
USDA,USDA,2025-10-08T00:00:00.000Z,2025-10-08,3928860.1981460005,3928860.1981460005,1640023.206258,1640023.206258,2288836.991888,2288836.991888,0,0,870.518439,870.518439,0,0,0.18273875711666668,0.0610246796,0.41743013542680946,44.15,44.15,5.7754,4.757530412403607
USDA,USDA,2025-10-09T00:00:00.000Z,2025-10-09,3923909.0256560002,3923909.025656,1644656.071465,1644656.0714646666,2279252.954191,2279252.954191333,0,0,875.521767,875.521767,0,0,0.1833146355,0.06146722046666667,0.4191371356516462,39.05,39.05,3.46524,2.80033826755936
USDA,USDA,2025-10-10T00:00:00.000Z,2025-10-10,3924625.429865,3924625.4298652,1650671.345645,1650671.3456456,2273954.08422,2273954.0842196,8599.514702,8599.514702,727.134495,727.134495,895.284236,895.284236,0.18380616314,0.06184631312,0.4205933205590998,130.218925,130.218925,9.24064,6.885517786404649
USDA,USDA,2025-10-11T00:00:00.000Z,2025-10-11,3667728.874766,3667728.8747655,1646714.713156,1646714.713156,2021014.16161,2021014.1616095,16283.421473,16283.421473,788.599365,788.599365,1658.621177,1658.621177,0.1941657091,0.07029105805,0.451024616604643,56.75,56.75,5.7754,3.686456737268212
USDA,USDA,2025-10-12T00:00:00.000Z,2025-10-12,3408053.980641,3408053.980641,1650622.518406,1650622.5184063332,1757431.462235,1757431.4622346666,4284.190891,4284.190891,978.812433,978.812433,390.319522,390.319522,0.20552232481666666,0.0796406248,0.4843324493435227,430.99,430.99,18.48128,12.099117620927306
USDA,USDA,2025-10-13T00:00:00.000Z,2025-10-13,3405613.1630770005,3405613.1630768334,1673555.1919010002,1673555.1919011667,1732057.971176,1732057.9711756667,30,30,1008.19256,1008.19256,0.030823,0.030823,0.20795690286666665,0.08175391581666668,0.49141087774277875,55,55,3.46524,2.4880108407949195
USDA,USDA,2025-10-14T00:00:00.000Z,2025-10-14,3449036.865418,3449036.865418,1680124.324275,1680124.3242752,1768912.541143,1768912.5411428,5971.30716,5971.30716,853.984737,853.984737,1950.699371,1950.699371,0.20648275874,0.08046708056,0.48712896536823475,97.5,97.5,8.08556,5.640369234414324
USDA,USDA,2025-10-15T00:00:00.000Z,2025-10-15,3447266.3557430003,3447266.355743167,1679079.195627,1679079.1956271667,1768187.160116,1768187.160116,8511.918548,8511.918548,1007.909402,1007.909402,2397.212367,2397.212367,0.20646458715,0.08045238976666666,0.48707551894706624,18.8,18.8,3.46524,2.377956302668729
USDA,USDA,2025-10-16T00:00:00.000Z,2025-10-16,3447641.3750799997,3447641.3750791666,1686147.151325,1686147.1513246666,1761494.223755,1761494.2237545,4390.745006,4390.745006,1015.221605,1015.221605,88.84864,88.84864,0.20715546966666668,0.08107343608333334,0.4890721488304745,717.64,717.64,6.93048,4.583472930171743
USDA,USDA,2025-10-17T00:00:00.000Z,2025-10-17,3447890.691918,3447890.6919178003,1724241.062717,1724241.0627172,1723649.629201,1723649.6292006,14943.42629,14943.42629,898.925164,898.925164,1461.160444,1461.160444,0.21094911618,0.08439513576,0.5000857615311317,19.362985,19.362985,4.62032,2.913068698362068
USDA,USDA,2025-10-18T00:00:00.000Z,2025-10-18,3448296.983354,3448296.9833544996,1720883.7177809998,1720883.7177811665,1727413.265573,1727413.2655733333,736.298526,736.298526,1056.640403,1056.640403,0.062319,0.062319,0.21059242753333332,0.08407762258333333,0.49905317377885244,63.42,63.42,5.7754,3.634563939779555
USDA,USDA,2025-10-19T00:00:00.000Z,2025-10-19,3453902.3768450003,3453902.3768446,1724046.034062,1724046.0340618,1729856.342783,1729856.3427828,0,0,876.027875,876.027875,0,0,0.21062994712,0.08411108474,0.49916175428331705,20,20,2.31016,1.4843161850072148
USDA,USDA,2025-10-20T00:00:00.000Z,2025-10-20,3475499.601891,3475499.6018901668,1728991.274146,1728991.2741456667,1746508.327745,1746508.3277445,0,0,1059.613903,1059.613903,0,0,0.21004933821666666,0.08359625721666666,0.49747979585361746,41.25,41.25,4.62032,3.0566384117391383
USDA,USDA,2025-10-21T00:00:00.000Z,2025-10-21,3471056.756567,3471056.7565658335,1728579.428023,1728579.4280223334,1742477.328544,1742477.3285435,4880,4880,1059.966726,1059.966726,124.356821,124.356821,0.21022905243333334,0.08375560611666666,0.4980004099940394,0,0,0,0
USDA,USDA,2025-10-22T00:00:00.000Z,2025-10-22,3454799.0599619998,3454799.0599619998,1732353.586336,1732353.5863356,1722445.473626,1722445.4736264,5661.056271,5661.056271,904.650285,904.650285,300.180073,300.180073,0.21141484028,0.08480886842,0.5014344742035607,49.84,49.84,4.62032,2.968346359359197
USDA,USDA,2025-10-23T00:00:00.000Z,2025-10-23,3443944.903254,3443944.903253667,1728243.214926,1728243.2149256668,1715701.688328,1715701.688328,0,0,1067.892732,1067.892732,0,0,0.21154937018333334,0.08492876731666667,0.5018238468668929,0,0,0,0
USDA,USDA,2025-10-24T00:00:00.000Z,2025-10-24,3434910.799429,3434910.799428167,1731038.500546,1731038.5005455,1703872.298883,1703872.2988826667,0,0,1074.025252,1074.025252,0,0,0.21228567115,0.08558597736666668,0.50395438013512,63.001624,63.001624,8.08556,5.239813428175057
USDA,USDA,2025-10-25T00:00:00.000Z,2025-10-25,3435809.3705080003,3435809.3705084,1733125.4268770001,1733125.4268774001,1702683.943631,1702683.943631,0,0,889.466365,889.466365,0,0,0.21245009678,0.08573296708,0.504430028378694,0.4,0.4,1.15508,0.7514636092035005
USDA,USDA,2025-10-26T00:00:00.000Z,2025-10-26,3436703.3554769997,3436703.355477333,1736185.411846,1736185.4118463334,1700517.943631,1700517.943631,0,0,1079.471934,1079.471934,0,0,0.21271261683333334,0.08596811645,0.5051891785748545,27,27,2.31016,1.5312978176682972
USDA,USDA,2025-10-27T00:00:00.000Z,2025-10-27,3437647.432997,3437647.4329965715,1739812.562708,1739812.5627075715,1697834.870289,1697834.870289,0,0,1036.176858,1036.176858,0,0,0.21302959217142858,0.08625250194285715,0.5061055427718393,6.817763,6.817763,3.46524,2.374543944939618
USDA,USDA,2025-10-28T00:00:00.000Z,2025-10-28,3439033.1862660004,3439033.1862656,1751553.256771,1751553.2567706,1687479.929495,1687479.929495,0,0,903.111782,903.111782,0,0,0.21414090436,0.08725465646,0.5093154248979376,212.15,212.15,4.62032,3.0887462631544556
USDA,USDA,2025-10-29T00:00:00.000Z,2025-10-29,3444231.489097,3444231.4890965,1765479.675368,1765479.6753678333,1678751.813729,1678751.8137286666,0,0,1108.646518,1108.646518,0,0,0.21527545608333334,0.08827896488333334,0.5125917556572025,1.54,1.54,1.15508,0.74250206196271
USDA,USDA,2025-10-30T00:00:00.000Z,2025-10-30,3441100.6112550003,3441100.6112543335,1766154.056307,1766154.0563065,1674946.554948,1674946.5549478333,4561.451495,4561.451495,1110.198661,1110.198661,957.435838,957.435838,0.21550449136666666,0.0884866143,0.5132526674229086,23.5706,23.5706,5.7754,3.518000870215501
USDA,USDA,2025-10-31T00:00:00.000Z,2025-10-31,3438178.017039,3438178.0170382,1768845.737188,1768845.7371874,1669332.279851,1669332.2798508,1568.490555,1568.490555,943.464407,943.464407,163.674205,163.674205,0.21592794528,0.08887204307999999,0.5144737459723795,64,64,3.46524,2.121727937235991
USDA,USDA,2025-11-01T00:00:00.000Z,2025-11-01,3433510.7643210003,3433510.764320667,1772772.9276840002,1772772.9276836668,1660737.836637,1660737.836637,0,0,1119.024669,1119.024669,0,0,0.21656644565,0.08945319415,0.5163149434356423,0,0,0,0
USDA,USDA,2025-11-02T00:00:00.000Z,2025-11-02,3437495.232506,3437495.2325061667,1774512.918223,1774512.9182228334,1662982.314283,1662982.3142833333,0,0,1119.945004,1119.945004,0,0,0.2165345701,0.089424166,0.5162230350842372,42.45,42.45,5.7754,3.462125832352298
USDA,USDA,2025-11-03T00:00:00.000Z,2025-11-03,3433807.956126,3433807.9561252,1765239.134198,1765239.1341976,1668568.821928,1668568.8219276,45878.549936,45878.549936,925.385495,925.385495,4046.105675,4046.105675,0.21578815336,0.08874749862,0.5140691193772342,4.4,4.4,5.7754,3.2918231703233065
USDA,USDA,2025-11-04T00:00:00.000Z,2025-11-04,3417157.4405030003,3417157.4405025,1698646.96173,1698646.9617295,1718510.478773,1718510.478773,191278.150376,191278.150376,1075.179145,1075.179145,655.893073,655.893073,0.20990818813333334,0.08348110885,0.49706523723756346,132.5,132.5,10.39572,5.343265043169574
USDA,USDA,2025-11-05T00:00:00.000Z,2025-11-05,3377679.090457,3377679.0904567996,1641466.900736,1641466.9007354,1736212.189721,1736212.1897214,551.333548,551.333548,877.91253,877.91253,10.262196,10.262196,0.2060857138,0.08012211984,0.4859747525012008,60.507169,60.507169,4.62032,2.472350791853282
USDA,USDA,2025-11-06T00:00:00.000Z,2025-11-06,3378499.535935,3378499.535935333,1645787.640348,1645787.640348,1732711.895587,1732711.8955873332,598.039809,598.039809,1040.282401,1040.282401,22.563798,22.563798,0.20648505015,0.08046898806666666,0.487135673809082,0,0,0,0
USDA,USDA,2025-11-07T00:00:00.000Z,2025-11-07,3379356.338116,3379356.338116,1645501.0689949999,1645501.0689946667,1733855.269121,1733855.2691213333,4914.657397,4914.657397,1040.182228,1040.182228,645.26806,645.26806,0.20641340563333332,0.0804067708,0.4869273862100045,19.1,19.1,4.62032,2.6327607786510114
USDA,USDA,2025-11-08T00:00:00.000Z,2025-11-08,3379660.4217459997,3379660.4217459997,1644542.682688,1644542.682688,1735117.739058,1735117.739058,538.652869,538.652869,858.495925,858.495925,0.45537,0.45537,0.20630075068,0.0803087572,0.48659997480183453,18.819485,18.819485,12.70588,7.32350152595155
USDA,USDA,2025-11-09T00:00:00.000Z,2025-11-09,3380110.0551150003,3380110.055114667,1645937.891698,1645937.8916981667,1734172.163417,1734172.1634165,32,32,1040.586736,1040.586736,0.292532,0.292532,0.20642048391666667,0.08041285638333333,0.4869479992287892,45.5,45.5,4.62032,2.671164804302415
USDA,USDA,2025-11-10T00:00:00.000Z,2025-11-10,3381314.182027,3381314.1820265,1651712.963588,1651712.9635873334,1729601.218439,1729601.2184391667,0,0,1046.126593,1046.126593,0,0,0.2069485367,0.08087260154999999,0.48848250808264837,26.1,26.1,3.46524,2.0293343805348893
USDA,USDA,2025-11-11T00:00:00.000Z,2025-11-11,3383285.913294,3383285.9132942,1661398.358464,1661398.3584638,1721887.55483,1721887.5548304,0,0,894.701548,894.701548,0,0,0.20783622252,0.08164814158,0.49106058256343554,70.91,70.91,3.46524,2.083465754629486
USDA,USDA,2025-11-12T00:00:00.000Z,2025-11-12,3382840.7105139997,3382840.7105143336,1663899.990799,1663899.9907996668,1718940.719715,1718940.7197146667,995.523867,995.523867,1058.460387,1058.460387,174.915244,174.915244,0.2081132355,0.08189088808333334,0.4918646883810905,40.6,40.6,5.7754,3.227591723639293
USDA,USDA,2025-11-13T00:00:00.000Z,2025-11-13,3383942.176136,3383942.1761363996,1664024.840008,1664024.8400082,1719917.336128,1719917.3361282,29506.733303,29506.733303,875.588633,875.588633,65.257195,65.257195,0.20807094364,0.0818543127,0.4917416500894647,7,7,1.15508,0.6513693317698666
USDA,USDA,2025-11-14T00:00:00.000Z,2025-11-14,3386333.160859,3386333.1608591666,1649657.8023629999,1649657.8023631666,1736675.358496,1736675.358496,609.431188,609.431188,1043.158901,1043.158901,17.634189,17.634189,0.20649058485,0.08047526626666666,0.4871509307955454,148.2,148.2,11.5508,5.90545673766055
USDA,USDA,2025-11-15T00:00:00.000Z,2025-11-15,3387839.204812,3387839.204812,1660061.434498,1660061.4344976668,1727777.770314,1727777.7703143333,400.472355,400.472355,1053.807663,1053.807663,0.756532,0.756532,0.20747301571666665,0.08133041351666667,0.4900059644702555,6.5,6.5,2.31016,1.1529694225252651
USDA,USDA,2025-11-16T00:00:00.000Z,2025-11-16,3392698.162754,3392698.1627542,1688469.757785,1688469.7577852,1704228.404969,1704228.404969,34056.54301,34056.54301,908.988209,908.988209,3811.751488,3811.751488,0.21014628176,0.08375015284,0.4977222590162664,1526.000034,1526.000034,33.49732,16.17758626795037
USDA,USDA,2025-11-17T00:00:00.000Z,2025-11-17,3376203.602457,3376203.602457,1775553.89844,1775553.89844,1600649.704017,1600649.704017,70383.70943,70383.70943,1201.531158,1201.531158,1880.530136,1880.530136,0.21989955385,0.0925328018,0.5259005328637668,43.95,43.95,8.08556,3.874497277258849
USDA,USDA,2025-11-18T00:00:00.000Z,2025-11-18,3377666.668003,3377666.6680028336,1689424.415939,1689424.415939,1688242.252064,1688242.2520638334,24422.870013,24422.870013,1125.589072,1125.589072,341.427498,341.427498,0.21098269848333334,0.084438244,0.5001755081590984,38.5,38.5,5.7754,2.7450311225457242
USDA,USDA,2025-11-19T00:00:00.000Z,2025-11-19,3379934.885172,3379934.8851723997,1623581.246997,1623581.246997,1756353.638175,1756353.6381754,38327.819358,38327.819358,893.30466,893.30466,442.337833,442.337833,0.20415705828,0.07846073954,0.4803600437014774,4.779584,4.779584,4.62032,2.12002151363982
USDA,USDA,2025-11-20T00:00:00.000Z,2025-11-20,3380875.420554,3380875.4205536665,1615288.1920599998,1615288.1920593334,1765587.228494,1765587.2284943333,3393.413788,3393.413788,1071.289319,1071.289319,47.397356,47.397356,0.20326798356666667,0.07769374051666667,0.4777724081129986,23.61,23.61,3.46524,1.5730286944690945
USDA,USDA,2025-11-21T00:00:00.000Z,2025-11-21,3380820.19352,3380820.1935198,1583101.7021299999,1583101.7021301999,1797718.49139,1797718.4913896,66789.757653,66789.757653,920.498813,920.498813,3687.16578,3687.16578,0.2000112376,0.07494166626,0.46826108132618044,46,46,6.93048,2.8343701696577326
USDA,USDA,2025-11-22T00:00:00.000Z,2025-11-22,3386390.6830639997,3386390.6830631667,1579372.205394,1579372.2053936666,1807018.47767,1807018.4776695,4593.273441,4593.273441,1054.665671,1054.665671,120.658098,120.658098,0.199367818,0.07438750288333333,0.4663879083898379,105.7,105.7,2.31016,0.9269276474342675
USDA,USDA,2025-11-23T00:00:00.000Z,2025-11-23,3394681.966454,3394681.9664533334,1576624.133365,1576624.1333646667,1818057.833089,1818057.8330886667,2441.021346,2441.021346,1060.156914,1060.156914,8.352803,8.352803,0.19870165845,0.07382888096666666,0.46443994198228117,32.252276,32.252276,3.46524,1.4212333980761385
USDA,USDA,2025-11-24T00:00:00.000Z,2025-11-24,3396496.2850940004,3396496.2850942,1569398.911308,1569398.911308,1827097.373786,1827097.3737862,1565.532959,1565.532959,872.322079,872.322079,9.916944,9.916944,0.19788959968,0.07315014468,0.46206407220235446,14.8,14.8,4.62032,1.9518555218825142
USDA,USDA,2025-11-25T00:00:00.000Z,2025-11-25,3397318.163822,3397318.1638225,1568368.489271,1568368.4892711667,1828949.674551,1828949.6745513333,3499.152879,3499.152879,1055.10392,1055.10392,98.346409,98.346409,0.19774781285,0.07303207476666666,0.46164899200708237,11,11,2.31016,0.966174247120201
USDA,USDA,2025-11-26T00:00:00.000Z,2025-11-26,3398063.390358,3398063.3903575996,1569057.497638,1569057.4976376,1829005.89272,1829005.89272,0,0,894.800594,894.800594,0,0,0.19778248504,0.07306093566,0.4617505012189657,11,11,1.15508,0.4862987469341505
USDA,USDA,2025-11-27T00:00:00.000Z,2025-11-27,3398506.321524,3398506.321524,1572034.151486,1572034.1514858333,1826472.170038,1826472.1700381667,0,0,1057.711742,1057.711742,0,0,0.19806117963333333,0.07329350356666667,0.4625660990926876,114,114,3.46524,1.4992273871659165
USDA,USDA,2025-11-28T00:00:00.000Z,2025-11-28,3399868.607622,3399868.607622,1582283.212876,1582283.212876,1817585.394746,1817585.394746,0,0,1068.81172,1068.81172,0,0,0.19902816051666666,0.07410143241666667,0.4653953977166196,1.1824,1.1824,3.46524,1.4716951144373849
USDA,USDA,2025-11-29T00:00:00.000Z,2025-11-29,3403540.5770110004,3403540.5770106,1565354.74515,1565354.7451496,1838185.831861,1838185.831861,11209.069674,11209.069674,875.532243,875.532243,1242.231039,1242.231039,0.19715933706,0.07254795130000001,0.45992286635092194,4,4,1.15508,0.4846626834188029
USDA,USDA,2025-11-30T00:00:00.000Z,2025-11-30,3406226.8316679997,3406226.831667833,1554775.6532939998,1554775.6532935,1851451.178374,1851451.1783743333,0,0,1049.237399,1049.237399,0,0,0.19597363925,0.07156189158333333,0.4564509994195729,1.99,1.99,2.31016,0.9826316944896388
USDA,USDA,2025-12-01T00:00:00.000Z,2025-12-01,3399857.537455,3399857.5374541664,1470915.452521,1470915.45252,1928942.084934,1928942.0849341666,99508.246036,99508.246036,1016.819578,1016.819578,3151.305861,3151.305861,0.1878881563,0.0650700902,0.4326433364131223,139.885722,139.885722,3.46524,1.316405245881124
USDA,USDA,2025-12-02T00:00:00.000Z,2025-12-02,3402808.7062870003,3402808.7062863996,1422948.127696,1422948.1276957998,1979860.578591,1979860.5785906,4600.458332,4600.458332,813.730888,813.730888,1867.213959,1867.213959,0.18298805784,0.06121731414,0.41816849972324605,41.33,41.33,5.7754,2.4774851165424194
USDA,USDA,2025-12-03T00:00:00.000Z,2025-12-03,3406664.8073819997,3406664.8073815,1409364.973399,1409364.9733986666,1997299.833983,1997299.8339828334,323.25,323.25,977.253736,977.253736,22.034862,22.034862,0.18148400531666667,0.06006514473333333,0.41370815172040964,21.151313,21.151313,18.48128,8.119279759823392
USDA,USDA,2025-12-04T00:00:00.000Z,2025-12-04,3408193.159705,3408193.1597052,1410573.8981619999,1410573.8981626,1997619.261543,1997619.2615426,70,70,829.404479,829.404479,0.599399,0.599399,0.1815410252,0.0601085841,0.4138773847917931,1.81,1.81,2.31016,1.0272633137267337
USDA,USDA,2025-12-05T00:00:00.000Z,2025-12-05,3417580.8129930003,3417580.8129928336,1411198.0305010001,1411198.0305008334,2006382.782492,2006382.782492,0,0,977.940912,977.940912,0,0,0.181219661,0.05986396695,0.41292346761579884,22.64,22.64,3.46524,1.4686110389955156
USDA,USDA,2025-12-06T00:00:00.000Z,2025-12-06,3419710.4260170003,3419710.426017167,1409162.020855,1409162.0208551667,2010548.405162,2010548.405162,0,0,977.220754,977.220754,0,0,0.18093237385,0.059645525016666666,0.412070567053522,0,0,0,0
USDA,USDA,2025-12-07T00:00:00.000Z,2025-12-07,3422543.0376620004,3422543.0376620004,1409700.1222380002,1409700.1222384002,2012842.915424,2012842.9154236,0,0,807.825463,807.825463,0,0,0.18087078384,0.0595988479,0.4118876301066727,3.21,3.21,5.7754,2.4453537165684
USDA,USDA,2025-12-08T00:00:00.000Z,2025-12-08,3432999.8345649997,3432999.8345646667,1410670.1588599999,1410670.15886,2022329.675705,2022329.6757046666,0,0,976.420598,976.420598,0,0,0.18054317405,0.05935027895,0.4109147139872255,4.35,4.35,4.62032,1.9443634786492
USDA,USDA,2025-12-09T00:00:00.000Z,2025-12-09,3432526.26071,3432526.2607093332,1411569.103719,1411569.1037186666,2020957.156991,2020957.1569906666,230,230,998.561876,998.561876,8.19869,8.19869,0.18065052171666668,0.0594316733,0.4112335396651735,3.47,3.47,4.62032,2.0938568546016
USDA,USDA,2025-12-10T00:00:00.000Z,2025-12-10,3422545.1569950003,3422545.1569954,1413746.47373,1413746.4737302,2008798.683265,2008798.6832652,97.359248,97.359248,810.646759,810.646759,0.569314,0.569314,0.18126872434,0.05990131458,0.41306910320866014,33.8,33.8,6.93048,3.210990896172055
USDA,USDA,2025-12-11T00:00:00.000Z,2025-12-11,3422569.697671,3422569.6976713333,1409362.496197,1409362.4961975,2013207.201474,2013207.2014738333,20550.300352,20550.300352,982.956255,982.956255,449.933074,449.933074,0.18083641911666667,0.0595735417,0.41178513587800886,148.57,148.57,10.39572,4.462755478082522
USDA,USDA,2025-12-12T00:00:00.000Z,2025-12-12,3422265.951752,3422265.951752,1412411.73978,1412411.7397796,2009854.211972,2009854.2119724,407.132938,407.132938,816.707232,816.707232,1.760303,1.760303,0.18114857478,0.05980982672,0.41271247716806503,21.3,21.3,4.62032,1.942071047124175
USDA,USDA,2025-12-13T00:00:00.000Z,2025-12-13,3422333.73113,3422333.7311303336,1412619.0653600001,1412619.0653605,2009714.66577,2009714.6657698334,227.499289,227.499289,989.694903,989.694903,6.477075,6.477075,0.1811662146,0.059823236183333336,0.4127648482869129,0,0,0,0
USDA,USDA,2025-12-14T00:00:00.000Z,2025-12-14,3418327.889945,3418327.8899445003,1413400.236522,1413400.236522,2004927.653423,2004927.6534225,50.340592,50.340592,991.334336,991.334336,6.744817,6.744817,0.1814062063,0.06000589475,0.41347723548903664,11.11,11.11,16.17112,6.591695036
USDA,USDA,2025-12-15T00:00:00.000Z,2025-12-15,3417691.972629,3417691.972629,1413985.22134,1413985.2213398,2003706.751289,2003706.7512892,13842.20917,13842.20917,841.326501,841.326501,473.79906,473.79906,0.1814897693,0.06006954524,0.41372525359299855,110.106198,110.106198,3.46524,1.3320729084
USDA,USDA,2025-12-16T00:00:00.000Z,2025-12-16,3415902.008504,3415902.008504333,1413833.683618,1413833.6836183332,2002068.324886,2002068.324886,14227.496241,14227.496241,993.353888,993.353888,294.537274,294.537274,0.18154785303333335,0.060113924633333336,0.4138975700387423,76.25,76.25,3.46524,1.347343066
USDA,USDA,2025-12-17T00:00:00.000Z,2025-12-17,3414293.924378,3414293.924378167,1404307.238296,1404307.2382961668,2009986.686082,2009986.686082,3635.517537,3635.517537,993.727515,993.727515,91.471861,91.471861,0.18067368641666667,0.05944925698333333,0.41130232841057834,0,0,0,0
USDA,USDA,2025-12-18T00:00:00.000Z,2025-12-18,3414493.764661,3414493.7646612003,1401566.6251110001,1401566.6251108001,2012927.13955,2012927.1395504,1127.406977,1127.406977,818.45926,818.45926,102.112541,102.112541,0.18039537286,0.059238339,0.41047566706583516,20.7,20.7,3.46524,1.2543706768
USDA,USDA,2025-12-19T00:00:00.000Z,2025-12-19,3414307.571905,3414307.5719053335,1403071.093987,1403071.0939875,2011236.477918,2011236.4779178333,76.392993,76.392993,992.698053,992.698053,2.562558,2.562558,0.18055124873333334,0.05935639783333333,0.41093869811101974,4.99,4.99,3.46524,1.2354966696
USDA,USDA,2025-12-20T00:00:00.000Z,2025-12-20,3415167.418857,3415167.4188566664,1403913.694027,1403913.6940268334,2011253.72483,2011253.7248298333,0,0,993.699276,993.699276,0,0,0.18059947745,0.0593929504,0.4110819478884422,11.374331,11.374331,6.93048,2.596562086
USDA,USDA,2025-12-21T00:00:00.000Z,2025-12-21,3415710.821778,3415710.8217786,1405075.2534369999,1405075.2534377999,2010635.568341,2010635.5683408,2556.664463,2556.664463,843.400652,843.400652,7.140707,7.140707,0.18069198846,0.05946310478,0.41135670288077253,21.622088,21.622088,15.01604,5.4617149244
USDA,USDA,2025-12-22T00:00:00.000Z,2025-12-22,3413495.121367,3413495.121366,1402406.466356,1402406.4663555,2011088.655011,2011088.6550105,2542.873529,2542.873529,993.487185,993.487185,2.578672,2.578672,0.18051862498333332,0.05933167771666667,0.41084179529361514,7.303738,7.303738,5.7754,2.1303255948
USDA,USDA,2025-12-23T00:00:00.000Z,2025-12-23,3415404.835712,3415404.835711,1399697.066132,1399697.0661312,2015707.76958,2015707.7695798,8905.263187,8905.263187,818.939905,818.939905,75.388506,75.388506,0.18017447352,0.05907164076,0.40981913416704546,3.543756,3.543756,6.93048,2.516515042
USDA,USDA,2025-12-24T00:00:00.000Z,2025-12-24,3416836.8866919996,3416836.8866923335,1394653.4542989999,1394653.454299,2022183.432393,2022183.4323933334,447.06415,447.06415,985.439467,985.439467,14.688529,14.688529,0.17961979543333334,0.05865246416666667,0.4081709229158842,0.36,0.36,1.15508,0.4165449496
USDA,USDA,2025-12-25T00:00:00.000Z,2025-12-25,3417323.854051,3417323.854051,1394965.4381859999,1394965.4381856667,2022358.415865,2022358.4158653333,90,90,985.791524,985.791524,1.247133,1.247133,0.17963094116666667,0.058660864416666667,0.40820405511419106,0,0,0,0
USDA,USDA,2025-12-26T00:00:00.000Z,2025-12-26,3417349.514997,3417349.5149972,1388468.13641,1388468.1364102,2028881.378587,2028881.378587,7934.713651,7934.713651,813.786272,813.786272,472.759997,472.759997,0.17899048926,0.05817903372,0.4062997271338608,0,0,0,0
USDA,USDA,2025-12-27T00:00:00.000Z,2025-12-27,3418759.456693,3418759.4566925,1386549.2159,1386549.2158996668,2032210.240793,2032210.2407928333,3384.947798,3384.947798,982.544875,982.544875,26.058309,26.058309,0.1787454701,0.05799522386666667,0.4055708826290939,0,0,0,0
USDA,USDA,2025-12-28T00:00:00.000Z,2025-12-28,3419425.946275,3419425.946275333,1385464.241582,1385464.241582,2033961.704693,2033961.7046933332,135.980839,135.980839,1002.551766,1002.551766,0.095369,0.095369,0.17861222583333333,0.05789529756666666,0.40517451038459845,1.807833,1.807833,1.15508,0.4287772468
USDA,USDA,2025-12-29T00:00:00.000Z,2025-12-29,3420151.267326,3420151.2673262004,1388027.070979,1388027.0709792,2032124.196347,2032124.196347,0,0,812.430021,812.430021,0,0,0.17883522774,0.05806251106,0.40583790685165605,16.25,16.25,3.46524,1.2787775172
USDA,USDA,2025-12-30T00:00:00.000Z,2025-12-30,3420763.175525,3420763.1755246664,1389764.749933,1389764.7499324998,2030998.425592,2030998.4255921666,200,200,985.372659,985.372659,4.374215,4.374215,0.17898160228333335,0.05817236101666667,0.40627329477759927,9.46,9.46,4.62032,1.6319432272
USDA,USDA,2025-12-31T00:00:00.000Z,2025-12-31,3421400.031581,3421400.031580857,1392372.073202,1392372.073202143,2029027.958379,2029027.9583787143,1716.989395,1716.989395,880.208316,880.208316,175.420901,175.42090100000001,0.1792124382,0.05834591404285714,0.4069597293086946,85.948209,85.948209,8.08556,2.7420097596
USDA,USDA,2026-01-01T00:00:00.000Z,2026-01-01,3421903.840977,3421903.8409768334,1398617.9679100001,1398617.9679098334,2023285.873067,2023285.873067,0,0,993.99158,993.99158,0,0,0.17980623538333335,0.05879308713333333,0.4087250800255498,30,30,1.15508,0.4129526508
USDA,USDA,2026-01-02T00:00:00.000Z,2026-01-02,3422524.863461,3422524.8634606,1404418.990394,1404418.9903936,2018105.873067,2018105.873067,0,0,847.25857,847.25857,0,0,0.18035171654,0.05920552238,0.4103458431246303,103.5,103.5,4.62032,1.73319754
USDA,USDA,2026-01-03T00:00:00.000Z,2026-01-03,3423124.245024,3423124.245024167,1407760.2720829998,1407760.2720831668,2015363.972941,2015363.972941,8943.012258,8943.012258,1003.601051,1003.601051,186.812234,186.812234,0.18065616956666666,0.0594362165,0.41125016457041186,19.29,19.29,4.62032,1.8132561348
USDA,USDA,2026-01-04T00:00:00.000Z,2026-01-04,3419710.6750870002,3419710.6750861667,1370438.8087860001,1370438.8087855,2049271.866301,2049271.8663006667,59900,59900,971.628175,971.628175,30554.924327,30554.924327,0.17712551388333334,0.05679862975,0.4007413745618031,75,75,3.46524,1.3927261592
USDA,USDA,2026-01-05T00:00:00.000Z,2026-01-05,3418262.002998,3418262.002998,1353036.495483,1353036.4954834,2065225.507515,2065225.5075146,92.849562,92.849562,787.497431,787.497431,6.813156,6.813156,0.17547427912,0.05556624842,0.39582589482657854,0,0,0,0
USDA,USDA,2026-01-06T00:00:00.000Z,2026-01-06,3418964.187881,3418964.1878805,1343176.197057,1343176.1970566667,2075787.990824,2075787.9908238333,5891.433931,5891.433931,947.495835,947.495835,222.576373,222.576373,0.17448061111666666,0.054837356016666665,0.3928605891214798,17,17,3.46524,1.4401190916
USDA,USDA,2026-01-07T00:00:00.000Z,2026-01-07,3419539.004241,3419539.0042404,1340089.95545,1340089.9554498,2079449.048791,2079449.0487906,4745.181388,4745.181388,800.874052,800.874052,14.334597,14.334597,0.17415623668,0.05460042702,0.3918920089187303,0,0,0,0
USDA,USDA,2026-01-08T00:00:00.000Z,2026-01-08,3421817.7405669997,3421817.7405661666,1337870.723881,1337870.7238801667,2083947.016686,2083947.016686,2147.960299,2147.960299,941.618509,941.618509,52.738375,52.738375,0.17385166141666666,0.0543783517,0.3909823236083597,62.7,62.699999999999996,5.7754,2.2680342324
USDA,USDA,2026-01-09T00:00:00.000Z,2026-01-09,3426828.988893,3426828.988892167,1339932.81079,1339932.8107891667,2086896.178103,2086896.178103,3651.494685,3651.494685,943.104056,943.104056,26.191732,26.191732,0.17386178748333334,0.0543857559,0.39101255534734175,13.5,13.5,3.46524,1.3723158956
USDA,USDA,2026-01-10T00:00:00.000Z,2026-01-10,3429095.9662380004,3429095.9662384,1340059.8772860002,1340059.8772862002,2089036.088952,2089036.0889522,50.59081,50.59081,778.993199,778.993199,7.79873,7.79873,0.1737876226,0.05433176636,0.3907909948980629,34.8,34.8,2.31016,0.8995416516
USDA,USDA,2026-01-11T00:00:00.000Z,2026-01-11,3427902.628319,3427902.6283193333,1343058.5301780002,1343058.5301786666,2084844.098141,2084844.0981406667,0,0,966.877987,966.877987,0,0,0.1741260271,0.05457831838333333,0.3918018279248923,3.8,3.8,2.31016,0.9016323464
USDA,USDA,2026-01-12T00:00:00.000Z,2026-01-12,3428533.3411189998,3428533.3411184996,1343993.962784,1343993.9627834999,2084539.378335,2084539.378335,1395.471644,1395.471644,947.334437,947.334437,7.889606,7.889606,0.17419325128333332,0.05462736743333333,0.3920025892873763,19,19,3.46524,1.346419002
USDA,USDA,2026-01-13T00:00:00.000Z,2026-01-13,3429536.2937660003,3429536.2937666,1344486.1217220002,1344486.1217222002,2085050.172044,2085050.1720444,769.18254,769.18254,783.013796,783.013796,2.29843,2.29843,0.17420291978,0.05463442252,0.39203146339310074,0,0,0,0
USDA,USDA,2026-01-14T00:00:00.000Z,2026-01-14,3430097.8808110002,3430097.8808113337,1341591.029997,1341591.029997,2088506.850814,2088506.8508143334,0,0,948.225853,948.225853,0,0,0.17389906805,0.05441399765,0.3911232933555495,8.5,8.5,2.31016,0.9678646336
USDA,USDA,2026-01-15T00:00:00.000Z,2026-01-15,3430579.104739,3430579.104739,1333548.305783,1333548.305783,2097030.798956,2097030.798956,0,0,801.968418,801.968418,0,0,0.17309595352,0.05382959974,0.3887239263787158,100.05,100.05,3.46524,1.3915133252
USDA,USDA,2026-01-16T00:00:00.000Z,2026-01-16,3431148.161814,3431148.1618133336,1335880.438125,1335880.4381245,2095267.723689,2095267.7236888334,987.250928,987.250928,949.31473,949.31473,16.805112,16.805111999999998,0.1733017384,0.05397853006666667,0.38933919172869713,0,0,0,0
USDA,USDA,2026-01-17T00:00:00.000Z,2026-01-17,3431767.8500610003,3431767.8500613337,1336663.518874,1336663.5188743335,2095104.331187,2095104.331187,120.140823,120.140823,949.955268,949.955268,11.069222,11.069222,0.173354564,0.05401687665,0.3894970656153561,10,10,3.46524,1.370271404
USDA,USDA,2026-01-18T00:00:00.000Z,2026-01-18,3432336.2072799997,3432336.2072807997,1337666.702599,1337666.7025994,2094669.504681,2094669.5046814,914.871978,914.871978,785.627287,785.627287,5.747047,5.747047,0.17343078464,0.05407223462,0.38972484107538374,19,19,3.46524,1.3625785712
USDA,USDA,2026-01-19T00:00:00.000Z,2026-01-19,3433110.2704419997,3433110.2704415005,1338530.689931,1338530.6899301668,2094579.580511,2094579.5805113334,309.566688,309.566688,951.93455,951.93455,2.755864,2.755864,0.17348560086666667,0.05411205561666667,0.3898886472854851,9.75,9.75,2.31016,0.8488913936
USDA,USDA,2026-01-20T00:00:00.000Z,2026-01-20,3433450.858362,3433450.8583618337,1336068.03663,1336068.0366295,2097382.821732,2097382.8217323334,12150.74732,12150.74732,950.012958,950.012958,672.745079,672.745079,0.1732327125,0.05392874403333334,0.3891327175374862,143,143,3.46524,1.2198915388
USDA,USDA,2026-01-21T00:00:00.000Z,2026-01-21,3433974.723813,3433974.7238132,1339912.256501,1339912.2565012,2094062.467312,2094062.467312,5459.84696,5459.84696,809.133936,809.133936,11.715193,11.715193,0.17358741654,0.0541861369,0.3901928331164796,12,12,2.31016,0.8298325736
USDA,USDA,2026-01-22T00:00:00.000Z,2026-01-22,3434536.242697,3434536.2426973335,1337671.262041,1337671.2620413334,2096864.980656,2096864.980656,82.870798,82.870798,951.862493,951.862493,82.870798,82.870798,0.17334769228333333,0.05401188628333333,0.38947653006725436,0,0,0,0
USDA,USDA,2026-01-23T00:00:00.000Z,2026-01-23,3434998.6699,3434998.6699,1338161.373435,1338161.3734352,2096837.296465,2096837.2964648,197.508912,197.508912,786.757237,786.757237,8.357363,8.357363,0.1733778916,0.0540338137,0.3895667802354545,0,0,0,0
USDA,USDA,2026-01-24T00:00:00.000Z,2026-01-24,3435752.622166,3435752.6221658336,1338410.6214299998,1338410.6214296666,2097342.000736,2097342.0007361667,331.630751,331.630751,952.641948,952.641948,5.556867,5.556867,0.17337356135,0.0540306694,0.38955383943131133,0,0,0,0
USDA,USDA,2026-01-25T00:00:00.000Z,2026-01-25,3437266.446916,3437266.446916,1340066.7089220001,1340066.7089225,2097199.737994,2097199.7379935,4112.301845,4112.301845,953.620231,953.620231,208.786328,208.786328,0.1734773557,0.054106237716666665,0.3898639096362086,135,135,1.15508,0.39186089
USDA,USDA,2026-01-26T00:00:00.000Z,2026-01-26,3443576.420667,3443576.420667,1348861.870089,1348861.8700886,2094714.550578,2094714.5505784,0,0,794.812716,794.812716,0,0,0.17409321402,0.05455441176,0.391703813486643,39.32,39.32,9.24064,3.2209636816
USDA,USDA,2026-01-27T00:00:00.000Z,2026-01-27,3443427.883873,3443427.883873333,1353472.77756,1353472.77756,2089955.106313,2089955.1063133334,0,0,986.957598,986.957598,0,0,0.17454741316666667,0.05488686006666667,0.39305965121596886,160,160,4.62032,1.6413224768
USDA,USDA,2026-01-28T00:00:00.000Z,2026-01-28,3444177.5785600003,3444177.5785591668,1367489.5174790001,1367489.5174785,2076688.061081,2076688.0610806667,0,0,980.88826,980.88826,0,0,0.17588255328333333,0.055866468583333335,0.3970438444584535,2.5,2.5,1.15508,0.4131490144
USDA,USDA,2026-01-29T00:00:00.000Z,2026-01-29,3448042.4397380003,3448042.4397378005,1367773.1840670002,1367773.1840670002,2080269.255671,2080269.2556708,1903.5375,1903.5375,548.476303,548.476303,118.869697,118.869697,0.17576101834,0.05577694882,0.39668137174631884,3.9,3.9,2.31016,0.7818274488
USDA,USDA,2026-01-30T00:00:00.000Z,2026-01-30,3446857.4981319997,3446857.498132143,1363881.632929,1363881.6329292858,2082975.865203,2082975.8652028572,27156.308044,27156.308044,675.14017,675.14017,7012.540514,7012.540514,0.17542821177142856,0.05553257594285714,0.3956883517869672,40.000412,40.000412,9.24064,3.0053564488
USDA,USDA,2026-01-31T00:00:00.000Z,2026-01-31,3451672.033957,3451672.033957,1325410.400504,1325410.4005036,2126261.633453,2126261.6334534,96343.278717,96343.278717,543.306111,543.306111,17284.274699,17284.274699,0.17152474254,0.05271583158,0.3840128041127931,82.56,82.56,15.01604,4.3622635772
USDA,USDA,2026-02-01T00:00:00.000Z,2026-02-01,3465398.4968299996,3465398.4968306664,1254053.834757,1254053.8347574999,2211344.662073,2211344.6620731666,14796.321134,14796.321134,585.035224,585.035224,698.297669,698.297669,0.16414938723333333,0.047521964066666665,0.3618787757573821,1.99,1.99,2.31016,0.665210572
USDA,USDA,2026-02-02T00:00:00.000Z,2026-02-02,3454969.362587,3454969.3625865,1103988.752992,1103988.7529916668,2350980.609595,2350980.609594833,1869.686159,1869.686159,550.540133,550.540133,11.610615,11.610615,0.15023604706666666,0.038806856683333335,0.3194965253714406,5.5,5.5,1.15508,0.32140101
USDA,USDA,2026-02-03T00:00:00.000Z,2026-02-03,3451780.5243100002,3451780.524311,978841.468326,978841.4683268,2472939.055984,2472939.0559842,1600.439967,1600.439967,414.328401,414.328401,7.011762,7.011762,0.1384416919,0.03140768762,0.2835757760471428,157.28725,157.28725,8.08556,2.3947003052
USDA,USDA,2026-02-04T00:00:00.000Z,2026-02-04,3452684.342913,3452684.3429131666,981069.769899,981069.7698996667,2471614.573014,2471614.5730135,1426.460921,1426.460921,504.032618,504.032618,5.816474,5.816474,0.13862702233333332,0.031512365783333336,0.2841469653757523,1,1,1.15508,0.3443986528
USDA,USDA,2026-02-05T00:00:00.000Z,2026-02-05,3452228.1329880003,3452228.132987,969672.664578,969672.6645774,2482555.46841,2482555.4684096,0,0,0,0,0,0,0.13756818284,0.0309152661,0.2808830591962019,0,0,0,0
USDA,USDA,2026-02-06T00:00:00.000Z,2026-02-06,3467519.643596,3467519.643595,931239.115505,931239.1155045,2536280.528091,2536280.5280905,20866.228405,20866.228405,343.909017,343.909017,11880.414051,11880.414051,0.13357827798333333,0.028700330166666666,0.26856354607071076,209.98,209.98,15.01604,3.9063188488
USDA,USDA,2026-02-07T00:00:00.000Z,2026-02-07,3473631.677417,3473631.677416833,930799.7352560001,930799.7352561667,2542831.942161,2542831.9421606665,0,0,339.921472,339.921472,0,0,0.13338352523333333,0.028593327266666666,0.26796156343908123,0,0,0,0
USDA,USDA,2026-02-08T00:00:00.000Z,2026-02-08,3472920.733028,3472920.733028,929685.981139,929685.9811392,2543234.751889,2543234.7518888,0,0,280.8744,280.8744,0,0,0.13329760248,0.02854656712,0.26769571273560944,2.72,2.72,2.31016,0.6291374236
USDA,USDA,2026-02-09T00:00:00.000Z,2026-02-09,3474793.63858,3474793.6385798333,929212.3948720001,929212.3948720001,2545581.243708,2545581.2437078333,2100.739454,2100.739454,346.347147,346.347147,33.186186,33.186186,0.13320696013333333,0.0284972783,0.26741523597012573,0,0,0,0
USDA,USDA,2026-02-10T00:00:00.000Z,2026-02-10,3477255.848154,3477255.8481529998,930002.510537,930002.5105365,2547253.337617,2547253.3376165,0,0,339.246611,339.246611,0,0,0.13321916026666666,0.028503892166666666,0.2674529990199577,3.270283,3.270283,1.15508,0.304767858
USDA,USDA,2026-02-11T00:00:00.000Z,2026-02-11,3477567.650501,3477567.6505008005,940934.131773,940934.1317728001,2536633.518728,2536633.518728,0,0,284.334933,284.334933,0,0,0.13422837954,0.0290585477,0.27057241227076095,360.09,360.09,6.93048,1.7677690844
USDA,USDA,2026-02-12T00:00:00.000Z,2026-02-12,3477920.694628,3477920.6946275,966882.014449,966882.0144490001,2511038.680179,2511038.6801785,518.284581,518.284581,361.210619,361.210619,15.356638,15.356638,0.1366346415,0.030388175516666668,0.278005768550143,2,2,1.15508,0.3093766272
USDA,USDA,2026-02-13T00:00:00.000Z,2026-02-13,3478383.335128,3478383.3351278,967922.8476969999,967922.8476967999,2510460.487431,2510460.487431,0,0,306.552332,306.552332,0,0,0.1367196649,0.03043585744,0.2782680103921934,50.5,50.5,2.31016,0.6171938964
USDA,USDA,2026-02-14T00:00:00.000Z,2026-02-14,3478560.952427,3478560.952427333,994961.594679,994961.5946793333,2483599.357748,2483599.357748,1000,1000,376.860453,376.860453,8.510025,8.510025,0.13923873778333334,0.031867525183333335,0.2860266360665049,477.9,477.9,9.24064,2.6363083888
USDA,USDA,2026-02-15T00:00:00.000Z,2026-02-15,3478949.131338,3478949.1313383332,1020117.574927,1020117.574927,2458831.556411,2458831.5564113334,0,0,393.960921,393.960921,0,0,0.14157884678333332,0.03321166005,0.2932257762576353,10,10,1.15508,0.344560364
USDA,USDA,2026-02-16T00:00:00.000Z,2026-02-16,3479310.0035369997,3479310.0035368,1020894.104308,1020894.104308,2458415.899229,2458415.8992288,0,0,325.852903,325.852903,0,0,0.14164160624,0.0332482205,0.29341855110272785,2.433096,2.433096,2.31016,0.655276884
USDA,USDA,2026-02-17T00:00:00.000Z,2026-02-17,3479672.3776310002,3479672.3776305,1021550.7975089999,1021550.7975088333,2458121.580122,2458121.5801216667,0,0,394.847062,394.847062,0,0,0.14169310178333333,0.033278237083333335,0.2935767168811053,2.8,2.8,2.31016,0.653024478
USDA,USDA,2026-02-18T00:00:00.000Z,2026-02-18,3480066.194389,3480066.1943883332,1021886.464687,1021886.4646866667,2458179.729702,2458179.7297016666,0,0,395.140707,395.140707,0,0,0.14171369055,0.033290242166666664,0.2936399518432813,0,0,0,0
USDA,USDA,2026-02-19T00:00:00.000Z,2026-02-19,3480425.792455,3480425.7924554003,1020284.923252,1020284.9232522,2460140.869203,2460140.8692032,0,0,334.93737,334.93737,0,0,0.14155402402,0.03319730504,0.29314946791970675,5,5,1.15508,0.3195297804
USDA,USDA,2026-02-20T00:00:00.000Z,2026-02-20,3480625.017337,3480625.0173373334,1017906.913642,1017906.913642,2462718.103695,2462718.1036953335,0,0,392.21653,392.21653,0,0,0.14132616978333334,0.03306481246666667,0.29244943772028575,79.05,79.05,3.46524,0.9876165016
USDA,USDA,2026-02-21T00:00:00.000Z,2026-02-21,3480986.493802,3480986.4938024,1024690.22344,1024690.2234404,2456296.270362,2456296.270362,0,0,327.713075,327.713075,0,0,0.14195068626,0.0334285692,0.29436776427471883,10.55,10.55,3.46524,0.980547412
USDA,USDA,2026-02-22T00:00:00.000Z,2026-02-22,3481354.038518,3481354.038517833,1025999.6631499999,1025999.6631498333,2455354.375368,2455354.375368,0,0,397.476154,397.476154,0,0,0.1420630615,0.03349425028333333,0.2947128148065345,14.273698,14.273698,5.7754,1.567212544
USDA,USDA,2026-02-23T00:00:00.000Z,2026-02-23,3381752.1979320003,3381752.1979320003,1027837.797534,1027837.7975336667,2353914.400398,2353914.4003983336,0,0,398.633796,398.633796,0,0,0.14559197625,0.035716373616666665,0.30545561698070905,8.01,8.01,2.31016,0.604568872
USDA,USDA,2026-02-24T00:00:00.000Z,2026-02-24,2886301.64244,2886301.6424396,1027455.2629109999,1027455.2629109999,1858846.379529,1858846.3795286,2180.310491,2180.3104909999997,382.084547,382.084547,13.517946,13.517946,0.16219158102,0.0461891961,0.35597672953921283,8.1,8.1,2.31016,0.6003990332
USDA,USDA,2026-02-25T00:00:00.000Z,2026-02-25,2887774.25244,2887774.2524398332,1029874.2249380001,1029874.2249381667,1857900.027502,1857900.0275016667,0,0,451.927022,451.927022,0,0,0.16240895036666667,0.0463363323,0.3566324996994267,36.05,36.05,2.31016,0.650136778
USDA,USDA,2026-02-26T00:00:00.000Z,2026-02-26,2888318.278577,2888318.2785761664,1024257.925407,1024257.9254066667,1864060.35317,1864060.3531695,3609.849971,3609.849971,448.335418,448.335418,4.088948,4.088948,0.16174230076666668,0.045885834033333336,0.35462088391722557,8.1,8.1,2.31016,0.6685949564
USDA,USDA,2026-02-27T00:00:00.000Z,2026-02-27,2888734.155626,2888734.1556255715,1023836.36977,1023836.3697698573,1864897.785856,1864897.7858557142,1589.027906,1589.027906,350.362273,350.362273,8.701444,8.701444,0.16167702144285714,0.04584176437142857,0.3544238782760057,32.15,32.15,4.62032,1.3051710952
USDA,USDA,2026-02-28T00:00:00.000Z,2026-02-28,2889055.873774,2889055.8737741667,1027091.705491,1027091.7054911667,1861964.168283,1861964.168283,7615.459386,7615.459386,449.656791,449.656791,244.413884,244.413884,0.162037371,0.0460853785,0.3555111740399415,130.86,130.86,4.62032,1.2305760288
USDA,USDA,2026-03-01T00:00:00.000Z,2026-03-01,2889378.830712,2889378.8307116665,1021245.550788,1021245.550788,1868133.279924,1868133.2799236667,5679.244036,5679.244036,457.780511,457.780511,67.077259,67.077259,0.16135383046666665,0.0456242366,0.35344814425815785,8.1,8.1,2.31016,0.6412080096
USDA,USDA,2026-03-02T00:00:00.000Z,2026-03-02,2889764.552272,2889764.5522716,1018725.3129039999,1018725.3129035999,1871039.239368,1871039.239368,0,0,366.532039,366.532039,0,0,0.16104938658,0.04541964246,0.3525288264129248,4.04,4.04,1.15508,0.31793577
USDA,USDA,2026-03-03T00:00:00.000Z,2026-03-03,2890088.794452,2890088.7944515003,1019213.670468,1019213.6704675001,1870875.123984,1870875.123984,0,0,444.039855,444.039855,0,0,0.16109224171666667,0.04544840745,0.35265825459014616,0,0,0,0
USDA,USDA,2026-03-04T00:00:00.000Z,2026-03-04,2890366.340828,2890366.3408275,1019657.8476120001,1019657.8476115001,1870708.493216,1870708.493216,0,0,444.335318,444.335318,0,0,0.16113191375,0.04547504398333333,0.3527780647249689,0,0,0,0
USDA,USDA,2026-03-05T00:00:00.000Z,2026-03-05,2890773.052039,2890773.052039,1020061.6382640001,1020061.6382636001,1870711.413775,1870711.4137754,0,0,367.398116,367.398116,0,0,0.1611617323,0.04549506938,0.35286811440179555,0,0,0,0
USDA,USDA,2026-03-06T00:00:00.000Z,2026-03-06,2891163.2242159997,2891163.224215,1014152.8129049999,1014152.8129045,1877010.411311,1877010.4113105,55,55,453.523606,453.523606,19.850569,19.850569,0.16046979321666666,0.0450332937,0.3507768259166937,10,10,1.15508,0.29656679
USDA,USDA,2026-03-07T00:00:00.000Z,2026-03-07,2891535.253376,2891535.2533764,1004063.851975,1004063.8519754,1887471.401401,1887471.401401,0,0,357.584509,357.584509,0,0,0.15930035766,0.04425268884,0.34724246698610356,10,10,1.15508,0.2949034748
USDA,USDA,2026-03-08T00:00:00.000Z,2026-03-08,2891932.515542,2891932.5155405,1005055.085162,1005055.085161,1886877.43038,1886877.4303795,2324.490082,2324.490082,433.594377,433.594377,34.925019,34.925019,0.15939791011666668,0.0443174049,0.34753752958528367,0,0,0,0
USDA,USDA,2026-03-09T00:00:00.000Z,2026-03-09,2892353.077414,2892353.0774141666,1001661.803766,1001661.8037661667,1890691.273648,1890691.273648,0,0,431.295292,431.295292,0,0,0.1589933737,0.04404928041666667,0.3463138052601221,10,10,1.15508,0.289982834
USDA,USDA,2026-03-10T00:00:00.000Z,2026-03-10,2894738.249096,2894738.2490958003,1002130.979513,1002130.979513,1892607.269583,1892607.2695828,0,0,365.636308,365.636308,0,0,0.15895266602,0.04402234774,0.3461906364520414,0.72,0.72,1.15508,0.2969595172
USDA,USDA,2026-03-11T00:00:00.000Z,2026-03-11,2896437.8377859998,2896437.837786,999849.4896349999,999849.489635,1896588.348151,1896588.348151,6813.34044,6813.34044,420.516234,420.516234,285.288125,285.288125,0.1586252635,0.04380622383333333,0.34519973506938767,0,0,0,0
USDA,USDA,2026-03-12T00:00:00.000Z,2026-03-12,2896828.809071,2896828.809070667,996763.953629,996763.953629,1900064.855442,1900064.8554416667,50.938286,50.938286,436.287301,436.287301,4.279668,4.279668,0.15825792586666668,0.04356375245,0.34408795943771797,30,30,2.31016,0.6046035244
USDA,USDA,2026-03-13T00:00:00.000Z,2026-03-13,2897220.365769,2897220.3657692,999138.8162100001,999138.8162102001,1898081.549559,1898081.549559,0,0,354.235939,354.235939,0,0,0.15851334852,0.0437320796,0.34486117303450836,0,0,0,0
USDA,USDA,2026-03-14T00:00:00.000Z,2026-03-14,2897600.0806090003,2897600.080609,998153.8906380001,998153.8906376666,1899446.189971,1899446.1899713334,1970.127723,1970.127723,428.301127,428.301127,112.527342,112.527342,0.15838613338333332,0.043648217516666664,0.3444760830188712,0,0,0,0
USDA,USDA,2026-03-15T00:00:00.000Z,2026-03-15,2897859.896227,2897859.896227,996270.425346,996270.4253456,1901589.470881,1901589.4708814,1725.617403,1725.617403,352.620211,352.620211,156.140873,156.140873,0.15816123992,0.0435000869,0.3437952424093407,0,0,0,0
USDA,USDA,2026-03-16T00:00:00.000Z,2026-03-16,2895016.31971,2895016.3197095003,956616.445359,956616.445359,1938399.874351,1938399.8743505,0,0,409.443908,409.443908,0,0,0.15375748563333333,0.04064596953333333,0.3304364010447714,51,51,1.15508,0.3340029328
USDA,USDA,2026-03-17T00:00:00.000Z,2026-03-17,2891748.2574859997,2891748.2574851667,958716.83766,958716.8376595,1933031.419826,1933031.4198256666,0,0,400.798127,400.798127,0,0,0.15411910746666665,0.040876767966666665,0.3315354569611085,0,0,0,0
USDA,USDA,2026-03-18T00:00:00.000Z,2026-03-18,2889173.8589310003,2889173.8589310003,959007.396316,959007.3963164,1930166.462615,1930166.4626146,0,0,331.507815,331.507815,0,0,0.15424941848,0.0409601768,0.33193136413036656,0,0,0,0
USDA,USDA,2026-03-19T00:00:00.000Z,2026-03-19,2888900.842432,2888900.8424326666,957373.914948,957373.9149483333,1931526.927484,1931526.9274843333,2639.42521,2639.42521,400.999358,400.999358,81.229253,81.229253,0.15407368273333333,0.040847979033333336,0.3313972826821527,0,0,0,0
USDA,USDA,2026-03-20T00:00:00.000Z,2026-03-20,2889093.3616569997,2889093.361657167,928188.3616719999,928188.3616725,1960904.999985,1960904.9999846667,11948.169222,11948.169222,385.695747,385.695747,3.119768,3.119768,0.15074643188333334,0.038744635283333335,0.3212732299581834,2.05,2.05,1.15508,0.3042596228
USDA,USDA,2026-03-21T00:00:00.000Z,2026-03-21,2889422.968944,2889422.9689442,918739.698132,918739.6981318,1970683.270812,1970683.2708124,0,0,321.07661,321.07661,0,0,0.14966198862,0.03807109942,0.3179665473086287,0,0,0,0
USDA,USDA,2026-03-22T00:00:00.000Z,2026-03-22,2889755.826858,2889755.8268575002,913565.222875,913565.2228748334,1976190.603983,1976190.6039826667,242.737314,242.737314,370.186904,370.186904,6.388038,6.388038,0.14906285275,0.03769971578333333,0.31613923729657367,23,23,1.15508,0.297202084
USDA,USDA,2026-03-23T00:00:00.000Z,2026-03-23,2890092.324982,2890092.3249822,911658.9522920001,911658.9522926,1978433.37269,1978433.3726896,0,0,305.891528,305.891528,0,0,0.14883473244,0.03755937348,0.3154428735510293,0,0,0,0
USDA,USDA,2026-03-24T00:00:00.000Z,2026-03-24,2890428.075615,2890428.0756145,908467.754658,908467.7546575,1981960.320957,1981960.320957,0,0,366.748241,366.748241,0,0,0.1484610137,0.03732930341666667,0.3143021432401423,15,15,1.15508,0.3006788748
USDA,USDA,2026-03-25T00:00:00.000Z,2026-03-25,2890796.852381,2890796.8523813332,910086.531424,910086.5314243333,1980710.320957,1980710.320957,0,0,367.857239,367.857239,0,0,0.1486312955,0.0374339249,0.3148220284315488,0,0,0,0
USDA,USDA,2026-03-26T00:00:00.000Z,2026-03-26,2891134.69137,2891134.6913702,910424.370413,910424.3704132,1980710.320957,1980710.320957,0,0,312.041828,312.041828,0,0,0.14865752258,0.03745005224,0.3149020940915634,0,0,0,0
USDA,USDA,2026-03-27T00:00:00.000Z,2026-03-27,2891427.56795,2891427.5679501668,907404.3463239999,907404.3463241666,1984023.221626,1984023.221626,6712.771997,6712.771997,366.286534,366.286534,434.853293,434.853293,0.14830505261666665,0.0372338916,0.3138257413657213,0,0,0,0
USDA,USDA,2026-03-28T00:00:00.000Z,2026-03-28,2891751.154838,2891751.154838,904415.0325430001,904415.0325430001,1987336.122295,1987336.122295,0,0,364.005989,364.005989,0,0,0.14795501881666667,0.0370191586,0.3127568665452548,0,0,0,0
USDA,USDA,2026-03-29T00:00:00.000Z,2026-03-29,2891728.1055,2891728.1054996,904487.538121,904487.5381206,1987240.567379,1987240.567379,505.49368,505.49368,300.73924,300.73924,72.181487,72.181487,0.14796404718,0.03702468252,0.3127844444718409,0,0,0,0
USDA,USDA,2026-03-30T00:00:00.000Z,2026-03-30,2890891.461544,2890891.461544143,904549.247093,904549.247093,1986342.214451,1986342.2144511428,0,0,380.04748,380.04748,0,0,0.14800067281428572,0.0370470941,0.31289631883694147,0,0,0,0
USDA,USDA,2026-03-31T00:00:00.000Z,2026-03-31,2902417.131181,2902417.1311808,904897.474447,904897.4744472,1997519.656734,1997519.6567336,0,0,300.385668,300.385668,0,0,0.14763349234,0.0368227564,0.3117745525615062,8.5,8.5,1.15508,0.2775772748
USDA,USDA,2026-04-01T00:00:00.000Z,2026-04-01,2905169.912354,2905169.9123535,905912.733436,905912.7334355,1999257.178918,1999257.178918,0,0,363.913507,363.913507,0,0,0.14765090676666667,0.03683332565,0.31182779602957117,0,0,0,0
USDA,USDA,2026-04-02T00:00:00.000Z,2026-04-02,2905500.794551,2905500.7945506,906261.0740909999,906261.0740909999,1999239.72046,1999239.7204596,556,556,308.713924,308.713924,116.461458,116.461458,0.14767852336,0.03685018452,0.31191217517683945,3.1,3.1,1.15508,0.2733034788
USDA,USDA,2026-04-03T00:00:00.000Z,2026-04-03,2901751.019844,2901751.0198433334,897836.8592490001,897836.8592486667,2003914.160595,2003914.1605946666,0,0,363.154935,363.154935,0,0,0.14685888723333335,0.0363543558,0.3094052394935652,0,0,0,0
USDA,USDA,2026-04-04T00:00:00.000Z,2026-04-04,2894026.33366,2894026.3336601667,881194.598471,881194.598471,2012831.735189,2012831.7351891666,0,0,348.601639,348.601639,0,0,0.14525101548333333,0.03538168503333333,0.3044874146732005,0,0,0,0
USDA,USDA,2026-04-05T00:00:00.000Z,2026-04-05,2894592.367518,2894592.367518,881515.499043,881515.499043,2013076.868475,2013076.868475,0,0,288.109084,288.109084,0,0,0.14526777686,0.03539173206,0.30453873482784605,0,0,0,0
USDA,USDA,2026-04-06T00:00:00.000Z,2026-04-06,2895982.326194,2895982.3261933336,881835.303044,881835.3030435,2014147.02315,2014147.0231498333,0,0,348.95412,348.95412,0,0,0.1452562073,0.03538481776666667,0.3045032989185522,0,0,0,0
USDA,USDA,2026-04-07T00:00:00.000Z,2026-04-07,2899162.401914,2899162.4019136666,882186.606747,882186.6067466666,2016975.795167,2016975.795167,205.39599,205.39599,356.342762,356.342762,7.911714,7.911714,0.14518676953333334,0.03534322783333333,0.3042906748582243,0,0,0,0
USDA,USDA,2026-04-08T00:00:00.000Z,2026-04-08,2890825.79842,2890825.7984204004,888766.2569850001,888766.2569850001,2002059.541435,2002059.5414354,0,0,291.873784,291.873784,0,0,0.14621756204,0.03596365982,0.30744527710310143,80.8,80.8,1.15508,0.3041210132
USDA,USDA,2026-04-09T00:00:00.000Z,2026-04-09,2887812.579161,2887812.5791606666,890239.744341,890239.744341,1997572.83482,1997572.8348196666,501.668255,501.668255,354.992755,354.992755,170.899331,170.899331,0.14648863805,0.03612700075,0.30827476361709977,2,2,1.15508,0.293794598
USDA,USDA,2026-04-10T00:00:00.000Z,2026-04-10,2888138.133281,2888138.133281,890731.965128,890731.965128,1997406.168153,1997406.168153,0,0,293.490371,293.490371,0,0,0.14653300008,0.03615384616,0.308410443812365,0,0,0,0
USDA,USDA,2026-04-11T00:00:00.000Z,2026-04-11,2888464.366049,2888464.3660486666,891035.628031,891035.6280306667,1997428.738018,1997428.738018,70.191416,70.191416,363.179087,363.179087,12.409103,12.409103,0.14655598503333334,0.0361677591,0.3084807404811117,0,0,0,0
USDA,USDA,2026-04-12T00:00:00.000Z,2026-04-12,2888784.12871,2888784.1287101666,891168.651515,891168.6515151667,1997615.477195,1997615.477195,530.997927,530.997927,355.529844,355.529844,530.997927,530.997927,0.14655987721666666,0.036170116216666666,0.30849264366582846,0,0,0,0
USDA,USDA,2026-04-13T00:00:00.000Z,2026-04-13,2889038.009869,2889038.0098694,891110.0050100001,891110.0050106001,1997928.004859,1997928.0048588,49.956384,49.956384,293.636358,293.636358,5.375503,5.375503,0.14654437528,0.0361607313,0.3084452336353151,0,0,0,0
USDA,USDA,2026-04-14T00:00:00.000Z,2026-04-14,2889362.7644450003,2889362.7644453333,891724.830575,891724.8305751666,1997637.93387,1997637.9338701668,100,100,355.787496,355.787496,12.901683,12.901683,0.146602617,0.036196000816666664,0.3086233499316661,10.5,10.5,2.31016,0.5640140132
USDA,USDA,2026-04-15T00:00:00.000Z,2026-04-15,2889717.708387,2889717.7083866666,892722.731352,892722.7313516666,1996994.977035,1996994.977035,0,0,356.453597,356.453597,0,0,0.14670314368333334,0.03625689275,0.30893077421440596,0,0,0,0
USDA,USDA,2026-04-16T00:00:00.000Z,2026-04-16,2890046.999642,2890046.9996412,893304.695769,893304.6957686,1996742.303873,1996742.3038726,60,60,302.456785,302.456785,4.207261,4.207261,0.1467574858,0.03628984446,0.3090969392966307,15,15,1.15508,0.2976987684
USDA,USDA,2026-04-17T00:00:00.000Z,2026-04-17,2889278.6370949997,2889278.6370951664,894819.834846,894819.8348458332,1994458.802249,1994458.8022493334,0,0,357.835974,357.835974,0,0,0.14695591193333332,0.036410233666666666,0.30970363866255024,0,0,0,0
USDA,USDA,2026-04-18T00:00:00.000Z,2026-04-18,2887415.6999979997,2887415.6999982,895182.5644139999,895182.5644141999,1992233.135584,1992233.135584,0,0,295.951354,295.951354,0,0,0.14706233258,0.03647486884,0.31002898636832243,0.35,0.35,1.15508,0.3011409068
USDA,USDA,2026-04-19T00:00:00.000Z,2026-04-19,2886954.705899,2886954.7058981666,895511.5971329999,895511.5971325,1991443.108766,1991443.1087656666,0,0,358.480469,358.480469,0,0,0.1471158279,0.0365073881,0.31019251506738416,0,0,0,0
USDA,USDA,2026-04-20T00:00:00.000Z,2026-04-20,2885734.6638289997,2885734.6638291664,895871.6087,895871.6087001667,1989863.055129,1989863.055129,0,0,358.849793,358.849793,0,0,0.14719952688333332,0.036558282033333334,0.3104483642947847,0,0,0,0
USDA,USDA,2026-04-21T00:00:00.000Z,2026-04-21,2886063.966982,2886063.9669824,896200.9118529999,896200.9118534,1989863.055129,1989863.055129,0,0,304.40028,304.40028,0,0,0.14722526754,0.03657394172,0.3105270431750634,0,0,0,0
USDA,USDA,2026-04-22T00:00:00.000Z,2026-04-22,2886394.238005,2886394.238005333,896531.182876,896531.1828763332,1989863.055129,1989863.055129,0,0,359.240151,359.240151,0,0,0.14725107835,0.03658964721666667,0.3106059347415127,0,0,0,0
USDA,USDA,2026-04-23T00:00:00.000Z,2026-04-23,2886750.677587,2886750.6775868335,895793.907427,895793.907427,1990956.77016,1990956.7701598334,0,0,359.209217,359.209217,0,0,0.14715497746666667,0.03653119258333333,0.31031218705664826,0,0,0,0
USDA,USDA,2026-04-24T00:00:00.000Z,2026-04-24,2886603.230066,2886603.230067,895845.481225,895845.4812256,1990757.748841,1990757.7488414,1187.303057,1187.303057,296.371143,296.371143,7.592828,7.592828,0.14716600294,0.03653789266,0.310345891767275,7,7,2.31016,0.5784756148
USDA,USDA,2026-04-25T00:00:00.000Z,2026-04-25,2885234.0954320002,2885234.0954323336,895747.623194,895747.623194,1989486.472238,1989486.4722383334,0,0,358.804984,358.804984,0,0,0.14720309108333332,0.0365604504,0.31045925866253,0,0,0,0
USDA,USDA,2026-04-26T00:00:00.000Z,2026-04-26,2886562.444266,2886562.4442652,896065.546433,896065.5464324,1990496.897833,1990496.8978328,57.840076,57.840076,304.290057,304.290057,1.147434,1.147434,0.1471923816,0.03655393554,0.3104265237618173,0,0,0,0
USDA,USDA,2026-04-27T00:00:00.000Z,2026-04-27,2886881.325697,2886881.3256973336,896247.29562,896247.2956201668,1990634.030077,1990634.0300771666,442.252872,442.252872,359.021585,359.021585,142.804781,142.804781,0.14720176076666666,0.03655964118333333,0.3104551923644063,0,0,0,0
USDA,USDA,2026-04-28T00:00:00.000Z,2026-04-28,2887221.162535,2887221.162534,896147.7887810001,896147.7887805001,1991073.373754,1991073.3737535,220.084346,220.084346,358.913497,358.913497,0.520914,0.520914,0.14717853043333334,0.036545510633333333,0.31038418525000316,0,0,0,0
USDA,USDA,2026-04-29T00:00:00.000Z,2026-04-29,2887549.639697,2887549.6396966,896372.981315,896372.9813146,1991176.658382,1991176.658382,0,0,296.590496,296.590496,0,0,0.14719249296,0.0365540033,0.3104268641015106,0,0,0,0
USDA,USDA,2026-04-30T00:00:00.000Z,2026-04-30,2889063.798284,2889063.798284333,896702.6846179999,896702.6846183334,1992361.113666,1992361.113666,0,0,359.150037,359.150037,0,0,0.14717660188333334,0.0365443378,0.31037829025446156,0,0,0,0
USDA,USDA,2026-05-01T00:00:00.000Z,2026-05-01,2889428.650141,2889428.650141714,897056.269697,897056.2696974286,1992372.380444,1992372.3804442857,40,40,359.329053,359.329053,2.831376,2.831376,0.1472038147,0.036560890328571426,0.3104614706160738,0,0,0,0
USDA,USDA,2026-05-02T00:00:00.000Z,2026-05-02,2889755.083489,2889755.0834888,897354.536099,897354.5360988,1992400.54739,1992400.54739,0,0,304.797865,304.797865,0,0,0.14722610902,0.03657445372,0.31052961529399986,0,0,0,0
USDA,USDA,2026-05-03T00:00:00.000Z,2026-05-03,2890084.217168,2890084.2171683335,897683.6697780001,897683.6697783334,1992400.54739,1992400.54739,0,0,359.701957,359.701957,0,0,0.14725179808333333,0.0365900852,0.3106081344945774,0,0,0,0
USDA,USDA,2026-05-04T00:00:00.000Z,2026-05-04,2890413.517479,2890413.5174786,898012.9700890001,898012.9700886001,1992400.54739,1992400.54739,0,0,297.296547,297.296547,0,0,0.14727749494,0.03660572442,0.3106866761196061,0,0,0,0
USDA,USDA,2026-05-05T00:00:00.000Z,2026-05-05,2890744.038906,2890744.0389063335,898343.491516,898343.4915163334,1992400.54739,1992400.54739,0,0,360.074899,360.074899,0,0,0.1473032817,0.0366214214,0.3107654904566453,0,0,0,0
USDA,USDA,2026-05-06T00:00:00.000Z,2026-05-06,2891104.235196,2891104.2351958333,898703.687806,898703.6878058334,1992400.54739,1992400.54739,0,0,360.281267,360.281267,0,0,0.14733137766666668,0.03663852755,0.31085136066073427,0,0,0,0
USDA,USDA,2026-05-07T00:00:00.000Z,2026-05-07,2891420.118618,2891420.1186188,898152.8847099999,898152.8847103999,1993267.233908,1993267.2339084,495.145351,495.145351,297.508598,297.508598,89.197686,89.197686,0.14725794108,0.03659382812,0.310626907916996,0,0,0,0
USDA,USDA,2026-05-08T00:00:00.000Z,2026-05-08,2891748.894792,2891748.894792,898207.6288610001,898207.6288606666,1993541.265931,1993541.2659313334,345.034233,345.034233,367.740524,367.740524,4.359364,4.359364,0.14725257871666667,0.03659056038333333,0.3106105204873855,0,0,0,0
USDA,USDA,2026-05-09T00:00:00.000Z,2026-05-09,2892107.117962,2892107.1179618333,898278.924851,898278.9248513334,1993828.193111,1993828.1931105,55.307384,55.307384,359.926679,359.926679,5.785645,5.785645,0.14724805655,0.0365878083,0.31059669858237693,0.45,0.45,1.15508,0.3185017592
USDA,USDA,2026-05-10T00:00:00.000Z,2026-05-10,2892436.431291,2892436.431291,898599.213138,898599.213138,1993837.218153,1993837.218153,0,0,297.483447,297.483447,0,0,0.14727271594,0.03660281564,0.31067206929210406,0,0,0,0
USDA,USDA,2026-05-11T00:00:00.000Z,2026-05-11,2892767.7079100003,2892767.7079095,901263.8230900001,901263.8230898334,1991503.88482,1991503.8848196666,0,0,361.698717,361.698717,0,0,0.1475624959,0.036779465383333335,0.31155760258985526,35,35,2.31016,0.6386668336
USDA,USDA,2026-05-12T00:00:00.000Z,2026-05-12,2893048.031267,2893048.0312664,901513.82465,901513.8246494,1991534.206617,1991534.206617,3122.254256,3122.254256,299.175899,299.175899,648.91548,648.91548,0.14758089852,0.03679066794,0.31161384798784564,0,0,0,0
USDA,USDA,2026-05-13T00:00:00.000Z,2026-05-13,2893302.554563,2893302.5545633333,899972.86525,899972.8652503333,1993329.689313,1993329.689313,0,0,368.796323,368.796323,0,0,0.14739762895,0.036678878633333335,0.3110538375072662,0,0,0,0
USDA,USDA,2026-05-14T00:00:00.000Z,2026-05-14,2893664.865798,2893664.865797667,900326.90073,900326.9007296667,1993337.965068,1993337.965068,50.028639,50.028639,361.147145,361.147145,1.870544,1.870544,0.14742491956666667,0.03669550613333333,0.31113723957666123,0,0,0,0
USDA,USDA,2026-05-15T00:00:00.000Z,2026-05-15,2893995.194807,2893995.1948068,900765.850964,900765.8509638,1993229.343843,1993229.343843,0,0,298.550616,298.550616,0,0,0.14746293078,0.03671867192,0.3112534007269422,2.5,2.5,1.15508,0.3075284992
USDA,USDA,2026-05-16T00:00:00.000Z,2026-05-16,2894323.333311,2894323.3333106665,901172.2568430001,901172.2568426667,1993151.076468,1993151.076468,30.680732,30.680732,361.657534,361.657534,23.007908,23.007908,0.14749733241666665,0.03673964203333333,0.31135852869079256,0,0,0,0
USDA,USDA,2026-05-17T00:00:00.000Z,2026-05-17,2894684.341357,2894684.3413565,901528.918364,901528.9183635,1993155.422993,1993155.422993,0,0,361.862764,361.862764,0,0,0.147524946,0.036756478983333334,0.3114429103662762,0,0,0,0
USDA,USDA,2026-05-18T00:00:00.000Z,2026-05-18,2895017.631967,2895017.631967,901842.287351,901842.2873508,1993175.344616,1993175.3446162,50.021325,50.021325,306.949252,306.949252,1.086334,1.086334,0.14754863574,0.03677092608,0.31151530002468836,0,0,0,0
USDA,USDA,2026-05-19T00:00:00.000Z,2026-05-19,2895350.425617,2895350.4256180003,901866.647579,901866.6475796667,1993483.778038,1993483.7780383334,673.328582,673.328582,362.076031,362.076031,15.842164,15.842164,0.14753967245,0.03676546038333333,0.311487910179233,0,0,0,0
USDA,USDA,2026-05-20T00:00:00.000Z,2026-05-20,2895709.175479,2895709.175479,901580.7970489999,901580.7970489999,1994128.37843,1994128.37843,0,0,361.815243,361.815243,0,0,0.14749473841666666,0.036738060616666665,0.3113506018180061,0,0,0,0
USDA,USDA,2026-05-21T00:00:00.000Z,2026-05-21,2896040.415649,2896040.415649,901912.0372189999,901912.0372189999,1994128.37843,1994128.37843,0,0,299.05361,299.05361,0,0,0.14752051416,0.03675377646,0.31142936769745294,0,0,0,0
USDA,USDA,2026-05-22T00:00:00.000Z,2026-05-22,2896372.887646,2896372.8876456665,902244.509216,902244.5092156667,1994128.37843,1994128.37843,0,0,362.198721,362.198721,0,0,0.14754638026666667,0.03676955055,0.311508407830152,0,0,0,0
USDA,USDA,2026-05-23T00:00:00.000Z,2026-05-23,2893368.576681,2893368.5766812,902387.00183,902387.0018302,1990981.574851,1990981.574851,270.570415,270.570415,299.458734,299.458734,44.402918,44.402918,0.1476685532,0.03684414148,0.31188168742573064,0,0,0,0
USDA,USDA,2026-05-24T00:00:00.000Z,2026-05-24,2895636.382905,2895636.3829045,902675.558504,902675.5585038334,1992960.824401,1992960.8244006666,0,0,370.413198,370.413198,0,0,0.14762102761666668,0.0368150907,0.311736500933956,2.15,2.15,2.31016,0.5600867412
USDA,USDA,2026-05-25T00:00:00.000Z,2026-05-25,2895999.118479,2895999.1184785,903217.460745,903217.4607445,1992781.657734,1992781.657734,0,0,362.87536,362.87536,0,0,0.14766949031666668,0.0368446693,0.31188457633687133,0,0,0,0
USDA,USDA,2026-05-26T00:00:00.000Z,2026-05-26,2896332.648027,2896332.648027,903630.990293,903630.990293,1992701.657734,1992701.657734,0,0,299.953021,299.953021,0,0,0.14770446564,0.03686602354,0.3119914374015599,2,2,1.15508,0.281377488
USDA,USDA,2026-05-27T00:00:00.000Z,2026-05-27,2896665.818144,2896665.8181443335,904094.593422,904094.5934223332,1992571.224722,1992571.224722,59.888672,59.888672,363.398838,363.398838,3.77348,3.77348,0.14774510491666668,0.0368908419,0.3121156002645114,0.8,0.8,1.15508,0.277103692
USDA,USDA,2026-05-28T00:00:00.000Z,2026-05-28,2896607.62575,2896607.625750333,903425.1912880001,903425.1912883333,1993182.434462,1993182.434462,1731.413904,1731.413904,363.029315,363.029315,568.003187,568.003187,0.14767152395,0.03684592303333333,0.3118907827247657,0,0,0,0
USDA,USDA,2026-05-29T00:00:00.000Z,2026-05-29,2897004.9676360004,2897004.967636,903202.384147,903202.3841473333,1993802.583489,1993802.5834886667,0,0,299.667791,299.667791,0,0,0.1476323461,0.03682199795,0.3117710845258762,2,2,1.15508,0.2715824096
USDA,USDA,2026-05-30T00:00:00.000Z,2026-05-30,2897594.443819,2897594.443818833,903751.7429920001,903751.7429918334,1993842.700827,1993842.700827,0,0,363.053214,363.053214,0,0,0.14767363723333332,0.03684720423333333,0.31189724479577435,9,9,2.31016,0.5480392568
USDA,USDA,2026-05-31T00:00:00.000Z,2026-05-31,2898184.941073,2898184.9410728,904835.456241,904835.4562408,1993349.484832,1993349.484832,67.283205,67.283205,308.41185,308.41185,42.964128,42.964128,0.14777522812,0.03690924322,0.31220763094055665,0,0,0,0
USDA,USDA,2026-06-01T00:00:00.000Z,2026-06-01,2898728.498804,2898728.4988035,905102.501136,905102.5011355,1993625.997668,1993625.997668,0,0,363.914876,363.914876,0,0,0.14778622086666668,0.036915959416666665,0.3122412147288543,0.55,0.55,1.15508,0.2665693624
USDA,USDA,2026-06-02T00:00:00.000Z,2026-06-02,2897076.94728,2897076.9472796666,903754.933405,903754.9334048333,1993322.013875,1993322.0138748332,4801.467658,4801.467658,363.273951,363.273951,2240.45858,2240.45858,0.14769215866666666,0.036858563483333336,0.3119538041694778,0.969679,0.969679,2.31016,0.5005423672
USDA,USDA,2026-06-03T00:00:00.000Z,2026-06-03,2893234.996592,2893234.9965923997,898022.840838,898022.8408384,1995212.155754,1995212.155754,59326.890966,59326.890966,297.895494,297.895494,26394.528031,26394.528031,0.14717983218,0.03654665358,0.3103879598391583,1.699658,1.699658,3.46524,0.7306689556
USDA,USDA,2026-06-04T00:00:00.000Z,2026-06-04,2370389.53963,2370389.5396296666,825607.5325150001,825607.5325143333,1544782.007115,1544782.0071153333,29534.718072,29534.718072,356.398303,356.398303,4645.588169,4645.588169,0.16517840483333332,0.0495966829,0.364187502331003,3.6,3.6,3.46524,0.6684563468
USDA,USDA,2026-06-05T00:00:00.000Z,2026-06-05,1267718.157096,1267718.157096,758858.9488349999,758858.948835,508859.208261,508859.208261,107798.132636,107798.132636,478.496546,478.496546,9316.081052,9316.081052,0.2522113723166667,0.12667377713333333,0.6164281928698324,10.8,10.8,3.46524,0.5617269548
USDA,USDA,2026-06-06T00:00:00.000Z,2026-06-06,1176245.860715,1176245.8607154,687530.962329,687530.962329,488714.898386,488714.8983864,21484.709318,21484.709318,369.654158,369.654158,986.881886,986.881886,0.24047143738,0.11247345564,0.5845386970907366,1.1,1.1,3.46524,0.5274441804
USDA,USDA,2026-06-07T00:00:00.000Z,2026-06-07,1178620.400877,1178620.4008768334,677939.416604,677939.4166041666,500680.984273,500680.9842726667,8973.153526,8973.153526,421.767614,421.767614,5.153997,5.153997,0.23716839233333334,0.10913941845,0.5751977564968096,0,0,0,0
USDA,USDA,2026-06-08T00:00:00.000Z,2026-06-08,1194778.803333,1194778.803333,671589.3908,671589.3907998,523189.412533,523189.4125332,0,0,339.404631,339.404631,0,0,0.23256697962,0.10459095334,0.5621313772152209,1,1,1.15508,0.1969757924
USDA,USDA,2026-06-09T00:00:00.000Z,2026-06-09,1202067.135023,1202067.1350228335,671998.542652,671998.5426523334,530068.592371,530068.5923705,0,0,408.128586,408.128586,0,0,0.23147857308333333,0.10352384433333334,0.5590357811262928,0,0,0,0
USDA,USDA,2026-06-10T00:00:00.000Z,2026-06-10,1202361.85997,1202361.8599696667,668991.232939,668991.232939,533370.627031,533370.6270306667,9895.232993,9895.232993,405.712767,405.712767,95.290905,95.290905,0.23055324595,0.10262760405,0.5563978578475931,0,0,0,0
USDA,USDA,2026-06-11T00:00:00.000Z,2026-06-11,1193001.6295909998,1193001.6295909998,662762.9258539999,662762.9258539999,530238.703737,530238.703737,0,0,339.202362,339.202362,0,0,0.23025232298,0.10233193266,0.5555423446728444,0,0,0,0
USDA,USDA,2026-06-12T00:00:00.000Z,2026-06-12,1193375.551522,1193375.5515213334,662922.381268,662922.3812675,530453.170254,530453.1702538333,439.529111,439.529111,400.697159,400.697159,13.940986,13.940986,0.23023813391666667,0.10231818031666666,0.555501899730096,2,2,1.15508,0.1972992148
USDA,USDA,2026-06-13T00:00:00.000Z,2026-06-13,1193816.095626,1193816.0956261668,663520.2982610001,663520.2982611668,530295.797365,530295.797365,0,0,401.172553,401.172553,0,0,0.2303419309,0.10241882106666667,0.555797744510852,3.9,3.9,1.15508,0.1964560064
USDA,USDA,2026-06-14T00:00:00.000Z,2026-06-14,1192237.251038,1192237.2510382002,663887.6366600001,663887.6366602001,528349.614378,528349.614378,0,0,331.669008,331.669008,0,0,0.23071059498,0.10277751766,0.556847823772388,0,0,0,0
USDA,USDA,2026-06-15T00:00:00.000Z,2026-06-15,1163836.7059860001,1163836.7059853333,664282.8702860001,664282.8702856667,499553.8357,499553.83569966664,0,0,404.289757,404.289757,0,0,0.23599865,0.10813329883333334,0.5717923784811245,0.49963,0.49963,1.15508,0.2092658436
USDA,USDA,2026-06-16T00:00:00.000Z,2026-06-16,1058438.560312,1058438.5603116667,664744.741316,664744.7413153333,393693.818996,393693.81899633334,0,0,441.924101,441.924101,0,0,0.25595321475,0.12859968313333334,0.6280428809008973,0.32,0.32,1.15508,0.200233118
USDA,USDA,2026-06-17T00:00:00.000Z,2026-06-17,1060000.277458,1060000.2774578,665171.220812,665171.2208116,394829.056646,394829.0566462,0,0,365.095042,365.095042,0,0,0.25576595536,0.12839862568,0.6275200115732203,0,0,0,0
USDA,USDA,2026-06-18T00:00:00.000Z,2026-06-18,1061101.303663,1061101.3036636668,665577.93796,665577.9379603334,395523.365703,395523.36570333334,0,0,451.602435,451.602435,0,0,0.2556699823,0.12829561138333334,0.6272520169386937,0,0,0,0
USDA,USDA,2026-06-19T00:00:00.000Z,2026-06-19,1069258.256616,1069258.2566156,665936.635964,665936.635964,403321.620652,403321.6206516,59.245975,59.245975,364.309469,364.309469,6.388734,6.388734,0.25409794994,0.12662201844,0.6228546443473205,0,0,0,0
USDA,USDA,2026-06-20T00:00:00.000Z,2026-06-20,1085310.048402,1085310.0484018333,662925.745629,662925.7456293333,422384.302773,422384.3027725,15889.922558,15889.922558,433.311055,433.311055,147.131494,147.131494,0.24980366346666666,0.12208012463333333,0.6108258779614741,0,0,0,0
USDA,USDA,2026-06-21T00:00:00.000Z,2026-06-21,1087741.420927,1087741.420927,653293.77188,653293.7718803333,434447.649047,434447.6490466667,0,0,426.818598,426.818598,0,0,0.24616337405,0.11828928766666667,0.6005960642945628,200,200,3.46524,0.5538262076
USDA,USDA,2026-06-22T00:00:00.000Z,2026-06-22,1088057.3891019998,1088057.3891018,650407.6067209999,650407.6067209999,437649.782381,437649.7823808,15772.288025,15772.288025,347.374388,347.374388,2.22422,2.22422,0.24515690876,0.11723787666,0.5977695777286097,0.8,0.8,2.31016,0.369856616
USDA,USDA,2026-06-23T00:00:00.000Z,2026-06-23,1094738.541319,1094738.5413193332,648135.353015,648135.353015,446603.188304,446603.1883043333,5569.869709,5569.869709,412.824571,412.824571,294.226963,294.226963,0.2431484476,0.11518826845,0.5921021372810423,0,0,0,0
USDA,USDA,2026-06-24T00:00:00.000Z,2026-06-24,1096932.253821,1096932.253821,641762.229797,641762.2297974,455170.024024,455170.0240236,23707.467394,23707.467394,343.04806,343.04806,2628.623939,2628.623939,0.24064935464,0.11264422234,0.5850467541957234,0,0,0,0
USDA,USDA,2026-06-25T00:00:00.000Z,2026-06-25,1098552.3622229998,1098552.3622231667,622252.3040069999,622252.3040075001,476300.058216,476300.0582156667,966.776823,966.776823,382.54194,382.54194,51.275231,51.275231,0.23408027191666667,0.10607419906666667,0.5664356569429578,0,0,0,0
USDA,USDA,2026-06-26T00:00:00.000Z,2026-06-26,1098689.487237,1098689.4872365,618303.027319,618303.0273183333,480386.459918,480386.4599181667,4105.681389,4105.681389,377.895618,377.895618,95.92474,95.92474,0.2327906853,0.10480696468333334,0.562769486993757,0,0,0,0
USDA,USDA,2026-06-27T00:00:00.000Z,2026-06-27,1105860.045036,1105860.045036,617912.100606,617912.100606,487947.94443,487947.94443,0,0,309.978537,309.978537,0,0,0.23138227736,0.10343002042,0.5587615722540177,0,0,0,0
USDA,USDA,2026-06-28T00:00:00.000Z,2026-06-28,1106205.981317,1106205.9813166666,618258.0368870001,618258.0368866667,487947.94443,487947.94443,0,0,375.509544,375.509544,0,0,0.23143073325,0.10347722783333334,0.5588995564258936,0,0,0,0
USDA,USDA,2026-06-29T00:00:00.000Z,2026-06-29,1104915.16188,1104915.1618801667,618584.89776,618584.8977605,486330.26412,486330.26411966665,60.223516,60.223516,375.999301,375.999301,7.19945,7.19945,0.23176419563333334,0.1038024575,0.5598489307808608,0,0,0,0
USDA,USDA,2026-06-30T00:00:00.000Z,2026-06-30,1018167.8295979999,1018167.8295975999,617804.0816169999,617804.0816169999,400363.747981,400363.7479806,1115.70537,1115.70537,318.056421,318.056421,33.925961,33.925961,0.31560121494,0.17954252038,0.6322758142453473,0,0,0,0
USDA,USDA,2026-07-01T00:00:00.000Z,2026-07-01,663591.4815369999,663591.4815367142,618464.915982,618464.9159815714,45126.565555,45126.56555514286,0,0,959.624812,959.624812,0,0,0.7095199852,0.5291862925428571,0.9320128467853744,0,0,0,0
USDA,USDA,2026-07-02T00:00:00.000Z,2026-07-02,672987.7296940001,672987.7296938,619139.0660700001,619139.0660702,53848.663624,53848.6636236,869.472666,869.472666,715.194477,715.194477,6.256568,6.256568,0.56989824936,0.41994137804,0.9200411729155883,0,0,0,0
USDA,USDA,2026-07-03T00:00:00.000Z,2026-07-03,683167.569349,683167.569349,618979.414974,618979.4149738334,64188.154375,64188.15437516667,0,0,654.630935,654.630935,0,0,0.4197634618666667,0.30446346176666667,0.9060715525107045,0,0,0,0
USDA,USDA,2026-07-04T00:00:00.000Z,2026-07-04,689106.844817,689106.8448161667,619246.450067,619246.4500666667,69860.39475,69860.3947495,448.727136,448.727136,566.576146,566.576146,8.156625,8.156625,0.36420038428333334,0.2618502069,0.8986304911484412,0,0,0,0
USDA,USDA,2026-07-05T00:00:00.000Z,2026-07-05,693289.279205,693289.2792052,619592.198836,619592.198836,73697.080369,73697.0803692,0,0,465.60212,465.60212,0,0,0.35480159792,0.25367071896,0.8937030162947239,0,0,0,0
USDA,USDA,2026-07-06T00:00:00.000Z,2026-07-06,696776.164417,696776.1644171666,620302.304055,620302.3040553333,76473.860362,76473.86036183333,0,0,548.057365,548.057365,0,0,0.35346803785,0.25174052673333336,0.8902498134279175,0,0,0,0
USDA,USDA,2026-07-07T00:00:00.000Z,2026-07-07,700990.414776,700990.4147761667,621474.759135,621474.7591353334,79515.655641,79515.65564083333,500,500,546.868418,546.868418,31.018922,31.018922,0.3520471478166667,0.2496907177,0.8865668701105976,0,0,0,0
USDA,USDA,2026-07-08T00:00:00.000Z,2026-07-08,711982.5256909999,711982.5256903999,621889.997763,621889.9977628,90092.527928,90092.5279276,0,0,447.762036,447.762036,0,0,0.34700805042,0.24248396956,0.8734721671032797,0,0,0,0
USDA,USDA,2026-07-09T00:00:00.000Z,2026-07-09,742779.564881,742779.5648803333,622584.2685209999,622584.2685206666,120195.29636,120195.29635966667,0,0,527.168807,527.168807,0,0,0.3336275372,0.2238454224,0.8384357475710187,0,0,0,0
USDA,USDA,2026-07-10T00:00:00.000Z,2026-07-10,758086.486603,758086.4866034,623160.009354,623160.0093544,134926.477249,134926.477249,0,0,436.488376,436.488376,0,0,0.32738623984,0.2152936663,0.8220170708670751,0,0,0,0
USDA,USDA,2026-07-11T00:00:00.000Z,2026-07-11,761301.3814729999,761301.3814731666,623630.745179,623630.7451791667,137670.636294,137670.636294,0,0,513.91983,513.91983,0,0,0.3263067065333333,0.21383898486666666,0.8191640724333716,0,0,0,0
USDA,USDA,2026-07-12T00:00:00.000Z,2026-07-12,762481.946509,762481.9465089999,624144.643548,624144.6435483333,138337.302961,138337.30296066665,0,0,513.919018,513.919018,0,0,0.32608207986666665,0.21353690231666667,0.8185701027694591,0,0,0,0
USDA,USDA,2026-07-13T00:00:00.000Z,2026-07-13,763637.2805,763637.2804998,624615.059323,624615.0593228,139022.221177,139022.221177,0,0,424.76479,424.76479,0,0,0.325847447,0.21322185726,0.8179494089054592,0,0,0,0
USDA,USDA,2026-07-14T00:00:00.000Z,2026-07-14,726019.795077,726019.7950764999,625031.8558970001,625031.8558964999,100987.93918,100987.93918,0,0,657.673214,657.673214,0,0,0.6034278721166667,0.44038061845,0.8662926157227346,0,0,0,0
USDA,USDA,2026-07-15T00:00:00.000Z,2026-07-15,681188.9458160001,681188.9458161667,625567.602808,625567.6028083334,55621.343008,55621.34300783333,0,0,914.246563,914.246563,0,0,0.5455974601333333,0.40254601558333336,0.918550463342827,0,0,0,0
USDA,USDA,2026-07-16T00:00:00.000Z,2026-07-16,696949.011685,696949.011685,626155.674919,626155.674919,70793.336766,70793.336766,0,0,491.71645,491.71645,0,0,0.36267149488,0.2607641038,0.8984658838202623,0,0,0,0
USDA,USDA,2026-07-17T00:00:00.000Z,2026-07-17,713135.510284,713135.5102836667,626623.730151,626623.7301505,86511.780133,86511.78013316667,0,0,533.790405,533.790405,0,0,0.3381778877666667,0.23775366128333333,0.8787472451738574,0,0,0,0
USDA,USDA,2026-07-18T00:00:00.000Z,2026-07-18,720490.71531,720490.7153108,627109.46762,627109.4676204,93381.24769,93381.24769039999,0,0,437.488252,437.488252,0,0,0.33503922228,0.23330062528,0.870408030344983,0,0,0,0
USDA,USDA,2026-07-19T00:00:00.000Z,2026-07-19,727258.448904,727258.4489035,626840.053952,626840.0539515,100418.394952,100418.394952,0,0,525.993836,525.993836,0,0,0.3319134020166667,0.22894138161666666,0.8620624802682962,0,0,0,0
USDA,USDA,2026-07-20T00:00:00.000Z,2026-07-20,732009.281266,732009.2812653332,626733.167413,626733.1674124999,105276.113853,105276.11385283332,979.645398,979.6453980000001,518.723176,518.723176,35.490894,35.490894,0.32978753405,0.22598892368333334,0.8563801034357814,0,0,0,0
USDA,USDA,2026-07-21T00:00:00.000Z,2026-07-21,731575.711092,731575.7110926,626258.5931160001,626258.5931162001,105317.117976,105317.1179764,571.974715,571.974715,443.598926,443.598926,57.115093,57.115093,0.3296702192,0.22579209464,0.8560846996754592,0,0,0,0
USDA,USDA,2026-07-22T00:00:00.000Z,2026-07-22,748970.334892,748970.3348918334,626388.051137,626388.0511366667,122582.283755,122582.28375516666,0,0,512.537822,512.537822,0,0,0.32233755388333335,0.21571338458333333,0.8364282670157738,0,0,0,0
USDA,USDA,2026-07-23T00:00:00.000Z,2026-07-23,765454.0952020001,765454.0952018334,626647.4961250001,626647.4961245001,138806.599077,138806.59907733335,495.165241,495.165241,503.42971,503.42971,2.098731,2.098731,0.3157912420833333,0.20688407698333333,0.8187890362438803,0,0,0,0
USDA,USDA,2026-07-24T00:00:00.000Z,2026-07-24,783733.3708169999,783733.3708173333,626855.8165,626855.8165003334,156877.554317,156877.554317,0,0,407.250184,407.250184,0,0,0.3087915595,0.19759234951666665,0.7998477678323169,0,0,0,0
USDA,USDA,2026-07-25T00:00:00.000Z,2026-07-25,780689.8029349999,780689.8029353333,627307.7915159999,627307.7915163334,153382.011419,153382.011419,0,0,493.990633,493.990633,0,0,0.31015215971666665,0.1993781877,0.8035405447491634,0,0,0,0
USDA,USDA,2026-07-26T00:00:00.000Z,2026-07-26,787722.530562,787722.5305624,627764.103355,627764.1033554,159958.427207,159958.427207,0,0,416.923997,416.923997,0,0,0.30772147148,0.1961903891,0.796942072986388,0,0,0,0
USDA,USDA,2026-07-27T00:00:00.000Z,2026-07-27,791120.0900910001,791120.0900908334,628213.111061,628213.1110613333,162906.97903,162906.9790295,0,0,490.256488,490.256488,0,0,0.30497780346666664,0.1937425061,0.7940809477033246,0,0,0,0
USDA,USDA,2026-07-28T00:00:00.000Z,2026-07-28,791154.9086750001,791154.908675,628695.276267,628695.2762673333,162459.632408,162459.63240766668,0,0,476.39138,476.39138,0,0,0.29672627858333334,0.18863726445,0.7946576976907941,0,0,0,0
USDA,USDA,2026-07-29T00:00:00.000Z,2026-07-29,804250.554184,804250.5541834,629130.746285,629130.7462846,175119.807899,175119.8078988,0,0,390.768492,390.768492,0,0,0.29232863234,0.18300877506,0.782405886422843,0,0,0,0
USDA,USDA,2026-07-30T00:00:00.000Z,2026-07-30,818052.177928,818052.177927,629559.243927,629559.2439265,188492.934001,188492.9340005,0,0,464.641537,464.641537,0,0,0.2877315415666667,0.17714786813333333,0.7695859620217881,0,0,0,0
USDA,USDA,2026-07-31T00:00:00.000Z,2026-07-31,827371.5295139999,827371.5295138333,630022.815246,630022.8152463334,197348.714268,197348.7142675,0,0,461.785389,461.785389,0,0,0.2848580394833333,0.17355567038333333,0.7615336920769968,0,0,0,0
USDA,USDA,2026-08-01T00:00:00.000Z,2026-08-01,837484.6929879999,837484.6929878,630443.370101,630443.3701012,207041.322887,207041.3228866,0,0,378.163121,378.163121,0,0,0.2817517414,0.16969352958,0.7528175325732034,0,0,0,0
USDA,USDA,2026-08-02T00:00:00.000Z,2026-08-02,853386.084527,853386.0845271667,630860.519188,630860.5191883333,222525.565339,222525.56533883334,0,0,460.197352,460.197352,0,0,0.2769322897,0.16377957755,0.7392514952365644,0,0,0,0
USDA,USDA,2026-08-03T00:00:00.000Z,2026-08-03,855631.156484,855631.156484,631273.430897,631273.4308966,224357.725587,224357.7255874,0,0,371.104479,371.104479,0,0,0.2764134248,0.16314794374,0.7377881899075807,0,0,0,0
