marketId,marketDisplayName,timestamp,date,supply,supplyInUsd,borrow,borrowInUsd,liquidity,liquidityInUsd,debtRepaid,debtRepaidInUsd,interestAccrued,interestAccruedInUsd,interestRepaid,interestRepaidInUsd,borrowApr,supplyApy,utilizationPercentage,loanOriginationFees,loanOriginationFeesInUsd,loanOriginationFeesMinAda,loanOriginationFeesMinAdaInUsd
USDC,wanUSDC,2023-08-29T00:00:00.000Z,2023-08-29,4362.35318074,4361.662258224189,1423.2461603200002,1422.9967062053408,2939.10702042,2938.6655520188483,162,161.937792,0.05671439,0.056712363701919996,0.00074474,0.00074445401984,0.025144222393333332,0.0037532335622222223,0.13876192835785237,0,0,0,0
USDC,wanUSDC,2023-08-30T00:00:00.000Z,2023-08-30,31790.736269890003,31786.258305053896,11323.80978515,11322.038851755327,20466.92648474,20464.21945329857,0,0,1.09729792,1.09718707046635,0,0,0.036230641572916666,0.011932397827083333,0.4023569558488988,0,0,0,0
USDC,wanUSDC,2023-08-31T00:00:00.000Z,2023-08-31,157649.95443839,157609.11719512308,40248.24881392,40237.552733896446,117401.70562447,117371.56446122663,700,700,3.28476806,3.28369769786134,0.01422891,0.01422891,0.029510055105102042,0.005689652475510204,0.23655585564235923,0,0,0,0
USDC,wanUSDC,2023-09-01T00:00:00.000Z,2023-09-01,273798.80043785,273722.1728146138,82819.95325227,82794.78717034492,190978.84718558,190927.38564426888,0,0,7.33460264,7.3323713436249705,0,0,0.0321147969,0.007769065995918367,0.3010256394507544,0,0,0,0
USDC,wanUSDC,2023-09-02T00:00:00.000Z,2023-09-02,283886.87473926,283878.0971007353,92636.77880689,92633.88153288493,191250.09593237,191244.2155678504,0,0,8.40003127,8.39980810543062,0,0,0.03313819708265306,0.008650869164285714,0.32631584688430076,0,0,0,0
USDC,wanUSDC,2023-09-03T00:00:00.000Z,2023-09-03,284332.78788069,284312.1214472774,92607.93763554,92601.21334099227,191724.85024515,191710.9081062851,0,0,8.55830922,8.55795028440605,0,0,0.03311338415154639,0.008628125484536082,0.3257035099180035,0,0,0,0
USDC,wanUSDC,2023-09-04T00:00:00.000Z,2023-09-04,282994.85984338,282956.4581452887,92498.81137188,92486.30757661878,190496.0484715,190470.1505686699,0,0,8.76844782,8.76648495352967,0,0,0.03316173045306123,0.0086727828,0.3268963958104778,0,0,0,0
USDC,wanUSDC,2023-09-05T00:00:00.000Z,2023-09-05,326078.55889697,326019.86542901816,92499.30804586,92482.28553097075,233579.25085111,233537.5798980474,0,0,8.16948216,8.16862755903388,0,0,0.031569231313265306,0.007300412026530612,0.28754277643071535,0,0,0,0
USDC,wanUSDC,2023-09-06T00:00:00.000Z,2023-09-06,357505.52853872,357457.0884722287,96148.86024046,96135.75523030097,261356.66829826,261321.3332419277,0,0,8.2801617,8.27856617730699,0,0,0.030816226157142856,0.0066305564459183675,0.268947496721073,0,0,0,0
USDC,wanUSDC,2023-09-07T00:00:00.000Z,2023-09-07,354232.15294353,354231.1385110888,95888.50267664,95888.59913265282,258343.65026689,258342.53937843596,0,0,8.41170397,8.41115738255189,0,0,0.030903774385714285,0.006705883021428572,0.271111050010752,0,0,0,0
USDC,wanUSDC,2023-09-08T00:00:00.000Z,2023-09-08,356056.37561049,356040.4129307412,93646.43207380999,93641.5671253236,262409.94353668,262398.8458054176,0,0,8.42134444,8.42065899031526,0,0,0.03072742682857143,0.006584353626530612,0.26673443372151745,0,0,0,0
USDC,wanUSDC,2023-09-09T00:00:00.000Z,2023-09-09,472485.52985871,472438.2927421521,111043.23842164,111032.18150655947,361442.29143707,361406.11123559263,400,399.872,9.44967201,9.44829325773646,0.18702924,0.1869693906432,0.029430217326804124,0.005533969125773196,0.23463642326872372,0,0,0,0
USDC,wanUSDC,2023-09-10T00:00:00.000Z,2023-09-10,493319.73636758,493280.07471621723,133308.16537929,133297.2674995384,360011.57098829,359982.8072166788,0,0,12.0361716,12.03551527559565,0,0,0.030861054164646465,0.006672803770707071,0.2700530541304436,0,0,0,0
USDC,wanUSDC,2023-09-11T00:00:00.000Z,2023-09-11,492262.92005094,492245.3108697763,142258.49170249,142253.2606154456,350004.42834845,349992.0502543307,0,0,12.81071049,12.8115267774195,0,0,0.03162753870206186,0.007312684386597938,0.28900702173294324,0,0,0,0
USDC,wanUSDC,2023-09-12T00:00:00.000Z,2023-09-12,489823.76354528,489751.9426994043,142602.21068738998,142581.30457546297,347221.55285789,347170.6381239414,0,0,12.87224402,12.86757156304188,0,0,0.03171341984646465,0.00738617393939394,0.29112962469537124,0,0,0,0
USDC,wanUSDC,2023-09-13T00:00:00.000Z,2023-09-13,488888.0045064,488870.63137501146,142219.88698528,142214.9091148941,346668.11752112,346655.72226011736,590.47165606,591.06212771606,12.88908703,12.88489934084301,0.85254761,0.85340015761,0.031704334418181816,0.007378438125,0.2909050494303302,0,0,0,0
USDC,wanUSDC,2023-09-14T00:00:00.000Z,2023-09-14,515008.10841166996,514931.3732721937,150920.07782407998,150897.0892738219,364088.03058759,364034.2839983718,0,0,13.71074975,13.70828708746227,0,0,0.0317794664,0.007447735504123711,0.2927589006782112,0,0,0,0
USDC,wanUSDC,2023-09-15T00:00:00.000Z,2023-09-15,547353.70463224,547349.488595537,173663.29738868002,173661.97843097424,373690.40724356,373687.5101645628,400,400.4,16.28681968,16.28728495332449,0.00724055,0.00724779055,0.032763557234693874,0.008313316303061225,0.317066839898353,0,0,0,0
USDC,wanUSDC,2023-09-16T00:00:00.000Z,2023-09-16,561091.90128007,561002.2388348163,182993.04527770999,182963.82496817785,378098.85600236,378038.41386663844,0,0,17.80804735,17.80375933879683,0,0,0.033130966857,0.008644313988999999,0.32613737403992404,0,0,0,0
USDC,wanUSDC,2023-09-17T00:00:00.000Z,2023-09-17,560982.16144663,560956.790432473,193071.06213781002,193062.1164277123,367911.09930882,367894.6740047606,0,0,18.74643478,18.74553568556899,0,0,0.033861979304081635,0.009327072231632653,0.34416958834005096,0,0,0,0
USDC,wanUSDC,2023-09-18T00:00:00.000Z,2023-09-18,559774.4452799599,559673.1357667309,209164.00794709,209125.5671572596,350610.43733287,350547.5686094713,125,124.9895,20.8907309,20.88741228391593,3.27265921,3.27238430662636,0.035058555036458335,0.010487344090625,0.37365983989501733,0,0,0,0
USDC,wanUSDC,2023-09-19T00:00:00.000Z,2023-09-19,560248.88901978,560171.5832805927,256726.29920295998,256691.25882340255,303522.58981682,303480.3244571901,0,0,27.83433848,27.83118644223858,0,0,0.038497889353061227,0.01411851163265306,0.4582422306427904,0,0,0,0
USDC,wanUSDC,2023-09-20T00:00:00.000Z,2023-09-20,561503.12546379,561463.6480159506,284002.08558175,283982.275572248,277501.03988204,277481.37244370254,0,0,32.95388651,32.95108004024104,0,0,0.040436520281,0.016372878936,0.505791006310957,0,0,0,0
USDC,wanUSDC,2023-09-21T00:00:00.000Z,2023-09-21,561142.5774968399,561061.3848718912,324044.44386481,323997.13055440714,237098.13363203,237064.2543174841,0,0,39.23491462,39.22820523574852,0,0,0.04336608766734694,0.020059551412244896,0.5774730050172507,0,0,0,0
USDC,wanUSDC,2023-09-22T00:00:00.000Z,2023-09-22,560136.5560050299,560103.9497888868,381839.97064401995,381818.18482347176,178296.58536101,178285.76496541512,507.57461545,507.5558351892283,106.2104601,106.2178011855158,4.63596734,4.63579580920842,0.10355848074387755,0.05660137003979592,0.6816935163549389,0,0,0,0
USDC,wanUSDC,2023-09-23T00:00:00.000Z,2023-09-23,560283.62642423,560248.941991675,381029.17401313,381005.62395926577,179254.4524111,179243.31803240918,0,0,102.60955376,102.60458617678015,0,0,0.09954091082553192,0.05418478418297872,0.6800649663217122,0,0,0,0
USDC,wanUSDC,2023-09-24T00:00:00.000Z,2023-09-24,560995.26716668,560935.0363207308,377005.56955842,376965.0969215809,183989.69760826,183969.93939914997,0,0,88.73874066,88.72287313699861,0,0,0.08504018084387756,0.04571976245612245,0.6720295084034297,0,0,0,0
USDC,wanUSDC,2023-09-25T00:00:00.000Z,2023-09-25,566171.27018936,566114.5869246072,378215.77358882996,378177.8270997961,187955.49660053,187936.75982481104,0,0,83.83421921,83.82831326742901,0,0,0.07791744425773196,0.04164794028659794,0.6680309160268835,0,0,0,0
USDC,wanUSDC,2023-09-26T00:00:00.000Z,2023-09-26,566950.1006071,566911.5594454498,378167.93754697,378142.1976701273,188782.16306013,188769.36177532256,0,0,80.11278932,80.11392048341568,0,0,0.07611898224591837,0.04061901715816327,0.6670217732476597,0,0,0,0
USDC,wanUSDC,2023-09-27T00:00:00.000Z,2023-09-27,567681.81976694,567614.8138184084,375264.26013422,375219.96024328214,192417.55963272,192394.85357512627,0,0,69.28849328,69.28108135820315,0,0,0.06557042642653062,0.03467644227959184,0.6610471854377203,0,0,0,0
USDC,wanUSDC,2023-09-28T00:00:00.000Z,2023-09-28,555544.7315183401,555562.4996004736,375351.30328032,375361.27731607924,180193.42823802,180201.22228439432,0,0,98.36434393,98.35549108580298,0,0,0.09887601419484536,0.05657349824123711,0.6780861101266357,0,0,0,0
USDC,wanUSDC,2023-09-29T00:00:00.000Z,2023-09-29,609567.4129691999,609521.2143352807,375910.75876681,375880.2588906084,233656.65420239,233640.9554446723,0,0,53.19959319,53.19378639618445,0,0,0.04951678748350515,0.02469818088041237,0.6190656705544921,0,0,0,0
USDC,wanUSDC,2023-09-30T00:00:00.000Z,2023-09-30,650477.9270492401,650439.5140214928,381505.70228026004,381483.1420733728,268972.22476898,268956.37194812007,0,0,48.54917772,48.54485831429591,0,0,0.04373496018571429,0.02052462592857143,0.5864982021120093,0,0,0,0
USDC,wanUSDC,2023-10-01T00:00:00.000Z,2023-10-01,652469.26186119,652436.6110589933,400766.82103841,400746.74754366965,251702.44082278,251689.86351532358,0,0,50.96443647,50.96357990103424,0,0,0.044870690996907214,0.022048794411340205,0.6142297018361079,0,0,0,0
USDC,wanUSDC,2023-10-02T00:00:00.000Z,2023-10-02,684281.54821178,684255.9481963862,414274.73231533,414259.6210092636,270006.81589645,269996.3271871226,0,0,52.24475097,52.23437584686548,0,0,0.04451832939591837,0.021573224053061224,0.6056276255157157,0,0,0,0
USDC,wanUSDC,2023-10-03T00:00:00.000Z,2023-10-03,694579.7149042101,694443.6532273848,427039.83310313,426956.64371758304,267539.88180108,267487.00950980175,0,0,71.49732627,71.48957383802288,0,0,0.058676518060824745,0.02981350865670103,0.6148209217439493,0,0,0,0
USDC,wanUSDC,2023-10-04T00:00:00.000Z,2023-10-04,685276.04186752,685240.9351448616,477273.76626411,477250.06259119685,208002.27560341,207990.87255366473,38459,38497.459,169.74912288,169.73072510820535,428.8024882,429.2312906882,0.12958468837216494,0.07227164034123712,0.6963887577804697,0,0,0,0
USDC,wanUSDC,2023-10-05T00:00:00.000Z,2023-10-05,640661.46222976,640584.9125085643,435918.21445786,435866.041573601,204743.2477719,204718.87093496334,12811,12811,120.69986845,120.69673540133014,8.30057576,8.30057576,0.10011993377628867,0.0545080266,0.6803946510379284,0,0,0,0
USDC,wanUSDC,2023-10-06T00:00:00.000Z,2023-10-06,627639.96786712,627558.4643279746,422372.24118334,422317.5713822684,205267.72668378,205240.89294570617,12869.71933593,12868.87659245199,104.78321138,104.76004784206413,13.20218585,13.20137375265152,0.086675455443,0.046680308238,0.6729321210524759,0,0,0,0
USDC,wanUSDC,2023-10-07T00:00:00.000Z,2023-10-07,627398.69597758,627351.3356794376,419691.21100332,419659.53717031213,207707.48497426,207691.79850912545,0,0,93.25774206,93.25344006638964,0,0,0.079524890211,0.042557899206,0.6689386978526117,0,0,0,0
USDC,wanUSDC,2023-10-08T00:00:00.000Z,2023-10-08,641979.8271065899,641885.5465126565,419774.30919009,419713.06341701146,222205.5179165,222172.483095645,0,0,73.37534298,73.36450495518146,0,0,0.06140600128712871,0.03231482336237624,0.654156231899372,0,0,0,0
USDC,wanUSDC,2023-10-09T00:00:00.000Z,2023-10-09,654375.02547772,654295.3624608879,419951.77132057,419900.6614068751,234423.25415715,234394.70105401272,0,0,54.83868626,54.82335652402502,0,0,0.0459995114970297,0.023616527883168318,0.6417601718423855,0,0,0,0
USDC,wanUSDC,2023-10-10T00:00:00.000Z,2023-10-10,652683.28704791,652619.2993062647,419988.25151218,419947.1120306908,232695.03553573,232672.1872755739,0,0,56.23237968,56.22928562117099,0,0,0.04607009800686274,0.0237162030127451,0.6434806817514053,0,0,0,0
USDC,wanUSDC,2023-10-11T00:00:00.000Z,2023-10-11,652410.48490062,652324.1742218048,426133.74225862,426077.8286316946,226276.742642,226246.34559011023,0,0,67.91724593,67.91182668079662,0,0,0.05653596820808081,0.029661683871717172,0.653151845387408,0,0,0,0
USDC,wanUSDC,2023-10-12T00:00:00.000Z,2023-10-12,648376.40508861,648307.2332242023,443189.31102833,443141.8867690793,205187.09406028,205165.34645512296,1900,1900,129.30136075,129.28179466218023,0.26134048,0.26134048,0.10570603776593407,0.057866400764835166,0.6834320974414495,0,0,0,0
USDC,wanUSDC,2023-10-13T00:00:00.000Z,2023-10-13,616533.05944981,616501.7581417111,411639.40034586,411618.50178153906,204893.65910395,204883.25636017206,0,0,96.59108778,96.58949381612184,0,0,0.07726554370571428,0.041270185582857145,0.6676680086101202,0,0,0,0
USDC,wanUSDC,2023-10-14T00:00:00.000Z,2023-10-14,619948.6657708901,619856.2454830711,411724.48035115004,411662.91091915965,208224.18541974,208193.33456391137,0,0,89.35196629,89.33643645388965,0,0,0.07113869852982456,0.03784810327017544,0.6641799713334792,0,0,0,0
USDC,wanUSDC,2023-10-15T00:00:00.000Z,2023-10-15,629347.9687867101,629312.9378234339,413707.05992989003,413684.0385070006,215640.90885682,215628.8993164333,100,99.9972,75.09042462,75.08971085011461,0.00133581,0.00133577259732,0.059130074237500004,0.03111648385125,0.6573581381495693,0,0,0,0
USDC,wanUSDC,2023-10-16T00:00:00.000Z,2023-10-16,629414.78156478,629342.3977265472,417439.39837519004,417391.39114832337,211975.38318959,211951.00657822387,100,99.9787,88.13203187,88.11398653346106,0.94755552,0.94735369067424,0.06939122972680413,0.03681723176185567,0.663218296591776,0,0,0,0
USDC,wanUSDC,2023-10-17T00:00:00.000Z,2023-10-17,629479.67638502,629434.4608653036,413312.10931544,413282.14347108395,216167.56706958,216152.31739421972,0,0,73.75618814,73.74588725337232,0,0,0.057786318558333334,0.030365691216666667,0.6565932949249947,0,0,0,0
USDC,wanUSDC,2023-10-18T00:00:00.000Z,2023-10-18,623949.81749121,623866.1425500445,411388.34921232995,411333.513394055,212561.46827888,212532.62915598947,1500,1500,77.80435418,77.78715940287228,11.20902045,11.20902045,0.06266576907901235,0.03308474642345679,0.6593750010208618,0,0,0,0
USDC,wanUSDC,2023-10-19T00:00:00.000Z,2023-10-19,615373.14933672,615362.3626909497,417468.15369431,417460.578231283,197904.99564241,197901.78445966673,0,0,127.6780778,127.68439354453287,0,0,0.09706445339306931,0.05323654896039604,0.6783972019635144,0,0,0,0
USDC,wanUSDC,2023-10-20T00:00:00.000Z,2023-10-20,615868.68186186,615850.5873332263,444680.94559458003,444667.9611949156,171187.73626728,171182.62613831073,0,0,226.23720146,226.20664287517565,0,0,0.17831939304747474,0.10302753276363637,0.7220380640523967,0,0,0,0
USDC,wanUSDC,2023-10-21T00:00:00.000Z,2023-10-21,622855.78796867,622755.3975959399,445149.30276955996,445077.43397813843,177706.48519911,177677.96361780155,0,0,220.0623912,220.0044994268628,0,0,0.16414253687549019,0.09386346273823529,0.7147026625379398,0,0,0,0
USDC,wanUSDC,2023-10-22T00:00:00.000Z,2023-10-22,625749.22792339,625692.4589281655,445266.62660795,445226.1882533153,180482.60131544,180466.2706748502,0,0,207.5263871,207.49927243197988,0,0,0.1581586425029703,0.09004096874653465,0.7115801773592617,0,0,0,0
USDC,wanUSDC,2023-10-23T00:00:00.000Z,2023-10-23,628934.7130466299,628969.7647176812,445253.6165189,445278.3959160177,183681.09652773,183691.36880166348,501.50832842,502.00983674842,199.18682103,199.19366571796388,1.51280288,1.51431568288,0.1512388567191919,0.08565581233636363,0.7079489858502765,0,0,0,0
USDC,wanUSDC,2023-10-24T00:00:00.000Z,2023-10-24,629401.24468644,629508.7376049813,438156.83339086,438231.6849284598,191244.41129558,191277.05267652147,7949.314053,7952.172317053,173.56239438,173.61129190160318,252.19670564,252.448300473291,0.12908698007156863,0.07191861305294117,0.6961495102520185,0,0,0,0
USDC,wanUSDC,2023-10-25T00:00:00.000Z,2023-10-25,631448.47156112,631400.5568425858,438952.57453476003,438919.97407734126,192495.89702636,192480.58276524456,6303,6303,168.40185816,168.38899255627965,8.43618316,8.43618316,0.127748886401,0.071547003241,0.6951704573424877,0,0,0,0
USDC,wanUSDC,2023-10-26T00:00:00.000Z,2023-10-26,823431.7202141699,823379.4832077939,515749.70325278,515727.1896491442,307682.01696139,307652.2935586498,13583.98441572,13587.38466317873,205.43806584,205.4478156078556,198.98094419,198.98857044691,0.1463365056171717,0.08349415600606061,0.6617997805939614,0,0,0,0
USDC,wanUSDC,2023-10-27T00:00:00.000Z,2023-10-27,1235798.92302354,1235531.1590744483,815811.83493047,815634.8915279245,419987.08809307,419896.2675465238,0,0,219.76418681,219.70806774354858,0,0,0.07610242081584158,0.04127837740792079,0.6601788898689971,0,0,0,0
USDC,wanUSDC,2023-10-28T00:00:00.000Z,2023-10-28,1261805.2154626201,1261871.678331261,888680.2086668101,888727.0397988522,373125.00679581,373144.6385324089,0,0,426.92651055,426.9328837930023,0,0,0.14422331129108912,0.08128303285544554,0.7042250535968959,0,0,0,0
USDC,wanUSDC,2023-10-29T00:00:00.000Z,2023-10-29,1295591.23546426,1295563.7532540043,920790.84804979,920771.2715947656,374800.38741447,374792.4816592386,0,0,482.85887133,482.8811995693936,0,0,0.156518743629,0.089018986161,0.7107096961212522,0,0,0,0
USDC,wanUSDC,2023-10-30T00:00:00.000Z,2023-10-30,1314798.82670251,1314878.0854256367,940414.8995815399,940471.1034107063,374383.92712097,374406.98201493046,0,0,506.293359,506.2929429987042,0,0,0.165848632424,0.095162699629,0.7154717529663064,0,0,0,0
USDC,wanUSDC,2023-10-31T00:00:00.000Z,2023-10-31,1302659.09011197,1302530.9505302613,940826.42099466,940733.8814572806,361832.66911731,361797.0690729807,0,0,543.62224289,543.6156807422617,0,0,0.17867769682178217,0.1032381328019802,0.7222355761585707,0,0,0,0
USDC,wanUSDC,2023-11-01T00:00:00.000Z,2023-11-01,1308650.5940538198,1308688.2114066128,941269.6509607199,941296.688872922,367380.9430931,367391.5225336909,214.00000033,213.9026303298498,527.8235977,527.7769396011784,2.55274815,2.55158664959175,0.17292712518,0.099506198752,0.7192685689518552,0,0,0,0
USDC,wanUSDC,2023-11-02T00:00:00.000Z,2023-11-02,1325089.69508002,1324859.4145770476,940887.3547092199,940723.1430612943,384202.3403708,384136.27151575324,0,0,481.70608309,481.6470801944882,0,0,0.155731369481,0.088657357156,0.7102164368155915,0,0,0,0
USDC,wanUSDC,2023-11-03T00:00:00.000Z,2023-11-03,1362666.19069947,1362708.946072646,940141.59911928,940171.0972438272,422524.59158019,422537.8488288188,0,0,367.90811473,367.89663127066564,0,0,0.11753650486,0.064873383555,0.6899280282423046,0,0,0,0
USDC,wanUSDC,2023-11-04T00:00:00.000Z,2023-11-04,1386022.14550621,1385981.5689317428,944154.05988031,944125.7318455498,441868.0856259,441855.83708619303,0,0,329.66950165,329.6330131520586,0,0,0.10166992704554456,0.055443049447524755,0.6812356290529471,0,0,0,0
USDC,wanUSDC,2023-11-05T00:00:00.000Z,2023-11-05,1365814.2727512699,1365618.3041246466,946192.09471229,946056.2825263408,419622.17803898,419562.02159830584,0,0,385.90162846,385.85008571754815,0,0,0.122781826627,0.068048247296,0.6927677413276074,0,0,0,0
USDC,wanUSDC,2023-11-06T00:00:00.000Z,2023-11-06,1369872.64736687,1369766.0601510117,943271.7461419,943198.2518574279,426600.90122497,426567.8082935838,0,0,363.05718323,363.0691265359216,0,0,0.11507363543939395,0.06339475078787879,0.6885875499879957,0,0,0,0
USDC,wanUSDC,2023-11-07T00:00:00.000Z,2023-11-07,1359944.79027966,1359946.9142237182,958494.21000416,958494.9669614884,401450.5802755,401451.94726222986,71485.20086447,71540.0621908972,491.77678505,491.7809236746693,677.19389243,677.774427585325,0.156148336733,0.088209704652,0.7047885135590523,0,0,0,0
USDC,wanUSDC,2023-11-08T00:00:00.000Z,2023-11-08,1355325.55982044,1355358.2135912376,921072.17139184,921094.4220385277,434253.3884286,434263.79155271,0,0,415.60990977,415.6876839547873,0,0,0.130975683844,0.071209722258,0.6795960915475612,0,0,0,0
USDC,wanUSDC,2023-11-09T00:00:00.000Z,2023-11-09,1359755.13505081,1359765.653177301,922213.55337381,922220.7063193695,437541.581677,437544.94685793156,108.00000091,107.9954649099618,417.54855867,417.52746058327824,3.31671001,3.31657070817958,0.12841198115588234,0.06967331552941176,0.6782203398823269,0,0,0,0
USDC,wanUSDC,2023-11-10T00:00:00.000Z,2023-11-10,1369069.92653096,1369053.0632758695,933256.96666063,933245.5393284351,435812.95987033,435807.5239474344,0,0,430.33359004,430.3360352544968,0,0,0.13498289158811883,0.07375117149009901,0.6816646156865006,0,0,0,0
USDC,wanUSDC,2023-11-11T00:00:00.000Z,2023-11-11,1370265.5071331998,1370181.6690923828,973046.5275568999,972987.5932999469,397218.9795763,397194.0757924358,17307.18682169,17313.189537691,607.82271766,607.7754052117849,116.39177331,116.39211889122,0.189425488585,0.107698616957,0.7101135623582288,0,0,0,0
USDC,wanUSDC,2023-11-12T00:00:00.000Z,2023-11-12,1444388.89495919,1444292.5036123828,1047451.00592842,1047381.2249751227,396937.88903077,396911.27863726,6000.9324724,6000.584418316601,738.51958768,738.453312188771,44.54803101,44.54544722420142,0.219296852835,0.127236113065,0.7251993989000793,0,0,0,0
USDC,wanUSDC,2023-11-13T00:00:00.000Z,2023-11-13,1446927.75708596,1446714.1519465207,1045558.8927923399,1045404.4821690307,401368.86429362,401309.66977749,0,0,724.43424889,724.4124065931175,0,0,0.21409263023,0.123766712698,0.7226082709044911,0,0,0,0
USDC,wanUSDC,2023-11-14T00:00:00.000Z,2023-11-14,1451849.00632652,1451850.7755166702,1045902.04117288,1045903.5739877681,405946.96515364,405947.2015289021,0,0,727.73841776,727.633834275397,0,0,0.209685407056,0.120853472392,0.7203999553779439,0,0,0,0
USDC,wanUSDC,2023-11-15T00:00:00.000Z,2023-11-15,1459860.01215565,1459989.0138069517,1046390.27131171,1046482.7345761195,413469.74084394,413506.2792308323,0,0,688.91833275,689.0504420889241,0,0,0.2024682490010101,0.11609924523232323,0.7167743891844489,0,0,0,0
USDC,wanUSDC,2023-11-16T00:00:00.000Z,2023-11-16,1450617.0462805,1450755.1003190007,1038058.5613926799,1038156.1706110395,412558.48488782,412598.9297079611,0,0,682.34996134,682.485644340168,0,0,0.20007082972222223,0.11455751734444444,0.71554868433654,0,0,0,0
USDC,wanUSDC,2023-11-17T00:00:00.000Z,2023-11-17,1475045.1749192402,1474929.3963032607,1048757.6630522,1048675.6022721936,426287.51186704,426253.79403106717,1100,1100,686.34075269,686.1829813781777,0.02692216,0.02692216,0.19119523451414142,0.1087956493040404,0.7110417936754974,0,0,0,0
USDC,wanUSDC,2023-11-18T00:00:00.000Z,2023-11-18,1491758.87405695,1491816.1358684031,1052942.67655154,1052982.9991317645,438816.19750541,438833.13673663855,0,0,655.14042516,655.1405753544902,0,0,0.180986784527,0.102199142796,0.7058406261852886,0,0,0,0
USDC,wanUSDC,2023-11-19T00:00:00.000Z,2023-11-19,1504259.02013853,1504100.7670798104,1053492.62131475,1053381.447386393,450766.39882378,450719.31969341723,0,0,621.3939002,621.3332279666344,0,0,0.170687189484,0.095773251712,0.7004609558950797,0,0,0,0
USDC,wanUSDC,2023-11-20T00:00:00.000Z,2023-11-20,1548550.54561343,1548395.3127940032,1092247.68463691,1092137.2783482498,456302.86097652,456258.0344457533,0,0,682.61354278,682.6441131280484,0,0,0.1803756390029703,0.10213910342871287,0.7053366116851971,0,0,0,0
USDC,wanUSDC,2023-11-21T00:00:00.000Z,2023-11-21,1524956.43846007,1524753.3282267675,1093305.41521987,1093160.1372395558,431651.0232402,431593.19098721165,0,0,763.88373806,763.6263698628109,0,0,0.2025743608050505,0.11624831611111111,0.7167826663402983,0,0,0,0
USDC,wanUSDC,2023-11-22T00:00:00.000Z,2023-11-22,1497881.0672127102,1498281.3362236465,1067988.50653887,1068274.1304876287,429892.56067384,430007.2057360177,11331.670337,11331.670337,749.57580686,749.7763827049848,62.82260452,62.82260452,0.19478785622475248,0.11118572931980197,0.7128332500874409,0,0,0,0
USDC,wanUSDC,2023-11-23T00:00:00.000Z,2023-11-23,1561085.2124073599,1560859.9975260438,1115346.76846255,1115185.939899126,445738.44394481,445674.0576269177,30988.32210097,30981.305780961404,790.06263891,790.0224119580719,16.35550756,16.35014941342728,0.198000152463,0.113242238036,0.7144807774237699,0,0,0,0
USDC,wanUSDC,2023-11-24T00:00:00.000Z,2023-11-24,1637528.2815827099,1637574.3743212633,1101007.45906326,1101038.2249864687,536520.82251945,536536.1493347947,277.5825,277.3912456575,557.56560541,557.5330325743296,5.9280018,5.9239174067598,0.135412481694,0.074030994837,0.6744398206485273,0,0,0,0
USDC,wanUSDC,2023-11-25T00:00:00.000Z,2023-11-25,1799227.1681296302,1799159.5119385826,1199160.6222080202,1199112.7809427187,600066.54592161,600046.730995864,0,0,491.76600819,491.7318232625787,0,0,0.1110124846990099,0.05998540165940594,0.6664991207543353,0,0,0,0
USDC,wanUSDC,2023-11-26T00:00:00.000Z,2023-11-26,1778741.3473449,1778727.6764923604,1236725.99019912,1236715.4316059183,542015.35714578,542012.2448864422,0,0,709.2881064,709.3033104880825,0,0,0.16048853176060607,0.0892980041989899,0.6951992052772089,0,0,0,0
USDC,wanUSDC,2023-11-27T00:00:00.000Z,2023-11-27,1797941.93029908,1797738.120703131,1266694.07024154,1266550.1959325366,531247.86005754,531187.9247705942,0,0,825.03568384,824.9662196626944,0,0,0.1784309453909091,0.10058263870707071,0.7045183720978654,0,0,0,0
USDC,wanUSDC,2023-11-28T00:00:00.000Z,2023-11-28,1795338.01288812,1795379.921247528,1269233.6895642302,1269263.7076153213,526104.32332389,526116.2136322068,0,0,851.74594931,851.7592071178927,0,0,0.18318860251313132,0.1036163318080808,0.7069656214830647,0,0,0,0
USDC,wanUSDC,2023-11-29T00:00:00.000Z,2023-11-29,1811190.26527372,1811131.1919310424,1273585.97881796,1273544.4509242675,537604.28645576,537586.7410067748,0,0,821.76899099,821.7603289406236,0,0,0.17580939111010102,0.09889999145858586,0.703176247614774,0,0,0,0
USDC,wanUSDC,2023-11-30T00:00:00.000Z,2023-11-30,1811822.8717718003,1811626.5226444025,1280920.1945917502,1280780.723077968,530902.67718005,530845.7995664346,8778.824898,8773.943871356712,877.10865853,876.9673914433224,7.23335044,7.22932869715536,0.18347081293434345,0.10402965807575758,0.7069777745368444,0,0,0,0
USDC,wanUSDC,2023-12-01T00:00:00.000Z,2023-12-01,1785542.93204044,1785336.79426333,1298893.06141903,1298743.5684344112,486649.87062141,486593.22582891886,38450.2482385,38488.6984867385,730.26213459,730.290180757617,0,0,0.22362745651020408,0.13017478877142857,0.727326465844321,0,0,0,0
USDC,wanUSDC,2023-12-02T00:00:00.000Z,2023-12-02,1810300.80606132,1810164.779662538,1321931.17053802,1321831.764539104,488369.6355233,488333.0151234341,0,0,796.44265733,796.3619310384988,0,0,0.2294218066020408,0.1340312145367347,0.7302149694209362,0,0,0,0
USDC,wanUSDC,2023-12-03T00:00:00.000Z,2023-12-03,1892498.58367339,1892487.8448783904,1356979.3149793302,1356969.1648494592,535519.26869406,535518.6800289314,0,0,735.97134039,735.8507026695296,0,0,0.20499915124285714,0.11819564827653062,0.717800222659472,0,0,0,0
USDC,wanUSDC,2023-12-04T00:00:00.000Z,2023-12-04,2000265.4492993902,2000361.430290747,1403469.4763653302,1403537.5084829694,596795.97293406,596823.9218077777,88390.45772582,88407.7003186547,664.67217629,664.6586479633742,1019.3401782,1019.171418120747,0.17287216023917526,0.09716828720515464,0.7015845777454356,0,0,0,0
USDC,wanUSDC,2023-12-05T00:00:00.000Z,2023-12-05,1996543.0552293202,1997299.8314285446,1381242.08438886,1381765.3127055527,615300.97084046,615534.5187229919,0,0,576.14055481,576.327093557252,0,0,0.15399759951958764,0.08523225434639176,0.6918183430407071,0,0,0,0
USDC,wanUSDC,2023-12-06T00:00:00.000Z,2023-12-06,1973791.7308102301,1973973.1392150694,1354445.91454816,1354569.5416207497,619345.81626207,619403.5975943197,0,0,539.30585242,539.3158784552813,0,0,0.14319066673020833,0.07867207656666667,0.6860679124856016,0,0,0,0
USDC,wanUSDC,2023-12-07T00:00:00.000Z,2023-12-07,1994865.2229389003,1994820.733692577,1379253.9711673702,1379221.3948941375,615611.25177153,615599.3387984396,0,0,609.53347551,609.4924944147344,0,0,0.15305931409569892,0.08473813565053763,0.691275159099798,0,0,0,0
USDC,wanUSDC,2023-12-08T00:00:00.000Z,2023-12-08,2168330.99683798,2168335.988585337,1402015.71877644,1402024.0620512876,766315.27806154,766311.9265340494,0,0,601.25310882,601.2220905589912,0,0,0.14520451799333334,0.07880543960333333,0.6569113452234614,0,0,0,0
USDC,wanUSDC,2023-12-09T00:00:00.000Z,2023-12-09,2701080.22762303,2701421.0952512124,1661014.8982496401,1661224.5987771987,1040065.32937339,1040196.4964740138,17173.81142668,17173.92162373866,391.7214302,391.77606872003867,70.51503934,70.5218644707,0.07563345914719101,0.03725862113932584,0.6149429737132516,0,0,0,0
USDC,wanUSDC,2023-12-10T00:00:00.000Z,2023-12-10,2708946.27330531,2708635.8897678037,1617919.15244684,1617735.5990120652,1091027.12085847,1090900.2907557385,46184.12707673,46150.22268331424,469.860852,469.83643724430686,184.33979761,184.26124965800682,0.08212974717319588,0.03986501374742268,0.5972487240111902,0,0,0,0
USDC,wanUSDC,2023-12-11T00:00:00.000Z,2023-12-11,2686334.69409948,2680136.1489755944,1897033.54395648,1892689.708707802,789301.150143,787446.4402677926,1505.54544224,1503.8741782843329,1113.07063509,1110.5801014550207,0.19226894,0.19202598709403002,0.18156844388645835,0.10261220150520833,0.7061156187239818,0,0,0,0
USDC,wanUSDC,2023-12-12T00:00:00.000Z,2023-12-12,2604103.75651836,2604890.221228827,1785151.12675282,1785698.8652122796,818952.62976554,819191.3560165473,15708.84494661,15703.08079437524,984.0282952,984.482701585795,210.17292358,210.0937119110612,0.1423261727574468,0.07830062532978724,0.6855188177033321,0,0,0,0
USDC,wanUSDC,2023-12-13T00:00:00.000Z,2023-12-13,2574716.91445042,2575284.74954205,1793681.705441,1794086.0178804633,781035.20900942,781198.7316615868,0,0,1561.61740519,1562.1826049659132,0,0,0.16526054742087912,0.09316602732967033,0.6971813523026771,0,0,0,0
USDC,wanUSDC,2023-12-14T00:00:00.000Z,2023-12-14,2439397.87552579,2439214.1745237876,1787988.3644554198,1787852.3920935683,651409.51107037,651361.7824302191,108231.26896855,108236.26896855,2429.8432028,2429.5698526213955,2510.81747747,2510.83312499214,0.2352694899680851,0.13815973557234043,0.7329973407134799,0,0,0,0
USDC,wanUSDC,2023-12-15T00:00:00.000Z,2023-12-15,2462407.72254615,2462527.8197914185,1773757.4845922801,1773844.192606058,688650.23795387,688683.6271853603,0,0,2130.64380522,2130.6331964266915,0,0,0.20955468855384615,0.12076718709230769,0.7203343878050046,0,0,0,0
USDC,wanUSDC,2023-12-16T00:00:00.000Z,2023-12-16,2461726.7087714598,2461728.564630992,1778138.9539102798,1778140.2099600327,683587.75486118,683588.3546709591,0,0,2168.43357547,2168.3339444671287,0,0,0.21350413488636363,0.12337524945568182,0.7223147848246944,0,0,0,0
USDC,wanUSDC,2023-12-17T00:00:00.000Z,2023-12-17,2464247.57211903,2464279.0527004176,1782040.5743518,1782063.3877466735,682206.99776723,682215.6649537442,0,0,2184.10381837,2184.491083446343,0,0,0.21519127007065217,0.12449416379456522,0.7231580632222544,0,0,0,0
USDC,wanUSDC,2023-12-18T00:00:00.000Z,2023-12-18,2464615.616687,2465070.8893395495,1827865.04395875,1828207.689461653,636750.57272825,636863.1998778966,0,0,2551.77437426,2551.9805189979616,0,0,0.2535371808473118,0.15114646600967743,0.741644044649626,0,0,0,0
USDC,wanUSDC,2023-12-19T00:00:00.000Z,2023-12-19,2461159.12781876,2461469.250465085,1892682.45677686,1892920.1246297278,568476.6710419,568549.1258353569,0,0,3190.49407739,3191.1028232824465,0,0,0.3106544185695652,0.19112640218913043,0.7690245767989635,0,0,0,0
USDC,wanUSDC,2023-12-20T00:00:00.000Z,2023-12-20,2466939.6475850902,2467350.7157381694,1894299.41456807,1894614.9279233965,572640.23301702,572735.7878147729,0,0,3098.23477999,3098.7558136883736,0,0,0.3081680595637363,0.1893086434021978,0.7678751164722457,0,0,0,0
USDC,wanUSDC,2023-12-21T00:00:00.000Z,2023-12-21,2483699.87783082,2484035.1779803843,1910443.22623219,1910699.7620363953,573256.65159863,573335.4159439891,0,0,3143.3080048,3143.6965559586274,0,0,0.31104779287,0.19145963604,0.7691817588157647,0,0,0,0
USDC,wanUSDC,2023-12-22T00:00:00.000Z,2023-12-22,2505067.23325011,2504869.367683701,1935106.49934122,1934953.8960023744,569960.73390889,569915.4716813267,0,0,3221.19303626,3221.287055992034,0,0,0.318150495027957,0.19662022188709677,0.7724827811169708,0,0,0,0
USDC,wanUSDC,2023-12-23T00:00:00.000Z,2023-12-23,2543930.35254916,2543855.0383089567,1936088.18356568,1936031.2015945537,607842.16898348,607823.8367144031,0,0,3006.50425457,3006.4153603414416,0,0,0.29367030176666664,0.17885162565111112,0.7610955302323145,0,0,0,0
USDC,wanUSDC,2023-12-24T00:00:00.000Z,2023-12-24,2562342.15939127,2562393.9948038985,1943716.20496785,1943754.6697142897,618625.95442342,618639.3250896088,0,0,3018.97800088,3019.6457017368075,0,0,0.28827296604698793,0.17496236245542168,0.7585695329144673,0,0,0,0
USDC,wanUSDC,2023-12-25T00:00:00.000Z,2023-12-25,2563847.91219322,2563524.368217372,1958786.03572909,1958538.8461921876,605061.87646413,604985.5220251844,0,0,3076.93532219,3076.3800829186644,0,0,0.29984107464623655,0.18326344846129033,0.7640024249448152,0,0,0,0
USDC,wanUSDC,2023-12-26T00:00:00.000Z,2023-12-26,2567783.68688747,2568054.5996659254,1959187.90419046,1959393.5154308297,608595.78269701,608661.0842350957,0,0,3059.40083272,3059.8562286919764,0,0,0.29767695220918367,0.18170347012755103,0.7629898970748863,0,0,0,0
USDC,wanUSDC,2023-12-27T00:00:00.000Z,2023-12-27,2570389.50890561,2570345.9859522935,1954530.4955313199,1954497.5021807083,615859.01337429,615848.4837715852,0,0,3011.70593532,3011.606450797245,0,0,0.2921498531095745,0.1777215223606383,0.7604027419176952,0,0,0,0
USDC,wanUSDC,2023-12-28T00:00:00.000Z,2023-12-28,2577623.5109992996,2577635.9191897903,1955567.1484795099,1955576.8888625794,622056.36251979,622059.0303272108,500.00000077,500.00000077,2983.88157832,2983.785722594175,12.48062518,12.48062518,0.2885699116311828,0.1751899923827957,0.7587010229991712,0,0,0,0
USDC,wanUSDC,2023-12-29T00:00:00.000Z,2023-12-29,2613368.80628068,2613417.713177801,1961589.52447929,1961628.4115681187,651779.28180139,651789.3016096826,0,0,2894.68538738,2894.717254189314,0,0,0.2714998296173469,0.16309137673673468,0.7506017364264275,0,0,0,0
USDC,wanUSDC,2023-12-30T00:00:00.000Z,2023-12-30,2607278.25294402,2607169.557355567,2000478.3990041302,2000394.5770799837,606799.85393989,606774.980275583,0,0,3182.19305661,3182.091616772503,0,0,0.3068637401701031,0.18836073756185567,0.7672690510242705,0,0,0,0
USDC,wanUSDC,2023-12-31T00:00:00.000Z,2023-12-31,2578677.85560252,2579246.8503322494,2001981.69304936,2002426.8600178796,576696.16255316,576819.9903143699,0,0,3365.8228484,3366.6795845777774,0,0,0.3269338702193548,0.2032090644376344,0.7764533970190376,0,0,0,0
USDC,wanUSDC,2024-01-01T00:00:00.000Z,2024-01-01,2548350.21171188,2548816.0805845205,2003460.95857024,2003827.1457120362,544889.25314164,544988.9348724844,0,0,3558.37985728,3558.8216596345696,0,0,0.3482477547041237,0.21902823630206186,0.7861796086744385,0,0,0,0
USDC,wanUSDC,2024-01-02T00:00:00.000Z,2024-01-02,2549693.00885566,2549652.7148523573,2004629.29461141,2004597.8223781155,545063.71424425,545054.8924742419,0,0,3561.83143459,3561.8107915667647,0,0,0.3483501019677083,0.21910675845,0.7862249466613106,0,0,0,0
USDC,wanUSDC,2024-01-03T00:00:00.000Z,2024-01-03,2564776.62949617,2563131.8544168165,2006261.92269957,2004975.8474307363,558514.7067966,558156.0069860803,0,0,3568.38119728,3564.6697231716516,0,0,0.3395177567622449,0.2124694070234694,0.7822383930212911,0,0,0,0
USDC,wanUSDC,2024-01-04T00:00:00.000Z,2024-01-04,2666234.60584273,2666090.818346052,2007744.07616135,2007638.894774825,658490.52968138,658451.9235712269,0,0,2919.0637192,2918.9794410245745,0,0,0.2776242528,0.1677334824,0.7533433110983908,0,0,0,0
USDC,wanUSDC,2024-01-05T00:00:00.000Z,2024-01-05,2596439.30273961,2596115.7116787466,2014047.52291451,2013793.530584992,582391.7798251,582322.1810937548,0,0,3367.20734055,3366.7825492023767,0,0,0.32581167319072163,0.20249045019484535,0.7758802276034202,0,0,0,0
USDC,wanUSDC,2024-01-06T00:00:00.000Z,2024-01-06,2606967.27988875,2606768.765677862,2015734.5905221798,2015581.0039645974,591232.68936657,591187.7617132646,0,0,3319.94161332,3319.684140914547,0,0,0.31972593153030304,0.19777274548989898,0.773210714137537,0,0,0,0
USDC,wanUSDC,2024-01-07T00:00:00.000Z,2024-01-07,2553638.4673109,2553364.30841461,2017329.59537958,2017115.352143254,536308.87193132,536248.9562713562,0,0,3645.06365686,3644.729360148069,0,0,0.3568833975244898,0.22561653332959183,0.7900247832314473,0,0,0,0
USDC,wanUSDC,2024-01-08T00:00:00.000Z,2024-01-08,2556681.8718060898,2556690.5262276465,2019143.04596713,2019150.6351736041,537538.82583896,537539.8910540426,0,0,3740.16839422,3740.7468566366906,0,0,0.3562792802989899,0.22512994175858586,0.7897695180105463,0,0,0,0
USDC,wanUSDC,2024-01-09T00:00:00.000Z,2024-01-09,2541775.61628058,2540786.7001843015,2018652.16372778,2017868.1536577726,523123.4525528,522918.54652652907,5200,5205.2,3743.87147335,3743.241254192697,167.82697654,167.99480351654,0.36618588123958334,0.23266412612604168,0.7941933689343876,0,0,0,0
USDC,wanUSDC,2024-01-10T00:00:00.000Z,2024-01-10,2500847.1771139,2501458.2273139204,2015551.47938765,2016048.5694800073,485295.69772625,485409.65783391293,0,0,3979.65389178,3980.23221182577,0,0,0.39320940454842107,0.25366325841052634,0.8060253466937712,0,0,0,0
USDC,wanUSDC,2024-01-11T00:00:00.000Z,2024-01-11,2509284.0283994297,2508716.188402003,2015749.7853214599,2015294.666912325,493534.24307797,493421.5214896781,0,0,4023.8129215,4017.9642988260475,0,0,0.3870057800857143,0.24876721780714287,0.8033486995373271,0,0,0,0
USDC,wanUSDC,2024-01-12T00:00:00.000Z,2024-01-12,2534313.90417732,2534884.5092298514,2018152.47892332,2018604.785889586,516161.425254,516279.7233402656,0,0,3884.50241866,3885.2513180499964,0,0,0.37104605940510205,0.23640028396428572,0.7963426401803049,0,0,0,0
USDC,wanUSDC,2024-01-13T00:00:00.000Z,2024-01-13,2541027.8582838303,2541030.271770898,2031861.9090138802,2031864.1356233733,509165.94926995,509166.1361475244,0,0,3874.19685134,3874.0984146527203,0,0,0.3784650301531915,0.24210575782234042,0.7996221982718883,0,0,0,0
USDC,wanUSDC,2024-01-14T00:00:00.000Z,2024-01-14,2541315.08455974,2540929.7340529333,2034431.59963424,2034123.0611440514,506883.4849255,506806.67290888197,0,0,3896.79599429,3896.2059003078143,0,0,0.38055643863444444,0.24372146718333335,0.8005428482185631,0,0,0,0
USDC,wanUSDC,2024-01-15T00:00:00.000Z,2024-01-15,2534154.30421584,2534622.0487483437,2036227.68510545,2036604.5880993092,497926.61911039,498017.46064903465,0,0,3962.20391317,3963.1036495427106,0,0,0.3874906554688889,0.24915762621555557,0.8035539780026545,0,0,0,0
USDC,wanUSDC,2024-01-16T00:00:00.000Z,2024-01-16,2539369.00910155,2539420.9059972176,2038077.19974614,2038118.8242178732,501291.80935541,501302.08177934465,0,0,3945.55240389,3946.028249250843,0,0,0.3852318908409091,0.24734874624545455,0.8025929859701267,0,0,0,0
USDC,wanUSDC,2024-01-17T00:00:00.000Z,2024-01-17,2544813.42773887,2544119.0918620466,2039884.15162032,2039327.5806680892,504929.27611855,504791.5111939576,0,0,3927.97007633,3927.0200751276425,0,0,0.3829303492069767,0.24556096514186046,0.8015849447029687,0,0,0,0
USDC,wanUSDC,2024-01-18T00:00:00.000Z,2024-01-18,2519354.6362181897,2518957.1919482397,2041723.56911149,2041400.8144903125,477631.0671067,477556.3774579274,0,0,4208.08714907,4207.78329000254,0,0,0.4038898049047619,0.2621806516654762,0.8105887672651092,0,0,0,0
USDC,wanUSDC,2024-01-19T00:00:00.000Z,2024-01-19,2481068.3847436802,2480447.7840309506,2041711.58825514,2041200.8042296711,439356.79648854,439246.9798012793,6350.0891518,6343.250105783512,4361.07968481,4359.987553738059,197.06501077,196.8527717534007,0.4324321218848101,0.28468457552025317,0.8229161739136233,0,0,0,0
USDC,wanUSDC,2024-01-20T00:00:00.000Z,2024-01-20,2469638.97079128,2470533.7269652053,2030265.03845742,2030999.8827265042,439373.93233386,439533.84423870104,0,0,4344.57866924,4346.160854577214,0,0,0.43047725049294117,0.28311349647764705,0.8220872700457853,0,0,0,0
USDC,wanUSDC,2024-01-21T00:00:00.000Z,2024-01-21,2413765.18396116,2413273.1435251036,2021444.2031232999,2021032.1838534775,392320.98083786,392240.9596716263,0,0,4665.72177364,4664.625142765221,0,0,0.4675712567048193,0.3134360530108434,0.8375549350638802,0,0,0,0
USDC,wanUSDC,2024-01-22T00:00:00.000Z,2024-01-22,2438203.55083061,2437623.912923036,2023371.8346778,2022890.8126347132,414831.71615281,414733.10028832284,593,593,4510.46313663,4509.480373561372,93.86706412,93.86706412,0.44893311165479455,0.2980437248780822,0.8298627868027837,0,0,0,0
USDC,wanUSDC,2024-01-23T00:00:00.000Z,2024-01-23,2497975.09089049,2498842.1684022318,2022640.67056377,2023315.8282108456,475334.42032672,475526.34019138606,3022.27282254,3016.769263730155,4250.17485388,4250.802692862521,91.72670893,91.55967459303847,0.4030312365975904,0.26176254114698794,0.8100831664457594,0,0,0,0
USDC,wanUSDC,2024-01-24T00:00:00.000Z,2024-01-24,2527648.37875639,2528037.5318979644,2023156.9134173798,2023473.92523354,504491.46533901,504563.6066644247,0,0,3928.75487718,3929.637409930225,0,0,0.38052655349591835,0.24378996588979593,0.800481647590605,0,0,0,0
USDC,wanUSDC,2024-01-25T00:00:00.000Z,2024-01-25,2447330.26373041,2447484.954055987,2024757.61688988,2024889.8736406572,422572.64684053,422595.08041532955,0,0,4473.16515194,4473.638616802039,0,0,0.4436160661877551,0.29396172710714286,0.8275104985531145,0,0,0,0
USDC,wanUSDC,2024-01-26T00:00:00.000Z,2024-01-26,2414639.62621475,2414752.843029574,2027543.2352304,2027638.3746599432,387096.39098435,387114.46836963104,0,0,4722.47059768,4722.58757798257,0,0,0.4725949683151515,0.31746679974747477,0.8396880996683445,0,0,0,0
USDC,wanUSDC,2024-01-27T00:00:00.000Z,2024-01-27,2419849.92408617,2419762.910601628,2029840.07513115,2029767.1973617617,390009.84895502,389995.71323986637,0,0,4820.60968558,4820.331514918966,0,0,0.470511798989,0.315744130557,0.8388295192721448,0,0,0,0
USDC,wanUSDC,2024-01-28T00:00:00.000Z,2024-01-28,2424826.89373835,2425044.754042688,2031970.9447669098,2032153.5038319528,392855.94897144,392891.2502107352,0,0,4698.54961027,4699.690920623016,0,0,0.4684677445765306,0.3140556797153061,0.8379861128162708,0,0,0,0
USDC,wanUSDC,2024-01-29T00:00:00.000Z,2024-01-29,2405584.84083965,2405265.9140858925,2032154.64412552,2031886.3849227647,373430.19671413,373379.5291631278,110.01154369,110.34157832107,4841.91703335,4840.759839086744,1.96806805,1.97397225415,0.4850147974333333,0.32780043569166667,0.8447751233953735,0,0,0,0
USDC,wanUSDC,2024-01-30T00:00:00.000Z,2024-01-30,2358226.6899588,2357972.1923229434,2022024.73041843,2021806.9044460603,336201.95954037,336165.2878768831,0,0,5103.12773423,5102.7500296781855,0,0,0.5164081251467392,0.3542758517532609,0.8574554212975849,0,0,0,0
USDC,wanUSDC,2024-01-31T00:00:00.000Z,2024-01-31,2342954.25229139,2343460.0001358027,2024486.63356459,2024923.720448149,318467.6187268,318536.27968765364,0,0,5241.65177847,5242.563928779586,0,0,0.533008736525,0.3684484585130435,0.8640747046677767,0,0,0,0
USDC,wanUSDC,2024-02-01T00:00:00.000Z,2024-02-01,2361193.52771883,2361276.100822416,2026896.85375893,2026964.5770866282,334296.6739599,334311.5237357881,102.43626408,102.3535980148874,2313.24858978,2313.2941051429957,1.11651271,1.11561168424303,0.518942688188421,0.3564550690126316,0.8584584185796323,0,0,0,0
USDC,wanUSDC,2024-02-02T00:00:00.000Z,2024-02-02,2389334.6263969797,2389310.214337563,2029143.7269754899,2029123.0045083088,360190.89942149,360187.20982925413,0,0,2280.94739346,2280.9641304092884,0,0,0.49599473887857143,0.33697923688163267,0.8492506412275912,0,0,0,0
USDC,wanUSDC,2024-02-03T00:00:00.000Z,2024-02-03,2389134.62039813,2389097.624293592,2031392.99735328,2031361.5850314249,357741.62304485,357736.039262167,0,0,2240.1798008,2239.9979478029936,0,0,0.4985002827525773,0.33908856355567013,0.8502645059389949,0,0,0,0
USDC,wanUSDC,2024-02-04T00:00:00.000Z,2024-02-04,2372077.8072429197,2371722.0242475127,2033979.95769006,2033675.9236743818,338097.84955286,338046.10057313106,0,0,2311.65744086,2311.394264757486,0,0,0.5164164001318182,0.35425665187727273,0.8574717556245376,0,0,0,0
USDC,wanUSDC,2024-02-05T00:00:00.000Z,2024-02-05,2378368.29524241,2378167.9403674407,2036088.61599459,2035917.1006846726,342279.67924782,342250.8396827681,0,0,2299.05671942,2298.7379698477043,0,0,0.512950027254,0.351303679333,0.8560864123855043,0,0,0,0
USDC,wanUSDC,2024-02-06T00:00:00.000Z,2024-02-06,2416542.17686572,2417261.244667472,2032605.8306686,2033210.1476600883,383936.34619712,384051.0970073835,2895,2895,2165.25312071,2165.995956776209,452.30575154,452.30575154,0.476119577902,0.320399825246,0.8411315251915586,0,0,0,0
USDC,wanUSDC,2024-02-07T00:00:00.000Z,2024-02-07,2426980.06333518,2426977.724809152,2031779.04669716,2031776.1181430342,395201.01663802,395201.60666611785,0,0,2129.82259722,2129.9233873596686,0,0,0.4665345284020202,0.3124793738060606,0.8371779950132855,0,0,0,0
USDC,wanUSDC,2024-02-08T00:00:00.000Z,2024-02-08,2447927.01102846,2447883.2751991306,2034405.34341358,2034369.2568488154,413521.66761488,413514.0183503152,0,0,2122.19938371,2122.051917573902,0,0,0.4518384671383838,0.30041543426969697,0.8310759052420209,0,0,0,0
USDC,wanUSDC,2024-02-09T00:00:00.000Z,2024-02-09,2448551.7643612497,2448848.5188017488,2036903.11019875,2037150.1985830395,411648.6541625,411698.3202187094,0,0,2085.14960842,2085.326765769627,0,0,0.45376938933265304,0.3019901146377551,0.831882951728118,0,0,0,0
USDC,wanUSDC,2024-02-10T00:00:00.000Z,2024-02-10,2454932.41756611,2454933.15981272,2038364.86952178,2038365.1865858578,416567.54804433,416567.9732268623,0,0,2071.86250001,2071.884210963716,0,0,0.45002159323402063,0.2989329254257732,0.8303169441228876,0,0,0,0
USDC,wanUSDC,2024-02-11T00:00:00.000Z,2024-02-11,2450196.00716767,2449604.3902867353,2039666.96485363,2039174.4858552723,410529.04231404,410429.9044314629,0,0,2094.08486345,2093.4431327834814,0,0,0.4551265813968085,0.3030962909170213,0.832450519608602,0,0,0,0
USDC,wanUSDC,2024-02-12T00:00:00.000Z,2024-02-12,2447722.3684998,2448408.969221494,2041761.04501634,2042333.4721501302,405961.32348346,406075.4970713639,0,0,2160.35781216,2160.982480219146,0,0,0.459215518696875,0.3064491159729167,0.8341502320193939,0,0,0,0
USDC,wanUSDC,2024-02-13T00:00:00.000Z,2024-02-13,2443737.02178348,2443999.177579168,2043608.1145269398,2043826.3567454468,400128.90725654,400172.82083372155,0,0,2088.04743479,2088.3444882980393,0,0,0.4643281400014706,0.31065300191617645,0.8362695555297086,0,0,0,0
USDC,wanUSDC,2024-02-14T00:00:00.000Z,2024-02-14,2463266.5403017798,2463298.040005533,2045979.9217693198,2046006.8129137158,417286.61853246,417291.2270918171,0,0,2082.07598746,2082.151015730908,0,0,0.4507012712047619,0.2994889623190476,0.8306001277398815,0,0,0,0
USDC,wanUSDC,2024-02-15T00:00:00.000Z,2024-02-15,2468624.2004991,2467851.650628481,2047923.43053617,2047281.897785024,420700.76996293,420569.75284345704,0,0,2077.503838,2076.7863408983985,0,0,0.4482667219238095,0.29750285337142857,0.8295829495045156,0,0,0,0
USDC,wanUSDC,2024-02-16T00:00:00.000Z,2024-02-16,2474681.97307817,2473885.473856424,2049978.04595847,2049318.1157436124,424703.9271197,424567.3581128116,0,0,2068.05695203,2067.335476266556,0,0,0.4453975799047619,0.29516813855714286,0.8283811635494653,0,0,0,0
USDC,wanUSDC,2024-02-17T00:00:00.000Z,2024-02-17,2500991.1065410897,2501197.9970655544,2052023.1862715299,2052192.9806962674,448967.92026956,449005.01636928704,0,0,2046.70881024,2046.938841602756,0,0,0.4266993744761905,0.2800800073809524,0.8204839909933251,0,0,0,0
USDC,wanUSDC,2024-02-18T00:00:00.000Z,2024-02-18,2504015.30042932,2504643.231736963,2054691.72617643,2055206.9557344795,449323.57425289,449436.2760024837,0,0,1999.53576139,2000.0253353860944,0,0,0.42687555765238094,0.28022124686666666,0.8205588784828287,0,0,0,0
USDC,wanUSDC,2024-02-19T00:00:00.000Z,2024-02-19,2515544.63916508,2514970.4084653254,2059514.53433952,2059044.428115475,456030.10482556,455925.9803498504,0,0,1988.75417068,1988.2831305825075,0,0,0.4225655623,0.2767782279142857,0.8187206316778639,0,0,0,0
USDC,wanUSDC,2024-02-20T00:00:00.000Z,2024-02-20,2526107.1453544097,2526075.2807176616,2061417.54590208,2061391.7198336497,464689.59945233,464683.5608840117,0,0,1963.18909435,1963.1278599588773,0,0,0.4162979221095238,0.2717751286380952,0.816045485932298,0,0,0,0
USDC,wanUSDC,2024-02-21T00:00:00.000Z,2024-02-21,2522792.56604157,2521661.197620145,2063388.1271125402,2062463.0557095998,459404.43892903,459198.14191054547,0,0,2075.09386078,2074.129378081615,0,0,0.42063190305,0.2752280728409091,0.8178987303877716,0,0,0,0
USDC,wanUSDC,2024-02-22T00:00:00.000Z,2024-02-22,2541265.49029317,2541568.658710292,2065597.89780678,2065849.1588468044,475667.59248639,475719.4998634877,0,0,1860.82087278,1861.0326222646004,0,0,0.40933222196,0.26642182004,0.8129647022825458,0,0,0,0
USDC,wanUSDC,2024-02-23T00:00:00.000Z,2024-02-23,2602230.60604208,2601115.1358445454,2068051.43965668,2067164.8707646476,534179.1663854,533950.2650798977,0,0,1854.12787766,1853.3393840891515,0,0,0.36737234026363635,0.23356739812272728,0.7947226856470421,0,0,0,0
USDC,wanUSDC,2024-02-24T00:00:00.000Z,2024-02-24,2596937.27290662,2596715.387685318,2069879.70644963,2069703.0926944616,527057.56645699,527012.2949908564,0,0,1792.39637426,1792.287163150859,0,0,0.3726373444666667,0.23761530921428572,0.7970506572913241,0,0,0,0
USDC,wanUSDC,2024-02-25T00:00:00.000Z,2024-02-25,2593956.67473691,2593782.10084144,2071662.35930954,2071522.9257234752,522294.31542737,522259.1751179646,0,0,1811.42611982,1811.284791465226,0,0,0.3762536885428571,0.24039587467142856,0.7986495540496049,0,0,0,0
USDC,wanUSDC,2024-02-26T00:00:00.000Z,2024-02-26,2594775.92096985,2594594.897734444,2073534.90379802,2073390.987589036,521241.01717183,521203.9101454082,0,0,1817.69569102,1817.6166942037078,0,0,0.37732317275714283,0.24122264116666667,0.7991200622796668,0,0,0,0
USDC,wanUSDC,2024-02-27T00:00:00.000Z,2024-02-27,2599648.71577296,2598763.297087452,2075486.82849284,2074779.9019926877,524161.88728012,523983.39509476436,0,0,1812.04818061,1811.4447456847622,0,0,0.37562442971904764,0.23991061547619047,0.7983720923873171,0,0,0,0
USDC,wanUSDC,2024-02-28T00:00:00.000Z,2024-02-28,2596745.23093962,2595145.35187782,2077078.92237965,2075796.7596885292,519666.30855997,519348.59218929114,0,0,1827.14358212,1826.0314195123071,0,0,0.37904733103809524,0.24255520423333332,0.7998787456795252,0,0,0,0
USDC,wanUSDC,2024-02-29T00:00:00.000Z,2024-02-29,2594164.70884928,2594500.7357994663,2079024.3042426,2079293.7184452447,515140.40460668,515207.0173542218,0,0,1843.97704115,1844.0905597369258,0,0,0.38256209567142857,0.24527541960952381,0.8014233904249118,0,0,0,0
USDC,wanUSDC,2024-03-01T00:00:00.000Z,2024-03-01,2595608.36757195,2593601.687438907,2081004.260362,2079395.4427187026,514604.10720995,514206.24472020427,0,0,1848.9585262,1847.5393595677506,0,0,0.383284969852381,0.2458360565190476,0.801740456874379,0,0,0,0
USDC,wanUSDC,2024-03-02T00:00:00.000Z,2024-03-02,2692098.13273203,2690241.388701057,2082803.91662702,2081386.0023130518,609294.21610501,608855.3863880051,0,0,1627.34791689,1626.2887873147242,0,0,0.3244812655238095,0.20251683885238095,0.7747266824902993,0,0,0,0
USDC,wanUSDC,2024-03-03T00:00:00.000Z,2024-03-03,2739886.4623952797,2739368.7433673665,2084272.96085897,2083883.3321699987,655613.50153631,655485.4111973678,0,0,1489.4442784,1489.1639485537962,0,0,0.2932671120809524,0.17867291553333334,0.7608456387811235,0,0,0,0
USDC,wanUSDC,2024-03-04T00:00:00.000Z,2024-03-04,2698408.5711557902,2698037.4401021963,2085779.63156848,2085494.2705850373,612628.93958731,612543.1695171588,0,0,1579.65791572,1579.448907084741,0,0,0.3192691514666667,0.1974616171904762,0.772987242000479,0,0,0,0
USDC,wanUSDC,2024-03-05T00:00:00.000Z,2024-03-05,2686309.7531937202,2683181.119380075,2087384.45827876,2084953.4080944622,598925.29491496,598227.7112856129,0,0,1622.45833462,1620.687631610213,0,0,0.3280955650285714,0.20395610412380952,0.7770453335431503,0,0,0,0
USDC,wanUSDC,2024-03-06T00:00:00.000Z,2024-03-06,2685729.64536373,2686937.2420233344,2089013.49821568,2089953.6577448244,596716.14714805,596983.5842785101,0,0,1629.57936555,1630.238646226115,0,0,0.3297994362428571,0.20522300777142857,0.7778216215457276,0,0,0,0
USDC,wanUSDC,2024-03-07T00:00:00.000Z,2024-03-07,2673891.89957381,2673306.0435312823,2090660.2272577,2090201.5632239778,583231.67231611,583104.4803073045,0,0,1668.8915559,1668.5337501941203,0,0,0.3387425211380952,0.21189409354761904,0.7818846050582787,0,0,0,0
USDC,wanUSDC,2024-03-08T00:00:00.000Z,2024-03-08,2673822.11939732,2672278.959724525,2092335.00416178,2091127.484111476,581487.11523554,581151.4756130491,0,0,1678.44338764,1677.4919700838095,0,0,0.3401511670047619,0.21294197339047619,0.7825261188495518,0,0,0,0
USDC,wanUSDC,2024-03-09T00:00:00.000Z,2024-03-09,2675816.67537878,2674545.771425302,2094040.13014241,2093045.9219240164,581776.54523637,581499.8495012857,0,0,1756.65638249,1755.841615785812,0,0,0.3402728538454545,0.21303410886363636,0.7825806750257666,0,0,0,0
USDC,wanUSDC,2024-03-10T00:00:00.000Z,2024-03-10,2668123.36917894,2668672.8619909263,2095729.24958092,2096160.755642448,572394.11959802,572512.1063484784,0,0,1668.65317175,1668.973590373375,0,0,0.346669998985,0.217838979405,0.7854693955100228,0,0,0,0
USDC,wanUSDC,2024-03-11T00:00:00.000Z,2024-03-11,2668376.0142638697,2667319.1147443736,2097399.78109962,2096568.9606987769,570976.23316425,570750.154045597,0,0,1755.12368666,1754.3963183495052,0,0,0.3478953769285714,0.21876247985714287,0.7860210668266902,0,0,0,0
USDC,wanUSDC,2024-03-12T00:00:00.000Z,2024-03-12,2670506.93419992,2670602.6700909417,2099086.70040796,2099161.9898790997,571420.23379196,571440.6802118422,0,0,1716.77711635,1716.91721109786,0,0,0.3479053441952381,0.21876999415238096,0.7860255527815717,0,0,0,0
USDC,wanUSDC,2024-03-13T00:00:00.000Z,2024-03-13,2643211.6237481805,2642900.368628232,2102875.97605299,2102630.5277255243,540335.64769519,540269.8409027074,0,0,1808.38731276,1808.2769367979881,0,0,0.3696018803666667,0.23538576377142856,0.7956534928672898,0,0,0,0
USDC,wanUSDC,2024-03-14T00:00:00.000Z,2024-03-14,2623658.9585724003,2622908.9119308954,2123287.5093449103,2122680.538316061,500371.44922749,500228.37361483445,0,0,1926.11920064,1925.5686446020757,0,0,0.4005987615,0.25935893382380953,0.8092849699250824,0,0,0,0
USDC,wanUSDC,2024-03-15T00:00:00.000Z,2024-03-15,2613929.2583066,2612636.157157983,2125197.293383,2124147.081624668,488731.9649236,488489.075533315,100,100,2148.18978137,2147.2107827047403,0.3437333,0.3437333,0.4092956280590909,0.2662283920409091,0.8130346300705478,0,0,0,0
USDC,wanUSDC,2024-03-16T00:00:00.000Z,2024-03-16,2606811.43102198,2603852.9353966676,2115226.27889041,2112826.225602698,491585.15213157,491026.7097939694,14997.144449,15012.141593449,1942.62276384,1940.42568804649,43.94033227,43.98427260227,0.4055517730285714,0.2632666089761905,0.8114228526477383,0,0,0,0
USDC,wanUSDC,2024-03-17T00:00:00.000Z,2024-03-17,2640795.28376678,2643352.241499147,2113953.4170476,2116003.6579638864,526841.86671918,527348.5835352606,0,0,1890.36695548,1892.2535321536795,0,0,0.38073602212857144,0.2439528964,0.8005732939064525,0,0,0,0
USDC,wanUSDC,2024-03-18T00:00:00.000Z,2024-03-18,2657205.8178551,2656362.7459566016,2115747.10698343,2115076.0076227766,541458.71087167,541286.7383338249,0,0,1838.84091217,1838.2639361300437,0,0,0.3707897997857143,0.23619451288571428,0.7962339283902893,0,0,0,0
USDC,wanUSDC,2024-03-19T00:00:00.000Z,2024-03-19,2647327.4313087203,2650286.748373416,2118074.75909742,2120443.675798079,529252.6722113,529843.0725753367,0,0,1879.20670972,1881.3946080648986,0,0,0.37950863258571427,0.24291222372857144,0.8000814752327214,0,0,0,0
USDC,wanUSDC,2024-03-20T00:00:00.000Z,2024-03-20,2646257.57831395,2644924.5982787525,2120000.83831474,2118933.6779460646,526256.73999921,525990.9203326877,0,0,1891.70304217,1890.819918886921,0,0,0.3818976136952381,0.2447604151047619,0.8011317547159739,0,0,0,0
USDC,wanUSDC,2024-03-21T00:00:00.000Z,2024-03-21,2647391.04794887,2647215.6183964955,2121868.72883489,2121728.2813778096,525522.31911398,525487.3370186858,0,0,1897.80241447,1897.6796861487032,0,0,0.3827246070714286,0.2454016758047619,0.8014945567428137,0,0,0,0
USDC,wanUSDC,2024-03-22T00:00:00.000Z,2024-03-22,2654565.37141477,2652627.016168164,2123773.92309359,2122223.093852681,530791.44832118,530403.9223154831,0,0,1973.04695485,1971.392693162737,0,0,0.37942599206363636,0.24284673742272728,0.800045959505413,0,0,0,0
USDC,wanUSDC,2024-03-23T00:00:00.000Z,2024-03-23,2656736.01317172,2657677.747677463,2125666.98304589,2126420.473056814,531069.03012583,531257.2746206488,0,0,1887.20205245,1887.8304212133455,0,0,0.3795594504047619,0.24294986282380954,0.8001046966030063,0,0,0,0
USDC,wanUSDC,2024-03-24T00:00:00.000Z,2024-03-24,2658908.86170567,2657986.6921129907,2127529.73157386,2126791.827024476,531379.13013181,531194.8650885144,0,0,1845.61120559,1844.9707319897013,0,0,0.3796659964761905,0.2430323283761905,0.8001515179119869,0,0,0,0
USDC,wanUSDC,2024-03-25T00:00:00.000Z,2024-03-25,2661423.34765624,2661852.5104564084,2128385.2771375403,2128728.52497554,533038.0705187,533123.9854808683,0,0,1887.7346003,1888.1207055135442,0,0,0.37867897923809524,0.24226983767619048,0.7997170142924911,0,0,0,0
USDC,wanUSDC,2024-03-26T00:00:00.000Z,2024-03-26,2661496.08232299,2658706.473401565,2125987.84323689,2123759.0013971063,535508.2390861,534947.4720044587,0,0,1922.72123276,1920.6515056210924,0,0,0.376583539447619,0.2406509812952381,0.7987946079663368,0,0,0,0
USDC,wanUSDC,2024-03-27T00:00:00.000Z,2024-03-27,2662502.02880699,2660675.7716620183,2127902.68206189,2126443.08314706,534599.3467451,534232.6885149584,0,0,2068.21214456,2066.7649695363857,0,0,0.4287801748904762,0.2741387039047619,0.7992119005613686,0,0,0,0
USDC,wanUSDC,2024-03-28T00:00:00.000Z,2024-03-28,2681776.5655588703,2682462.0985258343,2130116.22722186,2130662.665092671,551660.33833701,551799.4334331633,0,0,2317.44405687,2318.0314618568395,0,0,0.4812448282380952,0.30581483524761904,0.7942995698190709,0,0,0,0
USDC,wanUSDC,2024-03-29T00:00:00.000Z,2024-03-29,2696432.2167142,2695892.2277401295,2132261.96923877,2131834.711399861,564170.24747543,564057.5163402681,0,0,2327.02867817,2326.686764750815,0,0,0.46975399653333333,0.2971818942904762,0.7907749447640009,0,0,0,0
USDC,wanUSDC,2024-03-30T00:00:00.000Z,2024-03-30,2715469.8528344,2714635.608832215,2134343.74263766,2133685.7830610573,581126.11019674,580949.8257711574,0,0,2216.7824716,2216.104860124213,0,0,0.45437790534285716,0.28573545635238096,0.786005167710293,0,0,0,0
USDC,wanUSDC,2024-03-31T00:00:00.000Z,2024-03-31,2730508.43513236,2730299.545478714,2136372.85219474,2136209.466481481,594135.58293762,594090.078997233,0,0,2217.73630857,2217.5744547166987,0,0,0.4428472390714286,0.27719026388571427,0.7824086460798997,0,0,0,0
USDC,wanUSDC,2024-04-01T00:00:00.000Z,2024-04-01,2735807.01576953,2734367.364150362,2138525.14984639,2137399.2402737644,597281.86592314,596968.1238765976,0,0,2160.65575343,2159.487723470541,0,0,0.4405307236238095,0.27548448705714285,0.7816805101054358,0,0,0,0
USDC,wanUSDC,2024-04-02T00:00:00.000Z,2024-04-02,2740539.6162151,2740888.409154836,2140657.79383128,2140930.411255687,599881.82238382,599957.9978991492,0,0,2153.59746093,2153.8077890147883,0,0,0.4387106606190476,0.27414470383333334,0.7811082016955417,0,0,0,0
USDC,wanUSDC,2024-04-03T00:00:00.000Z,2024-04-03,2738694.23067485,2740155.901549377,2142788.76551475,2143932.110694376,595905.4651601,596223.7908550013,0,0,2173.30412814,2174.434974950307,0,0,0.4428598643190476,0.277199513452381,0.7824126385887054,0,0,0,0
USDC,wanUSDC,2024-04-04T00:00:00.000Z,2024-04-04,2633078.38065876,2633530.912513472,2124068.24903505,2124421.666737845,509010.13162371,509109.24577562703,146513.52888454,146072.0836220109,2460.40280638,2460.6653150490843,85687.47618857,85429.29982281385,0.5319386363952381,0.3473048121333333,0.8081824105519643,0,0,0,0
USDC,wanUSDC,2024-04-05T00:00:00.000Z,2024-04-05,2720970.8052438498,2721455.0107512777,2000516.79282263,2000877.562087053,720454.01242122,720577.4486642247,0,0,1500.2480121,1500.6131434206968,0,0,0.30031201364285715,0.17671781842380951,0.7352627466716177,0,0,0,0
USDC,wanUSDC,2024-04-06T00:00:00.000Z,2024-04-06,2732241.51909714,2731536.1744570467,2001931.6359236701,2001414.85034008,730309.88317347,730121.3241169668,0,0,1424.29367284,1423.924622497517,0,0,0.2928974174333333,0.1716863197,0.7327066826101625,0,0,0,0
USDC,wanUSDC,2024-04-07T00:00:00.000Z,2024-04-07,2732002.61680225,2731662.69146186,2003331.70362449,2003082.4911090746,728670.91317776,728580.2003527858,0,0,1431.62793563,1431.4334221332717,0,0,0.2945459243952381,0.1727891827761905,0.7332835210805522,0,0,0,0
USDC,wanUSDC,2024-04-08T00:00:00.000Z,2024-04-08,2720825.36341609,2722504.7725162995,2008181.5597791201,2009418.6424067984,712643.80363697,713086.1301095011,0,0,1501.52504272,1502.7150525915094,0,0,0.310494397347619,0.1841333226809524,0.7384977238756576,0,0,0,0
USDC,wanUSDC,2024-04-09T00:00:00.000Z,2024-04-09,2723912.39542944,2723202.1746924063,2016454.16356195,2015928.164325183,707458.23186749,707274.0103672231,0,0,1528.31585481,1527.900578072796,0,0,0.3146935679380952,0.18636895507142856,0.7402787172048998,0,0,0,0
USDC,wanUSDC,2024-04-10T00:00:00.000Z,2024-04-10,2724240.8237794302,2724624.4302771944,2018065.94671808,2018350.2553935454,706174.87706135,706274.174883649,0,0,1535.58405341,1535.7760364928554,0,0,0.3161523661380952,0.18735987944761906,0.7407810510100389,0,0,0,0
USDC,wanUSDC,2024-04-11T00:00:00.000Z,2024-04-11,2685151.58693924,2684527.732426716,2022365.98947761,2021889.073859685,662785.59746163,662638.6585670311,0,0,1681.47790979,1681.0454182444628,0,0,0.3530483786238095,0.2128845745952381,0.7532384470681174,0,0,0,0
USDC,wanUSDC,2024-04-12T00:00:00.000Z,2024-04-12,2656706.3286454696,2656707.7200968117,2021582.3095593299,2021579.6883348473,635124.01908614,635128.0317619643,2171.26437952,2169.0549700126094,1876.26238078,1876.293992009022,168.73394573,168.55844711733525,0.3762626358,0.22913451286818182,0.7609757206432968,0,0,0,0
USDC,wanUSDC,2024-04-13T00:00:00.000Z,2024-04-13,2617401.06475244,2616747.1893572733,2019305.67865262,2018809.9084737403,598095.38609982,597937.2808835332,14509.7159994,14517.00057115441,1932.46801097,1932.0220165794647,1833.83117508,1839.8269913335712,0.4085084091333333,0.25213571022380954,0.7714963036660791,0,0,0,0
USDC,wanUSDC,2024-04-14T00:00:00.000Z,2024-04-14,2610736.73525607,2617567.8658369705,2007463.69964968,2012722.1637080084,603273.03560639,604845.702128962,0,0,1894.02672755,1898.9274978620126,0,0,0.4005565100380952,0.2464083004,0.7689307683838912,0,0,0,0
USDC,wanUSDC,2024-04-15T00:00:00.000Z,2024-04-15,2608096.65904502,2607223.0783091052,2009296.37597496,2008623.266758541,598800.28307006,598599.8115505642,0,0,1910.35925048,1909.7224056903306,0,0,0.40513225342857145,0.24969921383809524,0.770409538157018,0,0,0,0
USDC,wanUSDC,2024-04-16T00:00:00.000Z,2024-04-16,2609221.5144264298,2608958.5543697425,2009102.68732827,2008900.6452498406,600118.82709816,600057.909119902,0,0,1910.73400438,1910.5926972798575,0,0,0.40386289876666664,0.2487827800952381,0.7700011355904866,0,0,0,0
USDC,wanUSDC,2024-04-17T00:00:00.000Z,2024-04-17,2610023.83947039,2610717.1205288027,2006813.41805299,2007346.474933752,603210.4214174,603370.6455950508,0,0,1897.12683682,1897.7073315110167,0,0,0.40040998121904764,0.2462960280095238,0.7688869974178949,0,0,0,0
USDC,wanUSDC,2024-04-18T00:00:00.000Z,2024-04-18,2610975.8350041797,2610132.6643494577,2003320.63638611,2002672.1526814215,607655.19861807,607460.5116680363,10200,10200,1875.28642872,1874.6868011925505,8572.58126626,8572.58126626,0.39542468412380954,0.24272435867619047,0.76726867859016,0,0,0,0
USDC,wanUSDC,2024-04-19T00:00:00.000Z,2024-04-19,2611807.08379154,2612263.2840377027,2000263.5595797799,2000612.9506935524,611543.52421176,611650.3333441506,0,0,1853.51372337,1853.8730342292372,0,0,0.39106455075714286,0.23959877997142856,0.7658542396673723,0,0,0,0
USDC,wanUSDC,2024-04-20T00:00:00.000Z,2024-04-20,2617699.7920369897,2617683.6271294146,2002076.0222789298,2002063.9611290838,615623.76975806,615619.6660003308,0,0,1849.1754582,1849.1670225452078,0,0,0.38813982924761903,0.2375779263047619,0.7648657761502294,0,0,0,0
USDC,wanUSDC,2024-04-21T00:00:00.000Z,2024-04-21,2643508.7539508897,2643427.2893489636,2003815.6320914398,2003753.8871786662,639693.12185945,639673.4021702975,0,0,1800.32108918,1800.268167680332,0,0,0.36719173006666667,0.22266915025238096,0.7580136202092461,0,0,0,0
USDC,wanUSDC,2024-04-22T00:00:00.000Z,2024-04-22,2637563.77506689,2636858.0257580397,2005557.7392771998,2005021.6406752598,632006.03578969,631836.3850827798,0,0,1747.07110351,1746.607421585529,0,0,0.37436542345238094,0.22773053054285713,0.7603833178644964,0,0,0,0
USDC,wanUSDC,2024-04-23T00:00:00.000Z,2024-04-23,2632314.26718284,2631708.9523127507,2007310.2371437,2006848.984798807,625004.03003914,624859.9675139437,0,0,1859.92555141,1859.510073249867,0,0,0.38101754154285716,0.23244805018095238,0.762568026625095,0,0,0,0
USDC,wanUSDC,2024-04-24T00:00:00.000Z,2024-04-24,2625398.47328837,2624425.564571606,2009122.0958199298,2008377.5164085757,616276.37746844,616048.0481630304,0,0,1854.40723283,1853.7356390082987,0,0,0.38925195436666665,0.23830431326190477,0.7652636698928024,0,0,0,0
USDC,wanUSDC,2024-04-25T00:00:00.000Z,2024-04-25,2669803.39365763,2669415.9281177917,2010906.2215012098,2010615.578548257,658897.17215642,658800.3495695345,0,0,1733.01304567,1732.7708766446763,0,0,0.35469354786190477,0.21445596964761904,0.7535630667583931,0,0,0,0
USDC,wanUSDC,2024-04-26T00:00:00.000Z,2024-04-26,2748547.15582554,2748707.619300022,2012403.54296317,2012521.0552981016,736143.61286237,736186.5640019202,0,0,1444.76118331,1444.840166737953,0,0,0.2913661685142857,0.17066364389523808,0.7321699258928015,0,0,0,0
USDC,wanUSDC,2024-04-27T00:00:00.000Z,2024-04-27,2750995.5511328,2750999.8680989416,2013811.2623677698,2013814.3930371872,737184.28876503,737185.4750617543,0,0,1444.08689805,1444.0757618159248,0,0,0.29096737552857144,0.17039750595238096,0.732030023590612,0,0,0,0
USDC,wanUSDC,2024-04-28T00:00:00.000Z,2024-04-28,2746452.38122997,2746173.024406472,2015223.93083677,2015019.380010281,731228.4503932,731153.6443961913,0,0,1498.41090431,1498.2478725999201,0,0,0.29592432275238095,0.1737203369142857,0.733760948964837,0,0,0,0
USDC,wanUSDC,2024-04-29T00:00:00.000Z,2024-04-29,2738703.42576955,2738545.0846054116,2016672.40394776,2016555.811846823,722031.02182179,721989.2727585887,0,0,1500.25593449,1500.1712422063042,0,0,0.30336879095714286,0.17871100862380954,0.7363602993531094,0,0,0,0
USDC,wanUSDC,2024-04-30T00:00:00.000Z,2024-04-30,2737215.21204695,2735184.044366637,2018138.7208541199,2016641.1278046584,719076.49119283,718542.9165619784,0,0,1512.26311833,1511.2013731898935,0,0,0.30606616677142856,0.18052964956190476,0.7372965024564315,0,0,0,0
USDC,wanUSDC,2024-05-01T00:00:00.000Z,2024-05-01,2709845.3429029295,2708162.5189736304,2019677.8409841298,2018421.0502802082,690167.5019188,689741.4686934223,0,0,1636.18420484,1635.1399169919305,0,0,0.3295672864409091,0.19657444659090909,0.7453454823511364,0,0,0,0
USDC,wanUSDC,2024-05-02T00:00:00.000Z,2024-05-02,2693699.9143420197,2693613.75347762,2021333.23221331,2021268.635329228,672366.68212871,672345.1181483918,0,0,1630.14868673,1630.0981172183608,0,0,0.34438343375238095,0.20673932337619047,0.750393330844882,0,0,0,0
USDC,wanUSDC,2024-05-03T00:00:00.000Z,2024-05-03,2693005.50536531,2693841.7330794316,2022938.4340208198,2023564.657634336,670067.07134449,670277.0754450957,0,0,1571.4534774,1571.9955002719569,0,0,0.346806230375,0.208441495325,0.7511973876579393,0,0,0,0
USDC,wanUSDC,2024-05-04T00:00:00.000Z,2024-05-04,2724883.9602856,2725794.030076406,2024536.3092505198,2025212.0391334377,700347.65103508,700581.9909429682,0,0,1613.81958388,1614.3449420973882,0,0,0.3225612330045455,0.1917261073590909,0.7429810013138345,0,0,0,0
USDC,wanUSDC,2024-05-05T00:00:00.000Z,2024-05-05,2724639.75196346,2724792.0963821467,2026136.96885313,2026250.2754848367,698502.78311033,698541.8208973102,0,0,1588.76833402,1588.8348435270243,0,0,0.3244709405,0.19303032534285713,0.7436348308088032,0,0,0,0
USDC,wanUSDC,2024-05-06T00:00:00.000Z,2024-05-06,2741694.68235726,2742245.0158505314,2027683.3243773899,2028085.2985356655,714011.35797987,714159.717314866,0,0,1508.33286696,1508.6465329361797,0,0,0.3128028503904762,0.18513000332857144,0.739603123321265,0,0,0,0
USDC,wanUSDC,2024-05-07T00:00:00.000Z,2024-05-07,2762183.89064443,2761531.933932867,2035492.88238894,2035011.1086912837,726691.00825549,726520.8252415832,0,0,1474.46199756,1474.0435580564847,0,0,0.30499058552857145,0.17981974545238094,0.7369149067332458,151.5,151.385948,8.72344,3.92702195104
USDC,wanUSDC,2024-05-08T00:00:00.000Z,2024-05-08,2762468.9183381703,2762903.243424808,2043845.09640249,2044167.2911701228,718623.82193568,718735.9522546853,775,774.79075,1523.07674645,1523.2991871769934,3.77177614,3.7707577604422,0.31348908614285714,0.18555475953333334,0.7398618059475536,0,0,0,0
USDC,wanUSDC,2024-05-09T00:00:00.000Z,2024-05-09,2731328.7052380396,2730924.914641333,2037223.6527249499,2036926.7647046917,694105.05251309,693998.1499366412,0,0,1585.15974454,1584.9030159378556,0,0,0.33217168083809523,0.1986372219047619,0.7460857355140342,14.5,14.4909565,6.70636,3.04753093664
USDC,wanUSDC,2024-05-10T00:00:00.000Z,2024-05-10,2735361.66674014,2734889.4175350214,2036348.57603776,2035997.1610939028,699013.09070238,698892.2564411188,0,0,1590.57906607,1590.269178877538,0,0,0.32705368427142856,0.19485172306190476,0.744488305395386,0,0,0,0
USDC,wanUSDC,2024-05-11T00:00:00.000Z,2024-05-11,2749275.01992301,2749482.1081525097,2038745.6041400998,2038899.3585834345,710529.41578291,710582.7495690751,0,0,1580.91400211,1581.0157972247403,0,0,0.31842832994285714,0.18891323878095237,0.7415608093826257,9,8.992926,2.36188,1.05729322012
USDC,wanUSDC,2024-05-12T00:00:00.000Z,2024-05-12,2742690.78080642,2742858.1628998346,2039994.81078756,2040119.3394373758,702695.97001886,702738.8234624589,0,0,1502.58927427,1502.6788552051555,0,0,0.32493433198,0.19334720714,0.7437932608917449,0,0,0,0
USDC,wanUSDC,2024-05-13T00:00:00.000Z,2024-05-13,2745195.06012923,2746263.8581920443,2040951.75402255,2041746.821781371,704243.30610668,704517.0364106734,0,0,1573.17373564,1573.764235637982,0,0,0.32397003771904764,0.19268813231428572,0.743463392959772,0,0,0,0
USDC,wanUSDC,2024-05-14T00:00:00.000Z,2024-05-14,2748574.9556317,2748532.25617964,2041818.56341134,2041786.8299505895,706756.39222036,706745.4262290506,0,0,1676.31013019,1676.2850980727117,0,0,0.3222215506590909,0.19149404104090909,0.7428647485517991,0,0,0,0
USDC,wanUSDC,2024-05-15T00:00:00.000Z,2024-05-15,2747478.3346109097,2746405.573276328,2043382.9270649198,2042583.857578676,704095.40754599,703821.7156976518,0,0,1535.54221948,1534.9398711728352,0,0,0.324837464375,0.193306656545,0.7437463702766705,0,0,0,0
USDC,wanUSDC,2024-05-16T00:00:00.000Z,2024-05-16,2718661.16289037,2719099.5044783438,2045035.9563779898,2045365.7159981523,673625.20651238,673733.7884801916,0,0,1724.21095281,1724.4876945971023,0,0,0.3498200405809524,0.21051378656666667,0.7522217047379568,0,0,0,0
USDC,wanUSDC,2024-05-17T00:00:00.000Z,2024-05-17,2720353.34783871,2720215.7895361353,2046728.6935546198,2046625.8069661376,673624.65428409,673589.9825699975,0,0,1691.17184069,1691.0689634026255,0,0,0.3503027453047619,0.21085582412857143,0.7523803635132641,0,0,0,0
USDC,wanUSDC,2024-05-18T00:00:00.000Z,2024-05-18,2737270.3257155,2737118.2968045077,2048384.0688024198,2048270.2894807402,688886.25691308,688848.0073237676,0,0,1639.44254215,1639.3453126687489,0,0,0.3382746185190476,0.20251309233809525,0.7483309298981163,0,0,0,0
USDC,wanUSDC,2024-05-19T00:00:00.000Z,2024-05-19,2740300.12774547,2740012.742741896,2049989.2565209698,2049774.2966296973,690310.8712245,690238.4461121985,0,0,1638.06839626,1637.8959391706517,0,0,0.33756421167,0.20202369874,0.7480899755150385,0,0,0,0
USDC,wanUSDC,2024-05-20T00:00:00.000Z,2024-05-20,2750208.88629192,2751343.926027972,2050813.90284277,2051662.6142048948,699394.98344915,699681.3118230772,0,0,1647.57150466,1648.3340735982076,0,0,0.3305205134761905,0.19717947273809525,0.7456965531781911,0,0,0,0
USDC,wanUSDC,2024-05-21T00:00:00.000Z,2024-05-21,2690999.42217166,2689342.131071976,2052254.20829989,2050979.7576642693,638745.21387177,638362.3734077066,0,0,1728.38066975,1727.1756570559867,0,0,0.382774360965,0.23413578442,0.7629129022073707,0,0,0,0
USDC,wanUSDC,2024-05-22T00:00:00.000Z,2024-05-22,2636341.70807409,2635584.0258740154,2054206.52869705,2053616.0689736977,582135.17937704,581967.9569003178,0,0,2115.6129907,2114.996129070866,0,0,0.4327072167727273,0.26976169111363635,0.7792018895586498,0,0,0,0
USDC,wanUSDC,2024-05-23T00:00:00.000Z,2024-05-23,2612876.3330075596,2612345.3397799935,2056409.0759526498,2055991.5190411357,556467.25705491,556353.8207388576,0,0,2130.99844769,2130.574333969509,0,0,0.45772386428571427,0.28822675240952383,0.7870428892562528,1,0.999666,2.17224,1.05386658048
USDC,wanUSDC,2024-05-24T00:00:00.000Z,2024-05-24,2600849.7171460497,2601763.253589861,2058548.6993435898,2059267.4145678945,542301.01780246,542495.8390219667,0,0,2131.85347275,2132.6388156188946,0,0,0.47258162115,0.299441177995,0.7915743345662112,0,0,0,0
USDC,wanUSDC,2024-05-25T00:00:00.000Z,2024-05-25,2605696.1515456596,2604803.884469477,2057749.5363626499,2057044.7862736501,547946.61518301,547759.098195827,8767.57821723,8767.57821723,2165.03275008,2164.201329709133,1239.43241177,1239.43241177,0.46629943075714286,0.294593888447619,0.7897115948310218,0,0,0,0
USDC,wanUSDC,2024-05-26T00:00:00.000Z,2024-05-26,2603140.53543927,2603144.8269926887,2054053.18557578,2054056.5592021665,549087.34986349,549088.2677905221,0,0,2156.12987447,2156.1332440141505,0,0,0.4642275318142857,0.29305030256666664,0.7890694889305142,0,0,0,0
USDC,wanUSDC,2024-05-27T00:00:00.000Z,2024-05-27,2618022.39387461,2617689.4766005008,2056197.54196771,2055936.4900846793,561824.8519069,561752.9865158215,0,0,2156.15151978,2155.890782597908,0,0,0.45244100452380953,0.2842906048238095,0.7854058418627936,0,0,0,0
USDC,wanUSDC,2024-05-28T00:00:00.000Z,2024-05-28,2615014.87679881,2614333.3673973978,2058320.78081992,2057784.0794843575,556694.09597889,556549.2879130405,0,0,2134.54116724,2133.968127436066,0,0,0.45793253892380953,0.2883611402380952,0.7871182641725164,0,0,0,0
USDC,wanUSDC,2024-05-29T00:00:00.000Z,2024-05-29,2621378.30120756,2621734.1387284785,2060508.80840326,2060788.865396774,560869.4928043,560945.2733317044,0,0,2118.55378964,2118.6695178516597,0,0,0.4544645861,0.28578317791111113,0.7860406149165035,0,0,0,0
USDC,wanUSDC,2024-05-30T00:00:00.000Z,2024-05-30,2597052.98144372,2597388.2614678936,2062654.50110007,2062929.5714520551,534398.48034365,534458.6900158386,0,0,2229.26889178,2229.63047750158,0,0,0.4818569137952381,0.3065111755428571,0.7943684486886531,12.5,12.5,2.36188,1.0667785302
USDC,wanUSDC,2024-05-31T00:00:00.000Z,2024-05-31,2484653.7256056,2484232.0689537725,2064907.44540624,2064497.3560050973,419746.28019936,419734.71294867544,0,0,2729.70803845,2728.943398856397,0,0,0.6236729745142857,0.4218470932,0.8335926870573116,0,0,0,0
USDC,wanUSDC,2024-06-01T00:00:00.000Z,2024-06-01,2370902.25049124,2370716.7713234364,2067941.49049003,2067779.1079257086,302960.76000121,302937.6633977279,0,0,3217.44621042,3217.136610721108,0,0,0.75935456649,0.52989711223,0.872228628717561,0,0,0,0
USDC,wanUSDC,2024-06-02T00:00:00.000Z,2024-06-02,2373862.19839192,2374040.922618685,2071236.8031849999,2071392.494976559,302625.39520692,302648.427642126,102.15020165,102.148465096572,3293.4321632,3293.667757646496,3.54078028,3.54072008673524,0.7604531042619048,0.530816526552381,0.8725200383246028,1.00663992,1.00663992,2.36188,1.05961731004
USDC,wanUSDC,2024-06-03T00:00:00.000Z,2024-06-03,2376905.27330279,2376864.1889068717,2074488.71971194,2074454.4177491583,302416.55359085,302409.7711577136,0,0,3234.66864012,3234.611832687213,0,0,0.7615288686904762,0.5317614229095238,0.8727852263348145,0,0,0,0
USDC,wanUSDC,2024-06-04T00:00:00.000Z,2024-06-04,2429954.41583877,2430464.8684362876,2068097.86831949,2068525.7279705198,361856.54751928,361939.140465768,17363.40789439,17362.85226533738,2990.07350955,2990.7375997698005,17363.40789439,17362.85226533738,0.6815072384333334,0.46517831387142855,0.8513652174476513,0,0,0,0
USDC,wanUSDC,2024-06-05T00:00:00.000Z,2024-06-05,2475264.11292645,2475421.781207886,1996948.9970383,1997066.703014697,478315.11588815,478355.07819318894,100000,100100,2432.13546286,2432.2597143951857,16547.19152204,16563.73871356204,0.5242219923142857,0.3394568752857143,0.8068058345857813,0,0,0,0
USDC,wanUSDC,2024-06-06T00:00:00.000Z,2024-06-06,2509733.8478427604,2509483.5743806264,1932285.4462928202,1932096.6503807392,577448.40154994,577386.9239998872,0,0,1843.53969596,1843.374413900364,0,0,0.4038229586,0.24881441756666667,0.7699567551986369,0,0,0,0
USDC,wanUSDC,2024-06-07T00:00:00.000Z,2024-06-07,2564942.09447983,2563833.693754074,1934232.76480076,1933398.7124237018,630709.32967907,630434.9813303724,0,0,1647.62486009,1646.9441914973304,0,0,0.35548744847142855,0.21447676427619047,0.7541126745743196,10.5,10.4568135,2.36188,1.04213467428
USDC,wanUSDC,2024-06-08T00:00:00.000Z,2024-06-08,2553677.82489418,2553745.0953600793,1936435.7339149702,1936485.4663892325,617242.09097921,617259.6289708468,0,0,1690.46712538,1690.5408821701053,0,0,0.36843824452857143,0.2236633905952381,0.7583649340675737,0,0,0,0
USDC,wanUSDC,2024-06-09T00:00:00.000Z,2024-06-09,2537741.11085879,2537522.4535937114,1937253.1856323201,1937086.26198375,600487.92522647,600436.1916099612,0,0,1720.10743503,1719.9639723492533,0,0,0.383477165575,0.23419012103,0.7633769917688739,0,0,0,0
USDC,wanUSDC,2024-06-10T00:00:00.000Z,2024-06-10,2541842.87149511,2541601.699803465,1922347.67559661,1922163.965222905,619495.1958985,619437.73458056,70000,70070,1723.00530452,1722.8450182104614,3027.35088344,3030.37823432344,0.36244354058571426,0.21961914384285713,0.75628546051962,7.37,7.37036275,16.53316,7.30015538912
USDC,wanUSDC,2024-06-11T00:00:00.000Z,2024-06-11,2529521.81353131,2527919.6768356576,1870277.1012927098,1869096.6468828798,659244.7122386,658823.0299527779,495.2492644,495.7445136644,1418.76425094,1417.9058379881953,55.2492644,55.3045136644,0.3121449255666667,0.1846569552095238,0.7393907165977267,0,0,0,0
USDC,wanUSDC,2024-06-12T00:00:00.000Z,2024-06-12,2482918.46275405,2484509.8279505274,1871448.26288609,1872673.7144101358,611470.19986796,611836.1135403918,0,0,1630.36764873,1631.518387834487,0,0,0.35579012247619046,0.2151005438761905,0.7539956088161928,0,0,0,0
USDC,wanUSDC,2024-06-13T00:00:00.000Z,2024-06-13,2534876.90008362,2534103.8804825866,1872922.09288524,1872349.9981286456,661954.80719838,661753.8823539411,0,0,1416.13874774,1415.6566527943285,0,0,0.31064467013333336,0.18364131342380952,0.7388722395770073,0,0,0,0
USDC,wanUSDC,2024-06-14T00:00:00.000Z,2024-06-14,2523747.45271783,2523258.8410491254,1874340.84628119,1873980.832717823,649406.60643664,649278.0083313021,0,0,1498.99497617,1498.7326849454141,0,0,0.3217668037761905,0.19120669105714286,0.7426965652855453,0,0,0,0
USDC,wanUSDC,2024-06-15T00:00:00.000Z,2024-06-15,2554374.80125228,2554141.51875476,1875765.07642353,1875592.6235745624,678609.72482875,678548.8951801972,0,0,1342.68923471,1342.561019294969,0,0,0.300181135675,0.177291333085,0.7348534660899012,0,0,0,0
USDC,wanUSDC,2024-06-16T00:00:00.000Z,2024-06-16,2683331.09533958,2683250.5889684195,1876893.88430837,1876837.4837804493,806437.21103121,806413.1051879704,0,0,962.37803776,962.3493822169163,0,0,0.20143364378095238,0.11272648657619047,0.6994700190055024,3,2.999956,4.34448,1.79982682992
USDC,wanUSDC,2024-06-17T00:00:00.000Z,2024-06-17,2676128.04058956,2674992.9782391507,1877907.52702238,1877114.6611421383,798220.51356718,797878.3170970123,0,0,1023.10869906,1022.726653302047,0,0,0.20764906939523808,0.11665125437142858,0.7017740915356403,0,0,0,0
USDC,wanUSDC,2024-06-18T00:00:00.000Z,2024-06-18,2708438.47078079,2708468.035309734,1874647.08694854,1874670.5059055344,833791.38383225,833797.5294041993,6975.66258599,6975.376583823974,887.01485334,887.1466876924851,524.82428781,524.8027700141998,0.18229358999,0.10098443365,0.6921794620853856,23.25,23.24904675,6.896,2.552906096
USDC,wanUSDC,2024-06-19T00:00:00.000Z,2024-06-19,2719215.95289678,2719447.173660319,1875016.08013839,1875175.6870574416,844199.87275839,844271.4866028773,0,0,862.83529118,862.8994283634269,0,0,0.1754760900952381,0.09683290411428572,0.6895649758880126,0,0,0,0
USDC,wanUSDC,2024-06-20T00:00:00.000Z,2024-06-20,2702520.2653711904,2702202.0518650063,1875887.6886361302,1875666.8023243078,826632.57673506,826535.2495406986,0,0,904.91891932,904.8541372824454,0,0,0.187508055435,0.1041865198,0.6941640530323265,0,0,0,0
USDC,wanUSDC,2024-06-21T00:00:00.000Z,2024-06-21,2709765.3440365097,2708419.917122072,1876627.6058449598,1875697.1741531563,833137.73819155,832722.7429689157,149,148.747892,862.26630759,861.8590436282242,34.14236768,34.08459879388544,0.18319663432,0.10150113568,0.6925448451354285,0,0,0,0
USDC,wanUSDC,2024-06-22T00:00:00.000Z,2024-06-22,2704957.07429503,2704804.1981639806,1878229.09124714,1878122.958849513,826727.98304789,826681.2393144675,0,0,930.80651673,930.7775923516315,0,0,0.18797164394761906,0.1044214510904762,0.6943688024505887,22.25,22.25,2.36188,0.90798461404
USDC,wanUSDC,2024-06-23T00:00:00.000Z,2024-06-23,2719900.30999039,2719609.0675511574,1880833.66904431,1880631.5186671994,839066.64094608,838977.5488839581,0,0,887.28647672,887.1891025528043,0,0,0.18059532076666668,0.09994479935238094,0.6915314574872757,4,3.998832,2.17224,0.84365022672
USDC,wanUSDC,2024-06-24T00:00:00.000Z,2024-06-24,2638918.7406373797,2637263.6304035787,1882029.36236861,1880841.021479768,756889.37826877,756422.6089238107,0,0,1145.95966565,1145.2155454279612,0,0,0.23870069954285714,0.13631619853333332,0.7132537101075768,16,16,2.17224,0.8176094136
USDC,wanUSDC,2024-06-25T00:00:00.000Z,2024-06-25,2617429.09016951,2617851.834616963,1884718.4696960899,1885022.8391846546,732710.62047342,732828.9954323083,0,0,1209.05333994,1209.2617107167962,0,0,0.25731124996,0.1482249427,0.7200649901130906,0,0,0,0
USDC,wanUSDC,2024-06-26T00:00:00.000Z,2024-06-26,2614399.9466277,2614256.7169607244,1885889.36797806,1885786.0253765623,728510.57864964,728470.6915841623,0,0,1225.14329494,1225.0567415231963,0,0,0.26087556195,0.1505458893,0.721347118797826,0,0,0,0
USDC,wanUSDC,2024-06-27T00:00:00.000Z,2024-06-27,2608001.89302571,2607796.830412972,1887197.2468443399,1887048.6085496522,720804.64618137,720748.2218633199,0,0,1246.317733,1246.090876350071,0,0,0.26723790644117645,0.1547119765,0.7236229434820536,0,0,0,0
USDC,wanUSDC,2024-06-28T00:00:00.000Z,2024-06-28,2586537.96382122,2586661.7042062003,1888345.59860506,1888433.068911609,698192.36521616,698228.6352945912,0,0,1294.45333085,1294.4913376021912,0,0,0.28544251744,0.16673562723,0.7300780548967309,0,0,0,0
USDC,wanUSDC,2024-06-29T00:00:00.000Z,2024-06-29,2578520.41135679,2578210.719926505,1889654.53283792,1889427.6135361094,688865.87851887,688783.1063903954,0,0,1393.93712901,1393.7636548717658,0,0,0.29329130096190476,0.1719497208904762,0.7328445684061288,0,0,0,0
USDC,wanUSDC,2024-06-30T00:00:00.000Z,2024-06-30,2615526.9992597597,2615404.358937755,1890958.1758537,1890869.479276282,724568.82340606,724534.8796614734,0,0,1254.5147995,1254.449111644247,0,0,0.2655901202238095,0.1536767397809524,0.7230094835878266,0,0,0,0
USDC,wanUSDC,2024-07-01T00:00:00.000Z,2024-07-01,2629594.63676765,2629805.411279591,1892169.15898372,1892320.4941943844,737425.47778393,737484.9170852064,0,0,1204.76346016,1204.8304482492406,0,0,0.2559366185,0.14733347603333333,0.7195685005537059,0,0,0,0
USDC,wanUSDC,2024-07-02T00:00:00.000Z,2024-07-02,2635044.81688276,2634820.8908002763,1893332.06138585,1893171.0148132234,741712.75549691,741649.875987053,0,0,1137.15638673,1137.0502403754276,0,0,0.2530295285,0.14544560735,0.7185199483735503,0,0,0,0
USDC,wanUSDC,2024-07-03T00:00:00.000Z,2024-07-03,2635007.53922617,2633748.696427372,1893980.5647693002,1893075.575741342,741026.97445687,740673.1206860299,0,0,1195.69301364,1195.1343390497136,0,0,0.25373825755714285,0.14590482619047618,0.7187761498358239,5,4.975265,2.17224,0.9067255596
USDC,wanUSDC,2024-07-04T00:00:00.000Z,2024-07-04,2627886.55260064,2627512.914993847,1893529.70001029,1893262.7633249748,734356.85259035,734250.1516688718,0,0,1160.64904656,1160.4579602729716,0,0,0.25867212062,0.149112033785,0.7205539904188345,0,0,0,0
USDC,wanUSDC,2024-07-05T00:00:00.000Z,2024-07-05,2591344.5791473202,2590354.10076332,1892769.6928724202,1892052.595696121,698574.8862749,698301.505067199,1979.20264904,1978.5824624198042,1329.64647388,1329.1686193135863,62.63444515,62.62162201451501,0.2865411708809524,0.1674931468047619,0.7304501588525534,0,0,0,0
USDC,wanUSDC,2024-07-06T00:00:00.000Z,2024-07-06,2545812.39105033,2545961.451253156,1892906.03123429,1893019.4698600392,652906.35981604,652941.9813931169,0,0,1445.91428466,1445.988986816844,0,0,0.32436829259047617,0.19301230522857143,0.7435715577772963,0,0,0,0
USDC,wanUSDC,2024-07-07T00:00:00.000Z,2024-07-07,2541237.01730256,2541231.558528607,1894310.730553,1894306.645540836,646926.28674956,646924.9129877705,0,0,1443.98240169,1444.0478779311782,0,0,0.329738523555,0.196641619575,0.7454308587920807,0,0,0,0
USDC,wanUSDC,2024-07-08T00:00:00.000Z,2024-07-08,2564969.24689776,2566070.382738117,1895741.42185653,1896555.1016606044,669227.82504123,669515.2810775128,0,0,1437.43082073,1437.9780524006057,0,0,0.31124922139047617,0.18403405096666667,0.7390900967321479,0,0,0,0
USDC,wanUSDC,2024-07-09T00:00:00.000Z,2024-07-09,2573351.03811337,2572868.1602010336,1897148.93481882,1896792.4071395842,676202.10329455,676075.7530614493,0,0,1417.79288185,1417.4859180540514,0,0,0.3058891467190476,0.18041483144761905,0.7372326031741948,0,0,0,0
USDC,wanUSDC,2024-07-10T00:00:00.000Z,2024-07-10,2587793.34715113,2587739.830721004,1898527.70199793,1898488.6462395643,689265.6451532,689251.1844814396,0,0,1343.58054634,1343.5363210139142,0,0,0.29558620552380954,0.1734851309047619,0.7336475357858772,0,0,0,0
USDC,wanUSDC,2024-07-11T00:00:00.000Z,2024-07-11,2589302.94770581,2589413.8000547388,1899885.12503976,1899966.6791367882,689417.82266605,689447.1209179505,0,0,1376.82328846,1376.8853458813123,0,0,0.29586165104285717,0.17366942556190476,0.7337439077891631,0,0,0,0
USDC,wanUSDC,2024-07-12T00:00:00.000Z,2024-07-12,2589706.4257353498,2590601.2000164045,1901249.71852802,1901906.6174578336,688456.70720733,688694.5825585709,0,0,1351.37473081,1351.8622036149777,0,0,0.29704241123333336,0.17446048730952382,0.7341564618269405,0,0,0,0
USDC,wanUSDC,2024-07-13T00:00:00.000Z,2024-07-13,2584675.8179417197,2584986.1600646293,1902597.23408446,1902826.7556676632,682078.58385726,682159.4043969659,0,0,1341.79567949,1341.9523790435226,0,0,0.302653656045,0.178233730975,0.7361094389946092,0,0,0,0
USDC,wanUSDC,2024-07-14T00:00:00.000Z,2024-07-14,2579422.53227467,2580202.219531169,1903965.1495465,1904541.0949051261,675457.38272817,675661.1246260429,0,0,1428.73931518,1429.1380925577907,0,0,0.3085404180095238,0.18221532898095238,0.7381457920860647,0,0,0,0
USDC,wanUSDC,2024-07-15T00:00:00.000Z,2024-07-15,2570024.8252256,2568119.8722234783,1905415.68280605,1904002.3529937996,664609.14241955,664117.5192296786,0,0,1469.16276903,1468.0535086370328,0,0,0.31798327415714284,0.18861454072380954,0.7414056073214805,0,0,0,0
USDC,wanUSDC,2024-07-16T00:00:00.000Z,2024-07-16,2395655.19934999,2395209.243031561,1907776.97394129,1907406.1214845495,487878.2254087,487803.1215470115,0,0,1958.19563653,1957.714536051578,0,0,0.49731337304,0.320507941695,0.7978978039215882,9,9,2.36188,1.0664596764
USDC,wanUSDC,2024-07-17T00:00:00.000Z,2024-07-17,2327518.2482900796,2326855.6710305167,1910259.59856741,1909715.9224441238,417258.64972267,417139.74858639314,0,0,2410.58313336,2409.873350549867,0,0,0.570226448004762,0.3744007864,0.8207281608035741,0,0,0,0
USDC,wanUSDC,2024-07-18T00:00:00.000Z,2024-07-18,2332554.48191645,2332022.7341135363,1913211.0654603401,1912775.8271981534,419343.41645611,419246.90691538283,0,0,2409.84143325,2409.2645218192033,0,0,0.5685275872952381,0.37307681943809523,0.820230796292283,20,19.97234,2.36188,1.00526572748
USDC,wanUSDC,2024-07-19T00:00:00.000Z,2024-07-19,2355652.19603502,2356564.0169277904,1916058.55314198,1916799.6999092628,439593.64289304,439764.31701852736,840.620778,841.461398778,2287.05895335,2287.8907227167247,3.21317393,3.21638710393,0.5451108588285715,0.3547607501190476,0.8134074394469416,8.55,8.5568933,4.34448,1.84409708112
USDC,wanUSDC,2024-07-20T00:00:00.000Z,2024-07-20,2439136.83166139,2438957.8112932644,1917112.42583842,1916966.939484043,522024.40582297,521990.87180922145,0,0,2029.95742659,2029.776557286351,0,0,0.45600269315238096,0.2874144431380952,0.7862703812251015,0,0,0,0
USDC,wanUSDC,2024-07-21T00:00:00.000Z,2024-07-21,2489218.8814047603,2488958.454992213,1918938.46497672,1918737.6274699115,570280.41642804,570220.8275223013,0,0,1711.86287007,1711.6836082969814,0,0,0.4066990305,0.250839095575,0.77090909724089,0,0,0,0
USDC,wanUSDC,2024-07-22T00:00:00.000Z,2024-07-22,2509654.81475721,2509174.9150471706,1920669.02073037,1920301.7492977185,588985.79402684,588873.1657494522,0,0,1768.16954512,1767.8086824605757,0,0,0.3894006803857143,0.23841059583333332,0.7653120904464902,0,0,0,0
USDC,wanUSDC,2024-07-23T00:00:00.000Z,2024-07-23,2509206.6491090003,2509471.3037309153,1923012.5325702701,1923215.2412207758,586194.11653873,586256.0625101394,0,0,1782.40044532,1782.6596309808629,0,0,0.3926890476952381,0.2407605913857143,0.7663826479893121,20,20.02,2.17224,0.88610448528
USDC,wanUSDC,2024-07-24T00:00:00.000Z,2024-07-24,2502696.06253995,2501915.4820898687,1924882.55351576,1924282.2407200518,577813.50902419,577633.2413698167,0,0,1735.17913576,1734.6645057624414,0,0,0.40114608791,0.246826492215,0.7691243421806168,0,0,0,0
USDC,wanUSDC,2024-07-25T00:00:00.000Z,2024-07-25,2784578.83514572,2784403.32398833,1927164.21395251,1927064.3829786791,857414.62119321,857338.9410096509,29694.99999999,29690.10032499,1038.57031862,1038.6097682455425,0.28164,0.2815935294,0.21630498997619046,0.12866337922380952,0.697518755782844,303.29,303.13345715,4.75824,1.85524651668
USDC,wanUSDC,2024-07-26T00:00:00.000Z,2024-07-26,2969148.86716755,2969168.142961466,1926598.96460477,1926611.2528397324,1042549.90256278,1042556.8901217339,299.00000001,299.00000001,436.6468325,436.6516442381841,0.00316517,0.00316517,0.08484257237142857,0.044179982138095236,0.6490696948737046,0,0,0,0
USDC,wanUSDC,2024-07-27T00:00:00.000Z,2024-07-27,2965734.5262689,2965477.6994068306,1927041.13584887,1926866.9836005284,1038693.39042003,1038610.7158063024,0,0,441.07342057,441.0184819634682,0,0,0.0867966866095238,0.04517902443333333,0.649949954290515,0,0,0,0
USDC,wanUSDC,2024-07-28T00:00:00.000Z,2024-07-28,3137819.09459997,3136473.648591304,1926844.8958582801,1926004.1336900557,1210974.19874169,1210469.5149012485,0,0,393.90440359,393.7103532177562,0,0,0.07560535436190477,0.03716054753809524,0.6143032511979741,1.05,1.04660115,2.36188,0.98376553384
USDC,wanUSDC,2024-07-29T00:00:00.000Z,2024-07-29,3253731.1964386897,3254337.655080901,1927000.13156068,1927361.9104549382,1326731.06487801,1326975.7446259628,0,0,380.71165612,380.7829817241898,0,0,0.0746877487631579,0.03541039942105263,0.5925418616491909,0,0,0,0
USDC,wanUSDC,2024-07-30T00:00:00.000Z,2024-07-30,3306719.6522770403,3306087.0375693515,1927373.85661463,1927004.946289356,1379345.79566241,1379082.0912799952,0,0,369.55103855,369.48193889045837,0,0,0.074279959645,0.034636427645,0.5828686865658189,0,0,0,0
USDC,wanUSDC,2024-07-31T00:00:00.000Z,2024-07-31,3297918.77018507,3297453.5518320994,1927754.4429488,1927482.634006168,1370164.32723627,1369970.9178259317,0,0,396.43672101,396.39136143956136,0,0,0.07435023993333334,0.03476835492380952,0.5845366881768609,0,0,0,0
USDC,wanUSDC,2024-08-01T00:00:00.000Z,2024-08-01,3062848.17984847,3063427.576555438,1927993.50280568,1928402.5863555502,1134854.67704279,1135024.9901998877,174.65,174.51709135,436.70136426,436.81525307351893,21.99614265,21.97940358544335,0.08921218756,0.045398053345,0.6314116956571542,0,0,0,0
USDC,wanUSDC,2024-08-02T00:00:00.000Z,2024-08-02,2917565.07086723,2917596.566756914,1928476.84276903,1928497.7222867794,989088.2280982,989098.8444701345,0,0,532.62809884,532.6433065217442,0,0,0.1035634348095238,0.05476343551904762,0.6609884841519361,0,0,0,0
USDC,wanUSDC,2024-08-03T00:00:00.000Z,2024-08-03,2917561.4335449897,2916285.5508350735,1928995.72134453,1928152.1384205588,988565.71220046,988133.4124145147,0,0,510.74080146,510.51571985762035,0,0,0.10399872701,0.05500843245,0.661167129737814,0,0,0,0
USDC,wanUSDC,2024-08-04T00:00:00.000Z,2024-08-04,2901961.20700908,2900987.64180777,1929545.4948085898,1928897.5339234362,972415.71220049,972090.1078843336,0,0,574.60893305,574.4230790323489,0,0,0.11319966215,0.06022670903,0.6649197009683914,0,0,0,0
USDC,wanUSDC,2024-08-05T00:00:00.000Z,2024-08-05,2794767.78261087,2793827.650836704,1932663.91945008,1932039.8091371148,862103.86316079,861787.841699589,603.02205862,600.9356022971748,880.34289072,880.230044717765,30.50387183,30.3983284334682,0.1827947019857143,0.10190429245238096,0.692018659872256,35,34.99229,4.72376,1.46086765572
USDC,wanUSDC,2024-08-06T00:00:00.000Z,2024-08-06,2742894.3812258597,2744154.291008278,1934135.36373659,1935021.6147387465,808759.01748927,809132.6762695311,0,0,1041.50518787,1041.961090678078,0,0,0.2165888659190476,0.12218897193333333,0.7051488079228714,0,0,0,0
USDC,wanUSDC,2024-08-07T00:00:00.000Z,2024-08-07,2755498.72194121,2755416.688831505,1935137.3222604198,1935081.2253915118,820361.39968079,820335.463439993,0,0,984.32973924,984.3047692669475,0,0,0.20892737633,0.11738902821,0.7022872208476266,0,0,0,0
USDC,wanUSDC,2024-08-08T00:00:00.000Z,2024-08-08,2772077.4609286897,2773046.207742679,1936104.3618993498,1936781.118939617,835973.09902934,836265.0888030621,0,0,961.65940267,961.9880886567688,0,0,0.1986684163952381,0.11100510032380953,0.6984309679913459,0,0,0,0
USDC,wanUSDC,2024-08-09T00:00:00.000Z,2024-08-09,2772924.36543063,2772493.778011044,1937065.83100189,1936765.082132661,835858.53442874,835728.695878383,0,0,962.43859553,962.2780715813648,0,0,0.1990235910047619,0.11122558911428572,0.6985647743252966,0,0,0,0
USDC,wanUSDC,2024-08-10T00:00:00.000Z,2024-08-10,2791666.94909402,2791094.047382287,1938010.66265156,1937612.256802588,853656.28644246,853481.7905796991,0,0,937.76677195,937.567523671038,0,0,0.18761807585714285,0.10421879106190476,0.6942260035423615,0,0,0,0
USDC,wanUSDC,2024-08-11T00:00:00.000Z,2024-08-11,2779089.9615020305,2778329.2246752423,1939557.2923015002,1939026.1166533667,839532.66920053,839303.1080218757,0,0,957.31663058,957.0596206036075,0,0,0.19730935725238094,0.11016942773333334,0.6979144079251847,6.5,6.5,2.36188,0.8173167646
USDC,wanUSDC,2024-08-12T00:00:00.000Z,2024-08-12,2777423.10098647,2777355.1849110476,1940554.0914608699,1940506.861665078,836869.0095256,836848.3232459696,0,0,966.07887373,966.0572279114767,0,0,0.1993508016190476,0.11142746986190476,0.6986887550395405,0,0,0,0
USDC,wanUSDC,2024-08-13T00:00:00.000Z,2024-08-13,2778173.2068646196,2778731.8564988417,1941582.2805559698,1941972.718640008,836590.92630865,836759.1378588338,0,0,969.08305982,969.2681588785116,0,0,0.19983099701428572,0.11172474311904762,0.6988701310182939,3,2.999097,2.36188,0.81121602856
USDC,wanUSDC,2024-08-14T00:00:00.000Z,2024-08-14,2778895.31019472,2777425.2320258534,1942797.7977937,1941770.0098429788,836097.51240102,835655.2221828747,0,0,995.3153231,994.7997294383458,0,0,0.20050883166190475,0.11214475224285714,0.6991259397265734,0,0,0,0
USDC,wanUSDC,2024-08-15T00:00:00.000Z,2024-08-15,2776437.75641172,2772938.944943495,1943776.7109727398,1941327.925787444,832661.04543898,831611.0191560513,0,0,982.64220834,981.4415954425648,0,0,0.20310004084761904,0.11375678682857143,0.7001001888534628,0,0,0,0
USDC,wanUSDC,2024-08-16T00:00:00.000Z,2024-08-16,2766329.43989931,2768430.333915438,1944777.69471705,1946254.2797132167,821551.74518226,822176.0542022215,0,0,1018.24480718,1018.9993225689491,0,0,0.21087045144761904,0.11859753058095238,0.7030179640121186,0,0,0,0
USDC,wanUSDC,2024-08-17T00:00:00.000Z,2024-08-17,2759219.23954106,2758757.010907792,1945810.4630364599,1945484.5170548845,813408.7765046,813272.4938529077,0,0,1045.70447492,1045.526406442682,0,0,0.21672545929047618,0.12226841811904762,0.7052032790447894,0,0,0,0
USDC,wanUSDC,2024-08-18T00:00:00.000Z,2024-08-18,2759849.93027915,2759588.11717943,1946855.15853644,1946670.4647795549,812994.77174271,812917.6523998753,0,0,1048.83108174,1048.6980225320121,0,0,0.21730953573333334,0.12263571768571428,0.7054206559961502,0,0,0,0
USDC,wanUSDC,2024-08-19T00:00:00.000Z,2024-08-19,2760468.07013366,2759244.128916151,1947904.1022004199,1947040.425503598,812563.96793324,812203.7034125528,0,0,1076.51412974,1076.0409577458142,0,0,0.21790639971428571,0.12301125474761905,0.7056426816165089,0,0,0,0
USDC,wanUSDC,2024-08-20T00:00:00.000Z,2024-08-20,2764264.77028518,2764477.6888045315,1948962.29278556,1949112.2705546946,815302.47749962,815365.4182498368,0,0,1047.80248558,1047.882332970083,0,0,0.2163439418,0.1220322868904762,0.7050591511860368,0,0,0,0
USDC,wanUSDC,2024-08-21T00:00:00.000Z,2024-08-21,2776971.92441579,2778425.761975806,1949996.26707266,1951017.6963895438,826975.65734313,827408.0655862621,0,0,1013.56430696,1014.0865268581962,0,0,0.20869358693333334,0.11723706278571429,0.7022030147553673,0,0,0,0
USDC,wanUSDC,2024-08-22T00:00:00.000Z,2024-08-22,2781677.92620485,2782116.998364717,1949487.98369396,1949795.6621355643,832189.94251089,832321.3362291524,0,0,1020.41236193,1020.5878747856085,0,0,0.20503840078571428,0.11495793091428572,0.7008316654407679,0,0,0,0
USDC,wanUSDC,2024-08-23T00:00:00.000Z,2024-08-23,2784077.59022444,2783473.2365250974,1950483.37596503,1950060.034609984,833594.21425941,833413.2019151135,0,0,994.77065792,994.5344664095394,0,0,0.20438315227619047,0.11455039343333333,0.7005852451999944,0,0,0,0
USDC,wanUSDC,2024-08-24T00:00:00.000Z,2024-08-24,2784897.3636502502,2784494.9828010714,1951461.9041502401,1951179.8657163598,833435.45950001,833315.1170847117,149.357421,149.301411967125,996.7423305,996.6012724543099,7.11524103,7.11257281461375,0.20476869395714287,0.11479011325238095,0.7007302767731292,0,0,0,0
USDC,wanUSDC,2024-08-25T00:00:00.000Z,2024-08-25,2772219.97756001,2771996.780707061,1952327.82124657,1952170.614333985,819892.15631344,819826.1663730758,0,0,1034.53347558,1034.4522637259697,0,0,0.21422074027619048,0.12071345556190476,0.7042597283043512,0,0,0,0
USDC,wanUSDC,2024-08-26T00:00:00.000Z,2024-08-26,2751595.65778382,2751892.016000255,1953401.8189031999,1953612.4320660862,798193.83888062,798279.5839341689,0,0,1105.29645427,1105.4053281999088,0,0,0.22945679123809523,0.13031806334285714,0.7099170612084316,0,0,0,0
USDC,wanUSDC,2024-08-27T00:00:00.000Z,2024-08-27,2741111.58932153,2740935.381137768,1954519.0784549,1954393.4520932375,786592.51086663,786541.92904453,0,0,1142.73876948,1142.6606692504097,0,0,0.23797066930952382,0.1357507684142857,0.713041493667156,0,0,0,0
USDC,wanUSDC,2024-08-28T00:00:00.000Z,2024-08-28,2726298.83675747,2726227.9436167465,1955694.32558838,1955644.9234079507,770604.51116909,770583.0202087959,0,0,1220.35397793,1220.2608248368217,0,0,0.24982477881904763,0.1433845188047619,0.7173528810104164,0,0,0,0
USDC,wanUSDC,2024-08-29T00:00:00.000Z,2024-08-29,2722312.92670092,2722280.953742077,1955694.46189966,1955671.7025730442,766618.46480126,766609.251169033,25449,25440.143748,1214.38048014,1214.3660263201918,25449,25440.143748,0.25270547785714287,0.14524667334761904,0.7183966650117554,0,0,0,0
USDC,wanUSDC,2024-08-30T00:00:00.000Z,2024-08-30,2716197.79152029,2715563.4358137273,1932603.31329035,1932150.3700900024,783594.47822994,783413.065723725,0,0,1108.56780463,1108.358936763041,0,0,0.23388262673809523,0.13316257953809524,0.7115298662013735,0,0,0,0
USDC,wanUSDC,2024-08-31T00:00:00.000Z,2024-08-31,2699742.56591763,2699386.980703899,1935049.1174836,1934793.655318367,764693.44843403,764593.3253855321,0,0,1177.2434434,1177.0773955450602,0,0,0.24815811848571429,0.14229681207142858,0.7167547296536197,30.0725077,30.0657714582752,2.36188,0.82228143636
USDC,wanUSDC,2024-09-01T00:00:00.000Z,2024-09-01,2708972.55061681,2709637.8236034764,1937927.31109156,1938403.1857917453,771045.23952525,771234.6378117313,0,0,1161.49575345,1161.7658081919783,0,0,0.24435524965238095,0.1398443329095238,0.7153735820247391,0,0,0,0
USDC,wanUSDC,2024-09-02T00:00:00.000Z,2024-09-02,2708904.69654141,2708969.812922472,1938997.34720006,1939043.9292408575,769907.34934135,769925.8836816147,49.61822518,49.61822518,1167.19521689,1167.2151427963342,1.77866656,1.77866656,0.24548998916,0.14057474568,0.7157864728819759,0,0,0,0
USDC,wanUSDC,2024-09-03T00:00:00.000Z,2024-09-03,2707485.65638897,2706749.9664985538,1940156.9020977998,1939629.6965893775,767328.75429117,767120.2699091762,0,0,1204.04304336,1203.7242667863495,0,0,0.2477016763047619,0.14200060723333333,0.716589981989148,0,0,0,0
USDC,wanUSDC,2024-09-04T00:00:00.000Z,2024-09-04,2703158.3714458,2703435.7833654126,1941672.73414968,1941872.1455002958,761485.63729612,761563.637865117,0,0,1225.44708977,1225.565871482322,0,0,0.25241527380952383,0.14504765475238096,0.7182978700560974,3.5,3.499937,2.17224,0.68274806544
USDC,wanUSDC,2024-09-05T00:00:00.000Z,2024-09-05,2701674.21709961,2701920.6936522294,1942899.4940692699,1943076.5045927148,758774.72303034,758844.1890595144,0,0,1182.44858767,1182.5496296660883,0,0,0.25476574474,0.14657182098,0.7191468939859555,0,0,0,0
USDC,wanUSDC,2024-09-06T00:00:00.000Z,2024-09-06,2716239.64800752,2715280.135587617,1944358.00527456,1943671.393682918,771881.64273296,771608.7419046985,0,0,1175.43055771,1175.0404150481652,0,0,0.24562568980555555,0.14066850344444445,0.715832277588007,20,19.99168,2.17224,0.66577635432
USDC,wanUSDC,2024-09-07T00:00:00.000Z,2024-09-07,2733841.89582539,2733459.414503187,1947242.85391127,1946970.4045941252,786599.04191412,786489.0099090617,0,0,1183.31068871,1183.1391838090774,0,0,0.2358670994095238,0.1344015343,0.7122734074470237,0,0,0,0
USDC,wanUSDC,2024-09-08T00:00:00.000Z,2024-09-08,2733861.76593196,2733880.2368544643,1948378.15917225,1948391.3194998496,785483.60675971,785488.9173546148,0,0,1083.4100354,1083.4164232719693,0,0,0.236986501845,0.13511710339,0.7126834910453502,0,0,0,0
USDC,wanUSDC,2024-09-09T00:00:00.000Z,2024-09-09,2719003.8857411,2719495.3044165284,1949208.11135744,1949559.7220289223,769795.77438366,769935.5823876061,346.5,346.38219,1210.4351769,1210.6610826652745,5.4739209,5.472059766894,0.24852855661428572,0.14253974997619048,0.7168870167584757,0,0,0,0
USDC,wanUSDC,2024-09-10T00:00:00.000Z,2024-09-10,2658051.48122006,2657691.8487239974,1950107.36142616,1949836.1603267312,707944.1197939,707855.688397266,0,0,1406.72147074,1406.4225772780148,0,0,0.29671441537142856,0.17455205402380952,0.7338720706530881,0,0,0,0
USDC,wanUSDC,2024-09-11T00:00:00.000Z,2024-09-11,2565058.72848967,2563895.7760172924,1951333.3432062801,1950450.6398511634,613725.38528339,613445.1361661288,0,0,1649.07077061,1648.3310762095336,0,0,0.37581139281,0.22885774355,0.7608042593369343,0,0,0,0
USDC,wanUSDC,2024-09-12T00:00:00.000Z,2024-09-12,2563193.5301908804,2563288.8472314463,1953048.8730570502,1953120.8219150042,610144.65713383,610168.0253164422,0,0,1766.05680703,1766.0963358534173,0,0,0.37921450955714286,0.23117976726190476,0.7619704103380824,0,0,0,0
USDC,wanUSDC,2024-09-13T00:00:00.000Z,2024-09-13,2581746.08105544,2581529.6595880943,1954743.9192220701,1954580.1331054275,627002.16183337,626949.5264826668,0,0,1667.89320298,1667.7570542097387,0,0,0.3645599582285714,0.22081911872380952,0.7571406705855622,0,0,0,0
USDC,wanUSDC,2024-09-14T00:00:00.000Z,2024-09-14,2600514.58703175,2599921.7389186593,1956392.9013485801,1955945.3557297338,644121.68568317,643976.3831889257,0,0,1652.56641847,1652.199356244574,0,0,0.3501470138809524,0.21075914632380952,0.7523219133199227,0,0,0,0
USDC,wanUSDC,2024-09-15T00:00:00.000Z,2024-09-15,2681898.48572924,2681643.13816196,1957898.22498905,1957712.1368041418,724000.26074019,723931.001357818,0,0,1360.41708207,1360.2872681375088,0,0,0.28560926751904764,0.1669162620190476,0.7300989819369257,0,0,0,0
USDC,wanUSDC,2024-09-16T00:00:00.000Z,2024-09-16,2690821.0267909802,2692335.540696861,1959224.3262966701,1960327.0319555285,731596.70049431,732008.5087413329,0,0,1357.02321523,1357.7465478706526,0,0,0.2798537951142857,0.16301237481904762,0.7281139452998958,0,0,0,0
USDC,wanUSDC,2024-09-17T00:00:00.000Z,2024-09-17,2692185.8681514403,2691664.9714136226,1960777.63349305,1960398.2817399087,731408.23465839,731266.6896737138,0,0,1267.97308953,1267.7646111465747,0,0,0.28044129635,0.163401230225,0.728321809293172,12,12,2.36188,0.79511745448
USDC,wanUSDC,2024-09-18T00:00:00.000Z,2024-09-18,2702160.85878065,2700779.371219933,1963040.67879519,1962037.8549171383,739120.17998546,738741.5163027945,0,0,1341.47545784,1340.7926150056373,0,0,0.2752365592142857,0.15996729247142857,0.7264742957280638,0,0,0,0
USDC,wanUSDC,2024-09-19T00:00:00.000Z,2024-09-19,2705220.61315086,2705495.381096901,1964374.79058163,1964574.0449837823,740845.82256923,740921.3361131187,36.38683838,36.38683838,1336.76263254,1336.8615298548732,1.61205089,1.61205089,0.2743037635428571,0.15935036827142857,0.7261440027339374,0.3,0.2999871,2.36188,0.82046751252
USDC,wanUSDC,2024-09-20T00:00:00.000Z,2024-09-20,2705732.28357476,2704940.0846342873,1964625.30291763,1964049.95157259,741106.98065713,740890.1330616972,470.25,470.19780225,1304.63851606,1304.2648640910268,4.08308715,4.08263392732635,0.274185567805,0.159274740825,0.7261007529743435,4.75,4.74947275,2.17224,0.76221512136
USDC,wanUSDC,2024-09-21T00:00:00.000Z,2024-09-21,2703102.2153195404,2702808.800375214,1965798.6371916402,1965585.2498886953,737303.5781279,737223.5504865184,0,0,1290.33390062,1290.1896184419181,0,0,0.277381128145,0.161377708125,0.7272380249605539,0,0,0,0
USDC,wanUSDC,2024-09-22T00:00:00.000Z,2024-09-22,2700853.8935640203,2700249.0286324862,1967097.55005302,1966656.464132686,733756.343511,733592.5644998006,0,0,1364.65889358,1364.2955366799029,0,0,0.2804570882047619,0.16341433734761904,0.7283259417296867,0,0,0,0
USDC,wanUSDC,2024-09-23T00:00:00.000Z,2024-09-23,2699244.0479194,2698782.758966641,1968364.6713416101,1968028.4574579832,730879.37657779,730754.3015086578,0,0,1346.83537714,1346.601973759383,0,0,0.28300691527142857,0.16510158602380953,0.7292283334791341,0,0,0,0
USDC,wanUSDC,2024-09-24T00:00:00.000Z,2024-09-24,2702308.2081221403,2701570.118720969,1969721.0845248401,1969183.163909181,732587.1235973,732386.9548117883,0,0,1374.91035683,1374.5440950237194,0,0,0.28208618371904765,0.1644909047,0.7289032634439526,0,0,0,0
USDC,wanUSDC,2024-09-25T00:00:00.000Z,2024-09-25,2898030.56748689,2897065.131723379,1971725.6745369202,1971082.1784013999,926304.89294997,925982.9533219791,0,0,812.5139619,812.3186152399713,0,0,0.159460866055,0.089468660895,0.6820513444402931,0,0,0,0
USDC,wanUSDC,2024-09-26T00:00:00.000Z,2024-09-26,2866269.44325816,2865415.750055216,1974030.52486986,1973443.085153299,892238.9183883,891972.6649019168,0,0,874.77006101,874.4958530170067,0,0,0.17565956504285715,0.09760692358095238,0.689252349479321,2.84573448,2.84454969998816,4.32724,1.72998078874
USDC,wanUSDC,2024-09-27T00:00:00.000Z,2024-09-27,2809133.75436464,2809608.590615906,1975271.7025437402,1975605.5455831243,833862.0518209,834003.0450327817,0,0,1039.13852918,1039.3102412415797,0,0,0.21125029646190477,0.11883436465714285,0.7031604799813993,0,0,0,0
USDC,wanUSDC,2024-09-28T00:00:00.000Z,2024-09-28,2808631.79230799,2808450.553340809,1976295.5793566601,1976168.101273007,832336.21295133,832282.452067802,0,0,1018.20772427,1018.142387727747,0,0,0.21257670289,0.119669184985,0.7036537368051755,0,0,0,0
USDC,wanUSDC,2024-09-29T00:00:00.000Z,2024-09-29,2791973.25920068,2791750.3088746183,1977537.08765949,1977379.1908236353,814436.17154119,814371.118050983,0,0,1127.03284323,1126.9405069911204,0,0,0.22505580053333332,0.12752459432857144,0.708293690550594,20,19.99878,2.16362,0.87291465262
USDC,wanUSDC,2024-09-30T00:00:00.000Z,2024-09-30,2794619.05496324,2794523.796701721,1979830.70769984,1979763.3710804256,814788.3472634,814760.4256212952,0,0,1083.12354878,1083.0718658897595,0,0,0.225479806845,0.12779844378,0.7084474368367402,0,0,0,0
USDC,wanUSDC,2024-10-01T00:00:00.000Z,2024-10-01,2811307.7640206,2811529.1301421225,1979508.45890295,1979663.5220215512,831799.30511765,831865.6081205711,0,0,1092.80238828,1092.8365964224286,0,0,0.2138344918095238,0.12045483075714286,0.7041248524229764,0,0,0,0
USDC,wanUSDC,2024-10-02T00:00:00.000Z,2024-10-02,2808853.7974498,2809711.439780372,1981474.00383222,1982078.3756933014,827379.79361758,827633.0640870706,0,0,1039.12637007,1039.4102882827954,0,0,0.21736066522,0.12266852605,0.7054393156368426,22.5,22.510906,4.32724,1.54317816518
USDC,wanUSDC,2024-10-03T00:00:00.000Z,2024-10-03,2774055.51331593,2774434.3838508087,1982675.9865993701,1982945.004551065,791379.52671656,791489.3792997439,127.20709914,127.15532585065,1186.4954128,1186.654770232072,0.2421777,0.2420791336761,0.2436213870857143,0.13967903753333333,0.7149358843541784,15,14.996415,2.16362,0.75032827066
USDC,wanUSDC,2024-10-04T00:00:00.000Z,2024-10-04,2718356.7914108103,2718255.020913411,1982984.0301111802,1982909.9386349162,735372.76129963,735345.0822784947,0,0,1354.80643221,1354.7694025926794,0,0,0.28371958011,0.165574981005,0.7294795524207367,0.5,0.4999645,2.17224,0.76711786704
USDC,wanUSDC,2024-10-05T00:00:00.000Z,2024-10-05,2728148.3783094604,2727894.1331681204,1984353.9819297502,1984169.0591791272,743794.39637971,743725.0739889932,0,0,1359.14119969,1359.013035728187,0,0,0.2777338595047619,0.16161086584761905,0.727362993923423,0,0,0,0
USDC,wanUSDC,2024-10-06T00:00:00.000Z,2024-10-06,2730927.63123646,2730377.8914722833,1985711.75821312,1985312.10244488,745215.87302334,745065.7890274033,0,0,1357.80819206,1357.5201869558718,0,0,0.27704858784285713,0.16115823448095237,0.7271200241457998,0,0,0,0
USDC,wanUSDC,2024-10-07T00:00:00.000Z,2024-10-07,2733101.7362038903,2733509.968658842,1987306.0871939,1987602.6634457093,745795.64900999,745907.3052131328,0,0,1296.35039151,1296.5129007796795,0,0,0.27706599442,0.16117082094,0.7271255980572515,3.86,3.85967576,2.16362,0.78507817148
USDC,wanUSDC,2024-10-08T00:00:00.000Z,2024-10-08,2752420.46571585,2752737.3315600795,2112631.27660259,2112901.4303633,639789.18911326,639835.9011967796,0,0,1818.67404974,1818.992147385586,0,0,0.41252261121,0.265845268185,0.7673484438854428,4616.96003686,4613.265805790549,10.9905,3.8041153878
USDC,wanUSDC,2024-10-09T00:00:00.000Z,2024-10-09,2787361.0572358505,2786798.55996495,2453470.2712425203,2452976.475156384,333890.78599333,333822.08480856626,249.5,249.443114,4094.23545799,4093.4722031789424,5.92199223,5.92064201577156,0.7908601754333333,0.5570132447857142,0.8802477530171997,0,0,0,0
USDC,wanUSDC,2024-10-10T00:00:00.000Z,2024-10-10,2951361.58263848,2951403.7294586124,2457286.11444412,2457306.6824508896,494075.46819436,494097.04700772284,0,0,3325.04794298,3325.240597096476,0,0,0.6303516587619048,0.427399665052381,0.8353628731287747,0,0,0,0
USDC,wanUSDC,2024-10-11T00:00:00.000Z,2024-10-11,3196227.22787864,3197190.801229089,2459808.15423306,2460549.922967678,736419.07364558,736640.8782614111,0,0,1989.04104972,1989.6731150722183,0,0,0.350240488595,0.215630895025,0.7695975039018784,0,0,0,0
USDC,wanUSDC,2024-10-12T00:00:00.000Z,2024-10-12,3195460.94100635,3194993.7992021437,2461656.78745445,2461296.9192197826,733804.1535519,733696.8799823612,396,395.909316,1804.88530905,1804.6275909482054,1.07045571,1.07021057564241,0.30797550087142855,0.1898017200809524,0.7703604629195868,4,3.999084,2.17224,0.76784991192
USDC,wanUSDC,2024-10-13T00:00:00.000Z,2024-10-13,3162839.8158709295,3161953.447861029,2463467.3527303496,2462778.0742752147,699372.46314058,699175.3735858143,0,0,1864.2912957,1863.7903312314097,0,0,0.31117543336666664,0.19391628365714286,0.7789236733624867,0,0,0,0
USDC,wanUSDC,2024-10-14T00:00:00.000Z,2024-10-14,3140975.4152798397,3141608.723962688,2465297.7611327497,2465795.9731266606,675677.65414709,675812.7508360273,0,0,1792.7741492,1793.1623470449101,0,0,0.313404691755,0.196789991395,0.784885373785929,0,0,0,0
USDC,wanUSDC,2024-10-15T00:00:00.000Z,2024-10-15,3141880.4315109,3142540.6419594046,2467176.01619431,2467694.9039677144,674704.41531659,674845.7379916902,0,0,1922.42988661,1922.75284059152,0,0,0.3135437582857143,0.19697040707619048,0.7852566590440767,0,0,0,0
USDC,wanUSDC,2024-10-16T00:00:00.000Z,2024-10-16,3125666.24160638,3125561.744062455,2469032.70740168,2468950.2282052683,656633.5342047,656611.5158571868,0,0,1804.63208048,1804.55672117064,0,0,0.31529271042,0.19924566759,0.7899226835425371,0.3,0.2996232,2.16362,0.7771182135
USDC,wanUSDC,2024-10-17T00:00:00.000Z,2024-10-17,3099386.2975948397,3099473.6986378226,2470897.18667776,2470965.6736804037,628489.11091708,628508.0249574189,0,0,1905.36071923,1905.3956418538892,0,0,0.31804524995714284,0.20285636754761904,0.7972500698630517,0,0,0,0
USDC,wanUSDC,2024-10-18T00:00:00.000Z,2024-10-18,3080121.88538794,3080142.0879992954,2472767.0240275897,2472783.21809686,607354.86136035,607358.869902435,0,0,1875.54818654,1875.6116928177812,0,0,0.32013723848,0.20560869509,0.8028146605095262,0,0,0,0
USDC,wanUSDC,2024-10-19T00:00:00.000Z,2024-10-19,3080740.47341877,3080156.434600659,2474634.26205841,2474165.2361351587,606106.21136036,605991.1984655006,0,0,1877.78978948,1877.418750969256,0,0,0.3203047779,0.205830353085,0.8032596420093546,0,0,0,0
USDC,wanUSDC,2024-10-20T00:00:00.000Z,2024-10-20,3083081.5488433903,3082677.0894948007,2477604.07393006,2477279.0368758454,605477.47491333,605398.0526189551,0,0,1837.0189472,1836.778945433363,0,0,0.32043779094,0.20600639366,0.8036128889228026,20,19.99932,2.16362,0.759106077
USDC,wanUSDC,2024-10-21T00:00:00.000Z,2024-10-21,3088654.08208047,3087691.491326821,2537552.85542876,2536768.274375828,551101.22665171,550923.2169509928,0,0,2054.01056685,2053.383009850516,0,0,0.327790209552381,0.21590263182380953,0.8215487415672404,3000,2998.563,4.3962,1.5759761532
USDC,wanUSDC,2024-10-22T00:00:00.000Z,2024-10-22,3101410.17393025,3100612.5978984283,2782534.91094005,2781819.273752499,318875.2629902,318793.3241459296,149.70639564,149.70639564,2260.93631961,2260.349174134378,101.3448754,101.3448754,0.356146946475,0.25562344039,0.897183843132094,0,0,0,0
USDC,wanUSDC,2024-10-23T00:00:00.000Z,2024-10-23,3099712.98057912,3098998.283110767,2784764.10275857,2784121.817694084,314948.87782055,314876.4654166835,0,0,2372.80920539,2372.264156578708,0,0,0.3566158202761905,0.2563062353142857,0.8983957727322331,0,0,0,0
USDC,wanUSDC,2024-10-24T00:00:00.000Z,2024-10-24,3101578.7183655603,3101389.1782485642,2787116.0334052104,2786946.3270120076,314462.68496035,314442.85123655683,0,0,2375.79520042,2375.6454784623115,0,0,0.3567002459809524,0.2564291464,0.8986140112039799,0,0,0,0
USDC,wanUSDC,2024-10-25T00:00:00.000Z,2024-10-25,3108147.4513095305,3107065.4302263395,2789445.4491013205,2788472.671090331,318702.00220821,318592.7591360086,0,0,2266.69105429,2265.9653376155766,0,0,0.3562552725,0.255781395765,0.8974637313116632,0,0,0,0
USDC,wanUSDC,2024-10-26T00:00:00.000Z,2024-10-26,3106680.0350227403,3106528.863778264,2796358.20498962,2796222.172895437,310321.83003312,310306.69088282675,0,0,2341.66095554,2341.537962965691,0,0,0.35871317455714286,0.2583066042857143,0.9001115807561909,48.12014234,48.16826248234,2.16362,0.70366547812
USDC,wanUSDC,2024-10-27T00:00:00.000Z,2024-10-27,3148886.06900579,3148530.0805263855,2799553.74274402,2799239.3235090887,349332.32626177,349290.7570172968,0,0,2372.20148307,2371.938883569556,0,0,0.3536151827333333,0.25163409163809525,0.8892825891587621,0,0,0,0
USDC,wanUSDC,2024-10-28T00:00:00.000Z,2024-10-28,3290205.3776468704,3289585.9193923785,2839185.3153879703,2838647.3886232455,451020.0622589,450938.5307691332,0,0,2371.11157226,2370.6764713769053,0,0,0.3481292619285714,0.24080829602380951,0.8635893497964855,1277.85685808,1276.290205571994,4.3962,1.4656227408
USDC,wanUSDC,2024-10-29T00:00:00.000Z,2024-10-29,3523230.4438881697,3523449.734624576,2932761.4249452,2932944.1175440657,590469.01894297,590505.6170805099,0,0,2238.29748656,2238.413631081791,0,0,0.331325095035,0.220637903035,0.8324070629244318,0,0,0,0
USDC,wanUSDC,2024-10-30T00:00:00.000Z,2024-10-30,3526166.4363572802,3526428.6956184953,2935028.71077487,2935246.9798052236,591137.72558241,591181.7158132715,0,0,2293.20121767,2293.3628106303763,0,0,0.3313060158619048,0.22061185855238094,0.8323568201770027,0,0,0,0
USDC,wanUSDC,2024-10-31T00:00:00.000Z,2024-10-31,3512717.87950354,3511641.3890763433,2937354.51157415,2936454.045601801,575363.36792939,575187.3434745423,0,0,2356.50406719,2355.7473680855483,0,0,0.3327793322285714,0.2226315749904762,0.8362320541187802,0,0,0,0
USDC,wanUSDC,2024-11-01T00:00:00.000Z,2024-11-01,3488854.66127405,3489070.6977827833,2939696.8425705,2939878.353106496,549157.81870355,549192.3446762874,0,0,2320.60425901,2320.708886045237,0,0,0.33519951113809526,0.22595064663333334,0.8425970857377114,0,0,0,0
USDC,wanUSDC,2024-11-02T00:00:00.000Z,2024-11-02,3504764.3026809804,3504363.413027832,2942057.8453064202,2941721.324569426,562706.45737456,562642.0884584058,0,0,2368.81943254,2368.556174767158,0,0,0.33399993059047617,0.22429974276666667,0.8394453042021625,0,0,0,0
USDC,wanUSDC,2024-11-03T00:00:00.000Z,2024-11-03,3510088.8038456202,3510435.652728562,2944328.14955339,2944618.7966803326,565760.65429223,565816.856048229,0,0,2207.64739636,2207.856017075955,0,0,0.333761749215,0.223972673445,0.8388191180490243,0,0,0,0
USDC,wanUSDC,2024-11-04T00:00:00.000Z,2024-11-04,3523603.2710295697,3523214.6665822268,2946610.1375084,2946283.9937134213,576993.13352117,576930.6728688055,0,0,2365.45320678,2365.1684115315084,0,0,0.3327878260238095,0.22263870715238096,0.8362568120646883,0,0,0,0
USDC,wanUSDC,2024-11-05T00:00:00.000Z,2024-11-05,3572842.8006381597,3571791.7888713963,2948938.37912205,2948080.7062800657,623904.42151611,623711.0825913306,0,0,2289.7481868,2289.1023643167164,0,0,0.32869522675714286,0.21708202937142856,0.825463320991976,0,0,0,0
USDC,wanUSDC,2024-11-06T00:00:00.000Z,2024-11-06,3635222.1496769898,3636008.1013639714,2951151.11552954,2951793.4367870525,684071.03414745,684214.6645769187,0,0,2313.20618589,2313.687142711799,0,0,0.3235530347904762,0.2101585860952381,0.8118704131922247,0,0,0,0
USDC,wanUSDC,2024-11-07T00:00:00.000Z,2024-11-07,3419174.35221796,3418682.615384676,2951236.51691769,2950816.2551545366,467937.83530027,467866.36023013934,0,0,2430.26603829,2429.845075654512,0,0,0.34348435245238096,0.23772219388571428,0.8641671723220191,0,0,0,0
USDC,wanUSDC,2024-11-08T00:00:00.000Z,2024-11-08,3403679.10477156,3402872.597170147,2949560.4389289,2948873.443051388,454118.66584266,453999.15411875915,0,0,2280.66231846,2280.204763428805,0,0,0.344782094725,0.23954657166,0.8675564306071184,0,0,0,0
USDC,wanUSDC,2024-11-09T00:00:00.000Z,2024-11-09,3399268.14786772,3399689.479664075,2953249.89746699,2953610.5302957525,446018.25040073,446078.94936832273,0,0,2455.77205008,2456.0466012611796,0,0,0.3452801197047619,0.2400677784047619,0.8689526197160508,22.5,22.4982225,2.16362,0.94149275214
USDC,wanUSDC,2024-11-10T00:00:00.000Z,2024-11-10,3421776.30155726,3420777.619325175,2957796.19532711,2956937.2778101168,463980.10623015,463840.3415150581,0,0,2446.03502767,2445.3175104152724,0,0,0.3435452654952381,0.23759099951428572,0.8644420725373344,45,45,2.16362,1.26297639346
USDC,wanUSDC,2024-11-11T00:00:00.000Z,2024-11-11,3409102.29205596,3408767.3840924706,2960723.44210771,2960431.195853035,448378.84994825,448336.1882394357,109.8798,109.9896798,2459.66375623,2459.3819701705734,18.79264507,18.81143771507,0.3450902109,0.2397626311047619,0.8684769897920822,0,0,0,0
USDC,wanUSDC,2024-11-12T00:00:00.000Z,2024-11-12,3415277.12350936,3413204.468155263,2962964.4292499,2961167.580957529,452312.69425946,452036.8871977339,0,0,2292.74665795,2291.32602916722,0,0,0.34474228155,0.239271999575,0.8675691437785531,0,0,0,0
USDC,wanUSDC,2024-11-13T00:00:00.000Z,2024-11-13,3426233.4691091604,3423600.72164622,2965569.9146882603,2963293.0462729605,460663.5544209,460307.6753732596,0,0,2456.55529801,2454.5787914133834,0,0,0.34396948274285716,0.23818077848571428,0.8655534720403993,15.99025796,15.96521721603464,2.16362,1.23170126636
USDC,wanUSDC,2024-11-14T00:00:00.000Z,2024-11-14,3368077.2865982,3366651.467609578,2969687.11385096,2968410.06903659,398390.17274724,398241.3985729877,0,0,2492.59056747,2491.2048846472285,0,0,0.3502651084882353,0.2471786104,0.8819166108620681,28,28.028,2.17224,1.23091282944
USDC,wanUSDC,2024-11-15T00:00:00.000Z,2024-11-15,3342044.10763294,3342366.949580705,2971591.30604445,2971873.8042951357,370452.80158849,370493.1452855692,0,0,2408.10701704,2408.321995288756,0,0,0.3530840657,0.251206403215,0.8892440328223703,1.1,1.1011,2.16362,1.2798353205
USDC,wanUSDC,2024-11-16T00:00:00.000Z,2024-11-16,3495332.47056891,3495201.3781772773,2974089.0223099496,2973988.409514358,521243.44825896,521212.9686629195,0,0,2434.00865438,2433.926264043744,0,0,0.3384082026333333,0.23042040516190476,0.8509988236599038,18.68135936,18.67625934889472,2.16362,1.66044420556
USDC,wanUSDC,2024-11-17T00:00:00.000Z,2024-11-17,3473429.28277269,3472342.9173330595,2978112.27720101,2977179.708883008,495317.00557168,495163.2084500513,0,0,2450.1181937,2449.378704070113,0,0,0.34085176856190474,0.23380238627142857,0.857408846752316,0,0,0,0
USDC,wanUSDC,2024-11-18T00:00:00.000Z,2024-11-18,3466152.65682221,3466169.2216622736,2980999.01046969,2981013.0219258177,485153.64635252,485156.19973645604,0,0,2347.51549569,2347.519967194545,0,0,0.34185434569,0.23520439068,0.8600311386627231,25,25.025,2.16362,1.6242619883
USDC,wanUSDC,2024-11-19T00:00:00.000Z,2024-11-19,3467621.91428879,3467201.1615147116,2989724.82550114,2989358.3811839544,477897.08878765,477842.7803307573,0,0,2414.52959651,2414.3518367153833,0,0,0.3426780951095238,0.2363632313,0.8621820101371774,324.09332208,323.5091543545234,4.36172,3.23776862158
USDC,wanUSDC,2024-11-20T00:00:00.000Z,2024-11-20,3411062.6837669304,3411095.4363585175,2989883.33152351,2989906.5003599264,421179.35224342,421188.9359985913,30399.56999999,30429.96956998999,2448.02646945,2448.1441968852128,3.42367192,3.42709559192,0.348223163355,0.244234753735,0.8766228737243194,2.34232554,2.34167905815096,2.16362,1.73737820552
USDC,wanUSDC,2024-11-21T00:00:00.000Z,2024-11-21,3360056.2922400194,3361501.337449363,2992539.4542176896,2993835.774031886,367516.83802233,367665.56341747695,0,0,2598.85192131,2600.096737194475,0,0,0.36437065005238095,0.2597766940142857,0.8907228929448354,0,0,0,0
USDC,wanUSDC,2024-11-22T00:00:00.000Z,2024-11-22,3333873.7763338806,3333811.6153107886,2993354.4950256404,2993292.693264418,340519.28130824,340518.922046371,0,0,2632.48747993,2632.3499238147197,0,0,0.36544187613333334,0.2625790619142857,0.897952068837402,0,0,0,0
USDC,wanUSDC,2024-11-23T00:00:00.000Z,2024-11-23,3468282.7284807,3467672.7614990417,3001105.7644405197,3000581.02482294,467176.96404018,467091.7366761014,9899.9604,9898.72290495,2318.10871849,2317.671979174641,0,0,0.34391595426,0.23812824162,0.8654015717225041,160.25983358,160.23278363,10.8612,11.94264796
USDC,wanUSDC,2024-11-24T00:00:00.000Z,2024-11-24,3404843.19580862,3404092.549452074,3004077.43626985,3003412.431794663,400765.75953877,400680.11765741097,0,0,2591.06494715,2590.4803110698053,0,0,0.3504034883714286,0.247330528,0.8823006672766,0,0,0,0
USDC,wanUSDC,2024-11-25T00:00:00.000Z,2024-11-25,3327804.36478449,3327609.374139639,3004896.29010318,3004698.984041152,322908.07468131,322910.39009848714,0,0,2942.36943828,2942.078446665235,0,0,0.44935112964,0.32568090906,0.9032170756881726,0,0,0,0
USDC,wanUSDC,2024-11-26T00:00:00.000Z,2024-11-26,3304794.31429487,3303893.534636271,3005337.12669159,3004519.833185162,299457.18760328,299373.70145110926,0,0,3161.47957525,3160.608175022826,0,0,0.4522023250952381,0.3290037414761905,0.909390229989261,0,0,0,0
USDC,wanUSDC,2024-11-27T00:00:00.000Z,2024-11-27,3315565.18818773,3316796.5730604758,3008399.77230029,3009515.8765237196,307165.41588744,307280.69653675606,0,0,3035.0940889,3036.1196759521226,0,0,0.4310680134952381,0.3129152739,0.9073579166996865,0,0,0,0
USDC,wanUSDC,2024-11-28T00:00:00.000Z,2024-11-28,3313921.20795599,3313564.8742850204,3011316.97866689,3010992.74901186,302604.2292891,302572.1252731603,0,0,2969.52454879,2969.1538749628858,0,0,0.444818609965,0.323368181645,0.9086877088129354,0,0,0,0
USDC,wanUSDC,2024-11-29T00:00:00.000Z,2024-11-29,3336213.9757344397,3335634.6062708823,3014891.268491,3014370.5850743433,321322.70724344,321264.021196539,0,0,2852.54621831,2852.0468772817158,0,0,0.419273661275,0.303409578005,0.9037609790586663,120,119.90412,2.1981,2.3036088
USDC,wanUSDC,2024-11-30T00:00:00.000Z,2024-11-30,3397879.5214928803,3397302.0621156315,3020255.24834717,3019741.5511988564,377624.27314571,377560.5109167752,0,0,2575.70748785,2575.251786231576,0,0,0.35391735484761905,0.2516810606857143,0.8888647810664951,492.93731796,492.75323796,10.88706,11.92552002
USDC,wanUSDC,2024-12-01T00:00:00.000Z,2024-12-01,3404148.1204665694,3403365.1850057663,3068902.5541813397,3068195.9020075407,335245.56628523,335169.28299822577,0,0,2823.91076506,2823.313899329397,0,0,0.3746434276,0.27021077015238093,0.9015211306857834,0,0,0,0
USDC,wanUSDC,2024-12-02T00:00:00.000Z,2024-12-02,3460843.33932909,3458096.8685849244,3069196.76990827,3066758.2818963216,391646.56942082,391338.586688603,0,0,2497.85381542,2496.0806488374938,0,0,0.352168469425,0.249875633415,0.8868760797310111,0,0,0,0
USDC,wanUSDC,2024-12-03T00:00:00.000Z,2024-12-03,3468449.90760256,3468176.0442270134,3070835.2091969,3070592.701462611,397614.69840566,397583.34276440216,0,0,2614.00899781,2613.803868370857,0,0,0.35158317172380954,0.24902329903809522,0.8853632228669116,0,0,0,0
USDC,wanUSDC,2024-12-04T00:00:00.000Z,2024-12-04,3487104.2549893497,3487751.588783422,3074268.31009575,3074838.6946001346,412835.9448936,412912.8941832875,3960,3967.92,2489.41929719,2489.9720659533295,0,0,0.35013765664,0.24694823962,0.8816109911903558,60.36454298,60.43305737775928,4.32724,5.192688
USDC,wanUSDC,2024-12-05T00:00:00.000Z,2024-12-05,3500408.6842336804,3498617.988519277,3077885.91197569,3076332.8429519455,422522.77225799,422285.1455673315,0,0,2548.92609236,2547.5893714492263,0,0,0.349272450785,0.245724003685,0.8793556446315048,0,0,0,0
USDC,wanUSDC,2024-12-06T00:00:00.000Z,2024-12-06,3586700.15558092,3585183.423181797,3081858.46950379,3080553.990934117,504841.68607713,504629.4322476796,0,0,2557.92831833,2556.830310447608,0,0,0.34155427124285714,0.23478395887619047,0.8592467098079619,100,99.8759,2.1981,2.703663
USDC,wanUSDC,2024-12-07T00:00:00.000Z,2024-12-07,3590221.3779048603,3587134.625545181,3092908.02391886,3090248.898108486,497313.353986,496885.72743669484,0,0,2514.66139425,2512.577739615887,0,0,0.34240930948,0.23598332984,0.8614811386412334,0,0,0,0
USDC,wanUSDC,2024-12-08T00:00:00.000Z,2024-12-08,3592747.5699424203,3593260.2972947625,3096801.9655663604,3097244.116223266,495945.60437606,496016.1810714964,0,0,2460.30893621,2460.760730691452,0,0,0.342592340005,0.236240508385,0.8619592085534279,22,22.02261,4.33586,5.2029458
USDC,wanUSDC,2024-12-09T00:00:00.000Z,2024-12-09,3615911.7691470804,3616557.0547092864,3100275.7080426803,3100832.0997123094,515636.0611044,515724.95499697706,0,0,2570.27155522,2570.784353800227,0,0,0.340870463265,0.233838081385,0.8574526416623718,40,40,2.16362,2.14322139064
USDC,wanUSDC,2024-12-10T00:00:00.000Z,2024-12-10,3625371.86888806,3625371.868888056,3135371.15994582,3135371.159945819,490000.70894224,490000.7089422369,0,0,2478.03124493,2478.03124493,0,0,0.41695141007894737,0.2967196478368421,0.8648790930096998,5071.66544784,5071.66544784,17.44688,17.36755511374
USDC,wanUSDC,2024-12-11T00:00:00.000Z,2024-12-11,3731262.1915903096,3731262.191590311,3613597.9631533297,3613597.9631533297,117664.22843698,117664.2284369815,0,0,8455.56932739,8455.56932739,0,0,1.262757181745,0.98591959829,0.9690728228130111,0,0,0,0
USDC,wanUSDC,2024-12-12T00:00:00.000Z,2024-12-12,3946634.7567088297,3946634.7567088315,3617338.70232705,3617338.7023270535,329296.05438178,329296.054381778,0,0,4370.67611884,4370.67611884,0,0,0.53007574649,0.388868160725,0.9165857592432687,0,0,0,0
USDC,wanUSDC,2024-12-13T00:00:00.000Z,2024-12-13,4041016.7244059397,4041016.7244059434,3621239.8672877997,3621239.8672877993,419776.85711814,419776.857118144,0,0,3317.95620367,3317.95620367,0,0,0.386035503805,0.277267320735,0.8962229952380585,6.2,6.2,2.16362,2.37565476
USDC,wanUSDC,2024-12-14T00:00:00.000Z,2024-12-14,4052503.61514232,4052503.6151423203,3624624.81725948,3624624.817259482,427878.79788284,427878.797882838,0,0,2971.52023882,2971.52023882,0,0,0.355077092695,0.254069477965,0.8944163948627383,0,0,0,0
USDC,wanUSDC,2024-12-15T00:00:00.000Z,2024-12-15,4057210.21331044,4057210.213310439,3627677.9679603,3627677.967960299,429532.24535014,429532.24535014,0,0,3185.96653756,3185.96653756,0,0,0.35496684958095237,0.2539095280238095,0.8941311285531183,0,0,0,0
USDC,wanUSDC,2024-12-16T00:00:00.000Z,2024-12-16,4054081.59141833,4054081.5914183343,3630707.58069035,3630707.5806903536,423374.01072798,423374.0107279805,0,0,2979.75001356,2979.75001356,0,0,0.35552282091578946,0.25471666472631577,0.8955695078342872,0,0,0,0
USDC,wanUSDC,2024-12-17T00:00:00.000Z,2024-12-17,4054223.1549768,4054223.1549768024,3633426.64630418,3633426.646304178,420796.50867262,420796.5086726243,0,0,3197.5487807,3197.5487807,0,0,0.35576954744761907,0.2550747747190476,0.8962078666915727,0,0,0,0
USDC,wanUSDC,2024-12-18T00:00:00.000Z,2024-12-18,4058986.30860319,4058986.3086031917,3637228.86862889,3637228.8686288903,421757.4399743,421757.4399743015,0,0,2987.25545977,2987.25545977,0,0,0.35572525288,0.25501049046,0.8960932591217913,21,21,2.16362,2.26963738
USDC,wanUSDC,2024-12-19T00:00:00.000Z,2024-12-19,4050898.9921870097,4050898.992187018,3641262.8710046196,3641262.8710046234,409636.12118239,409636.12118239474,0,0,3135.94889606,3135.94889606,0,0,0.3784941710333333,0.2726182326904762,0.89894022196485,0,0,0,0
USDC,wanUSDC,2024-12-20T00:00:00.000Z,2024-12-20,3893339.5938859303,3893339.5938859303,3629988.18082831,3629988.1808283143,263351.41305762,263351.4130576162,35837.55994783,35837.55994783,5540.91806567,5540.91806567,1769.23463883,1769.23463883,0.7178569749761905,0.5363240618952381,0.9324476051981939,0,0,0,0
USDC,wanUSDC,2024-12-21T00:00:00.000Z,2024-12-21,3880588.05933082,3880588.0593308234,3615018.65385907,3615018.6538590738,265569.40547175,265569.40547174955,0,0,5312.63417138,5312.63417138,0,0,0.7033982500190477,0.524227688,0.931566188703451,0,0,0,0
USDC,wanUSDC,2024-12-22T00:00:00.000Z,2024-12-22,3901474.7313365,3901474.7313364986,3620133.50300638,3620133.503006383,281341.22833012,281341.22833011573,0,0,5101.43660677,5101.43660677,0,0,0.6601955109095238,0.49031521572380954,0.9279157145183207,0,0,0,0
USDC,wanUSDC,2024-12-23T00:00:00.000Z,2024-12-23,3940922.6190813403,3940922.619081339,3624859.8313959404,3624859.831395936,316062.7876854,316062.7876854026,0,0,4454.30954049,4454.30954049,0,0,0.5691906933052632,0.4195772489631579,0.9198869476705833,0,0,0,0
USDC,wanUSDC,2024-12-24T00:00:00.000Z,2024-12-24,3983660.0887744203,3983660.08877442,3628905.41662613,3628905.416626126,354754.67214829,354754.672148294,0,0,3941.75455247,3941.75455247,0,0,0.468473639105,0.34140455401,0.910947572673421,0,0,0,0
USDC,wanUSDC,2024-12-25T00:00:00.000Z,2024-12-25,3985365.77659252,3985365.7765925224,3632810.00044421,3632810.0004442125,352555.77614831,352555.77614831,0,0,3992.60818917,3992.60818917,0,0,0.47471632763684213,0.34617735627894736,0.9115374036192211,0,0,0,0
USDC,wanUSDC,2024-12-26T00:00:00.000Z,2024-12-26,3949617.3518552105,3949617.3518552133,3637016.8084885203,3637016.8084885213,312600.54336669,312600.543366692,0,0,4657.36726952,4657.36726952,0,0,0.577182700515,0.42524112426,0.9208581395847142,0,0,0,0
USDC,wanUSDC,2024-12-27T00:00:00.000Z,2024-12-27,3951576.89558136,3951576.895581363,3641536.5113304,3641536.5113304006,310040.38425096,310040.3842509621,0,0,4520.17544862,4520.17544862,0,0,0.5848292001631579,0.4311664889789474,0.9215411165427633,0,0,0,0
USDC,wanUSDC,2024-12-28T00:00:00.000Z,2024-12-28,3955545.5852592904,3955545.5852592955,3646174.1416288903,3646174.1416288908,309371.4436304,309371.4436304047,4556.23107135,4556.23107135,4665.61764586,4665.61764586,0,0,0.5876131169631579,0.4333265985263158,0.9217884105311275,48.53879164,48.53879164,4.32724,3.81309681578
USDC,wanUSDC,2024-12-29T00:00:00.000Z,2024-12-29,3968004.05645861,3968004.0564586106,3650708.35358956,3650708.353589564,317295.70286905,317295.7028690463,0,0,4460.76209691,4460.76209691,0,0,0.5679132482157895,0.4180356496263158,0.9200409286637976,0,0,0,0
USDC,wanUSDC,2024-12-30T00:00:00.000Z,2024-12-30,3996983.51016853,3996983.5101685273,3654887.62162635,3654887.6216263506,342095.88854218,342095.8885421765,0,0,4231.43580933,4231.43580933,0,0,0.5055327967,0.36981240048,0.9144115226312172,0,0,0,0
USDC,wanUSDC,2024-12-31T00:00:00.000Z,2024-12-31,4013001.9408965204,4013001.9408965213,3658996.8443253604,3658996.8443253576,354005.09657116,354005.0965711637,0,0,4055.38142873,4055.38142873,0,0,0.4776416230263158,0.34845634507894735,0.9117923494205542,0,0,0,0
USDC,wanUSDC,2025-01-01T00:00:00.000Z,2025-01-01,4044135.2257390004,4044135.2257389943,3662768.8093380705,3662768.8093380663,381366.41640093,381366.416400928,0,0,3561.08571027,3561.08571027,0,0,0.41435274745,0.300276302135,0.9057064802695376,0,0,0,0
USDC,wanUSDC,2025-01-02T00:00:00.000Z,2025-01-02,4056113.7461264404,4056113.7461264436,3666165.8263505404,3666165.8263505423,389947.9197759,389947.9197759015,910.8,910.8,3225.37409683,3225.37409683,0.045794,0.045794,0.395858209325,0.286309639005,0.9038700445034701,10,10,2.16362,2.086162404
USDC,wanUSDC,2025-01-03T00:00:00.000Z,2025-01-03,4078908.7824499398,4078908.782449945,3744039.57050078,3744039.5705007864,334869.21194916,334869.2119491586,0,0,4336.92681728,4336.92681728,0,0,0.5631123276190476,0.4182214047142857,0.9177686071601731,2717.70622692,2717.70622692,8.7924,9.7090077
USDC,wanUSDC,2025-01-04T00:00:00.000Z,2025-01-04,4325194.920368941,4325194.920368932,3946349.3400883004,3946349.3400882967,378845.58028064,378845.58028063574,0,0,4372.7793112,4372.7793112,0,0,0.49132562039047617,0.3599887127095238,0.9125630806861935,0,0,0,0
USDC,wanUSDC,2025-01-05T00:00:00.000Z,2025-01-05,4357791.50239945,4357791.50239945,3950263.73226755,3950263.7322675483,407527.7701319,407527.77013190225,0,0,3879.09943233,3879.09943233,0,0,0.4220496522181818,0.30606516763636366,0.9064829817036655,0,0,0,0
USDC,wanUSDC,2025-01-06T00:00:00.000Z,2025-01-06,4359923.31134846,4359923.31134846,3954104.02902829,3954104.029028291,405819.28232017,405819.28232016903,0,0,3740.78576326,3740.78576326,0,0,0.4265315956142857,0.30946422005238094,0.9069205413610896,5.58605468,5.58605468,2.16362,2.379982
USDC,wanUSDC,2025-01-07T00:00:00.000Z,2025-01-07,4351325.36349213,4351325.36349214,3958462.4263044,3958462.4263044083,392862.93718773,392862.93718773144,0,0,3991.26148193,3991.26148193,0,0,0.4573108127857143,0.33314980218095236,0.9097526634060594,0,0,0,0
USDC,wanUSDC,2025-01-08T00:00:00.000Z,2025-01-08,4282681.509369819,4282681.509369816,3963219.08849525,3963219.088495247,319462.42087457,319462.42087456904,50.18934195,50.18934195,5528.87513048,5528.87513048,0.56486405,0.56486405,0.6297166220904762,0.4662400165666667,0.9254107716326232,0,0,0,0
USDC,wanUSDC,2025-01-09T00:00:00.000Z,2025-01-09,4239004.258306541,4239004.258306531,3968662.1438950803,3968662.143895074,270342.11441146,270342.114411457,0,0,5950.4068723,5950.4068723,0,0,0.78189739161,0.58947873721,0.9365764813582452,8.37480188,8.37480188,4.32724,3.92404075852
USDC,wanUSDC,2025-01-10T00:00:00.000Z,2025-01-10,4291454.53693935,4291454.536939343,3976075.10162652,3976075.101626518,315379.43531283,315379.43531282526,0,0,5637.45607023,5637.45607023,0,0,0.6499122336428571,0.4830812377047619,0.9266559779495319,9.41127698,9.41127698,2.16362,1.99632673798
USDC,wanUSDC,2025-01-11T00:00:00.000Z,2025-01-11,4336836.40792473,4336836.407924728,3980866.45780787,3980866.4578078687,355969.95011686,355969.9501168586,941.71968564,941.71968564,4712.93580889,4712.93580889,0.59198763,0.59198763,0.5440300217523809,0.3995033015380952,0.9179197657822635,0,0,0,0
USDC,wanUSDC,2025-01-12T00:00:00.000Z,2025-01-12,4334445.94564982,4334445.945649821,3985483.39985401,3985483.39985401,348962.54579581,348962.54579581093,0,0,4939.03806166,4939.03806166,0,0,0.5621232247238095,0.41359462216190473,0.9195015733783788,0,0,0,0
USDC,wanUSDC,2025-01-13T00:00:00.000Z,2025-01-13,4375513.23751528,4375513.237515277,3990225.57475967,3990225.574759665,385287.66275561,385287.6627556125,0,0,4239.18679147,4239.18679147,0,0,0.4827526014,0.352857256395,0.9120273230882104,0,0,0,0
USDC,wanUSDC,2025-01-14T00:00:00.000Z,2025-01-14,4415073.21165312,4415073.211653117,3994055.35725688,3994055.3572568772,421017.85439624,421017.85439624,0,0,3776.46279967,3776.46279967,0,0,0.4033226982809524,0.2918897625095238,0.9046408128265234,0,0,0,0
USDC,wanUSDC,2025-01-15T00:00:00.000Z,2025-01-15,4435430.80581381,4435430.805813812,3997771.11033256,3997771.1103325635,437659.69548125,437659.69548124855,0,0,3523.01061925,3523.01061925,0,0,0.379144307452381,0.27343758983809524,0.9013374411062971,0,0,0,0
USDC,wanUSDC,2025-01-16T00:00:00.000Z,2025-01-16,4488520.38235344,4488520.382353444,4001159.56811356,4001159.5681135645,487360.81423988,487360.814239879,0,0,3307.69053934,3307.69053934,0,0,0.35392694571428573,0.2524070936190476,0.8914368930235675,0,0,0,0
USDC,wanUSDC,2025-01-17T00:00:00.000Z,2025-01-17,4518997.4100132305,4518997.410013228,4004467.6489455802,4004467.648945582,514529.76106765,514529.7610676452,0,0,3369.20538078,3369.20538078,0,0,0.35188321555238095,0.24945488389047618,0.8861416080157813,0,0,0,0
USDC,wanUSDC,2025-01-18T00:00:00.000Z,2025-01-18,4565143.22117588,4565143.221175883,4007802.45325693,4007802.453256934,557340.76791895,557340.7679189485,0,0,3269.59119515,3269.59119515,0,0,0.3487226171619048,0.24492856337142857,0.8779316778820909,0,0,0,0
USDC,wanUSDC,2025-01-19T00:00:00.000Z,2025-01-19,4579423.22784301,4579423.227843017,3959314.6518369997,3959314.6518370067,620108.57600601,620108.5760060105,0,0,3167.06552934,3167.06552934,0,0,0.343703478905,0.238136276455,0.8646822108206358,40,40,2.16362,2.20256516
USDC,wanUSDC,2025-01-20T00:00:00.000Z,2025-01-20,4559457.07602295,4559457.076022948,3513391.17131992,3513391.171319919,1046065.90470303,1046065.9047030291,0,0,2951.4492771,2951.4492771,0,0,0.30805688365714284,0.1899074914047619,0.7705776372117251,162.372,162.372,4.36172,4.22963839496
USDC,wanUSDC,2025-01-21T00:00:00.000Z,2025-01-21,4532818.2385868095,4532818.238586812,3517683.4955033297,3517683.4955033343,1015134.74308348,1015134.7430834776,0,0,3041.94356165,3041.94356165,0,0,0.3101033195761905,0.19252958175238094,0.7760590407939014,7,7,2.16362,2.20040154
USDC,wanUSDC,2025-01-22T00:00:00.000Z,2025-01-22,4495868.6969058905,4495868.696905889,3519777.75049505,3519777.7504950506,976090.94641084,976090.9464108376,0,0,3067.87685547,3067.87685547,0,0,0.3126580960047619,0.19582216396666666,0.7828916749764777,20.64,20.64,4.32724,4.28697070456
USDC,wanUSDC,2025-01-23T00:00:00.000Z,2025-01-23,4487648.80507914,4487648.805079138,3509184.5564100696,3509184.5564100705,978464.24866907,978464.2486690672,0,0,2998.58951709,2998.58951709,0,0,0.3123113653,0.1953734368,0.7819653665126943,0,0,0,0
USDC,wanUSDC,2025-01-24T00:00:00.000Z,2025-01-24,4485294.49970906,4485294.499709064,3512738.91812824,3512738.9181282436,972555.58158082,972555.581580821,0,0,2935.53278297,2935.53278297,0,0,0.31276147214,0.19595586058,0.7831678977964964,50.08987406,50.08987406,4.32724,4.31618822904
USDC,wanUSDC,2025-01-25T00:00:00.000Z,2025-01-25,4487976.45463023,4487976.454630226,3519345.12231961,3519345.1223196057,968631.33231062,968631.33231062,0,0,3084.00858816,3084.00858816,0,0,0.31313738742857145,0.19644283635714285,0.7841719154969398,0,0,0,0
USDC,wanUSDC,2025-01-26T00:00:00.000Z,2025-01-26,4490644.8870915,4490644.8870915035,3522012.82335231,3522012.8233523117,968632.06373919,968632.0637391914,0,0,3017.42563371,3017.42563371,0,0,0.31318535378571427,0.19650501939047618,0.7843000024455759,20,20,2.16362,2.12513785468
USDC,wanUSDC,2025-01-27T00:00:00.000Z,2025-01-27,4537780.534894669,4537780.53489467,3524636.9375000796,3524636.9375000796,1013143.59739459,1013143.597394591,0,0,3069.50243164,3069.50243164,0,0,0.3104438185857143,0.19300816964285714,0.7769481707689606,0,0,0,0
USDC,wanUSDC,2025-01-28T00:00:00.000Z,2025-01-28,4623835.299492979,4623835.299492978,3527833.62954515,3527833.6295451475,1096001.66994783,1096001.66994783,0,0,2955.50456117,2955.50456117,0,0,0.30522060068571427,0.18629858987619047,0.7629669633912511,7,7,2.16362,2.00677702258
USDC,wanUSDC,2025-01-29T00:00:00.000Z,2025-01-29,4623975.51941575,4623975.519415743,3530500.26607263,3530500.266072626,1093475.25334312,1093475.2533431163,0,0,2958.9532365,2958.9532365,0,0,0.3054272278952381,0.1865606366857143,0.7635218814195807,0,0,0,0
USDC,wanUSDC,2025-01-30T00:00:00.000Z,2025-01-30,4605218.01316514,4605218.013165135,3533057.69349062,3533057.693490616,1072160.31967452,1072160.319674519,0,0,2903.54936738,2903.54936738,0,0,0.306792941375,0.18829502074,0.7671883557868847,0,0,0,0
USDC,wanUSDC,2025-01-31T00:00:00.000Z,2025-01-31,4590914.91322936,4590914.91322935,3537238.38376363,3537238.3837636234,1053676.52946573,1053676.5294657268,0,0,2986.48427393,2986.48427393,0,0,0.3080225429736842,0.18986196812631578,0.7704864802485237,104,104,4.36172,4.1790114282
USDC,wanUSDC,2025-02-01T00:00:00.000Z,2025-02-01,4592256.38507632,4592256.385076322,3749444.40397616,3749444.4039761573,842811.98110016,842811.9811001648,0,0,3439.63077742,3439.63077742,0,0,0.32532015351904764,0.2126722530095238,0.8164692317933127,2703.32797616,2703.32797616,4.3962,4.1219496573
USDC,wanUSDC,2025-02-02T00:00:00.000Z,2025-02-02,4578718.11601471,4578718.116014708,3835238.5908467197,3835238.5908467174,743479.52516799,743479.52516799,0,0,3431.8172672,3431.8172672,0,0,0.3334164063380952,0.22356195144285715,0.8378772344895653,221.49999998,221.49999998,6.55982,5.72361756534
USDC,wanUSDC,2025-02-03T00:00:00.000Z,2025-02-03,4335599.43896747,4335599.438967469,3864184.23622958,3864184.236229576,471415.20273789,471415.20273789286,42180.69262748,42180.69262748,3702.913306,3702.913306,1731.25625885,1731.25625885,0.3701219681857143,0.2641469286285714,0.8914037575554287,102,102,2.1981,1.6835841387
USDC,wanUSDC,2025-02-04T00:00:00.000Z,2025-02-04,4404149.88756569,4404149.887565694,3862920.12912441,3862920.129124418,541229.75844128,541229.7584412757,7.46754113,7.46754113,3603.90609125,3603.90609125,0.00597757,0.00597757,0.34840867038095236,0.24447788072380952,0.8771167472643651,50,50,2.16362,1.61889837432
USDC,wanUSDC,2025-02-05T00:00:00.000Z,2025-02-05,4418652.35608855,4418652.356088546,3883782.18047844,3883782.180478433,534870.17561011,534870.1756101132,0,0,3796.76379671,3796.76379671,0,0,0.3491480970409091,0.24554917982272728,0.8790308945868844,254.25,254.25,4.36172,3.27017339968
USDC,wanUSDC,2025-02-06T00:00:00.000Z,2025-02-06,4482420.10548472,4482420.105484719,3898617.61849412,3898617.6184941162,583802.4869906,583802.4869906034,9900,9900,3523.30411631,3523.30411631,190.9330276,190.9330276,0.34558246476666665,0.24045974927142857,0.8697598373149433,111.75,111.75,4.36172,3.1642239108
USDC,wanUSDC,2025-02-07T00:00:00.000Z,2025-02-07,4453022.40040721,4453022.400407205,3874629.4855388096,3874629.4855388077,578392.9148684,578392.9148683976,67647.33017457,67647.33017457,3591.60210212,3591.60210212,136.57914159,136.57914159,0.34571751977142856,0.24065330197142856,0.8701105794837585,14.35,14.35,4.32724,3.09515144566
USDC,wanUSDC,2025-02-08T00:00:00.000Z,2025-02-08,4440363.19404021,4440363.1940402035,3829308.5549373804,3829308.5549373785,611054.63910283,611054.639102825,6321.32598314,6321.32598314,3613.28534383,3613.28534383,672.26566848,672.26566848,0.34275656543,0.236471786095,0.8623878813805909,0,0,0,0
USDC,wanUSDC,2025-02-09T00:00:00.000Z,2025-02-09,4487029.53773612,4487029.537736116,3831664.42229306,3831664.4222930595,655365.11544306,655365.1154430562,99,99,3506.46317826,3506.46317826,0.06111419,0.06111419,0.33955445441904764,0.2320025176190476,0.8540080171851084,1,1,2.16362,1.5411897984
USDC,wanUSDC,2025-02-10T00:00:00.000Z,2025-02-10,4516839.47295311,4516839.47295311,3834591.62966795,3834591.629667947,682247.84328516,682247.8432851628,0,0,3489.23323724,3489.23323724,0,0,0.33762278962380954,0.22930162792380954,0.848955462085524,0,0,0,0
USDC,wanUSDC,2025-02-11T00:00:00.000Z,2025-02-11,4594162.0049881395,4594162.004988136,3833692.84390039,3833692.843900388,760469.16108775,760469.1610877472,0,0,3447.01011698,3447.01011698,0,0,0.33217750738095236,0.22183999729047618,0.8346311583655122,4.1,4.1,2.16362,1.72121596412
USDC,wanUSDC,2025-02-12T00:00:00.000Z,2025-02-12,4678739.57479604,4678739.574796041,3834361.5638112198,3834361.563811222,844378.01098482,844378.0109848181,0,0,3396.24276724,3396.24276724,0,0,0.3264446498857143,0.21402464166666665,0.8195287499655459,30,30,2.16362,1.6842591709
USDC,wanUSDC,2025-02-13T00:00:00.000Z,2025-02-13,4682061.25893134,4682061.258931341,3837852.4135455596,3837852.413545563,844208.84538578,844208.8453857781,0,0,3479.03925095,3479.03925095,0,0,0.3265067467857143,0.2141082152095238,0.8196929152493004,10.00436548,10.00436548,2.16362,1.70448036342
USDC,wanUSDC,2025-02-14T00:00:00.000Z,2025-02-14,4686447.20286169,4686447.202861685,3842111.97042654,3842111.970426537,844335.23243515,844335.2324351481,0,0,3404.01251258,3404.01251258,0,0,0.3265603697095238,0.21418041412857142,0.8198346616666816,11.6,11.6,2.16362,1.77442370716
USDC,wanUSDC,2025-02-15T00:00:00.000Z,2025-02-15,4690686.16186836,4690686.161868356,3845788.02071762,3845788.020717615,844898.14115074,844898.1411507415,0,0,3486.68381956,3486.68381956,0,0,0.3265765865095238,0.2142022473,0.8198775298536172,2.2,2.2,2.16362,1.7276722062
USDC,wanUSDC,2025-02-16T00:00:00.000Z,2025-02-16,4681862.76152596,4681862.761525968,3848819.68040868,3848819.6804086836,833043.08111728,833043.081117284,0,0,3258.1722809,3258.1722809,0,0,0.32740650721,0.21532112142,0.8220705559500051,0,0,0,0
USDC,wanUSDC,2025-02-17T00:00:00.000Z,2025-02-17,4681049.3902246,4681049.390224602,3924099.26020663,3924099.2602066314,756950.13001797,756950.1300179705,0,0,3947.86580859,3947.86580859,0,0,0.3800832772666667,0.2587734772333333,0.8382897493181257,2988.85613656,2988.85613656,6.55982,5.2638424365
USDC,wanUSDC,2025-02-18T00:00:00.000Z,2025-02-18,4714158.1630787,4714158.163078696,4370371.1787368,4370371.178736794,343786.9843419,343786.9843419014,1004.81308249,1004.81308249,7017.43068202,7017.43068202,4.37653378,4.37653378,0.6516567772727273,0.4837274205909091,0.927136291827195,306,306,8.75792,6.60211750386
USDC,wanUSDC,2025-02-19T00:00:00.000Z,2025-02-19,4853045.751917371,4853045.751917363,4400559.52350743,4400559.523507425,452486.22840994,452486.2284099381,6976.02,6976.02,4826.50348956,4826.50348956,85.54740297,85.54740297,0.42508488372380954,0.3083915767,0.9067666416895185,102,102,2.1981,1.6570266945
USDC,wanUSDC,2025-02-20T00:00:00.000Z,2025-02-20,4876413.43816292,4876413.438162923,4404436.79074625,4404436.790746248,471976.64741667,471976.6474166743,0,0,4477.8658997,4477.8658997,0,0,0.3890177889904762,0.2811002066714286,0.9032135679540052,0,0,0,0
USDC,wanUSDC,2025-02-21T00:00:00.000Z,2025-02-21,4906730.2040474005,4906730.204047393,4408252.90201358,4408252.9020135775,498477.30203382,498477.3020338157,0,0,4210.41705632,4210.41705632,0,0,0.36229568507142856,0.26040967862380954,0.8984192334158341,0,0,0,0
USDC,wanUSDC,2025-02-22T00:00:00.000Z,2025-02-22,4996777.20766743,4996777.207667425,4411977.89287923,4411977.892879225,584799.3147882,584799.3147882,0,0,4189.39018305,4189.39018305,0,0,0.3506669414363636,0.24771131375454544,0.8829831537746549,0,0,0,0
USDC,wanUSDC,2025-02-23T00:00:00.000Z,2025-02-23,4991510.47762968,4991510.477629675,4416102.85234603,4416102.852346028,575407.62528365,575407.6252836462,0,0,4098.6759072,4098.6759072,0,0,0.3513671667666667,0.24872992301904762,0.8847936491006132,5,5,2.16362,1.67469164326
USDC,wanUSDC,2025-02-24T00:00:00.000Z,2025-02-24,4910345.55412831,4910345.554128304,4428071.8900969,4428071.890096898,482273.66403141,482273.66403140617,0,0,4352.54834048,4352.54834048,0,0,0.3764339165666667,0.2715821528857143,0.9017849038875567,102,102,4.36172,3.22926918952
USDC,wanUSDC,2025-02-25T00:00:00.000Z,2025-02-25,4924362.6356482,4924362.635648198,4427285.12782753,4427285.127827532,497077.50782067,497077.5078206671,29638.513884,29638.513884,4302.57497556,4302.57497556,234.37789315,234.37789315,0.39134941389047617,0.2821418717047619,0.8990539338833443,1518.35298388,1518.35298388,4.3962,2.9570204022
USDC,wanUSDC,2025-02-26T00:00:00.000Z,2025-02-26,5020458.8721253,5020458.872125299,4560697.50656417,4560697.50656417,459761.36556113,459761.36556112865,0,0,5429.74546946,5429.74546946,0,0,0.44204095758636364,0.32124975806363637,0.9084226313874321,5.4,5.4,2.17224,1.44647941032
USDC,wanUSDC,2025-02-27T00:00:00.000Z,2025-02-27,4992470.05997674,4992470.059976751,4559601.06590583,4559601.065905837,432868.99407091,432868.9940709138,0,0,5487.17764917,5487.17764917,0,0,0.49389926753333335,0.36093685755714283,0.913302966407687,0,0,0,0
USDC,wanUSDC,2025-02-28T00:00:00.000Z,2025-02-28,5118009.096880291,5118009.096880289,4556194.35962537,4556194.359625374,561814.73725492,561814.7372549153,13694.36569241,13694.36569241,5397.2792947,5397.2792947,264.08478499,264.08478499,0.4624306854857143,0.33256220677142856,0.8916170633605178,1605.59,1605.59,2.1981,1.3936679373
USDC,wanUSDC,2025-03-01T00:00:00.000Z,2025-03-01,5286285.35293377,5286285.352933774,4701380.46539191,4701380.46539191,584904.88754186,584904.8875418641,0,0,4581.6007048,4581.6007048,0,0,0.35316401424545457,0.2513240974090909,0.8894500105027998,0,0,0,0
USDC,wanUSDC,2025-03-02T00:00:00.000Z,2025-03-02,5234052.52837222,5234052.528372212,4705349.7328041,4705349.732804097,528702.79556812,528702.795568115,0,0,4358.14190535,4358.14190535,0,0,0.369389991925,0.265751159705,0.8990083289878547,0,0,0,0
USDC,wanUSDC,2025-03-03T00:00:00.000Z,2025-03-03,5271842.49345175,5271842.493451745,4709535.3365814,4709535.336581395,562307.15687035,562307.15687035,0,0,4712.66223409,4712.66223409,0,0,0.36535220333636365,0.2612328872409091,0.8934147074688947,1.6,1.6,2.16362,2.379982
USDC,wanUSDC,2025-03-04T00:00:00.000Z,2025-03-04,5181566.8318631,5181566.831863095,4713999.55930037,4713999.559300369,467567.27256273,467567.2725627267,0,0,5456.19465748,5456.19465748,0,0,0.4569548200761905,0.33274477796190477,0.9097842735719924,0,0,0,0
USDC,wanUSDC,2025-03-05T00:00:00.000Z,2025-03-05,5433025.12560264,5433025.125602633,4718195.048545361,4718195.048545355,714830.07705728,714830.0770572781,0,0,4291.78940314,4291.78940314,0,0,0.3499239267238095,0.2435027911095238,0.8689235406142324,17.55,17.55,2.16362,2.08333671628
USDC,wanUSDC,2025-03-06T00:00:00.000Z,2025-03-06,5678742.1997277895,5678742.199727786,4723303.899463,4723303.899463,955438.30026479,955438.3002647859,0,0,4354.49978409,4354.49978409,0,0,0.33108806648636363,0.2203210150909091,0.8317792990584878,3,3,2.16362,2.05083698026
USDC,wanUSDC,2025-03-07T00:00:00.000Z,2025-03-07,5560367.55867059,5560367.558670592,4727453.68010277,4727453.680102771,832913.87856782,832913.8785678205,0,0,4146.60932952,4146.60932952,0,0,0.3381283868,0.23001828648095238,0.8502727247071357,3.16,3.16,2.16362,1.86078459946
USDC,wanUSDC,2025-03-08T00:00:00.000Z,2025-03-08,5686389.895675151,5686389.895675149,4731120.01812854,4731120.018128543,955269.87754661,955269.8775466052,0,0,4074.64553461,4074.64553461,0,0,0.33117428168095236,0.22043258214285713,0.832009618659582,0,0,0,0
USDC,wanUSDC,2025-03-09T00:00:00.000Z,2025-03-09,5660565.823252169,5660565.823252166,4742497.49136718,4742497.49136718,918068.33188499,918068.3318849854,300.75609474,300.75609474,4394.88494045,4394.88494045,0.75609474,0.75609474,0.3334252180681818,0.22354050682727272,0.8379183301160795,265,265,4.3962,3.2829436797
USDC,wanUSDC,2025-03-10T00:00:00.000Z,2025-03-10,5565485.215372849,5565485.215372847,4767785.59230343,4767785.592303426,797699.62306942,797699.6230694219,0,0,4202.08788671,4202.08788671,0,0,0.3405707915952381,0.2334083302904762,0.8566745449882575,102,102,2.1981,1.5115520403
USDC,wanUSDC,2025-03-11T00:00:00.000Z,2025-03-11,5655905.57291409,5655905.572914086,4923853.05282351,4923853.052823508,732052.52009058,732052.5200905781,45965.281859,45965.281859,4491.53726064,4491.53726064,52.1444068,52.1444068,0.3459943381857143,0.2411067731,0.8707992453943865,1639.5,1639.5,10.92154,7.3985101408
USDC,wanUSDC,2025-03-12T00:00:00.000Z,2025-03-12,5744464.4905542,5744464.490554209,4900905.35906062,4900905.359060625,843559.13149358,843559.1314935841,0,0,4497.25331153,4497.25331153,0,0,0.3392265203590909,0.2315318700590909,0.8531567348470328,0,0,0,0
USDC,wanUSDC,2025-03-13T00:00:00.000Z,2025-03-13,5723491.18845558,5723491.188455577,4904822.38212998,4904822.38212998,818668.8063256,818668.8063255971,0,0,4415.52665199,4415.52665199,0,0,0.34068163084285713,0.23356228404761906,0.8569650079770635,0,0,0,0
USDC,wanUSDC,2025-03-14T00:00:00.000Z,2025-03-14,5716726.3106526695,5716726.310652662,4909034.25946608,4909034.259466074,807692.05118659,807692.0511865878,0,0,4530.28522352,4530.28522352,0,0,0.341350563,0.2344981649318182,0.8587143960547736,3.95,3.95,2.16362,1.55774365502
USDC,wanUSDC,2025-03-15T00:00:00.000Z,2025-03-15,5709221.82512828,5709221.825128276,4913219.079048879,4913219.079048878,796002.7460794,796002.7460793981,0,0,4439.24170059,4439.24170059,0,0,0.34207279545714286,0.2355161962095238,0.8605991283980021,0,0,0,0
USDC,wanUSDC,2025-03-16T00:00:00.000Z,2025-03-16,5690125.49772796,5690125.4977279585,4917114.75223748,4917114.75223748,773010.74549048,773010.7454904786,0,0,4352.87965913,4352.87965913,0,0,0.3434410654,0.23744022442857143,0.8641722326535153,0,0,0,0
USDC,wanUSDC,2025-03-17T00:00:00.000Z,2025-03-17,5650925.962736241,5650925.962736241,4921160.0362461,4921160.036246105,729765.92649014,729765.9264901355,0,0,4945.1417578,4945.1417578,0,0,0.3688754071090909,0.25819809551363637,0.8712880071401319,2.25,2.25,4.32724,3.14355811592
USDC,wanUSDC,2025-03-18T00:00:00.000Z,2025-03-18,5858388.067089761,5858388.067089769,4925499.1754408805,4925499.175440887,932888.89164888,932888.8916488824,65.9126262,65.9126262,4263.82889711,4263.82889711,0.05209541,0.05209541,0.33450496677619046,0.22499656257619047,0.8407712893720352,0,0,0,0
USDC,wanUSDC,2025-03-19T00:00:00.000Z,2025-03-19,5903584.01562515,5903584.015625148,4929295.14361177,4929295.143611768,974288.87201338,974288.8720133795,0,0,4344.17226262,4344.17226262,0,0,0.33231342549523807,0.22199606756666668,0.8350048791489691,0,0,0,0
USDC,wanUSDC,2025-03-20T00:00:00.000Z,2025-03-20,5991257.61380065,5991257.6138006495,4933193.31428056,4933193.3142805565,1058064.29952009,1058064.2995200932,0,0,4396.65534491,4396.65534491,0,0,0.32791142052727273,0.2160040373409091,0.8234035803822654,0,0,0,0
USDC,wanUSDC,2025-03-21T00:00:00.000Z,2025-03-21,5961814.11630762,5961814.116307624,4939659.53475963,4939659.534759638,1022154.58154799,1022154.5815479857,0,0,4222.14452027,4222.14452027,0,0,0.32986476951904764,0.21865208900952382,0.8285573719656425,161.6,161.6,4.36172,3.09006180114
USDC,wanUSDC,2025-03-22T00:00:00.000Z,2025-03-22,5982087.68914846,5982087.689148453,4988604.903485199,4988604.903485195,993482.78566326,993482.7856632585,0,0,4383.25765728,4383.25765728,0,0,0.3319026054,0.22143875444285716,0.8339211658636881,925,925,4.3962,3.1132657464
USDC,wanUSDC,2025-03-23T00:00:00.000Z,2025-03-23,5991660.58346482,5991660.58346482,5053495.30874606,5053495.308746062,938165.27471876,938165.2747187577,0,0,4583.0966683,4583.0966683,0,0,0.3355134269,0.22638338802272728,0.8434214836594575,0,0,0,0
USDC,wanUSDC,2025-03-24T00:00:00.000Z,2025-03-24,6011876.8167207,6011876.816720701,5057553.39573935,5057553.3957393505,954323.42098135,954323.42098135,0,0,4473.8560238,4473.8560238,0,0,0.3346913342,0.2252509049904762,0.8412620987966765,0.35,0.35,2.16362,1.58207356192
USDC,wanUSDC,2025-03-25T00:00:00.000Z,2025-03-25,5935980.95042874,5935980.950428748,5070433.74315357,5070433.743153576,865547.20727517,865547.2072751718,0,0,4797.21455033,4797.21455033,0,0,0.3586965563227273,0.24648185962272728,0.8549090443684852,970,970,2.1981,1.6497663702
USDC,wanUSDC,2025-03-26T00:00:00.000Z,2025-03-26,5684717.2084774105,5684717.208477418,5163382.18062135,5163382.180621354,521335.02785606,521335.02785606426,0,0,5766.747894,5766.747894,0,0,0.44075993995238094,0.3202855407333333,0.9082938175979881,0,0,0,0
USDC,wanUSDC,2025-03-27T00:00:00.000Z,2025-03-27,5702452.4991343105,5702452.499134314,5145383.46619663,5145383.466196635,557069.03293768,557069.0329376791,0,0,5592.18719772,5592.18719772,0,0,0.4223654669,0.3052687271047619,0.9023674741803833,0,0,0,0
USDC,wanUSDC,2025-03-28T00:00:00.000Z,2025-03-28,5721503.27297003,5721503.272970032,5075813.4439995,5075813.443999499,645689.82897053,645689.8289705333,0,0,4770.21983294,4770.21983294,0,0,0.3522806316,0.25003253421904764,0.8871694090825571,0,0,0,0
USDC,wanUSDC,2025-03-29T00:00:00.000Z,2025-03-29,5644089.21650285,5644089.216502846,5116240.93700112,5116240.937001114,527848.27950173,527848.2795017324,0,0,5645.59329265,5645.59329265,0,0,0.4630734982,0.3392326619857143,0.9065691725762874,2530.15299428,2530.15299428,4.3962,2.959455897
USDC,wanUSDC,2025-03-30T00:00:00.000Z,2025-03-30,5635835.80954999,5635835.809549995,5341309.72490862,5341309.72490862,294526.08464137,294526.08464137453,0,0,11065.22173571,11065.22173571,0,0,0.9160767814,0.6950220170727273,0.9477849328908605,10,10,2.16362,1.4613414023
USDC,wanUSDC,2025-03-31T00:00:00.000Z,2025-03-31,5713332.14455304,5713332.14455304,5354046.87340266,5354046.873402663,359285.27115038,359285.2711503772,0,0,9544.37004192,9544.37004192,0,0,0.7732844829190476,0.5798304686952381,0.937126349110085,102,102,2.1981,1.4476818486
USDC,wanUSDC,2025-04-01T00:00:00.000Z,2025-04-01,5845397.5553884795,5845397.555388481,5368502.321918519,5368502.321918523,476895.23346996,476895.23346995807,0,0,6567.69017703,6567.69017703,0,0,0.5537298165095238,0.4075978405047619,0.91850424678309,0,0,0,0
USDC,wanUSDC,2025-04-02T00:00:00.000Z,2025-04-02,6078621.155704981,6078621.155704979,5371732.88843046,5371732.888430457,706888.26727452,706888.2672745219,0,0,4935.05312584,4935.05312584,0,0,0.39720069692380955,0.2828820052047619,0.8853817199896692,0,0,0,0
USDC,wanUSDC,2025-04-03T00:00:00.000Z,2025-04-03,6524175.61832435,6524175.618324339,5392063.86270663,5392063.862706622,1132111.75561772,1132111.755617717,0,0,4181.5191167,4181.5191167,0,0,0.32909086973809526,0.2176128721904762,0.8265101637094445,407,407,6.5943,4.1418204813
USDC,wanUSDC,2025-04-04T00:00:00.000Z,2025-04-04,6523650.239641629,6523650.239641628,5420974.707807209,5420974.707807206,1102675.53183442,1102675.5318344224,0,0,4227.12463107,4227.12463107,0,0,0.3307841335952381,0.21990231105714286,0.8309809713306063,0,0,0,0
USDC,wanUSDC,2025-04-05T00:00:00.000Z,2025-04-05,6533856.21938722,6533856.219387231,5426249.04568651,5426249.045686517,1107607.17370071,1107607.1737007145,0,0,4426.41174328,4426.41174328,0,0,0.33060087402272725,0.21965417846363636,0.8304972895974283,14.00525844,14.00525844,2.17224,1.42673592096
USDC,wanUSDC,2025-04-06T00:00:00.000Z,2025-04-06,6471889.32467368,6471889.32467368,5436857.20118689,5436857.2011868935,1035032.12348679,1035032.1234867861,201.91271064,201.91271064,4167.06401068,4167.06401068,34.863102,34.863102,0.3345886891952381,0.22531174392380954,0.8408844095941108,406,406,8.7924,5.1308995383
USDC,wanUSDC,2025-04-07T00:00:00.000Z,2025-04-07,6192326.67960358,6192326.679603577,5562223.37762353,5562223.377623531,630103.30198005,630103.3019800457,109.56001452,109.56001452000001,5155.81723333,5155.81723333,0.49213779,0.49213779,0.40874298516190477,0.2948413473952381,0.8984943319992896,1137.5,1137.5,10.92154,5.96943366572
USDC,wanUSDC,2025-04-08T00:00:00.000Z,2025-04-08,6399284.04931226,6399284.0493122535,5598495.56084316,5598495.560843155,800788.4884691,800788.488469099,2581.11235426,2581.11235426,4558.34204419,4558.34204419,6.83762626,6.83762626,0.34755378036190476,0.24326463165714285,0.8748902173345472,0,0,0,0
USDC,wanUSDC,2025-04-09T00:00:00.000Z,2025-04-09,6465381.4958368,6465381.495836807,5590014.60734379,5590014.6073437985,875366.88849301,875366.888493009,125781.29911581,125781.29911581,4516.69022766,4516.69022766,16727.29797648,16727.29797648,0.34366552425714286,0.23779567905238094,0.8647371251520402,9,9,2.16362,1.36441771716
USDC,wanUSDC,2025-04-10T00:00:00.000Z,2025-04-10,6675526.020623909,6675526.020623915,5487189.40523937,5487189.405239373,1188336.61538454,1188336.6153845415,0,0,4439.44732199,4439.44732199,0,0,0.3273998344363636,0.21532562638181818,0.8220456725283692,0,0,0,0
USDC,wanUSDC,2025-04-11T00:00:00.000Z,2025-04-11,6757945.74448967,6757945.744489671,5495255.00274671,5495255.002746708,1262690.74174296,1262690.741742963,98.99999997,98.99999997,4116.76331867,4116.76331867,0,0,0.32405260848095235,0.2108240702952381,0.8131948304245082,1,1,2.16362,1.3542854847
USDC,wanUSDC,2025-04-12T00:00:00.000Z,2025-04-12,6798928.67274653,6798928.672746531,5493570.12260191,5493570.122601907,1305358.55014462,1305358.5501446237,6860.33506992,6860.33506992,4189.01529011,4189.01529011,14.77140192,14.77140192,0.3220997903666667,0.20821530107142858,0.8080217169823659,0,0,0,0
USDC,wanUSDC,2025-04-13T00:00:00.000Z,2025-04-13,6831247.346706159,6831247.346706158,5493291.37872097,5493291.378720969,1337955.96798519,1337955.9679851881,0,0,4173.00340733,4173.00340733,0,0,0.32063751765238097,0.20627111858095237,0.8041430993473846,6.56,6.56,2.16362,1.42170604752
USDC,wanUSDC,2025-04-14T00:00:00.000Z,2025-04-14,6816621.16032221,6816621.160322202,5497946.97918984,5497946.9791898355,1318674.18113237,1318674.1811323666,0,0,4185.26658777,4185.26658777,0,0,0.32155259185238094,0.20748865684761905,0.8065698164511798,0,0,0,0
USDC,wanUSDC,2025-04-15T00:00:00.000Z,2025-04-15,6759084.36365152,6759084.36365152,5525947.23144784,5525947.23144784,1233137.13220368,1233137.13220368,0,0,4253.49109107,4253.49109107,0,0,0.3257032743714286,0.21302996820476192,0.8175671069713912,250,250,2.1981,1.3957209627
USDC,wanUSDC,2025-04-16T00:00:00.000Z,2025-04-16,6722207.85880976,6722207.858809762,5532127.917715389,5532127.917715388,1190079.94109437,1190079.9410943734,0,0,4284.5494558,4284.5494558,0,0,0.3277454718952381,0.21577923685714287,0.8229656453570844,8.5,8.5,2.16362,1.33071500842
USDC,wanUSDC,2025-04-17T00:00:00.000Z,2025-04-17,6779533.646191659,6779533.646191657,5536616.78680707,5536616.786807066,1242916.85938459,1242916.859384591,0,0,4458.94992527,4458.94992527,0,0,0.3253633248590909,0.2125717785909091,0.8166687420347005,0,0,0,0
USDC,wanUSDC,2025-04-18T00:00:00.000Z,2025-04-18,6786852.0409932,6786852.040993202,5540950.761070469,5540950.761070473,1245901.27992273,1245901.2799227282,0,0,4262.08843162,4262.08843162,0,0,0.32527108714285713,0.21244770431428572,0.8164248590014636,0,0,0,0
USDC,wanUSDC,2025-04-19T00:00:00.000Z,2025-04-19,6807220.13553996,6807220.135539961,5543211.47577749,5543211.475777489,1264008.65976247,1264008.659762472,25808.288982,25808.288982,4256.04875398,4256.04875398,645.3490271,645.3490271,0.32447771951904764,0.21138731332857144,0.8143234755863006,18,18,2.16362,1.3576066414
USDC,wanUSDC,2025-04-20T00:00:00.000Z,2025-04-20,6864737.70488661,6864737.704886607,5475303.8696299195,5475303.869629914,1389433.83525669,1389433.835256693,55741.48362,55741.48362,4133.33785045,4133.33785045,11.68340457,11.68340457,0.3181791001904762,0.20302895312857142,0.7976080003091542,0,0,0,0
USDC,wanUSDC,2025-04-21T00:00:00.000Z,2025-04-21,6734125.80898627,6734125.808986279,5472932.63915719,5472932.639157196,1261193.16982908,1261193.1698290838,0,0,4092.44441052,4092.44441052,0,0,0.32404056819047616,0.2108881334,0.8131198489248691,13,13,2.16362,1.37281472638
USDC,wanUSDC,2025-04-22T00:00:00.000Z,2025-04-22,6557321.180864429,6557321.180864433,5451191.347895149,5451191.34789515,1106129.83296928,1106129.8329692823,272550,272550,4269.02943408,4269.02943408,26357.0072108,26357.0072108,0.33092787229523807,0.2201429990809524,0.8313355938462644,0,0,0,0
USDC,wanUSDC,2025-04-23T00:00:00.000Z,2025-04-23,6642775.265543319,6642775.265543325,5208686.76365795,5208686.763657953,1434088.50188537,1434088.5018853727,0,0,4060.22878635,4060.22878635,0,0,0.3131193180318182,0.19642128334545456,0.7841226523020255,0.74,0.74,2.17224,1.53237629664
USDC,wanUSDC,2025-04-24T00:00:00.000Z,2025-04-24,6679885.78030876,6679885.780308768,5212599.07930211,5212599.079302115,1467286.70100665,1467286.7010066528,0,0,3866.23372341,3866.23372341,0,0,0.3117096854904762,0.19459861434761905,0.7803558662667731,0,0,0,0
USDC,wanUSDC,2025-04-25T00:00:00.000Z,2025-04-25,6767957.47661266,6767957.476612662,5217480.67008538,5217480.670085384,1550476.80652728,1550476.8065272786,0,0,3743.37470544,3743.37470544,0,0,0.3081829123285714,0.19006792095714287,0.7709157755929654,55,55,6.49948,4.67840504248
USDC,wanUSDC,2025-04-26T00:00:00.000Z,2025-04-26,6719987.43257882,6719987.432578815,5218275.49899098,5218275.49899098,1501711.93358784,1501711.9335878352,0,0,3858.76636865,3858.76636865,0,0,0.31028097805714283,0.1927565065809524,0.7765352842662638,7,7,2.17224,1.5748305552
USDC,wanUSDC,2025-04-27T00:00:00.000Z,2025-04-27,6701666.0611046,6701666.061104611,5224355.02624912,5224355.0262491265,1477311.03485548,1477311.0348554845,0,0,4057.49084506,4057.49084506,0,0,0.31141267170454545,0.19421324464545456,0.7795629116637337,0,0,0,0
USDC,wanUSDC,2025-04-28T00:00:00.000Z,2025-04-28,6695795.14130131,6695795.141301312,5227265.4330131,5227265.4330131,1468529.70828821,1468529.7082882114,0,0,3793.01304043,3793.01304043,0,0,0.31184165803333336,0.19477226778095239,0.7807068928657328,5,5,2.16362,1.56675513232
USDC,wanUSDC,2025-04-29T00:00:00.000Z,2025-04-29,6668204.78091626,6668204.780916262,5230608.67726463,5230608.677264634,1437596.10365163,1437596.1036516286,0,0,3905.85236808,3905.85236808,0,0,0.3132345445238095,0.1965725690095238,0.7844293167495596,0,0,0,0
USDC,wanUSDC,2025-04-30T00:00:00.000Z,2025-04-30,6674439.846273581,6674439.846273579,5234545.40460137,5234545.404601369,1439894.44167221,1439894.4416722092,0,0,4086.06636253,4086.06636253,0,0,0.31318443125,0.19650961455,0.7842944099188628,0.5,0.5,2.16362,1.51172562124
USDC,wanUSDC,2025-05-01T00:00:00.000Z,2025-05-01,6657798.38513927,6657798.385139269,5251776.6009678,5251776.600967799,1406021.78417147,1406021.7841714695,0,0,3839.73733176,3839.73733176,0,0,0.3148785291142857,0.19872006656190477,0.7888105654034183,2538.045,2538.045,4.37034,3.04847085282
USDC,wanUSDC,2025-05-02T00:00:00.000Z,2025-05-02,6706596.09385748,6706596.093857476,5496353.869980331,5496353.869980329,1210242.22387715,1210242.2238771466,169.66,169.66,4252.78784537,4252.78784537,3.413823,3.413823,0.32645206875714283,0.21403531712380952,0.8195479920611334,0,0,0,0
USDC,wanUSDC,2025-05-03T00:00:00.000Z,2025-05-03,6720489.33894376,6720489.338943767,5500410.15959871,5500410.159598713,1220079.17934505,1220079.1793450543,0,0,4151.47148536,4151.47148536,0,0,0.3260477049142857,0.2134954635190476,0.8184766331281058,0.3,0.3,2.16362,1.52764770082
USDC,wanUSDC,2025-05-04T00:00:00.000Z,2025-05-04,6750545.922395799,6750545.922395792,5504746.01709745,5504746.017097446,1245799.90529835,1245799.9052983455,0,0,4437.35179402,4437.35179402,0,0,0.3249055783545455,0.21195850926363635,0.8154570991735173,0,0,0,0
USDC,wanUSDC,2025-05-05T00:00:00.000Z,2025-05-05,6681153.54878824,6681153.54878824,5509003.22611415,5509003.226114148,1172150.32267409,1172150.3226740914,0,0,4182.09016157,4182.09016157,0,0,0.32835413581428574,0.21660452605238095,0.8245714837995819,0,0,0,0
USDC,wanUSDC,2025-05-06T00:00:00.000Z,2025-05-06,6643083.84057571,6643083.840575708,5514974.16720489,5514974.167204892,1128109.67337082,1128109.6733708158,0,0,4310.68712507,4310.68712507,0,0,0.3304838709095238,0.21949350853809524,0.8301896865467988,0,0,0,0
USDC,wanUSDC,2025-05-07T00:00:00.000Z,2025-05-07,6676913.935512211,6676913.935512209,5518860.926405741,5518860.926405741,1158053.00910647,1158053.0091064682,0,0,4501.94827731,4501.94827731,0,0,0.32911645775,0.21763939017727274,0.826582059254372,0,0,0,0
USDC,wanUSDC,2025-05-08T00:00:00.000Z,2025-05-08,6802764.02261644,6802764.022616448,5521905.46681936,5521905.466819364,1280858.55579708,1280858.5557970842,0,0,4150.14916817,4150.14916817,0,0,0.32354038236666666,0.21015536337142857,0.8118295380698327,0,0,0,0
USDC,wanUSDC,2025-05-09T00:00:00.000Z,2025-05-09,7046973.2047958,7046973.204795796,5524554.18039427,5524554.180394267,1522419.02440153,1522419.02440153,0,0,3832.36759675,3832.36759675,0,0,0.31307815507857145,0.19637572544285714,0.7840085157602771,20.35,20.35,2.16362,1.71914105254
USDC,wanUSDC,2025-05-10T00:00:00.000Z,2025-05-10,7127300.04703666,7127300.047036657,5530613.37536637,5530613.375366366,1596686.67167029,1596686.6716702916,0,0,4382.57185863,4382.57185863,0,0,0.31007271453333335,0.19248821168333333,0.7759782313456377,0,0,0,0
USDC,wanUSDC,2025-05-11T00:00:00.000Z,2025-05-11,7147721.166032501,7147721.166032501,5534604.13145389,5534604.1314538885,1613117.03457861,1613117.034578612,0,0,3612.53217135,3612.53217135,0,0,0.30945263724,0.19169210082,0.7743182175853592,0,0,0,0
USDC,wanUSDC,2025-05-12T00:00:00.000Z,2025-05-12,7166005.07311463,7166005.073114624,5538021.97055979,5538021.970559787,1627983.10255484,1627983.1025548368,0,0,4373.96804681,4373.96804681,0,0,0.3088953420166667,0.19097905668333334,0.7728249458262065,0.6,0.6,2.16362,1.741389557
USDC,wanUSDC,2025-05-13T00:00:00.000Z,2025-05-13,7175816.53177941,7175816.531779406,5541121.23397627,5541121.233976267,1634695.29780314,1634695.2978031384,0,0,4471.09715125,4471.09715125,0,0,0.30867411198333333,0.1907016672,0.7722290918916731,0,0,0,0
USDC,wanUSDC,2025-05-14T00:00:00.000Z,2025-05-14,7679525.57811129,7679525.578111284,5545383.58503516,5545383.585035158,2134141.99307613,2134141.993076126,19800,19800,3460.77109255,3460.77109255,0,0,0.29033725692,0.16798897256,0.7226887815799492,207.35,207.35,4.36172,3.54307974646
USDC,wanUSDC,2025-05-15T00:00:00.000Z,2025-05-15,7729967.10384211,7729967.103842109,5549748.63319353,5549748.633193534,2180218.47064858,2180218.470648575,0,0,4124.26907789,4124.26907789,0,0,0.28857511263333335,0.16574953528333333,0.7179590066808574,0,0,0,0
USDC,wanUSDC,2025-05-16T00:00:00.000Z,2025-05-16,7485066.77512426,7485066.775124255,5553540.18536783,5553540.185367826,1931526.58975643,1931526.589756428,0,0,3482.00524105,3482.0052410499998,0,0,0.29750235066,0.17667664128,0.7421484574088983,0,0,0,0
USDC,wanUSDC,2025-05-17T00:00:00.000Z,2025-05-17,7372785.48656655,7372785.486566553,5557455.07003068,5557455.070030682,1815330.41653587,1815330.4165358716,109.77999999,109.77999999,4387.79465857,4387.79465857,6.11095301,6.11095301,0.30180954186666664,0.18200312346666667,0.7537896942565084,0,0,0,0
USDC,wanUSDC,2025-05-18T00:00:00.000Z,2025-05-18,7401430.5841210205,7401430.584121019,5562149.60816905,5562149.60816905,1839280.97595197,1839280.9759519682,0,0,4308.30546107,4308.30546107,0,0,0.30102721283333334,0.18105388243333334,0.7516653594432524,30,30,2.16362,1.5934412214
USDC,wanUSDC,2025-05-19T00:00:00.000Z,2025-05-19,7419100.60870369,7419100.6087036915,5568542.23286233,5568542.232862334,1850558.37584136,1850558.375841358,0,0,3534.11573624,3534.11573624,0,0,0.30062712828,0.18052811212,0.7506008846370912,0,0,0,0
USDC,wanUSDC,2025-05-20T00:00:00.000Z,2025-05-20,7465949.3728728,7465949.3728728015,5570456.267674659,5570456.267674658,1895493.10519814,1895493.1051981433,0,0,4280.48971617,4280.48971617,0,0,0.29896326088333336,0.1784490525,0.7461155401645679,0,0,0,0
USDC,wanUSDC,2025-05-21T00:00:00.000Z,2025-05-21,7429812.52875591,7429812.528755912,5573771.19717168,5573771.19717168,1856041.33158423,1856041.3315842317,76.90429415,76.90429415,4294.41038966,4294.41038966,76.90429415,76.90429415,0.3004746864,0.1803319413,0.7501930341828329,3.24,3.24,2.16362,1.63551497592
USDC,wanUSDC,2025-05-22T00:00:00.000Z,2025-05-22,7390199.34876567,7390199.3487656675,5578313.565324,5578313.565323997,1811885.78344167,1811885.78344167,0,0,3661.98429376,3661.98429376,0,0,0.3021938425,0.18248298004,0.7548258512956273,0,0,0,0
USDC,wanUSDC,2025-05-23T00:00:00.000Z,2025-05-23,7374144.24955232,7374144.249552318,5582956.98982186,5582956.98982186,1791187.25973046,1791187.2597304583,0,0,4328.2857082,4328.2857082,0,0,0.30306102496666665,0.18358388045,0.7571541413261956,5.25,5.25,2.16362,1.68466376784
USDC,wanUSDC,2025-05-24T00:00:00.000Z,2025-05-24,7266118.566544659,7266118.566544658,5587189.269276789,5587189.269276786,1678929.29726787,1678929.297267872,0,0,3627.45803011,3627.45803011,0,0,0.30744613204,0.18912707158,0.7689405770343459,0,0,0,0
USDC,wanUSDC,2025-05-25T00:00:00.000Z,2025-05-25,7174911.48709967,7174911.487099662,5591220.37913951,5591220.379139504,1583691.10796016,1583691.1079601583,0,0,4439.38058184,4439.38058184,0,0,0.31130857235,0.1940805977,0.7792836829816737,0,0,0,0
USDC,wanUSDC,2025-05-26T00:00:00.000Z,2025-05-26,7154541.776430929,7154541.776430925,5595708.930241009,5595708.9302410055,1558832.84618992,1558832.84618992,0,0,4463.34189929,4463.34189929,0,0,0.3123692322666667,0.19544824231666666,0.7821200063369406,0.5,0.5,2.16362,1.65021893744
USDC,wanUSDC,2025-05-27T00:00:00.000Z,2025-05-27,7185114.247049181,7185114.247049183,5599811.35652272,5599811.35652272,1585302.89052646,1585302.890526462,0,0,3792.30455408,3792.30455408,0,0,0.31137166006,0.19417610938,0.7794447212814034,0,0,0,0
USDC,wanUSDC,2025-05-28T00:00:00.000Z,2025-05-28,7332612.40302669,7332612.403026692,5603829.384612259,5603829.384612261,1728783.01841443,1728783.01841443,0,0,4384.38865411,4384.38865411,0,0,0.30569282515,0.18689736973333335,0.7642352236488829,0,0,0,0
USDC,wanUSDC,2025-05-29T00:00:00.000Z,2025-05-29,7309662.48903736,7309662.489037359,5608212.47753812,5608212.477538116,1701450.01149924,1701450.0114992433,0,0,4404.51606087,4404.51606087,0,0,0.3068115088833333,0.18831916935,0.7672378948993666,0,0,0,0
USDC,wanUSDC,2025-05-30T00:00:00.000Z,2025-05-30,7298056.59572665,7298056.595726654,5611804.70691178,5611804.706911782,1686251.88881487,1686251.888814872,678.760379,678.760379,3641.86281021,3641.86281021,384.95939713,384.95939713,0.30745301198,0.1891378361,0.7689579492433067,3,3,2.16362,1.53576343944
USDC,wanUSDC,2025-05-31T00:00:00.000Z,2025-05-31,7158661.558822569,7158661.558822567,5643513.911443479,5643513.911443478,1515147.64737909,1515147.6473790884,4213.94150401,4213.94150401,4515.64567579,4515.64567579,15.32652409,15.32652409,0.31470472343333333,0.19848202126666667,0.7883533020724417,304,304,4.36172,2.92187810174
USDC,wanUSDC,2025-06-01T00:00:00.000Z,2025-06-01,7125653.572488779,7125653.572488777,5661278.72591556,5661278.72591556,1464374.84657322,1464374.846573218,169.26,169.26,3875.91591138,3875.91591138,8.69749113,8.69749113,0.31701049682,0.20149322242,0.7944986304532409,0,0,0,0
USDC,wanUSDC,2025-06-02T00:00:00.000Z,2025-06-02,7126145.934191329,7126145.934191327,5670278.74925508,5670278.749255082,1455867.18493625,1455867.184936245,0,0,4587.17766534,4587.17766534,0,0,0.31746197523333336,0.20208415301666666,0.7957011905565153,0,0,0,0
USDC,wanUSDC,2025-06-03T00:00:00.000Z,2025-06-03,7168408.03951579,7168408.039515783,5677373.5680226395,5677373.568022635,1491034.47149315,1491034.4714931482,0,0,4583.66402301,4583.66402301,0,0,0.31607894248333335,0.20027567376666666,0.7920163965413919,0,0,0,0
USDC,wanUSDC,2025-06-04T00:00:00.000Z,2025-06-04,7225665.47782988,7225665.477829874,5678801.09858685,5678801.098586843,1546864.37924303,1546864.37924303,4552.56833334,4552.56833334,3760.65928787,3760.65928787,54.87650335,54.87650335,0.31379534648,0.1972980384,0.7859276904331661,0,0,0,0
USDC,wanUSDC,2025-06-05T00:00:00.000Z,2025-06-05,6903124.09101463,6903124.091014633,5685156.02798249,5685156.02798249,1217968.06303214,1217968.0630321433,0,0,4674.39257157,4674.39257157,0,0,0.3287551634,0.21755189521666668,0.8254128785962054,0,0,0,0
USDC,wanUSDC,2025-06-06T00:00:00.000Z,2025-06-06,6579421.06392567,6579421.063925669,5706601.12564873,5706601.125648725,872819.93827694,872819.9382769433,195.21,195.21,4944.67776623,4944.67776623,3.25005199,3.25005199,0.3446572272833333,0.23916007668333333,0.867342942828506,1002.05,1002.05,4.6548,3.091659726461261
USDC,wanUSDC,2025-06-07T00:00:00.000Z,2025-06-07,6670964.8944463,6670964.894446302,5794333.37847302,5794333.378473024,876631.51597328,876631.515973278,1308.25616053,1308.25616053,4294.54955797,4294.54955797,59.74787765,59.74787765,0.34518492938,0.23992368488,0.8687094843621711,0,0,0,0
USDC,wanUSDC,2025-06-08T00:00:00.000Z,2025-06-08,6820911.909843241,6820911.909843239,5797869.1496758405,5797869.1496758405,1023042.7601674,1023042.7601673983,0,0,4964.26026639,4964.26026639,0,0,0.33803731005,0.22988227588333332,0.8500391351557365,0,0,0,0
USDC,wanUSDC,2025-06-09T00:00:00.000Z,2025-06-09,6873766.37295143,6873766.372951434,5801564.04235405,5801564.04235405,1072202.33059738,1072202.330597384,4044.29213946,4044.29213946,4078.39957664,4078.39957664,91.77628461,91.77628461,0.33574449958,0.22670490068,0.8440267299826384,0,0,0,0
USDC,wanUSDC,2025-06-10T00:00:00.000Z,2025-06-10,6968161.33730195,6968161.33730195,5793761.78962643,5793761.789626432,1174399.54767552,1174399.5476755183,10109,10109,4871.35667932,4871.35667932,9.88282483,9.88282483,0.33096888086666665,0.22015395291666667,0.8314677772852601,0,0,0,0
USDC,wanUSDC,2025-06-11T00:00:00.000Z,2025-06-11,6987174.032830751,6987174.032830756,5789552.46516286,5789552.465162863,1197621.56766789,1197621.5676678934,0,0,4852.88240078,4852.88240078,0,0,0.32987972861666665,0.21867029945,0.8285979504391694,0,0,0,0
USDC,wanUSDC,2025-06-12T00:00:00.000Z,2025-06-12,6989387.49733489,6989387.497334886,5794704.96228819,5794704.962288188,1194682.5350467,1194682.535046698,0,0,4117.24923874,4117.24923874,0,0,0.33005976404,0.2189150411,0.8290725994533695,17.75,17.75,4.62032,3.146001259666489
USDC,wanUSDC,2025-06-13T00:00:00.000Z,2025-06-13,6953134.94158316,6953134.94158315,5810209.98943399,5810209.989433985,1142924.95214917,1142924.952149165,0,0,4892.56582437,4892.56582437,0,0,0.33255714393333335,0.22232771273333332,0.8356472461379375,0,0,0,0
USDC,wanUSDC,2025-06-14T00:00:00.000Z,2025-06-14,6889977.6558815,6889977.655881502,5830179.0461313,5830179.046131298,1059798.6097502,1059798.6097502033,62.896675,62.896675,4957.62946258,4957.62946258,3.36502678,3.36502678,0.3365797324,0.22786708486666668,0.8462144272162382,304.1,304.1,2.34464,1.472665133480143
USDC,wanUSDC,2025-06-15T00:00:00.000Z,2025-06-15,6784635.2061804095,6784635.206180411,5855021.59150932,5855021.591509322,929613.61467109,929613.61467109,0,0,4187.87673059,4187.87673059,0,0,0.3429847444,0.23679259854,0.8629837733245367,0,0,0,0
USDC,wanUSDC,2025-06-16T00:00:00.000Z,2025-06-16,6782252.28494154,6782252.284941544,5859943.90360375,5859943.90360375,922308.38133779,922308.3813377932,0,0,4156.55965669,4156.55965669,0,0,0.3433783346666667,0.237346261,0.8640114858081938,3,3,2.31016,1.4636827236
USDC,wanUSDC,2025-06-17T00:00:00.000Z,2025-06-17,6774878.7293731095,6774878.729373104,5864821.6362992395,5864821.636299236,910057.09307387,910057.0930738683,0,0,3669.62534059,3669.62534059,0,0,0.3440152095833333,0.23824429168333333,0.865673302709821,0,0,0,0
USDC,wanUSDC,2025-06-18T00:00:00.000Z,2025-06-18,6776283.37008145,6776283.370081456,5873313.54524353,5873313.545243534,902969.82483792,902969.824837922,152,152,3120.41833807,3120.41833807,7.31343343,7.31343343,0.34442793508,0.23882780788,0.8667494137642605,0,0,0,0
USDC,wanUSDC,2025-06-19T00:00:00.000Z,2025-06-19,6791233.86767574,6791233.867675731,5886370.903865891,5886370.903865879,904862.96380985,904862.9638098517,80.7,80.7,3701.88448001,3701.88448001,0.44434848,0.44434848,0.34445087003333336,0.23886851798333333,0.8668047930593628,0.3,0.3,2.31016,1.366803220269997
USDC,wanUSDC,2025-06-20T00:00:00.000Z,2025-06-20,6938793.526714779,6938793.526714771,5894353.399675859,5894353.399675855,1044440.12703892,1044440.127038916,216.78,216.78,3008.50556506,3008.50556506,0.54924035,0.54924035,0.33782818912,0.22958937786,0.849492416765818,0,0,0,0
USDC,wanUSDC,2025-06-21T00:00:00.000Z,2025-06-21,6989712.11467653,6989712.114676532,5902889.76246252,5902889.762462524,1086822.35221401,1086822.3522140083,2605.42671236,2605.42671236,3626.25601042,3626.25601042,105.42671236,105.42671236,0.335929559,0.22695826083333334,0.8445136649393004,0,0,0,0
USDC,wanUSDC,2025-06-22T00:00:00.000Z,2025-06-22,7006321.61478001,7006321.614780015,5872753.98274978,5872753.982749783,1133567.63203023,1133567.6320302316,43361.9981737,43361.9981737,3597.05574974,3597.05574974,3129.11557696,3129.11557696,0.33354380618333335,0.22368814025,0.8382382391078779,0,0,0,0
USDC,wanUSDC,2025-06-23T00:00:00.000Z,2025-06-23,7093383.03564664,7093383.035646636,5835482.548180889,5835482.5481808875,1257900.48746575,1257900.487465748,0,0,2985.71011983,2985.71011983,0,0,0.3276350085,0.21563109974,0.8226733290562546,0,0,0,0
USDC,wanUSDC,2025-06-24T00:00:00.000Z,2025-06-24,7103505.56443017,7103505.564430164,5841663.30894796,5841663.308947958,1261842.25548221,1261842.2554822066,0,0,3517.74733964,3517.74733964,0,0,0.32751796185,0.2154718751,0.8223648043643317,32.5,32.5,4.62032,2.679995355307739
USDC,wanUSDC,2025-06-25T00:00:00.000Z,2025-06-25,7087294.50415146,7087294.504151455,5847954.344006619,5847954.344006617,1239340.16014484,1239340.1601448383,0,0,3530.62735586,3530.62735586,0,0,0.3285684118,0.21689297125,0.8251379316686785,0,0,0,0
USDC,wanUSDC,2025-06-26T00:00:00.000Z,2025-06-26,7095668.560741989,7095668.5607419945,5862335.498145769,5862335.498145772,1233333.06259622,1233333.062596222,0,0,2935.70270262,2935.70270262,0,0,0.32896833184,0.21743485278,0.8261932402060979,0,0,0,0
USDC,wanUSDC,2025-06-27T00:00:00.000Z,2025-06-27,7280085.313278329,7280085.313278336,5876919.744717419,5876919.744717423,1403165.56856091,1403165.5685609134,0,0,3504.22881737,3504.22881737,0,0,0.3218328423833333,0.20786707326666667,0.807310044879287,3,3,2.31016,1.287848126967649
USDC,wanUSDC,2025-06-28T00:00:00.000Z,2025-06-28,7352296.037828219,7352296.037828227,5878870.172693679,5878870.172693685,1473425.86513454,1473425.865134542,2883.05275399,2883.05275399,2940.79446948,2940.79446948,45.07782714,45.07782714,0.3189291079,0.20401500928,0.7996033586912148,0,0,0,0
USDC,wanUSDC,2025-06-29T00:00:00.000Z,2025-06-29,7382263.68439943,7382263.684399425,5886189.32891801,5886189.328918008,1496074.35548142,1496074.3554814167,0,0,3461.53476208,3461.53476208,0,0,0.3180785528333333,0.20289401163333334,0.7973419813973619,0,0,0,0
USDC,wanUSDC,2025-06-30T00:00:00.000Z,2025-06-30,7384542.9168979805,7384542.916897979,5897384.5132394,5897384.513239403,1487158.40365858,1487158.403658575,0,0,3474.09883175,3474.09883175,0,0,0.3185561741333333,0.203522456,0.7986123981748029,0,0,0,0
USDC,wanUSDC,2025-07-01T00:00:00.000Z,2025-07-01,7563170.983133839,7563170.98313385,5906737.14815694,5906737.148156946,1656433.8349769,1656433.834976904,0,0,2851.44025719,2851.44025719,0,0,0.31224985516,0.19543936698,0.7817223275333014,0,0,0,0
USDC,wanUSDC,2025-07-02T00:00:00.000Z,2025-07-02,7852518.1294185305,7852518.129418525,5910682.235065631,5910682.235065627,1941835.8943529,1941835.8943528982,30881.79173992,30881.79173992,4607.66241599,4607.66241599,1327.55485725,1327.55485725,0.30141007978333334,0.18150210695,0.7527138683457255,0,0,0,0
USDC,wanUSDC,2025-07-03T00:00:00.000Z,2025-07-03,7910638.225350309,7910638.2253503045,5872304.05056789,5872304.050567888,2038334.17478242,2038334.1747824168,25218.40525856,25218.40525856,4535.1344089,4535.1344089,16.75835287,16.75835287,0.29757015583333335,0.17672739898333334,0.7423497258509604,35.35,35.35,6.93048,4.071213810483762
USDC,wanUSDC,2025-07-04T00:00:00.000Z,2025-07-04,7925635.1891239695,7925635.189123966,5875867.07854411,5875867.078544108,2049768.11057986,2049768.110579858,0,0,3835.0907545,3835.0907545,0,0,0.297209437,0.1762767602,0.7413772746364411,0,0,0,0
USDC,wanUSDC,2025-07-05T00:00:00.000Z,2025-07-05,7917650.651133181,7917650.651133171,5890923.58062515,5890923.580625145,2026727.07050803,2026727.0705080268,0,0,4552.47414595,4552.47414595,0,0,0.29818875636666664,0.17748771726666668,0.7440241840960503,0,0,0,0
USDC,wanUSDC,2025-07-06T00:00:00.000Z,2025-07-06,7913430.18319418,7913430.183194173,5895166.42592841,5895166.425928406,2018263.75726577,2018263.757265766,0,0,3765.95900354,3765.95900354,0,0,0.29853446444,0.17791662888,0.7449577858617642,9.26,9.26,6.93048,4.04940322872
USDC,wanUSDC,2025-07-07T00:00:00.000Z,2025-07-07,7909248.03935285,7909248.039352841,5914429.00546355,5914429.005463544,1994819.0338893,1994819.0338892967,1960,1960,4583.84114902,4583.84114902,154.25378387,154.25378387,0.2995836902333333,0.17922273843333333,0.7477889018886876,340,340,2.34464,1.368859868099881
USDC,wanUSDC,2025-07-08T00:00:00.000Z,2025-07-08,7899149.38406256,7899149.384062558,5937830.48610554,5937830.48610554,1961318.89795702,1961318.8979570183,23278.463113,23278.463113,4629.61320336,4629.61320336,57.30736228,57.30736228,0.30103570345,0.18103263273333334,0.7517055604665016,0,0,0,0
USDC,wanUSDC,2025-07-09T00:00:00.000Z,2025-07-09,8132537.53756911,8132537.537569116,5920599.73975805,5920599.739758054,2211937.79781106,2211937.797811062,10072.67771491,10072.67771491,3835.91715252,3835.91715252,83.59129432,83.59129432,0.29233523038,0.17032639798,0.7281614540458587,1.75,1.75,2.31016,1.40213544088
USDC,wanUSDC,2025-07-10T00:00:00.000Z,2025-07-10,8224624.533639241,8224624.53363924,5889572.02304004,5889572.023040037,2335052.5105992,2335052.5105992034,45063.12804218,45063.12804218,4425.78730579,4425.78730579,64.49785991,64.49785991,0.2878921070166667,0.16493231335,0.7160980702417432,24,24,2.31016,1.45412559168
USDC,wanUSDC,2025-07-11T00:00:00.000Z,2025-07-11,8458413.73676925,8458413.736769244,5859782.4649398,5859782.464939798,2598631.27182945,2598631.271829445,0,0,4312.38734581,4312.38734581,0,0,0.279416455,0.15492412276666667,0.6929322629064115,28,28,4.62032,3.36131052192
USDC,wanUSDC,2025-07-12T00:00:00.000Z,2025-07-12,8595527.26694411,8595527.266944109,5865517.19593089,5865517.195930885,2730010.07101322,2730010.071013224,0,0,3499.43074838,3499.43074838,0,0,0.27558660186,0.15046307976,0.6824308522027821,12,12,2.31016,1.67277992552
USDC,wanUSDC,2025-07-13T00:00:00.000Z,2025-07-13,8611298.40903048,8611298.409030478,5871293.25319452,5871293.2531945165,2740005.15583596,2740005.1558359615,0,0,4255.98908366,4255.98908366,0,0,0.27539466328333334,0.15024968156666665,0.6818989714494318,30.2,30.2,4.62032,3.356837068841295
USDC,wanUSDC,2025-07-14T00:00:00.000Z,2025-07-14,8702695.732532091,8702695.732532088,5885665.31990632,5885665.319906317,2817030.41262577,2817030.41262577,0,0,3488.27186051,3488.27186051,0,0,0.27335982714,0.14790122724,0.6763075507373413,121.5617204,121.5617204,11.5508,8.7362627672
USDC,wanUSDC,2025-07-15T00:00:00.000Z,2025-07-15,8648914.20321159,8648914.20321159,5893048.98080251,5893048.98080251,2755865.22240908,2755865.2224090816,0,0,4251.23670235,4251.23670235,0,0,0.2751982940666667,0.15000960015,0.6813667655109288,5.25,5.25,2.31016,1.679439731609809
USDC,wanUSDC,2025-07-16T00:00:00.000Z,2025-07-16,8644012.56319896,8644012.563198965,5900088.04798566,5900088.047985664,2743924.5152133,2743924.515213302,0,0,4275.40405887,4275.40405887,0,0,0.27563852763333335,0.15051790028333334,0.6825763414131787,44.92638902,44.92638902,6.93048,5.28118516104
USDC,wanUSDC,2025-07-17T00:00:00.000Z,2025-07-17,8736727.61701699,8736727.617016993,5907436.21324514,5907436.21324514,2829291.40377185,2829291.403771854,0,0,3597.01866276,3597.01866276,0,0,0.27330906228,0.14784334332,0.6761676692747259,25,25,2.31016,1.862996822336536
USDC,wanUSDC,2025-07-18T00:00:00.000Z,2025-07-18,9013824.90108495,9013824.901084952,5914476.2187762,5914476.218776204,3099348.68230875,3099348.6823087484,0,0,4159.53984038,4159.53984038,0,0,0.26613863028333334,0.13977930008333334,0.6563480247404698,45,45,2.31016,1.98635873376
USDC,wanUSDC,2025-07-19T00:00:00.000Z,2025-07-19,8949042.33226089,8949042.332260888,5920894.34141665,5920894.341416653,3028147.99084424,3028147.990844235,0,0,4175.7559408,4175.7559408,0,0,0.26804010585,0.14187500003333334,0.661627417388603,1.25,1.25,2.31016,1.895123488658495
USDC,wanUSDC,2025-07-20T00:00:00.000Z,2025-07-20,8932490.05597657,8932490.055976573,5924629.24082355,5924629.240823552,3007860.81515302,3007860.815153022,100,100,3550.58700925,3550.58700925,100,100,0.26863392122,0.14254169284,0.6632693878745254,9.05,9.05,2.31016,1.973620704721865
USDC,wanUSDC,2025-07-21T00:00:00.000Z,2025-07-21,8961849.73149874,8961849.731498737,5934902.449777461,5934902.449777462,3026947.28172128,3026947.281721275,121.38517615,121.38517615,4194.28840044,4194.28840044,121.38517615,121.38517615,0.26827155375,0.14213778385,0.6622657836810393,113.2,113.2,18.48128,16.657590784296424
USDC,wanUSDC,2025-07-22T00:00:00.000Z,2025-07-22,8983552.48768571,8983552.48768571,5944263.4716101,5944263.4716101,3039289.01607561,3039289.01607561,0,0,3462.1160236,3462.1160236,0,0,0.26806207184,0.14189981126,0.6616880736360724,0,0,0,0
USDC,wanUSDC,2025-07-23T00:00:00.000Z,2025-07-23,8939869.228084441,8939869.228084441,5948547.142378541,5948547.142378542,2991322.0857059,2991322.0857059,0,0,4200.15665399,4200.1566539899995,0,0,0.26943865776666664,0.14346359911666667,0.6654844479104897,10,10,2.31016,1.992836377664867
USDC,wanUSDC,2025-07-24T00:00:00.000Z,2025-07-24,8694549.873583281,8694549.873583278,5953248.855841471,5953248.855841469,2741301.01774181,2741301.017741808,0,0,4313.20929096,4313.20929096,0,0,0.27641831275,0.15141710605,0.6847194918808496,0,0,0,0
USDC,wanUSDC,2025-07-25T00:00:00.000Z,2025-07-25,8671610.22310121,8671610.22310121,5952125.41227013,5952125.412270126,2719484.81083108,2719484.810831084,8391.453498,8391.453498,3665.47847302,3665.47847302,309.51985418,309.51985418,0.27702830712,0.15212138562,0.68639551520122,0,0,0,0
USDC,wanUSDC,2025-07-26T00:00:00.000Z,2025-07-26,8671111.10643534,8671111.106435344,5952864.94329066,5952864.943290662,2718246.16314468,2718246.1631446816,0,0,4327.60362481,4327.60362481,0,0,0.27707280828333336,0.15217252105,0.6865179208165324,2.5,2.5,2.31016,1.879120690477651
USDC,wanUSDC,2025-07-27T00:00:00.000Z,2025-07-27,8679065.4521084,8679065.4521084,5957153.887841729,5957153.887841731,2721911.56426667,2721911.564266668,0,0,4327.90459754,4327.90459754,0,0,0.2770232658333333,0.15211502506666666,0.6863819602152987,0,0,0,0
USDC,wanUSDC,2025-07-28T00:00:00.000Z,2025-07-28,8657664.398247078,8657664.398247078,5961342.962048359,5961342.962048359,2696321.43619872,2696321.43619872,0,0,3577.44990848,3577.44990848,0,0,0.27783281772,0.15306047832,0.6886003783826302,22.2,22.2,4.62032,3.760049868510146
USDC,wanUSDC,2025-07-29T00:00:00.000Z,2025-07-29,8490354.67359143,8490354.673591424,5967240.588998649,5967240.5889986465,2523114.08459278,2523114.0845927782,0,0,4414.27847674,4414.27847674,0,0,0.2830265009,0.15913542408333334,0.7028275108320248,1.65,1.65,2.31016,1.796680015505816
USDC,wanUSDC,2025-07-30T00:00:00.000Z,2025-07-30,8558613.40507381,8558613.405073807,5971350.10176798,5971350.101767978,2587263.30330583,2587263.30330583,0,0,3635.78108374,3635.78108374,0,0,0.2811579481,0.15693765902,0.6977156209659522,0,0,0,0
USDC,wanUSDC,2025-07-31T00:00:00.000Z,2025-07-31,8608709.13059015,8608709.130590148,6020492.66853113,6020492.668531126,2588216.46205902,2588216.4620590215,53.953929,53.953929,4526.80372936,4526.80372936,3.81537844,3.81537844,0.28175908736666666,0.15765524018333332,0.6993544192012441,1355.5,1355.5,2.34464,1.793990953283948
USDC,wanUSDC,2025-08-01T00:00:00.000Z,2025-08-01,8584300.24888092,8584300.24888092,6115329.66142314,6115329.661423135,2468970.58745778,2468970.5874577835,32.49009995,32.49009995,4490.36562962,4490.36562962,15.18541216,15.18541216,0.28653104181666667,0.16329944046666667,0.712392048087162,1.3,1.3,4.62032,3.344258408547204
USDC,wanUSDC,2025-08-02T00:00:00.000Z,2025-08-02,8695603.170228649,8695603.170228653,6119460.86942694,6119460.869426942,2576142.30080171,2576142.30080171,302.09896636,302.09896636,3698.32020416,3698.32020416,1.71930402,1.71930402,0.2834085419,0.15960802408,0.7038599531039823,0,0,0,0
USDC,wanUSDC,2025-08-03T00:00:00.000Z,2025-08-03,8842532.02914424,8842532.029144239,6123480.476571521,6123480.47657152,2719051.55257272,2719051.5525727184,0,0,4399.28893436,4399.28893436,0,0,0.27925440256666667,0.15470764495,0.692503117920019,2,2,2.31016,1.672908793670362
USDC,wanUSDC,2025-08-04T00:00:00.000Z,2025-08-04,8887105.17502388,8887105.17502388,6129508.45400219,6129508.4540021885,2757596.72102169,2757596.721021692,0,0,4391.47146923,4391.47146923,0,0,0.2782352106,0.15352092146666665,0.6897082685149836,25,25,2.31016,1.705726511029382
USDC,wanUSDC,2025-08-05T00:00:00.000Z,2025-08-05,8865302.109941158,8865302.109941162,6130542.940228649,6130542.940228648,2734759.16971251,2734759.169712514,6946.50633,6946.50633,3631.40077007,3631.40077007,235.71086897,235.71086897,0.27889791918,0.15429284002,0.6915254103278267,3.91747226,3.91747226,2.31016,1.679700880533714
USDC,wanUSDC,2025-08-06T00:00:00.000Z,2025-08-06,8836603.77453864,8836603.77453864,6128795.57318776,6128795.573187759,2707808.20135088,2707808.20135088,6039.64554999,6039.64554999,4409.69803822,4409.69803822,17.8942686,17.8942686,0.2796439841,0.15516263895,0.6935706828961562,0,0,0,0
USDC,wanUSDC,2025-08-07T00:00:00.000Z,2025-08-07,8961598.06033506,8961598.060335057,6129445.855783811,6129445.855783803,2832152.20455125,2832152.2045512535,1477.70908962,1477.7090896200002,4369.51597279,4369.51597279,28.19145892,28.19145892,0.27614954826666666,0.15110726968333332,0.6839807750063305,0,0,0,0
USDC,wanUSDC,2025-08-08T00:00:00.000Z,2025-08-08,9026630.55180745,9026630.55180745,6132319.15278547,6132319.152785472,2894311.39902198,2894311.399021978,0,0,3674.59144931,3674.59144931,0,0,0.27448741448,0.1492007056,0.67940703146242,0,0,0,0
USDC,wanUSDC,2025-08-09T00:00:00.000Z,2025-08-09,8988257.93701337,8988257.937013369,6136706.9836365,6136706.983636498,2851550.95337687,2851550.9533768715,445.5,445.5,4363.12813735,4363.12813735,13.95258016,13.95258016,0.27570072525,0.15058760033333332,0.682748395767831,14.05,14.05,6.93048,5.634636325272691
USDC,wanUSDC,2025-08-10T00:00:00.000Z,2025-08-10,9031712.33213481,9031712.33213481,6141249.01335928,6141249.013359278,2890463.31877553,2890463.31877553,0,0,3592.46931234,3592.46931234,0,0,0.2746888978,0.14942350548,0.6799660268462563,0,0,0,0
USDC,wanUSDC,2025-08-11T00:00:00.000Z,2025-08-11,9020569.105552189,9020569.105552185,6145252.38567671,6145252.385676706,2875316.71987548,2875316.71987548,96.363536,96.363536,4354.03919476,4354.03919476,1.84731516,1.84731516,0.2751575528333333,0.14996306111666666,0.6812545502562058,1.5,1.5,2.31016,1.829155157948883
USDC,wanUSDC,2025-08-12T00:00:00.000Z,2025-08-12,8960696.88185955,8960696.881859548,6149669.52822396,6149669.528223956,2811027.35363559,2811027.3536355915,0,0,4388.90382921,4388.90382921,0,0,0.27699533465,0.15208455261666667,0.6863042414126173,0,0,0,0
USDC,wanUSDC,2025-08-13T00:00:00.000Z,2025-08-13,9056852.2063663,9056852.206366293,5757569.93088637,5757569.930886366,3299282.27547993,3299282.275479926,4974,4974,3581.71695964,3581.71695964,0,0,0.25878971274,0.13201072558,0.6357608559195377,1290,1290,9.34408,8.210637198362345
USDC,wanUSDC,2025-08-14T00:00:00.000Z,2025-08-14,9273584.292775258,9273584.29277526,5556572.473032299,5556572.473032297,3717011.81974296,3717011.819742963,0,0,4039.73341301,4039.7334130100003,0,0,0.24567848743333334,0.11778375073333333,0.5992337818326755,0,0,0,0
USDC,wanUSDC,2025-08-15T00:00:00.000Z,2025-08-15,9240399.00758429,9240399.007584289,5561787.33287603,5561787.332876031,3678611.67470826,3678611.6747082565,0,0,4043.63057232,4043.63057232,0,0,0.24662484876666665,0.11875537658333334,0.6019009311327475,33,33,2.31016,2.181312688281681
USDC,wanUSDC,2025-08-16T00:00:00.000Z,2025-08-16,9256486.16946244,9256486.169462446,5566731.1465435,5566731.146543504,3689755.02291894,3689755.022918942,0,0,3343.45296032,3343.45296032,0,0,0.24644372528,0.11856802744,0.6013912408665287,0.5,0.5,2.31016,2.090575612727716
USDC,wanUSDC,2025-08-17T00:00:00.000Z,2025-08-17,9205886.01088086,9205886.010880861,5572051.23725996,5572051.237259958,3633834.7736209,3633834.7736209035,0,0,4063.6456944,4063.6456944,0,0,0.24783715021666666,0.12002041798333334,0.6053062495393444,40.9,40.9,4.62032,4.476454589699678
USDC,wanUSDC,2025-08-18T00:00:00.000Z,2025-08-18,9015041.26407302,9015041.264073018,5577374.77394898,5577374.773948978,3437666.49012404,3437666.49012404,0,0,3416.37606122,3416.37606122,0,0,0.25260969444,0.12503389088,0.618693681307525,0,0,0,0
USDC,wanUSDC,2025-08-19T00:00:00.000Z,2025-08-19,8954430.252572881,8954430.252572874,5580628.062351271,5580628.062351267,3373802.19022161,3373802.1902216068,935.29530548,935.29530548,4164.48831128,4164.48831128,196.48327236,196.48327236,0.2542349748666667,0.126762552,0.6232409016300716,0.92790672,0.92790672,4.62032,4.126160091230366
USDC,wanUSDC,2025-08-20T00:00:00.000Z,2025-08-20,8827526.48121794,8827526.481217934,5576561.83304094,5576561.833040937,3250964.648177,3250964.6481769965,9006.22001988,9006.22001988,4210.08627285,4210.08627285,6.50702095,6.50702095,0.257274284,0.13002289158333333,0.6317289386804801,6,6,2.31016,1.975985597949646
USDC,wanUSDC,2025-08-21T00:00:00.000Z,2025-08-21,8867273.29363997,8867273.293639965,5578615.97360251,5578615.97360251,3288657.32003746,3288657.320037456,0,0,3565.32940199,3565.32940199,0,0,0.25634074892,0.1290163276,0.6291246536848465,0,0,0,0
USDC,wanUSDC,2025-08-22T00:00:00.000Z,2025-08-22,8846386.188331861,8846386.188331861,5582018.1236846,5582018.123684602,3264368.06464726,3264368.06464726,100.798,100.798,4214.65069294,4214.65069294,1.337073,1.337073,0.25701381273333335,0.12974247181666668,0.6310020645454208,1,1,2.31016,2.087093771909545
USDC,wanUSDC,2025-08-23T00:00:00.000Z,2025-08-23,8484164.28863198,8484164.288631976,5585922.196392939,5585922.19639294,2898242.09223904,2898242.092239035,0,0,4335.20551848,4335.20551848,0,0,0.2669702957833333,0.14071736366666668,0.6586452712059502,4,4,2.31016,2.099876247282202
USDC,wanUSDC,2025-08-24T00:00:00.000Z,2025-08-24,8392886.98479919,8392886.984799191,5589818.27520267,5589818.27520267,2803068.70959652,2803068.709596522,0,0,3634.1141936,3634.1141936,0,0,0.26963091408,0.14366553188,0.6660237197269243,2,2,2.31016,2.068341003003972
USDC,wanUSDC,2025-08-25T00:00:00.000Z,2025-08-25,8252529.348153129,8252529.348153124,5593835.01264873,5593835.012648729,2658694.3355044,2658694.335504395,721.9770492,721.9770492,4451.4891946,4451.4891946,6.93183139,6.93183139,0.2739382631833333,0.14857346186666667,0.6778944501619374,13.5,13.5,4.62032,4.011655952559125
USDC,wanUSDC,2025-08-26T00:00:00.000Z,2025-08-26,8130223.401857031,8130223.401857025,5598315.567519491,5598315.567519487,2531907.83433754,2531907.834337538,835.2262,835.2262,4531.23261978,4531.23261978,80.8052541,80.8052541,0.27782438298333334,0.15304372691666668,0.6885810500590055,35.35,35.35,4.62032,3.913604966951165
USDC,wanUSDC,2025-08-27T00:00:00.000Z,2025-08-27,8147599.34791437,8147599.347914366,5603759.68893432,5603759.688934316,2543839.65898005,2543839.65898005,0,0,3742.84587167,3742.84587167,0,0,0.2775326986,0.15270527982,0.6877805377683553,0,0,0,0
USDC,wanUSDC,2025-08-28T00:00:00.000Z,2025-08-28,8139847.524037389,8139847.524037392,5608408.2466947595,5608408.246694759,2531439.27734263,2531439.2773426333,0,0,4539.10278636,4539.10278636,0,0,0.2779794325166667,0.15322372231666667,0.6890065268077491,22.49447512,22.49447512,4.62032,3.975544332788764
USDC,wanUSDC,2025-08-29T00:00:00.000Z,2025-08-29,8141250.683674719,8141250.683674722,5613387.347521099,5613387.347521104,2527863.33615362,2527863.336153618,0,0,3855.01163662,3855.01163662,0,0,0.27815911836,0.15343248784,0.689499515450078,0,0,0,0
USDC,wanUSDC,2025-08-30T00:00:00.000Z,2025-08-30,8141975.69460346,8141975.694603452,5617078.67454737,5617078.674547367,2524897.02005609,2524897.020056085,0,0,4551.42275144,4551.42275144,0,0,0.2783019754,0.15359853843333332,0.6898914193613555,0,0,0,0
USDC,wanUSDC,2025-08-31T00:00:00.000Z,2025-08-31,8143490.85711243,8143490.857112434,5621104.38399981,5621104.383999813,2522386.47311262,2522386.47311262,0,0,4557.33613953,4557.33613953,0,0,0.2784353746166667,0.15375365073333333,0.6902573472684297,0,0,0,0
USDC,wanUSDC,2025-09-01T00:00:00.000Z,2025-09-01,8143602.086427009,8143602.086427016,6071548.818992539,6071548.818992542,2072053.26743447,2072053.267434474,0,0,4236.09923158,4236.09923158,0,0,0.29875767986,0.17819356286,0.7455605924183603,4468,4468,6.99944,5.682069300878319
USDC,wanUSDC,2025-09-02T00:00:00.000Z,2025-09-02,8242333.84422542,8242333.844225423,6075787.76665937,6075787.76665937,2166546.07756605,2166546.0775660533,0,0,5166.968356,5166.968356,0,0,0.2956858736333333,0.17441662905,0.7372464229682419,0,0,0,0
USDC,wanUSDC,2025-09-03T00:00:00.000Z,2025-09-03,8333598.34692185,8333598.346921853,6080223.96449608,6080223.964496083,2253374.38242577,2253374.38242577,0,0,4443.51801645,4443.51801645,0,0,0.2928610513714286,0.17093799844285715,0.7296036692530729,0,0,0,0
USDC,wanUSDC,2025-09-04T00:00:00.000Z,2025-09-04,8504059.03359731,8504059.033597304,6084226.82024722,6084226.820247218,2419832.21335009,2419832.213350085,0,0,5049.69869388,5049.69869388,0,0,0.28767579805,0.16467877778333334,0.7155058272697268,0,0,0,0
USDC,wanUSDC,2025-09-05T00:00:00.000Z,2025-09-05,8513835.160202838,8513835.160202838,6088705.25471699,6088705.254716991,2425129.90548585,2425129.9054858466,0,0,5028.83263447,5028.83263447,0,0,0.28755206433333336,0.16452350978333333,0.7151726401139469,0,0,0,0
USDC,wanUSDC,2025-09-06T00:00:00.000Z,2025-09-06,8468991.93902921,8468991.939029204,6093147.793367879,6093147.793367876,2375844.14566133,2375844.145661328,0,0,4185.5416592,4185.5416592,0,0,0.2891293497,0.16641569456,0.7194674518804183,4,4,2.31016,1.925501834213359
USDC,wanUSDC,2025-09-07T00:00:00.000Z,2025-09-07,8485442.45270599,8485442.452705989,6097546.50474662,6097546.504746623,2387895.94795937,2387895.947959365,31.026035,31.026035,5064.11306736,5064.11306736,0,0,0.28880659811666665,0.16602680488333332,0.7185895568516985,4.14232038,4.14232038,4.62032,3.846085967821742
USDC,wanUSDC,2025-09-08T00:00:00.000Z,2025-09-08,8526248.67290138,8526248.672901373,6102230.42233142,6102230.422331416,2424018.25056996,2424018.2505699582,0,0,5052.17541383,5052.17541383,0,0,0.2877451360666667,0.16475160078333334,0.7157002844514645,0,0,0,0
USDC,wanUSDC,2025-09-09T00:00:00.000Z,2025-09-09,8538291.61947088,8538291.619470885,6108139.115524299,6108139.115524301,2430152.50394658,2430152.503946584,0,0,4173.62950685,4173.62950685,0,0,0.28762832192,0.1646114587,0.7153822131769008,36.3,36.3,4.62032,4.052255825864881
USDC,wanUSDC,2025-09-10T00:00:00.000Z,2025-09-10,9122870.803360641,9122870.803360634,6114140.765283341,6114140.765283329,3008730.0380773,3008730.038077303,38.98783465,38.98783465,4904.56433711,4904.56433711,17.57944926,17.57944926,0.27209787928333334,0.14687715605,0.6726020419793615,0,0,0,0
USDC,wanUSDC,2025-09-11T00:00:00.000Z,2025-09-11,9571803.16636275,9571803.166362748,6118416.0353837395,6118416.035383737,3453387.13097901,3453387.1309790118,0,0,4592.82711133,4592.82711133,0,0,0.26002132418333335,0.13302878998333334,0.6393680476526452,0,0,0,0
USDC,wanUSDC,2025-09-12T00:00:00.000Z,2025-09-12,9464912.548434181,9464912.548434174,6046978.303808531,6046978.303808528,3417934.24462565,3417934.244625646,227250.26,227250.26,3908.87600583,3908.87600583,227250.26,227250.26,0.25984518614,0.13282265494,0.6388856396139077,9,9,2.31016,2.082010151913931
USDC,wanUSDC,2025-09-13T00:00:00.000Z,2025-09-13,9533136.25337602,9533136.253376016,5898576.41645487,5898576.41645487,3634559.83692115,3634559.8369211466,0,0,4382.3964558,4382.3964558,0,0,0.2526420795,0.12507107973333334,0.6187827668192674,0,0,0,0
USDC,wanUSDC,2025-09-14T00:00:00.000Z,2025-09-14,9604320.91960387,9604320.919603867,5901849.12603825,5901849.126038251,3702471.79356562,3702471.793565616,0,0,3588.10425632,3588.10425632,0,0,0.25111251148,0.1234475994,0.6145014566653041,4,4,2.31016,2.118131158809776
USDC,wanUSDC,2025-09-15T00:00:00.000Z,2025-09-15,9539332.49315304,9539332.49315304,5962265.53341672,5962265.533416718,3577066.95973632,3577066.9597363216,32.94226835,32.94226835,4422.82520531,4422.8252053100005,0.49601487,0.49601487,0.25489143193333336,0.12748951843333334,0.625061606537992,1623,1623,4.6548,4.021858341026036
USDC,wanUSDC,2025-09-16T00:00:00.000Z,2025-09-16,9481434.53510442,9481434.535104418,6077059.08491183,6077059.084911832,3404375.45019259,3404375.4501925865,0,0,4609.04654492,4609.04654492,0,0,0.26058215115,0.133614645,0.6409430003305487,0,0,0,0
USDC,wanUSDC,2025-09-17T00:00:00.000Z,2025-09-17,9488864.545437,9488864.545437,6077824.19798528,6077824.19798528,3411040.34745172,3411040.34745172,0,0,3911.14874934,3911.14874934,0,0,0.26043075604,0.1334492921,0.6405218229221433,0,0,0,0
USDC,wanUSDC,2025-09-18T00:00:00.000Z,2025-09-18,9558029.93354924,9558029.933549246,6079541.100535501,6079541.100535506,3478488.83301374,3478488.83301374,0,0,4599.08171094,4599.08171094,0,0,0.2588354169666667,0.13171425741666667,0.6360795461595479,0,0,0,0
USDC,wanUSDC,2025-09-19T00:00:00.000Z,2025-09-19,9619712.60439104,9619712.604391038,6083886.44905407,6083886.449054074,3535826.15533697,3535826.155336965,0,0,4568.7675587,4568.7675587,0,0,0.2575314102833333,0.13030095718333334,0.6324457876908979,11.5,11.5,2.31016,2.066658002714065
USDC,wanUSDC,2025-09-20T00:00:00.000Z,2025-09-20,9594689.38000487,9594689.380004868,6088341.40987779,6088341.409877792,3506347.97012708,3506347.970127076,0,0,3790.47478446,3790.47478446,0,0,0.25828722244,0.13111762092,0.6345533230150692,0,0,0,0
USDC,wanUSDC,2025-09-21T00:00:00.000Z,2025-09-21,9590802.013188168,9590802.013188168,6092129.5528722,6092129.552872197,3498672.46031597,3498672.4603159716,0,0,4593.73677511,4593.73677511,0,0,0.25852145211666666,0.13137160618333332,0.6352059612664507,0.6,0.6,1.15508,1.040555693834549
USDC,wanUSDC,2025-09-22T00:00:00.000Z,2025-09-22,9447502.4776919,9447502.4776919,6098121.81105404,6098121.811054038,3349380.66663786,3349380.666637862,146.78403574,146.78403574,3835.23225494,3835.23225494,0.63867461,0.63867461,0.262229953,0.1354284098,0.6455193795382586,2120,2120,2.34464,1.923020368396719
USDC,wanUSDC,2025-09-23T00:00:00.000Z,2025-09-23,9326260.379142491,9326260.379142486,6300345.6646944005,6300345.664694395,3025914.71444809,3025914.71444809,0,0,4954.11182555,4954.11182555,0,0,0.2730858845,0.14758812256666667,0.6755531171533329,19,19,2.31016,1.903050543949033
USDC,wanUSDC,2025-09-24T00:00:00.000Z,2025-09-24,9301949.04804003,9301949.048040029,6305875.50264406,6305875.502644058,2996073.54539597,2996073.54539597,0,0,4996.85446157,4996.85446157,0,0,0.27394154785,0.14856619136666666,0.6779095550690093,0,0,0,0
USDC,wanUSDC,2025-09-25T00:00:00.000Z,2025-09-25,9310805.812875729,9310805.812875729,6310167.49508003,6310167.49508003,3000638.3177957,3000638.3177957,1386.11654688,1386.11654688,4236.41922153,4236.41922153,540.56344981,540.56344981,0.27388067142,0.1484991093,0.6777405298539841,3016,3016,3.48248,2.715701107431169
USDC,wanUSDC,2025-09-26T00:00:00.000Z,2025-09-26,9213019.83348395,9213019.833483951,6614475.51606281,6614475.51606281,2598544.31742114,2598544.3174211415,0,0,5430.9921709,5430.9921709,0,0,0.28857119858333335,0.1657436015,0.7179490252992324,0,0,0,0
USDC,wanUSDC,2025-09-27T00:00:00.000Z,2025-09-27,9219449.80946227,9219449.809462277,6619369.56209622,6619369.562096223,2600080.24736605,2600080.2473660535,0,0,5468.09952017,5468.09952017,0,0,0.2885821633833333,0.16575673986666667,0.7179788898445347,0,0,0,0
USDC,wanUSDC,2025-09-28T00:00:00.000Z,2025-09-28,9230321.98132493,9230321.981324933,6623894.39303516,6623894.39303516,2606427.58828977,2606427.588289772,3960,3960,4519.94381567,4519.94381567,0,0,0.28845176006,0.16560003224,0.7176239602676481,40,40,1.15508,0.911454515363162
USDC,wanUSDC,2025-09-29T00:00:00.000Z,2025-09-29,9293760.964074232,9293760.964074226,6628400.426323391,6628400.426323385,2665360.53775084,2665360.5377508416,0,0,5449.91803587,5449.91803587,0,0,0.28683130985,0.16365723223333334,0.7132109766808389,0.3,0.3,1.15508,0.9274411069155014
USDC,wanUSDC,2025-09-30T00:00:00.000Z,2025-09-30,9297884.733696539,9297884.733696535,6633488.70875616,6633488.70875616,2664396.02494038,2664396.024940375,0,0,5449.6976944,5449.6976944,0,0,0.28691582606666666,0.16375825748333334,0.7134413060640882,3.1,3.1,1.15508,0.908950961485228
USDC,wanUSDC,2025-10-01T00:00:00.000Z,2025-10-01,9298111.04842779,9298111.048427787,6638077.12356209,6638077.123562088,2660033.9248657,2660033.924865698,0,0,4628.26631975,4628.26631975,0,0,0.28709030278,0.16396687314,0.7139167706803198,0,0,0,0
USDC,wanUSDC,2025-10-02T00:00:00.000Z,2025-10-02,9315375.207017262,9315375.207017265,6643700.717159631,6643700.7171596335,2671674.48985763,2671674.4898576317,0,0,5459.60047895,5459.60047895,0,0,0.28682637558333335,0.16365115535,0.7131976272446141,25,25,2.31016,1.9714401085792026
USDC,wanUSDC,2025-10-03T00:00:00.000Z,2025-10-03,9360899.51107626,9360899.51107626,6650081.73843213,6650081.738432127,2710817.77264413,2710817.7726441342,0,0,4976.8875447,4976.8875447,0,0,0.2858040404857143,0.16243075584285716,0.710410595595161,135.5,135.5,3.48248,3.015048471988653
USDC,wanUSDC,2025-10-04T00:00:00.000Z,2025-10-04,9379720.898622911,9379720.898622908,6664105.96494533,6664105.964945327,2715614.93367758,2715614.933677582,0,0,4634.03368729,4634.03368729,0,0,0.2858314075,0.16246402916,0.710484871411386,0,0,0,0
USDC,wanUSDC,2025-10-05T00:00:00.000Z,2025-10-05,9436569.816401388,9436569.816401385,6669504.1944332495,6669504.194433249,2767065.62196814,2767065.6219681366,0,0,5441.8862651,5441.8862651,0,0,0.2844705968833333,0.16084476551666665,0.7067722709329273,14,14,1.15508,1.005294083766753
USDC,wanUSDC,2025-10-06T00:00:00.000Z,2025-10-06,9447068.73976287,9447068.739762867,6676243.24424084,6676243.244240837,2770825.49552203,2770825.49552203,0,0,5445.71218284,5445.71218284,0,0,0.2844441047833333,0.16081331845,0.7066999525049069,28,28,1.15508,0.9871913994223828
USDC,wanUSDC,2025-10-07T00:00:00.000Z,2025-10-07,9451820.21375342,9451820.213753413,6682108.10943799,6682108.109437986,2769712.10431543,2769712.104315426,0,0,4503.95621984,4503.95621984,0,0,0.28454127794,0.16092863736,0.7069652325298112,0,0,0,0
USDC,wanUSDC,2025-10-08T00:00:00.000Z,2025-10-08,9448500.37782726,9448500.377827259,6688393.19908041,6688393.199080409,2760107.17874685,2760107.17874685,0,0,5461.97543836,5461.97543836,0,0,0.2848760261666667,0.16132623186666667,0.707878901622295,27,27,1.15508,0.940148124190951
USDC,wanUSDC,2025-10-09T00:00:00.000Z,2025-10-09,9448306.843077678,9448306.843077682,6706735.436354529,6706735.436354532,2741571.40672315,2741571.40672315,0,0,5485.49871794,5485.49871794,0,0,0.28559311216666666,0.16217996598333334,0.709835026237185,250.65,250.65,2.3274,1.8890619336240433
USDC,wanUSDC,2025-10-10T00:00:00.000Z,2025-10-10,9423747.1747696,9423747.174769597,6877294.9383808,6877294.938380796,2546452.2363888,2546452.2363888,37304.12471386,37304.12471386,4645.45173314,4645.45173314,398.15946945,398.15946945,0.29301767814,0.17143302766,0.7298631802467302,7580,7580,6.9822,5.296594254244579
USDC,wanUSDC,2025-10-11T00:00:00.000Z,2025-10-11,8944758.15320557,8944758.153205566,7476459.24739061,7476459.2473906055,1468298.90581496,1468298.90581496,43065.18416861,43065.18416861,6126.59732657,6126.59732657,451.6558836,451.6558836,0.33279510985,0.22272066925,0.8362374052197667,10,10,1.15508,0.7396105917609272
USDC,wanUSDC,2025-10-12T00:00:00.000Z,2025-10-12,8850488.02583746,8850488.025837451,7445201.33266994,7445201.332669936,1405286.69316752,1405286.693167515,0,0,6977.88602256,6977.88602256,0,0,0.3346960592,0.22526866205,0.8412684920064643,1,1,1.15508,0.7409021592941533
USDC,wanUSDC,2025-10-13T00:00:00.000Z,2025-10-13,8917711.03441478,8917711.034414774,7446893.24967888,7446893.249678878,1470817.7847359,1470817.784735895,1991.02773915,1991.02773915,6932.55404116,6932.55404116,11.37469146,11.37469146,0.3323374535,0.22202158733333333,0.8350720566736608,5,5,1.15508,0.8172627712669978
USDC,wanUSDC,2025-10-14T00:00:00.000Z,2025-10-14,8967387.24540807,8967387.245408075,7460383.09947802,7460383.09947802,1507004.14593005,1507004.145930054,10119.96047491,10119.96047491,5863.22376407,5863.22376407,7.44414938,7.44414938,0.3311514412,0.22040234118,0.8319489681410551,0.5,0.5,1.15508,0.8155025437875966
USDC,wanUSDC,2025-10-15T00:00:00.000Z,2025-10-15,8986628.61753361,8986628.617533613,7463406.95114302,7463406.951143025,1523221.66639059,1523221.6663905866,0,0,6914.94004993,6914.94004993,0,0,0.3306022546333333,0.21965336781666667,0.8305023709583325,10,10,1.15508,0.78047508474566
USDC,wanUSDC,2025-10-16T00:00:00.000Z,2025-10-16,9001757.39034486,9001757.390344854,7483494.11230975,7483494.112309741,1518263.27803511,1518263.2780351134,5124.55423836,5124.55423836,6941.37406126,6941.37406126,58.94976532,58.94976532,0.3309197446666667,0.22008571996666668,0.8313390040488879,0,0,0,0
USDC,wanUSDC,2025-10-17T00:00:00.000Z,2025-10-17,8969704.83308278,8969704.833082778,7489903.0546475,7489903.054647496,1479801.77843528,1479801.778435282,337.78205,337.78205,5748.62677149,5748.62677149,220.63653185,220.63653185,0.3323301678,0.22201706276,0.8350499651893678,0,0,0,0
USDC,wanUSDC,2025-10-18T00:00:00.000Z,2025-10-18,8929085.21326637,8929085.213266369,7495618.879414581,7495618.879414584,1433466.33385179,1433466.333851785,0,0,7006.09622716,7006.09622716,0,0,0.3340059695,0.22430809038333333,0.8394611511401775,0,0,0,0
USDC,wanUSDC,2025-10-19T00:00:00.000Z,2025-10-19,8967156.56987038,8967156.569870379,7501421.97876225,7501421.978762252,1465734.59110813,1465734.591108126,0,0,5935.36524637,5935.36524637,0,0,0.33289901624,0.22279053996,0.8365495914946623,0,0,0,0
USDC,wanUSDC,2025-10-20T00:00:00.000Z,2025-10-20,8990575.833416661,8990575.833416658,7507201.55714759,7507201.557147589,1483374.27626907,1483374.2762690682,0,0,6987.01820527,6987.01820527,0,0,0.33231316776666664,0.22198760515,0.8350085481183054,0,0,0,0
USDC,wanUSDC,2025-10-21T00:00:00.000Z,2025-10-21,9022225.65339563,9022225.653395634,7521819.96596624,7521819.965966243,1500405.68742939,1500405.6874293918,0,0,6992.0264284,6992.0264284,0,0,0.3318161444,0.22130827075,0.8337001571850885,0,0,0,0
USDC,wanUSDC,2025-10-22T00:00:00.000Z,2025-10-22,9013711.44979074,9013711.449790737,7534241.17326276,7534241.17326276,1479470.27652798,1479470.276527976,0,0,5773.25970884,5773.25970884,0,0,0.33267666142,0.22250547666,0.8359541588915416,0,0,0,0
USDC,wanUSDC,2025-10-23T00:00:00.000Z,2025-10-23,8909248.24694803,8909248.246948037,7530183.51039193,7530183.510391937,1379064.7365561,1379064.7365561,15077.89412971,15077.89412971,7105.1410075,7105.1410075,107.75289366,107.75289366,0.3362259522166667,0.22738282543333332,0.845283492082699,1262.75,1262.75,1.17232,0.7580296219672583
USDC,wanUSDC,2025-10-24T00:00:00.000Z,2025-10-24,9125198.350504698,9125198.350504702,7631483.974841509,7631483.97484151,1493714.37566319,1493714.3756631918,5083.68269676,5083.68269676,7137.8906182,7137.8906182,83.30862525,83.30862525,0.3328168113,0.22268159506666665,0.8363313617067439,0,0,0,0
USDC,wanUSDC,2025-10-25T00:00:00.000Z,2025-10-25,9268354.6905909,9268354.6905909,7637277.46279862,7637277.462798618,1631077.22779228,1631077.227792282,0,0,5820.27881517,5820.27881517,0,0,0.32814352458,0.21631676912,0.8240170030737776,0,0,0,0
USDC,wanUSDC,2025-10-26T00:00:00.000Z,2025-10-26,9366934.66246503,9366934.662465032,7643634.11509056,7643634.115090562,1723300.54737447,1723300.54737447,1589.99999999,1589.99999999,6997.35779489,6997.35779489,8.16722666,8.16722666,0.3251193128,0.21224400355,0.8160233097557895,24.6,24.6,2.31016,1.5096381509372188
USDC,wanUSDC,2025-10-27T00:00:00.000Z,2025-10-27,9410674.14436303,9410674.144363029,7650054.10655873,7650054.106558733,1760620.0378043,1760620.0378042958,260.03700294,260.03700294,6823.76666629,6823.76666629,0.03700294,0.03700294,0.3239442954,0.21067072397142858,0.812912554518789,2.6,2.6,1.15508,0.7754617834945281
USDC,wanUSDC,2025-10-28T00:00:00.000Z,2025-10-28,9421985.66590389,9421985.66590389,7655909.081290031,7655909.081290027,1766076.58461386,1766076.584613864,0,0,5762.00401679,5762.00401679,0,0,0.32381041334,0.210491781,0.8125579429342351,0,0,0,0
USDC,wanUSDC,2025-10-29T00:00:00.000Z,2025-10-29,9403351.28737054,9403351.287370544,7661483.81497385,7661483.814973852,1741867.47239669,1741867.4723966916,0,0,6992.44335156,6992.44335156,0,0,0.3246424512,0.21160492321666666,0.8147611782398653,0.36445674,0.36445674,1.15508,0.7432242501472596
USDC,wanUSDC,2025-10-30T00:00:00.000Z,2025-10-30,9495553.0824728,9495553.082472801,7679391.4788401,7679391.4788401,1816161.6036327,1816161.6036327016,1035.12572544,1035.12572544,7011.02494515,7011.02494515,2.77645459,2.77645459,0.3224638421166667,0.20873563828333333,0.8089677839753354,17,17,2.31016,1.4217557877613205
USDC,wanUSDC,2025-10-31T00:00:00.000Z,2025-10-31,9433007.5150554,9433007.5150554,7709820.48712267,7709820.487122674,1723187.02793273,1723187.027932726,53379.87828147,53379.87828147,5772.67356714,5772.67356714,31.90130952,31.90130952,0.32589269524,0.21341381544,0.817998566669363,23,23,2.31016,1.4100279062611674
USDC,wanUSDC,2025-11-01T00:00:00.000Z,2025-11-01,9209669.71484382,9209669.714843813,7688533.470109411,7688533.470109399,1521136.24473441,1521136.2447344132,5999.24097171,5999.24097171,7168.86067879,7168.86067879,5.81433784,5.81433784,0.33224635951666665,0.22189613618333334,0.8348327616500699,0,0,0,0
USDC,wanUSDC,2025-11-02T00:00:00.000Z,2025-11-02,9215329.214796951,9215329.214796942,7688858.909212761,7688858.909212751,1526470.30558419,1526470.30558419,0,0,7170.2418399,7170.2418399,0,0,0.3320650168666667,0.22164822601666667,0.8343554123199953,0,0,0,0
USDC,wanUSDC,2025-11-03T00:00:00.000Z,2025-11-03,9202319.07424729,9202319.074247291,7693206.28673038,7693206.286730383,1509112.78751691,1509112.787516908,0,0,6091.2347548,6091.2347548,0,0,0.33269281332,0.22250707188,0.8360076445839575,0,0,0,0
USDC,wanUSDC,2025-11-04T00:00:00.000Z,2025-11-04,9379126.98997633,9379126.989976322,7697496.7762360405,7697496.776236037,1681630.21374029,1681630.213740285,1715.14297562,1715.14297562,7115.34721783,7115.34721783,161.0400941,161.0400941,0.3269390779333333,0.21471591145,0.820821987843405,10,10,1.15508,0.5914507571739056
USDC,wanUSDC,2025-11-05T00:00:00.000Z,2025-11-05,9804541.66501256,9804541.66501256,7702134.55574889,7702134.55574889,2102407.10926367,2102407.10926367,112870.25652279,112870.25652279,5683.17372392,5683.17372392,112870.25652279,112870.25652279,0.3137141748,0.19721816582,0.7856972462167604,0,0,0,0
USDC,wanUSDC,2025-11-06T00:00:00.000Z,2025-11-06,9756571.280264739,9756571.280264743,5085517.286277249,5085517.286277251,4671053.99398749,4671053.993987491,746900.00002999,746900.00002999,4850.29377466,4850.29377466,53460.03354141,53460.03354141,0.2182916637,0.09119129103333333,0.5211953979353156,0,0,0,0
USDC,wanUSDC,2025-11-07T00:00:00.000Z,2025-11-07,9504928.304566588,9504928.304566596,4963753.7058631,4963753.705863103,4541174.59870349,4541174.598703493,116.80707,116.80707,4458.05712051,4458.05712051,73.01248362,73.01248362,0.21862525971666666,0.09134247401666666,0.5222431233191889,0,0,0,0
USDC,wanUSDC,2025-11-08T00:00:00.000Z,2025-11-08,9476862.84811597,9476862.84811597,4966367.7550712,4966367.755071204,4510495.09304477,4510495.093044766,0,0,3798.22724572,3798.22724572,0,0,0.2192544771,0.09192130914,0.524054094554977,0,0,0,0
USDC,wanUSDC,2025-11-09T00:00:00.000Z,2025-11-09,9436033.33301467,9436033.333014665,4969001.08843497,4969001.08843497,4467032.2445797,4467032.244579695,0,0,4495.03533112,4495.03533112,0,0,0.2201404498,0.09274139878333333,0.5266011929515158,0,0,0,0
USDC,wanUSDC,2025-11-10T00:00:00.000Z,2025-11-10,9349321.15823774,9349321.158237739,4971883.3506204095,4971883.350620413,4377437.80761733,4377437.807617325,0,0,4488.57053377,4488.57053377,0,0,0.22216889066666667,0.09471562403333333,0.5323785197735278,0,0,0,0
USDC,wanUSDC,2025-11-11T00:00:00.000Z,2025-11-11,8677000.649820939,8677000.64982094,4974613.52215819,4974613.522158186,3702387.12766275,3702387.127662754,0,0,3963.13846925,3963.13846925,0,0,0.23650569476,0.10847650096,0.5733203169858557,0,0,0,0
USDC,wanUSDC,2025-11-12T00:00:00.000Z,2025-11-12,8571206.54922161,8571206.549221609,4977457.77546472,4977457.775464722,3593748.77375689,3593748.773756887,0,0,4851.56768275,4851.56768275,0,0,0.23911708783333332,0.11108792511666667,0.5807189308114601,0,0,0,0
USDC,wanUSDC,2025-11-13T00:00:00.000Z,2025-11-13,8565665.64979458,8565665.64979458,4980325.10319313,4980325.1031931285,3585340.54660145,3585340.546601452,0,0,4117.35591316,4117.35591316,0,0,0.23936980106,0.11134294402,0.5814336336913888,0,0,0,0
USDC,wanUSDC,2025-11-14T00:00:00.000Z,2025-11-14,7978357.46510774,7978357.465107739,4983255.53148969,4983255.531489692,2995101.93361805,2995101.933618047,0,0,5099.37036262,5099.37036262,0,0,0.25492778845,0.12758555693333334,0.6251315016589095,0,0,0,0
USDC,wanUSDC,2025-11-15T00:00:00.000Z,2025-11-15,7903401.18355492,7903401.183554918,4986580.32800444,4986580.32800444,2916820.85555048,2916820.855550477,0,0,5187.0456702,5187.0456702,0,0,0.25699173933333336,0.12971737701666666,0.6309412033090448,0,0,0,0
USDC,wanUSDC,2025-11-16T00:00:00.000Z,2025-11-16,7843140.933331139,7843140.933331134,4989627.12163581,4989627.121635806,2853513.81169533,2853513.811695328,6650.46343344,6650.46343344,4294.59740479,4294.59740479,565.46343344,565.46343344,0.2589214897,0.131827786,0.6363082055907722,100,100,1.17232,0.5646596066516015
USDC,wanUSDC,2025-11-17T00:00:00.000Z,2025-11-17,7645735.30513449,7645735.305134483,4976370.59665236,4976370.596652355,2669364.70848213,2669364.708482128,72913.02508618,72913.02508618,5322.61299834,5322.61299834,66833.06639342,66833.06639342,0.26417213738333334,0.1375672934,0.6509127403812975,0,0,0,0
USDC,wanUSDC,2025-11-18T00:00:00.000Z,2025-11-18,7466132.92583994,7466132.92583994,4916442.488632429,4916442.488632428,2549690.43720751,2549690.4372075116,149.69999997,149.69999997,5350.51326148,5350.51326148,13.02257617,13.02257617,0.26694172373333336,0.14065798661666667,0.6585813455761367,0.59955295,0.59955295,1.15508,0.552999220999959
USDC,wanUSDC,2025-11-19T00:00:00.000Z,2025-11-19,7473869.3872563,7473869.3872563,4895567.39536466,4895567.3953646645,2578301.99189164,2578301.991891636,119900.7122671,119900.7122671,4387.98414433,4387.98414433,119840.75697181,119840.75697181,0.2656550591,0.13920882084,0.6550260959348114,0,0,0,0
USDC,wanUSDC,2025-11-20T00:00:00.000Z,2025-11-20,7499513.33976381,7499513.339763803,4802853.09641571,4802853.096415705,2696660.2433481,2696660.2433480984,0,0,5168.04496379,5168.04496379,0,0,0.2603965471333333,0.13341267651666666,0.6404262416687372,5,5,1.15508,0.5363475958971795
USDC,wanUSDC,2025-11-21T00:00:00.000Z,2025-11-21,7059780.57650255,7059780.576502537,4427876.86738325,4427876.867383242,2631903.7091193,2631903.709119296,414053.07115085,414053.07115085,4314.21401817,4314.21401817,106003.05007326,106003.05007326,0.25571243602,0.12836010942,0.6273600735684928,0,0,0,0
USDC,wanUSDC,2025-11-22T00:00:00.000Z,2025-11-22,7077319.139474571,7077319.139474567,4368890.3595526,4368890.359552595,2708428.77992197,2708428.7799219717,558087.90166901,558087.90166901,4757.24146084,4757.24146084,59129.79796068,59129.79796068,0.2521709407166667,0.12459757671666667,0.6174492867799464,0,0,0,0
USDC,wanUSDC,2025-11-23T00:00:00.000Z,2025-11-23,7221657.61138842,7221657.611388419,2923319.14076283,2923319.1407628334,4298338.47062559,4298338.470625585,485900,485900,3122.32277933,3122.32277933,0,0,0.17848699971666668,0.05780179425,0.4048017551602785,0,0,0,0
USDC,wanUSDC,2025-11-24T00:00:00.000Z,2025-11-24,7167278.4492434,7167278.449243406,2924725.99639637,2924725.996396374,4242552.45284703,4242552.452847032,0,0,2465.15636513,2465.15636513,0,0,0.17958631382,0.05862771992,0.4080711129470309,4,4,1.15508,0.470406045945412
USDC,wanUSDC,2025-11-25T00:00:00.000Z,2025-11-25,7086139.38825844,7086139.388258439,2926088.68516629,2926088.6851662914,4160050.70309215,4160050.7030921467,0,0,3007.32941877,3007.32941877,0,0,0.18123419761666668,0.059878424283333335,0.4129646732507637,0,0,0,0
USDC,wanUSDC,2025-11-26T00:00:00.000Z,2025-11-26,7021500.97315951,7021500.973159514,2927404.95939938,2927404.95939938,4094096.01376013,4094096.013760134,0,0,2574.30704154,2574.3070415400002,0,0,0.18256674382,0.0608926168,0.4169201887563204,0,0,0,0
USDC,wanUSDC,2025-11-27T00:00:00.000Z,2025-11-27,6981585.85258599,6981585.852585988,2863583.40985106,2863583.4098510584,4118002.44273493,4118002.44273493,0,0,3013.07894224,3013.07894224,0,0,0.18028238195,0.05916729065,0.41013169667809424,0,0,0,0
USDC,wanUSDC,2025-11-28T00:00:00.000Z,2025-11-28,6943789.924495149,6943789.924495148,2839268.16848541,2839268.1684854114,4104521.75600974,4104521.7560097366,0,0,3004.04845794,3004.04845794,0,0,0.1798677472,0.058852188183333334,0.40890062855622217,1031,1031,3.51696,1.4923898985322452
USDC,wanUSDC,2025-11-29T00:00:00.000Z,2025-11-29,6792263.38290551,6792263.382905511,2904208.06672943,2904208.066729428,3888055.31617608,3888055.316176084,0,0,2582.80339515,2582.80339515,0,0,0.18624305954,0.0637637576,0.4277910791630247,0,0,0,0
USDC,wanUSDC,2025-11-30T00:00:00.000Z,2025-11-30,6595186.38014895,6595186.380148945,2905554.63945763,2905554.639457628,3689631.74069132,3689631.740691317,0,0,3215.13916251,3215.13916251,0,0,0.1905650357,0.06716384736666667,0.4405570694826331,0,0,0,0
USDC,wanUSDC,2025-12-01T00:00:00.000Z,2025-12-01,6389962.64155561,6389962.641555604,2885373.57030218,2885373.570302178,3504589.07125343,3504589.071253425,52524.24343243,52524.24343243,3260.01439422,3260.01439422,51808.34609181,51808.34609181,0.1943056748,0.07019666503333333,0.45155453222197156,0,0,0,0
USDC,wanUSDC,2025-12-02T00:00:00.000Z,2025-12-02,6507314.6445572805,6507314.644557286,2855687.01236318,2855687.0123631842,3651627.6321941,3651627.632194102,1457.966112,1457.966112,2644.1391056,2644.1391056,0,0,0.190000476,0.0667172747,0.43889089996406944,14.92895062,14.92895062,1.15508,0.4980074736949653
USDC,wanUSDC,2025-12-03T00:00:00.000Z,2025-12-03,6656908.92392203,6656908.92392203,2856280.61667636,2856280.616676363,3800628.30724567,3800628.3072456666,0,0,3137.98347142,3137.98347142,0,0,0.18667326918333332,0.06407815996666666,0.4290755480543478,0,0,0,0
USDC,wanUSDC,2025-12-04T00:00:00.000Z,2025-12-04,6709449.064177571,6709449.064177572,2857703.0666180803,2857703.0666180784,3851745.99755949,3851745.9975594934,0,0,3119.09820221,3119.09820221,0,0,0.18560649998333334,0.06324314528333333,0.42592218582245506,0,0,0,0
USDC,wanUSDC,2025-12-05T00:00:00.000Z,2025-12-05,6677921.86194179,6677921.861941788,2859007.38875449,2859007.388754492,3818914.4731873,3818914.473187296,0,0,2652.54094585,2652.54094585,0,0,0.18635497372,0.063828809,0.42813478596923643,0,0,0,0
USDC,wanUSDC,2025-12-06T00:00:00.000Z,2025-12-06,6812452.24004436,6812452.240044355,2860306.77434748,2860306.7743474785,3952145.46569688,3952145.465696877,0,0,3100.81310103,3100.81310103,0,0,0.183578062,0.06167545421666667,0.4199146570502037,0,0,0,0
USDC,wanUSDC,2025-12-07T00:00:00.000Z,2025-12-07,6744339.3657223005,6744339.365722308,2861590.59025236,2861590.590252364,3882748.77546994,3882748.775469944,0,0,2546.10293359,2546.10293359,0,0,0.1852015576,0.06297266728,0.4246986135119793,0,0,0,0
USDC,wanUSDC,2025-12-08T00:00:00.000Z,2025-12-08,6331377.260944949,6331377.260944942,2862867.66724766,2862867.6672476535,3468509.59369729,3468509.5936972885,115.96768837,115.96768837,3261.84951651,3261.84951651,16.72560836,16.72560836,0.19451498375,0.0703633501,0.452171618122738,0,0,0,0
USDC,wanUSDC,2025-12-09T00:00:00.000Z,2025-12-09,6063549.96887651,6063549.96887651,2867000.91606656,2867000.916066558,3196549.05280995,3196549.052809952,0,0,3348.90478547,3348.90478547,0,0,0.20174197116666667,0.07644676911666666,0.47329150778435114,0,0,0,0
USDC,wanUSDC,2025-12-10T00:00:00.000Z,2025-12-10,5915310.88722012,5915310.8872201145,2869775.11209346,2869775.112093458,3045535.77512666,3045535.775126656,0,0,2841.12717607,2841.12717607,0,0,0.20579986938,0.07987401282,0.4851436641155586,0,0,0,0
USDC,wanUSDC,2025-12-11T00:00:00.000Z,2025-12-11,5885156.60599676,5885156.60599676,2871223.52349363,2871223.5234936285,3013933.08250313,3013933.0825031316,0,0,3528.31901215,3528.31901215,0,0,0.20675228653333333,0.0807058496,0.48790988057675094,0.3,0.3,1.15508,0.5134442051270094
USDC,wanUSDC,2025-12-12T00:00:00.000Z,2025-12-12,5916653.43404979,5916653.43404979,2872798.37657332,2872798.3765733214,3043855.05747647,3043855.0574764684,0,0,3449.97434007,3449.97434007,0,0,0.20593953798333334,0.07999571981666667,0.4855494778834443,0,0,0,0
USDC,wanUSDC,2025-12-13T00:00:00.000Z,2025-12-13,5907531.33761894,5907531.337618932,2874234.39276961,2874234.392769606,3033296.94484933,3033296.944849326,0,0,2850.25895568,2850.25895568,0,0,0.20628044644,0.08029154326,0.4865407083195471,0,0,0,0
USDC,wanUSDC,2025-12-14T00:00:00.000Z,2025-12-14,5807570.581394959,5807570.581394958,2875686.09811545,2875686.09811545,2931884.48327951,2931884.4832795085,0,0,3492.77468821,3492.77468821,0,0,0.2092576554,0.0828996976,0.4951833093848782,0,0,0,0
USDC,wanUSDC,2025-12-15T00:00:00.000Z,2025-12-15,5792478.925424039,5792478.925424044,2877150.11765901,2877150.117659012,2915328.80776503,2915328.807765032,0,0,2899.29633213,2899.29633213,0,0,0.20978238492,0.08336035872,0.49670600437277546,0,0,0,0
USDC,wanUSDC,2025-12-16T00:00:00.000Z,2025-12-16,5691535.04210089,5691535.042100882,2878622.3647526503,2878622.3647526465,2812912.67734824,2812912.677348235,0,0,3549.88227616,3549.88227616,0,0,0.21293049635,0.08616902773333333,0.5058159908889641,0,0,0,0
USDC,wanUSDC,2025-12-17T00:00:00.000Z,2025-12-17,5610552.98623572,5610552.986235727,2872477.78520284,2872477.785202843,2738075.20103288,2738075.2010328835,111802.71525937,111802.71525937,3586.11264537,3586.11264537,110733.86261028,110733.86261028,0.21507303168333333,0.08809767475,0.5120063729194037,0,0,0,0
USDC,wanUSDC,2025-12-18T00:00:00.000Z,2025-12-18,5452426.0940788705,5452426.094078869,2712228.57777972,2712228.577779722,2740197.51629915,2740197.516299146,85814.28842773,85814.28842773,2932.94642748,2932.94642748,85314.28842773,85314.28842773,0.21003290504,0.08358209696,0.49743195832087367,20,20,1.15508,0.40918709
USDC,wanUSDC,2025-12-19T00:00:00.000Z,2025-12-19,5316492.3929343205,5316492.3929343205,2679120.93097265,2679120.930972647,2637371.46196167,2637371.461961673,10000,10000,3446.91924486,3446.91924486,10000,10000,0.21231346311666666,0.08562397468333334,0.5040273444666863,0,0,0,0
USDC,wanUSDC,2025-12-20T00:00:00.000Z,2025-12-20,5356458.58559116,5356458.58559116,2678951.90880101,2678951.9088010066,2677506.67679015,2677506.676790153,0,0,3437.95512408,3437.95512408,0,0,0.21096705801666665,0.08441053045000001,0.5001380278102354,0,0,0,0
USDC,wanUSDC,2025-12-21T00:00:00.000Z,2025-12-21,5422366.2186549,5422366.218654899,2680318.33714248,2680318.3371424824,2742047.88151242,2742047.881512416,0,0,2821.45336937,2821.45336937,0,0,0.20896770892,0.0826457016,0.4943416136901702,2500,2500,1.17232,0.4273575328
USDC,wanUSDC,2025-12-22T00:00:00.000Z,2025-12-22,5472829.359107889,5472829.359107895,2931800.3700626697,2931800.3700626735,2541028.98904522,2541028.989045222,0,0,3724.09784705,3724.09784705,0,0,0.22331336671666666,0.09570558808333333,0.5357077491125225,0,0,0,0
USDC,wanUSDC,2025-12-23T00:00:00.000Z,2025-12-23,5367326.89114411,5367326.89114411,2933533.51815103,2933533.5181510267,2433793.37299308,2433793.372993083,0,0,3816.47144732,3816.47144732,0,0,0.2271166754,0.09931755061666667,0.5465905083084451,0,0,0,0
USDC,wanUSDC,2025-12-24T00:00:00.000Z,2025-12-24,5327921.48356302,5327921.483563022,2935145.7641454497,2935145.7641454516,2392775.71941757,2392775.71941757,0,0,3182.78412411,3182.78412411,0,0,0.22862427004,0.10075907596,0.5508988371712578,0,0,0,0
USDC,wanUSDC,2025-12-25T00:00:00.000Z,2025-12-25,5321204.738342309,5321204.738342303,2936762.35225805,2936762.352258048,2384442.38608426,2384442.386084255,36000,36000,3855.74906316,3855.74906316,36000,36000,0.22897698141666667,0.10109988775,0.5519048023311127,0,0,0,0
USDC,wanUSDC,2025-12-26T00:00:00.000Z,2025-12-26,5292302.07092323,5292302.070923232,2902372.2932444,2902372.293244404,2389929.77767883,2389929.777678828,0,0,3249.41248107,3249.41248107,0,0,0.22775523512,0.09992445511999999,0.5484174124425018,0,0,0,0
USDC,wanUSDC,2025-12-27T00:00:00.000Z,2025-12-27,5310832.18609556,5310832.186095558,2945646.0848411703,2945646.084841165,2365186.10125439,2365186.1012543933,0,0,3875.13053777,3875.13053777,0,0,0.22993949001666666,0.10203211208333333,0.5546487379874838,500,500,1.17232,0.4116484448
USDC,wanUSDC,2025-12-28T00:00:00.000Z,2025-12-28,5346890.784690909,5346890.784690915,2955763.0934715597,2955763.0934715616,2391127.69121935,2391127.691219353,0,0,3883.23048921,3883.23048921,0,0,0.2292906943,0.10140158038333333,0.5528003454695916,0,0,0,0
USDC,wanUSDC,2025-12-29T00:00:00.000Z,2025-12-29,5354187.3957034,5354187.395703394,2957981.88367562,2957981.883675618,2396205.51202778,2396205.512027776,0,0,3206.15319071,3206.15319071,0,0,0.22917221266,0.10128733202,0.5524622926589283,589.7323047,589.7323047,4.6548,1.6689581968
USDC,wanUSDC,2025-12-30T00:00:00.000Z,2025-12-30,5343559.985930869,5343559.985930868,3018033.9428014597,3018033.9428014583,2325526.04312941,2325526.04312941,0,0,3973.15072573,3973.15072573,0,0,0.23350406496666667,0.10550623598333334,0.5647985320434411,0,0,0,0
USDC,wanUSDC,2025-12-31T00:00:00.000Z,2025-12-31,5345108.1331834495,5345108.133183448,3019912.8762907,3019912.8762907023,2325195.25689275,2325195.256892745,0,0,3638.28914359,3638.28914359,0,0,0.2335725002,0.1055744005,0.56499257445115,0,0,0,0
USDC,wanUSDC,2026-01-01T00:00:00.000Z,2026-01-01,5323284.95838871,5323284.958388703,3021586.22155958,3021586.221559575,2301698.73682913,2301698.736829128,0,0,4004.37415027,4004.37415027,0,0,0.23449654321666666,0.1064840009,0.5676186585108597,0,0,0,0
USDC,wanUSDC,2026-01-02T00:00:00.000Z,2026-01-02,5360814.69143439,5360814.691434387,3023291.93815773,3023291.93815773,2337522.75327666,2337522.753276658,0,0,3396.19997178,3396.19997178,0,0,0.23323829974,0.10525572372,0.5640370258127212,0,0,0,0
USDC,wanUSDC,2026-01-03T00:00:00.000Z,2026-01-03,5494162.13695288,5494162.136952873,3024967.6783606997,3024967.6783606983,2469194.45859218,2469194.458592175,0,0,3917.71527896,3917.71527896,0,0,0.22851205101666666,0.10065106661666667,0.5505785406641737,0,0,0,0
USDC,wanUSDC,2026-01-04T00:00:00.000Z,2026-01-04,5515756.259057229,5515756.259057231,3026789.23360897,3026789.2336089713,2488967.02544826,2488967.02544826,0,0,3911.33792777,3911.33792777,0,0,0.22787322008333333,0.10003735373333333,0.5487545366810895,0,0,0,0
USDC,wanUSDC,2026-01-05T00:00:00.000Z,2026-01-05,5527304.9938513,5527304.993851306,3028456.93201439,3028456.9320143918,2498848.06183691,2498848.061836914,0,0,3228.59163624,3228.59163624,0,0,0.22757712176,0.0997532864,0.5479088921755394,0,0,0,0
USDC,wanUSDC,2026-01-06T00:00:00.000Z,2026-01-06,5562262.68988326,5562262.689883257,3029894.9810462696,3029894.9810462687,2532367.70883699,2532367.7088369885,1120.20390675,1120.20390675,3891.36860906,3891.36860906,518.80444645,518.80444645,0.22646617221666668,0.09869242605,0.5447332891129195,1.2,1.2,1.15508,0.5002535972
USDC,wanUSDC,2026-01-07T00:00:00.000Z,2026-01-07,5529538.04706747,5529538.047067465,3030773.6986065498,3030773.698606548,2498764.34846092,2498764.348460918,0,0,3317.84217669,3317.84217669,0,0,0.2276463064,0.09981959372,0.5481065178024016,0,0,0,0
USDC,wanUSDC,2026-01-08T00:00:00.000Z,2026-01-08,5524107.42104216,5524107.4210421555,3032433.13120056,3032433.131200555,2491674.2898416,2491674.2898416,0,0,3914.03025495,3914.03025495,0,0,0.22794297871666666,0.10010528365,0.548953200337738,0,0,0,0
USDC,wanUSDC,2026-01-09T00:00:00.000Z,2026-01-09,5454355.896015581,5454355.896015573,3034263.75072751,3034263.750727505,2420092.14528807,2420092.1452880683,0,0,3955.67413874,3955.67413874,0,0,0.23052530951666667,0.10259933613333333,0.556318894824757,0,0,0,0
USDC,wanUSDC,2026-01-10T00:00:00.000Z,2026-01-10,5396186.54501879,5396186.545018784,3035961.09958471,3035961.099584708,2360225.44543408,2360225.445434076,0,0,3299.73139529,3299.73139529,0,0,0.2327352631,0.10475178348,0.5626123299689765,0,0,0,0
USDC,wanUSDC,2026-01-11T00:00:00.000Z,2026-01-11,5397825.8113670405,5397825.811367039,3037660.36593296,3037660.365932958,2360165.44543408,2360165.44543408,0,0,4001.06327261,4001.0632726100002,0,0,0.23278586758333333,0.10480136656666666,0.5627562744210011,0,0,0,0
USDC,wanUSDC,2026-01-12T00:00:00.000Z,2026-01-12,5401220.57761064,5401220.577610634,3039515.47086106,3039515.470861055,2361705.10674958,2361705.10674958,0,0,4003.6705268,4003.6705268,0,0,0.23278228461666667,0.10479785906666667,0.5627460808899228,0,0,0,0
USDC,wanUSDC,2026-01-13T00:00:00.000Z,2026-01-13,5404836.18874225,5404836.188742256,3041219.34297087,3041219.342970872,2363616.84577138,2363616.845771384,0,0,3395.72470293,3395.72470293,0,0,0.23276076422,0.10477677512,0.5626848649380458,0,0,0,0
USDC,wanUSDC,2026-01-14T00:00:00.000Z,2026-01-14,5469713.44344136,5469713.443441352,3042913.26031121,3042913.260311205,2426800.18313015,2426800.1831301465,0,0,3979.31496153,3979.31496153,0,0,0.23052993706666666,0.10260292928333334,0.5563325853740728,0,0,0,0
USDC,wanUSDC,2026-01-15T00:00:00.000Z,2026-01-15,5451777.144220419,5451777.144220422,3044598.2773502,3044598.277350198,2407178.86687022,2407178.866870224,0,0,3285.77357091,3285.7735709099998,0,0,0.23128219102,0.10333481222,0.5584752761714141,0,0,0,0
USDC,wanUSDC,2026-01-16T00:00:00.000Z,2026-01-16,5397881.78746619,5397881.787466193,3046302.92059593,3046302.920595933,2351578.86687026,2351578.86687026,0,0,4021.13271407,4021.13271407,0,0,0.23334683158333333,0.10535171546666666,0.5643515397415937,0,0,0,0
USDC,wanUSDC,2026-01-17T00:00:00.000Z,2026-01-17,5399412.94380421,5399412.943804212,3048179.07693395,3048179.07693395,2351233.86687026,2351233.8668702617,6929.99999999,6929.99999999,4024.46272995,4024.4627299500003,0,0,0.23341276308333334,0.1054164874,0.5645389859898908,70,70,1.17232,0.4680604832
USDC,wanUSDC,2026-01-18T00:00:00.000Z,2026-01-18,5395023.82797751,5395023.82797751,3049912.23348362,3049912.233483616,2345111.59449389,2345111.594493894,0,0,3415.04257185,3415.04257185,0,0,0.23368840062,0.10568787864,0.565322299470688,0.3,0.3,1.15508,0.4533226968
USDC,wanUSDC,2026-01-19T00:00:00.000Z,2026-01-19,5343913.77339252,5343913.773392522,3051610.94780957,3051610.9478095733,2292302.82558295,2292302.8255829485,30.00918274,30.00918274,4062.65842705,4062.6584270500002,0.00918274,0.00918274,0.23570409901666667,0.10767894826666667,0.5710469669461722,0,0,0,0
USDC,wanUSDC,2026-01-20T00:00:00.000Z,2026-01-20,5309613.91720118,5309613.917201176,3053498.62773495,3053498.6277349466,2256115.28946623,2256115.28946623,27000,27000,4083.57765488,4083.57765488,27000,27000,0.23713284463333334,0.10910142596666667,0.5750984086654789,0,0,0,0
USDC,wanUSDC,2026-01-21T00:00:00.000Z,2026-01-21,5224735.990511401,5224735.990511396,3028225.33591486,3028225.335914856,2196510.65459654,2196510.65459654,0,0,3361.01016927,3361.01016927,0,0,0.23884207394,0.11086070614,0.5799131051873343,0,0,0,0
USDC,wanUSDC,2026-01-22T00:00:00.000Z,2026-01-22,4950686.53573697,4950686.535736968,3029997.88114039,3029997.8811403913,1920688.65459658,1920688.6545965767,0,0,4255.93275187,4255.93275187,0,0,0.25029401268333334,0.12261096845,0.61219262662637,0,0,0,0
USDC,wanUSDC,2026-01-23T00:00:00.000Z,2026-01-23,4797230.32266427,4797230.322664265,3032333.75245353,3032333.7524535283,1764896.57021074,1764896.5702107367,0,0,4399.3860752,4399.3860752,0,0,0.25741324975,0.13017450861666666,0.6321156258369903,4,4,1.15508,0.420795644
USDC,wanUSDC,2026-01-24T00:00:00.000Z,2026-01-24,4845909.58262905,4845909.582629042,3034251.68916627,3034251.689166266,1811657.89346278,1811657.893462776,0,0,3604.7843838,3604.7843838,0,0,0.25527448336,0.12787160502,0.6261473455615426,0,0,0,0
USDC,wanUSDC,2026-01-25T00:00:00.000Z,2026-01-25,4834069.81735982,4834069.8173598265,3008762.0101199,3008762.0101199034,1825307.80723992,1825307.8072399234,106990,106990,4341.19630411,4341.19630411,106990,106990,0.2539292820333333,0.12644224616666666,0.6223829510951656,0,0,0,0
USDC,wanUSDC,2026-01-26T00:00:00.000Z,2026-01-26,4895418.49615733,4895418.496157322,2930873.66416914,2930873.664169136,1964544.83198819,1964544.831988186,0,0,3534.83534466,3534.83534466,0,0,0.24550745332,0.11760762646,0.5987520431340073,0,0,0,0
USDC,wanUSDC,2026-01-27T00:00:00.000Z,2026-01-27,4915187.57612775,4915187.576127746,2933056.4130718997,2933056.413071893,1982131.16305585,1982131.1630558532,0,0,4134.43234949,4134.43234949,0,0,0.24479433806666667,0.1168667413,0.5967471162745125,14.12856219,14.12856219,1.15508,0.4034578932
USDC,wanUSDC,2026-01-28T00:00:00.000Z,2026-01-28,4994561.65732885,4994561.65732886,2945913.76113078,2945913.7611307865,2048647.89619807,2048647.8961980734,0,0,4154.3645933,4154.3645933,0,0,0.2427395672,0.1148999481,0.5908764911318884,301,301,2.3274,0.825272766
USDC,wanUSDC,2026-01-29T00:00:00.000Z,2026-01-29,5260556.852143921,5260556.852143919,2966969.7978477604,2966969.797847762,2293587.05429616,2293587.054296158,10278.02661308,10278.02661308,1494.80048932,1494.80048932,9914.70403688,9914.70403688,0.23324133438,0.10525445468,0.5640480354784189,17.26779739,17.26779739,2.31016,0.7727023168
USDC,wanUSDC,2026-01-30T00:00:00.000Z,2026-01-30,5165852.45978899,5165852.459788995,2914880.84947342,2914880.8494734215,2250971.61031557,2250971.610315574,65622.38747982,65622.38747982,1866.22036971,1866.22036971,64870.92812353,64870.92812353,0.233313434025,0.1053205751,0.5642556546864362,100,100,1.17232,0.3758340688
USDC,wanUSDC,2026-01-31T00:00:00.000Z,2026-01-31,5047204.27694733,5047204.276947328,2925736.3313002298,2925736.331300228,2121467.9456471,2121467.9456471,8490.11714707,8490.11714707,1478.15761147,1478.1576114700001,355.72678326,355.72678326,0.23941452156,0.11169534522,0.5813890661901605,555,555,6.99944,2.1006271088
USDC,wanUSDC,2026-02-01T00:00:00.000Z,2026-02-01,4608293.65222523,4608293.652225228,2961534.8452665103,2961534.8452665084,1646758.80695872,1646758.80695872,514.05727654,514.05727654,2014.55246122,2014.55246122,27.70826354,27.70826354,0.2612982532,0.1344396049,0.6429115220271321,150,150,1.17232,0.343841456
USDC,wanUSDC,2026-02-02T00:00:00.000Z,2026-02-02,4817608.14351743,4817608.143517428,2975405.84677169,2975405.846771688,1842202.29674574,1842202.29674574,0,0,2005.70887478,2005.70887478,0,0,0.25226872195,0.12468761606666667,0.6177306162178973,120,120,1.17232,0.3540875328
USDC,wanUSDC,2026-02-03T00:00:00.000Z,2026-02-03,4817764.47077274,4817764.470772748,2957247.47176638,2957247.471766388,1860516.99900636,1860516.99900636,233117.0731488,233117.0731488,1607.94135128,1607.94135128,48557.11062361,48557.11062361,0.25093319046,0.12333071552,0.613958701783692,85,85,1.17232,0.3425284576
USDC,wanUSDC,2026-02-04T00:00:00.000Z,2026-02-04,4883779.702799151,4883779.70279915,2743311.0428263904,2743311.042826395,2140468.65997276,2140468.659972755,125000,125000,1689.15178616,1689.15178616,162.03118031,162.03118031,0.23242689645,0.1044734882,0.561721817666565,0,0,0,0
USDC,wanUSDC,2026-02-05T00:00:00.000Z,2026-02-05,4812926.5416759,4812926.541675906,2585663.09397923,2585663.093979234,2227263.44769667,2227263.447696672,0,0,0,0,0,0,0.22381907308,0.09618831298,0.5371533873785336,0,0,0,0
USDC,wanUSDC,2026-02-06T00:00:00.000Z,2026-02-06,4372791.75623397,4372791.756233977,2247948.8834307296,2247948.883430737,2124842.87280324,2124842.87280324,110000,110000,1289.17852731,1289.17852731,75079.57484588,75079.57484588,0.21580692076666666,0.08878361078333333,0.5141125099607932,150.3,150.3,2.3274,0.578921786
USDC,wanUSDC,2026-02-07T00:00:00.000Z,2026-02-07,4489855.00073626,4489855.000736255,2235865.30692453,2235865.3069245266,2253989.69381173,2253989.693811728,0,0,1274.27527015,1274.2752701499999,0,0,0.2102301436,0.0837588885,0.4980022623711881,0,0,0,0
USDC,wanUSDC,2026-02-08T00:00:00.000Z,2026-02-08,4505936.80891729,4505936.808917282,2228044.09361617,2228044.0936161643,2277892.71530112,2277892.715301118,49900.0002,49900.0002,1021.95616523,1021.95616523,223.26339229,223.26339229,0.20901160876,0.08268472522,0.4944687302860806,25.3,25.3,2.31016,0.628132504
USDC,wanUSDC,2026-02-09T00:00:00.000Z,2026-02-09,4530862.9112320505,4530862.911232038,2190158.32927719,2190158.3292771834,2340704.58195486,2340704.581954855,3527.402753,3527.402753,1194.28291156,1194.28291156,12.30820687,12.30820687,0.20519987721666666,0.07935604296666667,0.4833976028501221,0,0,0,0
USDC,wanUSDC,2026-02-10T00:00:00.000Z,2026-02-10,4570643.31508651,4570643.31508651,2188405.8064573,2188405.8064572965,2382237.50862921,2382237.5086292136,0,0,1182.97302665,1182.97302665,0,0,0.20361955388333333,0.07799416216666666,0.47879727758907864,0.3001,0.3001,1.15508,0.304536842
USDC,wanUSDC,2026-02-11T00:00:00.000Z,2026-02-11,4529594.41998373,4529594.419983738,2049464.3560540199,2049464.356054026,2480130.06392971,2480130.063929712,175460,175460,888.72869478,888.72869478,70337.02949073,70337.02949073,0.1946098497,0.07049056349999999,0.45242190665403703,5.39196768,5.39196768,2.31016,0.5872542228
USDC,wanUSDC,2026-02-12T00:00:00.000Z,2026-02-12,4438303.1778663,4438303.177866297,1414292.9030813,1414292.9030812983,3024010.274785,3024010.2747849985,520358.18980216,520358.18980216,748.58400163,748.58400163,293.84167582,293.84167582,0.14990855648333334,0.03822771048333334,0.31871636432054434,3511.6144891,3511.6144891,3.48248,0.901676998
USDC,wanUSDC,2026-02-13T00:00:00.000Z,2026-02-13,4141570.6575528104,4141570.657552805,1414512.66196709,1414512.6619670882,2727057.99558572,2727057.995585717,0,0,599.88159002,599.88159002,0,0,0.1574347596,0.04302753445,0.3415924495105587,0,0,0,0
USDC,wanUSDC,2026-02-14T00:00:00.000Z,2026-02-14,4121979.5514271203,4121979.551427114,1415126.2495472,1415126.249547194,2706853.30187992,2706853.30187992,0,0,513.34110816,513.34110816,0,0,0.1580017413,0.04339515556,0.34331230478834596,0.81918926,0.81918926,1.15508,0.3198647536
USDC,wanUSDC,2026-02-15T00:00:00.000Z,2026-02-15,4060804.8297069203,4060804.829706915,1415701.12896877,1415701.128968765,2645103.70073815,2645103.70073815,0,0,610.84117259,610.84117259,0,0,0.1597581328,0.0445568745,0.3486267902069661,0,0,0,0
USDC,wanUSDC,2026-02-16T00:00:00.000Z,2026-02-16,4049056.9190414,4049056.919041408,1416262.87493434,1416262.8749343439,2632794.04410706,2632794.044107064,0,0,506.72706814,506.72706814,0,0,0.16013836618,0.0448101138,0.34977628999690075,0,0,0,0
USDC,wanUSDC,2026-02-17T00:00:00.000Z,2026-02-17,4066572.06747521,4066572.0674752085,1416824.9243232599,1416824.9243232617,2649747.14315195,2649747.143151947,0,0,612.67670414,612.67670414,0,0,0.1596856475,0.04450856476666667,0.34840767630499886,0,0,0,0
USDC,wanUSDC,2026-02-18T00:00:00.000Z,2026-02-18,4065748.72347233,4065748.7234723284,1417437.3768083,1417437.376808295,2648311.34666403,2648311.3466640334,0,0,612.5405359,612.5405359,0,0,0.1597590891,0.04455748945,0.3486296939158846,0,0,0,0
USDC,wanUSDC,2026-02-19T00:00:00.000Z,2026-02-19,4018196.19929889,4018196.19929889,1418004.45519022,1418004.455190218,2600191.74410867,2600191.744108672,0,0,523.0977436,523.0977436000001,0,0,0.1611714239,0.04550171734,0.3528973017903314,0,0,0,0
USDC,wanUSDC,2026-02-20T00:00:00.000Z,2026-02-20,3981526.73401817,3981526.7340181614,1418559.95805666,1418559.9580566566,2562966.77596151,2562966.775961505,0,0,621.49553866,621.49553866,0,0,0.16229487415,0.0462592801,0.3562882535314886,0,0,0,0
USDC,wanUSDC,2026-02-21T00:00:00.000Z,2026-02-21,3948699.16331802,3948699.163318021,1421449.26919356,1421449.2691935615,2527249.89412446,2527249.89412446,0,0,627.3924319,627.3924319,0,0,0.16351919055,0.0470912372,0.35997996651759273,70,70,1.17232,0.3308052576
USDC,wanUSDC,2026-02-22T00:00:00.000Z,2026-02-22,3938529.6177576,3938529.617757596,1426891.96862517,1426891.968625166,2511637.64913243,2511637.64913243,0,0,522.60995601,522.60995601,0,0,0.16428663142,0.0476159823,0.36229217431496286,0.82154539,0.82154539,1.15508,0.3120795144
USDC,wanUSDC,2026-02-23T00:00:00.000Z,2026-02-23,3857368.50528879,3857368.5052887932,1427662.75059692,1427662.75059692,2429705.75469187,2429705.754691873,0,0,640.92369651,640.92369651,0,0,0.16688898135,0.04941604236666667,0.37012080605944997,0,0,0,0
USDC,wanUSDC,2026-02-24T00:00:00.000Z,2026-02-24,3805718.9539201595,3805718.953920158,1428660.08004418,1428660.080044176,2377058.87387598,2377058.873875982,0,0,549.43820969,549.43820969,0,0,0.16865127564,0.0506524739,0.37541224204857965,6.75,6.75,2.31016,0.594057644
USDC,wanUSDC,2026-02-25T00:00:00.000Z,2026-02-25,3787412.09161699,3787412.091616992,1429112.3214074299,1429112.3214074369,2358299.77020956,2358299.770209555,1164.286159,1164.286159,651.76676475,651.76676475,48.34862312,48.34862312,0.16929191446666667,0.05110403165,0.3773346124532015,10.1,10.1,1.15508,0.3515139456
USDC,wanUSDC,2026-02-26T00:00:00.000Z,2026-02-26,3765626.45760108,3765626.457601073,1430025.2086536102,1430025.2086536067,2335601.24894747,2335601.2489474667,0,0,655.13816799,655.1381679899999,0,0,0.17010018051666667,0.05167752278333333,0.3797578048367423,0,0,0,0
USDC,wanUSDC,2026-02-27T00:00:00.000Z,2026-02-27,3828217.10174547,3828217.1017454714,1430623.8106277701,1430623.8106277718,2397593.2911177,2397593.2911177,0,0,522.79488053,522.79488053,0,0,0.16808216635,0.05025051465,0.37370498321177126,0,0,0,0
USDC,wanUSDC,2026-02-28T00:00:00.000Z,2026-02-28,3825098.10887992,3825098.1088799285,1431542.4680737702,1431542.4680737767,2393555.64080615,2393555.6408061516,0,0,649.2516523,649.2516523,0,0,0.16826379053333335,0.050378237,0.37425015529303396,5,5,1.15508,0.3093188732
USDC,wanUSDC,2026-03-01T00:00:00.000Z,2026-03-01,3733527.62148157,3733527.6214815686,1427300.93825731,1427300.9382573084,2306226.68322426,2306226.68322426,0,0,658.22302766,658.22302766,0,0,0.17094617418333333,0.0522817388,0.3822918267058946,0,0,0,0
USDC,wanUSDC,2026-03-02T00:00:00.000Z,2026-03-02,3758200.84167205,3758200.8416720424,1417774.70846155,1417774.708461546,2340426.1332105,2340426.133210496,0,0,548.50453122,548.50453122,0,0,0.16926977632,0.0510898945,0.37726733684652636,0,0,0,0
USDC,wanUSDC,2026-03-03T00:00:00.000Z,2026-03-03,3725401.21336533,3725401.2133653234,1418371.3156356001,1418371.3156355969,2307029.89772973,2307029.8977297265,0,0,650.74830854,650.74830854,0,0,0.17042493631666666,0.051908937216666666,0.38073085700628406,0,0,0,0
USDC,wanUSDC,2026-03-04T00:00:00.000Z,2026-03-04,3720103.41943858,3720103.4194385787,1419025.26567168,1419025.265671675,2301078.1537669,2301078.1537669036,0,0,651.82608611,651.82608611,0,0,0.1706647436,0.052080098766666666,0.38144922044350427,0,0,0,0
USDC,wanUSDC,2026-03-05T00:00:00.000Z,2026-03-05,3730979.59879643,3730979.5987964324,1419623.25027201,1419623.2502720142,2311356.34852442,2311356.348524418,0,0,538.65516592,538.65516592,0,0,0.17034845434,0.05185481174,0.3805014818578265,0,0,0,0
USDC,wanUSDC,2026-03-06T00:00:00.000Z,2026-03-06,3705976.4118195204,3705976.411819523,1420221.6463983401,1420221.6463983434,2285754.76542118,2285754.76542118,0,0,654.24229881,654.24229881,0,0,0.17125760278333332,0.05250411286666667,0.3832246843614153,0,0,0,0
USDC,wanUSDC,2026-03-07T00:00:00.000Z,2026-03-07,3686558.90973665,3686558.909736646,1420825.94197877,1420825.941978768,2265732.96775788,2265732.967757878,0,0,555.54521421,555.54521421,0,0,0.17200308476,0.05304419102,0.38545324018908655,0,0,0,0
USDC,wanUSDC,2026-03-08T00:00:00.000Z,2026-03-08,3606810.2757962598,3606810.275796255,1420837.3995767802,1420837.3995767767,2185972.87621948,2185972.8762194784,1458.86017764,1458.86017764,668.01819845,668.01819845,26.18273515,26.18273515,0.174839447,0.05509986133333333,0.3939318381096045,12,12,1.15508,0.2916808016
USDC,wanUSDC,2026-03-09T00:00:00.000Z,2026-03-09,3609330.4891215,3609330.4891215013,1421210.13098861,1421210.1309886116,2188120.35813289,2188120.35813289,0,0,667.91205444,667.91205444,0,0,0.17478200328333332,0.05505781046666667,0.39376036492708555,0,0,0,0
USDC,wanUSDC,2026-03-10T00:00:00.000Z,2026-03-10,3610301.98996922,3610301.989969212,1421822.20050866,1421822.200508656,2188479.78946056,2188479.789460556,0,0,551.66851796,551.66851796,0,0,0.1748034938,0.05507361196,0.3938244754868598,0,0,0,0
USDC,wanUSDC,2026-03-11T00:00:00.000Z,2026-03-11,3591820.44558737,3591820.44558737,1422435.49191319,1422435.4919131934,2169384.95367418,2169384.9536741767,0,0,670.12847077,670.12847077,0,0,0.17554308626666668,0.05561746818333333,0.3960307999422088,0,0,0,0
USDC,wanUSDC,2026-03-12T00:00:00.000Z,2026-03-12,3481353.0362732103,3481353.0362732117,1423110.58896281,1423110.5889628134,2058242.4473104,2058242.4473103983,0,0,682.52501029,682.52501029,0,0,0.17992068376666667,0.05890688731666667,0.40904950142404084,0,0,0,0
USDC,wanUSDC,2026-03-13T00:00:00.000Z,2026-03-13,3368923.2515945,3368923.251594494,1423748.57822087,1423748.5782208662,1945174.67337363,1945174.673373628,0,0,593.14254429,593.1425442899999,0,0,0.18451918084,0.06240715948,0.4226994345419318,0,0,0,0
USDC,wanUSDC,2026-03-14T00:00:00.000Z,2026-03-14,3177908.33727901,3177908.33727901,1093953.72689592,1093953.7268959219,2083954.61038309,2083954.6103830882,700149.48816022,700149.48816022,551.00332401,551.00332401,11980.2474571,11980.2474571,0.15735452921666668,0.04647551865,0.3393127037564715,0,0,0,0
USDC,wanUSDC,2026-03-15T00:00:00.000Z,2026-03-15,2782715.61632518,2782715.6163251777,511786.37960789003,511786.37960788806,2270929.23671729,2270929.23671729,0,0,124.04817325,124.04817325,0,0,0.10655054712,0.0156807484,0.18394403948821558,0,0,0,0
USDC,wanUSDC,2026-03-16T00:00:00.000Z,2026-03-16,2578213.74343781,2578213.7434378066,511928.55484272004,511928.55484271835,2066285.18859509,2066285.1885950884,0,0,156.17006019,156.17006019,0,0,0.11120681546666666,0.017679769366666667,0.1986661002547397,0,0,0,0
USDC,wanUSDC,2026-03-17T00:00:00.000Z,2026-03-17,2392530.06246393,2392530.0624639234,512088.35265663004,512088.35265662667,1880441.7098073,1880441.7098072967,0,0,162.42109443,162.42109443,0,0,0.1162108861,0.01995475295,0.2144128869221392,0,0,0,0
USDC,wanUSDC,2026-03-18T00:00:00.000Z,2026-03-18,2206458.13054523,2206458.130545232,512241.89492182,512241.89492182405,1694216.23562341,1694216.235623408,0,0,143.76131579,143.76131579,0,0,0.12205042972,0.0227562519,0.23270216509403907,0,0,0,0
USDC,wanUSDC,2026-03-19T00:00:00.000Z,2026-03-19,1976716.3879951602,1976716.38799515,512405.17528441,512405.175284405,1464311.21271075,1464311.212710745,0,0,182.96470771,182.96470771,0,0,0.1305743061,0.027084473683333332,0.25925795497947285,0,0,0,0
USDC,wanUSDC,2026-03-20T00:00:00.000Z,2026-03-20,1949628.3461683998,1949628.3461684035,512590.20454899,512590.20454899,1437038.14161941,1437038.1416194134,0,0,184.94064411,184.94064411,0,0,0.13175494131666668,0.0277128832,0.2629191884516254,0,0,0,0
USDC,wanUSDC,2026-03-21T00:00:00.000Z,2026-03-21,1961958.9502118302,1961958.9502118279,512759.64955687005,512759.649556872,1449199.30065496,1449199.300654956,0,0,152.39871531,152.39871531,0,0,0.13125115772,0.02744328394,0.26135777241949587,0,0,0,0
USDC,wanUSDC,2026-03-22T00:00:00.000Z,2026-03-22,1942073.4246689999,1942073.4246689966,512929.36397762,512929.3639776167,1429144.06069138,1429144.06069138,0,0,185.68667024,185.68667024,0,0,0.13214070416666668,0.027920199766666667,0.2641142999093982,0,0,0,0
USDC,wanUSDC,2026-03-23T00:00:00.000Z,2026-03-23,1939817.75065833,1939817.750658326,513099.91396691004,513099.91396691004,1426717.83669142,1426717.836691416,0,0,157.5776654,157.5776654,0,0,0.13226836108,0.02798903006,0.2645096551325423,0,0,0,0
USDC,wanUSDC,2026-03-24T00:00:00.000Z,2026-03-24,1912866.3848598702,1912866.3848598734,513270.34117120004,513270.34117120004,1399596.04368867,1399596.0436886733,0,0,186.93820702,186.93820702,0,0,0.13353111131666667,0.02867968765,0.2684146652985492,0,0,0,0
USDC,wanUSDC,2026-03-25T00:00:00.000Z,2026-03-25,1862039.51226457,1862039.5122645684,513459.80924812,513459.8092481217,1348579.70301645,1348579.7030164467,0,0,190.82166695,190.82166695,0,0,0.13590415831666666,0.02998063013333333,0.27575146482901075,0,0,0,0
USDC,wanUSDC,2026-03-26T00:00:00.000Z,2026-03-26,1858769.75609073,1858769.7560907342,513634.58640759,513634.58640759403,1345135.16968314,1345135.16968314,0,0,157.86075236,157.86075236,0,0,0.13609188682,0.03008515766,0.27633092532197373,0,0,0,0
USDC,wanUSDC,2026-03-27T00:00:00.000Z,2026-03-27,1857186.89549023,1857186.8954902282,513810.25914040004,513810.2591404017,1343376.63634983,1343376.6363498266,0,0,191.41066768,191.41066768,0,0,0.13619875136666668,0.030144697283333334,0.2766607617252601,0,0,0,0
USDC,wanUSDC,2026-03-28T00:00:00.000Z,2026-03-28,1859977.56108208,1859977.5610820819,514001.59139892005,514001.5913989217,1345975.96968316,1345975.96968316,0,0,191.30618475,191.30618475,0,0,0.13609750078333333,0.03008824775,0.27634827484538316,0,0,0,0
USDC,wanUSDC,2026-03-29T00:00:00.000Z,2026-03-29,1859934.2335528,1859934.2335528042,514177.00786962005,514177.00786962005,1345757.22568318,1345757.225683184,119.29425957,119.29425957,158.12153846,158.12153846,5.01498303,5.01498303,0.13613014614,0.0301064386,0.2764490329820477,0,0,0,0
USDC,wanUSDC,2026-03-30T00:00:00.000Z,2026-03-30,1852774.4333216501,1852774.4333216462,519485.90950223,519485.9095022287,1333288.52381942,1333288.5238194175,0,0,206.83688318,206.83688318,0,0,0.1374082539375,0.03082461365,0.280390345650177,89.77,89.77,2.3274,0.577886524
USDC,wanUSDC,2026-03-31T00:00:00.000Z,2026-03-31,1848783.5487457598,1848783.548745758,523401.11209093,523401.112090926,1325382.43665483,1325382.436654832,0,0,163.34668012,163.34668012,0,0,0.13828895842,0.0313203158,0.2831056967190086,0,0,0,0
USDC,wanUSDC,2026-04-01T00:00:00.000Z,2026-04-01,1844942.96364398,1844942.9636439832,523582.82109777,523582.82109777164,1321360.14254621,1321360.1425462116,0,0,198.07197124,198.07197124,0,0,0.13851232525,0.03144715956666667,0.28379371570664114,0,0,0,0
USDC,wanUSDC,2026-04-02T00:00:00.000Z,2026-04-02,1820170.7450959901,1820170.7450959866,523781.4843963,523781.4843963017,1296389.26069969,1296389.260699685,0,0,199.47640259,199.47640259,0,0,0.13980831825,0.0321888031,0.2877823372454323,0,0,0,0
USDC,wanUSDC,2026-04-03T00:00:00.000Z,2026-04-03,1804792.645594,1804792.645594,523965.39254758996,523965.392547588,1280827.25304641,1280827.253046412,0,0,166.10820793,166.10820793,0,0,0.14063289236,0.03266271122,0.290318902507716,0,0,0,0
USDC,wanUSDC,2026-04-04T00:00:00.000Z,2026-04-04,1804157.8004927,1804157.8004927032,524150.54744627,524150.5474462733,1280007.25304643,1280007.25304643,0,0,205.63138725,205.63138725,0,0,0.1406995107,0.03270123615,0.29052369596539634,0,0,0,0
USDC,wanUSDC,2026-04-05T00:00:00.000Z,2026-04-05,1803842.80565338,1803842.805653384,524335.55260694,524335.552606944,1279507.25304644,1279507.25304644,0,0,166.37500079,166.37500079,0,0,0.14074937022,0.0327300799,0.29067696479384864,0,0,0,0
USDC,wanUSDC,2026-04-06T00:00:00.000Z,2026-04-06,1800652.59653422,1800652.59653422,524520.57596867,524520.57596867,1276132.02056555,1276132.02056555,0,0,201.67152378,201.67152378,0,0,0.14095052766666666,0.03284661516666667,0.291295228245175,0,0,0,0
USDC,wanUSDC,2026-04-07T00:00:00.000Z,2026-04-07,1798477.4943671399,1798477.4943671417,523984.1670996,523984.16709959833,1274493.32726754,1274493.3272675434,0,0,201.88342307,201.88342307,0,0,0.1409679366,0.03285667328333333,0.291348751098106,0,0,0,0
USDC,wanUSDC,2026-04-08T00:00:00.000Z,2026-04-08,1766560.64220244,1766560.642202442,524021.28359448,524021.283594482,1242539.35860796,1242539.35860796,0,0,166.51731585,166.51731585,0,0,0.14282931498,0.0339754501,0.2970461804880182,0,0,0,0
USDC,wanUSDC,2026-04-09T00:00:00.000Z,2026-04-09,1639086.17688973,1639086.1768897201,524213.44861965,524213.44861964503,1114872.72827008,1114872.728270075,0,0,214.09293401,214.09293401,0,0,0.15026982848333334,0.03844751563333333,0.31982061492338737,0,0,0,0
USDC,wanUSDC,2026-04-10T00:00:00.000Z,2026-04-10,1640967.09199267,1640967.091992665,524427.51541202,524427.515412015,1116539.57658065,1116539.57658065,0,0,214.04822357,214.04822357,0,0,0.15019235015,0.03839930808333333,0.3195844185092758,0,0,0,0
USDC,wanUSDC,2026-04-11T00:00:00.000Z,2026-04-11,1639964.73085412,1639964.7308541117,525545.26803387,525545.268033866,1114419.46282025,1114419.462820246,0,0,182.09758585,182.09758585,0,0,0.15048008358,0.03857850488,0.3204614906675081,11.5,11.5,1.15508,0.292292994
USDC,wanUSDC,2026-04-12T00:00:00.000Z,2026-04-12,1625695.4261838598,1625695.4261838533,525972.8006709,525972.8006708967,1099722.62551296,1099722.6255129566,0,0,215.2317719,215.2317719,0,0,0.15153039103333332,0.0392454163,0.32365561975050283,0,0,0,0
USDC,wanUSDC,2026-04-13T00:00:00.000Z,2026-04-13,1534728.0642256401,1534728.064225634,526174.02634479,526174.026344786,1008554.03788085,1008554.0378808479,0,0,184.86116838,184.86116838,0,0,0.1578872918,0.04332976718,0.3429600319187961,0,0,0,0
USDC,wanUSDC,2026-04-14T00:00:00.000Z,2026-04-14,1479047.0694442801,1479047.0694442815,526400.67585606,526400.675856065,952646.39358822,952646.3935882166,0,0,229.58231476,229.58231476,0,0,0.16221896563333332,0.04622082638333333,0.35605177760073314,0.54598262,0.54598262,1.15508,0.2840688244
USDC,wanUSDC,2026-04-15T00:00:00.000Z,2026-04-15,1035318.27539445,1035318.27539445,523371.99264457996,523371.992644585,511946.28274987,511946.282749865,9972.29332699,9972.29332699,284.61162842,284.61162842,3411.82240196,3411.82240196,0.21282986925,0.08607977465,0.505524500943569,0,0,0,0
USDC,wanUSDC,2026-04-16T00:00:00.000Z,2026-04-16,1037289.45950309,1037289.459503086,516990.30004382995,516990.300043826,520299.15945926,520299.15945926,0,0,244.10232183,244.10232183,0,0,0.2103686615,0.08387904174,0.4984050431243213,0,0,0,0
USDC,wanUSDC,2026-04-17T00:00:00.000Z,2026-04-17,1037866.3577119701,1037866.35771197,462909.45955511,462909.45955511334,574956.89815686,574956.8981568567,84455.75000001,84455.75000001,249.75712595,249.75712595,101.3098334,101.30983339999999,0.19253626091666667,0.0693088663,0.44604070721509487,0,0,0,0
USDC,wanUSDC,2026-04-18T00:00:00.000Z,2026-04-18,936292.2483654399,936292.2483654399,406806.1911885,406806.1911885,529486.05717694,529486.05717694,0,0,202.71535988,202.71535988,0,0,0.18850565795,0.06552250656666667,0.434486336720031,0,0,0,0
USDC,wanUSDC,2026-04-19T00:00:00.000Z,2026-04-19,933216.21372927,933216.21372927,406993.91575557,406993.915755572,526222.2979737,526222.297973698,0,0,169.60784671,169.60784671,0,0,0.18906049722,0.06596325086,0.43612275612469337,0,0,0,0
USDC,wanUSDC,2026-04-20T00:00:00.000Z,2026-04-20,926682.94704302,926682.9470430149,407183.91599456,407183.915994555,519499.03104846,519499.03104846,0,0,206.676426,206.676426,0,0,0.19017260556666668,0.0668498222,0.4394009615715667,0,0,0,0
USDC,wanUSDC,2026-04-21T00:00:00.000Z,2026-04-21,925122.8746579,925122.874657898,407373.84360942995,407373.843609428,517749.03104847,517749.03104847,0,0,175.66233676,175.66233676,0,0,0.19049325414,0.0671063023,0.44034565923533275,0,0,0,0
USDC,wanUSDC,2026-04-22T00:00:00.000Z,2026-04-22,926124.53092709,926124.5309270967,407564.44410754996,407564.44410755334,518560.08681954,518560.0868195433,0,0,207.24922553,207.24922553,0,0,0.1904017365,0.06703308461666667,0.4400760375376136,0,0,0,0
USDC,wanUSDC,2026-04-23T00:00:00.000Z,2026-04-23,925954.59753892,925954.5975389216,407771.63501876,407771.6350187583,518182.96252016,518182.96252016333,0,0,207.25798955,207.25798955,0,0,0.19050558918333332,0.0671164318,0.44038185095160776,0,0,0,0
USDC,wanUSDC,2026-04-24T00:00:00.000Z,2026-04-24,915791.84881535,915791.84881535,407961.92141252,407961.92141252395,507829.92740283,507829.927402826,0,0,172.46846841,172.46846841,0,0,0.19224600854,0.06852037904,0.44550274709846543,0,0,0,0
USDC,wanUSDC,2026-04-25T00:00:00.000Z,2026-04-25,907075.24895624,907075.2489562416,408154.98284256,408154.9828425617,498920.26611368,498920.26611368,0,0,210.85875461,210.85875461,0,0,0.19376460741666668,0.06975032343333333,0.44996815991666295,0,0,0,0
USDC,wanUSDC,2026-04-26T00:00:00.000Z,2026-04-26,907286.19590661,907286.1959066084,408365.92979292996,408365.92979292833,498920.26611368,498920.26611368,0,0,211.01182941,211.01182941,0,0,0.19380814456666667,0.0697858237,0.4500960440811544,0,0,0,0
USDC,wanUSDC,2026-04-27T00:00:00.000Z,2026-04-27,906879.71404915,906879.714049154,408559.44793545996,408559.447935462,498320.26611369,498320.266113692,0,0,174.4845055,174.4845055,0,0,0.1939495329,0.06990118634,0.450511309973083,0,0,0,0
USDC,wanUSDC,2026-04-28T00:00:00.000Z,2026-04-28,906673.48414794,906673.4841479349,408753.21803423995,408753.218034235,497920.2661137,497920.2661137,0,0,211.45800185,211.45800185,0,0,0.19405714668333332,0.06998901773333333,0.4508273628898063,0,0,0,0
USDC,wanUSDC,2026-04-29T00:00:00.000Z,2026-04-29,905767.0555734,905767.0555734,408964.78945968,408964.78945967666,496802.26611372,496802.26611372334,0,0,211.71549198,211.71549198,0,0,0.19429066698333333,0.0701799335,0.45151300909219283,0,0,0,0
USDC,wanUSDC,2026-04-30T00:00:00.000Z,2026-04-30,904225.74253698,904225.7425369839,409159.47642321995,409159.47642322397,495066.26611376,495066.26611376,0,0,179.94067284,179.94067284,0,0,0.19462584024,0.07045409406,0.45249704321157996,0,0,0,0
USDC,wanUSDC,2026-05-01T00:00:00.000Z,2026-05-01,903991.8275701599,903991.8275701671,409356.11672542,409356.11672542425,494635.71084474,494635.71084474283,0,0,212.42556498,212.42556498,0,0,0.19473987064285714,0.07054752731428571,0.4528317334197683,0,0,0,0
USDC,wanUSDC,2026-05-02T00:00:00.000Z,2026-05-02,903861.15071715,903861.150717146,409548.35632416996,409548.356324166,494312.79439298,494312.79439298,0,0,175.66802429,175.66802429,0,0,0.1948346169,0.07062518134,0.45310981057764854,0,0,0,0
USDC,wanUSDC,2026-05-03T00:00:00.000Z,2026-05-03,904058.0093718399,904058.0093718367,409745.21497886,409745.2149788566,494312.79439298,494312.79439298,0,0,212.79134684,212.79134684,0,0,0.19487519463333333,0.07065845568333333,0.45322889519631016,0,0,0,0
USDC,wanUSDC,2026-05-04T00:00:00.000Z,2026-05-04,904102.7562949499,904102.7562949467,409957.32510053995,409957.3251005383,494145.43119441,494145.43119440833,0,0,212.94575988,212.94575988,0,0,0.19494752573333332,0.07071779683333333,0.4534411512418372,0,0,0,0
USDC,wanUSDC,2026-05-05T00:00:00.000Z,2026-05-05,907086.75560136,907086.75560136,410153.71406291,410153.71406291,496933.04153845,496933.04153845,0,0,180.53739441,180.53739441,0,0,0.19451694114,0.07036612,0.452176699083408,0,0,0,0
USDC,wanUSDC,2026-05-06T00:00:00.000Z,2026-05-06,912815.10402297,912815.1040229716,410347.86666291,410347.8666629083,502467.23736006,502467.23736006336,0,0,211.85415875,211.85415875,0,0,0.19361921433333334,0.06963182885000001,0.4495410546656613,0,0,0,0
USDC,wanUSDC,2026-05-07T00:00:00.000Z,2026-05-07,913084.4573307,913084.4573307033,410559.79780478997,410559.79780479334,502524.65952591,502524.65952591,0,0,211.99189961,211.99189961,0,0,0.19365308171666668,0.06965942255,0.4496405477819889,0,0,0,0
USDC,wanUSDC,2026-05-08T00:00:00.000Z,2026-05-08,913250.14846793,913250.148467924,410753.88894201,410753.888942006,502496.25952592,502496.259525918,0,0,175.23971758,175.23971758,0,0,0.1936976589,0.06969574968,0.44977149893800566,0,0,0,0
USDC,wanUSDC,2026-05-09T00:00:00.000Z,2026-05-09,913264.0413347699,913264.0413347699,410948.7413133,410948.7413133,502315.30002147,502315.30002147,0,0,212.30164298,212.30164298,0,0,0.19376796618333333,0.06975306415,0.4499780247240991,0,0,0,0
USDC,wanUSDC,2026-05-10T00:00:00.000Z,2026-05-10,915745.5721637399,915745.572163746,411143.33036808,411143.33036808396,504602.24179566,504602.241795662,6803.10579297,6803.10579297,175.2541944,175.2541944,529.79922927,529.79922927,0.19342554546,0.06947422502,0.44897200085282335,0,0,0,0
USDC,wanUSDC,2026-05-11T00:00:00.000Z,2026-05-11,915248.18569927,915248.18569927,403743.67960321996,403743.67960321833,511504.50609605,511504.50609605166,0,0,210.52264387,210.52264387,0,0,0.19075975156666666,0.06731999503333333,0.4411305157616895,0.45960958,0.45960958,1.15508,0.3205693524
USDC,wanUSDC,2026-05-12T00:00:00.000Z,2026-05-12,914663.84815957,914663.8481595684,403973.18587584,403973.18587583833,510690.66228373,510690.66228373,0,0,205.89281996,205.89281996,0,0,0.19094060185,0.06746513826666667,0.4416630619093916,0,0,0,0
USDC,wanUSDC,2026-05-13T00:00:00.000Z,2026-05-13,914530.8231208101,914530.8231208101,404306.58083707,404306.58083707,510224.24228374,510224.24228374,0,0,170.34744265,170.34744265,0,0,0.19108622168,0.06758212404,0.4420917987584865,1.81,1.81,1.15508,0.3149556636
USDC,wanUSDC,2026-05-14T00:00:00.000Z,2026-05-14,916220.1652305599,916220.1652305534,404513.71026600996,404513.71026600664,511706.45496455,511706.45496454666,0,0,206.22546159,206.22546159,0,0,0.1908865837,0.06742188085,0.4415039413047525,0,0,0,0
USDC,wanUSDC,2026-05-15T00:00:00.000Z,2026-05-15,917001.72898905,917001.7289890533,404752.00459901,404752.00459901,512249.72439004,512249.72439004335,0,0,206.18054287,206.18054287,0,0,0.1908466093,0.06738966418333334,0.44138630650055566,0.69099269,0.69099269,1.15508,0.3133385516
USDC,wanUSDC,2026-05-16T00:00:00.000Z,2026-05-16,917477.41368306,917477.413683058,404916.54596814996,404916.545968152,512560.86771491,512560.867714906,65.83550136,65.83550136,174.90447451,174.90447451,19.77626538,19.77626538,0.19082981346,0.06737618764,0.44133684626996544,0,0,0,0
USDC,wanUSDC,2026-05-17T00:00:00.000Z,2026-05-17,917993.43599055,917993.4359905517,405065.85328835,405065.8532883517,512927.5827022,512927.5827022,0,0,206.32416341,206.32416341,0,0,0.19080078155,0.06735288366666667,0.4412513589589833,0,0,0,0
USDC,wanUSDC,2026-05-18T00:00:00.000Z,2026-05-18,901071.32719132,901071.3271913179,405255.11813679,405255.11813678796,495816.20905453,495816.20905453,0,0,171.99933518,171.99933518,0,0,0.19374100684,0.06974704768,0.44988973750968947,0,0,0,0
USDC,wanUSDC,2026-05-19T00:00:00.000Z,2026-05-19,884993.9654729799,884993.9654729699,405449.09084761,405449.09084760497,479544.87462537,479544.874625365,0,0,212.18661881,212.18661881,0,0,0.19654908245,0.07203726216666667,0.45813777818896556,0,0,0,0
USDC,wanUSDC,2026-05-20T00:00:00.000Z,2026-05-20,884333.3862463599,884333.3862463617,405661.47504081996,405661.47504082165,478671.91120554,478671.91120554,0,0,212.52489794,212.52489794,0,0,0.19674779176666668,0.07220172901666666,0.4587200699771348,0,0,0,0
USDC,wanUSDC,2026-05-21T00:00:00.000Z,2026-05-21,884528.2078956701,884528.207895672,405787.03563076,405787.035630762,478741.17226491,478741.17226491,0,0,175.63293363,175.63293363,0,0,0.19676175644,0.0722132944,0.4587609874929295,0,0,0,0
USDC,wanUSDC,2026-05-22T00:00:00.000Z,2026-05-22,884723.17515586,884723.1751558634,405982.00289095,405982.0028909533,478741.17226491,478741.17226491,0,0,212.74721757,212.74721757,0,0,0.19680246371666665,0.07224701295,0.45888026002894644,0,0,0,0
USDC,wanUSDC,2026-05-23T00:00:00.000Z,2026-05-23,884935.2975816701,884935.297581665,406128.01572209003,406128.0157220883,478807.28185958,478807.28185957664,80.15682909,80.15682909,212.84352623,212.84352623,4.12657745,4.12657745,0.19682123695,0.07226256536666667,0.4589352644637114,0,0,0,0
USDC,wanUSDC,2026-05-24T00:00:00.000Z,2026-05-24,884461.72294595,884461.7229459579,406310.1545191,406310.154519104,478151.56842685,478151.568426854,0,0,180.63145281,180.63145281,0,0,0.19697546792,0.07239041821999999,0.4593871046003261,0,0,0,0
USDC,wanUSDC,2026-05-25T00:00:00.000Z,2026-05-25,883777.59422553,883777.5942255284,406505.31603311,406505.316033105,477272.27819242,477272.27819242334,0,0,213.34985156,213.34985156,0,0,0.1971722684,0.07255368463333334,0.45996358672113175,0,0,0,0
USDC,wanUSDC,2026-05-26T00:00:00.000Z,2026-05-26,882613.98241841,882613.9824184116,406720.50030735,406720.5003073483,475893.48211106,475893.4821110633,0,0,213.84056612,213.84056612,0,0,0.19746280101666666,0.07279506971666666,0.46081443225195684,0,0,0,0
USDC,wanUSDC,2026-05-27T00:00:00.000Z,2026-05-27,874688.87600029,874688.876000284,406916.52696991,406916.526969906,467772.34903038,467772.349030378,0,0,177.11137678,177.11137678,0,0,0.19900199086,0.07409125608,0.46531218470984165,0,0,0,0
USDC,wanUSDC,2026-05-28T00:00:00.000Z,2026-05-28,859286.85484872,859286.8548487099,407053.57872596,407053.5787259533,452233.27612276,452233.27612275665,74.51444456,74.51444456,218.33319287,218.33319287,7.00966859,7.00966859,0.20187492135,0.0765042861,0.47371093295035027,0,0,0,0
USDC,wanUSDC,2026-05-29T00:00:00.000Z,2026-05-29,859486.82311166,859486.8231116566,407241.36157043,407241.36157042667,452245.46154123,452245.46154123,0,0,185.22026484,185.22026484,0,0,0.2019120308,0.07653583796666667,0.47381920147465606,0,0,0,0
USDC,wanUSDC,2026-05-30T00:00:00.000Z,2026-05-30,859687.16620656,859687.16620656,407441.70466533,407441.70466533,452245.46154123,452245.46154123,0,0,218.61488949,218.61488949,0,0,0.20195406098333332,0.07657158095,0.47394182240198146,0,0,0,0
USDC,wanUSDC,2026-05-31T00:00:00.000Z,2026-05-31,859905.87783168,859905.8778316749,407660.41629044997,407660.41629044496,452245.46154123,452245.46154123,0,0,218.78196614,218.78196614,0,0,0.2019999245,0.07661059226666667,0.47407562197177155,0,0,0,0
USDC,wanUSDC,2026-06-01T00:00:00.000Z,2026-06-01,859057.27678658,859057.2767865779,407861.72724533,407861.727245332,451195.54954125,451195.549541246,0,0,180.97622798,180.97622798,0,0,0.20224087032,0.0768157119,0.47477844599204116,0,0,0,0
USDC,wanUSDC,2026-06-02T00:00:00.000Z,2026-06-02,858996.10491061,858996.1049106116,407999.99648823997,407999.996488245,450996.10842237,450996.10842236667,98.79025101,98.79025101,219.26924136,219.26924136,3.77179789,3.77179789,0.20230758646666666,0.07687252051666667,0.47497304578859656,0,0,0,0
USDC,wanUSDC,2026-06-03T00:00:00.000Z,2026-06-03,859215.29056177,859215.2905617682,408184.18497217,408184.1849721683,451031.1055896,451031.1055896,30.742354,30.742354,219.39274043,219.39274043,0.05529239,0.05529239,0.20233954268333335,0.07689975,0.4750662460221142,0,0,0,0
USDC,wanUSDC,2026-06-04T00:00:00.000Z,2026-06-04,855314.60187231,855314.601872304,420832.95605399,420832.956053984,434481.64581832,434481.64581832,1185.173415,1185.173415,195.59512374,195.59512374,653.54990341,653.54990341,0.20817318352,0.08194545878,0.49203755014579953,125,125,1.17232,0.231591816
USDC,wanUSDC,2026-06-05T00:00:00.000Z,2026-06-05,860676.9983103101,860676.998310315,419490.98122036003,419490.98122036667,441186.01708995,441186.01708994835,591.14167362,591.14167362,232.66142746,232.66142746,0.22165624,0.22165624,0.20707561863333335,0.08115339831666667,0.48875548575662875,0,0,0,0
USDC,wanUSDC,2026-06-06T00:00:00.000Z,2026-06-06,837876.9829556299,837876.9829556281,419325.10783577,419325.10783577,418551.87511986,418551.875119858,284.03979845,284.03979845,189.8389154,189.8389154,0.31200738,0.31200738,0.21212731628,0.0857929182,0.5032992192522305,0,0,0,0
USDC,wanUSDC,2026-06-07T00:00:00.000Z,2026-06-07,730525.77818034,730525.7781803317,419508.3483725,419508.348372495,311017.42980784,311017.42980783666,0,0,257.23206963,257.23206963,0,0,0.23714646061666667,0.10922876393333333,0.5750733698815681,0,0,0,0
USDC,wanUSDC,2026-06-08T00:00:00.000Z,2026-06-08,721955.57194143,721955.57194143,419772.48616622,419772.4861662233,302183.08577521,302183.0857752067,0,0,263.23101783,263.23101783,0,0,0.23937127033333333,0.11134369953333334,0.5814381949043985,0,0,0,0
USDC,wanUSDC,2026-06-09T00:00:00.000Z,2026-06-09,721993.05193766,721993.051937658,419862.92379305,419862.923793048,302130.12814461,302130.12814461,150.88158091,150.88158091,222.86599647,222.86599647,10.51302737,10.51302737,0.23940484192,0.1113774892,0.5815331884713688,0,0,0,0
USDC,wanUSDC,2026-06-10T00:00:00.000Z,2026-06-10,722233.73131206,722233.7313120584,420103.60316745,420103.60316744837,302130.12814461,302130.12814461,0,0,263.05684832,263.05684832,0,0,0.2394541315,0.11142713365,0.5816726381507942,0,0,0,0
USDC,wanUSDC,2026-06-11T00:00:00.000Z,2026-06-11,722496.9144627,722496.9144627,420366.78631809,420366.78631809,302130.12814461,302130.12814461,0,0,263.27333977,263.27333977,0,0,0.2395079949,0.11148139603333333,0.581825021791297,0,0,0,0
USDC,wanUSDC,2026-06-12T00:00:00.000Z,2026-06-12,727091.21618157,727091.216181564,420607.53765282,420607.537652818,306483.67852875,306483.678528746,0,0,216.89171295,216.89171295,0,0,0.23832806508,0.1102961941,0.5784849745548346,0,0,0,0
USDC,wanUSDC,2026-06-13T00:00:00.000Z,2026-06-13,729778.5299159901,729778.5299159866,420848.18747968,420848.18747968,308930.34243631,308930.34243630664,0,0,262.06982621,262.06982621,0,0,0.23769279506666666,0.10966016618333334,0.5766855429798068,0,0,0,0
USDC,wanUSDC,2026-06-14T00:00:00.000Z,2026-06-14,710770.95593474,710770.95593474,421088.82730945,421088.82730944804,289682.12862529,289682.128625292,0,0,219.08566227,219.08566227,0,0,0.24343457882,0.11553514888,0.592878946164311,0,0,0,0
USDC,wanUSDC,2026-06-15T00:00:00.000Z,2026-06-15,695130.51941842,695130.5194184168,421339.28503237,421339.2850323667,273791.23438605,273791.23438605,0,0,278.32300257,278.32300257,0,0,0.24812906668333334,0.12031872605,0.6061297407987216,0,0,0,0
USDC,wanUSDC,2026-06-16T00:00:00.000Z,2026-06-16,697069.67499872,697069.6749987133,421611.77394600003,421611.77394599665,275457.90105272,275457.90105271665,0,0,272.36507331,272.36507331,0,0,0.2476707983,0.11984239201666666,0.6048414386583915,0,0,0,0
USDC,wanUSDC,2026-06-17T00:00:00.000Z,2026-06-17,817596.5422289099,817596.542228906,421850.13939007,421850.139390068,395746.40283884,395746.402838838,0,0,203.67954051,203.67954051,0,0,0.216444941,0.0893424911,0.5159646323341497,0,0,0,0
USDC,wanUSDC,2026-06-18T00:00:00.000Z,2026-06-18,815621.27321866,815621.2732186583,422072.70684067,422072.70684066834,393548.56637799,393548.56637799,0,0,247.01118586,247.01118586,0,0,0.21697284588333332,0.08982435278333334,0.5174861394840933,0,0,0,0
USDC,wanUSDC,2026-06-19T00:00:00.000Z,2026-06-19,815199.5068479,815199.5068479,422300.94046987,422300.94046987,392898.56637803,392898.56637803,0,0,205.21237846,205.21237846,0,0,0.2171629455,0.08999820558,0.5180338493578619,0,0,0,0
USDC,wanUSDC,2026-06-20T00:00:00.000Z,2026-06-20,815421.15575008,815421.155750075,422522.58937205,422522.589372045,392898.56637803,392898.56637803,0,0,242.25268865,242.25268865,0,0,0.21720842018333333,0.09003981645,0.5181648569277291,0,0,0,0
USDC,wanUSDC,2026-06-21T00:00:00.000Z,2026-06-21,815663.51574054,815663.5157405384,422764.94936251,422764.94936250837,392898.56637803,392898.56637803,0,0,242.44025495,242.44025495,0,0,0.21725811808333334,0.09008530146666667,0.5183080257169156,0,0,0,0
USDC,wanUSDC,2026-06-22T00:00:00.000Z,2026-06-22,815886.5460512,815886.546051196,422987.97967317,422987.979673166,392898.56637803,392898.56637803,0,0,200.4180515,200.4180515,0,0,0.21730382834,0.09012714588,0.5184397018446413,0,0,0,0
USDC,wanUSDC,2026-06-23T00:00:00.000Z,2026-06-23,816110.0925518,816110.0925517951,423211.52617377,423211.526173765,392898.56637803,392898.56637803,0,0,242.78445849,242.78445849,0,0,0.21734962033333333,0.09016907423333334,0.5185716084697921,0,0,0,0
USDC,wanUSDC,2026-06-24T00:00:00.000Z,2026-06-24,814931.02596296,814931.0259629551,423392.64277493,423392.64277492836,391538.38318803,391538.38318802667,5.12050479,5.12050479,243.06621867,243.06621867,0.10965306,0.10965306,0.21768847476666667,0.09048004833333333,0.5195472979458301,0,0,0,0
USDC,wanUSDC,2026-06-25T00:00:00.000Z,2026-06-25,812164.48835704,812164.488357038,423613.43227185,423613.432271848,388551.05608519,388551.05608519,0,0,206.93101628,206.93101628,0,0,0.2183964662,0.09112998942,0.5215857580290311,0,0,0,0
USDC,wanUSDC,2026-06-26T00:00:00.000Z,2026-06-26,812127.10779035,812127.1077903433,423836.93528248,423836.93528247834,388290.17250787,388290.172507865,0,0,244.30297418,244.30297418,0,0,0.21850043938333333,0.09122568141666666,0.5218849817554394,0,0,0,0
USDC,wanUSDC,2026-06-27T00:00:00.000Z,2026-06-27,812039.69567914,812039.695679146,424061.69988674,424061.699886742,387977.9957924,387977.995792404,0,0,201.98081288,201.98081288,0,0,0.2186162245,0.09133232484,0.5222181538840204,0,0,0,0
USDC,wanUSDC,2026-06-28T00:00:00.000Z,2026-06-28,811225.16112661,811225.161126605,424287.16533419,424287.165334185,386937.99579242,386937.99579242,0,0,244.97531194,244.97531194,0,0,0.21889498618333333,0.09158920358333333,0.5230202203207382,0,0,0,0
USDC,wanUSDC,2026-06-29T00:00:00.000Z,2026-06-29,811490.24702101,811490.2470210067,424532.25122859003,424532.25122858665,386957.99579242,386957.99579242,0,0,245.16266011,245.16266011,0,0,0.21894058093333332,0.09163125525,0.5231513873733378,0,0,0,0
USDC,wanUSDC,2026-06-30T00:00:00.000Z,2026-06-30,810990.37357774,810990.373577744,424787.49873739,424787.498737394,386202.87484035,386202.87484035,0,0,208.13650092,208.13650092,0,0,0.21916209898,0.09183568414,0.5237885807180631,0,0,0,0
USDC,wanUSDC,2026-07-01T00:00:00.000Z,2026-07-01,811217.85809589,811217.8580958885,425014.98325554,425014.98325553857,386202.87484035,386202.87484035,0,0,245.71305317,245.71305317,0,0,0.2192085289,0.0918785583,0.5239221208926327,0,0,0,0
USDC,wanUSDC,2026-07-02T00:00:00.000Z,2026-07-02,811461.0136100501,811461.013610045,425258.1387697,425258.138769695,386202.87484035,386202.87484035,0,0,245.90704422,245.90704422,0,0,0.21925813051666668,0.09192437123333334,0.5240647778575022,0,0,0,0
USDC,wanUSDC,2026-07-03T00:00:00.000Z,2026-07-03,806763.14630737,806763.1463073681,425483.28865488,425483.28865488,381279.85765249,381279.857652488,0,0,203.28589517,203.28589517,0,0,0.22044679684,0.09303631136,0.5274755314504277,0,0,0,0
USDC,wanUSDC,2026-07-04T00:00:00.000Z,2026-07-04,787001.40917275,787001.4091727517,425713.62027171,425713.62027170835,361287.78890104,361287.78890104336,0,0,252.06851927,252.06851927,0,0,0.22513695251666666,0.09742701888333333,0.5409315901486126,0,0,0,0
USDC,wanUSDC,2026-07-05T00:00:00.000Z,2026-07-05,783534.2534785001,783534.2534785001,425946.46457742003,425946.46457742003,357587.78890108,357587.78890108,0,0,214.60299166,214.60299166,0,0,0.22607728384,0.09832046956,0.5436220057922645,0,0,0,0
USDC,wanUSDC,2026-07-06T00:00:00.000Z,2026-07-06,783766.12069648,783766.1206964834,426178.3317954,426178.3317954033,357587.78890108,357587.78890108,0,0,253.42119878,253.42119878,0,0,0.22612449181666666,0.09836542401666666,0.5437570181343931,0,0,0,0
USDC,wanUSDC,2026-07-07T00:00:00.000Z,2026-07-07,780022.31406518,780022.3140651833,426580.69089677,426580.69089677336,353441.62316841,353441.62316841,869.99999999,869.99999999,250.21535338,250.21535338,0.0787383,0.0787383,0.2216451847,0.09696963481666666,0.5468979692586899,0,0,0,0
USDC,wanUSDC,2026-07-08T00:00:00.000Z,2026-07-08,776253.0326560801,776253.0326560801,426657.38322034,426657.38322034,349595.64943574,349595.64943574,0,0,204.27129504,204.27129504,0,0,0.21980593054,0.09665077654,0.5496369911382933,0,0,0,0
USDC,wanUSDC,2026-07-09T00:00:00.000Z,2026-07-09,775730.2326733,775730.2326732967,426884.58323754,426884.58323753666,348845.64943576,348845.64943576,0,0,247.60408946,247.60408946,0,0,0.22003364433333333,0.09686766501666667,0.5503003008058096,0,0,0,0
USDC,wanUSDC,2026-07-10T00:00:00.000Z,2026-07-10,775977.98240976,775977.9824097566,427132.332974,427132.33297399664,348845.64943576,348845.64943576,0,0,247.83105758,247.83105758,0,0,0.22008294001666667,0.0969146461,0.5504438783065161,0,0,0,0
USDC,wanUSDC,2026-07-11T00:00:00.000Z,2026-07-11,771853.4537847,771853.453784702,427359.88423998,427359.884239982,344493.56954472,344493.56954472,0,0,205.55735315,205.55735315,0,0,0.2211962017,0.09797900172,0.5536844470260588,0,0,0,0
USDC,wanUSDC,2026-07-12T00:00:00.000Z,2026-07-12,770995.89034988,770995.89034988,427590.34077792,427590.34077792,343405.54957196,343405.54957196,0,0,254.97641259,254.97641259,0,0,0.22150898373333333,0.09827819091666666,0.5545948339743609,0,0,0,0
USDC,wanUSDC,2026-07-13T00:00:00.000Z,2026-07-13,771224.37932682,771224.379326822,427818.82975486,427818.829754862,343405.54957196,343405.54957196,0,0,206.30006638,206.30006638,0,0,0.2215543455,0.0983217058,0.5547267944371541,0,0,0,0
USDC,wanUSDC,2026-07-14T00:00:00.000Z,2026-07-14,768416.73840131,768416.73840131,428048.08830693003,428048.08830693003,340368.65009438,340368.65009438,0,0,248.92148912,248.92148912,0,0,0.21954928061666668,0.09783814163333333,0.5570606702328071,0,0,0,0
USDC,wanUSDC,2026-07-15T00:00:00.000Z,2026-07-15,765624.86672323,765624.8667232266,428293.11610643,428293.1161064267,337331.7506168,337331.7506168,0,0,243.02175291,243.02175291,0,0,0.21473877315,0.09610047126666667,0.5594033475058042,0,0,0,0
USDC,wanUSDC,2026-07-16T00:00:00.000Z,2026-07-16,765831.76894555,765831.7689455501,428518.09221508,428518.092215084,337313.67673047,337313.676730466,0,0,206.18946458,206.18946458,0,0,0.21478687796,0.09614650838000001,0.5595459835047576,0,0,0,0
USDC,wanUSDC,2026-07-17T00:00:00.000Z,2026-07-17,766162.55601521,766162.5560152116,428740.51334505,428740.5133450517,337422.04267016,337422.04267016,0,0,241.84624646,241.84624646,0,0,0.21200191475,0.09490841595,0.5595947359961709,0,0,0,0
USDC,wanUSDC,2026-07-18T00:00:00.000Z,2026-07-18,766473.87092856,766473.8709285567,428977.66453056,428977.66453056,337496.206398,337496.2063979967,0,0,234.77653825,234.77653825,0,0,0.20642537583333334,0.09242524403333334,0.5596769532416963,0,0,0,0
USDC,wanUSDC,2026-07-19T00:00:00.000Z,2026-07-19,765633.33015076,765633.33015076,429192.74215745,429192.742157448,336440.58799331,336440.587993312,0,0,194.28568617,194.28568617,0,0,0.20672122216,0.09270579482,0.560572359543145,0,0,0,0
USDC,wanUSDC,2026-07-20T00:00:00.000Z,2026-07-20,758212.5031666299,758212.5031666285,489945.49619678996,489945.4961967857,268267.00696984,268267.0069698429,289875.78771556,289875.78771556,442.79909421,442.79909421,39386.54053537,39386.54053537,0.38635054532857144,0.24585784795714286,0.6461468832269842,0,0,0,0
USDC,wanUSDC,2026-07-21T00:00:00.000Z,2026-07-21,676231.43789186,676231.4378918584,365260.43062671,365260.4306267084,310971.00726515,310971.00726515,175286.51216992,175286.51216992,221.17956161,221.17956161,125.98053238,125.98053238,0.19974308828333334,0.08632843705,0.5393161528447752,0,0,0,0
USDC,wanUSDC,2026-07-22T00:00:00.000Z,2026-07-22,653810.95387428,653810.9538742821,313079.89083379,313079.890833794,340731.06304049,340731.063040488,98836.42268456,98836.42268456,141.06574632,141.06574632,128.87143687,128.87143687,0.18001920572,0.06905468608,0.47880576414984943,0,0,0,0
USDC,wanUSDC,2026-07-23T00:00:00.000Z,2026-07-23,651811.72711871,651811.7271187133,288041.12382315,288041.12382315,363770.60329556,363770.6032955633,96041.02597891,96041.02597891,145.80252205,145.80252205,51.44400498,51.44400498,0.16814104546666667,0.05944978968333333,0.44190869049609943,0,0,0,0
USDC,wanUSDC,2026-07-24T00:00:00.000Z,2026-07-24,649235.5063358601,649235.5063358517,284655.48431209003,284655.48431208666,364580.02202377,364580.022023765,2249.44879159,2249.44879159,121.03999248,121.03999248,7.90573956,7.90573956,0.16703387791666666,0.058589280566666666,0.438449514341057,0,0,0,0
USDC,wanUSDC,2026-07-25T00:00:00.000Z,2026-07-25,648052.17200235,648052.17200235,286554.50058431,286554.50058431504,361497.67141804,361497.671418035,18051.1198495,18051.1198495,144.75016806,144.75016806,58.48147167,58.48147167,0.16822685295,0.05951459023333333,0.44217787228808775,0,0,0,0
USDC,wanUSDC,2026-07-26T00:00:00.000Z,2026-07-26,645658.07007564,645658.0700756367,278483.49575322,278483.49575322,367174.57432242,367174.5743224167,14450.96964362,14450.96964362,139.42640155,139.42640155,45.57974717,45.57974717,0.16476417153333334,0.056869879266666666,0.4313324063809348,0,0,0,0
USDC,wanUSDC,2026-07-27T00:00:00.000Z,2026-07-27,630919.96230733,630919.9623073379,275508.48553971,275508.485539714,355411.47676762,355411.476767624,0,0,113.97006207,113.97006207,0,0,0.16495415956,0.05762446692,0.4366847591072968,0,0,0,0
USDC,wanUSDC,2026-07-28T00:00:00.000Z,2026-07-28,620170.8138353701,620170.813835365,275183.30699604005,275183.30699603836,344987.50683933,344987.50683932664,288.63640488,288.63640488,133.02930118,133.02930118,1.45109941,1.45109941,0.16116239715,0.05724745168333333,0.4438806180491017,0,0,0,0
USDC,wanUSDC,2026-07-29T00:00:00.000Z,2026-07-29,576874.88359641,576874.8835964,273398.90666424,273398.9066642333,303475.97693217,303475.97693216667,2343.94517199,2343.94517199,139.50385461,139.50385461,5.87917575,5.87917575,0.1707224202,0.06480486191666666,0.47423712703061266,0,0,0,0
USDC,wanUSDC,2026-07-30T00:00:00.000Z,2026-07-30,563238.7476139199,563238.7476139159,274810.00744630996,274810.007446304,288428.74016761,288428.740167612,0,0,122.29200105,122.29200105,0,0,0.17504709522,0.0683263695,0.4879102802910609,0,0,0,0
USDC,wanUSDC,2026-07-31T00:00:00.000Z,2026-07-31,550849.3962190801,550849.3962190801,275337.22643796,275337.22643796,275512.16978112,275512.16978112,0,0,146.80143142,146.80143142,0,0,0.17892637615,0.0716177469,0.5000990713109459,0,0,0,0
USDC,wanUSDC,2026-08-01T00:00:00.000Z,2026-08-01,535462.83523078,535462.8352307801,275460.29244963,275460.292449632,260002.54278115,260002.542781148,0,0,124.31177046,124.31177046,0,0,0.18351553516,0.0755438253,0.5144997438840683,0,0,0,0
USDC,wanUSDC,2026-08-02T00:00:00.000Z,2026-08-02,520583.64418172,520583.64418171335,275586.36940053,275586.3694005267,244997.27478119,244997.27478118666,0,0,154.4743117,154.4743117,0,0,0.1882910864,0.0797521987,0.5294149617307893,0,0,0,0
