marketId,marketDisplayName,timestamp,date,supply,supplyInUsd,borrow,borrowInUsd,liquidity,liquidityInUsd,debtRepaid,debtRepaidInUsd,interestAccrued,interestAccruedInUsd,interestRepaid,interestRepaidInUsd,borrowApr,supplyApy,utilizationPercentage,loanOriginationFees,loanOriginationFeesInUsd,loanOriginationFeesMinAda,loanOriginationFeesMinAdaInUsd
USDT,wanUSDT,2023-09-18T00:00:00.000Z,2023-09-18,0,0,0,0,0,0,0,0,0,0,0,0,0.018666666666666668,0,0,0,0,0,0
USDT,wanUSDT,2023-09-19T00:00:00.000Z,2023-09-19,1243.0642422600001,1243.0338485374555,72.46471911,72.46420181898188,1170.59952315,1170.5696467184737,0,0,0.00448384,0.00448368841285,0,0,0.02096385257628866,0.00043278359175257734,0.024063975872486792,0,0,0,0
USDT,wanUSDT,2023-09-20T00:00:00.000Z,2023-09-20,63045.08171001,63045.84723573348,3010.5729478400003,3010.2753736179393,60034.50876217,60035.57186211555,0,0,0.2083211,0.20830425821911,0,0,0.02250400955151515,0.0011938701464646465,0.06247327892068572,0,0,0,0
USDT,wanUSDT,2023-09-21T00:00:00.000Z,2023-09-21,156644.42908295,156638.3637934877,65525.42393529,65520.716157568415,91119.00514766,91117.64763591927,0,0,6.80415931,6.80379396828084,0,0,0.03689395526632653,0.012934541106122448,0.4184846307052793,0,0,0,0
USDT,wanUSDT,2023-09-22T00:00:00.000Z,2023-09-22,157499.93622316,157472.60306334082,97372.91244705,97356.12492527273,60127.02377611,60116.47813806811,0,0,11.74484782,11.74241104033547,0,0,0.0450384608244898,0.02228541487244898,0.6183191794673109,0,0,0,0
USDT,wanUSDT,2023-09-23T00:00:00.000Z,2023-09-23,175720.65641645,175707.50515429955,100460.50746254,100452.97989533235,75260.14895391,75254.52525896722,0,0,11.70501724,11.70405474202648,0,0,0.04338174262258065,0.020157174377419356,0.5778083884429506,0,0,0,0
USDT,wanUSDT,2023-09-24T00:00:00.000Z,2023-09-24,202017.75530376,202019.00346774116,109149.10949617,109149.93612102194,92868.64580759,92869.06734671922,0,0,12.55719921,12.55712380334805,0,0,0.041828391273469386,0.01807322671734694,0.5398793002421434,0,0,0,0
USDT,wanUSDT,2023-09-25T00:00:00.000Z,2023-09-25,214563.93398931,214522.4331456562,122017.73160454,121994.10166094407,92546.20238477,92528.33148471211,0,0,14.07164927,14.06896990015244,0,0,0.04300575627291667,0.019565317342708333,0.5686811986902055,0,0,0,0
USDT,wanUSDT,2023-09-26T00:00:00.000Z,2023-09-26,213258.86658432998,213184.29072498274,122031.91576486,121989.24170647777,91226.95081947,91195.04901850499,0,0,14.12107449,14.11618430716788,0,0,0.04315070582244898,0.01975350783265306,0.5722243519039916,0,0,0,0
USDT,wanUSDT,2023-09-27T00:00:00.000Z,2023-09-27,213083.1335118,212935.55463961704,122149.8596076,122065.25535271359,90933.2739042,90870.29928690344,0,0,14.14660912,14.13672959444698,0,0,0.04319265997010309,0.019808150455670102,0.5732497751792344,0,0,0,0
USDT,wanUSDT,2023-09-28T00:00:00.000Z,2023-09-28,214190.33686947997,214039.2588194973,122143.8669993,122057.48518861746,92046.46987018,91981.77363087985,750.478617,750.452350248405,14.10808314,14.09804257885981,1.26900069,1.26895627497585,0.043072061386597936,0.01965204867628866,0.570301568484338,0,0,0,0
USDT,wanUSDT,2023-09-29T00:00:00.000Z,2023-09-29,218637.71766449,218605.8649962786,123086.34308433,123068.40515699338,95551.37458016,95537.45983928523,0,0,14.44758247,14.44627759540055,0,0,0.042772070554166666,0.019263472194791666,0.5629680247496697,0,0,0,0
USDT,wanUSDT,2023-09-30T00:00:00.000Z,2023-09-30,233567.64928175,233555.42702397518,123597.78467138999,123591.06778718645,109969.86461036,109964.35923678873,0,0,13.75747461,13.75686508643039,0,0,0.041464674730612244,0.01764425747244898,0.5309621215439196,0,0,0,0
USDT,wanUSDT,2023-10-01T00:00:00.000Z,2023-10-01,246013.32867242,246020.96530033447,123611.19658358999,123615.03369789911,122402.13208883,122405.93160243536,0,0,13.374077,13.3748076094576,0,0,0.040300224563917526,0.016199314103092784,0.5024573148984465,0,0,0,0
USDT,wanUSDT,2023-10-02T00:00:00.000Z,2023-10-02,245790.78269613,245828.80717074248,124683.12125597,124702.86643471009,121107.66144016,121125.94073603238,0,0,13.7158496,13.71795997726503,0,0,0.040497183525510204,0.016437474090816327,0.5072825344534847,0,0,0,0
USDT,wanUSDT,2023-10-03T00:00:00.000Z,2023-10-03,246592.87310705998,246568.13913515455,132210.60445803,132197.43949974934,114382.26864903,114370.6996354052,2947.99999999,2946.431663990005,15.48690911,15.484727946349,6.69427465,6.6907132958862,0.04167484631958763,0.017876604159793814,0.5361243718123424,0,0,0,0
USDT,wanUSDT,2023-10-04T00:00:00.000Z,2023-10-04,244386.11948891,244368.6479263947,137078.3544817,137068.86652770918,107307.76500721,107299.78139868555,0,0,16.52892194,16.52694186188893,0,0,0.042681350479381444,0.019155756915463916,0.5607442999226305,0,0,0,0
USDT,wanUSDT,2023-10-05T00:00:00.000Z,2023-10-05,249945.15042551002,249946.6709794011,150275.33770227002,150276.2521009735,99669.81272324,99670.41887842758,0,0,19.6433667,19.64360693517956,0,0,0.04433822428163265,0.021326092113265305,0.6012332601914401,0,0,0,0
USDT,wanUSDT,2023-10-06T00:00:00.000Z,2023-10-06,265397.39841735,265470.9305951127,151032.64734495,151073.44046279773,114364.7510724,114397.49013231495,0,0,18.76933305,18.77283518658995,0,0,0.043087344378,0.019697731836,0.57065933796021,0,0,0,0
USDT,wanUSDT,2023-10-07T00:00:00.000Z,2023-10-07,279183.8635787,279406.8340122083,151760.34093981,151881.5445769627,127423.52263889,127525.28943524556,0,0,18.35917994,18.3749196679561,0,0,0.041979666607,0.01825563536,0.543585646228714,0,0,0,0
USDT,wanUSDT,2023-10-08T00:00:00.000Z,2023-10-08,292143.26969834004,292337.76817069226,151190.66874328002,151292.33764039757,140952.60095506,141045.43053029472,999.99999999,1000.99999998999,18.30010506,18.31262117107134,0.33241537,0.33274778537,0.04095513903168317,0.017005948577227724,0.5184927898167858,0,0,0,0
USDT,wanUSDT,2023-10-09T00:00:00.000Z,2023-10-09,304537.15032915,304582.35386635305,150343.26802496,150365.5825348197,154193.88230419,154216.77133153335,0,0,17.38483754,17.38663816594195,0,0,0.03994207643564356,0.015774817675247525,0.4936779351939827,0,0,0,0
USDT,wanUSDT,2023-10-10T00:00:00.000Z,2023-10-10,304616.52753249,304633.0124004358,150493.13508731002,150501.2806709136,154123.39244518,154131.7317295222,0,0,17.4090534,17.41023725964745,0,0,0.039956880231372546,0.015792272205882352,0.494040880948749,0,0,0,0
USDT,wanUSDT,2023-10-11T00:00:00.000Z,2023-10-11,305149.14530919003,305122.6271554913,157135.75286401002,157121.08639311482,148013.39244518,148001.5407623765,0,0,18.51589725,18.51418637418801,0,0,0.040810580821,0.016838201096,0.5149469986650245,0,0,0,0
USDT,wanUSDT,2023-10-12T00:00:00.000Z,2023-10-12,305168.64767481,305069.7792177922,182562.94795283,182503.3588410204,122605.69972198,122566.42037677177,0,0,23.03098339,23.02229632796305,0,0,0.044215669824731185,0.02116943402795699,0.5982360317585611,0,0,0,0
USDT,wanUSDT,2023-10-13T00:00:00.000Z,2023-10-13,305194.41351855,305093.5954606017,184406.11581521,184345.2428503037,120788.29770334,120748.35261029798,0,0,24.79296082,24.78491023061368,0,0,0.04446077799863014,0.021491650810958905,0.6042250268423166,0,0,0,0
USDT,wanUSDT,2023-10-14T00:00:00.000Z,2023-10-14,305809.96082614997,305771.3055795138,185878.39164085998,185854.9410668361,119931.56918529,119916.36451267768,0,0,23.91534473,23.913324752742948,0,0,0.044607967916363636,0.021690964174545455,0.6078179200789213,0,0,0,0
USDT,wanUSDT,2023-10-15T00:00:00.000Z,2023-10-15,308391.38401502,308376.28391212865,188368.36028428,188359.13691846523,120023.02373074,120017.14699366342,0,0,25.40621941,25.40498715291185,0,0,0.044730533601219515,0.021857464780487806,0.6108094129768571,0,0,0,0
USDT,wanUSDT,2023-10-16T00:00:00.000Z,2023-10-16,308483.00333512,308594.4505624436,188684.06860409997,188752.24538859393,119798.93473102,119842.20517384965,0,0,24.88498257,24.89681400613004,0,0,0.044765032745360825,0.021904551019587628,0.6116513076731945,0,0,0,0
USDT,wanUSDT,2023-10-17T00:00:00.000Z,2023-10-17,308540.22368494,308642.54042555304,189534.90082952002,189597.75279113225,119005.32285542,119044.78763442079,0,0,25.04428044,25.05483654147507,0,0,0.04487338972790698,0.02205242175,0.6142955942721839,0,0,0,0
USDT,wanUSDT,2023-10-18T00:00:00.000Z,2023-10-18,308563.84492948,308628.91025399615,190743.47947976,190783.56992160814,117820.36544972,117845.34033238802,499.708559,499.708559,25.23093757,25.23626297541606,4.27453174,4.27453174,0.045032018918292685,0.02227125582073171,0.618165255461033,0,0,0,0
USDT,wanUSDT,2023-10-19T00:00:00.000Z,2023-10-19,307656.42316929996,307702.790994764,195529.95700161,195559.74530295722,112126.46616769,112143.04569180681,0,0,27.25385752,27.2554633726075,0,0,0.04638592299509804,0.023597444442156862,0.6355805204730907,0,0,0,0
USDT,wanUSDT,2023-10-20T00:00:00.000Z,2023-10-20,306513.92955717,306622.43496181734,205629.08185168,205701.95055681272,100884.84770549,100920.48440500464,0,0,48.98473673,49.00138168959766,0,0,0.08301064463663366,0.04460481091485149,0.670862845210133,0,0,0,0
USDT,wanUSDT,2023-10-21T00:00:00.000Z,2023-10-21,306116.00416119,306246.7380768185,205889.3136346,205977.27020264397,100226.69052659,100269.46787417453,0,0,51.1542178,51.18113347265639,0,0,0.08605243299705882,0.046319273832352945,0.6725852682755215,0,0,0,0
USDT,wanUSDT,2023-10-22T00:00:00.000Z,2023-10-22,306008.70574366,306132.5039557757,204113.68134933,204196.25691037675,101895.02439433,101936.24704539895,0,0,45.33859266,45.35632610810796,0,0,0.076113790509,0.040615487768,0.667019197062258,0,0,0,0
USDT,wanUSDT,2023-10-23T00:00:00.000Z,2023-10-23,306049.60619393,306164.6560721083,204154.5817996,204231.32822836068,101895.02439433,101933.32784374761,0,0,45.39278272,45.40859825002011,0,0,0.07619274556039604,0.04066033184554455,0.6670636965946296,0,0,0,0
USDT,wanUSDT,2023-10-24T00:00:00.000Z,2023-10-24,306258.92172909,306311.27195246576,204768.01498182,204802.95617175632,101490.90674727,101508.31578070945,0,0,48.15959215,48.17051803180157,0,0,0.07894166667058823,0.04222660473823529,0.6686100149431701,0,0,0,0
USDT,wanUSDT,2023-10-25T00:00:00.000Z,2023-10-25,307875.74870242,307957.2344115783,206562.50455492,206617.18036084744,101313.2441475,101340.05405073083,0,0,49.81569572,49.8246776759514,0,0,0.08307139066435644,0.04458833313465346,0.6709278285614576,0,0,0,0
USDT,wanUSDT,2023-10-26T00:00:00.000Z,2023-10-26,308085.3700466,308114.22875950375,206769.82465506,206789.15974042375,101315.54539154,101325.06901907998,0,0,50.46104151,50.4634824854611,0,0,0.083456531059,0.044810287017,0.6711429700843892,0,0,0,0
USDT,wanUSDT,2023-10-27T00:00:00.000Z,2023-10-27,307691.88914954,307681.10928312346,206104.44414201,206097.30280350038,101587.44500753,101583.80647962306,0,0,49.14488562,49.14926398812859,0,0,0.08113984595940595,0.043492343651485146,0.6698385800366178,0,0,0,0
USDT,wanUSDT,2023-10-28T00:00:00.000Z,2023-10-28,309918.93537224,309916.6832638605,206907.03067089,206905.52298264217,103011.90470135,103011.16028121833,4882.34435162,4882.34435162,48.72485252,48.72162626073115,214.3954692,214.3954692,0.07724736194158416,0.04132226375940594,0.6676202862622476,0,0,0,0
USDT,wanUSDT,2023-10-29T00:00:00.000Z,2023-10-29,309309.25470145,309380.1544985515,205138.0585241,205185.06796966205,104171.19617735,104195.08652888944,0,0,42.28983293,42.30265453946444,0,0,0.069376074381,0.036811078861,0.6632082714423809,0,0,0,0
USDT,wanUSDT,2023-10-30T00:00:00.000Z,2023-10-30,305217.71102360997,305310.6210236312,202694.07547829,202755.9706754991,102523.63554532,102554.6503481321,0,0,45.40047706,45.41254238291215,0,0,0.07250626032376238,0.039180804312871284,0.6646264484530015,0,0,0,0
USDT,wanUSDT,2023-10-31T00:00:00.000Z,2023-10-31,307140.01144106,307246.5683738886,204383.95921142,204454.87381406577,102756.05222964,102791.69455982285,0,0,44.93471155,44.95246331311178,0,0,0.07333154094455445,0.03906169984653465,0.6654351705146123,0,0,0,0
USDT,wanUSDT,2023-11-01T00:00:00.000Z,2023-11-01,308268.18923936,308361.6831422471,205232.51042202,205294.77840195128,103035.67881734,103066.90474029582,0,0,45.99944532,46.01707836404846,0,0,0.07389994158989899,0.039378395207070704,0.6657592320828747,0,0,0,0
USDT,wanUSDT,2023-11-02T00:00:00.000Z,2023-11-02,307241.07926696003,307372.87205244467,204545.75686526002,204633.490878846,102695.3224017,102739.38117359867,0,0,45.82259711,45.8419817230218,0,0,0.07386876236732673,0.03934450447425743,0.665751401108405,0,0,0,0
USDT,wanUSDT,2023-11-03T00:00:00.000Z,2023-11-03,308251.49482837005,308325.57799231133,209884.69410052002,209935.13927470127,98366.80072785,98390.43871761009,0,0,64.55023313,64.56943380146143,0,0,0.10114853061089109,0.0552380271019802,0.6808874163042707,0,0,0,0
USDT,wanUSDT,2023-11-04T00:00:00.000Z,2023-11-04,306840.02574589,306993.2616192661,210706.46544265,210811.68562128974,96133.56030324,96181.57599797637,0,0,70.24793506,70.2831541068224,0,0,0.11160131774313725,0.06130951651568627,0.686697979567976,0,0,0,0
USDT,wanUSDT,2023-11-05T00:00:00.000Z,2023-11-05,305165.48992117,305414.8229385647,205160.07235709,205327.1100818995,100005.41756408,100087.71285666518,12409.974029,12472.023899145,58.35611257,58.40762685167449,156.39589608,157.1778755604,0.091868213985,0.049888759993,0.6722478492513544,0,0,0,0
USDT,wanUSDT,2023-11-06T00:00:00.000Z,2023-11-06,308102.05489248,308275.6795414912,196700.93036572,196811.0245347371,111401.12452676,111464.65500675408,0,0,33.23559094,33.24971260758965,0,0,0.053173688108,0.027441904763,0.6384470604067796,0,0,0,0
USDT,wanUSDT,2023-11-07T00:00:00.000Z,2023-11-07,313130.7419701,313228.9680727877,208092.95194847,208158.60394612185,105037.79002163,105070.36412666582,48550.88155569,48561.36941043097,68.40731239,68.42540539582782,430.09103335,430.3687153225771,0.10324455517326733,0.05542457414059406,0.6651561863637058,0,0,0,0
USDT,wanUSDT,2023-11-08T00:00:00.000Z,2023-11-08,322087.61818506,322230.72277214844,190311.72006415998,190396.26125105843,131775.8981209,131834.46152109004,0,0,46.68244728,46.70285728225749,0,0,0.074617201386,0.035271382834,0.5908714905120096,0,0,0,0
USDT,wanUSDT,2023-11-09T00:00:00.000Z,2023-11-09,323839.34489589,323979.4746957926,191403.66644722002,191486.64108903758,132435.67844867,132492.833606755,0,0,46.90526508,46.92761637910234,0,0,0.07462543552475247,0.03528731661287129,0.5910666280752447,0,0,0,0
USDT,wanUSDT,2023-11-10T00:00:00.000Z,2023-11-10,340979.12097269,341103.49123791803,191886.73829992,191956.6620276038,149092.38267277,149146.82921031423,0,0,46.27570553,46.29354018276009,0,0,0.07343383574313725,0.033062116519607845,0.5627787166899507,0,0,0,0
USDT,wanUSDT,2023-11-11T00:00:00.000Z,2023-11-11,343506.8603236,343688.66783035785,210902.76584632,211013.39883745892,132604.09447728,132675.26899289893,0,0,52.98423486,53.01205183165838,0,0,0.077874191031,0.038365347849,0.6138133810557297,0,0,0,0
USDT,wanUSDT,2023-11-12T00:00:00.000Z,2023-11-12,346689.80731142,346808.5067259638,229540.24527687,229618.72070191003,117149.56203455,117189.78602405377,0,0,73.84560153,73.87100040334242,0,0,0.099114661993,0.052546419001,0.6620770469996318,0,0,0,0
USDT,wanUSDT,2023-11-13T00:00:00.000Z,2023-11-13,349647.28346566996,349768.92569336714,234108.61087253998,234190.15228082254,115538.67259313,115578.77341254461,900.22327689,900.22327689,83.12342228,83.15759700560368,0.22327689,0.22327689,0.112420309242,0.060223936024,0.669559741864565,0,0,0,0
USDT,wanUSDT,2023-11-14T00:00:00.000Z,2023-11-14,350514.8963734,350556.23745824624,233401.2269446,233428.73087724936,117113.6694288,117127.50658099688,1000.002699,1000.002699,78.22988064,78.247487029941,0.89715888,0.89715888,0.10568677247,0.056300900646,0.6658801144495538,0,0,0,0
USDT,wanUSDT,2023-11-15T00:00:00.000Z,2023-11-15,351401.47740385,351536.63514870865,234197.84362779002,234287.92177702312,117203.63377606,117248.71337168552,0,0,79.16385101,79.19869268824847,0,0,0.10675785395454546,0.05692055602323232,0.6664680098282624,0,0,0,0
USDT,wanUSDT,2023-11-16T00:00:00.000Z,2023-11-16,351466.13759532,351501.3889323869,234262.50381926,234285.99891428585,117203.63377606,117215.39001810101,0,0,79.26534968,79.29308635445793,0,0,0.10686982746020408,0.05698550352040816,0.6665293706381347,0,0,0,0
USDT,wanUSDT,2023-11-17T00:00:00.000Z,2023-11-17,346353.14511648996,346430.320967621,233124.10928998998,233176.10006633092,113229.0358265,113254.22090129006,1003.58704824,1003.58704824,87.58599971,87.61012612975085,44.20156392,44.20156392,0.11908228776326531,0.0641849548367347,0.6731532196388004,0,0,0,0
USDT,wanUSDT,2023-11-18T00:00:00.000Z,2023-11-18,342436.45535656,342580.89794680383,231556.99515906,231654.7553452202,110879.4601975,110926.14260158359,0,0,94.2506231,94.29241062260338,0,0,0.12465141882772278,0.06743964508316831,0.6761905705869219,0,0,0,0
USDT,wanUSDT,2023-11-19T00:00:00.000Z,2023-11-19,352883.75976958,353090.70153839677,235414.24425319998,235552.21435225522,117469.51551638,117538.48718614154,0,0,81.48953871,81.53324421358496,0,0,0.10824296778383838,0.057879799376767675,0.6672238908671693,0,0,0,0
USDT,wanUSDT,2023-11-20T00:00:00.000Z,2023-11-20,352845.41338527,352995.2172850027,237300.88806309,237401.85425783807,115544.52532218,115593.3630271646,0,0,88.7345456,88.77177269918339,0,0,0.117929159302,0.063493400898,0.6725347730746432,0,0,0,0
USDT,wanUSDT,2023-11-21T00:00:00.000Z,2023-11-21,362001.11790328,362173.0347068825,245346.19166802,245462.9796563026,116654.92623526,116710.05505057989,0,0,98.85974894,98.90317050452364,0,0,0.127730526188,0.069303825799,0.677831812205333,0,0,0,0
USDT,wanUSDT,2023-11-22T00:00:00.000Z,2023-11-22,366243.30579849,366302.3876371449,247208.5654083,247248.4473553391,119034.74039019,119053.94028180582,0,0,95.36611912,95.38255175161513,0,0,0.12240801153,0.066098832862,0.6749845565854853,0,0,0,0
USDT,wanUSDT,2023-11-23T00:00:00.000Z,2023-11-23,365480.03068046,365530.7325393177,248481.87426664,248516.26911354286,116998.15641382,117014.46342577481,394.29071781,394.1811049904488,104.71644569,104.72833327013741,49.0348299,49.0211982172878,0.13157451427722772,0.0716244885980198,0.6798847288970521,0,0,0,0
USDT,wanUSDT,2023-11-24T00:00:00.000Z,2023-11-24,369508.40021846,369618.85962309485,252933.14284895,253008.52918282076,116575.25736951,116610.33044027408,860.029129,860.029129,110.55289998,110.57307234063406,92.18191036,92.18191036,0.140318986566,0.076894011807,0.6845602638088046,0,0,0,0
USDT,wanUSDT,2023-11-25T00:00:00.000Z,2023-11-25,378619.79029624,378845.66051944223,255044.93825126,255197.09667742506,123574.85204498,123648.56384201716,0,0,96.22735254,96.27058542132404,0,0,0.11988566103366337,0.06460771583762376,0.6736189352432144,0,0,0,0
USDT,wanUSDT,2023-11-26T00:00:00.000Z,2023-11-26,380247.93872333004,380378.1812180694,255788.25658121,255875.86849189445,124459.68214212,124502.31272617493,0,0,95.1497815,95.18133713897832,0,0,0.11816629251010101,0.06359124578181818,0.6726880808353928,0,0,0,0
USDT,wanUSDT,2023-11-27T00:00:00.000Z,2023-11-27,380472.63184476,380516.10866431997,255866.22353055,255895.45466946412,124606.40831421,124620.65399485588,0,0,94.91777514,94.92475538555676,0,0,0.11781201161818182,0.06338254770909091,0.6724958341957665,0,0,0,0
USDT,wanUSDT,2023-11-28T00:00:00.000Z,2023-11-28,416940.31353125,416980.25668273703,261979.55149074,262003.7817256228,154960.76204051,154976.4749571142,10006.39345154,10006.39345154,100.02450502,100.03209627057451,65.03699617,65.03699617,0.117159123795,0.061738684209,0.6340058217072871,0,0,0,0
USDT,wanUSDT,2023-11-29T00:00:00.000Z,2023-11-29,461844.74760828004,462057.796078685,264530.91625503,264652.62825422897,197313.83135325,197405.167824456,124.71593342,124.84064935342,62.43442324,62.4598415727194,0.0016955,0.0016971955,0.07385458401212121,0.03384286401111111,0.572770034486476,0,0,0,0
USDT,wanUSDT,2023-11-30T00:00:00.000Z,2023-11-30,461465.30347097997,461509.4636573992,280234.76166851,280261.54732259153,181230.54180247,181247.9163348076,16449.7101148,16449.7101148,66.78736541,66.7924337695076,0.07791604,0.07791604,0.075309269023,0.036595678461,0.6072815547916133,0,0,0,0
USDT,wanUSDT,2023-12-01T00:00:00.000Z,2023-12-01,459464.24209566996,459556.6288358483,288948.74298879,289006.7010712164,170515.49910688,170549.9277646319,15010.79971804,15010.79971804,57.95806673,57.96647055466882,38.32014961,38.32014961,0.076279766085,0.038380918483,0.6288847659399746,0,0,0,0
USDT,wanUSDT,2023-12-02T00:00:00.000Z,2023-12-02,459593.00345064,459854.2251440153,293884.79518499004,294051.8688206048,165708.20826565,165802.35632341047,0,0,60.57432642,60.61052644619845,0,0,0.07666640176363636,0.03921920404848485,0.6394453895337833,0,0,0,0
USDT,wanUSDT,2023-12-03T00:00:00.000Z,2023-12-03,460228.22096511006,460328.15590434894,299184.44593760004,299249.5992836664,161043.77502751,161078.55662068256,8900.00000098,8903.90000098,68.37868304,68.39329236390677,10.45070973,10.45074889698,0.0874681331122449,0.04568652851938775,0.6500707914365336,0,0,0,0
USDT,wanUSDT,2023-12-04T00:00:00.000Z,2023-12-04,465252.1841166,465354.2432959846,311336.84777071,311405.31597015116,153915.33634589,153948.92732583344,0,0,90.62977662,90.6479527589073,0,0,0.11181697953608248,0.05989485857628866,0.669216754776219,0,0,0,0
USDT,wanUSDT,2023-12-05T00:00:00.000Z,2023-12-05,470312.87274884,470387.1558342931,315462.96153439,315513.2256540592,154849.91121445,154873.93018023393,0,0,94.08130635,94.08448710995933,0,0,0.11462966909381443,0.06154720865360825,0.6707457811511406,0,0,0,0
USDT,wanUSDT,2023-12-06T00:00:00.000Z,2023-12-06,471598.78335245,471701.16804548254,324936.70718954003,325006.23996841017,146662.07616291,146694.92807707237,0,0,123.09426354,123.13107091169418,0,0,0.14897257811649484,0.08242450660309278,0.6890045593905433,0,0,0,0
USDT,wanUSDT,2023-12-07T00:00:00.000Z,2023-12-07,588900.0534534,588945.8103310454,335737.41512442,335741.27371931804,253162.63832898,253204.53661172732,0,0,144.81312363,144.8143115247497,0,0,0.1658746991423913,0.09039904107934782,0.6313725395804295,0,0,0,0
USDT,wanUSDT,2023-12-08T00:00:00.000Z,2023-12-08,1047614.8386652201,1048084.3802017046,379281.03115396004,379440.79980433785,668333.80751126,668643.5803973668,2402.458962,2404.861420962,68.55476077,68.5846284586511,19.06438,19.08344438,0.06500667934065935,0.018963080103296705,0.3617340190497351,0,0,0,0
USDT,wanUSDT,2023-12-09T00:00:00.000Z,2023-12-09,1057104.3441391499,1057459.0534242496,507926.26573044,508096.70062427147,549178.07840871,549362.3527999781,550,550.6,95.19065056,95.21986571489978,3.79797226,3.80556820452,0.06997492195888888,0.026897704954444445,0.4804882724471179,0,0,0,0
USDT,wanUSDT,2023-12-10T00:00:00.000Z,2023-12-10,1055676.0590736698,1055732.8101733106,509147.05378033,509174.07371318823,546529.00529334,546558.7364601223,0,0,95.94327409,95.94866805341584,0,0,0.07005111661875,0.027029852883333334,0.4823032061353327,0,0,0,0
USDT,wanUSDT,2023-12-11T00:00:00.000Z,2023-12-11,1049504.43645975,1049104.9952731733,527012.6866034999,526809.8801198362,522491.74985625,522295.11515333725,0,0,103.92286017,103.85499372800798,0,0,0.070884746278125,0.028477789603125,0.5021587252690483,0,0,0,0
USDT,wanUSDT,2023-12-12T00:00:00.000Z,2023-12-12,1046687.45705084,1046328.8300670753,538650.59883912,538465.8179868526,508036.85821172,507863.0120802227,0,0,119.00503101,118.97185715790981,0,0,0.07140892554736843,0.02940129781263158,0.5146358255415036,0,0,0,0
USDT,wanUSDT,2023-12-13T00:00:00.000Z,2023-12-13,1026728.1026383201,1026407.4202525195,557644.07780172,557469.0484575738,469084.0248366,468938.3717949458,12202.29158495,12199.33621763,122.87439798,122.81111778278589,534.25486946,534.2547654604034,0.0726394335010989,0.03162391087252747,0.5438927649719193,0,0,0,0
USDT,wanUSDT,2023-12-14T00:00:00.000Z,2023-12-14,934831.53946426,935016.080945388,598900.14937048,599020.2212926002,335931.39009378,335995.85965278785,0,0,146.5255593,146.51422375890232,0,0,0.08184795098736843,0.04208216809263158,0.6406299633511874,0,0,0,0
USDT,wanUSDT,2023-12-15T00:00:00.000Z,2023-12-15,937883.89509161,937959.5395341972,670719.98338006,670773.9778772861,267163.91171155,267185.561656911,0,0,374.80711998,374.880518395775,0,0,0.199248627140625,0.11400735184531251,0.7151405243675607,0,0,0,0
USDT,wanUSDT,2023-12-16T00:00:00.000Z,2023-12-16,941365.3465771901,940937.640941878,672111.18002235,671805.7710940536,269254.16655484,269131.86984782433,10001.50326185,9994.681843888591,372.99010701,372.82094583192446,198.02751483,197.9946280057409,0.19693425380232557,0.11248630372906977,0.7139759211345216,0,0,0,0
USDT,wanUSDT,2023-12-17T00:00:00.000Z,2023-12-17,937316.9762711099,936434.2382308716,670246.352534,669615.1758049754,267070.62373711,266819.0624258962,4100.001007,4094.498805648606,376.18446388,375.8323939183402,61.0587079,60.9767671139982,0.19909442157173912,0.11389524255652174,0.715069058181413,0,0,0,0
USDT,wanUSDT,2023-12-18T00:00:00.000Z,2023-12-18,937524.03941092,936974.9385623235,665362.17589399,664970.9637686446,272161.86351693,272003.97479367885,14086.03567708,14098.35451275708,363.4187357,363.1925064044958,241.26628499,241.0349975283699,0.18857735432021278,0.10711484260425531,0.7097017294576464,0,0,0,0
USDT,wanUSDT,2023-12-19T00:00:00.000Z,2023-12-19,937780.5848097801,937359.9999181207,654841.48522071,654547.8350364671,282939.09958907,282812.1648816536,3800.14573825,3797.123990909006,313.09506983,312.93223059345786,143.48065094,143.4397025101994,0.1663730024521739,0.09294172444891305,0.6982886074438375,0,0,0,0
USDT,wanUSDT,2023-12-20T00:00:00.000Z,2023-12-20,938033.7646401301,938001.5165140609,661236.10464694,661215.0785825459,276797.65999319,276786.43793151504,33193.74,33218.73180626,350.70867034,350.70858487389586,7.43030281,7.43029537969719,0.17938122525957448,0.10134693660957447,0.704916428857952,0,0,0,0
USDT,wanUSDT,2023-12-21T00:00:00.000Z,2023-12-21,938389.6897610101,938578.7420761499,673909.7119729101,674045.4743329259,264479.9777881,264533.26774322405,0,0,403.49654412,403.58860733299343,0,0,0.20520984581,0.11789853531555555,0.718155440031631,0,0,0,0
USDT,wanUSDT,2023-12-22T00:00:00.000Z,2023-12-22,938779.7955897399,938911.6822914089,679931.9935289,680027.6685559535,258847.80206084,258884.01373545537,0,0,439.35539386,439.42971558001483,0,0,0.21745378017692307,0.12602495316813186,0.7242718507950433,0,0,0,0
USDT,wanUSDT,2023-12-23T00:00:00.000Z,2023-12-23,941654.9711565699,942310.3701293061,682710.54468528,683185.631557386,258944.42647129,259124.73857192005,0,0,435.81277517,436.1029084662263,0,0,0.21891687564395604,0.12697667654505496,0.7250136419131261,0,0,0,0
USDT,wanUSDT,2023-12-24T00:00:00.000Z,2023-12-24,943746.38686783,944236.8294060744,684109.17683793,684464.9174439807,259637.2100299,259771.91196209364,0,0,435.28102306,435.4973445697629,0,0,0.21866137760609755,0.1268063427682927,0.7248864363258961,0,0,0,0
USDT,wanUSDT,2023-12-25T00:00:00.000Z,2023-12-25,944287.495633,944694.3196040808,686102.28441753,686397.8673351232,258185.21121547,258296.4522689575,127.3537876,127.3537876,443.27146655,443.4940784911563,0.01146315,0.01146315,0.22207020306105263,0.1290817900031579,0.7265819751531342,0,0,0,0
USDT,wanUSDT,2023-12-26T00:00:00.000Z,2023-12-26,944665.82886259,944519.311722301,686597.97173004,686491.4790520469,258067.85713255,258027.8326702541,0,0,444.42926326,444.3607396953008,0,0,0.22254121796494844,0.12939716486391753,0.7268157134239427,0,0,0,0
USDT,wanUSDT,2023-12-27T00:00:00.000Z,2023-12-27,944281.2835382101,944363.6730693885,686444.0891226401,686504.1129063206,257837.19441557,257859.56016306786,3000,3003,455.47990046,455.5216875737487,29.56823873,29.59780696873,0.22281116562688172,0.12957892946666666,0.7269491016153691,0,0,0,0
USDT,wanUSDT,2023-12-28T00:00:00.000Z,2023-12-28,945672.06606832,945957.252644552,688607.98728314,688815.1884445443,257064.07878518,257142.06420000774,2000,2002,452.88109594,453.0150253537731,37.11178206,37.14889384206,0.22525552002365593,0.13122818136236558,0.7281550209901162,0,0,0,0
USDT,wanUSDT,2023-12-29T00:00:00.000Z,2023-12-29,951968.96106884,952269.8954188046,697672.1545540501,697892.8496328677,254296.80651479,254377.0457859369,0,0,475.1739759,475.3525414686971,0,0,0.23480721170204083,0.1376710488479592,0.7328683977541445,0,0,0,0
USDT,wanUSDT,2023-12-30T00:00:00.000Z,2023-12-30,954679.65838925,954828.3173240154,703632.51954715,703742.0613578182,251047.1388421,251086.25596619723,0,0,494.20510111,494.2736487566537,0,0,0.24331550385306122,0.14346616932857142,0.7370355200238015,0,0,0,0
USDT,wanUSDT,2023-12-31T00:00:00.000Z,2023-12-31,949271.48586133,949030.2100528032,700597.9970331499,700419.9748291862,248673.48882818,248610.23522361697,5504.84989737,5504.84989737,496.23694412,496.16012467678337,8.18222896,8.18222896,0.24536849469893618,0.14487387876702126,0.738035781571462,0,0,0,0
USDT,wanUSDT,2024-01-01T00:00:00.000Z,2024-01-01,941409.1049063801,941440.6223857412,693383.38947815,693406.1156097583,248025.71542823,248034.5067759829,3257,3255.277047,502.61326495,502.6464721602451,7.78813809,7.78401816495039,0.24230056384795917,0.1427842953622449,0.7365331890973876,0,0,0,0
USDT,wanUSDT,2024-01-02T00:00:00.000Z,2024-01-02,935340.78373338,936024.8030183333,678574.3588122,679065.9816776628,256766.42492118,256958.82134067043,1452.37152335,1452.37152335,475.1713731,475.5106088078472,46.30122086,46.30122086,0.22134710446041667,0.12994450632291665,0.7254589729854093,0,0,0,0
USDT,wanUSDT,2024-01-03T00:00:00.000Z,2024-01-03,934511.34686266,935150.5331471917,703622.2546303701,704103.597356545,230889.09223229,231046.9357906467,6394.86962619,6400.786088712278,608.5005047,608.8879708497392,146.80714986,146.57035184452835,0.27632775530625,0.16645115284166667,0.7529264582174792,0,0,0,0
USDT,wanUSDT,2024-01-04T00:00:00.000Z,2024-01-04,932393.93064623,933300.5711794758,698438.35835764,699117.1051485216,233955.57228859,234183.46603095415,0,0,592.0218241,592.6052818920758,0,0,0.26826148405698924,0.16076745570215054,0.7490809196308332,0,0,0,0
USDT,wanUSDT,2024-01-05T00:00:00.000Z,2024-01-05,932932.88753421,933562.5889476122,693914.53109519,694382.9829907824,239018.35643902,239179.60595682988,201,201.201,571.75812015,572.131389153559,56.0061828,56.0621889828,0.25725725705959596,0.15307874097070706,0.743798846887781,0,0,0,0
USDT,wanUSDT,2024-01-06T00:00:00.000Z,2024-01-06,934754.0463986399,935379.9609995845,697430.61893603,697897.6324216453,237323.42746261,237482.32857793925,960,959.85984,584.50363972,584.8793359873742,42.08391053,42.07776627906262,0.26205950477575757,0.1564205517757576,0.7461114270937621,0,0,0,0
USDT,wanUSDT,2024-01-07T00:00:00.000Z,2024-01-07,934517.7938272799,934888.9147692872,697128.67466246,697405.4993626704,237389.11916482,237483.41540661684,11164.56821637,11175.632002521,597.96789033,598.1985731614403,1298.32999592,1299.62308735144,0.2617845345867347,0.15623188731020407,0.7459775274344692,0,0,0,0
USDT,wanUSDT,2024-01-08T00:00:00.000Z,2024-01-08,931207.73115417,931926.5274388295,670679.93516207,671197.4956428547,260527.7959921,260729.03179597485,18454.5638463,18484.1764569,465.3542302,465.6584546763031,32.69441465,32.69843184332,0.20934820454949496,0.12064023651111111,0.7202255267016792,0,0,0,0
USDT,wanUSDT,2024-01-09T00:00:00.000Z,2024-01-09,941338.4480605901,941670.3384028885,674974.12215951,675212.0389116992,266364.32590108,266458.2994911893,0,0,457.83810291,458.0155535136935,0,0,0.20298801154489796,0.11644164965102041,0.7170354843887927,0,0,0,0
USDT,wanUSDT,2024-01-10T00:00:00.000Z,2024-01-10,942380.6047400801,942748.4226567275,676043.0060767,676306.8829982209,266337.59866338,266441.53965850663,0,0,459.25858855,459.36194146749295,0,0,0.203665300003125,0.11688399164895834,0.7173778842426977,0,0,0,0
USDT,wanUSDT,2024-01-11T00:00:00.000Z,2024-01-11,942831.90534324,942233.1506040636,676336.21588622,675906.6557933099,266495.68945702,266326.49481075373,0,0,470.32486532,469.48246762050087,0,0,0.2036010565892857,0.11684187786785714,0.7173454946701073,0,0,0,0
USDT,wanUSDT,2024-01-12T00:00:00.000Z,2024-01-12,942922.47972641,942452.6671746197,673826.5663492,673490.5644819564,269095.91337721,268962.1026926633,5388.26,5388.26,447.01426831,446.7705685942415,734.45277643,734.45277643,0.19820183845612244,0.11331727558163265,0.7146149810893923,0,0,0,0
USDT,wanUSDT,2024-01-13T00:00:00.000Z,2024-01-13,943124.0332089199,942975.8493113413,673764.4597920399,673658.5968682888,269359.57341688,269317.2524430524,0,0,446.29319685,446.2252607086172,0,0,0.1977631210680851,0.11302501792978724,0.7143964455044268,0,0,0,0
USDT,wanUSDT,2024-01-14T00:00:00.000Z,2024-01-14,942925.8071916101,942556.0576752388,670817.99966474,670555.167621016,272107.80752687,272000.8900542228,3933.25174577,3933.25174577,433.12134,432.9551813916539,40.18762319,40.18762319,0.19190851471595743,0.10922843451489361,0.7114212375853508,0,0,0,0
USDT,wanUSDT,2024-01-15T00:00:00.000Z,2024-01-15,942824.1774559999,942222.6174971112,669561.26771897,669134.0564394653,273262.90973703,273088.56105764594,0,0,427.59424747,427.31836798494265,0,0,0.1894371461021739,0.10762539551413043,0.7101655656619636,0,0,0,0
USDT,wanUSDT,2024-01-16T00:00:00.000Z,2024-01-16,945578.95701949,945038.11150812,669883.29420854,669499.8683739216,275695.66281095,275538.24313419836,0,0,421.04261256,420.78343725726046,0,0,0.18606497041630435,0.10545720838043478,0.7084412728481533,0,0,0,0
USDT,wanUSDT,2024-01-17T00:00:00.000Z,2024-01-17,948286.1174993799,947679.5260772877,670190.3987230599,669761.6997369168,278095.71877632,277917.826340371,0,0,423.69652992,423.4285548084233,0,0,0.18273565250804596,0.10331708088505748,0.7067386060551396,0,0,0,0
USDT,wanUSDT,2024-01-18T00:00:00.000Z,2024-01-18,948013.8139990399,946907.8047137113,670502.3505921899,669720.1340490953,277511.46340685,277187.67066461593,0,0,416.43668451,415.96035692753946,0,0,0.18377674499634147,0.10398524990975609,0.7072716426888959,0,0,0,0
USDT,wanUSDT,2024-01-19T00:00:00.000Z,2024-01-19,945482.8143223599,944591.6808542225,670815.4466467899,670183.1940393709,274667.36767557,274408.4868148516,0,0,425.65609269,425.2710469780438,0,0,0.18812309245125,0.1067779342575,0.7094951214465764,0,0,0,0
USDT,wanUSDT,2024-01-20T00:00:00.000Z,2024-01-20,931969.09683125,931356.150884111,657537.6356710499,657105.3181202129,274431.4611602,274250.8327638981,29364.56321228,29349.898599972243,406.61638764,406.3382087120274,1017.00755193,1016.4205189335913,0.18030598405,0.10180132476071428,0.7054696400146662,0,0,0,0
USDT,wanUSDT,2024-01-21T00:00:00.000Z,2024-01-21,911454.1441107701,910814.9784049146,642050.3316768601,641600.287285975,269403.81243391,269214.69111893966,0,0,394.00190381,393.73861632202807,0,0,0.17823655473670885,0.10044553925822784,0.7044259360873746,0,0,0,0
USDT,wanUSDT,2024-01-22T00:00:00.000Z,2024-01-22,915188.95536316,914332.415821394,642334.8414134501,641733.4920385255,272854.11394971,272598.92378286837,0,0,393.03575589,392.65894724330224,0,0,0.17328489053116883,0.0973068240038961,0.7018681886954331,0,0,0,0
USDT,wanUSDT,2024-01-23T00:00:00.000Z,2024-01-23,904747.3294370001,903903.5863573214,642638.93312685,642039.6327609362,262108.39631015,261863.95359638517,0,0,418.16559618,417.7833779522175,0,0,0.1896940975682353,0.10779126125294118,0.7102965781258493,0,0,0,0
USDT,wanUSDT,2024-01-24T00:00:00.000Z,2024-01-24,905026.52870732,904470.8097337012,642934.32860784,642539.5451655906,262092.20009948,261931.26456811058,0,0,418.8178312,418.5651714266553,0,0,0.18990451274375,0.10792711812916667,0.7104038453315636,0,0,0,0
USDT,wanUSDT,2024-01-25T00:00:00.000Z,2024-01-25,905330.4865924601,904985.3547123901,643252.65392732,643007.4333789237,262077.83266514,261977.92133346648,0,0,419.48228163,419.321244747875,0,0,0.19012641682525253,0.10807043656666666,0.7105169445585937,0,0,0,0
USDT,wanUSDT,2024-01-26T00:00:00.000Z,2024-01-26,905544.97069502,904984.8874664905,643846.46230588,643448.2455822885,261698.50838914,261536.641884202,0,0,431.24638762,430.9940962291327,0,0,0.19108655786428572,0.10869211523061224,0.7110054147588298,0,0,0,0
USDT,wanUSDT,2024-01-27T00:00:00.000Z,2024-01-27,905711.24240302,905555.2914630999,644407.5365593,644296.5941675996,261303.70584372,261258.69729550034,0,0,424.06856731,423.9971073910638,0,0,0.192044402846,0.109311036268,0.7114934387748867,0,0,0,0
USDT,wanUSDT,2024-01-28T00:00:00.000Z,2024-01-28,904623.3552546,904537.2285651645,645453.5723662201,645392.1274630361,259169.78288838,259145.1011021284,100.99999999,100.99999999,429.05601827,429.020243660072,100.99999999,100.99999999,0.196213967406,0.112091603931,0.7135693783140501,0,0,0,0
USDT,wanUSDT,2024-01-29T00:00:00.000Z,2024-01-29,821362.8882247199,821183.0514186713,641542.8319256799,641402.161109112,179820.05629904,179780.8903095593,2039.81112836,2038.558684327187,700.36719063,700.2046784170424,86.47461979,86.42152437344895,0.33698583116875,0.21061115194270832,0.7810718294829649,0,0,0,0
USDT,wanUSDT,2024-01-30T00:00:00.000Z,2024-01-30,812510.79623045,812371.8449216943,638054.05415611,637945.1705231903,174456.74207434,174426.67439850396,0,0,718.13413548,717.9788381062376,0,0,0.3463027814565217,0.2175754263,0.7852970395239731,0,0,0,0
USDT,wanUSDT,2024-01-31T00:00:00.000Z,2024-01-31,800390.82215413,800114.5362731183,628661.40195718,628444.4501713924,171729.42019695,171670.08610172593,0,0,736.27098316,735.9609037300745,0,0,0.34660771612608693,0.21779387728260868,0.7854403786598132,0,0,0,0
USDT,wanUSDT,2024-02-01T00:00:00.000Z,2024-02-01,844286.96396404,843613.730430417,606573.89592902,606075.0883721785,237713.06803502,237538.64205823856,37793.52,37748.490916560004,323.77273474,323.461559399504,365.60037776,365.2338088311405,0.216910293646875,0.13051174248541667,0.7212678991072852,0,0,0,0
USDT,wanUSDT,2024-02-02T00:00:00.000Z,2024-02-02,883488.26755838,882924.7941151059,588374.06248365,587998.8032212119,295114.20507473,294925.990893894,0,0,162.675649,162.5702600480207,0,0,0.10584408141515152,0.056390936585858586,0.6659670353072625,0,0,0,0
USDT,wanUSDT,2024-02-03T00:00:00.000Z,2024-02-03,883670.2034337199,883231.942554362,601259.80027765,600961.5784809584,282410.40315607,282270.36407340365,0,0,205.14072771,205.03745715590267,0,0,0.13250015247395833,0.07212705562708334,0.680411966816379,0,0,0,0
USDT,wanUSDT,2024-02-04T00:00:00.000Z,2024-02-04,852428.2850061299,852075.5887113906,601612.5103263999,601363.235527481,250815.77467973,250712.35318390967,0,0,268.78614687,268.6766960065848,0,0,0.18094706720757575,0.10220935541818182,0.7057997456388034,0,0,0,0
USDT,wanUSDT,2024-02-05T00:00:00.000Z,2024-02-05,849665.39217411,848752.3982575441,603858.15367348,603208.6697887675,245807.23850063,245543.7284687767,0,0,296.03874543,295.70572604296683,0,0,0.1904931845787879,0.10831205442525252,0.7107011746221612,0,0,0,0
USDT,wanUSDT,2024-02-06T00:00:00.000Z,2024-02-06,862656.27608733,861858.3034136961,606828.62795746,606263.7226020235,255827.64812987,255594.5808116726,0,0,271.38006484,271.1164280902557,0,0,0.176929686608,0.099808385549,0.7036408527182194,0,0,0,0
USDT,wanUSDT,2024-02-07T00:00:00.000Z,2024-02-07,884411.35618232,883834.6963409698,607238.97147413,606843.0847319941,277172.38470819,276991.6116089757,0,0,224.73723632,224.5704608913329,0,0,0.1441146718878788,0.07915969271414142,0.6866023976955824,0,0,0,0
USDT,wanUSDT,2024-02-08T00:00:00.000Z,2024-02-08,884635.31330973,884494.5175270773,607664.07873782,607567.3570672228,276971.23457191,276927.16045985447,0,0,225.85842309,225.81033740319285,0,0,0.14469339885555554,0.0795130831969697,0.6869091193031541,0,0,0,0
USDT,wanUSDT,2024-02-09T00:00:00.000Z,2024-02-09,832383.01222477,832493.4706897036,608779.7955058,608868.357584324,223603.21671897,223625.11310537963,0,0,357.29036518,357.35588345292786,0,0,0.24382357267142857,0.1478885886755102,0.7350196729030386,0,0,0,0
USDT,wanUSDT,2024-02-10T00:00:00.000Z,2024-02-10,758523.22693063,758905.4805022711,608741.5586778701,609048.3345970059,149781.66825276,149857.14590526518,0,0,559.37027536,559.6524675376376,0,0,0.3854826419063158,0.24766809269684212,0.8026375537292724,0,0,0,0
USDT,wanUSDT,2024-02-11T00:00:00.000Z,2024-02-11,749501.19571231,749746.9094648872,609611.32194679,609811.1141652522,139889.87376552,139935.795299635,0,0,577.99536005,578.1976145649774,0,0,0.41003216017157895,0.26680293244526315,0.8133559376218942,0,0,0,0
USDT,wanUSDT,2024-02-12T00:00:00.000Z,2024-02-12,750074.6090499801,750318.9355905976,609525.7670528,609724.5459435233,140548.84199718,140594.38964707433,0,0,576.66316684,576.8339252571017,0,0,0.4083303602105263,0.2654619536115789,0.8126205260827889,0,0,0,0
USDT,wanUSDT,2024-02-13T00:00:00.000Z,2024-02-13,752103.50658979,752122.6180807129,607463.33564966,607478.470326929,144640.17094013,144644.14775378382,0,0,552.58377598,552.5688264003383,0,0,0.39692515388550725,0.2564794475231884,0.8076895344076578,0,0,0,0
USDT,wanUSDT,2024-02-14T00:00:00.000Z,2024-02-14,750761.8977889899,751284.1805697383,608090.61581464,608513.6536682111,142671.28197435,142770.5269015272,0,0,570.4866956,570.900912294226,0,0,0.4021701032809524,0.26059526453809523,0.8099649680101816,0,0,0,0
USDT,wanUSDT,2024-02-15T00:00:00.000Z,2024-02-15,751605.97879884,751997.7800880129,606856.3866147799,607172.7687350005,144749.59218406,144825.01135301238,2046.630092,2048.676722092,588.85015106,589.1636959048257,100.39874218,100.49914092218,0.3962842174590909,0.25597357714545454,0.8074129944922771,0,0,0,0
USDT,wanUSDT,2024-02-16T00:00:00.000Z,2024-02-16,752153.36383426,752573.3955334658,601225.1389396801,601560.8880058697,150928.22489458,151012.50752759614,6080.72001195,6078.877553786379,536.09250525,536.3978386258796,9.03669487,9.03395675145439,0.3778177961809524,0.24160344781428572,0.7993384881142328,0,0,0,0
USDT,wanUSDT,2024-02-17T00:00:00.000Z,2024-02-17,752676.32264341,752925.4671028429,601748.09774883,601947.2777787644,150928.22489458,150978.18932407844,0,0,535.91113478,536.0968433068862,0,0,0.3781345406714286,0.2418481721,0.7994779077380064,0,0,0,0
USDT,wanUSDT,2024-02-18T00:00:00.000Z,2024-02-18,753203.61535459,753519.5180111823,602275.39046001,602527.9823197882,150928.22489458,150991.53569139412,0,0,536.76656967,536.9814330922511,0,0,0.37845353783333335,0.24209469853809523,0.7996182864852036,0,0,0,0
USDT,wanUSDT,2024-02-19T00:00:00.000Z,2024-02-19,753729.22029636,753844.0382566088,603225.14006124,603316.9902326188,150504.08023512,150527.04802399004,0,0,539.52406358,539.616783487178,0,0,0.3800515477238095,0.24333132985714287,0.8003206379305067,0,0,0,0
USDT,wanUSDT,2024-02-20T00:00:00.000Z,2024-02-20,754395.4761517001,754187.220553719,606609.6901563001,606442.7068108491,147785.7859954,147744.51374286978,0,0,551.29146,551.1444600449622,0,0,0.3887446342714286,0.25014067388571426,0.8040984803937007,0,0,0,0
USDT,wanUSDT,2024-02-21T00:00:00.000Z,2024-02-21,755229.72938541,755199.313531851,616848.62373943,616823.7800128632,138381.10564598,138375.53351898785,0,0,598.22184159,598.1871681489436,0,0,0.41798888550476193,0.2731204691142857,0.8167695238766335,0,0,0,0
USDT,wanUSDT,2024-02-22T00:00:00.000Z,2024-02-22,755816.7678506199,755539.3172765169,618215.4736458899,617988.3872372315,137601.29420473,137550.93003928542,0,0,602.74417254,602.5173220461311,0,0,0.4207368614190476,0.2753119669095238,0.8179434706993696,0,0,0,0
USDT,wanUSDT,2024-02-23T00:00:00.000Z,2024-02-23,756423.48867049,756157.5378584891,619084.09922766,618866.4419391468,137339.38944283,137291.09591934228,0,0,619.20460411,618.9869278814676,0,0,0.4218898249090909,0.27623180524545454,0.8184358380197119,0,0,0,0
USDT,wanUSDT,2024-02-24T00:00:00.000Z,2024-02-24,757027.8558138099,756890.474672845,619290.88827862,619178.5221258269,137736.96753519,137711.95254701804,0,0,604.87877157,604.760350119119,0,0,0.4210000145619048,0.27552212912857144,0.8180557365697445,0,0,0,0
USDT,wanUSDT,2024-02-25T00:00:00.000Z,2024-02-25,757613.4357908601,757560.2885254006,619081.31207094,619037.8818444443,138532.12371992,138522.40668095622,0,0,602.63335998,602.5846814671687,0,0,0.4188708972952381,0.2738231741904762,0.8171466821284429,0,0,0,0
USDT,wanUSDT,2024-02-26T00:00:00.000Z,2024-02-26,757710.8209839801,757721.5926718932,619174.20931118,619183.0217590578,138536.6116728,138538.57091283545,0,0,603.43817471,603.4453155588293,0,0,0.41891065496190477,0.27385507397619047,0.8171635668785522,0,0,0,0
USDT,wanUSDT,2024-02-27T00:00:00.000Z,2024-02-27,755643.8553959299,755998.4037674416,616571.8296369499,616861.063864839,139072.02575898,139137.3399026026,0,0,601.96942611,602.2390997865865,0,0,0.4160884429809524,0.27160847904761903,0.8159557839676719,0,0,0,0
USDT,wanUSDT,2024-02-28T00:00:00.000Z,2024-02-28,755685.5426840499,755773.6258650357,617413.98816349,617485.4314428536,138271.55452056,138288.19442218202,0,0,619.38519442,619.4790452371936,0,0,0.41859785334761906,0.2736097270142857,0.8170278120231371,0,0,0,0
USDT,wanUSDT,2024-02-29T00:00:00.000Z,2024-02-29,755082.4650692601,754873.227808818,617057.6385597601,616886.1279414281,138024.8265095,137987.09986738994,0,0,592.76929025,592.6031748363959,0,0,0.41901195627142857,0.27393677175238096,0.8172063728176809,0,0,0,0
USDT,wanUSDT,2024-03-01T00:00:00.000Z,2024-03-01,754708.33308201,754568.2941225856,617823.38639437,617708.7479687337,136884.94668764,136859.5461538519,100,99.9371,611.62720727,611.5045552989108,0,0,0.42233417333809525,0.2765867802,0.8186253509885232,0,0,0,0
USDT,wanUSDT,2024-03-02T00:00:00.000Z,2024-03-02,812532.998488,813204.6505372785,618237.60338867,618740.5475917166,194295.39509933,194464.1029455619,0,0,513.55285764,513.9406597902795,0,0,0.32311733667619047,0.20851673942857143,0.7694680151054936,0,0,0,0
USDT,wanUSDT,2024-03-03T00:00:00.000Z,2024-03-03,955573.4795043601,956017.9546331367,620726.3154001201,621014.6755249731,334847.16410424,335003.2791081636,5980.781987,5986.635344107,132.90183888,132.96478617123267,0.09133316,0.09132256535344,0.07963205867142857,0.04139911359047619,0.6495849991958603,0,0,0,0
USDT,wanUSDT,2024-03-04T00:00:00.000Z,2024-03-04,955737.63783555,956252.0413862972,637307.12128379,637654.4049033021,318430.51655176,318597.6364829951,0,0,178.51244509,178.63828361994177,0,0,0.10767392471428572,0.05770363371428571,0.6668215477849466,0,0,0,0
USDT,wanUSDT,2024-03-05T00:00:00.000Z,2024-03-05,956008.47156284,956470.9228486007,681333.73549162,681653.8002074976,274674.73607122,274817.1226411031,0,0,338.04963861,338.16984007162864,0,0,0.1945329981142857,0.11105240211904761,0.7126851545691104,0,0,0,0
USDT,wanUSDT,2024-03-06T00:00:00.000Z,2024-03-06,956366.3449095299,957145.5929620112,690965.61219762,691530.3876510368,265400.73271191,265615.20531097444,0,0,392.03028672,392.3692450998877,0,0,0.21391911996363636,0.12370778834090909,0.7224899062364708,0,0,0,0
USDT,wanUSDT,2024-03-07T00:00:00.000Z,2024-03-07,956771.79414987,957637.4651570808,704720.2737382901,705357.6772726405,252051.52041158,252279.7878844403,100,100,432.26318659,432.65470205347003,0.97459018,0.97459018,0.2423425251904762,0.14280092684761905,0.7365603959042613,0,0,0,0
USDT,wanUSDT,2024-03-08T00:00:00.000Z,2024-03-08,957191.18119946,958740.9804448885,705458.68195104,706600.9142929234,251732.49924842,252140.06615196506,0,0,434.5708051,435.26823240943,0,0,0.24326104516190475,0.14342849862380952,0.737009169854421,0,0,0,0
USDT,wanUSDT,2024-03-09T00:00:00.000Z,2024-03-09,957608.49985904,959660.4754035192,705963.4835022,707476.1918950205,251645.01635684,252184.2835084987,0,0,435.34509322,436.27638477499,0,0,0.24368362470952382,0.14371815344761904,0.7372151167609583,0,0,0,0
USDT,wanUSDT,2024-03-10T00:00:00.000Z,2024-03-10,957638.60310639,959690.7265041842,706875.15227166,708389.9628588055,250763.45083473,251300.76364537864,0,0,440.830742,441.7740226452,0,0,0.24559071182857142,0.14502625301904762,0.7381440485666962,0,0,0,0
USDT,wanUSDT,2024-03-11T00:00:00.000Z,2024-03-11,957075.12089754,957411.8469879769,708500.91218043,708748.7815478005,248574.20871711,248663.06544017646,0,0,443.04407417,443.18538065756655,0,0,0.24999664794,0.14807212408,0.7402769656642092,0,0,0,0
USDT,wanUSDT,2024-03-12T00:00:00.000Z,2024-03-12,957532.57068903,957999.1713320083,711063.37233089,711409.875174275,246469.19835814,246589.29615773328,0,0,488.41510581,488.65877348155556,0,0,0.2547733425636364,0.15135568146363637,0.7425996664008445,0,0,0,0
USDT,wanUSDT,2024-03-13T00:00:00.000Z,2024-03-13,957989.9347654299,958228.9813487654,717975.18390567,718158.0448547105,240014.75085976,240070.93649405497,15447.58249449,15445.79057492064,494.47711079,494.62033122913175,1.23473948,1.23459625022032,0.2691968421714286,0.16155007952857142,0.7494590244647956,0,0,0,0
USDT,wanUSDT,2024-03-14T00:00:00.000Z,2024-03-14,958096.6793230999,958641.2886212433,730330.0917661999,730744.1327869229,227766.5875569,227897.15583432053,0,0,556.06928983,556.4016452175716,0,0,0.2961702989095238,0.18064229637142856,0.7622714738747192,0,0,0,0
USDT,wanUSDT,2024-03-15T00:00:00.000Z,2024-03-15,949268.123422,949020.90735249,729799.84350913,729610.0771925137,219468.27991287,219410.83015997623,0,0,585.13714462,585.0150072495998,0,0,0.31023076228095237,0.19083275723809523,0.7688199932567746,0,0,0,0
USDT,wanUSDT,2024-03-16T00:00:00.000Z,2024-03-16,947629.22302521,947373.3657349431,742647.6246790399,742446.3970742683,204981.59834617,204926.9686606748,0,0,647.89144241,647.7316226531855,0,0,0.3427881085619048,0.21497398728095238,0.7836893459996891,0,0,0,0
USDT,wanUSDT,2024-03-17T00:00:00.000Z,2024-03-17,948191.88524359,947643.9844033344,745875.76979172,745444.74575328,202316.11545187,202199.23865005444,100,99.8055,664.03211736,663.6573023950856,37.37302357,37.30033303915635,0.3492483978238095,0.2197833806857143,0.7866295633152378,0,0,0,0
USDT,wanUSDT,2024-03-18T00:00:00.000Z,2024-03-18,948740.6591979801,948355.1765875809,746390.72100806,746087.4637140464,202349.93818992,202267.71287353453,0,0,665.19148528,664.8917603121367,0,0,0.3494435464809524,0.21993064394761905,0.7867173188589845,0,0,0,0
USDT,wanUSDT,2024-03-19T00:00:00.000Z,2024-03-19,953181.2630863499,953292.7244219802,747765.46865102,747854.8133394339,205415.79443533,205437.9110825463,0,0,674.25705892,674.3467543848209,0,0,0.3445309927409091,0.21623597663636362,0.7845015816230139,0,0,0,0
USDT,wanUSDT,2024-03-20T00:00:00.000Z,2024-03-20,955787.7688305799,955298.6043212954,747849.22446858,747465.6911393048,207938.544362,207832.91318199062,0,0,667.12753741,666.7395143117993,0,0,0.33997337196190475,0.21281365465238095,0.7824430411432334,0,0,0,0
USDT,wanUSDT,2024-03-21T00:00:00.000Z,2024-03-21,958303.10272413,957883.7185009769,744045.7516922101,743719.4657500787,214257.35103192,214164.25275089825,0,0,617.71014777,617.4327902417272,0,0,0.3267471471190476,0.20297692044761906,0.7764183947701379,0,0,0,0
USDT,wanUSDT,2024-03-22T00:00:00.000Z,2024-03-22,956377.8716849401,956007.079884646,737389.38064756,737103.5146696949,218988.49103738,218903.56521495103,0,0,626.30621086,626.0940073259059,0,0,0.3149741214380952,0.19428184637142856,0.7710230405622663,0,0,0,0
USDT,wanUSDT,2024-03-23T00:00:00.000Z,2024-03-23,956931.93295332,957608.4661764663,737943.44191594,738465.1398478994,218988.49103738,219143.32632856682,0,0,613.02671297,613.4499598438803,0,0,0.3152615821761905,0.1944925945952381,0.7711556178550762,0,0,0,0
USDT,wanUSDT,2024-03-24T00:00:00.000Z,2024-03-24,957461.83533346,957568.1054568951,738492.74370658,738574.7082608445,218969.09162688,218993.3971960506,1001.36078222,1000.437527578793,599.73626531,599.8028223820679,103.80096358,103.7052590915792,0.3155802023190476,0.19472624968571428,0.7713025320420933,0,0,0,0
USDT,wanUSDT,2024-03-25T00:00:00.000Z,2024-03-25,958014.99891395,958419.3158458346,740306.72025097,740618.786142983,217708.27866298,217800.52970285155,500,499.9005,634.740317,634.9925586853457,4.57596557,4.57505495285157,0.318734674847619,0.1970519494904762,0.7727503529139611,0,0,0,0
USDT,wanUSDT,2024-03-26T00:00:00.000Z,2024-03-26,958924.02315666,958430.8760754636,745983.60083052,745600.2641163892,212940.42232614,212830.61195907445,0,0,644.27900963,643.916274266824,0,0,0.3300553664,0.20541407614761906,0.7779378094696927,0,0,0,0
USDT,wanUSDT,2024-03-27T00:00:00.000Z,2024-03-27,960460.89518392,959798.0648283487,742295.70078972,741783.5914950537,218165.1943942,218014.47333329494,0,0,710.9680394,710.4314175465852,0,0,0.36046123304285715,0.2228906308761905,0.7728698786058993,0,0,0,0
USDT,wanUSDT,2024-03-28T00:00:00.000Z,2024-03-28,963034.8980218599,962983.0738035181,726864.34211485,726825.210214323,236170.55590701,236157.8635891951,0,0,693.30874656,693.2508145364695,0,0,0.3574233716142857,0.21581825572380953,0.7547650905516798,0,0,0,0
USDT,wanUSDT,2024-03-29T00:00:00.000Z,2024-03-29,967976.3585510501,968012.7301184816,727468.29929388,727495.3276462493,240508.05925717,240517.4024722322,0,0,679.7751391,679.7980899527466,0,0,0.3478248863619048,0.20914054024285714,0.7515443826550008,0,0,0,0
USDT,wanUSDT,2024-03-30T00:00:00.000Z,2024-03-30,969545.00602548,969955.7759040232,728048.59322324,728357.1305156384,241496.41280224,241598.6453883848,0,0,660.03034394,660.3132800242697,0,0,0.34594657997,0.20782452734,0.7509190500296964,0,0,0,0
USDT,wanUSDT,2024-03-31T00:00:00.000Z,2024-03-31,971615.11871549,971697.8979259863,728630.53167762,728692.599344745,242984.58703787,243005.2985812413,0,0,671.27916298,671.3349663440073,0,0,0.3429686057333333,0.20575834667619047,0.749916824184289,0,0,0,0
USDT,wanUSDT,2024-04-01T00:00:00.000Z,2024-04-01,972206.12569664,972423.9718379403,729221.53865877,729384.9446818791,242984.58703787,243039.0271560611,0,0,672.56803301,672.7309051521878,0,0,0.34341944284761905,0.20607058592857141,0.7500688506684975,0,0,0,0
USDT,wanUSDT,2024-04-02T00:00:00.000Z,2024-04-02,972609.26078111,972808.7646118244,730263.80134912,730413.5409115704,242345.45943199,242395.223700254,500,499.976,708.63780478,708.7793901575784,0,0,0.34567805885454544,0.20763650830454544,0.7508295931157557,0,0,0,0
USDT,wanUSDT,2024-04-03T00:00:00.000Z,2024-04-03,970527.41091224,971400.6519995297,730925.20647042,731582.8307350969,239602.20444182,239817.82126443277,0,0,688.79875963,689.4511717523259,0,0,0.35251099022380955,0.2123894660952381,0.7531227345133683,0,0,0,0
USDT,wanUSDT,2024-04-04T00:00:00.000Z,2024-04-04,944211.33330167,944410.9970720247,731532.47879669,731692.1853011843,212678.85450498,212718.8117708405,0,0,788.51670456,788.7020523955765,0,0,0.42336419795714286,0.2642698574857143,0.7755517406691839,0,0,0,0
USDT,wanUSDT,2024-04-05T00:00:00.000Z,2024-04-05,973184.3648063,973440.4500557029,729055.54202892,729248.8383955564,244128.82277738,244191.6116601465,10719.5867057,10730.3062924057,682.97547333,683.1674343473111,472.33942076,472.81176018076,0.34070498486666667,0.20420834032380952,0.7491440519755566,0,0,0,0
USDT,wanUSDT,2024-04-06T00:00:00.000Z,2024-04-06,968425.31435011,968591.4874483728,722130.26690144,722254.0656779237,246295.04744867,246337.42177044906,0,0,643.351251,643.4589991293481,0,0,0.33047504827619045,0.19715142551904763,0.7456793910793946,0,0,0,0
USDT,wanUSDT,2024-04-07T00:00:00.000Z,2024-04-07,958121.95709018,958373.4845229905,722722.4004021001,722912.1298465285,235399.55668808,235461.35467646198,0,0,689.15342235,689.346153105847,0,0,0.35606226803333335,0.21486549024761906,0.7543114811204434,0,0,0,0
USDT,wanUSDT,2024-04-08T00:00:00.000Z,2024-04-08,959268.7430017,959461.8153785104,723325.76828142,723471.3471737667,235942.97472028,235990.46820474364,0,0,688.45664043,688.6077288575003,0,0,0.35524598654285716,0.2142954241047619,0.7540387391382694,0,0,0,0
USDT,wanUSDT,2024-04-09T00:00:00.000Z,2024-04-09,962880.51718298,962587.5826507674,724146.96425606,723926.6488166894,238733.55292692,238660.93383407808,0,0,679.70376146,679.496066177409,0,0,0.34934761959047617,0.2101851921857143,0.7520631493078712,0,0,0,0
USDT,wanUSDT,2024-04-10T00:00:00.000Z,2024-04-10,961514.64398729,961772.0382151565,724490.23738631,724684.4050353321,237024.40660098,237087.63317982445,0,0,686.2402947,686.4370216267137,0,0,0.3536107013952381,0.2131570816142857,0.7534903856367471,0,0,0,0
USDT,wanUSDT,2024-04-11T00:00:00.000Z,2024-04-11,960524.4228312902,960489.8940190937,725004.8919299501,724978.8670125122,235519.53090134,235511.0270065815,0,0,693.97024802,693.9458730274326,0,0,0.3575290653857143,0.21589081038571428,0.754801072498781,0,0,0,0
USDT,wanUSDT,2024-04-12T00:00:00.000Z,2024-04-12,960074.74299912,959855.8437197427,709911.11329966,709744.9701695142,250163.62969946,250110.8735502286,108301.55075411,108298.9515168919,660.11148304,659.9386661835086,7148.62445546,7148.452888473069,0.3150124746818182,0.18842073570454546,0.7393791583572348,0,0,0,0
USDT,wanUSDT,2024-04-13T00:00:00.000Z,2024-04-13,956958.23281083,956819.8791113461,636851.11292428,636747.7969970595,320107.11988655,320072.08211428655,43063.17048966,43080.32735450451,251.53427571,251.45101260012098,1903.69704721,1905.523315475485,0.11954671982380953,0.06432843855238095,0.6654971253234908,0,0,0,0
USDT,wanUSDT,2024-04-14T00:00:00.000Z,2024-04-14,956917.31067703,957358.7628174053,591543.95989613,591816.9888638546,365373.3507809,365541.7739535507,1943.5575,1943.5575,162.75775024,162.8305274395969,7.07705387,7.07705387,0.0757686533904762,0.03747076401904762,0.6181767020140103,0,0,0,0
USDT,wanUSDT,2024-04-15T00:00:00.000Z,2024-04-15,961807.16385323,962264.5732350851,605853.24256384,606141.5511339428,355953.92128939,356123.0221011423,0,0,166.46730731,166.54468745426715,0,0,0.07626381195714285,0.0384376644,0.629906048224775,0,0,0,0
USDT,wanUSDT,2024-04-16T00:00:00.000Z,2024-04-16,952195.14782628,952009.6450854328,620486.98359094,620364.8253836966,331708.16423534,331644.81970173615,0,0,183.70543696,183.6655338095475,0,0,0.08307262642857142,0.043328602171428574,0.6516438259131938,0,0,0,0
USDT,wanUSDT,2024-04-17T00:00:00.000Z,2024-04-17,946470.32182767,946610.6623344911,622059.54505655,622151.7800796157,324410.77677112,324458.8822548755,0,0,211.75119905,211.7867787858596,0,0,0.09447146682857142,0.04967245299523809,0.657241468632111,0,0,0,0
USDT,wanUSDT,2024-04-18T00:00:00.000Z,2024-04-18,946633.43636856,946984.2376655468,629222.6199783899,629456.4394898157,317410.81639017,317527.7981757311,0,0,249.00220698,249.09735311299787,0,0,0.11271023274285714,0.05999172706666667,0.6646948566679244,0,0,0,0
USDT,wanUSDT,2024-04-19T00:00:00.000Z,2024-04-19,945460.2947144799,945773.4808202828,677762.97165765,677997.251226939,267697.32305683,267776.2295933438,15000,15000,536.99534764,537.2387504027142,15000,15000,0.25382482113809524,0.14936733955714285,0.7169069967069307,0,0,0,0
USDT,wanUSDT,2024-04-20T00:00:00.000Z,2024-04-20,944423.73159683,944810.1173070781,709012.12282571,709302.2027678175,235411.60877112,235507.9145392606,0,0,767.6499108,767.9745691904526,0,0,0.3453972259238095,0.2074414821142857,0.7507351750201354,0,0,0,0
USDT,wanUSDT,2024-04-21T00:00:00.000Z,2024-04-21,945001.7226694899,945084.0995175764,709590.11389837,709651.9650961868,235411.60877112,235432.13442138952,0,0,787.04976898,787.128128332142,0,0,0.34585015985238093,0.2077556909190476,0.7508876327553413,0,0,0,0
USDT,wanUSDT,2024-04-22T00:00:00.000Z,2024-04-22,945586.0144044901,945931.5124582676,710364.8818238501,710624.4237889338,235221.13258064,235307.0886693339,0,0,771.65945278,771.9525291037207,0,0,0.34690700543333336,0.20848962822857142,0.7512429499829849,0,0,0,0
USDT,wanUSDT,2024-04-23T00:00:00.000Z,2024-04-23,946167.67720059,946429.4655750883,712541.78271518,712739.0670683987,233625.89448541,233690.39850668953,0,0,784.15205991,784.3833331535186,0,0,0.35238795292857145,0.21230321238095237,0.7530817994358473,0,0,0,0
USDT,wanUSDT,2024-04-24T00:00:00.000Z,2024-04-24,946768.14885802,946433.3826992472,713856.5400869,713604.1137273422,232911.60877112,232829.26897190494,0,0,809.31734954,809.0340412704971,0,0,0.35510901545238094,0.2141997671047619,0.7539929736360728,0,0,0,0
USDT,wanUSDT,2024-04-25T00:00:00.000Z,2024-04-25,965541.8210284901,965493.8678622075,714447.64988823,714405.1653593904,251094.17114026,251088.702502817,0,0,726.55851736,726.4872205837829,0,0,0.31640966674285714,0.18828584029047618,0.7404618656217615,0,0,0,0
USDT,wanUSDT,2024-04-26T00:00:00.000Z,2024-04-26,1002367.35546997,1002409.3038387527,714908.05959144,714937.9757354094,287459.29587853,287471.3281033432,0,0,570.41326757,570.4334962671896,0,0,0.23845152784285714,0.13605464738095238,0.7132196110573195,0,0,0,0
USDT,wanUSDT,2024-04-27T00:00:00.000Z,2024-04-27,1002753.82265727,1002223.8507483698,709778.16590586,709402.2466365795,292975.65675141,292821.6041117903,13560.70169999,13551.257488610008,520.86312472,520.5848710638206,263.78635242,263.57839521704994,0.22394018393333334,0.12691058785714285,0.7078292719476539,205.0070811,204.8549658458238,2.39636,1.11308286004
USDT,wanUSDT,2024-04-28T00:00:00.000Z,2024-04-28,1003135.2828697701,1002694.3005666436,723633.6596627401,723315.5465701153,279501.62320703,279378.75399652834,0,0,609.79370134,609.5219869496632,0,0,0.26094425334285715,0.15059041089523809,0.721371942741688,10,9.99629,2.17224,1.01344553856
USDT,wanUSDT,2024-04-29T00:00:00.000Z,2024-04-29,1003584.2849730101,1003392.7907087775,723512.038672,723373.9848597164,280072.24630101,280018.80584906106,626.39854241,626.3240009834532,607.66083488,607.5460084633568,104.01944493,104.0070666160533,0.259708850052381,0.14978511314285714,0.7209280223202594,0,0,0,0
USDT,wanUSDT,2024-04-30T00:00:00.000Z,2024-04-30,1004044.38354448,1003205.2881146936,723390.98138603,722786.7136853591,280653.40215845,280418.5744293345,2992.050008,2992.050008,619.24538038,618.7431409893454,13.43170311,13.43170311,0.2584577622761905,0.14897197010952382,0.720477149252439,21,20.992293,2.36188,1.02925534264
USDT,wanUSDT,2024-05-01T00:00:00.000Z,2024-05-01,1004497.8385501201,1003272.5095582039,723536.22858174,722653.6326166124,280961.60996838,280618.87694159144,0,0,452.75042091,452.2027156071787,0,0,0.2579535293809524,0.1486424114904762,0.7202964465976641,0,0,0,0
USDT,wanUSDT,2024-05-02T00:00:00.000Z,2024-05-02,1005670.28152232,1005236.0286530219,725418.34949325,725105.6337076653,280251.93202907,280130.39494535665,0,0,458.14421294,457.95344049690357,0,0,0.26082726885238094,0.15051786913809523,0.7213278528363234,30,29.99208,2.17224,0.98418112128
USDT,wanUSDT,2024-05-03T00:00:00.000Z,2024-05-03,1006359.9432499101,1006405.2193261802,727585.7379578301,727618.6075355862,278774.20529208,278786.61179059395,0,0,466.50086091,466.5214916486637,0,0,0.2654509496333333,0.1535349816809524,0.7229875441915109,27.5,27.5275,2.17224,1.01663221464
USDT,wanUSDT,2024-05-04T00:00:00.000Z,2024-05-04,1006839.44135322,1007044.0467030414,730684.2836801901,730832.7769320214,276155.15767303,276211.26977102004,0,0,492.27055464,492.366079405949,0,0,0.2731092112285714,0.15856082139523808,0.7257207537838094,0,0,0,0
USDT,wanUSDT,2024-05-05T00:00:00.000Z,2024-05-05,1007324.1952943001,1007460.3877899656,731169.03762127,731267.8834194217,276155.15767303,276192.5043705439,0,0,481.99148265,482.04619231628925,0,0,0.2734802654380952,0.15880512437142857,0.7258527450459585,0,0,0,0
USDT,wanUSDT,2024-05-06T00:00:00.000Z,2024-05-06,1008053.4775245099,1008051.1148656022,731656.5573187099,731654.8541409156,276396.9202058,276396.2607246866,2090.49886589,2090.383888452376,482.23000399,482.22895893871515,433.39458839,433.3707516876386,0.27336394262380953,0.15872860016190476,0.7258113320923079,21.1004228,21.099262276746,6.70636,3.08688385712
USDT,wanUSDT,2024-05-07T00:00:00.000Z,2024-05-07,999789.66366254,999702.8313773114,732182.5239088901,732119.9029267306,267607.13975365,267582.92845058086,900,899.3439,507.40675564,507.37090079453316,0.030592,0.030569698432,0.2923619321047619,0.17148100623809523,0.7324360639784058,10,9.99271,2.17224,0.97679767752
USDT,wanUSDT,2024-05-08T00:00:00.000Z,2024-05-08,987409.23154852,987411.67690569,732691.74646037,732693.5192800203,254717.48508815,254718.1576256697,0,0,554.79382286,554.8078106249814,0,0,0.3198030153047619,0.18984509793333335,0.7420352173277311,0,0,0,0
USDT,wanUSDT,2024-05-09T00:00:00.000Z,2024-05-09,988480.33218876,988316.3004089262,733247.6850239501,733126.00970961,255232.64716481,255190.29069931622,0,0,553.80038072,553.7103191236639,0,0,0.31909568243333336,0.1893623297952381,0.7417928860148802,0,0,0,0
USDT,wanUSDT,2024-05-10T00:00:00.000Z,2024-05-10,989059.5921987001,988908.7839717569,734136.46884341,734024.5249229575,254923.12335529,254884.25904879943,0,0,569.32942534,569.2415257696687,0,0,0.32044841194285717,0.19028433401904762,0.7422570075756352,7,6.998703,4.34448,1.98001631016
USDT,wanUSDT,2024-05-11T00:00:00.000Z,2024-05-11,989701.8571643401,989380.6248588228,735069.2099995301,734830.624176064,254632.64716481,254550.00068275878,0,0,559.27396208,559.0891089679619,0,0,0.32179212753333336,0.19120060146190476,0.7427178172480984,0,0,0,0
USDT,wanUSDT,2024-05-12T00:00:00.000Z,2024-05-12,990255.40082253,989879.0088974673,735622.75365772,735343.1476018446,254632.64716481,254535.86129562266,0,0,547.3029812,547.1004861132639,0,0,0.32221189576,0.19148708879,0.7428616359983645,0,0,0,0
USDT,wanUSDT,2024-05-13T00:00:00.000Z,2024-05-13,987663.2158979401,987422.8658022148,728624.3228006801,728446.6096029142,259038.89309726,258976.2561993006,27297.45146321,27291.40116272321,537.84482608,537.7122624407509,13824.23297858,13821.14339709026,0.30755609063333333,0.18172821673333334,0.7377079957964471,0,0,0,0
USDT,wanUSDT,2024-05-14T00:00:00.000Z,2024-05-14,990665.78376166,990360.5114382226,709248.92653777,709030.667769511,281416.85722389,281329.8436687116,0,0,426.53704306,426.40211535024497,0,0,0.2459757191904762,0.14091223466190475,0.7159493984456615,0,0,0,0
USDT,wanUSDT,2024-05-15T00:00:00.000Z,2024-05-15,973156.9259337999,972938.9560941982,710261.1917401099,710104.8772003781,262895.73419369,262834.0788938201,0,0,494.08079836,493.98533878347024,0,0,0.2855758414857143,0.1670390034952381,0.730007030436314,8,7.995552,2.17224,0.9301857516
USDT,wanUSDT,2024-05-16T00:00:00.000Z,2024-05-16,964814.66915586,965043.0294994126,714596.66923993,714766.4060854058,250217.99991593,250276.62341400678,0,0,546.08074413,546.2026104773557,0,0,0.3158087234952381,0.1871377264095238,0.740656627326186,50,50,2.17224,0.9986004504
USDT,wanUSDT,2024-05-17T00:00:00.000Z,2024-05-17,965356.7792980201,965480.034640941,715379.56197892,715470.9805060842,249977.2173191,250009.05413485676,0,0,538.50770612,538.5870758489947,0,0,0.3169464187238095,0.18790353076666666,0.7410521763175109,0,0,0,0
USDT,wanUSDT,2024-05-18T00:00:00.000Z,2024-05-18,965886.3642084,966175.9487416224,713794.81398187,714008.8030048794,252091.55022653,252167.14573674297,0,0,529.79453146,529.9457905544608,0,0,0.3110013899285714,0.18386530183333333,0.7390049749280416,0,0,0,0
USDT,wanUSDT,2024-05-19T00:00:00.000Z,2024-05-19,966407.7408079399,966300.4640573073,714188.9102563299,714109.6297958886,252218.83055161,252190.83426141876,0,0,530.08265707,530.0302985421863,0,0,0.311027622,0.183883031235,0.739014056206324,0,0,0,0
USDT,wanUSDT,2024-05-20T00:00:00.000Z,2024-05-20,966947.03947316,966944.9033799763,715344.40655205,715343.1880744194,251602.63292111,251601.71530555695,1430,1431.43,545.9669714,545.9664727048731,0.10731456,0.10742187456,0.3132995657,0.18542564287619048,0.7397967531349162,45.5,45.456757,4.34448,2.07981770472
USDT,wanUSDT,2024-05-21T00:00:00.000Z,2024-05-21,967476.7174309001,967112.1384257339,716065.13669245,715795.3508049081,251411.58073845,251316.78762082575,2985.94867151,2984.864772142242,536.67285358,536.4741727909667,49.68651171,49.66847550624927,0.31428517124761907,0.18609381896666666,0.7401368575292696,10,9.99996,2.17224,1.09329056424
USDT,wanUSDT,2024-05-22T00:00:00.000Z,2024-05-22,968002.59084011,967799.0355164474,716937.33082932,716786.5702480118,251065.26001079,251012.46526843548,0,0,539.11594288,538.9954866851306,0,0,0.315730042,0.18707277392380953,0.7406357496275673,0,0,0,0
USDT,wanUSDT,2024-05-23T00:00:00.000Z,2024-05-23,968352.8121197,967492.0330954345,717478.76105015,716840.9732181352,250874.05106955,250651.05987729933,0,0,553.39646889,552.9086985538145,0,0,0.3165763884190476,0.1876480017809524,0.7409270109142374,0,0,0,0
USDT,wanUSDT,2024-05-24T00:00:00.000Z,2024-05-24,968882.6144077099,968706.6536243053,718003.45336081,717873.0638487801,250879.1610469,250833.5897755252,0,0,516.64066852,516.5422318657478,0,0,0.31697290965,0.18791762214,0.7410634044192179,0,0,0,0
USDT,wanUSDT,2024-05-25T00:00:00.000Z,2024-05-25,969404.1859091399,969105.0590200087,716444.3365283599,716223.0792213543,252959.84938078,252881.97979865436,0,0,538.03809706,537.8724875432392,0,0,0.311275976452381,0.18413041347142858,0.7390567142633164,0,0,0,0
USDT,wanUSDT,2024-05-26T00:00:00.000Z,2024-05-26,969813.07631534,969389.3311170981,698009.03867476,697704.0459548682,271804.03764058,271685.2851622299,0,0,460.25095183,460.05027918176506,0,0,0.25639694217142855,0.14763041656190476,0.7197356387973184,0,0,0,0
USDT,wanUSDT,2024-05-27T00:00:00.000Z,2024-05-27,969976.12085329,969276.3460019884,698449.45505648,697945.5479035755,271526.66579681,271330.7980984129,0,0,451.47330174,451.1515066941824,0,0,0.25732132393809526,0.14823129978095237,0.7200687261110604,0,0,0,0
USDT,wanUSDT,2024-05-28T00:00:00.000Z,2024-05-28,970275.7549838,969223.8570959055,698887.77510888,698130.0876376441,271387.97987492,271093.7694582613,0,0,452.80259981,452.3154709592807,0,0,0.25795808604761905,0.14864537576666667,0.720298087263261,0,0,0,0
USDT,wanUSDT,2024-05-29T00:00:00.000Z,2024-05-29,970736.12575169,969563.4436932738,701431.05254344,700583.7589713571,269305.07320825,268979.6847219167,0,0,475.10024507,474.5173533261642,0,0,0.2643045140722222,0.1527863213388889,0.7225763410040851,35,34.9493,4.72376,2.1659974822
USDT,wanUSDT,2024-05-30T00:00:00.000Z,2024-05-30,971175.18385593,970541.1535810186,702286.56398101,701828.092366437,268888.61987492,268713.06121458166,0,0,467.99956891,467.6989667418293,0,0,0.2658497881809524,0.15379531094285714,0.7231306677084632,0,0,0,0
USDT,wanUSDT,2024-05-31T00:00:00.000Z,2024-05-31,875598.9046424299,874939.3620243294,702840.78410689,702288.3007753089,172758.12053554,172651.06124902054,0,0,822.85832348,822.071135551378,0,0,0.5495833406285714,0.36935285463809525,0.809190823472932,0,0,0,0
USDT,wanUSDT,2024-06-01T00:00:00.000Z,2024-06-01,787096.3809384999,786334.2145969146,694747.11507978,694074.1768596439,92349.26585872,92260.03773727072,2328.42744552,2326.746320904334,1170.70040612,1169.5957860393048,9.64186103,9.63489960633634,0.803425825075,0.56857474384,0.8831121736326164,0,0,0,0
USDT,wanUSDT,2024-06-02T00:00:00.000Z,2024-06-02,781572.14857061,781179.3983147987,683296.98197279,682956.7660871644,98275.16659782,98222.63222763434,0,0,1175.70695044,1175.1716098261575,0,0,0.7721469951619048,0.5424698018238095,0.8747731466694979,0,0,0,0
USDT,wanUSDT,2024-06-03T00:00:00.000Z,2024-06-03,798414.70596507,798156.7025000216,665822.58614535,665606.7250867998,132592.11981972,132549.97741322167,50019.73522444,50007.48019195777,981.40519162,981.0702297429286,8218.05233769,8216.27577764546,0.6185837214095238,0.41401661777142856,0.8339472430522733,0,0,0,0
USDT,wanUSDT,2024-06-04T00:00:00.000Z,2024-06-04,799963.90159553,800127.2445614284,624161.13462304,624288.588709795,175802.76697249,175838.6558516334,0,0,671.33652185,671.4704525801387,0,0,0.43594440814761903,0.27211183711904763,0.7802366143085986,0,0,0,0
USDT,wanUSDT,2024-06-05T00:00:00.000Z,2024-06-05,800583.76981589,800584.238409867,624781.0028434,624781.3709786531,175802.76697249,175802.867431214,0,0,672.67107957,672.6697409785734,0,0,0.4364839513714286,0.2725080307190476,0.7804067701276463,0,0,0,0
USDT,wanUSDT,2024-06-06T00:00:00.000Z,2024-06-06,801203.52739452,801004.3408951801,625400.76042203,625245.2734676233,175802.76697249,175759.06742755685,0,0,674.03488277,673.866167742494,0,0,0.4370227666666667,0.27290381388095236,0.7805766326848855,0,0,0,0
USDT,wanUSDT,2024-06-07T00:00:00.000Z,2024-06-07,799592.7693982201,799166.8741631228,626024.18922943,625690.4062199137,173568.58016879,173476.4679432091,0,0,683.30481614,682.9394803321601,0,0,0.4445443399571429,0.27845346587142855,0.7829351648284366,0,0,0,0
USDT,wanUSDT,2024-06-08T00:00:00.000Z,2024-06-08,805381.09205363,805152.442838535,626531.04534153,626351.8790503884,178850.0467121,178800.56378814657,4758.4233,4758.4233,669.83565157,669.6355710216724,814.07674741,814.07674741,0.4293328026666667,0.2674594783952381,0.7780470533952483,0,0,0,0
USDT,wanUSDT,2024-06-09T00:00:00.000Z,2024-06-09,818216.0155346,818107.9704815483,619761.30829937,619679.4685236088,198454.70723523,198428.5019579396,2692.1246,2691.9576882748,575.59475567,575.5208729455885,0,0,0.36550462721,0.221482471835,0.7574543901504804,0,0,0,0
USDT,wanUSDT,2024-06-10T00:00:00.000Z,2024-06-10,818778.6713277001,818489.8826587081,613227.9741059301,613014.0475337026,205550.69722177,205475.83512500563,29750,29746.0135,556.6346786,556.4616180741792,1618.21028256,1617.993442382137,0.3408693933285714,0.20477824045238094,0.7489539309095842,1,0.998683,2.17224,0.9558290448
USDT,wanUSDT,2024-06-11T00:00:00.000Z,2024-06-11,818841.5522378699,818346.0420719264,590979.60133506,590621.9831643403,227861.95090281,227724.0589075862,242.15022042,242.006625339291,401.26463647,401.0429495959552,22.15022042,22.13708533929094,0.261931425975,0.15123428502,0.7217264527595946,0,0,0,0
USDT,wanUSDT,2024-06-12T00:00:00.000Z,2024-06-12,819380.8752734299,819319.6804784331,591191.3579959499,591147.2878197887,228189.51727748,228172.39265864447,0,0,410.23616819,410.1898284822308,0,0,0.2613292931619048,0.15084174076190476,0.7215101111880828,0,0,0,0
USDT,wanUSDT,2024-06-13T00:00:00.000Z,2024-06-13,820527.00162016,820381.7141317504,591565.2789855399,591460.5286249759,228961.72263462,228921.1855067745,0,0,408.23038723,408.1560582760807,0,0,0.25979144392380954,0.14983892035238094,0.7209577184535516,0,0,0,0
USDT,wanUSDT,2024-06-14T00:00:00.000Z,2024-06-14,820865.23712188,820290.3002937868,590714.47116729,590300.3865064428,230150.76595459,229989.913787344,7313.27831103,7310.521916036224,423.01604411,422.71893064820927,117.88942409,117.75706465158429,0.2561175938954545,0.14746793691818183,0.719624369879384,0,0,0,0
USDT,wanUSDT,2024-06-15T00:00:00.000Z,2024-06-15,821121.48707731,820621.7512180419,584986.83701372,584630.8138124796,236134.65006359,235990.93740556232,0,0,353.73196983,353.51558157295534,0,0,0.23627907606,0.13466493517,0.71242430475212,0,0,0,0
USDT,wanUSDT,2024-06-16T00:00:00.000Z,2024-06-16,820556.54217512,820075.9327977558,585355.22544485,585012.3792672884,235201.31673027,235063.5535304675,0,0,383.7270532,383.50554922591056,0,0,0.23884547794761904,0.13630696414761906,0.7133636591302897,1,0.999688,2.17224,0.90434044008
USDT,wanUSDT,2024-06-17T00:00:00.000Z,2024-06-17,820875.4020501199,820088.4919034587,585708.8618924499,585147.3896223488,235166.54015767,234941.10228110984,710,707.83308,375.8600594,375.5066385847746,234.99115625,234.273963241125,0.23926596352857143,0.13657633896190477,0.7135173749377914,6.0212068,6.0028300768464,2.36188,0.953077627
USDT,wanUSDT,2024-06-18T00:00:00.000Z,2024-06-18,820108.69269122,819639.1924306677,577981.67267012,577651.5669878871,242127.0200211,241987.62544278053,22102.04994275,22094.804046455494,358.36472059,358.1640736402051,980.81200438,980.441980049386,0.21579899040476191,0.12185676859047619,0.7047618847540865,0,0,0,0
USDT,wanUSDT,2024-06-19T00:00:00.000Z,2024-06-19,819214.74279487,819080.8240547813,567326.36444119,567233.6820348015,251888.37835368,251847.14201997995,0,0,281.36161122,281.31465284593065,0,0,0.18314297137,0.101466386785,0.6925254508672976,1.1,1.1,2.36188,0.910445693
USDT,wanUSDT,2024-06-20T00:00:00.000Z,2024-06-20,818774.08603786,818285.2592543247,567740.79542391,567401.8072550165,251033.29061395,250883.4519993082,1100,1099.0584,291.80726492,291.63656784218097,0.05210937,0.05206476437928,0.185437212805,0.10286659684,0.6934034694585592,12,11.993496,2.17224,0.84986283312
USDT,wanUSDT,2024-06-21T00:00:00.000Z,2024-06-21,819027.46009549,818164.3180720693,568021.14757466,567422.5160380393,251006.31252083,250741.80203402994,0,0,292.4053873,292.09614280470004,0,0,0.18577133961,0.103070682245,0.693531248218607,3,2.992638,2.17224,0.82000539432
USDT,wanUSDT,2024-06-22T00:00:00.000Z,2024-06-22,819203.87585453,818743.7258115229,568467.09328608,568147.7835003914,250736.78256845,250595.94231113154,0,0,294.21780716,294.0532590874555,0,0,0.18680582245714286,0.10370357603333333,0.6939262728852913,0,0,0,0
USDT,wanUSDT,2024-06-23T00:00:00.000Z,2024-06-23,819629.2304882,819196.1019874755,568737.6144646,568437.0691942243,250891.6160236,250759.03279325122,0,0,301.08432402,300.9257641776953,0,0,0.18672704996666667,0.10365535498095238,0.693896209202993,0,0,0,0
USDT,wanUSDT,2024-06-24T00:00:00.000Z,2024-06-24,822974.2860568301,822028.4512436672,569005.32457267,568352.5039044952,253968.96148416,253675.94733917204,0,0,292.53685098,292.20453588488687,0,0,0.18026531004285715,0.09972814637619047,0.6914138107925297,0,0,0,0
USDT,wanUSDT,2024-06-25T00:00:00.000Z,2024-06-25,827012.0363606601,826700.7324730899,569212.8142952301,568998.571148027,257799.22206543,257702.161325063,300,300,273.17912989,273.0701421280144,0.83790344,0.83790344,0.172093529965,0.09475836652,0.6882763463133253,0,0,0,0
USDT,wanUSDT,2024-06-26T00:00:00.000Z,2024-06-26,827126.60480802,826921.6453565304,569194.91502294,569053.8683291088,257931.68978508,257867.77702742166,0,0,260.01551583,259.94416266852863,0,0,0.17179077294210526,0.09457554372105263,0.6881593579867444,0,0,0,0
USDT,wanUSDT,2024-06-27T00:00:00.000Z,2024-06-27,827398.3923833,826493.399264806,569466.70259822,568843.8260585414,257931.68978508,257649.5732062645,0,0,292.22840302,291.92489806150195,0,0,0.17205581292941177,0.09473555532352941,0.6882617924532972,0,0,0,0
USDT,wanUSDT,2024-06-28T00:00:00.000Z,2024-06-28,827628.79526742,826315.1537908313,569697.10548234,568792.8531837782,257931.68978508,257522.30060705313,0,0,260.92413748,260.51281956955444,0,0,0.172280407185,0.09487117993000001,0.6883485772396212,0,0,0,0
USDT,wanUSDT,2024-06-29T00:00:00.000Z,2024-06-29,827716.9647619999,826445.8188209772,569941.78086728,569066.5225742658,257775.18389472,257379.29624671137,0,0,280.95828024,280.5263604521348,0,0,0.17285592100952382,0.09521887398095238,0.6885708669242205,0,0,0,0
USDT,wanUSDT,2024-06-30T00:00:00.000Z,2024-06-30,827873.27588213,826594.9684554564,570194.40330455,569313.9765979812,257678.87257758,257280.9918574752,0,0,281.8114168,281.3803308615394,0,0,0.17330944793809525,0.09549295178095238,0.6887459927825568,0,0,0,0
USDT,wanUSDT,2024-07-01T00:00:00.000Z,2024-07-01,828125.8529800801,827192.7268844122,570446.9804025,569804.2093145371,257678.87257758,257388.51756987508,0,0,248.93012354,248.6482716393045,0,0,0.17355539198095238,0.09564164691428571,0.6888409248063738,0,0,0,0
USDT,wanUSDT,2024-07-02T00:00:00.000Z,2024-07-02,744064.39538581,743076.9181641219,570760.17788561,569987.7389326196,173304.2175002,173089.17923150235,0,0,496.97481572,496.24645032320024,0,0,0.452125320745,0.300398886205,0.7769163298980657,0,0,0,0
USDT,wanUSDT,2024-07-03T00:00:00.000Z,2024-07-03,661149.04974016,660181.0798616622,571522.42293226,570685.6753821559,89626.6268079,89495.40447950634,0,0,873.46144453,872.1651492792921,0,0,0.7293088937333333,0.504353935752381,0.8644381127280707,0,0,0,0
USDT,wanUSDT,2024-07-04T00:00:00.000Z,2024-07-04,663743.31747753,663387.1608798611,572373.82586853,572066.3885300036,91369.491609,91320.77234985743,0,0,829.27683706,828.8601398567465,0,0,0.72140008337,0.497706178095,0.8623527535362215,0,0,0,0
USDT,wanUSDT,2024-07-05T00:00:00.000Z,2024-07-05,667446.82520823,667028.9188224578,571750.40505768,571392.7771192113,95696.42015055,95636.14170324657,7592.41094712,7584.703347691321,851.22353275,850.7185501792162,1520.10016377,1520.6642147318782,0.7001416266095238,0.48000017018095237,0.8566715631165734,10.51413776,10.508431331212861,4.34448,1.46778691248
USDT,wanUSDT,2024-07-06T00:00:00.000Z,2024-07-06,681204.68660449,681246.8493378012,568116.9237879401,568152.0858502197,113087.76281655,113094.7634875815,0,0,764.64731557,764.6820850695296,0,0,0.6168760389904762,0.4115740531285714,0.8339885545638143,0,0,0,0
USDT,wanUSDT,2024-07-07T00:00:00.000Z,2024-07-07,686423.88566184,686432.4205463222,568866.4816846,568873.9414542716,117557.40397724,117558.47909205074,0,0,731.12801623,731.1369677202119,0,0,0.5982716244095239,0.3966594136142857,0.8287432689828561,0,0,0,0
USDT,wanUSDT,2024-07-08T00:00:00.000Z,2024-07-08,688206.4656282599,688236.7876263503,569316.97230423,569342.0529090441,118889.49332403,118894.73471730626,830.41498187,830.2978933575563,708.94345961,708.9718189271032,155.61463258,155.59269091680625,0.59299074779,0.39244030704,0.8272474612558713,5.50393524,5.50315918513116,2.17224,0.73724087808
USDT,wanUSDT,2024-07-09T00:00:00.000Z,2024-07-09,689061.45295921,689028.1017321601,570018.93963565,569991.3539027469,119042.51332356,119036.74782941316,0,0,726.52833825,726.4841945816227,0,0,0.592962878552381,0.39241791606666665,0.8272396276754526,0,0,0,0
USDT,wanUSDT,2024-07-10T00:00:00.000Z,2024-07-10,690179.96555918,690117.2737638355,570756.61366244,570704.7767262489,119423.35189674,119412.49703758668,0,0,743.6055176,743.528684065882,0,0,0.5920085148666666,0.39165803294761903,0.8269680553001144,0,0,0,0
USDT,wanUSDT,2024-07-11T00:00:00.000Z,2024-07-11,692301.17908487,692341.3544572154,571491.70989551,571524.860408379,120809.46918936,120816.49404883644,0,0,739.32843874,739.3697070822651,0,0,0.5868421760809523,0.3875487712190476,0.8254958645754912,0,0,0,0
USDT,wanUSDT,2024-07-12T00:00:00.000Z,2024-07-12,693128.5660608,693264.0585687846,571582.96174511,571694.6143597957,121545.60431569,121569.4442089889,451.67964471,451.60963436507,704.60635248,704.7342331932324,30.64983272,30.6450819959284,0.58387206985,0.385200999605,0.8246424275327966,0,0,0,0
USDT,wanUSDT,2024-07-13T00:00:00.000Z,2024-07-13,699614.66337022,699705.4684100703,568668.07844594,568741.703010703,130946.58492428,130963.7653993673,0,0,682.1307717,682.2116332639193,0,0,0.5432237414238096,0.3532955789095238,0.8128522777825945,5,4.999745,2.17224,0.9528422148
USDT,wanUSDT,2024-07-14T00:00:00.000Z,2024-07-14,706317.04231214,706761.6670226849,568760.27655073,569118.1512046487,137556.76576141,137643.51581803625,0,0,670.20977183,670.6267161233391,0,0,0.5174716596952381,0.33335606076190477,0.8052486808142362,0,0,0,0
USDT,wanUSDT,2024-07-15T00:00:00.000Z,2024-07-15,707867.00081538,707866.3980869278,569420.57777914,569420.0860685596,138446.42303624,138446.31201836822,0,0,667.96251505,667.9770744139154,0,0,0.5146877082333333,0.33121906971904763,0.8044175026339658,0,0,0,0
USDT,wanUSDT,2024-07-16T00:00:00.000Z,2024-07-16,724355.51243437,724762.1574560858,570051.74348333,570368.9657614575,154303.76895104,154393.19169462836,0,0,587.11681472,587.4424621605415,0,0,0.46074361205,0.291355601915,0.7875294391858252,0,0,0,0
USDT,wanUSDT,2024-07-17T00:00:00.000Z,2024-07-17,751132.83529634,751251.2826620631,571429.59173964,571519.6612387088,179703.2435567,179731.6214233544,0,0,502.76767659,502.8422402151408,0,0,0.3754979155952381,0.2285303220095238,0.760757012208218,9,9.009,2.17224,0.95177998944
USDT,wanUSDT,2024-07-18T00:00:00.000Z,2024-07-18,749687.24871264,749506.5338183509,571885.3739038,571747.5004176106,177801.87480884,177759.03340074024,5486.91231424,5483.554323903685,521.98549726,521.856057957155,736.91231424,736.4613239036851,0.3818160838047619,0.23301031115714285,0.7628324068720022,0,0,0,0
USDT,wanUSDT,2024-07-19T00:00:00.000Z,2024-07-19,749814.15106052,749922.4619137037,569443.38783209,569525.5155290182,180370.76322843,180396.94638468546,0,0,500.64107856,500.7238541556854,0,0,0.37156970866666666,0.22578176536190475,0.7594472804507084,0,0,0,0
USDT,wanUSDT,2024-07-20T00:00:00.000Z,2024-07-20,750719.6561378501,751057.4493292782,566570.4785171701,566825.4038344186,184149.17762068,184232.04549485954,0,0,471.85216149,472.0768641599683,0,0,0.357236229665,0.215686127485,0.7547033210515922,0,0,0,0
USDT,wanUSDT,2024-07-21T00:00:00.000Z,2024-07-21,751718.66677844,751895.9500295108,567038.88222551,567172.6160772067,184679.78455293,184723.33395230415,0,0,493.21399442,493.33626523532234,0,0,0.3560975374809524,0.2148901283952381,0.7543232618711024,0,0,0,0
USDT,wanUSDT,2024-07-22T00:00:00.000Z,2024-07-22,752554.93771385,752520.7513824587,567517.44592837,567491.6480619945,185037.49178548,185029.1033204643,0,0,493.04539259,493.0235443182223,0,0,0.3554935813857143,0.21446867722857144,0.7541212866762802,0,0,0,0
USDT,wanUSDT,2024-07-23T00:00:00.000Z,2024-07-23,753692.70070042,753810.554350003,567184.97898417,567273.5963732263,186507.72171625,186536.95797677673,515.99543087,515.9949148745691,476.64214301,476.72553233261436,17.53075713,17.53073959924287,0.35077751114761907,0.21118251963333334,0.75254158620189,0,0,0,0
USDT,wanUSDT,2024-07-24T00:00:00.000Z,2024-07-24,754147.65453498,754299.878985766,566941.51688168,567055.9430159057,187206.1376533,187243.93596986032,0,0,462.78942437,462.87180061925613,0,0,0.348458797865,0.209567507345,0.7517645534231913,5.3,5.2968359,2.36188,0.98511180544
USDT,wanUSDT,2024-07-25T00:00:00.000Z,2024-07-25,897941.97388085,897621.7500705883,568086.11611381,567888.3940300336,329855.85776704,329733.3560405547,0,0,243.41701954,243.34429730060359,0,0,0.15337452412380953,0.08557386568571429,0.6398342481069291,11.11,11.1054449,2.17224,0.858414942
USDT,wanUSDT,2024-07-26T00:00:00.000Z,2024-07-26,1024151.68613561,1023987.4636972961,568905.49225615,568814.655116272,455246.19387946,455172.8085810241,0,0,112.5078261,112.4898178600071,0,0,0.07319444174761905,0.0326506770047619,0.5570741742606004,0,0,0,0
USDT,wanUSDT,2024-07-27T00:00:00.000Z,2024-07-27,1098725.40460258,1098903.9780490412,569167.00818987,569260.1501313699,529558.39641271,529643.8279176713,0,0,112.7550722,112.77172613895686,0,0,0.07160949285714285,0.029777611271428573,0.5193961029496519,4,3.999924,2.17224,0.922876164
USDT,wanUSDT,2024-07-28T00:00:00.000Z,2024-07-28,1263570.41675727,1263402.1581675,570590.91722115,570515.4551450721,692979.49953612,692886.7030224279,0,0,108.78646531,108.77191595693101,0,0,0.06881025223809524,0.024938162357142857,0.45270971428758694,14.4,14.397886,4.34448,1.79095322952
USDT,wanUSDT,2024-07-29T00:00:00.000Z,2024-07-29,1352597.02870803,1352594.4022743441,571024.51026317,571021.0895547895,781572.51844486,781573.3127195546,0,0,102.04100397,102.03913826442665,0,0,0.06754679309473684,0.022839423968421053,0.4225586016093458,0,0,0,0
USDT,wanUSDT,2024-07-30T00:00:00.000Z,2024-07-30,1390275.3087206301,1389963.5576184643,571126.90753148,570998.8407065143,819148.40118915,818964.71691195,0,0,106.06691157,106.04337222860956,0,0,0.06705449718095238,0.02203685981904762,0.4108013021352071,0,0,0,0
USDT,wanUSDT,2024-07-31T00:00:00.000Z,2024-07-31,1390239.4734636298,1389222.8167849695,571228.00421861,570810.1906692432,819011.46924502,818412.6261157262,0,0,101.26477938,101.1918496708748,0,0,0.0670579852,0.02204247779,0.41088464647451756,0,0,0,0
USDT,wanUSDT,2024-08-01T00:00:00.000Z,2024-08-01,1384827.01674081,1384169.2089207,571329.0288893699,571057.456616636,813497.98785144,813111.7523040641,0,0,106.1952821,106.1436565353299,0,0,0.06712835208571429,0.022155933052380953,0.4125659514450511,0,0,0,0
USDT,wanUSDT,2024-08-02T00:00:00.000Z,2024-08-02,1379199.52959979,1377922.3908497402,571430.7840916299,570901.6391999209,807768.74550816,807020.7516498194,0,0,103.91316067,103.81487569479827,0,0,0.067201791995,0.0222744697,0.4143206051536245,0,0,0,0
USDT,wanUSDT,2024-08-03T00:00:00.000Z,2024-08-03,1379134.78845199,1377953.364294924,571675.74978141,571186.0485451861,807459.03867058,806767.315749738,0,0,106.42119023,106.3309262088172,0,0,0.0672100481,0.022287816633333332,0.4145178502705848,9.5,9.4874455,4.53412,1.63393163708
USDT,wanUSDT,2024-08-04T00:00:00.000Z,2024-08-04,1375808.7068856899,1375087.25200166,573892.32282865,573591.3752383958,801916.38405704,801495.8767632642,1401.87645542,1400.728318603011,99.72361477,99.67152152860324,1.87645542,1.87491860301102,0.06731942743888888,0.022464819744444444,0.4171309053280742,18.96453852,18.9551510734326,2.36188,0.85643658304
USDT,wanUSDT,2024-08-05T00:00:00.000Z,2024-08-05,1348161.0366155398,1347560.4210370095,627879.86740882,627647.554811856,720281.16920672,719912.8662251534,3926.13865239,3922.1848526948206,120.8348236,120.78894320945469,195.91198303,195.57782674840183,0.06939693465238095,0.026022784666666667,0.4666437921178667,2064.59715004,2064.2671113704287,11.15428,3.5069403878400003
USDT,wanUSDT,2024-08-06T00:00:00.000Z,2024-08-06,1322989.5346553698,1323868.1184051975,948981.26241237,949663.1487525611,374008.272243,374204.96965263644,49499.9985,49549.4984985,672.10102759,672.7461972300111,76.40856508,76.48497364508,0.2818099101636364,0.168756532,0.7172861269360028,2500.74,2502.73955008,13.20584,4.33050515256
USDT,wanUSDT,2024-08-07T00:00:00.000Z,2024-08-07,1323110.6308591801,1323464.191901179,976258.0696957901,976518.8705591548,346852.56116339,346945.3213420243,25000,25000,693.64346082,693.8239650247159,94.23174254,94.23174254,0.307664904895,0.181608785635,0.7378507270328952,0,0,0,0
USDT,wanUSDT,2024-08-08T00:00:00.000Z,2024-08-08,1323704.02112348,1323838.521617283,951899.3333146,951996.0467987775,371804.68780888,371842.4748185056,0,0,605.52612971,605.5852014859164,0,0,0.25468472444285717,0.1465186900904762,0.7191179573808895,0,0,0,0
USDT,wanUSDT,2024-08-09T00:00:00.000Z,2024-08-09,1322988.6696779402,1323237.5844330476,952500.3962652801,952679.5861905189,370488.27341266,370557.9982425285,0,0,619.37416524,619.4805996706975,0,0,0.2570248016619048,0.14803918745238095,0.719961525095495,0,0,0,0
USDT,wanUSDT,2024-08-10T00:00:00.000Z,2024-08-10,1322524.94648898,1322570.1050613127,953102.66164772,953135.2003976593,369422.28484126,369434.9046636534,0,0,624.34913731,624.3694605038379,0,0,0.2589885724190476,0.14931605590952382,0.7206689511075006,0,0,0,0
USDT,wanUSDT,2024-08-11T00:00:00.000Z,2024-08-11,1326697.93414397,1327113.635730029,953700.40386673,953999.2929374331,372997.53027724,373114.3427925959,0,0,586.68212912,586.8659400473723,0,0,0.2539574109619048,0.14604892047142856,0.7188542117078686,0,0,0,0
USDT,wanUSDT,2024-08-12T00:00:00.000Z,2024-08-12,1328528.70592813,1328538.8556298027,954288.11428943,954295.4290427173,374240.5916387,374243.42658708524,0,0,612.08736304,612.0788108658609,0,0,0.2524413197047619,0.14506659791428572,0.7183061371204192,0,0,0,0
USDT,wanUSDT,2024-08-13T00:00:00.000Z,2024-08-13,1335095.3295278102,1335390.584231874,954865.4355965201,955076.6150052863,380229.89393129,380313.9692265878,0,0,579.277918,579.4031140005276,0,0,0.24388918377142857,0.1395444373,0.7152039399734557,0,0,0,0
USDT,wanUSDT,2024-08-14T00:00:00.000Z,2024-08-14,1335558.59782165,1335231.7394420286,955437.6730642901,955203.896496889,380120.92475736,380027.8429451397,0,0,580.69544023,580.547910774355,0,0,0.24438464873333332,0.13986317558095238,0.715384324402233,0,0,0,0
USDT,wanUSDT,2024-08-15T00:00:00.000Z,2024-08-15,1333518.6400103301,1331803.0602633953,956046.08518795,954817.4620196862,377472.55482238,376985.59824370913,0,0,588.98389873,588.247407649984,0,0,0.2486729118809524,0.14263366667619048,0.7169389936130743,2.45030516,2.44980039713704,2.36188,0.76342811052
USDT,wanUSDT,2024-08-16T00:00:00.000Z,2024-08-16,1329771.65498087,1330642.6284507802,956847.39225489,957474.1377490542,372924.26272598,373168.4907017259,0,0,606.01920623,606.4071051711236,0,0,0.2559033915142857,0.14730982212380953,0.7195576665126476,0,0,0,0
USDT,wanUSDT,2024-08-17T00:00:00.000Z,2024-08-17,1329959.4703756,1330093.1546701745,957448.2476496,957544.4758468141,372511.222726,372548.6788233604,0,0,622.56224312,622.6184301320568,0,0,0.2568747983333333,0.14794100461428572,0.7199078474582341,0,0,0,0
USDT,wanUSDT,2024-08-18T00:00:00.000Z,2024-08-18,1330070.7329939501,1330500.3387119363,959337.46883936,959647.3075507709,370733.26415459,370853.0311611653,0,0,617.35413732,617.563369609885,0,0,0.26065545376190474,0.15040245394285714,0.7212680033790151,15,14.996745,2.17224,0.72896681592
USDT,wanUSDT,2024-08-19T00:00:00.000Z,2024-08-19,1330157.83286261,1330039.259661352,959671.9523021299,959586.5105844812,370485.88056048,370452.7490768709,0,0,620.13742783,620.0669370550204,0,0,0.2612254729952381,0.15077507701428572,0.721472245678669,1,0.999941,2.36188,0.7940758654
USDT,wanUSDT,2024-08-20T00:00:00.000Z,2024-08-20,1330720.20669871,1330886.4713363843,957340.2338936201,957459.8444789746,373379.97280509,373426.62685740966,0,0,608.17472895,608.2629791292497,0,0,0.25551009198095237,0.14705492488095237,0.719415524311956,0,0,0,0
USDT,wanUSDT,2024-08-21T00:00:00.000Z,2024-08-21,1333455.03485663,1334349.7218491742,957934.93157528,958577.6557266953,375520.10328135,375772.0661224789,0,0,615.99181526,616.3795737636794,0,0,0.2526577701047619,0.14520460508095237,0.7183856278398153,0,0,0,0
USDT,wanUSDT,2024-08-22T00:00:00.000Z,2024-08-22,1333600.5248432602,1333927.6377878645,958531.1291809,958766.2205801662,375069.39566236,375161.41720769834,0,0,604.54588445,604.704669248285,0,0,0.25367782362380953,0.14586565305714286,0.7187543117195357,0,0,0,0
USDT,wanUSDT,2024-08-23T00:00:00.000Z,2024-08-23,1333717.65313357,1333841.9494878396,959121.96556637,959211.3970983834,374595.6875672,374630.55238945625,0,0,607.1754291,607.2450572974631,0,0,0.25472973558571427,0.14654792366190475,0.7191341905129093,0,0,0,0
USDT,wanUSDT,2024-08-24T00:00:00.000Z,2024-08-24,1333911.97824801,1334621.1198329437,959205.58773726,959715.7351111332,374706.39051075,374905.3847218106,2699.18081999,2701.88000080999,607.58733766,607.9040835579204,629.23933372,629.86857305372,0.25461460984285716,0.1464741708142857,0.7190921059433107,0,0,0,0
USDT,wanUSDT,2024-08-25T00:00:00.000Z,2024-08-25,1334088.89768277,1334599.133810218,957612.0895431599,957978.3254494118,376476.80813961,376620.8083608062,0,0,598.4008328,598.6243276198147,0,0,0.25104551556190474,0.14416085590952382,0.7178023042277644,0,0,0,0
USDT,wanUSDT,2024-08-26T00:00:00.000Z,2024-08-26,1333594.88873051,1334220.4281753916,668671.7715802,668993.0890926735,664923.11715031,665227.3390827182,0,0,220.68795648,220.81433686882667,0,0,0.07901596565714286,0.03318760036666667,0.5013998168520225,0,0,0,0
USDT,wanUSDT,2024-08-27T00:00:00.000Z,2024-08-27,1333567.72648928,1333353.8028090924,654328.15677705,654223.1891552666,679239.56971223,679130.6136538258,0,0,181.88126082,181.8498096543745,0,0,0.07040185841904761,0.02763469301904762,0.49065986350554647,0,0,0,0
USDT,wanUSDT,2024-08-28T00:00:00.000Z,2024-08-28,1333778.9779685698,1333807.62266855,654466.61720892,654480.6638813022,679312.36075965,679326.9587872478,0,0,181.98014566,181.979346636486,0,0,0.07040295397142857,0.027636592876190476,0.49068595947454224,16.2098021,16.2223021,6.70636,2.3399315663599998
USDT,wanUSDT,2024-08-29T00:00:00.000Z,2024-08-29,1333800.30065611,1334063.4936254886,672422.27511915,672553.5946235067,661378.02553696,661509.8990019821,2064.86200001,2064.783535254,186.74427337,186.77994451975542,10.04953223,10.04915034777526,0.0709679571,0.028623197014285715,0.5041401231479219,203.33063522,203.33063522,2.39636,0.84398121748
USDT,wanUSDT,2024-08-30T00:00:00.000Z,2024-08-30,1214814.6799105802,1214664.9918314074,673389.4385659201,673339.9956843964,541425.24134466,541324.9961470112,0,0,200.00478019,199.9898966566829,0,0,0.07463096702380953,0.03384076916190476,0.5625961027941735,0,0,0,0
USDT,wanUSDT,2024-08-31T00:00:00.000Z,2024-08-31,1104001.5629582,1103868.5118217466,673582.3623861,673480.9302599342,430419.2005721,430387.5815618124,0,0,208.87127312,208.8371270234014,0,0,0.07928260115714285,0.03938064044761905,0.6172722029054628,11.25,11.24524125,2.36188,0.81808909936
USDT,wanUSDT,2024-09-01T00:00:00.000Z,2024-09-01,1331234.5685604701,1330972.5001957156,838390.3348995601,838232.0021044113,492844.23366091,492740.49809130444,0,0,285.4625088,285.4106136425099,0,0,0.08993593058636364,0.04572410402272727,0.6297832360306473,1999.2,1999.2,4.79272,1.65215123112
USDT,wanUSDT,2024-09-02T00:00:00.000Z,2024-09-02,1331281.23842433,1331332.7567991684,874955.0622179301,874988.9135958555,456326.1762064,456343.84320331307,0,0,282.13001574,282.14748066616954,0,0,0.0944384887,0.049654087165,0.6572278179355296,0,0,0,0
USDT,wanUSDT,2024-09-03T00:00:00.000Z,2024-09-03,1331317.27203442,1331140.6483104294,874787.47046704,874671.4503970131,456529.80156738,456469.19791341625,0,0,308.95240128,308.91056085490254,0,0,0.09409171695714286,0.04946118630476191,0.6570841471124944,0.8144144,0.81472323462,4.72376,1.55325023004
USDT,wanUSDT,2024-09-04T00:00:00.000Z,2024-09-04,1331382.99486071,1331341.284203522,874343.35190639,874315.9800789256,457039.64295432,457025.3041245962,0,0,292.3805923,292.37174871759015,0,0,0.09320759945238095,0.048968900247619046,0.6567181309030029,0,0,0,0
USDT,wanUSDT,2024-09-05T00:00:00.000Z,2024-09-05,1331415.53118677,1330887.7521064584,874556.31692286,874209.6234422441,456859.21426391,456678.1286642143,0,0,293.49884448,293.3957829357945,0,0,0.09355498622,0.04916217787,0.6568620358687866,0,0,0,0
USDT,wanUSDT,2024-09-06T00:00:00.000Z,2024-09-06,1331469.7337646899,1330616.4732759094,874293.91815491,873733.8102584619,457175.81560978,456882.66301744763,0,0,299.20290176,299.0222278440814,0,0,0.09301526697368422,0.04886228391578947,0.6566382225798965,0,0,0,0
USDT,wanUSDT,2024-09-07T00:00:00.000Z,2024-09-07,1331501.7294357,1331227.1740266937,873661.3635902,873481.2119782679,457840.3658455,457745.9620484259,0,0,275.02818133,274.9702165381835,0,0,0.091830875705,0.048203675,0.6561473748023191,0,0,0,0
USDT,wanUSDT,2024-09-08T00:00:00.000Z,2024-09-08,1331529.26406737,1331513.4162002364,873869.295198,873858.8980993353,457659.96886937,457654.5181009011,0,0,296.28256025,296.28523135659935,0,0,0.09217465528095238,0.04839464419047619,0.6562899655436906,0,0,0,0
USDT,wanUSDT,2024-09-09T00:00:00.000Z,2024-09-09,1331578.46455007,1332038.490876454,874084.65425207,874386.6378124384,457493.810298,457651.8530640154,0,0,297.37727304,297.4821341549033,0,0,0.09250622487142857,0.048578903476190476,0.6564274484783279,0,0,0,0
USDT,wanUSDT,2024-09-10T00:00:00.000Z,2024-09-10,1331642.08726713,1331654.012811974,874296.41492146,874304.2339914988,457345.67234567,457349.77882047516,0,0,284.83375424,284.83388127195997,0,0,0.09281419481,0.048750110785,0.6565551084588113,0,0,0,0
USDT,wanUSDT,2024-09-11T00:00:00.000Z,2024-09-11,1331690.03335567,1331272.0078514135,874506.17781948,874231.6595342109,457183.85553619,457040.34831720253,0,0,299.46557302,299.37328013245235,0,0,0.09313725781904762,0.04892977340952381,0.6566889861872643,0,0,0,0
USDT,wanUSDT,2024-09-12T00:00:00.000Z,2024-09-12,1329682.78917772,1329918.0278127678,874669.7003703101,874824.1401271598,455013.08880741,455093.887685608,0,0,307.06944576,307.1246818923345,0,0,0.09584036418571429,0.050438662042857144,0.6578057981877206,0,0,0,0
USDT,wanUSDT,2024-09-13T00:00:00.000Z,2024-09-13,1322976.99072311,1322906.7001608126,874805.95413758,874759.5076346997,448171.03658553,448147.19252611295,0,0,310.03277344,310.0160182835962,0,0,0.104187025305,0.055117277885,0.6612427057695184,0,0,0,0
USDT,wanUSDT,2024-09-14T00:00:00.000Z,2024-09-14,1321293.5098414398,1321650.6351662795,875099.8798435399,875336.3924441431,446193.6299979,446314.24272213643,0,0,341.42262688,341.5183670126288,0,0,0.10677681431428572,0.05657510834761905,0.6623054405827159,1.05,1.05,2.36188,0.84346986184
USDT,wanUSDT,2024-09-15T00:00:00.000Z,2024-09-15,1321349.58973379,1321614.550262863,875395.51449774,875571.0520983898,445954.07523605,446043.49816447316,0,0,335.22581616,335.29147748358673,0,0,0.10725493527142857,0.05684521302857143,0.6625010681830209,0,0,0,0
USDT,wanUSDT,2024-09-16T00:00:00.000Z,2024-09-16,1321416.7323268,1321747.2707759738,875642.91756689,875861.9431413391,445773.81475991,445885.3276346347,0,0,344.25058222,344.3315079048653,0,0,0.10763040436190476,0.05705743384285714,0.6626546312248559,0,0,0,0
USDT,wanUSDT,2024-09-17T00:00:00.000Z,2024-09-17,1321467.49975616,1321309.1752251917,875889.05880572,875784.1272613906,445578.44095044,445525.0479638011,0,0,337.69703993,337.65723261566853,0,0,0.10802372024285714,0.05727983663333333,0.6628154372521854,0,0,0,0
USDT,wanUSDT,2024-09-18T00:00:00.000Z,2024-09-18,1310957.80781368,1310404.5634509122,876175.5263417601,875803.5054477677,434782.28147192,434601.05800314463,0,0,384.22769538,384.0584952747087,0,0,0.12181857643809524,0.06519306659523809,0.6683887893578634,6,5.999376,2.17224,0.71873122104
USDT,wanUSDT,2024-09-19T00:00:00.000Z,2024-09-19,1301046.13052442,1301695.4763986575,866390.8428575699,866830.3286336845,434655.28766685,434865.14776497305,0,0,406.73801386,406.92953084365126,0,0,0.13156254415,0.07045718119,0.6659113742781273,0,0,0,0
USDT,wanUSDT,2024-09-20T00:00:00.000Z,2024-09-20,1293679.1393354498,1293524.5933186552,675738.20494277,675657.7955507303,617940.93439268,617866.7977679248,0,0,233.70182779,233.66990540978264,0,0,0.07173313244285714,0.02997610693809524,0.522350778423671,0,0,0,0
USDT,wanUSDT,2024-09-21T00:00:00.000Z,2024-09-21,1287284.30110863,1287342.3652304597,675646.81580563,675677.190277124,611637.485303,611665.1749533358,1162.62009999,1162.399202171002,228.7555816,228.7656275172158,26.43729275,26.4322696643775,0.07183869626190477,0.03016433554285714,0.5248621718736407,0,0,0,0
USDT,wanUSDT,2024-09-22T00:00:00.000Z,2024-09-22,1287456.8356039,1287608.1051651777,674832.95248278,674912.238737791,612623.88312112,612695.8664273868,0,0,223.20896688,223.2332436442805,0,0,0.071809164755,0.03011157459,0.524159671494116,0,0,0,0
USDT,wanUSDT,2024-09-23T00:00:00.000Z,2024-09-23,1287715.4764489601,1287537.0709556385,676443.37556223,676349.5017711581,611272.10088673,611187.5691844805,0,0,234.3201341,234.2886736050563,0,0,0.07185731070476191,0.03019760836190476,0.525304965213839,21.17,21.18106,4.72376,1.6513910678
USDT,wanUSDT,2024-09-24T00:00:00.000Z,2024-09-24,1287908.95308994,1287510.9274614966,677101.97831409,676892.7211268985,610806.97477585,610618.2063345979,0,0,234.51710047,234.445769120139,0,0,0.07187549215238095,0.030230110766666665,0.5257374569579762,0,0,0,0
USDT,wanUSDT,2024-09-25T00:00:00.000Z,2024-09-25,1288037.0837205,1287815.0858084033,677230.10894465,677113.3836146558,610806.97477585,610701.7021937474,0,0,223.94469365,223.90031891273586,0,0,0.071877475515,0.030233657815,0.525784635410959,0,0,0,0
USDT,wanUSDT,2024-09-26T00:00:00.000Z,2024-09-26,1288165.32100196,1287881.9932366302,677358.34622611,677209.3669091846,610806.97477585,610672.6263274457,0,0,234.6531423,234.60921164836606,0,0,0.07187946014285714,0.030237207238095237,0.5258318436764465,0,0,0,0
USDT,wanUSDT,2024-09-27T00:00:00.000Z,2024-09-27,1288296.76510641,1288509.697376997,678804.36175913,678916.3674657447,609492.40334728,609593.3299112523,0,0,235.07626545,235.1186384350907,0,0,0.07192439207142858,0.03031764399047619,0.5269005942146243,46.86,46.86,6.5081,2.62125773088
USDT,wanUSDT,2024-09-28T00:00:00.000Z,2024-09-28,1288425.21235185,1288440.4221934134,682456.76008626,682464.8286165739,605968.45226559,605975.5935768394,0,0,220.06010245,220.06263945239016,0,0,0.07204136831,0.030527262925,0.5296828646640412,2.178893,2.178380960145,2.16362,0.87388179076
USDT,wanUSDT,2024-09-29T00:00:00.000Z,2024-09-29,1288554.1042557498,1288613.3835053716,683466.34365637,683497.8124175068,605087.76059938,605115.5710878648,0,0,236.45946214,236.46852334432486,0,0,0.07207208406190477,0.030582401419047618,0.5304133780292782,10.07166022,10.06977681953886,2.16362,0.86685868024
USDT,wanUSDT,2024-09-30T00:00:00.000Z,2024-09-30,1288684.5260414002,1288431.3607328096,684138.60658934,684004.1486591261,604545.91945206,604427.2120736836,0,0,225.94087365,225.88984572718283,0,0,0.07209176201,0.03061776071,0.5308813578460124,35,34.98166,2.16362,0.8210288814
USDT,wanUSDT,2024-10-01T00:00:00.000Z,2024-10-01,1288814.6198084,1288403.7910836162,687512.490684,687293.2637748887,601302.1291244,601110.5273087274,0,0,133.71056887,133.6672603626689,0,0,0.07219958825714286,0.030811643233333335,0.5334455983855597,6.56532292,6.55559311143256,2.16362,0.76526806676
USDT,wanUSDT,2024-10-02T00:00:00.000Z,2024-10-02,1287360.3015120002,1287722.9934263767,746601.97467148,746825.3475227011,540758.32684052,540897.6459036756,0,0,247.13562734,247.21462240344246,0,0,0.13590295104761904,0.07277196565238095,0.5799958693615751,3029.3829326,3029.3709341691033,10.92154,3.81218789712
USDT,wanUSDT,2024-10-03T00:00:00.000Z,2024-10-03,1313592.3171465201,1313838.5433444057,991807.31018795,992004.2988632553,321785.00695857,321834.24448115035,0,0,870.56197483,870.7682127142376,0,0,0.36229016144761905,0.22034319187619048,0.7557894764608711,0,0,0,0
USDT,wanUSDT,2024-10-04T00:00:00.000Z,2024-10-04,1381945.58087315,1381848.2104233878,993057.5351314299,992987.5536560104,388888.04574172,388860.65676737746,0,0,597.08693259,597.0400487569784,0,0,0.253234084635,0.145578090235,0.7185939267696378,10.07476028,10.07362183208836,2.16362,0.7594738924
USDT,wanUSDT,2024-10-05T00:00:00.000Z,2024-10-05,1383545.0962942,1383432.3030052176,994556.02427679,994474.9525583411,388989.07201741,388957.35044687643,0,0,627.74137091,627.6875734894926,0,0,0.2539322636047619,0.14603090536666666,0.7188460747376717,9.99880792,9.99703813099816,2.16362,0.76459734456
USDT,wanUSDT,2024-10-06T00:00:00.000Z,2024-10-06,1384172.25425697,1383833.699314693,995754.54269239,995510.9836247128,388417.71156458,388322.7156899802,0,0,632.00040304,631.850112321296,0,0,0.2554282442952381,0.14700126363809524,0.719386285157542,0,0,0,0
USDT,wanUSDT,2024-10-07T00:00:00.000Z,2024-10-07,1454732.58520073,1454734.7840349514,996106.3524776901,996113.8526976659,458626.23272304,458620.9313372854,2069.11348001,2068.6168927747976,477.48664098,477.5059031857542,18.91269182,18.9081527739632,0.19288455491,0.109078127905,0.6875878786389243,0,0,0,0
USDT,wanUSDT,2024-10-08T00:00:00.000Z,2024-10-08,1584957.85822147,1584729.153438368,1026003.23137958,1025856.8902934883,558954.62684189,558872.2631448798,1262.47997999,1261.8679109612426,271.06261371,271.00269646748757,0.3339672,0.3338678621105,0.11503611984,0.06205500196,0.6473364882707846,1684.93600066,1686.41439996754,17.39516,6.03546196924
USDT,wanUSDT,2024-10-09T00:00:00.000Z,2024-10-09,1585662.99680917,1584497.559299842,1162099.44342907,1161245.258306294,423563.5533801,423252.30099354795,2970,2968.47936,853.60403073,852.9822038644652,15.79666552,15.78857762725376,0.29339129074761905,0.17201712232380953,0.7328792795040124,0,0,0,0
USDT,wanUSDT,2024-10-10T00:00:00.000Z,2024-10-10,1586644.31896637,1584821.6324752925,1160374.2580387802,1159041.2744889774,426270.06092759,425780.3579863151,0,0,821.96749724,821.0194322138472,0,0,0.2889982456333333,0.16908456082380952,0.7313385856398904,5.79882106,5.79321939885604,2.16362,0.72718619114
USDT,wanUSDT,2024-10-11T00:00:00.000Z,2024-10-11,1588813.58868705,1588556.8120548995,1161991.85633779,1161804.0976747754,426821.73234926,426752.7143801241,0,0,773.00781155,772.8675974915475,0,0,0.291426170135,0.170509854875,0.7313582929500032,23.66405906,23.66377509129128,4.33586,1.50197225502
USDT,wanUSDT,2024-10-12T00:00:00.000Z,2024-10-12,1590170.8222825797,1589827.6669554093,1163264.5703131298,1163013.5467906634,426906.25196945,426814.120164746,0,0,817.61552159,817.4358929557376,0,0,0.2935730734,0.1718070276857143,0.731534337604157,0.30703664,0.30696786379264,2.16362,0.76540437482
USDT,wanUSDT,2024-10-13T00:00:00.000Z,2024-10-13,1552785.45720584,1552244.4255965007,1164118.27928339,1163710.110682327,388667.17792245,388534.3149141738,0,0,852.95524515,852.6456428704739,0,0,0.3005983010428571,0.1806363632190476,0.7504448438196432,0,0,0,0
USDT,wanUSDT,2024-10-14T00:00:00.000Z,2024-10-14,1491532.96348875,1491415.1946987426,1164968.64270914,1164876.656172258,326564.32077961,326538.53852648445,0,0,843.64971446,843.5987432554522,0,0,0.311970533965,0.194932808805,0.7810545675260921,0,0,0,0
USDT,wanUSDT,2024-10-15T00:00:00.000Z,2024-10-15,1492417.8309886,1491975.0834906492,1165853.51020899,1165507.6590102192,326564.32077961,326467.4244804301,0,0,904.70682741,904.4762154694615,0,0,0.31201910397142857,0.19499556107142857,0.7811843816366838,0,0,0,0
USDT,wanUSDT,2024-10-16T00:00:00.000Z,2024-10-16,1493288.99895208,1493243.3086011293,1167172.79169943,1167137.0758281224,326116.20725265,326106.2327730068,0,0,865.85930193,865.8695613122495,0,0,0.3121791481,0.19520241384,0.7816120940065974,6.88522544,6.89081066544,6.49948,2.31272145886
USDT,wanUSDT,2024-10-17T00:00:00.000Z,2024-10-17,1410769.55495971,1410631.1550076404,1168291.56472858,1168175.6118890932,242477.99023113,242455.54311854715,0,0,928.6051197,928.5066928014667,0,0,0.32985474079047616,0.2187137805047619,0.8284904452540266,0,0,0,0
USDT,wanUSDT,2024-10-18T00:00:00.000Z,2024-10-18,1399129.4829642598,1398811.1078642877,1169171.9998615999,1168905.9515869077,229957.48310266,229905.15627738,0,0,895.27401867,895.0570578797797,0,0,0.33255401338,0.22231700123,0.8356424521131659,0,0,0,0
USDT,wanUSDT,2024-10-19T00:00:00.000Z,2024-10-19,1398288.0815897998,1398033.3508964647,1170080.59848713,1169867.5416764636,228207.48310267,228165.809220001,0,0,918.28222449,918.1121037718176,0,0,0.332992308845,0.22291734193,0.8367955608265261,0,0,0,0
USDT,wanUSDT,2024-10-20T00:00:00.000Z,2024-10-20,1398475.4017593,1398243.6010330277,1172003.00291792,1171808.7548161144,226472.39884138,226434.8462169132,0,0,963.82033346,963.6635696165141,0,0,0.3334721289714286,0.22357509814285714,0.8380576280796852,10.34338474,10.33912326548712,2.16362,0.76050593914
USDT,wanUSDT,2024-10-21T00:00:00.000Z,2024-10-21,1399401.3879188,1398919.6865264685,1172965.52909832,1172561.7822877816,226435.85882048,226357.90423868684,0,0,900.46938104,900.1494185891493,0,0,0.33352281256,0.22364463227,0.8381909111948755,0,0,0,0
USDT,wanUSDT,2024-10-22T00:00:00.000Z,2024-10-22,1400299.73779782,1399408.4503101679,1173825.73640087,1173078.599615107,226474.00139695,226329.85069506086,0,0,901.22229123,900.6430014502215,0,0,0.33355193011,0.223684588255,0.8382674771940649,0,0,0,0
USDT,wanUSDT,2024-10-23T00:00:00.000Z,2024-10-23,1401236.2056236002,1400216.1433720323,1174765.99424568,1173910.7942988859,226470.21137792,226305.34907314653,0,0,945.0110024,944.3183312454759,0,0,0.33359406482380954,0.22374241220952382,0.8383782695230471,0.8,0.7992096,2.16362,0.7660188429
USDT,wanUSDT,2024-10-24T00:00:00.000Z,2024-10-24,1402170.10611195,1400911.1866190727,1175696.05351497,1174640.4753678888,226474.05259698,226270.711251184,0,0,945.90499168,945.034482509342,0,0,0.33363396264285716,0.22379717220476192,0.8384831767955004,0,0,0,0
USDT,wanUSDT,2024-10-25T00:00:00.000Z,2024-10-25,1402498.8644685,1400897.4995613645,1176624.81187151,1175281.1854376278,225874.05259699,225616.31412373675,0,0,904.00981251,902.989881274198,0,0,0.33381110801,0.22404040326,0.838948910261688,0,0,0,0
USDT,wanUSDT,2024-10-26T00:00:00.000Z,2024-10-26,1402974.34016861,1401483.4781459672,1177543.35058325,1176292.0267405058,225430.98958536,225191.45140546144,0,0,948.17388662,947.167082079868,0,0,0.3339519684619048,0.2242338473,0.8393192285893399,0,0,0,0
USDT,wanUSDT,2024-10-27T00:00:00.000Z,2024-10-27,1403889.52175448,1402176.9210471665,1179969.1074931899,1178529.6797056,223920.41426129,223647.24134156652,0,0,929.58966099,928.4536343794844,0,0,0.3344012016761905,0.2248514555761905,0.840499888907062,19.66836828,19.64403850843764,2.16362,0.72121459994
USDT,wanUSDT,2024-10-28T00:00:00.000Z,2024-10-28,1404735.7301251201,1403224.0427734973,1181276.4771142502,1180005.2744825343,223459.25301087,223218.76829096308,0,0,952.78360366,951.7776860139874,0,0,0.33456271158095235,0.2250735426095238,0.8409243413933708,0,0,0,0
USDT,wanUSDT,2024-10-29T00:00:00.000Z,2024-10-29,1406059.5830789,1405364.7012086264,1182270.3466145098,1181686.2778089494,223789.23646439,223678.42339967695,0,0,931.87763708,931.4280480966848,0,0,0.3345305026714286,0.22502926212380953,0.8408396906769539,2.7,2.698029,2.17224,0.76731336864
USDT,wanUSDT,2024-10-30T00:00:00.000Z,2024-10-30,1408615.1755652102,1408149.0261338158,1183423.5094233402,1183031.8769866133,225191.66614187,225117.14914720238,0,0,932.08596661,931.784682323768,0,0,0.3342614124,0.2246591224047619,0.8401325795683829,0,0,0,0
USDT,wanUSDT,2024-10-31T00:00:00.000Z,2024-10-31,1409539.25289344,1408866.2518458576,1184347.58675157,1183782.0922054038,225191.66614187,225084.15964045387,0,0,911.21100517,910.8152776851132,0,0,0.334301292265,0.22471395574,0.8402373871822719,0,0,0,0
USDT,wanUSDT,2024-11-01T00:00:00.000Z,2024-11-01,1409030.0710937402,1407377.6332826847,1185266.9763804302,1183877.6251231264,223763.09471331,223500.00815955826,0,0,956.18142031,955.0720549234633,0,0,0.33466552344285716,0.22521525681428572,0.8411943513149907,0,0,0,0
USDT,wanUSDT,2024-11-02T00:00:00.000Z,2024-11-02,1408415.498667,1407847.461151932,1186223.83252511,1185745.4123153859,222191.66614189,222102.0488365461,0,0,958.01918446,957.6394141222557,0,0,0.335063514,0.22576310683333334,0.8422399676425162,0,0,0,0
USDT,wanUSDT,2024-11-03T00:00:00.000Z,2024-11-03,1409366.23226839,1408992.6416401155,1187174.5661265,1186859.8774508643,222191.66614189,222132.76418925132,0,0,937.09141136,936.8487940040509,0,0,0.3351040326,0.22581893795714286,0.8423463899022435,0,0,0,0
USDT,wanUSDT,2024-11-04T00:00:00.000Z,2024-11-04,1410808.8485841802,1409768.2784239822,1188086.1100650302,1187209.814760333,222722.73851915,222558.46366364934,1826.75436739,1825.965209503287,915.82412077,915.1661670768913,69.75436739,69.72423350328752,0.33502211151,0.2257060716,0.8421312164640745,0,0,0,0
USDT,wanUSDT,2024-11-05T00:00:00.000Z,2024-11-05,1411662.70597001,1410234.0263489895,1188549.75453907,1187347.004851482,223112.95143094,222887.02149750746,0,0,938.34974117,937.409316557398,0,0,0.33495324137142857,0.22561121372857143,0.8419503077976076,14.2,14.1918208,2.16362,0.71624260118
USDT,wanUSDT,2024-11-06T00:00:00.000Z,2024-11-06,1413275.6651345,1414187.3056134037,982907.2386578501,983467.4323302974,430368.42647665,430719.8732831062,0,0,833.55904193,834.0333962730441,0,0,0.28090212894285715,0.15943548782380954,0.6954878206568362,0,0,0,0
USDT,wanUSDT,2024-11-07T00:00:00.000Z,2024-11-07,1337119.54445033,1337779.1335969707,881396.93726087,881835.1181173463,455722.60718946,455944.0154796245,0,0,787.19182576,787.5869130746698,0,0,0.2673507699,0.14118509582380953,0.6596749279171275,21.13145254,21.13145254,2.16362,0.80363554022
USDT,wanUSDT,2024-11-08T00:00:00.000Z,2024-11-08,1206641.68505271,1207571.6037909344,882906.847322,883613.2056235997,323734.83773071,323958.3981673348,0,0,799.77774172,800.42760007161,0,0,0.29694606867,0.177555764575,0.7397928987803222,0,0,0,0
USDT,wanUSDT,2024-11-09T00:00:00.000Z,2024-11-09,1066897.64735102,1067557.3112858548,882168.99775073,882714.4466004977,184728.64960029,184842.86468535717,0,0,950.84612059,951.4289172898444,0,0,0.32921861345238096,0.21777268197142857,0.8268543786878778,0,0,0,0
USDT,wanUSDT,2024-11-10T00:00:00.000Z,2024-11-10,1070548.69787957,1071250.9772458805,885641.2094776,886223.056122946,184907.48840197,185027.9211229346,509.53142016,509.3000928952474,954.11721574,954.7347282188894,4.53142016,4.52936289524736,0.32937911285714283,0.21799052638571428,0.8272777048977676,50.64439436,50.64946400496056,4.32724,2.42232620702
USDT,wanUSDT,2024-11-11T00:00:00.000Z,2024-11-11,1071719.89601274,1072557.1507152019,888146.59364331,888840.3639260975,183573.30236943,183716.78678910428,0,0,957.96334634,958.7212746275571,0,0,0.32992284894761903,0.21872878186190475,0.8287117065458072,7,7.007,4.32724,2.58826504292
USDT,wanUSDT,2024-11-12T00:00:00.000Z,2024-11-12,1073708.42458567,1074352.6152366525,888966.59154957,889499.9476307309,184741.8330361,184852.66760592166,0,0,914.79837817,915.3038258397132,0,0,0.32963034486,0.21833142417,0.827940395485597,1,1,2.16362,1.29430344744
USDT,wanUSDT,2024-11-13T00:00:00.000Z,2024-11-13,1074204.58287707,1075104.6573657363,889668.5603426499,890414.2005675543,184536.02253442,184690.456798182,0,0,959.40554746,960.1609829277032,0,0,0.32973328555238096,0.2184713078047619,0.8282118198166386,0.3,0.3,2.16362,1.27450416082
USDT,wanUSDT,2024-11-14T00:00:00.000Z,2024-11-14,1073443.00419945,1073952.358754047,890345.73606373,890768.0650531847,183097.26813572,183184.29370086224,0,0,939.3675152,939.7254033611804,0,0,0.3301955642588235,0.21909963602941177,0.8294306328359035,0,0,0,0
USDT,wanUSDT,2024-11-15T00:00:00.000Z,2024-11-15,1074588.36657429,1074902.4718436433,890988.9433698701,891249.3733478496,183599.42320442,183653.0984957938,0,0,918.10225588,918.3585586468562,0,0,0.330086960215,0.21895180662,0.8291444100698246,0,0,0,0
USDT,wanUSDT,2024-11-16T00:00:00.000Z,2024-11-16,1073749.4459593901,1074228.5752997764,891253.2761440601,891650.6019167554,182496.16981533,182577.97338302093,3113.69030952,3113.69030952,942.3136718,942.7228375263775,465.83346032,465.83346032,0.3304269428952381,0.21941499569047618,0.8300402034420694,47.50179852,47.53103875546956,4.32724,3.22171023394
USDT,wanUSDT,2024-11-17T00:00:00.000Z,2024-11-17,1071701.70549156,1071362.6429057466,897893.21280648,897608.5573421473,173808.49268508,173754.0855635993,0,0,977.16031489,976.8516958448001,0,0,0.3333827553285714,0.22345446035714286,0.8378215424420963,68.338439,68.338439,2.17224,1.51749210816
USDT,wanUSDT,2024-11-18T00:00:00.000Z,2024-11-18,1074130.2477102801,1074145.150485653,900441.58986821,900454.0910241663,173688.65784207,173691.0594614867,0,0,980.48893363,980.5155336962146,0,0,0.3335637418285714,0.22370084619523808,0.8382985101277332,10,9.9989,2.17224,1.5994854792
USDT,wanUSDT,2024-11-19T00:00:00.000Z,2024-11-19,1074996.0855786102,1075486.2017396735,902267.2420222501,902678.1673206922,172728.84355636,172808.03441898132,0,0,960.620164,961.0919683416048,0,0,0.3339527871952381,0.2242351972190476,0.8393212601770235,20.2,20.1989799,4.32724,3.18213762414
USDT,wanUSDT,2024-11-20T00:00:00.000Z,2024-11-20,1019665.4021787199,1020688.8887311684,904073.0622247099,904970.6573056814,115592.33995401,115718.23142548697,0,0,1069.19467897,1070.2538954791798,0,0,0.379275486645,0.2699596888,0.8875129105434486,0,0,0,0
USDT,wanUSDT,2024-11-21T00:00:00.000Z,2024-11-21,1011741.38066801,1012747.2437443724,914850.4349736699,915760.3225053475,96890.94569434,96986.9212390249,0,0,1153.64746033,1154.7891782395704,0,0,0.3994087032047619,0.28896072764285713,0.9042383109273039,99.5596053,99.7587245106,2.1981,1.7643225498
USDT,wanUSDT,2024-11-22T00:00:00.000Z,2024-11-22,1012298.72948159,1013503.759250394,913541.02030248,914627.8740158458,98757.70917911,98875.88523454811,4222.59771145,4231.0429068729,1099.37878849,1100.70176809984,313.94275312,314.57063862624,0.38650731934285715,0.27908625532857145,0.9024421476154154,82.5,82.665,2.16362,2.17660172
USDT,wanUSDT,2024-11-23T00:00:00.000Z,2024-11-23,1038763.8598773499,1040218.1211504139,928182.49870285,929482.051222917,110581.3611745,110736.0699274968,0,0,1303.21214762,1305.05372508244,0,0,0.47950398019,0.3460001628,0.8951790477207459,125.0821743,125.2572564743,4.33586,4.76501532
USDT,wanUSDT,2024-11-24T00:00:00.000Z,2024-11-24,1118678.40180074,1119610.609876676,931502.75361371,932278.710224596,187175.64818703,187331.89965207994,0,0,1004.34965425,1005.1921924670942,0,0,0.3314292604333333,0.22078013106190475,0.832681351692706,20,20.02,2.17224,2.335158
USDT,wanUSDT,2024-11-25T00:00:00.000Z,2024-11-25,1070167.70490323,1070765.8951713387,932754.19738297,933257.8736449713,137413.50752026,137508.02152636746,0,0,1268.79485448,1269.3426591371147,0,0,0.494018256515,0.356396228375,0.8740178280453625,6,5.998608,2.16362,2.17876534
USDT,wanUSDT,2024-11-26T00:00:00.000Z,2024-11-26,1070707.2715955,1070461.5455349712,933594.78269079,933380.5141527157,137112.48890471,137081.03138225558,0,0,1070.19496831,1069.8353848674376,0,0,0.3464199974857143,0.24164655191904763,0.8719421274487014,0,0,0,0
USDT,wanUSDT,2024-11-27T00:00:00.000Z,2024-11-27,1071479.98027411,1072203.9535343517,934367.4913694,934998.8484079696,137112.48890471,137205.10512638206,0,0,1023.5766988,1024.276088157412,0,0,0.3464554575952381,0.24169688358095237,0.8720344782674769,0,0,0,0
USDT,wanUSDT,2024-11-28T00:00:00.000Z,2024-11-28,1070085.14446666,1070313.3773939896,935417.0875619401,935615.8171374806,134668.05690472,134697.56025650908,598.79999999,598.79999999,1002.61979923,1002.8696976048589,598.79999999,598.79999999,0.34726948845,0.242854095365,0.87415355432634,14,13.999524,2.16362,2.17011086
USDT,wanUSDT,2024-11-29T00:00:00.000Z,2024-11-29,1069882.34760912,1070242.1464180618,936690.8187044,937005.8397898148,133191.52890472,133236.306628247,0,0,1077.18180308,1077.5678202666518,0,0,0.34778996357142855,0.24359438377142856,0.8755082416199114,0,0,0,0
USDT,wanUSDT,2024-11-30T00:00:00.000Z,2024-11-30,1070642.8301381,1071263.087054851,937751.30123338,938294.5136378602,132891.52890472,132968.57341699093,0,0,982.74747061,983.3268255832086,0,0,0.347931643805,0.2437962825,0.8758768018192136,12,12.012,2.17224,2.36991384
USDT,wanUSDT,2024-12-01T00:00:00.000Z,2024-12-01,1072947.41883373,1073434.9742226365,939413.01033437,939839.6547562871,133534.40849936,133595.31946634952,0,0,1056.15192647,1056.6334816528533,0,0,0.3478048001047619,0.2436159827809524,0.8755465936147637,0,0,0,0
USDT,wanUSDT,2024-12-02T00:00:00.000Z,2024-12-02,1080374.11117488,1079758.1776084565,941662.1506118401,941124.4632666726,138711.96056304,138633.7143417839,0,0,1013.22753686,1012.6952311544292,0,0,0.346295697565,0.241475966655,0.8716152929154152,139.4156108,139.6323179108,6.49948,7.40750218
USDT,wanUSDT,2024-12-03T00:00:00.000Z,2024-12-03,1082859.38822943,1083050.395737913,939146.16423192,939311.8959706489,143713.22399751,143738.49976726418,0,0,1085.04467622,1085.2475935953848,0,0,0.34463256141904763,0.23911544449523808,0.8672838304093249,0,0,0,0
USDT,wanUSDT,2024-12-04T00:00:00.000Z,2024-12-04,1087988.11598538,1089076.2854137244,939875.2820978,940815.2430526639,148112.83388758,148261.0423610605,41.53411268,41.61718090536,1010.32254322,1011.35679996375,0.00280738,0.00281299476,0.34332241516,0.237267534995,0.8638655073672042,0.7147693,0.7158988386,4.32724,5.3441414
USDT,wanUSDT,2024-12-05T00:00:00.000Z,2024-12-05,1088845.96867173,1089107.376145707,938394.1359409799,938620.5042519711,150451.83273075,150486.87189373572,6603.31521654,6601.396313977913,1055.52044637,1055.7633460999157,704.55218594,704.2306673052418,0.34254126590952383,0.23617062027142857,0.8618248031883193,0,0,0,0
USDT,wanUSDT,2024-12-06T00:00:00.000Z,2024-12-06,1087577.30691291,1088134.8800790503,935352.6068754599,935832.1696808072,152224.70003745,152302.71039824313,0,0,1027.44362432,1027.9728060744385,0,0,0.34185563805,0.23520646702,0.8600343752789462,10,10.01,2.17224,2.5849656
USDT,wanUSDT,2024-12-07T00:00:00.000Z,2024-12-07,1088124.86683875,1089267.4004898665,935398.6326145399,936380.8018306042,152726.23422421,152886.59865926232,0,0,1028.00862424,1029.06053675232,0,0,0.34170570817,0.234995862155,0.8596427293306698,0,0,0,0
USDT,wanUSDT,2024-12-08T00:00:00.000Z,2024-12-08,1088783.7556058099,1089435.6163133676,936150.4915539899,936710.9839715891,152633.26405182,152724.6323417786,0,0,1028.99603065,1029.5930655042841,0,0,0.34177087965,0.235087255285,0.8598130512760923,0,0,0,0
USDT,wanUSDT,2024-12-09T00:00:00.000Z,2024-12-09,1089397.78470674,1089751.0012654723,936895.27316476,937199.0255338737,152502.51154198,152551.97573159865,0,0,1030.02946732,1030.328524831251,0,0,0.341847041815,0.235194071695,0.8600120912082736,0,0,0,0
USDT,wanUSDT,2024-12-10T00:00:00.000Z,2024-12-10,1089779.87664321,1089779.8766432113,937657.35204274,937657.3520427404,152122.52460047,152122.524600471,0,0,1031.08721617,1031.08721617,0,0,0.34199963708,0.235408381015,0.8604107207882643,0,0,0,0
USDT,wanUSDT,2024-12-11T00:00:00.000Z,2024-12-11,1037999.9148546201,1037999.9148546144,935547.6596385101,935547.6596385074,102452.25521611,102452.255216107,3303,3303,1491.87232643,1491.87232643,198.49937784,198.49937784,0.522734524315,0.3805620284,0.9023450871259122,0,0,0,0
USDT,wanUSDT,2024-12-12T00:00:00.000Z,2024-12-12,1013344.1812661301,1013344.1812661262,940241.6509881701,940241.6509881689,73102.53027796,73102.53027795737,5009.39386499,5009.39386499,1737.10578268,1737.10578268,1280.37940137,1280.37940137,0.6593222753210526,0.4895958952631579,0.9278575065657476,132.4465239,132.4465239,2.1981,2.549796
USDT,wanUSDT,2024-12-13T00:00:00.000Z,2024-12-13,1020515.6466274101,1020515.6466274116,945997.1755591801,945997.1755591836,74518.47106823,74518.471068228,0,0,1775.10439023,1775.10439023,0,0,0.648858118615,0.48133149734,0.9269969161428391,0,0,0,0
USDT,wanUSDT,2024-12-14T00:00:00.000Z,2024-12-14,1031116.69678581,1031116.6967858186,947208.20374251,947208.2037425146,83908.4930433,83908.493043304,0,0,1596.8754532,1596.8754532,0,0,0.55201943596,0.40570676188,0.9186273976382112,0,0,0,0
USDT,wanUSDT,2024-12-15T00:00:00.000Z,2024-12-15,1034053.82323314,1034053.8232331374,943194.53373505,943194.5337350494,90859.28949809,90859.289498088,5378.48399105,5378.48399105,1390.57678894,1390.57678894,311.22977002,311.22977002,0.481097946225,0.351070991575,0.9121330204482282,0,0,0,0
USDT,wanUSDT,2024-12-16T00:00:00.000Z,2024-12-16,1035047.96480221,1035047.964802207,943922.86340227,943922.863402267,91125.10139994,91125.10139994,0,0,1349.62090095,1349.62090095,0,0,0.479212605725,0.349618377895,0.911960497133975,0,0,0,0
USDT,wanUSDT,2024-12-17T00:00:00.000Z,2024-12-17,1135840.9320291001,1135840.9320291004,944660.48486901,944660.484869008,191180.44716009,191180.4471600924,250.80453071,250.80453071,1074.5642088,1074.5642088,6.68760813,6.68760813,0.3310505224095238,0.22026348633809523,0.831683796507802,0,0,0,0
USDT,wanUSDT,2024-12-18T00:00:00.000Z,2024-12-18,1136596.09109911,1136596.091099111,945296.85012517,945296.850125171,191299.24097394,191299.24097394,0,0,987.39438692,987.39438692,0,0,0.33105329115,0.22026725873,0.8316910914561737,0,0,0,0
USDT,wanUSDT,2024-12-19T00:00:00.000Z,2024-12-19,1147138.27945062,1147138.2794506173,976738.42859414,976738.4285941395,170399.85085648,170399.85085647763,71394.49528549,71394.49528549,1313.46118612,1313.46118612,508.62469922,508.62469922,0.47052022624285716,0.3368869819,0.8510868078912469,1951.09922184,1951.09922184,8.7924,7.8051717432
USDT,wanUSDT,2024-12-20T00:00:00.000Z,2024-12-20,1212669.64448842,1212669.644488422,1110943.38776161,1110943.3877616115,101726.25672681,101726.25672681048,23758.78376822,23758.78376822,1717.01063777,1717.01063777,33.39645528,33.39645528,0.5622223336857143,0.41452729951428574,0.9164601746146048,3.3,3.3,2.16362,1.9556203913
USDT,wanUSDT,2024-12-21T00:00:00.000Z,2024-12-21,1195644.87400456,1195644.8740045603,1087650.50573882,1087650.5057388176,107994.36826574,107994.36826574273,0,0,1582.70825054,1582.70825054,0,0,0.45512885104545453,0.3312206024727273,0.9096772195282768,0,0,0,0
USDT,wanUSDT,2024-12-22T00:00:00.000Z,2024-12-22,1196966.80892514,1196966.808925142,1088009.95412338,1088009.9541233843,108956.85480176,108956.85480175762,0,0,1467.39290357,1467.39290357,0,0,0.4477502953761905,0.3255942143095238,0.9089725382816572,0,0,0,0
USDT,wanUSDT,2024-12-23T00:00:00.000Z,2024-12-23,1198055.99583787,1198055.9958378705,1089062.22805894,1089062.2280589375,108993.76777893,108993.76777893316,0,0,1435.9063766,1435.9063766,0,0,0.4482912751368421,0.3260061957736842,0.9090244756140159,0,0,0,0
USDT,wanUSDT,2024-12-24T00:00:00.000Z,2024-12-24,1176355.5462979001,1176355.5462979078,1090267.03833295,1090267.0383329536,86088.50796495,86088.50796495422,0,0,1967.90123457,1967.90123457,0,0,0.6717528936947368,0.5028090584947368,0.927300439462554,0,0,0,0
USDT,wanUSDT,2024-12-25T00:00:00.000Z,2024-12-25,1162329.4779900801,1162329.4779900773,1092035.70686721,1092035.7068672052,70293.77112287,70293.7711228721,0,0,2329.67717107,2329.67717107,0,0,0.8095562731578948,0.6095561079052632,0.939628030386281,0,0,0,0
USDT,wanUSDT,2024-12-26T00:00:00.000Z,2024-12-26,1269379.15294153,1269379.1529415331,1093763.27655554,1093763.276555539,175615.87638599,175615.876385994,0,0,1314.57805057,1314.57805057,0,0,0.359697973485,0.249110453195,0.8620117832569888,12,12,2.16362,1.8787469727
USDT,wanUSDT,2024-12-27T00:00:00.000Z,2024-12-27,1277809.43300178,1277809.4330017779,1096227.39320788,1096227.3932078804,181582.0397939,181582.0397938975,45,45,1171.58089371,1171.58089371,0.78108732,0.78108732,0.34103799675,0.234060894845,0.8578969578461881,16.4324,16.4324,4.32724,3.88852709984
USDT,wanUSDT,2024-12-28T00:00:00.000Z,2024-12-28,1250702.8155351798,1250702.8155351812,1097915.4016865098,1097915.4016865143,152787.41384867,152787.41384866685,0,0,1166.95927548,1166.95927548,0,0,0.3488372538,0.24517116110526316,0.8781877275112335,0,0,0,0
USDT,wanUSDT,2024-12-29T00:00:00.000Z,2024-12-29,1225247.6013095297,1225247.6013095253,1098813.6511213998,1098813.6511213954,126433.95018813,126433.95018813,0,0,1218.78209698,1218.78209698,0,0,0.356002164785,0.255412888765,0.8968094645157225,0,0,0,0
USDT,wanUSDT,2024-12-30T00:00:00.000Z,2024-12-30,1197856.5348342399,1197856.534834239,1100126.1523546,1100126.1523545969,97730.38247964,97730.38247964201,0,0,1844.24787242,1844.24787242,0,0,0.61583691712,0.461812922755,0.9193608933254174,3.2,3.2,2.16362,1.92133134154
USDT,wanUSDT,2024-12-31T00:00:00.000Z,2024-12-31,1181767.25160907,1181767.2516090735,1101848.50712114,1101848.50712114,79918.74448793,79918.7444879335,0,0,2227.64770228,2227.64770228,0,0,0.71424764564,0.532936625055,0.9323936340638864,0,0,0,0
USDT,wanUSDT,2025-01-01T00:00:00.000Z,2025-01-01,1199548.8928338299,1199548.8928338247,1103324.8235960898,1103324.8235960868,96224.06923774,96224.0692377379,0,0,1323.20147229,1323.20147229,0,0,0.5650351648842106,0.41579960846842107,0.9197868636397863,0,0,0,0
USDT,wanUSDT,2025-01-02T00:00:00.000Z,2025-01-02,1201449.4321726698,1201449.4321726689,1104672.66394935,1104672.663949349,96776.76822332,96776.76822332,0,0,1341.50799013,1341.50799013,0,0,0.56111245815,0.41273187581,0.9194499781313132,0,0,0,0
USDT,wanUSDT,2025-01-03T00:00:00.000Z,2025-01-03,1201637.5937055899,1201637.5937055894,1106005.2064346399,1106005.2064346408,95632.38727095,95632.38727094857,0,0,1362.14401618,1362.14401618,0,0,0.5720427121714285,0.42122337293809525,0.9204158488692951,0,0,0,0
USDT,wanUSDT,2025-01-04T00:00:00.000Z,2025-01-04,1202193.63092962,1202193.6309296186,1109261.77179719,1109261.7717971876,92931.85913243,92931.85913243091,0,0,1482.08522229,1482.08522229,0,0,0.5980473725727272,0.44145867787272725,0.9226979101424426,22.5,22.5,2.17224,2.37425832
USDT,wanUSDT,2025-01-05T00:00:00.000Z,2025-01-05,1206317.5081817198,1206317.5081817193,1111096.35288933,1111096.3528893318,95221.15529239,95221.15529238763,0,0,1355.62710462,1355.62710462,0,0,0.5794696004,0.4270032601190476,0.9210672617254874,0,0,0,0
USDT,wanUSDT,2025-01-06T00:00:00.000Z,2025-01-06,1209082.6323994098,1209082.632399412,1112442.7468840699,1112442.7468840722,96639.88551534,96639.88551534,0,0,1364.60659041,1364.60659041,0,0,0.5681118672428571,0.41816293621428574,0.920071719394763,0,0,0,0
USDT,wanUSDT,2025-01-07T00:00:00.000Z,2025-01-07,1210967.836171,1210967.836170998,1113808.40741703,1113808.4074170294,97159.42875397,97159.42875396856,0,0,1360.21817279,1360.21817279,0,0,0.5646852254904762,0.4155041133857143,0.9197673310754291,0,0,0,0
USDT,wanUSDT,2025-01-08T00:00:00.000Z,2025-01-08,1212857.2101173,1212857.2101172956,1115201.14711419,1115201.147114186,97656.06300311,97656.06300310952,0,0,1386.29435161,1386.29435161,0,0,0.5614793687333334,0.4130164666666667,0.9194826218867509,3.4,3.4,2.17224,2.06545485384
USDT,wanUSDT,2025-01-09T00:00:00.000Z,2025-01-09,1266418.2213812298,1266418.2213812238,1116742.70533764,1116742.7053376362,149675.51604359,149675.51604358762,0,0,1005.82375051,1005.82375051,0,0,0.3693684693285714,0.26126988506666665,0.882025972117057,0,0,0,0
USDT,wanUSDT,2025-01-10T00:00:00.000Z,2025-01-10,1256852.8208243498,1256852.820824344,1117678.0432436499,1117678.0432436485,139174.7775807,139174.7775806955,0,0,899.99038074,899.99038074,0,0,0.353092440585,0.25119973249,0.8892757079761456,0.5,0.5,2.16362,2.06421031548
USDT,wanUSDT,2025-01-11T00:00:00.000Z,2025-01-11,1253521.2760151,1253521.2760151024,1118609.05881494,1118609.0588149424,134912.21720016,134912.21720016,0,0,946.62035254,946.62035254,0,0,0.35428783048095236,0.25292563184761907,0.8923734108617377,0,0,0,0
USDT,wanUSDT,2025-01-12T00:00:00.000Z,2025-01-12,1254654.16703663,1254654.1670366263,1119517.53224182,1119517.5322418157,135136.63479481,135136.63479481047,0,0,925.8164093,925.8164093,0,0,0.35425628264761905,0.25287995969047616,0.8922917241878653,0,0,0,0
USDT,wanUSDT,2025-01-13T00:00:00.000Z,2025-01-13,1255580.52617115,1255580.5261711495,1120434.33839453,1120434.3383945294,135146.18777662,135146.18777662,0,0,905.08381647,905.08381647,0,0,0.35428403347,0.252920134725,0.8923635793227701,0,0,0,0
USDT,wanUSDT,2025-01-14T00:00:00.000Z,2025-01-14,1256508.75855386,1256508.7585538595,1121513.80887248,1121513.8088724776,134994.94968138,134994.9496813819,0,0,949.23764318,949.23764318,0,0,0.35436122002380954,0.25303191175238093,0.8925634204463803,7.94,7.94,2.17224,2.15121706128
USDT,wanUSDT,2025-01-15T00:00:00.000Z,2025-01-15,1257468.63838968,1257468.638389675,1123104.78394639,1123104.7839463884,134363.85444329,134363.85444328666,0,0,951.1408752,951.1408752,0,0,0.35458676635714287,0.2533585842857143,0.893147348728981,0,0,0,0
USDT,wanUSDT,2025-01-16T00:00:00.000Z,2025-01-16,1258450.29944065,1258450.2994406465,1124049.11166403,1124049.1116640265,134401.18777662,134401.18777662,0,0,930.35404802,930.35404802,0,0,0.3546075039238095,0.253388630747619,0.8932010313885386,0,0,0,0
USDT,wanUSDT,2025-01-17T00:00:00.000Z,2025-01-17,1257394.6529605598,1257394.6529605514,1124974.8919080999,1124974.8919080934,132419.76105246,132419.761052458,1122.38913817,1122.38913817,910.6160712,910.6160712,571.84816331,571.84816331,0.355182191705,0.254222202305,0.8946882240286561,11.33726402,11.33726402,2.16362,2.4232544
USDT,wanUSDT,2025-01-18T00:00:00.000Z,2025-01-18,1257185.71429241,1257185.71429241,1126994.01640069,1126994.016400689,130191.69789172,130191.69789172095,0,0,935.58788484,935.58788484,0,0,0.35586004999523807,0.25520630931428573,0.8964419322380103,11.37972136,11.37972136,2.16362,2.4448906
USDT,wanUSDT,2025-01-19T00:00:00.000Z,2025-01-19,1259343.7445029002,1259343.7445029067,1109166.91816237,1109166.9181623757,150176.82634053,150176.82634053094,0,0,951.6122148,951.6122148,0,0,0.3499229022809524,0.24721554227142858,0.8807452209831923,5.25004508,5.25004508,4.32724,4.76645486
USDT,wanUSDT,2025-01-20T00:00:00.000Z,2025-01-20,1266218.14169859,1266218.1416985886,927709.4732251,927709.4732250961,338508.66847349,338508.6684734924,0,0,793.8777294,793.8777294,0,0,0.2940082359952381,0.1723480647857143,0.7327088904959291,0,0,0,0
USDT,wanUSDT,2025-01-21T00:00:00.000Z,2025-01-21,1269393.75778808,1269393.757788081,928373.52934417,928373.5293441709,341020.22844391,341020.22844391,0,0,811.61715385,811.61715385,0,0,0.29350577008571427,0.17172479982380953,0.7313518882995157,0,0,0,0
USDT,wanUSDT,2025-01-22T00:00:00.000Z,2025-01-22,1270049.25577344,1270049.255773435,929290.9320914301,929290.93209143,340758.32368201,340758.3236820052,0,0,794.19635179,794.19635179,0,0,0.2936329848761905,0.17188025266666668,0.731696733488031,5,5,2.16362,2.15287113584
USDT,wanUSDT,2025-01-23T00:00:00.000Z,2025-01-23,1270408.17680666,1270408.1768066562,929196.75629769,929196.7562976906,341211.42050897,341211.4205089655,0,0,776.62355363,776.6235536300001,0,0,0.293529393835,0.171753940405,0.7314157771320107,12.70859282,12.70859282,4.33586,4.2507547831
USDT,wanUSDT,2025-01-24T00:00:00.000Z,2025-01-24,1270666.1465658299,1270666.1465658324,929189.4868752,929189.4868751981,341476.65969063,341476.6596906343,0,0,796.22596937,796.22596937,0,0,0.2934724943714286,0.1716841754047619,0.7312616662546847,6.5,6.5,2.16362,2.15996997306
USDT,wanUSDT,2025-01-25T00:00:00.000Z,2025-01-25,1271305.2125200802,1271305.212520081,930130.0554986801,930130.055498681,341175.1570214,341175.1570214,0,0,815.8953041,815.8953041,0,0,0.29360981882380954,0.17185192853809525,0.731633945184304,0,0,0,0
USDT,wanUSDT,2025-01-26T00:00:00.000Z,2025-01-26,1271964.96687416,1271964.9668741615,930789.80985276,930789.8098527614,341175.1570214,341175.1570214,0,0,798.04310223,798.04310223,0,0,0.2936611711666667,0.17191468713809524,0.731773143471963,0,0,0,0
USDT,wanUSDT,2025-01-27T00:00:00.000Z,2025-01-27,1328269.95145142,1328269.951451426,931442.06468028,931442.064680283,396827.88677114,396827.88677114283,0,0,778.84271522,778.84271522,0,0,0.28364582893809526,0.16037928795238096,0.7042390904293893,0,0,0,0
USDT,wanUSDT,2025-01-28T00:00:00.000Z,2025-01-28,1466852.6642665002,1466852.6642665025,932050.16796122,932050.1679612196,534802.49630528,534802.4963052828,0,0,730.3742461,730.3742461,0,0,0.2585943681619048,0.13145075548571428,0.6354090822723006,0,0,0,0
USDT,wanUSDT,2025-01-29T00:00:00.000Z,2025-01-29,1396654.49025764,1396654.4902576408,932658.65049068,932658.650490681,463995.83976696,463995.83976696,0,0,758.93558714,758.93558714,0,0,0.2708896011761905,0.14536735057619046,0.6693453810095971,0,0,0,0
USDT,wanUSDT,2025-01-30T00:00:00.000Z,2025-01-30,1352563.28629408,1352563.2862940766,933279.79380372,933279.7938037165,419283.49249036,419283.49249036,0,0,731.93167286,731.93167286,0,0,0.27889018111,0.15451778537,0.691375690264692,0,0,0,0
USDT,wanUSDT,2025-01-31T00:00:00.000Z,2025-01-31,1446150.6604172098,1446150.6604172136,934355.86808174,934355.8680817431,511794.79233547,511794.7923354705,0,0,741.69915673,741.69915673,0,0,0.2624381685105263,0.13565007470526316,0.6461018050315741,6.2,6.2,2.16362,2.05809376174
USDT,wanUSDT,2025-02-01T00:00:00.000Z,2025-02-01,1373635.72480299,1373635.724802979,935008.14609205,935008.1460920441,438627.57871094,438627.578710935,198.72820874,198.72820874,754.91512828,754.91512828,1.77534603,1.77534603,0.274948897025,0.149722058465,0.6806812992385685,15,15,2.17224,1.9793885328
USDT,wanUSDT,2025-02-02T00:00:00.000Z,2025-02-02,1362902.38578702,1362902.38578702,938039.2568699501,938039.2568699518,424863.12891707,424863.1289170682,0,0,781.84433324,781.84433324,0,0,0.27777920684090907,0.15302472032727274,0.6884387462050038,30.15,30.15,4.32724,3.59935928684
USDT,wanUSDT,2025-02-03T00:00:00.000Z,2025-02-03,1324128.0593336201,1324128.0593336222,944113.69227875,944113.6922787547,380014.36705487,380014.3670548676,5956.56592304,5956.56592304,792.31596355,792.31596355,544.57269809,544.57269809,0.2867569344095238,0.1635687796761905,0.713008036984965,15,15,4.32724,3.41912974084
USDT,wanUSDT,2025-02-04T00:00:00.000Z,2025-02-04,1324461.35024982,1324461.3502498197,945844.4111590099,945844.4111590111,378616.93909081,378616.93909080856,0,0,797.62674018,797.62674018,0,0,0.28717105365238094,0.16406730975714287,0.7141347007283041,101,101,2.1981,1.6594885665
USDT,wanUSDT,2025-02-05T00:00:00.000Z,2025-02-05,1325195.86365498,1325195.8636549762,952271.7146594101,952271.7146594058,372924.14899557,372924.1489955705,0,0,806.71571167,806.71571167,0,0,0.28880652993333333,0.16602665138095238,0.7185894103731358,2,2,2.16362,1.62216111328
USDT,wanUSDT,2025-02-06T00:00:00.000Z,2025-02-06,1325924.99673876,1325924.9967387556,952929.35821938,952929.3582193757,372995.63851938,372995.63851938,0,0,807.42686975,807.42686975,0,0,0.28884358825714285,0.1660712540857143,0.7186902373691675,0,0,0,0
USDT,wanUSDT,2025-02-07T00:00:00.000Z,2025-02-07,1326571.36139658,1326571.3613965753,952771.2196251,952771.2196251,373800.14177148,373800.14177147526,0,0,826.39811136,826.39811136,0,0,0.28867112314285714,0.16586381993809524,0.7182209230845407,0,0,0,0
USDT,wanUSDT,2025-02-08T00:00:00.000Z,2025-02-08,1327232.87605788,1327232.8760578756,952547.7807091,952547.7807090955,374685.09534878,374685.09534878,0,0,826.44248083,826.44248083,0,0,0.28847766877,0.165631075985,0.7176945280039099,0,0,0,0
USDT,wanUSDT,2025-02-09T00:00:00.000Z,2025-02-09,1327876.4924455401,1327876.4924455395,950811.53213544,950811.5321354438,377064.9603101,377064.9603100957,0,0,788.1276825,788.1276825,0,0,0.28786985143809524,0.16490213583333332,0.716039370637158,0,0,0,0
USDT,wanUSDT,2025-02-10T00:00:00.000Z,2025-02-10,1325597.07019672,1325597.0701967224,947942.6753002501,947942.6753002533,377654.39489647,377654.394896469,525,525,806.06014687,806.06014687,525,525,0.28752746653809524,0.16449072988571428,0.7151074495206667,2.73175812,2.73175812,2.16362,1.51577375426
USDT,wanUSDT,2025-02-11T00:00:00.000Z,2025-02-11,1325020.92652598,1325020.9265259919,949872.36352574,949872.3635257491,375148.56300024,375148.56300024287,0,0,809.14590798,809.14590798,0,0,0.2881760185904762,0.16526871812380953,0.7168734251820044,19,19,4.33586,3.44104075506
USDT,wanUSDT,2025-02-12T00:00:00.000Z,2025-02-12,1325617.7724261,1325617.772426101,951247.9368772199,951247.9368772209,374369.83554888,374369.83554888,0,0,829.79328865,829.79328865,0,0,0.2884386711809524,0.16558419483809525,0.7175883943604867,0,0,0,0
USDT,wanUSDT,2025-02-13T00:00:00.000Z,2025-02-13,1326283.46012812,1326283.4601281167,951913.62457924,951913.6245792366,374369.83554888,374369.83554888,0,0,811.63230437,811.63230437,0,0,0.28849075515238093,0.16564680911428573,0.7177301424270309,0,0,0,0
USDT,wanUSDT,2025-02-14T00:00:00.000Z,2025-02-14,1326945.34573841,1326945.3457384133,952575.51018953,952575.5101895332,374369.83554888,374369.83554888,0,0,831.21656609,831.21656609,0,0,0.28854249185714287,0.16570901631428572,0.7178709397187829,0,0,0,0
USDT,wanUSDT,2025-02-15T00:00:00.000Z,2025-02-15,1327613.63412869,1327613.6341286923,953243.79857981,953243.7985798123,374369.83554888,374369.83554888,0,0,813.028179,813.028179,0,0,0.28859467884285717,0.16577177538571428,0.7180129566910782,0,0,0,0
USDT,wanUSDT,2025-02-16T00:00:00.000Z,2025-02-16,1327568.68119169,1327568.6811916875,953898.8456428,953898.8456428024,373669.83554889,373669.835548885,0,0,795.04280704,795.04280704,0,0,0.288785177065,0.1660010773,0.7185312455709228,0,0,0,0
USDT,wanUSDT,2025-02-17T00:00:00.000Z,2025-02-17,1326147.21841298,1326147.2184129772,958976.95876416,958976.9587641581,367170.25964882,367170.25964881905,0,0,818.76343285,818.76343285,0,0,0.29048786527142856,0.16811424243333334,0.7231291276073496,2004.70164326,2004.70164326,6.5943,5.3865012006
USDT,wanUSDT,2025-02-18T00:00:00.000Z,2025-02-18,1321654.71948853,1321654.719488528,1155831.77654206,1155831.7765420557,165822.94294647,165822.94294647238,0,0,1117.0852019,1117.0852019,0,0,0.3474348658238095,0.24309958081904762,0.8745785347756054,0,0,0,0
USDT,wanUSDT,2025-02-19T00:00:00.000Z,2025-02-19,1325180.19026519,1325180.1902651878,1156779.15817527,1156779.1581752677,168401.03208992,168401.03208992,0,0,1172.585507,1172.585507,0,0,0.3467963491090909,0.2421809740409091,0.872922157468555,0,0,0,0
USDT,wanUSDT,2025-02-20T00:00:00.000Z,2025-02-20,1325574.83946352,1325574.8394635248,1157739.69457083,1157739.6945708334,167835.14489269,167835.14489269143,0,0,1095.76129361,1095.76129361,0,0,0.3469748962523809,0.2424347301047619,0.8733869831380878,0,0,0,0
USDT,wanUSDT,2025-02-21T00:00:00.000Z,2025-02-21,1325988.90892653,1325988.9089265282,1158668.20694041,1158668.206940408,167320.70198612,167320.70198612,0,0,1123.2472387,1123.2472387,0,0,0.34713907912857145,0.24266810046666668,0.873814397668388,0,0,0,0
USDT,wanUSDT,2025-02-22T00:00:00.000Z,2025-02-22,1326824.47723897,1326824.4772389773,1159622.6828958,1159622.6828958027,167201.79434317,167201.79434317455,0,0,1150.49579011,1150.49579011,0,0,0.34720403629545454,0.24276047520454547,0.8739834759709427,0,0,0,0
USDT,wanUSDT,2025-02-23T00:00:00.000Z,2025-02-23,1327689.18649038,1327689.1864903818,1160586.48184966,1160586.4818496618,167102.70464072,167102.70464072,0,0,1125.44878645,1125.44878645,0,0,0.3472642444333333,0.24284610572380952,0.8741401879883959,0,0,0,0
USDT,wanUSDT,2025-02-24T00:00:00.000Z,2025-02-24,1325951.12096134,1325951.1209613327,1161515.0829872699,1161515.0829872661,164436.03797407,164436.03797406665,0,0,1128.24646716,1128.24646716,0,0,0.34797443824761903,0.24385762045238096,0.8759879364903842,0,0,0,0
USDT,wanUSDT,2025-02-25T00:00:00.000Z,2025-02-25,1328039.51819479,1328039.5181947828,1172646.99537223,1172646.9953722246,155392.52282256,155392.52282255818,0,0,1172.1062632,1172.1062632,0,0,0.35067927612727273,0.24773807723181818,0.8830103545670505,172,172,2.1981,1.4524846971
USDT,wanUSDT,2025-02-26T00:00:00.000Z,2025-02-26,1353537.6740101401,1353537.674010138,1180646.9693694,1180646.969369398,172890.70464074,172890.70464074,0,0,1140.17275887,1140.17275887,0,0,0.3465449467095238,0.2418239237095238,0.87226752906761,0,0,0,0
USDT,wanUSDT,2025-02-27T00:00:00.000Z,2025-02-27,1354060.92258473,1354060.9225847265,1231297.96489259,1231297.9648925865,122762.95769214,122762.95769214,53394.41599256,53394.41599256,1539.74696451,1539.74696451,19071.08947137,19071.08947137,0.4942055586333333,0.36049955171904763,0.909344276332877,1079.67507054,1079.67507054,8.75792,5.68579428972
USDT,wanUSDT,2025-02-28T00:00:00.000Z,2025-02-28,1345978.8501770599,1345978.850177052,1235093.06154086,1235093.0615408532,110885.7886362,110885.78863619863,14492.22598094,14492.22598094,1795.74966613,1795.74966613,58.42096133,58.42096133,0.5429449229136364,0.39899328069545453,0.9176602151840036,0,0,0,0
USDT,wanUSDT,2025-03-01T00:00:00.000Z,2025-03-01,1345355.0497907097,1345355.0497907128,1226995.2572109099,1226995.2572109157,118359.7925798,118359.79257979714,99,99,1559.5398251,1559.5398251,30.56836358,30.56836358,0.4804619655,0.3506562852571429,0.9120367701853135,0.3,0.3,2.16362,1.37293372548
USDT,wanUSDT,2025-03-02T00:00:00.000Z,2025-03-02,1353047.03402465,1353047.034024661,1226741.29904183,1226741.299041839,126305.73498282,126305.7349828219,0,0,1407.51550227,1407.51550227,0,0,0.4239053703,0.3074964432142857,0.9066517868965935,0,0,0,0
USDT,wanUSDT,2025-03-03T00:00:00.000Z,2025-03-03,1358688.5921111803,1358688.5921111829,1224841.9341959902,1224841.9341959935,133846.65791519,133846.6579151895,3861,3861,1283.46688237,1283.46688237,1230.68852716,1230.68852716,0.38060049774285715,0.27452154883809526,0.9015024835857542,39,39,4.33586,4.64370606
USDT,wanUSDT,2025-03-04T00:00:00.000Z,2025-03-04,1343745.2300198402,1343745.230019839,1229449.30505258,1229449.30505258,114295.92496726,114295.92496725905,0,0,1695.13828506,1695.13828506,0,0,0.5463347546190476,0.40686656492857143,0.9155662238765546,70,70,6.49948,5.47093132496
USDT,wanUSDT,2025-03-05T00:00:00.000Z,2025-03-05,1338687.69258347,1338687.692583471,1222985.5626935,1222985.562693504,115702.12988997,115702.12988996714,0,0,1566.02843209,1566.02843209,0,0,0.5020117743952381,0.36763332640476193,0.913673496777128,0,0,0,0
USDT,wanUSDT,2025-03-06T00:00:00.000Z,2025-03-06,1340799.7103541202,1340799.7103541193,1221941.0695959101,1221941.069595912,118858.64075821,118858.64075820727,0,0,1638.46507965,1638.46507965,0,0,0.47561134825,0.3472673483045455,0.911417044969882,0,0,0,0
USDT,wanUSDT,2025-03-07T00:00:00.000Z,2025-03-07,1350976.8138875202,1350976.8138875277,1223130.1444863402,1223130.144486345,127846.66940118,127846.66940118285,0,0,1341.6190803,1341.6190803,0,0,0.41077367693809524,0.29753851064285713,0.9053692369143749,0,0,0,0
USDT,wanUSDT,2025-03-08T00:00:00.000Z,2025-03-08,1354046.01868702,1354046.01868702,1224279.88260247,1224279.8826024747,129766.13608455,129766.13608454546,0,0,1380.46545308,1380.46545308,0,0,0.39858380670454546,0.28831945924090907,0.9041659109180832,0,0,0,0
USDT,wanUSDT,2025-03-09T00:00:00.000Z,2025-03-09,1357147.0188601,1357147.0188600959,1225378.6527231,1225378.6527230958,131768.366137,131768.366137,0,0,1278.64726012,1278.64726012,0,0,0.38593258927619045,0.27876924378571427,0.9029078124515182,0,0,0,0
USDT,wanUSDT,2025-03-10T00:00:00.000Z,2025-03-10,1359824.9494281202,1359824.9494281188,1226460.5144353402,1226460.5144353393,133364.43499278,133364.4349927795,0,0,1314.43712494,1314.43712494,0,0,0.40511723066190475,0.29323785692380955,0.9020549579227423,0,0,0,0
USDT,wanUSDT,2025-03-11T00:00:00.000Z,2025-03-11,1376470.0403499801,1376470.0403499883,1227690.4848953702,1227690.4848953737,148779.55545461,148779.55545461454,0,0,1462.19842866,1462.19842866,0,0,0.4178583594318182,0.30046740784545456,0.8923154369283239,0,0,0,0
USDT,wanUSDT,2025-03-12T00:00:00.000Z,2025-03-12,1393605.80453967,1393605.8045396726,1228721.42111799,1228721.4211179926,164884.38342168,164884.38342168,0,0,1207.59951666,1207.59951666,0,0,0.3501661612523809,0.2469890178047619,0.8816850574650575,0,0,0,0
USDT,wanUSDT,2025-03-13T00:00:00.000Z,2025-03-13,1374717.8460778801,1374717.8460778706,1229962.1963033802,1229962.1963033755,144755.6497745,144755.649774495,0,0,1639.05176191,1639.05176191,0,0,0.4942930434727273,0.35774673485454545,0.8959455335430614,0,0,0,0
USDT,wanUSDT,2025-03-14T00:00:00.000Z,2025-03-14,1441521.64072493,1441521.640724934,1231072.29502331,1231072.2950233112,210449.34570162,210449.34570162286,0,0,1150.69522682,1150.69522682,0,0,0.33955213525714284,0.23198485365714286,0.8540096560833726,0,0,0,0
USDT,wanUSDT,2025-03-15T00:00:00.000Z,2025-03-15,1441857.1203000802,1441857.1203000797,1232052.17194204,1232052.1719420396,209804.94835804,209804.94835804,0,0,1179.57947236,1179.57947236,0,0,0.3397355189571429,0.23224042153333332,0.8544897734118273,0,0,0,0
USDT,wanUSDT,2025-03-16T00:00:00.000Z,2025-03-16,1442796.41501857,1442796.4150185606,1232941.37237715,1232941.3723771442,209855.04264142,209855.04264141637,1067.910256,1067.910256,1235.44719147,1235.44719147,340.90971146,340.90971146,0.33975845283181816,0.23227242295,0.8545497951394719,0,0,0,0
USDT,wanUSDT,2025-03-17T00:00:00.000Z,2025-03-17,1443668.00096385,1443668.0009638583,1232982.6216626798,1232982.6216626868,210685.37930117,210685.37930117143,0,0,1152.73679797,1152.73679797,0,0,0.3395722608809524,0.23201273086666666,0.8540624379970565,1.5,1.5,2.16362,1.5670558755
USDT,wanUSDT,2025-03-18T00:00:00.000Z,2025-03-18,1445342.40881483,1445342.408814832,1233958.84546114,1233958.8454611376,211383.56335369,211383.56335369454,0,0,1208.42950344,1208.42950344,0,0,0.33945272751363637,0.23184627334545455,0.8537494195751952,0,0,0,0
USDT,wanUSDT,2025-03-19T00:00:00.000Z,2025-03-19,1449569.2242012902,1449569.2242012871,1234955.84899219,1234955.848992191,214613.3752091,214613.37520909618,0,0,1179.72816239,1179.72816239,0,0,0.33876429592857144,0.2308873229857143,0.8519467870817281,0,0,0,0
USDT,wanUSDT,2025-03-20T00:00:00.000Z,2025-03-20,1450510.36666622,1450510.3666662166,1235924.61050474,1235924.6105047376,214585.75616148,214585.75616147905,0,0,1153.28900938,1153.28900938,0,0,0.33880825624761907,0.23094850574761905,0.8520619231643418,0,0,0,0
USDT,wanUSDT,2025-03-21T00:00:00.000Z,2025-03-21,1450918.38578769,1450918.3857876945,1236925.32313268,1236925.32313268,213993.06265501,213993.06265501454,0,0,1237.27676356,1237.27676356,0,0,0.3389801289636364,0.23118773062727271,0.8525120644089605,0,0,0,0
USDT,wanUSDT,2025-03-22T00:00:00.000Z,2025-03-22,1451882.8383856602,1451882.8383856607,1237916.51837668,1237916.5183766796,213966.32000898,213966.32000898095,0,0,1155.8047497,1155.8047497,0,0,0.33902457594761903,0.23124963359047618,0.8526284522085098,0,0,0,0
USDT,wanUSDT,2025-03-23T00:00:00.000Z,2025-03-23,1453067.5726781501,1453067.5726781436,1238889.43929911,1238889.4392991085,214178.13337904,214178.13337903525,0,0,1184.2723778,1184.2723778,0,0,0.3390148162904762,0.2312360332047619,0.8526028999403095,0,0,0,0
USDT,wanUSDT,2025-03-24T00:00:00.000Z,2025-03-24,1457788.41126035,1457788.4112603487,1239888.83616116,1239888.836161155,217899.57509919,217899.57509919364,0,0,1210.67834794,1210.67834794,0,0,0.3382267591590909,0.23014207472727272,0.8505373890329078,0,0,0,0
USDT,wanUSDT,2025-03-25T00:00:00.000Z,2025-03-25,1466906.3410124,1466906.3410123943,1240881.33528814,1240881.3352881381,226025.00572426,226025.0057242562,0,0,1178.40968123,1178.40968123,0,0,0.3364642868428571,0.22769675485238094,0.8459172278532112,0,0,0,0
USDT,wanUSDT,2025-03-26T00:00:00.000Z,2025-03-26,1467910.54006248,1467910.540062478,1243282.67719535,1243282.6771953495,224627.86286713,224627.86286712857,0,0,1154.13285278,1154.13285278,0,0,0.3368672571333333,0.2282544578904762,0.846974322736821,20,20,2.16362,1.62237314804
USDT,wanUSDT,2025-03-27T00:00:00.000Z,2025-03-27,1466809.63775665,1466809.6377566503,1244849.35255185,1244849.3525518458,221960.2852048,221960.28520480453,0,0,1240.1016441,1240.1016441,0,0,0.337517322,0.22915533021818182,0.8486789712156559,0,0,0,0
USDT,wanUSDT,2025-03-28T00:00:00.000Z,2025-03-28,1466430.44006385,1466430.4400638542,1245864.24576812,1245864.2457681228,220566.19429573,220566.19429573143,0,0,1187.0601899,1187.0601899,0,0,0.33786471825238096,0.22963713157142857,0.8495897400249928,0,0,0,0
USDT,wanUSDT,2025-03-29T00:00:00.000Z,2025-03-29,1462846.01200746,1462846.012007452,1246849.02824088,1246849.0282408763,215996.98376658,215996.98376657572,0,0,1191.07518946,1191.07518946,0,0,0.3389174009047619,0.23110108463809523,0.8523474226613651,0,0,0,0
USDT,wanUSDT,2025-03-30T00:00:00.000Z,2025-03-30,1447731.7274510898,1447731.7274510923,1248172.3939223299,1248172.393922333,199559.33352876,199559.3335287595,0,0,1203.56479503,1203.56479503,0,0,0.34266997293809526,0.2363506583,0.862161413774349,10,10,2.17224,1.4848020684
USDT,wanUSDT,2025-03-31T00:00:00.000Z,2025-03-31,1455124.92577033,1455124.92577033,1249508.14322486,1249508.1432248633,205616.78254547,205616.78254546667,0,0,1201.6037258,1201.6037258,0,0,0.3413440134571429,0.23448943598095237,0.8586970359563028,0,0,0,0
USDT,wanUSDT,2025-04-01T00:00:00.000Z,2025-04-01,1455296.57913743,1455296.5791374284,1250505.9373753201,1250505.9373753185,204790.64176211,204790.64176211,0,0,1001.99499487,1001.99499487,0,0,0.34156801289047617,0.234803594,0.8592824283908397,0,0,0,0
USDT,wanUSDT,2025-04-02T00:00:00.000Z,2025-04-02,1456965.33084579,1456965.3308457853,1251506.00517795,1251506.0051779454,205459.32566784,205459.32566784,0,0,979.1818655,979.1818655,0,0,0.34145266046666667,0.2346411647761905,0.8589813161410067,0,0,0,0
USDT,wanUSDT,2025-04-03T00:00:00.000Z,2025-04-03,1466366.69949838,1466366.6994983773,1253098.7996940701,1253098.7996940678,213267.89980431,213267.89980430953,0,0,1046.2618761,1046.2618761,0,0,0.3397649812818182,0.2322827487,0.8545662316541323,12.5,12.5,2.16362,1.36098837946
USDT,wanUSDT,2025-04-04T00:00:00.000Z,2025-04-04,1434561.4601569101,1434561.4601569066,1255876.3561444802,1255876.3561444813,178685.10401243,178685.10401242523,0,0,1125.32812717,1125.32812717,0,0,0.39387293747619045,0.2779355341047619,0.8763089879621873,20,20,2.16362,1.37194278752
USDT,wanUSDT,2025-04-05T00:00:00.000Z,2025-04-05,1411571.0884314799,1411571.0884314836,1257750.92309439,1257750.9230943923,153820.16533709,153820.16533709143,1195.498395,1195.498395,1039.52759836,1039.52759836,61.19330325,61.19330325,0.3537794724666667,0.2521959589619048,0.891053786299003,0,0,0,0
USDT,wanUSDT,2025-04-06T00:00:00.000Z,2025-04-06,1423899.6716772297,1423899.671677228,1257788.1796461698,1257788.1796461665,166111.49203106,166111.49203106144,0,0,1032.43599182,1032.43599182,0,0,0.35084403708095235,0.24798262394761905,0.8834337615601723,0,0,0,0
USDT,wanUSDT,2025-04-07T00:00:00.000Z,2025-04-07,1451064.0501863698,1451064.0501863651,1258804.0079987398,1258804.0079987352,192260.04218763,192260.04218763,0,0,1016.68192733,1016.68192733,0,0,0.34471701642380953,0.23923473783333332,0.8675040910927916,0,0,0,0
USDT,wanUSDT,2025-04-08T00:00:00.000Z,2025-04-08,1452084.58913947,1452084.5891394736,1259824.54695184,1259824.5469518437,192260.04218763,192260.04218763,0,0,1017.59414437,1017.59414437,0,0,0.34475272644761906,0.23928520326190475,0.8675972105457724,0,0,0,0
USDT,wanUSDT,2025-04-09T00:00:00.000Z,2025-04-09,1453100.40925071,1453100.4092507137,1260840.36706308,1260840.3670630837,192260.04218763,192260.04218763,0,0,1018.50472236,1018.50472236,0,0,0.34478822245238094,0.2393353708238095,0.8676897694237696,0,0,0,0
USDT,wanUSDT,2025-04-10T00:00:00.000Z,2025-04-10,1454139.20949623,1454139.209496233,1261879.1673086,1261879.167308603,192260.04218763,192260.04218763,0,0,1066.85753863,1066.85753863,0,0,0.3448244709590909,0.23938660664545455,0.8677842879618783,0,0,0,0
USDT,wanUSDT,2025-04-11T00:00:00.000Z,2025-04-11,1450113.12092835,1450113.1209283527,1262917.7146743098,1262917.7146743126,187195.40625404,187195.40625404,0,0,1023.20184586,1023.20184586,0,0,0.3460242176380952,0.24108543138571428,0.8709110317991723,0,0,0,0
USDT,wanUSDT,2025-04-12T00:00:00.000Z,2025-04-12,1450061.8668648002,1450061.8668647967,1263182.4458052502,1263182.445805251,186879.42105955,186879.4210595457,880.39702299,880.39702299,999.99606391,999.99606391,13.56541618,13.56541618,0.34610557983333334,0.24120048102857142,0.871123159755977,0,0,0,0
USDT,wanUSDT,2025-04-13T00:00:00.000Z,2025-04-13,1452311.2869133,1452311.2869133046,1264075.0154418899,1264075.0154418899,188236.27147141,188236.27147141477,0,0,1023.92832559,1023.92832559,0,0,0.3458245021952381,0.2408024457095238,0.8703906413625795,0,0,0,0
USDT,wanUSDT,2025-04-14T00:00:00.000Z,2025-04-14,1551033.9863989798,1551033.9863989856,1265072.8348830899,1265072.8348830948,285961.15151589,285961.15151589096,0,0,974.03779017,974.03779017,0,0,0.3251206355904762,0.21232589224761905,0.815983843883053,0,0,0,0
USDT,wanUSDT,2025-04-15T00:00:00.000Z,2025-04-15,1579939.0906799198,1579939.0906799235,1266035.39832141,1266035.3983214137,313903.69235851,313903.69235851,0,0,957.3566289,957.3566289,0,0,0.3195743260857143,0.20486481243809523,0.8013191116361997,0,0,0,0
USDT,wanUSDT,2025-04-16T00:00:00.000Z,2025-04-16,1581081.5343832201,1581081.5343832218,1267179.47838835,1267179.4783883481,313902.05599487,313902.05599487363,0,0,1002.93316269,1002.93316269,0,0,0.3196287326227273,0.20493665955454546,0.8014636864577245,9,9,2.16362,1.32716883524
USDT,wanUSDT,2025-04-17T00:00:00.000Z,2025-04-17,1582944.60047306,1582944.6004730638,1269119.05097169,1269119.0509716966,313825.54950137,313825.54950136715,30,30,960.12113568,960.12113568,0,0,0.31973488473809525,0.20507687323809523,0.8017457471862051,2.2,2.2,2.16362,1.33025415736
USDT,wanUSDT,2025-04-18T00:00:00.000Z,2025-04-18,1582040.31759716,1582040.317597161,1270077.48089578,1270077.4808957805,311962.83670138,311962.8367013805,0,0,961.85241603,961.85241603,0,0,0.3201357965238095,0.20560701435714285,0.8028107084299745,0,0,0,0
USDT,wanUSDT,2025-04-19T00:00:00.000Z,2025-04-19,1562881.16145054,1562881.1614505353,1271036.5531233,1271036.553123298,291844.60832724,291844.60832723713,0,0,972.49494517,972.49494517,0,0,0.32409695348571427,0.2108849708,0.8133114061200762,0,0,0,0
USDT,wanUSDT,2025-04-20T00:00:00.000Z,2025-04-20,1556363.49219598,1556363.4921959848,1272013.2196372598,1272013.2196372647,284350.27255872,284350.27255872,0,0,977.72349618,977.72349618,0,0,0.3256011941714286,0.21289063793809523,0.8172982831674173,0,0,0,0
USDT,wanUSDT,2025-04-21T00:00:00.000Z,2025-04-21,1557339.4831903297,1557339.483190325,1272989.1905173198,1272989.1905173194,284350.29267301,284350.2926730057,30,30,978.59714762,978.59714762,0,0,0.32564447444761907,0.21294876192380952,0.8174127702279059,0,0,0,0
USDT,wanUSDT,2025-04-22T00:00:00.000Z,2025-04-22,1559539.91201492,1559539.9120149305,1274774.7402943,1274774.7402943058,284765.17172062,284765.1717206248,0,0,979.99524301,979.99524301,0,0,0.3256413962285714,0.21294466587142857,0.8174046072122821,10,10,2.16362,1.34951902984
USDT,wanUSDT,2025-04-23T00:00:00.000Z,2025-04-23,1561756.25710467,1561756.2571046671,1275966.09414595,1275966.0941459471,285790.16295872,285790.16295872,0,0,1003.31401676,1003.31401676,0,0,0.3254911899090909,0.21274294663181817,0.817007272651303,0,0,0,0
USDT,wanUSDT,2025-04-24T00:00:00.000Z,2025-04-24,1563141.55599069,1563141.5559906936,1276966.39303197,1276966.3930319736,286175.16295872,286175.16295872,0,0,981.16920022,981.16920022,0,0,0.32545935621904765,0.2127002029952381,0.8169230604060141,0,0,0,0
USDT,wanUSDT,2025-04-25T00:00:00.000Z,2025-04-25,1561716.80735219,1561716.807352188,1277950.53772679,1277950.537726788,283766.2696254,283766.2696254,0,0,1006.06657813,1006.06657813,0,0,0.32597973476666664,0.21339946535238094,0.8182993697641933,0,0,0,0
USDT,wanUSDT,2025-04-26T00:00:00.000Z,2025-04-26,1587097.36886967,1587097.368869679,1278930.01572712,1278930.0157271246,308167.35314255,308167.3531425543,0,0,949.70309513,949.70309513,0,0,0.32127729278571426,0.2071211832952381,0.8058403763403744,0,0,0,0
USDT,wanUSDT,2025-04-27T00:00:00.000Z,2025-04-27,1586656.29260395,1586656.292603957,1279881.47651637,1279881.4765163723,306774.81608758,306774.81608758477,0,0,973.13105954,973.13105954,0,0,0.3215834238809524,0.20752539713333334,0.8066538864667158,0,0,0,0
USDT,wanUSDT,2025-04-28T00:00:00.000Z,2025-04-28,1598388.12105346,1598388.121053463,1280874.74866632,1280874.748666324,317513.37238714,317513.37238713907,0,0,991.64342773,991.64342773,0,0,0.3196152894409091,0.20493267229090908,0.8014205448478664,0,0,0,0
USDT,wanUSDT,2025-04-29T00:00:00.000Z,2025-04-29,1600869.92196632,1600869.9219663185,1281848.0155833599,1281848.015583357,319021.90638296,319021.90638296143,0,0,968.69075739,968.69075739,0,0,0.3193495649761905,0.2045685743,0.80072154406094,0,0,0,0
USDT,wanUSDT,2025-04-30T00:00:00.000Z,2025-04-30,1599700.05006624,1599700.0500662404,1282811.55735123,1282811.5573512304,316888.49271501,316888.49271501,0,0,948.11405708,948.11405708,0,0,0.31979578089047617,0.2051573212904762,0.8019075501332834,0,0,0,0
USDT,wanUSDT,2025-05-01T00:00:00.000Z,2025-05-01,1602803.80193827,1602803.8019382716,1283798.71517104,1283798.7151710445,319005.08676723,319005.0867672273,0,0,1015.78521592,1015.78521592,0,0,0.3194435512409091,0.20469232643181817,0.8009714896697201,0,0,0,0
USDT,wanUSDT,2025-05-02T00:00:00.000Z,2025-05-02,1605726.62479539,1605726.6247953933,1284776.03391855,1284776.0339185505,320950.59087684,320950.59087684285,0,0,970.32157317,970.32157317,0,0,0.3191239448904762,0.20427067015238096,0.8001219804522797,0,0,0,0
USDT,wanUSDT,2025-05-03T00:00:00.000Z,2025-05-03,1611203.29311434,1611203.2931143334,1285806.95211764,1285806.9521176377,325396.3409967,325396.34099669574,0,0,946.86569187,946.86569187,0,0,0.3183468389952381,0.20324937627142858,0.7980543192388839,5.5,5.5,2.16362,1.54422103002
USDT,wanUSDT,2025-05-04T00:00:00.000Z,2025-05-04,1619497.04105149,1619497.041051487,1287134.40238204,1287134.4023820409,332362.63866945,332362.63866944617,0,0,966.90192977,966.90192977,0,0,0.3171136798238095,0.20162700596190475,0.794774154649921,0,0,0,0
USDT,wanUSDT,2025-05-05T00:00:00.000Z,2025-05-05,1620588.81382604,1620588.8138260366,1287957.12177432,1287957.1217743172,332631.69205172,332631.6920517195,423.48385656,423.48385656,1012.51492258,1012.51492258,0.74027417,0.74027417,0.31710327655454545,0.2016133753,0.7947464520171587,0,0,0,0
USDT,wanUSDT,2025-05-06T00:00:00.000Z,2025-05-06,1622000.95656665,1622000.9565666448,1288676.60781057,1288676.607810569,333324.34875608,333324.3487560757,0,0,945.29482503,945.29482503,0,0,0.31700998405714287,0.20149105817619048,0.7944980701932348,31.5,31.5,4.32724,2.85689144764
USDT,wanUSDT,2025-05-07T00:00:00.000Z,2025-05-07,1624333.52833426,1624333.5283342595,1292651.00061656,1292651.0006165605,331682.5277177,331682.52771769906,0,0,972.43772171,972.43772171,0,0,0.31750173754761907,0.20213669485238095,0.7958068331242826,0,0,0,0
USDT,wanUSDT,2025-05-08T00:00:00.000Z,2025-05-08,1638824.72061776,1638824.720617768,1292954.35938393,1292954.3593839332,345870.36123383,345870.3612338345,0,0,988.58249584,988.58249584,0,0,0.3149287712181818,0.19877118386363637,0.7889522847422707,0,0,0,0
USDT,wanUSDT,2025-05-09T00:00:00.000Z,2025-05-09,1637964.5314669898,1637964.5314669835,1291470.2613460699,1291470.261346065,346494.27012092,346494.2701209186,0,0,900.89249618,900.89249618,0,0,0.31476326939285715,0.19856505705,0.7885057868655603,0,0,0,0
USDT,wanUSDT,2025-05-10T00:00:00.000Z,2025-05-10,1994841.4937333101,1994841.4937333066,1294945.34667645,1294945.3466764516,699896.14705686,699896.147056855,0,0,933.83200523,933.83200523,0,0,0.26805681826666666,0.14403417508333333,0.6604979953158545,31.726717,31.726717,4.32724,3.42928577312
USDT,wanUSDT,2025-05-11T00:00:00.000Z,2025-05-11,2171791.8413191102,2171791.841319116,1294453.67939685,1294453.679396852,877338.16192226,877338.1619222639,2583.22858,2583.22858,684.31636744,684.31636744,1259.63780133,1259.63780133,0.24453946028,0.11660238858,0.5960302758065851,0,0,0,0
USDT,wanUSDT,2025-05-12T00:00:00.000Z,2025-05-12,1855893.82239164,1855893.822391645,1293359.81426425,1293359.8142642549,562534.00812739,562534.00812739,66.03783495,66.03783495,913.01852139,913.01852139,0.59025674,0.59025674,0.2876444447,0.16774951186666667,0.7137216162920876,0,0,0,0
USDT,wanUSDT,2025-05-13T00:00:00.000Z,2025-05-13,1572786.9676313102,1572786.9676313102,1294080.19507992,1294080.19507992,278706.77255139,278706.77255139,0,0,1073.95568996,1073.95568996,0,0,0.32768049136666666,0.21569091821666667,0.8227943207578355,0,0,0,0
USDT,wanUSDT,2025-05-14T00:00:00.000Z,2025-05-14,1576487.14394353,1576487.1439435342,1295067.48877694,1295067.488776944,281419.65516659,281419.65516659,0,0,910.91946388,910.91946388,0,0,0.32718824808,0.21502738068,0.8214935428805894,0,0,0,0
USDT,wanUSDT,2025-05-15T00:00:00.000Z,2025-05-15,1545654.9614418999,1545654.9614419,1296055.28693937,1296055.2869393684,249599.67450253,249599.67450253168,0,0,1088.49172632,1088.49172632,0,0,0.3336890364,0.22389508316666668,0.8386160215957086,0,0,0,0
USDT,wanUSDT,2025-05-16T00:00:00.000Z,2025-05-16,1537067.4031016799,1537067.4031016862,1297057.21153811,1297057.2115381141,240010.19156357,240010.191563572,0,0,907.75158561,907.75158561,0,0,0.33567768406,0.2266102313,0.8438526322416818,0,0,0,0
USDT,wanUSDT,2025-05-17T00:00:00.000Z,2025-05-17,1537801.03311028,1537801.03311028,1298061.8046177002,1298061.8046177002,239739.22849258,239739.22849258,0,0,1100.45472666,1100.45472666,0,0,0.33577284576666666,0.22674137631666666,0.8441025639157977,0,0,0,0
USDT,wanUSDT,2025-05-18T00:00:00.000Z,2025-05-18,1538872.44553644,1538872.44553644,1299166.55037718,1299166.55037718,239705.89515926,239705.89515926,0,0,1125.37509349,1125.37509349,0,0,0.3358224439,0.22680984853333333,0.8442327638119501,0,0,0,0
USDT,wanUSDT,2025-05-19T00:00:00.000Z,2025-05-19,1540858.54854805,1540858.5485480519,1300171.29140899,1300171.291408988,240687.25713906,240687.257139064,0,0,910.69952704,910.69952704,0,0,0.33565696062,0.2265817339,0.8437981711111033,0,0,0,0
USDT,wanUSDT,2025-05-20T00:00:00.000Z,2025-05-20,1546840.72923776,1546840.7292377602,1301178.22900951,1301178.2290095068,245662.50022825,245662.50022825334,0,0,1099.9656628,1099.9656628,0,0,0.3346617224333333,0.22520981461666667,0.841184477591274,0,0,0,0
USDT,wanUSDT,2025-05-21T00:00:00.000Z,2025-05-21,1582997.4858563398,1582997.485856336,1302189.04745455,1302189.047454546,280808.43840179,280808.43840179,0,0,921.65462668,921.65462668,0,0,0.32772396692,0.21580814706,0.8228777379918951,0,0,0,0
USDT,wanUSDT,2025-05-22T00:00:00.000Z,2025-05-22,1608189.36383972,1608189.3638397185,1303165.87072,1303165.8707199951,305023.49311972,305023.49311972334,0,0,1068.02803661,1068.02803661,0,0,0.3229700302333333,0.20937015285,0.810331168672032,0,0,0,0
USDT,wanUSDT,2025-05-23T00:00:00.000Z,2025-05-23,1657041.8382862501,1657041.8382862483,1306229.37303018,1306229.3730301782,350812.46525607,350812.46525607,0,0,1059.28939211,1059.28939211,0,0,0.3152404015,0.1994451233,0.7896385360583876,30,30,2.16362,1.7557559938
USDT,wanUSDT,2025-05-24T00:00:00.000Z,2025-05-24,1752223.4787921202,1752223.47879212,1308162.25399894,1308162.253998942,444061.22479318,444061.224793178,0,0,827.64586707,827.64586707,0,0,0.29913308226,0.17866024156,0.746573881645129,0,0,0,0
USDT,wanUSDT,2025-05-25T00:00:00.000Z,2025-05-25,1751955.2684204,1751955.2684203933,1309083.5545344301,1309083.5545344267,442871.71388597,442871.7138859667,0,0,1003.77619289,1003.77619289,0,0,0.2993697907833333,0.1789543717,0.7472128792701819,0,0,0,0
USDT,wanUSDT,2025-05-26T00:00:00.000Z,2025-05-26,1752933.5964201,1752933.596420095,1310087.71022275,1310087.7102227483,442845.88619735,442845.88619734667,0,0,1004.72480477,1004.72480477,0,0,0.2994275306,0.17902621136666666,0.7473686979917487,0,0,0,0
USDT,wanUSDT,2025-05-27T00:00:00.000Z,2025-05-27,1753846.3552308301,1753846.355230832,1311007.11153099,1311007.111530992,442839.24369984,442839.24369984,0,0,852.54067594,852.54067594,0,0,0.29947765672,0.17908858972,0.7475039638504054,0,0,0,0
USDT,wanUSDT,2025-05-28T00:00:00.000Z,2025-05-28,1754402.90794358,1754402.9079435784,1311924.4703103101,1311924.4703103066,442478.43763327,442478.4376332717,0,0,1006.59356282,1006.59356282,0,0,0.2995835581833333,0.1792204087,0.747789722407112,0,0,0,0
USDT,wanUSDT,2025-05-29T00:00:00.000Z,2025-05-29,1754435.5938650502,1754435.5938650481,1312842.7459488302,1312842.7459488302,441592.84791622,441592.847916218,0,0,832.43702853,832.43702853,0,0,0.29977248084,0.1794557229,0.748299415934942,0,0,0,0
USDT,wanUSDT,2025-05-30T00:00:00.000Z,2025-05-30,1749925.3367359599,1749925.3367359517,1313773.09147245,1313773.0914724467,436152.24526351,436152.245263505,0,0,1010.68010263,1010.68010263,0,0,0.30068571505,0.18059537071666668,0.7507620517960298,0,0,0,0
USDT,wanUSDT,2025-05-31T00:00:00.000Z,2025-05-31,1746926.8415153502,1746926.8415153502,1314782.24238766,1314782.24238766,432144.59912769,432144.59912769,0,0,1014.01191868,1014.01191868,0,0,0.3013771128666667,0.1814593723,0.7526258354218879,0,0,0,0
USDT,wanUSDT,2025-06-01T00:00:00.000Z,2025-06-01,1747970.45507024,1747970.4550702441,1315710.2762097,1315710.276209704,432260.17886054,432260.17886054,0,0,860.52014587,860.52014587,0,0,0.30140739226,0.18149727052,0.7527074264081777,0,0,0,0
USDT,wanUSDT,2025-06-02T00:00:00.000Z,2025-06-02,1749327.38639969,1749327.3863996866,1316635.97289495,1316635.9728949466,432691.41350474,432691.41350474,0,0,1015.57441631,1015.57441631,0,0,0.30138707685,0.18147183551666668,0.7526526887794732,20,20,2.16362,1.47764860624
USDT,wanUSDT,2025-06-03T00:00:00.000Z,2025-06-03,1751618.61916613,1751618.61916613,1319653.26566706,1319653.2656670567,431965.35349907,431965.35349907336,0,0,1018.78035491,1018.78035491,0,0,0.3016613674333333,0.18181547786666666,0.7533916108835632,0,0,0,0
USDT,wanUSDT,2025-06-04T00:00:00.000Z,2025-06-04,1717384.56101594,1717384.561015938,1320588.47565049,1320588.47565049,396796.08536545,396796.085365448,0,0,848.40978813,848.40978813,0,0,0.30768331178,0.18954455102,0.7695143745198948,0,0,0,0
USDT,wanUSDT,2025-06-05T00:00:00.000Z,2025-06-05,1661772.7199812098,1661772.7199812052,1321552.3567992,1321552.356799195,340220.36318201,340220.36318201,0,0,1066.3623313,1066.3623313,0,0,0.31729866121666667,0.20186962313333334,0.7952666027968411,0,0,0,0
USDT,wanUSDT,2025-06-06T00:00:00.000Z,2025-06-06,1659438.84818533,1659438.8481853302,1322528.58329672,1322528.5832967241,336910.26488861,336910.264888606,0,0,906.05169253,906.05169253,0,0,0.31794129268,0.20271416422,0.796976477496929,0,0,0,0
USDT,wanUSDT,2025-06-07T00:00:00.000Z,2025-06-07,1584931.57473451,1584931.5747345067,1323386.63274853,1323386.63274853,261544.94198598,261544.94198597668,192.34931444,192.34931444,1098.59688775,1098.59688775,33.22161018,33.22161018,0.33309751731666665,0.22347891488333332,0.8368486982037578,0,0,0,0
USDT,wanUSDT,2025-06-08T00:00:00.000Z,2025-06-08,1511054.33289862,1511054.3328986182,1324465.2780123302,1324465.2780123283,186589.05488629,186589.05488629,0,0,1158.59397081,1158.59397081,0,0,0.3481778613666667,0.24414713736666666,0.8765173073630855,0,0,0,0
USDT,wanUSDT,2025-06-09T00:00:00.000Z,2025-06-09,1512211.78237366,1512211.7823736581,1325523.79868477,1325523.7986847681,186687.98368889,186687.98368889,0,0,957.87595219,957.87595219,0,0,0.34818904632,0.244163084,0.8765463992430471,0,0,0,0
USDT,wanUSDT,2025-06-10T00:00:00.000Z,2025-06-10,1513271.2316527902,1513271.2316527902,1326583.2479639002,1326583.2479639002,186687.98368889,186687.98368889,0,0,1160.5511872,1160.5511872,0,0,0.3482222761,0.24421046313333333,0.8766328279225659,0,0,0,0
USDT,wanUSDT,2025-06-11T00:00:00.000Z,2025-06-11,1524828.72832176,1524828.7283217583,1327737.29922487,1327737.2992248684,197091.42909689,197091.42909689,0,0,1156.1828952,1156.1828952,0,0,0.34596049396666667,0.24099475078333332,0.8707451962019095,0,0,0,0
USDT,wanUSDT,2025-06-12T00:00:00.000Z,2025-06-12,1525885.71073967,1525885.710739668,1328794.2816427802,1328794.281642778,197091.42909689,197091.42909689,0,0,980.13427166,980.13427166,0,0,0.34599486178,0.2410434746,0.8708347328992112,0,0,0,0
USDT,wanUSDT,2025-06-13T00:00:00.000Z,2025-06-13,1524607.57992984,1524607.57992984,1329643.32429509,1329643.3242950933,194964.25563475,194964.25563474666,1058.85622387,1058.85622387,1158.57676147,1158.57676147,58.85622387,58.85622387,0.3464892933666667,0.2417451463,0.8721224726108483,15,15,2.31016,1.47421936336
USDT,wanUSDT,2025-06-14T00:00:00.000Z,2025-06-14,1537426.58624928,1537426.5862492786,1331444.09239547,1331444.0923954719,205982.49385381,205982.49385380666,0,0,1156.92868766,1156.92868766,0,0,0.3441719034,0.23847720651666668,0.866075787007488,0,0,0,0
USDT,wanUSDT,2025-06-15T00:00:00.000Z,2025-06-15,1556748.21076864,1556748.2107686421,1332495.15603249,1332495.1560324922,224253.05473615,224253.05473615,0,0,944.74348877,944.74348877,0,0,0.34029267548,0.23301820376,0.8559477633656778,0,0,0,0
USDT,wanUSDT,2025-06-16T00:00:00.000Z,2025-06-16,1557797.23951023,1557797.2395102284,1333544.18477408,1333544.1847740784,224253.05473615,224253.05473615,0,0,1144.61620818,1144.61620818,0,0,0.34032975275,0.23307000343333334,0.8560447671384668,0,0,0,0
USDT,wanUSDT,2025-06-17T00:00:00.000Z,2025-06-17,1558843.8598024,1558843.859802404,1334590.80506625,1334590.805066254,224253.05473615,224253.05473615,0,0,971.29517726,971.29517726,0,0,0.34036669754,0.23312162284,0.8561414216977837,0,0,0,0
USDT,wanUSDT,2025-06-18T00:00:00.000Z,2025-06-18,1561146.73349742,1561146.7334974082,1334714.70073293,1334714.7007329199,226432.03276449,226432.03276448834,1336.41832638,1336.41832638,1145.29332819,1145.29332819,106.25040603,106.25040603,0.3399155354833333,0.23249219488333334,0.8549605954062541,0,0,0,0
USDT,wanUSDT,2025-06-19T00:00:00.000Z,2025-06-19,1573279.80789575,1573279.8078957566,1335434.76318912,1335434.7631891232,237845.04470663,237845.04470663334,0,0,1139.54414186,1139.54414186,0,0,0.33757399206666666,0.22923475455,0.8488270996756742,0,0,0,0
USDT,wanUSDT,2025-06-20T00:00:00.000Z,2025-06-20,1584803.37243563,1584803.3724356282,1336470.18651152,1336470.186511516,248333.18592411,248333.185924112,0,0,936.55363224,936.55363224,0,0,0.33547154556,0.22632716256,0.8433106882706227,0,0,0,0
USDT,wanUSDT,2025-06-21T00:00:00.000Z,2025-06-21,1591405.05360479,1591405.05360479,1338012.49600194,1338012.49600194,253392.55760285,253392.55760285,0,0,1131.0405334,1131.0405334,0,0,0.3345056067,0.22499511151666668,0.8407742189306198,30,30,2.31016,1.305254651607199
USDT,wanUSDT,2025-06-22T00:00:00.000Z,2025-06-22,1592523.46846268,1592523.4684626784,1339991.22252089,1339991.2225208883,252532.24594179,252532.24594179,2474.32068004,2474.32068004,1135.42011528,1135.42011528,353.46139748,353.46139748,0.33475385643333333,0.2253367562,0.8414264738064906,0,0,0,0
USDT,wanUSDT,2025-06-23T00:00:00.000Z,2025-06-23,1593570.80829855,1593570.8082985543,1337128.5496197701,1337128.5496197701,256442.25867878,256442.258678784,0,0,961.25061666,961.25061666,0,0,0.33385980772,0.22410725704,0.8390769541595046,0,0,0,0
USDT,wanUSDT,2025-06-24T00:00:00.000Z,2025-06-24,1595620.99472079,1595620.9947207936,1338157.39752386,1338157.3975238618,257463.59719693,257463.59719693166,0,0,1134.08158541,1134.08158541,0,0,0.33369537378333336,0.22388163936666666,0.8386445549442998,0,0,0,0
USDT,wanUSDT,2025-06-25T00:00:00.000Z,2025-06-25,1599157.4808825802,1599157.4808825841,1339185.88788799,1339185.887887994,259971.59299459,259971.59299459,0,0,936.15916488,936.15916488,0,0,0.33323429356,0.22324888784,0.837432145803084,0,0,0,0
USDT,wanUSDT,2025-06-26T00:00:00.000Z,2025-06-26,1602260.38219419,1602260.38219419,1340221.6433677701,1340221.6433677666,262038.73882642,262038.73882642333,0,0,1133.2865762,1133.2865762,0,0,0.3328637329,0.22274114785,0.8364573348413133,0,0,0,0
USDT,wanUSDT,2025-06-27T00:00:00.000Z,2025-06-27,1604236.85225586,1604236.8522558552,1341349.6065372,1341349.6065371968,262887.24571866,262887.2457186583,0,0,1134.64578297,1134.64578297,0,0,0.3327425715,0.22257689685,0.8361376579233499,0,0,0,0
USDT,wanUSDT,2025-06-28T00:00:00.000Z,2025-06-28,1618581.03984659,1618581.039846596,1341964.68534614,1341964.685346144,276616.35450045,276616.354500452,517.76098783,517.76098783,955.24147672,955.24147672,9.04183593,9.04183593,0.33007023986,0.21892924758,0.8291002365539569,0,0,0,0
USDT,wanUSDT,2025-06-29T00:00:00.000Z,2025-06-29,1628037.1070312797,1628037.107031283,1342881.6305141998,1342881.630514203,285155.47651708,285155.47651708,0,0,1123.0586313,1123.0586313,0,0,0.3284595904,0.21674509773333334,0.8248510009656516,0,0,0,0
USDT,wanUSDT,2025-06-30T00:00:00.000Z,2025-06-30,1630714.97739468,1630714.9773946765,1343994.0425791,1343994.0425790965,286720.93481558,286720.93481558,0,0,1122.3644069,1122.3644069,0,0,0.32820323875,0.21639744573333333,0.8241747026140512,0,0,0,0
USDT,wanUSDT,2025-07-01T00:00:00.000Z,2025-07-01,1631713.07553571,1631713.0755357118,1345017.74072013,1345017.740720128,286695.33481558,286695.334815584,0,0,927.96898522,927.96898522,0,0,0.32824991954,0.21646058744,0.824297942671419,0,0,0,0
USDT,wanUSDT,2025-07-02T00:00:00.000Z,2025-07-02,1642973.4404305,1642973.4404304998,1346041.66824057,1346041.6682405665,296931.77218993,296931.77218993334,0,0,1119.61385237,1119.61385237,0,0,0.32634746233333334,0.2138938381,0.81927181739209,0,0,0,0
USDT,wanUSDT,2025-07-03T00:00:00.000Z,2025-07-03,1645924.16306629,1645924.16306629,1346813.69095084,1346813.69095084,299110.47211545,299110.47211545,246.11079599,246.11079599,948.12300718,948.12300718,2.7087417,2.7087417,0.32596949052,0.21338552816,0.818272367649899,0,0,0,0
USDT,wanUSDT,2025-07-04T00:00:00.000Z,2025-07-04,1648262.00458026,1648262.0045802668,1347828.33575867,1347828.3357586735,300433.66882159,300433.66882159334,0,0,1118.4256377,1118.4256377,0,0,0.32576337135,0.21310851131666667,0.8177272418251332,0,0,0,0
USDT,wanUSDT,2025-07-05T00:00:00.000Z,2025-07-05,1655930.62655016,1655930.6265501617,1348935.9878658901,1348935.9878658918,306994.63868427,306994.63868427,0,0,1116.14929101,1116.14929101,0,0,0.3245849662,0.21152787978333334,0.8146090316877238,0,0,0,0
USDT,wanUSDT,2025-07-06T00:00:00.000Z,2025-07-06,1659703.63296826,1659703.6329682542,1348952.42440762,1348952.4244076181,310751.20856064,310751.208560636,4980.02,4980.02,921.00494724,921.00494724,978.65309084,978.65309084,0.32389137242,0.21060151626,0.812771556404206,0,0,0,0
USDT,wanUSDT,2025-07-07T00:00:00.000Z,2025-07-07,1664442.57017378,1664442.570173778,1345981.76210768,1345981.7621076782,318460.8080661,318460.8080661,0,0,1106.53808707,1106.53808707,0,0,0.3223427670833333,0.20853467251666666,0.8086681840949692,0,0,0,0
USDT,wanUSDT,2025-07-08T00:00:00.000Z,2025-07-08,1665039.2423835099,1665039.2423835099,1345792.4908187499,1345792.4908187466,319246.75156476,319246.7515647633,1285.900941,1285.900941,1105.95597736,1105.95597736,17.25967189,17.25967189,0.3221906764,0.20833235425,0.8082648260417742,0,0,0,0
USDT,wanUSDT,2025-07-09T00:00:00.000Z,2025-07-09,1858891.94417051,1858891.944170506,1346766.57293526,1346766.57293526,512125.37123525,512125.371235246,0,0,853.94844602,853.94844602,0,0,0.29119181772,0.1690104772,0.7250176879904615,0,0,0,0
USDT,wanUSDT,2025-07-10T00:00:00.000Z,2025-07-10,1880551.69984568,1880551.6998456768,1347676.0041637,1347676.004163695,532875.69568198,532875.6956819816,0,0,1003.72980086,1003.72980086,0,0,0.28808982763333335,0.16516513586666667,0.7166388350180315,0,0,0,0
USDT,wanUSDT,2025-07-11T00:00:00.000Z,2025-07-11,1915765.8763308101,1915765.8763308167,1348190.23959682,1348190.2395968232,567575.63673399,567575.6367339933,0,0,1004.66851271,1004.66851271,0,0,0.2837763120833333,0.16019902431666666,0.7047791263364471,0,0,0,0
USDT,wanUSDT,2025-07-12T00:00:00.000Z,2025-07-12,2087021.20515993,2087021.2051599342,1349064.2485279301,1349064.248527934,737956.956632,737956.956632,0,0,784.85033312,784.85033312,0,0,0.26254778144,0.13577009126,0.6464065804395056,0,0,0,0
USDT,wanUSDT,2025-07-13T00:00:00.000Z,2025-07-13,2087539.09774477,2087539.09774477,1349904.30763171,1349904.30763171,737634.79011306,737634.79011306,0,0,926.56387737,926.56387737,0,0,0.2626349341,0.13586601665,0.6466486291399691,0,0,0,0
USDT,wanUSDT,2025-07-14T00:00:00.000Z,2025-07-14,2088379.85744884,2088379.857448836,1350745.06733578,1350745.067335776,737634.79011306,737634.79011306,0,0,766.04510468,766.04510468,0,0,0.26268615838,0.135922411,0.6467908864896649,0,0,0,0
USDT,wanUSDT,2025-07-15T00:00:00.000Z,2025-07-15,2089223.984075,2089223.984075,1351589.19396194,1351589.19396194,737634.79011306,737634.79011306,0,0,928.06895818,928.06895818,0,0,0.26273754725,0.1359789973,0.6469335948618135,0,0,0,0
USDT,wanUSDT,2025-07-16T00:00:00.000Z,2025-07-16,2085364.2772163101,2085364.2772163064,1352516.45055703,1352516.4505570265,732847.82665928,732847.82665928,0,0,930.12309684,930.12309684,0,0,0.2633296452,0.13663204163333334,0.6485772821149189,0,0,0,0
USDT,wanUSDT,2025-07-17T00:00:00.000Z,2025-07-17,2076070.39897521,2076070.398975212,1353364.31600565,1353364.316005654,722706.08296956,722706.082969558,0,0,791.51387512,791.51387512,0,0,0.26452806622,0.137959516,0.6519010014166499,0,0,0,0
USDT,wanUSDT,2025-07-18T00:00:00.000Z,2025-07-18,1888971.62941065,1888971.6294106464,1354238.5754716,1354238.5754715982,534733.05393905,534733.0539390483,0,0,997.19377339,997.19377339,0,0,0.28866064366666666,0.16605325721666667,0.7180817682758539,0,0,0,0
USDT,wanUSDT,2025-07-19T00:00:00.000Z,2025-07-19,2370551.9557294,2370551.9557293965,1355176.38695141,1355176.3869514067,1015375.56877799,1015375.56877799,0,0,872.44467328,872.44467328,0,0,0.23592402765,0.10789678573333333,0.5716712401951447,0,0,0,0
USDT,wanUSDT,2025-07-20T00:00:00.000Z,2025-07-20,2369792.4037698,2369792.403769798,1355943.16108354,1355943.161083538,1013849.24268626,1013849.24268626,0,0,698.77572574,698.77572574,0,0,0.23610266336,0.1080742063,0.5721780320099153,0,0,0,0
USDT,wanUSDT,2025-07-21T00:00:00.000Z,2025-07-21,2360620.5549987,2360620.554998697,1356720.25698474,1356720.2569847384,1003900.29801396,1003900.2980139584,0,0,849.53854182,849.53854182,0,0,0.23702240251666667,0.10899748061666667,0.5747818749268411,0,0,0,0
USDT,wanUSDT,2025-07-22T00:00:00.000Z,2025-07-22,2322283.27122455,2322283.271224556,1357494.65766715,1357494.6576671521,964788.6135574,964788.613557404,0,0,725.05511166,725.05511166,0,0,0.24057119366,0.11259405816,0.5848096972397048,0,0,0,0
USDT,wanUSDT,2025-07-23T00:00:00.000Z,2025-07-23,2263559.91146743,2263559.911467425,1358286.15048689,1358286.150486885,905273.76098054,905273.76098054,0,0,879.21886836,879.21886836,0,0,0.24597273893333332,0.11807997195,0.6000663523490175,0,0,0,0
USDT,wanUSDT,2025-07-24T00:00:00.000Z,2025-07-24,2200924.80507502,2200924.8050750215,1359161.38377564,1359161.3837756433,841763.42129938,841763.4212993784,0,0,894.12872784,894.12872784,0,0,0.25239721163333334,0.12488755836666666,0.6180549872693826,0,0,0,0
USDT,wanUSDT,2025-07-25T00:00:00.000Z,2025-07-25,2136532.31885322,2136532.318853222,1359990.33923499,1359990.339234994,776541.97961823,776541.979618228,0,0,761.50973853,761.50973853,0,0,0.25900069434,0.13189168274,0.6365410530522105,0,0,0,0
USDT,wanUSDT,2025-07-26T00:00:00.000Z,2025-07-26,2134358.93086938,2134358.930869382,1360836.46992961,1360836.4699296118,773522.46093977,773522.46093977,0,0,923.4214177,923.4214177,0,0,0.25937612278333333,0.13229995208333334,0.6375864648705225,0,0,0,0
USDT,wanUSDT,2025-07-27T00:00:00.000Z,2025-07-27,2237241.30140498,2237241.301404978,1361741.99837111,1361741.9983711117,875499.30303387,875499.3030338667,0,0,898.95519012,898.95519012,0,0,0.24914104688333333,0.12142069291666667,0.6089468509491504,0,0,0,0
USDT,wanUSDT,2025-07-28T00:00:00.000Z,2025-07-28,2258958.5611634804,2258958.561163484,1362548.5975751001,1362548.5975751039,896409.96358838,896409.96358838,0,0,750.77173122,750.77173122,0,0,0.24707800238,0.11922512986,0.6031755577168753,0,0,0,0
USDT,wanUSDT,2025-07-29T00:00:00.000Z,2025-07-29,2258349.3586236397,2258349.3586236434,1362609.6183971,1362609.6183971034,895739.74022654,895739.74022654,0,0,886.18981397,886.18981397,0,0,0.24714562296666667,0.11929542021666667,0.6033656531946145,0,0,0,0
USDT,wanUSDT,2025-07-30T00:00:00.000Z,2025-07-30,2255580.9963242,2255580.996324202,1363413.79998177,1363413.79998177,892167.19634243,892167.196342432,0,0,733.49037291,733.49037291,0,0,0.2475357572,0.1197008773,0.6044624454147207,0,0,0,0
USDT,wanUSDT,2025-07-31T00:00:00.000Z,2025-07-31,2255768.9875760903,2255768.987576085,1364225.0507040601,1364225.050704055,891543.93687203,891543.93687203,0,0,888.93072126,888.93072126,0,0,0.24764574928333333,0.11981529506666666,0.604771609738248,0,0,0,0
USDT,wanUSDT,2025-08-01T00:00:00.000Z,2025-08-01,2243340.30191077,2243340.301910765,1377615.9691263,1377615.9691263,865724.33278447,865724.332784465,0,0,896.94968133,896.94968133,0,0,0.25097673285,0.1233109403,0.6141172673848482,150,150,2.34464,1.713427873786637
USDT,wanUSDT,2025-08-02T00:00:00.000Z,2025-08-02,2231484.00710744,2231484.007107444,1380947.26670439,1380947.2667043922,850536.74040305,850536.740403052,0,0,769.32274478,769.32274478,0,0,0.25266385648,0.12508822308,0.6188470337086769,7,7,2.31016,1.625993847315252
USDT,wanUSDT,2025-08-03T00:00:00.000Z,2025-08-03,2233924.1829807097,2233924.18298071,1382478.37937537,1382478.3793753735,851445.80360534,851445.8036053367,0,0,908.47493208,908.47493208,0,0,0.2526672440166667,0.12509182441666666,0.6188565123654102,0,0,0,0
USDT,wanUSDT,2025-08-04T00:00:00.000Z,2025-08-04,2227836.2490307097,2227836.2490307083,1383388.00004522,1383388.000045215,844448.24898549,844448.2489854933,0,0,910.94003402,910.94003402,0,0,0.2534176222166667,0.12588913565,0.6209563666990395,0,0,0,0
USDT,wanUSDT,2025-08-05T00:00:00.000Z,2025-08-05,2219294.19593846,2219294.1959384643,1384223.7278446401,1384223.727844642,835070.46809382,835070.468093822,0,0,755.69878409,755.69878409,0,0,0.25440673706,0.12694336484,0.6237224981016425,0,0,0,0
USDT,wanUSDT,2025-08-06T00:00:00.000Z,2025-08-06,2220085.59645558,2220085.596455582,1385064.36145574,1385064.3614557418,835021.23499984,835021.23499984,0,0,915.90010238,915.90010238,0,0,0.25446265391666667,0.12700308601666666,0.6238788052854918,0,0,0,0
USDT,wanUSDT,2025-08-07T00:00:00.000Z,2025-08-07,2221306.63073618,2221306.6307361843,1385904.3304252801,1385904.330425284,835402.3003109,835402.3003109001,0,0,757.21460311,757.21460311,0,0,0.25447528148,0.1270165844,0.62391409731687,0,0,0,0
USDT,wanUSDT,2025-08-08T00:00:00.000Z,2025-08-08,2222311.41780896,2222311.4178089653,1386744.71589325,1386744.7158932518,835566.70191571,835566.7019157134,0,0,917.05961288,917.05961288,0,0,0.2545096637,0.1270533303,0.6240101940539049,0,0,0,0
USDT,wanUSDT,2025-08-09T00:00:00.000Z,2025-08-09,2221855.84442913,2221855.8444291335,1387665.91540699,1387665.9154069934,834189.92902214,834189.92902214,0,0,938.34599063,938.34599063,0,0,0.25470376753333335,0.12726076341666667,0.6245527138319131,0,0,0,0
USDT,wanUSDT,2025-08-10T00:00:00.000Z,2025-08-10,2222613.11990914,2222613.119909144,1388510.22733258,1388510.227332584,834102.89257656,834102.89257656,0,0,759.31880877,759.31880877,0,0,0.25476351816,0.12732463292,0.6247197080298953,0,0,0,0
USDT,wanUSDT,2025-08-11T00:00:00.000Z,2025-08-11,2205932.82637165,2205932.826371645,1389355.06334005,1389355.06334005,816577.7630316,816577.763031595,0,0,922.96093348,922.96093348,0,0,0.2566217299333333,0.1293311481,0.6299019404629749,0,0,0,0
USDT,wanUSDT,2025-08-12T00:00:00.000Z,2025-08-12,2215244.34168985,2215244.3416898535,1390283.17457928,1390283.1745792818,824961.16711057,824961.1671105716,0,0,926.42070288,926.42070288,0,0,0.25581225073333336,0.12845591063333334,0.6276450814834863,0,0,0,0
USDT,wanUSDT,2025-08-13T00:00:00.000Z,2025-08-13,2222304.31259368,2222304.312593676,1316294.9892677302,1316294.989267722,906009.32332595,906009.323325954,200044.231833,200044.231833,707.09123945,707.09123945,29120.49476119,29120.49476119,0.24328677844,0.11573962382,0.5922637048956885,260,260,6.96496,6.088714822943425
USDT,wanUSDT,2025-08-14T00:00:00.000Z,2025-08-14,2213760.95207527,2213760.952075268,1230266.98917528,1230266.9891752815,983493.96289999,983493.9628999867,0,0,742.22474651,742.22474651,0,0,0.23032060385,0.10239980615,0.5557360250058649,150,150,2.34464,2.257153234359832
USDT,wanUSDT,2025-08-15T00:00:00.000Z,2025-08-15,2202419.79902023,2202419.799020224,1203868.82237901,1203868.822379008,998550.97664122,998550.976641216,0,0,625.4967453,625.4967453,0,0,0.22713115318,0.09932924427999999,0.5466330889413953,0,0,0,0
USDT,wanUSDT,2025-08-16T00:00:00.000Z,2025-08-16,2186315.75212981,2186315.7521297997,1205876.4567886,1205876.4567885916,980439.29534121,980439.2953412083,0,0,742.58490513,742.58490513,0,0,0.22885468528333333,0.10098103606666667,0.5515563845985326,17,17,2.31016,2.231296759643837
USDT,wanUSDT,2025-08-17T00:00:00.000Z,2025-08-17,2187041.0330238603,2187041.033023863,1206870.18469599,1206870.1846959933,980170.84832787,980170.84832787,0,0,743.60232884,743.60232884,0,0,0.22894982133333333,0.10107271271666667,0.5518278613936001,0,0,0,0
USDT,wanUSDT,2025-08-18T00:00:00.000Z,2025-08-18,2187706.57735854,2187706.57735854,1207535.7290306701,1207535.7290306701,980170.84832787,980170.84832787,0,0,614.73596199,614.73596199,0,0,0.2289976067,0.101118786,0.5519642056322408,0,0,0,0
USDT,wanUSDT,2025-08-19T00:00:00.000Z,2025-08-19,2185634.3876982797,2185634.3876982783,1208368.60088052,1208368.60088052,977265.78681776,977265.7868177583,0,0,745.30023639,745.30023639,0,0,0.2293149809,0.10142519701666666,0.5528695293576881,5,5,2.31016,2.005916653065038
USDT,wanUSDT,2025-08-20T00:00:00.000Z,2025-08-20,2183627.4160862197,2183627.4160862165,1209900.0349510899,1209900.0349510866,973727.38113513,973727.38113513,0,0,763.81123924,763.81123924,0,0,0.22973869913333334,0.1018346034,0.5540780218666341,28.00065034,28.00065034,2.31016,2.033413520908091
USDT,wanUSDT,2025-08-21T00:00:00.000Z,2025-08-21,2184095.24354749,2184095.243547494,1212905.55951471,1212905.559514712,971189.68403278,971189.684032782,0,0,620.26649894,620.26649894,0,0,0.23017975146,0.10226159212,0.555335485889406,0,0,0,0
USDT,wanUSDT,2025-08-22T00:00:00.000Z,2025-08-22,2184529.66961594,2184529.6696159435,1213578.90387551,1213578.9038755135,970950.76574043,970950.76574043,0,0,751.68976975,751.68976975,0,0,0.23024935405,0.1023291276,0.5555338412725369,0,0,0,0
USDT,wanUSDT,2025-08-23T00:00:00.000Z,2025-08-23,2188695.91916305,2188695.919163052,1214312.29342248,1214312.2934224817,974383.62574057,974383.62574057,0,0,751.22856161,751.22856161,0,0,0.22999571835,0.10208329998333333,0.5548108688895389,0,0,0,0
USDT,wanUSDT,2025-08-24T00:00:00.000Z,2025-08-24,2189368.33373738,2189368.3337373817,1214984.70799681,1214984.707996812,974383.62574057,974383.62574057,0,0,621.04148613,621.04148613,0,0,0.23004368004,0.10212975082,0.5549475998597228,0,0,0,0
USDT,wanUSDT,2025-08-25T00:00:00.000Z,2025-08-25,2190041.25919982,2190041.2591998167,1215657.63345925,1215657.6334592467,974383.62574057,974383.62574057,0,0,752.33275827,752.33275827,0,0,0.2300916497,0.1021762192,0.5550843480964609,0,0,0,0
USDT,wanUSDT,2025-08-26T00:00:00.000Z,2025-08-26,2190715.7407154003,2190715.7407154003,1216332.11497483,1216332.11497483,974383.62574057,974383.62574057,0,0,638.33522885,638.33522885,0,0,0.23013970342,0.10222277826,0.5552213307369702,0,0,0,0
USDT,wanUSDT,2025-08-27T00:00:00.000Z,2025-08-27,2217887.61596008,2217887.6159600765,1217007.55497412,1217007.5549741166,1000880.06098596,1000880.06098596,0,0,747.77451853,747.77451853,0,0,0.22786239725,0.10002680258333334,0.5487237214117765,0,0,0,0
USDT,wanUSDT,2025-08-28T00:00:00.000Z,2025-08-28,2218616.65402273,2218616.6540227267,1217736.59303677,1217736.5930367666,1000880.06098596,1000880.06098596,0,0,747.17746627,747.17746627,0,0,0.22791432328333333,0.10007663485,0.5488720109214315,0,0,0,0
USDT,wanUSDT,2025-08-29T00:00:00.000Z,2025-08-29,2215966.64516675,2215966.645166752,1228195.01518613,1228195.015186132,987771.62998062,987771.62998062,796.35677651,796.35677651,625.56463775,625.56463775,0.03966454,0.03966454,0.2298000061,0.10189598664,0.5542516726639296,144.6066341,144.6066341,11.58528,9.55651440532543
USDT,wanUSDT,2025-08-30T00:00:00.000Z,2025-08-30,2210948.77442851,2210948.77442851,1232756.6338176,1232756.6338176033,978192.14061091,978192.1406109066,0,0,765.220497,765.220497,0,0,0.23096362576666668,0.10302258188333334,0.5575691711091361,0,0,0,0
USDT,wanUSDT,2025-08-31T00:00:00.000Z,2025-08-31,2210664.09277701,2210664.0927770133,1533684.0527640898,1533684.0527640933,676980.04001292,676980.0400129199,0,0,1094.22311273,1094.22311273,0,0,0.2797152837333333,0.15524561478333335,0.6937662261931566,3000,3000,4.68928,3.902494223299278
USDT,wanUSDT,2025-09-01T00:00:00.000Z,2025-09-01,2206762.4396676198,2206762.439667614,1583189.93409458,1583189.934094576,623572.50557304,623572.505573038,0,0,999.65740987,999.65740987,0,0,0.28841527252,0.16574500558,0.7174215762866162,1212,1212,2.34464,1.902387262506846
USDT,wanUSDT,2025-09-02T00:00:00.000Z,2025-09-02,2208441.97464156,2208441.9746415615,1657048.56204413,1657048.5620441316,551393.41259743,551393.41259743,0,0,1293.06787923,1293.06787923,0,0,0.30052338538333334,0.18039209406666668,0.7503246931518484,0,0,0,0
USDT,wanUSDT,2025-09-03T00:00:00.000Z,2025-09-03,2242914.70120806,2242914.7012080518,1658343.02568323,1658343.0256832268,584571.67552483,584571.6755248251,0,0,1089.39558046,1089.39558046,0,0,0.2965974778666667,0.17558048108333332,0.7396903625620941,7.30422434,7.30422434,2.31016,1.937125897548552
USDT,wanUSDT,2025-09-04T00:00:00.000Z,2025-09-04,2310360.11314995,2310360.113149945,1660095.12298814,1660095.122988135,650264.99016181,650264.99016181,0,0,1250.72024453,1250.72024453,0,0,0.28878979648333336,0.16600651763333332,0.7185438792166021,0,0,0,0
USDT,wanUSDT,2025-09-05T00:00:00.000Z,2025-09-05,2310477.1445155097,2310477.144515505,1661324.42102035,1661324.421020345,649152.72349516,649152.72349516,0,0,1252.207837,1252.207837,0,0,0.2889720411166667,0.16622593783333334,0.7190396834394762,0,0,0,0
USDT,wanUSDT,2025-09-06T00:00:00.000Z,2025-09-06,2309975.32937472,2309975.329374716,1662451.13921288,1662451.139212876,647524.19016184,647524.19016184,0,0,1036.0210006,1036.0210006,0,0,0.28920871192,0.1665109907,0.7196834995362735,0,0,0,0
USDT,wanUSDT,2025-09-07T00:00:00.000Z,2025-09-07,2311106.87059638,2311106.87059638,1663582.68043454,1663582.68043454,647524.19016184,647524.19016184,0,0,1255.16636365,1255.16636365,0,0,0.289259171,0.16657180173333333,0.7198207433894285,0,0,0,0
USDT,wanUSDT,2025-09-08T00:00:00.000Z,2025-09-08,2312248.28122465,2312248.281224646,1664724.09106281,1664724.091062806,647524.19016184,647524.19016184,0,0,1065.06331379,1065.06331379,0,0,0.28931002352,0.1666330966,0.7199590520792739,0,0,0,0
USDT,wanUSDT,2025-09-09T00:00:00.000Z,2025-09-09,2313378.14270721,2313378.142707207,1665853.95254537,1665853.9525453667,647524.19016184,647524.19016184,0,0,1257.27845787,1257.27845787,0,0,0.2893603126,0.16669372248333333,0.7200958228732105,0,0,0,0
USDT,wanUSDT,2025-09-10T00:00:00.000Z,2025-09-10,2314613.74122208,2314613.7412220784,1667089.55106024,1667089.5510602384,647524.19016184,647524.19016184,0,0,1258.43159426,1258.43159426,0,0,0.28941525485,0.1667599689,0.7202452426955502,0,0,0,0
USDT,wanUSDT,2025-09-11T00:00:00.000Z,2025-09-11,2315745.54522946,2315745.545229458,1668221.35506762,1668221.355067618,647524.19016184,647524.19016184,0,0,1040.43027376,1040.43027376,0,0,0.28946553306,0.1668206018,0.7203819729425163,0,0,0,0
USDT,wanUSDT,2025-09-12T00:00:00.000Z,2025-09-12,2309918.37787107,2309918.3778710747,1646326.63635129,1646326.6363512916,663591.74151978,663591.7415197833,69179.62212755,69179.62212755,1238.79627218,1238.79627218,36271.66425095,36271.66425095,0.28665129521666666,0.16348371881666668,0.7126976030555667,1,1,2.31016,2.048423780538285
USDT,wanUSDT,2025-09-13T00:00:00.000Z,2025-09-13,2304390.66613131,2304390.666131305,1601445.30993939,1601445.309939385,702945.35619192,702945.35619192,0,0,1175.41729596,1175.41729596,0,0,0.2801487960333333,0.15575240265,0.6949539070023197,0,0,0,0
USDT,wanUSDT,2025-09-14T00:00:00.000Z,2025-09-14,2258945.35979795,2258945.359797956,1602579.52256416,1602579.522564164,656365.83723379,656365.837233792,0,0,984.53267739,984.53267739,0,0,0.28544717806,0.16200556758,0.709437293778779,3.5,3.5,2.31016,2.04639816317434
USDT,wanUSDT,2025-09-15T00:00:00.000Z,2025-09-15,2259325.52020278,2259325.5202027746,1604736.60496898,1604736.6049689748,654588.9152338,654588.9152338,0,0,1198.1614353,1198.1614353,0,0,0.28575334795,0.16237035615,0.7102723382760445,58,58,11.5508,9.926357723790945
USDT,wanUSDT,2025-09-16T00:00:00.000Z,2025-09-16,2260505.71237951,2260505.712379505,1605113.08514571,1605113.085145705,655392.6272338,655392.6272338,1997.4973703,1997.4973703,1201.99244184,1201.99244184,0.5354016,0.5354016,0.28567843973333334,0.1622809256,0.7100681330316604,0,0,0,0
USDT,wanUSDT,2025-09-17T00:00:00.000Z,2025-09-17,2581441.1349727097,2581441.134972708,1606170.3763195998,1606170.376319602,975270.75865311,975270.758653106,0,0,946.67645474,946.67645474,0,0,0.25490175192,0.1279449375,0.624844995775414,0,0,0,0
USDT,wanUSDT,2025-09-18T00:00:00.000Z,2025-09-18,2662209.34846954,2662209.3484695368,1607626.06413921,1607626.0641392067,1054583.28433033,1054583.28433033,0,0,1058.19270689,1058.19270689,0,0,0.24732468495,0.11948141573333333,0.6038691089640216,15,15,1.15508,1.069094273821397
USDT,wanUSDT,2025-09-19T00:00:00.000Z,2025-09-19,2663160.38748921,2663160.387489206,1609276.91115888,1609276.911158876,1053883.47633033,1053883.47633033,0,0,875.89595737,875.89595737,0,0,0.24746849504,0.11963091162,0.6042733844051953,0,0,0,0
USDT,wanUSDT,2025-09-20T00:00:00.000Z,2025-09-20,2664111.43823225,2664111.4382322514,1609027.19390192,1609027.1939019216,1055084.24433033,1055084.24433033,0,0,1060.33667282,1060.33667282,0,0,0.24735840511666668,0.11951644168333334,0.6039639175644138,0,0,0,0
USDT,wanUSDT,2025-09-21T00:00:00.000Z,2025-09-21,2665149.3167131403,2665149.3167131385,1610165.07238281,1610165.0723828082,1054984.24433033,1054984.24433033,0,0,1061.30657288,1061.30657288,0,0,0.24742661381666667,0.11958735518333333,0.6041556596779664,6,6,1.15508,1.02548246063659
USDT,wanUSDT,2025-09-22T00:00:00.000Z,2025-09-22,2605750.3746623197,2605750.3746623183,1610978.0352230698,1610978.035223064,994772.33943925,994772.339439254,1740.26811514,1740.26811514,912.36425517,912.36425517,40.26811514,40.26811514,0.25252947246,0.124978551,0.6184525933632717,1004,1004,2.3274,1.9836049049328126
USDT,wanUSDT,2025-09-23T00:00:00.000Z,2025-09-23,2571799.62061477,2571799.6206147764,1711319.59168988,1711319.5916898833,860480.02892489,860480.0289248934,0,0,1208.54537124,1208.54537124,0,0,0.2694111233,0.14341662625,0.6654171509792358,0.5,0.5,1.15508,0.9332299657745738
USDT,wanUSDT,2025-09-24T00:00:00.000Z,2025-09-24,2567991.3663899796,2567991.366389975,1712511.3107984099,1712511.310798405,855480.05559157,855480.05559157,0,0,1219.29910302,1219.29910302,0,0,0.2699374341833333,0.14401115973333334,0.6668704639122978,0,0,0,0
USDT,wanUSDT,2025-09-25T00:00:00.000Z,2025-09-25,2565089.0184480296,2565089.0184480315,1713524.71315175,1713524.7131517478,851564.30529628,851564.3052962839,0,0,1010.07382694,1010.07382694,0,0,0.27035303644,0.14448064338,0.668018069641427,0,0,0,0
USDT,wanUSDT,2025-09-26T00:00:00.000Z,2025-09-26,2566570.24588727,2566570.2458872665,1714602.68687909,1714602.6868790865,851967.55900818,851967.55900818,0,0,1222.71950364,1222.71950364,0,0,0.27036569611666667,0.14449507336666667,0.6680529558197209,0,0,0,0
USDT,wanUSDT,2025-09-27T00:00:00.000Z,2025-09-27,2564793.8921196,2564793.892119598,1713914.63169261,1713914.631692606,850879.26042699,850879.260426992,8930.5032,8930.5032,1011.18394274,1011.18394274,231.93886343,231.93886343,0.27043592286,0.14457485276,0.6682466268846272,0,0,0,0
USDT,wanUSDT,2025-09-28T00:00:00.000Z,2025-09-28,2565857.52298838,2565857.522988382,1707870.97021954,1707870.9702195416,857986.55276884,857986.55276884,0,0,1241.33026011,1241.33026011,0,0,0.26948242353333335,0.14349704196666666,0.6656141035482214,0,0,0,0
USDT,wanUSDT,2025-09-29T00:00:00.000Z,2025-09-29,2567046.79730231,2567046.79730231,1709084.6611596,1709084.6611595983,857962.13614271,857962.1361427116,0,0,1216.03584428,1216.03584428,0,0,0.26954195161666666,0.14356419633333334,0.6657785292118164,1.46499756,1.46499756,1.15508,0.9223044137533053
USDT,wanUSDT,2025-09-30T00:00:00.000Z,2025-09-30,2568136.26086646,2568136.2608664557,1710296.20785439,1710296.207854386,857840.05301207,857840.05301207,0,0,1005.50486139,1005.50486139,0,0,0.26961049776,0.14364154034,0.6659678552000305,0,0,0,0
USDT,wanUSDT,2025-10-01T00:00:00.000Z,2025-10-01,2517183.2716105003,2517183.2716104914,1711393.21859841,1711393.218598405,805790.05301209,805790.0530120867,0,0,1231.40098154,1231.40098154,0,0,0.2747750100333333,0.14957393013333334,0.6801746051506549,0,0,0,0
USDT,wanUSDT,2025-10-02T00:00:00.000Z,2025-10-02,2464469.72060206,2464469.720602053,1859218.56958926,1859218.5695892565,605251.1510128,605251.1510127966,0,0,1444.16287224,1444.16287224,0,0,0.30203911451666665,0.18228886235,0.7544091691683351,1465,1465,1.17232,0.9989086959478982
USDT,wanUSDT,2025-10-03T00:00:00.000Z,2025-10-03,2465918.68135651,2465918.6813565185,1860560.06033157,1860560.0603315742,605358.62102494,605358.6210249444,39.9,39.9,1334.63782869,1334.63782869,39.9,39.9,0.30207651854285716,0.18233577995714287,0.7545099028083282,0,0,0,0
USDT,wanUSDT,2025-10-04T00:00:00.000Z,2025-10-04,2469876.81454928,2469876.814549276,1861698.6490376699,1861698.649037668,608178.16551161,608178.165511608,0,0,1208.01175651,1208.01175651,0,0,0.3017993584,0.18198851946,0.7537632626748257,0,0,0,0
USDT,wanUSDT,2025-10-05T00:00:00.000Z,2025-10-05,2484124.25091153,2484124.2509115282,1863015.57776055,1863015.577760545,621108.67315098,621108.6731509833,0,0,1490.14256999,1490.14256999,0,0,0.3003955604333333,0.18023443776666667,0.7499789886099809,0,0,0,0
USDT,wanUSDT,2025-10-06T00:00:00.000Z,2025-10-06,2506145.59299263,2506145.5929926317,1864439.4123943099,1864439.4123943083,641706.18059832,641706.1805983233,0,0,1449.6794638,1449.6794638,0,0,0.29816288291666665,0.17745687675,0.7439536261406041,0,0,0,0
USDT,wanUSDT,2025-10-07T00:00:00.000Z,2025-10-07,2525125.78545981,2525125.785459812,1865740.91475954,1865740.914759538,659384.87070027,659384.870700274,0,0,1190.85744946,1190.85744946,0,0,0.2962823896,0.17513166108,0.7388709811400146,0,0,0,0
USDT,wanUSDT,2025-10-08T00:00:00.000Z,2025-10-08,2531294.1090017697,2531294.1090017697,1867037.27499504,1867037.2749950415,664256.83400673,664256.8340067283,0,0,1440.42698813,1440.42698813,0,0,0.29580618005,0.1745452595,0.7375825486909909,0,0,0,0
USDT,wanUSDT,2025-10-09T00:00:00.000Z,2025-10-09,2533329.9254753,2533329.9254752933,1868448.7199905599,1868448.7199905582,664881.20548474,664881.205484735,0,0,1440.66793808,1440.66793808,0,0,0.29579312525,0.17452927656666667,0.7375471772038094,0,0,0,0
USDT,wanUSDT,2025-10-10T00:00:00.000Z,2025-10-10,2530690.9127104,2530690.912710402,1869337.16727288,1869337.167272884,661353.74543752,661353.745437518,0,0,1192.40556557,1192.40556557,0,0,0.29620710656,0.17503892078,0.7386673156133632,0,0,0,0
USDT,wanUSDT,2025-10-11T00:00:00.000Z,2025-10-11,2283466.4547840403,2283466.4547840403,1867078.13691673,1867078.13691673,416388.31786731,416388.31786731,1026.89719904,1026.89719904,1302.33253923,1302.33253923,126.25892908,126.25892908,0.3260112759,0.21358336825,0.8183067427046021,0,0,0,0
USDT,wanUSDT,2025-10-12T00:00:00.000Z,2025-10-12,2399028.80662557,2399028.80662557,1866951.12058286,1866951.1205828635,532077.68604271,532077.6860427067,351.01117736,351.01117736,1529.32892545,1529.32892545,0.15598609,0.15598609,0.31114764781666665,0.1939954602,0.778787312204209,0,0,0,0
USDT,wanUSDT,2025-10-13T00:00:00.000Z,2025-10-13,2420109.00325009,2420109.0032500816,1867934.88433537,1867934.8843353665,552174.11891472,552174.118914715,0,0,1499.19186939,1499.19186939,0,0,0.30852717581666667,0.19050668976666665,0.7718391534158333,0,0,0,0
USDT,wanUSDT,2025-10-14T00:00:00.000Z,2025-10-14,2419862.85193863,2419862.851938636,1869481.46906962,1869481.4690696262,550381.38286901,550381.38286901,0,0,1272.84411062,1272.84411062,0,0,0.30879506342,0.19084948662,0.7725569350870017,11,11,1.15508,0.8059315327290846
USDT,wanUSDT,2025-10-15T00:00:00.000Z,2025-10-15,2420278.99109188,2420278.99109188,1871693.27680331,1871693.27680331,548585.71428857,548585.71428857,0,0,1504.70717645,1504.70717645,0,0,0.3090865359166667,0.19122264485,0.7733378122734347,0,0,0,0
USDT,wanUSDT,2025-10-16T00:00:00.000Z,2025-10-16,2399567.1407248,2399567.1407248033,1665855.64765712,1665855.647657125,733711.49306768,733711.4930676783,140333.07079968,140333.07079968,1330.58093045,1330.58093045,93958.60509268,93958.60509268,0.27990178223333334,0.1558088335,0.6940885104047426,405,405,1.17232,0.7929111962364095
USDT,wanUSDT,2025-10-17T00:00:00.000Z,2025-10-17,2332332.13742426,2332332.13742426,1640030.46697321,1640030.466973212,692301.67045105,692301.670451048,38866.49756163,38866.49756163,1098.29772507,1098.29772507,26515.56465737,26515.56465737,0.28328884942,0.1595067637,0.7035108576126875,760.3,760.3,3.48248,2.1961302063355146
USDT,wanUSDT,2025-10-18T00:00:00.000Z,2025-10-18,2291850.4161213,2291850.4161212984,1641004.69430013,1641004.6943001251,650845.72182117,650845.7218211733,0,0,1370.03515906,1370.03515906,0,0,0.2878615539,0.16489109845,0.7160173690131207,0,0,0,0
USDT,wanUSDT,2025-10-19T00:00:00.000Z,2025-10-19,2293261.23573302,2293261.235733015,1647325.8097975901,1647325.8097975883,645935.42593543,645935.4259354266,0,0,1377.43900007,1377.43900007,0,0,0.28871239513333335,0.16591377383333333,0.7183330617210696,75.3,75.3,3.46524,2.196787180228801
USDT,wanUSDT,2025-10-20T00:00:00.000Z,2025-10-20,2294433.00400063,2294433.004000628,1650869.34473187,1650869.344731868,643563.65926876,643563.65926876,0,0,1172.47458591,1172.47458591,0,0,0.2891452214,0.1664344888,0.719510803583963,0,0,0,0
USDT,wanUSDT,2025-10-21T00:00:00.000Z,2025-10-21,2296227.91802592,2296227.918025913,1652239.27704047,1652239.2770404667,643988.64098545,643988.6409854466,0,0,1384.19323713,1384.19323713,0,0,0.28915780845,0.16644965715,0.7195450398337843,7.5,7.5,1.15508,0.781957380588532
USDT,wanUSDT,2025-10-22T00:00:00.000Z,2025-10-22,2293647.88378652,2293647.883786514,1653860.36753083,1653860.367530826,639787.51625569,639787.5162556879,0,0,1145.34659312,1145.34659312,0,0,0.2897180321,0.16712657356,0.721067834094816,0,0,0,0
USDT,wanUSDT,2025-10-23T00:00:00.000Z,2025-10-23,2197508.65901942,2197508.65901942,1654994.02916281,1654994.0291628083,542514.62985661,542514.6298566116,0,0,1419.28124028,1419.28124028,0,0,0.30254847171666666,0.18342516945,0.7555113602722971,0,0,0,0
USDT,wanUSDT,2025-10-24T00:00:00.000Z,2025-10-24,2026081.6443365999,2026081.6443365917,1656001.06792208,1656001.067922075,370080.57641452,370080.57641451666,988.167653,988.167653,1539.38565576,1539.38565576,15.76831574,15.76831574,0.3256177117333333,0.21291287271666667,0.8173419481397677,0,0,0,0
USDT,wanUSDT,2025-10-25T00:00:00.000Z,2025-10-25,2025559.02899156,2025559.028991556,1656592.88698379,1656592.886983788,368966.14200777,368966.142007768,0,0,1306.35273,1306.35273,0,0,0.32580781512,0.2131681986,0.8178448061362845,0,0,0,0
USDT,wanUSDT,2025-10-26T00:00:00.000Z,2025-10-26,2026374.0587582602,2026374.0587582549,1657840.84766547,1657840.8476654682,368533.21109279,368533.2110927867,0,0,1542.4968098,1542.4968098,0,0,0.32591634098333333,0.21331406761666666,0.8181318182559585,0,0,0,0
USDT,wanUSDT,2025-10-27T00:00:00.000Z,2025-10-27,2012052.7262787702,2012052.726278775,1659206.87307826,1659206.8730782634,352845.85320051,352845.85320051166,0,0,1550.70984431,1550.70984431,0,0,0.32841534283333335,0.21670446948333333,0.8247238657958537,0,0,0,0
USDT,wanUSDT,2025-10-28T00:00:00.000Z,2025-10-28,1992410.26610923,1992410.2661092258,1660472.22113134,1660472.221131336,331938.04497789,331938.04497789,0,0,1296.02540175,1296.02540175,0,0,0.33170164792,0.22115178948,0.8333987433961377,0,0,0,0
USDT,wanUSDT,2025-10-29T00:00:00.000Z,2025-10-29,1993684.76657223,1993684.7665722333,1661746.72159434,1661746.7215943434,331938.04497789,331938.04497789,0,0,1570.22302972,1570.22302972,0,0,0.3317420944,0.22120702071666667,0.8335052444255334,0,0,0,0
USDT,wanUSDT,2025-10-30T00:00:00.000Z,2025-10-30,1993368.09114139,1993368.0911413962,1659266.3712792299,1659266.3712792362,334101.71986216,334101.71986216,18767.967984,18767.967984,1296.4628135,1296.4628135,3068.92292557,3068.92292557,0.33132056444,0.22063516626,0.8323932831291918,0,0,0,0
USDT,wanUSDT,2025-10-31T00:00:00.000Z,2025-10-31,1849864.08660446,1849864.086604455,1645738.19208895,1645738.1920889483,204125.89451551,204125.89451550666,0,0,2507.58378976,2507.58378976,0,0,0.7419272137333334,0.5552714652833334,0.8949665709626066,0,0,0,0
USDT,wanUSDT,2025-11-01T00:00:00.000Z,2025-11-01,1761070.43672861,1761070.4367286132,1648714.17902006,1648714.1790200616,112356.25770855,112356.25770855167,0,0,3327.02663322,3327.02663322,0,0,0.7685380579666666,0.5769460027166666,0.9363411291846748,0,0,0,0
USDT,wanUSDT,2025-11-02T00:00:00.000Z,2025-11-02,1793867.96806257,1793867.968062566,1650930.0733229602,1650930.073322956,142937.89473961,142937.89473961,0,0,2039.25822414,2039.25822414,0,0,0.57090591018,0.42033319762,0.9203187999109556,0,0,0,0
USDT,wanUSDT,2025-11-03T00:00:00.000Z,2025-11-03,1813651.97459533,1813651.9745953367,1628144.3884455,1628144.3884455033,185507.58614983,185507.58614983334,336018.866514,336018.866514,2148.97327558,2148.97327558,18101.17959421,18101.17959421,0.45413846416666664,0.32793829685,0.8977860743619273,15,15,2.31016,1.362804702428148
USDT,wanUSDT,2025-11-04T00:00:00.000Z,2025-11-04,1772723.6925977902,1772723.6925977867,1236531.90093859,1236531.9009385917,536191.7916592,536191.791659195,0,0,1139.29308438,1139.29308438,0,0,0.2811201123,0.15690412518333333,0.6976061000294905,0,0,0,0
USDT,wanUSDT,2025-11-05T00:00:00.000Z,2025-11-05,1755898.3844129702,1755898.384412972,1237355.7836990901,1237355.783699094,518542.60071388,518542.600713878,0,0,926.60284255,926.60284255,0,0,0.28370642448,0.15993906114,0.7046854634472404,0,0,0,0
USDT,wanUSDT,2025-11-06T00:00:00.000Z,2025-11-06,1695518.14931952,1695518.1493195267,842012.45587452,842012.4558745233,853505.693445,853505.6934450034,475176.54899199,475176.54899199,687.93576375,687.93576375,17022.84031903,17022.84031903,0.20982755045,0.08569629846666667,0.49554884573961894,0,0,0,0
USDT,wanUSDT,2025-11-07T00:00:00.000Z,2025-11-07,1611159.73234195,1611159.732341954,763191.15126809,763191.15126809,847968.58107386,847968.581073864,0,0,484.29050207,484.29050207,0,0,0.20186831532,0.07649880054000001,0.4736915850710065,0,0,0,0
USDT,wanUSDT,2025-11-08T00:00:00.000Z,2025-11-08,1596651.69257397,1596651.692573965,760254.8041187499,760254.804118745,836396.88845522,836396.88845522,0,0,575.40029689,575.40029689,0,0,0.202713904,0.0772241824,0.47615497927142725,0,0,0,0
USDT,wanUSDT,2025-11-09T00:00:00.000Z,2025-11-09,1598624.55135958,1598624.5513595766,744088.88024407,744088.88024407,854535.67111551,854535.6711155067,0,0,565.18984651,565.18984651,0,0,0.19905049435,0.07412068121666666,0.46546040996563587,0,0,0,0
USDT,wanUSDT,2025-11-10T00:00:00.000Z,2025-11-10,1592453.5001498,1592453.500149796,744450.0465246501,744450.0465246501,848003.45362515,848003.453625146,0,0,467.41330242,467.41330242,0,0,0.19974842384,0.07470777456,0.46750023700820764,0,0,0,0
USDT,wanUSDT,2025-11-11T00:00:00.000Z,2025-11-11,1577310.4482820402,1577310.4482820434,744630.9078901601,744630.9078901634,832679.54039188,832679.54039188,0,0,570.69416675,570.69416675,0,0,0.20132169451666668,0.0760354638,0.47209598681256976,0,0,0,0
USDT,wanUSDT,2025-11-12T00:00:00.000Z,2025-11-12,1571476.68849194,1571476.68849193,745080.11284781,745080.112847805,826396.57564413,826396.575644125,0,0,572.92521521,572.92521521,0,0,0.2020186789,0.07662690105,0.47413013279364347,1.5,1.5,1.15508,0.633934314670877
USDT,wanUSDT,2025-11-13T00:00:00.000Z,2025-11-13,1563341.98534428,1563341.9853442758,745548.1434341901,745548.143434186,817793.84191009,817793.84191009,0,0,488.50564824,488.50564824,0,0,0.2029663484,0.07743471896,0.47689382578685635,0,0,0,0
USDT,wanUSDT,2025-11-14T00:00:00.000Z,2025-11-14,1399165.63499671,1399165.6349967085,745932.5961553501,745932.5961553484,653233.03884136,653233.03884136,0,0,623.37611546,623.37611546,0,0,0.22276418721666666,0.09531904214999999,0.5340604830296419,0,0,0,0
USDT,wanUSDT,2025-11-15T00:00:00.000Z,2025-11-15,1466025.88344704,1466025.88344704,746328.5537399701,746328.5537399701,719697.32970707,719697.32970707,0,0,500.24659394,500.24659394,0,0,0.2140599234,0.08717937914,0.509082792282566,0,0,0,0
USDT,wanUSDT,2025-11-16T00:00:00.000Z,2025-11-16,1418795.64908236,1418795.6490823566,746086.4411910301,746086.4411910301,672709.20789133,672709.2078913266,0,0,608.96507835,608.96507835,0,0,0.22055441915,0.09338885038333333,0.5276430083997741,0,0,0,0
USDT,wanUSDT,2025-11-17T00:00:00.000Z,2025-11-17,1228580.69817036,1228580.6981703602,741943.19695337,741943.1969533684,486637.50121699,486637.5012169917,20016.97183973,20016.97183973,689.85589821,689.85589821,7719.36414493,7719.36414493,0.24733751566666667,0.11950313968333333,0.6039005118445736,0,0,0,0
USDT,wanUSDT,2025-11-18T00:00:00.000Z,2025-11-18,1285713.01873915,1285713.018739156,725696.72625429,725696.7262542921,560016.29248486,560016.292484864,0,0,557.08834507,557.08834507,0,0,0.23423870012,0.10654860358,0.5667076123173361,0,0,0,0
USDT,wanUSDT,2025-11-19T00:00:00.000Z,2025-11-19,1335261.40256823,1335261.4025682283,672662.48427347,672662.48427347,662598.91829476,662598.9182947583,124829.826176,124829.826176,603.94130876,603.94130876,353.74971059,353.74971059,0.21196650431666667,0.08691287946666666,0.5021150322385333,0,0,0,0
USDT,wanUSDT,2025-11-20T00:00:00.000Z,2025-11-20,1215511.0905453,1215511.0905453018,404318.32806065003,404318.32806065,811192.76248465,811192.7624846518,6461.80387966,6461.80387966,389.91825558,389.91825558,1781.80387966,1781.80387966,0.15448085706666667,0.04110919805,0.3326340017222778,30,30,2.31016,0.9979325626212956
USDT,wanUSDT,2025-11-21T00:00:00.000Z,2025-11-21,1188609.1735072,1188609.173507202,401826.70347812003,401826.703478118,786782.47002908,786782.470029084,841.54684395,841.54684395,335.68577678,335.68577678,568.37103044,568.37103044,0.15628186504,0.04227388386,0.3380988676163148,0,0,0,0
USDT,wanUSDT,2025-11-22T00:00:00.000Z,2025-11-22,1255614.82924789,1255614.829247885,400174.7281155,400174.728115495,855440.10113239,855440.10113239,227.12051284,227.12051284,389.46698189,389.46698189,227.12051284,227.12051284,0.15042625125,0.03865888136666667,0.3202311417879361,0,0,0,0
USDT,wanUSDT,2025-11-23T00:00:00.000Z,2025-11-23,1380554.75118471,1380554.75118471,400167.94120747,400167.941207472,980386.80997724,980386.8099772381,0,0,297.02048255,297.02048255,0,0,0.14048371632,0.0325765208,0.2898602706432473,2.23618035,2.23618035,1.15508,0.4730132514567165
USDT,wanUSDT,2025-11-24T00:00:00.000Z,2025-11-24,1382911.87737221,1382911.877372205,400308.80223219004,400308.80223218503,982603.07514002,982603.07514002,0,0,359.48461349,359.48461349,0,0,0.14035615561666667,0.032502897983333334,0.2894680476842906,0,0,0,0
USDT,wanUSDT,2025-11-25T00:00:00.000Z,2025-11-25,1355254.82126686,1355254.8212668565,400462.65309351,400462.6530935067,954792.16817335,954792.1681733499,0,0,362.70662693,362.70662693,0,0,0.14233949605,0.03366110058333333,0.29555853210008776,0,0,0,0
USDT,wanUSDT,2025-11-26T00:00:00.000Z,2025-11-26,1327057.1256505302,1327057.125650526,400606.28093629004,400606.280936286,926450.84471424,926450.84471424,0,0,305.14834529,305.14834529,0,0,0.1443983443,0.0348722826,0.3018757039679716,0,0,0,0
USDT,wanUSDT,2025-11-27T00:00:00.000Z,2025-11-27,1325409.85635623,1325409.856356235,400750.81141064,400750.81141064333,924659.04494559,924659.0449455917,0,0,369.78295787,369.78295787,0,0,0.14455679961666668,0.03496678805,0.3023611412303719,0,0,0,0
USDT,wanUSDT,2025-11-28T00:00:00.000Z,2025-11-28,1317320.93077619,1317320.9307761816,400908.98858469,400908.988584685,916411.9421915,916411.9421914967,0,0,371.32489633,371.32489633,0,0,0.14520177853333333,0.0353521831,0.3043366537761022,0,0,0,0
USDT,wanUSDT,2025-11-29T00:00:00.000Z,2025-11-29,1313854.85613555,1313854.856135544,401054.66269290005,401054.662692898,912800.19344265,912800.193442646,0,0,315.59112097,315.59112097,0,0,0.1455006592,0.03553155852,0.3052516409508835,0,0,0,0
USDT,wanUSDT,2025-11-30T00:00:00.000Z,2025-11-30,1310198.61184938,1310198.6118493816,401200.27281147003,401200.27281146834,908998.33903791,908998.3390379134,0,0,373.16303105,373.16303105,0,0,0.14581516455,0.03572062865,0.3062142764366364,0,0,0,0
USDT,wanUSDT,2025-12-01T00:00:00.000Z,2025-12-01,1139419.7807466201,1139419.780746615,395272.30389745004,395272.30389744503,744147.47684917,744147.47684917,0,0,400.4254257,400.4254257,0,0,0.15918989878333334,0.044179589016666666,0.34690826387543316,0,0,0,0
USDT,wanUSDT,2025-12-02T00:00:00.000Z,2025-12-02,1169484.26962312,1169484.269623122,395429.26293545,395429.26293544803,774055.00668767,774055.006687674,1456.99999999,1456.99999999,336.46372239,336.46372239,0,0,0.15663215938,0.04257519908,0.3391183760313305,14.92895062,14.92895062,1.15508,0.4980074736949653
USDT,wanUSDT,2025-12-03T00:00:00.000Z,2025-12-03,1299984.9591942,1299984.9591941983,395577.26557996,395577.26557995833,904407.69361424,904407.69361424,0,0,374.55297384,374.55297384,0,0,0.14518796045,0.03534394716666667,0.304294317997195,0,0,0,0
USDT,wanUSDT,2025-12-04T00:00:00.000Z,2025-12-04,1299133.66561292,1299133.6656129179,395720.98140722,395720.98140721803,903412.6842057,903412.6842057,0,0,317.94793384,317.94793384,0,0,0.14528901002,0.03540446142,0.3046037456696742,0,0,0,0
USDT,wanUSDT,2025-12-05T00:00:00.000Z,2025-12-05,1297429.97993311,1297429.979933115,395864.31517873,395864.3151787333,901565.66475438,901565.6647543816,1190.891583,1190.891583,375.41753185,375.41753185,57.76768889,57.76768889,0.14545748698333333,0.035505922983333334,0.30511931438896966,0,0,0,0
USDT,wanUSDT,2025-12-06T00:00:00.000Z,2025-12-06,1294790.22858395,1294790.2285839482,412333.15273003,412333.15273003164,882457.07585392,882457.0758539167,0,0,389.81106923,389.81106923,0,0,0.1498308432,0.03821982633333333,0.3184559222323973,350,350,1.17232,0.4839932853563705
USDT,wanUSDT,2025-12-07T00:00:00.000Z,2025-12-07,1294876.16059616,1294876.16059616,429995.0473328,429995.0473328,864881.11326336,864881.11326336,0,0,339.75329032,339.75329032,0,0,0.15429645688,0.04099030586,0.3320742627603744,0,0,0,0
USDT,wanUSDT,2025-12-08T00:00:00.000Z,2025-12-08,1293708.12977504,1293708.1297750417,430160.34987833997,430160.34987834166,863547.7798967,863547.7798967,0,0,411.65191283,411.65191283,0,0,0.15443746965,0.04108075273333334,0.33250257451077014,0,0,0,0
USDT,wanUSDT,2025-12-09T00:00:00.000Z,2025-12-09,1292439.1503065499,1292439.1503065499,429670.48465915996,429670.48465916,862768.66564739,862768.66564739,0,0,412.13316857,412.13316857,0,0,0.15441998756666667,0.0410695697,0.33244945695214145,0,0,0,0
USDT,wanUSDT,2025-12-10T00:00:00.000Z,2025-12-10,1249261.1454538698,1249261.1454538698,428492.76927511,428492.76927511196,820768.37617876,820768.376178758,0,0,353.19301579,353.19301579,0,0,0.1580782493,0.04349036452,0.34351797546214796,0,0,0,0
USDT,wanUSDT,2025-12-11T00:00:00.000Z,2025-12-11,1192044.54897201,1192044.54897201,428664.03133013996,428664.03133013996,763380.51764187,763380.51764187,0,0,434.50534822,434.50534822,0,0,0.16339583686666667,0.04700717575,0.3596081531308835,0,0,0,0
USDT,wanUSDT,2025-12-12T00:00:00.000Z,2025-12-12,1184395.4064335101,1184395.4064335139,428997.49652816996,428997.49652816996,755397.90990534,755397.909905344,0,0,360.37822055,360.37822055,0,0,0.16426089154,0.04759881484,0.3622143734420575,8,8,1.15508,0.4759576512308152
USDT,wanUSDT,2025-12-13T00:00:00.000Z,2025-12-13,1180662.08279546,1180662.0827954584,423961.98761548,423961.98761547834,756700.09517998,756700.09517998,0,0,438.81609666,438.81609666,0,0,0.16322917475,0.04692335051666666,0.35908859234628177,0,0,0,0
USDT,wanUSDT,2025-12-14T00:00:00.000Z,2025-12-14,1179790.00326346,1179790.0032634567,394884.83939362,394884.8393936183,784905.16386984,784905.1638698383,0,0,414.70015217,414.70015217,0,0,0.15516411953333334,0.04154798506666667,0.33470903020477333,0,0,0,0
USDT,wanUSDT,2025-12-15T00:00:00.000Z,2025-12-15,1134553.44847521,1134553.44847521,395037.86986656,395037.869866564,739515.57860865,739515.578608646,0,0,357.5123022,357.5123022,0,0,0.1598460276,0.04467412574,0.34885854238555275,0,0,0,0
USDT,wanUSDT,2025-12-16T00:00:00.000Z,2025-12-16,1074102.17717734,1074102.1771773417,395198.64641103,395198.64641103166,678903.53076631,678903.53076631,0,0,442.54273467,442.54273467,0,0,0.16616134225,0.048909117966666665,0.3679339389498937,0,0,0,0
USDT,wanUSDT,2025-12-17T00:00:00.000Z,2025-12-17,1075904.52817086,1075904.5281708566,395027.269261,395027.2692609966,680877.25890986,680877.25890986,121.20026431,121.20026431,442.54665691,442.54665691,1.45590972,1.45590972,0.16590400661666665,0.04873097543333333,0.3671598799384425,0,0,0,0
USDT,wanUSDT,2025-12-18T00:00:00.000Z,2025-12-18,1079615.06897009,1079615.068970088,393445.44819667004,393445.448196666,686169.62077342,686169.620773422,0,0,363.67883798,363.67883798,0,0,0.16499743458,0.04810442324,0.36443234050456297,0,0,0,0
USDT,wanUSDT,2025-12-19T00:00:00.000Z,2025-12-19,1081777.78377785,1081777.78377785,393956.29290117003,393956.29290117003,687821.49087668,687821.49087668,0,0,439.83069385,439.83069385,0,0,0.16491213445,0.048045825033333336,0.3641754993115924,21,21,1.15508,0.4363199192
USDT,wanUSDT,2025-12-20T00:00:00.000Z,2025-12-20,1080322.69374135,1080322.69374135,395867.89534585003,395867.89534585003,684454.7983955,684454.7983955,0,0,365.95483506,365.95483506,0,0,0.16566290838,0.04856373192,0.36643485965364464,0,0,0,0
USDT,wanUSDT,2025-12-21T00:00:00.000Z,2025-12-21,1078960.24627202,1078960.2462720184,396030.23832878005,396030.23832877836,682930.00794324,682930.00794324,0,0,443.54653522,443.54653522,0,0,0.16586701341666665,0.0487051016,0.3670487583017339,0,0,0,0
USDT,wanUSDT,2025-12-22T00:00:00.000Z,2025-12-22,1076286.4808764602,1076286.48087646,396207.70929281006,396207.7092928067,680078.77158365,680078.7715836533,0,0,444.57118119,444.57118119,0,0,0.16622522026666667,0.0489535758,0.3681259450988385,0,0,0,0
USDT,wanUSDT,2025-12-23T00:00:00.000Z,2025-12-23,1026142.62072469,1026142.62072469,396372.09609399,396372.09609398805,629770.5246307,629770.524630702,0,0,386.45759533,386.45759533,0,0,0.17247345016,0.0534316662,0.38683247372371754,0,0,0,0
USDT,wanUSDT,2025-12-24T00:00:00.000Z,2025-12-24,994894.32871049,994894.3287104816,396543.12453169003,396543.12453168666,598351.2041788,598351.204178795,0,0,470.28708532,470.28708532,0,0,0.1763971693,0.0562464445,0.39857813407736237,0,0,0,0
USDT,wanUSDT,2025-12-25T00:00:00.000Z,2025-12-25,994106.30667494,994106.3066749317,396731.11322157003,396731.11322156666,597375.19345337,597375.193453365,148.0867807,148.0867807,470.63909328,470.63909328,47.19676789,47.19676789,0.17656718365,0.05637239925,0.3990847772405679,0,0,0,0
USDT,wanUSDT,2025-12-26T00:00:00.000Z,2025-12-26,988591.92565216,988591.925652158,396832.58069762995,396832.580697628,591759.34495453,591759.34495453,71.87138986,71.87138986,390.66001657,390.66001657,4.50679228,4.50679228,0.17734838422,0.0569519092,0.401412320559184,0,0,0,0
USDT,wanUSDT,2025-12-27T00:00:00.000Z,2025-12-27,987963.95738197,987963.957381965,397006.77165474,397006.77165473497,590957.18572723,590957.18572723,0,0,473.58742212,473.58742212,0,0,0.17749311266666667,0.05705954528333333,0.4018433738891249,0,0,0,0
USDT,wanUSDT,2025-12-28T00:00:00.000Z,2025-12-28,988153.23669195,988153.236691945,397196.05096471997,397196.05096471496,590957.18572723,590957.18572723,0,0,473.90466353,473.90466353,0,0,0.17753158745,0.057088186633333336,0.401957949915982,0,0,0,0
USDT,wanUSDT,2025-12-29T00:00:00.000Z,2025-12-29,988327.12710166,988327.127101664,397369.94137442997,397369.941374434,590957.18572723,590957.18572723,0,0,402.03775997,402.03775997,0,0,0.17756692242,0.05711449632,0.40206317246613005,0,0,0,0
USDT,wanUSDT,2025-12-30T00:00:00.000Z,2025-12-30,988127.2606103501,988127.26061035,397543.40821644,397543.40821644,590583.85239391,590583.8523939099,0,0,474.59897909,474.59897909,0,0,0.17765319985,0.057178764433333334,0.4023200785901691,0,0,0,0
USDT,wanUSDT,2025-12-31T00:00:00.000Z,2025-12-31,989123.6770431199,989123.6770431156,397686.24457949,397686.2445794885,591437.43246363,591437.4324636271,0,0,412.81606066,412.81606066,0,0,0.17756565635714286,0.057113574271428574,0.4020593904382275,0,0,0,0
USDT,wanUSDT,2026-01-01T00:00:00.000Z,2026-01-01,988805.74516639,988805.74516639,397752.26065137994,397752.26065137994,591053.48451501,591053.48451501,0,0,474.99744677,474.99744677,0,0,0.17763141238333333,0.057162528616666666,0.40225520619178,0,0,0,0
USDT,wanUSDT,2026-01-02T00:00:00.000Z,2026-01-02,989109.63656624,989109.6365662459,397338.32997336995,397338.329973372,591771.30659287,591771.306592874,0,0,402.6325533,402.6325533,0,0,0.177449393,0.0570270303,0.40171316110006433,0,0,0,0
USDT,wanUSDT,2026-01-03T00:00:00.000Z,2026-01-03,987570.94482188,987570.9448218751,397365.91326806,397365.913268055,590205.03155382,590205.03155382,0,0,475.07815552,475.07815552,0,0,0.17767233713333333,0.057193993916666665,0.4023765041827102,0,0,0,0
USDT,wanUSDT,2026-01-04T00:00:00.000Z,2026-01-04,981210.76975773,981210.7697577251,397556.04454142,397556.04454141506,583654.72521631,583654.72521631,0,0,478.05954584,478.05954584,0,0,0.17861032448333333,0.05789387261666667,0.4051688536527469,0,0,0,0
USDT,wanUSDT,2026-01-05T00:00:00.000Z,2026-01-05,977874.22988181,977874.2298818179,399548.37082723004,399548.370827236,578325.85905458,578325.859054582,0,0,397.25838021,397.25838021,0,0,0.17976388144,0.0587625058,0.4085984088234024,22.71286737,22.71286737,2.31016,0.9269979032
USDT,wanUSDT,2026-01-06T00:00:00.000Z,2026-01-06,969015.64745979,969015.6474597984,400180.54884226003,400180.54884226504,568835.09861753,568835.0986175333,99,99,485.84110495,485.84110495,0.80659941,0.80659941,0.18123824761666665,0.0598782622,0.41297855443507825,1,1,1.15508,0.5002535972
USDT,wanUSDT,2026-01-07T00:00:00.000Z,2026-01-07,968206.29573797,968206.2957379681,400360.74022951,400360.740229508,567845.55550846,567845.55550846,0,0,412.6630642,412.6630642,0,0,0.1814164589,0.06001367942,0.41350767982440645,0,0,0,0
USDT,wanUSDT,2026-01-08T00:00:00.000Z,2026-01-08,968385.1123979901,968385.1123979851,400539.55688953004,400539.55688952503,567845.55550846,567845.55550846,0,0,487.04001495,487.04001495,0,0,0.18145294658333333,0.06004147063333334,0.413615977690191,0,0,0,0
USDT,wanUSDT,2026-01-09T00:00:00.000Z,2026-01-09,868917.35516779,868917.3551677917,400737.30764255,400737.30764255,468180.04752524,468180.0475252417,0,0,516.63409605,516.63409605,0,0,0.19983389781666666,0.07549991204999999,0.46734080491102403,0,0,0,0
USDT,wanUSDT,2026-01-10T00:00:00.000Z,2026-01-10,710737.74980162,710737.749801622,400945.24219253,400945.242192528,309792.50760909,309792.507609094,0,0,497.24834778,497.24834778,0,0,0.2342629688,0.10662168852,0.5667490265686594,0,0,0,0
USDT,wanUSDT,2026-01-11T00:00:00.000Z,2026-01-11,671037.83521106,671037.83521105,401177.8276019,401177.827601895,269860.00760916,269860.007609155,0,0,641.54632566,641.54632566,0,0,0.24518433713333335,0.11726614233333334,0.597846821283226,0,0,0,0
USDT,wanUSDT,2026-01-12T00:00:00.000Z,2026-01-12,671402.04151152,671402.0415115217,401434.53390232,401434.5339023217,269967.5076092,269967.5076092,0,0,641.97089953,641.97089953,0,0,0.24520493986666667,0.11728737696666666,0.597904840785308,0,0,0,0
USDT,wanUSDT,2026-01-13T00:00:00.000Z,2026-01-13,671637.9072024501,671637.907202454,401670.39959325,401670.399593254,269967.5076092,269967.5076092,0,0,544.71173787,544.71173787,0,0,0.24525508484,0.11733906814,0.5980460499169044,0,0,0,0
USDT,wanUSDT,2026-01-14T00:00:00.000Z,2026-01-14,559460.8674258,559460.8674257967,401784.13706672,401784.13706671505,157676.73035908,157676.73035908167,198.83302409,198.83302409,727.41346144,727.41346144,4.76302689,4.76302689,0.2940516045166667,0.17470071151666666,0.7315688352864019,0,0,0,0
USDT,wanUSDT,2026-01-15T00:00:00.000Z,2026-01-15,510646.12267906,510646.12267904996,402034.8754341,402034.875434095,108611.24724496,108611.247244955,0,0,802.7395169,802.7395169,0,0,0.31432301123333334,0.19798790256666668,0.7873336040230117,0,0,0,0
USDT,wanUSDT,2026-01-16T00:00:00.000Z,2026-01-16,513922.14242998,513922.142429978,402328.85079225,402328.850792248,111593.29163773,111593.29163773,0,0,659.54770129,659.54770129,0,0,0.31264602346,0.1958063362,0.7828595327911135,0,0,0,0
USDT,wanUSDT,2026-01-17T00:00:00.000Z,2026-01-17,514285.00567489996,514285.00567490334,402623.03061758995,402623.0306175933,111661.97505731,111661.97505731,0,0,799.00716926,799.00716926,0,0,0.31265338081666666,0.19581586011666666,0.7828791870575685,0,0,0,0
USDT,wanUSDT,2026-01-18T00:00:00.000Z,2026-01-18,515545.05316762,515545.05316762393,402916.33001538995,402916.33001539396,112628.72315223,112628.72315223,0,0,677.1379494,677.1379494,0,0,0.31215022298,0.19516504502,0.7815347839608275,0,0,0,0
USDT,wanUSDT,2026-01-19T00:00:00.000Z,2026-01-19,517111.90454038,517111.9045403683,403375.25219025,403375.25219024165,113736.65235013,113736.65235012666,0,0,798.10581877,798.10581877,0,0,0.31159726223333334,0.19445135171666666,0.7800564782805697,10,10,1.15508,0.426859814
USDT,wanUSDT,2026-01-20T00:00:00.000Z,2026-01-20,516241.28359582997,516241.2835958316,404524.69386054995,404524.69386055163,111716.58973528,111716.58973528,0,0,793.35605428,793.35605428,0,0,0.31472538738333333,0.19945671678333332,0.78789776439509,0,0,0,0
USDT,wanUSDT,2026-01-21T00:00:00.000Z,2026-01-21,459002.69411009003,459002.694110084,404834.02805938,404834.028059378,54168.66605071,54168.666050706,0,0,723.63061109,723.63061109,0,0,0.42031900348,0.29979489304,0.8826682316081398,0,0,0,0
USDT,wanUSDT,2026-01-22T00:00:00.000Z,2026-01-22,459087.26661249995,459087.2666125033,405252.26906216994,405252.2690621733,53834.99755033,53834.99755033,0,0,1154.35858401,1154.35858401,0,0,0.42682541945,0.30473679115,0.8837991228261799,0,0,0,0
USDT,wanUSDT,2026-01-23T00:00:00.000Z,2026-01-23,484957.77268026,484957.77268026164,405616.58272741,405616.5827274133,79341.18995285,79341.18995284833,0,0,863.75326167,863.75326167,0,0,0.33346116701666667,0.22386804271666666,0.8378634717145645,0,0,0,0
USDT,wanUSDT,2026-01-24T00:00:00.000Z,2026-01-24,540470.49995715,540470.49995715,405919.04556133994,405919.04556133796,134551.45439581,134551.454395812,0,0,665.35506553,665.35506553,0,0,0.30102887708,0.18113580796,0.7516264525054612,0,0,0,0
USDT,wanUSDT,2026-01-25T00:00:00.000Z,2026-01-25,559217.93573186,559217.935731865,406199.73072032,406199.73072032165,153018.20501154,153018.20501154332,0,0,741.10886593,741.10886593,0,0,0.29167064741666665,0.16948983816666666,0.7263732711032007,0,0,0,0
USDT,wanUSDT,2026-01-26T00:00:00.000Z,2026-01-26,536768.8536554499,536768.853655448,406182.56065559,406182.56065559,130586.29299986,130586.292999858,1483.169603,1483.169603,653.86443615,653.86443615,1483.169603,1483.169603,0.30386904628,0.18506671698,0.7590758680254998,0,0,0,0
USDT,wanUSDT,2026-01-27T00:00:00.000Z,2026-01-27,502795.78116838995,502795.78116838663,405294.06016828,405294.06016828,97501.72100011,97501.72100010667,0,0,825.59401883,825.59401883,0,0,0.32137524596666667,0.20725268501666666,0.8060995100875306,0,0,0,0
USDT,wanUSDT,2026-01-28T00:00:00.000Z,2026-01-28,568358.29864551,568358.29864551,405620.70392407,405620.70392407,162737.59472144,162737.59472144,0,0,789.9838088,789.9838088,0,0,0.2934649006833333,0.17440476221666668,0.7297473035161312,0,0,0,0
USDT,wanUSDT,2026-01-29T00:00:00.000Z,2026-01-29,694309.6262672299,694309.626267232,405874.47592615,405874.47592615196,288435.15034108,288435.15034108,0,0,211.21917798,211.21917798,0,0,0.24047963532,0.11246226994,0.584572730152676,0,0,0,0
USDT,wanUSDT,2026-01-30T00:00:00.000Z,2026-01-30,693699.72512012,693699.7251201213,404821.73836004996,404821.73836005374,288877.98676007,288877.9867600675,3004.71872392,3004.71872392,265.84673467,265.84673467,1663.23687381,1663.23687381,0.240124733075,0.1121038106375,0.5835692026842901,0,0,0,0
USDT,wanUSDT,2026-01-31T00:00:00.000Z,2026-01-31,676042.48973452,676042.48973452,402110.43433918,402110.434339176,273932.05539534,273932.055395344,8816.23793153,8816.23793153,208.98167333,208.98167333,4042.84251831,4042.84251831,0.24454178426,0.11676832662,0.595945929335679,0,0,0,0
USDT,wanUSDT,2026-02-01T00:00:00.000Z,2026-02-01,604098.47568601,604098.475686,394343.01763309,394343.017633085,209755.45805292,209755.458052915,512.01909465,512.01909465,270.64483918,270.64483918,32.83078793,32.83078793,0.26487463943333334,0.13835410661666667,0.6528562899540611,0,0,0,0
USDT,wanUSDT,2026-02-02T00:00:00.000Z,2026-02-02,632233.13242374,632233.1324237383,394524.89212587,394524.892125865,237708.24029787,237708.24029787333,0,0,263.60762425,263.60762425,0,0,0.25460082663333333,0.12718816415,0.6242442781065107,0,0,0,0
USDT,wanUSDT,2026-02-03T00:00:00.000Z,2026-02-03,519029.70292861003,519029.702928612,394776.64335954003,394776.643359544,124253.05956907,124253.059569068,0,0,268.2529526,268.2529526,0,0,0.33967071974,0.22170538694,0.7861634661503023,0,0,0,0
USDT,wanUSDT,2026-02-04T00:00:00.000Z,2026-02-04,443731.63000857003,443731.63000857,395101.65661731,395101.65661730664,48629.97339126,48629.97339126333,0,0,350.27116652,350.27116652,0,0,0.35353851075,0.25184707531666667,0.8904298854175065,0,0,0,0
USDT,wanUSDT,2026-02-05T00:00:00.000Z,2026-02-05,599504.24508537,599504.2450853616,395228.33602412,395228.336024115,204275.90906125,204275.90906124667,0,0,0,0,0,0,0.28382106728333334,0.16766938396666667,0.7008403989056742,0,0,0,0
USDT,wanUSDT,2026-02-06T00:00:00.000Z,2026-02-06,495243.50107764,495243.501077638,380482.88726895,380482.88726895,114760.61380869,114760.613808688,13934.60977334,13934.60977334,246.29605644,246.29605644,105.27406047,105.27406047,0.32144295616,0.21263389194,0.8033960362606495,0,0,0,0
USDT,wanUSDT,2026-02-07T00:00:00.000Z,2026-02-07,638779.20236809,638779.202368085,380763.52654708,380763.52654708,258015.67582101,258015.675821005,0,0,274.04080155,274.04080155,0,0,0.2595554928666667,0.13997479386666667,0.6339727430982859,0,0,0,0
USDT,wanUSDT,2026-02-08T00:00:00.000Z,2026-02-08,740267.31888622,740267.318886218,380972.01305579,380972.013055788,359295.30583043,359295.30583043,0,0,184.24155546,184.24155546,0,0,0.21598587564,0.08892417282000001,0.5146411324664711,0,0,0,0
USDT,wanUSDT,2026-02-09T00:00:00.000Z,2026-02-09,739888.82772462,739888.8277246184,381160.05870765,381160.05870765,358728.76901697,358728.7690169683,21.87183272,21.87183272,217.5451119,217.5451119,13.03999964,13.03999964,0.21616555403333335,0.0890878372,0.5151591878650849,0.4374,0.4374,1.15508,0.3001937412
USDT,wanUSDT,2026-02-10T00:00:00.000Z,2026-02-10,739224.418712,739224.4187120034,381366.91741514,381366.91741514334,357857.50129686,357857.50129686,0,0,217.93701955,217.93701955,0,0,0.21642298128333334,0.08932233623333334,0.5159014031329133,0,0,0,0
USDT,wanUSDT,2026-02-11T00:00:00.000Z,2026-02-11,739341.70738556,739341.70738556,381566.46410716,381566.464107158,357775.2432784,357775.243278402,0,0,180.17548793,180.17548793,0,0,0.2164882197,0.08938183106,0.5160894610388248,0,0,0,0
USDT,wanUSDT,2026-02-12T00:00:00.000Z,2026-02-12,588684.20858132,588684.2085813216,381775.79913329,381775.7991332883,206908.40944803,206908.40944803334,0,0,255.1831294,255.1831294,0,0,0.2816355528166667,0.16579883556666666,0.6944734791741394,0,0,0,0
USDT,wanUSDT,2026-02-13T00:00:00.000Z,2026-02-13,537368.8166631,537368.816663095,382068.16210794,382068.162107935,155300.65455516,155300.65455516,0,0,289.30105691,289.30105691,0,0,0.28601942003333336,0.16268739108333333,0.7109980087993181,0,0,0,0
USDT,wanUSDT,2026-02-14T00:00:00.000Z,2026-02-14,537671.8270924,537671.827092396,382326.68932650005,382326.689326496,155345.1377659,155345.1377659,0,0,237.87313956,237.87313956,0,0,0.28604881282,0.16272244934,0.7110781533868394,0,0,0,0
USDT,wanUSDT,2026-02-15T00:00:00.000Z,2026-02-15,589829.46339052,589829.463390515,382575.38916613,382575.389166125,207254.07422439,207254.07422439,0,0,264.13287906,264.13287906,0,0,0.26335159578333334,0.13665863645,0.6486369006712182,0,0,0,0
USDT,wanUSDT,2026-02-16T00:00:00.000Z,2026-02-16,594668.85799404,594668.857994034,382813.48324447,382813.483244468,211855.37474957,211855.374749566,0,0,214.3731669,214.3731669,0,0,0.26158889152,0.13471668882,0.6437423502473119,0,0,0,0
USDT,wanUSDT,2026-02-17T00:00:00.000Z,2026-02-17,595365.96444063,595365.96444063,383051.7566301,383051.75663010334,212314.20781053,212314.20781052666,0,0,259.54449533,259.54449533,0,0,0.26146169301666666,0.13457722335,0.6433887858022315,0,0,0,0
USDT,wanUSDT,2026-02-18T00:00:00.000Z,2026-02-18,597766.03732814,597766.03732814,383311.32708258,383311.32708258333,214454.71024556,214454.71024555666,0,0,259.36887006,259.36887006,0,0,0.2606948821,0.13374031535,0.6412552068937567,0,0,0,0
USDT,wanUSDT,2026-02-19T00:00:00.000Z,2026-02-19,602423.44277681,602423.4427768181,383548.11362099,383548.11362099403,218875.32915582,218875.329155824,0,0,212.89245657,212.89245657,0,0,0.25904888256,0.13194401532,0.6366752763721162,0,0,0,0
USDT,wanUSDT,2026-02-20T00:00:00.000Z,2026-02-20,602688.46280582,602688.4628058183,383784.45859078004,383784.45859077835,218904.00421504,218904.00421504,0,0,257.9048121,257.9048121,0,0,0.259089163,0.13198778456666665,0.6367874599536711,0,0,0,0
USDT,wanUSDT,2026-02-21T00:00:00.000Z,2026-02-21,656219.01524304,656219.0152430317,382418.52428955,382418.52428954333,273800.49095349,273800.49095348833,0,0,244.07122572,244.07122572,0,0,0.2398488645,0.1118312261,0.5827857775128163,0,0,0,0
USDT,wanUSDT,2026-02-22T00:00:00.000Z,2026-02-22,658089.03121081,658089.0312108139,381020.39170554,381020.39170554397,277068.63950527,277068.63950527,0,0,201.55253223,201.55253223,0,0,0.23850274578,0.11047065686,0.5789800036281167,0,0,0,0
USDT,wanUSDT,2026-02-23T00:00:00.000Z,2026-02-23,657262.08257269,657262.0825726883,381238.15666854,381238.15666854,276023.92590415,276023.9259041483,0,0,238.18873952,238.18873952,0,0,0.23887756318333334,0.1108472233,0.5800409640924917,0,0,0,0
USDT,wanUSDT,2026-02-24T00:00:00.000Z,2026-02-24,658104.8127271801,658104.8127271766,381528.17860371,381528.17860370665,276576.63412347,276576.63412347,0,0,238.27727637,238.27727637,0,0,0.23877038896666666,0.11073936086666666,0.5797377010299262,1,1,1.15508,0.297028822
USDT,wanUSDT,2026-02-25T00:00:00.000Z,2026-02-25,658344.9255956099,658344.9255956099,381796.73858046,381796.738580458,276548.18701515,276548.187015152,0,0,197.03698006,197.03698006,0,0,0.23883980784,0.1108090988,0.5799342013538501,0,0,0,0
USDT,wanUSDT,2026-02-26T00:00:00.000Z,2026-02-26,658649.86514449,658649.8651444868,382015.46656261,382015.4665626067,276634.39858188,276634.39858188,0,0,238.67141662,238.67141662,0,0,0.23886227193333334,0.11083167166666667,0.5799977861734044,0,0,0,0
USDT,wanUSDT,2026-02-27T00:00:00.000Z,2026-02-27,961545.34988027,961545.34988027,382214.31576107,382214.3157610717,579331.0341192,579331.0341191983,0,0,159.40239482,159.40239482,0,0,0.17603563883333334,0.05597940855,0.3975003113972808,0,0,0,0
USDT,wanUSDT,2026-02-28T00:00:00.000Z,2026-02-28,919466.5626205,919466.5626205,382382.55668156,382382.55668156,537084.00593894,537084.00593894,0,0,189.78635161,189.78635161,0,0,0.18221409216666667,0.06062253335,0.41587434538937673,0,0,0,0
USDT,wanUSDT,2026-03-01T00:00:00.000Z,2026-03-01,919654.01367229,919654.0136722934,382570.00773335004,382570.00773335336,537084.00593894,537084.00593894,0,0,186.83070428,186.83070428,0,0,0.18225423333333332,0.060653247816666665,0.4159934064476742,0,0,0,0
USDT,wanUSDT,2026-03-02T00:00:00.000Z,2026-03-02,920825.0166363099,920825.0166363079,382741.01069739,382741.010697388,538084.00593892,538084.00593892,0,0,154.33887958,154.33887958,0,0,0.18213849174,0.06056470594,0.4156500991401677,0,0,0,0
USDT,wanUSDT,2026-03-03T00:00:00.000Z,2026-03-03,920996.58955693,920996.5895569283,382912.58361801005,382912.5836180083,538084.00593892,538084.00593892,0,0,186.92077187,186.92077187,0,0,0.18217519065,0.06059277418333334,0.4157589573956913,0,0,0,0
USDT,wanUSDT,2026-03-04T00:00:00.000Z,2026-03-04,917428.19206215,917428.1920621516,383099.62927299005,383099.6292729917,534328.56278916,534328.56278916,0,0,187.34154917,187.34154917,0,0,0.1827938232,0.06106816325,0.41759269206522026,0,0,0,0
USDT,wanUSDT,2026-03-05T00:00:00.000Z,2026-03-05,907438.35030469,907438.3503046901,382881.96487608,382881.964876082,524556.38542861,524556.385428608,487.821411,487.821411,155.97661356,155.97661356,126.42593095,126.42593095,0.1842598944,0.06219688844,0.4219371685736424,0,0,0,0
USDT,wanUSDT,2026-03-06T00:00:00.000Z,2026-03-06,907607.79476547,907607.7947654683,382958.9020919,382958.9020918984,524648.89267357,524648.89267357,0,0,193.02245361,193.02245361,0,0,0.18426191583333335,0.06219844421666667,0.4219431591722422,0,0,0,0
USDT,wanUSDT,2026-03-07T00:00:00.000Z,2026-03-07,907780.75560752,907780.7556075159,383131.86293395003,383131.86293394596,524648.89267357,524648.89267357,0,0,156.15748946,156.15748946,0,0,0.18429911314,0.06222723902,0.42205329788232127,0,0,0,0
USDT,wanUSDT,2026-03-08T00:00:00.000Z,2026-03-08,907949.52891179,907949.52891179,382253.36571771,382253.36571771,525696.16319408,525696.16319408,806.7155091,806.7155091,188.59856355,188.59856355,17.17461801,17.17461801,0.18394592956666667,0.06195422081666667,0.4210073240767339,0,0,0,0
USDT,wanUSDT,2026-03-09T00:00:00.000Z,2026-03-09,908113.8157532399,908113.8157532418,381759.13453667995,381759.1345366817,526354.68121656,526354.6812165601,0,0,187.82647923,187.82647923,0,0,0.18373643626666666,0.06179231005,0.42038687918791356,0,0,0,0
USDT,wanUSDT,2026-03-10T00:00:00.000Z,2026-03-10,908161.2792737801,908161.279273782,381931.37853976,381931.37853976,526229.90073402,526229.900734022,0,0,155.27267673,155.27267673,0,0,0.18379304832,0.06183600734,0.4205545762301638,0,0,0,0
USDT,wanUSDT,2026-03-11T00:00:00.000Z,2026-03-11,912592.5209106499,912592.5209106517,382103.58917866996,382103.58917867165,530488.93173198,530488.93173198,0,0,187.6082163,187.6082163,0,0,0.18316921828333332,0.06135575,0.4187059358731005,0,0,0,0
USDT,wanUSDT,2026-03-12T00:00:00.000Z,2026-03-12,914515.4007024199,914515.4007024167,382290.91553281,382290.91553280666,532224.48516961,532224.48516961,0,0,187.33675459,187.33675459,0,0,0.18293961688333332,0.06117876515,0.4180256706958979,0,0,0,0
USDT,wanUSDT,2026-03-13T00:00:00.000Z,2026-03-13,915009.06068517,915009.060685172,382462.97551556,382462.975515562,532546.08516961,532546.08516961,0,0,158.93073711,158.93073711,0,0,0.18292704216,0.06116912338,0.417988384828142,0,0,0,0
USDT,wanUSDT,2026-03-14T00:00:00.000Z,2026-03-14,812698.84882181,812698.8488218016,382510.38397652004,382510.3839765133,430188.46484529,430188.4648452883,756.736436,756.736436,199.10957508,199.10957508,9.32009293,9.32009293,0.20726895261666667,0.08360947061666667,0.4880266164744106,0,0,0,0
USDT,wanUSDT,2026-03-15T00:00:00.000Z,2026-03-15,607502.50250969,607502.5025096883,382115.1694365,382115.1694365033,225387.33307319,225387.333073185,0,0,254.22260846,254.22260846,0,0,0.2563001757833333,0.12897531396666667,0.6290099528654444,0,0,0,0
USDT,wanUSDT,2026-03-16T00:00:00.000Z,2026-03-16,683378.47727129,683378.477271294,382340.66358249,382340.663582494,301037.8136888,301037.8136888,0,0,195.31004603,195.31004603,0,0,0.23163668076,0.10367797646,0.559485957412144,0,0,0,0
USDT,wanUSDT,2026-03-17T00:00:00.000Z,2026-03-17,683591.90092282,683591.900922815,382554.08723402,382554.087234015,301037.8136888,301037.8136888,0,0,232.52605507,232.52605507,0,0,0.2316849876,0.10372508931666667,0.559623488695659,0,0,0,0
USDT,wanUSDT,2026-03-18T00:00:00.000Z,2026-03-18,682764.96368941,682764.963689408,382768.42886444,382768.42886443797,299996.53482497,299996.53482497,0,0,197.47409324,197.47409324,0,0,0.23203337982,0.10406515486,0.5606152149136119,0,0,0,0
USDT,wanUSDT,2026-03-19T00:00:00.000Z,2026-03-19,682979.2941107701,682979.2941107717,382982.75928580004,382982.7592858017,299996.53482497,299996.53482497,0,0,233.14604049,233.14604049,0,0,0.23208182651666667,0.10411248343333333,0.5607530999812352,0,0,0,0
USDT,wanUSDT,2026-03-20T00:00:00.000Z,2026-03-20,681746.21974085,681746.21974085,383216.14544908004,383216.14544908004,298530.07429177,298530.07429177,0,0,233.64983328,233.64983328,0,0,0.23255876225,0.10457900955,0.5621101815102266,0,0,0,0
USDT,wanUSDT,2026-03-21T00:00:00.000Z,2026-03-21,681666.98387643,681666.983876426,383430.2016913,383430.201691296,298236.78218513,298236.78218513,0,0,193.28386952,193.28386952,0,0,0.23269191744,0.10470932088,0.562489028793191,0,0,0,0
USDT,wanUSDT,2026-03-22T00:00:00.000Z,2026-03-22,687312.6819288,687312.6819287933,383642.66688878,383642.66688877833,303670.01504002,303670.015040015,11.18698064,11.18698064,232.97434804,232.97434804,0.50212855,0.50212855,0.23117728691666667,0.10323041956666666,0.5581777762057047,0,0,0,0
USDT,wanUSDT,2026-03-23T00:00:00.000Z,2026-03-23,687545.4293256099,687545.4293256083,383866.17548982,383866.1754898183,303679.25383579,303679.25383579,0,0,232.9056303,232.9056303,0,0,0.23122508288333332,0.10327694346666667,0.5583139038092326,0,0,0,0
USDT,wanUSDT,2026-03-24T00:00:00.000Z,2026-03-24,687759.017862,687759.0178619979,384079.76402621,384079.76402620797,303679.25383579,303679.25383579,0,0,192.54199199,192.54199199,0,0,0.23127324668,0.10332383472,0.5584510739162029,0,0,0,0
USDT,wanUSDT,2026-03-25T00:00:00.000Z,2026-03-25,687973.61445959,687973.61445959,384294.3606238,384294.3606238,303679.25383579,303679.25383579,0,0,238.32418584,238.32418584,0,0,0.23132160866666668,0.1033709289,0.5585888028831907,0,0,0,0
USDT,wanUSDT,2026-03-26T00:00:00.000Z,2026-03-26,688187.19242142,688187.192421414,383963.60701589,383963.607015884,304223.58540553,304223.58540553,0,0,192.7234452,192.7234452,0,0,0.23109205782,0.1031477064,0.5579348963639735,0,0,0,0
USDT,wanUSDT,2026-03-27T00:00:00.000Z,2026-03-27,688059.20321128,688059.2032112817,383359.29475476,383359.2947547617,304699.90845652,304699.90845652,0,0,232.18837019,232.18837019,0,0,0.23082021096666666,0.10288319166666667,0.5571605951071743,0,0,0,0
USDT,wanUSDT,2026-03-28T00:00:00.000Z,2026-03-28,687611.30037787,687611.3003778716,383591.74052859005,383591.7405285917,304019.55984928,304019.55984928,0,0,232.59798748,232.59798748,0,0,0.23106617775,0.10312230416666666,0.5578613055453591,0,0,0,0
USDT,wanUSDT,2026-03-29T00:00:00.000Z,2026-03-29,699756.0848105999,699756.084810604,383804.54286632,383804.542866324,315951.54194428,315951.54194428,305.89440332,305.89440332,190.65168533,190.65168533,305.89440332,305.89440332,0.22781862412,0.0999996863,0.5485903610666278,0,0,0,0
USDT,wanUSDT,2026-03-30T00:00:00.000Z,2026-03-30,707867.8495976999,707867.8495976962,383716.93740077,383716.9374007663,324150.91219693,324150.91219693,0,0,242.49463268,242.49463268,0,0,0.225536231025,0.0978059073875,0.5420742518743661,0,0,0,0
USDT,wanUSDT,2026-03-31T00:00:00.000Z,2026-03-31,708079.73596042,708079.7359604179,383928.82376349,383928.823763488,324150.91219693,324150.91219693,0,0,188.18342235,188.18342235,0,0,0.2255841236,0.09785140592,0.5422112826205121,0,0,0,0
USDT,wanUSDT,2026-04-01T00:00:00.000Z,2026-04-01,708289.63740352,708289.63740352,384138.72520659,384138.72520659,324150.91219693,324150.91219693,0,0,227.96621875,227.96621875,0,0,0.22563154053333334,0.09789646221666666,0.5423469471045098,0,0,0,0
USDT,wanUSDT,2026-04-02T00:00:00.000Z,2026-04-02,708517.71230274,708517.7123027432,384366.80010581005,384366.8001058133,324150.91219693,324150.91219693,0,0,228.15152714,228.15152714,0,0,0.22568303351666666,0.09794540208333333,0.5424942675870476,0,0,0,0
USDT,wanUSDT,2026-04-03T00:00:00.000Z,2026-04-03,710125.62263709,710125.62263709,384576.31044016,384576.31044016,325549.31219693,325549.31219693,0,0,193.45122558,193.45122558,0,0,0.22535759022,0.09763653502,0.5415629329161101,0,0,0,0
USDT,wanUSDT,2026-04-04T00:00:00.000Z,2026-04-04,712933.6422538699,712933.6422538734,384784.73005694,384784.7300569434,328148.91219693,328148.91219693,0,0,227.5144197,227.5144197,0,0,0.22471379515,0.09702606998333334,0.5397202551385331,0,0,0,0
USDT,wanUSDT,2026-04-05T00:00:00.000Z,2026-04-05,713141.9522553999,713141.952255404,384993.04005847,384993.040058474,328148.91219693,328148.91219693,0,0,188.08273703,188.08273703,0,0,0.2247607541,0.09707052081999999,0.5398547048947149,0,0,0,0
USDT,wanUSDT,2026-04-06T00:00:00.000Z,2026-04-06,713259.72001818,713259.7200181783,385202.17287681997,385202.17287681834,328057.54714136,328057.54714136,0,0,227.87042049,227.87042049,0,0,0.22483205366666667,0.09713803893333334,0.5400588299334104,0,0,0,0
USDT,wanUSDT,2026-04-07T00:00:00.000Z,2026-04-07,712835.58859313,712835.5885931334,385430.23089208,385430.2308920834,327405.35770105,327405.35770105,0,0,228.18721645,228.18721645,0,0,0.22505607493333332,0.09735028758333333,0.5407001244265216,0,0,0,0
USDT,wanUSDT,2026-04-08T00:00:00.000Z,2026-04-08,713449.61775756,713449.617757564,385641.44213775,385641.442137754,327808.17561981,327808.17561981,0,0,193.5370729,193.5370729,0,0,0.22499689412,0.09729418806,0.5405307265676191,0,0,0,0
USDT,wanUSDT,2026-04-09T00:00:00.000Z,2026-04-09,713658.63428739,713658.63428739,385850.45866758004,385850.45866758004,327808.17561981,327808.17561981,0,0,228.44623873,228.44623873,0,0,0.22504390536666666,0.09733874406666666,0.540665294795865,0,0,0,0
USDT,wanUSDT,2026-04-10T00:00:00.000Z,2026-04-10,713584.86746133,713584.8674613334,386079.0211304,386079.0211304034,327505.84633093,327505.84633093,0,0,228.67845889,228.67845889,0,0,0.22517537386666667,0.09746341233333333,0.5410415821131144,0,0,0,0
USDT,wanUSDT,2026-04-11T00:00:00.000Z,2026-04-11,713491.97996445,713491.979964448,386288.4629224,386288.462922398,327203.51704205,327203.51704205,0,0,189.12652944,189.12652944,0,0,0.22530251696,0.09758401246,0.541405470391548,0,0,0,0
USDT,wanUSDT,2026-04-12T00:00:00.000Z,2026-04-12,713702.2693579,713702.2693578966,386498.75231585,386498.7523158467,327203.51704205,327203.51704205,0,0,229.11040072,229.11040072,0,0,0.2253497334,0.09762882295,0.5415405922099299,0,0,0,0
USDT,wanUSDT,2026-04-13T00:00:00.000Z,2026-04-13,713912.37582078,713912.375820782,386708.85877873003,386708.858778732,327203.51704205,327203.51704205,0,0,189.40445246,189.40445246,0,0,0.22539688358,0.09767357948,0.5416755193382329,0,0,0,0
USDT,wanUSDT,2026-04-14T00:00:00.000Z,2026-04-14,714148.80063519,714148.8006351932,386919.12297216,386919.12297216,327229.67766303,327229.6776630333,0,0,229.44138814,229.44138814,0,0,0.22543710685,0.09771176808333333,0.5417906200914961,0,0,0,0
USDT,wanUSDT,2026-04-15T00:00:00.000Z,2026-04-15,716326.6701925499,716326.6701925483,387148.47128755,387148.4712875483,329178.198905,329178.198905,0,0,229.22746077,229.22746077,0,0,0.22497343333333333,0.09727195618333334,0.5404635687792192,0,0,0,0
USDT,wanUSDT,2026-04-16T00:00:00.000Z,2026-04-16,716537.14457081,716537.144570814,387358.94566581,387358.945665814,329178.198905,329178.198905,0,0,194.42302644,194.42302644,0,0,0.22502058908,0.09731664428,0.5405985533481167,0,0,0,0
USDT,wanUSDT,2026-04-17T00:00:00.000Z,2026-04-17,716747.94414194,716747.9441419384,387569.74523694,387569.74523693835,329178.198905,329178.198905,0,0,229.48459087,229.48459087,0,0,0.22506779101666666,0.09736138563333334,0.5407336647648653,0,0,0,0
USDT,wanUSDT,2026-04-18T00:00:00.000Z,2026-04-18,717079.5453950401,717079.5453950451,387798.50460671005,387798.5046067117,329281.04078833,329281.04078833334,0,0,229.65852811,229.65852811,0,0,0.22509189243333333,0.09738423531666666,0.5408026503619533,0,0,0,0
USDT,wanUSDT,2026-04-19T00:00:00.000Z,2026-04-19,717496.46378203,717496.463782026,388009.73922703,388009.739227026,329486.724555,329486.724555,0,0,189.80041222,189.80041222,0,0,0.22508495254,0.0973776547,0.5407827869107273,0,0,0,0
USDT,wanUSDT,2026-04-20T00:00:00.000Z,2026-04-20,717706.50401607,717706.50401607,388219.77946107,388219.77946107,329486.724555,329486.724555,0,0,229.92798797,229.92798797,0,0,0.22513190523333335,0.09742217238333332,0.540917177947528,0,0,0,0
USDT,wanUSDT,2026-04-21T00:00:00.000Z,2026-04-21,717943.03942594,717943.03942594,388450.64770179,388450.6477017917,329492.39172415,329492.39172414836,0,0,230.11161068,230.11161068,0,0,0.22518199251666668,0.09746967186666666,0.5410605353026865,0,0,0,0
USDT,wanUSDT,2026-04-22T00:00:00.000Z,2026-04-22,718182.56427863,718182.564278628,388661.83670874,388661.836708738,329520.72756989,329520.72756989,0,0,195.23213184,195.23213184,0,0,0.2252216876,0.09750732362,0.5411741444176036,0,0,0,0
USDT,wanUSDT,2026-04-23T00:00:00.000Z,2026-04-23,718394.4093291899,718394.4093291867,388873.6817593,388873.6817592967,329520.72756989,329520.72756989,0,0,230.44495166,230.44495166,0,0,0.22526896336666666,0.09755217451666667,0.5413094449317344,0,0,0,0
USDT,wanUSDT,2026-04-24T00:00:00.000Z,2026-04-24,718605.40331815,718605.40331815,389084.67574826,389084.67574826,329520.72756989,329520.72756989,0,0,190.50450033,190.50450033,0,0,0.2253160241,0.09759683036,0.5414441250354004,0,0,0,0
USDT,wanUSDT,2026-04-25T00:00:00.000Z,2026-04-25,718817.2254754,718817.2254754,389296.49790551,389296.49790551,329520.72756989,329520.72756989,0,0,230.78053704,230.78053704,0,0,0.2253632428,0.09764164561666666,0.5415792518354432,0,0,0,0
USDT,wanUSDT,2026-04-26T00:00:00.000Z,2026-04-26,719048.1133639,719048.1133639032,389527.38579401,389527.38579401333,329520.72756989,329520.72756989,0,0,230.96531332,230.96531332,0,0,0.22541468236666667,0.09769047731666666,0.5417264517154515,0,0,0,0
USDT,wanUSDT,2026-04-27T00:00:00.000Z,2026-04-27,719259.92150828,719259.921508276,389739.19393839,389739.19393838604,329520.72756989,329520.72756989,0,0,190.93620523,190.93620523,0,0,0.22546184438,0.09773525788,0.5418614056263448,0,0,0,0
USDT,wanUSDT,2026-04-28T00:00:00.000Z,2026-04-28,719449.91410545,719449.9141054517,389291.33117538004,389291.33117538004,330158.58293007,330158.5829300717,3958.62496384,3958.62496384,230.94748804,230.94748804,657.46401371,657.46401371,0.22519450526666668,0.09748254121666666,0.5410957851020004,0,0,0,0
USDT,wanUSDT,2026-04-29T00:00:00.000Z,2026-04-29,719567.42191893,719567.42191893,383280.39706856,383280.39706856,336287.02485037,336287.02485037,0,0,224.59580768,224.59580768,0,0,0.22224827643333334,0.09470512965,0.5326539011761658,0,0,0,0
USDT,wanUSDT,2026-04-30T00:00:00.000Z,2026-04-30,717773.62035873,717773.620358726,383486.59550834005,383486.59550834005,334287.02485039,334287.024850386,0,0,190.65901941,190.65901941,0,0,0.222812916,0.09523457084,0.5342733726303193,0,0,0,0
USDT,wanUSDT,2026-05-01T00:00:00.000Z,2026-05-01,717482.1769674399,717482.1769674385,383695.15211705,383695.1521170486,333787.02485039,333787.02485039,0,0,225.28936426,225.28936426,0,0,0.22298958538571428,0.09540030457142858,0.5347800434337248,0,0,0,0
USDT,wanUSDT,2026-05-02T00:00:00.000Z,2026-05-02,717641.00231689,717641.002316894,383898.9774665,383898.9774665,333742.02485039,333742.024850394,0,0,186.2443917,186.2443917,0,0,0.22304736942,0.09545459064,0.5349457181064448,0,0,0,0
USDT,wanUSDT,2026-05-03T00:00:00.000Z,2026-05-03,717668.11665343,717668.11665343,384106.09180302,384106.09180302,333562.02485041,333562.02485041,0,0,225.66899685,225.66899685,0,0,0.22314097756666668,0.09554255696666666,0.5352140916431918,0,0,0,0
USDT,wanUSDT,2026-05-04T00:00:00.000Z,2026-05-04,717894.7102487399,717894.7102487417,384332.68539833,384332.68539833167,333562.02485041,333562.02485041,0,0,225.85198161,225.85198161,0,0,0.2231921506,0.0955906622,0.5353607948374434,0,0,0,0
USDT,wanUSDT,2026-05-05T00:00:00.000Z,2026-05-05,701683.42510066,701683.42510066,384542.29122146,384542.29122146,317141.1338792,317141.1338792,0,0,194.32391941,194.32391941,0,0,0.22761887066,0.09979324437999999,0.5480281784554455,0,0,0,0
USDT,wanUSDT,2026-05-06T00:00:00.000Z,2026-05-06,701827.32316452,701827.323164525,384752.9089083,384752.90890830336,317074.41425622,317074.4142562217,0,0,230.19798098,230.19798098,0,0,0.22768460528333334,0.09985626928333334,0.5482159355788726,0,0,0,0
USDT,wanUSDT,2026-05-07T00:00:00.000Z,2026-05-07,727927.96034957,727927.9603495667,384981.75353224005,384981.7535322367,342946.20681733,342946.20681733,0,0,225.82461781,225.82461781,0,0,0.22106221911666665,0.0936451645,0.5292227738421644,0,0,0,0
USDT,wanUSDT,2026-05-08T00:00:00.000Z,2026-05-08,741632.9606784,741632.9606783979,385185.05852307,385185.058523068,356447.90215533,356447.90215533,0,0,182.82925563,182.82925563,0,0,0.21762851876,0.09042470179999999,0.5193748443217057,0,0,0,0
USDT,wanUSDT,2026-05-09T00:00:00.000Z,2026-05-09,741431.98516167,741431.98516167,385388.08300634,385388.0830063367,356043.90215533,356043.9021553333,0,0,221.03126985,221.03126985,0,0,0.21777941366666667,0.09056561805,0.5198079547033939,0,0,0,0
USDT,wanUSDT,2026-05-10T00:00:00.000Z,2026-05-10,731637.01842921,731637.0184292081,385593.11627386,385593.116273858,346043.90215535,346043.90215535,0,0,189.84472589,189.84472589,0,0,0.22028885648,0.09287869742,0.5270278904644439,0,0,0,0
USDT,wanUSDT,2026-05-11T00:00:00.000Z,2026-05-11,730958.57672468,730958.5767246766,385798.33964134,385798.3396413367,345160.23708334,345160.23708334,0,0,224.22573761,224.22573761,0,0,0.22055710713333335,0.09312790881666666,0.5277985774179608,0,0,0,0
USDT,wanUSDT,2026-05-12T00:00:00.000Z,2026-05-12,730299.43704917,730299.4370491733,386022.86503784,386022.86503784335,344276.57201133,344276.57201133,0,0,219.78375872,219.78375872,0,0,0.2208296747,0.09338120693333334,0.5285816240003939,0,0,0,0
USDT,wanUSDT,2026-05-13T00:00:00.000Z,2026-05-13,730505.9573637501,730505.957363754,386229.38535242004,386229.385352424,344276.57201133,344276.57201133,0,0,190.61770772,190.61770772,0,0,0.22087607576,0.093424378,0.5287148990783458,0,0,0,0
USDT,wanUSDT,2026-05-14T00:00:00.000Z,2026-05-14,728677.8203656599,728677.8203656584,386435.93758153997,386435.937581535,342241.88278412,342241.88278412336,0,0,225.24169225,225.24169225,0,0,0.2214398348,0.09395076803333334,0.5303330968010748,0,0,0,0
USDT,wanUSDT,2026-05-15T00:00:00.000Z,2026-05-15,724933.8984687801,724933.8984687817,386662.06791223004,386662.06791223167,338271.83055655,338271.83055655,0,0,226.58422541,226.58422541,0,0,0.22249986221666668,0.09494080146666667,0.5333756168344689,0,0,0,0
USDT,wanUSDT,2026-05-16T00:00:00.000Z,2026-05-16,724565.6513258,724565.651325802,386869.90145597,386869.901455972,337695.74986983,337695.74986983,0,0,187.40393726,187.40393726,0,0,0.22269438468,0.09512320038,0.5339335351308624,0,0,0,0
USDT,wanUSDT,2026-05-17T00:00:00.000Z,2026-05-17,725772.62021657,725772.6202165716,387077.87034674,387077.87034674163,338694.74986983,338694.74986983,0,0,226.84897213,226.84897213,0,0,0.22248470641666668,0.09492659688333334,0.5333321441314314,0,0,0,0
USDT,wanUSDT,2026-05-18T00:00:00.000Z,2026-05-18,725999.53644042,725999.53644042,387304.78657059,387304.78657059,338694.74986983,338694.74986983,0,0,226.99203572,226.99203572,0,0,0.2225355581,0.09497426083333334,0.5334780044242956,0,0,0,0
USDT,wanUSDT,2026-05-19T00:00:00.000Z,2026-05-19,726128.03316815,726128.033168142,387513.2832983,387513.28329829604,338614.74986985,338614.749869846,0,0,192.59934518,192.59934518,0,0,0.22260275426,0.09503726168,0.5336707368036806,0,0,0,0
USDT,wanUSDT,2026-05-20T00:00:00.000Z,2026-05-20,726182.66392902,726182.6639290184,387721.29964924,387721.2996492417,338461.36427978,338461.3642797767,0,0,227.36949262,227.36949262,0,0,0.22268863575,0.09511781008333334,0.5339170462585153,0,0,0,0
USDT,wanUSDT,2026-05-21T00:00:00.000Z,2026-05-21,725424.74919221,725424.749192202,387929.55137508,387929.551375076,337495.19781713,337495.197817126,0,0,188.11873052,188.11873052,0,0,0.22298333406,0.0953944583,0.534762104990222,0,0,0,0
USDT,wanUSDT,2026-05-22T00:00:00.000Z,2026-05-22,725500.7083085,725500.7083085016,388138.80089954,388138.8008995383,337361.90740896,337361.9074089633,0,0,227.98473084,227.98473084,0,0,0.2230643486,0.09547054381666667,0.5349943987545909,0,0,0,0
USDT,wanUSDT,2026-05-23T00:00:00.000Z,2026-05-23,726031.8011558,726031.801155795,386550.90373864,386550.90373864,339480.89741716,339480.897417155,0,0,227.42108226,227.42108226,0,0,0.22216540781666666,0.09462785723333333,0.5324159795884212,0,0,0,0
USDT,wanUSDT,2026-05-24T00:00:00.000Z,2026-05-24,726232.98952332,726232.989523318,386395.00369636004,386395.003696358,339837.98582696,339837.98582696,0,0,186.69639826,186.69639826,0,0,0.2220391146,0.09450939918,0.5320537726490998,0,0,0,0
USDT,wanUSDT,2026-05-25T00:00:00.000Z,2026-05-25,726440.24723783,726440.2472378251,386602.26141087,386602.261410865,339837.98582696,339837.98582696,0,0,226.16246758,226.16246758,0,0,0.22208564235,0.09455292351666666,0.5321872793215159,0,0,0,0
USDT,wanUSDT,2026-05-26T00:00:00.000Z,2026-05-26,726566.4136707,726566.4136706949,386828.53239957,386828.53239957,339737.88127113,339737.881271125,0,0,226.35362479,226.35362479,0,0,0.22216197685,0.09462435248333334,0.5324063008038789,0,0,0,0
USDT,wanUSDT,2026-05-27T00:00:00.000Z,2026-05-27,711882.72989752,711882.729897516,387036.17878519,387036.17878518195,324846.55111233,324846.551112334,5.80201486,5.80201486,194.31928486,194.31928486,0.41704909,0.41704909,0.22611919506,0.09836829442,0.5437374238742627,0,0,0,0
USDT,wanUSDT,2026-05-28T00:00:00.000Z,2026-05-28,708506.9682274701,708506.9682274683,383382.44804047,383382.44804047333,325124.520187,325124.520186995,7718.98765555,7718.98765555,229.97908861,229.97908861,1127.80547728,1127.80547728,0.22520293161666666,0.09749758811666667,0.5411159393693906,0,0,0,0
USDT,wanUSDT,2026-05-29T00:00:00.000Z,2026-05-29,707980.2119903101,707980.2119903084,379728.63795906,379728.63795905834,328251.57403125,328251.57403125,0,0,184.55246122,184.55246122,0,0,0.22353896123333333,0.09591696914999999,0.5363548726914599,0,0,0,0
USDT,wanUSDT,2026-05-30T00:00:00.000Z,2026-05-30,708185.1414202501,708185.1414202517,379933.567389,379933.56738900166,328251.57403125,328251.57403125,0,0,223.62154228,223.62154228,0,0,0.22358577573333333,0.09596105453333333,0.5364890373160741,0,0,0,0
USDT,wanUSDT,2026-05-31T00:00:00.000Z,2026-05-31,708408.86764085,708408.8676408483,380157.2936096,380157.2936095983,328251.57403125,328251.57403125,0,0,223.79959323,223.79959323,0,0,0.2236368559,0.09600916713333334,0.5366354210756941,0,0,0,0
USDT,wanUSDT,2026-06-01T00:00:00.000Z,2026-06-01,702679.90752178,702679.9075217759,380363.33349051,380363.333490506,322316.57403127,322316.57403127,0,0,190.84643321,190.84643321,0,0,0.22526700458,0.09755031586,0.5413038391439146,0,0,0,0
USDT,wanUSDT,2026-06-02T00:00:00.000Z,2026-06-02,685459.6832379899,685459.68323799,380335.06254705996,380335.0625470567,305124.62069093,305124.6206909333,10923.75191776,10923.75191776,227.79616501,227.79616501,1087.953104,1087.953104,0.23026626915,0.10244032256666667,0.5555289649028877,0,0,0,0
USDT,wanUSDT,2026-06-03T00:00:00.000Z,2026-06-03,656042.6873554799,656042.6873554783,373219.40694709995,373219.406947095,282823.28040838,282823.28040838335,987.096359,987.096359,235.14391495,235.14391495,5.79986725,5.79986725,0.23497217736666667,0.10697981525,0.568954946588421,0,0,0,0
USDT,wanUSDT,2026-06-04T00:00:00.000Z,2026-06-04,659966.5938741099,659966.593874118,364585.93389851996,364585.93389852403,295380.65997559,295380.659975594,10937.94873732,10937.94873732,183.06172574,183.06172574,3477.82642616,3477.82642616,0.22916062864,0.10127825044,0.552428070119433,0,0,0,0
USDT,wanUSDT,2026-06-05T00:00:00.000Z,2026-06-05,645491.9189770201,645491.9189770117,356314.71789461,356314.7178946,289177.20108241,289177.2010824117,4418.72427034,4418.72427034,216.48917268,216.48917268,203.5848437,203.5848437,0.22902605125,0.10115693561666667,0.5520393509247372,0,0,0,0
USDT,wanUSDT,2026-06-06T00:00:00.000Z,2026-06-06,642290.50414542,642290.5041454167,353753.80805986,353753.808059855,288536.69608556,288536.69608556165,1469.37335278,1469.37335278,212.90865196,212.90865196,2.59502343,2.59502343,0.22858601485,0.10072489441666667,0.5507881684760829,0,0,0,0
USDT,wanUSDT,2026-06-07T00:00:00.000Z,2026-06-07,650863.67146007,650863.671460072,353869.22088564,353869.220885642,296994.45057443,296994.45057443,0,0,173.81043204,173.81043204,0,0,0.22610167588,0.09834369594,0.5436917663510575,0,0,0,0
USDT,wanUSDT,2026-06-08T00:00:00.000Z,2026-06-08,651056.6248885,651056.6248884967,354062.17431407,354062.17431406665,296994.45057443,296994.45057443,0,0,210.55489141,210.55489141,0,0,0.22614896255,0.09838873018333333,0.5438270010409608,0,0,0,0
USDT,wanUSDT,2026-06-09T00:00:00.000Z,2026-06-09,651605.8653219801,651605.8653219719,354255.56450043,354255.564500426,297350.30082155,297350.300821546,0,0,178.6085948,178.6085948,0,0,0.22609255378,0.0983350394,0.5436656608219481,0,0,0,0
USDT,wanUSDT,2026-06-10T00:00:00.000Z,2026-06-10,648421.98646607,648421.9864660717,353447.06603303005,353447.0660330317,294974.92043304,294974.92043304,0,0,210.16839934,210.16839934,0,0,0.22660590726666666,0.0988303574,0.5451301924342065,0,0,0,0
USDT,wanUSDT,2026-06-11T00:00:00.000Z,2026-06-11,640588.18417994,640588.1841799367,353658.90360216005,353658.9036021567,286929.28057778,286929.28057778,0,0,212.7464113,212.7464113,0,0,0.2290398198,0.1011594948,0.5520846461419547,0,0,0,0
USDT,wanUSDT,2026-06-12T00:00:00.000Z,2026-06-12,645618.73593422,645618.735934226,353853.38874758,353853.388747582,291765.34718664,291765.347186644,0,0,175.11425654,175.11425654,0,0,0.22764138266,0.0998158816,0.5480918883441692,0,0,0,0
USDT,wanUSDT,2026-06-13T00:00:00.000Z,2026-06-13,647022.73248726,647022.7324872634,354048.3686484,354048.3686484033,292974.36383886,292974.36383886,0,0,211.54074669,211.54074669,0,0,0.22732763036666667,0.09951424885,0.5471961776624903,0,0,0,0
USDT,wanUSDT,2026-06-14T00:00:00.000Z,2026-06-14,644459.56366551,644459.5636655084,354260.93395838,354260.9339583784,290198.62970713,290198.62970713,0,0,212.08775405,212.08775405,0,0,0.22820759598333334,0.10035924606666667,0.5497088817639164,0,0,0,0
USDT,wanUSDT,2026-06-15T00:00:00.000Z,2026-06-15,640017.05750487,640017.05750487,350848.66449042,350848.664490418,289168.39301445,289168.393014452,3606.23748099,3606.23748099,178.25607979,178.25607979,37.13673672,37.13673672,0.2276742728,0.09984635758,0.5481864258322108,0,0,0,0
USDT,wanUSDT,2026-06-16T00:00:00.000Z,2026-06-16,640186.6683626501,640186.6683626517,351046.44117151,351046.44117151,289140.22719114,289140.2271911417,0,0,210.0824102,210.0824102,0,0,0.22773158513333333,0.09990131493333333,0.5483501221930652,0.33394939,0.33394939,1.15508,0.2024624224
USDT,wanUSDT,2026-06-17T00:00:00.000Z,2026-06-17,640378.84170498,640378.841704974,350781.33347878,350781.333478774,289597.5082262,289597.5082262,1383.02349701,1383.02349701,173.55814961,173.55814961,3.62936798,3.62936798,0.22752918212,0.0997078532,0.5477716652089787,0,0,0,0
USDT,wanUSDT,2026-06-18T00:00:00.000Z,2026-06-18,640569.7039646499,640569.703964655,349026.18596744,349026.185967445,291543.51799721,291543.51799721,0,0,207.86637643,207.86637643,0,0,0.22651316005,0.0987358892,0.5448683912763101,0,0,0,0
USDT,wanUSDT,2026-06-19T00:00:00.000Z,2026-06-19,640777.65388271,640777.65388271,349222.99755668,349222.99755668,291554.65632603,291554.65632603,0,0,208.0180837,208.0180837,0,0,0.22655874325,0.09877937881666667,0.5449987105114572,0,0,0,0
USDT,wanUSDT,2026-06-20T00:00:00.000Z,2026-06-20,635943.82696575,635943.826965752,349414.1706397,349414.170639702,286529.65632605,286529.65632605,0,0,172.78489717,172.78489717,0,0,0.22811389114,0.10026825966,0.5494418754075132,0,0,0,0
USDT,wanUSDT,2026-06-21T00:00:00.000Z,2026-06-21,634613.96852944,634613.9685294467,349606.31220337003,349606.31220337335,285007.65632607,285007.65632607334,0,0,209.85096414,209.85096414,0,0,0.22862398885,0.10075908748333333,0.5508978762917134,0,0,0,0
USDT,wanUSDT,2026-06-22T00:00:00.000Z,2026-06-22,633739.74694266,633739.7469426583,349818.09061656997,349818.09061656834,283921.65632609,283921.65632609,0,0,214.97836905,214.97836905,0,0,0.22900669431666668,0.10112754928333334,0.5519901343047785,0,0,0,0
USDT,wanUSDT,2026-06-23T00:00:00.000Z,2026-06-23,634332.79134948,634332.791349484,350010.74141539005,350010.741415394,284322.04993409,284322.04993409,0,0,173.94546764,173.94546764,0,0,0.22893260214,0.10105622664,0.5517786652941414,0,0,0,0
USDT,wanUSDT,2026-06-24T00:00:00.000Z,2026-06-24,628122.60068399,628122.6006839916,350100.72805914003,350100.7280591383,278021.87262485,278021.87262485333,2200.06537786,2200.06537786,211.22094685,211.22094685,1507.09706744,1507.09706744,0.23096379793333333,0.10304808986666666,0.557555469565918,0,0,0,0
USDT,wanUSDT,2026-06-25T00:00:00.000Z,2026-06-25,610715.31737238,610715.31737237,350038.54077782,350038.54077781335,260676.77659456,260676.77659455666,1.32401701,1.32401701,216.49614211,216.49614211,0.02895048,0.02895048,0.23645257331666666,0.10842337261666667,0.5731698164495588,0,0,0,0
USDT,wanUSDT,2026-06-26T00:00:00.000Z,2026-06-26,607230.44138942,607230.441389416,350119.09529727,350119.09529726603,257111.34609215,257111.34609215,117.77514784,117.77514784,179.85678636,179.85678636,2.62243046,2.62243046,0.23765666426,0.1096231783,0.5765836556351758,0,0,0,0
USDT,wanUSDT,2026-06-27T00:00:00.000Z,2026-06-27,607246.94828348,607246.9482834766,350318.78113605,350318.78113604663,256928.16714743,256928.16714743,0,0,217.98079209,217.98079209,0,0,0.23776718281666667,0.10973370121666666,0.5768967757137721,0,0,0,0
USDT,wanUSDT,2026-06-28T00:00:00.000Z,2026-06-28,607680.65465181,607680.65465181,350518.95550438,350518.95550438,257161.69914743,257161.69914743,0,0,184.88482677,184.88482677,0,0,0.23773810604,0.1097046112,0.5768144023741943,0,0,0,0
USDT,wanUSDT,2026-06-29T00:00:00.000Z,2026-06-29,606136.33865036,606136.338650355,350718.6681992,350718.668199195,255417.67045116,255417.67045116,0,0,218.48622288,218.48622288,0,0,0.23837696713333334,0.11034595023333334,0.578623047702271,0,0,0,0
USDT,wanUSDT,2026-06-30T00:00:00.000Z,2026-06-30,598864.34451262,598864.344512625,350938.32666495,350938.3266649534,247926.01784767,247926.01784767167,0,0,220.719922,220.719922,0,0,0.24099205383333333,0.11298318733333333,0.5860197773013874,0,0,0,0
USDT,wanUSDT,2026-07-01T00:00:00.000Z,2026-07-01,595459.24913829,595459.249138295,349314.23149628995,349314.23149629164,246145.017642,246145.01764200334,0,0,181.9282281,181.9282281,0,0,0.24120840596666668,0.11320082816666667,0.5866320288110229,0,0,0,0
USDT,wanUSDT,2026-07-02T00:00:00.000Z,2026-07-02,595510.471455,595510.4714549934,349517.09401936,349517.09401935665,245993.37743564,245993.37743563668,0,0,220.47033852,220.47033852,0,0,0.24131059673333333,0.11330428198333334,0.5869208519273929,0,0,0,0
USDT,wanUSDT,2026-07-03T00:00:00.000Z,2026-07-03,562816.17943565,562816.17943565,349740.8354363,349740.83543629665,213075.34399935,213075.34399935332,0,0,228.45990362,228.45990362,0,0,0.2537410374833333,0.12629654831666667,0.6218259918956217,0,0,0,0
USDT,wanUSDT,2026-07-04T00:00:00.000Z,2026-07-04,558355.70624477,558355.706244774,349954.08054817,349954.08054817,208401.6256966,208401.625696604,0,0,197.05087045,197.05087045,0,0,0.25549397964,0.12810712748,0.6267603088124688,0,0,0,0
USDT,wanUSDT,2026-07-05T00:00:00.000Z,2026-07-05,558965.06699517,558965.0669951733,350166.64129854995,350166.6412985533,208798.42569662,208798.42569662,0,0,232.31024714,232.31024714,0,0,0.2553847253,0.12798969583333333,0.6264553171438991,0,0,0,0
USDT,wanUSDT,2026-07-06T00:00:00.000Z,2026-07-06,554128.34052609,554128.340526088,350379.91482944996,350379.914829448,203748.42569664,203748.42569664,0,0,193.17945323,193.17945323,0,0,0.25748186244,0.13024632192,0.6323082346892487,0,0,0,0
USDT,wanUSDT,2026-07-07T00:00:00.000Z,2026-07-07,554342.84214171,554342.8421417117,350594.41644506995,350594.4164450717,203748.42569664,203748.42569664,0,0,231.95444224,231.95444224,0,0,0.2530497603833333,0.12803302273333333,0.6324505106499821,0,0,0,0
USDT,wanUSDT,2026-07-08T00:00:00.000Z,2026-07-08,554571.42391058,554571.4239105817,351236.85247589,351236.8524758917,203334.57143469,203334.57143469,0,0,227.6599783,227.6599783,0,0,0.248882389,0.12610341566666666,0.6333482416362192,0,0,0,0
USDT,wanUSDT,2026-07-09T00:00:00.000Z,2026-07-09,554780.28100298,554780.281002978,351514.98087804,351514.980878038,203265.30012494,203265.30012494,0,0,188.30937677,188.30937677,0,0,0.24897478946,0.12620256506,0.6336111629048333,0,0,0,0
USDT,wanUSDT,2026-07-10T00:00:00.000Z,2026-07-10,554990.9910113,554990.9910113,351725.69088636,351725.69088636,203265.30012494,203265.30012494,0,0,233.09035237,233.09035237,0,0,0.2490236817,0.12625506006666667,0.6337502657582655,0,0,0,0
USDT,wanUSDT,2026-07-11T00:00:00.000Z,2026-07-11,555219.23375976,555219.233759755,351953.93363482004,351953.93363481504,203265.30012494,203265.30012494,0,0,228.32440301,228.32440301,0,0,0.24907660298333334,0.12631189198333334,0.6339008258226075,0,0,0,0
USDT,wanUSDT,2026-07-12T00:00:00.000Z,2026-07-12,555428.29152261,555428.291522606,352162.99139767,352162.99139766605,203265.30012494,203265.30012494,0,0,188.75933823,188.75933823,0,0,0.24912504036,0.12636391852,0.6340386236056791,0,0,0,0
USDT,wanUSDT,2026-07-13T00:00:00.000Z,2026-07-13,520518.24451557,520518.24451556674,352377.94439059,352377.9443905867,168140.30012498,168140.30012498,0,0,238.90237334,238.90237334,0,0,0.26430954405,0.1431448052,0.6769751977173506,0,0,0,0
USDT,wanUSDT,2026-07-14T00:00:00.000Z,2026-07-14,495513.28749367,495513.28749367,352622.98736867,352622.98736867,142890.300125,142890.300125,0,0,248.17840083,248.17840083000002,0,0,0.2735260567,0.15571973828333333,0.7116317429764386,0,0,0,0
USDT,wanUSDT,2026-07-15T00:00:00.000Z,2026-07-15,495461.20477451,495461.204774508,352848.47029362,352848.47029362,142612.73448089,142612.734480888,0,0,201.42707405,201.42707405,0,0,0.26736432892,0.152325321,0.7121616949191885,0,0,0,0
USDT,wanUSDT,2026-07-16T00:00:00.000Z,2026-07-16,495615.48135378,495615.48135378334,353072.13828392,353072.1382839233,142543.34306986,142543.34306986,0,0,244.08008624,244.08008624,0,0,0.26744510228333335,0.1524204424,0.7123912565135353,0,0,0,0
USDT,wanUSDT,2026-07-17T00:00:00.000Z,2026-07-17,495839.67821049003,495839.678210492,353296.33514063,353296.335140632,142543.34306986,142543.34306986,0,0,207.10272812,207.10272812,0,0,0.26559080504,0.15139121234,0.712521302199265,0,0,0,0
USDT,wanUSDT,2026-07-18T00:00:00.000Z,2026-07-18,496392.21245023,496392.21245022997,353515.53604704,353515.53604703664,142876.67640319,142876.67640319333,0,0,236.70529984,236.70529984,0,0,0.25787046215,0.14691868106666667,0.7121714398481552,0,0,0,0
USDT,wanUSDT,2026-07-19T00:00:00.000Z,2026-07-19,498298.65403425,498298.65403425,353755.31096439,353755.31096439,144543.34306986,144543.34306986,0,0,236.09537181,236.09537181,0,0,0.25709730471666664,0.14601610633333334,0.7099262771352807,0,0,0,0
USDT,wanUSDT,2026-07-20T00:00:00.000Z,2026-07-20,498526.22913955,498526.22913955397,392810.92580024,392810.925800242,105715.30333931,105715.303339312,10479,10479,242.62806794,242.62806794,12.9741417,12.9741417,0.30251811842,0.19493388538,0.7879325260537716,0,0,0,0
USDT,wanUSDT,2026-07-21T00:00:00.000Z,2026-07-21,486406.34979411005,486406.3497941133,432074.51825811004,432074.51825811167,54331.831536,54331.831536001664,16050.70814431,16050.70814431,365.10581599,365.10581599,60.82654975,60.82654975,0.32923850261666665,0.2341256059,0.8883291372449672,0,0,0,0
USDT,wanUSDT,2026-07-22T00:00:00.000Z,2026-07-22,481106.81373497995,481106.81373498804,425148.93638078996,425148.936380796,55957.87735419,55957.877354192,97.86148208,97.86148208,283.1597386,283.1597386,9.66826584,9.66826584,0.31835885626,0.22506425098,0.8836892914135225,0,0,0,0
USDT,wanUSDT,2026-07-23T00:00:00.000Z,2026-07-23,480718.08724454,480718.08724453667,425071.03666904,425071.03666903335,55647.0505755,55647.05057550333,56425.19090634,56425.19090634,342.76232705,342.76232705,73.72994409,73.72994409,0.31855868325,0.2253468445,0.8842426213448626,0,0,0,0
USDT,wanUSDT,2026-07-24T00:00:00.000Z,2026-07-24,481178.76512596995,481178.76512597146,425485.79297982994,425485.79297982715,55692.97214614,55692.97214614429,0,0,343.3702843,343.3702843,0,0,0.31856435475714284,0.2253548060142857,0.8842583578592406,0,0,0,0
USDT,wanUSDT,2026-07-25T00:00:00.000Z,2026-07-25,481417.10967013997,481417.109670136,431272.59628232,431272.596282318,50144.51338782,50144.513387818,1145.11842747,1145.11842747,300.62608985,300.62608985,30.9063075,30.9063075,0.3439095921,0.2466333694,0.8958431053759319,0,0,0,0
USDT,wanUSDT,2026-07-26T00:00:00.000Z,2026-07-26,480804.30848476995,480804.30848477,431354.62255086994,431354.6225508733,49449.6859339,49449.68593389667,15999.99999999,15999.99999999,387.93681108,387.93681108,50.34637558,50.34637558,0.35381859095,0.25426327045,0.8971540499477807,0,0,0,0
USDT,wanUSDT,2026-07-27T00:00:00.000Z,2026-07-27,481153.02083003003,481153.02083003166,425398.08578044,425398.08578044164,55754.93504959,55754.93504959,5444.60820737,5444.60820737,343.09532442,343.09532442,33.37160295,33.37160295,0.318515159,0.22528506638333334,0.8841222228821473,0,0,0,0
USDT,wanUSDT,2026-07-28T00:00:00.000Z,2026-07-28,481464.87136381,481464.87136381195,425740.96937083,425740.96937083197,55723.90199298,55723.90199298,0,0,291.16779067,291.16779067,0,0,0.3185655351,0.22535625314,0.8842617459815132,0,0,0,0
