marketId,marketDisplayName,timestamp,date,supply,supplyInUsd,borrow,borrowInUsd,liquidity,liquidityInUsd,debtRepaid,debtRepaidInUsd,interestAccrued,interestAccruedInUsd,interestRepaid,interestRepaidInUsd,borrowApr,supplyApy,utilizationPercentage,loanOriginationFees,loanOriginationFeesInUsd,loanOriginationFeesMinAda,loanOriginationFeesMinAdaInUsd
WMT,WMT,2023-11-13T00:00:00.000Z,2023-11-13,0,0,0,0,0,0,0,0,0,0,0,0,0,0,0,0,0,0,0
WMT,WMT,2023-11-14T00:00:00.000Z,2023-11-14,2456.662231,333.800015000841,0,0,2456.662231,333.800015000841,0,0,0,0,0,0,0.03,0,0,0,0,0,0
WMT,WMT,2023-11-15T00:00:00.000Z,2023-11-15,2585.960243,361.7421941251916,0,0,2585.960243,361.7421941251916,0,0,0,0,0,0,0.03,0,0,0,0,0,0
WMT,WMT,2023-11-16T00:00:00.000Z,2023-11-16,487573.880588,67126.4048141183,1090.2092109999999,147.80526630447204,486483.671377,66978.59954781384,0,0,0.121005,0.0164105562,0,0,0.030228336659793815,0.000019498053608247424,0.0006565820918406239,0,0,0,0
WMT,WMT,2023-11-17T00:00:00.000Z,2023-11-17,1872945.002329,256512.12188587413,49297.731842,6749.757433941125,1823647.270487,249762.364451933,0,0,5.160173,0.706801246781,0,0,0.03914907265,0.0008235773367346939,0.026282145506212946,0,0,0,0
WMT,WMT,2023-11-18T00:00:00.000Z,2023-11-18,2050009.456208,277933.0444241229,47382.941015,6422.819025199804,2002626.515193,271510.2253989231,0,0,5.296121,0.717716502971,0,0,0.03805884936138614,0.0007057905465346534,0.023162371657699934,0,0,0,0
WMT,WMT,2023-11-19T00:00:00.000Z,2023-11-19,2307867.085349,320142.2369781001,46942.046168,6511.499585227765,2260925.039181,313630.73739287234,0,0,5.156486,0.715104456743,0,0,0.037074240884,0.000603357401,0.02034240607974138,0,0,0,0
WMT,WMT,2023-11-20T00:00:00.000Z,2023-11-20,2349778.56696,331753.35093816015,49040.838497,6922.370953618631,2300737.728463,324830.97998454154,0,0,5.523479,0.77958240645,0,0,0.03726317019009901,0.0006229245445544554,0.02088356257046587,0,0,0,0
WMT,WMT,2023-11-21T00:00:00.000Z,2023-11-21,2267756.274227,309031.2163928692,51961.391485,7079.752467678606,2215794.882742,301951.46392519056,0,0,5.805848,0.790802491931,0,0,0.037971944956,0.000696099006,0.022913872226635136,0,0,0,0
WMT,WMT,2023-11-22T00:00:00.000Z,2023-11-22,2273559.107443,300315.4941762454,53662.527457000004,7091.088655405569,2219896.579986,293224.40552083985,0,0,6.136168,0.811013678094,0,0,0.03821251200594059,0.0007218174900990099,0.023602443733985474,0,0,0,0
WMT,WMT,2023-11-23T00:00:00.000Z,2023-11-23,2280916.947553,312350.8984706808,56322.437598,7712.717896668386,2224594.509955,304638.18057401245,0,0,6.480997,0.887299755922,0,0,0.03859355264554455,0.0007624001861386138,0.024693184851296634,0,0,0,0
WMT,WMT,2023-11-24T00:00:00.000Z,2023-11-24,2287893.1662640003,317638.09274698736,56328.276082,7820.11149205625,2231564.890182,309817.98125493113,0,0,6.628889,0.92024568429,0,0,0.038568247293069305,0.0007596682594059405,0.02462077003699577,0,0,0,0
WMT,WMT,2023-11-25T00:00:00.000Z,2023-11-25,2339960.486529,320264.46393249865,56310.744601,7708.567644439952,2283649.741928,312555.8962880587,179.680582,24.103071991808,6.443888,0.881870183308,1.615074,0.216652486656,0.038378431075,0.000739331854,0.024077488617493467,0,0,0,0
WMT,WMT,2023-11-26T00:00:00.000Z,2023-11-26,2436834.3251219997,323735.96917668625,56160.196377,7462.449732216106,2380674.128745,316273.5194444701,0,0,6.372102,0.84662764021,0,0,0.038025575969,0.000701848461,0.023067369750879748,0,0,0,0
WMT,WMT,2023-11-27T00:00:00.000Z,2023-11-27,2615917.0910279998,339256.2173999024,56373.813949999996,7311.1909034182145,2559543.277078,331945.0264964842,0,0,6.305865,0.817799712805,0,0,0.03749599108712871,0.0006464577504950495,0.02155079485689984,0,0,0,0
WMT,WMT,2023-11-28T00:00:00.000Z,2023-11-28,2640102.591281,336199.494381834,56684.574944,7218.2068706102245,2583418.016337,328981.28751122375,100,12.7783,6.334077,0.806595775465,0,0,0.037468140453,0.000643585557,0.021471013814135933,0,0,0,0
WMT,WMT,2023-11-29T00:00:00.000Z,2023-11-29,2687939.699093,339283.15751609235,56677.272525,7154.508512974234,2631262.426568,332128.6490031181,0,0,6.322285,0.798416438558,0,0,0.037335561011,0.000629990479,0.021091178715292466,0,0,0,0
WMT,WMT,2023-11-30T00:00:00.000Z,2023-11-30,2662315.2664510002,332793.02405206836,72523.739322,9063.026807376587,2589791.527129,323729.99724469177,0,0,8.38991,1.047771440826,0,0,0.03949536702,0.000864845695,0.0272707353269137,0,0,0,0
WMT,WMT,2023-12-01T00:00:00.000Z,2023-12-01,2672875.400682,366399.98812849075,56688.97163,7770.981642968755,2616186.429052,358629.00648552197,0,0,5.803745,0.795524161042,0,0,0.037376682584,0.000634178044,0.021209008361585444,0,0,0,0
WMT,WMT,2023-12-02T00:00:00.000Z,2023-12-02,2674559.5743239997,381388.1207738838,56663.122685,8080.008103294562,2617896.451639,373308.11267058924,143.413243,20.558431797293,5.667123,0.808087983467,3.179119,0.455729887769,0.03736866649,0.000633356006,0.021186042594761194,0,0,0,0
WMT,WMT,2023-12-03T00:00:00.000Z,2023-12-03,2670814.768229,381126.9970527874,56976.943327,8129.922843425746,2613837.824902,372997.0742093616,0,0,5.704051,0.813914859773,0,0,0.037420034338,0.000638681213,0.021333174076587975,0,0,0,0
WMT,WMT,2023-12-04T00:00:00.000Z,2023-12-04,2678700.547514,376233.2954386715,58952.477064,8281.38339629367,2619748.07045,367951.9120423778,236,33.37748,6.032158,0.847176098709,71.436372,10.10324609196,0.03765632192525253,0.0006631656111111111,0.022009972838932232,0,0,0,0
WMT,WMT,2023-12-05T00:00:00.000Z,2023-12-05,2709846.02096,381106.92870437715,56332.336414000005,7922.460326679176,2653513.684546,373184.468377698,0,0,6.101384,0.858086303203,0,0,0.037229782436,0.000619150421,0.02078812289465501,0,0,0,0
WMT,WMT,2023-12-06T00:00:00.000Z,2023-12-06,2664262.449948,382933.50393098244,56337.955288000005,8099.80123822041,2607924.49466,374833.702692762,0,0,5.983298,0.860547527882,0,0,0.03735806696020408,0.0006323257469387755,0.021155640525166147,0,0,0,0
WMT,WMT,2023-12-07T00:00:00.000Z,2023-12-07,2578027.4563519997,383046.08934138255,53194.210751000006,7900.219415398045,2524833.245601,375145.86992598453,4507.850924,671.39931662056,5.812266,0.863653381843,7.861315,1.1708642561,0.037173217469473684,0.0006140480494736842,0.020625638137522693,0,0,0,0
WMT,WMT,2023-12-08T00:00:00.000Z,2023-12-08,2526382.378948,408507.63979743654,47150.873293000004,7628.15166638895,2479231.505655,400879.4881310476,0,0,5.408025,0.876373697627,0,0,0.03648945684456522,0.0005449065315217391,0.01866609244761529,0,0,0,0
WMT,WMT,2023-12-09T00:00:00.000Z,2023-12-09,2250928.578989,411104.14232247265,47155.632741,8636.758526700003,2203772.946248,402467.3837957726,0,0,5.667052,1.037169725751,0,0,0.0374073552826087,0.0006394731902173913,0.021295565676566267,0,0,0,0
WMT,WMT,2023-12-10T00:00:00.000Z,2023-12-10,2466138.105891,444161.620648136,47160.265551000004,8493.56820357695,2418977.84034,435668.05244455906,0,0,5.305326,0.955932801095,0,0,0.03664888441030928,0.000560675618556701,0.019123201766249945,0,0,0,0
WMT,WMT,2023-12-11T00:00:00.000Z,2023-12-11,2360387.493294,414031.28618413676,47164.933809,8266.137159308448,2313222.559485,405765.1490248283,0,0,5.603607,0.981969003207,0,0,0.03696108763469388,0.0005921088326530612,0.020018008776399015,0,0,0,0
WMT,WMT,2023-12-12T00:00:00.000Z,2023-12-12,2278667.736549,399455.9158726679,47180.100456,8270.743602337345,2231487.636093,391185.17227033054,0,0,5.596889,0.980946499684,0,0,0.03720082004270833,0.0006161990208333333,0.020705135395262066,0,0,0,0
WMT,WMT,2023-12-13T00:00:00.000Z,2023-12-13,2272528.5907429997,401579.49522474,47174.348078,8336.433873683733,2225354.242665,393243.06135105627,0,0,5.616654,0.993157328783,0,0,0.03721945992526316,0.0006180976010526316,0.020758545814227595,0,0,0,0
WMT,WMT,2023-12-14T00:00:00.000Z,2023-12-14,2261958.826191,440761.118516388,47059.311153,9169.912150844546,2214899.515038,431591.2063655435,0,0,5.749777,1.120683854319,0,0,0.03723557710721649,0.0006197410505154639,0.020804726618339955,0,0,0,0
WMT,WMT,2023-12-15T00:00:00.000Z,2023-12-15,2253872.302431,446276.72408232896,46989.243253,9304.124190296445,2206883.059178,436972.5998920325,0,0,5.622511,1.113058448121,0,0,0.037250760195652176,0.0006212900362318841,0.020848230469952225,0,0,0,0
WMT,WMT,2023-12-16T00:00:00.000Z,2023-12-16,2440027.872943,476108.73502739216,51563.068525,10046.693098580057,2388464.804418,466062.0419288121,0,0,6.213791,1.209645323579,0,0,0.0373521189,0.0006378316875,0.021134849801140613,0,0,0,0
WMT,WMT,2023-12-17T00:00:00.000Z,2023-12-17,2441434.6384150004,464157.34942044027,73630.896246,14010.056020952441,2367803.742169,450147.2933994878,0,0,9.929171,1.889098070077,0,0,0.0405059152212766,0.000987700579787234,0.030154130591536276,0,0,0,0
WMT,WMT,2023-12-18T00:00:00.000Z,2023-12-18,2437889.591496,433403.351926879,47198.020668000005,8390.77431020221,2390691.570828,425012.5776166768,0,0,9.008255,1.600614660325,0,0,0.03673155279583333,0.0005689040541666667,0.01936019614300409,0,0,0,0
WMT,WMT,2023-12-19T00:00:00.000Z,2023-12-19,2477590.2787829996,445639.8904522086,47787.772354,8592.808982527595,2429802.506429,437047.081469681,0,0,9.062154,1.628438019552,0,0,0.036706367064893615,0.0005664397521276596,0.01928796739217252,0,0,0,0
WMT,WMT,2023-12-20T00:00:00.000Z,2023-12-20,2486982.6540900003,448512.14036724216,49707.519722000005,8964.50849126804,2437275.134368,439547.6318759741,0,0,9.527593,1.718584003605,0,0,0.03695025571789474,0.0005908223042105263,0.019987083599430886,0,0,0,0
WMT,WMT,2023-12-21T00:00:00.000Z,2023-12-21,2489170.033731,450144.47710660106,49712.439059000004,8990.03041557566,2439457.594672,441154.4466910254,0,0,9.310119,1.683800037234,0,0,0.03694481816630435,0.0005902747586956522,0.019971499058891853,0,0,0,0
WMT,WMT,2023-12-22T00:00:00.000Z,2023-12-22,2490602.77556,452949.71135455964,49717.432381,9041.805621600186,2440885.343179,443907.90573295945,0,0,9.310365,1.693429505684,0,0,0.036941506857142856,0.0005899413395604395,0.01996200851537514,0,0,0,0
WMT,WMT,2023-12-23T00:00:00.000Z,2023-12-23,2495601.4258149997,440339.9236014091,49722.424018000005,8773.492317825438,2445879.001797,431566.43128358363,0,0,9.308259,1.643322078443,0,0,0.03692829057752809,0.0005886117820224719,0.01992412859364743,0,0,0,0
WMT,WMT,2023-12-24T00:00:00.000Z,2023-12-24,2504985.4129899996,434601.55906494433,51390.166992000006,8915.176064781726,2453595.245998,425686.3830001626,0,0,9.737508,1.691053151244,0,0,0.037134539854216865,0.0006094830024096385,0.020515195736320397,0,0,0,0
WMT,WMT,2023-12-25T00:00:00.000Z,2023-12-25,2498726.461816,422333.20824557275,51540.971289,8711.47650250272,2447185.490527,413621.73174307,0,0,9.568959,1.617443726795,0,0,0.037173541626595745,0.0006134379234042553,0.02062696161227108,0,0,0,0
WMT,WMT,2023-12-26T00:00:00.000Z,2023-12-26,2500755.486542,410757.1936324022,50722.947215,8329.003885716971,2450032.539327,402428.18974668527,0,0,9.648898,1.583714968461,0,0,0.037053552719387754,0.0006014057030612245,0.020283031130191965,0,0,0,0
WMT,WMT,2023-12-27T00:00:00.000Z,2023-12-27,2498420.0109369997,412501.81633796054,54342.584889000005,8972.326006646988,2444077.426048,403529.4903313136,0,0,10.133904,1.673284162231,0,0,0.03756581233092784,0.000653669224742268,0.02175079828173746,0,0,0,0
WMT,WMT,2023-12-28T00:00:00.000Z,2023-12-28,2485892.673465,418215.5620510874,54957.291545,9241.282532393867,2430935.38192,408974.2795186935,0,0,12.001244,2.013604899215,0,0,0.03769083447204301,0.0006681688870967742,0.022107952991397086,0,0,0,0
WMT,WMT,2023-12-29T00:00:00.000Z,2023-12-29,2506546.878023,398377.32237212127,54353.604519,8639.574634886396,2452193.273504,389737.74773723487,0,0,15.831833,2.518380248235,0,0,0.03754731615918367,0.0006518294653061224,0.021697772563475496,0,0,0,0
WMT,WMT,2023-12-30T00:00:00.000Z,2023-12-30,2704429.538707,418721.7574002507,54359.023885,8416.347350149348,2650070.514822,410305.41005010135,0,0,15.957498,2.470857851434,0,0,0.03698975963030303,0.0005948059838383838,0.02010030204469483,0,0,0,0
WMT,WMT,2023-12-31T00:00:00.000Z,2023-12-31,2718632.768072,416846.5370159521,54364.511085,8335.679886121401,2664268.256987,408510.8571298307,0,0,15.583304,2.389522909191,0,0,0.036953717425263155,0.0005911709494736842,0.019997005143039256,0,0,0,0
WMT,WMT,2024-01-01T00:00:00.000Z,2024-01-01,2720021.464831,421700.39820786734,54369.862021,8429.19758353806,2665651.60281,413271.20062432927,0,0,15.583527,2.415431144932,0,0,0.03695084422755102,0.0005908815897959184,0.019988770294305964,0,0,0,0
WMT,WMT,2024-01-02T00:00:00.000Z,2024-01-02,2742258.340845,442247.52697904065,54375.243428,8769.193300694604,2687883.097417,433478.33367834607,0,0,15.561336,2.509334802141,0,0,0.03689503864226804,0.0005852691391752577,0.019828821917191222,0,0,0,0
WMT,WMT,2024-01-03T00:00:00.000Z,2024-01-03,2757752.932164,414452.61675278674,54380.628334,8173.302149335705,2703372.30383,406279.31460345106,0,0,15.543847,2.335914194499,0,0,0.03686269204183674,0.0005820943642857142,0.019736062870369827,0,0,0,0
WMT,WMT,2024-01-04T00:00:00.000Z,2024-01-04,2865896.320415,409689.1180918107,55684.922877000005,7964.630672537504,2810211.397538,401724.48741927324,0,0,16.027,2.292818479477,0,0,0.03675692837319588,0.0005723211340206186,0.0194323962547999,0,0,0,0
WMT,WMT,2024-01-05T00:00:00.000Z,2024-01-05,2852507.60367,400831.5972877142,75392.838659,10594.015574073632,2777114.765011,390237.58171364054,0,0,18.722465,2.629601386292,0,0,0.0392008193,0.0008288749887755102,0.026430402889256733,0,0,0,0
WMT,WMT,2024-01-06T00:00:00.000Z,2024-01-06,2863376.846533,386773.46962989285,75400.788507,10185.085923425804,2787976.058026,376588.38370646705,0,0,18.708364,2.527614341714,0,0,0.039167078631313135,0.0008251455787878787,0.02633390242346349,0,0,0,0
WMT,WMT,2024-01-07T00:00:00.000Z,2024-01-07,2872600.617554,383156.88092200004,75408.627682,10057.680674576826,2797191.989872,373099.2002474232,0,0,18.696363,2.494058357578,0,0,0.03913845833030303,0.0008219796292929293,0.02625204810942818,0,0,0,0
WMT,WMT,2024-01-08T00:00:00.000Z,2024-01-08,2812755.080977,381618.27020980895,75416.65129000001,10233.265084978379,2737338.429687,371385.0051248306,0,0,19.225657,2.610301779504,0,0,0.039334453782,0.000843727143,0.026812556125181315,0,0,0,0
WMT,WMT,2024-01-09T00:00:00.000Z,2024-01-09,2214030.381694,319976.47134997166,125325.311754,18060.795679766507,2088705.06994,301915.67567020515,0,0,32.268688,4.632989229737,0,0,0.05036641801649484,0.002368953194845361,0.05817759787374081,0,0,0,0
WMT,WMT,2024-01-10T00:00:00.000Z,2024-01-10,2615975.4191139997,378946.4780701433,115443.270917,16698.159111846082,2500532.148197,362248.31895829726,0,0,29.698353,4.301089902316,0,0,0.04584636281428572,0.001683416863265306,0.04536363725215178,0,0,0,0
WMT,WMT,2024-01-11T00:00:00.000Z,2024-01-11,2835226.443944,468107.12831845996,115462.038401,19063.22718916855,2719764.405543,449043.9011292914,0,0,28.628537,4.792393746935,0,0,0.04421086428214286,0.0014403582392857144,0.04072410155781531,0,0,0,0
WMT,WMT,2024-01-12T00:00:00.000Z,2024-01-12,2866937.909614,466598.4767292067,110580.955544,18003.145912475917,2756356.95407,448595.33081673074,1204.605569,196.06160241044,28.091372,4.57581084221,18.074319,2.94177616044,0.043458772613265306,0.0013415976,0.038582641801469066,0,0,0,0
WMT,WMT,2024-01-13T00:00:00.000Z,2024-01-13,2929939.411527,464937.52602117206,109868.613161,17434.45106932629,2820070.798366,447503.07495184575,0,0,28.422462,4.514719993958,0,0,0.043078196701075266,0.0012922977086021505,0.03749860028314264,0,0,0,0
WMT,WMT,2024-01-14T00:00:00.000Z,2024-01-14,2930185.752742,465460.20554051077,109881.469803,17454.876687868335,2820304.282939,448005.32885264244,0,0,27.784755,4.41258546897,0,0,0.0430786517172043,0.0012923566634408601,0.03749989637388077,0,0,0,0
WMT,WMT,2024-01-15T00:00:00.000Z,2024-01-15,2954513.358416,449182.4102814292,109894.048535,16708.92049377028,2844619.309881,432473.4897876589,0,0,27.721987,4.213537038271,0,0,0.04297234901195652,0.0012787709402173914,0.037196988152165114,0,0,0,0
WMT,WMT,2024-01-16T00:00:00.000Z,2024-01-16,2973481.8340499997,442199.87798265525,110236.431302,16393.92819850553,2863245.402748,425805.9497841497,0,0,27.728479,4.122821202817,0,0,0.042929113725,0.0012732521681818182,0.0370737856010575,0,0,0,0
WMT,WMT,2024-01-17T00:00:00.000Z,2024-01-17,2925475.146365,427084.3769418259,110919.56288,16192.351996264273,2814555.583485,410892.02494556166,0,0,28.010602,4.090048715605,0,0,0.043225425448351645,0.0013112499725274726,0.03791804343971701,0,0,0,0
WMT,WMT,2024-01-18T00:00:00.000Z,2024-01-18,3078402.743097,430870.09662130655,110932.591577,15526.940251260776,2967470.15152,415343.1563700458,0,0,28.228114,3.953306365022,0,0,0.0425649907691358,0.001227099475308642,0.036035987553488316,0,0,0,0
WMT,WMT,2024-01-19T00:00:00.000Z,2024-01-19,3080785.638822,416622.5774044857,110945.086264,15003.384627022388,2969840.552558,401619.19277746335,0,0,26.938688,3.640973061734,0,0,0.0425565579775,0.0012260357475,0.036011949847638516,0,0,0,0
WMT,WMT,2024-01-20T00:00:00.000Z,2024-01-20,3079523.193274,438907.6763139268,110957.656808,15814.200352526454,2968565.536466,423093.47596140037,0,0,28.23185,4.023997867032,0,0,0.04256316738,0.0012268676694117647,0.03603079108023289,0,0,0,0
WMT,WMT,2024-01-21T00:00:00.000Z,2024-01-21,3074372.282516,458774.058411094,110970.510777,16559.550253315276,2963401.771739,442214.5081577787,0,0,27.603345,4.118253488875,0,0,0.04258638989156627,0.0012298089746987952,0.036096979601330126,0,0,0,0
WMT,WMT,2024-01-22T00:00:00.000Z,2024-01-22,3027032.633087,438680.34109317296,110983.061833,16083.98254874446,2916049.571254,422596.3585444285,0,0,27.736869,4.02022957324,0,0,0.042785377944594596,0.0012549541743243243,0.03666416843295508,0,0,0,0
WMT,WMT,2024-01-23T00:00:00.000Z,2024-01-23,3033171.245846,418504.8101303907,110996.17675299999,15314.801827774148,2922175.069093,403190.00830261654,0,0,27.725023,3.8314174580900002,0,0,0.04276079346024096,0.0012518342626506025,0.036594101774480366,0,0,0,0
WMT,WMT,2024-01-24T00:00:00.000Z,2024-01-24,3033469.323715,430065.81551937375,111008.484507,15738.104346914499,2922460.839208,414327.71117245924,0,0,28.374536,4.021607883049,0,0,0.042760961734,0.001251855784,0.03659458126652577,0,0,0,0
WMT,WMT,2024-01-25T00:00:00.000Z,2024-01-25,3029467.253011,444952.4600890824,111021.188952,16305.764988951774,2918446.064059,428646.69510013063,0,0,27.746437,4.077196793132,0,0,0.04277945019090909,0.0012542019606060606,0.0366472741004055,0,0,0,0
WMT,WMT,2024-01-26T00:00:00.000Z,2024-01-26,3060654.3851190004,471110.15014184307,111033.954745,17088.399810660143,2949620.430374,454021.7503311829,0,0,27.668216,4.258871875759,0,0,0.042650689257,0.001237926983,0.03628026076769642,0,0,0,0
WMT,WMT,2024-01-27T00:00:00.000Z,2024-01-27,3413802.727594,541204.2351894019,112426.55329499999,17822.289176670758,3301376.174299,523381.9460127311,0,0,27.092502,4.294621177706,0,0,0.04150739455,0.001097269497,0.03301911677260909,0,0,0,0
WMT,WMT,2024-01-28T00:00:00.000Z,2024-01-28,3640199.23433,590655.9932622894,115039.34926700001,18667.44026935181,3525159.885063,571988.5529929376,0,0,27.940466,4.533949831677,0,0,0.04101842066435644,0.0010381608594059405,0.03162372109489288,0,0,0,0
WMT,WMT,2024-01-29T00:00:00.000Z,2024-01-29,3702352.804994,602557.5301399602,111070.920781,18076.52309550317,3591281.884213,584481.007044457,0,0,26.922353,4.384232756085,0,0,0.04044977473298969,0.000970798718556701,0.03000012017438445,0,0,0,0
WMT,WMT,2024-01-30T00:00:00.000Z,2024-01-30,3933947.9001,667361.6650495855,111082.845571,18844.537761379164,3822865.054529,648517.1272882064,0,0,26.526517,4.500757404833,0,0,0.03984043619569892,0.0009008610623655914,0.028258958330654595,0,0,0,0
WMT,WMT,2024-01-31T00:00:00.000Z,2024-01-31,3994106.046831,666677.9852070578,111094.778401,18543.45015038122,3883011.26843,648134.5350566766,0,0,26.432234,4.41377337946,0,0,0.03968496524193548,0.0008830596774193548,0.027814679585156966,0,0,0,0
WMT,WMT,2024-02-01T00:00:00.000Z,2024-02-01,3995223.3296229998,649590.5934243049,111106.726184,18065.04602322269,3884116.603439,631525.5474010821,0,0,11.788548,1.916918603688,0,0,0.039683290313684214,0.0008828704115789474,0.027809891718058827,0,0,0,0
WMT,WMT,2024-02-02T00:00:00.000Z,2024-02-02,4015099.234216,663693.6054824289,110886.60370800001,18329.38781875932,3904212.630508,645364.2176636696,483.538034,80.60820795797,12.018805,1.986999350012,1.891836,0.31537852038,0.03961598704387755,0.0008752773846938776,0.027617494415657865,0,0,0,0
WMT,WMT,2024-02-03T00:00:00.000Z,2024-02-03,4016065.854479,669545.8665480847,110646.672129,18446.667248278412,3905419.18235,651099.1992998063,0,0,11.713518,1.953631550183,0,0,0.039592730521875,0.0008726557885416667,0.027551010543789462,0,0,0,0
WMT,WMT,2024-02-04T00:00:00.000Z,2024-02-04,4060269.1513679996,662365.6098128331,110659.97596699999,18052.918379203882,3949609.175401,644312.6914336293,0,0,11.693636,1.913844236653,0,0,0.03948943720757576,0.0008610599227272727,0.02725569465409767,0,0,0,0
WMT,WMT,2024-02-05T00:00:00.000Z,2024-02-05,4119155.9756750003,650641.6839641354,106693.53402400001,16857.861113292285,4012462.441651,633783.8228508431,14728.095128,2311.736539386008,11.135167,1.759949246156,53.823652,8.448214241572,0.039021337234,0.000809920284,0.02591653099734197,0,0,0,0
WMT,WMT,2024-02-06T00:00:00.000Z,2024-02-06,4167029.524473,658186.831010908,95952.287339,15155.766360379717,4071077.237134,643031.0646505282,0,0,9.75887,1.541392190608,0,0,0.038011289874,0.000700214914,0.023026544015107828,0,0,0,0
WMT,WMT,2024-02-07T00:00:00.000Z,2024-02-07,4128924.4520509997,643866.9680788498,120913.677659,18850.605118882933,4008010.774392,625016.3629599669,0,0,13.42916,2.093759390047,0,0,0.04021272559207921,0.0009498676207920792,0.02931891536837348,0,0,0,0
WMT,WMT,2024-02-08T00:00:00.000Z,2024-02-08,4015340.3135579997,646847.1022049028,135914.605662,21896.891649429075,3879425.707896,624950.2105554737,0,0,15.180354,2.445212979671,0,0,0.041800193721,0.001132172029,0.03385498536996376,0,0,0,0
WMT,WMT,2024-02-09T00:00:00.000Z,2024-02-09,3394672.454502,554226.2527194322,219656.39395000003,35920.09309007314,3175016.060552,518306.15962935914,0,0,41.788975,6.840419415943,0,0,0.05451123601122449,0.00346984733877551,0.06964060708479042,0,0,0,0
WMT,WMT,2024-02-10T00:00:00.000Z,2024-02-10,3966750.694298,647898.5247302701,137481.257987,22454.955790727687,3829269.436311,625443.5689395425,0,0,40.691771,6.644883615047,0,0,0.042081869804166665,0.001166894303125,0.034658398964218,0,0,0,0
WMT,WMT,2024-02-11T00:00:00.000Z,2024-02-11,3999331.9337959997,662494.4097707833,118631.286887,19672.032832722492,3880700.646909,642822.3769380607,2423.184456,393.406419616056,39.462977,6.541139590456,3.675573,0.596732952123,0.040346623459375,0.0009662410416666667,0.02970090883933323,0,0,0,0
WMT,WMT,2024-02-12T00:00:00.000Z,2024-02-12,4030626.475811,655091.616817319,98292.325236,15975.166733558297,3932334.150575,639116.4500837607,0,0,37.375179,6.111082389594,0,0,0.038486360869565216,0.0007508365942028985,0.02438643517711494,0,0,0,0
WMT,WMT,2024-02-13T00:00:00.000Z,2024-02-13,4045430.106929,660750.052527519,149232.096574,24341.211314738062,3896198.010355,636408.8412127809,0,0,47.379904,7.732552065526,0,0,0.04286785465238095,0.001282835,0.03688857065361405,0,0,0,0
WMT,WMT,2024-02-14T00:00:00.000Z,2024-02-14,4048510.9548690002,672195.9594624583,169622.27625,28163.21881837749,3878888.678619,644032.7406440808,0,0,51.702634,8.579238347409,0,0,0.04462320245714286,0.0014956787238095239,0.04189744984299146,0,0,0,0
WMT,WMT,2024-02-15T00:00:00.000Z,2024-02-15,4049751.925225,691083.8096129473,179547.546638,30655.139626160653,3870204.378587,660428.6699867867,0,0,53.74348,9.172736722328,0,0,0.04548105743333333,0.0016158765523809524,0.04433543917635215,0,0,0,0
WMT,WMT,2024-02-16T00:00:00.000Z,2024-02-16,4049872.334442,707762.0740636983,195666.54266,34195.00224251908,3854205.791782,673567.0718211792,0,0,58.860767,10.286284620025,0,0,0.04688107649047619,0.0018120192238095239,0.04831424955725554,0,0,0,0
WMT,WMT,2024-02-17T00:00:00.000Z,2024-02-17,4049901.749225,704114.5508581238,198600.826022,34524.846105828336,3851300.923203,669589.7047522955,0,0,58.199499,10.117904284774,0,0,0.0471363293952381,0.0018498128,0.04903842883650607,0,0,0,0
WMT,WMT,2024-02-18T00:00:00.000Z,2024-02-18,4051611.628056,727696.9209303977,209956.393928,37708.902446570006,3841655.234128,689988.0184838277,0,0,60.984517,10.952585102456,0,0,0.04811690780952381,0.0019947886714285715,0.05182056218953228,0,0,0,0
WMT,WMT,2024-02-19T00:00:00.000Z,2024-02-19,4054832.25165,732391.0919165631,208345.731203,37631.76919006291,3846486.520447,694759.3227265002,0,0,60.7958,10.987331586542,0,0,0.0479622776,0.001971521619047619,0.05138208710026361,0,0,0,0
WMT,WMT,2024-02-20T00:00:00.000Z,2024-02-20,4082738.061833,755369.1969313166,210152.762766,38881.405925693995,3872585.299067,716487.7910056226,0,0,63.916937,11.829439279937,0,0,0.04799456344090909,0.001976368468181818,0.05147364481223752,0,0,0,0
WMT,WMT,2024-02-21T00:00:00.000Z,2024-02-21,4088748.798135,743268.3612534207,210357.716567,38239.539817725265,3878391.081568,705028.8214356954,0,0,61.105248,11.110937928552,0,0,0.04798550083333333,0.001975004461904762,0.05144794675098712,0,0,0,0
WMT,WMT,2024-02-22T00:00:00.000Z,2024-02-22,4074803.8551709997,757647.666036989,210379.821801,39117.71877079871,3864424.03337,718529.9472661902,0,0,59.772014,11.113996530792,0,0,0.048049625857142855,0.0019846389,0.05162979081977273,0,0,0,0
WMT,WMT,2024-02-23T00:00:00.000Z,2024-02-23,4077896.200195,739736.4070183231,210406.578381,38166.63723399089,3867489.621814,701569.7697843321,0,0,61.171887,11.098547993853,0,0,0.0480391276,0.001983101461904762,0.05159999579545266,0,0,0,0
WMT,WMT,2024-02-24T00:00:00.000Z,2024-02-24,3989090.2114460003,716168.4242516445,140841.27702100002,25257.482987774198,3848248.934425,690910.9412638703,0,0,54.669805,9.814474797198,0,0,0.04229635815714286,0.0012253458238095237,0.03525059535126287,0,0,0,0
WMT,WMT,2024-02-25T00:00:00.000Z,2024-02-25,3965108.500504,727493.7527367146,113018.68935500001,20728.550354158455,3852089.811149,706765.202382556,0,0,51.109779,9.371396903264,0,0,0.039932161361904764,0.000911269061904762,0.028521132945104354,0,0,0,0
WMT,WMT,2024-02-26T00:00:00.000Z,2024-02-26,4127917.0184520003,800969.6908031824,113030.73515800001,21930.81610541247,4014886.283294,779038.87469777,0,0,51.761201,10.0474421708,0,0,0.039533682876190475,0.0008660166619047618,0.027382199500608616,0,0,0,0
WMT,WMT,2024-02-27T00:00:00.000Z,2024-02-27,4147568.620666,833644.0925847946,113042.677439,22721.132505751717,4034525.943227,810922.9600790429,0,0,50.535535,10.164655274512,0,0,0.03948925087619048,0.0008610289476190476,0.027255168083684857,0,0,0,0
WMT,WMT,2024-02-28T00:00:00.000Z,2024-02-28,4269129.641601,897779.5096809259,113054.657366,23775.00619772366,4156074.984235,874004.5034832022,0,0,50.213028,10.567597722986,0,0,0.039219304014285715,0.0008309343523809524,0.026483260409561615,0,0,0,0
WMT,WMT,2024-02-29T00:00:00.000Z,2024-02-29,4130303.44485,887485.9557667492,113066.534465,24279.77286495625,4017236.910385,863206.1829017929,14940.071169,3124.611304498167,50.552389,10.856360763471,22.050897,4.611790751271,0.03954850240952381,0.0008680679285714286,0.02742433103335044,0,0,0,0
WMT,WMT,2024-03-01T00:00:00.000Z,2024-03-01,3851929.3828020003,833598.0099861416,98137.588649,21238.144510490925,3753791.794153,812359.8654756506,0,0,48.293283,10.453353830732,0,0,0.038867699695238095,0.0007922039523809524,0.025477568224656185,0,0,0,0
WMT,WMT,2024-03-02T00:00:00.000Z,2024-03-02,3810921.6200010004,880440.4512397379,100096.792071,23122.270463948014,3710824.82793,857318.1807757899,0,0,48.725342,11.260594975412,0,0,0.03914507838571429,0.0008228200380952382,0.026270915241754587,0,0,0,0
WMT,WMT,2024-03-03T00:00:00.000Z,2024-03-03,3784840.958209,875643.1842756172,101689.600273,23527.401524786936,3683151.357936,852115.7827508303,222.690039,51.305335395171,49.202031,11.382226555481,1.764602,0.406544890178,0.03935370879523809,0.0008459003333333333,0.026867599191153824,0,0,0,0
WMT,WMT,2024-03-04T00:00:00.000Z,2024-03-04,3747316.523978,961511.7730806961,104033.805204,26695.509653362195,3643282.718774,934816.2634273339,191.518247,46.360439014796,49.850152,12.766711185778,0.034975,0.0084663283,0.0396667004,0.0008809981,0.027762467160271895,0,0,0,0
WMT,WMT,2024-03-05T00:00:00.000Z,2024-03-05,3743586.7688269997,938132.6434482224,104008.370605,26064.287113223727,3639578.398222,912068.3563349987,0,0,51.028866,12.767563912869,0,0,0.0396739111,0.0008818107904761905,0.02778308064429335,0,0,0,0
WMT,WMT,2024-03-06T00:00:00.000Z,2024-03-06,3746281.8144079996,887249.0480610552,104019.49000399999,24635.41143040152,3642262.324404,862613.6366306538,0,0,49.874462,11.811545047325,0,0,0.0396679573,0.0008811383428571429,0.027766061165180853,0,0,0,0
WMT,WMT,2024-03-07T00:00:00.000Z,2024-03-07,3746193.2243270003,889462.7404524917,118792.64111,28273.21170450257,3627400.583217,861189.5287479891,0,0,52.772148,12.537226233588,0,0,0.041053804195238096,0.0010658204666666666,0.03171039258269304,0,0,0,0
WMT,WMT,2024-03-08T00:00:00.000Z,2024-03-08,3755577.653196,900444.9994150021,204051.90559900002,48926.24087040003,3551525.747597,851518.7585446021,0,0,74.454356,17.856416386692,0,0,0.04900570640476191,0.0021304613238095236,0.05433969074534302,0,0,0,0
WMT,WMT,2024-03-09T00:00:00.000Z,2024-03-09,3169148.356278,773244.4837364246,451120.301587,110338.5631461565,2718028.054691,662905.9205902681,2755.219704,665.267084068728,189.333492,46.322852628533,708.020639,170.956539431023,0.08166010021428571,0.009993364804761904,0.14514764572368657,0,0,0,0
WMT,WMT,2024-03-10T00:00:00.000Z,2024-03-10,3305592.1392779998,833416.1573543396,130555.675357,32931.21004359451,3175036.463921,800484.9473107451,0,0,115.417247,29.12372901845,0,0,0.043970837576190476,0.0014134722095238096,0.04003782994357514,0,0,0,0
WMT,WMT,2024-03-11T00:00:00.000Z,2024-03-11,4242812.554370999,1098040.299225163,143428.036237,37251.26601823216,4099384.518134,1060789.0332069308,0,0,108.812405,28.218333833347,0,0,0.04176887346190476,0.0011307902428571428,0.03376413429267953,0,0,0,0
WMT,WMT,2024-03-12T00:00:00.000Z,2024-03-12,4387884.084262,1225923.6745119754,170113.512075,47523.043816377925,4217770.572187,1178400.6306955975,0,0,113.891768,31.828782366962,0,0,0.043524248995238095,0.0013499907285714286,0.03876920059250293,0,0,0,0
WMT,WMT,2024-03-13T00:00:00.000Z,2024-03-13,4451044.999987001,1264473.9859266898,170518.497266,48439.39969976424,4280526.502721,1216034.5862269255,0,0,113.672323,32.291167202991,0,0,0.043363541257142854,0.0013290767666666666,0.03831149541563078,0,0,0,0
WMT,WMT,2024-03-14T00:00:00.000Z,2024-03-14,4474795.905743,1269778.299078147,172114.450105,48822.14079988331,4302681.455638,1220956.1582782636,0,0,119.222363,33.842429373479,0,0,0.04341690757727273,0.00133605625,0.038463464688454,0,0,0,0
WMT,WMT,2024-03-15T00:00:00.000Z,2024-03-15,4400688.912831,1129021.613080286,175544.254476,45037.29070247267,4225144.658355,1083984.3223778133,0,0,115.625652,29.66272507739,0,0,0.04392041724761905,0.0014019242190476192,0.0398972803493566,0,0,0,0
WMT,WMT,2024-03-16T00:00:00.000Z,2024-03-16,4300987.474846,1080900.0968585217,154123.11272,38792.67101300692,4146864.362126,1042107.4258455149,0,0,112.262708,28.195108367996,0,0,0.04249302518095238,0.0012206702761904762,0.03582922881710702,0,0,0,0
WMT,WMT,2024-03-17T00:00:00.000Z,2024-03-17,4287642.43518,1015112.1424935693,145563.33582,34462.89189284693,4142079.09936,980649.2506007224,0,0,107.746294,25.509504837045,0,0,0.0418334135,0.0011361909476190477,0.033949783403787986,0,0,0,0
WMT,WMT,2024-03-18T00:00:00.000Z,2024-03-18,4266001.048666,1048908.5466132914,145579.488889,35794.6094872053,4120421.559777,1013113.937126086,0,0,110.481544,27.187847536517,0,0,0.04189501958095238,0.001143751519047619,0.034125520592302554,0,0,0,0
WMT,WMT,2024-03-19T00:00:00.000Z,2024-03-19,4262460.863574,955965.8123289633,145595.93838,32651.3556164198,4116864.925194,923314.4567125435,0,0,115.672005,25.911670306024,0,0,0.04190637909545455,0.0011451498454545454,0.0341579220995871,0,0,0,0
WMT,WMT,2024-03-20T00:00:00.000Z,2024-03-20,4248893.459368,901014.0892179298,145612.590125,30878.61605925239,4103280.869243,870135.4731586773,0,0,108.079006,22.919293806771,0,0,0.04194592306666667,0.0011500136333333333,0.034270718408625694,0,0,0,0
WMT,WMT,2024-03-21T00:00:00.000Z,2024-03-21,4250688.8605700005,947703.9716852992,146343.150457,32629.539008792406,4104345.710113,915074.4326765068,0,0,110.858261,24.716091737294,0,0,0.04200109079047619,0.0011568373095238095,0.03442805697704888,0,0,0,0
WMT,WMT,2024-03-22T00:00:00.000Z,2024-03-22,4304368.325924,968647.4030820975,148645.358627,33450.68369173353,4155722.967297,935196.719390364,0,0,111.274284,25.045157367957,0,0,0.04203863449047619,0.0011614630476190475,0.03453514277224908,0,0,0,0
WMT,WMT,2024-03-23T00:00:00.000Z,2024-03-23,4369329.3418189995,979754.2654287907,148662.368457,33335.725393250126,4220666.973362,946418.5400355406,0,0,115.951729,26.009497216687,0,0,0.04185953079545455,0.0011393945727272727,0.03402428646669632,0,0,0,0
WMT,WMT,2024-03-24T00:00:00.000Z,2024-03-24,4373620.944809,974533.839871713,148679.325216,33128.9015086919,4224941.619593,941404.938363021,0,0,110.793313,24.689614765039,0,0,0.04184911229047619,0.001138114057142857,0.03399456787223409,0,0,0,0
WMT,WMT,2024-03-25T00:00:00.000Z,2024-03-25,4370290.3161430005,1002896.0236771047,148695.911461,34122.78940493195,4221594.404682,968773.2342721728,0,0,110.819616,25.434843084945,0,0,0.041859522542857144,0.0011393915619047619,0.034024264123933126,0,0,0,0
WMT,WMT,2024-03-26T00:00:00.000Z,2024-03-26,4370960.998115,1012085.6033519238,148717.31688199998,34435.11210627968,4222243.681233,977650.491245644,0,0,110.832475,25.660121999769,0,0,0.041859409080952384,0.001139377642857143,0.03402394048641553,0,0,0,0
WMT,WMT,2024-03-27T00:00:00.000Z,2024-03-27,4347285.984658,974192.5847287222,129704.94275100001,29108.48673463822,4217581.041907,945084.097994084,100201.340467,21855.16107626749,106.313035,23.834705185977,239.740224,52.28521767138,0.040395820823809526,0.0009868553333333334,0.02983230815408085,0,0,0,0
WMT,WMT,2024-03-28T00:00:00.000Z,2024-03-28,4300876.628394,948881.7997831545,48735.976877,10752.362313474887,4252140.651517,938129.4374696796,0,0,81.105282,17.888273333388,0,0,0.033934760523809525,0.00030763479047619046,0.011331824681941742,0,0,0,0
WMT,WMT,2024-03-29T00:00:00.000Z,2024-03-29,4293738.103584999,945993.1076380411,48740.435949,10738.455788414929,4244997.667636,935254.6518496262,0,0,83.013708,18.28775590452,0,0,0.033941610838095236,0.0003082309857142857,0.011351515805819366,0,0,0,0
WMT,WMT,2024-03-30T00:00:00.000Z,2024-03-30,4297387.569879,953021.3727000732,48744.924952,10810.085854191191,4248642.644927,942211.286845882,0,0,81.13447,17.991495896768,0,0,0.03393862160952381,0.0003079705619047619,0.011342923500399036,0,0,0,0
WMT,WMT,2024-03-31T00:00:00.000Z,2024-03-31,4298907.569285001,975832.0158419308,48749.295742,11065.866267447005,4250158.273543,964766.1495744837,0,0,79.254766,17.989806336849,0,0,0.03393757896,0.00030787972,0.011339926469810883,0,0,0,0
WMT,WMT,2024-04-01T00:00:00.000Z,2024-04-01,4312459.337137,975948.9696319856,57325.334048000004,12939.820378619144,4255134.003089,963009.1492533665,0,0,83.45099,18.872823463584,0,0,0.03461755849523809,0.0003696032619047619,0.013292955692028745,0,0,0,0
WMT,WMT,2024-04-02T00:00:00.000Z,2024-04-02,4210460.068794,906040.5517572552,68521.685083,14745.077000373418,4141938.383711,891295.4747568818,0,0,87.08145,18.737321551134,0,0,0.03565559504285714,0.0004642118,0.01627415666852824,0,0,0,0
WMT,WMT,2024-04-03T00:00:00.000Z,2024-04-03,4252043.1473,1140308.8027855328,50552.964102,13463.31336904721,4201490.183198,1126845.4894164857,25953.64178,6791.443497756444,88.132424,23.662451420406,153.64178,40.165297756444,0.03412998312857143,0.00032604285238095235,0.011892118501363647,0,0,0,0
WMT,WMT,2024-04-04T00:00:00.000Z,2024-04-04,4252964.501248,1225029.9696900523,59405.966659,17048.229914244966,4193558.534589,1207981.7397758074,17146.11361,5331.042089113976,87.885254,25.33977457219,26.11361,8.483369113976,0.03485232039047619,0.0003898911047619048,0.013967863898825986,0,0,0,0
WMT,WMT,2024-04-05T00:00:00.000Z,2024-04-05,4264800.465075,1378607.8784284848,63784.915503,20547.132954495104,4201015.549572,1358060.7454739898,0,0,89.55573,28.903866597302,0,0,0.03519827854761905,0.0004242802952380952,0.014959687038981916,0,0,0,0
WMT,WMT,2024-04-06T00:00:00.000Z,2024-04-06,4200530.760554,1344272.5415978953,68597.326645,21959.571992247005,4131933.433909,1322312.9696056484,2131.3679,713.9144663124,91.980517,29.448734476014,27.290951,9.141267783156,0.03567621928095238,0.0004661817285714286,0.01633333329160754,0,0,0,0
WMT,WMT,2024-04-07T00:00:00.000Z,2024-04-07,4154977.692411,1608427.4939701427,41369.410056,15897.649699224909,4113608.282355,1592529.8442709178,30845.160835,11997.56460354243,85.043492,32.90563237959,5.160835,2.007363542435,0.033461917333333334,0.0002688654857142857,0.00997117880340242,0,0,0,0
WMT,WMT,2024-04-08T00:00:00.000Z,2024-04-08,3795131.8051070003,1576929.710661989,134624.80964199998,56676.570515387546,3660506.995465,1520253.1401466015,100,42.31,123.822571,51.780510315786,0,0,0.044658778985714284,0.002239341785714286,0.0415482391692417,0,0,0,0
WMT,WMT,2024-04-09T00:00:00.000Z,2024-04-09,2951071.603092,1144863.5564148293,300721.560217,118032.70808225691,2650350.042875,1026830.8483325725,8478.557751,3473.046175868877,238.404007,92.544368877645,14.769581,6.050019156287,0.06773994014761905,0.006628941328571429,0.10644289618472697,0,0,0,0
WMT,WMT,2024-04-10T00:00:00.000Z,2024-04-10,3500511.063195,1304597.1093007235,30817.630175000002,11447.374380976386,3469693.43302,1293149.734919747,0,0,120.599243,44.869618403939,0,0,0.03305430835454545,0.00023290258636363636,0.008799811955308918,0,0,0,0
WMT,WMT,2024-04-11T00:00:00.000Z,2024-04-11,3548068.679995,1279751.2569182597,28579.603333,10295.757478084877,3519489.076662,1269455.4994401748,0,0,112.105516,40.425619068413,0,0,0.03279602777142857,0.00021150054761904762,0.008056726122218963,0,0,0,0
WMT,WMT,2024-04-12T00:00:00.000Z,2024-04-12,3621104.371644,1321462.7128121287,29596.299383,10706.86117455924,3591508.072261,1310755.8516375695,0,0,114.871429,41.96989887563,0,0,0.03283547950476191,0.00021479866666666668,0.008170212837801488,0,0,0,0
WMT,WMT,2024-04-13T00:00:00.000Z,2024-04-13,3608014.4174539996,1088227.928133366,39232.035326,11789.678841765757,3568782.382128,1076438.2492916002,24062.229654,5786.821858409076,119.682762,36.075636822201,0.786787,0.189217552778,0.03377639548571429,0.0002970660761904762,0.01087463141234025,0,0,0,0
WMT,WMT,2024-04-14T00:00:00.000Z,2024-04-14,3627453.9065139997,997819.8393188883,16881.005914,4631.0541832717545,3610572.9006,993188.7851356165,0,0,111.77689,30.72266446212,0,0,0.031614144952380956,0.0001177920380952381,0.004653792615938721,0,0,0,0
WMT,WMT,2024-04-15T00:00:00.000Z,2024-04-15,3666818.632766,1120584.4331500523,16033.985011,4899.279688119792,3650784.647755,1115685.1534619324,0,0,111.378314,34.013130139623,0,0,0.03151663344285714,0.00011025580952380953,0.004372912732486954,0,0,0,0
WMT,WMT,2024-04-16T00:00:00.000Z,2024-04-16,3647371.828957,1090759.739701035,16035.344693,4795.452004456427,3631336.484264,1085964.2876965785,0,0,111.427244,33.322904089916,0,0,0.03152479055714286,0.00011087684761904762,0.004396414908166049,0,0,0,0
WMT,WMT,2024-04-17T00:00:00.000Z,2024-04-17,3649188.876344,1065311.0304347225,16036.703215,4681.599948048627,3633152.173129,1060629.430486674,0,0,111.436539,32.551479275497,0,0,0.031524158542857145,0.0001108287,0.004394593975113365,0,0,0,0
WMT,WMT,2024-04-18T00:00:00.000Z,2024-04-18,3649150.7045679996,1075864.864951741,16228.531310999999,4787.832264387819,3632922.173257,1071077.0326873532,0,0,111.538429,32.884413167395,0,0,0.03154241557142857,0.0001122350619047619,0.004447185826794591,0,0,0,0
WMT,WMT,2024-04-19T00:00:00.000Z,2024-04-19,3646951.9873880004,1139333.0446198855,16039.415328,5010.795481293303,3630912.57206,1134322.2491385923,0,0,114.39413,35.691021620219,0,0,0.03152535225238095,0.00011091963333333333,0.004398033248487483,0,0,0,0
WMT,WMT,2024-04-20T00:00:00.000Z,2024-04-20,3645546.5349979997,1207620.1710682702,16040.783215,5313.674542323482,3629505.751783,1202306.4965259468,0,0,111.80381,37.049575884999,0,0,0.03152607105238095,0.0001109744,0.004400104242085808,0,0,0,0
WMT,WMT,2024-04-21T00:00:00.000Z,2024-04-21,3649009.568326,1229456.906194136,16042.167619,5405.087261739469,3632967.400707,1224051.8189323966,0,0,117.014175,39.41019978423,0,0,0.031524753545454545,0.00011087402272727272,0.004396308280524686,0,0,0,0
WMT,WMT,2024-04-22T00:00:00.000Z,2024-04-22,3650681.915279,1252592.4381276474,16043.553918,5504.709285837749,3634638.361361,1247087.7288418096,0,0,109.222371,37.475325679594,0,0,0.031524186147619045,0.00011083080476190476,0.004394673503459195,0,0,0,0
WMT,WMT,2024-04-23T00:00:00.000Z,2024-04-23,3637619.9693079996,1367037.282029239,16044.905671999999,6030.067118445044,3621575.063636,1361007.214910794,0,0,111.853599,42.010309815376,0,0,0.03152981388571428,0.00011125965714285714,0.0044108878506478036,0,0,0,0
WMT,WMT,2024-04-24T00:00:00.000Z,2024-04-24,3611040.686276,1353034.8731463344,23305.965341,8630.799045350674,3587734.720935,1344404.0741009838,0,0,117.095504,43.853107191224,0,0,0.03224209422857143,0.00016949281428571428,0.006460638406016166,274.513086,99.944761645086,7.39596,3.53662973664
WMT,WMT,2024-04-25T00:00:00.000Z,2024-04-25,3538348.468872,1251920.059954596,34357.152567,12198.859701466052,3503991.316305,1239721.20025313,0,0,121.059658,42.827315345287,0,0,0.033370493333333334,0.00026224645714285715,0.009707558903301234,8,2.785008,2.46532,1.1577635784
WMT,WMT,2024-04-26T00:00:00.000Z,2024-04-26,3535870.2544279997,1202485.1470397227,19981.806591,6791.916131500355,3515888.447837,1195693.2309082223,0,0,115.825079,39.394161931413,0,0,0.0319602824,0.00014449094285714286,0.005650866609598806,13,4.439435,2.27568,1.06586479296
WMT,WMT,2024-04-27T00:00:00.000Z,2024-04-27,3492942.866604,1146965.4610778403,20863.191904,6852.260855411267,3472079.6747,1140113.2002224291,0,0,116.324818,38.17870600976,0,0,0.03207223502380952,0.00015326329523809523,0.005973269978291475,5.47185,1.7657441076,2.46532,1.11607748252
WMT,WMT,2024-04-28T00:00:00.000Z,2024-04-28,3484512.420844,1228621.5768283107,21151.644343,7458.286059147598,3463360.776501,1221163.290769163,0,0,119.190347,42.050278921559,0,0,0.032105906,0.00015591224761904763,0.006070229824650014,0,0,0,0
WMT,WMT,2024-04-29T00:00:00.000Z,2024-04-29,3469972.533918,1225736.2244240574,21153.476969,7472.326769496634,3448819.056949,1218263.8976545609,0,0,116.532614,41.171364190995,0,0,0.03211490829047619,0.00015662189523809523,0.006096152152546182,0,0,0,0
WMT,WMT,2024-04-30T00:00:00.000Z,2024-04-30,3469425.100816,1147318.377858316,21155.307946,6995.941091211055,3448269.79287,1140322.436767105,0,0,116.542519,38.539980177258,0,0,0.03211542547142857,0.00015666267619047618,0.006097641389772499,0,0,0,0
WMT,WMT,2024-05-01T00:00:00.000Z,2024-05-01,3488066.0100049996,1113205.6358754055,21157.139009,6752.684765104155,3466908.870996,1106452.9511103013,0,0,1.822601,0.582077907549,0,0,0.03210441348095238,0.0001557951380952381,0.0060659317695924584,0,0,0,0
WMT,WMT,2024-05-02T00:00:00.000Z,2024-05-02,3302703.383556,1069740.7042638955,21158.963166,6860.05061545484,3281544.42039,1062880.6536484407,0,0,1.829026,0.592707993794,0,0,0.032229077819047616,0.00016568604285714287,0.006424867229015277,0,0,0,0
WMT,WMT,2024-05-03T00:00:00.000Z,2024-05-03,3163450.325882,1073085.435849003,21160.797278000002,7178.032755803217,3142289.528604,1065907.4030931997,0,0,1.835223,0.622559766122,0,0,0.03232086612380952,0.0001729593238095238,0.006689151116010612,0,0,0,0
WMT,WMT,2024-05-04T00:00:00.000Z,2024-05-04,3163452.124054,1084078.4364298088,20728.984783,7104.062528973903,3142723.139271,1076974.373900835,0,0,1.87558,0.642722213107,0,0,0.032273454623809525,0.00016919167619047618,0.006552646932436413,0,0,0,0
WMT,WMT,2024-05-05T00:00:00.000Z,2024-05-05,3263250.29047,1102035.0622757333,19863.463901,6707.331117205701,3243386.826569,1095327.7311585275,0,0,1.82366,0.616023238568,0,0,0.032112542257142856,0.0001564392619047619,0.006089336689557412,0,0,0,0
WMT,WMT,2024-05-06T00:00:00.000Z,2024-05-06,3300630.388889,1090442.1189264231,20267.536943,6693.38120756275,3280362.851946,1083748.7377188604,200.153609,64.44746056191,1.858189,0.613947565532,20.153609,6.48926056191,0.03213030157142857,0.00015784434761904762,0.006140472011381545,13.5,4.3662645,2.27568,1.04688562176
WMT,WMT,2024-05-07T00:00:00.000Z,2024-05-07,3302253.18092,1054458.3446194145,22540.676829,7194.882991976939,3279712.504091,1047263.4616274376,0,0,2.067083,0.659833015854,0,0,0.03236836896190476,0.00017684943333333333,0.006825847478450585,40,12.7612,2.27568,1.02331185264
WMT,WMT,2024-05-08T00:00:00.000Z,2024-05-08,3305781.876119,1051272.6473558717,25185.673897,8010.156823888311,3280596.202222,1043262.4905319834,0,0,2.373968,0.755065592264,0,0,0.0326437685952381,0.00019896147142857144,0.007618621309876002,5,1.612975,2.27568,1.03900949328
WMT,WMT,2024-05-09T00:00:00.000Z,2024-05-09,2651546.767058,847721.4268540755,21675.377614999998,6932.6998679299195,2629871.389443,840788.7269861456,522.128986,166.07617722195,2.337138,0.746564018735,3.656582,1.16306731965,0.03285467421904762,0.00021663355714285714,0.008225286763777614,0,0,0,0
WMT,WMT,2024-05-10T00:00:00.000Z,2024-05-10,2393341.716027,755493.199127567,17718.989657000002,5592.833297961918,2375622.72637,749900.365829605,0,0,2.297994,0.72507362415,0,0,0.032569096166666665,0.0001929060857142857,0.007403703787699985,0,0,0,0
WMT,WMT,2024-05-11T00:00:00.000Z,2024-05-11,2389970.443265,724846.639831323,17720.548569000002,5374.469394709144,2372249.894696,719472.1704366138,0,0,2.298705,0.697399372184,0,0,0.032572886014285714,0.00019321237619047618,0.007414612122328676,0,0,0,0
WMT,WMT,2024-05-12T00:00:00.000Z,2024-05-12,2426446.048241,724960.1538732847,17722.099856,5295.550929819042,2408723.948385,719664.6029434657,0,0,2.243709,0.670539143993,0,0,0.032536673195,0.00019029691,0.007310373667303191,0,0,0,0
WMT,WMT,2024-05-13T00:00:00.000Z,2024-05-13,2607782.057478,756401.2708689182,17723.611922,5140.831987082163,2590058.445556,751260.438881836,0,0,2.284034,0.662529048067,0,0,0.032358131019047616,0.00017593589047619048,0.006796432503712154,0,0,0,0
WMT,WMT,2024-05-14T00:00:00.000Z,2024-05-14,2608377.8225999996,713821.3595536705,18090.311192,4947.7576388642565,2590287.511408,708873.6019148063,5447.5351,1446.0699824354,2.428238,0.664714973521,27.222668,7.226366111272,0.032406438695454544,0.00017986069545454546,0.006935464101531052,16.85,4.4757644,2.46532,1.06513411004
WMT,WMT,2024-05-15T00:00:00.000Z,2024-05-15,2602501.265638,705453.664445349,13964.060489,3785.2931109293286,2588537.205149,701668.3713344197,0,0,1.928284,0.523441362739,0,0,0.031861245295,0.0001367647,0.0053656366614114,0,0,0,0
WMT,WMT,2024-05-16T00:00:00.000Z,2024-05-16,2600599.913665,754030.0746566718,13965.25585,4049.1510080542803,2586634.657815,749980.9236486176,0,0,1.928834,0.559050420133,0,0,0.03186276480952381,0.00013688277619047619,0.005370013194338077,0,0,0,0
WMT,WMT,2024-05-17T00:00:00.000Z,2024-05-17,2600723.2578089996,771460.5413824623,13966.454263,4142.91466903643,2586756.803546,767317.6267134259,0,0,1.928995,0.572501898812,0,0,0.031862836371428574,0.00013688833333333334,0.005370219311458453,0,0,0,0
WMT,WMT,2024-05-18T00:00:00.000Z,2024-05-18,2600797.549829,814067.724934859,14015.268348,4387.277210025226,2586782.281481,809680.4477248337,0,0,1.933421,0.605163023755,0,0,0.03186929989047619,0.00013739113333333333,0.005388835340720739,2.5,0.7813175,2.27568,1.0996996032
WMT,WMT,2024-05-19T00:00:00.000Z,2024-05-19,2606038.791295,873266.4966759204,14218.864699999998,4764.671881499405,2591819.926595,868501.8247944211,0,0,1.997904,0.669238599355,0,0,0.031892663819047616,0.00013920835714285713,0.005456127532730295,0,0,0,0
WMT,WMT,2024-05-20T00:00:00.000Z,2024-05-20,2641137.088615,848818.179931322,14220.115346999999,4570.605977514465,2626916.973268,844247.5739538076,0,0,1.951059,0.627385989475,0,0,0.031867810204761905,0.00013727560476190477,0.005384544539590492,0,0,0,0
WMT,WMT,2024-05-21T00:00:00.000Z,2024-05-21,2660657.000215,857287.2934324055,14221.340526999998,4582.218912814906,2646435.659688,852705.0745195906,0,0,1.99541,0.642739159242,0,0,0.0318540975,0.00013620938095238095,0.0053450493806077555,0,0,0,0
WMT,WMT,2024-05-22T00:00:00.000Z,2024-05-22,2658695.575521,821039.2499498833,13221.325894,4088.333852825571,2645474.249627,816950.9160970578,0,0,1.942877,0.599798363738,0,0,0.031724893704761906,0.00012625410952380952,0.004972861889810874,0,0,0,0
WMT,WMT,2024-05-23T00:00:00.000Z,2024-05-23,2659701.363047,790229.4431221493,12121.048090999999,3601.3084344360736,2647580.314956,786628.1346877132,0,0,1.933727,0.574499907575,0,0,0.03158063130476191,0.00011513784761904762,0.004557296642214984,0,0,0,0
WMT,WMT,2024-05-24T00:00:00.000Z,2024-05-24,2657991.684923,759862.4558214443,12122.078829999999,3465.4268877441964,2645869.606093,756397.0289337,0,0,1.933884,0.552792929668,0,0,0.031581783790476194,0.00011522594285714286,0.004560617004618672,0,0,0,0
WMT,WMT,2024-05-25T00:00:00.000Z,2024-05-25,2669855.872452,759219.3149758241,12161.199845000001,3458.265271092079,2657694.672607,755761.049704732,0,0,1.937264,0.55091113371,0,0,0.031579967714285714,0.00011508777142857143,0.004555384479108784,1,0.28472,2.46532,1.12936555732
WMT,WMT,2024-05-26T00:00:00.000Z,2024-05-26,2657364.080496,767667.6872424512,12224.145093,3531.3494062928057,2645139.935403,764136.3378361585,0,0,1.943665,0.561483910611,0,0,0.0315954891,0.00011627397142857143,0.004600101725892127,0,0,0,0
WMT,WMT,2024-05-27T00:00:00.000Z,2024-05-27,2657365.119382,802768.6195747784,12225.183979,3693.132168059861,2645139.935403,799075.4874067185,0,0,1.94382,0.586812142372,0,0,0.031595624176190475,0.00011628430476190476,0.004600490873402025,0,0,0,0
WMT,WMT,2024-05-28T00:00:00.000Z,2024-05-28,2657366.159505,805635.7224105863,12226.224101999998,3706.6328497461236,2645139.935403,801929.0895608402,0,0,1.989218,0.603039520521,0,0,0.03159575941904762,0.00011629465238095238,0.004600880484053294,0,0,0,0
WMT,WMT,2024-05-29T00:00:00.000Z,2024-05-29,2657367.2467920003,794383.9853013362,12227.311388999999,3655.1887999706255,2645139.935403,790728.7965013655,0,0,1.898965,0.5687874265,0,0,0.03159590078235294,0.00011630546470588235,0.004601287760933378,0,0,0,0
WMT,WMT,2024-05-30T00:00:00.000Z,2024-05-30,2657368.308936,771292.7994309302,14728.373533,4272.31719143497,2642639.935403,767020.4822394951,0,0,2.172175,0.630248922108,0,0,0.03192266734285714,0.00014166719047619048,0.005542465936438812,37.5,10.9411125,2.46532,1.1134987578
WMT,WMT,2024-05-31T00:00:00.000Z,2024-05-31,2652845.260165,785280.6308427367,15979.733321,4730.250359702299,2636865.526844,780550.3804830344,0,0,2.297895,0.679969331525,0,0,0.03208972040476191,0.00015463709047619048,0.006023622469980327,0,0,0,0
WMT,WMT,2024-06-01T00:00:00.000Z,2024-06-01,2652370.371278,792957.420867418,16093.597966,4811.5019798706,2636276.773312,788145.9188875475,0,0,2.364564,0.707010220852,0,0,0.03210500319,0.000155843825,0.006067628455759957,7.5,2.24745,2.27568,1.02292271136
WMT,WMT,2024-06-02T00:00:00.000Z,2024-06-02,2652371.843845,799107.3473374193,16732.570533,5041.194034187633,2635639.273312,794066.1533032317,0,0,2.425271,0.730807545533,0,0,0.03218866612380952,0.00016245056666666668,0.006308531200714241,0,0,0,0
WMT,WMT,2024-06-03T00:00:00.000Z,2024-06-03,2667095.372463,827089.6750588176,16734.027194,5188.96187598829,2650361.345269,821900.7131828293,0,0,2.369515,0.734825806702,0,0,0.0321769251,0.00016152188571428572,0.006274724488489572,0,0,0,0
WMT,WMT,2024-06-04T00:00:00.000Z,2024-06-04,2706378.83635,852182.773541118,16735.476092,5269.660733007277,2689643.360258,846913.1128081108,0,0,2.367008,0.745204525619,0,0,0.03214531802857143,0.00015902201904761904,0.0061837160931607765,0,0,0,0
WMT,WMT,2024-06-05T00:00:00.000Z,2024-06-05,2689490.303339,874370.7665594979,18165.50495,5910.533347617181,2671324.798389,868460.2332118808,0,0,2.500593,0.813403344641,0,0,0.032344924857142854,0.0001753622761904762,0.006758117577605154,100,32.8843,2.27568,1.0537081104
WMT,WMT,2024-06-06T00:00:00.000Z,2024-06-06,2685342.490018,865108.4608159228,24381.830993,7867.910431011812,2660960.659025,857240.550384911,9900.00018,3144.77465717772,3.13575,1.011671905839,0.812248,0.258013826192,0.03315153678571429,0.00024147601904761905,0.009079225118150082,0,0,0,0
WMT,WMT,2024-06-07T00:00:00.000Z,2024-06-07,2685369.920614,850317.8764335706,16840.697764999997,5332.556744589043,2668529.222849,844985.3196889816,0,0,2.433997,0.769943229254,0,0,0.03217572860476191,0.00016142639047619047,0.006271279868797045,0,0,0,0
WMT,WMT,2024-06-08T00:00:00.000Z,2024-06-08,2670506.285829,809318.0408500539,16842.158457999998,5103.907510494684,2653664.127371,804214.1333395592,0,0,2.379528,0.720915643174,0,0,0.03218813679047619,0.00016240913333333333,0.006307006750164311,0,0,0,0
WMT,WMT,2024-06-09T00:00:00.000Z,2024-06-09,2612382.650759,778737.6846885869,16843.599489999997,5020.990308364594,2595539.051269,773716.6943802222,0,0,2.383825,0.710957680659,0,0,0.032236966815,0.000166280865,0.006447600425262566,0,0,0,0
WMT,WMT,2024-06-10T00:00:00.000Z,2024-06-10,2538926.534603,771298.339062942,16845.085218,5116.636201805926,2522081.449385,766181.7028611361,0,0,2.38823,0.725425708572,0,0,0.032304882023809524,0.00017169992857142858,0.006643124066208668,0,0,0,0
WMT,WMT,2024-06-11T00:00:00.000Z,2024-06-11,2435810.0166740003,700393.2738752923,16846.551719,4844.058407185797,2418963.464955,695549.2154681064,0,0,2.396104,0.688974279634,0,0,0.03239973499523809,0.00017926646666666668,0.006916201018839591,0,0,0,0
WMT,WMT,2024-06-12T00:00:00.000Z,2024-06-12,2434997.728235,690895.1954598539,16848.024619,4780.386523419805,2418149.703616,686114.8089364341,0,0,2.3963,0.679804818228,0,0,0.03240074688095238,0.00017934756666666666,0.006919113976564162,0,0,0,0
WMT,WMT,2024-06-13T00:00:00.000Z,2024-06-13,2434104.062171,666226.6828005604,16849.496027999998,4611.79155966996,2417254.566143,661614.8912408904,0,0,2.452251,0.671421419707,0,0,0.03240183900476191,0.00017943510476190475,0.0069222578809849476,0,0,0,0
WMT,WMT,2024-06-14T00:00:00.000Z,2024-06-14,2435165.9767920002,661815.1254425877,14723.392107,4001.7300692683493,2420442.584685,657813.3953733193,0,0,2.375393,0.645331629502,0,0,0.03209758464285714,0.0001552915380952381,0.006046246512941312,0,0,0,0
WMT,WMT,2024-06-15T00:00:00.000Z,2024-06-15,2446126.452852,660112.7182128648,14370.054876,3877.9367714640593,2431756.397976,656234.7814414008,0,0,2.369843,0.639471754569,0,0,0.032037981404761905,0.00015056910476190477,0.005874631950136874,0,0,0,0
WMT,WMT,2024-06-16T00:00:00.000Z,2024-06-16,2438008.315416,669982.3318167042,14371.295997,3949.3363647939236,2423637.019419,666032.9954519103,0,0,2.371048,0.651625918518,0,0,0.03204494564285714,0.0001511159380952381,0.005894687030617602,0,0,0,0
WMT,WMT,2024-06-17T00:00:00.000Z,2024-06-17,2435840.760418,657240.986726356,14372.536075,3877.960069116017,2421468.224343,653363.02665724,0,0,2.426403,0.654737467374,0,0,0.03204694547142857,0.0001512730238095238,0.005900445941305587,0,0,0,0
WMT,WMT,2024-06-18T00:00:00.000Z,2024-06-18,2523633.779789,630843.1783847973,14373.797557999998,3592.5571854418836,2509259.982231,627250.6211993555,0,0,2.36697,0.591615922465,0,0,0.031977872633333335,0.00014586725714285713,0.005701524572057543,0,0,0,0
WMT,WMT,2024-06-19T00:00:00.000Z,2024-06-19,2646544.15178,739485.9530855933,14375.018259999999,4016.6307813069734,2632169.13352,735469.3223042863,0,0,2.304937,0.644351571269,0,0,0.03188415927,0.00013854647,0.005431633223215834,0,0,0,0
WMT,WMT,2024-06-20T00:00:00.000Z,2024-06-20,2650203.404574,738664.8567450962,14376.246599,4006.9478527416068,2635827.157975,734657.9088923546,0,0,2.414879,0.672899659956,0,0,0.03188171117619048,0.0001383559761904762,0.005424582345449376,0,0,0,0
WMT,WMT,2024-06-21T00:00:00.000Z,2024-06-21,2648640.860771,722420.6149397354,14377.487712999999,3921.4392919431407,2634263.373058,718499.1756477923,0,0,2.360214,0.643884363494,0,0,0.03188298672857143,0.00013845521428571428,0.005428256111749663,0,0,0,0
WMT,WMT,2024-06-22T00:00:00.000Z,2024-06-22,2644667.182561,713287.7659333643,14378.708906,3878.053795245284,2630288.473655,709409.712138119,0,0,2.305512,0.621932422037,0,0,0.03188597713,0.000138687905,0.005436868956771007,0,0,0,0
WMT,WMT,2024-06-23T00:00:00.000Z,2024-06-23,2685886.260053,738441.3797720793,14284.456574,3927.70096842411,2671601.803479,734513.6788036552,0,0,2.412831,0.663484150816,0,0,0.03184500923333333,0.00013550447619047618,0.00531887231952998,0,0,0,0
WMT,WMT,2024-06-24T00:00:00.000Z,2024-06-24,2701874.657603,695408.0705826128,14280.932864999999,3675.6053595200906,2687593.724738,691732.4652230927,0,0,2.412087,0.620664677742,0,0,0.03183344519047619,0.00013460620476190476,0.00528556514588062,0,0,0,0
WMT,WMT,2024-06-25T00:00:00.000Z,2024-06-25,2700010.658496,689742.4375324344,14282.167473,3648.5057468433197,2685728.491023,686093.9317855911,0,0,2.357482,0.602008738107,0,0,0.03183487068,0.00013471679,0.005289670997211648,0,0,0,0
WMT,WMT,2024-06-26T00:00:00.000Z,2024-06-26,2699318.593695,672022.3635574828,14283.386375,3555.9956852834803,2685035.20732,668466.3678721994,0,0,2.412509,0.600343567083,0,0,0.031835498415,0.0001347655,0.005291479056129063,0,0,0,0
WMT,WMT,2024-06-27T00:00:00.000Z,2024-06-27,2718416.585149,675667.7207973591,14284.692253,3550.360906943628,2704131.892896,672117.3598904154,0,0,2.357562,0.585260961249,0,0,0.03182296591666667,0.00013379430555555556,0.005255381061742432,0,0,0,0
WMT,WMT,2024-06-28T00:00:00.000Z,2024-06-28,2789341.956705,679874.1155743874,14500.133842000001,3530.6688248320206,2774841.822863,676343.4467495553,0,0,2.48974,0.604506570348,0,0,0.03180363115714286,0.00013232859047619048,0.00519967010650561,45,10.54224,2.27568,0.89353892496
WMT,WMT,2024-06-29T00:00:00.000Z,2024-06-29,2704354.7808829998,656456.6155558373,14287.050695999998,3468.047995533239,2690067.730187,652988.5675603041,0,0,2.678988,0.650323062623,0,0,0.031832548365,0.000134536635,0.0052829820716598745,0,0,0,0
WMT,WMT,2024-06-30T00:00:00.000Z,2024-06-30,2699813.1932260003,658993.5880810738,14288.260957999999,3487.6024255829493,2685524.932268,655505.9856554909,0,0,2.74301,0.66961642769,0,0,0.031835788571428575,0.0001347880142857143,0.005292314785749568,0,0,0,0
WMT,WMT,2024-07-01T00:00:00.000Z,2024-07-01,2707925.336591,672747.6456505627,14289.49397,3549.999383431036,2693635.842621,669197.6462671317,0,0,1.249228,0.310422412633,0,0,0.03183045247142857,0.0001343740857142857,0.005276945181410722,0,0,0,0
WMT,WMT,2024-07-02T00:00:00.000Z,2024-07-02,2729205.404211,677826.8735985826,14290.748309999999,3549.250352026689,2714914.655901,674277.6232465559,0,0,1.248572,0.309948702545,0,0,0.031816321404761906,0.0001332784142857143,0.005236243176795032,0,0,0,0
WMT,WMT,2024-07-03T00:00:00.000Z,2024-07-03,2497412.939454,600668.9414405188,14291.964184999999,3437.0281370970292,2483120.975269,597231.9133034218,0,0,1.197818,0.288121622169,0,0,0.031985591355,0.000146463895,0.005723758100388566,0,0,0,0
WMT,WMT,2024-07-04T00:00:00.000Z,2024-07-04,2468789.870766,569282.0280284939,14293.17857,3295.935103732985,2454496.692196,565986.0929247609,0,0,1.227896,0.283022486972,0,0,0.032008437595238096,0.00014825163333333333,0.005789552670354577,0,0,0,0
WMT,WMT,2024-07-05T00:00:00.000Z,2024-07-05,2476194.5505009997,526314.9353767157,14294.417148999999,3038.2908253526953,2461900.133352,523276.644551363,0,0,1.255947,0.266866421501,0,0,0.032002598685714284,0.00014779409523809524,0.00577273767996509,0,0,0,0
WMT,WMT,2024-07-06T00:00:00.000Z,2024-07-06,2480626.308704,558061.7475413792,14295.662344999999,3216.221254853042,2466330.646359,554845.5262865261,0,0,1.227591,0.2763657351,0,0,0.031999200104761906,0.00014752788095238095,0.005762950298817633,0,0,0,0
WMT,WMT,2024-07-07T00:00:00.000Z,2024-07-07,2487566.679589,577380.5172586873,14296.910663999999,3318.6465781597453,2473269.768925,574061.8706805275,0,0,1.256304,0.291628098694,0,0,0.03199389989047619,0.00014711325238095239,0.00574768623761182,0,0,0,0
WMT,WMT,2024-07-08T00:00:00.000Z,2024-07-08,2494810.300024,578680.7047642275,14298.153095,3316.858836347464,2480512.146929,575363.84592788,0,0,1.22749,0.28499406754,0,0,0.03198819306666666,0.00014666605238095238,0.005731251625053849,0,0,0,0
WMT,WMT,2024-07-09T00:00:00.000Z,2024-07-09,2498469.6468700003,591675.8407991803,74301.665113,17533.27909178806,2424167.981757,574142.5617073922,0,0,8.43545,1.988416832632,0,0,0.040379584215,0.00106803726,0.02973502071062592,1000,238.084,2.27568,0.84435010176
WMT,WMT,2024-07-10T00:00:00.000Z,2024-07-10,2497658.611218,592001.5240349415,114314.527932,27094.997287206996,2383344.083286,564906.5267477344,0,0,14.012393,3.322807350697,0,0,0.04598481056190476,0.001683734819047619,0.04576875015006293,0,0,0,0
WMT,WMT,2024-07-11T00:00:00.000Z,2024-07-11,2498325.1370530003,594910.3540706135,114328.844039,27223.723003143252,2383996.293014,567686.6310674703,0,0,14.343162,3.414126580819,0,0,0.04598288454285714,0.0016834755,0.04576327004818922,0,0,0,0
WMT,WMT,2024-07-12T00:00:00.000Z,2024-07-12,2521053.3879670002,600438.9341302537,114343.029391,27232.673902181872,2406710.358576,573206.2602280718,0,0,14.305279,3.40741177463,0,0,0.04584048208095238,0.001663450738095238,0.0453586120483005,0,0,0,0
WMT,WMT,2024-07-13T00:00:00.000Z,2024-07-13,2482075.2410770003,589584.0566257066,114356.898758,27156.503958351157,2367718.342319,562427.5526673554,0,0,13.714903,3.255489612925,0,0,0.04614538248,0.0017085082,0.046223699594615315,0,0,0,0
WMT,WMT,2024-07-14T00:00:00.000Z,2024-07-14,2233089.554331,510502.0064659365,114371.289198,26146.198293787413,2118718.265133,484355.80817214906,0,0,14.929748,3.412468936894,0,0,0.04790393717619048,0.001962782804761905,0.05121663067987226,0,0,0,0
WMT,WMT,2024-07-15T00:00:00.000Z,2024-07-15,2234341.518007,504219.15404208325,114386.122645,25813.261782045283,2119955.395362,478405.89226003794,0,0,14.592874,3.29414850163,0,0,0.04789615389047619,0.001961617880952381,0.05119455629999729,0,0,0,0
WMT,WMT,2024-07-16T00:00:00.000Z,2024-07-16,2212865.505866,486921.37701445207,114192.432803,25125.891458501424,2098673.073063,461795.48555595067,320.327992,69.77063993752,14.266937,3.139714830052,86.565123,18.85474944063,0.048040951785,0.0019833456,0.05160518704788378,0,0,0,0
WMT,WMT,2024-07-17T00:00:00.000Z,2024-07-17,2205059.157958,464947.11086715374,114094.809456,24057.42058214981,2090964.348502,440889.6902850039,0,0,14.949897,3.151346540217,0,0,0.048089297338095235,0.001990600280952381,0.051742289559871056,0,0,0,0
WMT,WMT,2024-07-18T00:00:00.000Z,2024-07-18,2205740.731706,457503.6635375863,114109.647174,23668.099984575838,2091631.084532,433835.56355301046,0,0,14.951853,3.100766331908,0,0,0.04808603213333333,0.0019901089714285712,0.05173303065160244,0,0,0,0
WMT,WMT,2024-07-19T00:00:00.000Z,2024-07-19,2306629.6734060002,462528.0385323046,114124.430101,22884.190281632546,2192505.243305,439643.84825067205,0,0,14.391258,2.885387834061,0,0,0.047292518695238095,0.0018721803952380953,0.04948201722488632,0,0,0,0
WMT,WMT,2024-07-20T00:00:00.000Z,2024-07-20,2329077.057969,480980.90762574517,114138.601997,23570.866318925855,2214938.455972,457410.0413068193,0,0,13.996657,2.890925919769,0,0,0.04712475405,0.00184751462,0.04900594507839168,0,0,0,0
WMT,WMT,2024-07-21T00:00:00.000Z,2024-07-21,2315055.143528,471678.1797153253,114152.819459,23257.782394300968,2200902.324069,448420.3973210243,0,0,14.362423,2.926467066957,0,0,0.04723176581428572,0.001863195880952381,0.0493096483545517,0,0,0,0
WMT,WMT,2024-07-22T00:00:00.000Z,2024-07-22,2547300.894899,558021.7440440105,114167.31825,24970.02236257407,2433133.576649,533051.7216814364,0,0,14.303946,3.125904144402,0,0,0.04579471686190476,0.0016620012666666666,0.04522551690199009,0,0,0,0
WMT,WMT,2024-07-23T00:00:00.000Z,2024-07-23,2801653.939642,599978.3080250457,114181.188459,24452.051137525912,2687472.751183,575526.2568875197,0,0,13.785601,2.951383359309,0,0,0.044221693195238096,0.0014418013380952382,0.04075492224011751,0,0,0,0
WMT,WMT,2024-07-24T00:00:00.000Z,2024-07-24,2785116.7638629996,586046.6334549035,114194.577398,24029.27200126713,2670922.186465,562017.3614536363,0,0,13.184528,2.774038828337,0,0,0.04430857145,0.001453403525,0.04100217552635016,0,0,0,0
WMT,WMT,2024-07-25T00:00:00.000Z,2024-07-25,2591527.373807,523573.1628705894,114208.044471,23040.839393260998,2477319.329336,500532.3234773284,0,0,13.809994,2.78517347551,0,0,0.04551703577142857,0.0016228915190476191,0.04443648229521816,0,0,0,0
WMT,WMT,2024-07-26T00:00:00.000Z,2024-07-26,2298902.77973,464622.214448155,114222.359885,23085.033037649493,2184680.419845,441537.18141050555,0,0,14.410335,2.912145799267,0,0,0.04736424438571429,0.0018826566571428572,0.04968559825125116,0,0,0,0
WMT,WMT,2024-07-27T00:00:00.000Z,2024-07-27,2385332.388774,500643.3757819318,114236.938116,23962.912898955004,2271095.450658,476680.4628829768,0,0,14.580214,3.057750708933,0,0,0.046756491514285715,0.0017948754523809524,0.04795999333324204,0,0,0,0
WMT,WMT,2024-07-28T00:00:00.000Z,2024-07-28,2480156.080531,522408.5008134392,114251.106062,24065.317881169896,2365904.974469,498343.1829322693,0,0,14.035699,2.956601151806,0,0,0.04608946546190476,0.0016985293666666667,0.04606609517549776,0,0,0,0
WMT,WMT,2024-07-29T00:00:00.000Z,2024-07-29,2480278.6080899998,508692.0549245984,114265.201029,23435.20434570636,2366013.407061,485256.850578892,0,0,14.363902,2.942411833114,0,0,0.046090664855,0.001698699205,0.04606950269484829,0,0,0,0
WMT,WMT,2024-07-30T00:00:00.000Z,2024-07-30,2480907.06519,492689.54097110144,114279.206776,22694.99799901919,2366627.858414,469994.5429720823,0,0,13.71267,2.723596028652,0,0,0.04608854408,0.001698398895,0.046063477497210896,0,0,0,0
WMT,WMT,2024-07-31T00:00:00.000Z,2024-07-31,2485594.285748,497956.72016381734,114293.434083,22897.21729218925,2371300.851665,475059.5028716281,0,0,14.357818,2.876961754254,0,0,0.046059984476190474,0.0016943565857142856,0.045982337111634554,0,0,0,0
WMT,WMT,2024-08-01T00:00:00.000Z,2024-08-01,2485931.3348769997,480227.8584595119,114307.486321,22081.713737198806,2371623.848556,458146.1447223131,0,0,13.706429,2.648983002345,0,0,0.046059779695,0.00169432762,0.04598175529264243,0,0,0,0
WMT,WMT,2024-08-02T00:00:00.000Z,2024-08-02,2487948.59244,468334.7420593732,114321.529623,21520.211026258352,2373627.062817,446814.5310331148,0,0,14.357341,2.703312057702,0,0,0.04604864715238095,0.0016927530285714286,0.04595012610165916,0,0,0,0
WMT,WMT,2024-08-03T00:00:00.000Z,2024-08-03,2488588.985935,456535.444163929,114335.918662,20975.10106326127,2374253.067273,435560.3431006677,0,0,14.686972,2.694466653967,0,0,0.0460465173,0.001692451719047619,0.0459440748559569,0,0,0,0
WMT,WMT,2024-08-04T00:00:00.000Z,2024-08-04,2488670.238743,452037.2462486631,114350.504803,20770.403481485424,2374319.73394,431266.8427671777,0,0,13.711566,2.492051077028,0,0,0.04604805222222222,0.0016926687722222222,0.045948435846638956,0,0,0,0
WMT,WMT,2024-08-05T00:00:00.000Z,2024-08-05,2963316.697529,474516.9911362136,114231.188556,18287.776054484337,2849085.508973,456229.2150817292,696.397621,113.012798731122,13.357466,2.13556327413,253.452717,41.130813820194,0.043630578366666666,0.0013698010238095237,0.03906838029222982,0,0,0,0
WMT,WMT,2024-08-06T00:00:00.000Z,2024-08-06,3214155.2461670004,564984.747070705,113680.462052,19988.435612299625,3100474.784115,544996.3114584055,0,0,13.14631,2.311643114416,0,0,0.04233303201904762,0.0011980717047619049,0.035374646504858984,0,0,0,0
WMT,WMT,2024-08-07T00:00:00.000Z,2024-08-07,3181379.262018,571287.6905796971,113693.473438,20416.19559087994,3067685.78858,550871.4949888173,0,0,12.891676,2.313802938426,0,0,0.04246016927142857,0.0012139248333333332,0.035737164314539646,0,0,0,0
WMT,WMT,2024-08-08T00:00:00.000Z,2024-08-08,3173531.7370039998,599689.4642383521,113706.395472,21490.151218677558,3059825.341532,578199.3130196746,0,0,12.899959,2.436074202761,0,0,0.04249277228095238,0.001218021619047619,0.0358301089739362,0,0,0,0
WMT,WMT,2024-08-09T00:00:00.000Z,2024-08-09,3154814.8465090003,649808.8884992533,113719.368408,23423.210845839156,3041095.478101,626385.6776534142,0,0,12.924956,2.662480650047,0,0,0.04256861100952381,0.0012275532285714286,0.036046308786544724,0,0,0,0
WMT,WMT,2024-08-10T00:00:00.000Z,2024-08-10,3066263.2589709996,625261.1535594141,113732.436374,23191.20039451309,2952530.822597,602069.953164901,0,0,13.332138,2.717992647913,0,0,0.04293781841904762,0.0012744165047619048,0.03709855780105896,0,0,0,0
WMT,WMT,2024-08-11T00:00:00.000Z,2024-08-11,3045641.233236,625465.4956781005,113745.669751,23359.276336343606,2931895.563485,602106.2193417569,0,0,13.063877,2.683981404843,0,0,0.043025003252380956,0.0012854850380952382,0.03734703500377045,0,0,0,0
WMT,WMT,2024-08-12T00:00:00.000Z,2024-08-12,3045654.31244,589886.0882050201,113758.748955,22032.925503309445,2931895.563485,567853.1627017106,0,0,13.065381,2.53037916241,0,0,0.04302645407142857,0.0012856706857142857,0.03735116900365004,0,0,0,0
WMT,WMT,2024-08-13T00:00:00.000Z,2024-08-13,3045667.436558,607631.8352891734,113771.873073,22698.286719045984,2931895.563485,584933.5485701275,0,0,13.066874,2.60658566696,0,0,0.04302790987619048,0.0012858569714285714,0.037355317163784006,0,0,0,0
WMT,WMT,2024-08-14T00:00:00.000Z,2024-08-14,3047837.251494,623400.9791066182,113751.86218699999,23266.789215526514,2934085.389307,600134.1898910917,232.046472,46.6239373866,13.061484,2.672495909511,103.117826,20.71894918905,0.04301634089523809,0.0012843789285714286,0.037322351178776636,0,0,0,0
WMT,WMT,2024-08-15T00:00:00.000Z,2024-08-15,2898904.3319209996,575229.8704061123,113566.121029,22529.17550287785,2785338.210892,552700.6949032345,0,0,13.529422,2.682096161472,0,0,0.043680089033333334,0.0013706541571428571,0.039212808031837444,0,0,0,0
WMT,WMT,2024-08-16T00:00:00.000Z,2024-08-16,2850775.306243,548356.5714466611,113579.449192,21847.401092591983,2737195.857051,526509.1703540692,0,0,13.305005,2.559399222661,0,0,0.04390084997142857,0.0013992650428571428,0.03984162051259667,0,0,0,0
WMT,WMT,2024-08-17T00:00:00.000Z,2024-08-17,2848801.6053939997,551984.8563874074,113592.73939799999,22009.656891913473,2735208.865996,529975.1994954939,0,0,13.308264,2.578389709878,0,0,0.043912210714285714,0.0014007642095238094,0.03987396392801532,0,0,0,0
WMT,WMT,2024-08-18T00:00:00.000Z,2024-08-18,2840512.530571,547277.0560511128,113606.08596699999,21888.326702386985,2726906.444604,525388.7293487259,0,0,13.324035,2.567439444445,0,0,0.04395469935238095,0.001406371980952381,0.03999492608584052,0,0,0,0
WMT,WMT,2024-08-19T00:00:00.000Z,2024-08-19,2855351.9550630003,548760.7048996589,113619.420377,21836.42834303208,2741732.534686,526924.2765566269,0,0,13.305356,2.556711462594,0,0,0.043883573028571425,0.0013969948047619048,0.039792428105615604,0,0,0,0
WMT,WMT,2024-08-20T00:00:00.000Z,2024-08-20,2864704.947246,562202.5749914387,113632.73062799999,22300.591373550673,2751072.216618,539901.983617888,0,0,13.295206,2.609998618927,0,0,0.04383933046190476,0.0013911611666666667,0.039666469222958946,0,0,0,0
WMT,WMT,2024-08-21T00:00:00.000Z,2024-08-21,2864718.272797,575481.1230389333,113646.05617899999,22829.88474860412,2751072.216618,552651.2382903291,0,0,13.296788,2.670122360404,0,0,0.043840899423809525,0.001391367623809524,0.0396709363197443,0,0,0,0
WMT,WMT,2024-08-22T00:00:00.000Z,2024-08-22,2864731.629365,579836.8208426802,113659.412746,23005.262817192015,2751072.216619,556831.5580254882,0,0,13.298331,2.690596853483,0,0,0.043842472023809524,0.0013915745714285714,0.03967541377199967,0,0,0,0
WMT,WMT,2024-08-23T00:00:00.000Z,2024-08-23,2882051.667901,599565.9517566493,113672.705213,23646.09864144197,2768378.962688,575919.8531152073,0,0,13.278066,2.76129561034,0,0,0.043760651928571426,0.0013808310476190477,0.03944244386574363,0,0,0,0
WMT,WMT,2024-08-24T00:00:00.000Z,2024-08-24,2892591.747803,622653.1015643954,113685.98499099999,24471.801859547388,2778905.762812,598181.299704848,0,0,13.262327,2.854603661474,0,0,0.043711490519047616,0.0013743754476190477,0.039302464674512726,0,0,0,0
WMT,WMT,2024-08-25T00:00:00.000Z,2024-08-25,2892604.9816449997,609828.0629198183,113699.21883299999,23970.416299966528,2778905.762812,585857.6466198518,0,0,13.26387,2.796272151932,0,0,0.04371303405714286,0.0013745776857142858,0.039306859923738315,0,0,0,0
WMT,WMT,2024-08-26T00:00:00.000Z,2024-08-26,2892618.3345489996,584827.6403247617,113712.57173699999,22990.32580327345,2778905.762812,561837.3145214883,0,0,13.265417,2.682617362856,0,0,0.043714591471428574,0.0013747817523809523,0.03931129467507226,0,0,0,0
WMT,WMT,2024-08-27T00:00:00.000Z,2024-08-27,2892631.6890249997,575083.2733585513,113725.926213,22609.812626972693,2778905.762812,552473.4607315786,0,0,13.575518,2.699103186952,0,0,0.043716149057142856,0.0013749858428571428,0.039315729907570866,0,0,0,0
WMT,WMT,2024-08-28T00:00:00.000Z,2024-08-28,2889414.425353,572227.0142496062,113739.194611,22525.191346467767,2775675.230742,549701.8229031384,0,0,13.272646,2.628063968401,0,0,0.043733199714285714,0.0013772227809523809,0.039364280161602566,0,0,0,0
WMT,WMT,2024-08-29T00:00:00.000Z,2024-08-29,2877642.659846,577168.2203197457,113752.507481,22815.36122744345,2763890.152365,554352.8590923023,0,0,13.291368,2.667196268108,0,0,0.04379131550952381,0.0013848481857142857,0.03952975921808344,0,0,0,0
WMT,WMT,2024-08-30T00:00:00.000Z,2024-08-30,2864912.009246,550961.8417075353,113806.167572,21884.780158974878,2751105.841674,529077.0615485604,127.201701,24.59444888835,13.947651,2.680660595539,0.003432,0.0006635772,0.0438600168,0.001393896809090909,0.039725358455027414,0,0,0,0
WMT,WMT,2024-08-31T00:00:00.000Z,2024-08-31,2850205.8335519996,536507.8173640886,113779.770919,21417.3089943808,2736426.062633,515090.50836970785,0,0,13.351499,2.51360113525,0,0,0.043928325838095236,0.001402889519047619,0.03991984353369197,0,0,0,0
WMT,WMT,2024-09-01T00:00:00.000Z,2024-09-01,2850219.171323,522697.20725838956,113793.10869,20868.331730222075,2736426.062633,501828.87552816747,0,0,13.353065,2.448346612677,0,0,0.043929903947619045,0.0014030978095238096,0.03992433628616188,0,0,0,0
WMT,WMT,2024-09-02T00:00:00.000Z,2024-09-02,2851367.549705,511171.8040464193,113806.391074,20402.34580398346,2737561.158631,490769.4582424358,0,0,13.043357,2.337889428358,0,0,0.04392589427,0.00140256865,0.03991292099088608,0,0,0,0
WMT,WMT,2024-09-03T00:00:00.000Z,2024-09-03,2854335.48149,501037.42677484715,113819.63789299999,19979.395278076983,2740515.843597,481058.03149677016,0,0,13.66178,2.397791679638,0,0,0.04391294504285714,0.0014008600238095239,0.03987605520488662,0,0,0,0
WMT,WMT,2024-09-04T00:00:00.000Z,2024-09-04,2859598.030049,484058.8575399803,113833.20943,19269.126713462123,2745764.820619,464789.7308265182,0,0,13.348195,2.259452093002,0,0,0.043888835966666664,0.001397680942857143,0.03980741655218877,0,0,0,0
WMT,WMT,2024-09-05T00:00:00.000Z,2024-09-05,2859432.266494,480971.6713864535,114896.538443,19321.230547348794,2744535.728051,461650.4408391047,0,0,13.508167,2.271641369944,0,0,0.044020297205,0.00141525665,0.04018153984186025,70,11.28106,2.27568,0.73054789632
WMT,WMT,2024-09-06T00:00:00.000Z,2024-09-06,2859848.729349,470812.8289681257,120860.82767,19897.142960677455,2738987.901679,450915.68600744824,0,0,14.441613,2.379020594584,0,0,0.044751087810526315,0.0015129900894736842,0.04226126592784435,0,0,0,0
WMT,WMT,2024-09-07T00:00:00.000Z,2024-09-07,2859862.940943,487745.27986537863,120875.03926399999,20615.06692987538,2738987.901679,467130.2129355033,0,0,14.443328,2.462921847492,0,0,0.044752760866666665,0.0015132170666666666,0.04226602524479255,0,0,0,0
WMT,WMT,2024-09-08T00:00:00.000Z,2024-09-08,2859877.610072,509788.4460508438,120889.708393,21549.244641086465,2738987.901679,488239.20140975737,0,0,14.781008,2.634064417893,0,0,0.04475448777142857,0.0015134513238095238,0.04227093773572025,0,0,0,0
WMT,WMT,2024-09-09T00:00:00.000Z,2024-09-09,2859462.65678,532149.9243677644,120904.45967,22500.494358082688,2738558.19711,509649.43000968173,0,0,14.790769,2.75229917352,0,0,0.04475845830952381,0.0015139900523809524,0.04228223259595924,1.25,0.2318325,2.46532,0.84360045484
WMT,WMT,2024-09-10T00:00:00.000Z,2024-09-10,2857159.7873790003,529162.988197961,120918.633195,22394.809997333035,2736241.154184,506768.178200628,0,0,13.797035,2.554481647585,0,0,0.0447721906,0.001515854015,0.04232129595089301,0,0,0,0
WMT,WMT,2024-09-11T00:00:00.000Z,2024-09-11,2854322.793527,531043.9299847435,120932.941073,22499.411570621058,2733389.852454,508544.51841412246,0,0,14.812232,2.756946797746,0,0,0.044788732,0.0015180997523809524,0.04236834994903186,0,0,0,0
WMT,WMT,2024-09-12T00:00:00.000Z,2024-09-12,2854456.4948469996,576143.3768356555,120947.64393399999,24412.124539317916,2733508.850913,551731.2522963376,0,0,14.815147,2.991344669059,0,0,0.04478984978095238,0.0015182517380952381,0.04237152943567017,0,0,0,0
WMT,WMT,2024-09-13T00:00:00.000Z,2024-09-13,2847460.1454559998,580370.664743642,119065.532133,24268.287177896207,2728394.613323,556102.3775657457,0,0,14.08915,2.872459951196,0,0,0.044593825905,0.001491813655,0.041813809400439994,0,0,0,0
WMT,WMT,2024-09-14T00:00:00.000Z,2024-09-14,2842572.704773,575896.1557322877,117182.865341,23740.869554756864,2725389.839432,552155.2861775308,0,0,14.689545,2.976267115429,0,0,0.044386598871428574,0.001463842619047619,0.04122422801648198,0,0,0,0
WMT,WMT,2024-09-15T00:00:00.000Z,2024-09-15,2842586.7977420003,576186.1100234214,117196.95831,23755.559472107976,2725389.839432,552430.5505513133,0,0,14.357409,2.909837233894,0,0,0.04438826926666667,0.0014640665047619048,0.041228981432553595,0,0,0,0
WMT,WMT,2024-09-16T00:00:00.000Z,2024-09-16,2840054.001927,540507.6407992985,117211.004476,22306.23968813117,2722842.997451,518201.40111116733,0,0,14.696465,2.796081475392,0,0,0.04440378027619048,0.0014661736380952382,0.04127310357937984,0,0,0,0
WMT,WMT,2024-09-17T00:00:00.000Z,2024-09-17,2811564.553961,528313.0652524236,117225.135219,22027.780878620044,2694339.418742,506285.28437380365,0,0,14.412511,2.707950388889,0,0,0.04455174293809524,0.0014860397095238095,0.0416941365097893,0,0,0,0
WMT,WMT,2024-09-18T00:00:00.000Z,2024-09-18,2819853.292928,526336.476443134,117238.91892499999,21883.09847013414,2702614.374003,504453.3779729999,0,0,14.064189,2.625675278312,0,0,0.04451030937,0.001480457325,0.04157624767716128,0,0,0,0
WMT,WMT,2024-09-19T00:00:00.000Z,2024-09-19,2819971.752814,555245.8281225587,117252.80783399999,23086.801274498295,2702718.94498,532159.0268480603,0,0,14.735676,2.901860501225,0,0,0.04451142655714286,0.001480607661904762,0.04157942643873986,0,0,0,0
WMT,WMT,2024-09-20T00:00:00.000Z,2024-09-20,2823887.364262,565948.0716799448,117266.99021399999,23501.93636139714,2706620.374048,542446.1353185476,0,0,14.734056,2.953100620058,0,0,0.044492940980952383,0.0014781209523809524,0.041526828003302124,0,0,0,0
WMT,WMT,2024-09-21T00:00:00.000Z,2024-09-21,2825953.9009089996,568944.6183118481,117280.871548,23611.960445443965,2708673.029361,545332.6578664042,0,0,14.064144,2.832553710954,0,0,0.04448398306,0.001476915905,0.04150133933678539,0,0,0,0
WMT,WMT,2024-09-22T00:00:00.000Z,2024-09-22,2826093.056002,579666.0039138893,117294.751141,24058.579036053463,2708798.304861,555607.4248778358,0,0,14.400705,2.953891184135,0,0,0.044484990866666664,0.0014770514190476191,0.04150420697798738,0,0,0,0
WMT,WMT,2024-09-23T00:00:00.000Z,2024-09-23,2826107.116079,620747.8507885279,117308.811218,25766.623655154937,2708798.304861,594981.2271333729,0,0,14.73737,3.237788248828,0,0,0.044486666757142856,0.0014772767666666666,0.04150897556028986,0,0,0,0
WMT,WMT,2024-09-24T00:00:00.000Z,2024-09-24,2836596.5755370003,638283.7271841889,119703.032577,26936.959866790534,2716893.54296,611346.7673173983,0,0,9.874142,2.221668307683,0,0,0.028079134547619046,0.0009302111142857143,0.0421993986607909,100,22.4533,2.46532,0.93950140284
WMT,WMT,2024-09-25T00:00:00.000Z,2024-09-25,2853913.293211,672141.2577804227,127325.475937,29987.315323951487,2726587.817274,642153.9424564712,0,0,0.560566,0.131846586932,0,0,0.0015359772428571428,0.0000548213,0.04461434844570845,0,0,0,0
WMT,WMT,2024-09-26T00:00:00.000Z,2024-09-26,2844669.065988,774120.6017099817,127383.66070499999,34665.343342592736,2717285.405283,739455.258367389,0,0,0.53718,0.146181586358,0,0,0.001541734575,0.00005523527,0.044781446920312606,2.883092,0.798307993156,2.26706,0.90206997518
WMT,WMT,2024-09-27T00:00:00.000Z,2024-09-27,2607422.696213,697773.8982785984,127367.73322800001,34075.99347097176,2480054.962985,663697.9048076267,0,0,0.599968,0.160400202223,0,0,0.0016867085095238095,0.00006628519047619048,0.04898872315754689,0,0,0,0
WMT,WMT,2024-09-28T00:00:00.000Z,2024-09-28,2508719.163594,713846.8911722904,123198.07011300001,35044.580359798936,2385521.093481,678802.3108124915,0,0,0.620953,0.176653852323,0,0,0.0016908726666666667,0.00006645252380952381,0.049109664579169175,0,0,0,0
WMT,WMT,2024-09-29T00:00:00.000Z,2024-09-29,2492404.2527920003,749200.1516486671,117465.072788,35288.65433359442,2374939.180004,713911.4973150727,0,0,0.582121,0.174933006807,0,0,0.0016231921571428572,0.0000613218380952381,0.04714549675028039,0,0,0,0
WMT,WMT,2024-09-30T00:00:00.000Z,2024-09-30,2337099.325929,693763.0734293073,112227.376,33315.71766329425,2224871.949929,660447.355766013,0,0,0.603961,0.179585055207,0,0,0.0016533801523809523,0.00006352069523809523,0.048021643707102664,0,0,0,0
WMT,WMT,2024-10-01T00:00:00.000Z,2024-10-01,2309390.7993949996,634553.9257229054,112227.878644,30847.626314393645,2197162.920751,603706.2994085118,0,0,0.48612,0.133668209714,0,0,0.00167350127,0.00006508533,0.048605557734168574,0,0,0,0
WMT,WMT,2024-10-02T00:00:00.000Z,2024-10-02,2306897.9191900003,585581.5590157023,112228.379991,28467.898025093604,2194669.539199,557113.6609906087,0,0,0.521476,0.132236575242,0,0,0.0016765298238095238,0.00006536864761904762,0.04869341629816634,0,0,0,0
WMT,WMT,2024-10-03T00:00:00.000Z,2024-10-03,2168470.636909,503856.5719169024,112228.914205,26062.476243264693,2056241.722704,477794.0956736377,0,0,0.554788,0.12874482408,0,0,0.0017833412952380952,0.00007394629523809524,0.05179291081324298,0,0,0,0
WMT,WMT,2024-10-04T00:00:00.000Z,2024-10-04,1803844.662497,422077.0129225041,112229.510586,26275.543715758224,1691615.151911,395801.46920674585,0,0,0.648392,0.151920180643,0,0,0.002151076475,0.000107859995,0.06246124712376616,0,0,0,0
WMT,WMT,2024-10-05T00:00:00.000Z,2024-10-05,1739681.4626469999,400555.73982969084,112205.89223200001,25834.787702041835,1627475.570415,374720.952127649,0,0,0.691699,0.159242539931,0,0,0.0022212930952380952,0.00011461565714285714,0.06449812151770801,1.50178,0.34157085032,2.26706,0.7934936706
WMT,WMT,2024-10-06T00:00:00.000Z,2024-10-06,1724237.022135,393431.49112270144,112128.832993,25585.503878852884,1612108.189142,367845.98724384856,0,0,0.683647,0.155973117594,0,0,0.0022396839714285714,0.00011652102857142857,0.06503152685234617,0,0,0,0
WMT,WMT,2024-10-07T00:00:00.000Z,2024-10-07,1714248.727468,405070.9220244845,112129.510912,26496.37256693093,1602119.216556,378574.54945755354,0,0,0.67016,0.15844855084,0,0,0.002252748645,0.00011788292,0.06541044748342072,0,0,0,0
WMT,WMT,2024-10-08T00:00:00.000Z,2024-10-08,1550297.5967219998,372725.2448588123,112130.200944,26935.660163180404,1438167.395778,345789.58469563193,0,0,0.765914,0.183851557258,0,0,0.0025750777619047618,0.0001599333,0.0747538195474655,0,0,0,0
WMT,WMT,2024-10-09T00:00:00.000Z,2024-10-09,1133177.803475,257348.30768398626,111707.765679,25365.17625533929,1021470.037796,231983.13142864697,0,0,1.060608,0.240889128345,0,0,0.003397300380952381,0.00026797311428571426,0.09858715078352588,0,0,0,0
WMT,WMT,2024-10-10T00:00:00.000Z,2024-10-10,639189.090077,139589.85338837054,65759.69464,14344.1731548174,573429.395437,125245.68023355314,0,0,1.125762,0.246317536921,0,0,0.003574877495238095,0.0005887989571428571,0.10354914954018023,0,0,0,0
WMT,WMT,2024-10-11T00:00:00.000Z,2024-10-11,190746.14015599998,44275.24547109864,3820.875614,874.7399708572813,186925.264542,43400.50550024136,1709.052333,395.883173363787,0.215704,0.049432158099,24.052333,5.571458363787,0.0006657206095238095,0.000023115366666666666,0.019337077013651262,0,0,0,0
WMT,WMT,2024-10-12T00:00:00.000Z,2024-10-12,165160.884056,38992.73690602608,0.000001,2.3608771428571428e-7,165160.884055,38992.73690578999,0,0,0,0,0,0,0,0,6.0548548241208675e-12,0,0,0,0
WMT,WMT,2024-10-13T00:00:00.000Z,2024-10-13,164757.31800600002,37464.97385224257,0.000001,2.273949e-7,164757.318005,37464.97385201517,0,0,0,0,0,0,0,0,6.069533129712531e-12,0,0,0,0
WMT,WMT,2024-10-14T00:00:00.000Z,2024-10-14,164007.051593,36937.162602382356,0.000001,2.252225e-7,164007.051592,36937.162602157136,0,0,0,0,0,0,0,0,6.0975983771014734e-12,0,0,0,0
WMT,WMT,2024-10-15T00:00:00.000Z,2024-10-15,161505.78646200002,35836.13442046637,0.000001,2.2188761904761906e-7,161505.786461,35836.13442024448,0,0,0,0,0,0,0,0,6.191728617942031e-12,0,0,0,0
WMT,WMT,2024-10-16T00:00:00.000Z,2024-10-16,159977.729125,35596.368952634126,0.000001,2.2250825e-7,159977.729124,35596.36895241162,0,0,0,0,0,0,0,0,6.250871790850317e-12,0,0,0,0
WMT,WMT,2024-10-17T00:00:00.000Z,2024-10-17,151473.765607,32965.69003034823,0.000001,2.17633e-7,151473.765606,32965.6900301306,0,0,0,0,0,0,0,0,6.601803262714869e-12,0,0,0,0
WMT,WMT,2024-10-18T00:00:00.000Z,2024-10-18,51453.878115,10839.222509827789,0.000001,2.10659e-7,51453.878114,10839.22250961713,0,0,0,0,0,0,0,0,1.943488103588594e-11,0,0,0,0
WMT,WMT,2024-10-19T00:00:00.000Z,2024-10-19,51453.878115,10404.90032465907,0.000001,2.02218e-7,51453.878114,10404.90032445685,0,0,0,0,0,0,0,0,1.943488103588594e-11,0,0,0,0
WMT,WMT,2024-10-20T00:00:00.000Z,2024-10-20,40924.685575,8081.602283923125,0.000001,1.97475e-7,40924.685574,8081.60228372565,0,0,0,0,0,0,0,0,2.443512970105452e-11,0,0,0,0
WMT,WMT,2024-10-21T00:00:00.000Z,2024-10-21,39055.361008,7538.582947847184,0.000001,1.93023e-7,39055.361007,7538.582947654161,0,0,0,0,0,0,0,0,2.56046794650077e-11,0,0,0,0
WMT,WMT,2024-10-22T00:00:00.000Z,2024-10-22,39055.361008,7537.333176294928,0.000001,1.92991e-7,39055.361007,7537.333176101937,0,0,0,0,0,0,0,0,2.56046794650077e-11,0,0,0,0
WMT,WMT,2024-10-23T00:00:00.000Z,2024-10-23,39055.361008,7573.068831617248,0.000001,1.93906e-7,39055.361007,7573.068831423342,0,0,0,0,0,0,0,0,2.56046794650077e-11,0,0,0,0
WMT,WMT,2024-10-24T00:00:00.000Z,2024-10-24,39055.361008,7452.504932185552,0.000001,1.90819e-7,39055.361007,7452.504931994733,0,0,0,0,0,0,0,0,2.56046794650077e-11,0,0,0,0
WMT,WMT,2024-10-25T00:00:00.000Z,2024-10-25,39055.361008,7134.4380721364,0.000001,1.82675e-7,39055.361007,7134.438071953725,0,0,0,0,0,0,0,0,2.56046794650077e-11,0,0,0,0
WMT,WMT,2024-10-26T00:00:00.000Z,2024-10-26,39055.361008,6781.768162234161,0.000001,1.73645e-7,39055.361007,6781.768162060515,0,0,0,0,0,0,0,0,2.56046794650077e-11,0,0,0,0
WMT,WMT,2024-10-27T00:00:00.000Z,2024-10-27,39055.361008,6804.264050174768,0.000001,1.74221e-7,39055.361007,6804.264050000547,0,0,0,0,0,0,0,0,2.56046794650077e-11,0,0,0,0
WMT,WMT,2024-10-28T00:00:00.000Z,2024-10-28,38737.290687,7112.457099813353,0.000001,1.836075e-7,38737.290686,7112.457099629745,0,0,0,0,0,0,0,0,2.581491844848081e-11,0,0,0,0
WMT,WMT,2024-10-29T00:00:00.000Z,2024-10-29,38737.290687,7606.299450136572,0.000001,1.96356e-7,38737.290686,7606.299449940216,0,0,0,0,0,0,0,0,2.581491844848081e-11,0,0,0,0
WMT,WMT,2024-10-30T00:00:00.000Z,2024-10-30,37731.943106,7410.025378814917,0.000001,1.96386e-7,37731.943105,7410.02537861853,0,0,0,0,0,0,0,0,2.650274323775771e-11,0,0,0,0
WMT,WMT,2024-10-31T00:00:00.000Z,2024-10-31,37731.943106,6783.44873159668,0.000001,1.7978e-7,37731.943105,6783.4487314169,0,0,0,0,0,0,0,0,2.650274323775771e-11,0,0,0,0
WMT,WMT,2024-11-01T00:00:00.000Z,2024-11-01,37731.943106,6547.510891354862,0.000001,1.73527e-7,37731.943105,6547.510891181335,0,0,0,0,0,0,0,0,2.650274323775771e-11,0,0,0,0
WMT,WMT,2024-11-02T00:00:00.000Z,2024-11-02,37731.943106,6752.584002135972,0.000001,1.78962e-7,37731.943105,6752.58400195701,0,0,0,0,0,0,0,0,2.650274323775771e-11,0,0,0,0
WMT,WMT,2024-11-03T00:00:00.000Z,2024-11-03,37731.943106,6404.43136309691,0.000001,1.69735e-7,37731.943105,6404.431362927175,0,0,0,0,0,0,0,0,2.650274323775771e-11,0,0,0,0
WMT,WMT,2024-11-04T00:00:00.000Z,2024-11-04,37731.943106,6161.022598120105,0.000001,1.63284e-7,37731.943105,6161.02259795682,0,0,0,0,0,0,0,0,2.650274323775771e-11,0,0,0,0
WMT,WMT,2024-11-05T00:00:00.000Z,2024-11-05,37731.943106,6299.347901546699,0.000001,1.6695e-7,37731.943105,6299.34790137975,0,0,0,0,0,0,0,0,2.650274323775771e-11,0,0,0,0
WMT,WMT,2024-11-06T00:00:00.000Z,2024-11-06,37731.943106,6567.62201703036,0.000001,1.7406e-7,37731.943105,6567.6220168563,0,0,0,0,0,0,0,0,2.650274323775771e-11,0,0,0,0
WMT,WMT,2024-11-07T00:00:00.000Z,2024-11-07,37731.943106,6778.468115106688,0.000001,1.79648e-7,37731.943105,6778.46811492704,0,0,0,0,0,0,0,0,2.650274323775771e-11,0,0,0,0
WMT,WMT,2024-11-08T00:00:00.000Z,2024-11-08,37731.943106,6548.56738576183,0.000001,1.73555e-7,37731.943105,6548.567385588275,0,0,0,0,0,0,0,0,2.650274323775771e-11,0,0,0,0
WMT,WMT,2024-11-09T00:00:00.000Z,2024-11-09,34731.924102,6311.415783967236,0.000001,1.81718e-7,34731.924101,6311.415783785518,0,0,0,0,0,0,0,0,2.879195512069014e-11,0,0,0,0
WMT,WMT,2024-11-10T00:00:00.000Z,2024-11-10,34731.924102,7909.049560735133,0.000001,2.27717e-7,34731.924101,7909.049560507417,0,0,0,0,0,0,0,0,2.879195512069014e-11,0,0,0,0
WMT,WMT,2024-11-11T00:00:00.000Z,2024-11-11,34053.484804,7875.242949257844,0.000001,2.31261e-7,34053.484803,7875.242949026583,0,0,0,0,0,0,0,0,2.936557024209569e-11,0,0,0,0
WMT,WMT,2024-11-12T00:00:00.000Z,2024-11-12,34053.484804,8114.77516136918,0.000001,2.38295e-7,34053.484803,8114.775161130885,0,0,0,0,0,0,0,0,2.936557024209569e-11,0,0,0,0
WMT,WMT,2024-11-13T00:00:00.000Z,2024-11-13,34053.484804,8507.820482976947,0.000001,2.49837e-7,34053.484803,8507.820482727111,0,0,0,0,0,0,0,0,2.936557024209569e-11,0,0,0,0
WMT,WMT,2024-11-14T00:00:00.000Z,2024-11-14,34053.484804,9055.911320897329,0.000001,2.65932e-7,34053.484803,9055.911320631396,0,0,0,0,0,0,0,0,2.936557024209569e-11,0,0,0,0
WMT,WMT,2024-11-15T00:00:00.000Z,2024-11-15,34053.484804,10108.845071037013,0.000001,2.96852e-7,34053.484803,10108.84507074016,0,0,0,0,0,0,0,0,2.936557024209569e-11,0,0,0,0
WMT,WMT,2024-11-16T00:00:00.000Z,2024-11-16,33536.447261,10922.921482249483,0.000001,3.25703e-7,33536.44726,10922.92148192378,0,0,0,0,0,0,0,0,2.981830461102283e-11,0,0,0,0
WMT,WMT,2024-11-17T00:00:00.000Z,2024-11-17,33536.447261,10515.923158289987,0.000001,3.13567e-7,33536.44726,10515.92315797642,0,0,0,0,0,0,0,0,2.981830461102283e-11,0,0,0,0
WMT,WMT,2024-11-18T00:00:00.000Z,2024-11-18,33536.447261,10790.251296884966,0.000001,3.21747e-7,33536.44726,10790.25129656322,0,0,0,0,0,0,0,0,2.981830461102283e-11,0,0,0,0
WMT,WMT,2024-11-19T00:00:00.000Z,2024-11-19,33536.447261,10848.403496435541,0.000001,3.23481e-7,33536.44726,10848.40349611206,0,0,0,0,0,0,0,0,2.981830461102283e-11,0,0,0,0
WMT,WMT,2024-11-20T00:00:00.000Z,2024-11-20,33536.447261,11263.618249973983,0.000001,3.35862e-7,33536.44726,11263.61824963812,0,0,0,0,0,0,0,0,2.981830461102283e-11,0,0,0,0
WMT,WMT,2024-11-21T00:00:00.000Z,2024-11-21,33536.447261,11938.740469785173,0.000001,3.55993e-7,33536.44726,11938.74046942918,0,0,0,0,0,0,0,0,2.981830461102283e-11,0,0,0,0
WMT,WMT,2024-11-22T00:00:00.000Z,2024-11-22,33536.447261,12900.666386572437,0.000001,3.84676e-7,33536.44726,12900.66638618776,0,0,0,0,0,0,0,0,2.981830461102283e-11,0,0,0,0
WMT,WMT,2024-11-23T00:00:00.000Z,2024-11-23,33536.447261,13883.45197355604,0.000001,4.13981e-7,33536.44726,13883.45197314206,0,0,0,0,0,0,0,0,2.981830461102283e-11,0,0,0,0
WMT,WMT,2024-11-24T00:00:00.000Z,2024-11-24,33536.447261,14294.441134739596,0.000001,4.26236e-7,33536.44726,14294.44113431336,0,0,0,0,0,0,0,0,2.981830461102283e-11,0,0,0,0
WMT,WMT,2024-11-25T00:00:00.000Z,2024-11-25,33536.447261,12951.608249961895,0.000001,3.86195e-7,33536.44726,12951.6082495757,0,0,0,0,0,0,0,0,2.981830461102283e-11,0,0,0,0
WMT,WMT,2024-11-26T00:00:00.000Z,2024-11-26,33536.447261,13869.869712415337,0.000001,4.13576e-7,33536.44726,13869.86971200176,0,0,0,0,0,0,0,0,2.981830461102283e-11,0,0,0,0
WMT,WMT,2024-11-27T00:00:00.000Z,2024-11-27,33536.447261,13038.635330604191,0.000001,3.8879e-7,33536.44726,13038.6353302154,0,0,0,0,0,0,0,0,2.981830461102283e-11,0,0,0,0
WMT,WMT,2024-11-28T00:00:00.000Z,2024-11-28,33536.447261,13421.453876088504,0.000001,4.00205e-7,33536.44726,13421.4538756883,0,0,0,0,0,0,0,0,2.981830461102283e-11,0,0,0,0
WMT,WMT,2024-11-29T00:00:00.000Z,2024-11-29,33536.447261,13458.377504522865,0.000001,4.01306e-7,33536.44726,13458.37750412156,0,0,0,0,0,0,0,0,2.981830461102283e-11,0,0,0,0
WMT,WMT,2024-11-30T00:00:00.000Z,2024-11-30,28531.335051000002,12070.766185694094,0.000001,4.230705e-7,28531.33505,12070.766185271024,0,0,0,0,0,0,0,0,3.504918358052617e-11,0,0,0,0
WMT,WMT,2024-12-01T00:00:00.000Z,2024-12-01,27552.048914,12832.11881325527,0.000001,4.65741e-7,27552.048913,12832.11881278953,0,0,0,0,0,0,0,0,3.62949413715606e-11,0,0,0,0
WMT,WMT,2024-12-02T00:00:00.000Z,2024-12-02,27552.048914,12771.228785155332,0.000001,4.63531e-7,27552.048913,12771.2287846918,0,0,0,0,0,0,0,0,3.62949413715606e-11,0,0,0,0
WMT,WMT,2024-12-03T00:00:00.000Z,2024-12-03,27552.048914,13573.379137237524,0.000001,4.92645e-7,27552.048913,13573.37913674488,0,0,0,0,0,0,0,0,3.62949413715606e-11,0,0,0,0
WMT,WMT,2024-12-04T00:00:00.000Z,2024-12-04,27552.048914,13481.355293864775,0.000001,4.89305e-7,27552.048913,13481.35529337547,0,0,0,0,0,0,0,0,3.62949413715606e-11,0,0,0,0
WMT,WMT,2024-12-05T00:00:00.000Z,2024-12-05,27552.048914,14514.860200677826,0.000001,5.26816e-7,27552.048913,14514.86020015101,0,0,0,0,0,0,0,0,3.62949413715606e-11,0,0,0,0
WMT,WMT,2024-12-06T00:00:00.000Z,2024-12-06,27552.048914,14770.35035025735,0.000001,5.36089e-7,27552.048913,14770.35034972126,0,0,0,0,0,0,0,0,3.62949413715606e-11,0,0,0,0
WMT,WMT,2024-12-07T00:00:00.000Z,2024-12-07,27552.048914,14609.832113284383,0.000001,5.30263e-7,27552.048913,14609.83211275412,0,0,0,0,0,0,0,0,3.62949413715606e-11,0,0,0,0
WMT,WMT,2024-12-08T00:00:00.000Z,2024-12-08,27552.048914,14874.00115827181,0.000001,5.39851e-7,27552.048913,14874.00115773196,0,0,0,0,0,0,0,0,3.62949413715606e-11,0,0,0,0
WMT,WMT,2024-12-09T00:00:00.000Z,2024-12-09,27552.048914,15156.189243249004,0.000001,5.50093e-7,27552.048913,15156.18924269891,0,0,0,0,0,0,0,0,3.62949413715606e-11,0,0,0,0
WMT,WMT,2024-12-10T00:00:00.000Z,2024-12-10,27552.048914,13547.700627649683,0.000001,4.91713e-7,27552.048913,13547.70062715797,0,0,0,0,0,0,0,0,3.62949413715606e-11,0,0,0,0
WMT,WMT,2024-12-11T00:00:00.000Z,2024-12-11,27552.048914,14649.231543231403,0.000001,5.31693e-7,27552.048913,14649.23154269971,0,0,0,0,0,0,0,0,3.62949413715606e-11,0,0,0,0
WMT,WMT,2024-12-12T00:00:00.000Z,2024-12-12,27552.048914,15957.678346157263,0.000001,5.79183e-7,27552.048913,15957.67834557808,0,0,0,0,0,0,0,0,3.62949413715606e-11,0,0,0,0
WMT,WMT,2024-12-13T00:00:00.000Z,2024-12-13,27552.048914,16177.405936246409,0.000001,5.87158e-7,27552.048913,16177.40593565925,0,0,0,0,0,0,0,0,3.62949413715606e-11,0,0,0,0
WMT,WMT,2024-12-14T00:00:00.000Z,2024-12-14,27552.048914,15641.325720526711,0.000001,5.67701e-7,27552.048913,15641.32571995901,0,0,0,0,0,0,0,0,3.62949413715606e-11,0,0,0,0
WMT,WMT,2024-12-15T00:00:00.000Z,2024-12-15,27552.048914,14794.761465595146,0.000001,5.36975e-7,27552.048913,14794.76146505817,0,0,0,0,0,0,0,0,3.62949413715606e-11,0,0,0,0
WMT,WMT,2024-12-16T00:00:00.000Z,2024-12-16,27552.048914,15221.570255321925,0.000001,5.52466e-7,27552.048913,15221.57025476946,0,0,0,0,0,0,0,0,3.62949413715606e-11,0,0,0,0
WMT,WMT,2024-12-17T00:00:00.000Z,2024-12-17,27552.048914,15221.570255321925,0.000001,5.52466e-7,27552.048913,15221.57025476946,0,0,0,0,0,0,0,0,3.62949413715606e-11,0,0,0,0
WMT,WMT,2024-12-18T00:00:00.000Z,2024-12-18,27552.048914,15221.570255321925,0.000001,5.52466e-7,27552.048913,15221.57025476946,0,0,0,0,0,0,0,0,3.62949413715606e-11,0,0,0,0
WMT,WMT,2024-12-19T00:00:00.000Z,2024-12-19,27552.048914,15221.570255321925,0.000001,5.52466e-7,27552.048913,15221.57025476946,0,0,0,0,0,0,0,0,3.62949413715606e-11,0,0,0,0
WMT,WMT,2024-12-20T00:00:00.000Z,2024-12-20,27552.048914,15221.570255321925,0.000001,5.52466e-7,27552.048913,15221.57025476946,0,0,0,0,0,0,0,0,3.62949413715606e-11,0,0,0,0
WMT,WMT,2024-12-21T00:00:00.000Z,2024-12-21,27552.048914,15221.570255321925,0.000001,5.52466e-7,27552.048913,15221.57025476946,0,0,0,0,0,0,0,0,3.62949413715606e-11,0,0,0,0
WMT,WMT,2024-12-22T00:00:00.000Z,2024-12-22,27552.048914,15221.570255321925,0.000001,5.52466e-7,27552.048913,15221.57025476946,0,0,0,0,0,0,0,0,3.62949413715606e-11,0,0,0,0
WMT,WMT,2024-12-23T00:00:00.000Z,2024-12-23,26785.353067,14797.996867513226,0.000001,5.52466e-7,26785.353066,14797.99686696076,0,0,0,0,0,0,0,0,3.733383679873971e-11,0,0,0,0
WMT,WMT,2024-12-24T00:00:00.000Z,2024-12-24,26785.353067,14797.996867513226,0.000001,5.52466e-7,26785.353066,14797.99686696076,0,0,0,0,0,0,0,0,3.733383679873971e-11,0,0,0,0
WMT,WMT,2024-12-25T00:00:00.000Z,2024-12-25,26785.353067,14797.996867513226,0.000001,5.52466e-7,26785.353066,14797.99686696076,0,0,0,0,0,0,0,0,3.733383679873971e-11,0,0,0,0
WMT,WMT,2024-12-26T00:00:00.000Z,2024-12-26,26785.353067,14797.996867513226,0.000001,5.52466e-7,26785.353066,14797.99686696076,0,0,0,0,0,0,0,0,3.733383679873971e-11,0,0,0,0
WMT,WMT,2024-12-27T00:00:00.000Z,2024-12-27,26785.353067,14797.996867513226,0.000001,5.52466e-7,26785.353066,14797.99686696076,0,0,0,0,0,0,0,0,3.733383679873971e-11,0,0,0,0
WMT,WMT,2024-12-28T00:00:00.000Z,2024-12-28,26785.353067,14797.996867513226,0.000001,5.52466e-7,26785.353066,14797.99686696076,0,0,0,0,0,0,0,0,3.733383679873971e-11,0,0,0,0
WMT,WMT,2024-12-29T00:00:00.000Z,2024-12-29,26785.353067,14797.996867513226,0.000001,5.52466e-7,26785.353066,14797.99686696076,0,0,0,0,0,0,0,0,3.733383679873971e-11,0,0,0,0
WMT,WMT,2024-12-30T00:00:00.000Z,2024-12-30,26785.353067,14797.996867513226,0.000001,5.52466e-7,26785.353066,14797.99686696076,0,0,0,0,0,0,0,0,3.733383679873971e-11,0,0,0,0
WMT,WMT,2024-12-31T00:00:00.000Z,2024-12-31,26785.353067,14797.996867513226,0.000001,5.52466e-7,26785.353066,14797.99686696076,0,0,0,0,0,0,0,0,3.733383679873971e-11,0,0,0,0
WMT,WMT,2025-01-01T00:00:00.000Z,2025-01-01,26785.353067,14797.996867513226,0.000001,5.52466e-7,26785.353066,14797.99686696076,0,0,0,0,0,0,0,0,3.733383679873971e-11,0,0,0,0
WMT,WMT,2025-01-02T00:00:00.000Z,2025-01-02,26785.353067,14797.996867513226,0.000001,5.52466e-7,26785.353066,14797.99686696076,0,0,0,0,0,0,0,0,3.733383679873971e-11,0,0,0,0
WMT,WMT,2025-01-03T00:00:00.000Z,2025-01-03,26785.353067,14797.996867513226,0.000001,5.52466e-7,26785.353066,14797.99686696076,0,0,0,0,0,0,0,0,3.733383679873971e-11,0,0,0,0
WMT,WMT,2025-01-04T00:00:00.000Z,2025-01-04,24088.559413,13308.110064662455,0.000001,5.52466e-7,24088.559412,13308.11006410999,0,0,0,0,0,0,0,0,4.151348293000555e-11,0,0,0,0
WMT,WMT,2025-01-05T00:00:00.000Z,2025-01-05,24088.559413,13308.110064662455,0.000001,5.52466e-7,24088.559412,13308.11006410999,0,0,0,0,0,0,0,0,4.151348293000555e-11,0,0,0,0
WMT,WMT,2025-01-06T00:00:00.000Z,2025-01-06,24088.559413,13308.110064662455,0.000001,5.52466e-7,24088.559412,13308.11006410999,0,0,0,0,0,0,0,0,4.151348293000555e-11,0,0,0,0
WMT,WMT,2025-01-07T00:00:00.000Z,2025-01-07,24088.559413,13308.110064662455,0.000001,5.52466e-7,24088.559412,13308.11006410999,0,0,0,0,0,0,0,0,4.151348293000555e-11,0,0,0,0
WMT,WMT,2025-01-08T00:00:00.000Z,2025-01-08,24088.559413,13308.110064662455,0.000001,5.52466e-7,24088.559412,13308.11006410999,0,0,0,0,0,0,0,0,4.151348293000555e-11,0,0,0,0
WMT,WMT,2025-01-09T00:00:00.000Z,2025-01-09,24088.559413,13308.110064662455,0.000001,5.52466e-7,24088.559412,13308.11006410999,0,0,0,0,0,0,0,0,4.151348293000555e-11,0,0,0,0
WMT,WMT,2025-01-10T00:00:00.000Z,2025-01-10,24088.559413,13308.110064662455,0.000001,5.52466e-7,24088.559412,13308.11006410999,0,0,0,0,0,0,0,0,4.151348293000555e-11,0,0,0,0
WMT,WMT,2025-01-11T00:00:00.000Z,2025-01-11,24088.559413,13308.110064662455,0.000001,5.52466e-7,24088.559412,13308.11006410999,0,0,0,0,0,0,0,0,4.151348293000555e-11,0,0,0,0
WMT,WMT,2025-01-12T00:00:00.000Z,2025-01-12,24088.559413,13308.110064662455,0.000001,5.52466e-7,24088.559412,13308.11006410999,0,0,0,0,0,0,0,0,4.151348293000555e-11,0,0,0,0
WMT,WMT,2025-01-13T00:00:00.000Z,2025-01-13,24088.559413,13308.110064662455,0.000001,5.52466e-7,24088.559412,13308.11006410999,0,0,0,0,0,0,0,0,4.151348293000555e-11,0,0,0,0
WMT,WMT,2025-01-14T00:00:00.000Z,2025-01-14,24088.559413,13308.110064662455,0.000001,5.52466e-7,24088.559412,13308.11006410999,0,0,0,0,0,0,0,0,4.151348293000555e-11,0,0,0,0
WMT,WMT,2025-01-15T00:00:00.000Z,2025-01-15,24088.559413,13308.110064662455,0.000001,5.52466e-7,24088.559412,13308.11006410999,0,0,0,0,0,0,0,0,4.151348293000555e-11,0,0,0,0
WMT,WMT,2025-01-16T00:00:00.000Z,2025-01-16,24088.559413,13308.110064662455,0.000001,5.52466e-7,24088.559412,13308.11006410999,0,0,0,0,0,0,0,0,4.151348293000555e-11,0,0,0,0
WMT,WMT,2025-01-17T00:00:00.000Z,2025-01-17,24088.559413,13308.110064662455,0.000001,5.52466e-7,24088.559412,13308.11006410999,0,0,0,0,0,0,0,0,4.151348293000555e-11,0,0,0,0
WMT,WMT,2025-01-18T00:00:00.000Z,2025-01-18,24088.559413,13308.110064662455,0.000001,5.52466e-7,24088.559412,13308.11006410999,0,0,0,0,0,0,0,0,4.151348293000555e-11,0,0,0,0
WMT,WMT,2025-01-19T00:00:00.000Z,2025-01-19,24088.559413,13308.110064662455,0.000001,5.52466e-7,24088.559412,13308.11006410999,0,0,0,0,0,0,0,0,4.151348293000555e-11,0,0,0,0
WMT,WMT,2025-01-20T00:00:00.000Z,2025-01-20,24088.559413,13308.110064662455,0.000001,5.52466e-7,24088.559412,13308.11006410999,0,0,0,0,0,0,0,0,4.151348293000555e-11,0,0,0,0
WMT,WMT,2025-01-21T00:00:00.000Z,2025-01-21,24088.559413,13308.110064662455,0.000001,5.52466e-7,24088.559412,13308.11006410999,0,0,0,0,0,0,0,0,4.151348293000555e-11,0,0,0,0
WMT,WMT,2025-01-22T00:00:00.000Z,2025-01-22,24088.559413,13308.110064662455,0.000001,5.52466e-7,24088.559412,13308.11006410999,0,0,0,0,0,0,0,0,4.151348293000555e-11,0,0,0,0
WMT,WMT,2025-01-23T00:00:00.000Z,2025-01-23,24088.559413,13308.110064662455,0.000001,5.52466e-7,24088.559412,13308.11006410999,0,0,0,0,0,0,0,0,4.151348293000555e-11,0,0,0,0
WMT,WMT,2025-01-24T00:00:00.000Z,2025-01-24,24088.559413,13308.110064662455,0.000001,5.52466e-7,24088.559412,13308.11006410999,0,0,0,0,0,0,0,0,4.151348293000555e-11,0,0,0,0
WMT,WMT,2025-01-25T00:00:00.000Z,2025-01-25,24088.559413,13308.110064662455,0.000001,5.52466e-7,24088.559412,13308.11006410999,0,0,0,0,0,0,0,0,4.151348293000555e-11,0,0,0,0
WMT,WMT,2025-01-26T00:00:00.000Z,2025-01-26,24088.559413,13308.110064662455,0.000001,5.52466e-7,24088.559412,13308.11006410999,0,0,0,0,0,0,0,0,4.151348293000555e-11,0,0,0,0
WMT,WMT,2025-01-27T00:00:00.000Z,2025-01-27,24088.559413,13308.110064662455,0.000001,5.52466e-7,24088.559412,13308.11006410999,0,0,0,0,0,0,0,0,4.151348293000555e-11,0,0,0,0
WMT,WMT,2025-01-28T00:00:00.000Z,2025-01-28,24088.559413,13308.110064662455,0.000001,5.52466e-7,24088.559412,13308.11006410999,0,0,0,0,0,0,0,0,4.151348293000555e-11,0,0,0,0
WMT,WMT,2025-01-29T00:00:00.000Z,2025-01-29,24088.559413,13308.110064662455,0.000001,5.52466e-7,24088.559412,13308.11006410999,0,0,0,0,0,0,0,0,4.151348293000555e-11,0,0,0,0
WMT,WMT,2025-01-30T00:00:00.000Z,2025-01-30,24088.559413,13308.110064662455,0.000001,5.52466e-7,24088.559412,13308.11006410999,0,0,0,0,0,0,0,0,4.151348293000555e-11,0,0,0,0
WMT,WMT,2025-01-31T00:00:00.000Z,2025-01-31,24088.559413,13308.110064662455,0.000001,5.52466e-7,24088.559412,13308.11006410999,0,0,0,0,0,0,0,0,4.151348293000555e-11,0,0,0,0
WMT,WMT,2025-02-01T00:00:00.000Z,2025-02-01,24088.559413,13308.110064662455,0.000001,5.52466e-7,24088.559412,13308.11006410999,0,0,0,0,0,0,0,0,4.151348293000555e-11,0,0,0,0
WMT,WMT,2025-02-02T00:00:00.000Z,2025-02-02,24088.559413,13308.110064662455,0.000001,5.52466e-7,24088.559412,13308.11006410999,0,0,0,0,0,0,0,0,4.151348293000555e-11,0,0,0,0
WMT,WMT,2025-02-03T00:00:00.000Z,2025-02-03,24088.559413,13308.110064662455,0.000001,5.52466e-7,24088.559412,13308.11006410999,0,0,0,0,0,0,0,0,4.151348293000555e-11,0,0,0,0
WMT,WMT,2025-02-04T00:00:00.000Z,2025-02-04,24088.559413,13308.110064662455,0.000001,5.52466e-7,24088.559412,13308.11006410999,0,0,0,0,0,0,0,0,4.151348293000555e-11,0,0,0,0
WMT,WMT,2025-02-05T00:00:00.000Z,2025-02-05,24088.559413,13308.110064662455,0.000001,5.52466e-7,24088.559412,13308.11006410999,0,0,0,0,0,0,0,0,4.151348293000555e-11,0,0,0,0
WMT,WMT,2025-02-06T00:00:00.000Z,2025-02-06,24088.559413,13308.110064662455,0.000001,5.52466e-7,24088.559412,13308.11006410999,0,0,0,0,0,0,0,0,4.151348293000555e-11,0,0,0,0
WMT,WMT,2025-02-07T00:00:00.000Z,2025-02-07,24088.559413,13308.110064662455,0.000001,5.52466e-7,24088.559412,13308.11006410999,0,0,0,0,0,0,0,0,4.151348293000555e-11,0,0,0,0
WMT,WMT,2025-02-08T00:00:00.000Z,2025-02-08,24088.559413,13308.110064662455,0.000001,5.52466e-7,24088.559412,13308.11006410999,0,0,0,0,0,0,0,0,4.151348293000555e-11,0,0,0,0
WMT,WMT,2025-02-09T00:00:00.000Z,2025-02-09,24088.559413,13308.110064662455,0.000001,5.52466e-7,24088.559412,13308.11006410999,0,0,0,0,0,0,0,0,4.151348293000555e-11,0,0,0,0
WMT,WMT,2025-02-10T00:00:00.000Z,2025-02-10,24088.559413,13308.110064662455,0.000001,5.52466e-7,24088.559412,13308.11006410999,0,0,0,0,0,0,0,0,4.151348293000555e-11,0,0,0,0
WMT,WMT,2025-02-11T00:00:00.000Z,2025-02-11,24088.559413,13308.110064662455,0.000001,5.52466e-7,24088.559412,13308.11006410999,0,0,0,0,0,0,0,0,4.151348293000555e-11,0,0,0,0
WMT,WMT,2025-02-12T00:00:00.000Z,2025-02-12,24088.559413,13308.110064662455,0.000001,5.52466e-7,24088.559412,13308.11006410999,0,0,0,0,0,0,0,0,4.151348293000555e-11,0,0,0,0
WMT,WMT,2025-02-13T00:00:00.000Z,2025-02-13,24088.559413,13308.110064662455,0.000001,5.52466e-7,24088.559412,13308.11006410999,0,0,0,0,0,0,0,0,4.151348293000555e-11,0,0,0,0
WMT,WMT,2025-02-14T00:00:00.000Z,2025-02-14,24088.559413,13308.110064662455,0.000001,5.52466e-7,24088.559412,13308.11006410999,0,0,0,0,0,0,0,0,4.151348293000555e-11,0,0,0,0
WMT,WMT,2025-02-15T00:00:00.000Z,2025-02-15,24088.559413,13308.110064662455,0.000001,5.52466e-7,24088.559412,13308.11006410999,0,0,0,0,0,0,0,0,4.151348293000555e-11,0,0,0,0
WMT,WMT,2025-02-16T00:00:00.000Z,2025-02-16,24088.559413,13308.110064662455,0.000001,5.52466e-7,24088.559412,13308.11006410999,0,0,0,0,0,0,0,0,4.151348293000555e-11,0,0,0,0
WMT,WMT,2025-02-17T00:00:00.000Z,2025-02-17,24088.559413,13308.110064662455,0.000001,5.52466e-7,24088.559412,13308.11006410999,0,0,0,0,0,0,0,0,4.151348293000555e-11,0,0,0,0
WMT,WMT,2025-02-18T00:00:00.000Z,2025-02-18,24088.559413,13308.110064662455,0.000001,5.52466e-7,24088.559412,13308.11006410999,0,0,0,0,0,0,0,0,4.151348293000555e-11,0,0,0,0
WMT,WMT,2025-02-19T00:00:00.000Z,2025-02-19,24088.559413,13308.110064662455,0.000001,5.52466e-7,24088.559412,13308.11006410999,0,0,0,0,0,0,0,0,4.151348293000555e-11,0,0,0,0
WMT,WMT,2025-02-20T00:00:00.000Z,2025-02-20,24088.559413,13308.110064662455,0.000001,5.52466e-7,24088.559412,13308.11006410999,0,0,0,0,0,0,0,0,4.151348293000555e-11,0,0,0,0
WMT,WMT,2025-02-21T00:00:00.000Z,2025-02-21,24088.559413,13308.110064662455,0.000001,5.52466e-7,24088.559412,13308.11006410999,0,0,0,0,0,0,0,0,4.151348293000555e-11,0,0,0,0
WMT,WMT,2025-02-22T00:00:00.000Z,2025-02-22,24088.559413,13308.110064662455,0.000001,5.52466e-7,24088.559412,13308.11006410999,0,0,0,0,0,0,0,0,4.151348293000555e-11,0,0,0,0
WMT,WMT,2025-02-23T00:00:00.000Z,2025-02-23,24088.559413,13308.110064662455,0.000001,5.52466e-7,24088.559412,13308.11006410999,0,0,0,0,0,0,0,0,4.151348293000555e-11,0,0,0,0
WMT,WMT,2025-02-24T00:00:00.000Z,2025-02-24,24088.559413,13308.110064662455,0.000001,5.52466e-7,24088.559412,13308.11006410999,0,0,0,0,0,0,0,0,4.151348293000555e-11,0,0,0,0
WMT,WMT,2025-02-25T00:00:00.000Z,2025-02-25,24088.559413,13308.110064662455,0.000001,5.52466e-7,24088.559412,13308.11006410999,0,0,0,0,0,0,0,0,4.151348293000555e-11,0,0,0,0
WMT,WMT,2025-02-26T00:00:00.000Z,2025-02-26,24088.559413,13308.110064662455,0.000001,5.52466e-7,24088.559412,13308.11006410999,0,0,0,0,0,0,0,0,4.151348293000555e-11,0,0,0,0
WMT,WMT,2025-02-27T00:00:00.000Z,2025-02-27,24088.559413,13308.110064662455,0.000001,5.52466e-7,24088.559412,13308.11006410999,0,0,0,0,0,0,0,0,4.151348293000555e-11,0,0,0,0
WMT,WMT,2025-02-28T00:00:00.000Z,2025-02-28,24088.559413,13308.110064662455,0.000001,5.52466e-7,24088.559412,13308.11006410999,0,0,0,0,0,0,0,0,4.151348293000555e-11,0,0,0,0
WMT,WMT,2025-03-01T00:00:00.000Z,2025-03-01,24088.559413,13308.110064662455,0.000001,5.52466e-7,24088.559412,13308.11006410999,0,0,0,0,0,0,0,0,4.151348293000555e-11,0,0,0,0
WMT,WMT,2025-03-02T00:00:00.000Z,2025-03-02,24088.559413,13308.110064662455,0.000001,5.52466e-7,24088.559412,13308.11006410999,0,0,0,0,0,0,0,0,4.151348293000555e-11,0,0,0,0
WMT,WMT,2025-03-03T00:00:00.000Z,2025-03-03,24088.559413,13308.110064662455,0.000001,5.52466e-7,24088.559412,13308.11006410999,0,0,0,0,0,0,0,0,4.151348293000555e-11,0,0,0,0
WMT,WMT,2025-03-04T00:00:00.000Z,2025-03-04,24088.559413,13308.110064662455,0.000001,5.52466e-7,24088.559412,13308.11006410999,0,0,0,0,0,0,0,0,4.151348293000555e-11,0,0,0,0
WMT,WMT,2025-03-05T00:00:00.000Z,2025-03-05,24088.559413,13308.110064662455,0.000001,5.52466e-7,24088.559412,13308.11006410999,0,0,0,0,0,0,0,0,4.151348293000555e-11,0,0,0,0
WMT,WMT,2025-03-06T00:00:00.000Z,2025-03-06,24088.559413,13308.110064662455,0.000001,5.52466e-7,24088.559412,13308.11006410999,0,0,0,0,0,0,0,0,4.151348293000555e-11,0,0,0,0
WMT,WMT,2025-03-07T00:00:00.000Z,2025-03-07,24088.559413,13308.110064662455,0.000001,5.52466e-7,24088.559412,13308.11006410999,0,0,0,0,0,0,0,0,4.151348293000555e-11,0,0,0,0
WMT,WMT,2025-03-08T00:00:00.000Z,2025-03-08,24088.559413,13308.110064662455,0.000001,5.52466e-7,24088.559412,13308.11006410999,0,0,0,0,0,0,0,0,4.151348293000555e-11,0,0,0,0
WMT,WMT,2025-03-09T00:00:00.000Z,2025-03-09,24088.559413,13308.110064662455,0.000001,5.52466e-7,24088.559412,13308.11006410999,0,0,0,0,0,0,0,0,4.151348293000555e-11,0,0,0,0
WMT,WMT,2025-03-10T00:00:00.000Z,2025-03-10,24088.559413,13308.110064662455,0.000001,5.52466e-7,24088.559412,13308.11006410999,0,0,0,0,0,0,0,0,4.151348293000555e-11,0,0,0,0
WMT,WMT,2025-03-11T00:00:00.000Z,2025-03-11,22088.546573,12203.170970999015,0.000001,5.52466e-7,22088.546572,12203.17097044655,0,0,0,0,0,0,0,0,4.527233137296381e-11,0,0,0,0
WMT,WMT,2025-03-12T00:00:00.000Z,2025-03-12,22088.546573,12203.170970999015,0.000001,5.52466e-7,22088.546572,12203.17097044655,0,0,0,0,0,0,0,0,4.527233137296381e-11,0,0,0,0
WMT,WMT,2025-03-13T00:00:00.000Z,2025-03-13,22088.546573,12203.170970999015,0.000001,5.52466e-7,22088.546572,12203.17097044655,0,0,0,0,0,0,0,0,4.527233137296381e-11,0,0,0,0
WMT,WMT,2025-03-14T00:00:00.000Z,2025-03-14,22088.546573,12203.170970999015,0.000001,5.52466e-7,22088.546572,12203.17097044655,0,0,0,0,0,0,0,0,4.527233137296381e-11,0,0,0,0
WMT,WMT,2025-03-15T00:00:00.000Z,2025-03-15,22088.546573,12203.170970999015,0.000001,5.52466e-7,22088.546572,12203.17097044655,0,0,0,0,0,0,0,0,4.527233137296381e-11,0,0,0,0
WMT,WMT,2025-03-16T00:00:00.000Z,2025-03-16,22088.546573,12203.170970999015,0.000001,5.52466e-7,22088.546572,12203.17097044655,0,0,0,0,0,0,0,0,4.527233137296381e-11,0,0,0,0
WMT,WMT,2025-03-17T00:00:00.000Z,2025-03-17,22088.546573,12203.170970999015,0.000001,5.52466e-7,22088.546572,12203.17097044655,0,0,0,0,0,0,0,0,4.527233137296381e-11,0,0,0,0
WMT,WMT,2025-03-18T00:00:00.000Z,2025-03-18,22088.546573,12203.170970999015,0.000001,5.52466e-7,22088.546572,12203.17097044655,0,0,0,0,0,0,0,0,4.527233137296381e-11,0,0,0,0
WMT,WMT,2025-03-19T00:00:00.000Z,2025-03-19,22088.546573,12203.170970999015,0.000001,5.52466e-7,22088.546572,12203.17097044655,0,0,0,0,0,0,0,0,4.527233137296381e-11,0,0,0,0
WMT,WMT,2025-03-20T00:00:00.000Z,2025-03-20,22088.546573,12203.170970999015,0.000001,5.52466e-7,22088.546572,12203.17097044655,0,0,0,0,0,0,0,0,4.527233137296381e-11,0,0,0,0
WMT,WMT,2025-03-21T00:00:00.000Z,2025-03-21,22088.546573,12203.170970999015,0.000001,5.52466e-7,22088.546572,12203.17097044655,0,0,0,0,0,0,0,0,4.527233137296381e-11,0,0,0,0
WMT,WMT,2025-03-22T00:00:00.000Z,2025-03-22,22088.546573,12203.170970999015,0.000001,5.52466e-7,22088.546572,12203.17097044655,0,0,0,0,0,0,0,0,4.527233137296381e-11,0,0,0,0
WMT,WMT,2025-03-23T00:00:00.000Z,2025-03-23,22088.546573,12203.170970999015,0.000001,5.52466e-7,22088.546572,12203.17097044655,0,0,0,0,0,0,0,0,4.527233137296381e-11,0,0,0,0
WMT,WMT,2025-03-24T00:00:00.000Z,2025-03-24,22088.546573,12203.170970999015,0.000001,5.52466e-7,22088.546572,12203.17097044655,0,0,0,0,0,0,0,0,4.527233137296381e-11,0,0,0,0
WMT,WMT,2025-03-25T00:00:00.000Z,2025-03-25,22088.546573,12203.170970999015,0.000001,5.52466e-7,22088.546572,12203.17097044655,0,0,0,0,0,0,0,0,4.527233137296381e-11,0,0,0,0
WMT,WMT,2025-03-26T00:00:00.000Z,2025-03-26,22088.546573,12203.170970999015,0.000001,5.52466e-7,22088.546572,12203.17097044655,0,0,0,0,0,0,0,0,4.527233137296381e-11,0,0,0,0
WMT,WMT,2025-03-27T00:00:00.000Z,2025-03-27,22088.546573,12203.170970999015,0.000001,5.52466e-7,22088.546572,12203.17097044655,0,0,0,0,0,0,0,0,4.527233137296381e-11,0,0,0,0
WMT,WMT,2025-03-28T00:00:00.000Z,2025-03-28,22088.546573,12203.170970999015,0.000001,5.52466e-7,22088.546572,12203.17097044655,0,0,0,0,0,0,0,0,4.527233137296381e-11,0,0,0,0
WMT,WMT,2025-03-29T00:00:00.000Z,2025-03-29,22088.546573,12203.170970999015,0.000001,5.52466e-7,22088.546572,12203.17097044655,0,0,0,0,0,0,0,0,4.527233137296381e-11,0,0,0,0
WMT,WMT,2025-03-30T00:00:00.000Z,2025-03-30,22088.546573,12203.170970999015,0.000001,5.52466e-7,22088.546572,12203.17097044655,0,0,0,0,0,0,0,0,4.527233137296381e-11,0,0,0,0
WMT,WMT,2025-03-31T00:00:00.000Z,2025-03-31,22088.546573,12203.170970999015,0.000001,5.52466e-7,22088.546572,12203.17097044655,0,0,0,0,0,0,0,0,4.527233137296381e-11,0,0,0,0
WMT,WMT,2025-04-01T00:00:00.000Z,2025-04-01,22088.546573,12203.170970999015,0.000001,5.52466e-7,22088.546572,12203.17097044655,0,0,0,0,0,0,0,0,4.527233137296381e-11,0,0,0,0
WMT,WMT,2025-04-02T00:00:00.000Z,2025-04-02,22088.546573,12203.170970999015,0.000001,5.52466e-7,22088.546572,12203.17097044655,0,0,0,0,0,0,0,0,4.527233137296381e-11,0,0,0,0
WMT,WMT,2025-04-03T00:00:00.000Z,2025-04-03,22088.546573,12203.170970999015,0.000001,5.52466e-7,22088.546572,12203.17097044655,0,0,0,0,0,0,0,0,4.527233137296381e-11,0,0,0,0
WMT,WMT,2025-04-04T00:00:00.000Z,2025-04-04,22088.546573,12203.170970999015,0.000001,5.52466e-7,22088.546572,12203.17097044655,0,0,0,0,0,0,0,0,4.527233137296381e-11,0,0,0,0
WMT,WMT,2025-04-05T00:00:00.000Z,2025-04-05,22088.546573,12203.170970999015,0.000001,5.52466e-7,22088.546572,12203.17097044655,0,0,0,0,0,0,0,0,4.527233137296381e-11,0,0,0,0
WMT,WMT,2025-04-06T00:00:00.000Z,2025-04-06,22088.546573,12203.170970999015,0.000001,5.52466e-7,22088.546572,12203.17097044655,0,0,0,0,0,0,0,0,4.527233137296381e-11,0,0,0,0
WMT,WMT,2025-04-07T00:00:00.000Z,2025-04-07,22088.546573,12203.170970999015,0.000001,5.52466e-7,22088.546572,12203.17097044655,0,0,0,0,0,0,0,0,4.527233137296381e-11,0,0,0,0
WMT,WMT,2025-04-08T00:00:00.000Z,2025-04-08,22088.546573,12203.170970999015,0.000001,5.52466e-7,22088.546572,12203.17097044655,0,0,0,0,0,0,0,0,4.527233137296381e-11,0,0,0,0
WMT,WMT,2025-04-09T00:00:00.000Z,2025-04-09,22088.546573,12203.170970999015,0.000001,5.52466e-7,22088.546572,12203.17097044655,0,0,0,0,0,0,0,0,4.527233137296381e-11,0,0,0,0
WMT,WMT,2025-04-10T00:00:00.000Z,2025-04-10,22088.546573,12203.170970999015,0.000001,5.52466e-7,22088.546572,12203.17097044655,0,0,0,0,0,0,0,0,4.527233137296381e-11,0,0,0,0
WMT,WMT,2025-04-11T00:00:00.000Z,2025-04-11,22088.546573,12203.170970999015,0.000001,5.52466e-7,22088.546572,12203.17097044655,0,0,0,0,0,0,0,0,4.527233137296381e-11,0,0,0,0
WMT,WMT,2025-04-12T00:00:00.000Z,2025-04-12,22088.546573,12203.170970999015,0.000001,5.52466e-7,22088.546572,12203.17097044655,0,0,0,0,0,0,0,0,4.527233137296381e-11,0,0,0,0
WMT,WMT,2025-04-13T00:00:00.000Z,2025-04-13,22088.546573,12203.170970999015,0.000001,5.52466e-7,22088.546572,12203.17097044655,0,0,0,0,0,0,0,0,4.527233137296381e-11,0,0,0,0
WMT,WMT,2025-04-14T00:00:00.000Z,2025-04-14,22088.546573,12203.170970999015,0.000001,5.52466e-7,22088.546572,12203.17097044655,0,0,0,0,0,0,0,0,4.527233137296381e-11,0,0,0,0
WMT,WMT,2025-04-15T00:00:00.000Z,2025-04-15,22088.546573,12203.170970999015,0.000001,5.52466e-7,22088.546572,12203.17097044655,0,0,0,0,0,0,0,0,4.527233137296381e-11,0,0,0,0
WMT,WMT,2025-04-16T00:00:00.000Z,2025-04-16,22088.546573,12203.170970999015,0.000001,5.52466e-7,22088.546572,12203.17097044655,0,0,0,0,0,0,0,0,4.527233137296381e-11,0,0,0,0
WMT,WMT,2025-04-17T00:00:00.000Z,2025-04-17,22088.546573,12203.170970999015,0.000001,5.52466e-7,22088.546572,12203.17097044655,0,0,0,0,0,0,0,0,4.527233137296381e-11,0,0,0,0
WMT,WMT,2025-04-18T00:00:00.000Z,2025-04-18,22088.546573,12203.170970999015,0.000001,5.52466e-7,22088.546572,12203.17097044655,0,0,0,0,0,0,0,0,4.527233137296381e-11,0,0,0,0
WMT,WMT,2025-04-19T00:00:00.000Z,2025-04-19,22088.546573,12203.170970999015,0.000001,5.52466e-7,22088.546572,12203.17097044655,0,0,0,0,0,0,0,0,4.527233137296381e-11,0,0,0,0
WMT,WMT,2025-04-20T00:00:00.000Z,2025-04-20,22088.546573,12203.170970999015,0.000001,5.52466e-7,22088.546572,12203.17097044655,0,0,0,0,0,0,0,0,4.527233137296381e-11,0,0,0,0
WMT,WMT,2025-04-21T00:00:00.000Z,2025-04-21,22088.546573,12203.170970999015,0.000001,5.52466e-7,22088.546572,12203.17097044655,0,0,0,0,0,0,0,0,4.527233137296381e-11,0,0,0,0
WMT,WMT,2025-04-22T00:00:00.000Z,2025-04-22,22088.546573,12203.170970999015,0.000001,5.52466e-7,22088.546572,12203.17097044655,0,0,0,0,0,0,0,0,4.527233137296381e-11,0,0,0,0
WMT,WMT,2025-04-23T00:00:00.000Z,2025-04-23,22088.546573,12203.170970999015,0.000001,5.52466e-7,22088.546572,12203.17097044655,0,0,0,0,0,0,0,0,4.527233137296381e-11,0,0,0,0
WMT,WMT,2025-04-24T00:00:00.000Z,2025-04-24,22088.546573,12203.170970999015,0.000001,5.52466e-7,22088.546572,12203.17097044655,0,0,0,0,0,0,0,0,4.527233137296381e-11,0,0,0,0
WMT,WMT,2025-04-25T00:00:00.000Z,2025-04-25,22088.546573,12203.170970999015,0.000001,5.52466e-7,22088.546572,12203.17097044655,0,0,0,0,0,0,0,0,4.527233137296381e-11,0,0,0,0
WMT,WMT,2025-04-26T00:00:00.000Z,2025-04-26,22088.546573,12203.170970999015,0.000001,5.52466e-7,22088.546572,12203.17097044655,0,0,0,0,0,0,0,0,4.527233137296381e-11,0,0,0,0
WMT,WMT,2025-04-27T00:00:00.000Z,2025-04-27,22088.546573,12203.170970999015,0.000001,5.52466e-7,22088.546572,12203.17097044655,0,0,0,0,0,0,0,0,4.527233137296381e-11,0,0,0,0
WMT,WMT,2025-04-28T00:00:00.000Z,2025-04-28,22088.546573,12203.170970999015,0.000001,5.52466e-7,22088.546572,12203.17097044655,0,0,0,0,0,0,0,0,4.527233137296381e-11,0,0,0,0
WMT,WMT,2025-04-29T00:00:00.000Z,2025-04-29,22088.546573,12203.170970999015,0.000001,5.52466e-7,22088.546572,12203.17097044655,0,0,0,0,0,0,0,0,4.527233137296381e-11,0,0,0,0
WMT,WMT,2025-04-30T00:00:00.000Z,2025-04-30,22088.546573,12203.170970999015,0.000001,5.52466e-7,22088.546572,12203.17097044655,0,0,0,0,0,0,0,0,4.527233137296381e-11,0,0,0,0
WMT,WMT,2025-05-01T00:00:00.000Z,2025-05-01,22088.546573,12203.170970999015,0.000001,5.52466e-7,22088.546572,12203.17097044655,0,0,0,0,0,0,0,0,4.527233137296381e-11,0,0,0,0
WMT,WMT,2025-05-02T00:00:00.000Z,2025-05-02,22088.546573,12203.170970999015,0.000001,5.52466e-7,22088.546572,12203.17097044655,0,0,0,0,0,0,0,0,4.527233137296381e-11,0,0,0,0
WMT,WMT,2025-05-03T00:00:00.000Z,2025-05-03,22088.546573,12203.170970999015,0.000001,5.52466e-7,22088.546572,12203.17097044655,0,0,0,0,0,0,0,0,4.527233137296381e-11,0,0,0,0
WMT,WMT,2025-05-04T00:00:00.000Z,2025-05-04,22088.546573,12203.170970999015,0.000001,5.52466e-7,22088.546572,12203.17097044655,0,0,0,0,0,0,0,0,4.527233137296381e-11,0,0,0,0
WMT,WMT,2025-05-05T00:00:00.000Z,2025-05-05,22088.546573,12203.170970999015,0.000001,5.52466e-7,22088.546572,12203.17097044655,0,0,0,0,0,0,0,0,4.527233137296381e-11,0,0,0,0
WMT,WMT,2025-05-06T00:00:00.000Z,2025-05-06,22088.546573,12203.170970999015,0.000001,5.52466e-7,22088.546572,12203.17097044655,0,0,0,0,0,0,0,0,4.527233137296381e-11,0,0,0,0
WMT,WMT,2025-05-07T00:00:00.000Z,2025-05-07,22088.546573,12203.170970999015,0.000001,5.52466e-7,22088.546572,12203.17097044655,0,0,0,0,0,0,0,0,4.527233137296381e-11,0,0,0,0
WMT,WMT,2025-05-08T00:00:00.000Z,2025-05-08,22088.546573,12203.170970999015,0.000001,5.52466e-7,22088.546572,12203.17097044655,0,0,0,0,0,0,0,0,4.527233137296381e-11,0,0,0,0
WMT,WMT,2025-05-09T00:00:00.000Z,2025-05-09,22088.546573,12203.170970999015,0.000001,5.52466e-7,22088.546572,12203.17097044655,0,0,0,0,0,0,0,0,4.527233137296381e-11,0,0,0,0
WMT,WMT,2025-05-11T00:00:00.000Z,2025-05-11,22088.546573,12203.170970999015,0.000001,5.52466e-7,22088.546572,12203.17097044655,0,0,0,0,0,0,0,0,4.527233137296381e-11,0,0,0,0
WMT,WMT,2025-05-12T00:00:00.000Z,2025-05-12,22088.546573,12203.170970999015,0.000001,5.52466e-7,22088.546572,12203.17097044655,0,0,0,0,0,0,0,0,4.527233137296381e-11,0,0,0,0
WMT,WMT,2025-05-13T00:00:00.000Z,2025-05-13,22088.546573,12203.170970999015,0.000001,5.52466e-7,22088.546572,12203.17097044655,0,0,0,0,0,0,0,0,4.527233137296381e-11,0,0,0,0
WMT,WMT,2025-05-14T00:00:00.000Z,2025-05-14,22088.546573,12203.170970999015,0.000001,5.52466e-7,22088.546572,12203.17097044655,0,0,0,0,0,0,0,0,4.527233137296381e-11,0,0,0,0
WMT,WMT,2025-05-15T00:00:00.000Z,2025-05-15,22088.546573,12203.170970999015,0.000001,5.52466e-7,22088.546572,12203.17097044655,0,0,0,0,0,0,0,0,4.527233137296381e-11,0,0,0,0
WMT,WMT,2025-05-16T00:00:00.000Z,2025-05-16,22088.546573,12203.170970999015,0.000001,5.52466e-7,22088.546572,12203.17097044655,0,0,0,0,0,0,0,0,4.527233137296381e-11,0,0,0,0
WMT,WMT,2025-05-17T00:00:00.000Z,2025-05-17,22088.546573,12203.170970999015,0.000001,5.52466e-7,22088.546572,12203.17097044655,0,0,0,0,0,0,0,0,4.527233137296381e-11,0,0,0,0
WMT,WMT,2025-05-18T00:00:00.000Z,2025-05-18,22088.546573,12203.170970999015,0.000001,5.52466e-7,22088.546572,12203.17097044655,0,0,0,0,0,0,0,0,4.527233137296381e-11,0,0,0,0
WMT,WMT,2025-05-19T00:00:00.000Z,2025-05-19,22088.546573,12203.170970999015,0.000001,5.52466e-7,22088.546572,12203.17097044655,0,0,0,0,0,0,0,0,4.527233137296381e-11,0,0,0,0
WMT,WMT,2025-05-20T00:00:00.000Z,2025-05-20,22088.546573,12203.170970999015,0.000001,5.52466e-7,22088.546572,12203.17097044655,0,0,0,0,0,0,0,0,4.527233137296381e-11,0,0,0,0
WMT,WMT,2025-05-21T00:00:00.000Z,2025-05-21,22088.546573,12203.170970999015,0.000001,5.52466e-7,22088.546572,12203.17097044655,0,0,0,0,0,0,0,0,4.527233137296381e-11,0,0,0,0
WMT,WMT,2025-05-22T00:00:00.000Z,2025-05-22,22088.546573,12203.170970999015,0.000001,5.52466e-7,22088.546572,12203.17097044655,0,0,0,0,0,0,0,0,4.527233137296381e-11,0,0,0,0
WMT,WMT,2025-05-23T00:00:00.000Z,2025-05-23,22088.546573,12203.170970999015,0.000001,5.52466e-7,22088.546572,12203.17097044655,0,0,0,0,0,0,0,0,4.527233137296381e-11,0,0,0,0
WMT,WMT,2025-05-24T00:00:00.000Z,2025-05-24,22088.546573,12203.170970999015,0.000001,5.52466e-7,22088.546572,12203.17097044655,0,0,0,0,0,0,0,0,4.527233137296381e-11,0,0,0,0
WMT,WMT,2025-05-25T00:00:00.000Z,2025-05-25,22088.546573,12203.170970999015,0.000001,5.52466e-7,22088.546572,12203.17097044655,0,0,0,0,0,0,0,0,4.527233137296381e-11,0,0,0,0
WMT,WMT,2025-05-26T00:00:00.000Z,2025-05-26,22088.546573,12203.170970999015,0.000001,5.52466e-7,22088.546572,12203.17097044655,0,0,0,0,0,0,0,0,4.527233137296381e-11,0,0,0,0
WMT,WMT,2025-05-27T00:00:00.000Z,2025-05-27,22088.546573,12203.170970999015,0.000001,5.52466e-7,22088.546572,12203.17097044655,0,0,0,0,0,0,0,0,4.527233137296381e-11,0,0,0,0
WMT,WMT,2025-05-28T00:00:00.000Z,2025-05-28,22088.546573,12203.170970999015,0.000001,5.52466e-7,22088.546572,12203.17097044655,0,0,0,0,0,0,0,0,4.527233137296381e-11,0,0,0,0
WMT,WMT,2025-05-29T00:00:00.000Z,2025-05-29,22088.546573,12203.170970999015,0.000001,5.52466e-7,22088.546572,12203.17097044655,0,0,0,0,0,0,0,0,4.527233137296381e-11,0,0,0,0
WMT,WMT,2025-05-30T00:00:00.000Z,2025-05-30,22088.546573,12203.170970999015,0.000001,5.52466e-7,22088.546572,12203.17097044655,0,0,0,0,0,0,0,0,4.527233137296381e-11,0,0,0,0
WMT,WMT,2025-05-31T00:00:00.000Z,2025-05-31,22088.546573,12203.170970999015,0.000001,5.52466e-7,22088.546572,12203.17097044655,0,0,0,0,0,0,0,0,4.527233137296381e-11,0,0,0,0
WMT,WMT,2025-06-01T00:00:00.000Z,2025-06-01,22088.546573,12203.170970999015,0.000001,5.52466e-7,22088.546572,12203.17097044655,0,0,0,0,0,0,0,0,4.527233137296381e-11,0,0,0,0
WMT,WMT,2025-06-02T00:00:00.000Z,2025-06-02,22088.546573,12203.170970999015,0.000001,5.52466e-7,22088.546572,12203.17097044655,0,0,0,0,0,0,0,0,4.527233137296381e-11,0,0,0,0
WMT,WMT,2025-06-03T00:00:00.000Z,2025-06-03,22088.546573,12203.170970999015,0.000001,5.52466e-7,22088.546572,12203.17097044655,0,0,0,0,0,0,0,0,4.527233137296381e-11,0,0,0,0
WMT,WMT,2025-06-04T00:00:00.000Z,2025-06-04,22088.546573,12203.170970999015,0.000001,5.52466e-7,22088.546572,12203.17097044655,0,0,0,0,0,0,0,0,4.527233137296381e-11,0,0,0,0
WMT,WMT,2025-06-05T00:00:00.000Z,2025-06-05,22088.546573,12203.170970999015,0.000001,5.52466e-7,22088.546572,12203.17097044655,0,0,0,0,0,0,0,0,4.527233137296381e-11,0,0,0,0
WMT,WMT,2025-06-06T00:00:00.000Z,2025-06-06,22088.546573,12203.170970999015,0.000001,5.52466e-7,22088.546572,12203.17097044655,0,0,0,0,0,0,0,0,4.527233137296381e-11,0,0,0,0
WMT,WMT,2025-06-07T00:00:00.000Z,2025-06-07,22088.546573,12203.170970999015,0.000001,5.52466e-7,22088.546572,12203.17097044655,0,0,0,0,0,0,0,0,4.527233137296381e-11,0,0,0,0
WMT,WMT,2025-06-08T00:00:00.000Z,2025-06-08,22088.546573,12203.170970999015,0.000001,5.52466e-7,22088.546572,12203.17097044655,0,0,0,0,0,0,0,0,4.527233137296381e-11,0,0,0,0
WMT,WMT,2025-06-09T00:00:00.000Z,2025-06-09,22088.546573,12203.170970999015,0.000001,5.52466e-7,22088.546572,12203.17097044655,0,0,0,0,0,0,0,0,4.527233137296381e-11,0,0,0,0
WMT,WMT,2025-06-10T00:00:00.000Z,2025-06-10,22088.546573,12203.170970999015,0.000001,5.52466e-7,22088.546572,12203.17097044655,0,0,0,0,0,0,0,0,4.527233137296381e-11,0,0,0,0
WMT,WMT,2025-06-11T00:00:00.000Z,2025-06-11,22088.546573,12203.170970999015,0.000001,5.52466e-7,22088.546572,12203.17097044655,0,0,0,0,0,0,0,0,4.527233137296381e-11,0,0,0,0
WMT,WMT,2025-06-12T00:00:00.000Z,2025-06-12,22088.546573,12203.170970999015,0.000001,5.52466e-7,22088.546572,12203.17097044655,0,0,0,0,0,0,0,0,4.527233137296381e-11,0,0,0,0
WMT,WMT,2025-06-13T00:00:00.000Z,2025-06-13,22088.546573,12203.170970999015,0.000001,5.52466e-7,22088.546572,12203.17097044655,0,0,0,0,0,0,0,0,4.527233137296381e-11,0,0,0,0
WMT,WMT,2025-06-14T00:00:00.000Z,2025-06-14,22088.546573,12203.170970999015,0.000001,5.52466e-7,22088.546572,12203.17097044655,0,0,0,0,0,0,0,0,4.527233137296381e-11,0,0,0,0
WMT,WMT,2025-06-15T00:00:00.000Z,2025-06-15,22088.546573,12203.170970999015,0.000001,5.52466e-7,22088.546572,12203.17097044655,0,0,0,0,0,0,0,0,4.527233137296381e-11,0,0,0,0
WMT,WMT,2025-06-16T00:00:00.000Z,2025-06-16,22088.546573,12203.170970999015,0.000001,5.52466e-7,22088.546572,12203.17097044655,0,0,0,0,0,0,0,0,4.527233137296381e-11,0,0,0,0
WMT,WMT,2025-06-17T00:00:00.000Z,2025-06-17,22088.546573,12203.170970999015,0.000001,5.52466e-7,22088.546572,12203.17097044655,0,0,0,0,0,0,0,0,4.527233137296381e-11,0,0,0,0
WMT,WMT,2025-06-18T00:00:00.000Z,2025-06-18,22088.546573,12203.170970999015,0.000001,5.52466e-7,22088.546572,12203.17097044655,0,0,0,0,0,0,0,0,4.527233137296381e-11,0,0,0,0
WMT,WMT,2025-06-19T00:00:00.000Z,2025-06-19,22088.546573,12203.170970999015,0.000001,5.52466e-7,22088.546572,12203.17097044655,0,0,0,0,0,0,0,0,4.527233137296381e-11,0,0,0,0
WMT,WMT,2025-06-20T00:00:00.000Z,2025-06-20,22088.546573,12203.170970999015,0.000001,5.52466e-7,22088.546572,12203.17097044655,0,0,0,0,0,0,0,0,4.527233137296381e-11,0,0,0,0
WMT,WMT,2025-06-21T00:00:00.000Z,2025-06-21,22088.546573,12203.170970999015,0.000001,5.52466e-7,22088.546572,12203.17097044655,0,0,0,0,0,0,0,0,4.527233137296381e-11,0,0,0,0
WMT,WMT,2025-06-22T00:00:00.000Z,2025-06-22,22088.546573,12203.170970999015,0.000001,5.52466e-7,22088.546572,12203.17097044655,0,0,0,0,0,0,0,0,4.527233137296381e-11,0,0,0,0
WMT,WMT,2025-06-23T00:00:00.000Z,2025-06-23,22088.546573,12203.170970999015,0.000001,5.52466e-7,22088.546572,12203.17097044655,0,0,0,0,0,0,0,0,4.527233137296381e-11,0,0,0,0
WMT,WMT,2025-06-24T00:00:00.000Z,2025-06-24,22088.546573,12203.170970999015,0.000001,5.52466e-7,22088.546572,12203.17097044655,0,0,0,0,0,0,0,0,4.527233137296381e-11,0,0,0,0
WMT,WMT,2025-06-25T00:00:00.000Z,2025-06-25,22088.546573,12203.170970999015,0.000001,5.52466e-7,22088.546572,12203.17097044655,0,0,0,0,0,0,0,0,4.527233137296381e-11,0,0,0,0
WMT,WMT,2025-06-26T00:00:00.000Z,2025-06-26,22088.546573,12203.170970999015,0.000001,5.52466e-7,22088.546572,12203.17097044655,0,0,0,0,0,0,0,0,4.527233137296381e-11,0,0,0,0
WMT,WMT,2025-06-27T00:00:00.000Z,2025-06-27,22088.546573,12203.170970999015,0.000001,5.52466e-7,22088.546572,12203.17097044655,0,0,0,0,0,0,0,0,4.527233137296381e-11,0,0,0,0
WMT,WMT,2025-06-28T00:00:00.000Z,2025-06-28,22088.546573,12203.170970999015,0.000001,5.52466e-7,22088.546572,12203.17097044655,0,0,0,0,0,0,0,0,4.527233137296381e-11,0,0,0,0
WMT,WMT,2025-06-29T00:00:00.000Z,2025-06-29,22088.546573,12203.170970999015,0.000001,5.52466e-7,22088.546572,12203.17097044655,0,0,0,0,0,0,0,0,4.527233137296381e-11,0,0,0,0
WMT,WMT,2025-06-30T00:00:00.000Z,2025-06-30,22088.546573,12203.170970999015,0.000001,5.52466e-7,22088.546572,12203.17097044655,0,0,0,0,0,0,0,0,4.527233137296381e-11,0,0,0,0
WMT,WMT,2025-07-01T00:00:00.000Z,2025-07-01,22088.546573,12203.170970999015,0.000001,5.52466e-7,22088.546572,12203.17097044655,0,0,0,0,0,0,0,0,4.527233137296381e-11,0,0,0,0
WMT,WMT,2025-07-02T00:00:00.000Z,2025-07-02,22088.546573,12203.170970999015,0.000001,5.52466e-7,22088.546572,12203.17097044655,0,0,0,0,0,0,0,0,4.527233137296381e-11,0,0,0,0
WMT,WMT,2025-07-03T00:00:00.000Z,2025-07-03,22088.546573,12203.170970999015,0.000001,5.52466e-7,22088.546572,12203.17097044655,0,0,0,0,0,0,0,0,4.527233137296381e-11,0,0,0,0
WMT,WMT,2025-07-04T00:00:00.000Z,2025-07-04,22088.546573,12203.170970999015,0.000001,5.52466e-7,22088.546572,12203.17097044655,0,0,0,0,0,0,0,0,4.527233137296381e-11,0,0,0,0
WMT,WMT,2025-07-05T00:00:00.000Z,2025-07-05,22088.546573,12203.170970999015,0.000001,5.52466e-7,22088.546572,12203.17097044655,0,0,0,0,0,0,0,0,4.527233137296381e-11,0,0,0,0
WMT,WMT,2025-07-06T00:00:00.000Z,2025-07-06,22088.546573,12203.170970999015,0.000001,5.52466e-7,22088.546572,12203.17097044655,0,0,0,0,0,0,0,0,4.527233137296381e-11,0,0,0,0
WMT,WMT,2025-07-07T00:00:00.000Z,2025-07-07,22088.546573,12203.170970999015,0.000001,5.52466e-7,22088.546572,12203.17097044655,0,0,0,0,0,0,0,0,4.527233137296381e-11,0,0,0,0
WMT,WMT,2025-07-08T00:00:00.000Z,2025-07-08,22088.546573,12203.170970999015,0.000001,5.52466e-7,22088.546572,12203.17097044655,0,0,0,0,0,0,0,0,4.527233137296381e-11,0,0,0,0
WMT,WMT,2025-07-09T00:00:00.000Z,2025-07-09,22088.546573,12203.170970999015,0.000001,5.52466e-7,22088.546572,12203.17097044655,0,0,0,0,0,0,0,0,4.527233137296381e-11,0,0,0,0
WMT,WMT,2025-07-10T00:00:00.000Z,2025-07-10,22088.546573,12203.170970999015,0.000001,5.52466e-7,22088.546572,12203.17097044655,0,0,0,0,0,0,0,0,4.527233137296381e-11,0,0,0,0
WMT,WMT,2025-07-11T00:00:00.000Z,2025-07-11,22088.546573,12203.170970999015,0.000001,5.52466e-7,22088.546572,12203.17097044655,0,0,0,0,0,0,0,0,4.527233137296381e-11,0,0,0,0
WMT,WMT,2025-07-12T00:00:00.000Z,2025-07-12,22088.546573,12203.170970999015,0.000001,5.52466e-7,22088.546572,12203.17097044655,0,0,0,0,0,0,0,0,4.527233137296381e-11,0,0,0,0
WMT,WMT,2025-07-13T00:00:00.000Z,2025-07-13,22088.546573,12203.170970999015,0.000001,5.52466e-7,22088.546572,12203.17097044655,0,0,0,0,0,0,0,0,4.527233137296381e-11,0,0,0,0
WMT,WMT,2025-07-14T00:00:00.000Z,2025-07-14,22088.546573,12203.170970999015,0.000001,5.52466e-7,22088.546572,12203.17097044655,0,0,0,0,0,0,0,0,4.527233137296381e-11,0,0,0,0
WMT,WMT,2025-07-15T00:00:00.000Z,2025-07-15,22088.546573,12203.170970999015,0.000001,5.52466e-7,22088.546572,12203.17097044655,0,0,0,0,0,0,0,0,4.527233137296381e-11,0,0,0,0
WMT,WMT,2025-07-16T00:00:00.000Z,2025-07-16,22088.546573,12203.170970999015,0.000001,5.52466e-7,22088.546572,12203.17097044655,0,0,0,0,0,0,0,0,4.527233137296381e-11,0,0,0,0
WMT,WMT,2025-07-17T00:00:00.000Z,2025-07-17,22088.546573,12203.170970999015,0.000001,5.52466e-7,22088.546572,12203.17097044655,0,0,0,0,0,0,0,0,4.527233137296381e-11,0,0,0,0
WMT,WMT,2025-07-18T00:00:00.000Z,2025-07-18,22088.546573,12203.170970999015,0.000001,5.52466e-7,22088.546572,12203.17097044655,0,0,0,0,0,0,0,0,4.527233137296381e-11,0,0,0,0
WMT,WMT,2025-07-19T00:00:00.000Z,2025-07-19,22088.546573,12203.170970999015,0.000001,5.52466e-7,22088.546572,12203.17097044655,0,0,0,0,0,0,0,0,4.527233137296381e-11,0,0,0,0
WMT,WMT,2025-07-20T00:00:00.000Z,2025-07-20,22088.546573,12203.170970999015,0.000001,5.52466e-7,22088.546572,12203.17097044655,0,0,0,0,0,0,0,0,4.527233137296381e-11,0,0,0,0
WMT,WMT,2025-07-21T00:00:00.000Z,2025-07-21,22088.546573,12203.170970999015,0.000001,5.52466e-7,22088.546572,12203.17097044655,0,0,0,0,0,0,0,0,4.527233137296381e-11,0,0,0,0
WMT,WMT,2025-07-22T00:00:00.000Z,2025-07-22,22088.546573,12203.170970999015,0.000001,5.52466e-7,22088.546572,12203.17097044655,0,0,0,0,0,0,0,0,4.527233137296381e-11,0,0,0,0
WMT,WMT,2025-07-23T00:00:00.000Z,2025-07-23,22088.546573,12203.170970999015,0.000001,5.52466e-7,22088.546572,12203.17097044655,0,0,0,0,0,0,0,0,4.527233137296381e-11,0,0,0,0
WMT,WMT,2025-07-24T00:00:00.000Z,2025-07-24,22088.546573,12203.170970999015,0.000001,5.52466e-7,22088.546572,12203.17097044655,0,0,0,0,0,0,0,0,4.527233137296381e-11,0,0,0,0
WMT,WMT,2025-07-25T00:00:00.000Z,2025-07-25,22088.546573,12203.170970999015,0.000001,5.52466e-7,22088.546572,12203.17097044655,0,0,0,0,0,0,0,0,4.527233137296381e-11,0,0,0,0
WMT,WMT,2025-07-26T00:00:00.000Z,2025-07-26,22088.546573,12203.170970999015,0.000001,5.52466e-7,22088.546572,12203.17097044655,0,0,0,0,0,0,0,0,4.527233137296381e-11,0,0,0,0
WMT,WMT,2025-07-27T00:00:00.000Z,2025-07-27,22088.546573,12203.170970999015,0.000001,5.52466e-7,22088.546572,12203.17097044655,0,0,0,0,0,0,0,0,4.527233137296381e-11,0,0,0,0
WMT,WMT,2025-07-28T00:00:00.000Z,2025-07-28,22088.546573,12203.170970999015,0.000001,5.52466e-7,22088.546572,12203.17097044655,0,0,0,0,0,0,0,0,4.527233137296381e-11,0,0,0,0
WMT,WMT,2025-07-29T00:00:00.000Z,2025-07-29,22088.546573,12203.170970999015,0.000001,5.52466e-7,22088.546572,12203.17097044655,0,0,0,0,0,0,0,0,4.527233137296381e-11,0,0,0,0
WMT,WMT,2025-07-30T00:00:00.000Z,2025-07-30,22088.546573,12203.170970999015,0.000001,5.52466e-7,22088.546572,12203.17097044655,0,0,0,0,0,0,0,0,4.527233137296381e-11,0,0,0,0
WMT,WMT,2025-07-31T00:00:00.000Z,2025-07-31,22088.546573,12203.170970999015,0.000001,5.52466e-7,22088.546572,12203.17097044655,0,0,0,0,0,0,0,0,4.527233137296381e-11,0,0,0,0
WMT,WMT,2025-08-01T00:00:00.000Z,2025-08-01,22088.546573,12203.170970999015,0.000001,5.52466e-7,22088.546572,12203.17097044655,0,0,0,0,0,0,0,0,4.527233137296381e-11,0,0,0,0
WMT,WMT,2025-08-02T00:00:00.000Z,2025-08-02,22088.546573,12203.170970999015,0.000001,5.52466e-7,22088.546572,12203.17097044655,0,0,0,0,0,0,0,0,4.527233137296381e-11,0,0,0,0
WMT,WMT,2025-08-03T00:00:00.000Z,2025-08-03,22088.546573,12203.170970999015,0.000001,5.52466e-7,22088.546572,12203.17097044655,0,0,0,0,0,0,0,0,4.527233137296381e-11,0,0,0,0
WMT,WMT,2025-08-04T00:00:00.000Z,2025-08-04,22088.546573,12203.170970999015,0.000001,5.52466e-7,22088.546572,12203.17097044655,0,0,0,0,0,0,0,0,4.527233137296381e-11,0,0,0,0
WMT,WMT,2025-08-05T00:00:00.000Z,2025-08-05,22088.546573,12203.170970999015,0.000001,5.52466e-7,22088.546572,12203.17097044655,0,0,0,0,0,0,0,0,4.527233137296381e-11,0,0,0,0
WMT,WMT,2025-08-06T00:00:00.000Z,2025-08-06,22088.546573,12203.170970999015,0.000001,5.52466e-7,22088.546572,12203.17097044655,0,0,0,0,0,0,0,0,4.527233137296381e-11,0,0,0,0
WMT,WMT,2025-08-07T00:00:00.000Z,2025-08-07,22088.546573,12203.170970999015,0.000001,5.52466e-7,22088.546572,12203.17097044655,0,0,0,0,0,0,0,0,4.527233137296381e-11,0,0,0,0
WMT,WMT,2025-08-08T00:00:00.000Z,2025-08-08,22088.546573,12203.170970999015,0.000001,5.52466e-7,22088.546572,12203.17097044655,0,0,0,0,0,0,0,0,4.527233137296381e-11,0,0,0,0
WMT,WMT,2025-08-10T00:00:00.000Z,2025-08-10,22088.546573,12203.170970999015,0.000001,5.52466e-7,22088.546572,12203.17097044655,0,0,0,0,0,0,0,0,4.527233137296381e-11,0,0,0,0
WMT,WMT,2025-08-11T00:00:00.000Z,2025-08-11,22088.546573,12203.170970999015,0.000001,5.52466e-7,22088.546572,12203.17097044655,0,0,0,0,0,0,0,0,4.527233137296381e-11,0,0,0,0
WMT,WMT,2025-08-12T00:00:00.000Z,2025-08-12,22088.546573,12203.170970999015,0.000001,5.52466e-7,22088.546572,12203.17097044655,0,0,0,0,0,0,0,0,4.527233137296381e-11,0,0,0,0
WMT,WMT,2025-08-13T00:00:00.000Z,2025-08-13,22088.546573,12203.170970999015,0.000001,5.52466e-7,22088.546572,12203.17097044655,0,0,0,0,0,0,0,0,4.527233137296381e-11,0,0,0,0
WMT,WMT,2025-08-14T00:00:00.000Z,2025-08-14,22088.546573,12203.170970999015,0.000001,5.52466e-7,22088.546572,12203.17097044655,0,0,0,0,0,0,0,0,4.527233137296381e-11,0,0,0,0
WMT,WMT,2025-08-15T00:00:00.000Z,2025-08-15,22088.546573,12203.170970999015,0.000001,5.52466e-7,22088.546572,12203.17097044655,0,0,0,0,0,0,0,0,4.527233137296381e-11,0,0,0,0
WMT,WMT,2025-08-16T00:00:00.000Z,2025-08-16,22088.546573,12203.170970999015,0.000001,5.52466e-7,22088.546572,12203.17097044655,0,0,0,0,0,0,0,0,4.527233137296381e-11,0,0,0,0
WMT,WMT,2025-08-17T00:00:00.000Z,2025-08-17,22088.546573,12203.170970999015,0.000001,5.52466e-7,22088.546572,12203.17097044655,0,0,0,0,0,0,0,0,4.527233137296381e-11,0,0,0,0
WMT,WMT,2025-08-18T00:00:00.000Z,2025-08-18,22088.546573,12203.170970999015,0.000001,5.52466e-7,22088.546572,12203.17097044655,0,0,0,0,0,0,0,0,4.527233137296381e-11,0,0,0,0
WMT,WMT,2025-08-19T00:00:00.000Z,2025-08-19,22088.546573,12203.170970999015,0.000001,5.52466e-7,22088.546572,12203.17097044655,0,0,0,0,0,0,0,0,4.527233137296381e-11,0,0,0,0
WMT,WMT,2025-08-20T00:00:00.000Z,2025-08-20,22088.546573,12203.170970999015,0.000001,5.52466e-7,22088.546572,12203.17097044655,0,0,0,0,0,0,0,0,4.527233137296381e-11,0,0,0,0
WMT,WMT,2025-08-21T00:00:00.000Z,2025-08-21,22088.546573,12203.170970999015,0.000001,5.52466e-7,22088.546572,12203.17097044655,0,0,0,0,0,0,0,0,4.527233137296381e-11,0,0,0,0
WMT,WMT,2025-08-22T00:00:00.000Z,2025-08-22,22088.546573,12203.170970999015,0.000001,5.52466e-7,22088.546572,12203.17097044655,0,0,0,0,0,0,0,0,4.527233137296381e-11,0,0,0,0
WMT,WMT,2025-08-23T00:00:00.000Z,2025-08-23,22088.546573,12203.170970999015,0.000001,5.52466e-7,22088.546572,12203.17097044655,0,0,0,0,0,0,0,0,4.527233137296381e-11,0,0,0,0
WMT,WMT,2025-08-24T00:00:00.000Z,2025-08-24,22088.546573,12203.170970999015,0.000001,5.52466e-7,22088.546572,12203.17097044655,0,0,0,0,0,0,0,0,4.527233137296381e-11,0,0,0,0
WMT,WMT,2025-08-25T00:00:00.000Z,2025-08-25,22088.546573,12203.170970999015,0.000001,5.52466e-7,22088.546572,12203.17097044655,0,0,0,0,0,0,0,0,4.527233137296381e-11,0,0,0,0
WMT,WMT,2025-08-26T00:00:00.000Z,2025-08-26,22088.546573,12203.170970999015,0.000001,5.52466e-7,22088.546572,12203.17097044655,0,0,0,0,0,0,0,0,4.527233137296381e-11,0,0,0,0
WMT,WMT,2025-08-27T00:00:00.000Z,2025-08-27,22088.546573,12203.170970999015,0.000001,5.52466e-7,22088.546572,12203.17097044655,0,0,0,0,0,0,0,0,4.527233137296381e-11,0,0,0,0
WMT,WMT,2025-08-28T00:00:00.000Z,2025-08-28,22088.546573,12203.170970999015,0.000001,5.52466e-7,22088.546572,12203.17097044655,0,0,0,0,0,0,0,0,4.527233137296381e-11,0,0,0,0
WMT,WMT,2025-08-29T00:00:00.000Z,2025-08-29,22088.546573,12203.170970999015,0.000001,5.52466e-7,22088.546572,12203.17097044655,0,0,0,0,0,0,0,0,4.527233137296381e-11,0,0,0,0
WMT,WMT,2025-08-30T00:00:00.000Z,2025-08-30,22088.546573,12203.170970999015,0.000001,5.52466e-7,22088.546572,12203.17097044655,0,0,0,0,0,0,0,0,4.527233137296381e-11,0,0,0,0
WMT,WMT,2025-08-31T00:00:00.000Z,2025-08-31,22088.546573,12203.170970999015,0.000001,5.52466e-7,22088.546572,12203.17097044655,0,0,0,0,0,0,0,0,4.527233137296381e-11,0,0,0,0
WMT,WMT,2025-09-01T00:00:00.000Z,2025-09-01,22088.546573,12203.170970999015,0.000001,5.52466e-7,22088.546572,12203.17097044655,0,0,0,0,0,0,0,0,4.527233137296381e-11,0,0,0,0
WMT,WMT,2025-09-02T00:00:00.000Z,2025-09-02,22088.546573,12203.170970999015,0.000001,5.52466e-7,22088.546572,12203.17097044655,0,0,0,0,0,0,0,0,4.527233137296381e-11,0,0,0,0
WMT,WMT,2025-09-03T00:00:00.000Z,2025-09-03,22088.546573,12203.170970999015,0.000001,5.52466e-7,22088.546572,12203.17097044655,0,0,0,0,0,0,0,0,4.527233137296381e-11,0,0,0,0
WMT,WMT,2025-09-04T00:00:00.000Z,2025-09-04,22088.546573,12203.170970999015,0.000001,5.52466e-7,22088.546572,12203.17097044655,0,0,0,0,0,0,0,0,4.527233137296381e-11,0,0,0,0
WMT,WMT,2025-09-05T00:00:00.000Z,2025-09-05,22088.546573,12203.170970999015,0.000001,5.52466e-7,22088.546572,12203.17097044655,0,0,0,0,0,0,0,0,4.527233137296381e-11,0,0,0,0
WMT,WMT,2025-09-06T00:00:00.000Z,2025-09-06,22088.546573,12203.170970999015,0.000001,5.52466e-7,22088.546572,12203.17097044655,0,0,0,0,0,0,0,0,4.527233137296381e-11,0,0,0,0
WMT,WMT,2025-09-07T00:00:00.000Z,2025-09-07,22088.546573,12203.170970999015,0.000001,5.52466e-7,22088.546572,12203.17097044655,0,0,0,0,0,0,0,0,4.527233137296381e-11,0,0,0,0
WMT,WMT,2025-09-08T00:00:00.000Z,2025-09-08,21938.409436,12120.225307469176,0.000001,5.52466e-7,21938.409435,12120.22530691671,0,0,0,0,0,0,0,0,4.5582155940578e-11,0,0,0,0
WMT,WMT,2025-09-09T00:00:00.000Z,2025-09-09,21938.409436,12120.225307469176,0.000001,5.52466e-7,21938.409435,12120.22530691671,0,0,0,0,0,0,0,0,4.5582155940578e-11,0,0,0,0
WMT,WMT,2025-09-10T00:00:00.000Z,2025-09-10,21938.409436,12120.225307469176,0.000001,5.52466e-7,21938.409435,12120.22530691671,0,0,0,0,0,0,0,0,4.5582155940578e-11,0,0,0,0
WMT,WMT,2025-09-11T00:00:00.000Z,2025-09-11,21938.409436,12120.225307469176,0.000001,5.52466e-7,21938.409435,12120.22530691671,0,0,0,0,0,0,0,0,4.5582155940578e-11,0,0,0,0
WMT,WMT,2025-09-12T00:00:00.000Z,2025-09-12,21938.409436,12120.225307469176,0.000001,5.52466e-7,21938.409435,12120.22530691671,0,0,0,0,0,0,0,0,4.5582155940578e-11,0,0,0,0
WMT,WMT,2025-09-13T00:00:00.000Z,2025-09-13,21938.409436,12120.225307469176,0.000001,5.52466e-7,21938.409435,12120.22530691671,0,0,0,0,0,0,0,0,4.5582155940578e-11,0,0,0,0
WMT,WMT,2025-09-14T00:00:00.000Z,2025-09-14,21938.409436,12120.225307469176,0.000001,5.52466e-7,21938.409435,12120.22530691671,0,0,0,0,0,0,0,0,4.5582155940578e-11,0,0,0,0
WMT,WMT,2025-09-15T00:00:00.000Z,2025-09-15,21938.409436,12120.225307469176,0.000001,5.52466e-7,21938.409435,12120.22530691671,0,0,0,0,0,0,0,0,4.5582155940578e-11,0,0,0,0
WMT,WMT,2025-09-16T00:00:00.000Z,2025-09-16,21938.409436,12120.225307469176,0.000001,5.52466e-7,21938.409435,12120.22530691671,0,0,0,0,0,0,0,0,4.5582155940578e-11,0,0,0,0
WMT,WMT,2025-09-17T00:00:00.000Z,2025-09-17,21938.409436,12120.225307469176,0.000001,5.52466e-7,21938.409435,12120.22530691671,0,0,0,0,0,0,0,0,4.5582155940578e-11,0,0,0,0
WMT,WMT,2025-09-18T00:00:00.000Z,2025-09-18,21938.409436,12120.225307469176,0.000001,5.52466e-7,21938.409435,12120.22530691671,0,0,0,0,0,0,0,0,4.5582155940578e-11,0,0,0,0
WMT,WMT,2025-09-19T00:00:00.000Z,2025-09-19,21938.409436,12120.225307469176,0.000001,5.52466e-7,21938.409435,12120.22530691671,0,0,0,0,0,0,0,0,4.5582155940578e-11,0,0,0,0
WMT,WMT,2025-09-20T00:00:00.000Z,2025-09-20,21938.409436,12120.225307469176,0.000001,5.52466e-7,21938.409435,12120.22530691671,0,0,0,0,0,0,0,0,4.5582155940578e-11,0,0,0,0
WMT,WMT,2025-09-21T00:00:00.000Z,2025-09-21,21938.409436,12120.225307469176,0.000001,5.52466e-7,21938.409435,12120.22530691671,0,0,0,0,0,0,0,0,4.5582155940578e-11,0,0,0,0
WMT,WMT,2025-09-22T00:00:00.000Z,2025-09-22,21938.409436,12120.225307469176,0.000001,5.52466e-7,21938.409435,12120.22530691671,0,0,0,0,0,0,0,0,4.5582155940578e-11,0,0,0,0
WMT,WMT,2025-09-23T00:00:00.000Z,2025-09-23,21938.409436,12120.225307469176,0.000001,5.52466e-7,21938.409435,12120.22530691671,0,0,0,0,0,0,0,0,4.5582155940578e-11,0,0,0,0
WMT,WMT,2025-09-24T00:00:00.000Z,2025-09-24,21938.409436,12120.225307469176,0.000001,5.52466e-7,21938.409435,12120.22530691671,0,0,0,0,0,0,0,0,4.5582155940578e-11,0,0,0,0
WMT,WMT,2025-09-25T00:00:00.000Z,2025-09-25,21938.409436,12120.225307469176,0.000001,5.52466e-7,21938.409435,12120.22530691671,0,0,0,0,0,0,0,0,4.5582155940578e-11,0,0,0,0
WMT,WMT,2025-09-26T00:00:00.000Z,2025-09-26,21938.409436,12120.225307469176,0.000001,5.52466e-7,21938.409435,12120.22530691671,0,0,0,0,0,0,0,0,4.5582155940578e-11,0,0,0,0
WMT,WMT,2025-09-27T00:00:00.000Z,2025-09-27,21938.409436,12120.225307469176,0.000001,5.52466e-7,21938.409435,12120.22530691671,0,0,0,0,0,0,0,0,4.5582155940578e-11,0,0,0,0
WMT,WMT,2025-09-28T00:00:00.000Z,2025-09-28,21938.409436,12120.225307469176,0.000001,5.52466e-7,21938.409435,12120.22530691671,0,0,0,0,0,0,0,0,4.5582155940578e-11,0,0,0,0
WMT,WMT,2025-09-29T00:00:00.000Z,2025-09-29,21938.409436,12120.225307469176,0.000001,5.52466e-7,21938.409435,12120.22530691671,0,0,0,0,0,0,0,0,4.5582155940578e-11,0,0,0,0
WMT,WMT,2025-09-30T00:00:00.000Z,2025-09-30,21938.409436,12120.225307469176,0.000001,5.52466e-7,21938.409435,12120.22530691671,0,0,0,0,0,0,0,0,4.5582155940578e-11,0,0,0,0
WMT,WMT,2025-10-01T00:00:00.000Z,2025-10-01,21938.409436,12120.225307469176,0.000001,5.52466e-7,21938.409435,12120.22530691671,0,0,0,0,0,0,0,0,4.5582155940578e-11,0,0,0,0
WMT,WMT,2025-10-02T00:00:00.000Z,2025-10-02,21938.409436,12120.225307469176,0.000001,5.52466e-7,21938.409435,12120.22530691671,0,0,0,0,0,0,0,0,4.5582155940578e-11,0,0,0,0
WMT,WMT,2025-10-03T00:00:00.000Z,2025-10-03,21938.409436,12120.225307469176,0.000001,5.52466e-7,21938.409435,12120.22530691671,0,0,0,0,0,0,0,0,4.5582155940578e-11,0,0,0,0
WMT,WMT,2025-10-04T00:00:00.000Z,2025-10-04,21938.409436,12120.225307469176,0.000001,5.52466e-7,21938.409435,12120.22530691671,0,0,0,0,0,0,0,0,4.5582155940578e-11,0,0,0,0
WMT,WMT,2025-10-05T00:00:00.000Z,2025-10-05,21938.409436,12120.225307469176,0.000001,5.52466e-7,21938.409435,12120.22530691671,0,0,0,0,0,0,0,0,4.5582155940578e-11,0,0,0,0
WMT,WMT,2025-10-06T00:00:00.000Z,2025-10-06,21938.409436,12120.225307469176,0.000001,5.52466e-7,21938.409435,12120.22530691671,0,0,0,0,0,0,0,0,4.5582155940578e-11,0,0,0,0
WMT,WMT,2025-10-07T00:00:00.000Z,2025-10-07,21938.409436,12120.225307469176,0.000001,5.52466e-7,21938.409435,12120.22530691671,0,0,0,0,0,0,0,0,4.5582155940578e-11,0,0,0,0
WMT,WMT,2025-10-08T00:00:00.000Z,2025-10-08,21938.409436,12120.225307469176,0.000001,5.52466e-7,21938.409435,12120.22530691671,0,0,0,0,0,0,0,0,4.5582155940578e-11,0,0,0,0
WMT,WMT,2025-10-09T00:00:00.000Z,2025-10-09,21938.409436,12120.225307469176,0.000001,5.52466e-7,21938.409435,12120.22530691671,0,0,0,0,0,0,0,0,4.5582155940578e-11,0,0,0,0
WMT,WMT,2025-10-10T00:00:00.000Z,2025-10-10,21938.409436,12120.225307469176,0.000001,5.52466e-7,21938.409435,12120.22530691671,0,0,0,0,0,0,0,0,4.5582155940578e-11,0,0,0,0
WMT,WMT,2025-10-11T00:00:00.000Z,2025-10-11,21938.409436,12120.225307469176,0.000001,5.52466e-7,21938.409435,12120.22530691671,0,0,0,0,0,0,0,0,4.5582155940578e-11,0,0,0,0
WMT,WMT,2025-10-12T00:00:00.000Z,2025-10-12,21938.409436,12120.225307469176,0.000001,5.52466e-7,21938.409435,12120.22530691671,0,0,0,0,0,0,0,0,4.5582155940578e-11,0,0,0,0
WMT,WMT,2025-10-13T00:00:00.000Z,2025-10-13,21938.409436,12120.225307469176,0.000001,5.52466e-7,21938.409435,12120.22530691671,0,0,0,0,0,0,0,0,4.5582155940578e-11,0,0,0,0
WMT,WMT,2025-10-14T00:00:00.000Z,2025-10-14,21938.409436,12120.225307469176,0.000001,5.52466e-7,21938.409435,12120.22530691671,0,0,0,0,0,0,0,0,4.5582155940578e-11,0,0,0,0
WMT,WMT,2025-10-15T00:00:00.000Z,2025-10-15,21938.409436,12120.225307469176,0.000001,5.52466e-7,21938.409435,12120.22530691671,0,0,0,0,0,0,0,0,4.5582155940578e-11,0,0,0,0
WMT,WMT,2025-10-16T00:00:00.000Z,2025-10-16,21938.409436,12120.225307469176,0.000001,5.52466e-7,21938.409435,12120.22530691671,0,0,0,0,0,0,0,0,4.5582155940578e-11,0,0,0,0
WMT,WMT,2025-10-17T00:00:00.000Z,2025-10-17,21938.409436,12120.225307469176,0.000001,5.52466e-7,21938.409435,12120.22530691671,0,0,0,0,0,0,0,0,4.5582155940578e-11,0,0,0,0
WMT,WMT,2025-10-18T00:00:00.000Z,2025-10-18,21938.409436,12120.225307469176,0.000001,5.52466e-7,21938.409435,12120.22530691671,0,0,0,0,0,0,0,0,4.5582155940578e-11,0,0,0,0
WMT,WMT,2025-10-19T00:00:00.000Z,2025-10-19,21938.409436,12120.225307469176,0.000001,5.52466e-7,21938.409435,12120.22530691671,0,0,0,0,0,0,0,0,4.5582155940578e-11,0,0,0,0
WMT,WMT,2025-10-20T00:00:00.000Z,2025-10-20,21938.409436,12120.225307469176,0.000001,5.52466e-7,21938.409435,12120.22530691671,0,0,0,0,0,0,0,0,4.5582155940578e-11,0,0,0,0
WMT,WMT,2025-10-21T00:00:00.000Z,2025-10-21,21938.409436,12120.225307469176,0.000001,5.52466e-7,21938.409435,12120.22530691671,0,0,0,0,0,0,0,0,4.5582155940578e-11,0,0,0,0
WMT,WMT,2025-10-22T00:00:00.000Z,2025-10-22,21938.409436,12120.225307469176,0.000001,5.52466e-7,21938.409435,12120.22530691671,0,0,0,0,0,0,0,0,4.5582155940578e-11,0,0,0,0
WMT,WMT,2025-10-23T00:00:00.000Z,2025-10-23,21938.409436,12120.225307469176,0.000001,5.52466e-7,21938.409435,12120.22530691671,0,0,0,0,0,0,0,0,4.5582155940578e-11,0,0,0,0
WMT,WMT,2025-10-24T00:00:00.000Z,2025-10-24,21938.409436,12120.225307469176,0.000001,5.52466e-7,21938.409435,12120.22530691671,0,0,0,0,0,0,0,0,4.5582155940578e-11,0,0,0,0
WMT,WMT,2025-10-25T00:00:00.000Z,2025-10-25,21938.409436,12120.225307469176,0.000001,5.52466e-7,21938.409435,12120.22530691671,0,0,0,0,0,0,0,0,4.5582155940578e-11,0,0,0,0
WMT,WMT,2025-10-26T00:00:00.000Z,2025-10-26,21938.409436,12120.225307469176,0.000001,5.52466e-7,21938.409435,12120.22530691671,0,0,0,0,0,0,0,0,4.5582155940578e-11,0,0,0,0
WMT,WMT,2025-10-27T00:00:00.000Z,2025-10-27,21938.409436,12120.225307469176,0.000001,5.52466e-7,21938.409435,12120.22530691671,0,0,0,0,0,0,0,0,4.5582155940578e-11,0,0,0,0
WMT,WMT,2025-10-28T00:00:00.000Z,2025-10-28,21938.409436,12120.225307469176,0.000001,5.52466e-7,21938.409435,12120.22530691671,0,0,0,0,0,0,0,0,4.5582155940578e-11,0,0,0,0
WMT,WMT,2025-10-29T00:00:00.000Z,2025-10-29,21938.409436,12120.225307469176,0.000001,5.52466e-7,21938.409435,12120.22530691671,0,0,0,0,0,0,0,0,4.5582155940578e-11,0,0,0,0
WMT,WMT,2025-10-30T00:00:00.000Z,2025-10-30,21938.409436,12120.225307469176,0.000001,5.52466e-7,21938.409435,12120.22530691671,0,0,0,0,0,0,0,0,4.5582155940578e-11,0,0,0,0
WMT,WMT,2025-10-31T00:00:00.000Z,2025-10-31,21938.409436,12120.225307469176,0.000001,5.52466e-7,21938.409435,12120.22530691671,0,0,0,0,0,0,0,0,4.5582155940578e-11,0,0,0,0
WMT,WMT,2025-11-01T00:00:00.000Z,2025-11-01,21938.409436,12120.225307469176,0.000001,5.52466e-7,21938.409435,12120.22530691671,0,0,0,0,0,0,0,0,4.5582155940578e-11,0,0,0,0
WMT,WMT,2025-11-02T00:00:00.000Z,2025-11-02,21938.409436,12120.225307469176,0.000001,5.52466e-7,21938.409435,12120.22530691671,0,0,0,0,0,0,0,0,4.5582155940578e-11,0,0,0,0
WMT,WMT,2025-11-03T00:00:00.000Z,2025-11-03,21938.409436,12120.225307469176,0.000001,5.52466e-7,21938.409435,12120.22530691671,0,0,0,0,0,0,0,0,4.5582155940578e-11,0,0,0,0
WMT,WMT,2025-11-04T00:00:00.000Z,2025-11-04,21938.409436,12120.225307469176,0.000001,5.52466e-7,21938.409435,12120.22530691671,0,0,0,0,0,0,0,0,4.5582155940578e-11,0,0,0,0
WMT,WMT,2025-11-05T00:00:00.000Z,2025-11-05,21938.409436,12120.225307469176,0.000001,5.52466e-7,21938.409435,12120.22530691671,0,0,0,0,0,0,0,0,4.5582155940578e-11,0,0,0,0
WMT,WMT,2025-11-06T00:00:00.000Z,2025-11-06,21938.409436,12120.225307469176,0.000001,5.52466e-7,21938.409435,12120.22530691671,0,0,0,0,0,0,0,0,4.5582155940578e-11,0,0,0,0
WMT,WMT,2025-11-07T00:00:00.000Z,2025-11-07,21938.409436,12120.225307469176,0.000001,5.52466e-7,21938.409435,12120.22530691671,0,0,0,0,0,0,0,0,4.5582155940578e-11,0,0,0,0
WMT,WMT,2025-11-08T00:00:00.000Z,2025-11-08,21938.409436,12120.225307469176,0.000001,5.52466e-7,21938.409435,12120.22530691671,0,0,0,0,0,0,0,0,4.5582155940578e-11,0,0,0,0
WMT,WMT,2025-11-10T00:00:00.000Z,2025-11-10,21938.409436,12120.225307469176,0.000001,5.52466e-7,21938.409435,12120.22530691671,0,0,0,0,0,0,0,0,4.5582155940578e-11,0,0,0,0
WMT,WMT,2025-11-11T00:00:00.000Z,2025-11-11,21938.409436,12120.225307469176,0.000001,5.52466e-7,21938.409435,12120.22530691671,0,0,0,0,0,0,0,0,4.5582155940578e-11,0,0,0,0
WMT,WMT,2025-11-12T00:00:00.000Z,2025-11-12,21938.409436,12120.225307469176,0.000001,5.52466e-7,21938.409435,12120.22530691671,0,0,0,0,0,0,0,0,4.5582155940578e-11,0,0,0,0
WMT,WMT,2025-11-13T00:00:00.000Z,2025-11-13,21938.409436,12120.225307469176,0.000001,5.52466e-7,21938.409435,12120.22530691671,0,0,0,0,0,0,0,0,4.5582155940578e-11,0,0,0,0
WMT,WMT,2025-11-14T00:00:00.000Z,2025-11-14,21938.409436,12120.225307469176,0.000001,5.52466e-7,21938.409435,12120.22530691671,0,0,0,0,0,0,0,0,4.5582155940578e-11,0,0,0,0
WMT,WMT,2025-11-15T00:00:00.000Z,2025-11-15,21938.409436,12120.225307469176,0.000001,5.52466e-7,21938.409435,12120.22530691671,0,0,0,0,0,0,0,0,4.5582155940578e-11,0,0,0,0
WMT,WMT,2025-11-16T00:00:00.000Z,2025-11-16,21938.409436,12120.225307469176,0.000001,5.52466e-7,21938.409435,12120.22530691671,0,0,0,0,0,0,0,0,4.5582155940578e-11,0,0,0,0
WMT,WMT,2025-11-17T00:00:00.000Z,2025-11-17,21938.409436,12120.225307469176,0.000001,5.52466e-7,21938.409435,12120.22530691671,0,0,0,0,0,0,0,0,4.5582155940578e-11,0,0,0,0
WMT,WMT,2025-11-18T00:00:00.000Z,2025-11-18,21938.409436,12120.225307469176,0.000001,5.52466e-7,21938.409435,12120.22530691671,0,0,0,0,0,0,0,0,4.5582155940578e-11,0,0,0,0
WMT,WMT,2025-11-19T00:00:00.000Z,2025-11-19,21938.409436,12120.225307469176,0.000001,5.52466e-7,21938.409435,12120.22530691671,0,0,0,0,0,0,0,0,4.5582155940578e-11,0,0,0,0
WMT,WMT,2025-11-20T00:00:00.000Z,2025-11-20,21938.409436,12120.225307469176,0.000001,5.52466e-7,21938.409435,12120.22530691671,0,0,0,0,0,0,0,0,4.5582155940578e-11,0,0,0,0
WMT,WMT,2025-11-21T00:00:00.000Z,2025-11-21,21938.409436,12120.225307469176,0.000001,5.52466e-7,21938.409435,12120.22530691671,0,0,0,0,0,0,0,0,4.5582155940578e-11,0,0,0,0
WMT,WMT,2025-11-22T00:00:00.000Z,2025-11-22,21938.409436,12120.225307469176,0.000001,5.52466e-7,21938.409435,12120.22530691671,0,0,0,0,0,0,0,0,4.5582155940578e-11,0,0,0,0
WMT,WMT,2025-11-23T00:00:00.000Z,2025-11-23,21938.409436,12120.225307469176,0.000001,5.52466e-7,21938.409435,12120.22530691671,0,0,0,0,0,0,0,0,4.5582155940578e-11,0,0,0,0
WMT,WMT,2025-11-24T00:00:00.000Z,2025-11-24,21938.409436,12120.225307469176,0.000001,5.52466e-7,21938.409435,12120.22530691671,0,0,0,0,0,0,0,0,4.5582155940578e-11,0,0,0,0
WMT,WMT,2025-11-25T00:00:00.000Z,2025-11-25,21938.409436,12120.225307469176,0.000001,5.52466e-7,21938.409435,12120.22530691671,0,0,0,0,0,0,0,0,4.5582155940578e-11,0,0,0,0
WMT,WMT,2025-11-26T00:00:00.000Z,2025-11-26,21938.409436,12120.225307469176,0.000001,5.52466e-7,21938.409435,12120.22530691671,0,0,0,0,0,0,0,0,4.5582155940578e-11,0,0,0,0
WMT,WMT,2025-11-27T00:00:00.000Z,2025-11-27,21938.473436,12120.260665293175,0.000001,5.52466e-7,21938.473435,12120.26066474071,0,0,0,0,0,0,0,0,4.558202296605775e-11,0,0,0,0
WMT,WMT,2025-11-28T00:00:00.000Z,2025-11-28,21938.473436,12120.260665293175,0.000001,5.52466e-7,21938.473435,12120.26066474071,0,0,0,0,0,0,0,0,4.558202296605775e-11,0,0,0,0
WMT,WMT,2025-11-29T00:00:00.000Z,2025-11-29,21938.473436,12120.260665293175,0.000001,5.52466e-7,21938.473435,12120.26066474071,0,0,0,0,0,0,0,0,4.558202296605775e-11,0,0,0,0
WMT,WMT,2025-11-30T00:00:00.000Z,2025-11-30,21938.473436,12120.260665293175,0.000001,5.52466e-7,21938.473435,12120.26066474071,0,0,0,0,0,0,0,0,4.558202296605775e-11,0,0,0,0
WMT,WMT,2025-12-01T00:00:00.000Z,2025-12-01,21938.473436,12120.260665293175,0.000001,5.52466e-7,21938.473435,12120.26066474071,0,0,0,0,0,0,0,0,4.558202296605775e-11,0,0,0,0
WMT,WMT,2025-12-02T00:00:00.000Z,2025-12-02,21938.473436,12120.260665293175,0.000001,5.52466e-7,21938.473435,12120.26066474071,0,0,0,0,0,0,0,0,4.558202296605775e-11,0,0,0,0
WMT,WMT,2025-12-03T00:00:00.000Z,2025-12-03,21938.473436,12120.260665293175,0.000001,5.52466e-7,21938.473435,12120.26066474071,0,0,0,0,0,0,0,0,4.558202296605775e-11,0,0,0,0
WMT,WMT,2025-12-04T00:00:00.000Z,2025-12-04,21938.473436,12120.260665293175,0.000001,5.52466e-7,21938.473435,12120.26066474071,0,0,0,0,0,0,0,0,4.558202296605775e-11,0,0,0,0
WMT,WMT,2025-12-05T00:00:00.000Z,2025-12-05,21938.473436,12120.260665293175,0.000001,5.52466e-7,21938.473435,12120.26066474071,0,0,0,0,0,0,0,0,4.558202296605775e-11,0,0,0,0
WMT,WMT,2025-12-06T00:00:00.000Z,2025-12-06,21938.473436,12120.260665293175,0.000001,5.52466e-7,21938.473435,12120.26066474071,0,0,0,0,0,0,0,0,4.558202296605775e-11,0,0,0,0
WMT,WMT,2025-12-07T00:00:00.000Z,2025-12-07,21938.473436,12120.260665293175,0.000001,5.52466e-7,21938.473435,12120.26066474071,0,0,0,0,0,0,0,0,4.558202296605775e-11,0,0,0,0
WMT,WMT,2025-12-08T00:00:00.000Z,2025-12-08,21938.473436,12120.260665293175,0.000001,5.52466e-7,21938.473435,12120.26066474071,0,0,0,0,0,0,0,0,4.558202296605775e-11,0,0,0,0
WMT,WMT,2025-12-09T00:00:00.000Z,2025-12-09,21938.473436,12120.260665293175,0.000001,5.52466e-7,21938.473435,12120.26066474071,0,0,0,0,0,0,0,0,4.558202296605775e-11,0,0,0,0
WMT,WMT,2025-12-10T00:00:00.000Z,2025-12-10,21938.473436,12120.260665293175,0.000001,5.52466e-7,21938.473435,12120.26066474071,0,0,0,0,0,0,0,0,4.558202296605775e-11,0,0,0,0
WMT,WMT,2025-12-11T00:00:00.000Z,2025-12-11,21938.473436,12120.260665293175,0.000001,5.52466e-7,21938.473435,12120.26066474071,0,0,0,0,0,0,0,0,4.558202296605775e-11,0,0,0,0
WMT,WMT,2025-12-12T00:00:00.000Z,2025-12-12,21938.473436,12120.260665293175,0.000001,5.52466e-7,21938.473435,12120.26066474071,0,0,0,0,0,0,0,0,4.558202296605775e-11,0,0,0,0
WMT,WMT,2025-12-13T00:00:00.000Z,2025-12-13,21938.473436,12120.260665293175,0.000001,5.52466e-7,21938.473435,12120.26066474071,0,0,0,0,0,0,0,0,4.558202296605775e-11,0,0,0,0
WMT,WMT,2025-12-14T00:00:00.000Z,2025-12-14,21938.473436,12120.260665293175,0.000001,5.52466e-7,21938.473435,12120.26066474071,0,0,0,0,0,0,0,0,4.558202296605775e-11,0,0,0,0
WMT,WMT,2025-12-15T00:00:00.000Z,2025-12-15,21938.473436,12120.260665293175,0.000001,5.52466e-7,21938.473435,12120.26066474071,0,0,0,0,0,0,0,0,4.558202296605775e-11,0,0,0,0
WMT,WMT,2025-12-16T00:00:00.000Z,2025-12-16,21938.473436,12120.260665293175,0.000001,5.52466e-7,21938.473435,12120.26066474071,0,0,0,0,0,0,0,0,4.558202296605775e-11,0,0,0,0
WMT,WMT,2025-12-17T00:00:00.000Z,2025-12-17,21938.473436,12120.260665293175,0.000001,5.52466e-7,21938.473435,12120.26066474071,0,0,0,0,0,0,0,0,4.558202296605775e-11,0,0,0,0
WMT,WMT,2025-12-18T00:00:00.000Z,2025-12-18,21938.473436,12120.260665293175,0.000001,5.52466e-7,21938.473435,12120.26066474071,0,0,0,0,0,0,0,0,4.558202296605775e-11,0,0,0,0
WMT,WMT,2025-12-19T00:00:00.000Z,2025-12-19,21938.473436,12120.260665293175,0.000001,5.52466e-7,21938.473435,12120.26066474071,0,0,0,0,0,0,0,0,4.558202296605775e-11,0,0,0,0
WMT,WMT,2025-12-20T00:00:00.000Z,2025-12-20,21938.473436,12120.260665293175,0.000001,5.52466e-7,21938.473435,12120.26066474071,0,0,0,0,0,0,0,0,4.558202296605775e-11,0,0,0,0
WMT,WMT,2025-12-21T00:00:00.000Z,2025-12-21,21938.473436,12120.260665293175,0.000001,5.52466e-7,21938.473435,12120.26066474071,0,0,0,0,0,0,0,0,4.558202296605775e-11,0,0,0,0
WMT,WMT,2025-12-22T00:00:00.000Z,2025-12-22,21938.473436,12120.260665293175,0.000001,5.52466e-7,21938.473435,12120.26066474071,0,0,0,0,0,0,0,0,4.558202296605775e-11,0,0,0,0
WMT,WMT,2025-12-23T00:00:00.000Z,2025-12-23,21938.473436,12120.260665293175,0.000001,5.52466e-7,21938.473435,12120.26066474071,0,0,0,0,0,0,0,0,4.558202296605775e-11,0,0,0,0
WMT,WMT,2025-12-24T00:00:00.000Z,2025-12-24,21938.473436,12120.260665293175,0.000001,5.52466e-7,21938.473435,12120.26066474071,0,0,0,0,0,0,0,0,4.558202296605775e-11,0,0,0,0
WMT,WMT,2025-12-25T00:00:00.000Z,2025-12-25,21938.473436,12120.260665293175,0.000001,5.52466e-7,21938.473435,12120.26066474071,0,0,0,0,0,0,0,0,4.558202296605775e-11,0,0,0,0
WMT,WMT,2025-12-26T00:00:00.000Z,2025-12-26,21938.473436,12120.260665293175,0.000001,5.52466e-7,21938.473435,12120.26066474071,0,0,0,0,0,0,0,0,4.558202296605775e-11,0,0,0,0
WMT,WMT,2025-12-27T00:00:00.000Z,2025-12-27,21938.473436,12120.260665293175,0.000001,5.52466e-7,21938.473435,12120.26066474071,0,0,0,0,0,0,0,0,4.558202296605775e-11,0,0,0,0
WMT,WMT,2025-12-28T00:00:00.000Z,2025-12-28,21938.473436,12120.260665293175,0.000001,5.52466e-7,21938.473435,12120.26066474071,0,0,0,0,0,0,0,0,4.558202296605775e-11,0,0,0,0
WMT,WMT,2025-12-29T00:00:00.000Z,2025-12-29,21938.473436,12120.260665293175,0.000001,5.52466e-7,21938.473435,12120.26066474071,0,0,0,0,0,0,0,0,4.558202296605775e-11,0,0,0,0
WMT,WMT,2025-12-30T00:00:00.000Z,2025-12-30,21938.473436,12120.260665293175,0.000001,5.52466e-7,21938.473435,12120.26066474071,0,0,0,0,0,0,0,0,4.558202296605775e-11,0,0,0,0
WMT,WMT,2025-12-31T00:00:00.000Z,2025-12-31,21938.473436,12120.260665293175,0.000001,5.52466e-7,21938.473435,12120.26066474071,0,0,0,0,0,0,0,0,4.558202296605775e-11,0,0,0,0
WMT,WMT,2026-01-01T00:00:00.000Z,2026-01-01,21938.473436,12120.260665293175,0.000001,5.52466e-7,21938.473435,12120.26066474071,0,0,0,0,0,0,0,0,4.558202296605775e-11,0,0,0,0
WMT,WMT,2026-01-02T00:00:00.000Z,2026-01-02,21938.473436,12120.260665293175,0.000001,5.52466e-7,21938.473435,12120.26066474071,0,0,0,0,0,0,0,0,4.558202296605775e-11,0,0,0,0
WMT,WMT,2026-01-03T00:00:00.000Z,2026-01-03,21938.473436,12120.260665293175,0.000001,5.52466e-7,21938.473435,12120.26066474071,0,0,0,0,0,0,0,0,4.558202296605775e-11,0,0,0,0
WMT,WMT,2026-01-04T00:00:00.000Z,2026-01-04,21938.473436,12120.260665293175,0.000001,5.52466e-7,21938.473435,12120.26066474071,0,0,0,0,0,0,0,0,4.558202296605775e-11,0,0,0,0
WMT,WMT,2026-01-05T00:00:00.000Z,2026-01-05,21938.473436,12120.260665293175,0.000001,5.52466e-7,21938.473435,12120.26066474071,0,0,0,0,0,0,0,0,4.558202296605775e-11,0,0,0,0
WMT,WMT,2026-01-06T00:00:00.000Z,2026-01-06,21938.473436,12120.260665293175,0.000001,5.52466e-7,21938.473435,12120.26066474071,0,0,0,0,0,0,0,0,4.558202296605775e-11,0,0,0,0
WMT,WMT,2026-01-07T00:00:00.000Z,2026-01-07,21938.473436,12120.260665293175,0.000001,5.52466e-7,21938.473435,12120.26066474071,0,0,0,0,0,0,0,0,4.558202296605775e-11,0,0,0,0
WMT,WMT,2026-01-08T00:00:00.000Z,2026-01-08,21938.473436,12120.260665293175,0.000001,5.52466e-7,21938.473435,12120.26066474071,0,0,0,0,0,0,0,0,4.558202296605775e-11,0,0,0,0
WMT,WMT,2026-01-09T00:00:00.000Z,2026-01-09,21938.473436,12120.260665293175,0.000001,5.52466e-7,21938.473435,12120.26066474071,0,0,0,0,0,0,0,0,4.558202296605775e-11,0,0,0,0
WMT,WMT,2026-01-10T00:00:00.000Z,2026-01-10,21938.473436,12120.260665293175,0.000001,5.52466e-7,21938.473435,12120.26066474071,0,0,0,0,0,0,0,0,4.558202296605775e-11,0,0,0,0
WMT,WMT,2026-01-11T00:00:00.000Z,2026-01-11,21938.473436,12120.260665293175,0.000001,5.52466e-7,21938.473435,12120.26066474071,0,0,0,0,0,0,0,0,4.558202296605775e-11,0,0,0,0
WMT,WMT,2026-01-12T00:00:00.000Z,2026-01-12,21938.473436,12120.260665293175,0.000001,5.52466e-7,21938.473435,12120.26066474071,0,0,0,0,0,0,0,0,4.558202296605775e-11,0,0,0,0
WMT,WMT,2026-01-13T00:00:00.000Z,2026-01-13,21938.473436,12120.260665293175,0.000001,5.52466e-7,21938.473435,12120.26066474071,0,0,0,0,0,0,0,0,4.558202296605775e-11,0,0,0,0
WMT,WMT,2026-01-14T00:00:00.000Z,2026-01-14,21938.473436,12120.260665293175,0.000001,5.52466e-7,21938.473435,12120.26066474071,0,0,0,0,0,0,0,0,4.558202296605775e-11,0,0,0,0
WMT,WMT,2026-01-15T00:00:00.000Z,2026-01-15,21938.473436,12120.260665293175,0.000001,5.52466e-7,21938.473435,12120.26066474071,0,0,0,0,0,0,0,0,4.558202296605775e-11,0,0,0,0
WMT,WMT,2026-01-16T00:00:00.000Z,2026-01-16,21938.473436,12120.260665293175,0.000001,5.52466e-7,21938.473435,12120.26066474071,0,0,0,0,0,0,0,0,4.558202296605775e-11,0,0,0,0
WMT,WMT,2026-01-17T00:00:00.000Z,2026-01-17,21938.473436,12120.260665293175,0.000001,5.52466e-7,21938.473435,12120.26066474071,0,0,0,0,0,0,0,0,4.558202296605775e-11,0,0,0,0
WMT,WMT,2026-01-18T00:00:00.000Z,2026-01-18,21938.473436,12120.260665293175,0.000001,5.52466e-7,21938.473435,12120.26066474071,0,0,0,0,0,0,0,0,4.558202296605775e-11,0,0,0,0
WMT,WMT,2026-01-19T00:00:00.000Z,2026-01-19,21938.473436,12120.260665293175,0.000001,5.52466e-7,21938.473435,12120.26066474071,0,0,0,0,0,0,0,0,4.558202296605775e-11,0,0,0,0
WMT,WMT,2026-01-20T00:00:00.000Z,2026-01-20,21938.473436,12120.260665293175,0.000001,5.52466e-7,21938.473435,12120.26066474071,0,0,0,0,0,0,0,0,4.558202296605775e-11,0,0,0,0
WMT,WMT,2026-01-21T00:00:00.000Z,2026-01-21,21938.473436,12120.260665293175,0.000001,5.52466e-7,21938.473435,12120.26066474071,0,0,0,0,0,0,0,0,4.558202296605775e-11,0,0,0,0
WMT,WMT,2026-01-22T00:00:00.000Z,2026-01-22,21938.473436,12120.260665293175,0.000001,5.52466e-7,21938.473435,12120.26066474071,0,0,0,0,0,0,0,0,4.558202296605775e-11,0,0,0,0
WMT,WMT,2026-01-23T00:00:00.000Z,2026-01-23,21938.473436,12120.260665293175,0.000001,5.52466e-7,21938.473435,12120.26066474071,0,0,0,0,0,0,0,0,4.558202296605775e-11,0,0,0,0
WMT,WMT,2026-01-24T00:00:00.000Z,2026-01-24,21938.473436,12120.260665293175,0.000001,5.52466e-7,21938.473435,12120.26066474071,0,0,0,0,0,0,0,0,4.558202296605775e-11,0,0,0,0
WMT,WMT,2026-01-25T00:00:00.000Z,2026-01-25,21938.473436,12120.260665293175,0.000001,5.52466e-7,21938.473435,12120.26066474071,0,0,0,0,0,0,0,0,4.558202296605775e-11,0,0,0,0
WMT,WMT,2026-01-26T00:00:00.000Z,2026-01-26,21938.473436,12120.260665293175,0.000001,5.52466e-7,21938.473435,12120.26066474071,0,0,0,0,0,0,0,0,4.558202296605775e-11,0,0,0,0
WMT,WMT,2026-01-27T00:00:00.000Z,2026-01-27,21938.473436,12120.260665293175,0.000001,5.52466e-7,21938.473435,12120.26066474071,0,0,0,0,0,0,0,0,4.558202296605775e-11,0,0,0,0
WMT,WMT,2026-01-28T00:00:00.000Z,2026-01-28,21938.473436,12120.260665293175,0.000001,5.52466e-7,21938.473435,12120.26066474071,0,0,0,0,0,0,0,0,4.558202296605775e-11,0,0,0,0
WMT,WMT,2026-01-29T00:00:00.000Z,2026-01-29,21938.473436,12120.260665293175,0.000001,5.52466e-7,21938.473435,12120.26066474071,0,0,0,0,0,0,0,0,4.558202296605775e-11,0,0,0,0
WMT,WMT,2026-01-30T00:00:00.000Z,2026-01-30,21938.473436,12120.260665293175,0.000001,5.52466e-7,21938.473435,12120.26066474071,0,0,0,0,0,0,0,0,4.558202296605775e-11,0,0,0,0
WMT,WMT,2026-01-31T00:00:00.000Z,2026-01-31,21938.473436,12120.260665293175,0.000001,5.52466e-7,21938.473435,12120.26066474071,0,0,0,0,0,0,0,0,4.558202296605775e-11,0,0,0,0
WMT,WMT,2026-02-01T00:00:00.000Z,2026-02-01,21938.473436,12120.260665293175,0.000001,5.52466e-7,21938.473435,12120.26066474071,0,0,0,0,0,0,0,0,4.558202296605775e-11,0,0,0,0
WMT,WMT,2026-02-02T00:00:00.000Z,2026-02-02,21938.473436,12120.260665293175,0.000001,5.52466e-7,21938.473435,12120.26066474071,0,0,0,0,0,0,0,0,4.558202296605775e-11,0,0,0,0
WMT,WMT,2026-02-03T00:00:00.000Z,2026-02-03,21938.473436,12120.260665293175,0.000001,5.52466e-7,21938.473435,12120.26066474071,0,0,0,0,0,0,0,0,4.558202296605775e-11,0,0,0,0
WMT,WMT,2026-02-04T00:00:00.000Z,2026-02-04,21938.473436,12120.260665293175,0.000001,5.52466e-7,21938.473435,12120.26066474071,0,0,0,0,0,0,0,0,4.558202296605775e-11,0,0,0,0
WMT,WMT,2026-02-05T00:00:00.000Z,2026-02-05,21938.473436,12120.260665293175,0.000001,5.52466e-7,21938.473435,12120.26066474071,0,0,0,0,0,0,0,0,4.558202296605775e-11,0,0,0,0
WMT,WMT,2026-02-06T00:00:00.000Z,2026-02-06,21938.473436,12120.260665293175,0.000001,5.52466e-7,21938.473435,12120.26066474071,0,0,0,0,0,0,0,0,4.558202296605775e-11,0,0,0,0
WMT,WMT,2026-02-07T00:00:00.000Z,2026-02-07,21938.473436,12120.260665293175,0.000001,5.52466e-7,21938.473435,12120.26066474071,0,0,0,0,0,0,0,0,4.558202296605775e-11,0,0,0,0
WMT,WMT,2026-02-08T00:00:00.000Z,2026-02-08,21938.473436,12120.260665293175,0.000001,5.52466e-7,21938.473435,12120.26066474071,0,0,0,0,0,0,0,0,4.558202296605775e-11,0,0,0,0
WMT,WMT,2026-02-10T00:00:00.000Z,2026-02-10,21938.473436,12120.260665293175,0.000001,5.52466e-7,21938.473435,12120.26066474071,0,0,0,0,0,0,0,0,4.558202296605775e-11,0,0,0,0
WMT,WMT,2026-02-11T00:00:00.000Z,2026-02-11,21938.473436,12120.260665293175,0.000001,5.52466e-7,21938.473435,12120.26066474071,0,0,0,0,0,0,0,0,4.558202296605775e-11,0,0,0,0
WMT,WMT,2026-02-12T00:00:00.000Z,2026-02-12,21938.473436,12120.260665293175,0.000001,5.52466e-7,21938.473435,12120.26066474071,0,0,0,0,0,0,0,0,4.558202296605775e-11,0,0,0,0
WMT,WMT,2026-02-13T00:00:00.000Z,2026-02-13,21938.473436,12120.260665293175,0.000001,5.52466e-7,21938.473435,12120.26066474071,0,0,0,0,0,0,0,0,4.558202296605775e-11,0,0,0,0
WMT,WMT,2026-02-14T00:00:00.000Z,2026-02-14,21938.473436,12120.260665293175,0.000001,5.52466e-7,21938.473435,12120.26066474071,0,0,0,0,0,0,0,0,4.558202296605775e-11,0,0,0,0
WMT,WMT,2026-02-15T00:00:00.000Z,2026-02-15,21938.473436,12120.260665293175,0.000001,5.52466e-7,21938.473435,12120.26066474071,0,0,0,0,0,0,0,0,4.558202296605775e-11,0,0,0,0
WMT,WMT,2026-02-16T00:00:00.000Z,2026-02-16,21938.473436,12120.260665293175,0.000001,5.52466e-7,21938.473435,12120.26066474071,0,0,0,0,0,0,0,0,4.558202296605775e-11,0,0,0,0
WMT,WMT,2026-02-17T00:00:00.000Z,2026-02-17,21938.473436,12120.260665293175,0.000001,5.52466e-7,21938.473435,12120.26066474071,0,0,0,0,0,0,0,0,4.558202296605775e-11,0,0,0,0
WMT,WMT,2026-02-18T00:00:00.000Z,2026-02-18,21938.473436,12120.260665293175,0.000001,5.52466e-7,21938.473435,12120.26066474071,0,0,0,0,0,0,0,0,4.558202296605775e-11,0,0,0,0
WMT,WMT,2026-02-19T00:00:00.000Z,2026-02-19,21938.473436,12120.260665293175,0.000001,5.52466e-7,21938.473435,12120.26066474071,0,0,0,0,0,0,0,0,4.558202296605775e-11,0,0,0,0
WMT,WMT,2026-02-20T00:00:00.000Z,2026-02-20,21938.473436,12120.260665293175,0.000001,5.52466e-7,21938.473435,12120.26066474071,0,0,0,0,0,0,0,0,4.558202296605775e-11,0,0,0,0
WMT,WMT,2026-02-21T00:00:00.000Z,2026-02-21,21938.473436,12120.260665293175,0.000001,5.52466e-7,21938.473435,12120.26066474071,0,0,0,0,0,0,0,0,4.558202296605775e-11,0,0,0,0
WMT,WMT,2026-02-22T00:00:00.000Z,2026-02-22,21938.473436,12120.260665293175,0.000001,5.52466e-7,21938.473435,12120.26066474071,0,0,0,0,0,0,0,0,4.558202296605775e-11,0,0,0,0
WMT,WMT,2026-02-23T00:00:00.000Z,2026-02-23,21938.473436,12120.260665293175,0.000001,5.52466e-7,21938.473435,12120.26066474071,0,0,0,0,0,0,0,0,4.558202296605775e-11,0,0,0,0
WMT,WMT,2026-02-24T00:00:00.000Z,2026-02-24,21938.473436,12120.260665293175,0.000001,5.52466e-7,21938.473435,12120.26066474071,0,0,0,0,0,0,0,0,4.558202296605775e-11,0,0,0,0
WMT,WMT,2026-02-25T00:00:00.000Z,2026-02-25,21938.473436,12120.260665293175,0.000001,5.52466e-7,21938.473435,12120.26066474071,0,0,0,0,0,0,0,0,4.558202296605775e-11,0,0,0,0
WMT,WMT,2026-02-26T00:00:00.000Z,2026-02-26,21938.473436,12120.260665293175,0.000001,5.52466e-7,21938.473435,12120.26066474071,0,0,0,0,0,0,0,0,4.558202296605775e-11,0,0,0,0
WMT,WMT,2026-02-27T00:00:00.000Z,2026-02-27,21938.473436,12120.260665293175,0.000001,5.52466e-7,21938.473435,12120.26066474071,0,0,0,0,0,0,0,0,4.558202296605775e-11,0,0,0,0
WMT,WMT,2026-02-28T00:00:00.000Z,2026-02-28,21938.473436,12120.260665293175,0.000001,5.52466e-7,21938.473435,12120.26066474071,0,0,0,0,0,0,0,0,4.558202296605775e-11,0,0,0,0
WMT,WMT,2026-03-01T00:00:00.000Z,2026-03-01,21938.473436,12120.260665293175,0.000001,5.52466e-7,21938.473435,12120.26066474071,0,0,0,0,0,0,0,0,4.558202296605775e-11,0,0,0,0
WMT,WMT,2026-03-02T00:00:00.000Z,2026-03-02,21938.473436,12120.260665293175,0.000001,5.52466e-7,21938.473435,12120.26066474071,0,0,0,0,0,0,0,0,4.558202296605775e-11,0,0,0,0
WMT,WMT,2026-03-03T00:00:00.000Z,2026-03-03,21938.473436,12120.260665293175,0.000001,5.52466e-7,21938.473435,12120.26066474071,0,0,0,0,0,0,0,0,4.558202296605775e-11,0,0,0,0
WMT,WMT,2026-03-04T00:00:00.000Z,2026-03-04,21938.473436,12120.260665293175,0.000001,5.52466e-7,21938.473435,12120.26066474071,0,0,0,0,0,0,0,0,4.558202296605775e-11,0,0,0,0
WMT,WMT,2026-03-05T00:00:00.000Z,2026-03-05,21938.473436,12120.260665293175,0.000001,5.52466e-7,21938.473435,12120.26066474071,0,0,0,0,0,0,0,0,4.558202296605775e-11,0,0,0,0
WMT,WMT,2026-03-06T00:00:00.000Z,2026-03-06,21938.473436,12120.260665293175,0.000001,5.52466e-7,21938.473435,12120.26066474071,0,0,0,0,0,0,0,0,4.558202296605775e-11,0,0,0,0
WMT,WMT,2026-03-07T00:00:00.000Z,2026-03-07,21938.473436,12120.260665293175,0.000001,5.52466e-7,21938.473435,12120.26066474071,0,0,0,0,0,0,0,0,4.558202296605775e-11,0,0,0,0
WMT,WMT,2026-03-08T00:00:00.000Z,2026-03-08,21938.473436,12120.260665293175,0.000001,5.52466e-7,21938.473435,12120.26066474071,0,0,0,0,0,0,0,0,4.558202296605775e-11,0,0,0,0
WMT,WMT,2026-03-09T00:00:00.000Z,2026-03-09,21938.473436,12120.260665293175,0.000001,5.52466e-7,21938.473435,12120.26066474071,0,0,0,0,0,0,0,0,4.558202296605775e-11,0,0,0,0
WMT,WMT,2026-03-10T00:00:00.000Z,2026-03-10,21938.473436,12120.260665293175,0.000001,5.52466e-7,21938.473435,12120.26066474071,0,0,0,0,0,0,0,0,4.558202296605775e-11,0,0,0,0
WMT,WMT,2026-03-11T00:00:00.000Z,2026-03-11,21938.473436,12120.260665293175,0.000001,5.52466e-7,21938.473435,12120.26066474071,0,0,0,0,0,0,0,0,4.558202296605775e-11,0,0,0,0
WMT,WMT,2026-03-12T00:00:00.000Z,2026-03-12,21938.473436,12120.260665293175,0.000001,5.52466e-7,21938.473435,12120.26066474071,0,0,0,0,0,0,0,0,4.558202296605775e-11,0,0,0,0
WMT,WMT,2026-03-13T00:00:00.000Z,2026-03-13,21938.473436,12120.260665293175,0.000001,5.52466e-7,21938.473435,12120.26066474071,0,0,0,0,0,0,0,0,4.558202296605775e-11,0,0,0,0
WMT,WMT,2026-03-14T00:00:00.000Z,2026-03-14,21938.473436,12120.260665293175,0.000001,5.52466e-7,21938.473435,12120.26066474071,0,0,0,0,0,0,0,0,4.558202296605775e-11,0,0,0,0
WMT,WMT,2026-03-15T00:00:00.000Z,2026-03-15,21938.473436,12120.260665293175,0.000001,5.52466e-7,21938.473435,12120.26066474071,0,0,0,0,0,0,0,0,4.558202296605775e-11,0,0,0,0
WMT,WMT,2026-03-16T00:00:00.000Z,2026-03-16,21938.473436,12120.260665293175,0.000001,5.52466e-7,21938.473435,12120.26066474071,0,0,0,0,0,0,0,0,4.558202296605775e-11,0,0,0,0
WMT,WMT,2026-03-17T00:00:00.000Z,2026-03-17,21938.473436,12120.260665293175,0.000001,5.52466e-7,21938.473435,12120.26066474071,0,0,0,0,0,0,0,0,4.558202296605775e-11,0,0,0,0
WMT,WMT,2026-03-18T00:00:00.000Z,2026-03-18,21938.473436,12120.260665293175,0.000001,5.52466e-7,21938.473435,12120.26066474071,0,0,0,0,0,0,0,0,4.558202296605775e-11,0,0,0,0
WMT,WMT,2026-03-19T00:00:00.000Z,2026-03-19,21938.473436,12120.260665293175,0.000001,5.52466e-7,21938.473435,12120.26066474071,0,0,0,0,0,0,0,0,4.558202296605775e-11,0,0,0,0
WMT,WMT,2026-03-20T00:00:00.000Z,2026-03-20,21938.473436,12120.260665293175,0.000001,5.52466e-7,21938.473435,12120.26066474071,0,0,0,0,0,0,0,0,4.558202296605775e-11,0,0,0,0
WMT,WMT,2026-03-21T00:00:00.000Z,2026-03-21,21938.473436,12120.260665293175,0.000001,5.52466e-7,21938.473435,12120.26066474071,0,0,0,0,0,0,0,0,4.558202296605775e-11,0,0,0,0
WMT,WMT,2026-03-22T00:00:00.000Z,2026-03-22,21938.473436,12120.260665293175,0.000001,5.52466e-7,21938.473435,12120.26066474071,0,0,0,0,0,0,0,0,4.558202296605775e-11,0,0,0,0
WMT,WMT,2026-03-23T00:00:00.000Z,2026-03-23,21938.473436,12120.260665293175,0.000001,5.52466e-7,21938.473435,12120.26066474071,0,0,0,0,0,0,0,0,4.558202296605775e-11,0,0,0,0
WMT,WMT,2026-03-24T00:00:00.000Z,2026-03-24,21938.473436,12120.260665293175,0.000001,5.52466e-7,21938.473435,12120.26066474071,0,0,0,0,0,0,0,0,4.558202296605775e-11,0,0,0,0
WMT,WMT,2026-03-25T00:00:00.000Z,2026-03-25,21938.473436,12120.260665293175,0.000001,5.52466e-7,21938.473435,12120.26066474071,0,0,0,0,0,0,0,0,4.558202296605775e-11,0,0,0,0
WMT,WMT,2026-03-26T00:00:00.000Z,2026-03-26,21938.473436,12120.260665293175,0.000001,5.52466e-7,21938.473435,12120.26066474071,0,0,0,0,0,0,0,0,4.558202296605775e-11,0,0,0,0
WMT,WMT,2026-03-27T00:00:00.000Z,2026-03-27,21938.473436,12120.260665293175,0.000001,5.52466e-7,21938.473435,12120.26066474071,0,0,0,0,0,0,0,0,4.558202296605775e-11,0,0,0,0
WMT,WMT,2026-03-28T00:00:00.000Z,2026-03-28,21938.473436,12120.260665293175,0.000001,5.52466e-7,21938.473435,12120.26066474071,0,0,0,0,0,0,0,0,4.558202296605775e-11,0,0,0,0
WMT,WMT,2026-03-29T00:00:00.000Z,2026-03-29,21938.473436,12120.260665293175,0.000001,5.52466e-7,21938.473435,12120.26066474071,0,0,0,0,0,0,0,0,4.558202296605775e-11,0,0,0,0
WMT,WMT,2026-03-30T00:00:00.000Z,2026-03-30,21938.473436,12120.260665293175,0.000001,5.52466e-7,21938.473435,12120.26066474071,0,0,0,0,0,0,0,0,4.558202296605775e-11,0,0,0,0
WMT,WMT,2026-03-31T00:00:00.000Z,2026-03-31,21938.473436,12120.260665293175,0.000001,5.52466e-7,21938.473435,12120.26066474071,0,0,0,0,0,0,0,0,4.558202296605775e-11,0,0,0,0
WMT,WMT,2026-04-01T00:00:00.000Z,2026-04-01,21938.473436,12120.260665293175,0.000001,5.52466e-7,21938.473435,12120.26066474071,0,0,0,0,0,0,0,0,4.558202296605775e-11,0,0,0,0
WMT,WMT,2026-04-02T00:00:00.000Z,2026-04-02,21938.473436,12120.260665293175,0.000001,5.52466e-7,21938.473435,12120.26066474071,0,0,0,0,0,0,0,0,4.558202296605775e-11,0,0,0,0
WMT,WMT,2026-04-03T00:00:00.000Z,2026-04-03,21938.473436,12120.260665293175,0.000001,5.52466e-7,21938.473435,12120.26066474071,0,0,0,0,0,0,0,0,4.558202296605775e-11,0,0,0,0
WMT,WMT,2026-04-04T00:00:00.000Z,2026-04-04,21938.473436,12120.260665293175,0.000001,5.52466e-7,21938.473435,12120.26066474071,0,0,0,0,0,0,0,0,4.558202296605775e-11,0,0,0,0
WMT,WMT,2026-04-05T00:00:00.000Z,2026-04-05,21938.473436,12120.260665293175,0.000001,5.52466e-7,21938.473435,12120.26066474071,0,0,0,0,0,0,0,0,4.558202296605775e-11,0,0,0,0
WMT,WMT,2026-04-06T00:00:00.000Z,2026-04-06,21938.473436,12120.260665293175,0.000001,5.52466e-7,21938.473435,12120.26066474071,0,0,0,0,0,0,0,0,4.558202296605775e-11,0,0,0,0
WMT,WMT,2026-04-07T00:00:00.000Z,2026-04-07,21938.473436,12120.260665293175,0.000001,5.52466e-7,21938.473435,12120.26066474071,0,0,0,0,0,0,0,0,4.558202296605775e-11,0,0,0,0
WMT,WMT,2026-04-08T00:00:00.000Z,2026-04-08,21938.473436,12120.260665293175,0.000001,5.52466e-7,21938.473435,12120.26066474071,0,0,0,0,0,0,0,0,4.558202296605775e-11,0,0,0,0
WMT,WMT,2026-04-09T00:00:00.000Z,2026-04-09,21938.473436,12120.260665293175,0.000001,5.52466e-7,21938.473435,12120.26066474071,0,0,0,0,0,0,0,0,4.558202296605775e-11,0,0,0,0
WMT,WMT,2026-04-10T00:00:00.000Z,2026-04-10,21938.473436,12120.260665293175,0.000001,5.52466e-7,21938.473435,12120.26066474071,0,0,0,0,0,0,0,0,4.558202296605775e-11,0,0,0,0
WMT,WMT,2026-04-11T00:00:00.000Z,2026-04-11,21938.473436,12120.260665293175,0.000001,5.52466e-7,21938.473435,12120.26066474071,0,0,0,0,0,0,0,0,4.558202296605775e-11,0,0,0,0
WMT,WMT,2026-04-12T00:00:00.000Z,2026-04-12,21938.473436,12120.260665293175,0.000001,5.52466e-7,21938.473435,12120.26066474071,0,0,0,0,0,0,0,0,4.558202296605775e-11,0,0,0,0
WMT,WMT,2026-04-13T00:00:00.000Z,2026-04-13,21938.473436,12120.260665293175,0.000001,5.52466e-7,21938.473435,12120.26066474071,0,0,0,0,0,0,0,0,4.558202296605775e-11,0,0,0,0
WMT,WMT,2026-04-14T00:00:00.000Z,2026-04-14,21938.473436,12120.260665293175,0.000001,5.52466e-7,21938.473435,12120.26066474071,0,0,0,0,0,0,0,0,4.558202296605775e-11,0,0,0,0
WMT,WMT,2026-04-15T00:00:00.000Z,2026-04-15,21938.473436,12120.260665293175,0.000001,5.52466e-7,21938.473435,12120.26066474071,0,0,0,0,0,0,0,0,4.558202296605775e-11,0,0,0,0
WMT,WMT,2026-04-16T00:00:00.000Z,2026-04-16,21938.473436,12120.260665293175,0.000001,5.52466e-7,21938.473435,12120.26066474071,0,0,0,0,0,0,0,0,4.558202296605775e-11,0,0,0,0
WMT,WMT,2026-04-17T00:00:00.000Z,2026-04-17,21938.473436,12120.260665293175,0.000001,5.52466e-7,21938.473435,12120.26066474071,0,0,0,0,0,0,0,0,4.558202296605775e-11,0,0,0,0
WMT,WMT,2026-04-18T00:00:00.000Z,2026-04-18,21938.473436,12120.260665293175,0.000001,5.52466e-7,21938.473435,12120.26066474071,0,0,0,0,0,0,0,0,4.558202296605775e-11,0,0,0,0
WMT,WMT,2026-04-19T00:00:00.000Z,2026-04-19,21938.473436,12120.260665293175,0.000001,5.52466e-7,21938.473435,12120.26066474071,0,0,0,0,0,0,0,0,4.558202296605775e-11,0,0,0,0
WMT,WMT,2026-04-20T00:00:00.000Z,2026-04-20,21938.473436,12120.260665293175,0.000001,5.52466e-7,21938.473435,12120.26066474071,0,0,0,0,0,0,0,0,4.558202296605775e-11,0,0,0,0
WMT,WMT,2026-04-21T00:00:00.000Z,2026-04-21,21938.473436,12120.260665293175,0.000001,5.52466e-7,21938.473435,12120.26066474071,0,0,0,0,0,0,0,0,4.558202296605775e-11,0,0,0,0
WMT,WMT,2026-04-22T00:00:00.000Z,2026-04-22,21938.473436,12120.260665293175,0.000001,5.52466e-7,21938.473435,12120.26066474071,0,0,0,0,0,0,0,0,4.558202296605775e-11,0,0,0,0
WMT,WMT,2026-04-23T00:00:00.000Z,2026-04-23,21938.473436,12120.260665293175,0.000001,5.52466e-7,21938.473435,12120.26066474071,0,0,0,0,0,0,0,0,4.558202296605775e-11,0,0,0,0
WMT,WMT,2026-04-24T00:00:00.000Z,2026-04-24,21938.473436,12120.260665293175,0.000001,5.52466e-7,21938.473435,12120.26066474071,0,0,0,0,0,0,0,0,4.558202296605775e-11,0,0,0,0
WMT,WMT,2026-04-25T00:00:00.000Z,2026-04-25,21938.473436,12120.260665293175,0.000001,5.52466e-7,21938.473435,12120.26066474071,0,0,0,0,0,0,0,0,4.558202296605775e-11,0,0,0,0
WMT,WMT,2026-04-26T00:00:00.000Z,2026-04-26,21938.473436,12120.260665293175,0.000001,5.52466e-7,21938.473435,12120.26066474071,0,0,0,0,0,0,0,0,4.558202296605775e-11,0,0,0,0
WMT,WMT,2026-04-27T00:00:00.000Z,2026-04-27,21938.473436,12120.260665293175,0.000001,5.52466e-7,21938.473435,12120.26066474071,0,0,0,0,0,0,0,0,4.558202296605775e-11,0,0,0,0
WMT,WMT,2026-04-28T00:00:00.000Z,2026-04-28,21938.473436,12120.260665293175,0.000001,5.52466e-7,21938.473435,12120.26066474071,0,0,0,0,0,0,0,0,4.558202296605775e-11,0,0,0,0
WMT,WMT,2026-04-29T00:00:00.000Z,2026-04-29,21938.473436,12120.260665293175,0.000001,5.52466e-7,21938.473435,12120.26066474071,0,0,0,0,0,0,0,0,4.558202296605775e-11,0,0,0,0
WMT,WMT,2026-04-30T00:00:00.000Z,2026-04-30,21938.473436,12120.260665293175,0.000001,5.52466e-7,21938.473435,12120.26066474071,0,0,0,0,0,0,0,0,4.558202296605775e-11,0,0,0,0
WMT,WMT,2026-05-01T00:00:00.000Z,2026-05-01,21938.473436,12120.260665293175,0.000001,5.52466e-7,21938.473435,12120.26066474071,0,0,0,0,0,0,0,0,4.558202296605775e-11,0,0,0,0
WMT,WMT,2026-05-02T00:00:00.000Z,2026-05-02,21938.473436,12120.260665293175,0.000001,5.52466e-7,21938.473435,12120.26066474071,0,0,0,0,0,0,0,0,4.558202296605775e-11,0,0,0,0
WMT,WMT,2026-05-03T00:00:00.000Z,2026-05-03,21938.473436,12120.260665293175,0.000001,5.52466e-7,21938.473435,12120.26066474071,0,0,0,0,0,0,0,0,4.558202296605775e-11,0,0,0,0
WMT,WMT,2026-05-04T00:00:00.000Z,2026-05-04,21938.473436,12120.260665293175,0.000001,5.52466e-7,21938.473435,12120.26066474071,0,0,0,0,0,0,0,0,4.558202296605775e-11,0,0,0,0
WMT,WMT,2026-05-05T00:00:00.000Z,2026-05-05,21938.473436,12120.260665293175,0.000001,5.52466e-7,21938.473435,12120.26066474071,0,0,0,0,0,0,0,0,4.558202296605775e-11,0,0,0,0
WMT,WMT,2026-05-06T00:00:00.000Z,2026-05-06,21938.473436,12120.260665293175,0.000001,5.52466e-7,21938.473435,12120.26066474071,0,0,0,0,0,0,0,0,4.558202296605775e-11,0,0,0,0
WMT,WMT,2026-05-07T00:00:00.000Z,2026-05-07,21938.473436,12120.260665293175,0.000001,5.52466e-7,21938.473435,12120.26066474071,0,0,0,0,0,0,0,0,4.558202296605775e-11,0,0,0,0
WMT,WMT,2026-05-08T00:00:00.000Z,2026-05-08,21938.473436,12120.260665293175,0.000001,5.52466e-7,21938.473435,12120.26066474071,0,0,0,0,0,0,0,0,4.558202296605775e-11,0,0,0,0
WMT,WMT,2026-05-09T00:00:00.000Z,2026-05-09,21938.473436,12120.260665293175,0.000001,5.52466e-7,21938.473435,12120.26066474071,0,0,0,0,0,0,0,0,4.558202296605775e-11,0,0,0,0
WMT,WMT,2026-05-10T00:00:00.000Z,2026-05-10,21938.473436,12120.260665293175,0.000001,5.52466e-7,21938.473435,12120.26066474071,0,0,0,0,0,0,0,0,4.558202296605775e-11,0,0,0,0
WMT,WMT,2026-05-11T00:00:00.000Z,2026-05-11,21938.473436,12120.260665293175,0.000001,5.52466e-7,21938.473435,12120.26066474071,0,0,0,0,0,0,0,0,4.558202296605775e-11,0,0,0,0
WMT,WMT,2026-05-12T00:00:00.000Z,2026-05-12,21938.473436,12120.260665293175,0.000001,5.52466e-7,21938.473435,12120.26066474071,0,0,0,0,0,0,0,0,4.558202296605775e-11,0,0,0,0
WMT,WMT,2026-05-14T00:00:00.000Z,2026-05-14,21938.473436,12120.260665293175,0.000001,5.52466e-7,21938.473435,12120.26066474071,0,0,0,0,0,0,0,0,4.558202296605775e-11,0,0,0,0
WMT,WMT,2026-05-15T00:00:00.000Z,2026-05-15,21938.473436,12120.260665293175,0.000001,5.52466e-7,21938.473435,12120.26066474071,0,0,0,0,0,0,0,0,4.558202296605775e-11,0,0,0,0
WMT,WMT,2026-05-16T00:00:00.000Z,2026-05-16,21938.473436,12120.260665293175,0.000001,5.52466e-7,21938.473435,12120.26066474071,0,0,0,0,0,0,0,0,4.558202296605775e-11,0,0,0,0
WMT,WMT,2026-05-17T00:00:00.000Z,2026-05-17,21938.473436,12120.260665293175,0.000001,5.52466e-7,21938.473435,12120.26066474071,0,0,0,0,0,0,0,0,4.558202296605775e-11,0,0,0,0
WMT,WMT,2026-05-18T00:00:00.000Z,2026-05-18,21938.473436,12120.260665293175,0.000001,5.52466e-7,21938.473435,12120.26066474071,0,0,0,0,0,0,0,0,4.558202296605775e-11,0,0,0,0
WMT,WMT,2026-05-19T00:00:00.000Z,2026-05-19,21938.473436,12120.260665293175,0.000001,5.52466e-7,21938.473435,12120.26066474071,0,0,0,0,0,0,0,0,4.558202296605775e-11,0,0,0,0
WMT,WMT,2026-05-20T00:00:00.000Z,2026-05-20,21938.473436,12120.260665293175,0.000001,5.52466e-7,21938.473435,12120.26066474071,0,0,0,0,0,0,0,0,4.558202296605775e-11,0,0,0,0
WMT,WMT,2026-05-21T00:00:00.000Z,2026-05-21,21938.473436,12120.260665293175,0.000001,5.52466e-7,21938.473435,12120.26066474071,0,0,0,0,0,0,0,0,4.558202296605775e-11,0,0,0,0
WMT,WMT,2026-05-22T00:00:00.000Z,2026-05-22,21938.473436,12120.260665293175,0.000001,5.52466e-7,21938.473435,12120.26066474071,0,0,0,0,0,0,0,0,4.558202296605775e-11,0,0,0,0
WMT,WMT,2026-05-23T00:00:00.000Z,2026-05-23,21938.473436,12120.260665293175,0.000001,5.52466e-7,21938.473435,12120.26066474071,0,0,0,0,0,0,0,0,4.558202296605775e-11,0,0,0,0
WMT,WMT,2026-05-24T00:00:00.000Z,2026-05-24,21938.473436,12120.260665293175,0.000001,5.52466e-7,21938.473435,12120.26066474071,0,0,0,0,0,0,0,0,4.558202296605775e-11,0,0,0,0
WMT,WMT,2026-05-25T00:00:00.000Z,2026-05-25,21938.473436,12120.260665293175,0.000001,5.52466e-7,21938.473435,12120.26066474071,0,0,0,0,0,0,0,0,4.558202296605775e-11,0,0,0,0
WMT,WMT,2026-05-26T00:00:00.000Z,2026-05-26,21938.473436,12120.260665293175,0.000001,5.52466e-7,21938.473435,12120.26066474071,0,0,0,0,0,0,0,0,4.558202296605775e-11,0,0,0,0
WMT,WMT,2026-05-27T00:00:00.000Z,2026-05-27,21938.473436,12120.260665293175,0.000001,5.52466e-7,21938.473435,12120.26066474071,0,0,0,0,0,0,0,0,4.558202296605775e-11,0,0,0,0
WMT,WMT,2026-05-28T00:00:00.000Z,2026-05-28,21938.473436,12120.260665293175,0.000001,5.52466e-7,21938.473435,12120.26066474071,0,0,0,0,0,0,0,0,4.558202296605775e-11,0,0,0,0
WMT,WMT,2026-05-29T00:00:00.000Z,2026-05-29,21938.473436,12120.260665293175,0.000001,5.52466e-7,21938.473435,12120.26066474071,0,0,0,0,0,0,0,0,4.558202296605775e-11,0,0,0,0
WMT,WMT,2026-05-30T00:00:00.000Z,2026-05-30,21938.473436,12120.260665293175,0.000001,5.52466e-7,21938.473435,12120.26066474071,0,0,0,0,0,0,0,0,4.558202296605775e-11,0,0,0,0
WMT,WMT,2026-05-31T00:00:00.000Z,2026-05-31,21938.473436,12120.260665293175,0.000001,5.52466e-7,21938.473435,12120.26066474071,0,0,0,0,0,0,0,0,4.558202296605775e-11,0,0,0,0
WMT,WMT,2026-06-01T00:00:00.000Z,2026-06-01,21938.473436,12120.260665293175,0.000001,5.52466e-7,21938.473435,12120.26066474071,0,0,0,0,0,0,0,0,4.558202296605775e-11,0,0,0,0
WMT,WMT,2026-06-02T00:00:00.000Z,2026-06-02,21938.473436,12120.260665293175,0.000001,5.52466e-7,21938.473435,12120.26066474071,0,0,0,0,0,0,0,0,4.558202296605775e-11,0,0,0,0
WMT,WMT,2026-06-03T00:00:00.000Z,2026-06-03,21938.473436,12120.260665293175,0.000001,5.52466e-7,21938.473435,12120.26066474071,0,0,0,0,0,0,0,0,4.558202296605775e-11,0,0,0,0
WMT,WMT,2026-06-04T00:00:00.000Z,2026-06-04,21938.473436,12120.260665293175,0.000001,5.52466e-7,21938.473435,12120.26066474071,0,0,0,0,0,0,0,0,4.558202296605775e-11,0,0,0,0
WMT,WMT,2026-06-05T00:00:00.000Z,2026-06-05,21938.473436,12120.260665293175,0.000001,5.52466e-7,21938.473435,12120.26066474071,0,0,0,0,0,0,0,0,4.558202296605775e-11,0,0,0,0
WMT,WMT,2026-06-06T00:00:00.000Z,2026-06-06,21938.473436,12120.260665293175,0.000001,5.52466e-7,21938.473435,12120.26066474071,0,0,0,0,0,0,0,0,4.558202296605775e-11,0,0,0,0
WMT,WMT,2026-06-07T00:00:00.000Z,2026-06-07,21938.473436,12120.260665293175,0.000001,5.52466e-7,21938.473435,12120.26066474071,0,0,0,0,0,0,0,0,4.558202296605775e-11,0,0,0,0
WMT,WMT,2026-06-08T00:00:00.000Z,2026-06-08,21938.473436,12120.260665293175,0.000001,5.52466e-7,21938.473435,12120.26066474071,0,0,0,0,0,0,0,0,4.558202296605775e-11,0,0,0,0
WMT,WMT,2026-06-09T00:00:00.000Z,2026-06-09,21938.473436,12120.260665293175,0.000001,5.52466e-7,21938.473435,12120.26066474071,0,0,0,0,0,0,0,0,4.558202296605775e-11,0,0,0,0
WMT,WMT,2026-06-10T00:00:00.000Z,2026-06-10,21938.473436,12120.260665293175,0.000001,5.52466e-7,21938.473435,12120.26066474071,0,0,0,0,0,0,0,0,4.558202296605775e-11,0,0,0,0
WMT,WMT,2026-06-11T00:00:00.000Z,2026-06-11,21938.473436,12120.260665293175,0.000001,5.52466e-7,21938.473435,12120.26066474071,0,0,0,0,0,0,0,0,4.558202296605775e-11,0,0,0,0
WMT,WMT,2026-06-12T00:00:00.000Z,2026-06-12,21938.473436,12120.260665293175,0.000001,5.52466e-7,21938.473435,12120.26066474071,0,0,0,0,0,0,0,0,4.558202296605775e-11,0,0,0,0
WMT,WMT,2026-06-13T00:00:00.000Z,2026-06-13,21938.473436,12120.260665293175,0.000001,5.52466e-7,21938.473435,12120.26066474071,0,0,0,0,0,0,0,0,4.558202296605775e-11,0,0,0,0
WMT,WMT,2026-06-14T00:00:00.000Z,2026-06-14,21938.473436,12120.260665293175,0.000001,5.52466e-7,21938.473435,12120.26066474071,0,0,0,0,0,0,0,0,4.558202296605775e-11,0,0,0,0
WMT,WMT,2026-06-15T00:00:00.000Z,2026-06-15,21938.473436,12120.260665293175,0.000001,5.52466e-7,21938.473435,12120.26066474071,0,0,0,0,0,0,0,0,4.558202296605775e-11,0,0,0,0
WMT,WMT,2026-06-16T00:00:00.000Z,2026-06-16,21938.473436,12120.260665293175,0.000001,5.52466e-7,21938.473435,12120.26066474071,0,0,0,0,0,0,0,0,4.558202296605775e-11,0,0,0,0
WMT,WMT,2026-06-17T00:00:00.000Z,2026-06-17,21938.473436,12120.260665293175,0.000001,5.52466e-7,21938.473435,12120.26066474071,0,0,0,0,0,0,0,0,4.558202296605775e-11,0,0,0,0
WMT,WMT,2026-06-18T00:00:00.000Z,2026-06-18,21938.473436,12120.260665293175,0.000001,5.52466e-7,21938.473435,12120.26066474071,0,0,0,0,0,0,0,0,4.558202296605775e-11,0,0,0,0
WMT,WMT,2026-06-19T00:00:00.000Z,2026-06-19,21938.473436,12120.260665293175,0.000001,5.52466e-7,21938.473435,12120.26066474071,0,0,0,0,0,0,0,0,4.558202296605775e-11,0,0,0,0
WMT,WMT,2026-06-20T00:00:00.000Z,2026-06-20,21938.473436,12120.260665293175,0.000001,5.52466e-7,21938.473435,12120.26066474071,0,0,0,0,0,0,0,0,4.558202296605775e-11,0,0,0,0
WMT,WMT,2026-06-21T00:00:00.000Z,2026-06-21,21938.473436,12120.260665293175,0.000001,5.52466e-7,21938.473435,12120.26066474071,0,0,0,0,0,0,0,0,4.558202296605775e-11,0,0,0,0
WMT,WMT,2026-06-22T00:00:00.000Z,2026-06-22,21938.473436,12120.260665293175,0.000001,5.52466e-7,21938.473435,12120.26066474071,0,0,0,0,0,0,0,0,4.558202296605775e-11,0,0,0,0
WMT,WMT,2026-06-23T00:00:00.000Z,2026-06-23,21938.473436,12120.260665293175,0.000001,5.52466e-7,21938.473435,12120.26066474071,0,0,0,0,0,0,0,0,4.558202296605775e-11,0,0,0,0
WMT,WMT,2026-06-24T00:00:00.000Z,2026-06-24,21938.473436,12120.260665293175,0.000001,5.52466e-7,21938.473435,12120.26066474071,0,0,0,0,0,0,0,0,4.558202296605775e-11,0,0,0,0
WMT,WMT,2026-06-25T00:00:00.000Z,2026-06-25,21938.473436,12120.260665293175,0.000001,5.52466e-7,21938.473435,12120.26066474071,0,0,0,0,0,0,0,0,4.558202296605775e-11,0,0,0,0
WMT,WMT,2026-06-26T00:00:00.000Z,2026-06-26,21938.473436,12120.260665293175,0.000001,5.52466e-7,21938.473435,12120.26066474071,0,0,0,0,0,0,0,0,4.558202296605775e-11,0,0,0,0
WMT,WMT,2026-06-27T00:00:00.000Z,2026-06-27,21938.473436,12120.260665293175,0.000001,5.52466e-7,21938.473435,12120.26066474071,0,0,0,0,0,0,0,0,4.558202296605775e-11,0,0,0,0
WMT,WMT,2026-06-28T00:00:00.000Z,2026-06-28,21938.473436,12120.260665293175,0.000001,5.52466e-7,21938.473435,12120.26066474071,0,0,0,0,0,0,0,0,4.558202296605775e-11,0,0,0,0
WMT,WMT,2026-06-29T00:00:00.000Z,2026-06-29,21938.473436,12120.260665293175,0.000001,5.52466e-7,21938.473435,12120.26066474071,0,0,0,0,0,0,0,0,4.558202296605775e-11,0,0,0,0
WMT,WMT,2026-06-30T00:00:00.000Z,2026-06-30,21938.473436,12120.260665293175,0.000001,5.52466e-7,21938.473435,12120.26066474071,0,0,0,0,0,0,0,0,4.558202296605775e-11,0,0,0,0
WMT,WMT,2026-07-01T00:00:00.000Z,2026-07-01,21938.473436,12120.260665293175,0.000001,5.52466e-7,21938.473435,12120.26066474071,0,0,0,0,0,0,0,0,4.558202296605775e-11,0,0,0,0
WMT,WMT,2026-07-02T00:00:00.000Z,2026-07-02,21938.473436,12120.260665293175,0.000001,5.52466e-7,21938.473435,12120.26066474071,0,0,0,0,0,0,0,0,4.558202296605775e-11,0,0,0,0
WMT,WMT,2026-07-03T00:00:00.000Z,2026-07-03,21938.473436,12120.260665293175,0.000001,5.52466e-7,21938.473435,12120.26066474071,0,0,0,0,0,0,0,0,4.558202296605775e-11,0,0,0,0
WMT,WMT,2026-07-04T00:00:00.000Z,2026-07-04,21938.473436,12120.260665293175,0.000001,5.52466e-7,21938.473435,12120.26066474071,0,0,0,0,0,0,0,0,4.558202296605775e-11,0,0,0,0
WMT,WMT,2026-07-05T00:00:00.000Z,2026-07-05,21938.473436,12120.260665293175,0.000001,5.52466e-7,21938.473435,12120.26066474071,0,0,0,0,0,0,0,0,4.558202296605775e-11,0,0,0,0
WMT,WMT,2026-07-06T00:00:00.000Z,2026-07-06,21938.473436,12120.260665293175,0.000001,5.52466e-7,21938.473435,12120.26066474071,0,0,0,0,0,0,0,0,4.558202296605775e-11,0,0,0,0
WMT,WMT,2026-07-07T00:00:00.000Z,2026-07-07,21938.473436,12120.260665293175,0.000001,5.52466e-7,21938.473435,12120.26066474071,0,0,0,0,0,0,0,0,4.558202296605775e-11,0,0,0,0
WMT,WMT,2026-07-08T00:00:00.000Z,2026-07-08,21938.473436,12120.260665293175,0.000001,5.52466e-7,21938.473435,12120.26066474071,0,0,0,0,0,0,0,0,4.558202296605775e-11,0,0,0,0
WMT,WMT,2026-07-09T00:00:00.000Z,2026-07-09,21938.473436,12120.260665293175,0.000001,5.52466e-7,21938.473435,12120.26066474071,0,0,0,0,0,0,0,0,4.558202296605775e-11,0,0,0,0
WMT,WMT,2026-07-10T00:00:00.000Z,2026-07-10,21938.473436,12120.260665293175,0.000001,5.52466e-7,21938.473435,12120.26066474071,0,0,0,0,0,0,0,0,4.558202296605775e-11,0,0,0,0
WMT,WMT,2026-07-11T00:00:00.000Z,2026-07-11,21938.473436,12120.260665293175,0.000001,5.52466e-7,21938.473435,12120.26066474071,0,0,0,0,0,0,0,0,4.558202296605775e-11,0,0,0,0
WMT,WMT,2026-07-12T00:00:00.000Z,2026-07-12,21938.473436,12120.260665293175,0.000001,5.52466e-7,21938.473435,12120.26066474071,0,0,0,0,0,0,0,0,4.558202296605775e-11,0,0,0,0
WMT,WMT,2026-07-13T00:00:00.000Z,2026-07-13,21938.473436,12120.260665293175,0.000001,5.52466e-7,21938.473435,12120.26066474071,0,0,0,0,0,0,0,0,4.558202296605775e-11,0,0,0,0
WMT,WMT,2026-07-14T00:00:00.000Z,2026-07-14,21938.473436,12120.260665293175,0.000001,5.52466e-7,21938.473435,12120.26066474071,0,0,0,0,0,0,0,0,4.558202296605775e-11,0,0,0,0
WMT,WMT,2026-07-15T00:00:00.000Z,2026-07-15,21938.473436,12120.260665293175,0.000001,5.52466e-7,21938.473435,12120.26066474071,0,0,0,0,0,0,0,0,4.558202296605775e-11,0,0,0,0
WMT,WMT,2026-07-16T00:00:00.000Z,2026-07-16,21938.473436,12120.260665293175,0.000001,5.52466e-7,21938.473435,12120.26066474071,0,0,0,0,0,0,0,0,4.558202296605775e-11,0,0,0,0
WMT,WMT,2026-07-17T00:00:00.000Z,2026-07-17,21938.473436,12120.260665293175,0.000001,5.52466e-7,21938.473435,12120.26066474071,0,0,0,0,0,0,0,0,4.558202296605775e-11,0,0,0,0
WMT,WMT,2026-07-18T00:00:00.000Z,2026-07-18,21938.473436,12120.260665293175,0.000001,5.52466e-7,21938.473435,12120.26066474071,0,0,0,0,0,0,0,0,4.558202296605775e-11,0,0,0,0
WMT,WMT,2026-07-19T00:00:00.000Z,2026-07-19,21938.473436,12120.260665293175,0.000001,5.52466e-7,21938.473435,12120.26066474071,0,0,0,0,0,0,0,0,4.558202296605775e-11,0,0,0,0
WMT,WMT,2026-07-20T00:00:00.000Z,2026-07-20,21938.473436,12120.260665293175,0.000001,5.52466e-7,21938.473435,12120.26066474071,0,0,0,0,0,0,0,0,4.558202296605775e-11,0,0,0,0
WMT,WMT,2026-07-21T00:00:00.000Z,2026-07-21,21938.473436,12120.260665293175,0.000001,5.52466e-7,21938.473435,12120.26066474071,0,0,0,0,0,0,0,0,4.558202296605775e-11,0,0,0,0
WMT,WMT,2026-07-22T00:00:00.000Z,2026-07-22,21938.473436,12120.260665293175,0.000001,5.52466e-7,21938.473435,12120.26066474071,0,0,0,0,0,0,0,0,4.558202296605775e-11,0,0,0,0
WMT,WMT,2026-07-23T00:00:00.000Z,2026-07-23,21938.473436,12120.260665293175,0.000001,5.52466e-7,21938.473435,12120.26066474071,0,0,0,0,0,0,0,0,4.558202296605775e-11,0,0,0,0
WMT,WMT,2026-07-24T00:00:00.000Z,2026-07-24,21938.473436,12120.260665293175,0.000001,5.52466e-7,21938.473435,12120.26066474071,0,0,0,0,0,0,0,0,4.558202296605775e-11,0,0,0,0
WMT,WMT,2026-07-25T00:00:00.000Z,2026-07-25,21938.473436,12120.260665293175,0.000001,5.52466e-7,21938.473435,12120.26066474071,0,0,0,0,0,0,0,0,4.558202296605775e-11,0,0,0,0
