id,marketId,publicKey,healthFactor,LTV,APY,collateral,amount,adjustedAmount,collaterals,hasDebt,canBeLiquidated,hasCollateral
277a6aec18a1aaf7cd5b20b85144d58bda5339ad9e1e139555fc84fa547b4777-0,Ada,8cfa9db8ab74f9e14bc7dbd3a33407879a99cef8da9391f6f2d79e08,1.2972423842499226,0.6244014301678474,0.0503662671,736.7361006465676,460.0190749,460.0190749,"[{""id"":""c45fa8aefc662c003a32be67f6a4652d8ce56bd9e54d7696efd40c86"",""qTokenName"":""qNIGHT"",""qTokenAmount"":1495970.586174,""market"":{""id"":""NIGHT"",""displayName"":""NIGHT""},""amountInUsd"":736.7361006465676}]",true,false,true
2640ae7c4a2f2ad0a2b2f300d2ee17ce85db6b7105a68b6730e3604f689121c3-0,Ada,d07c21c0714e056c621b918245d9c2da676767e9c4128d5b9e9d2278,0,-1,0.0503662671,0,15.4661999065,15.4661999065,[],true,true,false
5ea2b205fd90d60e6f75df0a07c713f3d87ebc4e3a82b6673d68f6758a4f3796-0,Ada,5e48ec74bed449ed15dfc539a64ccf57fcbf0c39bb2a9ffddc67e722,0,-1,0.0503662671,0,0.816500923,0.816500923,[],true,true,false
729d94eb5c37c6002e0e483b85a504f4889b0ba88a75d5df44109927365c7997-0,Ada,5540ab2243edcebdb16272059710fc4a6b51d0b0dda9332958c8705b,0,-1,0.0503662671,0,3.8903144665,3.8903144665,[],true,true,false
eb304900d0b6dbab26270df3e7bb142fddd4108b7e8b95b74e8d71ed09f82149-0,Ada,142aa5dbb59ff66b2d3942a6dec7d921afaa7c31d6afe977ecded36a,1.6521367527899828,0.44166393167228285,0.0503662671,5650.191807510251,2495.4859284075,2495.4859284075,"[{""id"":""f60b7232837203d335cd77494d25c1cc0b218b9a8f3459730c521d13"",""qTokenName"":""qIAG"",""qTokenAmount"":503931.77001,""market"":{""id"":""IAG"",""displayName"":""IAG""},""amountInUsd"":228.7630312502795},{""id"":""a4430a085f45bca6399bec6bd7514eb8c2fce1ed75c7554739cfc32b"",""qTokenName"":""qMIN"",""qTokenAmount"":2074535.235523,""market"":{""id"":""MIN"",""displayName"":""MIN""},""amountInUsd"":159.95672488982848},{""id"":""c45fa8aefc662c003a32be67f6a4652d8ce56bd9e54d7696efd40c86"",""qTokenName"":""qNIGHT"",""qTokenAmount"":8534698.062849,""market"":{""id"":""NIGHT"",""displayName"":""NIGHT""},""amountInUsd"":4203.170990881926},{""id"":""e1ff3557106fe13042ba0f772af6a2e43903ccfaaf03295048882c93"",""qTokenName"":""qSHEN"",""qTokenAmount"":244891.661995,""market"":{""id"":""SHEN"",""displayName"":""SHEN""},""amountInUsd"":770.0912026206552},{""id"":""4e8c49d610335d139ad7711e0f50315006e29b5221da531e365b4ef8"",""qTokenName"":""qSNEK"",""qTokenAmount"":23313212,""market"":{""id"":""SNEK"",""displayName"":""SNEK""},""amountInUsd"":288.2098578675626}]",true,false,true
b6ca5ce51b2e5e3b4ac5723f95c835fdab90986ef4a5889481889c3206b8a080-0,Ada,8cfa9db8ab74f9e14bc7dbd3a33407879a99cef8da9391f6f2d79e08,1.1653999935515005,0.6950403333464623,0.0503662671,11051.01967461252,7680.904398461,7680.904398461,"[{""id"":""c45fa8aefc662c003a32be67f6a4652d8ce56bd9e54d7696efd40c86"",""qTokenName"":""qNIGHT"",""qTokenAmount"":22439514.45564,""market"":{""id"":""NIGHT"",""displayName"":""NIGHT""},""amountInUsd"":11051.01967461252}]",true,false,true
9baa6241f27ba08440ca1f34ef0a8c6a4900e9a156110510f89e8d77f1003b54-0,Ada,b524fc08da69d180acce80c946bb336bb7ed96cfd7f7f1b38721953e,1.175432214185412,0.6891082192785905,0.0503662671,6139.467379236269,4230.7574330245,4230.7574330245,"[{""id"":""c45fa8aefc662c003a32be67f6a4652d8ce56bd9e54d7696efd40c86"",""qTokenName"":""qNIGHT"",""qTokenAmount"":12466421.295294,""market"":{""id"":""NIGHT"",""displayName"":""NIGHT""},""amountInUsd"":6139.46737923627}]",true,false,true
6c41839866af95682649a27745cb26c0eb47b9b98f5f8338abca051fecd35d82-0,Ada,a4765efbc7fd0de8c0f479a3deb47965c63a93346ceae21701c0b4d4,1.1634690023254455,0.6961938808692273,0.0503662671,22.14234915387832,15.415367989,15.415367989,"[{""id"":""c45fa8aefc662c003a32be67f6a4652d8ce56bd9e54d7696efd40c86"",""qTokenName"":""qNIGHT"",""qTokenAmount"":44960.879498,""market"":{""id"":""NIGHT"",""displayName"":""NIGHT""},""amountInUsd"":22.14234915387832}]",true,false,true
957322b231cc53bbb4d75ef7119cbfdee27c18bfa92e5229e427e23dc841d275-0,Ada,6bb9c690917ff628a681c5553c80701593c4e638b387d9aade73a648,1.1526359727647408,0.7027370472024347,0.0503662671,313.2308206195812,220.118901975,220.118901975,"[{""id"":""c45fa8aefc662c003a32be67f6a4652d8ce56bd9e54d7696efd40c86"",""qTokenName"":""qNIGHT"",""qTokenAmount"":636027.057611,""market"":{""id"":""NIGHT"",""displayName"":""NIGHT""},""amountInUsd"":313.2308206195812}]",true,false,true
5f158db2d022be57ef12d5f971e9e01c85e5477cda474094d09ce1500a6c2ae3-0,Ada,a6a96d87c9addf54fc0869fa58d494fc74e67cf7e01f28f750a54064,1.8077344772536617,0.23653701881425634,0.0503662671,105.63619993714919,24.986871812,24.986871812,"[{""id"":""c45fa8aefc662c003a32be67f6a4652d8ce56bd9e54d7696efd40c86"",""qTokenName"":""qNIGHT"",""qTokenAmount"":14437.370614,""market"":{""id"":""NIGHT"",""displayName"":""NIGHT""},""amountInUsd"":7.11012116685464},{""id"":""4e8c49d610335d139ad7711e0f50315006e29b5221da531e365b4ef8"",""qTokenName"":""qSNEK"",""qTokenAmount"":7969746,""market"":{""id"":""SNEK"",""displayName"":""SNEK""},""amountInUsd"":98.52607877029455}]",true,false,true
c3115839d26da42d8f38b002136fd490bb17f137978923b2a2e93b2ba2151e32-3,Ada,0d9df7f701292470d396c6370a4bec48a12ece4bbabdefdb5af7c9b6,0,-1,0.0503662671,0,501.4111063535,240.20085047,[],true,true,false
c3115839d26da42d8f38b002136fd490bb17f137978923b2a2e93b2ba2151e32-2,Ada,0d9df7f701292470d396c6370a4bec48a12ece4bbabdefdb5af7c9b6,0.00009811724960901759,8255.429124111484,0.0503662671,1.1245567479565983,9479.7817774485,9283.698528797,"[{""id"":""c45fa8aefc662c003a32be67f6a4652d8ce56bd9e54d7696efd40c86"",""qTokenName"":""qNIGHT"",""qTokenAmount"":2283.455115,""market"":{""id"":""NIGHT"",""displayName"":""NIGHT""},""amountInUsd"":1.1245567479565983}]",true,true,true
c3115839d26da42d8f38b002136fd490bb17f137978923b2a2e93b2ba2151e32-1,Ada,0d9df7f701292470d396c6370a4bec48a12ece4bbabdefdb5af7c9b6,4.857331464590912e-7,1667582.3050264467,0.0503662671,0.0035767911271716245,6089.74003085,5964.593592447,"[{""id"":""c45fa8aefc662c003a32be67f6a4652d8ce56bd9e54d7696efd40c86"",""qTokenName"":""qNIGHT"",""qTokenAmount"":7.26281,""market"":{""id"":""NIGHT"",""displayName"":""NIGHT""},""amountInUsd"":0.0035767911271716245}]",true,true,true
c3115839d26da42d8f38b002136fd490bb17f137978923b2a2e93b2ba2151e32-0,Ada,0d9df7f701292470d396c6370a4bec48a12ece4bbabdefdb5af7c9b6,0,-1,0.0503662671,0,4789.3273332275,4671.421774054,[],true,true,false
3dda90b10e4421b2878d2f085698bc70df263fba848c415af13d54351014b34a-0,Ada,bec775dfe068234c310776f2e6f0890960abf391d03b101ebb42fe54,2.4454315806418,0.22490917527762247,0.0503662671,14631.913236466908,3290.8515387475,3290.8515387475,"[{""id"":""3883e3e6a24e092d4c14e757fa8ef5c887853060def087d6cf5603f5"",""qTokenName"":""qLQ"",""qTokenAmount"":500343.70517,""market"":{""id"":""LQ"",""displayName"":""LQ""},""amountInUsd"":3727.1603362364426},{""id"":""e1ff3557106fe13042ba0f772af6a2e43903ccfaaf03295048882c93"",""qTokenName"":""qSHEN"",""qTokenAmount"":3467749.082569,""market"":{""id"":""SHEN"",""displayName"":""SHEN""},""amountInUsd"":10904.752900230465}]",true,false,true
879e690e7e101421c8884dcc9a23148cd96546e546298e91ef997aedd97724d5-0,Ada,0396b4c0a352a7665ce69f0a43ba445ae29e3fba94aec65fad5c8340,1.2042824869606932,0.6725996672460436,0.0503662671,3366.6227266971932,2264.3893257195,2264.3893257195,"[{""id"":""c45fa8aefc662c003a32be67f6a4652d8ce56bd9e54d7696efd40c86"",""qTokenName"":""qNIGHT"",""qTokenAmount"":6836055.09417,""market"":{""id"":""NIGHT"",""displayName"":""NIGHT""},""amountInUsd"":3366.622726697193}]",true,false,true
99cf251a15aa61e266d43c8db3763a5d29a503b1feeecc85f05724712ae9395f-0,Ada,ea491e5bdcca2da23120077ecafc459f13a696d7ba3541c58e2bbe7b,4.163414436811236,0.12504837206950734,0.0503662671,2005.1569106483603,250.7416074205,250.7416074205,"[{""id"":""c45fa8aefc662c003a32be67f6a4652d8ce56bd9e54d7696efd40c86"",""qTokenName"":""qNIGHT"",""qTokenAmount"":381725.955131,""market"":{""id"":""NIGHT"",""displayName"":""NIGHT""},""amountInUsd"":187.99252759244348},{""id"":""b122b2fc62557df9c3fd0b5c62a4b2c970a0d711560e0a8dd7b264f3"",""qTokenName"":""qrsERG"",""qTokenAmount"":22189.191402548,""market"":{""id"":""ERG"",""displayName"":""rsERG""},""amountInUsd"":152.45660771604705},{""id"":""e1ff3557106fe13042ba0f772af6a2e43903ccfaaf03295048882c93"",""qTokenName"":""qSHEN"",""qTokenAmount"":312213.708392,""market"":{""id"":""SHEN"",""displayName"":""SHEN""},""amountInUsd"":981.7934518944904},{""id"":""4e8c49d610335d139ad7711e0f50315006e29b5221da531e365b4ef8"",""qTokenName"":""qSNEK"",""qTokenAmount"":55240742,""market"":{""id"":""SNEK"",""displayName"":""SNEK""},""amountInUsd"":682.9143234453793}]",true,false,true
0c7204bad0531d37cbf0c5047888447ff25a6bad04de7b5481a9aeaf30ad0e1f-0,Ada,0465ac35c95535d657d37dddc24ca3610192126b27fcf6a554373725,2.273334785627395,0.35190593354652605,0.0503662671,1415.4693685795548,498.1120695565,498.1120695565,"[{""id"":""6df63e2fdde8b2c3b3396265b0cc824aa4fb999396b1c154280f6b0c"",""qTokenName"":""qDJED"",""qTokenAmount"":44468.706448,""market"":{""id"":""DJED"",""displayName"":""DJED""},""amountInUsd"":1415.4693685795546}]",true,false,true
a1fba2eb3b1d3ce3ab2144f8ae006a7990089f80a785e741aaefea68e942bf92-0,Ada,7ac5878231522baf2972231d1a587e20a0d814c164fa7fea28ee459f,69.80688178415907,1.4325235198042106,0.0503662671,2165089.5769536938,3101541.741469115,3101541.741469115,"[{""id"":""6f7d8e31d9256ec27f35d25659dd053cfec098032a5669b2b56798d0"",""qTokenName"":""qPOL"",""qTokenAmount"":5812945.220839,""market"":{""id"":""POL"",""displayName"":""POL""},""amountInUsd"":2165089.576953694}]",true,false,true
79e2bda3acd86e9188c5a008fb825437e9d91a04d871b38961f05d907cc00902-23,Ada,ab4016e775734957466338ed9e48d682b75e7391e3890a52f5a645d0,1.2516203857599049,0.43943036263832885,0.0503662671,76.91920586020011,33.800634525,33.800634525,"[{""id"":""a4430a085f45bca6399bec6bd7514eb8c2fce1ed75c7554739cfc32b"",""qTokenName"":""qMIN"",""qTokenAmount"":997592.336023,""market"":{""id"":""MIN"",""displayName"":""MIN""},""amountInUsd"":76.91920586020011}]",true,false,true
79e2bda3acd86e9188c5a008fb825437e9d91a04d871b38961f05d907cc00902-40,Ada,d3801a27e95e7a79a97544501e81f922e05b34cb15b9f014390facfa,1.3598132173765178,0.24996824715762275,0.0503662671,387.56440624400994,96.8787952895,96.8787952895,"[{""id"":""d753e0d193680fe32710379d3a1ec48087ce94f3831505b922c2894b"",""qTokenName"":""qAGIX"",""qTokenAmount"":10199.16165397,""market"":{""id"":""AGIX"",""displayName"":""AGIX""},""amountInUsd"":58.221858347833034},{""id"":""f60b7232837203d335cd77494d25c1cc0b218b9a8f3459730c521d13"",""qTokenName"":""qIAG"",""qTokenAmount"":725493.853591,""market"":{""id"":""IAG"",""displayName"":""IAG""},""amountInUsd"":329.34254789617694}]",true,false,true
79e2bda3acd86e9188c5a008fb825437e9d91a04d871b38961f05d907cc00902-1,Ada,bd628baabcb0223c8b91831a75287cd1aaccc3b60b428db510ccd1f3,1.8261473288942898,0.4435567641141228,0.0503662671,131.4114142457378,58.2884216705,58.2884216705,"[{""id"":""a04ce7a52545e5e33c2867e148898d9e667a69602285f6a1298f9d68"",""qTokenName"":""qADA"",""qTokenAmount"":24993.609217,""market"":{""id"":""Ada"",""displayName"":""ADA""},""amountInUsd"":131.41141424573777}]",true,false,true
79e2bda3acd86e9188c5a008fb825437e9d91a04d871b38961f05d907cc00902-3,Ada,07f8072b057b786413cc9d9d0f4f85401b2cbcefa26ab759e29e4967,1.846484533698385,0.4386714241129462,0.0503662671,1813.6554812461513,795.5988328085,795.5988328085,"[{""id"":""a04ce7a52545e5e33c2867e148898d9e667a69602285f6a1298f9d68"",""qTokenName"":""qADA"",""qTokenAmount"":344945.654932,""market"":{""id"":""Ada"",""displayName"":""ADA""},""amountInUsd"":1813.6554812461513}]",true,false,true
79e2bda3acd86e9188c5a008fb825437e9d91a04d871b38961f05d907cc00902-5,Ada,f1fd59f6e7c5bea00be785177f6b97643499c39a4cd2177fa67aab48,1.4763774117302995,0.5486402010517677,0.0503662671,525.7800628344432,288.4640793825,288.4640793825,"[{""id"":""a04ce7a52545e5e33c2867e148898d9e667a69602285f6a1298f9d68"",""qTokenName"":""qADA"",""qTokenAmount"":100000,""market"":{""id"":""Ada"",""displayName"":""ADA""},""amountInUsd"":525.7800628344432}]",true,false,true
79e2bda3acd86e9188c5a008fb825437e9d91a04d871b38961f05d907cc00902-6,Ada,a1bb413fea6c8b5215805a58a18a64fe9929b7eb3deda81306968ac9,1.038340744805779,0.7800907400118542,0.0503662671,36.80460439841102,28.710931081,28.710931081,"[{""id"":""a04ce7a52545e5e33c2867e148898d9e667a69602285f6a1298f9d68"",""qTokenName"":""qADA"",""qTokenAmount"":7000,""market"":{""id"":""Ada"",""displayName"":""ADA""},""amountInUsd"":36.80460439841102}]",true,false,true
79e2bda3acd86e9188c5a008fb825437e9d91a04d871b38961f05d907cc00902-7,Ada,2392e8e2c56b40331339afc80bd94beb8e8b8f86a9e0714454f6dbef,0,0,0.0503662671,14.240892564906698,0,0,"[{""id"":""6df63e2fdde8b2c3b3396265b0cc824aa4fb999396b1c154280f6b0c"",""qTokenName"":""qDJED"",""qTokenAmount"":447.395108,""market"":{""id"":""DJED"",""displayName"":""DJED""},""amountInUsd"":14.240892564906696}]",false,false,true
79e2bda3acd86e9188c5a008fb825437e9d91a04d871b38961f05d907cc00902-8,Ada,da467b6c8e9adc03740d8d62959d67d77cf4fe9d14564d1ee0b8a753,0,0,0.0503662671,14.129099094507167,0.0174200985,0,"[{""id"":""6df63e2fdde8b2c3b3396265b0cc824aa4fb999396b1c154280f6b0c"",""qTokenName"":""qDJED"",""qTokenAmount"":443.882979,""market"":{""id"":""DJED"",""displayName"":""DJED""},""amountInUsd"":14.129099094507165}]",false,false,true
79e2bda3acd86e9188c5a008fb825437e9d91a04d871b38961f05d907cc00902-9,Ada,71e77b3dfd58a677c2e743ec39ed2b8d1453dfa520b42265391fbd62,0,0,0.0503662671,36.35550596337737,0,0,"[{""id"":""6df63e2fdde8b2c3b3396265b0cc824aa4fb999396b1c154280f6b0c"",""qTokenName"":""qDJED"",""qTokenAmount"":1142.152814,""market"":{""id"":""DJED"",""displayName"":""DJED""},""amountInUsd"":36.35550596337737}]",false,false,true
79e2bda3acd86e9188c5a008fb825437e9d91a04d871b38961f05d907cc00902-10,Ada,92f06e24bbb228d53258680895e44237dfe20aaea32e957011ee14f7,0,0,0.0503662671,55.78404639587038,0,0,"[{""id"":""6df63e2fdde8b2c3b3396265b0cc824aa4fb999396b1c154280f6b0c"",""qTokenName"":""qDJED"",""qTokenAmount"":1752.524243,""market"":{""id"":""DJED"",""displayName"":""DJED""},""amountInUsd"":55.78404639587038}]",false,false,true
79e2bda3acd86e9188c5a008fb825437e9d91a04d871b38961f05d907cc00902-11,Ada,d009682aa31e020f738747252cf1167b9f8432546e9b736feb5174ff,0,0,0.0503662671,126.70092545864532,0,0,"[{""id"":""d753e0d193680fe32710379d3a1ec48087ce94f3831505b922c2894b"",""qTokenName"":""qAGIX"",""qTokenAmount"":22195.15585757,""market"":{""id"":""AGIX"",""displayName"":""AGIX""},""amountInUsd"":126.70092544758465},{""id"":""f2636c8280e49e7ed7a7b1151341130989631b45a08d1b320f016981"",""qTokenName"":""qWMT"",""qTokenAmount"":0.000001,""market"":{""id"":""WMT"",""displayName"":""WMT""},""amountInUsd"":1.106065807742286e-8}]",false,false,true
79e2bda3acd86e9188c5a008fb825437e9d91a04d871b38961f05d907cc00902-14,Ada,610dedb134b764d5385f77ce4c6a346a7ae93e31cbc45f26513b6485,0,0,0.0503662671,111.47273073451977,0,0,"[{""id"":""6df63e2fdde8b2c3b3396265b0cc824aa4fb999396b1c154280f6b0c"",""qTokenName"":""qDJED"",""qTokenAmount"":3502.05257,""market"":{""id"":""DJED"",""displayName"":""DJED""},""amountInUsd"":111.47273073451976}]",false,false,true
79e2bda3acd86e9188c5a008fb825437e9d91a04d871b38961f05d907cc00902-16,Ada,2121339e714233a404ef79381586af548f37fbc2d75de7deadef8e2f,0,0,0.0503662671,4.83746927354954,0,0,"[{""id"":""3883e3e6a24e092d4c14e757fa8ef5c887853060def087d6cf5603f5"",""qTokenName"":""qLQ"",""qTokenAmount"":649.394467,""market"":{""id"":""LQ"",""displayName"":""LQ""},""amountInUsd"":4.83746927354954}]",false,false,true
79e2bda3acd86e9188c5a008fb825437e9d91a04d871b38961f05d907cc00902-17,Ada,dd7e88dc3514ee30f78b8a48885e0cbb3bf27a71ea1c205b459316d6,0,0,0.0503662671,748.9856316402669,0,0,"[{""id"":""4e8c49d610335d139ad7711e0f50315006e29b5221da531e365b4ef8"",""qTokenName"":""qSNEK"",""qTokenAmount"":60585231,""market"":{""id"":""SNEK"",""displayName"":""SNEK""},""amountInUsd"":748.9856316402669}]",false,false,true
79e2bda3acd86e9188c5a008fb825437e9d91a04d871b38961f05d907cc00902-18,Ada,ab4016e775734957466338ed9e48d682b75e7391e3890a52f5a645d0,72.23515170877167,0.007614021525384466,0.0503662671,16.04351151264073,0.122155642,0.122155642,"[{""id"":""a4430a085f45bca6399bec6bd7514eb8c2fce1ed75c7554739cfc32b"",""qTokenName"":""qMIN"",""qTokenAmount"":208073.964739,""market"":{""id"":""MIN"",""displayName"":""MIN""},""amountInUsd"":16.043511512640727}]",true,false,true
79e2bda3acd86e9188c5a008fb825437e9d91a04d871b38961f05d907cc00902-19,Ada,c5cbb66dc99a8b3f3d099b3fe242164533fa51e4535d3d0d41d4db2e,0,0,0.0503662671,16.072857181297252,0,0,"[{""id"":""f60b7232837203d335cd77494d25c1cc0b218b9a8f3459730c521d13"",""qTokenName"":""qIAG"",""qTokenAmount"":35406.172598,""market"":{""id"":""IAG"",""displayName"":""IAG""},""amountInUsd"":16.072857181297252}]",false,false,true
79e2bda3acd86e9188c5a008fb825437e9d91a04d871b38961f05d907cc00902-21,Ada,6e67cee8778c01a0baae12388edc137b173f0e137c4cafa1ed3cb465,3.7235803592540417,0.17381428265028925,0.0503662671,688.1021977902515,119.601989899,119.601989899,"[{""id"":""f60b7232837203d335cd77494d25c1cc0b218b9a8f3459730c521d13"",""qTokenName"":""qIAG"",""qTokenAmount"":445159.392222,""market"":{""id"":""IAG"",""displayName"":""IAG""},""amountInUsd"":202.08293664877687},{""id"":""d15c36d6dec655677acb3318294f116ce01d8d9def3cc54cdd78909b"",""qTokenName"":""qiUSD"",""qTokenAmount"":17600.809437,""market"":{""id"":""IUSD"",""displayName"":""iUSD""},""amountInUsd"":486.0192611414746}]",true,false,true
79e2bda3acd86e9188c5a008fb825437e9d91a04d871b38961f05d907cc00902-22,Ada,34aa8c92b3c58fb63fb49c7bfd3b828d7fa8bd3d523e00ec0bdbf9ab,1.6042637535026683,0.24933555914771513,0.0503662671,1711.546867886496,426.749495312,426.749495312,"[{""id"":""f60b7232837203d335cd77494d25c1cc0b218b9a8f3459730c521d13"",""qTokenName"":""qIAG"",""qTokenAmount"":1048824.044766,""market"":{""id"":""IAG"",""displayName"":""IAG""},""amountInUsd"":476.1203440777068},{""id"":""4e8c49d610335d139ad7711e0f50315006e29b5221da531e365b4ef8"",""qTokenName"":""qSNEK"",""qTokenAmount"":99933294,""market"":{""id"":""SNEK"",""displayName"":""SNEK""},""amountInUsd"":1235.4265238087892}]",true,false,true
79e2bda3acd86e9188c5a008fb825437e9d91a04d871b38961f05d907cc00902-25,Ada,92bcb17527c3e1c00a4edab0639e4cdc26a1c4151c1aa01facbc0bc6,0,0,0.0503662671,155.66065082801313,0,0,"[{""id"":""4e8c49d610335d139ad7711e0f50315006e29b5221da531e365b4ef8"",""qTokenName"":""qSNEK"",""qTokenAmount"":12591345,""market"":{""id"":""SNEK"",""displayName"":""SNEK""},""amountInUsd"":155.66065082801313}]",false,false,true
79e2bda3acd86e9188c5a008fb825437e9d91a04d871b38961f05d907cc00902-27,Ada,854f68554c0d35593418317bb667586d7caf7598c9a59a32c7a02ab6,0,0,0.0503662671,425.3448494642352,0,0,"[{""id"":""f60b7232837203d335cd77494d25c1cc0b218b9a8f3459730c521d13"",""qTokenName"":""qIAG"",""qTokenAmount"":42815.915459,""market"":{""id"":""IAG"",""displayName"":""IAG""},""amountInUsd"":19.43655706795818},{""id"":""3883e3e6a24e092d4c14e757fa8ef5c887853060def087d6cf5603f5"",""qTokenName"":""qLQ"",""qTokenAmount"":1800.423295,""market"":{""id"":""LQ"",""displayName"":""LQ""},""amountInUsd"":13.41171323676418},{""id"":""a4430a085f45bca6399bec6bd7514eb8c2fce1ed75c7554739cfc32b"",""qTokenName"":""qMIN"",""qTokenAmount"":2730541.940037,""market"":{""id"":""MIN"",""displayName"":""MIN""},""amountInUsd"":210.53802240795662},{""id"":""4e8c49d610335d139ad7711e0f50315006e29b5221da531e365b4ef8"",""qTokenName"":""qSNEK"",""qTokenAmount"":14718575,""market"":{""id"":""SNEK"",""displayName"":""SNEK""},""amountInUsd"":181.9585567515562}]",false,false,true
79e2bda3acd86e9188c5a008fb825437e9d91a04d871b38961f05d907cc00902-32,Ada,df31b6a37d656e27385fa24c37cf15c7b0b0d82e500d9135dcd20f84,0,0,0.0503662671,78.85291528067734,0,0,"[{""id"":""a04ce7a52545e5e33c2867e148898d9e667a69602285f6a1298f9d68"",""qTokenName"":""qADA"",""qTokenAmount"":14997.319384,""market"":{""id"":""Ada"",""displayName"":""ADA""},""amountInUsd"":78.85291528067734}]",false,false,true
79e2bda3acd86e9188c5a008fb825437e9d91a04d871b38961f05d907cc00902-33,Ada,ab4016e775734957466338ed9e48d682b75e7391e3890a52f5a645d0,313.2547186928861,0.001276916120111693,0.0503662671,255.26071044626576,0.325946516,0.325946516,"[{""id"":""4e8c49d610335d139ad7711e0f50315006e29b5221da531e365b4ef8"",""qTokenName"":""qSNEK"",""qTokenAmount"":20647965,""market"":{""id"":""SNEK"",""displayName"":""SNEK""},""amountInUsd"":255.26071044626573}]",true,false,true
79e2bda3acd86e9188c5a008fb825437e9d91a04d871b38961f05d907cc00902-34,Ada,7a5e8f683698390fc9c2b4d353205bbb5993b3661b84bf9ebc61ed1a,1.1643147130724563,0.47238087247788046,0.0503662671,16845.574056619145,7957.5269702565,7957.5269702565,"[{""id"":""a4430a085f45bca6399bec6bd7514eb8c2fce1ed75c7554739cfc32b"",""qTokenName"":""qMIN"",""qTokenAmount"":218476197.02853,""market"":{""id"":""MIN"",""displayName"":""MIN""},""amountInUsd"":16845.574056619145}]",true,false,true
79e2bda3acd86e9188c5a008fb825437e9d91a04d871b38961f05d907cc00902-36,Ada,c6ebb5c8a1b82589fca7cf8de7da85b2fae84126da9abccd624be004,4.317798198320696,0.18527961781797508,0.0503662671,10275.68288342936,1903.8745974605,1903.8745974605,"[{""id"":""6df63e2fdde8b2c3b3396265b0cc824aa4fb999396b1c154280f6b0c"",""qTokenName"":""qDJED"",""qTokenAmount"":322823.182076,""market"":{""id"":""DJED"",""displayName"":""DJED""},""amountInUsd"":10275.682883429357}]",true,false,true
79e2bda3acd86e9188c5a008fb825437e9d91a04d871b38961f05d907cc00902-37,Ada,f3788c468ac91cfbed51617f4202d2d1d051745894b504c213aa9873,1.0790781083055931,0.7506407495115353,0.0503662671,71.92717958308805,53.9914719925,53.9914719925,"[{""id"":""a04ce7a52545e5e33c2867e148898d9e667a69602285f6a1298f9d68"",""qTokenName"":""qADA"",""qTokenAmount"":13680.088818,""market"":{""id"":""Ada"",""displayName"":""ADA""},""amountInUsd"":71.92717958308803}]",true,false,true
79e2bda3acd86e9188c5a008fb825437e9d91a04d871b38961f05d907cc00902-38,Ada,f4a27b82031635b79480f6de1065b5b591d9ff3a3200785e4369b2a4,3.705084244283279,0.18959198927515716,0.0503662671,32106.953940551473,6087.221267155,6087.221267155,"[{""id"":""6df63e2fdde8b2c3b3396265b0cc824aa4fb999396b1c154280f6b0c"",""qTokenName"":""qDJED"",""qTokenAmount"":614274.104516,""market"":{""id"":""DJED"",""displayName"":""DJED""},""amountInUsd"":19552.76526585674},{""id"":""c45fa8aefc662c003a32be67f6a4652d8ce56bd9e54d7696efd40c86"",""qTokenName"":""qNIGHT"",""qTokenAmount"":51947.600081,""market"":{""id"":""NIGHT"",""displayName"":""NIGHT""},""amountInUsd"":25.583171671512925},{""id"":""e1ff3557106fe13042ba0f772af6a2e43903ccfaaf03295048882c93"",""qTokenName"":""qSHEN"",""qTokenAmount"":3984139.818341,""market"":{""id"":""SHEN"",""displayName"":""SHEN""},""amountInUsd"":12528.605503023222}]",true,false,true
79e2bda3acd86e9188c5a008fb825437e9d91a04d871b38961f05d907cc00902-41,Ada,dac76f584482acd7616cbadfd15471ce96fca7b0edb8667c683dfaa2,1.4118194241494124,0.2833223521067437,0.0503662671,1658.7888561416246,469.9719603705,469.9719603705,"[{""id"":""f60b7232837203d335cd77494d25c1cc0b218b9a8f3459730c521d13"",""qTokenName"":""qIAG"",""qTokenAmount"":3654071.201014,""market"":{""id"":""IAG"",""displayName"":""IAG""},""amountInUsd"":1658.7888561416246}]",true,false,true
79e2bda3acd86e9188c5a008fb825437e9d91a04d871b38961f05d907cc00902-42,Ada,7e8ada0ddd9b2e903c912db81f65972d887140c32d5e254e008e2616,2.5353310777622413,0.16457426349650225,0.0503662671,2279.095347289655,375.0804382185,375.0804382185,"[{""id"":""f60b7232837203d335cd77494d25c1cc0b218b9a8f3459730c521d13"",""qTokenName"":""qIAG"",""qTokenAmount"":2906309.12461,""market"":{""id"":""IAG"",""displayName"":""IAG""},""amountInUsd"":1319.337506906811},{""id"":""b122b2fc62557df9c3fd0b5c62a4b2c970a0d711560e0a8dd7b264f3"",""qTokenName"":""qrsERG"",""qTokenAmount"":49757.109357597,""market"":{""id"":""ERG"",""displayName"":""rsERG""},""amountInUsd"":341.86915443635934},{""id"":""4e8c49d610335d139ad7711e0f50315006e29b5221da531e365b4ef8"",""qTokenName"":""qSNEK"",""qTokenAmount"":49980837,""market"":{""id"":""SNEK"",""displayName"":""SNEK""},""amountInUsd"":617.8886859464845}]",true,false,true
79e2bda3acd86e9188c5a008fb825437e9d91a04d871b38961f05d907cc00902-44,Ada,a6a96d87c9addf54fc0869fa58d494fc74e67cf7e01f28f750a54064,1.1498882505469434,0.4571345897620259,0.0503662671,131.8472275853731,60.2719282935,60.2719282935,"[{""id"":""f60b7232837203d335cd77494d25c1cc0b218b9a8f3459730c521d13"",""qTokenName"":""qIAG"",""qTokenAmount"":98714.247343,""market"":{""id"":""IAG"",""displayName"":""IAG""},""amountInUsd"":44.81196025669588},{""id"":""3883e3e6a24e092d4c14e757fa8ef5c887853060def087d6cf5603f5"",""qTokenName"":""qLQ"",""qTokenAmount"":5399.999989,""market"":{""id"":""LQ"",""displayName"":""LQ""},""amountInUsd"":40.22568000098984},{""id"":""a4430a085f45bca6399bec6bd7514eb8c2fce1ed75c7554739cfc32b"",""qTokenName"":""qMIN"",""qTokenAmount"":431913.957367,""market"":{""id"":""MIN"",""displayName"":""MIN""},""amountInUsd"":33.30266021594617},{""id"":""c45fa8aefc662c003a32be67f6a4652d8ce56bd9e54d7696efd40c86"",""qTokenName"":""qNIGHT"",""qTokenAmount"":27426.327624,""market"":{""id"":""NIGHT"",""displayName"":""NIGHT""},""amountInUsd"":13.506927111741218}]",true,false,true
79e2bda3acd86e9188c5a008fb825437e9d91a04d871b38961f05d907cc00902-45,Ada,cc44caff48e05e1e04f2282cfb3753c1b94ea44daafd64f7b0191ff1,1.5870538504370848,0.25203933684407587,0.0503662671,298.0083504146287,75.1098270125,75.1098270125,"[{""id"":""f60b7232837203d335cd77494d25c1cc0b218b9a8f3459730c521d13"",""qTokenName"":""qIAG"",""qTokenAmount"":656469.162353,""market"":{""id"":""IAG"",""displayName"":""IAG""},""amountInUsd"":298.0083504146287}]",true,false,true
79e2bda3acd86e9188c5a008fb825437e9d91a04d871b38961f05d907cc00902-2,Ada,63d819595cffaa2ecb12bebc4606d70a387e091d38a990df99e37712,1.2449000195718412,0.6506546608285729,0.0503662671,116.70934589678924,75.93747987,75.93747987,"[{""id"":""a04ce7a52545e5e33c2867e148898d9e667a69602285f6a1298f9d68"",""qTokenName"":""qADA"",""qTokenAmount"":22197.369993,""market"":{""id"":""Ada"",""displayName"":""ADA""},""amountInUsd"":116.70934589678924}]",true,false,true
79e2bda3acd86e9188c5a008fb825437e9d91a04d871b38961f05d907cc00902-4,Ada,d3ac1b26ff6f4268dadcddd90d7ff96ea57b7808a4018734228e7a7d,3.6068764218370712,0.22457104299332967,0.0503662671,131.43269609286492,29.515977645,29.515977645,"[{""id"":""a04ce7a52545e5e33c2867e148898d9e667a69602285f6a1298f9d68"",""qTokenName"":""qADA"",""qTokenAmount"":24997.656888,""market"":{""id"":""Ada"",""displayName"":""ADA""},""amountInUsd"":131.43269609286492}]",true,false,true
79e2bda3acd86e9188c5a008fb825437e9d91a04d871b38961f05d907cc00902-12,Ada,6c6793884a4fc38a2cb681d12b11559f70bb67ff96a34048eb88d155,0,0,0.0503662671,530.7730052171006,0,0,"[{""id"":""e1ff3557106fe13042ba0f772af6a2e43903ccfaaf03295048882c93"",""qTokenName"":""qSHEN"",""qTokenAmount"":0.000001,""market"":{""id"":""SHEN"",""displayName"":""SHEN""},""amountInUsd"":3.1446199366166183e-9},{""id"":""f2636c8280e49e7ed7a7b1151341130989631b45a08d1b320f016981"",""qTokenName"":""qWMT"",""qTokenAmount"":47987.470682,""market"":{""id"":""WMT"",""displayName"":""WMT""},""amountInUsd"":530.773005213956}]",false,false,true
79e2bda3acd86e9188c5a008fb825437e9d91a04d871b38961f05d907cc00902-13,Ada,4f3e26f997727f545315520c7ebea39f54580a528754927778354dee,2.1753604995996114,0.3723520768852268,0.0503662671,84.12481005351091,31.324047741,31.324047741,"[{""id"":""a04ce7a52545e5e33c2867e148898d9e667a69602285f6a1298f9d68"",""qTokenName"":""qADA"",""qTokenAmount"":16000,""market"":{""id"":""Ada"",""displayName"":""ADA""},""amountInUsd"":84.12481005351091}]",true,false,true
79e2bda3acd86e9188c5a008fb825437e9d91a04d871b38961f05d907cc00902-15,Ada,3acb4d744140cae57098dddb95673ef86777e53d7f82317723aa88bf,0,0,0.0503662671,151.79287206075176,0,0,"[{""id"":""6df63e2fdde8b2c3b3396265b0cc824aa4fb999396b1c154280f6b0c"",""qTokenName"":""qDJED"",""qTokenAmount"":4768.759267,""market"":{""id"":""DJED"",""displayName"":""DJED""},""amountInUsd"":151.79287206075176}]",false,false,true
79e2bda3acd86e9188c5a008fb825437e9d91a04d871b38961f05d907cc00902-20,Ada,f7315c71937b8ee2b38ba0cabbb3d24b34186c415cb1a75e1f383666,6.029428704902047,0.13268255404522553,0.0503662671,257.6346638484841,34.18362521,34.18362521,"[{""id"":""6df63e2fdde8b2c3b3396265b0cc824aa4fb999396b1c154280f6b0c"",""qTokenName"":""qDJED"",""qTokenAmount"":8093.908983,""market"":{""id"":""DJED"",""displayName"":""DJED""},""amountInUsd"":257.6346638484841}]",true,false,true
79e2bda3acd86e9188c5a008fb825437e9d91a04d871b38961f05d907cc00902-24,Ada,9af2b2ddc1a922f35e40e59121ebf7b6ebfd7ed2f40c790a30359314,192.5223911619228,0.0020776804068653822,0.0503662671,344.7661734369966,0.7163139235,0.7163139235,"[{""id"":""4e8c49d610335d139ad7711e0f50315006e29b5221da531e365b4ef8"",""qTokenName"":""qSNEK"",""qTokenAmount"":27888036,""market"":{""id"":""SNEK"",""displayName"":""SNEK""},""amountInUsd"":344.7661734369966}]",true,false,true
79e2bda3acd86e9188c5a008fb825437e9d91a04d871b38961f05d907cc00902-26,Ada,ad4777b70337d0ced4b52aaa6bacb63de8b472344b8f00f330bd09a1,379.4987748494238,0.001091991377672339,0.0503662671,655.0716531524129,0.715332597,0.715332597,"[{""id"":""dd55119962ca550cdd4219999b9e6d25fc9128f96c7dcb5e485286eb"",""qTokenName"":""qCOPI"",""qTokenAmount"":0.000001,""market"":{""id"":""COPI"",""displayName"":""COPI""},""amountInUsd"":1.7954527732268313e-10},{""id"":""f60b7232837203d335cd77494d25c1cc0b218b9a8f3459730c521d13"",""qTokenName"":""qIAG"",""qTokenAmount"":242934.073002,""market"":{""id"":""IAG"",""displayName"":""IAG""},""amountInUsd"":110.28146713752815},{""id"":""a4430a085f45bca6399bec6bd7514eb8c2fce1ed75c7554739cfc32b"",""qTokenName"":""qMIN"",""qTokenAmount"":816133.970226,""market"":{""id"":""MIN"",""displayName"":""MIN""},""amountInUsd"":62.92788606975503},{""id"":""4e8c49d610335d139ad7711e0f50315006e29b5221da531e365b4ef8"",""qTokenName"":""qSNEK"",""qTokenAmount"":38977702,""market"":{""id"":""SNEK"",""displayName"":""SNEK""},""amountInUsd"":481.86229994495017}]",true,false,true
79e2bda3acd86e9188c5a008fb825437e9d91a04d871b38961f05d907cc00902-28,Ada,854f68554c0d35593418317bb667586d7caf7598c9a59a32c7a02ab6,0,0,0.0503662671,109.50181097589741,0,0,"[{""id"":""f60b7232837203d335cd77494d25c1cc0b218b9a8f3459730c521d13"",""qTokenName"":""qIAG"",""qTokenAmount"":0.000001,""market"":{""id"":""IAG"",""displayName"":""IAG""},""amountInUsd"":4.539563585080971e-10},{""id"":""a4430a085f45bca6399bec6bd7514eb8c2fce1ed75c7554739cfc32b"",""qTokenName"":""qMIN"",""qTokenAmount"":72396.121083,""market"":{""id"":""MIN"",""displayName"":""MIN""},""amountInUsd"":5.582091942750111},{""id"":""4e8c49d610335d139ad7711e0f50315006e29b5221da531e365b4ef8"",""qTokenName"":""qSNEK"",""qTokenAmount"":8406036,""market"":{""id"":""SNEK"",""displayName"":""SNEK""},""amountInUsd"":103.91971903269332}]",false,false,true
79e2bda3acd86e9188c5a008fb825437e9d91a04d871b38961f05d907cc00902-29,Ada,3ff27f47760d508cbc7e9db201e9fa0a985717f9cbfd307d429ba670,1.366548526116642,0.45218061037366586,0.0503662671,1389.8034662989594,628.4421796905,628.4421796905,"[{""id"":""c45fa8aefc662c003a32be67f6a4652d8ce56bd9e54d7696efd40c86"",""qTokenName"":""qNIGHT"",""qTokenAmount"":1499999.701442,""market"":{""id"":""NIGHT"",""displayName"":""NIGHT""},""amountInUsd"":738.720360697558},{""id"":""4e8c49d610335d139ad7711e0f50315006e29b5221da531e365b4ef8"",""qTokenName"":""qSNEK"",""qTokenAmount"":52665924,""market"":{""id"":""SNEK"",""displayName"":""SNEK""},""amountInUsd"":651.0831056014013}]",true,false,true
79e2bda3acd86e9188c5a008fb825437e9d91a04d871b38961f05d907cc00902-30,Ada,a7c4ad49f24faecad3a91f5e5a4109cfa822faade50e6840a3db3d67,1.2081701060563725,0.6704353931119413,0.0503662671,6362.213862797672,4265.453352167,4265.453352167,"[{""id"":""c45fa8aefc662c003a32be67f6a4652d8ce56bd9e54d7696efd40c86"",""qTokenName"":""qNIGHT"",""qTokenAmount"":12918716.475738,""market"":{""id"":""NIGHT"",""displayName"":""NIGHT""},""amountInUsd"":6362.213862797672}]",true,false,true
79e2bda3acd86e9188c5a008fb825437e9d91a04d871b38961f05d907cc00902-31,Ada,921c99c741c1700d26a75f2e405118c8f6270dc77508cd78d295bdf7,2.980173001159577,0.2684407917556203,0.0503662671,7570.736076162874,2032.294386458,2032.294386458,"[{""id"":""6df63e2fdde8b2c3b3396265b0cc824aa4fb999396b1c154280f6b0c"",""qTokenName"":""qDJED"",""qTokenAmount"":237843.960201,""market"":{""id"":""DJED"",""displayName"":""DJED""},""amountInUsd"":7570.736076162873}]",true,false,true
79e2bda3acd86e9188c5a008fb825437e9d91a04d871b38961f05d907cc00902-35,Ada,ddcb970c255291b18778d73f33058983e45c728f7eb32d64cabc6262,2.7750714413239783,0.28626404501883185,0.0503662671,15914.540676408733,4555.7607886455,4555.7607886455,"[{""id"":""6df63e2fdde8b2c3b3396265b0cc824aa4fb999396b1c154280f6b0c"",""qTokenName"":""qDJED"",""qTokenAmount"":446275.786286,""market"":{""id"":""DJED"",""displayName"":""DJED""},""amountInUsd"":14205.26378848601},{""id"":""d15c36d6dec655677acb3318294f116ce01d8d9def3cc54cdd78909b"",""qTokenName"":""qiUSD"",""qTokenAmount"":61247.002247,""market"":{""id"":""IUSD"",""displayName"":""iUSD""},""amountInUsd"":1691.2416946371359},{""id"":""a4430a085f45bca6399bec6bd7514eb8c2fce1ed75c7554739cfc32b"",""qTokenName"":""qMIN"",""qTokenAmount"":233904.788787,""market"":{""id"":""MIN"",""displayName"":""MIN""},""amountInUsd"":18.035193285585816}]",true,false,true
79e2bda3acd86e9188c5a008fb825437e9d91a04d871b38961f05d907cc00902-39,Ada,a6a96d87c9addf54fc0869fa58d494fc74e67cf7e01f28f750a54064,1.5926870002894882,0.2580157734423386,0.0503662671,128.44307161285317,33.1403384655,33.1403384655,"[{""id"":""3883e3e6a24e092d4c14e757fa8ef5c887853060def087d6cf5603f5"",""qTokenName"":""qLQ"",""qTokenAmount"":356.221436,""market"":{""id"":""LQ"",""displayName"":""LQ""},""amountInUsd"":2.653564726521906},{""id"":""c45fa8aefc662c003a32be67f6a4652d8ce56bd9e54d7696efd40c86"",""qTokenName"":""qNIGHT"",""qTokenAmount"":4986.817407,""market"":{""id"":""NIGHT"",""displayName"":""NIGHT""},""amountInUsd"":2.4559095245755582},{""id"":""4e8c49d610335d139ad7711e0f50315006e29b5221da531e365b4ef8"",""qTokenName"":""qSNEK"",""qTokenAmount"":9976419,""market"":{""id"":""SNEK"",""displayName"":""SNEK""},""amountInUsd"":123.33359736175571}]",true,false,true
79e2bda3acd86e9188c5a008fb825437e9d91a04d871b38961f05d907cc00902-43,Ada,ad4777b70337d0ced4b52aaa6bacb63de8b472344b8f00f330bd09a1,1.1144565163439957,0.335124037439992,0.0503662671,314.7133476090485,105.468007687,105.468007687,"[{""id"":""dd55119962ca550cdd4219999b9e6d25fc9128f96c7dcb5e485286eb"",""qTokenName"":""qCOPI"",""qTokenAmount"":562561.715453,""market"":{""id"":""COPI"",""displayName"":""COPI""},""amountInUsd"":101.00529921213324},{""id"":""a4430a085f45bca6399bec6bd7514eb8c2fce1ed75c7554739cfc32b"",""qTokenName"":""qMIN"",""qTokenAmount"":2771655.12622,""market"":{""id"":""MIN"",""displayName"":""MIN""},""amountInUsd"":213.7080483969153}]",true,false,true
f8cdc0936fe6539e85ab48b3c4b5643fb078cb71d3772574ba293d3ff1157e1c-3,Ada,94275840268d6b1ef5de783596d50183aeca94277944210de3e2ee30,1.7101658932388095,0.32160622672598077,0.0503662671,807.3607097126647,259.6522314575,259.6522314575,"[{""id"":""3883e3e6a24e092d4c14e757fa8ef5c887853060def087d6cf5603f5"",""qTokenName"":""qLQ"",""qTokenAmount"":48765.886307,""market"":{""id"":""LQ"",""displayName"":""LQ""},""amountInUsd"":363.2668410270314},{""id"":""e1ff3557106fe13042ba0f772af6a2e43903ccfaaf03295048882c93"",""qTokenName"":""qSHEN"",""qTokenAmount"":141223.38395,""market"":{""id"":""SHEN"",""displayName"":""SHEN""},""amountInUsd"":444.09386868563337}]",true,false,true
f8cdc0936fe6539e85ab48b3c4b5643fb078cb71d3772574ba293d3ff1157e1c-4,Ada,763ec0eca1dd4f4f949146d3ff5b06c76a89cbe0bfc756ae69eafcd1,6.046807311186577,0.06615061129201208,0.0503662671,903.7685748373308,59.784843692,59.784843692,"[{""id"":""f60b7232837203d335cd77494d25c1cc0b218b9a8f3459730c521d13"",""qTokenName"":""qIAG"",""qTokenAmount"":1636789.931037,""market"":{""id"":""IAG"",""displayName"":""IAG""},""amountInUsd"":743.031196736276},{""id"":""4e8c49d610335d139ad7711e0f50315006e29b5221da531e365b4ef8"",""qTokenName"":""qSNEK"",""qTokenAmount"":13002000,""market"":{""id"":""SNEK"",""displayName"":""SNEK""},""amountInUsd"":160.73737810105487}]",true,false,true
f8cdc0936fe6539e85ab48b3c4b5643fb078cb71d3772574ba293d3ff1157e1c-6,Ada,8b4ae11c3984e1877ce44961f333084960499a1f7aea835adf908f32,3.3832813067924685,0.23645683803882175,0.0503662671,6412.803957536824,1516.351346762,1516.351346762,"[{""id"":""6df63e2fdde8b2c3b3396265b0cc824aa4fb999396b1c154280f6b0c"",""qTokenName"":""qDJED"",""qTokenAmount"":201466.102359,""market"":{""id"":""DJED"",""displayName"":""DJED""},""amountInUsd"":6412.803957536824}]",true,false,true
f8cdc0936fe6539e85ab48b3c4b5643fb078cb71d3772574ba293d3ff1157e1c-11,Ada,a6a96d87c9addf54fc0869fa58d494fc74e67cf7e01f28f750a54064,1.1960299056936174,0.4013333810206111,0.0503662671,270.7651300625782,108.6670851105,108.6670851105,"[{""id"":""f60b7232837203d335cd77494d25c1cc0b218b9a8f3459730c521d13"",""qTokenName"":""qIAG"",""qTokenAmount"":19975.76399,""market"":{""id"":""IAG"",""displayName"":""IAG""},""amountInUsd"":9.068125079317577},{""id"":""3883e3e6a24e092d4c14e757fa8ef5c887853060def087d6cf5603f5"",""qTokenName"":""qLQ"",""qTokenAmount"":1028.418297,""market"":{""id"":""LQ"",""displayName"":""LQ""},""amountInUsd"":7.660893593806437},{""id"":""a4430a085f45bca6399bec6bd7514eb8c2fce1ed75c7554739cfc32b"",""qTokenName"":""qMIN"",""qTokenAmount"":1338388.388787,""market"":{""id"":""MIN"",""displayName"":""MIN""},""amountInUsd"":103.19623385281828},{""id"":""c45fa8aefc662c003a32be67f6a4652d8ce56bd9e54d7696efd40c86"",""qTokenName"":""qNIGHT"",""qTokenAmount"":24933.333702,""market"":{""id"":""NIGHT"",""displayName"":""NIGHT""},""amountInUsd"":12.279176621186956},{""id"":""4e8c49d610335d139ad7711e0f50315006e29b5221da531e365b4ef8"",""qTokenName"":""qSNEK"",""qTokenAmount"":11208135,""market"":{""id"":""SNEK"",""displayName"":""SNEK""},""amountInUsd"":138.56070091544888}]",true,false,true
f8cdc0936fe6539e85ab48b3c4b5643fb078cb71d3772574ba293d3ff1157e1c-14,Ada,a6a96d87c9addf54fc0869fa58d494fc74e67cf7e01f28f750a54064,1.6567695068957116,0.282139129437324,0.0503662671,106.56263801288476,30.0654899195,30.0654899195,"[{""id"":""3883e3e6a24e092d4c14e757fa8ef5c887853060def087d6cf5603f5"",""qTokenName"":""qLQ"",""qTokenAmount"":1249.999996,""market"":{""id"":""LQ"",""displayName"":""LQ""},""amountInUsd"":9.3114999894002},{""id"":""c45fa8aefc662c003a32be67f6a4652d8ce56bd9e54d7696efd40c86"",""qTokenName"":""qNIGHT"",""qTokenAmount"":28674.200094,""market"":{""id"":""NIGHT"",""displayName"":""NIGHT""},""amountInUsd"":14.12147976815626},{""id"":""4e8c49d610335d139ad7711e0f50315006e29b5221da531e365b4ef8"",""qTokenName"":""qSNEK"",""qTokenAmount"":6724334,""market"":{""id"":""SNEK"",""displayName"":""SNEK""},""amountInUsd"":83.12965825532831}]",true,false,true
f8cdc0936fe6539e85ab48b3c4b5643fb078cb71d3772574ba293d3ff1157e1c-16,Ada,25b503f2074927831b87c6e46911772f46cc63822b5d0381d947aa29,1.1448271334466906,0.7075304002983941,0.0503662671,4.503878984784356,3.186631301,3.186631301,"[{""id"":""c45fa8aefc662c003a32be67f6a4652d8ce56bd9e54d7696efd40c86"",""qTokenName"":""qNIGHT"",""qTokenAmount"":9145.297046,""market"":{""id"":""NIGHT"",""displayName"":""NIGHT""},""amountInUsd"":4.503878984784356}]",true,false,true
f8cdc0936fe6539e85ab48b3c4b5643fb078cb71d3772574ba293d3ff1157e1c-17,Ada,a6a96d87c9addf54fc0869fa58d494fc74e67cf7e01f28f750a54064,1.1599650172766018,0.4356036533275052,0.0503662671,207.16707163186186,90.242733252,90.242733252,"[{""id"":""f60b7232837203d335cd77494d25c1cc0b218b9a8f3459730c521d13"",""qTokenName"":""qIAG"",""qTokenAmount"":42440.060491,""market"":{""id"":""IAG"",""displayName"":""IAG""},""amountInUsd"":19.265935315357723},{""id"":""3883e3e6a24e092d4c14e757fa8ef5c887853060def087d6cf5603f5"",""qTokenName"":""qLQ"",""qTokenAmount"":2675.027614,""market"":{""id"":""LQ"",""displayName"":""LQ""},""amountInUsd"":19.926815743290803},{""id"":""a4430a085f45bca6399bec6bd7514eb8c2fce1ed75c7554739cfc32b"",""qTokenName"":""qMIN"",""qTokenAmount"":1235680.742085,""market"":{""id"":""MIN"",""displayName"":""MIN""},""amountInUsd"":95.27697632164806},{""id"":""c45fa8aefc662c003a32be67f6a4652d8ce56bd9e54d7696efd40c86"",""qTokenName"":""qNIGHT"",""qTokenAmount"":22440.000332,""market"":{""id"":""NIGHT"",""displayName"":""NIGHT""},""amountInUsd"":11.051258959166757},{""id"":""4e8c49d610335d139ad7711e0f50315006e29b5221da531e365b4ef8"",""qTokenName"":""qSNEK"",""qTokenAmount"":4986534,""market"":{""id"":""SNEK"",""displayName"":""SNEK""},""amountInUsd"":61.64608529239852}]",true,false,true
f8cdc0936fe6539e85ab48b3c4b5643fb078cb71d3772574ba293d3ff1157e1c-23,Ada,7dd505f0090d9447747b2bbe9ed1922728d3f3257b7d30e03c44b3b0,1.18700750826757,0.33698186171020733,0.0503662671,2606.254712560089,878.2605651295,878.2605651295,"[{""id"":""f60b7232837203d335cd77494d25c1cc0b218b9a8f3459730c521d13"",""qTokenName"":""qIAG"",""qTokenAmount"":5741201.028939,""market"":{""id"":""IAG"",""displayName"":""IAG""},""amountInUsd"":2606.254712560089}]",true,false,true
f8cdc0936fe6539e85ab48b3c4b5643fb078cb71d3772574ba293d3ff1157e1c-25,Ada,69dfb6ec1a8038195eb55eb33b789b9108435dcca65c3cbd132486c4,1.6825904423484688,0.48009849737566523,0.0503662671,4675.127115545245,2244.5215032135,2244.5215032135,"[{""id"":""c45fa8aefc662c003a32be67f6a4652d8ce56bd9e54d7696efd40c86"",""qTokenName"":""qNIGHT"",""qTokenAmount"":7413237.37483,""market"":{""id"":""NIGHT"",""displayName"":""NIGHT""},""amountInUsd"":3650.8736516457143},{""id"":""aa280c98c5b07fdfc8d7a93fb5ba84510b421388e4a18e16efa8eb5f"",""qTokenName"":""qUSDA"",""qTokenAmount"":45509.932294,""market"":{""id"":""USDA"",""displayName"":""USDA""},""amountInUsd"":1024.2534638995303}]",true,false,true
f8cdc0936fe6539e85ab48b3c4b5643fb078cb71d3772574ba293d3ff1157e1c-7,Ada,da112b2d4462f908f103244aff684e2dd3f7e31841402d34d3927c76,3.4622484192960736,0.2321120713219064,0.0503662671,220.44022660303125,51.1668375995,51.1668375995,"[{""id"":""c45fa8aefc662c003a32be67f6a4652d8ce56bd9e54d7696efd40c86"",""qTokenName"":""qNIGHT"",""qTokenAmount"":162467.667091,""market"":{""id"":""NIGHT"",""displayName"":""NIGHT""},""amountInUsd"":80.01213168227754},{""id"":""d3ff4ac09b0978b1ef7f830fd04d79c4246b53b8bcb08108f4ac5d98"",""qTokenName"":""qUSDCx"",""qTokenAmount"":6877.074816,""market"":{""id"":""USDCx"",""displayName"":""USDCx""},""amountInUsd"":140.42809492075372}]",true,false,true
f8cdc0936fe6539e85ab48b3c4b5643fb078cb71d3772574ba293d3ff1157e1c-8,Ada,a6a96d87c9addf54fc0869fa58d494fc74e67cf7e01f28f750a54064,1.3046788672306366,0.568191421758708,0.0503662671,39.31591107685997,22.3389634125,22.3389634125,"[{""id"":""a4430a085f45bca6399bec6bd7514eb8c2fce1ed75c7554739cfc32b"",""qTokenName"":""qMIN"",""qTokenAmount"":48425.632258,""market"":{""id"":""MIN"",""displayName"":""MIN""},""amountInUsd"":3.733851035196375},{""id"":""c45fa8aefc662c003a32be67f6a4652d8ce56bd9e54d7696efd40c86"",""qTokenName"":""qNIGHT"",""qTokenAmount"":63683.272299,""market"":{""id"":""NIGHT"",""displayName"":""NIGHT""},""amountInUsd"":31.362759497813894},{""id"":""4e8c49d610335d139ad7711e0f50315006e29b5221da531e365b4ef8"",""qTokenName"":""qSNEK"",""qTokenAmount"":341298,""market"":{""id"":""SNEK"",""displayName"":""SNEK""},""amountInUsd"":4.219300543849702}]",true,false,true
f8cdc0936fe6539e85ab48b3c4b5643fb078cb71d3772574ba293d3ff1157e1c-2,Ada,a6a96d87c9addf54fc0869fa58d494fc74e67cf7e01f28f750a54064,1.1150530431124102,0.49690633428184006,0.0503662671,249.17409690087138,123.816187089,123.816187089,"[{""id"":""f60b7232837203d335cd77494d25c1cc0b218b9a8f3459730c521d13"",""qTokenName"":""qIAG"",""qTokenAmount"":31912.275893,""market"":{""id"":""IAG"",""displayName"":""IAG""},""amountInUsd"":14.486780556092013},{""id"":""3883e3e6a24e092d4c14e757fa8ef5c887853060def087d6cf5603f5"",""qTokenName"":""qLQ"",""qTokenAmount"":6749.999985,""market"":{""id"":""LQ"",""displayName"":""LQ""},""amountInUsd"":50.282099991925804},{""id"":""a4430a085f45bca6399bec6bd7514eb8c2fce1ed75c7554739cfc32b"",""qTokenName"":""qMIN"",""qTokenAmount"":2232548.23575,""market"":{""id"":""MIN"",""displayName"":""MIN""},""amountInUsd"":172.14029332170168},{""id"":""c45fa8aefc662c003a32be67f6a4652d8ce56bd9e54d7696efd40c86"",""qTokenName"":""qNIGHT"",""qTokenAmount"":24904.391247,""market"":{""id"":""NIGHT"",""displayName"":""NIGHT""},""amountInUsd"":12.264923031151891}]",true,false,true
f8cdc0936fe6539e85ab48b3c4b5643fb078cb71d3772574ba293d3ff1157e1c-9,Ada,94275840268d6b1ef5de783596d50183aeca94277944210de3e2ee30,0,-1,0.0503662671,0,3.9611344815,3.9611344815,[],true,true,false
f8cdc0936fe6539e85ab48b3c4b5643fb078cb71d3772574ba293d3ff1157e1c-10,Ada,a6a96d87c9addf54fc0869fa58d494fc74e67cf7e01f28f750a54064,1.1932586625675183,0.4305621721535803,0.0503662671,230.59643977637901,99.286104001,99.286104001,"[{""id"":""a4430a085f45bca6399bec6bd7514eb8c2fce1ed75c7554739cfc32b"",""qTokenName"":""qMIN"",""qTokenAmount"":1833071.766482,""market"":{""id"":""MIN"",""displayName"":""MIN""},""amountInUsd"":141.33872070895583},{""id"":""c45fa8aefc662c003a32be67f6a4652d8ce56bd9e54d7696efd40c86"",""qTokenName"":""qNIGHT"",""qTokenAmount"":24934.112439,""market"":{""id"":""NIGHT"",""displayName"":""NIGHT""},""amountInUsd"":12.27956013384831},{""id"":""4e8c49d610335d139ad7711e0f50315006e29b5221da531e365b4ef8"",""qTokenName"":""qSNEK"",""qTokenAmount"":6226741,""market"":{""id"":""SNEK"",""displayName"":""SNEK""},""amountInUsd"":76.97815893357486}]",true,false,true
f8cdc0936fe6539e85ab48b3c4b5643fb078cb71d3772574ba293d3ff1157e1c-12,Ada,a6a96d87c9addf54fc0869fa58d494fc74e67cf7e01f28f750a54064,1.2938429189752192,0.3523361213874319,0.0503662671,268.70451978977,94.674308302,94.674308302,"[{""id"":""f60b7232837203d335cd77494d25c1cc0b218b9a8f3459730c521d13"",""qTokenName"":""qIAG"",""qTokenAmount"":24186.303653,""market"":{""id"":""IAG"",""displayName"":""IAG""},""amountInUsd"":10.979526332086966},{""id"":""3883e3e6a24e092d4c14e757fa8ef5c887853060def087d6cf5603f5"",""qTokenName"":""qLQ"",""qTokenAmount"":2675.027615,""market"":{""id"":""LQ"",""displayName"":""LQ""},""amountInUsd"":19.926815750740005},{""id"":""a4430a085f45bca6399bec6bd7514eb8c2fce1ed75c7554739cfc32b"",""qTokenName"":""qMIN"",""qTokenAmount"":800113.869856,""market"":{""id"":""MIN"",""displayName"":""MIN""},""amountInUsd"":61.69265865895354},{""id"":""c45fa8aefc662c003a32be67f6a4652d8ce56bd9e54d7696efd40c86"",""qTokenName"":""qNIGHT"",""qTokenAmount"":13713.333536,""market"":{""id"":""NIGHT"",""displayName"":""NIGHT""},""amountInUsd"":6.753547141603578},{""id"":""4e8c49d610335d139ad7711e0f50315006e29b5221da531e365b4ef8"",""qTokenName"":""qSNEK"",""qTokenAmount"":13698832,""market"":{""id"":""SNEK"",""displayName"":""SNEK""},""amountInUsd"":169.35197190638593}]",true,false,true
f8cdc0936fe6539e85ab48b3c4b5643fb078cb71d3772574ba293d3ff1157e1c-13,Ada,f968b7559378b79a500943e907721b74227fa651aa59bd8a4249df58,1.3811935771364106,0.48484363442726475,0.0503662671,47.674157486474314,23.114511784,23.114511784,"[{""id"":""6df63e2fdde8b2c3b3396265b0cc824aa4fb999396b1c154280f6b0c"",""qTokenName"":""qDJED"",""qTokenAmount"":716.896752,""market"":{""id"":""DJED"",""displayName"":""DJED""},""amountInUsd"":22.819314388575208},{""id"":""e1ff3557106fe13042ba0f772af6a2e43903ccfaaf03295048882c93"",""qTokenName"":""qSHEN"",""qTokenAmount"":7903.925943,""market"":{""id"":""SHEN"",""displayName"":""SHEN""},""amountInUsd"":24.854843097899106}]",true,false,true
f8cdc0936fe6539e85ab48b3c4b5643fb078cb71d3772574ba293d3ff1157e1c-15,Ada,a6a96d87c9addf54fc0869fa58d494fc74e67cf7e01f28f750a54064,1.4714386693421944,0.3205777464554445,0.0503662671,147.11851609623483,47.162922352,47.162922352,"[{""id"":""3883e3e6a24e092d4c14e757fa8ef5c887853060def087d6cf5603f5"",""qTokenName"":""qLQ"",""qTokenAmount"":4604.999983,""market"":{""id"":""LQ"",""displayName"":""LQ""},""amountInUsd"":34.30356594408534},{""id"":""a4430a085f45bca6399bec6bd7514eb8c2fce1ed75c7554739cfc32b"",""qTokenName"":""qMIN"",""qTokenAmount"":148626.12514,""market"":{""id"":""MIN"",""displayName"":""MIN""},""amountInUsd"":11.459794851094312},{""id"":""c45fa8aefc662c003a32be67f6a4652d8ce56bd9e54d7696efd40c86"",""qTokenName"":""qNIGHT"",""qTokenAmount"":18252.243583,""market"":{""id"":""NIGHT"",""displayName"":""NIGHT""},""amountInUsd"":8.988871097915219},{""id"":""4e8c49d610335d139ad7711e0f50315006e29b5221da531e365b4ef8"",""qTokenName"":""qSNEK"",""qTokenAmount"":7471482,""market"":{""id"":""SNEK"",""displayName"":""SNEK""},""amountInUsd"":92.36628420313994}]",true,false,true
f8cdc0936fe6539e85ab48b3c4b5643fb078cb71d3772574ba293d3ff1157e1c-18,Ada,a6a96d87c9addf54fc0869fa58d494fc74e67cf7e01f28f750a54064,1.062434625023062,0.5188809215076626,0.0503662671,488.58119192816804,253.515459099,253.515459099,"[{""id"":""3883e3e6a24e092d4c14e757fa8ef5c887853060def087d6cf5603f5"",""qTokenName"":""qLQ"",""qTokenAmount"":4628.651922,""market"":{""id"":""LQ"",""displayName"":""LQ""},""amountInUsd"":34.47975396844738},{""id"":""a4430a085f45bca6399bec6bd7514eb8c2fce1ed75c7554739cfc32b"",""qTokenName"":""qMIN"",""qTokenAmount"":5203409.12187,""market"":{""id"":""MIN"",""displayName"":""MIN""},""amountInUsd"":401.2080716413341},{""id"":""c45fa8aefc662c003a32be67f6a4652d8ce56bd9e54d7696efd40c86"",""qTokenName"":""qNIGHT"",""qTokenAmount"":42383.522474,""market"":{""id"":""NIGHT"",""displayName"":""NIGHT""},""amountInUsd"":20.873051494295233},{""id"":""4e8c49d610335d139ad7711e0f50315006e29b5221da531e365b4ef8"",""qTokenName"":""qSNEK"",""qTokenAmount"":2590114,""market"":{""id"":""SNEK"",""displayName"":""SNEK""},""amountInUsd"":32.02031482409134}]",true,false,true
f8cdc0936fe6539e85ab48b3c4b5643fb078cb71d3772574ba293d3ff1157e1c-20,Ada,a6a96d87c9addf54fc0869fa58d494fc74e67cf7e01f28f750a54064,1.295060499501679,0.386147316334032,0.0503662671,198.93661895360373,76.8188415295,76.8188415295,"[{""id"":""3883e3e6a24e092d4c14e757fa8ef5c887853060def087d6cf5603f5"",""qTokenName"":""qLQ"",""qTokenAmount"":1249.999994,""market"":{""id"":""LQ"",""displayName"":""LQ""},""amountInUsd"":9.3114999745018},{""id"":""a4430a085f45bca6399bec6bd7514eb8c2fce1ed75c7554739cfc32b"",""qTokenName"":""qMIN"",""qTokenAmount"":599639.789172,""market"":{""id"":""MIN"",""displayName"":""MIN""},""amountInUsd"":46.23513505443034},{""id"":""c45fa8aefc662c003a32be67f6a4652d8ce56bd9e54d7696efd40c86"",""qTokenName"":""qNIGHT"",""qTokenAmount"":57342.412759,""market"":{""id"":""NIGHT"",""displayName"":""NIGHT""},""amountInUsd"":28.24001084525193},{""id"":""4e8c49d610335d139ad7711e0f50315006e29b5221da531e365b4ef8"",""qTokenName"":""qSNEK"",""qTokenAmount"":9314448,""market"":{""id"":""SNEK"",""displayName"":""SNEK""},""amountInUsd"":115.14997307941964}]",true,false,true
f8cdc0936fe6539e85ab48b3c4b5643fb078cb71d3772574ba293d3ff1157e1c-21,Ada,a6a96d87c9addf54fc0869fa58d494fc74e67cf7e01f28f750a54064,1.1846222215245248,0.416342222545297,0.0503662671,395.4861132888958,164.6575673925,164.6575673925,"[{""id"":""f60b7232837203d335cd77494d25c1cc0b218b9a8f3459730c521d13"",""qTokenName"":""qIAG"",""qTokenAmount"":89681.904821,""market"":{""id"":""IAG"",""displayName"":""IAG""},""amountInUsd"":40.71167093661092},{""id"":""3883e3e6a24e092d4c14e757fa8ef5c887853060def087d6cf5603f5"",""qTokenName"":""qLQ"",""qTokenAmount"":2703.401828,""market"":{""id"":""LQ"",""displayName"":""LQ""},""amountInUsd"":20.138180938655363},{""id"":""a4430a085f45bca6399bec6bd7514eb8c2fce1ed75c7554739cfc32b"",""qTokenName"":""qMIN"",""qTokenAmount"":1881423.189985,""market"":{""id"":""MIN"",""displayName"":""MIN""},""amountInUsd"":145.06684988934603},{""id"":""c45fa8aefc662c003a32be67f6a4652d8ce56bd9e54d7696efd40c86"",""qTokenName"":""qNIGHT"",""qTokenAmount"":59835.56114,""market"":{""id"":""NIGHT"",""displayName"":""NIGHT""},""amountInUsd"":29.467837403826792},{""id"":""4e8c49d610335d139ad7711e0f50315006e29b5221da531e365b4ef8"",""qTokenName"":""qSNEK"",""qTokenAmount"":12950570,""market"":{""id"":""SNEK"",""displayName"":""SNEK""},""amountInUsd"":160.1015741204567}]",true,false,true
f8cdc0936fe6539e85ab48b3c4b5643fb078cb71d3772574ba293d3ff1157e1c-22,Ada,393e44078c5c05354212ecfb45ce86b9b3c6b5cfd5dc598a27a756bc,1.7312566126073567,0.3286025826307197,0.0503662671,8594.889322030751,2824.3028286445,2824.3028286445,"[{""id"":""6df63e2fdde8b2c3b3396265b0cc824aa4fb999396b1c154280f6b0c"",""qTokenName"":""qDJED"",""qTokenAmount"":31957.863012,""market"":{""id"":""DJED"",""displayName"":""DJED""},""amountInUsd"":1017.2406573517956},{""id"":""f60b7232837203d335cd77494d25c1cc0b218b9a8f3459730c521d13"",""qTokenName"":""qIAG"",""qTokenAmount"":1799168.364502,""market"":{""id"":""IAG"",""displayName"":""IAG""},""amountInUsd"":816.7439190922968},{""id"":""c45fa8aefc662c003a32be67f6a4652d8ce56bd9e54d7696efd40c86"",""qTokenName"":""qNIGHT"",""qTokenAmount"":239019.651482,""market"":{""id"":""NIGHT"",""displayName"":""NIGHT""},""amountInUsd"":117.71247886705994},{""id"":""e1ff3557106fe13042ba0f772af6a2e43903ccfaaf03295048882c93"",""qTokenName"":""qSHEN"",""qTokenAmount"":2112558.083527,""market"":{""id"":""SHEN"",""displayName"":""SHEN""},""amountInUsd"":6643.1922667195995}]",true,false,true
f8cdc0936fe6539e85ab48b3c4b5643fb078cb71d3772574ba293d3ff1157e1c-24,Ada,52480a1b5691eb42006a191c74e2288feebaa8dd38d68b32a9380b63,1.5663190766633754,0.5171360114731468,0.0503662671,1405.6501845515863,726.9123299655,726.9123299655,"[{""id"":""c45fa8aefc662c003a32be67f6a4652d8ce56bd9e54d7696efd40c86"",""qTokenName"":""qNIGHT"",""qTokenAmount"":2854225.99584,""market"":{""id"":""NIGHT"",""displayName"":""NIGHT""},""amountInUsd"":1405.6501845515863}]",true,false,true
f8cdc0936fe6539e85ab48b3c4b5643fb078cb71d3772574ba293d3ff1157e1c-26,Ada,630e7bb36f8ecaba9b569aec53281fcb5dedb9246bd9c86389ac0fad,2.834136052942864,0.2822729696301309,0.0503662671,1302.631642343591,367.6977020185,367.6977020185,"[{""id"":""6df63e2fdde8b2c3b3396265b0cc824aa4fb999396b1c154280f6b0c"",""qTokenName"":""qDJED"",""qTokenAmount"":40923.77087,""market"":{""id"":""DJED"",""displayName"":""DJED""},""amountInUsd"":1302.6316423435908}]",true,false,true
f8cdc0936fe6539e85ab48b3c4b5643fb078cb71d3772574ba293d3ff1157e1c-5,Ada,990d27f887ef406c587f1384358a95022f7404c5407b5a76dc8131e0,22.83871123327266,0.023168314735612587,0.0503662671,1596.5924407588097,36.990356172,36.990356172,"[{""id"":""dd55119962ca550cdd4219999b9e6d25fc9128f96c7dcb5e485286eb"",""qTokenName"":""qCOPI"",""qTokenAmount"":330236.430102,""market"":{""id"":""COPI"",""displayName"":""COPI""},""amountInUsd"":59.292391424716456},{""id"":""3883e3e6a24e092d4c14e757fa8ef5c887853060def087d6cf5603f5"",""qTokenName"":""qLQ"",""qTokenAmount"":186642.359278,""market"":{""id"":""LQ"",""displayName"":""LQ""},""amountInUsd"":1390.3362656000563},{""id"":""b122b2fc62557df9c3fd0b5c62a4b2c970a0d711560e0a8dd7b264f3"",""qTokenName"":""qrsERG"",""qTokenAmount"":2923.411828881,""market"":{""id"":""ERG"",""displayName"":""rsERG""},""amountInUsd"":20.086060925004368},{""id"":""e1ff3557106fe13042ba0f772af6a2e43903ccfaaf03295048882c93"",""qTokenName"":""qSHEN"",""qTokenAmount"":40347.554034,""market"":{""id"":""SHEN"",""displayName"":""SHEN""},""amountInUsd"":126.87772280903266}]",true,false,true
fb083ae79bee7e7aeff34e9c70ecf5ce4c879eae91a54bddd0863f9f27497b28-0,Ada,3029f0f969f6d032862cbf74a5fba13bab59de16247d002ee7a7993b,3.345330166797205,0.24212856717084166,0.0503662671,9243.076865562078,2238.2892,2238.0129577085,"[{""id"":""c45fa8aefc662c003a32be67f6a4652d8ce56bd9e54d7696efd40c86"",""qTokenName"":""qNIGHT"",""qTokenAmount"":18768418.032578,""market"":{""id"":""NIGHT"",""displayName"":""NIGHT""},""amountInUsd"":9243.076865562078}]",true,false,true
0814437f5652ead3d9c67ad55aa9615bcfa978bb29e9e6351a097075ac92f063-0,Ada,8cd739db028ce615b320f1bf5b64b432cf1cd41bcff289f5b6888de6,3.098474741994072,0.2581915512033987,0.0503662671,1933.0333846955493,499.0928881225,499.0928881225,"[{""id"":""d3ff4ac09b0978b1ef7f830fd04d79c4246b53b8bcb08108f4ac5d98"",""qTokenName"":""qUSDCx"",""qTokenAmount"":94664.92596,""market"":{""id"":""USDCx"",""displayName"":""USDCx""},""amountInUsd"":1933.0333846955493}]",true,false,true
1e0ca9ac3e7eaf7965d597074144df0f51f837b0badf7e994882a5c466460a0e-0,Ada,b4727c4c57634ee2d4f15a92a5c0f1da57309c533c1afbbecceb0793,1.993186406309388,0.20068368855708063,0.0503662671,185.81249562240185,37.30482,37.2895370015,"[{""id"":""4e8c49d610335d139ad7711e0f50315006e29b5221da531e365b4ef8"",""qTokenName"":""qSNEK"",""qTokenAmount"":15030319,""market"":{""id"":""SNEK"",""displayName"":""SNEK""},""amountInUsd"":185.81249562240183}]",true,false,true
841032d33b7b2997ac78cd9a324a1093719c5f0c98ea2ed93947985429cf1f1d-0,Ada,a6a96d87c9addf54fc0869fa58d494fc74e67cf7e01f28f750a54064,1.2960091713810202,0.42962082113516326,0.0503662671,188.00252505706413,80.7697991905,80.7697991905,"[{""id"":""a4430a085f45bca6399bec6bd7514eb8c2fce1ed75c7554739cfc32b"",""qTokenName"":""qMIN"",""qTokenAmount"":2069899.4688,""market"":{""id"":""MIN"",""displayName"":""MIN""},""amountInUsd"":159.59928479931233},{""id"":""c45fa8aefc662c003a32be67f6a4652d8ce56bd9e54d7696efd40c86"",""qTokenName"":""qNIGHT"",""qTokenAmount"":27424.632189,""market"":{""id"":""NIGHT"",""displayName"":""NIGHT""},""amountInUsd"":13.506092143338531},{""id"":""4e8c49d610335d139ad7711e0f50315006e29b5221da531e365b4ef8"",""qTokenName"":""qSNEK"",""qTokenAmount"":1205026,""market"":{""id"":""SNEK"",""displayName"":""SNEK""},""amountInUsd"":14.8971481144133}]",true,false,true
32a8ae888d12985449a54b86576617b7a46ae9da5cc284afd6ae9bb875e41183-0,Ada,0c9e8fdce6a75d5202f0adb8c51df9ae4259b2818fa464e43ee773aa,2.463450302226894,0.32474777318495973,0.0503662671,30696.35264448268,9970.0351828595,9968.572166196,"[{""id"":""6df63e2fdde8b2c3b3396265b0cc824aa4fb999396b1c154280f6b0c"",""qTokenName"":""qDJED"",""qTokenAmount"":478594.872145,""market"":{""id"":""DJED"",""displayName"":""DJED""},""amountInUsd"":15234.002416343366},{""id"":""aa280c98c5b07fdfc8d7a93fb5ba84510b421388e4a18e16efa8eb5f"",""qTokenName"":""qUSDA"",""qTokenAmount"":4453.267002,""market"":{""id"":""USDA"",""displayName"":""USDA""},""amountInUsd"":100.22590503983967},{""id"":""9e00df0615de0a7b121a7f961d43e23165b8e81b64786c6eb708d370"",""qTokenName"":""qUSDM"",""qTokenAmount"":607444.513658,""market"":{""id"":""USDM"",""displayName"":""USDM""},""amountInUsd"":15362.12432309947}]",true,false,true
46b73e37fb4fbcdaebcca146eff95c46aab6ca3f14a5271c2885dc8c8a4c2ff4-0,Ada,0b3a2e9db326529694abb7871f3cc1c01ab5091211c729532c80c9de,1.4695862279706606,0.55040640083394,0.0503662671,276.9107812256054,152.5038538485,152.4134664465,"[{""id"":""6df63e2fdde8b2c3b3396265b0cc824aa4fb999396b1c154280f6b0c"",""qTokenName"":""qDJED"",""qTokenAmount"":983.332749,""market"":{""id"":""DJED"",""displayName"":""DJED""},""amountInUsd"":31.300154569556362},{""id"":""c45fa8aefc662c003a32be67f6a4652d8ce56bd9e54d7696efd40c86"",""qTokenName"":""qNIGHT"",""qTokenAmount"":498721.689906,""market"":{""id"":""NIGHT"",""displayName"":""NIGHT""},""amountInUsd"":245.610626656049}]",true,false,true
027c8b4f62b81f6c116951a5210b05d18213961673af455d91a5356ffb4b5bbf-9,BTC,c9b2afe821ce1edd4029c619b730e52f4021d3dd27c09172c941451e,0,0,0.0095432608,0.11839154769782888,0.09342537,0,"[{""id"":""a04ce7a52545e5e33c2867e148898d9e667a69602285f6a1298f9d68"",""qTokenName"":""qADA"",""qTokenAmount"":22.517314,""market"":{""id"":""Ada"",""displayName"":""ADA""},""amountInUsd"":0.11839154769782888}]",false,false,true
027c8b4f62b81f6c116951a5210b05d18213961673af455d91a5356ffb4b5bbf-4,BTC,d35dc9ac9f0957d98781ce622824cdad54fc410a5be5c30fa476fe61,62.36833241447011,0.01298736022982188,0.0095432608,74.78711322488057,0.99232893,0.97128718,"[{""id"":""a04ce7a52545e5e33c2867e148898d9e667a69602285f6a1298f9d68"",""qTokenName"":""qADA"",""qTokenAmount"":14224.029877,""market"":{""id"":""Ada"",""displayName"":""ADA""},""amountInUsd"":74.78711322488057}]",true,false,true
027c8b4f62b81f6c116951a5210b05d18213961673af455d91a5356ffb4b5bbf-20,BTC,91a484d734334a3069b53ae5373393a8ea8f93d88627670c00f8e8f9,1.7255175120947952,0.46544951152627934,0.0095432608,7153.36888411798,3329.53205288,3329.53205288,"[{""id"":""a04ce7a52545e5e33c2867e148898d9e667a69602285f6a1298f9d68"",""qTokenName"":""qADA"",""qTokenAmount"":427379.4048,""market"":{""id"":""Ada"",""displayName"":""ADA""},""amountInUsd"":2247.0757030989093},{""id"":""6df63e2fdde8b2c3b3396265b0cc824aa4fb999396b1c154280f6b0c"",""qTokenName"":""qDJED"",""qTokenAmount"":137705.941386,""market"":{""id"":""DJED"",""displayName"":""DJED""},""amountInUsd"":4383.274384903119},{""id"":""7a4d45e6b4e6835c4cea3968f291fab3704949cfd2f2dc1997c4eeec"",""qTokenName"":""qwanUSDT"",""qTokenAmount"":17092.52095708,""market"":{""id"":""USDT"",""displayName"":""wanUSDT""},""amountInUsd"":523.0187961159509}]",true,false,true
027c8b4f62b81f6c116951a5210b05d18213961673af455d91a5356ffb4b5bbf-17,BTC,0004f2f77ccb15fa3e4402a351042537c331174e6eff0393977a47a9,2.1544364523041097,0.37596838799015286,0.0095432608,3730.8301484824246,1402.67419679,1402.67419679,"[{""id"":""a04ce7a52545e5e33c2867e148898d9e667a69602285f6a1298f9d68"",""qTokenName"":""qADA"",""qTokenAmount"":709579.995934,""market"":{""id"":""Ada"",""displayName"":""ADA""},""amountInUsd"":3730.830148482425}]",true,false,true
027c8b4f62b81f6c116951a5210b05d18213961673af455d91a5356ffb4b5bbf-16,BTC,698ceb483c24a183e0a9efbb33b25789c41494082421f4df6c75803e,1.9205303640400404,0.42169203686157625,0.0095432608,5492.735959892752,2316.24301487,2316.24301487,"[{""id"":""a04ce7a52545e5e33c2867e148898d9e667a69602285f6a1298f9d68"",""qTokenName"":""qADA"",""qTokenAmount"":1031348.97027,""market"":{""id"":""Ada"",""displayName"":""ADA""},""amountInUsd"":5422.62726392799},{""id"":""aa280c98c5b07fdfc8d7a93fb5ba84510b421388e4a18e16efa8eb5f"",""qTokenName"":""qUSDA"",""qTokenAmount"":3115.090277,""market"":{""id"":""USDA"",""displayName"":""USDA""},""amountInUsd"":70.10869596476306}]",true,false,true
027c8b4f62b81f6c116951a5210b05d18213961673af455d91a5356ffb4b5bbf-14,BTC,dea792d0d578b00ea458f68bb9b8dce8cd5344c54714dfb9206850e2,1.6829764339851925,0.48129016167027727,0.0095432608,2736.431254525131,1317.01744089,1317.01744089,"[{""id"":""a04ce7a52545e5e33c2867e148898d9e667a69602285f6a1298f9d68"",""qTokenName"":""qADA"",""qTokenAmount"":520451.696052,""market"":{""id"":""Ada"",""displayName"":""ADA""},""amountInUsd"":2736.431254525131}]",true,false,true
027c8b4f62b81f6c116951a5210b05d18213961673af455d91a5356ffb4b5bbf-12,BTC,6885f0aee9a5ea4d9e95a0a0ab114bd80ac4d5de644293007895cf58,0,0,0.0095432608,90.52684672049666,0,0,"[{""id"":""a04ce7a52545e5e33c2867e148898d9e667a69602285f6a1298f9d68"",""qTokenName"":""qADA"",""qTokenAmount"":17217.626365,""market"":{""id"":""Ada"",""displayName"":""ADA""},""amountInUsd"":90.52684672049666}]",false,false,true
027c8b4f62b81f6c116951a5210b05d18213961673af455d91a5356ffb4b5bbf-11,BTC,9bf000bbc0739e910717eafa20dfce9dbf52ed3d9b462eacf6f8006e,0,0,0.0095432608,74.65908531163613,0,0,"[{""id"":""a04ce7a52545e5e33c2867e148898d9e667a69602285f6a1298f9d68"",""qTokenName"":""qADA"",""qTokenAmount"":14199.679788,""market"":{""id"":""Ada"",""displayName"":""ADA""},""amountInUsd"":74.65908531163613}]",false,false,true
027c8b4f62b81f6c116951a5210b05d18213961673af455d91a5356ffb4b5bbf-10,BTC,fcdc72267d4d06b753dbe09f60c8cb9e55c66851ef6ba8f8592b951d,0,0,0.0095432608,8.586785787325148,0,0,"[{""id"":""a04ce7a52545e5e33c2867e148898d9e667a69602285f6a1298f9d68"",""qTokenName"":""qADA"",""qTokenAmount"":1633.151653,""market"":{""id"":""Ada"",""displayName"":""ADA""},""amountInUsd"":8.586785787325148}]",false,false,true
027c8b4f62b81f6c116951a5210b05d18213961673af455d91a5356ffb4b5bbf-8,BTC,4ce06879da77b760c93f2e918499077dfcc7dcf008565856e2f67a24,1.4743229805352396,0.5494047170762657,0.0095432608,70.79526773447915,38.89525404,38.89525404,"[{""id"":""a04ce7a52545e5e33c2867e148898d9e667a69602285f6a1298f9d68"",""qTokenName"":""qADA"",""qTokenAmount"":13464.806435,""market"":{""id"":""Ada"",""displayName"":""ADA""},""amountInUsd"":70.79526773447915}]",true,false,true
027c8b4f62b81f6c116951a5210b05d18213961673af455d91a5356ffb4b5bbf-6,BTC,d82884a4926849430d812035d6a3bd9aba6f275042df37ac2a32aaf1,0,0,0.0095432608,8.554583251691916,0,0,"[{""id"":""a04ce7a52545e5e33c2867e148898d9e667a69602285f6a1298f9d68"",""qTokenName"":""qADA"",""qTokenAmount"":1627.026937,""market"":{""id"":""Ada"",""displayName"":""ADA""},""amountInUsd"":8.554583251691916}]",false,false,true
027c8b4f62b81f6c116951a5210b05d18213961673af455d91a5356ffb4b5bbf-3,BTC,e96ba443b36a1acd579284e9b9ab4fea4dd3f8b9cca55d0a9066ab47,0,0,0.0095432608,1.7805490932378338,0,0,"[{""id"":""a04ce7a52545e5e33c2867e148898d9e667a69602285f6a1298f9d68"",""qTokenName"":""qADA"",""qTokenAmount"":338.649032,""market"":{""id"":""Ada"",""displayName"":""ADA""},""amountInUsd"":1.7805490932378336}]",false,false,true
027c8b4f62b81f6c116951a5210b05d18213961673af455d91a5356ffb4b5bbf-2,BTC,c2ed996fa90ac363e6b596585a4c5d95e99b84ee00004a006dc0ee81,1.2182542831107024,0.6593024506467708,0.0095432608,66.2699362441904,43.69193137,43.69193137,"[{""id"":""a04ce7a52545e5e33c2867e148898d9e667a69602285f6a1298f9d68"",""qTokenName"":""qADA"",""qTokenAmount"":4030.840051,""market"":{""id"":""Ada"",""displayName"":""ADA""},""amountInUsd"":21.193353352903703},{""id"":""aebcb6eaba17dea962008a9d693e39a3160b02b5b89b1c83e537c599"",""qTokenName"":""qwanUSDC"",""qTokenAmount"":1506.5261578,""market"":{""id"":""USDC"",""displayName"":""wanUSDC""},""amountInUsd"":45.076582891286705}]",true,false,true
027c8b4f62b81f6c116951a5210b05d18213961673af455d91a5356ffb4b5bbf-1,BTC,d4081d11d0514cc153c853eb0dbb4aa6cae729cfce047818388e8aa0,0,0,0.0095432608,11.524769926153597,0.06901694,0,"[{""id"":""aebcb6eaba17dea962008a9d693e39a3160b02b5b89b1c83e537c599"",""qTokenName"":""qwanUSDC"",""qTokenAmount"":385.1748789,""market"":{""id"":""USDC"",""displayName"":""wanUSDC""},""amountInUsd"":11.524769926153597}]",false,false,true
027c8b4f62b81f6c116951a5210b05d18213961673af455d91a5356ffb4b5bbf-5,BTC,56b1caf06ae33bd615b850cb7f0a919d7b7d90fbabb2d854db32aec1,0,0,0.0095432608,3.6335379184521286,0,0,"[{""id"":""a04ce7a52545e5e33c2867e148898d9e667a69602285f6a1298f9d68"",""qTokenName"":""qADA"",""qTokenAmount"":691.075637,""market"":{""id"":""Ada"",""displayName"":""ADA""},""amountInUsd"":3.6335379184521286}]",false,false,true
027c8b4f62b81f6c116951a5210b05d18213961673af455d91a5356ffb4b5bbf-13,BTC,a3cddc8f5192b793ce51b42df0088ab654dde6791b62da8ab9070024,1.6234437032215903,0.4989393832336913,0.0095432608,24900.999844105016,12424.08950412,12424.08950412,"[{""id"":""a04ce7a52545e5e33c2867e148898d9e667a69602285f6a1298f9d68"",""qTokenName"":""qADA"",""qTokenAmount"":4736010.663825,""market"":{""id"":""Ada"",""displayName"":""ADA""},""amountInUsd"":24900.999844105016}]",true,false,true
027c8b4f62b81f6c116951a5210b05d18213961673af455d91a5356ffb4b5bbf-7,BTC,1948bc18cac73a95e84d0e934c0fa50cc5856ed2c012d5598bf9619c,1.4149794879691444,0.5724464608052772,0.0095432608,373.93933304937406,214.06024776,214.06024776,"[{""id"":""a04ce7a52545e5e33c2867e148898d9e667a69602285f6a1298f9d68"",""qTokenName"":""qADA"",""qTokenAmount"":71120.86583,""market"":{""id"":""Ada"",""displayName"":""ADA""},""amountInUsd"":373.93933304937406}]",true,false,true
027c8b4f62b81f6c116951a5210b05d18213961673af455d91a5356ffb4b5bbf-19,BTC,0004f2f77ccb15fa3e4402a351042537c331174e6eff0393977a47a9,1.9777802860649545,0.4095500423920182,0.0095432608,5655.579966105606,2316.24301487,2316.24301487,"[{""id"":""a04ce7a52545e5e33c2867e148898d9e667a69602285f6a1298f9d68"",""qTokenName"":""qADA"",""qTokenAmount"":1075655.082016,""market"":{""id"":""Ada"",""displayName"":""ADA""},""amountInUsd"":5655.579966105606}]",true,false,true
027c8b4f62b81f6c116951a5210b05d18213961673af455d91a5356ffb4b5bbf-18,BTC,0004f2f77ccb15fa3e4402a351042537c331174e6eff0393977a47a9,2.1393800888415795,0.37861434918682196,0.0095432608,1989.7760791899257,753.35777525,753.35777525,"[{""id"":""a04ce7a52545e5e33c2867e148898d9e667a69602285f6a1298f9d68"",""qTokenName"":""qADA"",""qTokenAmount"":378442.664498,""market"":{""id"":""Ada"",""displayName"":""ADA""},""amountInUsd"":1989.7760791899254}]",true,false,true
027c8b4f62b81f6c116951a5210b05d18213961673af455d91a5356ffb4b5bbf-15,BTC,698ceb483c24a183e0a9efbb33b25789c41494082421f4df6c75803e,1.697533272203528,0.47716295949154397,0.0095432608,19897.760791925546,9494.47442673,9494.47442673,"[{""id"":""a04ce7a52545e5e33c2867e148898d9e667a69602285f6a1298f9d68"",""qTokenName"":""qADA"",""qTokenAmount"":3784426.644985,""market"":{""id"":""Ada"",""displayName"":""ADA""},""amountInUsd"":19897.760791925546}]",true,false,true
ca7a4b568d236b0ab7bf4c4d6a5a0190b5089e13ee9783b19af1616042a44a56-1,COPI,dd7e88dc3514ee30f78b8a48885e0cbb3bf27a71ea1c205b459316d6,0,0,0,2.274413291502705,0.01083533112910192,0,"[{""id"":""a04ce7a52545e5e33c2867e148898d9e667a69602285f6a1298f9d68"",""qTokenName"":""qADA"",""qTokenAmount"":432.578839,""market"":{""id"":""Ada"",""displayName"":""ADA""},""amountInUsd"":2.274413291502705}]",false,false,true
aaefaabb101a3e5645b17d03b8a4240ae7947f43d168c6a9dc8203d76bfd2055-1,COPI,c123f04246240f2acdb20f1ace69f67286ff025a3ea8a84fbed1bf41,0,0,0,0.5340241838058741,0.0063180831996158095,0,"[{""id"":""a04ce7a52545e5e33c2867e148898d9e667a69602285f6a1298f9d68"",""qTokenName"":""qADA"",""qTokenAmount"":101.567979,""market"":{""id"":""Ada"",""displayName"":""ADA""},""amountInUsd"":0.5340241838058741}]",false,false,true
6380f0bb5aefc9cfa008cf0c65752403b9d1a593b29b208c068d54fcbd6f2f79-2,DAI,d1139e30239adb67c6d3886fede7d802fa6ef231a084d07f88eb85c2,0,0,0.0516801828,7.936900919185101,0,0,"[{""id"":""a04ce7a52545e5e33c2867e148898d9e667a69602285f6a1298f9d68"",""qTokenName"":""qADA"",""qTokenAmount"":1509.547714,""market"":{""id"":""Ada"",""displayName"":""ADA""},""amountInUsd"":7.936900919185102}]",false,false,true
6380f0bb5aefc9cfa008cf0c65752403b9d1a593b29b208c068d54fcbd6f2f79-3,DAI,5be05fa37db0cb7673b940abb4a2afb2fcb55d6b71122391f122e53f,0,0,0.0516801828,40.41054576705657,0,0,"[{""id"":""a04ce7a52545e5e33c2867e148898d9e667a69602285f6a1298f9d68"",""qTokenName"":""qADA"",""qTokenAmount"":7685.82695,""market"":{""id"":""Ada"",""displayName"":""ADA""},""amountInUsd"":40.41054576705657}]",false,false,true
6380f0bb5aefc9cfa008cf0c65752403b9d1a593b29b208c068d54fcbd6f2f79-5,DAI,c15857981ad2fd1cebcb8ccdbcea4ef8a420b7afaa7e726c9f7ad6e7,0,0,0.0516801828,8.22361411360076,0,0,"[{""id"":""a04ce7a52545e5e33c2867e148898d9e667a69602285f6a1298f9d68"",""qTokenName"":""qADA"",""qTokenAmount"":1564.078727,""market"":{""id"":""Ada"",""displayName"":""ADA""},""amountInUsd"":8.223614113600759}]",false,false,true
6380f0bb5aefc9cfa008cf0c65752403b9d1a593b29b208c068d54fcbd6f2f79-7,DAI,b844eda8d8b99c58609f090d3156ef91488778e92501e1154e797492,0,0,0.0516801828,99.91681212337491,0,0,"[{""id"":""a04ce7a52545e5e33c2867e148898d9e667a69602285f6a1298f9d68"",""qTokenName"":""qADA"",""qTokenAmount"":19003.537535,""market"":{""id"":""Ada"",""displayName"":""ADA""},""amountInUsd"":99.91681159229},{""id"":""9e00df0615de0a7b121a7f961d43e23165b8e81b64786c6eb708d370"",""qTokenName"":""qUSDM"",""qTokenAmount"":0.000021,""market"":{""id"":""USDM"",""displayName"":""USDM""},""amountInUsd"":5.310849032817504e-7}]",false,false,true
6380f0bb5aefc9cfa008cf0c65752403b9d1a593b29b208c068d54fcbd6f2f79-4,DAI,a31f8ca2963a0ec84262f43895a82c38be39aa372a0107967da53e6a,0,0,0.0516801828,0.31588164784489525,0,0,"[{""id"":""a04ce7a52545e5e33c2867e148898d9e667a69602285f6a1298f9d68"",""qTokenName"":""qADA"",""qTokenAmount"":60.078666,""market"":{""id"":""Ada"",""displayName"":""ADA""},""amountInUsd"":0.31588164784489525}]",false,false,true
6380f0bb5aefc9cfa008cf0c65752403b9d1a593b29b208c068d54fcbd6f2f79-9,DAI,e6a1dbd9b688950042da3ef774e525ad0939c76d30e523adef374777,0,0,0.0516801828,12.74991818203817,0,0,"[{""id"":""a04ce7a52545e5e33c2867e148898d9e667a69602285f6a1298f9d68"",""qTokenName"":""qADA"",""qTokenAmount"":2424.952767,""market"":{""id"":""Ada"",""displayName"":""ADA""},""amountInUsd"":12.749918182038169}]",false,false,true
6380f0bb5aefc9cfa008cf0c65752403b9d1a593b29b208c068d54fcbd6f2f79-6,DAI,b4997a2e8644a1435d170129f997295d600db139172a3caf0c474b52,0,0,0.0516801828,0.18935491028905357,3.290974,0,"[{""id"":""a04ce7a52545e5e33c2867e148898d9e667a69602285f6a1298f9d68"",""qTokenName"":""qADA"",""qTokenAmount"":36.014091,""market"":{""id"":""Ada"",""displayName"":""ADA""},""amountInUsd"":0.18935491028905357}]",false,false,true
6380f0bb5aefc9cfa008cf0c65752403b9d1a593b29b208c068d54fcbd6f2f79-8,DAI,df5aea520af5a7e8ad120d07cf4125fe3b24a1dce83ddaf5ae1b0532,0,0,0.0516801828,0.30219316370542443,0,0,"[{""id"":""a04ce7a52545e5e33c2867e148898d9e667a69602285f6a1298f9d68"",""qTokenName"":""qADA"",""qTokenAmount"":57.475204,""market"":{""id"":""Ada"",""displayName"":""ADA""},""amountInUsd"":0.3021931637054244}]",false,false,true
6380f0bb5aefc9cfa008cf0c65752403b9d1a593b29b208c068d54fcbd6f2f79-10,DAI,94275840268d6b1ef5de783596d50183aeca94277944210de3e2ee30,1.829953544999739,0.442634187156488,0.0516801828,25.85600103218834,11.44475,11.44475,"[{""id"":""a04ce7a52545e5e33c2867e148898d9e667a69602285f6a1298f9d68"",""qTokenName"":""qADA"",""qTokenAmount"":4917.645771,""market"":{""id"":""Ada"",""displayName"":""ADA""},""amountInUsd"":25.85600102473914},{""id"":""3883e3e6a24e092d4c14e757fa8ef5c887853060def087d6cf5603f5"",""qTokenName"":""qLQ"",""qTokenAmount"":0.000001,""market"":{""id"":""LQ"",""displayName"":""LQ""},""amountInUsd"":7.4492000153576e-9}]",true,false,true
6380f0bb5aefc9cfa008cf0c65752403b9d1a593b29b208c068d54fcbd6f2f79-1,DAI,911ad8b43e2377f3dc9b920d0384bfb1b472107e211fd02082ac4dd5,0,0,0.0516801828,5.441020763149337,0,0,"[{""id"":""a04ce7a52545e5e33c2867e148898d9e667a69602285f6a1298f9d68"",""qTokenName"":""qADA"",""qTokenAmount"":1034.847296,""market"":{""id"":""Ada"",""displayName"":""ADA""},""amountInUsd"":5.441020763149337}]",false,false,true
c3115839d26da42d8f38b002136fd490bb17f137978923b2a2e93b2ba2151e32-4,DJED,0d9df7f701292470d396c6370a4bec48a12ece4bbabdefdb5af7c9b6,0,-1,0.3254286323,0,3352.0511475456,3352.0511475456,[],true,true,false
ed51e9e63dc2f042c6134450b1f52a5f19b2a7ee06512c4a47572a42ec591a80-0,DJED,6c546e8f8523e6970b9e555a39b34515a535dc75b2d363e17454a470,2.6564283738264596,0.3049207002834536,0.3254286323,1511.026699436588,460.7433193392,460.7433193392,"[{""id"":""a04ce7a52545e5e33c2867e148898d9e667a69602285f6a1298f9d68"",""qTokenName"":""qADA"",""qTokenAmount"":287387.599159,""market"":{""id"":""Ada"",""displayName"":""ADA""},""amountInUsd"":1511.026699436588}]",true,false,true
5ca5499265a241d5707bc3f75bd50544db016711c84dfb7d9f477512b60b668c-0,DJED,8cd83f1937dde7f8dfc4970fc11cc7354c3b80b36c54cf682160fed1,5.170756589229441,0.1566501895848685,0.3254286323,37301.25153384445,5843.2481245296,5843.2481245296,"[{""id"":""a04ce7a52545e5e33c2867e148898d9e667a69602285f6a1298f9d68"",""qTokenName"":""qADA"",""qTokenAmount"":7094459.103823,""market"":{""id"":""Ada"",""displayName"":""ADA""},""amountInUsd"":37301.25153384445}]",true,false,true
16037f6b5711f67fb551a471397baaeccc19ed694383a9f8492e4353b9b8966e-26,DJED,5df7cc93f552c14a1a907c54c1c99a444f3c433f4f132945db6c00be,0,0,0.3254286323,8.50842802217984,0,0,"[{""id"":""a04ce7a52545e5e33c2867e148898d9e667a69602285f6a1298f9d68"",""qTokenName"":""qADA"",""qTokenAmount"":1618.248508,""market"":{""id"":""Ada"",""displayName"":""ADA""},""amountInUsd"":8.508428022179839}]",false,false,true
16037f6b5711f67fb551a471397baaeccc19ed694383a9f8492e4353b9b8966e-25,DJED,31ac5363f5d3b6bc5ee0a10aac24f82fb0417a1e53f318833cb34c9b,3572.124356693946,0.00022675582345897582,0.3254286323,12.224751531029634,0.0027720336,0.0027720336,"[{""id"":""a04ce7a52545e5e33c2867e148898d9e667a69602285f6a1298f9d68"",""qTokenName"":""qADA"",""qTokenAmount"":2325.069434,""market"":{""id"":""Ada"",""displayName"":""ADA""},""amountInUsd"":12.224751531029634}]",true,false,true
16037f6b5711f67fb551a471397baaeccc19ed694383a9f8492e4353b9b8966e-27,DJED,a379142357b9199d35629a2ae5aae9fe1936a622c2ae8b0784f7f64d,0,0,0.3254286323,1.2195855426415143,0,0,"[{""id"":""a04ce7a52545e5e33c2867e148898d9e667a69602285f6a1298f9d68"",""qTokenName"":""qADA"",""qTokenAmount"":231.957358,""market"":{""id"":""Ada"",""displayName"":""ADA""},""amountInUsd"":1.2195855426415143}]",false,false,true
16037f6b5711f67fb551a471397baaeccc19ed694383a9f8492e4353b9b8966e-30,DJED,dd7e88dc3514ee30f78b8a48885e0cbb3bf27a71ea1c205b459316d6,0,0,0.3254286323,367.03161345714847,0,0,"[{""id"":""4e8c49d610335d139ad7711e0f50315006e29b5221da531e365b4ef8"",""qTokenName"":""qSNEK"",""qTokenAmount"":29689081,""market"":{""id"":""SNEK"",""displayName"":""SNEK""},""amountInUsd"":367.03161345714847}]",false,false,true
16037f6b5711f67fb551a471397baaeccc19ed694383a9f8492e4353b9b8966e-31,DJED,283d53eb66f58da80bb2f83f53cbb250acd8769271e46c5c3b126a69,0,0,0.3254286323,21.65956911738539,0,0,"[{""id"":""a04ce7a52545e5e33c2867e148898d9e667a69602285f6a1298f9d68"",""qTokenName"":""qADA"",""qTokenAmount"":4119.511303,""market"":{""id"":""Ada"",""displayName"":""ADA""},""amountInUsd"":21.65956911738539}]",false,false,true
16037f6b5711f67fb551a471397baaeccc19ed694383a9f8492e4353b9b8966e-7,DJED,b4219fdfac88613c2be736e99148ba2443a4f37b8256e07ef717290b,0,-1,0.3254286323,0,0,0,[],false,false,false
16037f6b5711f67fb551a471397baaeccc19ed694383a9f8492e4353b9b8966e-18,DJED,cd922df06c92cd751be5d1915c551faefb1a7d019d6c91dcc29524a1,0,0,0.3254286323,14.592840416911637,0,0,"[{""id"":""a04ce7a52545e5e33c2867e148898d9e667a69602285f6a1298f9d68"",""qTokenName"":""qADA"",""qTokenAmount"":2775.464771,""market"":{""id"":""Ada"",""displayName"":""ADA""},""amountInUsd"":14.592840416911635}]",false,false,true
16037f6b5711f67fb551a471397baaeccc19ed694383a9f8492e4353b9b8966e-28,DJED,283d53eb66f58da80bb2f83f53cbb250acd8769271e46c5c3b126a69,0,0,0.3254286323,118.84782241773314,0,0,"[{""id"":""a04ce7a52545e5e33c2867e148898d9e667a69602285f6a1298f9d68"",""qTokenName"":""qADA"",""qTokenAmount"":22604.094529,""market"":{""id"":""Ada"",""displayName"":""ADA""},""amountInUsd"":118.84782241773314}]",false,false,true
16037f6b5711f67fb551a471397baaeccc19ed694383a9f8492e4353b9b8966e-6,DJED,7d08a6657b54b9e7114df542220e80cf0ddc07ac83793f62e756d7b0,0,-1,0.3254286323,0,0,0,[],false,false,false
16037f6b5711f67fb551a471397baaeccc19ed694383a9f8492e4353b9b8966e-35,DJED,da15b039bf743ca079e98b4cf808c7290371e5617a612d92e8628f2a,0,0,0.3254286323,293.2812728734003,0,0,"[{""id"":""a04ce7a52545e5e33c2867e148898d9e667a69602285f6a1298f9d68"",""qTokenName"":""qADA"",""qTokenAmount"":55780.21945,""market"":{""id"":""Ada"",""displayName"":""ADA""},""amountInUsd"":293.28127287340027}]",false,false,true
16037f6b5711f67fb551a471397baaeccc19ed694383a9f8492e4353b9b8966e-29,DJED,283d53eb66f58da80bb2f83f53cbb250acd8769271e46c5c3b126a69,0,0,0.3254286323,230.60305022254346,0,0,"[{""id"":""4e8c49d610335d139ad7711e0f50315006e29b5221da531e365b4ef8"",""qTokenName"":""qSNEK"",""qTokenAmount"":18653414,""market"":{""id"":""SNEK"",""displayName"":""SNEK""},""amountInUsd"":230.60305022254346}]",false,false,true
16037f6b5711f67fb551a471397baaeccc19ed694383a9f8492e4353b9b8966e-37,DJED,85bf4cf8edd2770dd33b8a6cf6402f51bbcbaf41289ef17b36efd49b,0,0,0.3254286323,1229.7975310862657,0,0,"[{""id"":""a04ce7a52545e5e33c2867e148898d9e667a69602285f6a1298f9d68"",""qTokenName"":""qADA"",""qTokenAmount"":233899.612788,""market"":{""id"":""Ada"",""displayName"":""ADA""},""amountInUsd"":1229.7975310862657}]",false,false,true
16037f6b5711f67fb551a471397baaeccc19ed694383a9f8492e4353b9b8966e-38,DJED,85bf4cf8edd2770dd33b8a6cf6402f51bbcbaf41289ef17b36efd49b,0,0,0.3254286323,1121.2103185667588,0,0,"[{""id"":""a04ce7a52545e5e33c2867e148898d9e667a69602285f6a1298f9d68"",""qTokenName"":""qADA"",""qTokenAmount"":213247.020536,""market"":{""id"":""Ada"",""displayName"":""ADA""},""amountInUsd"":1121.210318566759}]",false,false,true
16037f6b5711f67fb551a471397baaeccc19ed694383a9f8492e4353b9b8966e-39,DJED,f49ae7b558fc5fe85c4bf216e74fb459db88a9eec4d82dc55e6f7457,0,0,0.3254286323,2.465768889571255,0,0,"[{""id"":""a04ce7a52545e5e33c2867e148898d9e667a69602285f6a1298f9d68"",""qTokenName"":""qADA"",""qTokenAmount"":468.973448,""market"":{""id"":""Ada"",""displayName"":""ADA""},""amountInUsd"":2.465768889571255}]",false,false,true
16037f6b5711f67fb551a471397baaeccc19ed694383a9f8492e4353b9b8966e-40,DJED,9601eae17e47afe3fece50cf43b05a6d89eb57e7376edde5fd822c3c,0,0,0.3254286323,2.4255712949823574,0,0,"[{""id"":""a04ce7a52545e5e33c2867e148898d9e667a69602285f6a1298f9d68"",""qTokenName"":""qADA"",""qTokenAmount"":461.328123,""market"":{""id"":""Ada"",""displayName"":""ADA""},""amountInUsd"":2.425571294982358}]",false,false,true
16037f6b5711f67fb551a471397baaeccc19ed694383a9f8492e4353b9b8966e-5,DJED,98f7f4203eb21059bebaf1888d58f5aa46a2d234683c7407bcde86f5,0,0,0.3254286323,2.27195657364351,0,0,"[{""id"":""a04ce7a52545e5e33c2867e148898d9e667a69602285f6a1298f9d68"",""qTokenName"":""qADA"",""qTokenAmount"":432.111587,""market"":{""id"":""Ada"",""displayName"":""ADA""},""amountInUsd"":2.27195657364351}]",false,false,true
16037f6b5711f67fb551a471397baaeccc19ed694383a9f8492e4353b9b8966e-4,DJED,75a966030871f06a84237b3cf5bf490a178cf706574172ff9f5374e5,0,0,0.3254286323,2.14397947704214,0,0,"[{""id"":""a04ce7a52545e5e33c2867e148898d9e667a69602285f6a1298f9d68"",""qTokenName"":""qADA"",""qTokenAmount"":407.771163,""market"":{""id"":""Ada"",""displayName"":""ADA""},""amountInUsd"":2.14397947704214}]",false,false,true
16037f6b5711f67fb551a471397baaeccc19ed694383a9f8492e4353b9b8966e-32,DJED,da15b039bf743ca079e98b4cf808c7290371e5617a612d92e8628f2a,0,0,0.3254286323,1135.282261566874,0,0,"[{""id"":""a04ce7a52545e5e33c2867e148898d9e667a69602285f6a1298f9d68"",""qTokenName"":""qADA"",""qTokenAmount"":215923.413955,""market"":{""id"":""Ada"",""displayName"":""ADA""},""amountInUsd"":1135.282261566874}]",false,false,true
16037f6b5711f67fb551a471397baaeccc19ed694383a9f8492e4353b9b8966e-33,DJED,da15b039bf743ca079e98b4cf808c7290371e5617a612d92e8628f2a,0,0,0.3254286323,181.18180911744585,0,0,"[{""id"":""a04ce7a52545e5e33c2867e148898d9e667a69602285f6a1298f9d68"",""qTokenName"":""qADA"",""qTokenAmount"":34459.619511,""market"":{""id"":""Ada"",""displayName"":""ADA""},""amountInUsd"":181.18180911744585}]",false,false,true
16037f6b5711f67fb551a471397baaeccc19ed694383a9f8492e4353b9b8966e-34,DJED,da15b039bf743ca079e98b4cf808c7290371e5617a612d92e8628f2a,0,0,0.3254286323,142.72099091205095,0,0,"[{""id"":""a04ce7a52545e5e33c2867e148898d9e667a69602285f6a1298f9d68"",""qTokenName"":""qADA"",""qTokenAmount"":27144.618254,""market"":{""id"":""Ada"",""displayName"":""ADA""},""amountInUsd"":142.72099091205095}]",false,false,true
16037f6b5711f67fb551a471397baaeccc19ed694383a9f8492e4353b9b8966e-36,DJED,b16156db60d743f1961042024f7af61eb58ca000d9edb5b35691f963,0,0,0.3254286323,35.47423915222855,0,0,"[{""id"":""a04ce7a52545e5e33c2867e148898d9e667a69602285f6a1298f9d68"",""qTokenName"":""qADA"",""qTokenAmount"":6746.973052,""market"":{""id"":""Ada"",""displayName"":""ADA""},""amountInUsd"":35.474239152228556}]",false,false,true
16037f6b5711f67fb551a471397baaeccc19ed694383a9f8492e4353b9b8966e-14,DJED,5375703a1815206253bce83d4c52cc18b6571def1bedf6c257575293,0,0,0.3254286323,6.80768201090204,8.3384350656,0,"[{""id"":""a04ce7a52545e5e33c2867e148898d9e667a69602285f6a1298f9d68"",""qTokenName"":""qADA"",""qTokenAmount"":1294.777511,""market"":{""id"":""Ada"",""displayName"":""ADA""},""amountInUsd"":6.80768201090204}]",false,false,true
16037f6b5711f67fb551a471397baaeccc19ed694383a9f8492e4353b9b8966e-15,DJED,32166951c9db4ef56e1b527243c3a157a40666567419a27d94885f8a,0,0,0.3254286323,6.75163386671949,0,0,"[{""id"":""a04ce7a52545e5e33c2867e148898d9e667a69602285f6a1298f9d68"",""qTokenName"":""qADA"",""qTokenAmount"":1284.117513,""market"":{""id"":""Ada"",""displayName"":""ADA""},""amountInUsd"":6.751633866719489}]",false,false,true
16037f6b5711f67fb551a471397baaeccc19ed694383a9f8492e4353b9b8966e-16,DJED,feac54598dbfa6546aef5324b73014808c48ac13a311f0ddcaa6e74f,0,0,0.3254286323,74.80982167631,0,0,"[{""id"":""a04ce7a52545e5e33c2867e148898d9e667a69602285f6a1298f9d68"",""qTokenName"":""qADA"",""qTokenAmount"":14228.348879,""market"":{""id"":""Ada"",""displayName"":""ADA""},""amountInUsd"":74.80982167631001}]",false,false,true
16037f6b5711f67fb551a471397baaeccc19ed694383a9f8492e4353b9b8966e-19,DJED,cd922df06c92cd751be5d1915c551faefb1a7d019d6c91dcc29524a1,0,0,0.3254286323,21.13331822902028,0,0,"[{""id"":""a04ce7a52545e5e33c2867e148898d9e667a69602285f6a1298f9d68"",""qTokenName"":""qADA"",""qTokenAmount"":4019.421755,""market"":{""id"":""Ada"",""displayName"":""ADA""},""amountInUsd"":21.13331822902028}]",false,false,true
16037f6b5711f67fb551a471397baaeccc19ed694383a9f8492e4353b9b8966e-17,DJED,e67bcf67de8a7932f1b1e396657a7f3f27463e98327fbb5e8d27b1b3,0,0,0.3254286323,482.9855207499313,0,0,"[{""id"":""6df63e2fdde8b2c3b3396265b0cc824aa4fb999396b1c154280f6b0c"",""qTokenName"":""qDJED"",""qTokenAmount"":15173.582571,""market"":{""id"":""DJED"",""displayName"":""DJED""},""amountInUsd"":482.98552074993125}]",false,false,true
16037f6b5711f67fb551a471397baaeccc19ed694383a9f8492e4353b9b8966e-10,DJED,95aeeaca43b7ac91b7be1cbf9cbd9101e8d5802822d1bfa41ca03609,0,0,0.3254286323,16.143907244230114,0,0,"[{""id"":""a04ce7a52545e5e33c2867e148898d9e667a69602285f6a1298f9d68"",""qTokenName"":""qADA"",""qTokenAmount"":3070.467746,""market"":{""id"":""Ada"",""displayName"":""ADA""},""amountInUsd"":16.143907244230114}]",false,false,true
16037f6b5711f67fb551a471397baaeccc19ed694383a9f8492e4353b9b8966e-20,DJED,d8cdf7815b7cea335d3c0be8ab276ba6d74464f1fea89d16fba05de1,0,0,0.3254286323,9.060180768354602,0,0,"[{""id"":""a04ce7a52545e5e33c2867e148898d9e667a69602285f6a1298f9d68"",""qTokenName"":""qADA"",""qTokenAmount"":1723.188346,""market"":{""id"":""Ada"",""displayName"":""ADA""},""amountInUsd"":9.060180768354602}]",false,false,true
16037f6b5711f67fb551a471397baaeccc19ed694383a9f8492e4353b9b8966e-21,DJED,e6a1dbd9b688950042da3ef774e525ad0939c76d30e523adef374777,0,0,0.3254286323,50.70302736958486,0,0,"[{""id"":""a04ce7a52545e5e33c2867e148898d9e667a69602285f6a1298f9d68"",""qTokenName"":""qADA"",""qTokenAmount"":9643.391021,""market"":{""id"":""Ada"",""displayName"":""ADA""},""amountInUsd"":50.70302736958486}]",false,false,true
16037f6b5711f67fb551a471397baaeccc19ed694383a9f8492e4353b9b8966e-13,DJED,fb840a7983933699cca02664135a907fad0ce7b199b34a2348f6c1ef,0,0,0.3254286323,5.912189643970756,0,0,"[{""id"":""a04ce7a52545e5e33c2867e148898d9e667a69602285f6a1298f9d68"",""qTokenName"":""qADA"",""qTokenAmount"":1124.460599,""market"":{""id"":""Ada"",""displayName"":""ADA""},""amountInUsd"":5.912189643970756}]",false,false,true
16037f6b5711f67fb551a471397baaeccc19ed694383a9f8492e4353b9b8966e-12,DJED,b799dd96b16beecf2815e75b3ab153f83cc3915ab202a62acc376ea7,2.599066781297269,0.31165032227286815,0.3254286323,8178.7329097034735,2548.9047470928,2548.9047470928,"[{""id"":""a04ce7a52545e5e33c2867e148898d9e667a69602285f6a1298f9d68"",""qTokenName"":""qADA"",""qTokenAmount"":1555542.609511,""market"":{""id"":""Ada"",""displayName"":""ADA""},""amountInUsd"":8178.732909703473}]",true,false,true
16037f6b5711f67fb551a471397baaeccc19ed694383a9f8492e4353b9b8966e-11,DJED,56d25fe0aa48f97e33c0e6bfa4a99cabbc983dcbf8041073b871d6d5,0,0,0.3254286323,42.14676581741677,0,0,"[{""id"":""a04ce7a52545e5e33c2867e148898d9e667a69602285f6a1298f9d68"",""qTokenName"":""qADA"",""qTokenAmount"":8016.044882,""market"":{""id"":""Ada"",""displayName"":""ADA""},""amountInUsd"":42.14676581741677}]",false,false,true
16037f6b5711f67fb551a471397baaeccc19ed694383a9f8492e4353b9b8966e-9,DJED,8c734ed7e636cb450286a7ad6965ac49313d9981213aa6ec3a8c2619,0,0,0.3254286323,401.34177440332434,0,0,"[{""id"":""e1ff3557106fe13042ba0f772af6a2e43903ccfaaf03295048882c93"",""qTokenName"":""qSHEN"",""qTokenAmount"":127628.070321,""market"":{""id"":""SHEN"",""displayName"":""SHEN""},""amountInUsd"":401.34177440332434}]",false,false,true
16037f6b5711f67fb551a471397baaeccc19ed694383a9f8492e4353b9b8966e-3,DJED,e3ba3fa2059b640725ed7afc507e4072760fbf6697caae72113bac0a,0,0,0.3254286323,4.603142465903943,0,0,"[{""id"":""a04ce7a52545e5e33c2867e148898d9e667a69602285f6a1298f9d68"",""qTokenName"":""qADA"",""qTokenAmount"":875.488211,""market"":{""id"":""Ada"",""displayName"":""ADA""},""amountInUsd"":4.603142465903942}]",false,false,true
16037f6b5711f67fb551a471397baaeccc19ed694383a9f8492e4353b9b8966e-2,DJED,76dbab8dc974000bd173ef0593fa4e50aae01be6e13a19f1dd9cae55,0,0,0.3254286323,5.545003397607799,0.0298178448,0,"[{""id"":""a04ce7a52545e5e33c2867e148898d9e667a69602285f6a1298f9d68"",""qTokenName"":""qADA"",""qTokenAmount"":1054.624127,""market"":{""id"":""Ada"",""displayName"":""ADA""},""amountInUsd"":5.545003397607799}]",false,false,true
16037f6b5711f67fb551a471397baaeccc19ed694383a9f8492e4353b9b8966e-1,DJED,a2b2868b4ed8cb7d64c181d43729fc2d1ee6349d19244491006b16d1,0,0,0.3254286323,3.9694349806470273,0,0,"[{""id"":""a04ce7a52545e5e33c2867e148898d9e667a69602285f6a1298f9d68"",""qTokenName"":""qADA"",""qTokenAmount"":754.961106,""market"":{""id"":""Ada"",""displayName"":""ADA""},""amountInUsd"":3.9694349775024076},{""id"":""e1ff3557106fe13042ba0f772af6a2e43903ccfaaf03295048882c93"",""qTokenName"":""qSHEN"",""qTokenAmount"":0.000001,""market"":{""id"":""SHEN"",""displayName"":""SHEN""},""amountInUsd"":3.1446199366166183e-9}]",false,false,true
16037f6b5711f67fb551a471397baaeccc19ed694383a9f8492e4353b9b8966e-22,DJED,bf25442bcb435618310b61b01d338ae3a535e3d54535695abbd809ac,0,0,0.3254286323,52.34988456282016,0,0,"[{""id"":""a04ce7a52545e5e33c2867e148898d9e667a69602285f6a1298f9d68"",""qTokenName"":""qADA"",""qTokenAmount"":9956.61271,""market"":{""id"":""Ada"",""displayName"":""ADA""},""amountInUsd"":52.34988456282016}]",false,false,true
16037f6b5711f67fb551a471397baaeccc19ed694383a9f8492e4353b9b8966e-23,DJED,e6a1dbd9b688950042da3ef774e525ad0939c76d30e523adef374777,0,0,0.3254286323,129.06399020407918,0,0,"[{""id"":""a04ce7a52545e5e33c2867e148898d9e667a69602285f6a1298f9d68"",""qTokenName"":""qADA"",""qTokenAmount"":24547.144201,""market"":{""id"":""Ada"",""displayName"":""ADA""},""amountInUsd"":129.0639902040792}]",false,false,true
16037f6b5711f67fb551a471397baaeccc19ed694383a9f8492e4353b9b8966e-24,DJED,b15edc3b7d225dd8860ba12950c8b86d0c782138af2595d928da95fb,3772.9551715230427,0.0002146858266733724,0.3254286323,12.846001260231578,0.0027578544,0.0027578544,"[{""id"":""a04ce7a52545e5e33c2867e148898d9e667a69602285f6a1298f9d68"",""qTokenName"":""qADA"",""qTokenAmount"":2443.227153,""market"":{""id"":""Ada"",""displayName"":""ADA""},""amountInUsd"":12.84600126023158}]",true,false,true
5da0d789c3d709b65791cef980380474721329e267743deaac4d68e1ab8a6aef-42,DJED,598015a6d04121fda494bb536748fd61e8f54b6f6e8c6e52ab09548a,0,0,0.3254286323,113.81302432078249,0,0,"[{""id"":""a04ce7a52545e5e33c2867e148898d9e667a69602285f6a1298f9d68"",""qTokenName"":""qADA"",""qTokenAmount"":21646.508182,""market"":{""id"":""Ada"",""displayName"":""ADA""},""amountInUsd"":113.81302432078249}]",false,false,true
5da0d789c3d709b65791cef980380474721329e267743deaac4d68e1ab8a6aef-1,DJED,3d3833af1dc83d2c44634a4e127d47eaf5b33321f86ed21c37f6cf93,0,0,0.3254286323,74.88816424115369,0,0,"[{""id"":""a04ce7a52545e5e33c2867e148898d9e667a69602285f6a1298f9d68"",""qTokenName"":""qADA"",""qTokenAmount"":14243.249133,""market"":{""id"":""Ada"",""displayName"":""ADA""},""amountInUsd"":74.88816424115369}]",false,false,true
5da0d789c3d709b65791cef980380474721329e267743deaac4d68e1ab8a6aef-2,DJED,2fa34820a573ed770355b09d94546b8bc0112250c0a30bdbfba07200,0,0,0.3254286323,44.570777091405894,0,0,"[{""id"":""a04ce7a52545e5e33c2867e148898d9e667a69602285f6a1298f9d68"",""qTokenName"":""qADA"",""qTokenAmount"":8477.076299,""market"":{""id"":""Ada"",""displayName"":""ADA""},""amountInUsd"":44.570777091405894}]",false,false,true
5da0d789c3d709b65791cef980380474721329e267743deaac4d68e1ab8a6aef-3,DJED,98a01d48bd53a5631afcfc8a6d9fd72ec7f8eb2096119968e54a8d70,0,0,0.3254286323,5.427156095368611,0,0,"[{""id"":""a04ce7a52545e5e33c2867e148898d9e667a69602285f6a1298f9d68"",""qTokenName"":""qADA"",""qTokenAmount"":1032.210325,""market"":{""id"":""Ada"",""displayName"":""ADA""},""amountInUsd"":5.427156095368611}]",false,false,true
5da0d789c3d709b65791cef980380474721329e267743deaac4d68e1ab8a6aef-4,DJED,98a01d48bd53a5631afcfc8a6d9fd72ec7f8eb2096119968e54a8d70,0,0,0.3254286323,4.146772106606251,0,0,"[{""id"":""a04ce7a52545e5e33c2867e148898d9e667a69602285f6a1298f9d68"",""qTokenName"":""qADA"",""qTokenAmount"":788.689492,""market"":{""id"":""Ada"",""displayName"":""ADA""},""amountInUsd"":4.146772106606251}]",false,false,true
5da0d789c3d709b65791cef980380474721329e267743deaac4d68e1ab8a6aef-6,DJED,2fa34820a573ed770355b09d94546b8bc0112250c0a30bdbfba07200,0,0,0.3254286323,48.14250535723133,0,0,"[{""id"":""a04ce7a52545e5e33c2867e148898d9e667a69602285f6a1298f9d68"",""qTokenName"":""qADA"",""qTokenAmount"":9156.396136,""market"":{""id"":""Ada"",""displayName"":""ADA""},""amountInUsd"":48.14250535723133}]",false,false,true
5da0d789c3d709b65791cef980380474721329e267743deaac4d68e1ab8a6aef-7,DJED,f67089853b180f585b1d7dd8dcd44e2ce74404a0a6d27610805ea972,0,0,0.3254286323,0.010009348665388093,0,0,"[{""id"":""a04ce7a52545e5e33c2867e148898d9e667a69602285f6a1298f9d68"",""qTokenName"":""qADA"",""qTokenAmount"":1.903714,""market"":{""id"":""Ada"",""displayName"":""ADA""},""amountInUsd"":0.010009348665388093}]",false,false,true
5da0d789c3d709b65791cef980380474721329e267743deaac4d68e1ab8a6aef-9,DJED,cc606e5303bd68736e2f962594a4b3bc07ec31194b10f0adcaa1d425,0,0,0.3254286323,12.995926504002508,0,0,"[{""id"":""a04ce7a52545e5e33c2867e148898d9e667a69602285f6a1298f9d68"",""qTokenName"":""qADA"",""qTokenAmount"":2471.741974,""market"":{""id"":""Ada"",""displayName"":""ADA""},""amountInUsd"":12.995926504002506}]",false,false,true
5da0d789c3d709b65791cef980380474721329e267743deaac4d68e1ab8a6aef-12,DJED,3bca88bb1296d4b545e7fbb14a716324e65ec215eb88e765e44ffed0,0,0,0.3254286323,63.81650454168466,0,0,"[{""id"":""a04ce7a52545e5e33c2867e148898d9e667a69602285f6a1298f9d68"",""qTokenName"":""qADA"",""qTokenAmount"":12137.490379,""market"":{""id"":""Ada"",""displayName"":""ADA""},""amountInUsd"":63.8165045412307},{""id"":""f60b7232837203d335cd77494d25c1cc0b218b9a8f3459730c521d13"",""qTokenName"":""qIAG"",""qTokenAmount"":0.000001,""market"":{""id"":""IAG"",""displayName"":""IAG""},""amountInUsd"":4.539563585080971e-10}]",false,false,true
5da0d789c3d709b65791cef980380474721329e267743deaac4d68e1ab8a6aef-14,DJED,c35dcc007a1081ad4c5a8dc3e08324664d71fd857f8432f9d471a69f,0,0,0.3254286323,122.90246912938176,0,0,"[{""id"":""a04ce7a52545e5e33c2867e148898d9e667a69602285f6a1298f9d68"",""qTokenName"":""qADA"",""qTokenAmount"":23375.262361,""market"":{""id"":""Ada"",""displayName"":""ADA""},""amountInUsd"":122.90246912938176}]",false,false,true
5da0d789c3d709b65791cef980380474721329e267743deaac4d68e1ab8a6aef-15,DJED,dbdd378c2c3c008268f921360dbe233575ccc2c51dfed4483ae03841,0,0,0.3254286323,25.540589234989596,0,0,"[{""id"":""a04ce7a52545e5e33c2867e148898d9e667a69602285f6a1298f9d68"",""qTokenName"":""qADA"",""qTokenAmount"":4857.656469,""market"":{""id"":""Ada"",""displayName"":""ADA""},""amountInUsd"":25.540589234989596}]",false,false,true
5da0d789c3d709b65791cef980380474721329e267743deaac4d68e1ab8a6aef-17,DJED,a8c894b41fe6959c542f1794a2e9b2007483f63282169af0f1289873,0,0,0.3254286323,8.598926548467055,0.1630881456,0,"[{""id"":""a04ce7a52545e5e33c2867e148898d9e667a69602285f6a1298f9d68"",""qTokenName"":""qADA"",""qTokenAmount"":1635.460748,""market"":{""id"":""Ada"",""displayName"":""ADA""},""amountInUsd"":8.598926548467055}]",false,false,true
5da0d789c3d709b65791cef980380474721329e267743deaac4d68e1ab8a6aef-19,DJED,61eaa543e563425f6414152085bf9345beb55dafcbce0f8f4300f940,0,0,0.3254286323,3.434757901045708,0,0,"[{""id"":""a04ce7a52545e5e33c2867e148898d9e667a69602285f6a1298f9d68"",""qTokenName"":""qADA"",""qTokenAmount"":653.268951,""market"":{""id"":""Ada"",""displayName"":""ADA""},""amountInUsd"":3.434757901045708}]",false,false,true
5da0d789c3d709b65791cef980380474721329e267743deaac4d68e1ab8a6aef-22,DJED,1fce21a2cf8730ac0e1137e95d9305cf395740d376d3a2ee683abb32,267327.97525860777,0.0000030299859160509558,0.3254286323,1.3370359177378666,0.0000040512,0.0000040512,"[{""id"":""a04ce7a52545e5e33c2867e148898d9e667a69602285f6a1298f9d68"",""qTokenName"":""qADA"",""qTokenAmount"":254.295667,""market"":{""id"":""Ada"",""displayName"":""ADA""},""amountInUsd"":1.3370359177378666}]",true,false,true
5da0d789c3d709b65791cef980380474721329e267743deaac4d68e1ab8a6aef-23,DJED,69ca195d13cf18b2f4fce88b1fec5fc1c56a70c469159a834b1dbc89,0,0,0.3254286323,24.51470323896795,0,0,"[{""id"":""a04ce7a52545e5e33c2867e148898d9e667a69602285f6a1298f9d68"",""qTokenName"":""qADA"",""qTokenAmount"":4662.539524,""market"":{""id"":""Ada"",""displayName"":""ADA""},""amountInUsd"":24.51470323896795}]",false,false,true
5da0d789c3d709b65791cef980380474721329e267743deaac4d68e1ab8a6aef-24,DJED,b5773b0fcc52e6b5522af7e5a455bc1df2b38ac8a590722a77349cb0,0,0,0.3254286323,27.758300495934606,0,0,"[{""id"":""a04ce7a52545e5e33c2867e148898d9e667a69602285f6a1298f9d68"",""qTokenName"":""qADA"",""qTokenAmount"":5279.450945,""market"":{""id"":""Ada"",""displayName"":""ADA""},""amountInUsd"":27.75830049593461}]",false,false,true
5da0d789c3d709b65791cef980380474721329e267743deaac4d68e1ab8a6aef-25,DJED,bda422cc5bcd60771da5047bd0ee2a21974de2faa664b5894a1c922d,0,0,0.3254286323,51.436957812722945,0,0,"[{""id"":""a04ce7a52545e5e33c2867e148898d9e667a69602285f6a1298f9d68"",""qTokenName"":""qADA"",""qTokenAmount"":9782.97989,""market"":{""id"":""Ada"",""displayName"":""ADA""},""amountInUsd"":51.436957812722945}]",false,false,true
5da0d789c3d709b65791cef980380474721329e267743deaac4d68e1ab8a6aef-26,DJED,5be626dfd6d310215ad6f8c19457d5565a1642b2517648a9e46e0253,0,0,0.3254286323,353.5777071503929,0,0,"[{""id"":""a04ce7a52545e5e33c2867e148898d9e667a69602285f6a1298f9d68"",""qTokenName"":""qADA"",""qTokenAmount"":67248.215013,""market"":{""id"":""Ada"",""displayName"":""ADA""},""amountInUsd"":353.5777071503929}]",false,false,true
5da0d789c3d709b65791cef980380474721329e267743deaac4d68e1ab8a6aef-27,DJED,5be626dfd6d310215ad6f8c19457d5565a1642b2517648a9e46e0253,0,0,0.3254286323,350.74854008104614,0,0,"[{""id"":""a04ce7a52545e5e33c2867e148898d9e667a69602285f6a1298f9d68"",""qTokenName"":""qADA"",""qTokenAmount"":66710.125559,""market"":{""id"":""Ada"",""displayName"":""ADA""},""amountInUsd"":350.74854008104614}]",false,false,true
5da0d789c3d709b65791cef980380474721329e267743deaac4d68e1ab8a6aef-28,DJED,92c20b444828b69050a34c23984f0296ac665c2ccd1ab07b097cdbfe,0,0,0.3254286323,3.2625479898338035,0,0,"[{""id"":""a04ce7a52545e5e33c2867e148898d9e667a69602285f6a1298f9d68"",""qTokenName"":""qADA"",""qTokenAmount"":620.515729,""market"":{""id"":""Ada"",""displayName"":""ADA""},""amountInUsd"":3.2625479898338035}]",false,false,true
5da0d789c3d709b65791cef980380474721329e267743deaac4d68e1ab8a6aef-29,DJED,7ccae80c1d70327436dbec40b25215b470b968aece804f4ee83f6f20,15508145.53352645,5.2230616371821685e-8,0.3254286323,77.5637026980523,0.0000040512,0.0000040512,"[{""id"":""a04ce7a52545e5e33c2867e148898d9e667a69602285f6a1298f9d68"",""qTokenName"":""qADA"",""qTokenAmount"":14752.119409,""market"":{""id"":""Ada"",""displayName"":""ADA""},""amountInUsd"":77.5637026980523}]",true,false,true
5da0d789c3d709b65791cef980380474721329e267743deaac4d68e1ab8a6aef-30,DJED,4a8d2892b611626f7aa81094b05435caf4d4f3326b53ae9192bde714,0,0,0.3254286323,3.6219464292262638,0,0,"[{""id"":""a04ce7a52545e5e33c2867e148898d9e667a69602285f6a1298f9d68"",""qTokenName"":""qADA"",""qTokenAmount"":688.87101,""market"":{""id"":""Ada"",""displayName"":""ADA""},""amountInUsd"":3.6219464292262638}]",false,false,true
5da0d789c3d709b65791cef980380474721329e267743deaac4d68e1ab8a6aef-31,DJED,3c6720577a6f7b5d14ca5c34d56e6c43ab717825ede45ce79ac42db3,109751329.6963093,5.011328805964301e-9,0.3254286323,808.4083397557968,0.0000040512,0.0000040512,"[{""id"":""a4430a085f45bca6399bec6bd7514eb8c2fce1ed75c7554739cfc32b"",""qTokenName"":""qMIN"",""qTokenAmount"":10484533.155259,""market"":{""id"":""MIN"",""displayName"":""MIN""},""amountInUsd"":808.4083397557968}]",true,false,true
5da0d789c3d709b65791cef980380474721329e267743deaac4d68e1ab8a6aef-32,DJED,4b8a89aaec0b28e3143c5288acbb407214b41b6955425ce0da2b5532,0,0,0.3254286323,12.605775388531285,0,0,"[{""id"":""a04ce7a52545e5e33c2867e148898d9e667a69602285f6a1298f9d68"",""qTokenName"":""qADA"",""qTokenAmount"":2397.537731,""market"":{""id"":""Ada"",""displayName"":""ADA""},""amountInUsd"":12.605775388531285}]",false,false,true
5da0d789c3d709b65791cef980380474721329e267743deaac4d68e1ab8a6aef-33,DJED,6c6793884a4fc38a2cb681d12b11559f70bb67ff96a34048eb88d155,2409570.081601016,3.361595523554157e-7,0.3254286323,12.051420141459305,0.0000040512,0.0000040512,"[{""id"":""a04ce7a52545e5e33c2867e148898d9e667a69602285f6a1298f9d68"",""qTokenName"":""qADA"",""qTokenAmount"":2292.102914,""market"":{""id"":""Ada"",""displayName"":""ADA""},""amountInUsd"":12.051420141459305}]",true,false,true
5da0d789c3d709b65791cef980380474721329e267743deaac4d68e1ab8a6aef-35,DJED,6641ef68c68ed2aea479ae38692ddbed0ba5f227c58a313716807e71,0,0,0.3254286323,697.1780839850171,0,0,"[{""id"":""a04ce7a52545e5e33c2867e148898d9e667a69602285f6a1298f9d68"",""qTokenName"":""qADA"",""qTokenAmount"":132598.805711,""market"":{""id"":""Ada"",""displayName"":""ADA""},""amountInUsd"":697.1780839850171}]",false,false,true
5da0d789c3d709b65791cef980380474721329e267743deaac4d68e1ab8a6aef-38,DJED,2c5711cc10b6d62f0b78e5481d97d86dda2bef626640440b794db7b5,0,0,0.3254286323,1.731220313102295,0,0,"[{""id"":""a04ce7a52545e5e33c2867e148898d9e667a69602285f6a1298f9d68"",""qTokenName"":""qADA"",""qTokenAmount"":329.267014,""market"":{""id"":""Ada"",""displayName"":""ADA""},""amountInUsd"":1.731220313102295}]",false,false,true
5da0d789c3d709b65791cef980380474721329e267743deaac4d68e1ab8a6aef-40,DJED,892a9ee6f7a697861f595b68833b6fc706f625f45cc6cb45ed9372a2,2.993708811611217,0.18371860278020474,0.3254286323,940.7383748436723,172.831139808,172.831139808,"[{""id"":""a4430a085f45bca6399bec6bd7514eb8c2fce1ed75c7554739cfc32b"",""qTokenName"":""qMIN"",""qTokenAmount"":12200768.097534,""market"":{""id"":""MIN"",""displayName"":""MIN""},""amountInUsd"":940.7383748436723}]",true,false,true
5da0d789c3d709b65791cef980380474721329e267743deaac4d68e1ab8a6aef-41,DJED,6b93227f4644d47ad7cd50679b2cc41cea5bf93bb8b0bb25d263abc3,0,0,0.3254286323,43.82241204015677,0,0,"[{""id"":""a04ce7a52545e5e33c2867e148898d9e667a69602285f6a1298f9d68"",""qTokenName"":""qADA"",""qTokenAmount"":8334.74206,""market"":{""id"":""Ada"",""displayName"":""ADA""},""amountInUsd"":43.82241204015677}]",false,false,true
5da0d789c3d709b65791cef980380474721329e267743deaac4d68e1ab8a6aef-44,DJED,b6e464a4967689c7efd1a575d7f656872416fe298518f56826f167b4,0,0,0.3254286323,3.43016957091357,0,0,"[{""id"":""a04ce7a52545e5e33c2867e148898d9e667a69602285f6a1298f9d68"",""qTokenName"":""qADA"",""qTokenAmount"":652.39628,""market"":{""id"":""Ada"",""displayName"":""ADA""},""amountInUsd"":3.43016957091357}]",false,false,true
5da0d789c3d709b65791cef980380474721329e267743deaac4d68e1ab8a6aef-45,DJED,6c3587e74836e97823472cab99fc8d315c7b26a40ecf93e2897ed8b7,0,0,0.3254286323,248.78369077599996,0,0,"[{""id"":""a04ce7a52545e5e33c2867e148898d9e667a69602285f6a1298f9d68"",""qTokenName"":""qADA"",""qTokenAmount"":47317.06437,""market"":{""id"":""Ada"",""displayName"":""ADA""},""amountInUsd"":248.78369077599996}]",false,false,true
5da0d789c3d709b65791cef980380474721329e267743deaac4d68e1ab8a6aef-5,DJED,7ebedd73e07233aacd3f60920058cc7b56de2c23cf3e0f4fff1dd39a,0,0,0.3254286323,65.13024783653394,0,0,"[{""id"":""a04ce7a52545e5e33c2867e148898d9e667a69602285f6a1298f9d68"",""qTokenName"":""qADA"",""qTokenAmount"":12387.355937,""market"":{""id"":""Ada"",""displayName"":""ADA""},""amountInUsd"":65.13024782908474},{""id"":""3883e3e6a24e092d4c14e757fa8ef5c887853060def087d6cf5603f5"",""qTokenName"":""qLQ"",""qTokenAmount"":0.000001,""market"":{""id"":""LQ"",""displayName"":""LQ""},""amountInUsd"":7.4492000153576e-9}]",false,false,true
5da0d789c3d709b65791cef980380474721329e267743deaac4d68e1ab8a6aef-8,DJED,d82884a4926849430d812035d6a3bd9aba6f275042df37ac2a32aaf1,0,0,0.3254286323,41.02294170701523,0,0,"[{""id"":""a04ce7a52545e5e33c2867e148898d9e667a69602285f6a1298f9d68"",""qTokenName"":""qADA"",""qTokenAmount"":7802.300735,""market"":{""id"":""Ada"",""displayName"":""ADA""},""amountInUsd"":41.02294170701523}]",false,false,true
5da0d789c3d709b65791cef980380474721329e267743deaac4d68e1ab8a6aef-10,DJED,bbf885d3051b5e92daaf5a42f1c8439431ef9ba5b425d20fc58fa559,0,0,0.3254286323,3.257804191794886,0,0,"[{""id"":""a04ce7a52545e5e33c2867e148898d9e667a69602285f6a1298f9d68"",""qTokenName"":""qADA"",""qTokenAmount"":619.613489,""market"":{""id"":""Ada"",""displayName"":""ADA""},""amountInUsd"":3.257804191794886}]",false,false,true
5da0d789c3d709b65791cef980380474721329e267743deaac4d68e1ab8a6aef-11,DJED,f2284edd914b436347f51446f4fc24ee81a0fbfd94887c577cf13f62,0,0,0.3254286323,3059.043613092551,0,0,"[{""id"":""a04ce7a52545e5e33c2867e148898d9e667a69602285f6a1298f9d68"",""qTokenName"":""qADA"",""qTokenAmount"":581810.500117,""market"":{""id"":""Ada"",""displayName"":""ADA""},""amountInUsd"":3059.043613092551}]",false,false,true
5da0d789c3d709b65791cef980380474721329e267743deaac4d68e1ab8a6aef-13,DJED,88751b202ad474c653075daf9dc381d77ba637c74df9d5158013357c,0,0,0.3254286323,99.02744036736584,0,0,"[{""id"":""a04ce7a52545e5e33c2867e148898d9e667a69602285f6a1298f9d68"",""qTokenName"":""qADA"",""qTokenAmount"":18834.384825,""market"":{""id"":""Ada"",""displayName"":""ADA""},""amountInUsd"":99.02744036736584}]",false,false,true
5da0d789c3d709b65791cef980380474721329e267743deaac4d68e1ab8a6aef-16,DJED,53cba3d91a7dd65c4c902a5144e5a467018515a13580dac7086ebfea,0,0,0.3254286323,8.399100754515656,0,0,"[{""id"":""a04ce7a52545e5e33c2867e148898d9e667a69602285f6a1298f9d68"",""qTokenName"":""qADA"",""qTokenAmount"":1597.455162,""market"":{""id"":""Ada"",""displayName"":""ADA""},""amountInUsd"":8.399100754515658}]",false,false,true
5da0d789c3d709b65791cef980380474721329e267743deaac4d68e1ab8a6aef-18,DJED,61eaa543e563425f6414152085bf9345beb55dafcbce0f8f4300f940,0,0,0.3254286323,4.805379634441918,0,0,"[{""id"":""a04ce7a52545e5e33c2867e148898d9e667a69602285f6a1298f9d68"",""qTokenName"":""qADA"",""qTokenAmount"":913.952425,""market"":{""id"":""Ada"",""displayName"":""ADA""},""amountInUsd"":4.805379634441918}]",false,false,true
5da0d789c3d709b65791cef980380474721329e267743deaac4d68e1ab8a6aef-20,DJED,13f9e82d9dc74c00c79f98f58258ed3520dfd3b12ffc0da2909ab816,700755.2127097307,0.000001155895789726392,0.3254286323,3.504814219419335,0.0000040512,0.0000040512,"[{""id"":""a04ce7a52545e5e33c2867e148898d9e667a69602285f6a1298f9d68"",""qTokenName"":""qADA"",""qTokenAmount"":666.593214,""market"":{""id"":""Ada"",""displayName"":""ADA""},""amountInUsd"":3.504814219419335}]",true,false,true
5da0d789c3d709b65791cef980380474721329e267743deaac4d68e1ab8a6aef-34,DJED,32c7f8c29373f36b6a9b5924e2d3b117473d2177a6478faee69742b5,0,0,0.3254286323,2.12298682998077,0,0,"[{""id"":""a04ce7a52545e5e33c2867e148898d9e667a69602285f6a1298f9d68"",""qTokenName"":""qADA"",""qTokenAmount"":403.778496,""market"":{""id"":""Ada"",""displayName"":""ADA""},""amountInUsd"":2.1229868299807695}]",false,false,true
5da0d789c3d709b65791cef980380474721329e267743deaac4d68e1ab8a6aef-37,DJED,ab62ae5fbca289ddf87de1869c10ddd071689bc0d192528030d26814,0,0,0.3254286323,0.00002750881288749807,0,0,"[{""id"":""a04ce7a52545e5e33c2867e148898d9e667a69602285f6a1298f9d68"",""qTokenName"":""qADA"",""qTokenAmount"":0.005232,""market"":{""id"":""Ada"",""displayName"":""ADA""},""amountInUsd"":0.000027508812887498072}]",false,false,true
5da0d789c3d709b65791cef980380474721329e267743deaac4d68e1ab8a6aef-39,DJED,07bf197f0a2b0ff2dac9489cffa6b99fa0ad8c1f70dfcfa3ae7449f8,1712.5851419445842,0.00047296918568397227,0.3254286323,665.082495691769,0.3145635264,0.3145635264,"[{""id"":""a04ce7a52545e5e33c2867e148898d9e667a69602285f6a1298f9d68"",""qTokenName"":""qADA"",""qTokenAmount"":126494.43041,""market"":{""id"":""Ada"",""displayName"":""ADA""},""amountInUsd"":665.082495691769}]",true,false,true
5da0d789c3d709b65791cef980380474721329e267743deaac4d68e1ab8a6aef-43,DJED,18eec4dca21130dda37555017c416dc840b9f9a8047880d30a3ee9d3,0,0,0.3254286323,390.3637851309631,0,0,"[{""id"":""a04ce7a52545e5e33c2867e148898d9e667a69602285f6a1298f9d68"",""qTokenName"":""qADA"",""qTokenAmount"":74244.691407,""market"":{""id"":""Ada"",""displayName"":""ADA""},""amountInUsd"":390.3637851309631}]",false,false,true
5da0d789c3d709b65791cef980380474721329e267743deaac4d68e1ab8a6aef-21,DJED,f4bc5f33f6574b289b6316cf5225ddc4ec1ec1e8bd13a42d18c03949,0,0,0.3254286323,13.250796231976267,0,0,"[{""id"":""a4430a085f45bca6399bec6bd7514eb8c2fce1ed75c7554739cfc32b"",""qTokenName"":""qMIN"",""qTokenAmount"":171854.254336,""market"":{""id"":""MIN"",""displayName"":""MIN""},""amountInUsd"":13.250796231976267}]",false,false,true
5da0d789c3d709b65791cef980380474721329e267743deaac4d68e1ab8a6aef-36,DJED,342756d5c643215661c5da665b262061b071e584c666b568ddc5a06c,0,0,0.3254286323,360.23454963857273,0,0,"[{""id"":""a04ce7a52545e5e33c2867e148898d9e667a69602285f6a1298f9d68"",""qTokenName"":""qADA"",""qTokenAmount"":68514.303813,""market"":{""id"":""Ada"",""displayName"":""ADA""},""amountInUsd"":360.23454963857273}]",false,false,true
a55cd789d712dec1b9748f2db9967a08ac91401bcbd9af1850ada888118dbc96-33,DJED,b0eec39fb5c0bf7af35e712ae91a723fbc63bc939426244575d37c25,1.6397270225272975,0.4939846626126547,0.3254286323,0.40213713954063773,0.1986495792,0.1986495792,"[{""id"":""a04ce7a52545e5e33c2867e148898d9e667a69602285f6a1298f9d68"",""qTokenName"":""qADA"",""qTokenAmount"":76.483908,""market"":{""id"":""Ada"",""displayName"":""ADA""},""amountInUsd"":0.40213713954063773}]",true,false,true
a55cd789d712dec1b9748f2db9967a08ac91401bcbd9af1850ada888118dbc96-29,DJED,608fa7c18653e7212168769162a950542b5dd832c8ce897477122ce4,3.8339836673805707,0.21126850562548247,0.3254286323,248849.33715063825,52574.0275857072,52574.0275857072,"[{""id"":""a04ce7a52545e5e33c2867e148898d9e667a69602285f6a1298f9d68"",""qTokenName"":""qADA"",""qTokenAmount"":47329549.88995,""market"":{""id"":""Ada"",""displayName"":""ADA""},""amountInUsd"":248849.33715063828}]",true,false,true
a55cd789d712dec1b9748f2db9967a08ac91401bcbd9af1850ada888118dbc96-31,DJED,df32fcf2b5698db02f707eee121d85c275e08bad81bda531b2b7fca8,2.154894641915081,0.3758884468152666,0.3254286323,7365.23943018181,2768.5084098336,2768.5084098336,"[{""id"":""a04ce7a52545e5e33c2867e148898d9e667a69602285f6a1298f9d68"",""qTokenName"":""qADA"",""qTokenAmount"":1400821.360642,""market"":{""id"":""Ada"",""displayName"":""ADA""},""amountInUsd"":7365.239430181809}]",true,false,true
a55cd789d712dec1b9748f2db9967a08ac91401bcbd9af1850ada888118dbc96-1,DJED,3c6720577a6f7b5d14ca5c34d56e6c43ab717825ede45ce79ac42db3,0,0,0.3254286323,148.67672097086748,0,0,"[{""id"":""a04ce7a52545e5e33c2867e148898d9e667a69602285f6a1298f9d68"",""qTokenName"":""qADA"",""qTokenAmount"":28277.359961,""market"":{""id"":""Ada"",""displayName"":""ADA""},""amountInUsd"":148.67672097086748}]",false,false,true
a55cd789d712dec1b9748f2db9967a08ac91401bcbd9af1850ada888118dbc96-6,DJED,598f92b7963ea4af27bf474895aba74d4dab56b21aefb23897f585ea,0,0,0.3254286323,19.488248114898344,0,0,"[{""id"":""a04ce7a52545e5e33c2867e148898d9e667a69602285f6a1298f9d68"",""qTokenName"":""qADA"",""qTokenAmount"":3706.539957,""market"":{""id"":""Ada"",""displayName"":""ADA""},""amountInUsd"":19.488248114898344}]",false,false,true
a55cd789d712dec1b9748f2db9967a08ac91401bcbd9af1850ada888118dbc96-10,DJED,5aca0a6c4f2df671d54978673a2cd06e389ca0e173b496f0e01dd166,3.4559049856529267,0.23236629945449858,0.3254286323,7792.490051762301,1810.712076864,1810.712076864,"[{""id"":""a04ce7a52545e5e33c2867e148898d9e667a69602285f6a1298f9d68"",""qTokenName"":""qADA"",""qTokenAmount"":1420843.337814,""market"":{""id"":""Ada"",""displayName"":""ADA""},""amountInUsd"":7470.51099433745},{""id"":""dd55119962ca550cdd4219999b9e6d25fc9128f96c7dcb5e485286eb"",""qTokenName"":""qCOPI"",""qTokenAmount"":249472.889494,""market"":{""id"":""COPI"",""displayName"":""COPI""},""amountInUsd"":44.79167912869132},{""id"":""c45fa8aefc662c003a32be67f6a4652d8ce56bd9e54d7696efd40c86"",""qTokenName"":""qNIGHT"",""qTokenAmount"":473759.170623,""market"":{""id"":""NIGHT"",""displayName"":""NIGHT""},""amountInUsd"":233.3170767100522},{""id"":""4e8c49d610335d139ad7711e0f50315006e29b5221da531e365b4ef8"",""qTokenName"":""qSNEK"",""qTokenAmount"":3548656,""market"":{""id"":""SNEK"",""displayName"":""SNEK""},""amountInUsd"":43.870301586108056}]",true,false,true
a55cd789d712dec1b9748f2db9967a08ac91401bcbd9af1850ada888118dbc96-12,DJED,1ecc486b4d01279f0bdebd938e84df2698d0c09952311af1bd1db885,1.6875400119299258,0.45470730707335594,0.3254286323,13789.152858582243,6270.0285631488,6270.0285631488,"[{""id"":""a04ce7a52545e5e33c2867e148898d9e667a69602285f6a1298f9d68"",""qTokenName"":""qADA"",""qTokenAmount"":1562892.402462,""market"":{""id"":""Ada"",""displayName"":""ADA""},""amountInUsd"":8217.376655699443},{""id"":""a4430a085f45bca6399bec6bd7514eb8c2fce1ed75c7554739cfc32b"",""qTokenName"":""qMIN"",""qTokenAmount"":27628455.95503,""market"":{""id"":""MIN"",""displayName"":""MIN""},""amountInUsd"":2130.28790866275},{""id"":""d3ff4ac09b0978b1ef7f830fd04d79c4246b53b8bcb08108f4ac5d98"",""qTokenName"":""qUSDCx"",""qTokenAmount"":168537.303672,""market"":{""id"":""USDCx"",""displayName"":""USDCx""},""amountInUsd"":3441.4882942200506}]",true,false,true
a55cd789d712dec1b9748f2db9967a08ac91401bcbd9af1850ada888118dbc96-13,DJED,8ec49631780ed713526d87bc43ca89a068582a17e82e2450c16edb03,2.0118881346174695,0.40260687762046443,0.3254286323,12825.17551957473,5163.5038708704,5163.5038708704,"[{""id"":""a04ce7a52545e5e33c2867e148898d9e667a69602285f6a1298f9d68"",""qTokenName"":""qADA"",""qTokenAmount"":2439266.230529,""market"":{""id"":""Ada"",""displayName"":""ADA""},""amountInUsd"":12825.175519574732}]",true,false,true
a55cd789d712dec1b9748f2db9967a08ac91401bcbd9af1850ada888118dbc96-22,DJED,84f6864c8e2e9a555f11bab8eb774626b9859c3361f140cdf5f15a09,2.162567597276135,0.3745547658349439,0.3254286323,820.9221779468646,307.4803141296,307.4803141296,"[{""id"":""a04ce7a52545e5e33c2867e148898d9e667a69602285f6a1298f9d68"",""qTokenName"":""qADA"",""qTokenAmount"":156134.139724,""market"":{""id"":""Ada"",""displayName"":""ADA""},""amountInUsd"":820.9221779468646}]",true,false,true
a55cd789d712dec1b9748f2db9967a08ac91401bcbd9af1850ada888118dbc96-24,DJED,554d72b24f226c6a96cb983ef63b24130d57dc8d585956fc6d22a485,1.659798653504215,0.48801099958112665,0.3254286323,1900.2647548566945,927.3501024864,927.3501024864,"[{""id"":""a04ce7a52545e5e33c2867e148898d9e667a69602285f6a1298f9d68"",""qTokenName"":""qADA"",""qTokenAmount"":361418.183986,""market"":{""id"":""Ada"",""displayName"":""ADA""},""amountInUsd"":1900.2647548566945}]",true,false,true
a55cd789d712dec1b9748f2db9967a08ac91401bcbd9af1850ada888118dbc96-28,DJED,fd85a7d0ba9624bbed523a947035d63f63badf8d827df917fa71f1c0,2.574575062698181,0.3123055423202734,0.3254286323,75486.33976365022,23574.8022776592,23574.8022776592,"[{""id"":""a04ce7a52545e5e33c2867e148898d9e667a69602285f6a1298f9d68"",""qTokenName"":""qADA"",""qTokenAmount"":14148808.646484,""market"":{""id"":""Ada"",""displayName"":""ADA""},""amountInUsd"":74391.6149918087},{""id"":""4e8c49d610335d139ad7711e0f50315006e29b5221da531e365b4ef8"",""qTokenName"":""qSNEK"",""qTokenAmount"":88551970,""market"":{""id"":""SNEK"",""displayName"":""SNEK""},""amountInUsd"":1094.7247718415065}]",true,false,true
a55cd789d712dec1b9748f2db9967a08ac91401bcbd9af1850ada888118dbc96-30,DJED,b2d0834973ca3f26aee1f012c1b4f03cc0dcd96a5e299c62beb86237,1.6613538471110982,0.4875541724049311,0.3254286323,22838.710435828034,11135.108565336,11135.108565336,"[{""id"":""a04ce7a52545e5e33c2867e148898d9e667a69602285f6a1298f9d68"",""qTokenName"":""qADA"",""qTokenAmount"":4343776.428628,""market"":{""id"":""Ada"",""displayName"":""ADA""},""amountInUsd"":22838.710435828034}]",true,false,true
a55cd789d712dec1b9748f2db9967a08ac91401bcbd9af1850ada888118dbc96-27,DJED,22bb6f401028793f46252664ca725811bb6a76fad4e974ea8cbfa90f,1.6163510156610192,0.501128772247991,0.3254286323,0.011922099729375399,0.0059745072,0.0059745072,"[{""id"":""a04ce7a52545e5e33c2867e148898d9e667a69602285f6a1298f9d68"",""qTokenName"":""qADA"",""qTokenAmount"":2.267507,""market"":{""id"":""Ada"",""displayName"":""ADA""},""amountInUsd"":0.011922099729375399}]",true,false,true
a55cd789d712dec1b9748f2db9967a08ac91401bcbd9af1850ada888118dbc96-34,DJED,171841b18c2458cfdc4a262c59fb6c9fff3116412ae15c85ca9abbf2,1.6965737833368524,0.47743281663051346,0.3254286323,0.6843545726620208,0.3267333312,0.3267333312,"[{""id"":""a04ce7a52545e5e33c2867e148898d9e667a69602285f6a1298f9d68"",""qTokenName"":""qADA"",""qTokenAmount"":130.159856,""market"":{""id"":""Ada"",""displayName"":""ADA""},""amountInUsd"":0.6843545726620208}]",true,false,true
a55cd789d712dec1b9748f2db9967a08ac91401bcbd9af1850ada888118dbc96-38,DJED,9a8d354c6795d3d450d809f9394561c2c2f694e93f37371fb4daaa5c,1.6939001011346353,0.4781864051235565,0.3254286323,28.25293545622479,13.51016964,13.51016964,"[{""id"":""a04ce7a52545e5e33c2867e148898d9e667a69602285f6a1298f9d68"",""qTokenName"":""qADA"",""qTokenAmount"":5373.527346,""market"":{""id"":""Ada"",""displayName"":""ADA""},""amountInUsd"":28.25293545622479}]",true,false,true
a55cd789d712dec1b9748f2db9967a08ac91401bcbd9af1850ada888118dbc96-41,DJED,554d72b24f226c6a96cb983ef63b24130d57dc8d585956fc6d22a485,1.729672312827512,0.4682967947124535,0.3254286323,1957.352614927954,916.6219556928,916.6219556928,"[{""id"":""a04ce7a52545e5e33c2867e148898d9e667a69602285f6a1298f9d68"",""qTokenName"":""qADA"",""qTokenAmount"":372275.929288,""market"":{""id"":""Ada"",""displayName"":""ADA""},""amountInUsd"":1957.352614927954}]",true,false,true
a55cd789d712dec1b9748f2db9967a08ac91401bcbd9af1850ada888118dbc96-42,DJED,c4afc3ca05a107d6760796fddebe64afd781ab67c25d9a09db85ddef,1.9081028469762114,0.37724128078904273,0.3254286323,411.3196435985246,155.1667491648,155.1667491648,"[{""id"":""a04ce7a52545e5e33c2867e148898d9e667a69602285f6a1298f9d68"",""qTokenName"":""qADA"",""qTokenAmount"":51095.005743,""market"":{""id"":""Ada"",""displayName"":""ADA""},""amountInUsd"":268.64735330080777},{""id"":""e1ff3557106fe13042ba0f772af6a2e43903ccfaaf03295048882c93"",""qTokenName"":""qSHEN"",""qTokenAmount"":45370.281043,""market"":{""id"":""SHEN"",""displayName"":""SHEN""},""amountInUsd"":142.6722902977168}]",true,false,true
a55cd789d712dec1b9748f2db9967a08ac91401bcbd9af1850ada888118dbc96-44,DJED,6aa8471da93aeb4bea5c68f4fc59a449537af1485b0ec34e1e3e3239,1.7368480393059857,0.4663620430050184,0.3254286323,2.9348529052251187,1.3687039968,1.3687039968,"[{""id"":""a04ce7a52545e5e33c2867e148898d9e667a69602285f6a1298f9d68"",""qTokenName"":""qADA"",""qTokenAmount"":558.190223,""market"":{""id"":""Ada"",""displayName"":""ADA""},""amountInUsd"":2.9348529052251187}]",true,false,true
a55cd789d712dec1b9748f2db9967a08ac91401bcbd9af1850ada888118dbc96-4,DJED,74f0dfd68e4baeaf8cd150572283b05e24993ee43228df02c9679fa8,0,0,0.3254286323,50.73069070397502,0,0,"[{""id"":""a04ce7a52545e5e33c2867e148898d9e667a69602285f6a1298f9d68"",""qTokenName"":""qADA"",""qTokenAmount"":9648.65241,""market"":{""id"":""Ada"",""displayName"":""ADA""},""amountInUsd"":50.73069070397502}]",false,false,true
a55cd789d712dec1b9748f2db9967a08ac91401bcbd9af1850ada888118dbc96-45,DJED,d910308c4875042232f38e47ed83fb371f5300f24787f6485714999b,1.7045154009977612,0.47520837859596665,0.3254286323,0.8824162798621983,0.4193316096,0.4193316096,"[{""id"":""a04ce7a52545e5e33c2867e148898d9e667a69602285f6a1298f9d68"",""qTokenName"":""qADA"",""qTokenAmount"":167.829924,""market"":{""id"":""Ada"",""displayName"":""ADA""},""amountInUsd"":0.8824162798621983}]",true,false,true
a55cd789d712dec1b9748f2db9967a08ac91401bcbd9af1850ada888118dbc96-43,DJED,c281bdcd66292023d1d627f9b5d333d12f0a24c239406575569f64b7,1.7482978881959947,0.46330777235898263,0.3254286323,599.597713051865,277.7982807456,277.7982807456,"[{""id"":""a04ce7a52545e5e33c2867e148898d9e667a69602285f6a1298f9d68"",""qTokenName"":""qADA"",""qTokenAmount"":114039.644223,""market"":{""id"":""Ada"",""displayName"":""ADA""},""amountInUsd"":599.597713051865}]",true,false,true
a55cd789d712dec1b9748f2db9967a08ac91401bcbd9af1850ada888118dbc96-40,DJED,7e210dbdbd783624bfe39a81d1744af5e262b1b7bd76e2eb026daf83,1.7140777226274642,0.47255733465713123,0.3254286323,7.1364438874848135,3.3723789024,3.3723789024,"[{""id"":""a04ce7a52545e5e33c2867e148898d9e667a69602285f6a1298f9d68"",""qTokenName"":""qADA"",""qTokenAmount"":1357.305914,""market"":{""id"":""Ada"",""displayName"":""ADA""},""amountInUsd"":7.136443887484814}]",true,false,true
a55cd789d712dec1b9748f2db9967a08ac91401bcbd9af1850ada888118dbc96-39,DJED,f49d6cbe3a4a33fb35c34752ece7149d9e4306c1993bac5056c8fbef,1.7125906475020392,0.4729676652044403,0.3254286323,176.99462137525865,83.7127328256,83.7127328256,"[{""id"":""a04ce7a52545e5e33c2867e148898d9e667a69602285f6a1298f9d68"",""qTokenName"":""qADA"",""qTokenAmount"":33663.243224,""market"":{""id"":""Ada"",""displayName"":""ADA""},""amountInUsd"":176.99462137525865}]",true,false,true
a55cd789d712dec1b9748f2db9967a08ac91401bcbd9af1850ada888118dbc96-37,DJED,f0c21fc17d0a2d4eb93097656224f4eea7f5ed8bdd4494f095291ce9,1.6961526785297873,0.47755134915218955,0.3254286323,40.58408671152874,19.3809853632,19.3809853632,"[{""id"":""a04ce7a52545e5e33c2867e148898d9e667a69602285f6a1298f9d68"",""qTokenName"":""qADA"",""qTokenAmount"":7718.833326,""market"":{""id"":""Ada"",""displayName"":""ADA""},""amountInUsd"":40.58408671152875}]",true,false,true
a55cd789d712dec1b9748f2db9967a08ac91401bcbd9af1850ada888118dbc96-36,DJED,d5f95ce64e0d677a5e98a1ed91bb852a9371d32c809fd35d60b9b705,1.6960624961103814,0.47757674133918493,0.3254286323,4.579109611300846,2.1868762464,2.1868762464,"[{""id"":""a04ce7a52545e5e33c2867e148898d9e667a69602285f6a1298f9d68"",""qTokenName"":""qADA"",""qTokenAmount"":870.917316,""market"":{""id"":""Ada"",""displayName"":""ADA""},""amountInUsd"":4.579109611300846}]",true,false,true
a55cd789d712dec1b9748f2db9967a08ac91401bcbd9af1850ada888118dbc96-35,DJED,b20ed056e95ccae2b5f4aa394f8950a6afeded1c0fe016842e990f7a,1.696004725202703,0.47759300900679236,0.3254286323,28.515262766349068,13.6186901472,13.6186901472,"[{""id"":""a04ce7a52545e5e33c2867e148898d9e667a69602285f6a1298f9d68"",""qTokenName"":""qADA"",""qTokenAmount"":5423.42032,""market"":{""id"":""Ada"",""displayName"":""ADA""},""amountInUsd"":28.515262766271963},{""id"":""a4430a085f45bca6399bec6bd7514eb8c2fce1ed75c7554739cfc32b"",""qTokenName"":""qMIN"",""qTokenAmount"":0.000001,""market"":{""id"":""MIN"",""displayName"":""MIN""},""amountInUsd"":7.710484842620793e-11}]",true,false,true
a55cd789d712dec1b9748f2db9967a08ac91401bcbd9af1850ada888118dbc96-32,DJED,341cfe4bd555c9a789b0402fbdadef4016da0ca58fef317b89c0fcbe,1.6723803082440791,0.4843395942938733,0.3254286323,56.37544073638705,27.3048580944,27.3048580944,"[{""id"":""a04ce7a52545e5e33c2867e148898d9e667a69602285f6a1298f9d68"",""qTokenName"":""qADA"",""qTokenAmount"":10722.247708,""market"":{""id"":""Ada"",""displayName"":""ADA""},""amountInUsd"":56.37544073638705}]",true,false,true
a55cd789d712dec1b9748f2db9967a08ac91401bcbd9af1850ada888118dbc96-2,DJED,2170acba5d68a11a0c3fdf0e6f0b76284d166441c3306076a8868a2d,0,0,0.3254286323,13.15094026825275,0,0,"[{""id"":""a04ce7a52545e5e33c2867e148898d9e667a69602285f6a1298f9d68"",""qTokenName"":""qADA"",""qTokenAmount"":2501.224599,""market"":{""id"":""Ada"",""displayName"":""ADA""},""amountInUsd"":13.150940268252752}]",false,false,true
a55cd789d712dec1b9748f2db9967a08ac91401bcbd9af1850ada888118dbc96-3,DJED,f4bc5f33f6574b289b6316cf5225ddc4ec1ec1e8bd13a42d18c03949,0,0,0.3254286323,134.96636568613977,0,0,"[{""id"":""a04ce7a52545e5e33c2867e148898d9e667a69602285f6a1298f9d68"",""qTokenName"":""qADA"",""qTokenAmount"":25669.735858,""market"":{""id"":""Ada"",""displayName"":""ADA""},""amountInUsd"":134.966353323628},{""id"":""4e8c49d610335d139ad7711e0f50315006e29b5221da531e365b4ef8"",""qTokenName"":""qSNEK"",""qTokenAmount"":1,""market"":{""id"":""SNEK"",""displayName"":""SNEK""},""amountInUsd"":0.000012362511775192652}]",false,false,true
a55cd789d712dec1b9748f2db9967a08ac91401bcbd9af1850ada888118dbc96-5,DJED,9dd63f33cda8ce489332904403d20ecbf5de0dc47a8206d5f00578a9,1060888.8438058181,7.635107153113393e-7,0.3254286323,5.3060159062051,0.0000040512,0.0000040512,"[{""id"":""a04ce7a52545e5e33c2867e148898d9e667a69602285f6a1298f9d68"",""qTokenName"":""qADA"",""qTokenAmount"":1009.170237,""market"":{""id"":""Ada"",""displayName"":""ADA""},""amountInUsd"":5.3060159062051}]",true,false,true
a55cd789d712dec1b9748f2db9967a08ac91401bcbd9af1850ada888118dbc96-7,DJED,92e01ec0dda3fa14e33d2c572863787f77fb9721311a680138e02446,6.2552804366222645,0.12949059729724682,0.3254286323,483.8239274855213,62.6506493568,62.6506493568,"[{""id"":""a04ce7a52545e5e33c2867e148898d9e667a69602285f6a1298f9d68"",""qTokenName"":""qADA"",""qTokenAmount"":92020.211812,""market"":{""id"":""Ada"",""displayName"":""ADA""},""amountInUsd"":483.8239274855213}]",true,false,true
a55cd789d712dec1b9748f2db9967a08ac91401bcbd9af1850ada888118dbc96-8,DJED,e4738e84596a98ec8d1dccbdfab90c49ec3c8448de259c4b7f574bf3,1.7558839972002436,0.4613061006829294,0.3254286323,6466.602355927588,2983.08311748,2983.08311748,"[{""id"":""a04ce7a52545e5e33c2867e148898d9e667a69602285f6a1298f9d68"",""qTokenName"":""qADA"",""qTokenAmount"":1229906.345453,""market"":{""id"":""Ada"",""displayName"":""ADA""},""amountInUsd"":6466.602355927587}]",true,false,true
a55cd789d712dec1b9748f2db9967a08ac91401bcbd9af1850ada888118dbc96-9,DJED,192a936d5b6b88b136e067b9101fda494da62d0c47c7539ee653b1d6,1.7400058516795172,0.4655156758341694,0.3254286323,72392.3277251786,33699.7633661952,33699.7633661952,"[{""id"":""a04ce7a52545e5e33c2867e148898d9e667a69602285f6a1298f9d68"",""qTokenName"":""qADA"",""qTokenAmount"":13768557.01506,""market"":{""id"":""Ada"",""displayName"":""ADA""},""amountInUsd"":72392.3277251786}]",true,false,true
a55cd789d712dec1b9748f2db9967a08ac91401bcbd9af1850ada888118dbc96-11,DJED,1ecc486b4d01279f0bdebd938e84df2698d0c09952311af1bd1db885,1.6244672396917985,0.4730316459659539,0.3254286323,14153.720709049303,6695.157803544,6695.157803544,"[{""id"":""a04ce7a52545e5e33c2867e148898d9e667a69602285f6a1298f9d68"",""qTokenName"":""qADA"",""qTokenAmount"":1629196.928628,""market"":{""id"":""Ada"",""displayName"":""ADA""},""amountInUsd"":8565.992635037117},{""id"":""a4430a085f45bca6399bec6bd7514eb8c2fce1ed75c7554739cfc32b"",""qTokenName"":""qMIN"",""qTokenAmount"":27628455.95503,""market"":{""id"":""MIN"",""displayName"":""MIN""},""amountInUsd"":2130.28790866275},{""id"":""d3ff4ac09b0978b1ef7f830fd04d79c4246b53b8bcb08108f4ac5d98"",""qTokenName"":""qUSDCx"",""qTokenAmount"":169318.50213,""market"":{""id"":""USDCx"",""displayName"":""USDCx""},""amountInUsd"":3457.4401653494356}]",true,false,true
a55cd789d712dec1b9748f2db9967a08ac91401bcbd9af1850ada888118dbc96-15,DJED,5ff4931f0967daf1b3bd2ab94e2b7eeca1ef3933e2be7f2d727b2580,1.9206223865703265,0.4173778377694434,0.3254286323,2239.8922995495077,934.8814048224,934.8814048224,"[{""id"":""a04ce7a52545e5e33c2867e148898d9e667a69602285f6a1298f9d68"",""qTokenName"":""qADA"",""qTokenAmount"":371604.317004,""market"":{""id"":""Ada"",""displayName"":""ADA""},""amountInUsd"":1953.8214114391349},{""id"":""b122b2fc62557df9c3fd0b5c62a4b2c970a0d711560e0a8dd7b264f3"",""qTokenName"":""qrsERG"",""qTokenAmount"":8118.767304361,""market"":{""id"":""ERG"",""displayName"":""rsERG""},""amountInUsd"":55.7821012764215},{""id"":""9e00df0615de0a7b121a7f961d43e23165b8e81b64786c6eb708d370"",""qTokenName"":""qUSDM"",""qTokenAmount"":9106.010157,""market"":{""id"":""USDM"",""displayName"":""USDM""},""amountInUsd"":230.28878683395152}]",true,false,true
a55cd789d712dec1b9748f2db9967a08ac91401bcbd9af1850ada888118dbc96-18,DJED,4d5da618c7b48388366354c11d5e897d2449b087b523fd083fa0970f,5.125338165533804,0.15803835256119897,0.3254286323,13456.579252571437,2126.6556161856,2126.6556161856,"[{""id"":""a04ce7a52545e5e33c2867e148898d9e667a69602285f6a1298f9d68"",""qTokenName"":""qADA"",""qTokenAmount"":2559355.176008,""market"":{""id"":""Ada"",""displayName"":""ADA""},""amountInUsd"":13456.579252571437}]",true,false,true
a55cd789d712dec1b9748f2db9967a08ac91401bcbd9af1850ada888118dbc96-19,DJED,57d0a74a101e98fdf12e4699e0646ed9e547e31b2a707aad97d1d6fb,1.6133645903868656,0.502056388758211,0.3254286323,25.864722885249066,12.985549368,12.985549368,"[{""id"":""a04ce7a52545e5e33c2867e148898d9e667a69602285f6a1298f9d68"",""qTokenName"":""qADA"",""qTokenAmount"":4919.304613,""market"":{""id"":""Ada"",""displayName"":""ADA""},""amountInUsd"":25.864722885249066}]",true,false,true
a55cd789d712dec1b9748f2db9967a08ac91401bcbd9af1850ada888118dbc96-21,DJED,a3c3db3a9d60a314ed3894cb4542ff100351179c633711f4456a7270,1.8434123244801386,0.43940250872979725,0.3254286323,1205025.4253295609,529491.194973,529491.194973,"[{""id"":""a04ce7a52545e5e33c2867e148898d9e667a69602285f6a1298f9d68"",""qTokenName"":""qADA"",""qTokenAmount"":229188116.953951,""market"":{""id"":""Ada"",""displayName"":""ADA""},""amountInUsd"":1205025.4253295609}]",true,false,true
a55cd789d712dec1b9748f2db9967a08ac91401bcbd9af1850ada888118dbc96-23,DJED,4c776e96a37baf21d06d227c777c6d02eb47dd369c6200ef7bea5c86,1.6157120852295392,0.5013269427175979,0.3254286323,17.749296421541896,8.8982005104,8.8982005104,"[{""id"":""a04ce7a52545e5e33c2867e148898d9e667a69602285f6a1298f9d68"",""qTokenName"":""qADA"",""qTokenAmount"":3375.802484,""market"":{""id"":""Ada"",""displayName"":""ADA""},""amountInUsd"":17.749296421541896}]",true,false,true
a55cd789d712dec1b9748f2db9967a08ac91401bcbd9af1850ada888118dbc96-25,DJED,24c3cdf2ea6070fef77c308e828338fa75081f930ddb3540cf58d9b8,1.628537457891497,0.49737879597115603,0.3254286323,26.016361451706146,12.9399865344,12.9399865344,"[{""id"":""a04ce7a52545e5e33c2867e148898d9e667a69602285f6a1298f9d68"",""qTokenName"":""qADA"",""qTokenAmount"":4948.145297,""market"":{""id"":""Ada"",""displayName"":""ADA""},""amountInUsd"":26.016361451706146}]",true,false,true
a55cd789d712dec1b9748f2db9967a08ac91401bcbd9af1850ada888118dbc96-26,DJED,7e210dbdbd783624bfe39a81d1744af5e262b1b7bd76e2eb026daf83,1.612969530184605,0.5021793560522468,0.3254286323,23.660627987192306,11.8818789264,11.8818789264,"[{""id"":""a04ce7a52545e5e33c2867e148898d9e667a69602285f6a1298f9d68"",""qTokenName"":""qADA"",""qTokenAmount"":4500.099882,""market"":{""id"":""Ada"",""displayName"":""ADA""},""amountInUsd"":23.660627987192306}]",true,false,true
a55cd789d712dec1b9748f2db9967a08ac91401bcbd9af1850ada888118dbc96-14,DJED,4f5fc7597f264b8d6189c8bbfafb9aa6c2d986b843aba34c8b1c734a,1.9771270198069417,0.4096853625919761,0.3254286323,2832.1013656296163,1160.2704748752,1160.2704748752,"[{""id"":""a04ce7a52545e5e33c2867e148898d9e667a69602285f6a1298f9d68"",""qTokenName"":""qADA"",""qTokenAmount"":538647.538357,""market"":{""id"":""Ada"",""displayName"":""ADA""},""amountInUsd"":2832.1013656296163}]",true,false,true
a55cd789d712dec1b9748f2db9967a08ac91401bcbd9af1850ada888118dbc96-16,DJED,acefc500c0e99279b310cad36316cec522c95374bb8df8434fd7208d,2.485663327025593,0.32586874947753536,0.3254286323,852.0206837640942,277.6469147472,277.6469147472,"[{""id"":""a04ce7a52545e5e33c2867e148898d9e667a69602285f6a1298f9d68"",""qTokenName"":""qADA"",""qTokenAmount"":162048.876325,""market"":{""id"":""Ada"",""displayName"":""ADA""},""amountInUsd"":852.0206837640942}]",true,false,true
a55cd789d712dec1b9748f2db9967a08ac91401bcbd9af1850ada888118dbc96-17,DJED,86ee96bb9c621065d20bb31270fc2def60bc15c8139ebb5ee13a9af9,2.2155724548789792,0.3655940017742478,0.3254286323,5472.833589138327,2000.8351328976,2000.8351328976,"[{""id"":""a04ce7a52545e5e33c2867e148898d9e667a69602285f6a1298f9d68"",""qTokenName"":""qADA"",""qTokenAmount"":1040897.891722,""market"":{""id"":""Ada"",""displayName"":""ADA""},""amountInUsd"":5472.833589138327}]",true,false,true
a55cd789d712dec1b9748f2db9967a08ac91401bcbd9af1850ada888118dbc96-20,DJED,59e8f054158f209320da9917c49bb60b34fce0a4fb6ef1c926fcece3,2.9049723481921417,0.2788322582499242,0.3254286323,119.40708501724819,33.2945471664,33.2945471664,"[{""id"":""a04ce7a52545e5e33c2867e148898d9e667a69602285f6a1298f9d68"",""qTokenName"":""qADA"",""qTokenAmount"":22710.462693,""market"":{""id"":""Ada"",""displayName"":""ADA""},""amountInUsd"":119.40708501724819}]",true,false,true
1aa3776c1fa997b7b5bfb861830cbdcb0f3e2135c9ab41da852451927d22d899-30,DJED,b149648fe0a5de0ff0bca24172b79377e6a0784ca205bf8c09b0c885,1.019272501943022,0.7850806084208202,0.3254286323,78033.11872018586,61262.2883218176,61262.2883218176,"[{""id"":""a04ce7a52545e5e33c2867e148898d9e667a69602285f6a1298f9d68"",""qTokenName"":""qADA"",""qTokenAmount"":313266.27899,""market"":{""id"":""Ada"",""displayName"":""ADA""},""amountInUsd"":1647.0916385127443},{""id"":""9e00df0615de0a7b121a7f961d43e23165b8e81b64786c6eb708d370"",""qTokenName"":""qUSDM"",""qTokenAmount"":3020433.378548,""market"":{""id"":""USDM"",""displayName"":""USDM""},""amountInUsd"":76386.0270816731}]",true,false,true
1aa3776c1fa997b7b5bfb861830cbdcb0f3e2135c9ab41da852451927d22d899-31,DJED,e8be99d7f6e19ccb5282e5387ddbdc30308653a1ee0478e1fb209e07,3.993719987256543,0.20281842557430363,0.3254286323,10860.008526518524,2202.609831072,2202.609831072,"[{""id"":""a04ce7a52545e5e33c2867e148898d9e667a69602285f6a1298f9d68"",""qTokenName"":""qADA"",""qTokenAmount"":2065504.056577,""market"":{""id"":""Ada"",""displayName"":""ADA""},""amountInUsd"":10860.008526518524}]",true,false,true
1aa3776c1fa997b7b5bfb861830cbdcb0f3e2135c9ab41da852451927d22d899-24,DJED,41feae65269bae38186d992df3af3654000e715714483bdc968fa291,1.5791120658824138,0.5122014878727303,0.3254286323,16875.29539642203,8643.5514103392,8643.5514103392,"[{""id"":""a04ce7a52545e5e33c2867e148898d9e667a69602285f6a1298f9d68"",""qTokenName"":""qADA"",""qTokenAmount"":2494277.720974,""market"":{""id"":""Ada"",""displayName"":""ADA""},""amountInUsd"":13114.414968602616},{""id"":""a4430a085f45bca6399bec6bd7514eb8c2fce1ed75c7554739cfc32b"",""qTokenName"":""qMIN"",""qTokenAmount"":990306.969957,""market"":{""id"":""MIN"",""displayName"":""MIN""},""amountInUsd"":76.35746881395174},{""id"":""c45fa8aefc662c003a32be67f6a4652d8ce56bd9e54d7696efd40c86"",""qTokenName"":""qNIGHT"",""qTokenAmount"":7481563.544156,""market"":{""id"":""NIGHT"",""displayName"":""NIGHT""},""amountInUsd"":3684.5229466429487},{""id"":""4e8c49d610335d139ad7711e0f50315006e29b5221da531e365b4ef8"",""qTokenName"":""qSNEK"",""qTokenAmount"":1,""market"":{""id"":""SNEK"",""displayName"":""SNEK""},""amountInUsd"":0.000012362511775192652}]",true,false,true
1aa3776c1fa997b7b5bfb861830cbdcb0f3e2135c9ab41da852451927d22d899-26,DJED,86ee96bb9c621065d20bb31270fc2def60bc15c8139ebb5ee13a9af9,2.108213967240792,0.3842114759632863,0.3254286323,5224.087657962084,2007.1544296272,2007.1544296272,"[{""id"":""a04ce7a52545e5e33c2867e148898d9e667a69602285f6a1298f9d68"",""qTokenName"":""qADA"",""qTokenAmount"":993588.008986,""market"":{""id"":""Ada"",""displayName"":""ADA""},""amountInUsd"":5224.087657962084}]",true,false,true
1aa3776c1fa997b7b5bfb861830cbdcb0f3e2135c9ab41da852451927d22d899-28,DJED,06bc51847d2851e012ff1fbce2e676fc64d9d821a67577ae005caf1f,1.4949565339501665,0.5418217731452792,0.3254286323,2469.3407019618903,1337.9425576368,1337.9425576368,"[{""id"":""a04ce7a52545e5e33c2867e148898d9e667a69602285f6a1298f9d68"",""qTokenName"":""qADA"",""qTokenAmount"":469652.783837,""market"":{""id"":""Ada"",""displayName"":""ADA""},""amountInUsd"":2469.3407019618903}]",true,false,true
1aa3776c1fa997b7b5bfb861830cbdcb0f3e2135c9ab41da852451927d22d899-32,DJED,fe0f51c194d54512193c094789d056ae2ec5ed40650dbc6beaab1d86,1.78274349073711,0.4543558869846664,0.3254286323,3824.261731597724,1737.5758311216,1737.5758311216,"[{""id"":""a04ce7a52545e5e33c2867e148898d9e667a69602285f6a1298f9d68"",""qTokenName"":""qADA"",""qTokenAmount"":709433.688764,""market"":{""id"":""Ada"",""displayName"":""ADA""},""amountInUsd"":3730.0608945520676},{""id"":""c45fa8aefc662c003a32be67f6a4652d8ce56bd9e54d7696efd40c86"",""qTokenName"":""qNIGHT"",""qTokenAmount"":191278.371305,""market"":{""id"":""NIGHT"",""displayName"":""NIGHT""},""amountInUsd"":94.20083704565637}]",true,false,true
1aa3776c1fa997b7b5bfb861830cbdcb0f3e2135c9ab41da852451927d22d899-29,DJED,7ac5878231522baf2972231d1a587e20a0d814c164fa7fea28ee459f,64.46327101148661,1.5512709552418018,0.3254286323,1366928.2,2120476.014560957,2120476.014560957,"[{""id"":""6f7d8e31d9256ec27f35d25659dd053cfec098032a5669b2b56798d0"",""qTokenName"":""qPOL"",""qTokenAmount"":3670000,""market"":{""id"":""POL"",""displayName"":""POL""},""amountInUsd"":1366928.2}]",true,false,true
1aa3776c1fa997b7b5bfb861830cbdcb0f3e2135c9ab41da852451927d22d899-25,DJED,cfa7dc3bd0b1bc1ddb1eb5a4822a7dabc54d5cf001de3e28e3dcb9ca,1.7747892240978325,0.4563922233704919,0.3254286323,84924.44261475897,38758.8551834496,38758.8551834496,"[{""id"":""a04ce7a52545e5e33c2867e148898d9e667a69602285f6a1298f9d68"",""qTokenName"":""qADA"",""qTokenAmount"":3074104.750586,""market"":{""id"":""Ada"",""displayName"":""ADA""},""amountInUsd"":16163.029889227675},{""id"":""c45fa8aefc662c003a32be67f6a4652d8ce56bd9e54d7696efd40c86"",""qTokenName"":""qNIGHT"",""qTokenAmount"":139622655.671264,""market"":{""id"":""NIGHT"",""displayName"":""NIGHT""},""amountInUsd"":68761.41272553129}]",true,false,true
1aa3776c1fa997b7b5bfb861830cbdcb0f3e2135c9ab41da852451927d22d899-20,DJED,98be9305d53be3b68902a79e15540c56eae11bb4eb28ed3d2335373b,0.1900795927262797,4.261372766967279,0.3254286323,28.736377484842617,122.4564164352,122.4564164352,"[{""id"":""a04ce7a52545e5e33c2867e148898d9e667a69602285f6a1298f9d68"",""qTokenName"":""qADA"",""qTokenAmount"":5465.474923,""market"":{""id"":""Ada"",""displayName"":""ADA""},""amountInUsd"":28.73637748435014},{""id"":""c45fa8aefc662c003a32be67f6a4652d8ce56bd9e54d7696efd40c86"",""qTokenName"":""qNIGHT"",""qTokenAmount"":0.000001,""market"":{""id"":""NIGHT"",""displayName"":""NIGHT""},""amountInUsd"":4.924803384876687e-10}]",true,true,true
1aa3776c1fa997b7b5bfb861830cbdcb0f3e2135c9ab41da852451927d22d899-17,DJED,5c29362e1fccd6845eadc21eaeb3a6f899990ccf60823f54c53d0f9e,1.9104665385779769,0.4239802077888837,0.3254286323,56170.95145626846,23815.371670128,23815.371670128,"[{""id"":""a04ce7a52545e5e33c2867e148898d9e667a69602285f6a1298f9d68"",""qTokenName"":""qADA"",""qTokenAmount"":9936041.219139,""market"":{""id"":""Ada"",""displayName"":""ADA""},""amountInUsd"":52241.72376524521},{""id"":""c45fa8aefc662c003a32be67f6a4652d8ce56bd9e54d7696efd40c86"",""qTokenName"":""qNIGHT"",""qTokenAmount"":7978445.805754,""market"":{""id"":""NIGHT"",""displayName"":""NIGHT""},""amountInUsd"":3929.22769102325}]",true,false,true
1aa3776c1fa997b7b5bfb861830cbdcb0f3e2135c9ab41da852451927d22d899-16,DJED,21dd3d38e5ce8532e298ff18d5dce99d03e72fbe2e87c7f702332795,2.160150522149302,0.37497386950334743,0.3254286323,22551.30338246599,8456.1494916672,8456.1494916672,"[{""id"":""a04ce7a52545e5e33c2867e148898d9e667a69602285f6a1298f9d68"",""qTokenName"":""qADA"",""qTokenAmount"":4289113.448101,""market"":{""id"":""Ada"",""displayName"":""ADA""},""amountInUsd"":22551.303382465994}]",true,false,true
1aa3776c1fa997b7b5bfb861830cbdcb0f3e2135c9ab41da852451927d22d899-15,DJED,a0bf2def583e7806e077f76b91dd160be76998a13802a610a4aee5ff,1.7662350528372353,0.45860260710987283,0.3254286323,1357.1656801708596,622.3997192064,622.3997192064,"[{""id"":""a04ce7a52545e5e33c2867e148898d9e667a69602285f6a1298f9d68"",""qTokenName"":""qADA"",""qTokenAmount"":258124.218871,""market"":{""id"":""Ada"",""displayName"":""ADA""},""amountInUsd"":1357.1656801708596}]",true,false,true
1aa3776c1fa997b7b5bfb861830cbdcb0f3e2135c9ab41da852451927d22d899-13,DJED,7e210dbdbd783624bfe39a81d1744af5e262b1b7bd76e2eb026daf83,1.751234803245517,0.4625307802807759,0.3254286323,12.242152542934978,5.662372368,5.662372368,"[{""id"":""a04ce7a52545e5e33c2867e148898d9e667a69602285f6a1298f9d68"",""qTokenName"":""qADA"",""qTokenAmount"":2328.378995,""market"":{""id"":""Ada"",""displayName"":""ADA""},""amountInUsd"":12.242152542934978}]",true,false,true
1aa3776c1fa997b7b5bfb861830cbdcb0f3e2135c9ab41da852451927d22d899-12,DJED,7e210dbdbd783624bfe39a81d1744af5e262b1b7bd76e2eb026daf83,1.7565792639197135,0.46112351240702226,0.3254286323,12.395605019062035,5.7159049248,5.7159049248,"[{""id"":""a04ce7a52545e5e33c2867e148898d9e667a69602285f6a1298f9d68"",""qTokenName"":""qADA"",""qTokenAmount"":2357.564673,""market"":{""id"":""Ada"",""displayName"":""ADA""},""amountInUsd"":12.395605019062037}]",true,false,true
1aa3776c1fa997b7b5bfb861830cbdcb0f3e2135c9ab41da852451927d22d899-11,DJED,c50059f86353b3a494aa471c2ed2bb644db9a28cb3242e5651f297c3,1.7415471445233544,0.465103688107747,0.3254286323,11.905817086355126,5.5374394368,5.5374394368,"[{""id"":""a04ce7a52545e5e33c2867e148898d9e667a69602285f6a1298f9d68"",""qTokenName"":""qADA"",""qTokenAmount"":2264.410145,""market"":{""id"":""Ada"",""displayName"":""ADA""},""amountInUsd"":11.905817083210506},{""id"":""e1ff3557106fe13042ba0f772af6a2e43903ccfaaf03295048882c93"",""qTokenName"":""qSHEN"",""qTokenAmount"":0.000001,""market"":{""id"":""SHEN"",""displayName"":""SHEN""},""amountInUsd"":3.1446199366166183e-9}]",true,false,true
1aa3776c1fa997b7b5bfb861830cbdcb0f3e2135c9ab41da852451927d22d899-9,DJED,7624099b30b750570febcd53278a8749f9e3b441f591462be40285bf,1.7417122635506643,0.4650595950612011,0.3254286323,26.59124112292014,12.3665118288,12.3665118288,"[{""id"":""a04ce7a52545e5e33c2867e148898d9e667a69602285f6a1298f9d68"",""qTokenName"":""qADA"",""qTokenAmount"":5057.483728,""market"":{""id"":""Ada"",""displayName"":""ADA""},""amountInUsd"":26.59124112292014}]",true,false,true
1aa3776c1fa997b7b5bfb861830cbdcb0f3e2135c9ab41da852451927d22d899-6,DJED,afd76067172eaf38ddb907918ca7948e239e63a3cecb62e35919af7f,1.7207885585500526,0.47071442681052644,0.3254286323,19.525180720453054,9.1907842512,9.1907842512,"[{""id"":""a04ce7a52545e5e33c2867e148898d9e667a69602285f6a1298f9d68"",""qTokenName"":""qADA"",""qTokenAmount"":3713.564302,""market"":{""id"":""Ada"",""displayName"":""ADA""},""amountInUsd"":19.52518072045305}]",true,false,true
1aa3776c1fa997b7b5bfb861830cbdcb0f3e2135c9ab41da852451927d22d899-3,DJED,46379bd0b5c88875f760fc4c41e90520ac07d24af7806a69d23cf6dd,1.7306786954870437,0.46802448202094016,0.3254286323,6.892959641063521,3.2260738656,3.2260738656,"[{""id"":""a04ce7a52545e5e33c2867e148898d9e667a69602285f6a1298f9d68"",""qTokenName"":""qADA"",""qTokenAmount"":1310.99677,""market"":{""id"":""Ada"",""displayName"":""ADA""},""amountInUsd"":6.892959641063521}]",true,false,true
1aa3776c1fa997b7b5bfb861830cbdcb0f3e2135c9ab41da852451927d22d899-2,DJED,7e210dbdbd783624bfe39a81d1744af5e262b1b7bd76e2eb026daf83,1.7419865687943534,0.46498636356341666,0.3254286323,8.428054353180016,3.9189303456,3.9189303456,"[{""id"":""a04ce7a52545e5e33c2867e148898d9e667a69602285f6a1298f9d68"",""qTokenName"":""qADA"",""qTokenAmount"":1602.961951,""market"":{""id"":""Ada"",""displayName"":""ADA""},""amountInUsd"":8.428054353180016}]",true,false,true
1aa3776c1fa997b7b5bfb861830cbdcb0f3e2135c9ab41da852451927d22d899-4,DJED,ee3e0abfc00140c952614e681bbb107fde2feb7d8daab2d84d69dcd5,1.7509034354035364,0.4626183167053508,0.3254286323,1639.5921635240927,758.5053667728,758.5053667728,"[{""id"":""a04ce7a52545e5e33c2867e148898d9e667a69602285f6a1298f9d68"",""qTokenName"":""qADA"",""qTokenAmount"":311839.926886,""market"":{""id"":""Ada"",""displayName"":""ADA""},""amountInUsd"":1639.5921635240925}]",true,false,true
1aa3776c1fa997b7b5bfb861830cbdcb0f3e2135c9ab41da852451927d22d899-5,DJED,7e210dbdbd783624bfe39a81d1744af5e262b1b7bd76e2eb026daf83,1.7037638098058456,0.47541801001883266,0.3254286323,8.37015321283762,3.979321584,3.979321584,"[{""id"":""a04ce7a52545e5e33c2867e148898d9e667a69602285f6a1298f9d68"",""qTokenName"":""qADA"",""qTokenAmount"":1591.949525,""market"":{""id"":""Ada"",""displayName"":""ADA""},""amountInUsd"":8.37015321283762}]",true,false,true
1aa3776c1fa997b7b5bfb861830cbdcb0f3e2135c9ab41da852451927d22d899-7,DJED,a11b02a058a5477daea5c0ce67cbc345e5366885d98e05071dbfe07d,1.7242423039969852,0.4697715617592319,0.3254286323,13.925635701534544,6.541867632,6.541867632,"[{""id"":""a04ce7a52545e5e33c2867e148898d9e667a69602285f6a1298f9d68"",""qTokenName"":""qADA"",""qTokenAmount"":2648.566708,""market"":{""id"":""Ada"",""displayName"":""ADA""},""amountInUsd"":13.925635701534544}]",true,false,true
1aa3776c1fa997b7b5bfb861830cbdcb0f3e2135c9ab41da852451927d22d899-8,DJED,20946d7889168b1114a1ac5f11b62569ae76797a8c6b43de2bf6c269,1.7337258083463114,0.46720190476520995,0.3254286323,5.429351100943729,2.536603176,2.536603176,"[{""id"":""a04ce7a52545e5e33c2867e148898d9e667a69602285f6a1298f9d68"",""qTokenName"":""qADA"",""qTokenAmount"":1032.627801,""market"":{""id"":""Ada"",""displayName"":""ADA""},""amountInUsd"":5.429351100943729}]",true,false,true
1aa3776c1fa997b7b5bfb861830cbdcb0f3e2135c9ab41da852451927d22d899-10,DJED,7bedda1d5e4c4260c21ca5e2d8f36903f02016791d3cdfafbe3388a4,1.7567224905783096,0.4610859167251565,0.3254286323,31.335614076047328,14.4484103424,14.4484103424,"[{""id"":""a04ce7a52545e5e33c2867e148898d9e667a69602285f6a1298f9d68"",""qTokenName"":""qADA"",""qTokenAmount"":5959.833073,""market"":{""id"":""Ada"",""displayName"":""ADA""},""amountInUsd"":31.335614076047328}]",true,false,true
1aa3776c1fa997b7b5bfb861830cbdcb0f3e2135c9ab41da852451927d22d899-14,DJED,2d6081ecf55bbe03e5e3cb8cb3de9e78fa6bff936465ad7e248ac91e,2.0048692330211804,0.40401637506272353,0.3254286323,3854.253850113495,1557.1816690944,1557.1816690944,"[{""id"":""a04ce7a52545e5e33c2867e148898d9e667a69602285f6a1298f9d68"",""qTokenName"":""qADA"",""qTokenAmount"":733054.393378,""market"":{""id"":""Ada"",""displayName"":""ADA""},""amountInUsd"":3854.253850113495}]",true,false,true
1aa3776c1fa997b7b5bfb861830cbdcb0f3e2135c9ab41da852451927d22d899-18,DJED,1b25a2d2f6727d75d3d29ccdecaed0209637cf7f2b9dd74de41c41cc,2.662328152023598,0.30424498925285764,0.3254286323,26289.003141716905,7998.29747832,7998.29747832,"[{""id"":""a04ce7a52545e5e33c2867e148898d9e667a69602285f6a1298f9d68"",""qTokenName"":""qADA"",""qTokenAmount"":4999999.999999,""market"":{""id"":""Ada"",""displayName"":""ADA""},""amountInUsd"":26289.0031417169}]",true,false,true
1aa3776c1fa997b7b5bfb861830cbdcb0f3e2135c9ab41da852451927d22d899-21,DJED,ff6f1a1500c463068faa3a4aee28ee0e9bdb7cd667b3ac131aaa6f2c,0.09134884000731314,8.867069631734648,0.3254286323,1.4592075255270989,12.938894736,12.938894736,"[{""id"":""a04ce7a52545e5e33c2867e148898d9e667a69602285f6a1298f9d68"",""qTokenName"":""qADA"",""qTokenAmount"":0.000001,""market"":{""id"":""Ada"",""displayName"":""ADA""},""amountInUsd"":5.257800628344432e-9},{""id"":""3883e3e6a24e092d4c14e757fa8ef5c887853060def087d6cf5603f5"",""qTokenName"":""qLQ"",""qTokenAmount"":0.000001,""market"":{""id"":""LQ"",""displayName"":""LQ""},""amountInUsd"":7.4492000153576e-9},{""id"":""c45fa8aefc662c003a32be67f6a4652d8ce56bd9e54d7696efd40c86"",""qTokenName"":""qNIGHT"",""qTokenAmount"":2962.951079,""market"":{""id"":""NIGHT"",""displayName"":""NIGHT""},""amountInUsd"":1.459195150308323},{""id"":""4e8c49d610335d139ad7711e0f50315006e29b5221da531e365b4ef8"",""qTokenName"":""qSNEK"",""qTokenAmount"":1,""market"":{""id"":""SNEK"",""displayName"":""SNEK""},""amountInUsd"":0.000012362511775192652}]",true,true,true
1aa3776c1fa997b7b5bfb861830cbdcb0f3e2135c9ab41da852451927d22d899-22,DJED,e4e2de12e558d71ab0fc1619d40e35af54d9cf52f08e31ce8122ab44,1.5606877269780763,0.5190019668880215,0.3254286323,4326.519452026041,2245.4721053808,2245.4721053808,"[{""id"":""a04ce7a52545e5e33c2867e148898d9e667a69602285f6a1298f9d68"",""qTokenName"":""qADA"",""qTokenAmount"":822876.285699,""market"":{""id"":""Ada"",""displayName"":""ADA""},""amountInUsd"":4326.519451997934},{""id"":""d15c36d6dec655677acb3318294f116ce01d8d9def3cc54cdd78909b"",""qTokenName"":""qiUSD"",""qTokenAmount"":0.000001,""market"":{""id"":""IUSD"",""displayName"":""iUSD""},""amountInUsd"":2.7613460783216967e-8},{""id"":""c45fa8aefc662c003a32be67f6a4652d8ce56bd9e54d7696efd40c86"",""qTokenName"":""qNIGHT"",""qTokenAmount"":0.000001,""market"":{""id"":""NIGHT"",""displayName"":""NIGHT""},""amountInUsd"":4.924803384876687e-10}]",true,false,true
1aa3776c1fa997b7b5bfb861830cbdcb0f3e2135c9ab41da852451927d22d899-23,DJED,e4e2de12e558d71ab0fc1619d40e35af54d9cf52f08e31ce8122ab44,1.645907879260549,0.49212960834921876,0.3254286323,2703.9068981026335,1330.672642776,1330.672642776,"[{""id"":""a04ce7a52545e5e33c2867e148898d9e667a69602285f6a1298f9d68"",""qTokenName"":""qADA"",""qTokenAmount"":514265.771794,""market"":{""id"":""Ada"",""displayName"":""ADA""},""amountInUsd"":2703.9068980745274},{""id"":""d15c36d6dec655677acb3318294f116ce01d8d9def3cc54cdd78909b"",""qTokenName"":""qiUSD"",""qTokenAmount"":0.000001,""market"":{""id"":""IUSD"",""displayName"":""iUSD""},""amountInUsd"":2.7613460783216967e-8},{""id"":""c45fa8aefc662c003a32be67f6a4652d8ce56bd9e54d7696efd40c86"",""qTokenName"":""qNIGHT"",""qTokenAmount"":0.000001,""market"":{""id"":""NIGHT"",""displayName"":""NIGHT""},""amountInUsd"":4.924803384876687e-10}]",true,false,true
1aa3776c1fa997b7b5bfb861830cbdcb0f3e2135c9ab41da852451927d22d899-1,DJED,554d72b24f226c6a96cb983ef63b24130d57dc8d585956fc6d22a485,1.744992142654101,0.46418547121249776,0.3254286323,206.60412168242354,95.9026315776,95.9026315776,"[{""id"":""a04ce7a52545e5e33c2867e148898d9e667a69602285f6a1298f9d68"",""qTokenName"":""qADA"",""qTokenAmount"":39294.780515,""market"":{""id"":""Ada"",""displayName"":""ADA""},""amountInUsd"":206.60412168242357}]",true,false,true
9cb7f841af77242e1aac4836b0dd6746ae9a5bb4600a38c3f818d24e91f461a0-0,DJED,174619c8a112fac4c65136abb26dc341f759f4f60d47f91e55d4b361,3.6174046887700033,0.2239174407316362,0.3254286323,6972.231276218875,1561.20418356,1561.20418356,"[{""id"":""a04ce7a52545e5e33c2867e148898d9e667a69602285f6a1298f9d68"",""qTokenName"":""qADA"",""qTokenAmount"":1326073.727222,""market"":{""id"":""Ada"",""displayName"":""ADA""},""amountInUsd"":6972.231276218874}]",true,false,true
053c467cfec269b4486b110fb4a97ddd280613a83bc9318b799745d760b2f8af-0,DJED,96ecd6d5148d343e891bb6f20e4ffc132fd8ed4ba5b48efa6c1c0f61,1.1532497801840698,0.7023630213662094,0.3254286323,45975.72135332116,32291.6465592096,32291.6465592096,"[{""id"":""a04ce7a52545e5e33c2867e148898d9e667a69602285f6a1298f9d68"",""qTokenName"":""qADA"",""qTokenAmount"":8744287.698067,""market"":{""id"":""Ada"",""displayName"":""ADA""},""amountInUsd"":45975.72135332116}]",true,false,true
e220a16399ae40419c69c64fcba66ad6ca91873d9523951432609f9c2ca9b4b9-0,DJED,8f74d6841602aca81f53570188f4561ffe417298d1de34ee0ada78ba,7.696718553256122,0.09058476755268839,0.3254286323,10303.043085997315,933.2987630304,933.2987630304,"[{""id"":""a04ce7a52545e5e33c2867e148898d9e667a69602285f6a1298f9d68"",""qTokenName"":""qADA"",""qTokenAmount"":1093660.866275,""market"":{""id"":""Ada"",""displayName"":""ADA""},""amountInUsd"":5750.250789896411},{""id"":""c45fa8aefc662c003a32be67f6a4652d8ce56bd9e54d7696efd40c86"",""qTokenName"":""qNIGHT"",""qTokenAmount"":168683.051793,""market"":{""id"":""NIGHT"",""displayName"":""NIGHT""},""amountInUsd"":83.07308644414958},{""id"":""e1ff3557106fe13042ba0f772af6a2e43903ccfaaf03295048882c93"",""qTokenName"":""qSHEN"",""qTokenAmount"":1421386.145146,""market"":{""id"":""SHEN"",""displayName"":""SHEN""},""amountInUsd"":4469.719209656754}]",true,false,true
010da53fdda16da50e0971b44d384af41ff8cbad0696015e68dde428553acd2d-1,ERG,5375703a1815206253bce83d4c52cc18b6571def1bedf6c257575293,2.6380705634176436,0.30704258302728565,0.0061767181,28.91790345589438,8.87902777283148,8.87902777283148,"[{""id"":""a04ce7a52545e5e33c2867e148898d9e667a69602285f6a1298f9d68"",""qTokenName"":""qADA"",""qTokenAmount"":5500,""market"":{""id"":""Ada"",""displayName"":""ADA""},""amountInUsd"":28.917903455894375}]",true,false,true
010da53fdda16da50e0971b44d384af41ff8cbad0696015e68dde428553acd2d-3,ERG,8036c400a4ee588ae34144f844c11417f1bc09ce82c75fc694313a9f,1.9283470532329405,0.42004886964823424,0.0061767181,1990.1165432271796,835.9462044508281,835.9462044508281,"[{""id"":""a04ce7a52545e5e33c2867e148898d9e667a69602285f6a1298f9d68"",""qTokenName"":""qADA"",""qTokenAmount"":378507.418577,""market"":{""id"":""Ada"",""displayName"":""ADA""},""amountInUsd"":1990.1165432271796}]",true,false,true
010da53fdda16da50e0971b44d384af41ff8cbad0696015e68dde428553acd2d-2,ERG,a95562420df1f066d4dcb1bfdd3509709c9d2c981a192453bbac31c4,3.286338790135503,0.24343199258741496,0.0061767181,92.13566459126396,22.42876841981712,22.42876841981712,"[{""id"":""6df63e2fdde8b2c3b3396265b0cc824aa4fb999396b1c154280f6b0c"",""qTokenName"":""qDJED"",""qTokenAmount"":2894.554918,""market"":{""id"":""DJED"",""displayName"":""DJED""},""amountInUsd"":92.13566459126395}]",true,false,true
d471fc0caed6b32bf71b826fd06641914e060b22eedf271f58fb889cee6399d1-0,ERG,01fc8507b760a05fb53145d07d2501d588853f45f03421647341a674,1.6184251087023969,0.4993426897181283,0.0061767181,5957.507320494179,2975.7920293844277,2974.837729431003,"[{""id"":""a04ce7a52545e5e33c2867e148898d9e667a69602285f6a1298f9d68"",""qTokenName"":""qADA"",""qTokenAmount"":350936.541285,""market"":{""id"":""Ada"",""displayName"":""ADA""},""amountInUsd"":1845.1543672772948},{""id"":""c45fa8aefc662c003a32be67f6a4652d8ce56bd9e54d7696efd40c86"",""qTokenName"":""qNIGHT"",""qTokenAmount"":6110837.977951,""market"":{""id"":""NIGHT"",""displayName"":""NIGHT""},""amountInUsd"":3009.467555824609},{""id"":""9e00df0615de0a7b121a7f961d43e23165b8e81b64786c6eb708d370"",""qTokenName"":""qUSDM"",""qTokenAmount"":43609.963684,""market"":{""id"":""USDM"",""displayName"":""USDM""},""amountInUsd"":1102.8853973922758}]",true,false,true
96eafc5c02e4ee81f8286d38c24cc6ed2973efd6e175e77067bba4b983f3c3e4-7,ETH,6885f0aee9a5ea4d9e95a0a0ab114bd80ac4d5de644293007895cf58,1.1925023312750507,0.6792439551325066,0.0196482602,19.61134528374473,13.320887736,13.320887736,"[{""id"":""a04ce7a52545e5e33c2867e148898d9e667a69602285f6a1298f9d68"",""qTokenName"":""qADA"",""qTokenAmount"":3729.95225,""market"":{""id"":""Ada"",""displayName"":""ADA""},""amountInUsd"":19.61134528374473}]",true,false,true
96eafc5c02e4ee81f8286d38c24cc6ed2973efd6e175e77067bba4b983f3c3e4-6,ETH,2eb76fc6eba0e78c2fac4661e4de580db12a2331ed3249fc552cbfca,0,0,0.0196482602,39.46361200940828,0,0,"[{""id"":""a04ce7a52545e5e33c2867e148898d9e667a69602285f6a1298f9d68"",""qTokenName"":""qADA"",""qTokenAmount"":7505.726215,""market"":{""id"":""Ada"",""displayName"":""ADA""},""amountInUsd"":39.46361200940828}]",false,false,true
96eafc5c02e4ee81f8286d38c24cc6ed2973efd6e175e77067bba4b983f3c3e4-5,ETH,698ceb483c24a183e0a9efbb33b25789c41494082421f4df6c75803e,1.474669643299237,0.5492755639749997,0.0196482602,2739.310553193449,1504.636349008,1504.636349008,"[{""id"":""a04ce7a52545e5e33c2867e148898d9e667a69602285f6a1298f9d68"",""qTokenName"":""qADA"",""qTokenAmount"":520999.320215,""market"":{""id"":""Ada"",""displayName"":""ADA""},""amountInUsd"":2739.3105531934493}]",true,false,true
96eafc5c02e4ee81f8286d38c24cc6ed2973efd6e175e77067bba4b983f3c3e4-4,ETH,d1b734c1cba14dc76a002dbb9632d3e1a00c2fc86c743a191704fd7d,1.4698926573999278,0.5510606478113833,0.0196482602,3486.338144199296,1921.183756232,1921.183756232,"[{""id"":""a04ce7a52545e5e33c2867e148898d9e667a69602285f6a1298f9d68"",""qTokenName"":""qADA"",""qTokenAmount"":663079.182844,""market"":{""id"":""Ada"",""displayName"":""ADA""},""amountInUsd"":3486.338144199296}]",true,false,true
96eafc5c02e4ee81f8286d38c24cc6ed2973efd6e175e77067bba4b983f3c3e4-2,ETH,91a484d734334a3069b53ae5373393a8ea8f93d88627670c00f8e8f9,2.4672153679170936,0.3251091996583059,0.0196482602,1178.5625968465606,383.161542608,383.161542608,"[{""id"":""a04ce7a52545e5e33c2867e148898d9e667a69602285f6a1298f9d68"",""qTokenName"":""qADA"",""qTokenAmount"":47395.651075,""market"":{""id"":""Ada"",""displayName"":""ADA""},""amountInUsd"":249.19688400292847},{""id"":""6df63e2fdde8b2c3b3396265b0cc824aa4fb999396b1c154280f6b0c"",""qTokenName"":""qDJED"",""qTokenAmount"":14719.334233,""market"":{""id"":""DJED"",""displayName"":""DJED""},""amountInUsd"":468.5264851825477},{""id"":""7a4d45e6b4e6835c4cea3968f291fab3704949cfd2f2dc1997c4eeec"",""qTokenName"":""qwanUSDT"",""qTokenAmount"":15060.4609531,""market"":{""id"":""USDT"",""displayName"":""wanUSDT""},""amountInUsd"":460.8392276610845}]",true,false,true
96eafc5c02e4ee81f8286d38c24cc6ed2973efd6e175e77067bba4b983f3c3e4-3,ETH,3656a60ced154a69910db0a4249d902e0a701fdd630ea23dd8d57156,1.5088635392335206,0.5368278700746308,0.0196482602,122.04950514005792,65.519575888,65.519575888,"[{""id"":""a04ce7a52545e5e33c2867e148898d9e667a69602285f6a1298f9d68"",""qTokenName"":""qADA"",""qTokenAmount"":23213.034074,""market"":{""id"":""Ada"",""displayName"":""ADA""},""amountInUsd"":122.04950514005792}]",true,false,true
96eafc5c02e4ee81f8286d38c24cc6ed2973efd6e175e77067bba4b983f3c3e4-1,ETH,9e05d970b7e9159c02a99bcde6d6fc45377a6ca9a321d9576a760b99,1.53158507925992,0.5288638620006677,0.0196482602,1.246684357493815,0.671300448,0.659326304,"[{""id"":""a04ce7a52545e5e33c2867e148898d9e667a69602285f6a1298f9d68"",""qTokenName"":""qADA"",""qTokenAmount"":237.111379,""market"":{""id"":""Ada"",""displayName"":""ADA""},""amountInUsd"":1.246684357493815}]",true,false,true
24d0b4b481c2ea2e469017862c6a638cb53c7e754aa265f4faa0af45de8632ac-4,IAG,c123f04246240f2acdb20f1ace69f67286ff025a3ea8a84fbed1bf41,0,0,0.0013262455,2.211140792553993,0.008572234424,0,"[{""id"":""a04ce7a52545e5e33c2867e148898d9e667a69602285f6a1298f9d68"",""qTokenName"":""qADA"",""qTokenAmount"":420.544815,""market"":{""id"":""Ada"",""displayName"":""ADA""},""amountInUsd"":2.211140792553993}]",false,false,true
24d0b4b481c2ea2e469017862c6a638cb53c7e754aa265f4faa0af45de8632ac-2,IAG,9b27170d99510e2ed9ce5eaea90876b0125a9352e6a291d34688e32a,4.348617806352676,0.18626608179194593,0.0013262455,132.71053965958208,24.719472234885,24.719472234885,"[{""id"":""a04ce7a52545e5e33c2867e148898d9e667a69602285f6a1298f9d68"",""qTokenName"":""qADA"",""qTokenAmount"":25240.694549,""market"":{""id"":""Ada"",""displayName"":""ADA""},""amountInUsd"":132.71053965958208}]",true,false,true
24d0b4b481c2ea2e469017862c6a638cb53c7e754aa265f4faa0af45de8632ac-6,IAG,ddcb970c255291b18778d73f33058983e45c728f7eb32d64cabc6262,11.24202050175337,0.07116158522173371,0.0013262455,3800.4829408461574,270.448390678769,270.448390678769,"[{""id"":""6df63e2fdde8b2c3b3396265b0cc824aa4fb999396b1c154280f6b0c"",""qTokenName"":""qDJED"",""qTokenAmount"":119396.833311,""market"":{""id"":""DJED"",""displayName"":""DJED""},""amountInUsd"":3800.482940846157}]",true,false,true
24d0b4b481c2ea2e469017862c6a638cb53c7e754aa265f4faa0af45de8632ac-1,IAG,b0e1aa74e9c491e73fb3c6625d941a883f95c05069b107021888830e,0,0,0.0013262455,27.50109149180731,0,0,"[{""id"":""a04ce7a52545e5e33c2867e148898d9e667a69602285f6a1298f9d68"",""qTokenName"":""qADA"",""qTokenAmount"":5230.53144,""market"":{""id"":""Ada"",""displayName"":""ADA""},""amountInUsd"":27.50109149180731}]",false,false,true
24d0b4b481c2ea2e469017862c6a638cb53c7e754aa265f4faa0af45de8632ac-7,IAG,5b4404b491d2c60ab1f763af4b21419beab6bdab4637d9ad67e0301f,1.1929238504080322,0.6706211798233097,0.0013262455,102.15591445563047,68.507919878164,68.507919878164,"[{""id"":""9e00df0615de0a7b121a7f961d43e23165b8e81b64786c6eb708d370"",""qTokenName"":""qUSDM"",""qTokenAmount"":4039.418538,""market"":{""id"":""USDM"",""displayName"":""USDM""},""amountInUsd"":102.15591445563047}]",true,false,true
24d0b4b481c2ea2e469017862c6a638cb53c7e754aa265f4faa0af45de8632ac-5,IAG,138e6f1324b88fc7e3c520e1ce26fb28d0fd99871c45b0e83c80f900,12.093342483884399,0.06615209989017354,0.0013262455,10304.236301668638,681.646869119936,681.646869119936,"[{""id"":""6df63e2fdde8b2c3b3396265b0cc824aa4fb999396b1c154280f6b0c"",""qTokenName"":""qDJED"",""qTokenAmount"":323720.222734,""market"":{""id"":""DJED"",""displayName"":""DJED""},""amountInUsd"":10304.236301668638}]",true,false,true
24d0b4b481c2ea2e469017862c6a638cb53c7e754aa265f4faa0af45de8632ac-3,IAG,3a2e415a0137cab3183e154633d518ce88544229eebd17b70c9be05c,3.7374268513526014,0.21672664970201497,0.0013262455,49.83581238506352,10.800748653393,10.800748653393,"[{""id"":""a04ce7a52545e5e33c2867e148898d9e667a69602285f6a1298f9d68"",""qTokenName"":""qADA"",""qTokenAmount"":9478.452286,""market"":{""id"":""Ada"",""displayName"":""ADA""},""amountInUsd"":49.83581238506352}]",true,false,true
52985ce3cc38280ba84a163df0e78053d0400ad17b689c11f172cd9379188279-16,IUSD,b799dd96b16beecf2815e75b3ab153f83cc3915ab202a62acc376ea7,0,0,0.204084903,576.6209080736911,0,0,"[{""id"":""a04ce7a52545e5e33c2867e148898d9e667a69602285f6a1298f9d68"",""qTokenName"":""qADA"",""qTokenAmount"":109669.603097,""market"":{""id"":""Ada"",""displayName"":""ADA""},""amountInUsd"":576.6209080736911}]",false,false,true
52985ce3cc38280ba84a163df0e78053d0400ad17b689c11f172cd9379188279-15,IUSD,31e57f69019bc664d45a66c5ac3f36124f4496c5bff331c103bf8e24,0,0,0.204084903,5.031781391777732,0,0,"[{""id"":""a04ce7a52545e5e33c2867e148898d9e667a69602285f6a1298f9d68"",""qTokenName"":""qADA"",""qTokenAmount"":957.012589,""market"":{""id"":""Ada"",""displayName"":""ADA""},""amountInUsd"":5.0317813917777325}]",false,false,true
52985ce3cc38280ba84a163df0e78053d0400ad17b689c11f172cd9379188279-13,IUSD,0817b19806d6b48f8434e9c3a8e053145d2cb345f03b89231c1fa27c,0,0,0.204084903,664.8661530061191,0,0,"[{""id"":""a04ce7a52545e5e33c2867e148898d9e667a69602285f6a1298f9d68"",""qTokenName"":""qADA"",""qTokenAmount"":126453.283417,""market"":{""id"":""Ada"",""displayName"":""ADA""},""amountInUsd"":664.8661530061191}]",false,false,true
52985ce3cc38280ba84a163df0e78053d0400ad17b689c11f172cd9379188279-11,IUSD,d2275d29dd259d76820b9951b91575289f4b93ce1a10a130cbd3a260,0,0,0.204084903,19.648397378076517,0,0,"[{""id"":""a04ce7a52545e5e33c2867e148898d9e667a69602285f6a1298f9d68"",""qTokenName"":""qADA"",""qTokenAmount"":3736.999321,""market"":{""id"":""Ada"",""displayName"":""ADA""},""amountInUsd"":19.648397378076517}]",false,false,true
52985ce3cc38280ba84a163df0e78053d0400ad17b689c11f172cd9379188279-8,IUSD,92f06e24bbb228d53258680895e44237dfe20aaea32e957011ee14f7,1.685992561318628,0.47449794166014214,0.204084903,376.7152619739279,178.75061639859,178.75061639859,"[{""id"":""6df63e2fdde8b2c3b3396265b0cc824aa4fb999396b1c154280f6b0c"",""qTokenName"":""qDJED"",""qTokenAmount"":11834.972039,""market"":{""id"":""DJED"",""displayName"":""DJED""},""amountInUsd"":376.7152619739279}]",true,false,true
52985ce3cc38280ba84a163df0e78053d0400ad17b689c11f172cd9379188279-7,IUSD,8e9fd8f3ba1d9dafe6e8242085fdcee0d9d748fc2f5d7269ed101159,0,0,0.204084903,1.1291159289999546,0,0,"[{""id"":""a04ce7a52545e5e33c2867e148898d9e667a69602285f6a1298f9d68"",""qTokenName"":""qADA"",""qTokenAmount"":214.750617,""market"":{""id"":""Ada"",""displayName"":""ADA""},""amountInUsd"":1.1291159289999544}]",false,false,true
52985ce3cc38280ba84a163df0e78053d0400ad17b689c11f172cd9379188279-6,IUSD,54290b43ec9eb48023ae228ac36c59fc285efddeede8143c13c79af8,0,0,0.204084903,2.2792665201461,0,0,"[{""id"":""a04ce7a52545e5e33c2867e148898d9e667a69602285f6a1298f9d68"",""qTokenName"":""qADA"",""qTokenAmount"":433.501892,""market"":{""id"":""Ada"",""displayName"":""ADA""},""amountInUsd"":2.2792665201461}]",false,false,true
52985ce3cc38280ba84a163df0e78053d0400ad17b689c11f172cd9379188279-3,IUSD,1f7ef810b5dc6ec53922eb17e910a74c3b343b9117c51d4cac82cd88,1.1372583414398194,0.7034461483809954,0.204084903,211.94895659758225,149.09467717194,149.09467717194,"[{""id"":""6df63e2fdde8b2c3b3396265b0cc824aa4fb999396b1c154280f6b0c"",""qTokenName"":""qDJED"",""qTokenAmount"":6658.636451,""market"":{""id"":""DJED"",""displayName"":""DJED""},""amountInUsd"":211.94895659758225}]",true,false,true
52985ce3cc38280ba84a163df0e78053d0400ad17b689c11f172cd9379188279-2,IUSD,76dbab8dc974000bd173ef0593fa4e50aae01be6e13a19f1dd9cae55,1.2063708186467468,0.6631460141728267,0.204084903,52.88491448801813,35.0704202526,35.0704202526,"[{""id"":""6df63e2fdde8b2c3b3396265b0cc824aa4fb999396b1c154280f6b0c"",""qTokenName"":""qDJED"",""qTokenAmount"":1661.444458,""market"":{""id"":""DJED"",""displayName"":""DJED""},""amountInUsd"":52.88491448801813}]",true,false,true
52985ce3cc38280ba84a163df0e78053d0400ad17b689c11f172cd9379188279-1,IUSD,f13fad4a079d79aee11156f784aa37e761dbc199a503c61baf40e7f0,1.847224526386764,0.4384956936363272,0.204084903,2.3890834257515987,1.04760279393,1.04760279393,"[{""id"":""a04ce7a52545e5e33c2867e148898d9e667a69602285f6a1298f9d68"",""qTokenName"":""qADA"",""qTokenAmount"":454.388364,""market"":{""id"":""Ada"",""displayName"":""ADA""},""amountInUsd"":2.3890834257515987}]",true,false,true
52985ce3cc38280ba84a163df0e78053d0400ad17b689c11f172cd9379188279-34,IUSD,da55b769a0cdf330ae3aba69206c71fa8a1ff0dadffe82ed7ba0636a,0,0,0.204084903,107.26141462483211,1.31277531702,0,"[{""id"":""a04ce7a52545e5e33c2867e148898d9e667a69602285f6a1298f9d68"",""qTokenName"":""qADA"",""qTokenAmount"":20400.433985,""market"":{""id"":""Ada"",""displayName"":""ADA""},""amountInUsd"":107.2614146248321}]",false,false,true
52985ce3cc38280ba84a163df0e78053d0400ad17b689c11f172cd9379188279-35,IUSD,da55b769a0cdf330ae3aba69206c71fa8a1ff0dadffe82ed7ba0636a,0,0,0.204084903,118.48763106520133,0,0,"[{""id"":""a04ce7a52545e5e33c2867e148898d9e667a69602285f6a1298f9d68"",""qTokenName"":""qADA"",""qTokenAmount"":22535.588441,""market"":{""id"":""Ada"",""displayName"":""ADA""},""amountInUsd"":118.48763106520133}]",false,false,true
52985ce3cc38280ba84a163df0e78053d0400ad17b689c11f172cd9379188279-36,IUSD,da55b769a0cdf330ae3aba69206c71fa8a1ff0dadffe82ed7ba0636a,0,0,0.204084903,197.47938499124467,0,0,"[{""id"":""a04ce7a52545e5e33c2867e148898d9e667a69602285f6a1298f9d68"",""qTokenName"":""qADA"",""qTokenAmount"":37559.314046,""market"":{""id"":""Ada"",""displayName"":""ADA""},""amountInUsd"":197.47938499124464}]",false,false,true
52985ce3cc38280ba84a163df0e78053d0400ad17b689c11f172cd9379188279-38,IUSD,5375703a1815206253bce83d4c52cc18b6571def1bedf6c257575293,949477.2817543738,8.531009804714253e-7,0.204084903,4.688167159050596,0.00000399948,0.00000399948,"[{""id"":""a04ce7a52545e5e33c2867e148898d9e667a69602285f6a1298f9d68"",""qTokenName"":""qADA"",""qTokenAmount"":891.659363,""market"":{""id"":""Ada"",""displayName"":""ADA""},""amountInUsd"":4.688167159050597}]",true,false,true
52985ce3cc38280ba84a163df0e78053d0400ad17b689c11f172cd9379188279-40,IUSD,e5fe2026af304d61c62fb6ff2c80f6ff1579108d1effe78285cd5eda,17583184.01532071,4.606674191057915e-8,0.204084903,86.81925037727763,0.00000399948,0.00000399948,"[{""id"":""a04ce7a52545e5e33c2867e148898d9e667a69602285f6a1298f9d68"",""qTokenName"":""qADA"",""qTokenAmount"":16512.46529,""market"":{""id"":""Ada"",""displayName"":""ADA""},""amountInUsd"":86.81925037727763}]",true,false,true
52985ce3cc38280ba84a163df0e78053d0400ad17b689c11f172cd9379188279-37,IUSD,2f694025c501b6632f53a3e87a263f711ebd816228403c5223db101e,0,0,0.204084903,87.1949223563243,0,0,"[{""id"":""a04ce7a52545e5e33c2867e148898d9e667a69602285f6a1298f9d68"",""qTokenName"":""qADA"",""qTokenAmount"":16583.915694,""market"":{""id"":""Ada"",""displayName"":""ADA""},""amountInUsd"":87.19492235632428}]",false,false,true
52985ce3cc38280ba84a163df0e78053d0400ad17b689c11f172cd9379188279-24,IUSD,49a8c09a4522487d0373030858624ce82be7fbcac1ab721481a9090d,0,0,0.204084903,23.728228255003,0,0,"[{""id"":""6df63e2fdde8b2c3b3396265b0cc824aa4fb999396b1c154280f6b0c"",""qTokenName"":""qDJED"",""qTokenAmount"":745.451396,""market"":{""id"":""DJED"",""displayName"":""DJED""},""amountInUsd"":23.728228255003}]",false,false,true
52985ce3cc38280ba84a163df0e78053d0400ad17b689c11f172cd9379188279-23,IUSD,ecf6df3e564fb3214117ff1ba3fb4532e6d1f2fb80c0015027b291b8,0,0,0.204084903,1.5186196357064075,0.16651535019,0,"[{""id"":""a04ce7a52545e5e33c2867e148898d9e667a69602285f6a1298f9d68"",""qTokenName"":""qADA"",""qTokenAmount"":288.831727,""market"":{""id"":""Ada"",""displayName"":""ADA""},""amountInUsd"":1.5186196357064077}]",false,false,true
52985ce3cc38280ba84a163df0e78053d0400ad17b689c11f172cd9379188279-17,IUSD,4f9d7c1f4a01f4d0388a9ca2105c53fb022ffa081d5979e6b42c0b33,0,0,0.204084903,23.58591494521597,0,0,"[{""id"":""a04ce7a52545e5e33c2867e148898d9e667a69602285f6a1298f9d68"",""qTokenName"":""qADA"",""qTokenAmount"":4485.88994,""market"":{""id"":""Ada"",""displayName"":""ADA""},""amountInUsd"":23.585914945215965}]",false,false,true
52985ce3cc38280ba84a163df0e78053d0400ad17b689c11f172cd9379188279-14,IUSD,0817b19806d6b48f8434e9c3a8e053145d2cb345f03b89231c1fa27c,0,0,0.204084903,317.3124206629678,0,0,"[{""id"":""a04ce7a52545e5e33c2867e148898d9e667a69602285f6a1298f9d68"",""qTokenName"":""qADA"",""qTokenAmount"":60350.789825,""market"":{""id"":""Ada"",""displayName"":""ADA""},""amountInUsd"":317.3124206629678}]",false,false,true
52985ce3cc38280ba84a163df0e78053d0400ad17b689c11f172cd9379188279-12,IUSD,5e712cca14f1e7be71bb9e51b805dac0dd0aabc8708b85527c9db71f,0,0,0.204084903,377.88696034710847,0,0,"[{""id"":""a04ce7a52545e5e33c2867e148898d9e667a69602285f6a1298f9d68"",""qTokenName"":""qADA"",""qTokenAmount"":71871.679255,""market"":{""id"":""Ada"",""displayName"":""ADA""},""amountInUsd"":377.88696034710847}]",false,false,true
52985ce3cc38280ba84a163df0e78053d0400ad17b689c11f172cd9379188279-10,IUSD,b7f257f672e1ba931154d0394294cbef79263a70dbf27aa804e98583,1.0956535676996242,0.7301578013200261,0.204084903,0.005729523224208356,0.00418345608,0.00418345608,"[{""id"":""6df63e2fdde8b2c3b3396265b0cc824aa4fb999396b1c154280f6b0c"",""qTokenName"":""qDJED"",""qTokenAmount"":0.18,""market"":{""id"":""DJED"",""displayName"":""DJED""},""amountInUsd"":0.005729523224208355}]",true,false,true
52985ce3cc38280ba84a163df0e78053d0400ad17b689c11f172cd9379188279-9,IUSD,e563f517e6e2c6b4f16ee0e8e1c4ec870af6ab5b1c85d503f13905ce,1.0610006090977617,0.7540052221838895,0.204084903,2475.2691360511612,1866.36585489318,1866.36585489318,"[{""id"":""6df63e2fdde8b2c3b3396265b0cc824aa4fb999396b1c154280f6b0c"",""qTokenName"":""qDJED"",""qTokenAmount"":77763.616108,""market"":{""id"":""DJED"",""displayName"":""DJED""},""amountInUsd"":2475.269136051161}]",true,false,true
52985ce3cc38280ba84a163df0e78053d0400ad17b689c11f172cd9379188279-5,IUSD,cc3f8cd0fe8cf967d5c7de2f6335897054b3b12e0f2e57c44a8f2dff,10.879294448737381,0.07445335759746867,0.204084903,256.7059384992707,19.11261903648,19.11261903648,"[{""id"":""a04ce7a52545e5e33c2867e148898d9e667a69602285f6a1298f9d68"",""qTokenName"":""qADA"",""qTokenAmount"":48823.82514,""market"":{""id"":""Ada"",""displayName"":""ADA""},""amountInUsd"":256.7059384992707}]",true,false,true
52985ce3cc38280ba84a163df0e78053d0400ad17b689c11f172cd9379188279-21,IUSD,60382be918fca681ffb3eebfbbd3a40f839b6d3493f616eaca11cb1b,1.4176610269261973,0.5643097925422813,0.204084903,1252.5696143241032,706.837299204,706.837299204,"[{""id"":""6df63e2fdde8b2c3b3396265b0cc824aa4fb999396b1c154280f6b0c"",""qTokenName"":""qDJED"",""qTokenAmount"":39351.010853,""market"":{""id"":""DJED"",""displayName"":""DJED""},""amountInUsd"":1252.569614324103}]",true,false,true
52985ce3cc38280ba84a163df0e78053d0400ad17b689c11f172cd9379188279-39,IUSD,342756d5c643215661c5da665b262061b071e584c666b568ddc5a06c,0,0,0.204084903,436.65534131632006,0,0,"[{""id"":""a04ce7a52545e5e33c2867e148898d9e667a69602285f6a1298f9d68"",""qTokenName"":""qADA"",""qTokenAmount"":83049.048867,""market"":{""id"":""Ada"",""displayName"":""ADA""},""amountInUsd"":436.65534131632006}]",false,false,true
52985ce3cc38280ba84a163df0e78053d0400ad17b689c11f172cd9379188279-4,IUSD,f4111bbae46475ee2fe4ddcc9b4e56b6bde1b12464cf0ffd1da01dbe,1.7505972763898503,0.456986887155332,0.204084903,358.9392953415428,164.03055125586,164.03055125586,"[{""id"":""6df63e2fdde8b2c3b3396265b0cc824aa4fb999396b1c154280f6b0c"",""qTokenName"":""qDJED"",""qTokenAmount"":11276.518243,""market"":{""id"":""DJED"",""displayName"":""DJED""},""amountInUsd"":358.9392953415428}]",true,false,true
52985ce3cc38280ba84a163df0e78053d0400ad17b689c11f172cd9379188279-33,IUSD,da55b769a0cdf330ae3aba69206c71fa8a1ff0dadffe82ed7ba0636a,0,0,0.204084903,136.6885985657999,1.12259604354,0,"[{""id"":""a04ce7a52545e5e33c2867e148898d9e667a69602285f6a1298f9d68"",""qTokenName"":""qADA"",""qTokenAmount"":25997.295871,""market"":{""id"":""Ada"",""displayName"":""ADA""},""amountInUsd"":136.6885985657999}]",false,false,true
52985ce3cc38280ba84a163df0e78053d0400ad17b689c11f172cd9379188279-32,IUSD,da55b769a0cdf330ae3aba69206c71fa8a1ff0dadffe82ed7ba0636a,0,0,0.204084903,32.03220649513986,0.66291880935,0,"[{""id"":""a04ce7a52545e5e33c2867e148898d9e667a69602285f6a1298f9d68"",""qTokenName"":""qADA"",""qTokenAmount"":6092.320489,""market"":{""id"":""Ada"",""displayName"":""ADA""},""amountInUsd"":32.03220649513985}]",false,false,true
52985ce3cc38280ba84a163df0e78053d0400ad17b689c11f172cd9379188279-31,IUSD,da55b769a0cdf330ae3aba69206c71fa8a1ff0dadffe82ed7ba0636a,0,0,0.204084903,90.33003223195693,1.9197504,0,"[{""id"":""a04ce7a52545e5e33c2867e148898d9e667a69602285f6a1298f9d68"",""qTokenName"":""qADA"",""qTokenAmount"":17180.19351,""market"":{""id"":""Ada"",""displayName"":""ADA""},""amountInUsd"":90.33003223195695}]",false,false,true
52985ce3cc38280ba84a163df0e78053d0400ad17b689c11f172cd9379188279-30,IUSD,da55b769a0cdf330ae3aba69206c71fa8a1ff0dadffe82ed7ba0636a,0,0,0.204084903,21.54558313866986,0.51827461554,0,"[{""id"":""a04ce7a52545e5e33c2867e148898d9e667a69602285f6a1298f9d68"",""qTokenName"":""qADA"",""qTokenAmount"":4097.8319,""market"":{""id"":""Ada"",""displayName"":""ADA""},""amountInUsd"":21.54558313866986}]",false,false,true
52985ce3cc38280ba84a163df0e78053d0400ad17b689c11f172cd9379188279-29,IUSD,42fc057ad49f2899d9dfce4e7af9017dfe4b7b3e2a52c2dae00415b0,0,0,0.204084903,66.22200326219924,0,0,"[{""id"":""a04ce7a52545e5e33c2867e148898d9e667a69602285f6a1298f9d68"",""qTokenName"":""qADA"",""qTokenAmount"":12595.000827,""market"":{""id"":""Ada"",""displayName"":""ADA""},""amountInUsd"":66.22200326219924}]",false,false,true
52985ce3cc38280ba84a163df0e78053d0400ad17b689c11f172cd9379188279-28,IUSD,c508a12dd1aff4a098bcd72c593cabf8a2a9ca5dbad751556120b1dc,0,0,0.204084903,12.13409128005289,0,0,"[{""id"":""a04ce7a52545e5e33c2867e148898d9e667a69602285f6a1298f9d68"",""qTokenName"":""qADA"",""qTokenAmount"":2307.826435,""market"":{""id"":""Ada"",""displayName"":""ADA""},""amountInUsd"":12.134091280052893}]",false,false,true
52985ce3cc38280ba84a163df0e78053d0400ad17b689c11f172cd9379188279-27,IUSD,e90ef677c9b8debf1ca392c77c4300334f00c0e9082e1855130b9c9d,14.619794648093201,0.055015068270443154,0.204084903,22268.096492416327,1225.0808487831,1225.0808487831,"[{""id"":""a04ce7a52545e5e33c2867e148898d9e667a69602285f6a1298f9d68"",""qTokenName"":""qADA"",""qTokenAmount"":1824969.209945,""market"":{""id"":""Ada"",""displayName"":""ADA""},""amountInUsd"":9595.324258758064},{""id"":""6df63e2fdde8b2c3b3396265b0cc824aa4fb999396b1c154280f6b0c"",""qTokenName"":""qDJED"",""qTokenAmount"":398130.684316,""market"":{""id"":""DJED"",""displayName"":""DJED""},""amountInUsd"":12672.772233658263}]",true,false,true
52985ce3cc38280ba84a163df0e78053d0400ad17b689c11f172cd9379188279-26,IUSD,3a5c536f4deb9d98ff6e72f3ee92266964b9312d00e6230e33c218b4,0,0,0.204084903,16.16187768963664,0,0,"[{""id"":""6df63e2fdde8b2c3b3396265b0cc824aa4fb999396b1c154280f6b0c"",""qTokenName"":""qDJED"",""qTokenAmount"":507.745212,""market"":{""id"":""DJED"",""displayName"":""DJED""},""amountInUsd"":16.16187768963664}]",false,false,true
52985ce3cc38280ba84a163df0e78053d0400ad17b689c11f172cd9379188279-25,IUSD,9dd63f33cda8ce489332904403d20ecbf5de0dc47a8206d5f00578a9,0,0,0.204084903,31.16175567609701,0,0,"[{""id"":""6df63e2fdde8b2c3b3396265b0cc824aa4fb999396b1c154280f6b0c"",""qTokenName"":""qDJED"",""qTokenAmount"":978.984778,""market"":{""id"":""DJED"",""displayName"":""DJED""},""amountInUsd"":31.161755676097005}]",false,false,true
52985ce3cc38280ba84a163df0e78053d0400ad17b689c11f172cd9379188279-22,IUSD,74abc195569ef29da8d1cf2842d2a34b8e0f7a8b23722ba46606e998,3.177586207203134,0.25348634501990736,0.204084903,9022.443191426099,2287.06614774435,2287.06614774435,"[{""id"":""a04ce7a52545e5e33c2867e148898d9e667a69602285f6a1298f9d68"",""qTokenName"":""qADA"",""qTokenAmount"":939466.830037,""market"":{""id"":""Ada"",""displayName"":""ADA""},""amountInUsd"":4939.529289277291},{""id"":""6df63e2fdde8b2c3b3396265b0cc824aa4fb999396b1c154280f6b0c"",""qTokenName"":""qDJED"",""qTokenAmount"":128269.748394,""market"":{""id"":""DJED"",""displayName"":""DJED""},""amountInUsd"":4082.9139021488077}]",true,false,true
52985ce3cc38280ba84a163df0e78053d0400ad17b689c11f172cd9379188279-20,IUSD,9c968489eb1f0be6439c9ce7e3227751d1190bc914a802b1e6bf9836,0,0,0.204084903,20.7975868485256,0,0,"[{""id"":""a04ce7a52545e5e33c2867e148898d9e667a69602285f6a1298f9d68"",""qTokenName"":""qADA"",""qTokenAmount"":3955.567797,""market"":{""id"":""Ada"",""displayName"":""ADA""},""amountInUsd"":20.7975868485256}]",false,false,true
52985ce3cc38280ba84a163df0e78053d0400ad17b689c11f172cd9379188279-19,IUSD,2f36a4d94fed94cc04722754bba4da6e1460051131ceef4687d11aa5,0,0,0.204084903,9.573995333573285,0,0,"[{""id"":""a04ce7a52545e5e33c2867e148898d9e667a69602285f6a1298f9d68"",""qTokenName"":""qADA"",""qTokenAmount"":1820.912585,""market"":{""id"":""Ada"",""displayName"":""ADA""},""amountInUsd"":9.573995333573285}]",false,false,true
52985ce3cc38280ba84a163df0e78053d0400ad17b689c11f172cd9379188279-18,IUSD,b969478706f78e213ce8e2a8631bac76355545e05de5566fce780fec,0,0,0.204084903,11.01337094926047,0,0,"[{""id"":""a04ce7a52545e5e33c2867e148898d9e667a69602285f6a1298f9d68"",""qTokenName"":""qADA"",""qTokenAmount"":2094.672607,""market"":{""id"":""Ada"",""displayName"":""ADA""},""amountInUsd"":11.01337094926047}]",false,false,true
1698ed8ed07dda945f7aa0826f1233a74b7ccdaba4c8a1416fdafda0d7526b06-8,IUSD,e0fe746acb51e22062d6efaca65f5505828cbd4007d8afc3c09d4f95,2.593714376756449,0.31229344574669,0.204084903,6974.132451351468,2177.97585432636,2177.97585432636,"[{""id"":""a04ce7a52545e5e33c2867e148898d9e667a69602285f6a1298f9d68"",""qTokenName"":""qADA"",""qTokenAmount"":1326435.318554,""market"":{""id"":""Ada"",""displayName"":""ADA""},""amountInUsd"":6974.132451351468}]",true,false,true
1698ed8ed07dda945f7aa0826f1233a74b7ccdaba4c8a1416fdafda0d7526b06-16,IUSD,6b93227f4644d47ad7cd50679b2cc41cea5bf93bb8b0bb25d263abc3,1.7205370591461009,0.4707832334643238,0.204084903,2.4418468063117964,1.1495805351,1.1495805351,"[{""id"":""a04ce7a52545e5e33c2867e148898d9e667a69602285f6a1298f9d68"",""qTokenName"":""qADA"",""qTokenAmount"":464.423621,""market"":{""id"":""Ada"",""displayName"":""ADA""},""amountInUsd"":2.441846806311797}]",true,false,true
1698ed8ed07dda945f7aa0826f1233a74b7ccdaba4c8a1416fdafda0d7526b06-7,IUSD,7c771376162ff3b842777200a2e17e24c7072cca0934a037239236c2,0,0,0.204084903,183.54257754648182,0,0,"[{""id"":""a04ce7a52545e5e33c2867e148898d9e667a69602285f6a1298f9d68"",""qTokenName"":""qADA"",""qTokenAmount"":34908.622544,""market"":{""id"":""Ada"",""displayName"":""ADA""},""amountInUsd"":183.54257754648182}]",false,false,true
1698ed8ed07dda945f7aa0826f1233a74b7ccdaba4c8a1416fdafda0d7526b06-6,IUSD,afa51c9c4fb9a288615aa4ae7017f3971556cf7e4229f1eeaf1adeaf,0,0,0.204084903,134.66493173743805,0,0,"[{""id"":""a04ce7a52545e5e33c2867e148898d9e667a69602285f6a1298f9d68"",""qTokenName"":""qADA"",""qTokenAmount"":25612.407403,""market"":{""id"":""Ada"",""displayName"":""ADA""},""amountInUsd"":134.664931736907},{""id"":""f60b7232837203d335cd77494d25c1cc0b218b9a8f3459730c521d13"",""qTokenName"":""qIAG"",""qTokenAmount"":0.000001,""market"":{""id"":""IAG"",""displayName"":""IAG""},""amountInUsd"":4.539563585080971e-10},{""id"":""a4430a085f45bca6399bec6bd7514eb8c2fce1ed75c7554739cfc32b"",""qTokenName"":""qMIN"",""qTokenAmount"":0.000001,""market"":{""id"":""MIN"",""displayName"":""MIN""},""amountInUsd"":7.710484842620793e-11}]",false,false,true
1698ed8ed07dda945f7aa0826f1233a74b7ccdaba4c8a1416fdafda0d7526b06-10,IUSD,84f6864c8e2e9a555f11bab8eb774626b9859c3361f140cdf5f15a09,2.1263926191612614,0.38092683011639594,0.204084903,646.7871705023157,246.3785866194,246.3785866194,"[{""id"":""a04ce7a52545e5e33c2867e148898d9e667a69602285f6a1298f9d68"",""qTokenName"":""qADA"",""qTokenAmount"":123014.776752,""market"":{""id"":""Ada"",""displayName"":""ADA""},""amountInUsd"":646.7871705023156}]",true,false,true
1698ed8ed07dda945f7aa0826f1233a74b7ccdaba4c8a1416fdafda0d7526b06-18,IUSD,6b93227f4644d47ad7cd50679b2cc41cea5bf93bb8b0bb25d263abc3,1.7598160908941614,0.46027536865425495,0.204084903,1.2087148347881878,0.55634166618,0.55634166618,"[{""id"":""a04ce7a52545e5e33c2867e148898d9e667a69602285f6a1298f9d68"",""qTokenName"":""qADA"",""qTokenAmount"":229.889819,""market"":{""id"":""Ada"",""displayName"":""ADA""},""amountInUsd"":1.2087148347881878}]",true,false,true
1698ed8ed07dda945f7aa0826f1233a74b7ccdaba4c8a1416fdafda0d7526b06-12,IUSD,d30803afc1ea6d1287b8a4a7fddfb9aa33bf4fe065baed9e54685238,1.7301215954010534,0.46817518615634457,0.204084903,123.06042893922228,57.6138392271,57.6138392271,"[{""id"":""a04ce7a52545e5e33c2867e148898d9e667a69602285f6a1298f9d68"",""qTokenName"":""qADA"",""qTokenAmount"":23405.305305,""market"":{""id"":""Ada"",""displayName"":""ADA""},""amountInUsd"":123.06042893922226}]",true,false,true
1698ed8ed07dda945f7aa0826f1233a74b7ccdaba4c8a1416fdafda0d7526b06-22,IUSD,a1009e59541c87a8eff450b00411edec6c1516b0dc3a138b64965be6,1.788022611827514,0.45301440521051906,0.204084903,1.228249367548103,0.55641465669,0.55641465669,"[{""id"":""a04ce7a52545e5e33c2867e148898d9e667a69602285f6a1298f9d68"",""qTokenName"":""qADA"",""qTokenAmount"":233.605162,""market"":{""id"":""Ada"",""displayName"":""ADA""},""amountInUsd"":1.2282493675481028}]",true,false,true
1698ed8ed07dda945f7aa0826f1233a74b7ccdaba4c8a1416fdafda0d7526b06-23,IUSD,36de29163c996d2bcc5f48ba73364551ae9bd0946b522cebfab27a7d,1.7706425321456765,0.4574610545576563,0.204084903,7.668875499253764,3.50821187316,3.50821187316,"[{""id"":""a04ce7a52545e5e33c2867e148898d9e667a69602285f6a1298f9d68"",""qTokenName"":""qADA"",""qTokenAmount"":1458.570996,""market"":{""id"":""Ada"",""displayName"":""ADA""},""amountInUsd"":7.668875499253764}]",true,false,true
1698ed8ed07dda945f7aa0826f1233a74b7ccdaba4c8a1416fdafda0d7526b06-4,IUSD,6b93227f4644d47ad7cd50679b2cc41cea5bf93bb8b0bb25d263abc3,27792206.641600244,2.9144861019691997e-8,0.204084903,137.22762298635476,0.00000399948,0.00000399948,"[{""id"":""a04ce7a52545e5e33c2867e148898d9e667a69602285f6a1298f9d68"",""qTokenName"":""qADA"",""qTokenAmount"":26099.814863,""market"":{""id"":""Ada"",""displayName"":""ADA""},""amountInUsd"":137.22762298635473}]",true,false,true
1698ed8ed07dda945f7aa0826f1233a74b7ccdaba4c8a1416fdafda0d7526b06-2,IUSD,31ece5d36aa990dccfb0e60d90e2cb7125a4a986a96dfdc405fd6cc8,4.567124862472946,0.1751649066075296,0.204084903,1562.9191186709534,273.76858145712,273.76858145712,"[{""id"":""6df63e2fdde8b2c3b3396265b0cc824aa4fb999396b1c154280f6b0c"",""qTokenName"":""qDJED"",""qTokenAmount"":49101.021211,""market"":{""id"":""DJED"",""displayName"":""DJED""},""amountInUsd"":1562.9191186709531}]",true,false,true
1698ed8ed07dda945f7aa0826f1233a74b7ccdaba4c8a1416fdafda0d7526b06-37,IUSD,4e58a97133d291e8a09e866f0793d9ad4dc63d59e608b342ea857834,1.9943750358437975,0.4011281657772702,0.204084903,31241.345127315115,12531.78346733457,12531.78346733457,"[{""id"":""6df63e2fdde8b2c3b3396265b0cc824aa4fb999396b1c154280f6b0c"",""qTokenName"":""qDJED"",""qTokenAmount"":389870.080091,""market"":{""id"":""DJED"",""displayName"":""DJED""},""amountInUsd"":12409.831546140867},{""id"":""9e00df0615de0a7b121a7f961d43e23165b8e81b64786c6eb708d370"",""qTokenName"":""qUSDM"",""qTokenAmount"":744630.063406,""market"":{""id"":""USDM"",""displayName"":""USDM""},""amountInUsd"":18831.513581174248}]",true,false,true
1698ed8ed07dda945f7aa0826f1233a74b7ccdaba4c8a1416fdafda0d7526b06-17,IUSD,1227be2193b0f03f9ced11395f01fec9baab09491e545787377e5787,1.7383577450554364,0.46595702311791354,0.204084903,62.017740670510875,28.89760182333,28.89760182333,"[{""id"":""a04ce7a52545e5e33c2867e148898d9e667a69602285f6a1298f9d68"",""qTokenName"":""qADA"",""qTokenAmount"":11795.377013,""market"":{""id"":""Ada"",""displayName"":""ADA""},""amountInUsd"":62.017740670510875}]",true,false,true
1698ed8ed07dda945f7aa0826f1233a74b7ccdaba4c8a1416fdafda0d7526b06-24,IUSD,0a6b28124de76240db2832c69d10c2c64d528b08b31d137113083e2d,1.7757914272204456,0.4561346493646785,0.204084903,5.718589590712178,2.60844685782,2.60844685782,"[{""id"":""a04ce7a52545e5e33c2867e148898d9e667a69602285f6a1298f9d68"",""qTokenName"":""qADA"",""qTokenAmount"":1087.639109,""market"":{""id"":""Ada"",""displayName"":""ADA""},""amountInUsd"":5.718589590712178}]",true,false,true
1698ed8ed07dda945f7aa0826f1233a74b7ccdaba4c8a1416fdafda0d7526b06-36,IUSD,9750633d6868d25cdc510d609a6e83d74caae5001975e18c5df8237b,1.8618366528136172,0.4320543995548921,0.204084903,1718.6222133993829,742.53828847197,742.53828847197,"[{""id"":""a04ce7a52545e5e33c2867e148898d9e667a69602285f6a1298f9d68"",""qTokenName"":""qADA"",""qTokenAmount"":319849.141328,""market"":{""id"":""Ada"",""displayName"":""ADA""},""amountInUsd"":1681.7030162497856},{""id"":""a4430a085f45bca6399bec6bd7514eb8c2fce1ed75c7554739cfc32b"",""qTokenName"":""qMIN"",""qTokenAmount"":478818.101626,""market"":{""id"":""MIN"",""displayName"":""MIN""},""amountInUsd"":36.91919714959735}]",true,false,true
1698ed8ed07dda945f7aa0826f1233a74b7ccdaba4c8a1416fdafda0d7526b06-34,IUSD,ecf1cb14a49abe481c4930be126426df3a7468257a129575cd49b41b,1.471730379870208,0.4052093847553897,0.204084903,9134.602758997939,3701.42676395844,3701.42676395844,"[{""id"":""a04ce7a52545e5e33c2867e148898d9e667a69602285f6a1298f9d68"",""qTokenName"":""qADA"",""qTokenAmount"":473225.597047,""market"":{""id"":""Ada"",""displayName"":""ADA""},""amountInUsd"":2488.125841502386},{""id"":""f60b7232837203d335cd77494d25c1cc0b218b9a8f3459730c521d13"",""qTokenName"":""qIAG"",""qTokenAmount"":10485191.947287,""market"":{""id"":""IAG"",""displayName"":""IAG""},""amountInUsd"":4759.8195546488305},{""id"":""c45fa8aefc662c003a32be67f6a4652d8ce56bd9e54d7696efd40c86"",""qTokenName"":""qNIGHT"",""qTokenAmount"":3830929.309057,""market"":{""id"":""NIGHT"",""displayName"":""NIGHT""},""amountInUsd"":1886.6573628467218}]",true,false,true
1698ed8ed07dda945f7aa0826f1233a74b7ccdaba4c8a1416fdafda0d7526b06-27,IUSD,46b45e59049c2a48c6dd1d7d6f46e4b0b09edd4ec2e6118c8020f907,1.693660495381186,0.4150657044851429,0.204084903,177.75501698700552,73.78001135148,73.78001135148,"[{""id"":""a04ce7a52545e5e33c2867e148898d9e667a69602285f6a1298f9d68"",""qTokenName"":""qADA"",""qTokenAmount"":19892.079633,""market"":{""id"":""Ada"",""displayName"":""ADA""},""amountInUsd"":104.58858879346488},{""id"":""a4430a085f45bca6399bec6bd7514eb8c2fce1ed75c7554739cfc32b"",""qTokenName"":""qMIN"",""qTokenAmount"":948921.077266,""market"":{""id"":""MIN"",""displayName"":""MIN""},""amountInUsd"":73.16641583102887},{""id"":""4e8c49d610335d139ad7711e0f50315006e29b5221da531e365b4ef8"",""qTokenName"":""qSNEK"",""qTokenAmount"":1,""market"":{""id"":""SNEK"",""displayName"":""SNEK""},""amountInUsd"":0.000012362511775192652}]",true,false,true
1698ed8ed07dda945f7aa0826f1233a74b7ccdaba4c8a1416fdafda0d7526b06-5,IUSD,b979d510a0a6a4fec27bad03e09a828fe18656dd43192b82c525f0a0,1645232.0316264601,4.923317710993275e-7,0.204084903,8.123546426974562,0.00000399948,0.00000399948,"[{""id"":""a04ce7a52545e5e33c2867e148898d9e667a69602285f6a1298f9d68"",""qTokenName"":""qADA"",""qTokenAmount"":1545.046494,""market"":{""id"":""Ada"",""displayName"":""ADA""},""amountInUsd"":8.123546426974562}]",true,false,true
1698ed8ed07dda945f7aa0826f1233a74b7ccdaba4c8a1416fdafda0d7526b06-15,IUSD,2c8289fa153e466b0f43429b9b18d9bfe040d80f07fe7d636c5657e4,1.7223942405218435,0.470275608768054,0.204084903,5.272583923277541,2.4795676143,2.4795676143,"[{""id"":""a04ce7a52545e5e33c2867e148898d9e667a69602285f6a1298f9d68"",""qTokenName"":""qADA"",""qTokenAmount"":1002.811688,""market"":{""id"":""Ada"",""displayName"":""ADA""},""amountInUsd"":5.272583923277541}]",true,false,true
1698ed8ed07dda945f7aa0826f1233a74b7ccdaba4c8a1416fdafda0d7526b06-1,IUSD,d68e3444855654fe8b4df83179dfc9e147e50942918ef5fc0931ea53,0,0,0.204084903,576.8755103811962,0,0,"[{""id"":""a04ce7a52545e5e33c2867e148898d9e667a69602285f6a1298f9d68"",""qTokenName"":""qADA"",""qTokenAmount"":109718.026825,""market"":{""id"":""Ada"",""displayName"":""ADA""},""amountInUsd"":576.8755103811962}]",false,false,true
1698ed8ed07dda945f7aa0826f1233a74b7ccdaba4c8a1416fdafda0d7526b06-31,IUSD,e4e2de12e558d71ab0fc1619d40e35af54d9cf52f08e31ce8122ab44,1.7775206623412508e-11,45569090540.59115,0.204084903,5.750280966832101e-9,262.03507401141,262.03507401141,"[{""id"":""a04ce7a52545e5e33c2867e148898d9e667a69602285f6a1298f9d68"",""qTokenName"":""qADA"",""qTokenAmount"":0.000001,""market"":{""id"":""Ada"",""displayName"":""ADA""},""amountInUsd"":5.257800628344432e-9},{""id"":""c45fa8aefc662c003a32be67f6a4652d8ce56bd9e54d7696efd40c86"",""qTokenName"":""qNIGHT"",""qTokenAmount"":0.000001,""market"":{""id"":""NIGHT"",""displayName"":""NIGHT""},""amountInUsd"":4.924803384876687e-10}]",true,true,true
1698ed8ed07dda945f7aa0826f1233a74b7ccdaba4c8a1416fdafda0d7526b06-33,IUSD,e4e2de12e558d71ab0fc1619d40e35af54d9cf52f08e31ce8122ab44,0.03581984626132573,22.613162381842706,0.204084903,4.596146135884718,103.93339890144,103.93339890144,"[{""id"":""a04ce7a52545e5e33c2867e148898d9e667a69602285f6a1298f9d68"",""qTokenName"":""qADA"",""qTokenAmount"":0.000001,""market"":{""id"":""Ada"",""displayName"":""ADA""},""amountInUsd"":5.257800628344432e-9},{""id"":""c45fa8aefc662c003a32be67f6a4652d8ce56bd9e54d7696efd40c86"",""qTokenName"":""qNIGHT"",""qTokenAmount"":9332.648984,""market"":{""id"":""NIGHT"",""displayName"":""NIGHT""},""amountInUsd"":4.596146130626917}]",true,true,true
1698ed8ed07dda945f7aa0826f1233a74b7ccdaba4c8a1416fdafda0d7526b06-32,IUSD,e4e2de12e558d71ab0fc1619d40e35af54d9cf52f08e31ce8122ab44,8.635875883801236e-11,9379477089.513983,0.204084903,5.750280966832101e-9,53.93462858667,53.93462858667,"[{""id"":""a04ce7a52545e5e33c2867e148898d9e667a69602285f6a1298f9d68"",""qTokenName"":""qADA"",""qTokenAmount"":0.000001,""market"":{""id"":""Ada"",""displayName"":""ADA""},""amountInUsd"":5.257800628344432e-9},{""id"":""c45fa8aefc662c003a32be67f6a4652d8ce56bd9e54d7696efd40c86"",""qTokenName"":""qNIGHT"",""qTokenAmount"":0.000001,""market"":{""id"":""NIGHT"",""displayName"":""NIGHT""},""amountInUsd"":4.924803384876687e-10}]",true,true,true
1698ed8ed07dda945f7aa0826f1233a74b7ccdaba4c8a1416fdafda0d7526b06-3,IUSD,a99df85f7f0048ffc2229554de8900c82382a714ac40872d4024b80d,0,0,0.204084903,0.7922888123387273,0,0,"[{""id"":""a04ce7a52545e5e33c2867e148898d9e667a69602285f6a1298f9d68"",""qTokenName"":""qADA"",""qTokenAmount"":150.688257,""market"":{""id"":""Ada"",""displayName"":""ADA""},""amountInUsd"":0.7922888123387274}]",false,false,true
1698ed8ed07dda945f7aa0826f1233a74b7ccdaba4c8a1416fdafda0d7526b06-30,IUSD,7e47989b029a751daa3fb9f24ebcc927403b28511b330e150cdc1b21,1.4385559587391044,0.3974027118139521,0.204084903,3381.282672020745,1343.73090327057,1343.73090327057,"[{""id"":""a04ce7a52545e5e33c2867e148898d9e667a69602285f6a1298f9d68"",""qTokenName"":""qADA"",""qTokenAmount"":177381.00621,""market"":{""id"":""Ada"",""displayName"":""ADA""},""amountInUsd"":932.6339659073057},{""id"":""f60b7232837203d335cd77494d25c1cc0b218b9a8f3459730c521d13"",""qTokenName"":""qIAG"",""qTokenAmount"":4329452.742256,""market"":{""id"":""IAG"",""displayName"":""IAG""},""amountInUsd"":1965.3826012074292},{""id"":""c45fa8aefc662c003a32be67f6a4652d8ce56bd9e54d7696efd40c86"",""qTokenName"":""qNIGHT"",""qTokenAmount"":981290.149349,""market"":{""id"":""NIGHT"",""displayName"":""NIGHT""},""amountInUsd"":483.26610490601047}]",true,false,true
1698ed8ed07dda945f7aa0826f1233a74b7ccdaba4c8a1416fdafda0d7526b06-29,IUSD,d1cdb7fcc0c031a5c78fc076ddea5d6af4c079106c3fa7460472229e,3.7783804891598867,0.21437756264195124,0.204084903,5830.513260859244,1249.93122181458,1249.93122181458,"[{""id"":""a04ce7a52545e5e33c2867e148898d9e667a69602285f6a1298f9d68"",""qTokenName"":""qADA"",""qTokenAmount"":1053550.687884,""market"":{""id"":""Ada"",""displayName"":""ADA""},""amountInUsd"":5539.359468749204},{""id"":""c45fa8aefc662c003a32be67f6a4652d8ce56bd9e54d7696efd40c86"",""qTokenName"":""qNIGHT"",""qTokenAmount"":591198.814158,""market"":{""id"":""NIGHT"",""displayName"":""NIGHT""},""amountInUsd"":291.1537921100402}]",true,false,true
1698ed8ed07dda945f7aa0826f1233a74b7ccdaba4c8a1416fdafda0d7526b06-14,IUSD,b15edc3b7d225dd8860ba12950c8b86d0c782138af2595d928da95fb,1.1307750730175639,0.7074793379305038,0.204084903,7.751320365738636,5.48389900044,5.48389900044,"[{""id"":""a04ce7a52545e5e33c2867e148898d9e667a69602285f6a1298f9d68"",""qTokenName"":""qADA"",""qTokenAmount"":0.000001,""market"":{""id"":""Ada"",""displayName"":""ADA""},""amountInUsd"":5.257800628344432e-9},{""id"":""6df63e2fdde8b2c3b3396265b0cc824aa4fb999396b1c154280f6b0c"",""qTokenName"":""qDJED"",""qTokenAmount"":243.517237,""market"":{""id"":""DJED"",""displayName"":""DJED""},""amountInUsd"":7.751320360480834}]",true,false,true
1698ed8ed07dda945f7aa0826f1233a74b7ccdaba4c8a1416fdafda0d7526b06-28,IUSD,5c29362e1fccd6845eadc21eaeb3a6f899990ccf60823f54c53d0f9e,1.9243200245937038,0.42092790681790127,0.204084903,138538.17600315556,58314.58443937827,58314.58443937827,"[{""id"":""a04ce7a52545e5e33c2867e148898d9e667a69602285f6a1298f9d68"",""qTokenName"":""qADA"",""qTokenAmount"":24293959.775766,""market"":{""id"":""Ada"",""displayName"":""ADA""},""amountInUsd"":127732.79697399684},{""id"":""c45fa8aefc662c003a32be67f6a4652d8ce56bd9e54d7696efd40c86"",""qTokenName"":""qNIGHT"",""qTokenAmount"":21940731.811427,""market"":{""id"":""NIGHT"",""displayName"":""NIGHT""},""amountInUsd"":10805.379029158727}]",true,false,true
1698ed8ed07dda945f7aa0826f1233a74b7ccdaba4c8a1416fdafda0d7526b06-26,IUSD,50d6ac4da9aada9229bbed4c62f06b7cc6698fef0c6a5c60fd25a24d,1.806109301768111,0.44847784083675524,0.204084903,11.426035546682094,5.1243237513,5.1243237513,"[{""id"":""a04ce7a52545e5e33c2867e148898d9e667a69602285f6a1298f9d68"",""qTokenName"":""qADA"",""qTokenAmount"":2173.158764,""market"":{""id"":""Ada"",""displayName"":""ADA""},""amountInUsd"":11.426035514851408},{""id"":""6df63e2fdde8b2c3b3396265b0cc824aa4fb999396b1c154280f6b0c"",""qTokenName"":""qDJED"",""qTokenAmount"":0.000001,""market"":{""id"":""DJED"",""displayName"":""DJED""},""amountInUsd"":3.183068457893531e-8}]",true,false,true
1698ed8ed07dda945f7aa0826f1233a74b7ccdaba4c8a1416fdafda0d7526b06-25,IUSD,6b93227f4644d47ad7cd50679b2cc41cea5bf93bb8b0bb25d263abc3,1.7942763460329534,0.45143547803595896,0.204084903,7.699036252137788,3.4756181109,3.4756181109,"[{""id"":""a04ce7a52545e5e33c2867e148898d9e667a69602285f6a1298f9d68"",""qTokenName"":""qADA"",""qTokenAmount"":1464.307378,""market"":{""id"":""Ada"",""displayName"":""ADA""},""amountInUsd"":7.6990362521377875}]",true,false,true
1698ed8ed07dda945f7aa0826f1233a74b7ccdaba4c8a1416fdafda0d7526b06-21,IUSD,44a9687e7c4f77dbc58c561ef850ee429273d2f62b0e95561e46c1a0,1.7938412122252907,0.45154498317896324,0.204084903,64.60873889852832,29.17375191915,29.17375191915,"[{""id"":""a04ce7a52545e5e33c2867e148898d9e667a69602285f6a1298f9d68"",""qTokenName"":""qADA"",""qTokenAmount"":12288.168279,""market"":{""id"":""Ada"",""displayName"":""ADA""},""amountInUsd"":64.60873889852833}]",true,false,true
1698ed8ed07dda945f7aa0826f1233a74b7ccdaba4c8a1416fdafda0d7526b06-19,IUSD,6f4b82e5ceb15d4047209d46189f311def051035a5340011b3fa7268,1.7810200817478365,0.4547955457105749,0.204084903,87.11227567701923,39.61827495462,39.61827495462,"[{""id"":""a04ce7a52545e5e33c2867e148898d9e667a69602285f6a1298f9d68"",""qTokenName"":""qADA"",""qTokenAmount"":16568.196825,""market"":{""id"":""Ada"",""displayName"":""ADA""},""amountInUsd"":87.11227567701923}]",true,false,true
1698ed8ed07dda945f7aa0826f1233a74b7ccdaba4c8a1416fdafda0d7526b06-20,IUSD,966c8c683271fb81c24235f265eac3d02095b67ca0613e08a0de963f,1.7828197746192718,0.45433644585470156,0.204084903,24.758281216201045,11.24858949324,11.24858949324,"[{""id"":""a04ce7a52545e5e33c2867e148898d9e667a69602285f6a1298f9d68"",""qTokenName"":""qADA"",""qTokenAmount"":4708.866495,""market"":{""id"":""Ada"",""displayName"":""ADA""},""amountInUsd"":24.758281216201045}]",true,false,true
1698ed8ed07dda945f7aa0826f1233a74b7ccdaba4c8a1416fdafda0d7526b06-13,IUSD,b82ffb265073cf4d828cf86321e0a341611ceed3d5e061254918b312,1.2039439571677792,0.6656376431613698,0.204084903,542.0394389760814,360.80185466055,360.80185466055,"[{""id"":""a04ce7a52545e5e33c2867e148898d9e667a69602285f6a1298f9d68"",""qTokenName"":""qADA"",""qTokenAmount"":14334.158442,""market"":{""id"":""Ada"",""displayName"":""ADA""},""amountInUsd"":75.36614726313626},{""id"":""6df63e2fdde8b2c3b3396265b0cc824aa4fb999396b1c154280f6b0c"",""qTokenName"":""qDJED"",""qTokenAmount"":14661.113887,""market"":{""id"":""DJED"",""displayName"":""DJED""},""amountInUsd"":466.6732917129452}]",true,false,true
1698ed8ed07dda945f7aa0826f1233a74b7ccdaba4c8a1416fdafda0d7526b06-11,IUSD,2d6081ecf55bbe03e5e3cb8cb3de9e78fa6bff936465ad7e248ac91e,2.18402609836065,0.37087468900119525,0.204084903,1542.3386373577425,572.01436246458,572.01436246458,"[{""id"":""a04ce7a52545e5e33c2867e148898d9e667a69602285f6a1298f9d68"",""qTokenName"":""qADA"",""qTokenAmount"":293342.929179,""market"":{""id"":""Ada"",""displayName"":""ADA""},""amountInUsd"":1542.3386373577423}]",true,false,true
1698ed8ed07dda945f7aa0826f1233a74b7ccdaba4c8a1416fdafda0d7526b06-9,IUSD,e7dbd95272263fcff861cd91e40a0a9ce877a1da5cb1f5a443e70114,1.6845471455131587,0.47632808732055126,0.204084903,40366.48532395538,19227.69074621277,19227.69074621277,"[{""id"":""a04ce7a52545e5e33c2867e148898d9e667a69602285f6a1298f9d68"",""qTokenName"":""qADA"",""qTokenAmount"":5710803.344496,""market"":{""id"":""Ada"",""displayName"":""ADA""},""amountInUsd"":30026.265413042554},{""id"":""6df63e2fdde8b2c3b3396265b0cc824aa4fb999396b1c154280f6b0c"",""qTokenName"":""qDJED"",""qTokenAmount"":123021.843865,""market"":{""id"":""DJED"",""displayName"":""DJED""},""amountInUsd"":3915.8695083858424},{""id"":""3883e3e6a24e092d4c14e757fa8ef5c887853060def087d6cf5603f5"",""qTokenName"":""qLQ"",""qTokenAmount"":138240.376574,""market"":{""id"":""LQ"",""displayName"":""LQ""},""amountInUsd"":1029.7802152980812},{""id"":""c45fa8aefc662c003a32be67f6a4652d8ce56bd9e54d7696efd40c86"",""qTokenName"":""qNIGHT"",""qTokenAmount"":10953879.303679,""market"":{""id"":""NIGHT"",""displayName"":""NIGHT""},""amountInUsd"":5394.570187228902}]",true,false,true
8575fedc4f3b7e30738b1967a2904ec51aec291f176c125c2666a85dacd4c221-0,IUSD,cbaf7c808cb79aaabe61637fa9356746c46257f677334ca778a63066,2.087935203247792,0.3879430734919559,0.204084903,2622.9366183287175,1017.55009328904,1017.55009328904,"[{""id"":""a04ce7a52545e5e33c2867e148898d9e667a69602285f6a1298f9d68"",""qTokenName"":""qADA"",""qTokenAmount"":449056.394052,""market"":{""id"":""Ada"",""displayName"":""ADA""},""amountInUsd"":2361.0489908086906},{""id"":""c45fa8aefc662c003a32be67f6a4652d8ce56bd9e54d7696efd40c86"",""qTokenName"":""qNIGHT"",""qTokenAmount"":531772.757313,""market"":{""id"":""NIGHT"",""displayName"":""NIGHT""},""amountInUsd"":261.8876275200271}]",true,false,true
418fe343b666a60c68a2fd09fbab0e1193637a1e4a3c6e16265195410e18b96b-0,MIN,47b1d0a0cfcaf354d1b5567bcae6869cbe673a55b0fb55bf9d82c0d4,1.7784052187309696,0.4554642504805502,0.0182414567,335.74461119263333,152.9196676897365,152.9196676897365,"[{""id"":""a04ce7a52545e5e33c2867e148898d9e667a69602285f6a1298f9d68"",""qTokenName"":""qADA"",""qTokenAmount"":63856.474394,""market"":{""id"":""Ada"",""displayName"":""ADA""},""amountInUsd"":335.74461119263333}]",true,false,true
29d3ec0cf208d54cf7dc12652cd9617214f0292ec0bb66f6099f893c8c09e97a-0,MIN,47b1d0a0cfcaf354d1b5567bcae6869cbe673a55b0fb55bf9d82c0d4,1.5814774271499168,0.5121792989861091,0.0182414567,746.0210804205069,382.096553998635,382.096553998635,"[{""id"":""a04ce7a52545e5e33c2867e148898d9e667a69602285f6a1298f9d68"",""qTokenName"":""qADA"",""qTokenAmount"":141888.430763,""market"":{""id"":""Ada"",""displayName"":""ADA""},""amountInUsd"":746.0210804205068}]",true,false,true
895d9a4169733ff0a95570cd1b9c861877292ffaf2fd58af7a981bb3f4f506ff-0,MIN,25dd4d59ced128091a73d46e9bac821d7b8c37b3a7f227f9efe795ab,4.2415334430511455,0.19096866991041023,0.0182414567,3002.1402618271754,573.3147326856264,573.3147326856264,"[{""id"":""a04ce7a52545e5e33c2867e148898d9e667a69602285f6a1298f9d68"",""qTokenName"":""qADA"",""qTokenAmount"":544524.261728,""market"":{""id"":""Ada"",""displayName"":""ADA""},""amountInUsd"":2863.0000054622665},{""id"":""c45fa8aefc662c003a32be67f6a4652d8ce56bd9e54d7696efd40c86"",""qTokenName"":""qNIGHT"",""qTokenAmount"":282529.566139,""market"":{""id"":""NIGHT"",""displayName"":""NIGHT""},""amountInUsd"":139.14025636490888}]",true,false,true
fbb6f39220011c8acc06bdb3dcc09fe2e3d99888aee1f85cc42b3f900deeda17-0,MIN,25a5f950fa9a027ab59e8b965a8b3ddbcf51b09943558b36ff3ff2ef,2.2387644844456025,0.3618067043798869,0.0182414567,1243.2573691656871,449.8188514338456,449.8188514338456,"[{""id"":""a04ce7a52545e5e33c2867e148898d9e667a69602285f6a1298f9d68"",""qTokenName"":""qADA"",""qTokenAmount"":236459.587772,""market"":{""id"":""Ada"",""displayName"":""ADA""},""amountInUsd"":1243.2573691656871}]",true,false,true
9bfc2ea5b2b1e13ef9d05ce9779a1ac22945664a5737c516a8ac6829814996d9-12,MIN,f7315c71937b8ee2b38ba0cabbb3d24b34186c415cb1a75e1f383666,13.621439384967344,0.05873094446119123,0.0182414567,198.77788092740658,11.6744126848608,11.6744126848608,"[{""id"":""6df63e2fdde8b2c3b3396265b0cc824aa4fb999396b1c154280f6b0c"",""qTokenName"":""qDJED"",""qTokenAmount"":6244.850953,""market"":{""id"":""DJED"",""displayName"":""DJED""},""amountInUsd"":198.77788092740656}]",true,false,true
9bfc2ea5b2b1e13ef9d05ce9779a1ac22945664a5737c516a8ac6829814996d9-33,MIN,8a1d7934ea645ae8ae284fd701f492f17e1681a2a27bfb7d4d44959a,2.2911663986044797,0.3526200392586782,0.0182414567,15678.844741575558,5528.674848305093,5528.674848305093,"[{""id"":""a04ce7a52545e5e33c2867e148898d9e667a69602285f6a1298f9d68"",""qTokenName"":""qADA"",""qTokenAmount"":10659.607006,""market"":{""id"":""Ada"",""displayName"":""ADA""},""amountInUsd"":56.04608841405151},{""id"":""c45fa8aefc662c003a32be67f6a4652d8ce56bd9e54d7696efd40c86"",""qTokenName"":""qNIGHT"",""qTokenAmount"":25072632.844784,""market"":{""id"":""NIGHT"",""displayName"":""NIGHT""},""amountInUsd"":12347.778710176262},{""id"":""aa280c98c5b07fdfc8d7a93fb5ba84510b421388e4a18e16efa8eb5f"",""qTokenName"":""qUSDA"",""qTokenAmount"":145516.652977,""market"":{""id"":""USDA"",""displayName"":""USDA""},""amountInUsd"":3275.0199429852432}]",true,false,true
9bfc2ea5b2b1e13ef9d05ce9779a1ac22945664a5737c516a8ac6829814996d9-30,MIN,d07c21c0714e056c621b918245d9c2da676767e9c4128d5b9e9d2278,3.665369883035936,0.22098724708489634,0.0182414567,249.1435015005709,55.0575365257029,55.0575365257029,"[{""id"":""a04ce7a52545e5e33c2867e148898d9e667a69602285f6a1298f9d68"",""qTokenName"":""qADA"",""qTokenAmount"":47385.498065,""market"":{""id"":""Ada"",""displayName"":""ADA""},""amountInUsd"":249.14350150057086}]",true,false,true
9bfc2ea5b2b1e13ef9d05ce9779a1ac22945664a5737c516a8ac6829814996d9-27,MIN,0dc1a7a48788262ad2b26f04d842f273c4eb34f2619f2658d402147b,3.6781658274634235,0.21749970978108527,0.0182414567,405.77241766693095,88.2553830797268,88.2553830797268,"[{""id"":""6df63e2fdde8b2c3b3396265b0cc824aa4fb999396b1c154280f6b0c"",""qTokenName"":""qDJED"",""qTokenAmount"":12747.838227,""market"":{""id"":""DJED"",""displayName"":""DJED""},""amountInUsd"":405.77241766693095}]",true,false,true
9bfc2ea5b2b1e13ef9d05ce9779a1ac22945664a5737c516a8ac6829814996d9-5,MIN,b75d0c48ffa9e400512ebc594edaaf374aadd849723e0ea216235ed2,5.935144328934974,0.13647519842964792,0.0182414567,391.8522928534955,53.4781194222933,53.4781194222933,"[{""id"":""a04ce7a52545e5e33c2867e148898d9e667a69602285f6a1298f9d68"",""qTokenName"":""qADA"",""qTokenAmount"":74527.796041,""market"":{""id"":""Ada"",""displayName"":""ADA""},""amountInUsd"":391.8522928534955}]",true,false,true
9bfc2ea5b2b1e13ef9d05ce9779a1ac22945664a5737c516a8ac6829814996d9-24,MIN,c2e22535c55e105c81fd011ff2c9832373e30bff86206fd3648c3681,2.3696889475893514,0.3418170139266593,0.0182414567,24.900208130664318,8.511314789376,8.511314789376,"[{""id"":""a04ce7a52545e5e33c2867e148898d9e667a69602285f6a1298f9d68"",""qTokenName"":""qADA"",""qTokenAmount"":4735.860085,""market"":{""id"":""Ada"",""displayName"":""ADA""},""amountInUsd"":24.900208130664314}]",true,false,true
9bfc2ea5b2b1e13ef9d05ce9779a1ac22945664a5737c516a8ac6829814996d9-23,MIN,ddcb970c255291b18778d73f33058983e45c728f7eb32d64cabc6262,3.9249711817619075,0.20382315256665973,0.0182414567,4255.434825894695,867.3561417558114,867.3561417558114,"[{""id"":""6df63e2fdde8b2c3b3396265b0cc824aa4fb999396b1c154280f6b0c"",""qTokenName"":""qDJED"",""qTokenAmount"":133689.70483,""market"":{""id"":""DJED"",""displayName"":""DJED""},""amountInUsd"":4255.434825894695}]",true,false,true
9bfc2ea5b2b1e13ef9d05ce9779a1ac22945664a5737c516a8ac6829814996d9-22,MIN,ddcb970c255291b18778d73f33058983e45c728f7eb32d64cabc6262,6.975417989147104,0.11468846759358393,0.0182414567,3297.432675824049,378.1775005832712,378.1775005832712,"[{""id"":""6df63e2fdde8b2c3b3396265b0cc824aa4fb999396b1c154280f6b0c"",""qTokenName"":""qDJED"",""qTokenAmount"":103592.892187,""market"":{""id"":""DJED"",""displayName"":""DJED""},""amountInUsd"":3297.4326758240486}]",true,false,true
9bfc2ea5b2b1e13ef9d05ce9779a1ac22945664a5737c516a8ac6829814996d9-21,MIN,fd008a32e65985cb240bdcea1abd16e4a7d5479efe0847fc1876f722,1.7265846785372494,0.46913424523506514,0.0182414567,13.69626825546531,6.859012531812,6.4253884705647,"[{""id"":""a04ce7a52545e5e33c2867e148898d9e667a69602285f6a1298f9d68"",""qTokenName"":""qADA"",""qTokenAmount"":2604.942489,""market"":{""id"":""Ada"",""displayName"":""ADA""},""amountInUsd"":13.69626825546531}]",true,false,true
9bfc2ea5b2b1e13ef9d05ce9779a1ac22945664a5737c516a8ac6829814996d9-20,MIN,b894676f24eed59eb8a0c591d74dfd03ec4bf7cf083aac85b4f744e7,0,0,0.0182414567,8.417777613805875,0,0,"[{""id"":""a04ce7a52545e5e33c2867e148898d9e667a69602285f6a1298f9d68"",""qTokenName"":""qADA"",""qTokenAmount"":1601.007381,""market"":{""id"":""Ada"",""displayName"":""ADA""},""amountInUsd"":8.417777613805873}]",false,false,true
9bfc2ea5b2b1e13ef9d05ce9779a1ac22945664a5737c516a8ac6829814996d9-18,MIN,ec7582d3e95bb86076f3d68294c05f7d99d4cde4debd6b518d2da8b7,2.8478239354676695,0.2844276957967845,0.0182414567,74.71045659483957,21.2497230211959,21.2497230211959,"[{""id"":""a04ce7a52545e5e33c2867e148898d9e667a69602285f6a1298f9d68"",""qTokenName"":""qADA"",""qTokenAmount"":14209.450277,""market"":{""id"":""Ada"",""displayName"":""ADA""},""amountInUsd"":74.71045659483957}]",true,false,true
9bfc2ea5b2b1e13ef9d05ce9779a1ac22945664a5737c516a8ac6829814996d9-17,MIN,1cba425ea83a52a05ec321ec398c9802084191633b4c77083f719d9a,6.873550493215312,0.11640815289583671,0.0182414567,54.423210027519296,6.3353053539657,6.3353053539657,"[{""id"":""a04ce7a52545e5e33c2867e148898d9e667a69602285f6a1298f9d68"",""qTokenName"":""qADA"",""qTokenAmount"":142.135827,""market"":{""id"":""Ada"",""displayName"":""ADA""},""amountInUsd"":0.7473218405108556},{""id"":""9e00df0615de0a7b121a7f961d43e23165b8e81b64786c6eb708d370"",""qTokenName"":""qUSDM"",""qTokenAmount"":2122.435876,""market"":{""id"":""USDM"",""displayName"":""USDM""},""amountInUsd"":53.67588818700844}]",true,false,true
9bfc2ea5b2b1e13ef9d05ce9779a1ac22945664a5737c516a8ac6829814996d9-16,MIN,000dd4759150043169c23c3aa8063c0c29a1e0a2271bea1c40041645,7.687560489128049,0.10536502459337048,0.0182414567,2997.5388757191376,315.835757359731,315.835757359731,"[{""id"":""a04ce7a52545e5e33c2867e148898d9e667a69602285f6a1298f9d68"",""qTokenName"":""qADA"",""qTokenAmount"":570112.693045,""market"":{""id"":""Ada"",""displayName"":""ADA""},""amountInUsd"":2997.5388757191376}]",true,false,true
9bfc2ea5b2b1e13ef9d05ce9779a1ac22945664a5737c516a8ac6829814996d9-15,MIN,f502131bf7e75f8b3f2c0d20dc41766cf0e691df1c64f83070c1f11a,2.2236904154754225,0.36425933860349125,0.0182414567,637.4954113301496,232.2136568938809,232.2136568938809,"[{""id"":""a04ce7a52545e5e33c2867e148898d9e667a69602285f6a1298f9d68"",""qTokenName"":""qADA"",""qTokenAmount"":121247.543677,""market"":{""id"":""Ada"",""displayName"":""ADA""},""amountInUsd"":637.4954113301496}]",true,false,true
9bfc2ea5b2b1e13ef9d05ce9779a1ac22945664a5737c516a8ac6829814996d9-13,MIN,71d8930039cc67f96cbc98c1d54b445f5ee68a54cb8db991c2b02a01,3.119453106019733,0.25966089967402,0.0182414567,298.42977274916916,77.4905432815626,77.4905432815626,"[{""id"":""a04ce7a52545e5e33c2867e148898d9e667a69602285f6a1298f9d68"",""qTokenName"":""qADA"",""qTokenAmount"":56759.431147,""market"":{""id"":""Ada"",""displayName"":""ADA""},""amountInUsd"":298.4297727491691}]",true,false,true
9bfc2ea5b2b1e13ef9d05ce9779a1ac22945664a5737c516a8ac6829814996d9-9,MIN,d3103cf5c085ea8ccc4eb7ee57846d8c0cd1dfb388c53a0040751207,4.315902469397216,0.1876780130560108,0.0182414567,49.87937059756444,9.3612611662353,9.3612611662353,"[{""id"":""a04ce7a52545e5e33c2867e148898d9e667a69602285f6a1298f9d68"",""qTokenName"":""qADA"",""qTokenAmount"":9486.736779,""market"":{""id"":""Ada"",""displayName"":""ADA""},""amountInUsd"":49.87937059756444}]",true,false,true
9bfc2ea5b2b1e13ef9d05ce9779a1ac22945664a5737c516a8ac6829814996d9-8,MIN,0113c9a5ef1025d40799504fb3c0b63f1732b6cbd2cd37bb70cddbb8,4.318527927847595,0.1875639137996066,0.0182414567,12496.46522416656,2343.8859261053585,2343.8859261053585,"[{""id"":""a04ce7a52545e5e33c2867e148898d9e667a69602285f6a1298f9d68"",""qTokenName"":""qADA"",""qTokenAmount"":2376747.637938,""market"":{""id"":""Ada"",""displayName"":""ADA""},""amountInUsd"":12496.46522416656}]",true,false,true
9bfc2ea5b2b1e13ef9d05ce9779a1ac22945664a5737c516a8ac6829814996d9-7,MIN,cd047b4e9087a9cc117cc9ecfd10bf966a752d7d4a6a6bd35272a394,4.249410043660196,0.1906146951406725,0.0182414567,10247.117440888374,1953.2511670656054,1953.2511670656054,"[{""id"":""a04ce7a52545e5e33c2867e148898d9e667a69602285f6a1298f9d68"",""qTokenName"":""qADA"",""qTokenAmount"":1948936.098042,""market"":{""id"":""Ada"",""displayName"":""ADA""},""amountInUsd"":10247.117440888374}]",true,false,true
9bfc2ea5b2b1e13ef9d05ce9779a1ac22945664a5737c516a8ac6829814996d9-4,MIN,b75d0c48ffa9e400512ebc594edaaf374aadd849723e0ea216235ed2,5.896354526839136,0.13737301519320572,0.0182414567,50.47488603210655,6.9338872857639,6.9338872857639,"[{""id"":""a04ce7a52545e5e33c2867e148898d9e667a69602285f6a1298f9d68"",""qTokenName"":""qADA"",""qTokenAmount"":9600,""market"":{""id"":""Ada"",""displayName"":""ADA""},""amountInUsd"":50.474886032106554}]",true,false,true
9bfc2ea5b2b1e13ef9d05ce9779a1ac22945664a5737c516a8ac6829814996d9-3,MIN,ec7ad00253268dbd0158c30275acdc70686c6b43d6732ecd00b7281a,5.126057667310793,0.15801617004143814,0.0182414567,25.41790358368279,4.0164397747761,4.0164397747761,"[{""id"":""a04ce7a52545e5e33c2867e148898d9e667a69602285f6a1298f9d68"",""qTokenName"":""qADA"",""qTokenAmount"":4834.322444,""market"":{""id"":""Ada"",""displayName"":""ADA""},""amountInUsd"":25.41790358368279}]",true,false,true
9bfc2ea5b2b1e13ef9d05ce9779a1ac22945664a5737c516a8ac6829814996d9-2,MIN,a7e185758ade36fb0b40602571f52b38023e48e46176d95436cd1e00,5.991243046308399,0.135197319444267,0.0182414567,31.546803770066592,4.2650433067473,4.2650433067473,"[{""id"":""a04ce7a52545e5e33c2867e148898d9e667a69602285f6a1298f9d68"",""qTokenName"":""qADA"",""qTokenAmount"":6000,""market"":{""id"":""Ada"",""displayName"":""ADA""},""amountInUsd"":31.546803770066592}]",true,false,true
9bfc2ea5b2b1e13ef9d05ce9779a1ac22945664a5737c516a8ac6829814996d9-1,MIN,a2164997c13550bdfaa92e3f0868076b87ee70cc9301ac177d911a7c,5.114323575704064,0.1583787157793377,0.0182414567,50.90915804990193,8.0629270733508,8.0629270733508,"[{""id"":""a04ce7a52545e5e33c2867e148898d9e667a69602285f6a1298f9d68"",""qTokenName"":""qADA"",""qTokenAmount"":9682.595756,""market"":{""id"":""Ada"",""displayName"":""ADA""},""amountInUsd"":50.90915804990193}]",true,false,true
9bfc2ea5b2b1e13ef9d05ce9779a1ac22945664a5737c516a8ac6829814996d9-6,MIN,b75d0c48ffa9e400512ebc594edaaf374aadd849723e0ea216235ed2,5.198942078001721,0.15580092792865538,0.0182414567,352.91168184382155,54.9839675081298,54.9839675081298,"[{""id"":""a04ce7a52545e5e33c2867e148898d9e667a69602285f6a1298f9d68"",""qTokenName"":""qADA"",""qTokenAmount"":67121.541266,""market"":{""id"":""Ada"",""displayName"":""ADA""},""amountInUsd"":352.9116818438215}]",true,false,true
9bfc2ea5b2b1e13ef9d05ce9779a1ac22945664a5737c516a8ac6829814996d9-10,MIN,728cc2f3ff10541ce6ff75e6953a30abe15530316492123413eb9b0c,5.181401719682319,0.15632835356561825,0.0182414567,49.87235624987097,7.7964633409803,7.7964633409803,"[{""id"":""a04ce7a52545e5e33c2867e148898d9e667a69602285f6a1298f9d68"",""qTokenName"":""qADA"",""qTokenAmount"":9485.402695,""market"":{""id"":""Ada"",""displayName"":""ADA""},""amountInUsd"":49.87235624987097}]",true,false,true
9bfc2ea5b2b1e13ef9d05ce9779a1ac22945664a5737c516a8ac6829814996d9-11,MIN,61c432de4016b09e19e16537ffc772de2668592a587ce9f79f5af585,3.4543863044969703,0.23448448685242015,0.0182414567,2493.608498751906,584.7125092406745,584.7125092406745,"[{""id"":""a04ce7a52545e5e33c2867e148898d9e667a69602285f6a1298f9d68"",""qTokenName"":""qADA"",""qTokenAmount"":474268.363336,""market"":{""id"":""Ada"",""displayName"":""ADA""},""amountInUsd"":2493.6084987519066}]",true,false,true
9bfc2ea5b2b1e13ef9d05ce9779a1ac22945664a5737c516a8ac6829814996d9-32,MIN,dc683e7432febf53b8ee45cef422671ec00a8077cd3c0b6cd2caabeb,1.5075936499636229,0.5338947217344419,0.0182414567,179.85966111678604,96.0261237231975,96.0261237231975,"[{""id"":""a04ce7a52545e5e33c2867e148898d9e667a69602285f6a1298f9d68"",""qTokenName"":""qADA"",""qTokenAmount"":16749.312584,""market"":{""id"":""Ada"",""displayName"":""ADA""},""amountInUsd"":88.06454622849252},{""id"":""aa280c98c5b07fdfc8d7a93fb5ba84510b421388e4a18e16efa8eb5f"",""qTokenName"":""qUSDA"",""qTokenAmount"":4078.667645,""market"":{""id"":""USDA"",""displayName"":""USDA""},""amountInUsd"":91.79511488829354}]",true,false,true
9bfc2ea5b2b1e13ef9d05ce9779a1ac22945664a5737c516a8ac6829814996d9-31,MIN,1be7677761b8b57ac596e6eea4b189c82347c81a16883994ecab3bd1,3.7433948652280877,0.21370975512925364,0.0182414567,5399.513806288966,1153.9287733590393,1153.9287733590393,"[{""id"":""6df63e2fdde8b2c3b3396265b0cc824aa4fb999396b1c154280f6b0c"",""qTokenName"":""qDJED"",""qTokenAmount"":169632.349342,""market"":{""id"":""DJED"",""displayName"":""DJED""},""amountInUsd"":5399.5138062889655}]",true,false,true
9bfc2ea5b2b1e13ef9d05ce9779a1ac22945664a5737c516a8ac6829814996d9-29,MIN,5375703a1815206253bce83d4c52cc18b6571def1bedf6c257575293,1.5355309266560768,0.5275048427477366,0.0182414567,1384.4207926455058,730.2886725211644,730.2886725211644,"[{""id"":""c45fa8aefc662c003a32be67f6a4652d8ce56bd9e54d7696efd40c86"",""qTokenName"":""qNIGHT"",""qTokenAmount"":2811118.910649,""market"":{""id"":""NIGHT"",""displayName"":""NIGHT""},""amountInUsd"":1384.4207926455058}]",true,false,true
9bfc2ea5b2b1e13ef9d05ce9779a1ac22945664a5737c516a8ac6829814996d9-28,MIN,f5f3986bc76270c091743201b5be8e25d54ca93e87298d096ebc836b,2.366498436324861,0.342277851346447,0.0182414567,2364.7519125360113,809.4022035902271,809.4022035902271,"[{""id"":""a04ce7a52545e5e33c2867e148898d9e667a69602285f6a1298f9d68"",""qTokenName"":""qADA"",""qTokenAmount"":449760.666045,""market"":{""id"":""Ada"",""displayName"":""ADA""},""amountInUsd"":2364.7519125360113}]",true,false,true
9bfc2ea5b2b1e13ef9d05ce9779a1ac22945664a5737c516a8ac6829814996d9-26,MIN,11a264bd8da8b3a491a292e52b16b46c9308d79f7c8bc0d26b1c9007,5.327110312353945,0.15205241725923208,0.0182414567,5817.88628398561,884.6236728193431,884.6236728193431,"[{""id"":""a04ce7a52545e5e33c2867e148898d9e667a69602285f6a1298f9d68"",""qTokenName"":""qADA"",""qTokenAmount"":1106524.704003,""market"":{""id"":""Ada"",""displayName"":""ADA""},""amountInUsd"":5817.88628398561}]",true,false,true
9bfc2ea5b2b1e13ef9d05ce9779a1ac22945664a5737c516a8ac6829814996d9-19,MIN,19f60138192cc873165f6fd573abd324db9a7aaf79e02ca0053a4a98,2.097276864393848,0.3862151029039769,0.0182414567,1892.6621321407774,730.9747001272107,730.9747001272107,"[{""id"":""a04ce7a52545e5e33c2867e148898d9e667a69602285f6a1298f9d68"",""qTokenName"":""qADA"",""qTokenAmount"":359972.213845,""market"":{""id"":""Ada"",""displayName"":""ADA""},""amountInUsd"":1892.6621321407772}]",true,false,true
9bfc2ea5b2b1e13ef9d05ce9779a1ac22945664a5737c516a8ac6829814996d9-14,MIN,d82884a4926849430d812035d6a3bd9aba6f275042df37ac2a32aaf1,3.4648120040076194,0.23377891760450584,0.0182414567,74.76829667634327,17.4792514681281,17.4792514681281,"[{""id"":""a04ce7a52545e5e33c2867e148898d9e667a69602285f6a1298f9d68"",""qTokenName"":""qADA"",""qTokenAmount"":14220.45109,""market"":{""id"":""Ada"",""displayName"":""ADA""},""amountInUsd"":74.76829667634325}]",true,false,true
4d0ff9b22fb61ffe9ae15b54f5aaf9d78639354a4fa13d4e7c5151394c467eb9-0,NIGHT,80afa1ac82f62c80aa726434c3fefd0a44a8f0f40806051a70a77cb7,4.131416922187511,0.19605864410583854,0.0011403485,5082.587239834125,996.485162791515,996.485162791515,"[{""id"":""a04ce7a52545e5e33c2867e148898d9e667a69602285f6a1298f9d68"",""qTokenName"":""qADA"",""qTokenAmount"":966675.535857,""market"":{""id"":""Ada"",""displayName"":""ADA""},""amountInUsd"":5082.587239834125}]",true,false,true
aafc7c474c04cd431ab4ef56f35d46e803d5c9b5930b24152db5339167c0ca31-0,NIGHT,bea7c85bdfeabdc722aa28cbb0a9197851445826ed84e278a897a437,2.7834411019727088,0.29100669650452765,0.0011403485,44.821959961983424,13.043490499395,13.043490499395,"[{""id"":""a04ce7a52545e5e33c2867e148898d9e667a69602285f6a1298f9d68"",""qTokenName"":""qADA"",""qTokenAmount"":8524.849672,""market"":{""id"":""Ada"",""displayName"":""ADA""},""amountInUsd"":44.821959961983424}]",true,false,true
4f931377ef5d8081f8471ab25171481b6eaa41db9116af1bae7b7ab0209177a6-0,NIGHT,a7706deef4e54c7d27e350b5dccd5d99ab68058f59641eb7f16c15e2,2.2986308234531063,0.3523836849899984,0.0011403485,34.859727173602415,12.287322,12.28399911918,"[{""id"":""a04ce7a52545e5e33c2867e148898d9e667a69602285f6a1298f9d68"",""qTokenName"":""qADA"",""qTokenAmount"":6630.09681,""market"":{""id"":""Ada"",""displayName"":""ADA""},""amountInUsd"":34.859727173602415}]",true,false,true
d5e1293fb6d080fea441208b4800d7ba97bd662c3345695c68ba0cb8c81881a2-0,NIGHT,1f73a28e56228793de4666c39c193122eabf7b954d37dd17d1fe4687,1.9488025032524134,0.415639860195257,0.0011403485,72.11116106319733,29.98106568,29.972272902825,"[{""id"":""a04ce7a52545e5e33c2867e148898d9e667a69602285f6a1298f9d68"",""qTokenName"":""qADA"",""qTokenAmount"":13715.080917,""market"":{""id"":""Ada"",""displayName"":""ADA""},""amountInUsd"":72.11116106319733}]",true,false,true
2d52021abf6014a42cfb5b5b810137da6a3cceecc1139a1a6a9a586039f149d1-0,NIGHT,45743265eee8d92321f0c6334d8d184b3df8b95b11e649e4efb0c688,2.3246014331837364,0.3476408177277825,0.0011403485,613.6003744580498,213.38867293563,213.31253593467,"[{""id"":""a04ce7a52545e5e33c2867e148898d9e667a69602285f6a1298f9d68"",""qTokenName"":""qADA"",""qTokenAmount"":94836.748972,""market"":{""id"":""Ada"",""displayName"":""ADA""},""amountInUsd"":498.63271833512476},{""id"":""6df63e2fdde8b2c3b3396265b0cc824aa4fb999396b1c154280f6b0c"",""qTokenName"":""qDJED"",""qTokenAmount"":3611.849938,""market"":{""id"":""DJED"",""displayName"":""DJED""},""amountInUsd"":114.96765612292505}]",true,false,true
0cd001e48e921188cdc3d1228e027bfe3de54badc38db5a84ed7cbf0d5c456bf-0,NIGHT,47b1d0a0cfcaf354d1b5567bcae6869cbe673a55b0fb55bf9d82c0d4,1.7776010465265035,0.45567029878991644,0.0011403485,323.4225263572879,147.447864,147.374039220615,"[{""id"":""a04ce7a52545e5e33c2867e148898d9e667a69602285f6a1298f9d68"",""qTokenName"":""qADA"",""qTokenAmount"":61512.892789,""market"":{""id"":""Ada"",""displayName"":""ADA""},""amountInUsd"":323.4225263572879}]",true,false,true
a6047b3c0279c314245e937132c11d3c8796ac3c5fc6e2567c70d6ea2c66808c-0,NIGHT,8a1d7934ea645ae8ae284fd701f492f17e1681a2a27bfb7d4d44959a,1.4640954684640213,0.5464124554932732,0.0011403485,7489.888498691715,4095.757616904,4092.568365940965,"[{""id"":""6df63e2fdde8b2c3b3396265b0cc824aa4fb999396b1c154280f6b0c"",""qTokenName"":""qDJED"",""qTokenAmount"":235304.034386,""market"":{""id"":""DJED"",""displayName"":""DJED""},""amountInUsd"":7489.888498691714}]",true,false,true
70f414a540e7cbd394a79004b10576c04bd7ce93564c1283dae9b7d438a71f96-0,NIGHT,1eb69ee3d78e7872440598a9f81634ee059ed480f5fdbeded4cfaebc,1.217428422093643,0.657122821746037,0.0011403485,2434.710727080807,1601.18643446007,1599.903983114685,"[{""id"":""aa280c98c5b07fdfc8d7a93fb5ba84510b421388e4a18e16efa8eb5f"",""qTokenName"":""qUSDA"",""qTokenAmount"":108179.785815,""market"":{""id"":""USDA"",""displayName"":""USDA""},""amountInUsd"":2434.710727080807}]",true,false,true
19c878e205f85f68f4776fae323b05c40a32b511ff80ab33ea51df816bcfb5a1-0,NIGHT,0c9e8fdce6a75d5202f0adb8c51df9ae4259b2818fa464e43ee773aa,2.5771338290198353,0.31042237348778473,0.0011403485,6514.683827859652,2025.83292675,2022.30361636668,"[{""id"":""aa280c98c5b07fdfc8d7a93fb5ba84510b421388e4a18e16efa8eb5f"",""qTokenName"":""qUSDA"",""qTokenAmount"":289462.355142,""market"":{""id"":""USDA"",""displayName"":""USDA""},""amountInUsd"":6514.683827859652}]",true,false,true
b13900ee5e81eccc4c5e850603f06909b651e33ad09fcae91560659425c383ff-0,NIGHT,b4727c4c57634ee2d4f15a92a5c0f1da57309c533c1afbbecceb0793,3.2970168097483685,0.24567663640811707,0.0011403485,248.52813709050227,61.10596779054,61.05755677317,"[{""id"":""a04ce7a52545e5e33c2867e148898d9e667a69602285f6a1298f9d68"",""qTokenName"":""qADA"",""qTokenAmount"":47268.459696,""market"":{""id"":""Ada"",""displayName"":""ADA""},""amountInUsd"":248.52813709050227}]",true,false,true
198676e83415b09104df8749e73cdb6149d74c4f21d7431fe18823f7219f3b8d-0,NIGHT,898609f83dbadcb6d39478eb23ce8144a1dea7f8b5551a5980bc5714,3.6326751688252714,0.22022337886563711,0.0011403485,22300.183916518472,4914.9288,4911.021851420835,"[{""id"":""6df63e2fdde8b2c3b3396265b0cc824aa4fb999396b1c154280f6b0c"",""qTokenName"":""qDJED"",""qTokenAmount"":408701.488428,""market"":{""id"":""DJED"",""displayName"":""DJED""},""amountInUsd"":13009.248165093046},{""id"":""9e00df0615de0a7b121a7f961d43e23165b8e81b64786c6eb708d370"",""qTokenName"":""qUSDM"",""qTokenAmount"":367379.3956,""market"":{""id"":""USDM"",""displayName"":""USDM""},""amountInUsd"":9290.935751425426}]",true,false,true
e0dd605f92abd7065cc76b196994f2a4749678160523dd6250f26a62c50a8e2e-0,NIGHT,0b3a2e9db326529694abb7871f3cc1c01ab5091211c729532c80c9de,1.4737228962215818,0.5488694504282913,0.0011403485,279.83448965362226,153.71439822,153.592602547065,"[{""id"":""a04ce7a52545e5e33c2867e148898d9e667a69602285f6a1298f9d68"",""qTokenName"":""qADA"",""qTokenAmount"":47269.638327,""market"":{""id"":""Ada"",""displayName"":""ADA""},""amountInUsd"":248.53433409731466},{""id"":""6df63e2fdde8b2c3b3396265b0cc824aa4fb999396b1c154280f6b0c"",""qTokenName"":""qDJED"",""qTokenAmount"":983.33278,""market"":{""id"":""DJED"",""displayName"":""DJED""},""amountInUsd"":31.300155556307583}]",true,false,true
f618cbcc3ea06e14db09351baccaf548004d8ad858497f3f03f3a37c0b78b7a2-7,SHEN,ff935aa9517ed6dbb666d91a00c0172972ac4f6de32420c025a23e37,0,0,0.0012843607,30.78665499500906,0,0,"[{""id"":""6df63e2fdde8b2c3b3396265b0cc824aa4fb999396b1c154280f6b0c"",""qTokenName"":""qDJED"",""qTokenAmount"":967.20053,""market"":{""id"":""DJED"",""displayName"":""DJED""},""amountInUsd"":30.78665499500906}]",false,false,true
f618cbcc3ea06e14db09351baccaf548004d8ad858497f3f03f3a37c0b78b7a2-1,SHEN,11bc174cc6e4e6ab33b740ca36de6a9ee8d1bf9fe4e018b777b42cb5,3.2829564972008494,0.24672882528008858,0.0012843607,157.73401885033297,38.91752917765,38.91752917765,"[{""id"":""a04ce7a52545e5e33c2867e148898d9e667a69602285f6a1298f9d68"",""qTokenName"":""qADA"",""qTokenAmount"":30000,""market"":{""id"":""Ada"",""displayName"":""ADA""},""amountInUsd"":157.73401885033294}]",true,false,true
f618cbcc3ea06e14db09351baccaf548004d8ad858497f3f03f3a37c0b78b7a2-2,SHEN,8dcde776942b6743f6a1daabdedd9941a1825d1dc8bce32b7b53f983,2.681785044668729,0.3020376303500702,0.0012843607,51.363646332144505,15.5137540243,15.5137540243,"[{""id"":""a04ce7a52545e5e33c2867e148898d9e667a69602285f6a1298f9d68"",""qTokenName"":""qADA"",""qTokenAmount"":9769.036516,""market"":{""id"":""Ada"",""displayName"":""ADA""},""amountInUsd"":51.363646332144505}]",true,false,true
f618cbcc3ea06e14db09351baccaf548004d8ad858497f3f03f3a37c0b78b7a2-3,SHEN,7027a58b0e7ba0c62c9c728ed6c39aaeea2a5a6eb7655dae15408d74,0,0,0.0012843607,129.94734305070952,0.2018509593,0,"[{""id"":""a04ce7a52545e5e33c2867e148898d9e667a69602285f6a1298f9d68"",""qTokenName"":""qADA"",""qTokenAmount"":24715.152254,""market"":{""id"":""Ada"",""displayName"":""ADA""},""amountInUsd"":129.94734305070952}]",false,false,true
f618cbcc3ea06e14db09351baccaf548004d8ad858497f3f03f3a37c0b78b7a2-4,SHEN,fc54bd98b03e2942fb346829d5e3a67b288bd16c2f65229fba4e8350,2.330989158956409,0.34749196361026385,0.0012843607,628.779644048569,218.4958731886,218.4958731886,"[{""id"":""a04ce7a52545e5e33c2867e148898d9e667a69602285f6a1298f9d68"",""qTokenName"":""qADA"",""qTokenAmount"":119589.86057,""market"":{""id"":""Ada"",""displayName"":""ADA""},""amountInUsd"":628.779644048569}]",true,false,true
f618cbcc3ea06e14db09351baccaf548004d8ad858497f3f03f3a37c0b78b7a2-5,SHEN,96297ce00f8403906b8a98742ca662eb8ec699c077a363f182c7c62c,0,0,0.0012843607,154.79848636911885,0,0,"[{""id"":""a04ce7a52545e5e33c2867e148898d9e667a69602285f6a1298f9d68"",""qTokenName"":""qADA"",""qTokenAmount"":29441.680526,""market"":{""id"":""Ada"",""displayName"":""ADA""},""amountInUsd"":154.79848636911885}]",false,false,true
f618cbcc3ea06e14db09351baccaf548004d8ad858497f3f03f3a37c0b78b7a2-6,SHEN,f32e353db2ecc3ed5122f3cabb28ca33cd37158041101f2572c4e241,0,0,0.0012843607,12.28984547933442,0,0,"[{""id"":""a04ce7a52545e5e33c2867e148898d9e667a69602285f6a1298f9d68"",""qTokenName"":""qADA"",""qTokenAmount"":2337.449886,""market"":{""id"":""Ada"",""displayName"":""ADA""},""amountInUsd"":12.28984547933442}]",false,false,true
f618cbcc3ea06e14db09351baccaf548004d8ad858497f3f03f3a37c0b78b7a2-8,SHEN,54694fe188fef65bacf76fada22fb7780bd2dd820d425625758dd629,20.915236567125742,0.03824962712864688,0.0012843607,3.775801227140201,0.14980640915,0.14442298905,"[{""id"":""6df63e2fdde8b2c3b3396265b0cc824aa4fb999396b1c154280f6b0c"",""qTokenName"":""qDJED"",""qTokenAmount"":118.621427,""market"":{""id"":""DJED"",""displayName"":""DJED""},""amountInUsd"":3.7758012271402004}]",true,false,true
f618cbcc3ea06e14db09351baccaf548004d8ad858497f3f03f3a37c0b78b7a2-9,SHEN,24498f5bef05344f750553522111b40b6a8dabe8bb4278b1f2faa09f,6.5954093770491475,0.12157971915947036,0.0012843607,5557.32144816663,675.657580947,675.657580947,"[{""id"":""a04ce7a52545e5e33c2867e148898d9e667a69602285f6a1298f9d68"",""qTokenName"":""qADA"",""qTokenAmount"":197443.517788,""market"":{""id"":""Ada"",""displayName"":""ADA""},""amountInUsd"":1038.1186518882814},{""id"":""6df63e2fdde8b2c3b3396265b0cc824aa4fb999396b1c154280f6b0c"",""qTokenName"":""qDJED"",""qTokenAmount"":141976.299161,""market"":{""id"":""DJED"",""displayName"":""DJED""},""amountInUsd"":4519.202796278349}]",true,false,true
f618cbcc3ea06e14db09351baccaf548004d8ad858497f3f03f3a37c0b78b7a2-10,SHEN,8fd09e8052e12a455e90684b844f7eada3abf6c451ebc893f3351122,9.488752752780734,0.08431034308123957,0.0012843607,194.90598025340643,16.43259006375,16.43259006375,"[{""id"":""6df63e2fdde8b2c3b3396265b0cc824aa4fb999396b1c154280f6b0c"",""qTokenName"":""qDJED"",""qTokenAmount"":6123.210444,""market"":{""id"":""DJED"",""displayName"":""DJED""},""amountInUsd"":194.90598025340643}]",true,false,true
0701c11d2303d3b92a9c0bf350fb3edccdc1538ddfb4d978fb18b4eb3256139e-0,SHEN,54694fe188fef65bacf76fada22fb7780bd2dd820d425625758dd629,3.8058179915412986,0.21020448213184575,0.0012843607,4209.555800933341,885.17947688,884.8674971403,"[{""id"":""6df63e2fdde8b2c3b3396265b0cc824aa4fb999396b1c154280f6b0c"",""qTokenName"":""qDJED"",""qTokenAmount"":132248.358985,""market"":{""id"":""DJED"",""displayName"":""DJED""},""amountInUsd"":4209.555800933341}]",true,false,true
c1483fad859afbb71a1ce543892e6970d56703ef7bb876fbe7e86e97e5c7d97f-4,SNEK,0e561224a0b8ce138ed6d799b8106a6a51cba791e0fd332d192f16dc,3.2392115675147677,0.2500608506475109,0.0168694361,124.66070990033359,31.17276316,31.17276316,"[{""id"":""a04ce7a52545e5e33c2867e148898d9e667a69602285f6a1298f9d68"",""qTokenName"":""qADA"",""qTokenAmount"":23709.668493,""market"":{""id"":""Ada"",""displayName"":""ADA""},""amountInUsd"":124.66070990033359}]",true,false,true
c1483fad859afbb71a1ce543892e6970d56703ef7bb876fbe7e86e97e5c7d97f-1,SNEK,447fb0b35b4c2f3f03266b7bfc24971130f923cc224ae582faacf529,6.480287354756431,0.12499445713707008,0.0168694361,199.57950561474595,24.94633196,24.94633196,"[{""id"":""a04ce7a52545e5e33c2867e148898d9e667a69602285f6a1298f9d68"",""qTokenName"":""qADA"",""qTokenAmount"":37958.743536,""market"":{""id"":""Ada"",""displayName"":""ADA""},""amountInUsd"":199.57950561474595}]",true,false,true
c1483fad859afbb71a1ce543892e6970d56703ef7bb876fbe7e86e97e5c7d97f-2,SNEK,a3c6bc6f1212fb453035aa3ef6c28b89c06b84735c97fabf073e9cd8,3.9825696301008784,0.20338627449923147,0.0168694361,184.2244213984144,37.46871874,37.46871874,"[{""id"":""a04ce7a52545e5e33c2867e148898d9e667a69602285f6a1298f9d68"",""qTokenName"":""qADA"",""qTokenAmount"":35038.304877,""market"":{""id"":""Ada"",""displayName"":""ADA""},""amountInUsd"":184.2244213984144}]",true,false,true
c1483fad859afbb71a1ce543892e6970d56703ef7bb876fbe7e86e97e5c7d97f-3,SNEK,3896a0bfbe1eca7203177088ac0ea0a47ebc252b1d3a93d1078c9c1b,0,0,0.0168694361,534.2807534911838,0.23933614,0,"[{""id"":""6df63e2fdde8b2c3b3396265b0cc824aa4fb999396b1c154280f6b0c"",""qTokenName"":""qDJED"",""qTokenAmount"":16785.085227,""market"":{""id"":""DJED"",""displayName"":""DJED""},""amountInUsd"":534.2807534911838}]",false,false,true
c1483fad859afbb71a1ce543892e6970d56703ef7bb876fbe7e86e97e5c7d97f-5,SNEK,b7031f780c1954a924bb5f45d13e3c8c10402c3d15ec25049503c1b7,2.387705597302198,0.3392378025646028,0.0168694361,74.76970009900259,25.36470876,25.36470876,"[{""id"":""a04ce7a52545e5e33c2867e148898d9e667a69602285f6a1298f9d68"",""qTokenName"":""qADA"",""qTokenAmount"":14220.718012,""market"":{""id"":""Ada"",""displayName"":""ADA""},""amountInUsd"":74.76970009900258}]",true,false,true
c1483fad859afbb71a1ce543892e6970d56703ef7bb876fbe7e86e97e5c7d97f-6,SNEK,c11f654d8903679a66bb77686c7c6f49d09af62f797185f8c7c0e49f,6.2604005829780185,0.12938469180428866,0.0168694361,2581.6063903854224,334.02034718,334.02034718,"[{""id"":""a04ce7a52545e5e33c2867e148898d9e667a69602285f6a1298f9d68"",""qTokenName"":""qADA"",""qTokenAmount"":491004.998643,""market"":{""id"":""Ada"",""displayName"":""ADA""},""amountInUsd"":2581.6063903854224}]",true,false,true
c1483fad859afbb71a1ce543892e6970d56703ef7bb876fbe7e86e97e5c7d97f-7,SNEK,a95562420df1f066d4dcb1bfdd3509709c9d2c981a192453bbac31c4,2.1544937267817224,0.37131693170209457,0.0168694361,92.13566465492534,34.2115323,34.2115323,"[{""id"":""6df63e2fdde8b2c3b3396265b0cc824aa4fb999396b1c154280f6b0c"",""qTokenName"":""qDJED"",""qTokenAmount"":2894.55492,""market"":{""id"":""DJED"",""displayName"":""DJED""},""amountInUsd"":92.13566465492534}]",true,false,true
c1483fad859afbb71a1ce543892e6970d56703ef7bb876fbe7e86e97e5c7d97f-8,SNEK,70cafec5354316841b59a734be860a01716fc716ee230e5f8b11b51e,3.805148296989941,0.21286949595124838,0.0168694361,124500.45504156969,26502.3491104,26502.3491104,"[{""id"":""a04ce7a52545e5e33c2867e148898d9e667a69602285f6a1298f9d68"",""qTokenName"":""qADA"",""qTokenAmount"":23679189.045396,""market"":{""id"":""Ada"",""displayName"":""ADA""},""amountInUsd"":124500.45504156969}]",true,false,true
c1483fad859afbb71a1ce543892e6970d56703ef7bb876fbe7e86e97e5c7d97f-9,SNEK,bb2fb311411d6ee1702f6f29697b04f4be25c82c1552d1d94218333b,4.121998351843922,0.1965066287902947,0.0168694361,1867.57203591152,366.9902848,366.9902848,"[{""id"":""a04ce7a52545e5e33c2867e148898d9e667a69602285f6a1298f9d68"",""qTokenName"":""qADA"",""qTokenAmount"":355200.23826,""market"":{""id"":""Ada"",""displayName"":""ADA""},""amountInUsd"":1867.57203591152}]",true,false,true
c1483fad859afbb71a1ce543892e6970d56703ef7bb876fbe7e86e97e5c7d97f-10,SNEK,bbdf06c86576da5b412c3e344d91c4b7a40877319c033823bad8dbc5,1.8874708752053453,0.4291456947180056,0.0168694361,9092.607509494099,3902.05336646,3902.05336646,"[{""id"":""c45fa8aefc662c003a32be67f6a4652d8ce56bd9e54d7696efd40c86"",""qTokenName"":""qNIGHT"",""qTokenAmount"":18462884.299942,""market"":{""id"":""NIGHT"",""displayName"":""NIGHT""},""amountInUsd"":9092.607509494099}]",true,false,true
7594f8fd0fa66d317ebdf7c918e94e8195550e39e1cd2b9ac4f0e3902cfecff1-0,STRIKE-ADA,cb8b4cac061a5362f45e4823e7438001fd125e289ee0d4e0e0ace1e8,2.019820125567917,0.3218108344262775,0.0657161803,2902.1,933.9272225885,933.9272225885,"[{""id"":""12c8a522ca40065bc742b2d9733338a67e6ee7baa7adb73291a4222f"",""qTokenName"":""qSTRIKE"",""qTokenAmount"":250000,""market"":{""id"":""STRIKE"",""displayName"":""STRIKE""},""amountInUsd"":2902.1000000000004}]",true,false,true
058d34688bcb27ecaa6fa86eca02a2bedbab6bcd4cb12abfc8566f953b9fc3a2-0,STRIKE-ADA,c081f35f62c3c1c47e253bc288f89e3ca1571d0974a84b1f06bac9d4,4.756775025010663,0.13664720248116904,0.0657161803,5463.48691170156,746.5702022765,746.5702022765,"[{""id"":""12c8a522ca40065bc742b2d9733338a67e6ee7baa7adb73291a4222f"",""qTokenName"":""qSTRIKE"",""qTokenAmount"":470649.4359,""market"":{""id"":""STRIKE"",""displayName"":""STRIKE""},""amountInUsd"":5463.4869117015605}]",true,false,true
808ca0aec00d572c99eee58ade99b40a96a0cdfc122cf6cd69ed40149a5feb93-40,USDA,a3c3db3a9d60a314ed3894cb4542ff100351179c633711f4456a7270,1.9003628637109293,0.42623438684666476,0.3129774134,498038.49296271545,212281.131674,212281.131674,"[{""id"":""a04ce7a52545e5e33c2867e148898d9e667a69602285f6a1298f9d68"",""qTokenName"":""qADA"",""qTokenAmount"":94723731.112554,""market"":{""id"":""Ada"",""displayName"":""ADA""},""amountInUsd"":498038.49296271545}]",true,false,true
808ca0aec00d572c99eee58ade99b40a96a0cdfc122cf6cd69ed40149a5feb93-21,USDA,342756d5c643215661c5da665b262061b071e584c666b568ddc5a06c,0,0,0.3129774134,395.1458767466123,0,0,"[{""id"":""a04ce7a52545e5e33c2867e148898d9e667a69602285f6a1298f9d68"",""qTokenName"":""qADA"",""qTokenAmount"":75154.2146,""market"":{""id"":""Ada"",""displayName"":""ADA""},""amountInUsd"":395.1458767466123}]",false,false,true
808ca0aec00d572c99eee58ade99b40a96a0cdfc122cf6cd69ed40149a5feb93-2,USDA,d8eca3eec6322358ee3919deee85843e365e2139a095b5a85b4c7a9b,1.5060938245761721,0.5311754068343829,0.3129774134,353.55873894695463,187.801707,187.801707,"[{""id"":""6df63e2fdde8b2c3b3396265b0cc824aa4fb999396b1c154280f6b0c"",""qTokenName"":""qDJED"",""qTokenAmount"":11107.481464,""market"":{""id"":""DJED"",""displayName"":""DJED""},""amountInUsd"":353.5587389469546}]",true,false,true
808ca0aec00d572c99eee58ade99b40a96a0cdfc122cf6cd69ed40149a5feb93-3,USDA,e6055f4f31d7cb0d9793ea34830884891d024cbcdbf535b6f2585ab6,0,0,0.3129774134,1.750854680980541,0,0,"[{""id"":""a04ce7a52545e5e33c2867e148898d9e667a69602285f6a1298f9d68"",""qTokenName"":""qADA"",""qTokenAmount"":333.001345,""market"":{""id"":""Ada"",""displayName"":""ADA""},""amountInUsd"":1.750854680980541}]",false,false,true
808ca0aec00d572c99eee58ade99b40a96a0cdfc122cf6cd69ed40149a5feb93-4,USDA,73a2384cb145aa11ef7c996728c5715f87b007368e1a4769853927ee,1.6834003207428165,0.4811689709329387,0.3129774134,249.06531850471845,119.842503,119.842503,"[{""id"":""a04ce7a52545e5e33c2867e148898d9e667a69602285f6a1298f9d68"",""qTokenName"":""qADA"",""qTokenAmount"":47370.62816,""market"":{""id"":""Ada"",""displayName"":""ADA""},""amountInUsd"":249.06531850471848}]",true,false,true
808ca0aec00d572c99eee58ade99b40a96a0cdfc122cf6cd69ed40149a5feb93-5,USDA,73a2384cb145aa11ef7c996728c5715f87b007368e1a4769853927ee,1234.5985793489285,0.0006074849044419897,0.3129774134,122.93474200580978,0.589041,0.074681,"[{""id"":""d15c36d6dec655677acb3318294f116ce01d8d9def3cc54cdd78909b"",""qTokenName"":""qiUSD"",""qTokenAmount"":4451.986043,""market"":{""id"":""IUSD"",""displayName"":""iUSD""},""amountInUsd"":122.93474200580978}]",true,false,true
808ca0aec00d572c99eee58ade99b40a96a0cdfc122cf6cd69ed40149a5feb93-6,USDA,3d18ee1403b3d69d59e4223a8075f9843d14797e2280a5b4eca45b2a,0,0,0.3129774134,5.166406220746091,0,0,"[{""id"":""3883e3e6a24e092d4c14e757fa8ef5c887853060def087d6cf5603f5"",""qTokenName"":""qLQ"",""qTokenAmount"":693.551819,""market"":{""id"":""LQ"",""displayName"":""LQ""},""amountInUsd"":5.166406220746091}]",false,false,true
808ca0aec00d572c99eee58ade99b40a96a0cdfc122cf6cd69ed40149a5feb93-7,USDA,b5773b0fcc52e6b5522af7e5a455bc1df2b38ac8a590722a77349cb0,3823496.0108201704,1.4384741044414496e-7,0.3129774134,27.807243715055783,0.000004,0.000004,"[{""id"":""a4430a085f45bca6399bec6bd7514eb8c2fce1ed75c7554739cfc32b"",""qTokenName"":""qMIN"",""qTokenAmount"":360641.960689,""market"":{""id"":""MIN"",""displayName"":""MIN""},""amountInUsd"":27.807243715055783}]",true,false,true
808ca0aec00d572c99eee58ade99b40a96a0cdfc122cf6cd69ed40149a5feb93-8,USDA,b96a4b4131372e1bfdf181bbcae62f37222ece77b9ca3188839b8ce3,0,0,0.3129774134,3.63382226556791,0,0,"[{""id"":""a04ce7a52545e5e33c2867e148898d9e667a69602285f6a1298f9d68"",""qTokenName"":""qADA"",""qTokenAmount"":691.129718,""market"":{""id"":""Ada"",""displayName"":""ADA""},""amountInUsd"":3.63382226556791}]",false,false,true
808ca0aec00d572c99eee58ade99b40a96a0cdfc122cf6cd69ed40149a5feb93-9,USDA,8bdc357530de0e667070dfb4f6b116cc4e81c5cb998015f340c8dca7,0,0,0.3129774134,26.704903678545623,0,0,"[{""id"":""a04ce7a52545e5e33c2867e148898d9e667a69602285f6a1298f9d68"",""qTokenName"":""qADA"",""qTokenAmount"":5079.101618,""market"":{""id"":""Ada"",""displayName"":""ADA""},""amountInUsd"":26.704903678545623}]",false,false,true
808ca0aec00d572c99eee58ade99b40a96a0cdfc122cf6cd69ed40149a5feb93-11,USDA,4a8d2892b611626f7aa81094b05435caf4d4f3326b53ae9192bde714,0,0,0.3129774134,11.429323675012968,0,0,"[{""id"":""a04ce7a52545e5e33c2867e148898d9e667a69602285f6a1298f9d68"",""qTokenName"":""qADA"",""qTokenAmount"":2173.784151,""market"":{""id"":""Ada"",""displayName"":""ADA""},""amountInUsd"":11.429323675012968}]",false,false,true
808ca0aec00d572c99eee58ade99b40a96a0cdfc122cf6cd69ed40149a5feb93-13,USDA,60005eaa2d7ec08f60acfbfa184802c761403c995df947da54c3dc5c,0,0,0.3129774134,14.173171298909802,0,0,"[{""id"":""a04ce7a52545e5e33c2867e148898d9e667a69602285f6a1298f9d68"",""qTokenName"":""qADA"",""qTokenAmount"":2695.646393,""market"":{""id"":""Ada"",""displayName"":""ADA""},""amountInUsd"":14.173171298909802}]",false,false,true
808ca0aec00d572c99eee58ade99b40a96a0cdfc122cf6cd69ed40149a5feb93-15,USDA,4a8d2892b611626f7aa81094b05435caf4d4f3326b53ae9192bde714,98.35820819867027,0.008235204919185897,0.3129774134,9.336501125900444,0.076888,0.076888,"[{""id"":""a04ce7a52545e5e33c2867e148898d9e667a69602285f6a1298f9d68"",""qTokenName"":""qADA"",""qTokenAmount"":1775.742708,""market"":{""id"":""Ada"",""displayName"":""ADA""},""amountInUsd"":9.336501125900444}]",true,false,true
808ca0aec00d572c99eee58ade99b40a96a0cdfc122cf6cd69ed40149a5feb93-16,USDA,c7cee9ef5f632bc77238bbf250761ef4c80ee8b7fd1f36c243746471,0,0,0.3129774134,103.51083539343031,0,0,"[{""id"":""a04ce7a52545e5e33c2867e148898d9e667a69602285f6a1298f9d68"",""qTokenName"":""qADA"",""qTokenAmount"":19687.09784,""market"":{""id"":""Ada"",""displayName"":""ADA""},""amountInUsd"":103.51083539343031}]",false,false,true
808ca0aec00d572c99eee58ade99b40a96a0cdfc122cf6cd69ed40149a5feb93-17,USDA,4a8d2892b611626f7aa81094b05435caf4d4f3326b53ae9192bde714,0,0,0.3129774134,9.812607018418271,0,0,"[{""id"":""a04ce7a52545e5e33c2867e148898d9e667a69602285f6a1298f9d68"",""qTokenName"":""qADA"",""qTokenAmount"":1866.294999,""market"":{""id"":""Ada"",""displayName"":""ADA""},""amountInUsd"":9.812607018418271}]",false,false,true
808ca0aec00d572c99eee58ade99b40a96a0cdfc122cf6cd69ed40149a5feb93-19,USDA,3f1205f5404a0f3d82e6b995a1ee413b0dc1294b90a61fa2c8e57a45,0,0,0.3129774134,38.39072704883432,0,0,"[{""id"":""a04ce7a52545e5e33c2867e148898d9e667a69602285f6a1298f9d68"",""qTokenName"":""qADA"",""qTokenAmount"":7301.670368,""market"":{""id"":""Ada"",""displayName"":""ADA""},""amountInUsd"":38.39072704883432}]",false,false,true
808ca0aec00d572c99eee58ade99b40a96a0cdfc122cf6cd69ed40149a5feb93-22,USDA,348aa4ff3cf84db63ee0fc608fa1a777691fd6fa6b0686e3fee58579,0,0,0.3129774134,75.61268414128214,0,0,"[{""id"":""a04ce7a52545e5e33c2867e148898d9e667a69602285f6a1298f9d68"",""qTokenName"":""qADA"",""qTokenAmount"":14381.048177,""market"":{""id"":""Ada"",""displayName"":""ADA""},""amountInUsd"":75.61268414128214}]",false,false,true
808ca0aec00d572c99eee58ade99b40a96a0cdfc122cf6cd69ed40149a5feb93-24,USDA,3d88e5fdded82cc152906636e718468c96f30ab53ee14e19a1c1c700,0,0,0.3129774134,711.473156775368,0,0,"[{""id"":""a04ce7a52545e5e33c2867e148898d9e667a69602285f6a1298f9d68"",""qTokenName"":""qADA"",""qTokenAmount"":127911.843657,""market"":{""id"":""Ada"",""displayName"":""ADA""},""amountInUsd"":672.5349719524694},{""id"":""3883e3e6a24e092d4c14e757fa8ef5c887853060def087d6cf5603f5"",""qTokenName"":""qLQ"",""qTokenAmount"":5227.163285,""market"":{""id"":""LQ"",""displayName"":""LQ""},""amountInUsd"":38.938184822898684}]",false,false,true
808ca0aec00d572c99eee58ade99b40a96a0cdfc122cf6cd69ed40149a5feb93-25,USDA,4ab72142cd842de4da0f88042a02b52d1b6c3aa11af736928415881d,0,0,0.3129774134,554.1576967910472,0,0,"[{""id"":""a04ce7a52545e5e33c2867e148898d9e667a69602285f6a1298f9d68"",""qTokenName"":""qADA"",""qTokenAmount"":105397.244202,""market"":{""id"":""Ada"",""displayName"":""ADA""},""amountInUsd"":554.1576967910472}]",false,false,true
808ca0aec00d572c99eee58ade99b40a96a0cdfc122cf6cd69ed40149a5feb93-27,USDA,1302b5f395635304fe486c9352f59ca9a14b3072b916eed33a63bcba,836471.9156536153,9.683528936737461e-7,0.3129774134,4.130725509400569,0.000004,0.000004,"[{""id"":""a04ce7a52545e5e33c2867e148898d9e667a69602285f6a1298f9d68"",""qTokenName"":""qADA"",""qTokenAmount"":785.637532,""market"":{""id"":""Ada"",""displayName"":""ADA""},""amountInUsd"":4.13072550940057}]",true,false,true
808ca0aec00d572c99eee58ade99b40a96a0cdfc122cf6cd69ed40149a5feb93-28,USDA,e128467b87bc3712ac6d327a849675891119ff4ea3fc049d19838fd2,0,0,0.3129774134,103.35756951138976,0,0,"[{""id"":""a04ce7a52545e5e33c2867e148898d9e667a69602285f6a1298f9d68"",""qTokenName"":""qADA"",""qTokenAmount"":19657.947651,""market"":{""id"":""Ada"",""displayName"":""ADA""},""amountInUsd"":103.35756951138976}]",false,false,true
808ca0aec00d572c99eee58ade99b40a96a0cdfc122cf6cd69ed40149a5feb93-29,USDA,4a8d2892b611626f7aa81094b05435caf4d4f3326b53ae9192bde714,0,0,0.3129774134,4.987027912944374,0,0,"[{""id"":""a04ce7a52545e5e33c2867e148898d9e667a69602285f6a1298f9d68"",""qTokenName"":""qADA"",""qTokenAmount"":948.500764,""market"":{""id"":""Ada"",""displayName"":""ADA""},""amountInUsd"":4.987027912944375}]",false,false,true
808ca0aec00d572c99eee58ade99b40a96a0cdfc122cf6cd69ed40149a5feb93-30,USDA,3d88e5fdded82cc152906636e718468c96f30ab53ee14e19a1c1c700,0,0,0.3129774134,598.2829385425673,0,0,"[{""id"":""3883e3e6a24e092d4c14e757fa8ef5c887853060def087d6cf5603f5"",""qTokenName"":""qLQ"",""qTokenAmount"":80315.058974,""market"":{""id"":""LQ"",""displayName"":""LQ""},""amountInUsd"":598.2829385425673}]",false,false,true
808ca0aec00d572c99eee58ade99b40a96a0cdfc122cf6cd69ed40149a5feb93-38,USDA,c300f661763b671984d905543c3e4b2235ab60f2b5cdb0974840014f,1.9336551048992259,0.23216231861939335,0.3129774134,185.719884503248,43.117159,43.117159,"[{""id"":""c45fa8aefc662c003a32be67f6a4652d8ce56bd9e54d7696efd40c86"",""qTokenName"":""qNIGHT"",""qTokenAmount"":44997.516616,""market"":{""id"":""NIGHT"",""displayName"":""NIGHT""},""amountInUsd"":22.160392214152175},{""id"":""4e8c49d610335d139ad7711e0f50315006e29b5221da531e365b4ef8"",""qTokenName"":""qSNEK"",""qTokenAmount"":13230280,""market"":{""id"":""SNEK"",""displayName"":""SNEK""},""amountInUsd"":163.55949228909586}]",true,false,true
808ca0aec00d572c99eee58ade99b40a96a0cdfc122cf6cd69ed40149a5feb93-39,USDA,cf9ae333b77108aa162b8ad736789988931a0b5a79d57f8b6f816fb8,1.6904586424267418,0.47915990351423365,0.3129774134,114733.9857942995,54975.925563,54975.925563,"[{""id"":""a04ce7a52545e5e33c2867e148898d9e667a69602285f6a1298f9d68"",""qTokenName"":""qADA"",""qTokenAmount"":21821669.154927,""market"":{""id"":""Ada"",""displayName"":""ADA""},""amountInUsd"":114733.9857942995}]",true,false,true
808ca0aec00d572c99eee58ade99b40a96a0cdfc122cf6cd69ed40149a5feb93-1,USDA,42071519015ac00d72f38d81c0b2a8f7133f1511b0f07f7c6a21e958,0,0,0.3129774134,4.5553291679325145,0,0,"[{""id"":""a04ce7a52545e5e33c2867e148898d9e667a69602285f6a1298f9d68"",""qTokenName"":""qADA"",""qTokenAmount"":866.394428,""market"":{""id"":""Ada"",""displayName"":""ADA""},""amountInUsd"":4.5553291679325145}]",false,false,true
808ca0aec00d572c99eee58ade99b40a96a0cdfc122cf6cd69ed40149a5feb93-10,USDA,4a8d2892b611626f7aa81094b05435caf4d4f3326b53ae9192bde714,460.8594659053566,0.0017575856848437695,0.3129774134,11.285936253948956,0.019836,0.019836,"[{""id"":""a04ce7a52545e5e33c2867e148898d9e667a69602285f6a1298f9d68"",""qTokenName"":""qADA"",""qTokenAmount"":2146.512782,""market"":{""id"":""Ada"",""displayName"":""ADA""},""amountInUsd"":11.285936253948956}]",true,false,true
808ca0aec00d572c99eee58ade99b40a96a0cdfc122cf6cd69ed40149a5feb93-12,USDA,4a8d2892b611626f7aa81094b05435caf4d4f3326b53ae9192bde714,0,0,0.3129774134,11.423072754712939,0,0,"[{""id"":""a04ce7a52545e5e33c2867e148898d9e667a69602285f6a1298f9d68"",""qTokenName"":""qADA"",""qTokenAmount"":2172.595266,""market"":{""id"":""Ada"",""displayName"":""ADA""},""amountInUsd"":11.423072754712939}]",false,false,true
808ca0aec00d572c99eee58ade99b40a96a0cdfc122cf6cd69ed40149a5feb93-14,USDA,4a8d2892b611626f7aa81094b05435caf4d4f3326b53ae9192bde714,0,0,0.3129774134,7.61890611920527,0,0,"[{""id"":""a04ce7a52545e5e33c2867e148898d9e667a69602285f6a1298f9d68"",""qTokenName"":""qADA"",""qTokenAmount"":1449.06714,""market"":{""id"":""Ada"",""displayName"":""ADA""},""amountInUsd"":7.61890611920527}]",false,false,true
808ca0aec00d572c99eee58ade99b40a96a0cdfc122cf6cd69ed40149a5feb93-18,USDA,4a8d2892b611626f7aa81094b05435caf4d4f3326b53ae9192bde714,0,0,0.3129774134,9.630796421094816,0,0,"[{""id"":""a04ce7a52545e5e33c2867e148898d9e667a69602285f6a1298f9d68"",""qTokenName"":""qADA"",""qTokenAmount"":1831.715788,""market"":{""id"":""Ada"",""displayName"":""ADA""},""amountInUsd"":9.630796421094818}]",false,false,true
808ca0aec00d572c99eee58ade99b40a96a0cdfc122cf6cd69ed40149a5feb93-20,USDA,715868ec2976e09ee5f277808a13c4928e87867fa98009f73da9e8ce,0,0,0.3129774134,74.2292476808283,0,0,"[{""id"":""a04ce7a52545e5e33c2867e148898d9e667a69602285f6a1298f9d68"",""qTokenName"":""qADA"",""qTokenAmount"":14117.927424,""market"":{""id"":""Ada"",""displayName"":""ADA""},""amountInUsd"":74.2292476808283}]",false,false,true
808ca0aec00d572c99eee58ade99b40a96a0cdfc122cf6cd69ed40149a5feb93-23,USDA,3d88e5fdded82cc152906636e718468c96f30ab53ee14e19a1c1c700,0,0,0.3129774134,1112.6434893561866,0,0,"[{""id"":""3883e3e6a24e092d4c14e757fa8ef5c887853060def087d6cf5603f5"",""qTokenName"":""qLQ"",""qTokenAmount"":149364.158173,""market"":{""id"":""LQ"",""displayName"":""LQ""},""amountInUsd"":1112.6434893561866}]",false,false,true
808ca0aec00d572c99eee58ade99b40a96a0cdfc122cf6cd69ed40149a5feb93-26,USDA,79fb70243525258da59c8f9fef18dc829e21cde75644c29bc904009d,0,0,0.3129774134,51.11023686712568,0,0,"[{""id"":""a04ce7a52545e5e33c2867e148898d9e667a69602285f6a1298f9d68"",""qTokenName"":""qADA"",""qTokenAmount"":9720.839659,""market"":{""id"":""Ada"",""displayName"":""ADA""},""amountInUsd"":51.11023686712568}]",false,false,true
808ca0aec00d572c99eee58ade99b40a96a0cdfc122cf6cd69ed40149a5feb93-31,USDA,3d88e5fdded82cc152906636e718468c96f30ab53ee14e19a1c1c700,0,0,0.3129774134,505.9256713486195,0,0,"[{""id"":""3883e3e6a24e092d4c14e757fa8ef5c887853060def087d6cf5603f5"",""qTokenName"":""qLQ"",""qTokenAmount"":67916.779024,""market"":{""id"":""LQ"",""displayName"":""LQ""},""amountInUsd"":505.9256713486195}]",false,false,true
808ca0aec00d572c99eee58ade99b40a96a0cdfc122cf6cd69ed40149a5feb93-32,USDA,209cdae5c09db9b74db6c2af6f9a2b4723ca7eb54ac3a6cd3830e192,2.170739577231104,0.3731447145922492,0.3129774134,274.3310678053117,102.365188,102.365188,"[{""id"":""a04ce7a52545e5e33c2867e148898d9e667a69602285f6a1298f9d68"",""qTokenName"":""qADA"",""qTokenAmount"":52176.011834,""market"":{""id"":""Ada"",""displayName"":""ADA""},""amountInUsd"":274.3310678053117}]",true,false,true
808ca0aec00d572c99eee58ade99b40a96a0cdfc122cf6cd69ed40149a5feb93-33,USDA,192a936d5b6b88b136e067b9101fda494da62d0c47c7539ee653b1d6,1.771371073854036,0.45727290682107263,0.3129774134,81596.85049435897,37312.029013,37312.029013,"[{""id"":""a04ce7a52545e5e33c2867e148898d9e667a69602285f6a1298f9d68"",""qTokenName"":""qADA"",""qTokenAmount"":15519198.285016,""market"":{""id"":""Ada"",""displayName"":""ADA""},""amountInUsd"":81596.85049435895}]",true,false,true
808ca0aec00d572c99eee58ade99b40a96a0cdfc122cf6cd69ed40149a5feb93-34,USDA,192a936d5b6b88b136e067b9101fda494da62d0c47c7539ee653b1d6,1.7731831814994587,0.4568055959762933,0.3129774134,73263.02582496566,33466.960175,33466.960175,"[{""id"":""a04ce7a52545e5e33c2867e148898d9e667a69602285f6a1298f9d68"",""qTokenName"":""qADA"",""qTokenAmount"":13934158.216272,""market"":{""id"":""Ada"",""displayName"":""ADA""},""amountInUsd"":73263.02582496565}]",true,false,true
808ca0aec00d572c99eee58ade99b40a96a0cdfc122cf6cd69ed40149a5feb93-35,USDA,192a936d5b6b88b136e067b9101fda494da62d0c47c7539ee653b1d6,1.8052378947419048,0.4486943257502391,0.3129774134,43286.13410371315,19422.242756,19422.242756,"[{""id"":""a04ce7a52545e5e33c2867e148898d9e667a69602285f6a1298f9d68"",""qTokenName"":""qADA"",""qTokenAmount"":8232745.431685,""market"":{""id"":""Ada"",""displayName"":""ADA""},""amountInUsd"":43286.13410371314}]",true,false,true
808ca0aec00d572c99eee58ade99b40a96a0cdfc122cf6cd69ed40149a5feb93-36,USDA,192a936d5b6b88b136e067b9101fda494da62d0c47c7539ee653b1d6,1.8348752961852375,0.4414468937938263,0.3129774134,52241.88598724381,23062.018295,23062.018295,"[{""id"":""a04ce7a52545e5e33c2867e148898d9e667a69602285f6a1298f9d68"",""qTokenName"":""qADA"",""qTokenAmount"":9936072.072724,""market"":{""id"":""Ada"",""displayName"":""ADA""},""amountInUsd"":52241.88598724381}]",true,false,true
808ca0aec00d572c99eee58ade99b40a96a0cdfc122cf6cd69ed40149a5feb93-37,USDA,e260d79c8c006f1c11aa53f9a29568fc8d34319a99d47224d1cbed17,1.8656905449689165,0.43415560109058443,0.3129774134,28399.845926270602,12329.952179,12329.952179,"[{""id"":""a04ce7a52545e5e33c2867e148898d9e667a69602285f6a1298f9d68"",""qTokenName"":""qADA"",""qTokenAmount"":5401468.776349,""market"":{""id"":""Ada"",""displayName"":""ADA""},""amountInUsd"":28399.845926270606}]",true,false,true
808ca0aec00d572c99eee58ade99b40a96a0cdfc122cf6cd69ed40149a5feb93-41,USDA,0562ee1706007ca4983e3434934a1e0336a81c1e1f18db223c38f6ef,2.407897311860135,0.2452009480085741,0.3129774134,2907.172736440944,712.841511,712.841511,"[{""id"":""a04ce7a52545e5e33c2867e148898d9e667a69602285f6a1298f9d68"",""qTokenName"":""qADA"",""qTokenAmount"":85955.912413,""market"":{""id"":""Ada"",""displayName"":""ADA""},""amountInUsd"":451.9390502949904},{""id"":""3883e3e6a24e092d4c14e757fa8ef5c887853060def087d6cf5603f5"",""qTokenName"":""qLQ"",""qTokenAmount"":329596.960893,""market"":{""id"":""LQ"",""displayName"":""LQ""},""amountInUsd"":2455.233686145954}]",true,false,true
808ca0aec00d572c99eee58ade99b40a96a0cdfc122cf6cd69ed40149a5feb93-42,USDA,2bc4200f900c51ed60ace031f841db8251d8355da922818c87e81521,1.6763230382537704,0.4832004223027197,0.3129774134,668.2727209987839,322.909661,322.909661,"[{""id"":""a04ce7a52545e5e33c2867e148898d9e667a69602285f6a1298f9d68"",""qTokenName"":""qADA"",""qTokenAmount"":127101.190828,""market"":{""id"":""Ada"",""displayName"":""ADA""},""amountInUsd"":668.2727209987839}]",true,false,true
808ca0aec00d572c99eee58ade99b40a96a0cdfc122cf6cd69ed40149a5feb93-43,USDA,192a936d5b6b88b136e067b9101fda494da62d0c47c7539ee653b1d6,2.1032147031675232,0.3851247325249812,0.3129774134,199264.59811827884,76741.725052,76741.725052,"[{""id"":""a04ce7a52545e5e33c2867e148898d9e667a69602285f6a1298f9d68"",""qTokenName"":""qADA"",""qTokenAmount"":37898850.147352,""market"":{""id"":""Ada"",""displayName"":""ADA""},""amountInUsd"":199264.59811827884}]",true,false,true
808ca0aec00d572c99eee58ade99b40a96a0cdfc122cf6cd69ed40149a5feb93-44,USDA,398620856a631a154c9f1f99ca548b1e39b59e42e0baf18b28e60e6e,1.9846935798239103,0.39307451733216303,0.3129774134,8039.809190503878,3160.244117,3160.244117,"[{""id"":""a04ce7a52545e5e33c2867e148898d9e667a69602285f6a1298f9d68"",""qTokenName"":""qADA"",""qTokenAmount"":1348613.617319,""market"":{""id"":""Ada"",""displayName"":""ADA""},""amountInUsd"":7090.741524533696},{""id"":""a4430a085f45bca6399bec6bd7514eb8c2fce1ed75c7554739cfc32b"",""qTokenName"":""qMIN"",""qTokenAmount"":11978156.992282,""market"":{""id"":""MIN"",""displayName"":""MIN""},""amountInUsd"":923.5739793152263},{""id"":""c45fa8aefc662c003a32be67f6a4652d8ce56bd9e54d7696efd40c86"",""qTokenName"":""qNIGHT"",""qTokenAmount"":51765.897362,""market"":{""id"":""NIGHT"",""displayName"":""NIGHT""},""amountInUsd"":25.493686654955674}]",true,false,true
808ca0aec00d572c99eee58ade99b40a96a0cdfc122cf6cd69ed40149a5feb93-45,USDA,d71f85fdd3a142e2df813668cdf3c50fc8d14ab91dbe910299162f64,2.293713788497764,0.35313909000411875,0.3129774134,64881.50464943649,22912.19551,22912.19551,"[{""id"":""a04ce7a52545e5e33c2867e148898d9e667a69602285f6a1298f9d68"",""qTokenName"":""qADA"",""qTokenAmount"":12340046.577587,""market"":{""id"":""Ada"",""displayName"":""ADA""},""amountInUsd"":64881.504649436494}]",true,false,true
17884cc45591d433c7e462287b489871ee5aef558532e714abc8e7ca85e493c8-4,USDA,5817a894da09a813adc64d28b7ff81d59f48641a88a95441d49f3f2f,2.0796212427280434,0.38949400177190124,0.3129774134,31214.75774130162,12157.960907,12157.960907,"[{""id"":""a04ce7a52545e5e33c2867e148898d9e667a69602285f6a1298f9d68"",""qTokenName"":""qADA"",""qTokenAmount"":5936846.972292,""market"":{""id"":""Ada"",""displayName"":""ADA""},""amountInUsd"":31214.75774130162}]",true,false,true
17884cc45591d433c7e462287b489871ee5aef558532e714abc8e7ca85e493c8-3,USDA,5817a894da09a813adc64d28b7ff81d59f48641a88a95441d49f3f2f,2.062872868580889,0.392656286452215,0.3129774134,39298.26074203925,15430.709127,15430.709127,"[{""id"":""a04ce7a52545e5e33c2867e148898d9e667a69602285f6a1298f9d68"",""qTokenName"":""qADA"",""qTokenAmount"":7474277.463125,""market"":{""id"":""Ada"",""displayName"":""ADA""},""amountInUsd"":39298.26074203925}]",true,false,true
17884cc45591d433c7e462287b489871ee5aef558532e714abc8e7ca85e493c8-31,USDA,0085cf67227ee8d274889beb15bc398a23b1c76bfd0cfed4bad75242,1.997013098056912,0.27541131329341223,0.3129774134,2890.2142162619725,795.997693,795.997693,"[{""id"":""e1ff3557106fe13042ba0f772af6a2e43903ccfaaf03295048882c93"",""qTokenName"":""qSHEN"",""qTokenAmount"":919098.10232,""market"":{""id"":""SHEN"",""displayName"":""SHEN""},""amountInUsd"":2890.2142162619725}]",true,false,true
17884cc45591d433c7e462287b489871ee5aef558532e714abc8e7ca85e493c8-29,USDA,e3f6b24606cbe155a2563ac34c2e9f87fccb4d33f60b06bce147c835,3.0182546900866094,0.178704719076898,0.3129774134,19892.46720714918,3554.877764,3554.877764,"[{""id"":""a04ce7a52545e5e33c2867e148898d9e667a69602285f6a1298f9d68"",""qTokenName"":""qADA"",""qTokenAmount"":354686.983703,""market"":{""id"":""Ada"",""displayName"":""ADA""},""amountInUsd"":1864.8734457792248},{""id"":""3883e3e6a24e092d4c14e757fa8ef5c887853060def087d6cf5603f5"",""qTokenName"":""qLQ"",""qTokenAmount"":522629.522172,""market"":{""id"":""LQ"",""displayName"":""LQ""},""amountInUsd"":3893.1718445899974},{""id"":""a4430a085f45bca6399bec6bd7514eb8c2fce1ed75c7554739cfc32b"",""qTokenName"":""qMIN"",""qTokenAmount"":40446683.116793,""market"":{""id"":""MIN"",""displayName"":""MIN""},""amountInUsd"":3118.6353710631874},{""id"":""b122b2fc62557df9c3fd0b5c62a4b2c970a0d711560e0a8dd7b264f3"",""qTokenName"":""qrsERG"",""qTokenAmount"":1210131.822899538,""market"":{""id"":""ERG"",""displayName"":""rsERG""},""amountInUsd"":8314.525268699714},{""id"":""4e8c49d610335d139ad7711e0f50315006e29b5221da531e365b4ef8"",""qTokenName"":""qSNEK"",""qTokenAmount"":218504243,""market"":{""id"":""SNEK"",""displayName"":""SNEK""},""amountInUsd"":2701.2612770170567}]",true,false,true
17884cc45591d433c7e462287b489871ee5aef558532e714abc8e7ca85e493c8-22,USDA,1cab1c9966773864cb3d9f1fadb870b5b51e2c037782da7eb111206f,1.3419409673052143,0.5996576212163267,0.3129774134,5243.984148190433,3144.59506,3144.59506,"[{""id"":""a04ce7a52545e5e33c2867e148898d9e667a69602285f6a1298f9d68"",""qTokenName"":""qADA"",""qTokenAmount"":241196.320886,""market"":{""id"":""Ada"",""displayName"":""ADA""},""amountInUsd"":1268.162167508776},{""id"":""c45fa8aefc662c003a32be67f6a4652d8ce56bd9e54d7696efd40c86"",""qTokenName"":""qNIGHT"",""qTokenAmount"":2435021.335876,""market"":{""id"":""NIGHT"",""displayName"":""NIGHT""},""amountInUsd"":1199.2001317169077},{""id"":""4e8c49d610335d139ad7711e0f50315006e29b5221da531e365b4ef8"",""qTokenName"":""qSNEK"",""qTokenAmount"":1,""market"":{""id"":""SNEK"",""displayName"":""SNEK""},""amountInUsd"":0.000012362511775192652},{""id"":""d3ff4ac09b0978b1ef7f830fd04d79c4246b53b8bcb08108f4ac5d98"",""qTokenName"":""qUSDCx"",""qTokenAmount"":135977.320755,""market"":{""id"":""USDCx"",""displayName"":""USDCx""},""amountInUsd"":2776.6218366022376}]",true,false,true
17884cc45591d433c7e462287b489871ee5aef558532e714abc8e7ca85e493c8-21,USDA,2d74431d6a21bd73a069319e5a98d639963f11945d0a53ae5d900b9f,0.3576795459010347,2.2645969256070253,0.3129774134,25.925589819593398,58.711011,58.711011,"[{""id"":""a04ce7a52545e5e33c2867e148898d9e667a69602285f6a1298f9d68"",""qTokenName"":""qADA"",""qTokenAmount"":0.000001,""market"":{""id"":""Ada"",""displayName"":""ADA""},""amountInUsd"":5.257800628344432e-9},{""id"":""c45fa8aefc662c003a32be67f6a4652d8ce56bd9e54d7696efd40c86"",""qTokenName"":""qNIGHT"",""qTokenAmount"":52642.893103,""market"":{""id"":""NIGHT"",""displayName"":""NIGHT""},""amountInUsd"":25.925589814335595}]",true,true,true
17884cc45591d433c7e462287b489871ee5aef558532e714abc8e7ca85e493c8-20,USDA,fe668808ac92bc5bd85c60ae5207f32d40b72701db6bbe6447a5807b,3.452046283794057,0.23464343563486334,0.3129774134,12766.388264368394,2995.549203,2995.549203,"[{""id"":""a04ce7a52545e5e33c2867e148898d9e667a69602285f6a1298f9d68"",""qTokenName"":""qADA"",""qTokenAmount"":2428085.271158,""market"":{""id"":""Ada"",""displayName"":""ADA""},""amountInUsd"":12766.388264368394}]",true,false,true
17884cc45591d433c7e462287b489871ee5aef558532e714abc8e7ca85e493c8-19,USDA,d1cdb7fcc0c031a5c78fc076ddea5d6af4c079106c3fa7460472229e,3.662097101576457,0.22118474129244464,0.3129774134,5844.786215567753,1292.777527,1292.777527,"[{""id"":""a04ce7a52545e5e33c2867e148898d9e667a69602285f6a1298f9d68"",""qTokenName"":""qADA"",""qTokenAmount"":1062913.513806,""market"":{""id"":""Ada"",""displayName"":""ADA""},""amountInUsd"":5588.587340764975},{""id"":""c45fa8aefc662c003a32be67f6a4652d8ce56bd9e54d7696efd40c86"",""qTokenName"":""qNIGHT"",""qTokenAmount"":520221.529228,""market"":{""id"":""NIGHT"",""displayName"":""NIGHT""},""amountInUsd"":256.19887480277805}]",true,false,true
17884cc45591d433c7e462287b489871ee5aef558532e714abc8e7ca85e493c8-18,USDA,d07c21c0714e056c621b918245d9c2da676767e9c4128d5b9e9d2278,1.7637614263959835,0.45924578453625065,0.3129774134,28.06272683158991,12.887689,12.887689,"[{""id"":""a04ce7a52545e5e33c2867e148898d9e667a69602285f6a1298f9d68"",""qTokenName"":""qADA"",""qTokenAmount"":5337.350884,""market"":{""id"":""Ada"",""displayName"":""ADA""},""amountInUsd"":28.062726831589913}]",true,false,true
17884cc45591d433c7e462287b489871ee5aef558532e714abc8e7ca85e493c8-15,USDA,0a91efbdc62148acf5f50abad02007ea5fe330ea1677814d9eb26937,1.9063475342162213,0.42489629275966445,0.3129774134,19468.654624574498,8272.159175,8272.159175,"[{""id"":""a04ce7a52545e5e33c2867e148898d9e667a69602285f6a1298f9d68"",""qTokenName"":""qADA"",""qTokenAmount"":3702813.400649,""market"":{""id"":""Ada"",""displayName"":""ADA""},""amountInUsd"":19468.654624574494}]",true,false,true
17884cc45591d433c7e462287b489871ee5aef558532e714abc8e7ca85e493c8-14,USDA,ad744f82d093a36288190a6e40b36f13a1eaf8752bf706eaa405c0a5,1.7568535458108885,0.4610515213014746,0.3129774134,4.778630799830642,2.203195,2.203195,"[{""id"":""a04ce7a52545e5e33c2867e148898d9e667a69602285f6a1298f9d68"",""qTokenName"":""qADA"",""qTokenAmount"":908.864968,""market"":{""id"":""Ada"",""displayName"":""ADA""},""amountInUsd"":4.778630799830642}]",true,false,true
17884cc45591d433c7e462287b489871ee5aef558532e714abc8e7ca85e493c8-12,USDA,d648ecd6d2fab506794ede845895c2a5ba4c587a870bf1ad78e4580d,1.7339371954135132,0.4671449474309416,0.3129774134,175.46506378968667,81.967618,81.967618,"[{""id"":""a04ce7a52545e5e33c2867e148898d9e667a69602285f6a1298f9d68"",""qTokenName"":""qADA"",""qTokenAmount"":33372.331169,""market"":{""id"":""Ada"",""displayName"":""ADA""},""amountInUsd"":175.46506378968667}]",true,false,true
17884cc45591d433c7e462287b489871ee5aef558532e714abc8e7ca85e493c8-11,USDA,3a2dc0caef5330e381a43aa6d978cb50d3b1f072a6b9dbf800134202,1.758583669339294,0.46059793123424136,0.3129774134,1180.2070724532773,543.600936,543.600936,"[{""id"":""a04ce7a52545e5e33c2867e148898d9e667a69602285f6a1298f9d68"",""qTokenName"":""qADA"",""qTokenAmount"":224467.825214,""market"":{""id"":""Ada"",""displayName"":""ADA""},""amountInUsd"":1180.2070724532773}]",true,false,true
17884cc45591d433c7e462287b489871ee5aef558532e714abc8e7ca85e493c8-9,USDA,03019b24443078c6405b2cde0bf8f659a3d68c27b96f561b4daa7141,1.7235408911209915,0.4699627401779692,0.3129774134,12231.641059082993,5748.415549,5748.415549,"[{""id"":""a04ce7a52545e5e33c2867e148898d9e667a69602285f6a1298f9d68"",""qTokenName"":""qADA"",""qTokenAmount"":2326379.778104,""market"":{""id"":""Ada"",""displayName"":""ADA""},""amountInUsd"":12231.641059082993}]",true,false,true
17884cc45591d433c7e462287b489871ee5aef558532e714abc8e7ca85e493c8-8,USDA,03019b24443078c6405b2cde0bf8f659a3d68c27b96f561b4daa7141,1.7505780396642998,0.46270430774701704,0.3129774134,2958.7194134110064,1369.012218,1369.012218,"[{""id"":""a04ce7a52545e5e33c2867e148898d9e667a69602285f6a1298f9d68"",""qTokenName"":""qADA"",""qTokenAmount"":562729.479977,""market"":{""id"":""Ada"",""displayName"":""ADA""},""amountInUsd"":2958.719413411006}]",true,false,true
17884cc45591d433c7e462287b489871ee5aef558532e714abc8e7ca85e493c8-6,USDA,d4209720a89b2f9a7fcd308fa6b674efb065aaffa4d0198b31fedea4,1.7299786548575498,0.4682138694171907,0.3129774134,119.28159896142851,55.849299,55.849299,"[{""id"":""a04ce7a52545e5e33c2867e148898d9e667a69602285f6a1298f9d68"",""qTokenName"":""qADA"",""qTokenAmount"":22686.596049,""market"":{""id"":""Ada"",""displayName"":""ADA""},""amountInUsd"":119.28159896142851}]",true,false,true
17884cc45591d433c7e462287b489871ee5aef558532e714abc8e7ca85e493c8-2,USDA,5790d5e97aaeabc1eaec68519e42e1d8620625a0085c4d2479d85d1f,1.6825075145636195,0.48142429854768537,0.3129774134,35.97634986902194,17.319889,17.319889,"[{""id"":""a04ce7a52545e5e33c2867e148898d9e667a69602285f6a1298f9d68"",""qTokenName"":""qADA"",""qTokenAmount"":6842.471294,""market"":{""id"":""Ada"",""displayName"":""ADA""},""amountInUsd"":35.976349869021945}]",true,false,true
17884cc45591d433c7e462287b489871ee5aef558532e714abc8e7ca85e493c8-1,USDA,293e5aba6166f625f05e5edd38a616a8989a13080ec52c63ee552f7a,1.6848812755962062,0.48074603933940463,0.3129774134,515.0541257505571,247.610231,247.610231,"[{""id"":""a04ce7a52545e5e33c2867e148898d9e667a69602285f6a1298f9d68"",""qTokenName"":""qADA"",""qTokenAmount"":97959.995473,""market"":{""id"":""Ada"",""displayName"":""ADA""},""amountInUsd"":515.0541257505572}]",true,false,true
17884cc45591d433c7e462287b489871ee5aef558532e714abc8e7ca85e493c8-30,USDA,d57531267ce7b38bff6ea7068741228aa03844ebf64f2ff84065dbab,1.8979801625189614,0.4267694763073731,0.3129774134,26104.836874453682,11140.747562,11140.747562,"[{""id"":""a04ce7a52545e5e33c2867e148898d9e667a69602285f6a1298f9d68"",""qTokenName"":""qADA"",""qTokenAmount"":4964972.755666,""market"":{""id"":""Ada"",""displayName"":""ADA""},""amountInUsd"":26104.836874453682}]",true,false,true
17884cc45591d433c7e462287b489871ee5aef558532e714abc8e7ca85e493c8-28,USDA,0256fe269faeb9484f3d5a67725901e82d0506f14bb38dd01ef11d48,1.412212085188877,0.5735682398523492,0.3129774134,1491.9205781343182,855.71826,855.71826,"[{""id"":""a04ce7a52545e5e33c2867e148898d9e667a69602285f6a1298f9d68"",""qTokenName"":""qADA"",""qTokenAmount"":283753.737274,""market"":{""id"":""Ada"",""displayName"":""ADA""},""amountInUsd"":1491.9205781343182}]",true,false,true
17884cc45591d433c7e462287b489871ee5aef558532e714abc8e7ca85e493c8-27,USDA,0256fe269faeb9484f3d5a67725901e82d0506f14bb38dd01ef11d48,1.5493132271580399,0.4925986042135408,0.3129774134,28055.337952214417,13820.020316,13820.020316,"[{""id"":""a04ce7a52545e5e33c2867e148898d9e667a69602285f6a1298f9d68"",""qTokenName"":""qADA"",""qTokenAmount"":4256306.059121,""market"":{""id"":""Ada"",""displayName"":""ADA""},""amountInUsd"":22378.80867207261},{""id"":""3883e3e6a24e092d4c14e757fa8ef5c887853060def087d6cf5603f5"",""qTokenName"":""qLQ"",""qTokenAmount"":678071.503504,""market"":{""id"":""LQ"",""displayName"":""LQ""},""amountInUsd"":5051.090254315548},{""id"":""c45fa8aefc662c003a32be67f6a4652d8ce56bd9e54d7696efd40c86"",""qTokenName"":""qNIGHT"",""qTokenAmount"":1269977.655853,""market"":{""id"":""NIGHT"",""displayName"":""NIGHT""},""amountInUsd"":625.4390258262614}]",true,false,true
17884cc45591d433c7e462287b489871ee5aef558532e714abc8e7ca85e493c8-23,USDA,9ebf825a66d654b0810ce9c57c122068460685c4e6f532b81b013a79,3.101647666336177,0.261151519172006,0.3129774134,1056.6770925741587,275.952828,275.952828,"[{""id"":""a04ce7a52545e5e33c2867e148898d9e667a69602285f6a1298f9d68"",""qTokenName"":""qADA"",""qTokenAmount"":200973.214328,""market"":{""id"":""Ada"",""displayName"":""ADA""},""amountInUsd"":1056.6770925741587}]",true,false,true
17884cc45591d433c7e462287b489871ee5aef558532e714abc8e7ca85e493c8-17,USDA,2a215bd5e03394988efbb60d28a73bdede616cd508cd994d9facd09f,1.8071237526880257,0.44822608235609585,0.3129774134,9833.303463358925,4407.543088,4407.543088,"[{""id"":""a04ce7a52545e5e33c2867e148898d9e667a69602285f6a1298f9d68"",""qTokenName"":""qADA"",""qTokenAmount"":1870231.330254,""market"":{""id"":""Ada"",""displayName"":""ADA""},""amountInUsd"":9833.303463358923}]",true,false,true
17884cc45591d433c7e462287b489871ee5aef558532e714abc8e7ca85e493c8-16,USDA,3d88e5fdded82cc152906636e718468c96f30ab53ee14e19a1c1c700,1.8051990855313187,0.44870397203951345,0.3129774134,14.40817867204145,6.465007,6.465007,"[{""id"":""a04ce7a52545e5e33c2867e148898d9e667a69602285f6a1298f9d68"",""qTokenName"":""qADA"",""qTokenAmount"":2740.34329,""market"":{""id"":""Ada"",""displayName"":""ADA""},""amountInUsd"":14.408178672041448}]",true,false,true
17884cc45591d433c7e462287b489871ee5aef558532e714abc8e7ca85e493c8-13,USDA,d648ecd6d2fab506794ede845895c2a5ba4c587a870bf1ad78e4580d,1.7880923982057098,0.4529967247849203,0.3129774134,82.90544267804867,37.555894,37.555894,"[{""id"":""a04ce7a52545e5e33c2867e148898d9e667a69602285f6a1298f9d68"",""qTokenName"":""qADA"",""qTokenAmount"":15768.084136,""market"":{""id"":""Ada"",""displayName"":""ADA""},""amountInUsd"":82.90544267804867}]",true,false,true
17884cc45591d433c7e462287b489871ee5aef558532e714abc8e7ca85e493c8-10,USDA,efbb901356279d3e4e24ca0fd9707deb0c2ed9ede64e5318f879513c,1.75287948486787,0.462096799576074,0.3129774134,115.28073349322155,53.270858,53.270858,"[{""id"":""a04ce7a52545e5e33c2867e148898d9e667a69602285f6a1298f9d68"",""qTokenName"":""qADA"",""qTokenAmount"":21925.657065,""market"":{""id"":""Ada"",""displayName"":""ADA""},""amountInUsd"":115.28073349322155}]",true,false,true
17884cc45591d433c7e462287b489871ee5aef558532e714abc8e7ca85e493c8-7,USDA,7578632b6ea97f0027f15e80032b0657ae3b87cddc996ef05c9fef2c,1.7512771254542054,0.46251960253858804,0.3129774134,1317.1630946153753,609.213751,609.213751,"[{""id"":""a04ce7a52545e5e33c2867e148898d9e667a69602285f6a1298f9d68"",""qTokenName"":""qADA"",""qTokenAmount"":250515.98334,""market"":{""id"":""Ada"",""displayName"":""ADA""},""amountInUsd"":1317.1630946153753}]",true,false,true
17884cc45591d433c7e462287b489871ee5aef558532e714abc8e7ca85e493c8-5,USDA,7961c6cb149191361611c3b48e47fd614fac32d39ae1f65bb687d315,1.7952682626876146,0.39353379989623916,0.3129774134,635.5758642991984,250.120585,250.120585,"[{""id"":""a04ce7a52545e5e33c2867e148898d9e667a69602285f6a1298f9d68"",""qTokenName"":""qADA"",""qTokenAmount"":70387.94905,""market"":{""id"":""Ada"",""displayName"":""ADA""},""amountInUsd"":370.0858027429659},{""id"":""a4430a085f45bca6399bec6bd7514eb8c2fce1ed75c7554739cfc32b"",""qTokenName"":""qMIN"",""qTokenAmount"":3281391.075304,""market"":{""id"":""MIN"",""displayName"":""MIN""},""amountInUsd"":253.01116148842638},{""id"":""c45fa8aefc662c003a32be67f6a4652d8ce56bd9e54d7696efd40c86"",""qTokenName"":""qNIGHT"",""qTokenAmount"":25338.879733,""market"":{""id"":""NIGHT"",""displayName"":""NIGHT""},""amountInUsd"":12.478900067806167}]",true,false,true
819e14fd44f21229e7e6629a59c85650d4355ea3a5138859f2688cec9d8b52be-0,USDA,3a2dc0caef5330e381a43aa6d978cb50d3b1f072a6b9dbf800134202,1.4358072609044783,0.5641425712597005,0.3129774134,27338.291321574863,15422.69396,15422.69396,"[{""id"":""a04ce7a52545e5e33c2867e148898d9e667a69602285f6a1298f9d68"",""qTokenName"":""qADA"",""qTokenAmount"":5199567.890459,""market"":{""id"":""Ada"",""displayName"":""ADA""},""amountInUsd"":27338.291321574863}]",true,false,true
7b91cbd7a1f4577af07b09f53b9b51815d9119b7f23dae2807d6f29a553ad5d4-0,USDA,3a2dc0caef5330e381a43aa6d978cb50d3b1f072a6b9dbf800134202,1.4326949077766433,0.5653681014731985,0.3129774134,27338.291321574863,15456.197862,15456.197862,"[{""id"":""a04ce7a52545e5e33c2867e148898d9e667a69602285f6a1298f9d68"",""qTokenName"":""qADA"",""qTokenAmount"":5199567.890459,""market"":{""id"":""Ada"",""displayName"":""ADA""},""amountInUsd"":27338.291321574863}]",true,false,true
ef2c1d56f62f28ca25a3e321433b7e78ef6c7a21c7a1f0e6d24634d8ff574270-0,USDA,3a2dc0caef5330e381a43aa6d978cb50d3b1f072a6b9dbf800134202,1.435840073397951,0.5641296792080158,0.3129774134,7455.897633155825,4206.09314,4206.09314,"[{""id"":""a04ce7a52545e5e33c2867e148898d9e667a69602285f6a1298f9d68"",""qTokenName"":""qADA"",""qTokenAmount"":1418063.970125,""market"":{""id"":""Ada"",""displayName"":""ADA""},""amountInUsd"":7455.897633155825}]",true,false,true
35a0b20327f4ef3b338d0b6b0bb2dc6f36567d05f2dd5710529abb9b1f2b60e6-2,USDC,def2a12a4eb46a4e76899be4c6dd44e3d60164bda9c4d4579e65b90d,1.4632486665370663,0.5467286718212326,0.3009786695,57.523238511045705,31.44960379,31.44960379,"[{""id"":""7a4d45e6b4e6835c4cea3968f291fab3704949cfd2f2dc1997c4eeec"",""qTokenName"":""qwanUSDT"",""qTokenAmount"":1879.88876704,""market"":{""id"":""USDT"",""displayName"":""wanUSDT""},""amountInUsd"":57.523238511045705}]",true,false,true
15067301a7f86554528d6a96512ad455206ee337e7d7d572e4bf75c30a52ce6a-0,USDC,e101c5213adff6075f94fb03018392ad24e2f7db687b911972c228db,1.837788806005727,0.4404821340688148,0.3009786695,10486.348207458475,4619.04903701,4619.04903701,"[{""id"":""a04ce7a52545e5e33c2867e148898d9e667a69602285f6a1298f9d68"",""qTokenName"":""qADA"",""qTokenAmount"":1897334.183878,""market"":{""id"":""Ada"",""displayName"":""ADA""},""amountInUsd"":9975.80486417312},{""id"":""9e00df0615de0a7b121a7f961d43e23165b8e81b64786c6eb708d370"",""qTokenName"":""qUSDM"",""qTokenAmount"":20187.751794,""market"":{""id"":""USDM"",""displayName"":""USDM""},""amountInUsd"":510.5433432853559}]",true,false,true
5e86d784bd2c8e2438ecfae9c5cfc183da855a8b69381ba27b77bd3374f282a2-0,USDC,fc3f98ae5a3b654f6d89eebba84dede2c2ebe58d58ed3d59984dfef4,1.1506033187312694,0.6952874087675432,0.3009786695,3028.6699671905535,2105.7960935,2105.7960935,"[{""id"":""7a4d45e6b4e6835c4cea3968f291fab3704949cfd2f2dc1997c4eeec"",""qTokenName"":""qwanUSDT"",""qTokenAmount"":98978.4789203,""market"":{""id"":""USDT"",""displayName"":""wanUSDT""},""amountInUsd"":3028.6699671905535}]",true,false,true
c3115839d26da42d8f38b002136fd490bb17f137978923b2a2e93b2ba2151e32-5,USDC,0d9df7f701292470d396c6370a4bec48a12ece4bbabdefdb5af7c9b6,0.004534164113216857,178.6437322899035,0.3009786695,20.140367778541687,3597.95046965,3597.95046965,"[{""id"":""c45fa8aefc662c003a32be67f6a4652d8ce56bd9e54d7696efd40c86"",""qTokenName"":""qNIGHT"",""qTokenAmount"":40895.780409,""market"":{""id"":""NIGHT"",""displayName"":""NIGHT""},""amountInUsd"":20.140367778541687}]",true,true,true
c3115839d26da42d8f38b002136fd490bb17f137978923b2a2e93b2ba2151e32-7,USDC,0d9df7f701292470d396c6370a4bec48a12ece4bbabdefdb5af7c9b6,0.0005599483844431775,1446.5619019607998,0.3009786695,1.809239831833289,2617.17741224,2617.17741224,"[{""id"":""c45fa8aefc662c003a32be67f6a4652d8ce56bd9e54d7696efd40c86"",""qTokenName"":""qNIGHT"",""qTokenAmount"":3673.730077,""market"":{""id"":""NIGHT"",""displayName"":""NIGHT""},""amountInUsd"":1.8092398318332892}]",true,true,true
c3115839d26da42d8f38b002136fd490bb17f137978923b2a2e93b2ba2151e32-6,USDC,0d9df7f701292470d396c6370a4bec48a12ece4bbabdefdb5af7c9b6,0.00017609625412701838,4599.757127234213,0.3009786695,0.6200879827507396,2852.25411817,2852.25411817,"[{""id"":""c45fa8aefc662c003a32be67f6a4652d8ce56bd9e54d7696efd40c86"",""qTokenName"":""qNIGHT"",""qTokenAmount"":1259.11216,""market"":{""id"":""NIGHT"",""displayName"":""NIGHT""},""amountInUsd"":0.6200879827507396}]",true,true,true
c3115839d26da42d8f38b002136fd490bb17f137978923b2a2e93b2ba2151e32-8,USDC,0d9df7f701292470d396c6370a4bec48a12ece4bbabdefdb5af7c9b6,0.10040361807787723,8.067438360356,0.3009786695,15.141938055614652,122.15665192,122.15665192,"[{""id"":""c45fa8aefc662c003a32be67f6a4652d8ce56bd9e54d7696efd40c86"",""qTokenName"":""qNIGHT"",""qTokenAmount"":30746.279338,""market"":{""id"":""NIGHT"",""displayName"":""NIGHT""},""amountInUsd"":15.141938055614652}]",true,true,true
befb3d60af75a41299d61c3631ce72109e34411b95ba0570c32a0a71596ac9d3-0,USDC,e101c5213adff6075f94fb03018392ad24e2f7db687b911972c228db,2.3272567628443555,0.3437523580433154,0.3009786695,1425.7751616011956,490.11357384,490.11357384,"[{""id"":""9e00df0615de0a7b121a7f961d43e23165b8e81b64786c6eb708d370"",""qTokenName"":""qUSDM"",""qTokenAmount"":56377.573922,""market"":{""id"":""USDM"",""displayName"":""USDM""},""amountInUsd"":1425.7751616011956}]",true,false,true
012cc5b2bfc069ad0805b0db7e84709bb04483ad8d41a278b8a7b7280a1d3ce0-0,USDC,7ac5878231522baf2972231d1a587e20a0d814c164fa7fea28ee459f,91.62537915376171,1.0914006678453614,0.3009786695,223476,243901.85564741,243901.85564741,"[{""id"":""6f7d8e31d9256ec27f35d25659dd053cfec098032a5669b2b56798d0"",""qTokenName"":""qPOL"",""qTokenAmount"":600000,""market"":{""id"":""POL"",""displayName"":""POL""},""amountInUsd"":223476}]",true,false,true
f7d1c34f63b08be0b2f911b7479dbb00bef153e5d1bbda217624ab441de19d9f-1,USDC,e101c5213adff6075f94fb03018392ad24e2f7db687b911972c228db,1.17457092120827,0.681099783380511,0.3009786695,52.081539189364854,35.47272506,35.47272506,"[{""id"":""9e00df0615de0a7b121a7f961d43e23165b8e81b64786c6eb708d370"",""qTokenName"":""qUSDM"",""qTokenAmount"":2059.392606,""market"":{""id"":""USDM"",""displayName"":""USDM""},""amountInUsd"":52.081539189364854}]",true,false,true
b48aba3d0836adb01405df4518ae915bf84c7f65d993186037adebee362ea7a9-43,USDC,32153e5b85762a598d054e7e0547d05e5fd0ab626f95f72ddc30fc10,6.741316303907789,0.1186711858537565,0.3009786695,2920.2090839225425,346.54467493,346.54467493,"[{""id"":""f72166e9fac8297aeb553c19ffab14f51ae271c2cb26783ba289a3a5"",""qTokenName"":""qwanBTC"",""qTokenAmount"":1.69303314,""market"":{""id"":""BTC"",""displayName"":""wanBTC""},""amountInUsd"":2920.2090839225425}]",true,false,true
b48aba3d0836adb01405df4518ae915bf84c7f65d993186037adebee362ea7a9-32,USDC,a9edb030de7cac73beb9fcc8045c3a6e62de5b7433c5478ea9e58254,2.2373577688438155,0.3620341866104759,0.3009786695,224.10908709926855,81.13515106,81.13515106,"[{""id"":""a04ce7a52545e5e33c2867e148898d9e667a69602285f6a1298f9d68"",""qTokenName"":""qADA"",""qTokenAmount"":42624.112807,""market"":{""id"":""Ada"",""displayName"":""ADA""},""amountInUsd"":224.10908709926858}]",true,false,true
b48aba3d0836adb01405df4518ae915bf84c7f65d993186037adebee362ea7a9-34,USDC,c543540d3416d963f034fe24873ac7f4258b6c713b3829ef62fe917a,1.032282030511583,0.7749820071977156,0.3009786695,63.8157621863118,49.45606747,49.45606747,"[{""id"":""85fa65407b5321fa0e2ef9a3ec98e12a00c35871d7a620be3132003c"",""qTokenName"":""qwanEURC"",""qTokenAmount"":2749.999983,""market"":{""id"":""EURC"",""displayName"":""wanEURC""},""amountInUsd"":63.8157621863118}]",true,false,true
b48aba3d0836adb01405df4518ae915bf84c7f65d993186037adebee362ea7a9-35,USDC,ecf1cb14a49abe481c4930be126426df3a7468257a129575cd49b41b,2.042120164075485,0.32415363955902754,0.3009786695,5801.980916081997,1880.7332306,1880.7332306,"[{""id"":""a04ce7a52545e5e33c2867e148898d9e667a69602285f6a1298f9d68"",""qTokenName"":""qADA"",""qTokenAmount"":577503.137504,""market"":{""id"":""Ada"",""displayName"":""ADA""},""amountInUsd"":3036.396359239412},{""id"":""f60b7232837203d335cd77494d25c1cc0b218b9a8f3459730c521d13"",""qTokenName"":""qIAG"",""qTokenAmount"":2054078.564614,""market"":{""id"":""IAG"",""displayName"":""IAG""},""amountInUsd"":932.4620252817106},{""id"":""e1ff3557106fe13042ba0f772af6a2e43903ccfaaf03295048882c93"",""qTokenName"":""qSHEN"",""qTokenAmount"":582939.295848,""market"":{""id"":""SHEN"",""displayName"":""SHEN""},""amountInUsd"":1833.1225315608738}]",true,false,true
b48aba3d0836adb01405df4518ae915bf84c7f65d993186037adebee362ea7a9-36,USDC,7e47989b029a751daa3fb9f24ebcc927403b28511b330e150cdc1b21,1.940448769355457,0.417429211629767,0.3009786695,14914.770766958065,6225.86100289,6225.86100289,"[{""id"":""a04ce7a52545e5e33c2867e148898d9e667a69602285f6a1298f9d68"",""qTokenName"":""qADA"",""qTokenAmount"":2836693.861413,""market"":{""id"":""Ada"",""displayName"":""ADA""},""amountInUsd"":14914.770766958065}]",true,false,true
b48aba3d0836adb01405df4518ae915bf84c7f65d993186037adebee362ea7a9-38,USDC,92181430d5fe8fd3faec57e7a12c0d7ff9ae83a3fe24c85857d4c1fa,1.722752412556808,0.47017783524554496,0.3009786695,4.460517878101894,2.09723664,2.09723664,"[{""id"":""a04ce7a52545e5e33c2867e148898d9e667a69602285f6a1298f9d68"",""qTokenName"":""qADA"",""qTokenAmount"":848.361928,""market"":{""id"":""Ada"",""displayName"":""ADA""},""amountInUsd"":4.460517878101894}]",true,false,true
b48aba3d0836adb01405df4518ae915bf84c7f65d993186037adebee362ea7a9-31,USDC,ed98b49f23c49795aa6d2a904aaf45aa94bab442f3b0568fe6111708,0,0,0.3009786695,546.641782368616,0,0,"[{""id"":""a04ce7a52545e5e33c2867e148898d9e667a69602285f6a1298f9d68"",""qTokenName"":""qADA"",""qTokenAmount"":103967.765423,""market"":{""id"":""Ada"",""displayName"":""ADA""},""amountInUsd"":546.641782368616}]",false,false,true
b48aba3d0836adb01405df4518ae915bf84c7f65d993186037adebee362ea7a9-20,USDC,e49243889db0e8d21fd3c389cbe864339c00c4bf5b57f0ba4e91e27c,0,0,0.3009786695,11.409566558521252,0.17099706,0,"[{""id"":""a04ce7a52545e5e33c2867e148898d9e667a69602285f6a1298f9d68"",""qTokenName"":""qADA"",""qTokenAmount"":2170.026474,""market"":{""id"":""Ada"",""displayName"":""ADA""},""amountInUsd"":11.409566558521252}]",false,false,true
b48aba3d0836adb01405df4518ae915bf84c7f65d993186037adebee362ea7a9-8,USDC,455f2cdd1358d29d81cdcd9eabd34da42cd6da6bfe1ba14f25ac7d6c,0,0,0.3009786695,10.405467878805746,0,0,"[{""id"":""a04ce7a52545e5e33c2867e148898d9e667a69602285f6a1298f9d68"",""qTokenName"":""qADA"",""qTokenAmount"":1979.053337,""market"":{""id"":""Ada"",""displayName"":""ADA""},""amountInUsd"":10.405467878805746}]",false,false,true
b48aba3d0836adb01405df4518ae915bf84c7f65d993186037adebee362ea7a9-1,USDC,3b90a75bd3f0130372a6e09dd5fdeffe5868e6c6e2d548d666d7cf8e,0,0,0.3009786695,25.28408215250398,0.33446493,0,"[{""id"":""a04ce7a52545e5e33c2867e148898d9e667a69602285f6a1298f9d68"",""qTokenName"":""qADA"",""qTokenAmount"":4808.870465,""market"":{""id"":""Ada"",""displayName"":""ADA""},""amountInUsd"":25.28408215250398}]",false,false,true
b48aba3d0836adb01405df4518ae915bf84c7f65d993186037adebee362ea7a9-2,USDC,3b90a75bd3f0130372a6e09dd5fdeffe5868e6c6e2d548d666d7cf8e,0,0,0.3009786695,19.321558594651567,0.30474087,0,"[{""id"":""a04ce7a52545e5e33c2867e148898d9e667a69602285f6a1298f9d68"",""qTokenName"":""qADA"",""qTokenAmount"":3674.836678,""market"":{""id"":""Ada"",""displayName"":""ADA""},""amountInUsd"":19.321558594651567}]",false,false,true
b48aba3d0836adb01405df4518ae915bf84c7f65d993186037adebee362ea7a9-4,USDC,4f1c1482ba74b15757741195a68b717c0d0a77c2cb64a123828ab5ff,0,0,0.3009786695,63.797951760777515,0,0,"[{""id"":""a04ce7a52545e5e33c2867e148898d9e667a69602285f6a1298f9d68"",""qTokenName"":""qADA"",""qTokenAmount"":12133.961759,""market"":{""id"":""Ada"",""displayName"":""ADA""},""amountInUsd"":63.797951760777515}]",false,false,true
b48aba3d0836adb01405df4518ae915bf84c7f65d993186037adebee362ea7a9-5,USDC,d009682aa31e020f738747252cf1167b9f8432546e9b736feb5174ff,0,0,0.3009786695,24.66117020118019,0,0,"[{""id"":""a04ce7a52545e5e33c2867e148898d9e667a69602285f6a1298f9d68"",""qTokenName"":""qADA"",""qTokenAmount"":4690.396602,""market"":{""id"":""Ada"",""displayName"":""ADA""},""amountInUsd"":24.66117020118019}]",false,false,true
b48aba3d0836adb01405df4518ae915bf84c7f65d993186037adebee362ea7a9-6,USDC,e9cd60b8fca3318163b3b43d15dae4d248eaa9b086c8ac11ee6cde71,0,0,0.3009786695,6.60408981250173,0,0,"[{""id"":""a04ce7a52545e5e33c2867e148898d9e667a69602285f6a1298f9d68"",""qTokenName"":""qADA"",""qTokenAmount"":1256.055579,""market"":{""id"":""Ada"",""displayName"":""ADA""},""amountInUsd"":6.60408981250173}]",false,false,true
b48aba3d0836adb01405df4518ae915bf84c7f65d993186037adebee362ea7a9-7,USDC,b766bef3032d8e365174a24e6a84c8801b625646be108dec7845630c,0,0,0.3009786695,8.849923193004132,0,0,"[{""id"":""a04ce7a52545e5e33c2867e148898d9e667a69602285f6a1298f9d68"",""qTokenName"":""qADA"",""qTokenAmount"":1683.198702,""market"":{""id"":""Ada"",""displayName"":""ADA""},""amountInUsd"":8.849923193004132}]",false,false,true
b48aba3d0836adb01405df4518ae915bf84c7f65d993186037adebee362ea7a9-11,USDC,d55eff2513c90be93f7d2a747377376f4b85a7d1e23e34920bd02781,0,0,0.3009786695,21.110226636401272,0,0,"[{""id"":""a04ce7a52545e5e33c2867e148898d9e667a69602285f6a1298f9d68"",""qTokenName"":""qADA"",""qTokenAmount"":4015.029882,""market"":{""id"":""Ada"",""displayName"":""ADA""},""amountInUsd"":21.110226636401272}]",false,false,true
b48aba3d0836adb01405df4518ae915bf84c7f65d993186037adebee362ea7a9-12,USDC,2210aa04489f2c0e3939f89935bf0a2e2f1a298d229f79eaa850e877,0,-1,0.3009786695,0,0,0,[],false,false,false
b48aba3d0836adb01405df4518ae915bf84c7f65d993186037adebee362ea7a9-15,USDC,d052b4b4a8a6e504d5e9c2b8abca0cd134111f8312288fd0c2c7d6f6,0,0,0.3009786695,1.3630969005819387,0,0,"[{""id"":""a04ce7a52545e5e33c2867e148898d9e667a69602285f6a1298f9d68"",""qTokenName"":""qADA"",""qTokenAmount"":259.252299,""market"":{""id"":""Ada"",""displayName"":""ADA""},""amountInUsd"":1.3630969005819387}]",false,false,true
b48aba3d0836adb01405df4518ae915bf84c7f65d993186037adebee362ea7a9-16,USDC,d55eff2513c90be93f7d2a747377376f4b85a7d1e23e34920bd02781,1.1800748212351688,0.6241457080675359,0.3009786695,8067.7920128149535,5035.47775838,5035.47775838,"[{""id"":""d15c36d6dec655677acb3318294f116ce01d8d9def3cc54cdd78909b"",""qTokenName"":""qiUSD"",""qTokenAmount"":279858.428109,""market"":{""id"":""IUSD"",""displayName"":""iUSD""},""amountInUsd"":7727.859729440615},{""id"":""a4430a085f45bca6399bec6bd7514eb8c2fce1ed75c7554739cfc32b"",""qTokenName"":""qMIN"",""qTokenAmount"":896857.144133,""market"":{""id"":""MIN"",""displayName"":""MIN""},""amountInUsd"":69.15203415833669},{""id"":""4e8c49d610335d139ad7711e0f50315006e29b5221da531e365b4ef8"",""qTokenName"":""qSNEK"",""qTokenAmount"":21903336,""market"":{""id"":""SNEK"",""displayName"":""SNEK""},""amountInUsd"":270.78024921600115}]",true,false,true
b48aba3d0836adb01405df4518ae915bf84c7f65d993186037adebee362ea7a9-22,USDC,6603aed9de393f506ac8be764eeda0fbbc818cf57e669ff53f865d21,0,0,0.3009786695,281.48098927603723,0,0,"[{""id"":""a04ce7a52545e5e33c2867e148898d9e667a69602285f6a1298f9d68"",""qTokenName"":""qADA"",""qTokenAmount"":53535.881098,""market"":{""id"":""Ada"",""displayName"":""ADA""},""amountInUsd"":281.4809892760372}]",false,false,true
b48aba3d0836adb01405df4518ae915bf84c7f65d993186037adebee362ea7a9-23,USDC,079be0c1f45bef012a0a7e6035e8ea5db6add667a825bd5ee3f2ac71,0,0,0.3009786695,35.14314723923492,0,0,"[{""id"":""a04ce7a52545e5e33c2867e148898d9e667a69602285f6a1298f9d68"",""qTokenName"":""qADA"",""qTokenAmount"":6684.001491,""market"":{""id"":""Ada"",""displayName"":""ADA""},""amountInUsd"":35.14314723923493}]",false,false,true
b48aba3d0836adb01405df4518ae915bf84c7f65d993186037adebee362ea7a9-39,USDC,6b93227f4644d47ad7cd50679b2cc41cea5bf93bb8b0bb25d263abc3,1.6807283443722811,0.4819339203222155,0.3009786695,4.240797013485894,2.04378393,2.04378393,"[{""id"":""a04ce7a52545e5e33c2867e148898d9e667a69602285f6a1298f9d68"",""qTokenName"":""qADA"",""qTokenAmount"":806.572427,""market"":{""id"":""Ada"",""displayName"":""ADA""},""amountInUsd"":4.240797013485894}]",true,false,true
b48aba3d0836adb01405df4518ae915bf84c7f65d993186037adebee362ea7a9-40,USDC,af02612e8d2ee856f8cf7c74491e0c49abdb15431a4e93125af12c36,1.7660806159564006,0.45864271012416596,0.3009786695,2.709467680547187,1.2426776,1.2426776,"[{""id"":""a04ce7a52545e5e33c2867e148898d9e667a69602285f6a1298f9d68"",""qTokenName"":""qADA"",""qTokenAmount"":515.323397,""market"":{""id"":""Ada"",""displayName"":""ADA""},""amountInUsd"":2.709467680547187}]",true,false,true
b48aba3d0836adb01405df4518ae915bf84c7f65d993186037adebee362ea7a9-24,USDC,8617f5310f8de7fb148b1cce4b01e5b47dd22f94eb77286c0f8467f2,0,0,0.3009786695,3.2119800512461762,0.04081067,0,"[{""id"":""a04ce7a52545e5e33c2867e148898d9e667a69602285f6a1298f9d68"",""qTokenName"":""qADA"",""qTokenAmount"":610.898031,""market"":{""id"":""Ada"",""displayName"":""ADA""},""amountInUsd"":3.2119800512461767}]",false,false,true
b48aba3d0836adb01405df4518ae915bf84c7f65d993186037adebee362ea7a9-25,USDC,3661171e26cbc201d65b3b4defbedf021275f0f534e6c9010cede0e9,0,0,0.3009786695,4.954020975877411,0,0,"[{""id"":""a04ce7a52545e5e33c2867e148898d9e667a69602285f6a1298f9d68"",""qTokenName"":""qADA"",""qTokenAmount"":942.223056,""market"":{""id"":""Ada"",""displayName"":""ADA""},""amountInUsd"":4.954020975877411}]",false,false,true
b48aba3d0836adb01405df4518ae915bf84c7f65d993186037adebee362ea7a9-27,USDC,2fd94f42ff819c287c8184bbef22e8f0c9677e86e4914d9f16da8c51,0,0,0.3009786695,73.04089679159134,0,0,"[{""id"":""a04ce7a52545e5e33c2867e148898d9e667a69602285f6a1298f9d68"",""qTokenName"":""qADA"",""qTokenAmount"":13891.910697,""market"":{""id"":""Ada"",""displayName"":""ADA""},""amountInUsd"":73.04089679159134}]",false,false,true
b48aba3d0836adb01405df4518ae915bf84c7f65d993186037adebee362ea7a9-28,USDC,56d25fe0aa48f97e33c0e6bfa4a99cabbc983dcbf8041073b871d6d5,0,0,0.3009786695,128.53855721308085,0,0,"[{""id"":""6df63e2fdde8b2c3b3396265b0cc824aa4fb999396b1c154280f6b0c"",""qTokenName"":""qDJED"",""qTokenAmount"":4038.196442,""market"":{""id"":""DJED"",""displayName"":""DJED""},""amountInUsd"":128.53855721308082}]",false,false,true
b48aba3d0836adb01405df4518ae915bf84c7f65d993186037adebee362ea7a9-29,USDC,395179fb63618f47b206c94a9b043170c3e21b12a212778361dbd8fc,0,0,0.3009786695,2.1951494495751143,0.01481726,0,"[{""id"":""a04ce7a52545e5e33c2867e148898d9e667a69602285f6a1298f9d68"",""qTokenName"":""qADA"",""qTokenAmount"":417.503364,""market"":{""id"":""Ada"",""displayName"":""ADA""},""amountInUsd"":2.1951494495751143}]",false,false,true
b48aba3d0836adb01405df4518ae915bf84c7f65d993186037adebee362ea7a9-10,USDC,6b5bb6e110cd9962d1dc53947f8e4741f07042871f49797750a49361,0,0,0.3009786695,0.1314450157086108,0.16091453,0,"[{""id"":""a04ce7a52545e5e33c2867e148898d9e667a69602285f6a1298f9d68"",""qTokenName"":""qADA"",""qTokenAmount"":25,""market"":{""id"":""Ada"",""displayName"":""ADA""},""amountInUsd"":0.1314450157086108}]",false,false,true
b48aba3d0836adb01405df4518ae915bf84c7f65d993186037adebee362ea7a9-42,USDC,d55eff2513c90be93f7d2a747377376f4b85a7d1e23e34920bd02781,1.1627192021195534,0.6450396610229816,0.3009786695,2911.041108018162,1877.73696954,1877.73696954,"[{""id"":""a04ce7a52545e5e33c2867e148898d9e667a69602285f6a1298f9d68"",""qTokenName"":""qADA"",""qTokenAmount"":0.000001,""market"":{""id"":""Ada"",""displayName"":""ADA""},""amountInUsd"":5.257800628344432e-9},{""id"":""d15c36d6dec655677acb3318294f116ce01d8d9def3cc54cdd78909b"",""qTokenName"":""qiUSD"",""qTokenAmount"":105421.089043,""market"":{""id"":""IUSD"",""displayName"":""iUSD""},""amountInUsd"":2911.0411080129043}]",true,false,true
b48aba3d0836adb01405df4518ae915bf84c7f65d993186037adebee362ea7a9-41,USDC,2f36956f7fc153ce130c093cad7c74b74499936305bdd3caf45c7207,0.00036029950452452417,2248.129652770218,0.3009786695,19.458611730380145,43745.48203281,43745.48203281,"[{""id"":""c45fa8aefc662c003a32be67f6a4652d8ce56bd9e54d7696efd40c86"",""qTokenName"":""qNIGHT"",""qTokenAmount"":39511.448904,""market"":{""id"":""NIGHT"",""displayName"":""NIGHT""},""amountInUsd"":19.458611730380145}]",true,true,true
b48aba3d0836adb01405df4518ae915bf84c7f65d993186037adebee362ea7a9-37,USDC,4c48cf03e1d8159e29ec83cbf2fa933e86c9ad30a0bb1a9b6f6b2d2a,1.7171371238173707,0.47171538531488244,0.3009786695,634.4725125092449,299.29044571,299.29044571,"[{""id"":""a04ce7a52545e5e33c2867e148898d9e667a69602285f6a1298f9d68"",""qTokenName"":""qADA"",""qTokenAmount"":114834.208059,""market"":{""id"":""Ada"",""displayName"":""ADA""},""amountInUsd"":603.7753712880454},{""id"":""c45fa8aefc662c003a32be67f6a4652d8ce56bd9e54d7696efd40c86"",""qTokenName"":""qNIGHT"",""qTokenAmount"":62331.709151,""market"":{""id"":""NIGHT"",""displayName"":""NIGHT""},""amountInUsd"":30.697141221199395}]",true,false,true
b48aba3d0836adb01405df4518ae915bf84c7f65d993186037adebee362ea7a9-33,USDC,48c185f587816d78c4fa479a11ea11f454b44a89590bb8fd967a0364,1.929022098425197,0.41990187705017107,0.3009786695,5220.852434241594,2192.24573694,2192.24573694,"[{""id"":""a04ce7a52545e5e33c2867e148898d9e667a69602285f6a1298f9d68"",""qTokenName"":""qADA"",""qTokenAmount"":992972.690158,""market"":{""id"":""Ada"",""displayName"":""ADA""},""amountInUsd"":5220.852434241593}]",true,false,true
b48aba3d0836adb01405df4518ae915bf84c7f65d993186037adebee362ea7a9-30,USDC,a10e64f8a38d892ba0ffc42e91f21b6ec70a7c2aa89b0d10ec5701be,0,0,0.3009786695,34.57897962699809,0,0,"[{""id"":""a04ce7a52545e5e33c2867e148898d9e667a69602285f6a1298f9d68"",""qTokenName"":""qADA"",""qTokenAmount"":6576.700425,""market"":{""id"":""Ada"",""displayName"":""ADA""},""amountInUsd"":34.5789796269981}]",false,false,true
b48aba3d0836adb01405df4518ae915bf84c7f65d993186037adebee362ea7a9-26,USDC,6603aed9de393f506ac8be764eeda0fbbc818cf57e669ff53f865d21,0,0,0.3009786695,89.84218156955153,0,0,"[{""id"":""a04ce7a52545e5e33c2867e148898d9e667a69602285f6a1298f9d68"",""qTokenName"":""qADA"",""qTokenAmount"":17087.407439,""market"":{""id"":""Ada"",""displayName"":""ADA""},""amountInUsd"":89.84218156955153}]",false,false,true
b48aba3d0836adb01405df4518ae915bf84c7f65d993186037adebee362ea7a9-21,USDC,6603aed9de393f506ac8be764eeda0fbbc818cf57e669ff53f865d21,0,0,0.3009786695,109.92192581433285,0,0,"[{""id"":""a04ce7a52545e5e33c2867e148898d9e667a69602285f6a1298f9d68"",""qTokenName"":""qADA"",""qTokenAmount"":20906.446171,""market"":{""id"":""Ada"",""displayName"":""ADA""},""amountInUsd"":109.92192581433285}]",false,false,true
b48aba3d0836adb01405df4518ae915bf84c7f65d993186037adebee362ea7a9-19,USDC,03f8417e0c6dc307d84bfe98b96598334f41801bc928969197bd68e7,0,0,0.3009786695,3.787241349403178,0,0,"[{""id"":""a04ce7a52545e5e33c2867e148898d9e667a69602285f6a1298f9d68"",""qTokenName"":""qADA"",""qTokenAmount"":720.309045,""market"":{""id"":""Ada"",""displayName"":""ADA""},""amountInUsd"":3.787241349403178}]",false,false,true
b48aba3d0836adb01405df4518ae915bf84c7f65d993186037adebee362ea7a9-18,USDC,e6055f4f31d7cb0d9793ea34830884891d024cbcdbf535b6f2585ab6,0,0,0.3009786695,1.665135127418447,0.02352084,0,"[{""id"":""a04ce7a52545e5e33c2867e148898d9e667a69602285f6a1298f9d68"",""qTokenName"":""qADA"",""qTokenAmount"":316.698035,""market"":{""id"":""Ada"",""displayName"":""ADA""},""amountInUsd"":1.665135127418447}]",false,false,true
b48aba3d0836adb01405df4518ae915bf84c7f65d993186037adebee362ea7a9-17,USDC,f31484f0b48d949dca2eb0428b179140971661e7aee246f35fb7732c,0,0,0.3009786695,60.59691785105028,0,0,"[{""id"":""a04ce7a52545e5e33c2867e148898d9e667a69602285f6a1298f9d68"",""qTokenName"":""qADA"",""qTokenAmount"":11525.145614,""market"":{""id"":""Ada"",""displayName"":""ADA""},""amountInUsd"":60.59691785105028}]",false,false,true
b48aba3d0836adb01405df4518ae915bf84c7f65d993186037adebee362ea7a9-14,USDC,ba3476ae82576dfac5aa2f5957b75aeb14784be8a8988699a5da4f51,0,0,0.3009786695,34.718150139481956,0,0,"[{""id"":""a04ce7a52545e5e33c2867e148898d9e667a69602285f6a1298f9d68"",""qTokenName"":""qADA"",""qTokenAmount"":6603.169765,""market"":{""id"":""Ada"",""displayName"":""ADA""},""amountInUsd"":34.718150139481956}]",false,false,true
b48aba3d0836adb01405df4518ae915bf84c7f65d993186037adebee362ea7a9-13,USDC,aeeb25afd22cd044346cafe1af5ea9427d7ef397f953c6398272108c,76.94748637831916,0.010526659649641614,0.3009786695,145.5741651200979,1.53240969,1.53240969,"[{""id"":""a04ce7a52545e5e33c2867e148898d9e667a69602285f6a1298f9d68"",""qTokenName"":""qADA"",""qTokenAmount"":27687.273712,""market"":{""id"":""Ada"",""displayName"":""ADA""},""amountInUsd"":145.5741651200979}]",true,false,true
b48aba3d0836adb01405df4518ae915bf84c7f65d993186037adebee362ea7a9-9,USDC,1063380de16dcd42c551cbe7964d316bef815ed9782d9d42f053af78,1.714205497126257,0.46668850458194355,0.3009786695,44.13893285940815,34.08967394,20.59913257,"[{""id"":""f72166e9fac8297aeb553c19ffab14f51ae271c2cb26783ba289a3a5"",""qTokenName"":""qwanBTC"",""qTokenAmount"":0.02559018,""market"":{""id"":""BTC"",""displayName"":""wanBTC""},""amountInUsd"":44.13893285940816}]",true,false,true
b48aba3d0836adb01405df4518ae915bf84c7f65d993186037adebee362ea7a9-3,USDC,cf533d851d1636475039f800b092106994a6d15058a930facec0bf57,0,0,0.3009786695,29.22687578061336,0,0,"[{""id"":""a04ce7a52545e5e33c2867e148898d9e667a69602285f6a1298f9d68"",""qTokenName"":""qADA"",""qTokenAmount"":5558.764557,""market"":{""id"":""Ada"",""displayName"":""ADA""},""amountInUsd"":29.22687578061336}]",false,false,true
149ef889934c618d860da1d42c1a4111a6135ee765824336284d0f853ccac74c-0,USDC,3494321bc8684305ab226049ab4d6b60e9c0aa0010f2418784ed88ca,1.4803387565007484,0.5461163924237249,0.3009786695,128051.77269993257,69931.17215035,69931.17215035,"[{""id"":""a04ce7a52545e5e33c2867e148898d9e667a69602285f6a1298f9d68"",""qTokenName"":""qADA"",""qTokenAmount"":20548635.030367,""market"":{""id"":""Ada"",""displayName"":""ADA""},""amountInUsd"":108040.62617428403},{""id"":""9e00df0615de0a7b121a7f961d43e23165b8e81b64786c6eb708d370"",""qTokenName"":""qUSDM"",""qTokenAmount"":791274.755584,""market"":{""id"":""USDM"",""displayName"":""USDM""},""amountInUsd"":20011.146525648543}]",true,false,true
75dc7f06f2137bae0b07c13f3d76af2aea5c1927f4a979accfe52d0c5e039601-0,USDC,57098f27ee4a68c038e0f05eb7a27504bd504a2e338e9154e4c1e50e,2.037832386821786,0.39257399439395707,0.3009786695,66491.92999981307,26103.00255499,26103.00255499,"[{""id"":""f72166e9fac8297aeb553c19ffab14f51ae271c2cb26783ba289a3a5"",""qTokenName"":""qwanBTC"",""qTokenAmount"":38.549651,""market"":{""id"":""BTC"",""displayName"":""wanBTC""},""amountInUsd"":66491.92999981307}]",true,false,true
1d3d9a4f49325734f183a942816152f699f7c44d1d23b504b195c971dde85901-0,USDCx,1451b2aeb68a844f2f3542c6f41b9703ec6e04291f3bc8ecab3a68cb,8.016254324045212,0.09979723292964325,0.0787792063,104.75560988119044,10.45432,10.45432,"[{""id"":""9e00df0615de0a7b121a7f961d43e23165b8e81b64786c6eb708d370"",""qTokenName"":""qUSDM"",""qTokenAmount"":4142.214915,""market"":{""id"":""USDM"",""displayName"":""USDM""},""amountInUsd"":104.75560988119044}]",true,false,true
f7352ff4a7069fff0d0906d80fa403772cb88c4f99d5b10ff8449a652c71a543-0,USDCx,fc7d1cb4d8aad9203a92226a83d3ba381e06525922ff08edb3d4d463,2.5537867512012005,0.31717605223654954,0.0787792063,1767.6830550304453,560.666733,560.666733,"[{""id"":""a04ce7a52545e5e33c2867e148898d9e667a69602285f6a1298f9d68"",""qTokenName"":""qADA"",""qTokenAmount"":336201.993948,""market"":{""id"":""Ada"",""displayName"":""ADA""},""amountInUsd"":1767.6830550304453}]",true,false,true
ad2ac50b067048eb6fefe3eecdcf067bbae36d0bb11f831751c38f92a8e3f60f-0,USDCx,f928578e87c3008ba6589757545c0b55f93688ebf2723d2b8042d624,4.002241689998335,0.20238657800807053,0.0787792063,293292.1728664881,59358.399223,59358.399223,"[{""id"":""a04ce7a52545e5e33c2867e148898d9e667a69602285f6a1298f9d68"",""qTokenName"":""qADA"",""qTokenAmount"":55782292.558864,""market"":{""id"":""Ada"",""displayName"":""ADA""},""amountInUsd"":293292.1728664881}]",true,false,true
004bfdc79b56d0ead785f29f121ee7c6f4300ca652565d193c20a2d824cbb4a1-0,USDCx,8091b23cce4824d54d93a04d82a576505b31644228863bff951e04bd,2.126322753296663,0.3809393464581853,0.0787792063,109248.58596503157,41617.084939,41617.084939,"[{""id"":""a04ce7a52545e5e33c2867e148898d9e667a69602285f6a1298f9d68"",""qTokenName"":""qADA"",""qTokenAmount"":20778381.244827,""market"":{""id"":""Ada"",""displayName"":""ADA""},""amountInUsd"":109248.58596503157}]",true,false,true
9bb853566333868ab9cc117b606d8ae8e43f76c3628891ebe7d7b191e4002f07-0,USDCx,b47ead9c1c659d7d927c23212bd62d475f71d986236aafe16bde23ee,2.1609709998659956,0.37483149938163407,0.0787792063,24886.118379561824,9328.101066,9328.101066,"[{""id"":""a04ce7a52545e5e33c2867e148898d9e667a69602285f6a1298f9d68"",""qTokenName"":""qADA"",""qTokenAmount"":4733180.304594,""market"":{""id"":""Ada"",""displayName"":""ADA""},""amountInUsd"":24886.118379561824}]",true,false,true
105d05f32f2ebc323ab893ac60513326ebf2a2bc7adce949f5f8b5b47c65ad55-0,USDCx,70cafec5354316841b59a734be860a01716fc716ee230e5f8b11b51e,2.554569169838528,0.31707890691063156,0.0787792063,129984.58307924127,41215.369518,41215.369518,"[{""id"":""a04ce7a52545e5e33c2867e148898d9e667a69602285f6a1298f9d68"",""qTokenName"":""qADA"",""qTokenAmount"":24722235.068881,""market"":{""id"":""Ada"",""displayName"":""ADA""},""amountInUsd"":129984.58307924127}]",true,false,true
ccb098236f1e6331fe26007a8cf60c9689944c7ba99b91e1dcd670d5aa956c38-0,USDCx,6a8fe32b21af53b65a0c055f64b596a38f81613f771ab5b3a47651c8,1.6493838949029156,0.48502959345743385,0.0787792063,2122.0063020553107,1029.235854,1029.235854,"[{""id"":""6df63e2fdde8b2c3b3396265b0cc824aa4fb999396b1c154280f6b0c"",""qTokenName"":""qDJED"",""qTokenAmount"":66665.430861,""market"":{""id"":""DJED"",""displayName"":""DJED""},""amountInUsd"":2122.0063020553107}]",true,false,true
7b88dd462b857577c326013dcff4ab8d2671fa84799cfdfb42275de1030ea2f3-0,USDCx,aee940c663ed49e982c2fee2047e72fd6069e8ddfe9dcdd1d226bc8a,1.6035219646318708,0.503914058834953,0.0787792063,41662.17384872808,20994.155124,20994.155124,"[{""id"":""a04ce7a52545e5e33c2867e148898d9e667a69602285f6a1298f9d68"",""qTokenName"":""qADA"",""qTokenAmount"":6098185.938319,""market"":{""id"":""Ada"",""displayName"":""ADA""},""amountInUsd"":32063.04585825482},{""id"":""c45fa8aefc662c003a32be67f6a4652d8ce56bd9e54d7696efd40c86"",""qTokenName"":""qNIGHT"",""qTokenAmount"":2887289.409642,""market"":{""id"":""NIGHT"",""displayName"":""NIGHT""},""amountInUsd"":1421.933265772353},{""id"":""9e00df0615de0a7b121a7f961d43e23165b8e81b64786c6eb708d370"",""qTokenName"":""qUSDM"",""qTokenAmount"":323340.181876,""market"":{""id"":""USDM"",""displayName"":""USDM""},""amountInUsd"":8177.1947247009075}]",true,false,true
c2f8aad572c3ef72852a00e96ec1e2f8475c0918d85f5c89b0bcbf9a842ab383-0,USDCx,c5703c4cea90e32362f7c943f5ac740660a381b01285a6b805a63650,2.4081229942948466,0.3363615570795156,0.0787792063,5847.991292699937,1967.039457,1967.039457,"[{""id"":""a04ce7a52545e5e33c2867e148898d9e667a69602285f6a1298f9d68"",""qTokenName"":""qADA"",""qTokenAmount"":1112250.483819,""market"":{""id"":""Ada"",""displayName"":""ADA""},""amountInUsd"":5847.991292699937}]",true,false,true
518c669a981cde3cf50e5bd2cf605fc9cdfebef6ae3cb96ac654a3ed0ad5fe24-0,USDCx,e7e11c4fe2ccecc96ff178ccd0a48decb1b4d2ab16f1312b2475ae84,2.948242767703237,0.27473992605806086,0.0787792063,2553.0087674689485,701.41344,701.41344,"[{""id"":""a04ce7a52545e5e33c2867e148898d9e667a69602285f6a1298f9d68"",""qTokenName"":""qADA"",""qTokenAmount"":485565.91395,""market"":{""id"":""Ada"",""displayName"":""ADA""},""amountInUsd"":2553.0087674689485}]",true,false,true
234b9c19a32d260bc1dee91b7c94959e412c2b56b130c51c5448bfe763b5bc52-0,USDCx,a3cddc8f5192b793ce51b42df0088ab654dde6791b62da8ab9070024,2.0770750480236955,0.3899714652923602,0.0787792063,26830.212649420166,10463.017341,10463.017341,"[{""id"":""a04ce7a52545e5e33c2867e148898d9e667a69602285f6a1298f9d68"",""qTokenName"":""qADA"",""qTokenAmount"":4896735.262513,""market"":{""id"":""Ada"",""displayName"":""ADA""},""amountInUsd"":25746.057740077187},{""id"":""c45fa8aefc662c003a32be67f6a4652d8ce56bd9e54d7696efd40c86"",""qTokenName"":""qNIGHT"",""qTokenAmount"":2201417.649834,""market"":{""id"":""NIGHT"",""displayName"":""NIGHT""},""amountInUsd"":1084.1549093429762}]",true,false,true
67dde68cd0db1e462d8e1b7a1e489789f365a9888abf5fb5b831593dc4ab129a-0,USDCx,3c7862f410f691e5d3d119e3e5674802b2d744d671c3b6e02bcaa39c,18.39131964392771,0.044042516561199514,0.0787792063,53235.459848031525,2344.623622,2344.623622,"[{""id"":""a04ce7a52545e5e33c2867e148898d9e667a69602285f6a1298f9d68"",""qTokenName"":""qADA"",""qTokenAmount"":10125043.456582,""market"":{""id"":""Ada"",""displayName"":""ADA""},""amountInUsd"":53235.45984803152}]",true,false,true
63a813eca4999bf982a8e5e9d5f8db89fa46ab571a614fe6a014b386e234e88d-1,USDCx,382b2b7cde903bdb62151570fce6dd877dfe7e220dd6d90a31556243,1.6524410276396577,0.4901839075957838,0.0787792063,26.07331412139963,12.780719,12.780719,"[{""id"":""a04ce7a52545e5e33c2867e148898d9e667a69602285f6a1298f9d68"",""qTokenName"":""qADA"",""qTokenAmount"":4735.214774,""market"":{""id"":""Ada"",""displayName"":""ADA""},""amountInUsd"":24.89681521408304},{""id"":""c45fa8aefc662c003a32be67f6a4652d8ce56bd9e54d7696efd40c86"",""qTokenName"":""qNIGHT"",""qTokenAmount"":2388.925639,""market"":{""id"":""NIGHT"",""displayName"":""NIGHT""},""amountInUsd"":1.1764989073165901}]",true,false,true
02b93badd6ad42dc72b2b1d745bb003ba7468bd1ddc349c826f41121ebae96dc-0,USDCx,43b7f4ee34d7270c74cf8272b7145bd0482e78d3b1f4c3e47fe128e8,1.7678005404818407,0.4581964884902809,0.0787792063,431.73391103846507,197.818962,197.818962,"[{""id"":""a04ce7a52545e5e33c2867e148898d9e667a69602285f6a1298f9d68"",""qTokenName"":""qADA"",""qTokenAmount"":82113.024353,""market"":{""id"":""Ada"",""displayName"":""ADA""},""amountInUsd"":431.73391103846507}]",true,false,true
05f9ee9771e2f611839580bd4d41d16f21e43b24f87e53dce9b2e01f050de629-0,USDCx,505929218e01383ae60a8297880e73a74a2ef8d2dd75421fda687309,1.6860661443187335,0.4804081991263077,0.0787792063,10094.000014610596,4849.240369,4849.240369,"[{""id"":""a04ce7a52545e5e33c2867e148898d9e667a69602285f6a1298f9d68"",""qTokenName"":""qADA"",""qTokenAmount"":867537.792381,""market"":{""id"":""Ada"",""displayName"":""ADA""},""amountInUsd"":4561.340749893363},{""id"":""c45fa8aefc662c003a32be67f6a4652d8ce56bd9e54d7696efd40c86"",""qTokenName"":""qNIGHT"",""qTokenAmount"":11234274.411253,""market"":{""id"":""NIGHT"",""displayName"":""NIGHT""},""amountInUsd"":5532.659264717232}]",true,false,true
f62254e5614260ddabe7cd18bdf8cbc52b80bc21ca81128693f510e4a8b53f5a-0,USDCx,27a104a01a339b562d3c4271aa8ee5eafa1e14a2e964f04d9754dc37,12.784467613202875,0.0633581330491612,0.0787792063,80895.5279509748,5125.389623,5125.389623,"[{""id"":""a04ce7a52545e5e33c2867e148898d9e667a69602285f6a1298f9d68"",""qTokenName"":""qADA"",""qTokenAmount"":7197015.961283,""market"":{""id"":""Ada"",""displayName"":""ADA""},""amountInUsd"":37840.475043438666},{""id"":""c45fa8aefc662c003a32be67f6a4652d8ce56bd9e54d7696efd40c86"",""qTokenName"":""qNIGHT"",""qTokenAmount"":87424917.388076,""market"":{""id"":""NIGHT"",""displayName"":""NIGHT""},""amountInUsd"":43055.052907536134}]",true,false,true
368e6974b70629d457394437b1b49cb4620e9b849494200dcd3d846582a08f7a-0,USDCx,c846b757df6135bad3c6500cd860e182f05fa6734cef2038b9a001b5,1.769680950143365,0.4577096227059349,0.0787792063,2455.7665192941668,1124.027967,1124.027967,"[{""id"":""c45fa8aefc662c003a32be67f6a4652d8ce56bd9e54d7696efd40c86"",""qTokenName"":""qNIGHT"",""qTokenAmount"":4986527.029354,""market"":{""id"":""NIGHT"",""displayName"":""NIGHT""},""amountInUsd"":2455.7665192941668}]",true,false,true
6a689dad2aae16b2951c7bed7188e71d753b16f86406d4a1dc0111a733247e05-0,USDCx,2267eb2ef9e1b63047093c0f495e6e054c6afcc960526ba23f83ad9a,1.9925116105833256,0.4065220978877334,0.0787792063,15697.666006737778,6381.448117,6381.448117,"[{""id"":""a04ce7a52545e5e33c2867e148898d9e667a69602285f6a1298f9d68"",""qTokenName"":""qADA"",""qTokenAmount"":2985595.521084,""market"":{""id"":""Ada"",""displayName"":""ADA""},""amountInUsd"":15697.666006737778}]",true,false,true
7a03b5f4cdc86b28cbb062a35303dec153ad4f89aae3f8fab342fbae836444c8-0,USDCx,07c90d5d414d7172cd6b728da8cd9f8cbb313544cab245fcdf6018a7,7.7266343863417335,0.10483218947590246,0.0787792063,996.0676441275967,104.419952,104.419952,"[{""id"":""a04ce7a52545e5e33c2867e148898d9e667a69602285f6a1298f9d68"",""qTokenName"":""qADA"",""qTokenAmount"":189445.685475,""market"":{""id"":""Ada"",""displayName"":""ADA""},""amountInUsd"":996.0676441275966}]",true,false,true
1bbfd92e30c6715dc1f7041b2f2b54529872c29a32c76f649e332f9684a6c69a-1,USDCx,ddbfedaaa63c5b7ee34604dcda5ea937cd1831cf71ea87278fc73616,1.7631502970993789,0.4594049647001505,0.0787792063,7119.679788691078,3270.816242,3270.816242,"[{""id"":""a04ce7a52545e5e33c2867e148898d9e667a69602285f6a1298f9d68"",""qTokenName"":""qADA"",""qTokenAmount"":1354117.489794,""market"":{""id"":""Ada"",""displayName"":""ADA""},""amountInUsd"":7119.679788691078}]",true,false,true
576e773d5c8932214a8c0cbdda72321418d8385810fb6a1ac8f45f99fd5f8184-0,USDCx,43b7f4ee34d7270c74cf8272b7145bd0482e78d3b1f4c3e47fe128e8,1.8110492085298917,0.4472545506687323,0.0787792063,670.4333126441298,299.85435,299.85435,"[{""id"":""a04ce7a52545e5e33c2867e148898d9e667a69602285f6a1298f9d68"",""qTokenName"":""qADA"",""qTokenAmount"":127512.121519,""market"":{""id"":""Ada"",""displayName"":""ADA""},""amountInUsd"":670.4333126441298}]",true,false,true
b19d40d830f21e680d75617fd33802a651935f25f756e499e3894fdec2cf5986-1,USDCx,43b7f4ee34d7270c74cf8272b7145bd0482e78d3b1f4c3e47fe128e8,1.827243635211327,0.44329063973251753,0.0787792063,213.89605261508217,94.818118,94.818118,"[{""id"":""a04ce7a52545e5e33c2867e148898d9e667a69602285f6a1298f9d68"",""qTokenName"":""qADA"",""qTokenAmount"":40681.659069,""market"":{""id"":""Ada"",""displayName"":""ADA""},""amountInUsd"":213.89605261508217}]",true,false,true
0c9ac9fc90df5b14bf23bbee47d7f196c25983e1a103498ee2aede763d2952d2-1,USDCx,86cdcbb5f8a01369e2b155bee96c9413c2762f8eb5b85f45b866eed5,1.8296634744484932,0.4427043613821686,0.0787792063,2.5123312463593863,1.11222,1.11222,"[{""id"":""a04ce7a52545e5e33c2867e148898d9e667a69602285f6a1298f9d68"",""qTokenName"":""qADA"",""qTokenAmount"":477.82931,""market"":{""id"":""Ada"",""displayName"":""ADA""},""amountInUsd"":2.5123312463593863}]",true,false,true
b7875a771fab9231f9af4f882133185c0ef5c145d355c95b89abd93023e657d0-0,USDCx,43b7f4ee34d7270c74cf8272b7145bd0482e78d3b1f4c3e47fe128e8,1.6551542761968716,0.48938036269415097,0.0787792063,2633.9853522189687,1289.020707,1289.020707,"[{""id"":""a04ce7a52545e5e33c2867e148898d9e667a69602285f6a1298f9d68"",""qTokenName"":""qADA"",""qTokenAmount"":444659.219645,""market"":{""id"":""Ada"",""displayName"":""ADA""},""amountInUsd"":2337.9295244486257},{""id"":""c45fa8aefc662c003a32be67f6a4652d8ce56bd9e54d7696efd40c86"",""qTokenName"":""qNIGHT"",""qTokenAmount"":601152.58343,""market"":{""id"":""NIGHT"",""displayName"":""NIGHT""},""amountInUsd"":296.0558277703429}]",true,false,true
3e09946a4bf7572e8b7e97f8fa7bf9c4f6dd42bc6978aea0c75da7e7d058e6ad-0,USDCx,d57531267ce7b38bff6ea7068741228aa03844ebf64f2ff84065dbab,2.1121010748403,0.38350437374842283,0.0787792063,40340.03748063805,15470.580811,15470.580811,"[{""id"":""a04ce7a52545e5e33c2867e148898d9e667a69602285f6a1298f9d68"",""qTokenName"":""qADA"",""qTokenAmount"":7672416.725573,""market"":{""id"":""Ada"",""displayName"":""ADA""},""amountInUsd"":40340.03748063805}]",true,false,true
c8c4a384af4d75619a8a4827ca1756da8e769710989a799110199cd88dd6a83a-0,USDCx,970b251c33c39ed619e4c84a0d29f8ee9f85371e9e2b027ecc00e614,3.2762080345466216,0.24723704705525268,0.0787792063,1865.409409686612,461.198314,461.198314,"[{""id"":""a04ce7a52545e5e33c2867e148898d9e667a69602285f6a1298f9d68"",""qTokenName"":""qADA"",""qTokenAmount"":354788.920605,""market"":{""id"":""Ada"",""displayName"":""ADA""},""amountInUsd"":1865.4094096866118}]",true,false,true
258ee47df830b878c2d3f8ea1267014631c0769d716db9a3bf19388c86a96677-0,USDCx,db0a85cbc77809b9b41ba3fbaeee9d6d2897e26990f9bd64bad696ce,2.2839203906004366,0.35465334226778944,0.0787792063,4980.6602461573075,1766.407803,1766.407803,"[{""id"":""a04ce7a52545e5e33c2867e148898d9e667a69602285f6a1298f9d68"",""qTokenName"":""qADA"",""qTokenAmount"":947289.674566,""market"":{""id"":""Ada"",""displayName"":""ADA""},""amountInUsd"":4980.6602461573075}]",true,false,true
b4d3859d83b34109d699a362a777ce5ab49b583c6615043e090af492a3fdb92c-0,USDCx,6c543f866d7e82c724ab7bf7b8ca2568f3a72061fef7a192e8f34616,1.9087020044987355,0.4243721639579473,0.0787792063,2436.011646848828,1033.775534,1033.775534,"[{""id"":""a04ce7a52545e5e33c2867e148898d9e667a69602285f6a1298f9d68"",""qTokenName"":""qADA"",""qTokenAmount"":463313.811048,""market"":{""id"":""Ada"",""displayName"":""ADA""},""amountInUsd"":2436.011646848828}]",true,false,true
104e89d791ba87c78bbe9d418ac20de67c4aab9b73c1ebc825cb174f08ffc90a-3,USDCx,d07c21c0714e056c621b918245d9c2da676767e9c4128d5b9e9d2278,2.762300065273152,0.293233892357709,0.0787792063,74677.79844932481,21898.061512,21898.061512,"[{""id"":""a04ce7a52545e5e33c2867e148898d9e667a69602285f6a1298f9d68"",""qTokenName"":""qADA"",""qTokenAmount"":14203238.906919,""market"":{""id"":""Ada"",""displayName"":""ADA""},""amountInUsd"":74677.79844932481}]",true,false,true
db5b3f4fdaa56eecb06f939e9fbe1e6215c893299a32bd4f1c1b49bae094f677-0,USDCx,39026c45536d65052ce46334ff82bdce3a6cad81cb5d5269d4d5fd9b,2.9062560046790438,0.2787091015711995,0.0787792063,18759.01811790803,5228.309086,5228.309086,"[{""id"":""a04ce7a52545e5e33c2867e148898d9e667a69602285f6a1298f9d68"",""qTokenName"":""qADA"",""qTokenAmount"":3567845.082748,""market"":{""id"":""Ada"",""displayName"":""ADA""},""amountInUsd"":18759.01811790803}]",true,false,true
c0b1d1e17a8df24bb6c789cfa0c7a5a0c92490d7d1a82219bf38400f59419550-0,USDCx,c6fd06e32f1ea30fa1d11b67e39cbc31ec409ac4829680d96207d872,3.074492193359686,0.26345814172156456,0.0787792063,497.41833804665214,131.048911,131.048911,"[{""id"":""a04ce7a52545e5e33c2867e148898d9e667a69602285f6a1298f9d68"",""qTokenName"":""qADA"",""qTokenAmount"":94605.78162,""market"":{""id"":""Ada"",""displayName"":""ADA""},""amountInUsd"":497.41833804665214}]",true,false,true
3db97b400be74e4b4ad5dd5027b85077d118f4e6b83dfceb68cfa0204c8fd51f-0,USDCx,ca3721643d0b6f7a00994634d1545329a91b1db0628c5f22b9837367,3.697029849765113,0.21909479579978575,0.0787792063,6987.177689053521,1530.854269,1530.854269,"[{""id"":""a04ce7a52545e5e33c2867e148898d9e667a69602285f6a1298f9d68"",""qTokenName"":""qADA"",""qTokenAmount"":1328916.439202,""market"":{""id"":""Ada"",""displayName"":""ADA""},""amountInUsd"":6987.177689053521}]",true,false,true
6cb1b4fe678f58484d7691b9a0dcf72e70a56728ff2b5e1727bed6cd65065566-0,USDCx,9733d7faee8ce38d4194b00c8357281de626cb07ca98d98815534268,1.6816729355997264,0.48166321931745537,0.0787792063,540.2778010925637,260.231945,260.231945,"[{""id"":""c45fa8aefc662c003a32be67f6a4652d8ce56bd9e54d7696efd40c86"",""qTokenName"":""qNIGHT"",""qTokenAmount"":1097054.56009,""market"":{""id"":""NIGHT"",""displayName"":""NIGHT""},""amountInUsd"":540.2778010925637}]",true,false,true
613607b9d95f6713773e209b91355f27cc9754454db159d411811ed3a4234e01-0,USDCx,17d29d0c794995d71da6ea5934500e087a6a17455de61b289c09386b,2.9594468106551766,0.27369979993682614,0.0787792063,1243.3603206087394,340.307471,340.307471,"[{""id"":""a04ce7a52545e5e33c2867e148898d9e667a69602285f6a1298f9d68"",""qTokenName"":""qADA"",""qTokenAmount"":236479.168477,""market"":{""id"":""Ada"",""displayName"":""ADA""},""amountInUsd"":1243.3603206087394}]",true,false,true
c4f269b33abd701d9dc6e3d148df40c79a38eeb270d004d452c5c86b9c121e20-0,USDCx,12224fb2b4e62182f6cd953ff318f34a592ea0485f2242d4edece7d4,2.94770860762314,0.2747897122209569,0.0787792063,1119.0316206333891,307.498377,307.498377,"[{""id"":""a04ce7a52545e5e33c2867e148898d9e667a69602285f6a1298f9d68"",""qTokenName"":""qADA"",""qTokenAmount"":212832.646145,""market"":{""id"":""Ada"",""displayName"":""ADA""},""amountInUsd"":1119.0316206333891}]",true,false,true
3e9569f4a60472029c1e6ee0153d91241aadc08b6655e661cb9944b86d9e0884-0,USDCx,1930b3c2770343dec6c63176b9142a91f7fada6794e2139424a7b3ab,2.0413229076160553,0.396801504053052,0.0787792063,9161.054027945387,3635.120017,3635.120017,"[{""id"":""c45fa8aefc662c003a32be67f6a4652d8ce56bd9e54d7696efd40c86"",""qTokenName"":""qNIGHT"",""qTokenAmount"":18601867.55085,""market"":{""id"":""NIGHT"",""displayName"":""NIGHT""},""amountInUsd"":9161.054027945387}]",true,false,true
1a50dc5f1879180b434bcb36955ffc96146b50fdd9d138cc4fd0a2e663b00f94-0,USDCx,eed7db76f3df2dcdd33f8d591a3953bc16ab8cce8ccd4cc5ed9ace54,1.6354373673500244,0.4952803550725277,0.0787792063,2128.757844323557,1054.331941,1054.331941,"[{""id"":""a04ce7a52545e5e33c2867e148898d9e667a69602285f6a1298f9d68"",""qTokenName"":""qADA"",""qTokenAmount"":189221.026175,""market"":{""id"":""Ada"",""displayName"":""ADA""},""amountInUsd"":994.8864303188933},{""id"":""c45fa8aefc662c003a32be67f6a4652d8ce56bd9e54d7696efd40c86"",""qTokenName"":""qNIGHT"",""qTokenAmount"":2302368.897582,""market"":{""id"":""NIGHT"",""displayName"":""NIGHT""},""amountInUsd"":1133.8714140046638}]",true,false,true
957d6934c113ae752bacea38875525c45ef0c0118d39bf178e9abc0da62b764d-0,USDCx,52480a1b5691eb42006a191c74e2288feebaa8dd38d68b32a9380b63,2.2624596656369698,0.35801743222324084,0.0787792063,1218.094787429433,436.099168,436.099168,"[{""id"":""c45fa8aefc662c003a32be67f6a4652d8ce56bd9e54d7696efd40c86"",""qTokenName"":""qNIGHT"",""qTokenAmount"":2473387.650703,""market"":{""id"":""NIGHT"",""displayName"":""NIGHT""},""amountInUsd"":1218.094787429433}]",true,false,true
fac63c35e6c93e06d6689a7bad8599edf49394cc2b1fd4895cadbca1df290f43-0,USDCx,c846b757df6135bad3c6500cd860e182f05fa6734cef2038b9a001b5,1.8485947885612204,0.438170660770082,0.0787792063,8450.130710469539,3702.599357,3702.599357,"[{""id"":""c45fa8aefc662c003a32be67f6a4652d8ce56bd9e54d7696efd40c86"",""qTokenName"":""qNIGHT"",""qTokenAmount"":17158310.799612,""market"":{""id"":""NIGHT"",""displayName"":""NIGHT""},""amountInUsd"":8450.130710469539}]",true,false,true
9adb9a74ba32642be15c611255c2dcdd0fa46de13e0cf58d84a4aabc6b32e054-0,USDCx,c846b757df6135bad3c6500cd860e182f05fa6734cef2038b9a001b5,1.8460903605778554,0.43876508826277455,0.0787792063,47200.26534243529,20709.828589,20709.828589,"[{""id"":""c45fa8aefc662c003a32be67f6a4652d8ce56bd9e54d7696efd40c86"",""qTokenName"":""qNIGHT"",""qTokenAmount"":95841928.405467,""market"":{""id"":""NIGHT"",""displayName"":""NIGHT""},""amountInUsd"":47200.26534243529}]",true,false,true
8798dccb2fe61fe2d9c1efa630970c50f3a9dafc7a3158db999369da2e4d626d-0,USDCx,3877f1a0b1f168f2590227b6701e3dd71a37cbfdb1585fb1603452fe,0,-1,0.0787792063,0,594.1967,594.1967,[],true,true,false
40b6bf5fa69136f5161434e62b4536feb81170014af974bc736fdebe0169891a-0,USDCx,3877f1a0b1f168f2590227b6701e3dd71a37cbfdb1585fb1603452fe,0,-1,0.0787792063,0,1343.183568,1343.183568,[],true,true,false
199ce0a5740add0382257d3d5aee53dc1b1507b8f4613a07772f2e6c95cd1d44-0,USDCx,d07c21c0714e056c621b918245d9c2da676767e9c4128d5b9e9d2278,0,-1,0.0787792063,0,336.533292,336.533292,[],true,true,false
d5d9c792e4e685ad979487847ad63c4612d7436f583aa0cf1347e51ce1babaf5-0,USDCx,3877f1a0b1f168f2590227b6701e3dd71a37cbfdb1585fb1603452fe,0.005551507964003473,145.9063024410881,0.0787792063,3.3650123523501616,490.97651,490.97651,"[{""id"":""c45fa8aefc662c003a32be67f6a4652d8ce56bd9e54d7696efd40c86"",""qTokenName"":""qNIGHT"",""qTokenAmount"":6832.785168,""market"":{""id"":""NIGHT"",""displayName"":""NIGHT""},""amountInUsd"":3.365012352350162}]",true,true,true
16fc38a2d4b62167463ee29af607099d0c640361d031da1baad8d4968899eabe-0,USDCx,9733d7faee8ce38d4194b00c8357281de626cb07ca98d98815534268,2.0254748573898387,0.39990622299988443,0.0787792063,2211.6365966134404,884.447238,884.447238,"[{""id"":""a04ce7a52545e5e33c2867e148898d9e667a69602285f6a1298f9d68"",""qTokenName"":""qADA"",""qTokenAmount"":255773.425926,""market"":{""id"":""Ada"",""displayName"":""ADA""},""amountInUsd"":1344.8056795475309},{""id"":""c45fa8aefc662c003a32be67f6a4652d8ce56bd9e54d7696efd40c86"",""qTokenName"":""qNIGHT"",""qTokenAmount"":1760133.04354,""market"":{""id"":""NIGHT"",""displayName"":""NIGHT""},""amountInUsd"":866.8309170659096}]",true,false,true
230ada101e4ca9f6369c2d3e62275b34decec6eb5342233d7bbb4c710c749dfb-0,USDCx,9733d7faee8ce38d4194b00c8357281de626cb07ca98d98815534268,2.0219743879926493,0.4005985460597955,0.0787792063,3325.4194232675895,1332.158186,1332.158186,"[{""id"":""a04ce7a52545e5e33c2867e148898d9e667a69602285f6a1298f9d68"",""qTokenName"":""qADA"",""qTokenAmount"":360098.263264,""market"":{""id"":""Ada"",""displayName"":""ADA""},""amountInUsd"":1893.324874855198},{""id"":""c45fa8aefc662c003a32be67f6a4652d8ce56bd9e54d7696efd40c86"",""qTokenName"":""qNIGHT"",""qTokenAmount"":2907922.279314,""market"":{""id"":""NIGHT"",""displayName"":""NIGHT""},""amountInUsd"":1432.0945484123918}]",true,false,true
ac8babf9965e5a9111281dbce617871bf685e48158a7d9250fa48927a069af33-0,USDCx,9733d7faee8ce38d4194b00c8357281de626cb07ca98d98815534268,2.010191776662867,0.40294662897521466,0.0787792063,5266.63828258639,2122.174142,2122.174142,"[{""id"":""a04ce7a52545e5e33c2867e148898d9e667a69602285f6a1298f9d68"",""qTokenName"":""qADA"",""qTokenAmount"":170256.937438,""market"":{""id"":""Ada"",""displayName"":""ADA""},""amountInUsd"":895.1770326415151},{""id"":""c45fa8aefc662c003a32be67f6a4652d8ce56bd9e54d7696efd40c86"",""qTokenName"":""qNIGHT"",""qTokenAmount"":8876417.814707,""market"":{""id"":""NIGHT"",""displayName"":""NIGHT""},""amountInUsd"":4371.461249944876}]",true,false,true
0ca5f85bcd36fdaa0a9d81c07b0f8790756f3a57daff9dfde4ecb52e90de7b09-0,USDCx,43b7f4ee34d7270c74cf8272b7145bd0482e78d3b1f4c3e47fe128e8,0,-1,0.0787792063,0,14.292246,14.292246,[],true,true,false
f5dfc5aaf71deeb6b451c8933137a91886ca2934ba7b7bdede83a83085a251b4-0,USDCx,3877f1a0b1f168f2590227b6701e3dd71a37cbfdb1585fb1603452fe,0,-1,0.0787792063,0,20.385231,20.385231,[],true,true,false
5fe92fd9bddcd3d84ead9630582a1a513df6a8a65012ccfab7b94ad460d6bfc1-0,USDCx,29e1509defc79bc3cb000100b6dfd4926fcec60186faaaba901ed92d,3.6829948473286263,0.21992971306693912,0.0787792063,12284.137060542205,2701.646739,2701.646739,"[{""id"":""c45fa8aefc662c003a32be67f6a4652d8ce56bd9e54d7696efd40c86"",""qTokenName"":""qNIGHT"",""qTokenAmount"":24943406.062189,""market"":{""id"":""NIGHT"",""displayName"":""NIGHT""},""amountInUsd"":12284.137060542205}]",true,false,true
65168960b91a281596f074ea9b43bf293a91f8cc2a04121763eae60cf10f35e2-0,USDCx,f1e1af1b910e46fc527e1089977de067d2e76d069b9bfb1b508d0706,4.07314766531972,0.19879566128392212,0.0787792063,5114.513563492095,1016.743106,1016.743106,"[{""id"":""a04ce7a52545e5e33c2867e148898d9e667a69602285f6a1298f9d68"",""qTokenName"":""qADA"",""qTokenAmount"":945908.016596,""market"":{""id"":""Ada"",""displayName"":""ADA""},""amountInUsd"":4973.3957640144845},{""id"":""aa280c98c5b07fdfc8d7a93fb5ba84510b421388e4a18e16efa8eb5f"",""qTokenName"":""qUSDA"",""qTokenAmount"":6270.187728,""market"":{""id"":""USDA"",""displayName"":""USDA""},""amountInUsd"":141.1177994776106}]",true,false,true
4b620f616ef2521c72223777e317d7baf4f4cee06c55d14e6d91284ecc9eb15b-0,USDCx,6df60d5cdee8ad015884a8aea5e5c0a47e5aaf6e232e8d8c0876e98f,3.3972946809932116,0.2384250046166715,0.0787792063,46921.95098406949,11187.36638,11187.36638,"[{""id"":""a04ce7a52545e5e33c2867e148898d9e667a69602285f6a1298f9d68"",""qTokenName"":""qADA"",""qTokenAmount"":8924254.512641,""market"":{""id"":""Ada"",""displayName"":""ADA""},""amountInUsd"":46921.95098406948}]",true,false,true
69c5020f7e0f29e616389ab43e2f124cdfc5d3f0951804dff32f1798f9bbf3e2-0,USDCx,d6e750fe07711b48fe1dbfef1bc263382a84270f7f193d9b6c8d391e,4.132352599298103,0.19601425109212167,0.0787792063,3345.4575692652616,655.75736,655.75736,"[{""id"":""a04ce7a52545e5e33c2867e148898d9e667a69602285f6a1298f9d68"",""qTokenName"":""qADA"",""qTokenAmount"":636284.59992,""market"":{""id"":""Ada"",""displayName"":""ADA""},""amountInUsd"":3345.4575692652616}]",true,false,true
8a91ba54326064fa81efffc3c182f01dcba4b7b5febebb0a06915ccfebb80e89-0,USDCx,d5ba39b471f3ab38b4991d8d1806481d047447a6514423cde85b1120,2.1220013863954925,0.381715113474028,0.0787792063,8038.312085876504,3068.34521,3068.34521,"[{""id"":""a04ce7a52545e5e33c2867e148898d9e667a69602285f6a1298f9d68"",""qTokenName"":""qADA"",""qTokenAmount"":1314609.608549,""market"":{""id"":""Ada"",""displayName"":""ADA""},""amountInUsd"":6911.95522585656},{""id"":""c45fa8aefc662c003a32be67f6a4652d8ce56bd9e54d7696efd40c86"",""qTokenName"":""qNIGHT"",""qTokenAmount"":2287110.310797,""market"":{""id"":""NIGHT"",""displayName"":""NIGHT""},""amountInUsd"":1126.3568600199435}]",true,false,true
d09d8eab8043571ccc2e95017a8dc44960176003567e2ab92b65472956d2ef51-0,USDCx,3877f1a0b1f168f2590227b6701e3dd71a37cbfdb1585fb1603452fe,1.5314542911082167,0.528909027649695,0.0787792063,18.146840946638044,9.598028,9.598028,"[{""id"":""c45fa8aefc662c003a32be67f6a4652d8ce56bd9e54d7696efd40c86"",""qTokenName"":""qNIGHT"",""qTokenAmount"":36847.848591,""market"":{""id"":""NIGHT"",""displayName"":""NIGHT""},""amountInUsd"":18.146840946638044}]",true,false,true
56de846c4893169c610831063485e73fc0639168100848990b4ac8574a914852-0,USDCx,aa61c67e40e558aeaeaa2a64a3811a5c97c0d2474b99cbfa048220d8,3.740959958397198,0.21652196468497936,0.0787792063,24869.944856793376,5384.889322,5384.889322,"[{""id"":""a04ce7a52545e5e33c2867e148898d9e667a69602285f6a1298f9d68"",""qTokenName"":""qADA"",""qTokenAmount"":4730104.204165,""market"":{""id"":""Ada"",""displayName"":""ADA""},""amountInUsd"":24869.94485679338}]",true,false,true
856ac4d2f7dc9cd0d5e2ca2cdde284e545d503fd718d4213378bf322dc937135-0,USDCx,27e7b4feb0255a343a97e325e0abbb72c260aa7a98a2578c1b02e558,2.50320790014411,0.3235847889235921,0.0787792063,14211.336871851101,4598.572442,4598.572442,"[{""id"":""a04ce7a52545e5e33c2867e148898d9e667a69602285f6a1298f9d68"",""qTokenName"":""qADA"",""qTokenAmount"":2702905.240499,""market"":{""id"":""Ada"",""displayName"":""ADA""},""amountInUsd"":14211.3368718511}]",true,false,true
942a9ceed8872a2621423c7a6b334011a809d5278bf17fab76f41aa1e5b4c296-0,USDCx,fce658d7291f6505a4141acf5f0fa9789a4f947a0d16b149fe291a29,1.7164896501729618,0.471893320136466,0.0787792063,235936.76190161507,111336.981916,111336.981916,"[{""id"":""a04ce7a52545e5e33c2867e148898d9e667a69602285f6a1298f9d68"",""qTokenName"":""qADA"",""qTokenAmount"":42586458.026019,""market"":{""id"":""Ada"",""displayName"":""ADA""},""amountInUsd"":223911.10576816648},{""id"":""c45fa8aefc662c003a32be67f6a4652d8ce56bd9e54d7696efd40c86"",""qTokenName"":""qNIGHT"",""qTokenAmount"":24418550.739259,""market"":{""id"":""NIGHT"",""displayName"":""NIGHT""},""amountInUsd"":12025.656133448583}]",true,false,true
836aae7c3c52a9784b6ae7052350327d6335e148289b60a96c139691feb35c4c-0,USDCx,3877f1a0b1f168f2590227b6701e3dd71a37cbfdb1585fb1603452fe,1.5481886076852063,0.5231920684464161,0.0787792063,3.247814908673507,1.699231,1.699231,"[{""id"":""c45fa8aefc662c003a32be67f6a4652d8ce56bd9e54d7696efd40c86"",""qTokenName"":""qNIGHT"",""qTokenAmount"":6594.811315,""market"":{""id"":""NIGHT"",""displayName"":""NIGHT""},""amountInUsd"":3.247814908673507}]",true,false,true
cae7609fd7780686f95dd55989d3751272bdcd0e2b0b32165a2906395b054cce-0,USDCx,1a4fd62fb397632e6aa8a4cf8931691e5b14b74e15bc7aab4920d8c3,2.364456294131656,0.34257347112329334,0.0787792063,124349.16027595311,42598.723467,42598.723467,"[{""id"":""a04ce7a52545e5e33c2867e148898d9e667a69602285f6a1298f9d68"",""qTokenName"":""qADA"",""qTokenAmount"":22481963.369128,""market"":{""id"":""Ada"",""displayName"":""ADA""},""amountInUsd"":118205.68112861771},{""id"":""c45fa8aefc662c003a32be67f6a4652d8ce56bd9e54d7696efd40c86"",""qTokenName"":""qNIGHT"",""qTokenAmount"":12474567.342528,""market"":{""id"":""NIGHT"",""displayName"":""NIGHT""},""amountInUsd"":6143.479147335406}]",true,false,true
1a9016c6adbb214d65e8147b4979301e74da204a5c1a873514abbd7aab2d4bb0-0,USDCx,1fa906992ee846d0fd975fb880d641ac4dae0190a549f80b4875bc28,2.7807350644430944,0.29128988602954914,0.0787792063,21285.76924009996,6200.329296,6200.329296,"[{""id"":""a04ce7a52545e5e33c2867e148898d9e667a69602285f6a1298f9d68"",""qTokenName"":""qADA"",""qTokenAmount"":4048416.960763,""market"":{""id"":""Ada"",""displayName"":""ADA""},""amountInUsd"":21285.76924009996}]",true,false,true
6ad198e249d51bb7866b0ed757a39113d8a530b061929d99150351ae7af1d7ce-0,USDCx,7899922a18b80fb689b298336b1818a98c4de6c681ef562c72c7c78b,2.156179238479319,0.375664502071389,0.0787792063,8478.891144723331,3185.21842,3185.21842,"[{""id"":""a04ce7a52545e5e33c2867e148898d9e667a69602285f6a1298f9d68"",""qTokenName"":""qADA"",""qTokenAmount"":1612630.78311,""market"":{""id"":""Ada"",""displayName"":""ADA""},""amountInUsd"":8478.891144723331}]",true,false,true
98cfedf69f3ee77799723106495c0849a69090e251ab8c1cd2595571ba061089-0,USDCx,723947849f400e0c29248be0d8fdff422d7bc2eeab72765549ae4fe6,1.9019737696298193,0.42587338108119654,0.0787792063,1068.5867307429446,455.082644,455.082644,"[{""id"":""a04ce7a52545e5e33c2867e148898d9e667a69602285f6a1298f9d68"",""qTokenName"":""qADA"",""qTokenAmount"":203238.351219,""market"":{""id"":""Ada"",""displayName"":""ADA""},""amountInUsd"":1068.5867307429446}]",true,false,true
35623af4375d6743b0647c8aa5e8638b4067897163adf1cb071d7be8718641f7-0,USDCx,dc683e7432febf53b8ee45cef422671ec00a8077cd3c0b6cd2caabeb,1.346465939912154,0.5957614312657181,0.0787792063,28624.656302052408,17053.466208,17053.466208,"[{""id"":""a04ce7a52545e5e33c2867e148898d9e667a69602285f6a1298f9d68"",""qTokenName"":""qADA"",""qTokenAmount"":1182744.825616,""market"":{""id"":""Ada"",""displayName"":""ADA""},""amountInUsd"":6218.636487294931},{""id"":""6df63e2fdde8b2c3b3396265b0cc824aa4fb999396b1c154280f6b0c"",""qTokenName"":""qDJED"",""qTokenAmount"":101850.55971,""market"":{""id"":""DJED"",""displayName"":""DJED""},""amountInUsd"":3241.9730403170265},{""id"":""aa280c98c5b07fdfc8d7a93fb5ba84510b421388e4a18e16efa8eb5f"",""qTokenName"":""qUSDA"",""qTokenAmount"":656381.631365,""market"":{""id"":""USDA"",""displayName"":""USDA""},""amountInUsd"":14772.624912348236},{""id"":""9e00df0615de0a7b121a7f961d43e23165b8e81b64786c6eb708d370"",""qTokenName"":""qUSDM"",""qTokenAmount"":173644.286505,""market"":{""id"":""USDM"",""displayName"":""USDM""},""amountInUsd"":4391.421862092214}]",true,false,true
9f4b36df49f404904647459b3ab42363e47ce3edf1ed9048a231ae094a0412ee-0,USDCx,d9a45b6d4da6aa2f961d4ec5d7853f462d49e3982e9de6b1075ba572,1.5693636008020517,0.5161327812025428,0.0787792063,9200.21880210039,4748.534518,4748.534518,"[{""id"":""a04ce7a52545e5e33c2867e148898d9e667a69602285f6a1298f9d68"",""qTokenName"":""qADA"",""qTokenAmount"":1749822.682987,""market"":{""id"":""Ada"",""displayName"":""ADA""},""amountInUsd"":9200.218802100388}]",true,false,true
3bab1252692f25613e6e5940cd59df9f98c46b6ff623cccaf44ae4bee5fbbaad-0,USDCx,eda1fcb6f7afd09936ca37674781defef38446ed4a3944b42ec382eb,1.2300660156961094,0.6503715977774334,0.0787792063,232.30626847223368,151.085399,151.085399,"[{""id"":""9e00df0615de0a7b121a7f961d43e23165b8e81b64786c6eb708d370"",""qTokenName"":""qUSDM"",""qTokenAmount"":9185.784811,""market"":{""id"":""USDM"",""displayName"":""USDM""},""amountInUsd"":232.30626847223368}]",true,false,true
c6c11d076199c76fc4f46fb42c03f38a306eab135c06de32f73c7d0d1f413b99-0,USDCx,366a5f81334506344226e7ca9e5c153ce7f86cd38171e33abea50b23,1.7846072443386685,0.44827790682675406,0.0787792063,44982.95413606701,20164.864523,20164.864523,"[{""id"":""9e00df0615de0a7b121a7f961d43e23165b8e81b64786c6eb708d370"",""qTokenName"":""qUSDM"",""qTokenAmount"":1778702.48433,""market"":{""id"":""USDM"",""displayName"":""USDM""},""amountInUsd"":44982.95413606701}]",true,false,true
8b2512c65f504f8c8e389654a9c0f3c26379e7f52504f7326babddfd74cea8ed-0,USDCx,bea7cd45dcceead4bcbbe911b538ad14c1a2792d841588b543c75436,9.17455840575928,0.08828762804447644,0.0787792063,142582.07472352136,12588.233179,12588.233179,"[{""id"":""a04ce7a52545e5e33c2867e148898d9e667a69602285f6a1298f9d68"",""qTokenName"":""qADA"",""qTokenAmount"":27118197.284787,""market"":{""id"":""Ada"",""displayName"":""ADA""},""amountInUsd"":142582.07472352136}]",true,false,true
5179fba8245a88932a45f9bf04b188580cf3f9252e1d3e79827ab9b037157c80-0,USDCx,e3f6b24606cbe155a2563ac34c2e9f87fccb4d33f60b06bce147c835,2.699749403952265,0.30002784658983916,0.0787792063,34521.768428246854,10357.491842,10357.491842,"[{""id"":""a04ce7a52545e5e33c2867e148898d9e667a69602285f6a1298f9d68"",""qTokenName"":""qADA"",""qTokenAmount"":6273435.932715,""market"":{""id"":""Ada"",""displayName"":""ADA""},""amountInUsd"":32984.47538890747},{""id"":""c45fa8aefc662c003a32be67f6a4652d8ce56bd9e54d7696efd40c86"",""qTokenName"":""qNIGHT"",""qTokenAmount"":3121531.803808,""market"":{""id"":""NIGHT"",""displayName"":""NIGHT""},""amountInUsd"":1537.2930393393867}]",true,false,true
bb29d45beebd5f2ff03950a991651315fa9a5dfa786ba14d1e8e29b0ffacc79f-2,USDCx,225525c391550ee16d3326de352a3d7063b967bef559d6c47e34f4b1,1.6308427702757,0.49667571562589474,0.0787792063,81.05153872737722,40.256331,40.256331,"[{""id"":""a04ce7a52545e5e33c2867e148898d9e667a69602285f6a1298f9d68"",""qTokenName"":""qADA"",""qTokenAmount"":15415.48348,""market"":{""id"":""Ada"",""displayName"":""ADA""},""amountInUsd"":81.05153872737722}]",true,false,true
27ed4c839c644bac0b5ee76f881d0da102dfeb39263c0573141588a73d5dc47a-0,USDCx,03f4d31b348bddaaf2ac172203854a22ebc76fbc8260e563c878ce97,2.4168578850237634,0.3351458954286159,0.0787792063,39783.95153832323,13333.428062,13333.428062,"[{""id"":""a04ce7a52545e5e33c2867e148898d9e667a69602285f6a1298f9d68"",""qTokenName"":""qADA"",""qTokenAmount"":7566652.741424,""market"":{""id"":""Ada"",""displayName"":""ADA""},""amountInUsd"":39783.95153832323}]",true,false,true
f9039af7dbd3a2a6aa9d6e62d014096f7c0bfbdf3435ddd6fce920e9de9ef658-0,USDCx,3029f0f969f6d032862cbf74a5fba13bab59de16247d002ee7a7993b,3.8244439678351383,0.2117954941456517,0.0787792063,8103.66601009787,1716.319947,1716.319947,"[{""id"":""c45fa8aefc662c003a32be67f6a4652d8ce56bd9e54d7696efd40c86"",""qTokenName"":""qNIGHT"",""qTokenAmount"":16454801.089081,""market"":{""id"":""NIGHT"",""displayName"":""NIGHT""},""amountInUsd"":8103.666010097871}]",true,false,true
96aff8827bfb1a245f97419927629286967ef8d35eaa59d5b277fc2b14936356-0,USDCx,95003560453cdb1931cfc53c6d9a2775430674513e2318c8d22fbd27,1.990752408628271,0.40449384852719833,0.0787792063,4766.407279171173,1927.982424,1927.982424,"[{""id"":""6df63e2fdde8b2c3b3396265b0cc824aa4fb999396b1c154280f6b0c"",""qTokenName"":""qDJED"",""qTokenAmount"":71171.079282,""market"":{""id"":""DJED"",""displayName"":""DJED""},""amountInUsd"":2265.4241757677396},{""id"":""c45fa8aefc662c003a32be67f6a4652d8ce56bd9e54d7696efd40c86"",""qTokenName"":""qNIGHT"",""qTokenAmount"":5078341.017803,""market"":{""id"":""NIGHT"",""displayName"":""NIGHT""},""amountInUsd"":2500.9831034034332}]",true,false,true
119ea5c052b3180864ca038943ec10e04625fb5702c889a669ab61f24419c4f8-0,USDCx,f5303f3133675f4fa5c8b3dd9b5a618b17d0c5f3dcf51c2d61fc5c29,2.7068006902143633,0.29924626623907524,0.0787792063,1678.268949891483,502.215717,502.215717,"[{""id"":""a04ce7a52545e5e33c2867e148898d9e667a69602285f6a1298f9d68"",""qTokenName"":""qADA"",""qTokenAmount"":319196.003904,""market"":{""id"":""Ada"",""displayName"":""ADA""},""amountInUsd"":1678.268949891483}]",true,false,true
9abd762893184888128e11e5a18ec42c8407151edbdcebef587fb05d2ce9ee03-0,USDCx,b1deaf18c753b8aea5f199a233daa7496de38b8a04c8b2d30df1e961,3.3814726467608374,0.23954060393654553,0.0787792063,134260.06364883092,32160.736731,32160.736731,"[{""id"":""a04ce7a52545e5e33c2867e148898d9e667a69602285f6a1298f9d68"",""qTokenName"":""qADA"",""qTokenAmount"":25535404.086082,""market"":{""id"":""Ada"",""displayName"":""ADA""},""amountInUsd"":134260.06364883092}]",true,false,true
108ebdd4fe9e50904498b2fb470b5044eb127ace02407697373b3e88509a7e75-0,USDCx,3be87b19c9045b5374602403d34efa47377fc7e6d3a163401642d905,2.5034818125642486,0.3195549478270751,0.0787792063,1562.4428612201782,499.286347,499.286347,"[{""id"":""6df63e2fdde8b2c3b3396265b0cc824aa4fb999396b1c154280f6b0c"",""qTokenName"":""qDJED"",""qTokenAmount"":49086.058999,""market"":{""id"":""DJED"",""displayName"":""DJED""},""amountInUsd"":1562.442861220178}]",true,false,true
82245cdbe092a23d77109a6a2b0ec81f0a6e5ec2cee0a64166b748b10598b83d-0,USDCx,55f6685cbc8c1c99948804a10f2eada7ed6121822a45452582ead10a,5.272032842269324,0.15364092452264372,0.0787792063,5470.363001337776,840.471629,840.471629,"[{""id"":""a04ce7a52545e5e33c2867e148898d9e667a69602285f6a1298f9d68"",""qTokenName"":""qADA"",""qTokenAmount"":1040428.001748,""market"":{""id"":""Ada"",""displayName"":""ADA""},""amountInUsd"":5470.363001337776}]",true,false,true
447904ca005a4cc4ba551625691dff59328cea811cb047d9cf7dc662c0e93a89-0,USDCx,3029f0f969f6d032862cbf74a5fba13bab59de16247d002ee7a7993b,3.821489982661619,0.21195921058933284,0.0787792063,7949.280469177197,1684.923213,1684.923213,"[{""id"":""c45fa8aefc662c003a32be67f6a4652d8ce56bd9e54d7696efd40c86"",""qTokenName"":""qNIGHT"",""qTokenAmount"":16141315.394617,""market"":{""id"":""NIGHT"",""displayName"":""NIGHT""},""amountInUsd"":7949.280469177196}]",true,false,true
6813ccd8f260576cb9f76a490af580d2a5e7b499822036becc0ef1718d3514f5-0,USDCx,e96c4cf8b02109d85133448d4af20b3987c75e298c0e0ebba2af2857,1.6703559900773157,0.47893982166218974,0.0787792063,641.5479630272246,307.262867,307.262867,"[{""id"":""6df63e2fdde8b2c3b3396265b0cc824aa4fb999396b1c154280f6b0c"",""qTokenName"":""qDJED"",""qTokenAmount"":20155.01619,""market"":{""id"":""DJED"",""displayName"":""DJED""},""amountInUsd"":641.5479630272246}]",true,false,true
227dc5e0abe1d1e8130f129fc603d84685bd805e567659e7f19be3a5d8edb34b-0,USDCx,9cb79ec1a37144f25781ee2620cb517a52c704a44a5f0b56849a666c,3.0868922344985124,0.2615503024959209,0.0787792063,1326.3819414065115,346.915598,346.915598,"[{""id"":""a04ce7a52545e5e33c2867e148898d9e667a69602285f6a1298f9d68"",""qTokenName"":""qADA"",""qTokenAmount"":171481.138849,""market"":{""id"":""Ada"",""displayName"":""ADA""},""amountInUsd"":901.6136395894911},{""id"":""6df63e2fdde8b2c3b3396265b0cc824aa4fb999396b1c154280f6b0c"",""qTokenName"":""qDJED"",""qTokenAmount"":10927.528241,""market"":{""id"":""DJED"",""displayName"":""DJED""},""amountInUsd"":347.8307046666788},{""id"":""c45fa8aefc662c003a32be67f6a4652d8ce56bd9e54d7696efd40c86"",""qTokenName"":""qNIGHT"",""qTokenAmount"":156224.708151,""market"":{""id"":""NIGHT"",""displayName"":""NIGHT""},""amountInUsd"":76.93759715034173}]",true,false,true
dacc57811db2ac81318d2d083b8bdf1a24bc9a83752309706eb9feb7f4fb3871-0,USDCx,6d705904df855aaa03836cb1566a7ccd2978cbc1d2550f33b5fbc262,3.8057659008990887,0.21283495125347635,0.0787792063,28460.514038344827,6057.392118,6057.392118,"[{""id"":""a04ce7a52545e5e33c2867e148898d9e667a69602285f6a1298f9d68"",""qTokenName"":""qADA"",""qTokenAmount"":5147313.919406,""market"":{""id"":""Ada"",""displayName"":""ADA""},""amountInUsd"":27063.55035973891},{""id"":""c45fa8aefc662c003a32be67f6a4652d8ce56bd9e54d7696efd40c86"",""qTokenName"":""qNIGHT"",""qTokenAmount"":2836587.716163,""market"":{""id"":""NIGHT"",""displayName"":""NIGHT""},""amountInUsd"":1396.963678605917}]",true,false,true
db2f3c2af3e42c699006d79e451f7c0ed064784397c85eeb4284dc607f19a7a7-0,USDCx,c4753f20174103f5ffb51c0dc5928a0245db52c7712d49a558d21999,1.3329377589775566,0.6007882620900772,0.0787792063,55044.49594596399,33070.087057,33070.087057,"[{""id"":""a04ce7a52545e5e33c2867e148898d9e667a69602285f6a1298f9d68"",""qTokenName"":""qADA"",""qTokenAmount"":851515.250269,""market"":{""id"":""Ada"",""displayName"":""ADA""},""amountInUsd"":4477.0974179092145},{""id"":""6df63e2fdde8b2c3b3396265b0cc824aa4fb999396b1c154280f6b0c"",""qTokenName"":""qDJED"",""qTokenAmount"":1588636.851421,""market"":{""id"":""DJED"",""displayName"":""DJED""},""amountInUsd"":50567.398528054764}]",true,false,true
65eca3f1f69adfdd67d4abb20c44a5e2b8783ff790fc06a2cab01663934db389-0,USDCx,c04fb88a8aace41247ee2fec30fb3c944047924e8f1ba46cfee644ef,1.3084219505073784,0.6190663491130665,0.0787792063,1867.5643986406394,1156.146274,1156.146274,"[{""id"":""a04ce7a52545e5e33c2867e148898d9e667a69602285f6a1298f9d68"",""qTokenName"":""qADA"",""qTokenAmount"":355198.7857,""market"":{""id"":""Ada"",""displayName"":""ADA""},""amountInUsd"":1867.5643986406394}]",true,false,true
73b1fcd03f8ba7420b9e356ad87e6b8aef86a57ff0c6e59673aa4309599aec15-0,USDCx,7dbf86fafa8cacbca6bbafa7b0324b8ad6a8c1a724e6e95ba33b0f78,3.4296069638137303,0.23617866669458773,0.0787792063,6935.323596005108,1637.97548,1637.97548,"[{""id"":""a04ce7a52545e5e33c2867e148898d9e667a69602285f6a1298f9d68"",""qTokenName"":""qADA"",""qTokenAmount"":945420.563623,""market"":{""id"":""Ada"",""displayName"":""ADA""},""amountInUsd"":4970.832833466757},{""id"":""c45fa8aefc662c003a32be67f6a4652d8ce56bd9e54d7696efd40c86"",""qTokenName"":""qNIGHT"",""qTokenAmount"":3988972.978233,""market"":{""id"":""NIGHT"",""displayName"":""NIGHT""},""amountInUsd"":1964.4907625383514}]",true,false,true
d56cf881c77d1c9126a72a5260e33b5f1b92dfa9ff79abb0bef65adfaf00e941-0,USDCx,d9bee08c7833ac9822bc7fa5d197b79f1f0e75bc9b5357584b03c14e,1.7317333131540824,0.46773945725205873,0.0787792063,1009.9988651276451,472.416321,472.416321,"[{""id"":""a04ce7a52545e5e33c2867e148898d9e667a69602285f6a1298f9d68"",""qTokenName"":""qADA"",""qTokenAmount"":192095.314471,""market"":{""id"":""Ada"",""displayName"":""ADA""},""amountInUsd"":1009.9988651276451}]",true,false,true
bdc8227cbd0e2823853a319404b155e2abee8f2197d78e40ff1e1e0e30abd297-0,USDCx,afc9b358abf75cf3cf36f3c79304dbbb2e903b82c56c0b27b87f84b1,2.9408125180433387,0.27543408327809055,0.0787792063,5235.617879374879,1442.067611,1442.067611,"[{""id"":""c45fa8aefc662c003a32be67f6a4652d8ce56bd9e54d7696efd40c86"",""qTokenName"":""qNIGHT"",""qTokenAmount"":10631120.615805,""market"":{""id"":""NIGHT"",""displayName"":""NIGHT""},""amountInUsd"":5235.617879374879}]",true,false,true
899a8abec1558868b13dd6cb003881dc9f010b705df94c54e3ea52255afaca8b-0,USDCx,fc3f98ae5a3b654f6d89eebba84dede2c2ebe58d58ed3d59984dfef4,1.1671830827938756,0.6854108937948683,0.0787792063,59.87202913101299,41.036941,41.036941,"[{""id"":""6df63e2fdde8b2c3b3396265b0cc824aa4fb999396b1c154280f6b0c"",""qTokenName"":""qDJED"",""qTokenAmount"":1880.953235,""market"":{""id"":""DJED"",""displayName"":""DJED""},""amountInUsd"":59.87202913101298}]",true,false,true
292c9efa4871798b1cd86716536b01f97b6e0adfa36a1e4dfc46c5a29646e1b9-0,USDCx,7ca078b6751d4f92f3ef5282e63292ffce95ef0a31c4dd79ce0d27aa,1.409650800826295,0.5728981667281532,0.0787792063,21431.53676703262,12278.088124,12278.088124,"[{""id"":""a04ce7a52545e5e33c2867e148898d9e667a69602285f6a1298f9d68"",""qTokenName"":""qADA"",""qTokenAmount"":3092307.116208,""market"":{""id"":""Ada"",""displayName"":""ADA""},""amountInUsd"":16258.734298632382},{""id"":""6df63e2fdde8b2c3b3396265b0cc824aa4fb999396b1c154280f6b0c"",""qTokenName"":""qDJED"",""qTokenAmount"":162509.934575,""market"":{""id"":""DJED"",""displayName"":""DJED""},""amountInUsd"":5172.8024684002385}]",true,false,true
6a98874e3f534e011d22cc0a3491448ceaedf6f4a6229526243a5ae8fffb27cc-0,USDCx,a0b37c086931b851e81ab6944d48257a40bb61b8401c3c03dd506f8f,2.027240080858355,0.3995580038339797,0.0787792063,39518.52688592587,15789.943717,15789.943717,"[{""id"":""a04ce7a52545e5e33c2867e148898d9e667a69602285f6a1298f9d68"",""qTokenName"":""qADA"",""qTokenAmount"":6050313.90758,""market"":{""id"":""Ada"",""displayName"":""ADA""},""amountInUsd"":31811.344264955183},{""id"":""c45fa8aefc662c003a32be67f6a4652d8ce56bd9e54d7696efd40c86"",""qTokenName"":""qNIGHT"",""qTokenAmount"":15649726.534542,""market"":{""id"":""NIGHT"",""displayName"":""NIGHT""},""amountInUsd"":7707.182620970693}]",true,false,true
197b91e972aa5bdb9b0cc0a5ce2192ba1ff48560e72cf58248dbfaca04882293-0,USDCx,9d36c291b75e956f8add45efd49acd4f87e7c03e24ddc367568378dc,1.4152584592454216,0.5723336219674466,0.0787792063,10488.744808253541,6004.8,6003.061306,"[{""id"":""a04ce7a52545e5e33c2867e148898d9e667a69602285f6a1298f9d68"",""qTokenName"":""qADA"",""qTokenAmount"":1994892.07554,""market"":{""id"":""Ada"",""displayName"":""ADA""},""amountInUsd"":10488.74480825354}]",true,false,true
e2ddefe053745c398e229ce9d52cdfe429e327d09aaabe3ae2465119278320d6-0,USDCx,45ec9f5dd1ea14a1cfda7bd4b628c3e4c3a051a6adea3576397c788b,1.637770856431878,0.49457468168941704,0.0787792063,824.7441349133829,407.897568,407.897568,"[{""id"":""a04ce7a52545e5e33c2867e148898d9e667a69602285f6a1298f9d68"",""qTokenName"":""qADA"",""qTokenAmount"":156861.051457,""market"":{""id"":""Ada"",""displayName"":""ADA""},""amountInUsd"":824.7441349133829}]",true,false,true
91dbcbd88847a2d93d5a76c67715c6a93d043dbf02e9ae699ee76baca0e03663-0,USDCx,b7bfaeca71f9a2fc804f0fe001dfa3ab0783a56527c7c2df9f3a4e0f,2.2576904033397396,0.35830031569862364,0.0787792063,33412.65951345068,11971.766452,11971.766452,"[{""id"":""a04ce7a52545e5e33c2867e148898d9e667a69602285f6a1298f9d68"",""qTokenName"":""qADA"",""qTokenAmount"":5495718.740012,""market"":{""id"":""Ada"",""displayName"":""ADA""},""amountInUsd"":28895.393444439364},{""id"":""c45fa8aefc662c003a32be67f6a4652d8ce56bd9e54d7696efd40c86"",""qTokenName"":""qNIGHT"",""qTokenAmount"":1921027.858525,""market"":{""id"":""NIGHT"",""displayName"":""NIGHT""},""amountInUsd"":946.0684500106331},{""id"":""aa280c98c5b07fdfc8d7a93fb5ba84510b421388e4a18e16efa8eb5f"",""qTokenName"":""qUSDA"",""qTokenAmount"":158676.506917,""market"":{""id"":""USDA"",""displayName"":""USDA""},""amountInUsd"":3571.197619000682}]",true,false,true
559cba1967f7df4ba1d8e41851f427bd67d3ce0066d0e4847428ff8a866a7e41-0,USDCx,79d5c5fce167cde6ca79f7be9cbea7deac68e6065cfc453e71fcc03a,1.8683723285611002,0.4335324322769272,0.0787792063,3710.481249468475,1608.613961,1608.613961,"[{""id"":""a04ce7a52545e5e33c2867e148898d9e667a69602285f6a1298f9d68"",""qTokenName"":""qADA"",""qTokenAmount"":416142.506102,""market"":{""id"":""Ada"",""displayName"":""ADA""},""amountInUsd"":2187.994330063922},{""id"":""c45fa8aefc662c003a32be67f6a4652d8ce56bd9e54d7696efd40c86"",""qTokenName"":""qNIGHT"",""qTokenAmount"":3091467.415897,""market"":{""id"":""NIGHT"",""displayName"":""NIGHT""},""amountInUsd"":1522.486919404553}]",true,false,true
96f341db95311645f5f558d69a0a37ea835deed6174a68524aafd8d8ab537ad2-0,USDCx,c8aa40036909ec2b80ad527a50b8b3d060b71e55929f6bdb38b24f6b,1.4025160477015608,0.5704034554977375,0.0787792063,5119.230009663892,2920.026487,2920.026487,"[{""id"":""aa280c98c5b07fdfc8d7a93fb5ba84510b421388e4a18e16efa8eb5f"",""qTokenName"":""qUSDA"",""qTokenAmount"":227459.139118,""market"":{""id"":""USDA"",""displayName"":""USDA""},""amountInUsd"":5119.230009663892}]",true,false,true
b07d4d5afe7266c27be1ab29d75609eff79af8c407af8bf6ceaa14b1c046c2fc-0,USDCx,31eec5d71937555a28119e20dadcbe20b67b367b2f31f21957466444,1.2516306354097848,0.6391662023661473,0.0787792063,8607.186158520475,5504.4,5501.42249,"[{""id"":""6df63e2fdde8b2c3b3396265b0cc824aa4fb999396b1c154280f6b0c"",""qTokenName"":""qDJED"",""qTokenAmount"":31155.677864,""market"":{""id"":""DJED"",""displayName"":""DJED""},""amountInUsd"":991.706554931901},{""id"":""9e00df0615de0a7b121a7f961d43e23165b8e81b64786c6eb708d370"",""qTokenName"":""qUSDM"",""qTokenAmount"":301129.010987,""market"":{""id"":""USDM"",""displayName"":""USDM""},""amountInUsd"":7615.479603588575}]",true,false,true
6833d98eb7ae95b16287fe86200466494a124bf29f0a19148240c7cc5735fff9-0,USDCx,b7ea622f41dbf475673dae4f5a2c1596f22e2a8bf2f9ffd966ea2f99,4.125706444681543,0.1963300130197515,0.0787792063,7465.363748804661,1465.674962,1465.674962,"[{""id"":""a04ce7a52545e5e33c2867e148898d9e667a69602285f6a1298f9d68"",""qTokenName"":""qADA"",""qTokenAmount"":1419864.364685,""market"":{""id"":""Ada"",""displayName"":""ADA""},""amountInUsd"":7465.363748804661}]",true,false,true
61c37e69f9cafbce26eb3695dee45f4d686a44b40ee43d21ed262008a02819b3-0,USDCx,b7ea622f41dbf475673dae4f5a2c1596f22e2a8bf2f9ffd966ea2f99,4.3191694666955245,0.18753605438401755,0.0787792063,6216.498042625743,1165.817515,1165.817515,"[{""id"":""a04ce7a52545e5e33c2867e148898d9e667a69602285f6a1298f9d68"",""qTokenName"":""qADA"",""qTokenAmount"":1182338.107138,""market"":{""id"":""Ada"",""displayName"":""ADA""},""amountInUsd"":6216.4980426257425}]",true,false,true
999c72539ed5cee11db35e8c67a8b9f5e77c72085dfbe30fcfe0c2906bdf0856-0,USDCx,b7ea622f41dbf475673dae4f5a2c1596f22e2a8bf2f9ffd966ea2f99,3.277784815381332,0.24711811348902293,0.0787792063,9955.74084903851,2460.243897,2460.243897,"[{""id"":""a04ce7a52545e5e33c2867e148898d9e667a69602285f6a1298f9d68"",""qTokenName"":""qADA"",""qTokenAmount"":1893518.136722,""market"":{""id"":""Ada"",""displayName"":""ADA""},""amountInUsd"":9955.74084903851}]",true,false,true
c9742e52d8fb09b2157e67c467bf6cfffd895ddff65afe4e4bf5117b54adc496-0,USDCx,ba72908b1302e5a0c588f941759fec45a940a8c97b9362f2946ecf9e,2.194736653730274,0.369064779878391,0.0787792063,10595.516413916577,3913.128,3910.431933,"[{""id"":""a04ce7a52545e5e33c2867e148898d9e667a69602285f6a1298f9d68"",""qTokenName"":""qADA"",""qTokenAmount"":2015199.350998,""market"":{""id"":""Ada"",""displayName"":""ADA""},""amountInUsd"":10595.516413916577}]",true,false,true
24d473caca4813f6e4d1977523e83bcefd0637e748b77deab16912f468382344-0,USDCx,0c9e8fdce6a75d5202f0adb8c51df9ae4259b2818fa464e43ee773aa,2.656972199557343,0.3010946069113111,0.0787792063,38230.672894086856,11511.049427,11511.049427,"[{""id"":""6df63e2fdde8b2c3b3396265b0cc824aa4fb999396b1c154280f6b0c"",""qTokenName"":""qDJED"",""qTokenAmount"":461516.710244,""market"":{""id"":""DJED"",""displayName"":""DJED""},""amountInUsd"":14690.392831684647},{""id"":""aa280c98c5b07fdfc8d7a93fb5ba84510b421388e4a18e16efa8eb5f"",""qTokenName"":""qUSDA"",""qTokenAmount"":645706.977535,""market"":{""id"":""USDA"",""displayName"":""USDA""},""amountInUsd"":14532.37952831484},{""id"":""9e00df0615de0a7b121a7f961d43e23165b8e81b64786c6eb708d370"",""qTokenName"":""qUSDM"",""qTokenAmount"":356187.701904,""market"":{""id"":""USDM"",""displayName"":""USDM""},""amountInUsd"":9007.900534087372}]",true,false,true
40065ed479d98b44fdcbf97f0f334ecfd34338740a242f00f6d39861522b474a-0,USDCx,df3d3096984141dc893331e5dafb79e9f86c93e769b33b3876d7f2fd,1.3169328033821688,0.6150655507401322,0.0787792063,8453.829200388556,5199.659113,5199.659113,"[{""id"":""a04ce7a52545e5e33c2867e148898d9e667a69602285f6a1298f9d68"",""qTokenName"":""qADA"",""qTokenAmount"":1607864.161835,""market"":{""id"":""Ada"",""displayName"":""ADA""},""amountInUsd"":8453.829200388556}]",true,false,true
7756579ce3f57bfbaf7676288ab390c24d3862e39f09c56b3a946435609d64a4-0,USDCx,31e107093f7efc883b1697e6d0513070e7bde9efd8127e5552815aae,1.245883724079359,0.6501409275560979,0.0787792063,172388.6962974337,112076.946911,112076.946911,"[{""id"":""a04ce7a52545e5e33c2867e148898d9e667a69602285f6a1298f9d68"",""qTokenName"":""qADA"",""qTokenAmount"":32787225.778037,""market"":{""id"":""Ada"",""displayName"":""ADA""},""amountInUsd"":172388.6962974337}]",true,false,true
f5fcb3bf39e3401ecba1a8d4cda3fe901beb0fbda521de0d7451a536a981747a-0,USDCx,26078d2dd0693390216c2b2fce5eaffaaa934433fff80c67ed449589,2.877193068543215,0.28103290929552704,0.0787792063,217.07313621355647,61.0488,61.004695,"[{""id"":""a04ce7a52545e5e33c2867e148898d9e667a69602285f6a1298f9d68"",""qTokenName"":""qADA"",""qTokenAmount"":35447.83767,""market"":{""id"":""Ada"",""displayName"":""ADA""},""amountInUsd"":186.37766317477744},{""id"":""6df63e2fdde8b2c3b3396265b0cc824aa4fb999396b1c154280f6b0c"",""qTokenName"":""qDJED"",""qTokenAmount"":964.335937,""market"":{""id"":""DJED"",""displayName"":""DJED""},""amountInUsd"":30.69547303877903}]",true,false,true
7f7e9c7c241428a80452acd4fada2dd0b92feb8a09fa8bffe2a51aeb99b508a1-0,USDCx,77b7440864d32b34e6ec22028360610a6f6149404343b1a6802c1a22,1.1522887113577247,0.6942704481217835,0.0787792063,15949.418698371017,11080.84718,11073.210067,"[{""id"":""6df63e2fdde8b2c3b3396265b0cc824aa4fb999396b1c154280f6b0c"",""qTokenName"":""qDJED"",""qTokenAmount"":95514.10755,""market"":{""id"":""DJED"",""displayName"":""DJED""},""amountInUsd"":3040.2794302625534},{""id"":""9e00df0615de0a7b121a7f961d43e23165b8e81b64786c6eb708d370"",""qTokenName"":""qUSDM"",""qTokenAmount"":510449.31414,""market"":{""id"":""USDM"",""displayName"":""USDM""},""amountInUsd"":12909.139268108464}]",true,false,true
4017f161b4b4427649a594b72941e2473e2039c40cad16fc8676b71dc5224102-0,USDCx,aa3a0f3620d471c98511344a54e0eabb28324e2b57bcb5d698c93457,2.3300130995871284,0.34763753051153645,0.0787792063,37298.720020017245,12966.434919,12966.434919,"[{""id"":""a04ce7a52545e5e33c2867e148898d9e667a69602285f6a1298f9d68"",""qTokenName"":""qADA"",""qTokenAmount"":7093977.626109,""market"":{""id"":""Ada"",""displayName"":""ADA""},""amountInUsd"":37298.72002001724}]",true,false,true
28f686a887d7da2a7d328b22b1e38c0996c903e8e1f2e59dff182195006d0635-0,USDCx-USDM-SUNDAE-LP-STABLESWAP,aa61c67e40e558aeaeaa2a64a3811a5c97c0d2474b99cbfa048220d8,3.3181641223076213,0.24411089088525392,0.0744375252,11194.478582741,2732.6941398288,2732.6941398288,"[{""id"":""a04ce7a52545e5e33c2867e148898d9e667a69602285f6a1298f9d68"",""qTokenName"":""qADA"",""qTokenAmount"":2129118.11878,""market"":{""id"":""Ada"",""displayName"":""ADA""},""amountInUsd"":11194.478582741}]",true,false,true
7c759ae7a12eeed459475add86b17a68ef8bdccca17f74de43e7fec835725ded-0,USDCx-USDM-SUNDAE-LP-STABLESWAP,7073ac3b3a3f8c52767c32756fd1064f4e63d6ad85a71c374041124e,1.177499073165589,0.6794060549442978,0.0744375252,1045.2357669432631,710.1395089056,710.1395089056,"[{""id"":""6df63e2fdde8b2c3b3396265b0cc824aa4fb999396b1c154280f6b0c"",""qTokenName"":""qDJED"",""qTokenAmount"":32837.363719,""market"":{""id"":""DJED"",""displayName"":""DJED""},""amountInUsd"":1045.2357669432631}]",true,false,true
f3aa45b0578137d1be6fdaf0ab1f6057c8777e1c51efa6ec14a6b45ec146972d-0,USDCx-USDM-SUNDAE-LP-STABLESWAP,08abc365d15eb5a450ff8ed2a6207bfa3cb5a0df4ec1ddd0e6636026,1.287699449799412,0.6237272027973852,0.0744375252,1218.7782102845727,760.1851239312,760.1851239312,"[{""id"":""a04ce7a52545e5e33c2867e148898d9e667a69602285f6a1298f9d68"",""qTokenName"":""qADA"",""qTokenAmount"":73555.425122,""market"":{""id"":""Ada"",""displayName"":""ADA""},""amountInUsd"":386.73976042459344},{""id"":""d3ff4ac09b0978b1ef7f830fd04d79c4246b53b8bcb08108f4ac5d98"",""qTokenName"":""qUSDCx"",""qTokenAmount"":28046.401806,""market"":{""id"":""USDCx"",""displayName"":""USDCx""},""amountInUsd"":572.700294874699},{""id"":""9e00df0615de0a7b121a7f961d43e23165b8e81b64786c6eb708d370"",""qTokenName"":""qUSDM"",""qTokenAmount"":10254.671562,""market"":{""id"":""USDM"",""displayName"":""USDM""},""amountInUsd"":259.3381549852803}]",true,false,true
77ff5312e71cf592f9eca762140edd79b6215ad53b038bc903be68c52f4ffb70-0,USDCx-USDM-SUNDAE-LP-STABLESWAP,cbf9c904370892e7f2ce988e24889b36477ed91a5ea8e8d642eaa876,1.4035331875826984,0.5699900843654705,0.0744375252,5818.070884511856,3316.2427143072,3316.2427143072,"[{""id"":""6df63e2fdde8b2c3b3396265b0cc824aa4fb999396b1c154280f6b0c"",""qTokenName"":""qDJED"",""qTokenAmount"":43315.853467,""market"":{""id"":""DJED"",""displayName"":""DJED""},""amountInUsd"":1378.7732689754584},{""id"":""aa280c98c5b07fdfc8d7a93fb5ba84510b421388e4a18e16efa8eb5f"",""qTokenName"":""qUSDA"",""qTokenAmount"":172001.614698,""market"":{""id"":""USDA"",""displayName"":""USDA""},""amountInUsd"":3871.0945231172195},{""id"":""9e00df0615de0a7b121a7f961d43e23165b8e81b64786c6eb708d370"",""qTokenName"":""qUSDM"",""qTokenAmount"":22467.716305,""market"":{""id"":""USDM"",""displayName"":""USDM""},""amountInUsd"":568.2030924191778}]",true,false,true
b25ea3c7d3c0db660c80d3304348f872a9927cb14adffe85d7e46755d4e5095a-0,USDCx-USDM-SUNDAE-LP-STABLESWAP,5bdc6cd2b2ad7a3574395ae37905541cb4a4f11a1fb141aaa1903771,1.1518326340741905,0.6945453500221556,0.0744375252,4336.930553824762,3012.194949528,3012.194949528,"[{""id"":""d3ff4ac09b0978b1ef7f830fd04d79c4246b53b8bcb08108f4ac5d98"",""qTokenName"":""qUSDCx"",""qTokenAmount"":124674.369716,""market"":{""id"":""USDCx"",""displayName"":""USDCx""},""amountInUsd"":2545.8184901421305},{""id"":""9e00df0615de0a7b121a7f961d43e23165b8e81b64786c6eb708d370"",""qTokenName"":""qUSDM"",""qTokenAmount"":70823.616158,""market"":{""id"":""USDM"",""displayName"":""USDM""},""amountInUsd"":1791.1120636826308}]",true,false,true
98620c4a2f2eb2e8d46a997a70a15223b5320af1d887b795e788137990d3f413-0,USDCx-USDM-SUNDAE-LP-STABLESWAP,50b984ca982d833e08f2bd2124164aef4193d86503cb484ecbeb1abc,2.0434400146381075,0.39149668904848167,0.0744375252,1038.9882103529824,406.7604443136,406.7604443136,"[{""id"":""6df63e2fdde8b2c3b3396265b0cc824aa4fb999396b1c154280f6b0c"",""qTokenName"":""qDJED"",""qTokenAmount"":12946.762211,""market"":{""id"":""DJED"",""displayName"":""DJED""},""amountInUsd"":412.1043042568201},{""id"":""9e00df0615de0a7b121a7f961d43e23165b8e81b64786c6eb708d370"",""qTokenName"":""qUSDM"",""qTokenAmount"":24788.055444,""market"":{""id"":""USDM"",""displayName"":""USDM""},""amountInUsd"":626.8839060961623}]",true,false,true
f4f9c9b6ffa5fa0a415d1e743a266fdb8e0e10a30afefc648d8ad05e544bf504-0,USDCx-USDM-SUNDAE-LP-STABLESWAP,a54d5bb9f4e71a922a6200eaae3552bc8eca09d8f68783379a37d045,3.687981231907008,0.2196323541432881,0.0744375252,17406.117142148876,3822.946484424,3822.946484424,"[{""id"":""a04ce7a52545e5e33c2867e148898d9e667a69602285f6a1298f9d68"",""qTokenName"":""qADA"",""qTokenAmount"":3310531.983338,""market"":{""id"":""Ada"",""displayName"":""ADA""},""amountInUsd"":17406.117142148876}]",true,false,true
68f14154cd2723ccb596f95a17f0d00df4d2690dcb3aa24b2b7fe5f35e46b422-0,USDCx-USDM-SUNDAE-LP-STABLESWAP,a54d5bb9f4e71a922a6200eaae3552bc8eca09d8f68783379a37d045,2.2623384653169167,0.35361640721072785,0.0744375252,26285.864183884532,9295.1128531344,9295.1128531344,"[{""id"":""6df63e2fdde8b2c3b3396265b0cc824aa4fb999396b1c154280f6b0c"",""qTokenName"":""qDJED"",""qTokenAmount"":825802.665937,""market"":{""id"":""DJED"",""displayName"":""DJED""},""amountInUsd"":26285.864183884532}]",true,false,true
11e57b0165a273320916938fb15aceb1aad743a22c9237ba2abdefc60b5e0563-0,USDCx-USDM-SUNDAE-LP-STABLESWAP,02323783efb4a3e9eff7c914fa5d2679fd9cb37f7a40504ea94ee4ab,1.4935776614095928,0.5356266504715828,0.0744375252,1915.9293867168124,1026.2228399472,1026.2228399472,"[{""id"":""9e00df0615de0a7b121a7f961d43e23165b8e81b64786c6eb708d370"",""qTokenName"":""qUSDM"",""qTokenAmount"":75759.105319,""market"":{""id"":""USDM"",""displayName"":""USDM""},""amountInUsd"":1915.9293867168124}]",true,false,true
b0084be356fb92773a7f2ff93879ebb1d846caa2209ae1bd25b733b2f2a73aec-0,USDCx-USDM-SUNDAE-LP-STABLESWAP,5b4404b491d2c60ab1f763af4b21419beab6bdab4637d9ad67e0301f,1.2036302804152295,0.6646559271706053,0.0744375252,6801.351932508763,4520.5588747152,4520.5588747152,"[{""id"":""6df63e2fdde8b2c3b3396265b0cc824aa4fb999396b1c154280f6b0c"",""qTokenName"":""qDJED"",""qTokenAmount"":213672.813591,""market"":{""id"":""DJED"",""displayName"":""DJED""},""amountInUsd"":6801.351932508763}]",true,false,true
cb2ea6295ffa4d024c7861ef90182da9df78094011bba9ee83973c629cbb53ad-0,USDCx-USDM-SUNDAE-LP-STABLESWAP,5b4404b491d2c60ab1f763af4b21419beab6bdab4637d9ad67e0301f,1.1933630905110035,0.6703743448755705,0.0744375252,19500.39251271053,13072.5628555248,13072.5628555248,"[{""id"":""6df63e2fdde8b2c3b3396265b0cc824aa4fb999396b1c154280f6b0c"",""qTokenName"":""qDJED"",""qTokenAmount"":126448.640257,""market"":{""id"":""DJED"",""displayName"":""DJED""},""amountInUsd"":4024.946783455828},{""id"":""aa280c98c5b07fdfc8d7a93fb5ba84510b421388e4a18e16efa8eb5f"",""qTokenName"":""qUSDA"",""qTokenAmount"":330528.781027,""market"":{""id"":""USDA"",""displayName"":""USDA""},""amountInUsd"":7438.931060111195},{""id"":""9e00df0615de0a7b121a7f961d43e23165b8e81b64786c6eb708d370"",""qTokenName"":""qUSDM"",""qTokenAmount"":317777.453302,""market"":{""id"":""USDM"",""displayName"":""USDM""},""amountInUsd"":8036.514669143507}]",true,false,true
724a28a3a7e16c2c89a2fe5cbbf3c84af5eed5ff885caddeea793dd6050cf0ce-0,USDCx-USDM-SUNDAE-LP-STABLESWAP,4887359fb0cde6583bcd0f259d178215ad17310f186cb3cee8ec7d11,1.155409666708788,0.6927519241454568,0.0744375252,60314.942654794824,41783.292578832,41783.292578832,"[{""id"":""a04ce7a52545e5e33c2867e148898d9e667a69602285f6a1298f9d68"",""qTokenName"":""qADA"",""qTokenAmount"":472935.937018,""market"":{""id"":""Ada"",""displayName"":""ADA""},""amountInUsd"":2486.6028668199033},{""id"":""6df63e2fdde8b2c3b3396265b0cc824aa4fb999396b1c154280f6b0c"",""qTokenName"":""qDJED"",""qTokenAmount"":818595.206961,""market"":{""id"":""DJED"",""displayName"":""DJED""},""amountInUsd"":26056.44583060386},{""id"":""aa280c98c5b07fdfc8d7a93fb5ba84510b421388e4a18e16efa8eb5f"",""qTokenName"":""qUSDA"",""qTokenAmount"":625238.751519,""market"":{""id"":""USDA"",""displayName"":""USDA""},""amountInUsd"":14071.71851784943},{""id"":""9e00df0615de0a7b121a7f961d43e23165b8e81b64786c6eb708d370"",""qTokenName"":""qUSDM"",""qTokenAmount"":699895.02984,""market"":{""id"":""USDM"",""displayName"":""USDM""},""amountInUsd"":17700.17543952163}]",true,false,true
21ed69b4020d6f75618f2cb9d305c298e3cc441b84d41eccbf2e4da90f3b5374-0,USDCx-USDM-SUNDAE-LP-STABLESWAP,fc3f98ae5a3b654f6d89eebba84dede2c2ebe58d58ed3d59984dfef4,1.149626741792673,0.6969008158626145,0.0744375252,1423.3707756639367,991.9482548352,991.9482548352,"[{""id"":""6df63e2fdde8b2c3b3396265b0cc824aa4fb999396b1c154280f6b0c"",""qTokenName"":""qDJED"",""qTokenAmount"":24284.583209,""market"":{""id"":""DJED"",""displayName"":""DJED""},""amountInUsd"":772.9949082565877},{""id"":""c45fa8aefc662c003a32be67f6a4652d8ce56bd9e54d7696efd40c86"",""qTokenName"":""qNIGHT"",""qTokenAmount"":339834.826119,""market"":{""id"":""NIGHT"",""displayName"":""NIGHT""},""amountInUsd"":167.36197019698315},{""id"":""aa280c98c5b07fdfc8d7a93fb5ba84510b421388e4a18e16efa8eb5f"",""qTokenName"":""qUSDA"",""qTokenAmount"":21461.416079,""market"":{""id"":""USDA"",""displayName"":""USDA""},""amountInUsd"":483.0138972103659}]",true,false,true
1ff5c7f28690457b8306914b937787418c450692394ab41df3724d15f6d2d1a8-0,USDM,dbdb71212f25c637e3ad6480b848de1df81231f9c9f8c8f3d629972a,2.774365127845098,0.25646304648740254,0.2804283118,802.8363728031817,205.897862,205.897862,"[{""id"":""c45fa8aefc662c003a32be67f6a4652d8ce56bd9e54d7696efd40c86"",""qTokenName"":""qNIGHT"",""qTokenAmount"":1012737.370523,""market"":{""id"":""NIGHT"",""displayName"":""NIGHT""},""amountInUsd"":498.75324303427857},{""id"":""e1ff3557106fe13042ba0f772af6a2e43903ccfaaf03295048882c93"",""qTokenName"":""qSHEN"",""qTokenAmount"":96699.485438,""market"":{""id"":""SHEN"",""displayName"":""SHEN""},""amountInUsd"":304.0831297689032}]",true,false,true
d6302d27bbe4fec3eb91e8acef48e453ef1368a8c2f081208f43657ba7709983-0,USDM,c2e3441f2251e8fa1ac9346b3e6c36023f7bd8d19e12aa6b198f3b61,3.4055299984522884,0.168417424044932,0.2804283118,528.5688075614453,89.020197,89.020197,"[{""id"":""f60b7232837203d335cd77494d25c1cc0b218b9a8f3459730c521d13"",""qTokenName"":""qIAG"",""qTokenAmount"":128787.748486,""market"":{""id"":""IAG"",""displayName"":""IAG""},""amountInUsd"":58.46401732316126},{""id"":""c45fa8aefc662c003a32be67f6a4652d8ce56bd9e54d7696efd40c86"",""qTokenName"":""qNIGHT"",""qTokenAmount"":454312.693533,""market"":{""id"":""NIGHT"",""displayName"":""NIGHT""},""amountInUsd"":223.74006909037632},{""id"":""4e8c49d610335d139ad7711e0f50315006e29b5221da531e365b4ef8"",""qTokenName"":""qSNEK"",""qTokenAmount"":19928371,""market"":{""id"":""SNEK"",""displayName"":""SNEK""},""amountInUsd"":246.36472114790777}]",true,false,true
e9ab30e695d4094fd13dfe47035f48dd372a01a095ba43ae2c20d254e1ceb8b9-0,USDM,00a5e42a0f3c74c4750615ec666062dff8b982533a4f858f623804f5,2.6261093717416157,0.3084410758805579,0.2804283118,4976.414203646446,1534.930551,1534.930551,"[{""id"":""a04ce7a52545e5e33c2867e148898d9e667a69602285f6a1298f9d68"",""qTokenName"":""qADA"",""qTokenAmount"":946482.104479,""market"":{""id"":""Ada"",""displayName"":""ADA""},""amountInUsd"":4976.414203646447}]",true,false,true
1197e687ac7f724d295c60bd8ff88436566bd1b13e6dbad7c2ed5e3b2bc6dcaf-0,USDM,ab4f5579da85648d194c57eafddd90eaaec0f0b27283778cfce8e9e2,2.672795125221875,0.30305353087351206,0.2804283118,7437.6609917829155,2254.009425,2254.009425,"[{""id"":""a04ce7a52545e5e33c2867e148898d9e667a69602285f6a1298f9d68"",""qTokenName"":""qADA"",""qTokenAmount"":1414595.477753,""market"":{""id"":""Ada"",""displayName"":""ADA""},""amountInUsd"":7437.6609917829155}]",true,false,true
693c290354b45758b96cc42769d3ec44e1b26077e103f500ddf0e6d55495575f-19,USDM,4a8d2892b611626f7aa81094b05435caf4d4f3326b53ae9192bde714,557.7355902650523,0.0014523010798272067,0.2804283118,16.790595516806544,0.024385,0.024385,"[{""id"":""a04ce7a52545e5e33c2867e148898d9e667a69602285f6a1298f9d68"",""qTokenName"":""qADA"",""qTokenAmount"":3193.463713,""market"":{""id"":""Ada"",""displayName"":""ADA""},""amountInUsd"":16.790595516806544}]",true,false,true
693c290354b45758b96cc42769d3ec44e1b26077e103f500ddf0e6d55495575f-18,USDM,4a8d2892b611626f7aa81094b05435caf4d4f3326b53ae9192bde714,6309613.60653529,1.2837553145267543e-7,0.2804283118,31.158585711285383,0.000004,0.000004,"[{""id"":""a04ce7a52545e5e33c2867e148898d9e667a69602285f6a1298f9d68"",""qTokenName"":""qADA"",""qTokenAmount"":5926.163412,""market"":{""id"":""Ada"",""displayName"":""ADA""},""amountInUsd"":31.158585711285387}]",true,false,true
693c290354b45758b96cc42769d3ec44e1b26077e103f500ddf0e6d55495575f-16,USDM,4a8d2892b611626f7aa81094b05435caf4d4f3326b53ae9192bde714,0,0,0.2804283118,8.470062376774873,0,0,"[{""id"":""a04ce7a52545e5e33c2867e148898d9e667a69602285f6a1298f9d68"",""qTokenName"":""qADA"",""qTokenAmount"":1610.951608,""market"":{""id"":""Ada"",""displayName"":""ADA""},""amountInUsd"":8.470062376774875}]",false,false,true
693c290354b45758b96cc42769d3ec44e1b26077e103f500ddf0e6d55495575f-15,USDM,b4fccd4c79f6bf62d840b802cee4ae80774dfd839ebcbd08ac60b8ea,0,0,0.2804283118,94.84856954565757,0,0,"[{""id"":""a04ce7a52545e5e33c2867e148898d9e667a69602285f6a1298f9d68"",""qTokenName"":""qADA"",""qTokenAmount"":18039.590363,""market"":{""id"":""Ada"",""displayName"":""ADA""},""amountInUsd"":94.84856954565757}]",false,false,true
693c290354b45758b96cc42769d3ec44e1b26077e103f500ddf0e6d55495575f-14,USDM,4a8d2892b611626f7aa81094b05435caf4d4f3326b53ae9192bde714,0,0,0.2804283118,10.98135184251776,0,0,"[{""id"":""a04ce7a52545e5e33c2867e148898d9e667a69602285f6a1298f9d68"",""qTokenName"":""qADA"",""qTokenAmount"":2088.582778,""market"":{""id"":""Ada"",""displayName"":""ADA""},""amountInUsd"":10.98135184251776}]",false,false,true
693c290354b45758b96cc42769d3ec44e1b26077e103f500ddf0e6d55495575f-12,USDM,5faa41fb1987d64e64f685c7c367f42141339a2423a7521364274659,0,0,0.2804283118,79.7672247429572,0,0,"[{""id"":""a04ce7a52545e5e33c2867e148898d9e667a69602285f6a1298f9d68"",""qTokenName"":""qADA"",""qTokenAmount"":15171.215187,""market"":{""id"":""Ada"",""displayName"":""ADA""},""amountInUsd"":79.76722474295718}]",false,false,true
693c290354b45758b96cc42769d3ec44e1b26077e103f500ddf0e6d55495575f-5,USDM,03f8417e0c6dc307d84bfe98b96598334f41801bc928969197bd68e7,0,0,0.2804283118,202.5407520692205,0,0,"[{""id"":""a04ce7a52545e5e33c2867e148898d9e667a69602285f6a1298f9d68"",""qTokenName"":""qADA"",""qTokenAmount"":38521.953643,""market"":{""id"":""Ada"",""displayName"":""ADA""},""amountInUsd"":202.5407520692205}]",false,false,true
693c290354b45758b96cc42769d3ec44e1b26077e103f500ddf0e6d55495575f-2,USDM,2f694025c501b6632f53a3e87a263f711ebd816228403c5223db101e,0,0,0.2804283118,106.04512527101372,0,0,"[{""id"":""a04ce7a52545e5e33c2867e148898d9e667a69602285f6a1298f9d68"",""qTokenName"":""qADA"",""qTokenAmount"":20169.103541,""market"":{""id"":""Ada"",""displayName"":""ADA""},""amountInUsd"":106.04512527101372}]",false,false,true
693c290354b45758b96cc42769d3ec44e1b26077e103f500ddf0e6d55495575f-1,USDM,076fe746635376963ae1c07c98dfa6a84168ff429673d2546ee5e744,0,0,0.2804283118,279.09185372970796,0,0,"[{""id"":""a04ce7a52545e5e33c2867e148898d9e667a69602285f6a1298f9d68"",""qTokenName"":""qADA"",""qTokenAmount"":53081.482821,""market"":{""id"":""Ada"",""displayName"":""ADA""},""amountInUsd"":279.09185372970796}]",false,false,true
693c290354b45758b96cc42769d3ec44e1b26077e103f500ddf0e6d55495575f-22,USDM,111f4fa65714de665800cdaa883559bc60d994f34ef9f49b372d5c12,0,0,0.2804283118,366.51285938889964,0,0,"[{""id"":""a04ce7a52545e5e33c2867e148898d9e667a69602285f6a1298f9d68"",""qTokenName"":""qADA"",""qTokenAmount"":69708.398111,""market"":{""id"":""Ada"",""displayName"":""ADA""},""amountInUsd"":366.51285938889964}]",false,false,true
693c290354b45758b96cc42769d3ec44e1b26077e103f500ddf0e6d55495575f-27,USDM,45269560c7c89f7f464f9c48cae1c6019656d4f0739f606ff5fc1d71,2.063429108587842,0.35282251453825214,0.2804283118,2293.7858403371756,809.299288,809.299288,"[{""id"":""a04ce7a52545e5e33c2867e148898d9e667a69602285f6a1298f9d68"",""qTokenName"":""qADA"",""qTokenAmount"":14229.556566,""market"":{""id"":""Ada"",""displayName"":""ADA""},""amountInUsd"":74.81617145377743},{""id"":""d15c36d6dec655677acb3318294f116ce01d8d9def3cc54cdd78909b"",""qTokenName"":""qiUSD"",""qTokenAmount"":70418.064347,""market"":{""id"":""IUSD"",""displayName"":""iUSD""},""amountInUsd"":1944.4864582759333},{""id"":""3883e3e6a24e092d4c14e757fa8ef5c887853060def087d6cf5603f5"",""qTokenName"":""qLQ"",""qTokenAmount"":18380.18902,""market"":{""id"":""LQ"",""displayName"":""LQ""},""amountInUsd"":136.9177043300596},{""id"":""a4430a085f45bca6399bec6bd7514eb8c2fce1ed75c7554739cfc32b"",""qTokenName"":""qMIN"",""qTokenAmount"":1784135.61644,""market"":{""id"":""MIN"",""displayName"":""MIN""},""amountInUsd"":137.56550627740526}]",true,false,true
693c290354b45758b96cc42769d3ec44e1b26077e103f500ddf0e6d55495575f-32,USDM,b7512015cae67632225678840780b93cfe79e108ee33dc481b27dfe7,3.560335332599441,0.22750666000008765,0.2804283118,906.5128554914417,206.237712,206.237712,"[{""id"":""a04ce7a52545e5e33c2867e148898d9e667a69602285f6a1298f9d68"",""qTokenName"":""qADA"",""qTokenAmount"":172412.938331,""market"":{""id"":""Ada"",""displayName"":""ADA""},""amountInUsd"":906.5128554914417}]",true,false,true
693c290354b45758b96cc42769d3ec44e1b26077e103f500ddf0e6d55495575f-34,USDM,023c0df84d4a957c34e357cd9148034fa71f7ebca31cf2c6d131a2ae,1.6941808939254253,0.47810715072062115,0.2804283118,261.12530384000235,124.845875,124.845875,"[{""id"":""a04ce7a52545e5e33c2867e148898d9e667a69602285f6a1298f9d68"",""qTokenName"":""qADA"",""qTokenAmount"":49664.360119,""market"":{""id"":""Ada"",""displayName"":""ADA""},""amountInUsd"":261.12530384000235}]",true,false,true
693c290354b45758b96cc42769d3ec44e1b26077e103f500ddf0e6d55495575f-35,USDM,05397bac71066d6cf4f3c82541bf09806a142d9db5341d0814ad7f4f,4.531915314657712,0.1787323777609419,0.2804283118,1350.6528085408484,241.405388,241.405388,"[{""id"":""a04ce7a52545e5e33c2867e148898d9e667a69602285f6a1298f9d68"",""qTokenName"":""qADA"",""qTokenAmount"":256885.512406,""market"":{""id"":""Ada"",""displayName"":""ADA""},""amountInUsd"":1350.6528085408484}]",true,false,true
693c290354b45758b96cc42769d3ec44e1b26077e103f500ddf0e6d55495575f-36,USDM,127c9d0188e54a096077518e97911454457de7b90fb7f224d384f969,1.7253446678944246,0.469471413493576,0.2804283118,106.7615973186104,50.121518,50.121518,"[{""id"":""a04ce7a52545e5e33c2867e148898d9e667a69602285f6a1298f9d68"",""qTokenName"":""qADA"",""qTokenAmount"":20305.371935,""market"":{""id"":""Ada"",""displayName"":""ADA""},""amountInUsd"":106.7615973186104}]",true,false,true
693c290354b45758b96cc42769d3ec44e1b26077e103f500ddf0e6d55495575f-39,USDM,e1f426a186747eb54b87ac3299b629e499943f6e202a0692d80910dd,2.3669728875295637,0.3422092429818265,0.2804283118,19027.10779599191,6511.252155,6511.252155,"[{""id"":""a04ce7a52545e5e33c2867e148898d9e667a69602285f6a1298f9d68"",""qTokenName"":""qADA"",""qTokenAmount"":3618834.022237,""market"":{""id"":""Ada"",""displayName"":""ADA""},""amountInUsd"":19027.10779599191}]",true,false,true
693c290354b45758b96cc42769d3ec44e1b26077e103f500ddf0e6d55495575f-40,USDM,0bb9e9717dfc331cc3f4c6a3c26ca4d03e30da9e16be2e44b0f32901,1.7946436927056038,0.4513430734425308,0.2804283118,203.63526418823565,91.909366,91.909366,"[{""id"":""a04ce7a52545e5e33c2867e148898d9e667a69602285f6a1298f9d68"",""qTokenName"":""qADA"",""qTokenAmount"":38730.122837,""market"":{""id"":""Ada"",""displayName"":""ADA""},""amountInUsd"":203.63526418823565}]",true,false,true
693c290354b45758b96cc42769d3ec44e1b26077e103f500ddf0e6d55495575f-45,USDM,b6e464a4967689c7efd1a575d7f656872416fe298518f56826f167b4,2.118146083186304,0.3824098849601185,0.2804283118,72600.32267182479,27763.081041,27763.081041,"[{""id"":""a04ce7a52545e5e33c2867e148898d9e667a69602285f6a1298f9d68"",""qTokenName"":""qADA"",""qTokenAmount"":13808116.321574,""market"":{""id"":""Ada"",""displayName"":""ADA""},""amountInUsd"":72600.32267182478}]",true,false,true
693c290354b45758b96cc42769d3ec44e1b26077e103f500ddf0e6d55495575f-20,USDM,4a8d2892b611626f7aa81094b05435caf4d4f3326b53ae9192bde714,0,0,0.2804283118,13.605457641906197,0,0,"[{""id"":""a04ce7a52545e5e33c2867e148898d9e667a69602285f6a1298f9d68"",""qTokenName"":""qADA"",""qTokenAmount"":2587.670892,""market"":{""id"":""Ada"",""displayName"":""ADA""},""amountInUsd"":13.605457641906197}]",false,false,true
693c290354b45758b96cc42769d3ec44e1b26077e103f500ddf0e6d55495575f-24,USDM,6f918368c466826c9f5e8a4a660537e28077619a3e1b2640e499854d,0,0,0.2804283118,149.90029512185026,0,0,"[{""id"":""3883e3e6a24e092d4c14e757fa8ef5c887853060def087d6cf5603f5"",""qTokenName"":""qLQ"",""qTokenAmount"":20123.005801,""market"":{""id"":""LQ"",""displayName"":""LQ""},""amountInUsd"":149.90029512185026}]",false,false,true
693c290354b45758b96cc42769d3ec44e1b26077e103f500ddf0e6d55495575f-25,USDM,c97315e414c9b15a013f216d0345e1669cfbdd86681ed6891e1eb33f,0,0,0.2804283118,47.49343153638501,0,0,"[{""id"":""a04ce7a52545e5e33c2867e148898d9e667a69602285f6a1298f9d68"",""qTokenName"":""qADA"",""qTokenAmount"":9032.946453,""market"":{""id"":""Ada"",""displayName"":""ADA""},""amountInUsd"":47.49343153638501}]",false,false,true
693c290354b45758b96cc42769d3ec44e1b26077e103f500ddf0e6d55495575f-26,USDM,45269560c7c89f7f464f9c48cae1c6019656d4f0739f606ff5fc1d71,2.0811433756020885,0.3694940716911179,0.2804283118,1183.5213701765924,437.30413,437.30413,"[{""id"":""a04ce7a52545e5e33c2867e148898d9e667a69602285f6a1298f9d68"",""qTokenName"":""qADA"",""qTokenAmount"":71169.066141,""market"":{""id"":""Ada"",""displayName"":""ADA""},""amountInUsd"":374.1927606748362},{""id"":""d15c36d6dec655677acb3318294f116ce01d8d9def3cc54cdd78909b"",""qTokenName"":""qiUSD"",""qTokenAmount"":29309.205965,""market"":{""id"":""IUSD"",""displayName"":""iUSD""},""amountInUsd"":809.3286095017563}]",true,false,true
693c290354b45758b96cc42769d3ec44e1b26077e103f500ddf0e6d55495575f-28,USDM,45269560c7c89f7f464f9c48cae1c6019656d4f0739f606ff5fc1d71,2.3425506085630747,0.32672686108118754,0.2804283118,486.7821196999146,159.044794,159.044794,"[{""id"":""a04ce7a52545e5e33c2867e148898d9e667a69602285f6a1298f9d68"",""qTokenName"":""qADA"",""qTokenAmount"":23723.129776,""market"":{""id"":""Ada"",""displayName"":""ADA""},""amountInUsd"":124.73148664254931},{""id"":""d15c36d6dec655677acb3318294f116ce01d8d9def3cc54cdd78909b"",""qTokenName"":""qiUSD"",""qTokenAmount"":13111.382014,""market"":{""id"":""IUSD"",""displayName"":""iUSD""},""amountInUsd"":362.0506330573653}]",true,false,true
693c290354b45758b96cc42769d3ec44e1b26077e103f500ddf0e6d55495575f-29,USDM,192a936d5b6b88b136e067b9101fda494da62d0c47c7539ee653b1d6,1.852479246369088,0.437251862112692,0.2804283118,180604.97726742044,78969.862617,78969.862617,"[{""id"":""a04ce7a52545e5e33c2867e148898d9e667a69602285f6a1298f9d68"",""qTokenName"":""qADA"",""qTokenAmount"":34349909.788095,""market"":{""id"":""Ada"",""displayName"":""ADA""},""amountInUsd"":180604.97726742044}]",true,false,true
693c290354b45758b96cc42769d3ec44e1b26077e103f500ddf0e6d55495575f-30,USDM,86ee96bb9c621065d20bb31270fc2def60bc15c8139ebb5ee13a9af9,2.26976726692391,0.35686478160280644,0.2804283118,2860.809907928363,1020.922303,1020.922303,"[{""id"":""a04ce7a52545e5e33c2867e148898d9e667a69602285f6a1298f9d68"",""qTokenName"":""qADA"",""qTokenAmount"":544107.719206,""market"":{""id"":""Ada"",""displayName"":""ADA""},""amountInUsd"":2860.8099079283625}]",true,false,true
693c290354b45758b96cc42769d3ec44e1b26077e103f500ddf0e6d55495575f-31,USDM,c1b1d6f8bdd5ec19922600e5be8d7ca6be73121e53ab75b1e7941fc6,2.0456477983671246,0.333529669760264,0.2804283118,1747.290762524631,582.773311,582.773311,"[{""id"":""a04ce7a52545e5e33c2867e148898d9e667a69602285f6a1298f9d68"",""qTokenName"":""qADA"",""qTokenAmount"":209717.449387,""market"":{""id"":""Ada"",""displayName"":""ADA""},""amountInUsd"":1102.6525371617604},{""id"":""f60b7232837203d335cd77494d25c1cc0b218b9a8f3459730c521d13"",""qTokenName"":""qIAG"",""qTokenAmount"":815799.983342,""market"":{""id"":""IAG"",""displayName"":""IAG""},""amountInUsd"":370.3375897089006},{""id"":""3883e3e6a24e092d4c14e757fa8ef5c887853060def087d6cf5603f5"",""qTokenName"":""qLQ"",""qTokenAmount"":11384.23828,""market"":{""id"":""LQ"",""displayName"":""LQ""},""amountInUsd"":84.80346797021058},{""id"":""a4430a085f45bca6399bec6bd7514eb8c2fce1ed75c7554739cfc32b"",""qTokenName"":""qMIN"",""qTokenAmount"":2457655.666947,""market"":{""id"":""MIN"",""displayName"":""MIN""},""amountInUsd"":189.4971676837594}]",true,false,true
693c290354b45758b96cc42769d3ec44e1b26077e103f500ddf0e6d55495575f-33,USDM,d8eca3eec6322358ee3919deee85843e365e2139a095b5a85b4c7a9b,1.4694856872616375,0.5494631973128838,0.2804283118,169.06986574225604,92.897669,92.897669,"[{""id"":""a04ce7a52545e5e33c2867e148898d9e667a69602285f6a1298f9d68"",""qTokenName"":""qADA"",""qTokenAmount"":23886.458815,""market"":{""id"":""Ada"",""displayName"":""ADA""},""amountInUsd"":125.59023816643041},{""id"":""6df63e2fdde8b2c3b3396265b0cc824aa4fb999396b1c154280f6b0c"",""qTokenName"":""qDJED"",""qTokenAmount"":1365.965833,""market"":{""id"":""DJED"",""displayName"":""DJED""},""amountInUsd"":43.47962757582562}]",true,false,true
693c290354b45758b96cc42769d3ec44e1b26077e103f500ddf0e6d55495575f-37,USDM,bd1cae0903c9c24b4b5e00f86fc5acf0e005e3d91b8e2a550a929125,1.7597934828967345,0.46028128179375194,0.2804283118,69.78820184652585,32.122203,32.122203,"[{""id"":""a04ce7a52545e5e33c2867e148898d9e667a69602285f6a1298f9d68"",""qTokenName"":""qADA"",""qTokenAmount"":13273.268954,""market"":{""id"":""Ada"",""displayName"":""ADA""},""amountInUsd"":69.78820184652585}]",true,false,true
693c290354b45758b96cc42769d3ec44e1b26077e103f500ddf0e6d55495575f-38,USDM,3174d8a64652d4455a7deb0e9345cbead2b316a09d85ef32061d630c,2.402127456596485,0.33720109138075,0.2804283118,28266.13701329237,9531.37225,9531.37225,"[{""id"":""a04ce7a52545e5e33c2867e148898d9e667a69602285f6a1298f9d68"",""qTokenName"":""qADA"",""qTokenAmount"":5376038.19759,""market"":{""id"":""Ada"",""displayName"":""ADA""},""amountInUsd"":28266.13701329237}]",true,false,true
693c290354b45758b96cc42769d3ec44e1b26077e103f500ddf0e6d55495575f-41,USDM,5994efaea77885bba758cc66d7d8bc20a6b02d12bdbac09bc97d4976,1.7045305165158235,0.475204164520149,0.2804283118,0.7572597777281095,0.359853,0.359853,"[{""id"":""a04ce7a52545e5e33c2867e148898d9e667a69602285f6a1298f9d68"",""qTokenName"":""qADA"",""qTokenAmount"":144.025959,""market"":{""id"":""Ada"",""displayName"":""ADA""},""amountInUsd"":0.7572597777281094}]",true,false,true
693c290354b45758b96cc42769d3ec44e1b26077e103f500ddf0e6d55495575f-42,USDM,51aff4b249a7721798281a95e4f6149c73fba0247dc609ec761e7fa0,1.7903152913708527,0.45243427451249624,0.2804283118,18.453031678459645,8.348784,8.348784,"[{""id"":""a04ce7a52545e5e33c2867e148898d9e667a69602285f6a1298f9d68"",""qTokenName"":""qADA"",""qTokenAmount"":3509.648422,""market"":{""id"":""Ada"",""displayName"":""ADA""},""amountInUsd"":18.453031678459645}]",true,false,true
693c290354b45758b96cc42769d3ec44e1b26077e103f500ddf0e6d55495575f-43,USDM,51aff4b249a7721798281a95e4f6149c73fba0247dc609ec761e7fa0,1.792015737999076,0.45200495889864645,0.2804283118,18.465346088982905,8.346428,8.346428,"[{""id"":""a04ce7a52545e5e33c2867e148898d9e667a69602285f6a1298f9d68"",""qTokenName"":""qADA"",""qTokenAmount"":3511.990544,""market"":{""id"":""Ada"",""displayName"":""ADA""},""amountInUsd"":18.465346088982905}]",true,false,true
693c290354b45758b96cc42769d3ec44e1b26077e103f500ddf0e6d55495575f-44,USDM,b35a901cec9f0704436de46562cc867ce92a3d24c6a293d3d15b9cf2,1.8386198634277593,0.44054783487974947,0.2804283118,95.62737270403166,42.128432,42.128432,"[{""id"":""a04ce7a52545e5e33c2867e148898d9e667a69602285f6a1298f9d68"",""qTokenName"":""qADA"",""qTokenAmount"":18187.713735,""market"":{""id"":""Ada"",""displayName"":""ADA""},""amountInUsd"":95.62737270403166}]",true,false,true
693c290354b45758b96cc42769d3ec44e1b26077e103f500ddf0e6d55495575f-23,USDM,342756d5c643215661c5da665b262061b071e584c666b568ddc5a06c,22396629.373724934,3.616615636593371e-8,0.2804283118,110.60063888259226,0.000004,0.000004,"[{""id"":""a04ce7a52545e5e33c2867e148898d9e667a69602285f6a1298f9d68"",""qTokenName"":""qADA"",""qTokenAmount"":21035.533049,""market"":{""id"":""Ada"",""displayName"":""ADA""},""amountInUsd"":110.60063888259228}]",true,false,true
693c290354b45758b96cc42769d3ec44e1b26077e103f500ddf0e6d55495575f-9,USDM,4a8d2892b611626f7aa81094b05435caf4d4f3326b53ae9192bde714,0,0,0.2804283118,9.700474777212474,0,0,"[{""id"":""a04ce7a52545e5e33c2867e148898d9e667a69602285f6a1298f9d68"",""qTokenName"":""qADA"",""qTokenAmount"":1844.968165,""market"":{""id"":""Ada"",""displayName"":""ADA""},""amountInUsd"":9.700474777212474}]",false,false,true
693c290354b45758b96cc42769d3ec44e1b26077e103f500ddf0e6d55495575f-10,USDM,dd457f0eb264e4a1c9e4c7d8a7684608738e0f9e1b517db49094d631,380231.09630283323,0.0000010519918123054109,0.2804283118,22.813865772780748,0.000024,0.000024,"[{""id"":""a04ce7a52545e5e33c2867e148898d9e667a69602285f6a1298f9d68"",""qTokenName"":""qADA"",""qTokenAmount"":0.000001,""market"":{""id"":""Ada"",""displayName"":""ADA""},""amountInUsd"":5.257800628344432e-9},{""id"":""4e8c49d610335d139ad7711e0f50315006e29b5221da531e365b4ef8"",""qTokenName"":""qSNEK"",""qTokenAmount"":1845407,""market"":{""id"":""SNEK"",""displayName"":""SNEK""},""amountInUsd"":22.813865767522945}]",true,false,true
693c290354b45758b96cc42769d3ec44e1b26077e103f500ddf0e6d55495575f-11,USDM,21fa21edf92affe2b40cd5969df4d5da2180018cc8b06b253981f2f1,15320807.551341875,5.286927580583414e-8,0.2804283118,75.65830889551543,0.000004,0.000004,"[{""id"":""a04ce7a52545e5e33c2867e148898d9e667a69602285f6a1298f9d68"",""qTokenName"":""qADA"",""qTokenAmount"":14389.725713,""market"":{""id"":""Ada"",""displayName"":""ADA""},""amountInUsd"":75.65830889551543}]",true,false,true
693c290354b45758b96cc42769d3ec44e1b26077e103f500ddf0e6d55495575f-13,USDM,5faa41fb1987d64e64f685c7c367f42141339a2423a7521364274659,0,0,0.2804283118,63.005959782831056,0,0,"[{""id"":""a04ce7a52545e5e33c2867e148898d9e667a69602285f6a1298f9d68"",""qTokenName"":""qADA"",""qTokenAmount"":11983.329958,""market"":{""id"":""Ada"",""displayName"":""ADA""},""amountInUsd"":63.00595978283106}]",false,false,true
693c290354b45758b96cc42769d3ec44e1b26077e103f500ddf0e6d55495575f-17,USDM,4a8d2892b611626f7aa81094b05435caf4d4f3326b53ae9192bde714,0,0,0.2804283118,12.772407193900566,0,0,"[{""id"":""a04ce7a52545e5e33c2867e148898d9e667a69602285f6a1298f9d68"",""qTokenName"":""qADA"",""qTokenAmount"":2429.230033,""market"":{""id"":""Ada"",""displayName"":""ADA""},""amountInUsd"":12.772407193900566}]",false,false,true
693c290354b45758b96cc42769d3ec44e1b26077e103f500ddf0e6d55495575f-21,USDM,195fcd8d00f4d0e3eef709dad3f18d57d955c62cca8e76ced24dec2f,0,0,0.2804283118,250.19494031826366,0,0,"[{""id"":""a04ce7a52545e5e33c2867e148898d9e667a69602285f6a1298f9d68"",""qTokenName"":""qADA"",""qTokenAmount"":47585.474993,""market"":{""id"":""Ada"",""displayName"":""ADA""},""amountInUsd"":250.1949403182637}]",false,false,true
693c290354b45758b96cc42769d3ec44e1b26077e103f500ddf0e6d55495575f-8,USDM,5be626dfd6d310215ad6f8c19457d5565a1642b2517648a9e46e0253,0,0,0.2804283118,356.2743885906462,0,0,"[{""id"":""a04ce7a52545e5e33c2867e148898d9e667a69602285f6a1298f9d68"",""qTokenName"":""qADA"",""qTokenAmount"":67761.106549,""market"":{""id"":""Ada"",""displayName"":""ADA""},""amountInUsd"":356.2743885906462}]",false,false,true
693c290354b45758b96cc42769d3ec44e1b26077e103f500ddf0e6d55495575f-7,USDM,5be626dfd6d310215ad6f8c19457d5565a1642b2517648a9e46e0253,0,0,0.2804283118,356.7749133339425,0,0,"[{""id"":""a04ce7a52545e5e33c2867e148898d9e667a69602285f6a1298f9d68"",""qTokenName"":""qADA"",""qTokenAmount"":67856.303149,""market"":{""id"":""Ada"",""displayName"":""ADA""},""amountInUsd"":356.7749133339425}]",false,false,true
693c290354b45758b96cc42769d3ec44e1b26077e103f500ddf0e6d55495575f-6,USDM,198957eecc44364b9a0f5ba491f35ae5269f2ccfcb6fd1030000701f,0,0,0.2804283118,20.27706598874164,0,0,"[{""id"":""4e8c49d610335d139ad7711e0f50315006e29b5221da531e365b4ef8"",""qTokenName"":""qSNEK"",""qTokenAmount"":1640206,""market"":{""id"":""SNEK"",""displayName"":""SNEK""},""amountInUsd"":20.277065988741636}]",false,false,true
693c290354b45758b96cc42769d3ec44e1b26077e103f500ddf0e6d55495575f-4,USDM,a9c5d877d131403eff22d9cf7b31811edc85bcd1b5035d8fe67d0248,0,0,0.2804283118,362.6206557926561,0,0,"[{""id"":""a04ce7a52545e5e33c2867e148898d9e667a69602285f6a1298f9d68"",""qTokenName"":""qADA"",""qTokenAmount"":68968.125919,""market"":{""id"":""Ada"",""displayName"":""ADA""},""amountInUsd"":362.6206557926561}]",false,false,true
693c290354b45758b96cc42769d3ec44e1b26077e103f500ddf0e6d55495575f-3,USDM,304a11781ca250dd4129fa4abcbcb04640e0de3217a01dcafbc40f85,0,0,0.2804283118,116.93878331060833,0,0,"[{""id"":""a4430a085f45bca6399bec6bd7514eb8c2fce1ed75c7554739cfc32b"",""qTokenName"":""qMIN"",""qTokenAmount"":1516620.364315,""market"":{""id"":""MIN"",""displayName"":""MIN""},""amountInUsd"":116.93878331060833}]",false,false,true
7ad33c710b9685098b58d80960124df30224626fd87efd1256289ffb8dbdba7c-1,USDM,6f918368c466826c9f5e8a4a660537e28077619a3e1b2640e499854d,2.5999102354637085,0.3115492177196387,0.2804283118,1394.7830175296513,434.543558,434.543558,"[{""id"":""a04ce7a52545e5e33c2867e148898d9e667a69602285f6a1298f9d68"",""qTokenName"":""qADA"",""qTokenAmount"":265278.795474,""market"":{""id"":""Ada"",""displayName"":""ADA""},""amountInUsd"":1394.7830175296513}]",true,false,true
7ad33c710b9685098b58d80960124df30224626fd87efd1256289ffb8dbdba7c-6,USDM,2c70530b211ec45a3618291e3cda4277ca12bc546f508e106e06d735,2.659629367937542,0.30455371329732656,0.2804283118,1847.7593489415513,562.741971,562.741971,"[{""id"":""a04ce7a52545e5e33c2867e148898d9e667a69602285f6a1298f9d68"",""qTokenName"":""qADA"",""qTokenAmount"":351431.992111,""market"":{""id"":""Ada"",""displayName"":""ADA""},""amountInUsd"":1847.7593489415513}]",true,false,true
7ad33c710b9685098b58d80960124df30224626fd87efd1256289ffb8dbdba7c-12,USDM,7ac5878231522baf2972231d1a587e20a0d814c164fa7fea28ee459f,88.26265546807777,1.1329820009343285,0.2804283118,838035,949478.571153,949478.571153,"[{""id"":""6f7d8e31d9256ec27f35d25659dd053cfec098032a5669b2b56798d0"",""qTokenName"":""qPOL"",""qTokenAmount"":2250000,""market"":{""id"":""POL"",""displayName"":""POL""},""amountInUsd"":838035}]",true,false,true
7ad33c710b9685098b58d80960124df30224626fd87efd1256289ffb8dbdba7c-5,USDM,d1cdb7fcc0c031a5c78fc076ddea5d6af4c079106c3fa7460472229e,3.919362197290663,0.2066662786511358,0.2804283118,3601.4324536051226,744.294643,744.294643,"[{""id"":""a04ce7a52545e5e33c2867e148898d9e667a69602285f6a1298f9d68"",""qTokenName"":""qADA"",""qTokenAmount"":641564.757549,""market"":{""id"":""Ada"",""displayName"":""ADA""},""amountInUsd"":3373.2195853647754},{""id"":""c45fa8aefc662c003a32be67f6a4652d8ce56bd9e54d7696efd40c86"",""qTokenName"":""qNIGHT"",""qTokenAmount"":463394.881796,""market"":{""id"":""NIGHT"",""displayName"":""NIGHT""},""amountInUsd"":228.21286824034726}]",true,false,true
7ad33c710b9685098b58d80960124df30224626fd87efd1256289ffb8dbdba7c-2,USDM,6f918368c466826c9f5e8a4a660537e28077619a3e1b2640e499854d,2.6116078744370963,0.3101537592716084,0.2804283118,2338.4256721675397,725.271513,725.271513,"[{""id"":""a04ce7a52545e5e33c2867e148898d9e667a69602285f6a1298f9d68"",""qTokenName"":""qADA"",""qTokenAmount"":444753.583763,""market"":{""id"":""Ada"",""displayName"":""ADA""},""amountInUsd"":2338.4256721675397}]",true,false,true
7ad33c710b9685098b58d80960124df30224626fd87efd1256289ffb8dbdba7c-3,USDM,6f918368c466826c9f5e8a4a660537e28077619a3e1b2640e499854d,2.4367850144295833,0.3324051958640305,0.2804283118,2239.0083375966146,744.258005,744.258005,"[{""id"":""a04ce7a52545e5e33c2867e148898d9e667a69602285f6a1298f9d68"",""qTokenName"":""qADA"",""qTokenAmount"":425845.043558,""market"":{""id"":""Ada"",""displayName"":""ADA""},""amountInUsd"":2239.0083375966146}]",true,false,true
7ad33c710b9685098b58d80960124df30224626fd87efd1256289ffb8dbdba7c-4,USDM,6f918368c466826c9f5e8a4a660537e28077619a3e1b2640e499854d,2.7765572037810378,0.29172818730223343,0.2804283118,1795.630226356223,523.835951,523.835951,"[{""id"":""a04ce7a52545e5e33c2867e148898d9e667a69602285f6a1298f9d68"",""qTokenName"":""qADA"",""qTokenAmount"":341517.366915,""market"":{""id"":""Ada"",""displayName"":""ADA""},""amountInUsd"":1795.630226356223}]",true,false,true
7ad33c710b9685098b58d80960124df30224626fd87efd1256289ffb8dbdba7c-7,USDM,cede1f9979611f5c4a569a305302419cb0214529fb29875d1c96ca23,1.7910497876107232,0.398304576662459,0.2804283118,2269.4701792644455,903.940359,903.940359,"[{""id"":""a04ce7a52545e5e33c2867e148898d9e667a69602285f6a1298f9d68"",""qTokenName"":""qADA"",""qTokenAmount"":249483.262102,""market"":{""id"":""Ada"",""displayName"":""ADA""},""amountInUsd"":1311.7332522413142},{""id"":""6df63e2fdde8b2c3b3396265b0cc824aa4fb999396b1c154280f6b0c"",""qTokenName"":""qDJED"",""qTokenAmount"":13619.207784,""market"":{""id"":""DJED"",""displayName"":""DJED""},""amountInUsd"":433.5087071874845},{""id"":""4e8c49d610335d139ad7711e0f50315006e29b5221da531e365b4ef8"",""qTokenName"":""qSNEK"",""qTokenAmount"":42404669,""market"":{""id"":""SNEK"",""displayName"":""SNEK""},""amountInUsd"":524.2282198356468}]",true,false,true
7ad33c710b9685098b58d80960124df30224626fd87efd1256289ffb8dbdba7c-10,USDM,7771a75ed20eb072519ec3e6235b1f5e2e871c6ed59e16ef8cdd8b14,0.00004144898705143888,19542.09397191725,0.2804283118,0.0030798907776460292,60.187515,60.187515,"[{""id"":""c45fa8aefc662c003a32be67f6a4652d8ce56bd9e54d7696efd40c86"",""qTokenName"":""qNIGHT"",""qTokenAmount"":6.253835,""market"":{""id"":""NIGHT"",""displayName"":""NIGHT""},""amountInUsd"":0.0030798907776460292}]",true,true,true
dfd8157d0df2d446a9dae41fa3f5fbeed4d9dad67daf5410cc101f4913c108e1-0,USDM,b67972d0c88e6ae4e496b11c49db891788521a00f2d4e8312adafe9b,1.173001391082206,0.6905362654793594,0.2804283118,11895.281991160718,8214.123603,8214.123603,"[{""id"":""a04ce7a52545e5e33c2867e148898d9e667a69602285f6a1298f9d68"",""qTokenName"":""qADA"",""qTokenAmount"":1872424.752057,""market"":{""id"":""Ada"",""displayName"":""ADA""},""amountInUsd"":9844.836037892963},{""id"":""c45fa8aefc662c003a32be67f6a4652d8ce56bd9e54d7696efd40c86"",""qTokenName"":""qNIGHT"",""qTokenAmount"":4163508.252054,""market"":{""id"":""NIGHT"",""displayName"":""NIGHT""},""amountInUsd"":2050.4459532677556}]",true,false,true
4b5cdb3b35d3c0414bbf8f765fb5289f276f38160ff4739ab275800ebe5da164-0,USDM,47a70e7e1e30fa7879992e6d45818928c30ae913cbebafaab2ce71f1,1.8880430041380263,0.4237191622471729,0.2804283118,967.3258103934967,409.874482,409.874482,"[{""id"":""6df63e2fdde8b2c3b3396265b0cc824aa4fb999396b1c154280f6b0c"",""qTokenName"":""qDJED"",""qTokenAmount"":14657.117691,""market"":{""id"":""DJED"",""displayName"":""DJED""},""amountInUsd"":466.5460900585536},{""id"":""aa280c98c5b07fdfc8d7a93fb5ba84510b421388e4a18e16efa8eb5f"",""qTokenName"":""qUSDA"",""qTokenAmount"":22250.792377,""market"":{""id"":""USDA"",""displayName"":""USDA""},""amountInUsd"":500.7797203349431}]",true,false,true
d42128f4be801885b084f867954b9ad010297c54d6c057fab72bac539bb9242f-0,USDM,79d5c5fce167cde6ca79f7be9cbea7deac68e6065cfc453e71fcc03a,1.8550054279659935,0.2488385281076714,0.2804283118,16951.769165644557,4218.253288,4218.253288,"[{""id"":""f60b7232837203d335cd77494d25c1cc0b218b9a8f3459730c521d13"",""qTokenName"":""qIAG"",""qTokenAmount"":8649783.681025,""market"":{""id"":""IAG"",""displayName"":""IAG""},""amountInUsd"":3926.624301720873},{""id"":""3883e3e6a24e092d4c14e757fa8ef5c887853060def087d6cf5603f5"",""qTokenName"":""qLQ"",""qTokenAmount"":199999.999588,""market"":{""id"":""LQ"",""displayName"":""LQ""},""amountInUsd"":1489.8400000024496},{""id"":""c45fa8aefc662c003a32be67f6a4652d8ce56bd9e54d7696efd40c86"",""qTokenName"":""qNIGHT"",""qTokenAmount"":521860.697149,""market"":{""id"":""NIGHT"",""displayName"":""NIGHT""},""amountInUsd"":257.00613277535024},{""id"":""b122b2fc62557df9c3fd0b5c62a4b2c970a0d711560e0a8dd7b264f3"",""qTokenName"":""qrsERG"",""qTokenAmount"":905319.21384106,""market"":{""id"":""ERG"",""displayName"":""rsERG""},""amountInUsd"":6220.231000689707},{""id"":""4e8c49d610335d139ad7711e0f50315006e29b5221da531e365b4ef8"",""qTokenName"":""qSNEK"",""qTokenAmount"":409145635,""market"":{""id"":""SNEK"",""displayName"":""SNEK""},""amountInUsd"":5058.067730456174}]",true,false,true
8c6469570b67bd39b91620185716328faa536c0bf5c898b719b9dd2c32de634b-0,USDM,afc9b358abf75cf3cf36f3c79304dbbb2e903b82c56c0b27b87f84b1,2.976715401263814,0.18476741168016544,0.2804283118,11742.075846987138,2169.552962,2169.552962,"[{""id"":""3883e3e6a24e092d4c14e757fa8ef5c887853060def087d6cf5603f5"",""qTokenName"":""qLQ"",""qTokenAmount"":1576286.825804,""market"":{""id"":""LQ"",""displayName"":""LQ""},""amountInUsd"":11742.075846987138}]",true,false,true
dba2b1a30c56a6b3e4721cd3598d0e9ab5e8a392fab384d1c002cd135db13def-0,USDM,afc9b358abf75cf3cf36f3c79304dbbb2e903b82c56c0b27b87f84b1,2.8856931782768567,0.19059545350847845,0.2804283118,4775.170846137282,910.125853,910.125853,"[{""id"":""a4430a085f45bca6399bec6bd7514eb8c2fce1ed75c7554739cfc32b"",""qTokenName"":""qMIN"",""qTokenAmount"":61930876.509112,""market"":{""id"":""MIN"",""displayName"":""MIN""},""amountInUsd"":4775.170846137283}]",true,false,true
172b1a03bd50f3d04a42c4738999bd5f6b7c1828470cf98ecba39edeba6379fe-0,USDM,5cfe33bbd07a1969480181037e5826f912693b2afa5eb3cc795510c9,1.5597895903127634,0.5193008114880301,0.2804283118,29254.314684139816,15191.789355,15191.789355,"[{""id"":""a04ce7a52545e5e33c2867e148898d9e667a69602285f6a1298f9d68"",""qTokenName"":""qADA"",""qTokenAmount"":3834218.889433,""market"":{""id"":""Ada"",""displayName"":""ADA""},""amountInUsd"":20159.55848607092},{""id"":""c45fa8aefc662c003a32be67f6a4652d8ce56bd9e54d7696efd40c86"",""qTokenName"":""qNIGHT"",""qTokenAmount"":18467247.293562,""market"":{""id"":""NIGHT"",""displayName"":""NIGHT""},""amountInUsd"":9094.756198068895}]",true,false,true
073f99722dd83ac153f30204e79def999def33035c4e38a86e7f160a9964f9df-0,USDM-USDA-MINSWAP-LP-STABLE,50b984ca982d833e08f2bd2124164aef4193d86503cb484ecbeb1abc,2.0055211038296203,0.39889881910111485,0.0016929414,151.72385891786374,60.5644128,60.5224681518,"[{""id"":""9e00df0615de0a7b121a7f961d43e23165b8e81b64786c6eb708d370"",""qTokenName"":""qUSDM"",""qTokenAmount"":5999.419335,""market"":{""id"":""USDM"",""displayName"":""USDM""},""amountInUsd"":151.72385891786374}]",true,false,true
2e1e15909918dfe6018e073bc53c121eabc7db186d8978965a25cf4f5c4c59da-0,USDM-USDA-MINSWAP-LP-STABLE,77b7440864d32b34e6ec22028360610a6f6149404343b1a6802c1a22,1.1715009170802215,0.6828846553478353,0.0016929414,340.75321507066815,232.856848653,232.6951418322,"[{""id"":""6df63e2fdde8b2c3b3396265b0cc824aa4fb999396b1c154280f6b0c"",""qTokenName"":""qDJED"",""qTokenAmount"":4745.602599,""market"":{""id"":""DJED"",""displayName"":""DJED""},""amountInUsd"":151.05577946574462},{""id"":""9e00df0615de0a7b121a7f961d43e23165b8e81b64786c6eb708d370"",""qTokenName"":""qUSDM"",""qTokenAmount"":7500.959118,""market"":{""id"":""USDM"",""displayName"":""USDM""},""amountInUsd"":189.69743560492353}]",true,false,true
ed5d923ab4fa85aa95c1ee7a5bc6d7576f5b9c17b0370f60ff4955788ca149d1-0,USDT,ccd986279cc86906a7e2e55bbc976fdeb12135e5e990655a081bc96d,3.8021999417949606,0.21303456220074826,0.3212611958,2486.915774965923,529.79901335,529.79901335,"[{""id"":""a04ce7a52545e5e33c2867e148898d9e667a69602285f6a1298f9d68"",""qTokenName"":""qADA"",""qTokenAmount"":472995.450143,""market"":{""id"":""Ada"",""displayName"":""ADA""},""amountInUsd"":2486.915774965923}]",true,false,true
f3bf55d67c931c34c854903ec7eff3c6117f1e799ad71790e3d5d0b2c46e149d-0,USDT,0b1d35861e16c3998871c6d65ac398b184ad88e03ca8b6424fc9c018,1.1253889716478884,0.7108653275929773,0.3212611958,37513.27078825928,26666.88352798,26666.88352798,"[{""id"":""d3ff4ac09b0978b1ef7f830fd04d79c4246b53b8bcb08108f4ac5d98"",""qTokenName"":""qUSDCx"",""qTokenAmount"":1837107.951577,""market"":{""id"":""USDCx"",""displayName"":""USDCx""},""amountInUsd"":37513.27078825928}]",true,false,true
c3115839d26da42d8f38b002136fd490bb17f137978923b2a2e93b2ba2151e32-9,USDT,0d9df7f701292470d396c6370a4bec48a12ece4bbabdefdb5af7c9b6,0.015554587744479091,52.07466847120391,0.3212611958,2.9483062822550608,153.5320722,153.5320722,"[{""id"":""c45fa8aefc662c003a32be67f6a4652d8ce56bd9e54d7696efd40c86"",""qTokenName"":""qNIGHT"",""qTokenAmount"":5986.647693,""market"":{""id"":""NIGHT"",""displayName"":""NIGHT""},""amountInUsd"":2.9483062822550608}]",true,true,true
05056f9c33cf27f3b41a5be1f9332294cc93a1c1ebfbd4745d3a886c2b10f1e7-7,USDT,7bf93efca6f9d6b2a8d2a723e1f95643d379212e8f5dea98e08fe39a,0,0,0.3212611958,134.49614258758848,0,0,"[{""id"":""a04ce7a52545e5e33c2867e148898d9e667a69602285f6a1298f9d68"",""qTokenName"":""qADA"",""qTokenAmount"":25580.304788,""market"":{""id"":""Ada"",""displayName"":""ADA""},""amountInUsd"":134.4961425875885}]",false,false,true
05056f9c33cf27f3b41a5be1f9332294cc93a1c1ebfbd4745d3a886c2b10f1e7-29,USDT,15b0e60d2819997a67b99b6bed61fcaa95678e1a43fcad42b3997898,2.5346682879534757,0.3195684436696072,0.3212611958,180082.30300532395,57548.62130385,57548.62130385,"[{""id"":""a04ce7a52545e5e33c2867e148898d9e667a69602285f6a1298f9d68"",""qTokenName"":""qADA"",""qTokenAmount"":33242569.190529,""market"":{""id"":""Ada"",""displayName"":""ADA""},""amountInUsd"":174782.80117774662},{""id"":""c45fa8aefc662c003a32be67f6a4652d8ce56bd9e54d7696efd40c86"",""qTokenName"":""qNIGHT"",""qTokenAmount"":10760839.39483,""market"":{""id"":""NIGHT"",""displayName"":""NIGHT""},""amountInUsd"":5299.501827577318}]",true,false,true
05056f9c33cf27f3b41a5be1f9332294cc93a1c1ebfbd4745d3a886c2b10f1e7-28,USDT,15b0e60d2819997a67b99b6bed61fcaa95678e1a43fcad42b3997898,2.5535778845630666,0.3172019952462097,0.3212611958,218963.92865939875,69455.79505771,69455.79505771,"[{""id"":""a04ce7a52545e5e33c2867e148898d9e667a69602285f6a1298f9d68"",""qTokenName"":""qADA"",""qTokenAmount"":41645536.629704,""market"":{""id"":""Ada"",""displayName"":""ADA""},""amountInUsd"":218963.92865939875}]",true,false,true
05056f9c33cf27f3b41a5be1f9332294cc93a1c1ebfbd4745d3a886c2b10f1e7-25,USDT,e80603eee30c6b3d14c4363400fb8d9a4350b8337da0806677f5946b,1.803947589484034,0.4490152622625121,0.3212611958,3.147892151544818,1.41345162,1.41345162,"[{""id"":""a04ce7a52545e5e33c2867e148898d9e667a69602285f6a1298f9d68"",""qTokenName"":""qADA"",""qTokenAmount"":598.708923,""market"":{""id"":""Ada"",""displayName"":""ADA""},""amountInUsd"":3.147892151544818}]",true,false,true
05056f9c33cf27f3b41a5be1f9332294cc93a1c1ebfbd4745d3a886c2b10f1e7-18,USDT,4c48cf03e1d8159e29ec83cbf2fa933e86c9ad30a0bb1a9b6f6b2d2a,1.6746461066414986,0.4836842821821348,0.3212611958,651.0661830673633,314.91047941,314.91047941,"[{""id"":""a04ce7a52545e5e33c2867e148898d9e667a69602285f6a1298f9d68"",""qTokenName"":""qADA"",""qTokenAmount"":116344.213542,""market"":{""id"":""Ada"",""displayName"":""ADA""},""amountInUsd"":611.7146790653665},{""id"":""c45fa8aefc662c003a32be67f6a4652d8ce56bd9e54d7696efd40c86"",""qTokenName"":""qNIGHT"",""qTokenAmount"":79904.720913,""market"":{""id"":""NIGHT"",""displayName"":""NIGHT""},""amountInUsd"":39.351504001996936}]",true,false,true
05056f9c33cf27f3b41a5be1f9332294cc93a1c1ebfbd4745d3a886c2b10f1e7-17,USDT,c25b94dbb26b632de94d24358c5f02bd17ffb226c1beca1f4a10e329,1.6938348023514667,0.4782048396192576,0.3212611958,681.9396596229418,326.10684556,326.10684556,"[{""id"":""a04ce7a52545e5e33c2867e148898d9e667a69602285f6a1298f9d68"",""qTokenName"":""qADA"",""qTokenAmount"":129700.555009,""market"":{""id"":""Ada"",""displayName"":""ADA""},""amountInUsd"":681.9396596229418}]",true,false,true
05056f9c33cf27f3b41a5be1f9332294cc93a1c1ebfbd4745d3a886c2b10f1e7-15,USDT,15b0e60d2819997a67b99b6bed61fcaa95678e1a43fcad42b3997898,2.554370262883947,0.31710359761450163,0.3212611958,212772.99370836417,67471.08178013,67471.08178013,"[{""id"":""a04ce7a52545e5e33c2867e148898d9e667a69602285f6a1298f9d68"",""qTokenName"":""qADA"",""qTokenAmount"":40468060.458839,""market"":{""id"":""Ada"",""displayName"":""ADA""},""amountInUsd"":212772.99370836417}]",true,false,true
05056f9c33cf27f3b41a5be1f9332294cc93a1c1ebfbd4745d3a886c2b10f1e7-9,USDT,f2f229129e1c3928c678881c9ecc6a8de7a50a6159f21ce15a1c0742,0,0,0.3212611958,21.18078957541224,0,0,"[{""id"":""a04ce7a52545e5e33c2867e148898d9e667a69602285f6a1298f9d68"",""qTokenName"":""qADA"",""qTokenAmount"":4028.450501,""market"":{""id"":""Ada"",""displayName"":""ADA""},""amountInUsd"":21.180789575412245}]",false,false,true
05056f9c33cf27f3b41a5be1f9332294cc93a1c1ebfbd4745d3a886c2b10f1e7-8,USDT,6c6793884a4fc38a2cb681d12b11559f70bb67ff96a34048eb88d155,0,0,0.3212611958,58.11174770059497,0,0,"[{""id"":""a04ce7a52545e5e33c2867e148898d9e667a69602285f6a1298f9d68"",""qTokenName"":""qADA"",""qTokenAmount"":0.000001,""market"":{""id"":""Ada"",""displayName"":""ADA""},""amountInUsd"":5.257800628344432e-9},{""id"":""f72166e9fac8297aeb553c19ffab14f51ae271c2cb26783ba289a3a5"",""qTokenName"":""qwanBTC"",""qTokenAmount"":0.03369112,""market"":{""id"":""BTC"",""displayName"":""wanBTC""},""amountInUsd"":58.111747695337165}]",false,false,true
05056f9c33cf27f3b41a5be1f9332294cc93a1c1ebfbd4745d3a886c2b10f1e7-2,USDT,b766bef3032d8e365174a24e6a84c8801b625646be108dec7845630c,0,0,0.3212611958,8.704887793200175,0,0,"[{""id"":""a04ce7a52545e5e33c2867e148898d9e667a69602285f6a1298f9d68"",""qTokenName"":""qADA"",""qTokenAmount"":1655.613898,""market"":{""id"":""Ada"",""displayName"":""ADA""},""amountInUsd"":8.704887793200175}]",false,false,true
05056f9c33cf27f3b41a5be1f9332294cc93a1c1ebfbd4745d3a886c2b10f1e7-3,USDT,1063380de16dcd42c551cbe7964d316bef815ed9782d9d42f053af78,0,0,0.3212611958,8.129874190030774,0,0,"[{""id"":""a04ce7a52545e5e33c2867e148898d9e667a69602285f6a1298f9d68"",""qTokenName"":""qADA"",""qTokenAmount"":1546.249994,""market"":{""id"":""Ada"",""displayName"":""ADA""},""amountInUsd"":8.129874190030774}]",false,false,true
05056f9c33cf27f3b41a5be1f9332294cc93a1c1ebfbd4745d3a886c2b10f1e7-4,USDT,71d72a4a11b410bc0ee41910f52708247935e3c71acada453a7b4f2e,0,0,0.3212611958,579.3388247033488,0,0,"[{""id"":""a04ce7a52545e5e33c2867e148898d9e667a69602285f6a1298f9d68"",""qTokenName"":""qADA"",""qTokenAmount"":110186.53343,""market"":{""id"":""Ada"",""displayName"":""ADA""},""amountInUsd"":579.3388247033487}]",false,false,true
05056f9c33cf27f3b41a5be1f9332294cc93a1c1ebfbd4745d3a886c2b10f1e7-10,USDT,4a8d2892b611626f7aa81094b05435caf4d4f3326b53ae9192bde714,0,0,0.3212611958,8.897389933562744,0,0,"[{""id"":""a04ce7a52545e5e33c2867e148898d9e667a69602285f6a1298f9d68"",""qTokenName"":""qADA"",""qTokenAmount"":1692.226572,""market"":{""id"":""Ada"",""displayName"":""ADA""},""amountInUsd"":8.897389933562746}]",false,false,true
05056f9c33cf27f3b41a5be1f9332294cc93a1c1ebfbd4745d3a886c2b10f1e7-6,USDT,f31484f0b48d949dca2eb0428b179140971661e7aee246f35fb7732c,0,0,0.3212611958,45.708120631883304,0,0,"[{""id"":""a04ce7a52545e5e33c2867e148898d9e667a69602285f6a1298f9d68"",""qTokenName"":""qADA"",""qTokenAmount"":8693.391755,""market"":{""id"":""Ada"",""displayName"":""ADA""},""amountInUsd"":45.708120631883304}]",false,false,true
05056f9c33cf27f3b41a5be1f9332294cc93a1c1ebfbd4745d3a886c2b10f1e7-5,USDT,92c20b444828b69050a34c23984f0296ac665c2ccd1ab07b097cdbfe,11.396484772764657,0.0710745476478624,0.3212611958,63.85299759465288,4.53832292,4.53832292,"[{""id"":""a04ce7a52545e5e33c2867e148898d9e667a69602285f6a1298f9d68"",""qTokenName"":""qADA"",""qTokenAmount"":12144.431124,""market"":{""id"":""Ada"",""displayName"":""ADA""},""amountInUsd"":63.852997594652884}]",true,false,true
05056f9c33cf27f3b41a5be1f9332294cc93a1c1ebfbd4745d3a886c2b10f1e7-1,USDT,14c4344c9d6f70afb376892f61c3d54e9d708831bb2e7e7375707217,0,0,0.3212611958,10.128128017944666,0.0980759,0,"[{""id"":""a04ce7a52545e5e33c2867e148898d9e667a69602285f6a1298f9d68"",""qTokenName"":""qADA"",""qTokenAmount"":1926.305072,""market"":{""id"":""Ada"",""displayName"":""ADA""},""amountInUsd"":10.128128017944666}]",false,false,true
05056f9c33cf27f3b41a5be1f9332294cc93a1c1ebfbd4745d3a886c2b10f1e7-27,USDT,36fe700b01dd002fb487e252b92cc48bf1b5eed671a3729ad86b7ec4,1.7269823984869688,0.4690262047312418,0.3212611958,0.20972915587172028,0.09836847,0.09836847,"[{""id"":""a04ce7a52545e5e33c2867e148898d9e667a69602285f6a1298f9d68"",""qTokenName"":""qADA"",""qTokenAmount"":39.889142,""market"":{""id"":""Ada"",""displayName"":""ADA""},""amountInUsd"":0.20972915587172028}]",true,false,true
05056f9c33cf27f3b41a5be1f9332294cc93a1c1ebfbd4745d3a886c2b10f1e7-26,USDT,5eb7e11e772868e71a443dbd0ac072c335b2e7b15e67cabe145c7274,1.809393665492136,0.44766377568791177,0.3212611958,280.58290552319926,125.60680288,125.60680288,"[{""id"":""a04ce7a52545e5e33c2867e148898d9e667a69602285f6a1298f9d68"",""qTokenName"":""qADA"",""qTokenAmount"":53365.071321,""market"":{""id"":""Ada"",""displayName"":""ADA""},""amountInUsd"":280.5829055231992}]",true,false,true
05056f9c33cf27f3b41a5be1f9332294cc93a1c1ebfbd4745d3a886c2b10f1e7-24,USDT,4a80b100a25856aeba44fabc1ff1f77a7cca6c8fa05069fea0173c3d,1.7992835478240172,0.4501791843645668,0.3212611958,331.1914877193846,149.09551381,149.09551381,"[{""id"":""a04ce7a52545e5e33c2867e148898d9e667a69602285f6a1298f9d68"",""qTokenName"":""qADA"",""qTokenAmount"":62990.499475,""market"":{""id"":""Ada"",""displayName"":""ADA""},""amountInUsd"":331.1914877193846}]",true,false,true
05056f9c33cf27f3b41a5be1f9332294cc93a1c1ebfbd4745d3a886c2b10f1e7-23,USDT,192a936d5b6b88b136e067b9101fda494da62d0c47c7539ee653b1d6,1.7461489908678631,0.4638779418229469,0.3212611958,332.663783739256,154.31539132,154.31539132,"[{""id"":""a04ce7a52545e5e33c2867e148898d9e667a69602285f6a1298f9d68"",""qTokenName"":""qADA"",""qTokenAmount"":63270.520747,""market"":{""id"":""Ada"",""displayName"":""ADA""},""amountInUsd"":332.663783739256}]",true,false,true
05056f9c33cf27f3b41a5be1f9332294cc93a1c1ebfbd4745d3a886c2b10f1e7-22,USDT,d6357dcf716dc6e6850138326ca712d3722623ad5131566675b04d65,1.7900197290069655,0.45250897902078263,0.3212611958,4297.28694216848,1944.56092676,1944.56092676,"[{""id"":""a04ce7a52545e5e33c2867e148898d9e667a69602285f6a1298f9d68"",""qTokenName"":""qADA"",""qTokenAmount"":817316.449582,""market"":{""id"":""Ada"",""displayName"":""ADA""},""amountInUsd"":4297.28694216848}]",true,false,true
05056f9c33cf27f3b41a5be1f9332294cc93a1c1ebfbd4745d3a886c2b10f1e7-21,USDT,267b4c24044d4f9534345807d4393ac23e72665ce9fc60f02dc381be,1.7643214312591595,0.45910001751887114,0.3212611958,3162.43451611352,1451.87374175,1451.87374175,"[{""id"":""a04ce7a52545e5e33c2867e148898d9e667a69602285f6a1298f9d68"",""qTokenName"":""qADA"",""qTokenAmount"":601474.787588,""market"":{""id"":""Ada"",""displayName"":""ADA""},""amountInUsd"":3162.43451611352}]",true,false,true
05056f9c33cf27f3b41a5be1f9332294cc93a1c1ebfbd4745d3a886c2b10f1e7-20,USDT,15b0e60d2819997a67b99b6bed61fcaa95678e1a43fcad42b3997898,2.552856629341366,0.3172916139082119,0.3212611958,218902.08254228428,69455.79505771,69455.79505771,"[{""id"":""a04ce7a52545e5e33c2867e148898d9e667a69602285f6a1298f9d68"",""qTokenName"":""qADA"",""qTokenAmount"":41633773.894392,""market"":{""id"":""Ada"",""displayName"":""ADA""},""amountInUsd"":218902.08254228428}]",true,false,true
05056f9c33cf27f3b41a5be1f9332294cc93a1c1ebfbd4745d3a886c2b10f1e7-19,USDT,4c48cf03e1d8159e29ec83cbf2fa933e86c9ad30a0bb1a9b6f6b2d2a,1.7581444446810293,0.4607129991227507,0.3212611958,703.0454778500849,323.90219062,323.90219062,"[{""id"":""a04ce7a52545e5e33c2867e148898d9e667a69602285f6a1298f9d68"",""qTokenName"":""qADA"",""qTokenAmount"":128109.882799,""market"":{""id"":""Ada"",""displayName"":""ADA""},""amountInUsd"":673.5762222777138},{""id"":""c45fa8aefc662c003a32be67f6a4652d8ce56bd9e54d7696efd40c86"",""qTokenName"":""qNIGHT"",""qTokenAmount"":59838.440785,""market"":{""id"":""NIGHT"",""displayName"":""NIGHT""},""amountInUsd"":29.469255572371114}]",true,false,true
05056f9c33cf27f3b41a5be1f9332294cc93a1c1ebfbd4745d3a886c2b10f1e7-16,USDT,84f6864c8e2e9a555f11bab8eb774626b9859c3361f140cdf5f15a09,2.0081505741589187,0.40335620765850955,0.3212611958,3930.475882305547,1585.38184618,1585.38184618,"[{""id"":""a04ce7a52545e5e33c2867e148898d9e667a69602285f6a1298f9d68"",""qTokenName"":""qADA"",""qTokenAmount"":747551.335651,""market"":{""id"":""Ada"",""displayName"":""ADA""},""amountInUsd"":3930.4758823055477}]",true,false,true
05056f9c33cf27f3b41a5be1f9332294cc93a1c1ebfbd4745d3a886c2b10f1e7-14,USDT,15b0e60d2819997a67b99b6bed61fcaa95678e1a43fcad42b3997898,2.554370743156346,0.31710353799273144,0.3212611958,212773.0337139176,67471.08178013,67471.08178013,"[{""id"":""a04ce7a52545e5e33c2867e148898d9e667a69602285f6a1298f9d68"",""qTokenName"":""qADA"",""qTokenAmount"":40468068.067639,""market"":{""id"":""Ada"",""displayName"":""ADA""},""amountInUsd"":212773.0337139176}]",true,false,true
05056f9c33cf27f3b41a5be1f9332294cc93a1c1ebfbd4745d3a886c2b10f1e7-13,USDT,192a936d5b6b88b136e067b9101fda494da62d0c47c7539ee653b1d6,1.7571077508929596,0.4609848198486173,0.3212611958,73387.41126779313,33830.48256244,33830.48256244,"[{""id"":""a04ce7a52545e5e33c2867e148898d9e667a69602285f6a1298f9d68"",""qTokenName"":""qADA"",""qTokenAmount"":13957815.530731,""market"":{""id"":""Ada"",""displayName"":""ADA""},""amountInUsd"":73387.41126779313}]",true,false,true
05056f9c33cf27f3b41a5be1f9332294cc93a1c1ebfbd4745d3a886c2b10f1e7-12,USDT,17d987bcead832691a651d3e50af58fe1b6d84662d32b1feded0a33d,0,0,0.3212611958,9.86162149774785,0,0,"[{""id"":""a04ce7a52545e5e33c2867e148898d9e667a69602285f6a1298f9d68"",""qTokenName"":""qADA"",""qTokenAmount"":1875.617239,""market"":{""id"":""Ada"",""displayName"":""ADA""},""amountInUsd"":9.86162149774785}]",false,false,true
05056f9c33cf27f3b41a5be1f9332294cc93a1c1ebfbd4745d3a886c2b10f1e7-11,USDT,6ecfb0a808e8ba411067fe94c9273837d3ec3e00d3234c71a50b770b,0,0,0.3212611958,13.121025617242738,0,0,"[{""id"":""a04ce7a52545e5e33c2867e148898d9e667a69602285f6a1298f9d68"",""qTokenName"":""qADA"",""qTokenAmount"":2495.535024,""market"":{""id"":""Ada"",""displayName"":""ADA""},""amountInUsd"":13.121025617242738}]",false,false,true
dd5f2b90220d00e8c364fbdae25a95c03a203943a8862fd7f753104ced5c4a5c-2,WMT,105873bbf2df61275415bafb740ad86ffce6101835ab42a489b186c2,0,0,0,2.4194535179676397,0,0,"[{""id"":""a04ce7a52545e5e33c2867e148898d9e667a69602285f6a1298f9d68"",""qTokenName"":""qADA"",""qTokenAmount"":460.164561,""market"":{""id"":""Ada"",""displayName"":""ADA""},""amountInUsd"":2.41945351796764}]",false,false,true
ff2db16f9af30639aee9f2cb989380063ea45057518a2714e1e8e493a1a4948c-2,WMT,2f3b3bade5293f8248431e0adf6400fd78b35217545d8bbf77775f64,0,0,0,27.984056874016694,0,0,"[{""id"":""a04ce7a52545e5e33c2867e148898d9e667a69602285f6a1298f9d68"",""qTokenName"":""qADA"",""qTokenAmount"":5322.388362,""market"":{""id"":""Ada"",""displayName"":""ADA""},""amountInUsd"":27.984056874016694}]",false,false,true
759224e9aebdee551f5c99f94e40ab3755833c43538bd9b6c9520562d11fcf70-1,WMT,2f3b3bade5293f8248431e0adf6400fd78b35217545d8bbf77775f64,0,0,0,208.61699577138867,0,0,"[{""id"":""a04ce7a52545e5e33c2867e148898d9e667a69602285f6a1298f9d68"",""qTokenName"":""qADA"",""qTokenAmount"":39677.616273,""market"":{""id"":""Ada"",""displayName"":""ADA""},""amountInUsd"":208.61699577138864}]",false,false,true
