date,periodStartDay,periodEndDay,fromDate,toDate,liquidationProfitInUsd,debtRepaidInUsd,interestAccruedInUsd,interestRepaidInUsd,revenueFromRepaidInterestInUsd,loanOriginationFeesInUsd,realizedProtocolRevenueInUsd,isComplete,provenance,combinedObservedFeeFlowInUsd
2023-02-02,2023-02-02,2023-02-02,2023-02-02T00:00:00.000Z,2023-02-02T23:59:59.000Z,0,277.16984,29.44811574363,0.020879866202,0.005219665272,0,0.005219665272,true,daily-api,
2023-02-03,2023-02-03,2023-02-03,2023-02-03T00:00:00.000Z,2023-02-03T23:59:59.000Z,0,1654.606536,273.134626729835,18.40855290582,4.60213722342,0,4.60213722342,true,daily-api,
2023-02-04,2023-02-04,2023-02-04,2023-02-04T00:00:00.000Z,2023-02-04T23:59:59.000Z,0,2495.1443,973.554816630429,10.741929969267,2.685481583574,0,2.685481583574,true,daily-api,
2023-02-05,2023-02-05,2023-02-05,2023-02-05T00:00:00.000Z,2023-02-05T23:59:59.000Z,0,41290.4246,1058.213668647336,39.831246455117,9.957810234373001,0,9.957810234373001,true,daily-api,
2023-02-06,2023-02-06,2023-02-06,2023-02-06T00:00:00.000Z,2023-02-06T23:59:59.000Z,0,2442.122477,1182.948580739928,5.650827572827,1.412706010815,0,1.412706010815,true,daily-api,
2023-02-07,2023-02-07,2023-02-07,2023-02-07T00:00:00.000Z,2023-02-07T23:59:59.000Z,0,1025.576788,1223.934231761702,4.878732387581,1.219681934705,0,1.219681934705,true,daily-api,
2023-02-08,2023-02-08,2023-02-08,2023-02-08T00:00:00.000Z,2023-02-08T23:59:59.000Z,0,277.9944,849.008312963529,37.58787958457,9.396969498688,0,9.396969498688,true,daily-api,
2023-02-09,2023-02-09,2023-02-09,2023-02-09T00:00:00.000Z,2023-02-09T23:59:59.000Z,0,0,1727.469595420241,0,0,0,0,true,daily-api,
2023-02-10,2023-02-10,2023-02-10,2023-02-10T00:00:00.000Z,2023-02-10T23:59:59.000Z,0,175926.4696,1168.535875278765,656.856202611672,164.214050113176,0,164.214050113176,true,daily-api,
2023-02-11,2023-02-11,2023-02-11,2023-02-11T00:00:00.000Z,2023-02-11T23:59:59.000Z,0,1454148.0046118193,1214.183039563656,2817.306109717254,704.326526527128,0,704.326526527128,true,daily-api,
2023-02-12,2023-02-12,2023-02-12,2023-02-12T00:00:00.000Z,2023-02-12T23:59:59.000Z,0,74.3097,1437.63138573193,0.136626887155,0.034156629222,0,0.034156629222,true,daily-api,
2023-02-13,2023-02-13,2023-02-13,2023-02-13T00:00:00.000Z,2023-02-13T23:59:59.000Z,0,543.3435,1376.328947286368,18.635399034882,4.658849577606,0,4.658849577606,true,daily-api,
2023-02-14,2023-02-14,2023-02-14,2023-02-14T00:00:00.000Z,2023-02-14T23:59:59.000Z,0,1464.374475,1391.693421341647,2.752177909254,0.688044290307,0,0.688044290307,true,daily-api,
2023-02-15,2023-02-15,2023-02-15,2023-02-15T00:00:00.000Z,2023-02-15T23:59:59.000Z,0,43.485249,2198.654601204385,0.270821037905,0.067704965657,0,0.067704965657,true,daily-api,
2023-02-16,2023-02-16,2023-02-16,2023-02-16T00:00:00.000Z,2023-02-16T23:59:59.000Z,0,3148.674055,2196.037058905891,8.251917197,2.06297909898,0,2.06297909898,true,daily-api,
2023-02-17,2023-02-17,2023-02-17,2023-02-17T00:00:00.000Z,2023-02-17T23:59:59.000Z,0,90.99559,2309.599082897129,0.08488701648,0.02122175412,0,0.02122175412,true,daily-api,
2023-02-18,2023-02-18,2023-02-18,2023-02-18T00:00:00.000Z,2023-02-18T23:59:59.000Z,0,885.2206,2436.078680256408,1.876794821868,0.469198705467,0,0.469198705467,true,daily-api,
2023-02-19,2023-02-19,2023-02-19,2023-02-19T00:00:00.000Z,2023-02-19T23:59:59.000Z,0,102153.404885,2379.438687023023,511.180381142123,127.795094375487,0,127.795094375487,true,daily-api,
2023-02-20,2023-02-20,2023-02-20,2023-02-20T00:00:00.000Z,2023-02-20T23:59:59.000Z,0,216.544915,2394.028631958024,4.531978863597,1.132994109078,0,1.132994109078,true,daily-api,
2023-02-21,2023-02-21,2023-02-21,2023-02-21T00:00:00.000Z,2023-02-21T23:59:59.000Z,0,471873.0094,2205.968642104165,890.859597528789,222.714898590046,0,222.714898590046,true,daily-api,
2023-02-22,2023-02-22,2023-02-22,2023-02-22T00:00:00.000Z,2023-02-22T23:59:59.000Z,0,115.2701,2054.412646674901,0.257609720073,0.064401758706,0,0.064401758706,true,daily-api,
2023-02-23,2023-02-23,2023-02-23,2023-02-23T00:00:00.000Z,2023-02-23T23:59:59.000Z,0,22354.22966,1956.18307813481,27.374786834906,6.84369604534,0,6.84369604534,true,daily-api,
2023-02-24,2023-02-24,2023-02-24,2023-02-24T00:00:00.000Z,2023-02-24T23:59:59.000Z,0,37.9078,1942.938331518151,0.330970348254,0.082742492294,0,0.082742492294,true,daily-api,
2023-02-25,2023-02-25,2023-02-25,2023-02-25T00:00:00.000Z,2023-02-25T23:59:59.000Z,0,108.2045,1876.139565937723,0.203508827843,0.050876846526,0,0.050876846526,true,daily-api,
2023-02-26,2023-02-26,2023-02-26,2023-02-26T00:00:00.000Z,2023-02-26T23:59:59.000Z,0,0,1876.11908301654,0,0,0,0,true,daily-api,
2023-02-27,2023-02-27,2023-02-27,2023-02-27T00:00:00.000Z,2023-02-27T23:59:59.000Z,0,194158.551728,1921.877390151685,1078.024606289186,269.506151027908,0,269.506151027908,true,daily-api,
2023-02-28,2023-02-28,2023-02-28,2023-02-28T00:00:00.000Z,2023-02-28T23:59:59.000Z,0,365.3802,1789.593547946332,12.899307247272,3.224826446607,0,3.224826446607,true,daily-api,
2023-03-01,2023-03-01,2023-03-01,2023-03-01T00:00:00.000Z,2023-03-01T23:59:59.000Z,0,3945.3722,1605.71832385891,909.8659339745209,227.466483224317,0,227.466483224317,true,daily-api,
2023-03-02,2023-03-02,2023-03-02,2023-03-02T00:00:00.000Z,2023-03-02T23:59:59.000Z,0,338.48537999999996,1569.511804927445,1.90981606914,0.477453483002,0,0.477453483002,true,daily-api,
2023-03-03,2023-03-03,2023-03-03,2023-03-03T00:00:00.000Z,2023-03-03T23:59:59.000Z,0,2745.1063,1467.827205818779,43.554154356117,10.863238908877,0,10.863238908877,true,daily-api,
2023-03-04,2023-03-04,2023-03-04,2023-03-04T00:00:00.000Z,2023-03-04T23:59:59.000Z,0,4637.817892,1546.374027597884,119.773314897657,29.916880551181,0,29.916880551181,true,daily-api,
2023-03-05,2023-03-05,2023-03-05,2023-03-05T00:00:00.000Z,2023-03-05T23:59:59.000Z,0,933.73235421,1503.837161936441,602.25093633028,150.562733487944,0,150.562733487944,true,daily-api,
2023-03-06,2023-03-06,2023-03-06,2023-03-06T00:00:00.000Z,2023-03-06T23:59:59.000Z,0,1602.280012417958,1521.979463688474,62.281552161523,15.300157538875,0,15.300157538875,true,daily-api,
2023-03-07,2023-03-07,2023-03-07,2023-03-07T00:00:00.000Z,2023-03-07T23:59:59.000Z,0,2732.103939,1466.445164922027,25.177173605373,6.179695575136,0,6.179695575136,true,daily-api,
2023-03-08,2023-03-08,2023-03-08,2023-03-08T00:00:00.000Z,2023-03-08T23:59:59.000Z,0,252.803525,1476.797483143712,16.460012227602,4.115002651925,0,4.115002651925,true,daily-api,
2023-03-09,2023-03-09,2023-03-09,2023-03-09T00:00:00.000Z,2023-03-09T23:59:59.000Z,0,333.0557,1472.954480454297,1.145568595689,0.231844818783,0,0.231844818783,true,daily-api,
2023-03-10,2023-03-10,2023-03-10,2023-03-10T00:00:00.000Z,2023-03-10T23:59:59.000Z,0,7915.2860949999995,1535.334522154398,20.95176678232,4.811959060128,0,4.811959060128,true,daily-api,
2023-03-11,2023-03-11,2023-03-11,2023-03-11T00:00:00.000Z,2023-03-11T23:59:59.000Z,0,5137.312956,1479.784348462568,24.742586468832,5.026064867208,0,5.026064867208,true,daily-api,
2023-03-12,2023-03-12,2023-03-12,2023-03-12T00:00:00.000Z,2023-03-12T23:59:59.000Z,0,3582.20468,1491.864246154707,0.337565452644,0.083678037161,0,0.083678037161,true,daily-api,
2023-03-13,2023-03-13,2023-03-13,2023-03-13T00:00:00.000Z,2023-03-13T23:59:59.000Z,0,47490.637232,1651.697887258449,616.556121762574,153.707552921509,0,153.707552921509,true,daily-api,
2023-03-14,2023-03-14,2023-03-14,2023-03-14T00:00:00.000Z,2023-03-14T23:59:59.000Z,0,5469.986306,1747.318957500791,90.044675140257,20.692545612866,0,20.692545612866,true,daily-api,
2023-03-15,2023-03-15,2023-03-15,2023-03-15T00:00:00.000Z,2023-03-15T23:59:59.000Z,-5.532768909688457e-9,7262.90547632568,1663.083615096403,13.594787524576,3.330238950743,0,3.330238950743,true,daily-api,
2023-03-16,2023-03-16,2023-03-16,2023-03-16T00:00:00.000Z,2023-03-16T23:59:59.000Z,0,33181.71135,1629.682877367189,9837.442128135315,2459.360531621858,0,2459.360531621858,true,daily-api,
2023-03-17,2023-03-17,2023-03-17,2023-03-17T00:00:00.000Z,2023-03-17T23:59:59.000Z,0,3588.414509,1734.708396824515,42.709612922071,10.652532557075,0,10.652532557075,true,daily-api,
2023-03-18,2023-03-18,2023-03-18,2023-03-18T00:00:00.000Z,2023-03-18T23:59:59.000Z,0,5352.007552,1842.798418180869,75.645833275468,18.767468102212,0,18.767468102212,true,daily-api,
2023-03-19,2023-03-19,2023-03-19,2023-03-19T00:00:00.000Z,2023-03-19T23:59:59.000Z,0,1238.060408,1877.074536399116,2.870468678169,0.652920332865,0,0.652920332865,true,daily-api,
2023-03-20,2023-03-20,2023-03-20,2023-03-20T00:00:00.000Z,2023-03-20T23:59:59.000Z,0,5584.613921,1856.449078807794,21.810588177641,4.468259458469,0,4.468259458469,true,daily-api,
2023-03-21,2023-03-21,2023-03-21,2023-03-21T00:00:00.000Z,2023-03-21T23:59:59.000Z,0,619352.462164,1789.411407506588,1794.023079007448,448.146709473404,0,448.146709473404,true,daily-api,
2023-03-22,2023-03-22,2023-03-22,2023-03-22T00:00:00.000Z,2023-03-22T23:59:59.000Z,0,24504.5866978,2063.49691545881,21.48199492626,4.454031825244,0,4.454031825244,true,daily-api,
2023-03-23,2023-03-23,2023-03-23,2023-03-23T00:00:00.000Z,2023-03-23T23:59:59.000Z,0,100,2047.323532304383,1.354874,0.270974,0,0.270974,true,daily-api,
2023-03-24,2023-03-24,2023-03-24,2023-03-24T00:00:00.000Z,2023-03-24T23:59:59.000Z,0,5932.7586,2063.392285066929,68.970796211698,16.930480962436,0,16.930480962436,true,daily-api,
2023-03-25,2023-03-25,2023-03-25,2023-03-25T00:00:00.000Z,2023-03-25T23:59:59.000Z,0,3849.546485016,1997.062292837883,479.36591627309,119.841478618902,0,119.841478618902,true,daily-api,
2023-03-26,2023-03-26,2023-03-26,2023-03-26T00:00:00.000Z,2023-03-26T23:59:59.000Z,0,778396.286,1938.0102586355,1306.490684426688,326.622670928127,0,326.622670928127,true,daily-api,
2023-03-27,2023-03-27,2023-03-27,2023-03-27T00:00:00.000Z,2023-03-27T23:59:59.000Z,0,122.55665,1986.2742618044,23.318675666667,5.829668739726,0,5.829668739726,true,daily-api,
2023-03-28,2023-03-28,2023-03-28,2023-03-28T00:00:00.000Z,2023-03-28T23:59:59.000Z,0,135.254,2019.069770360869,35.257735,8.814246999999998,0,8.814246999999998,true,daily-api,
2023-03-29,2023-03-29,2023-03-29,2023-03-29T00:00:00.000Z,2023-03-29T23:59:59.000Z,0,1815.44467,2180.006414704127,97.44809781171,24.233465760685,0,24.233465760685,true,daily-api,
2023-03-30,2023-03-30,2023-03-30,2023-03-30T00:00:00.000Z,2023-03-30T23:59:59.000Z,0,167.0752077268,2210.820424138629,12.163063588268,3.040765424492,0,3.040765424492,true,daily-api,
2023-03-31,2023-03-31,2023-03-31,2023-03-31T00:00:00.000Z,2023-03-31T23:59:59.000Z,0,874712.354158,2175.734742148561,1526.388611558284,381.35343124174,0,381.35343124174,true,daily-api,
2023-04-01,2023-04-01,2023-04-01,2023-04-01T00:00:00.000Z,2023-04-01T23:59:59.000Z,0,2369.40261,2063.157722558835,9.0144426883,2.15281858535,0,2.15281858535,true,daily-api,
2023-04-02,2023-04-02,2023-04-02,2023-04-02T00:00:00.000Z,2023-04-02T23:59:59.000Z,0,2549.7,2111.174517663869,75.850281248,15.170754062,0,15.170754062,true,daily-api,
2023-04-03,2023-04-03,2023-04-03,2023-04-03T00:00:00.000Z,2023-04-03T23:59:59.000Z,0,7986.3729,2197.293264428203,137.803028045246,31.651697827916,0,31.651697827916,true,daily-api,
2023-04-04,2023-04-04,2023-04-04,2023-04-04T00:00:00.000Z,2023-04-04T23:59:59.000Z,0,122664.6256,2476.449418270737,629.659753747153,156.016873505355,0,156.016873505355,true,daily-api,
2023-04-05,2023-04-05,2023-04-05,2023-04-05T00:00:00.000Z,2023-04-05T23:59:59.000Z,0,833152.8517,2407.892356075295,2470.411757266707,617.26758797511,0,617.26758797511,true,daily-api,
2023-04-06,2023-04-06,2023-04-06,2023-04-06T00:00:00.000Z,2023-04-06T23:59:59.000Z,0,4429.1899055527965,2475.125671584333,258.164606944615,64.541150965771,0,64.541150965771,true,daily-api,
2023-04-07,2023-04-07,2023-04-07,2023-04-07T00:00:00.000Z,2023-04-07T23:59:59.000Z,0,6440.25337226024,2455.986086697396,54.255989638933,12.986130838153,0,12.986130838153,true,daily-api,
2023-04-08,2023-04-08,2023-04-08,2023-04-08T00:00:00.000Z,2023-04-08T23:59:59.000Z,0,3209.63425,2681.252622307018,97.268699664677,23.275837949639,0,23.275837949639,true,daily-api,
2023-04-09,2023-04-09,2023-04-09,2023-04-09T00:00:00.000Z,2023-04-09T23:59:59.000Z,0,11937.519079050708,2666.153347138352,239.936220705064,59.571990729317,0,59.571990729317,true,daily-api,
2023-04-10,2023-04-10,2023-04-10,2023-04-10T00:00:00.000Z,2023-04-10T23:59:59.000Z,0,874817.50885,2723.766857633486,1675.4177429744109,412.360676534911,0,412.360676534911,true,daily-api,
2023-04-11,2023-04-11,2023-04-11,2023-04-11T00:00:00.000Z,2023-04-11T23:59:59.000Z,0,916861.842428,2951.412258229297,5134.248309238879,1276.646642463185,0,1276.646642463185,true,daily-api,
2023-04-12,2023-04-12,2023-04-12,2023-04-12T00:00:00.000Z,2023-04-12T23:59:59.000Z,0,388948.1811050344,2570.971494416179,5560.572957550017,1386.822252470706,0,1386.822252470706,true,daily-api,
2023-04-13,2023-04-13,2023-04-13,2023-04-13T00:00:00.000Z,2023-04-13T23:59:59.000Z,0,211816.010021,2737.8833706544942,3061.705750989498,764.92792533086,0,764.92792533086,true,daily-api,
2023-04-14,2023-04-14,2023-04-14,2023-04-14T00:00:00.000Z,2023-04-14T23:59:59.000Z,-3.519602387314081e-8,3456960.244072427,1579.719992275184,74037.18333760653,18507.97725854152,0,18507.97725854152,true,daily-api,
2023-04-15,2023-04-15,2023-04-15,2023-04-15T00:00:00.000Z,2023-04-15T23:59:59.000Z,0,1748809.2204871646,737.268202648175,6604.084462160328,1642.638003778138,0,1642.638003778138,true,daily-api,
2023-04-16,2023-04-16,2023-04-16,2023-04-16T00:00:00.000Z,2023-04-16T23:59:59.000Z,0,167945.03972084,989.916854954572,1332.162055685016,322.823424670896,0,322.823424670896,true,daily-api,
2023-04-17,2023-04-17,2023-04-17,2023-04-17T00:00:00.000Z,2023-04-17T23:59:59.000Z,0,40294.543848,609.820029388236,46.632941801187,9.984325951881,0,9.984325951881,true,daily-api,
2023-04-18,2023-04-18,2023-04-18,2023-04-18T00:00:00.000Z,2023-04-18T23:59:59.000Z,0,3000.918417,586.456741150902,22.519317615936,4.503861460077,0,4.503861460077,true,daily-api,
2023-04-19,2023-04-19,2023-04-19,2023-04-19T00:00:00.000Z,2023-04-19T23:59:59.000Z,0,3183.543941,624.047989565158,19.37192697685,3.8743828909,0,3.8743828909,true,daily-api,
2023-04-20,2023-04-20,2023-04-20,2023-04-20T00:00:00.000Z,2023-04-20T23:59:59.000Z,0,511736.3842727381,641.029981745721,710.395038514982,142.079000157759,0,142.079000157759,true,daily-api,
2023-04-21,2023-04-21,2023-04-21,2023-04-21T00:00:00.000Z,2023-04-21T23:59:59.000Z,18.668323061678766,129132.0689324717,638.057065013599,589.743733473172,117.948731179249,0,117.948731179249,true,daily-api,
2023-04-22,2023-04-22,2023-04-22,2023-04-22T00:00:00.000Z,2023-04-22T23:59:59.000Z,0,29432.282874,665.004746807176,126.48809253104,25.297614959093,0,25.297614959093,true,daily-api,
2023-04-23,2023-04-23,2023-04-23,2023-04-23T00:00:00.000Z,2023-04-23T23:59:59.000Z,0,7413.916784,721.58153243678,5.29072,1.058143,0,1.058143,true,daily-api,
2023-04-24,2023-04-24,2023-04-24,2023-04-24T00:00:00.000Z,2023-04-24T23:59:59.000Z,0,7278.83830138735,734.21395699733,51.166988005863,10.233392873883,0,10.233392873883,true,daily-api,
2023-04-25,2023-04-25,2023-04-25,2023-04-25T00:00:00.000Z,2023-04-25T23:59:59.000Z,0,520707.309528,733.767889205468,1037.450090402737,207.490009382386,0,207.490009382386,true,daily-api,
2023-04-26,2023-04-26,2023-04-26,2023-04-26T00:00:00.000Z,2023-04-26T23:59:59.000Z,0,21191.084429,784.8973253137,45.080430931191,9.016082219856,0,9.016082219856,true,daily-api,
2023-04-27,2023-04-27,2023-04-27,2023-04-27T00:00:00.000Z,2023-04-27T23:59:59.000Z,0,6359.0423932,844.788787233915,57.249079628206,11.449812399805001,0,11.449812399805001,true,daily-api,
2023-04-28,2023-04-28,2023-04-28,2023-04-28T00:00:00.000Z,2023-04-28T23:59:59.000Z,0,3269.956135,864.295396101075,91.925188944698,18.385035663142,0,18.385035663142,true,daily-api,
2023-04-29,2023-04-29,2023-04-29,2023-04-29T00:00:00.000Z,2023-04-29T23:59:59.000Z,0,3034.741464,880.819030758919,12.828999779765,2.565795988154,0,2.565795988154,true,daily-api,
2023-04-30,2023-04-30,2023-04-30,2023-04-30T00:00:00.000Z,2023-04-30T23:59:59.000Z,0,456219.679701,902.191160683053,407.164831118726,81.432962829526,0,81.432962829526,true,daily-api,
2023-05-01,2023-05-01,2023-05-01,2023-05-01T00:00:00.000Z,2023-05-01T23:59:59.000Z,0,48458.443574,714.828986152011,686.224993087749,137.244995036662,0,137.244995036662,true,daily-api,
2023-05-02,2023-05-02,2023-05-02,2023-05-02T00:00:00.000Z,2023-05-02T23:59:59.000Z,0,45897.605959,710.37635386245,154.606588213921,30.921314878989,0,30.921314878989,true,daily-api,
2023-05-03,2023-05-03,2023-05-03,2023-05-03T00:00:00.000Z,2023-05-03T23:59:59.000Z,0,237534.34851218833,715.315412839102,100.23123646174,20.046244030619,0,20.046244030619,true,daily-api,
2023-05-04,2023-05-04,2023-05-04,2023-05-04T00:00:00.000Z,2023-05-04T23:59:59.000Z,0,15748.345284107896,741.925864493263,59.792965891352,11.958589708257,0,11.958589708257,true,daily-api,
2023-05-05,2023-05-05,2023-05-05,2023-05-05T00:00:00.000Z,2023-05-05T23:59:59.000Z,0,524986.870087,766.889771290707,509.311832702015,101.862362117719,0,101.862362117719,true,daily-api,
2023-05-06,2023-05-06,2023-05-06,2023-05-06T00:00:00.000Z,2023-05-06T23:59:59.000Z,-2.203250915044919e-9,17947.74364066614,874.298042745211,129.350740672957,25.870145077308,0,25.870145077308,true,daily-api,
2023-05-07,2023-05-07,2023-05-07,2023-05-07T00:00:00.000Z,2023-05-07T23:59:59.000Z,0,2117615.6059660767,1133.378578805145,3292.822078649343,658.564403846563,0,658.564403846563,true,daily-api,
2023-05-08,2023-05-08,2023-05-08,2023-05-08T00:00:00.000Z,2023-05-08T23:59:59.000Z,-1.028979568218347e-9,1065576.4446652,1154.003914273085,1792.593550273522,358.518691144224,0,358.518691144224,true,daily-api,
2023-05-09,2023-05-09,2023-05-09,2023-05-09T00:00:00.000Z,2023-05-09T23:59:59.000Z,0,35583.861636,778.450854560954,174.122593284808,34.82451587461,0,34.82451587461,true,daily-api,
2023-05-10,2023-05-10,2023-05-10,2023-05-10T00:00:00.000Z,2023-05-10T23:59:59.000Z,0,68739.731325,658.83577069409,109.71009105657,21.94201551483,0,21.94201551483,true,daily-api,
2023-05-11,2023-05-11,2023-05-11,2023-05-11T00:00:00.000Z,2023-05-11T23:59:59.000Z,-4.139110387768596e-9,26558.812648291376,463.692999202004,264.46711457253,52.893417799736,0,52.893417799736,true,daily-api,
2023-05-12,2023-05-12,2023-05-12,2023-05-12T00:00:00.000Z,2023-05-12T23:59:59.000Z,0,6293.764224,508.979735498332,43.771734,8.754345,0,8.754345,true,daily-api,
2023-05-13,2023-05-13,2023-05-13,2023-05-13T00:00:00.000Z,2023-05-13T23:59:59.000Z,0,289.06765,621.791200789382,54.600046074646,10.920008341796,0,10.920008341796,true,daily-api,
2023-05-14,2023-05-14,2023-05-14,2023-05-14T00:00:00.000Z,2023-05-14T23:59:59.000Z,0,6583.92308,706.468010341594,78.827297336333,15.765457897119,0,15.765457897119,true,daily-api,
2023-05-15,2023-05-15,2023-05-15,2023-05-15T00:00:00.000Z,2023-05-15T23:59:59.000Z,0,181576.189092,605.514203482907,300.291042743211,60.0582061783,0,60.0582061783,true,daily-api,
2023-05-16,2023-05-16,2023-05-16,2023-05-16T00:00:00.000Z,2023-05-16T23:59:59.000Z,0,11664.68556149918,500.454681906735,266.294745623801,53.258947210706,0,53.258947210706,true,daily-api,
2023-05-17,2023-05-17,2023-05-17,2023-05-17T00:00:00.000Z,2023-05-17T23:59:59.000Z,0,18275.090058,438.091260481694,45.816401,9.163278000000002,0,9.163278000000002,true,daily-api,
2023-05-18,2023-05-18,2023-05-18,2023-05-18T00:00:00.000Z,2023-05-18T23:59:59.000Z,0,4584.815883,453.025749941357,25.654253884265,5.130849781746,0,5.130849781746,true,daily-api,
2023-05-19,2023-05-19,2023-05-19,2023-05-19T00:00:00.000Z,2023-05-19T23:59:59.000Z,0,3571.2423,846.461556738875,24.181504,4.8363,0,4.8363,true,daily-api,
2023-05-20,2023-05-20,2023-05-20,2023-05-20T00:00:00.000Z,2023-05-20T23:59:59.000Z,0,183.320899,1217.983884806627,11.459975189534,2.291994403236,0,2.291994403236,true,daily-api,
2023-05-21,2023-05-21,2023-05-21,2023-05-21T00:00:00.000Z,2023-05-21T23:59:59.000Z,0,6057.04848234,1844.826841741597,298.654329205748,59.730862424954,0,59.730862424954,true,daily-api,
2023-05-22,2023-05-22,2023-05-22,2023-05-22T00:00:00.000Z,2023-05-22T23:59:59.000Z,0,16191.412512869121,1943.142245149581,231.303181854006,46.260634137562,0,46.260634137562,true,daily-api,
2023-05-23,2023-05-23,2023-05-23,2023-05-23T00:00:00.000Z,2023-05-23T23:59:59.000Z,0,19006.750344,1835.749527982518,56.083691222234,11.216737095732,0,11.216737095732,true,daily-api,
2023-05-24,2023-05-24,2023-05-24,2023-05-24T00:00:00.000Z,2023-05-24T23:59:59.000Z,0,12450.961316,1743.734376979433,81.07923913647,16.215846627294,0,16.215846627294,true,daily-api,
2023-05-25,2023-05-25,2023-05-25,2023-05-25T00:00:00.000Z,2023-05-25T23:59:59.000Z,0,113065.813098,1629.444602769459,1700.930271905936,340.18604870673,0,340.18604870673,true,daily-api,
2023-05-26,2023-05-26,2023-05-26,2023-05-26T00:00:00.000Z,2023-05-26T23:59:59.000Z,0,55443.469825,1595.787176882173,686.769905936359,137.353976797142,0,137.353976797142,true,daily-api,
2023-05-27,2023-05-27,2023-05-27,2023-05-27T00:00:00.000Z,2023-05-27T23:59:59.000Z,0,36655.877263,1392.448076014288,184.226875481223,36.845371912835,0,36.845371912835,true,daily-api,
2023-05-28,2023-05-28,2023-05-28,2023-05-28T00:00:00.000Z,2023-05-28T23:59:59.000Z,0,35635.6082886,1328.314915851823,1006.261905909186,201.252376175257,0,201.252376175257,true,daily-api,
2023-05-29,2023-05-29,2023-05-29,2023-05-29T00:00:00.000Z,2023-05-29T23:59:59.000Z,0,4560.845768,1450.256511387907,125.945169915575,25.189031525675,0,25.189031525675,true,daily-api,
2023-05-30,2023-05-30,2023-05-30,2023-05-30T00:00:00.000Z,2023-05-30T23:59:59.000Z,0,1954.583642,1590.252542155098,0.172128670574,0.034425055204,0,0.034425055204,true,daily-api,
2023-05-31,2023-05-31,2023-05-31,2023-05-31T00:00:00.000Z,2023-05-31T23:59:59.000Z,0,54946.97214040903,1615.784938214112,134.824801566306,26.964956411499,0,26.964956411499,true,daily-api,
2023-06-01,2023-06-01,2023-06-01,2023-06-01T00:00:00.000Z,2023-06-01T23:59:59.000Z,0,175992.96873490547,1054.62621201967,1421.688612817465,284.33771625174097,0,284.33771625174097,true,daily-api,
2023-06-02,2023-06-02,2023-06-02,2023-06-02T00:00:00.000Z,2023-06-02T23:59:59.000Z,0,33081.612811873,1126.435685207368,68.08007772654,13.61601391444,0,13.61601391444,true,daily-api,
2023-06-03,2023-06-03,2023-06-03,2023-06-03T00:00:00.000Z,2023-06-03T23:59:59.000Z,0,108025.92690914644,1265.839425671963,711.721328404709,142.344262394526,0,142.344262394526,true,daily-api,
2023-06-04,2023-06-04,2023-06-04,2023-06-04T00:00:00.000Z,2023-06-04T23:59:59.000Z,0,139574.29233632784,1429.95314891513,557.344035084,111.468803703781,0,111.468803703781,true,daily-api,
2023-06-05,2023-06-05,2023-06-05,2023-06-05T00:00:00.000Z,2023-06-05T23:59:59.000Z,0,131848.74892396378,1324.557541434232,1619.020742214805,323.804138258347,0,323.804138258347,true,daily-api,
2023-06-06,2023-06-06,2023-06-06,2023-06-06T00:00:00.000Z,2023-06-06T23:59:59.000Z,423.10452254334604,24720.038963471827,1129.992283470734,362.60758697309,72.521512091141,0,72.521512091141,true,daily-api,
2023-06-07,2023-06-07,2023-06-07,2023-06-07T00:00:00.000Z,2023-06-07T23:59:59.000Z,1171.2280670896378,205764.61592835071,1079.578547053853,4919.147495920514,983.829476234285,0,983.829476234285,true,daily-api,
2023-06-08,2023-06-08,2023-06-08,2023-06-08T00:00:00.000Z,2023-06-08T23:59:59.000Z,0,7300.525192,915.501944498416,101.682667,20.336532,0,20.336532,true,daily-api,
2023-06-09,2023-06-09,2023-06-09,2023-06-09T00:00:00.000Z,2023-06-09T23:59:59.000Z,4238.879158723771,314774.7062711511,1055.187010411442,2262.359346067109,452.471845039655,0,452.471845039655,true,daily-api,
2023-06-10,2023-06-10,2023-06-10,2023-06-10T00:00:00.000Z,2023-06-10T23:59:59.000Z,24125.657639648034,1596456.0768907072,581.767933141071,4782.398646376386,956.479639339826,0,956.479639339826,true,daily-api,
2023-06-11,2023-06-11,2023-06-11,2023-06-11T00:00:00.000Z,2023-06-11T23:59:59.000Z,-14.071401983716031,57039.3995351011,585.164864939204,62.217694557836,12.443533936466,0,12.443533936466,true,daily-api,
2023-06-12,2023-06-12,2023-06-12,2023-06-12T00:00:00.000Z,2023-06-12T23:59:59.000Z,124.4788709110699,9197.544163466542,626.779106170725,38.887119025106,7.777419119466,0,7.777419119466,true,daily-api,
2023-06-13,2023-06-13,2023-06-13,2023-06-13T00:00:00.000Z,2023-06-13T23:59:59.000Z,0,68716.21328955545,659.424569722969,125.483354912671,25.096667808433,0,25.096667808433,true,daily-api,
2023-06-14,2023-06-14,2023-06-14,2023-06-14T00:00:00.000Z,2023-06-14T23:59:59.000Z,33.4666665505066,47144.297058755816,664.114177854988,713.171692565993,142.634330071429,0,142.634330071429,true,daily-api,
2023-06-15,2023-06-15,2023-06-15,2023-06-15T00:00:00.000Z,2023-06-15T23:59:59.000Z,11.898545313163169,20765.841646824,669.146766703888,58.940402059981,11.78807466305,0,11.78807466305,true,daily-api,
2023-06-16,2023-06-16,2023-06-16,2023-06-16T00:00:00.000Z,2023-06-16T23:59:59.000Z,0,17713.341714275,669.445833781453,59.936544593603,11.987306072475,0,11.987306072475,true,daily-api,
2023-06-17,2023-06-17,2023-06-17,2023-06-17T00:00:00.000Z,2023-06-17T23:59:59.000Z,0,2627.762772,687.767319975068,23.718473925841,4.743693117375,0,4.743693117375,true,daily-api,
2023-06-18,2023-06-18,2023-06-18,2023-06-18T00:00:00.000Z,2023-06-18T23:59:59.000Z,0,28621.977184010808,699.601178275191,160.28187948562498,32.056372296487,0,32.056372296487,true,daily-api,
2023-06-19,2023-06-19,2023-06-19,2023-06-19T00:00:00.000Z,2023-06-19T23:59:59.000Z,6.894989856862047,8614.055619452,710.259783243068,802.9577770480001,160.591550657,0,160.591550657,true,daily-api,
2023-06-20,2023-06-20,2023-06-20,2023-06-20T00:00:00.000Z,2023-06-20T23:59:59.000Z,0,13603.463247203,728.107977928386,150.142163300971,30.028428595942,0,30.028428595942,true,daily-api,
2023-06-21,2023-06-21,2023-06-21,2023-06-21T00:00:00.000Z,2023-06-21T23:59:59.000Z,276.2742974122407,18853.072164316436,740.242721702109,87.900261817893,17.580049244755,0,17.580049244755,true,daily-api,
2023-06-22,2023-06-22,2023-06-22,2023-06-22T00:00:00.000Z,2023-06-22T23:59:59.000Z,1751.918317131116,42346.49842817957,770.467685729866,68.549507913618,13.709896179605,0,13.709896179605,true,daily-api,
2023-06-23,2023-06-23,2023-06-23,2023-06-23T00:00:00.000Z,2023-06-23T23:59:59.000Z,0,33412.276175051,794.503156802932,91.010639238,18.202125003,0,18.202125003,true,daily-api,
2023-06-24,2023-06-24,2023-06-24,2023-06-24T00:00:00.000Z,2023-06-24T23:59:59.000Z,0,100396.660367474,804.741019974865,594.092276012,118.81845318,0,118.81845318,true,daily-api,
2023-06-25,2023-06-25,2023-06-25,2023-06-25T00:00:00.000Z,2023-06-25T23:59:59.000Z,0,10.22,791.99862343717,1.517321498,0.303463482,0,0.303463482,true,daily-api,
2023-06-26,2023-06-26,2023-06-26,2023-06-26T00:00:00.000Z,2023-06-26T23:59:59.000Z,0,5198.278015161449,790.360135583476,827.932995042882,165.586596223729,0,165.586596223729,true,daily-api,
2023-06-27,2023-06-27,2023-06-27,2023-06-27T00:00:00.000Z,2023-06-27T23:59:59.000Z,0,131315.780275322,786.0185588963,207.456528982754,41.491302715857,0,41.491302715857,true,daily-api,
2023-06-28,2023-06-28,2023-06-28,2023-06-28T00:00:00.000Z,2023-06-28T23:59:59.000Z,27.5184219511093,101864.8810809269,775.952882250948,563.865904445673,112.773167549627,0,112.773167549627,true,daily-api,
2023-06-29,2023-06-29,2023-06-29,2023-06-29T00:00:00.000Z,2023-06-29T23:59:59.000Z,0,40546.540047383,807.996283273181,85.684822231,17.136961605,0,17.136961605,true,daily-api,
2023-06-30,2023-06-30,2023-06-30,2023-06-30T00:00:00.000Z,2023-06-30T23:59:59.000Z,0,89611.635107054,816.103992180712,600.211030427677,120.04219855601102,0,120.04219855601102,true,daily-api,
2023-07-01,2023-07-01,2023-07-01,2023-07-01T00:00:00.000Z,2023-07-01T23:59:59.000Z,0,2803.433857616,624.919851222011,5.325148295966,1.065028380632,0,1.065028380632,true,daily-api,
2023-07-02,2023-07-02,2023-07-02,2023-07-02T00:00:00.000Z,2023-07-02T23:59:59.000Z,0,711.020608,632.292868823799,1.586014919104,0.317202750912,0,0.317202750912,true,daily-api,
2023-07-03,2023-07-03,2023-07-03,2023-07-03T00:00:00.000Z,2023-07-03T23:59:59.000Z,0,1689.012578952,636.703834855344,38.91255222,7.782509025,0,7.782509025,true,daily-api,
2023-07-04,2023-07-04,2023-07-04,2023-07-04T00:00:00.000Z,2023-07-04T23:59:59.000Z,0,67790.157894187,649.562877087807,444.337022843,88.867402519,0,88.867402519,true,daily-api,
2023-07-05,2023-07-05,2023-07-05,2023-07-05T00:00:00.000Z,2023-07-05T23:59:59.000Z,0,3351.085466252,640.867091046436,99.62843974735199,19.925684019044,0,19.925684019044,true,daily-api,
2023-07-06,2023-07-06,2023-07-06,2023-07-06T00:00:00.000Z,2023-07-06T23:59:59.000Z,0,6970.00821001,643.895501096753,10.330423365698,2.066082787732,0,2.066082787732,true,daily-api,
2023-07-07,2023-07-07,2023-07-07,2023-07-07T00:00:00.000Z,2023-07-07T23:59:59.000Z,0,15882.652685,645.986355450978,57.719315245428,11.543861768196,0,11.543861768196,true,daily-api,
2023-07-08,2023-07-08,2023-07-08,2023-07-08T00:00:00.000Z,2023-07-08T23:59:59.000Z,0,8377.62057096,665.726979552125,27.10742714045,5.421482481408,0,5.421482481408,true,daily-api,
2023-07-09,2023-07-09,2023-07-09,2023-07-09T00:00:00.000Z,2023-07-09T23:59:59.000Z,0,100747.876111983,680.43989585838,298.578036918,59.71560517,0,59.71560517,true,daily-api,
2023-07-10,2023-07-10,2023-07-10,2023-07-10T00:00:00.000Z,2023-07-10T23:59:59.000Z,0,8158.2393801279995,710.012758423455,74.751660171241,14.950328153977,0,14.950328153977,true,daily-api,
2023-07-11,2023-07-11,2023-07-11,2023-07-11T00:00:00.000Z,2023-07-11T23:59:59.000Z,47.09838967658237,16427.0070366498,716.242993272827,72.636462715469,14.527287869924,0,14.527287869924,true,daily-api,
2023-07-12,2023-07-12,2023-07-12,2023-07-12T00:00:00.000Z,2023-07-12T23:59:59.000Z,0,27043.818785348998,745.688221602748,167.669166786,33.533830312,0,33.533830312,true,daily-api,
2023-07-13,2023-07-13,2023-07-13,2023-07-13T00:00:00.000Z,2023-07-13T23:59:59.000Z,2188.7890057878585,64767.21181654046,750.713605284542,280.339823961743,56.067957977106,0,56.067957977106,true,daily-api,
2023-07-14,2023-07-14,2023-07-14,2023-07-14T00:00:00.000Z,2023-07-14T23:59:59.000Z,0,153971.3710354355,818.887261571175,1538.033172841903,307.606621427074,0,307.606621427074,true,daily-api,
2023-07-15,2023-07-15,2023-07-15,2023-07-15T00:00:00.000Z,2023-07-15T23:59:59.000Z,0,36148.60472512199,855.563685008011,386.225053449757,77.245008177573,0,77.245008177573,true,daily-api,
2023-07-16,2023-07-16,2023-07-16,2023-07-16T00:00:00.000Z,2023-07-16T23:59:59.000Z,0,70603.68408058665,843.976223031784,201.25859052698198,40.251715392364,0,40.251715392364,true,daily-api,
2023-07-17,2023-07-17,2023-07-17,2023-07-17T00:00:00.000Z,2023-07-17T23:59:59.000Z,0,179380.686436328,837.393175030163,1050.788909164224,210.157773592051,0,210.157773592051,true,daily-api,
2023-07-18,2023-07-18,2023-07-18,2023-07-18T00:00:00.000Z,2023-07-18T23:59:59.000Z,0,32019.59544550823,834.389955538706,1945.533012219365,389.106599800701,0,389.106599800701,true,daily-api,
2023-07-19,2023-07-19,2023-07-19,2023-07-19T00:00:00.000Z,2023-07-19T23:59:59.000Z,0,32585.00637454902,836.976942794102,730.458460002089,146.091689549739,0,146.091689549739,true,daily-api,
2023-07-20,2023-07-20,2023-07-20,2023-07-20T00:00:00.000Z,2023-07-20T23:59:59.000Z,0,258961.9188848908,841.803836857627,653.98261389721,130.79651755080002,0,130.79651755080002,true,daily-api,
2023-07-21,2023-07-21,2023-07-21,2023-07-21T00:00:00.000Z,2023-07-21T23:59:59.000Z,0,823.008894,856.322418564349,12.271316218542,2.454262846236,0,2.454262846236,true,daily-api,
2023-07-22,2023-07-22,2023-07-22,2023-07-22T00:00:00.000Z,2023-07-22T23:59:59.000Z,0,404.795356,849.547081552209,48.187319,9.637463,0,9.637463,true,daily-api,
2023-07-23,2023-07-23,2023-07-23,2023-07-23T00:00:00.000Z,2023-07-23T23:59:59.000Z,0,11664.42838574515,855.695289995442,22.663580379725,4.532715687793,0,4.532715687793,true,daily-api,
2023-07-24,2023-07-24,2023-07-24,2023-07-24T00:00:00.000Z,2023-07-24T23:59:59.000Z,0,3737.077467,857.862054289223,45.933239476599,9.186645717934,0,9.186645717934,true,daily-api,
2023-07-25,2023-07-25,2023-07-25,2023-07-25T00:00:00.000Z,2023-07-25T23:59:59.000Z,0,44803.017859410786,902.067115969527,122.274474583188,24.454891047449,0,24.454891047449,true,daily-api,
2023-07-26,2023-07-26,2023-07-26,2023-07-26T00:00:00.000Z,2023-07-26T23:59:59.000Z,0,9257.133315955063,932.852170231467,97.831448342919,19.566286448039,0,19.566286448039,true,daily-api,
2023-07-27,2023-07-27,2023-07-27,2023-07-27T00:00:00.000Z,2023-07-27T23:59:59.000Z,0,7530.49760504286,938.141844993835,72.062557392916,14.41250924348,0,14.41250924348,true,daily-api,
2023-07-28,2023-07-28,2023-07-28,2023-07-28T00:00:00.000Z,2023-07-28T23:59:59.000Z,0,2606.22876199,946.347565611617,25.085080123032,5.017015034256,0,5.017015034256,true,daily-api,
2023-07-29,2023-07-29,2023-07-29,2023-07-29T00:00:00.000Z,2023-07-29T23:59:59.000Z,0,1100.959999,955.118077618123,0.769549,0.153909,0,0.153909,true,daily-api,
2023-07-30,2023-07-30,2023-07-30,2023-07-30T00:00:00.000Z,2023-07-30T23:59:59.000Z,0,12880.313837497972,990.958804127798,909.852130555022,181.970424713498,0,181.970424713498,true,daily-api,
2023-07-31,2023-07-31,2023-07-31,2023-07-31T00:00:00.000Z,2023-07-31T23:59:59.000Z,0,21198.235331777,996.014426700728,80.202169486589,16.040430172676,0,16.040430172676,true,daily-api,
2023-08-01,2023-08-01,2023-08-01,2023-08-01T00:00:00.000Z,2023-08-01T23:59:59.000Z,0,12883.8077513607,1029.974565606435,1112.34793947559,222.46958537461,0,222.46958537461,true,daily-api,
2023-08-02,2023-08-02,2023-08-02,2023-08-02T00:00:00.000Z,2023-08-02T23:59:59.000Z,0,7148.628361996,1036.604167176005,120.21157325779998,24.04231245076,0,24.04231245076,true,daily-api,
2023-08-03,2023-08-03,2023-08-03,2023-08-03T00:00:00.000Z,2023-08-03T23:59:59.000Z,26.33011144360785,47616.399181941546,1047.431344686449,623.604068508863,124.72080305983599,0,124.72080305983599,true,daily-api,
2023-08-04,2023-08-04,2023-08-04,2023-08-04T00:00:00.000Z,2023-08-04T23:59:59.000Z,0,43952.07034432488,1051.624676851085,1297.791006443372,253.85278039176401,0,253.85278039176401,true,daily-api,
2023-08-05,2023-08-05,2023-08-05,2023-08-05T00:00:00.000Z,2023-08-05T23:59:59.000Z,0,8308.074729005772,1066.211874982639,134.081354091752,13.408131512047,0,13.408131512047,true,daily-api,
2023-08-06,2023-08-06,2023-08-06,2023-08-06T00:00:00.000Z,2023-08-06T23:59:59.000Z,0,4374.6745197162,1068.427661643616,6.490010140317,0.64899786157,0,0.64899786157,true,daily-api,
2023-08-07,2023-08-07,2023-08-07,2023-08-07T00:00:00.000Z,2023-08-07T23:59:59.000Z,22.22222210850279,50766.827867098116,1073.904009995011,1658.267053324076,165.8266990041,0,165.8266990041,true,daily-api,
2023-08-08,2023-08-08,2023-08-08,2023-08-08T00:00:00.000Z,2023-08-08T23:59:59.000Z,0,61189.057384142,1080.846875721094,908.885278065128,90.888522548296,0,90.888522548296,true,daily-api,
2023-08-09,2023-08-09,2023-08-09,2023-08-09T00:00:00.000Z,2023-08-09T23:59:59.000Z,0,55969.964961418,1127.35783898579,35.172901099535,3.51728824305,0,3.51728824305,true,daily-api,
2023-08-10,2023-08-10,2023-08-10,2023-08-10T00:00:00.000Z,2023-08-10T23:59:59.000Z,0,5893.86998596243,1115.33535904318,21.90385315897,2.19038399352,0,2.19038399352,true,daily-api,
2023-08-11,2023-08-11,2023-08-11,2023-08-11T00:00:00.000Z,2023-08-11T23:59:59.000Z,0,11795.790199439416,1131.872089683841,48.907578603104,4.89075575576,0,4.89075575576,true,daily-api,
2023-08-12,2023-08-12,2023-08-12,2023-08-12T00:00:00.000Z,2023-08-12T23:59:59.000Z,0,8033.618341460772,1128.943097522371,58.332109076974,5.833208610344,0,5.833208610344,true,daily-api,
2023-08-13,2023-08-13,2023-08-13,2023-08-13T00:00:00.000Z,2023-08-13T23:59:59.000Z,0,141904.07983637185,1148.609702326909,50.01687100555,5.00168280454,0,5.00168280454,true,daily-api,
2023-08-14,2023-08-14,2023-08-14,2023-08-14T00:00:00.000Z,2023-08-14T23:59:59.000Z,0,59474.623357214,1139.216756011401,272.432538026878,27.243249230506,0,27.243249230506,true,daily-api,
2023-08-15,2023-08-15,2023-08-15,2023-08-15T00:00:00.000Z,2023-08-15T23:59:59.000Z,0,15839.12568102,1203.879971706166,119.949466211,11.994942006,0,11.994942006,true,daily-api,
2023-08-16,2023-08-16,2023-08-16,2023-08-16T00:00:00.000Z,2023-08-16T23:59:59.000Z,172.02312810458966,62413.0400001168,1183.305308260857,1123.15696746639,112.315677671512,0,112.315677671512,true,daily-api,
2023-08-17,2023-08-17,2023-08-17,2023-08-17T00:00:00.000Z,2023-08-17T23:59:59.000Z,6863.5719282517275,359639.6944760821,1183.001306879873,5284.895789253672,528.489542198185,0,528.489542198185,true,daily-api,
2023-08-18,2023-08-18,2023-08-18,2023-08-18T00:00:00.000Z,2023-08-18T23:59:59.000Z,0,129731.98071049711,1124.42239048792,1792.827755445452,179.282754540015,0,179.282754540015,true,daily-api,
2023-08-19,2023-08-19,2023-08-19,2023-08-19T00:00:00.000Z,2023-08-19T23:59:59.000Z,0,29476.029342748006,1202.509163578922,60.123178012669,6.012312404977,0,6.012312404977,true,daily-api,
2023-08-20,2023-08-20,2023-08-20,2023-08-20T00:00:00.000Z,2023-08-20T23:59:59.000Z,0,26604.02085547,1221.862562175512,19.654382959008,1.965434812264,0,1.965434812264,true,daily-api,
2023-08-21,2023-08-21,2023-08-21,2023-08-21T00:00:00.000Z,2023-08-21T23:59:59.000Z,0,6928.970777382869,1220.220038413031,66.77205355816601,6.677201209887,0,6.677201209887,true,daily-api,
2023-08-22,2023-08-22,2023-08-22,2023-08-22T00:00:00.000Z,2023-08-22T23:59:59.000Z,427.3154467733593,74757.33994437441,1227.729496696925,676.486596949203,67.648646831713,0,67.648646831713,true,daily-api,
2023-08-23,2023-08-23,2023-08-23,2023-08-23T00:00:00.000Z,2023-08-23T23:59:59.000Z,0,68259.788303352,1261.095544272167,475.308015623205,47.53079608516,0,47.53079608516,true,daily-api,
2023-08-24,2023-08-24,2023-08-24,2023-08-24T00:00:00.000Z,2023-08-24T23:59:59.000Z,0,26506.202818157934,1312.998321573393,196.516763039342,19.651672488932,0,19.651672488932,true,daily-api,
2023-08-25,2023-08-25,2023-08-25,2023-08-25T00:00:00.000Z,2023-08-25T23:59:59.000Z,0,41326.90899865725,1318.381130258328,774.221004624683,77.422097238516,0,77.422097238516,true,daily-api,
2023-08-26,2023-08-26,2023-08-26,2023-08-26T00:00:00.000Z,2023-08-26T23:59:59.000Z,0,56145.476965481,1316.14049970873,233.56722675749998,23.356716117,0,23.356716117,true,daily-api,
2023-08-27,2023-08-27,2023-08-27,2023-08-27T00:00:00.000Z,2023-08-27T23:59:59.000Z,0,3251.515329987,1332.75614977807,149.297710477,14.929768532,0,14.929768532,true,daily-api,
2023-08-28,2023-08-28,2023-08-28,2023-08-28T00:00:00.000Z,2023-08-28T23:59:59.000Z,4.737003557728002,76988.31963239757,1338.192385458839,305.618874970543,30.561881083965,0,30.561881083965,true,daily-api,
2023-08-29,2023-08-29,2023-08-29,2023-08-29T00:00:00.000Z,2023-08-29T23:59:59.000Z,0,20235.706905934,1395.02332106212,466.58014602520683,46.65800988042952,0,46.65800988042952,true,daily-api,
2023-08-30,2023-08-30,2023-08-30,2023-08-30T00:00:00.000Z,2023-08-30T23:59:59.000Z,0,8193.42765274,1394.5739436690103,235.177640332705,23.51775976263,0,23.51775976263,true,daily-api,
2023-08-31,2023-08-31,2023-08-31,2023-08-31T00:00:00.000Z,2023-08-31T23:59:59.000Z,0,93965.540944795,1416.0622380994114,951.47640529887,95.147634525403,0,95.147634525403,true,daily-api,
2023-09-01,2023-09-01,2023-09-01,2023-09-01T00:00:00.000Z,2023-09-01T23:59:59.000Z,0,29726.93673796969,956.0134720166969,83.9418137398,8.394176621467,0,8.394176621467,true,daily-api,
2023-09-02,2023-09-02,2023-09-02,2023-09-02T00:00:00.000Z,2023-09-02T23:59:59.000Z,0,14514.451817226462,953.8913929926756,74.511872254804,7.451183098027,0,7.451183098027,true,daily-api,
2023-09-03,2023-09-03,2023-09-03,2023-09-03T00:00:00.000Z,2023-09-03T23:59:59.000Z,0,7080.327053155873,977.354694750531,34.559264417796,3.455924336879,0,3.455924336879,true,daily-api,
2023-09-04,2023-09-04,2023-09-04,2023-09-04T00:00:00.000Z,2023-09-04T23:59:59.000Z,0,1716.953972594,1007.5486574125507,134.863158219444,13.486312522476,0,13.486312522476,true,daily-api,
2023-09-05,2023-09-05,2023-09-05,2023-09-05T00:00:00.000Z,2023-09-05T23:59:59.000Z,0,10842.651227566,985.4036508497448,293.427487304,29.342745529,0,29.342745529,true,daily-api,
2023-09-06,2023-09-06,2023-09-06,2023-09-06T00:00:00.000Z,2023-09-06T23:59:59.000Z,0,34783.365956275,990.208975449411,1396.3716127405821,139.63716021897798,0,139.63716021897798,true,daily-api,
2023-09-07,2023-09-07,2023-09-07,2023-09-07T00:00:00.000Z,2023-09-07T23:59:59.000Z,0,6913.97478,979.6088196809579,198.248516260328,19.824848015763997,0,19.824848015763997,true,daily-api,
2023-09-08,2023-09-08,2023-09-08,2023-09-08T00:00:00.000Z,2023-09-08T23:59:59.000Z,0,414410.1389959553,979.4285100461123,1298.220676135689,129.822063727613,0,129.822063727613,true,daily-api,
2023-09-09,2023-09-09,2023-09-09,2023-09-09T00:00:00.000Z,2023-09-09T23:59:59.000Z,0,665.189072343808,981.6630840568374,0.6896701622912,0.0689668139936,0,0.0689668139936,true,daily-api,
2023-09-10,2023-09-10,2023-09-10,2023-09-10T00:00:00.000Z,2023-09-10T23:59:59.000Z,34.17804932892221,75092.92103356676,986.7308844527466,1233.707512262262,123.370741723179,0,123.370741723179,true,daily-api,
2023-09-11,2023-09-11,2023-09-11,2023-09-11T00:00:00.000Z,2023-09-11T23:59:59.000Z,1437.2051952852169,126717.77741163726,980.2801362776875,1866.791443212812,186.67912878005,0,186.67912878005,true,daily-api,
2023-09-12,2023-09-12,2023-09-12,2023-09-12T00:00:00.000Z,2023-09-12T23:59:59.000Z,0,18352.90800257338,968.5098631852359,315.77535803558,31.57753279167,0,31.57753279167,true,daily-api,
2023-09-13,2023-09-13,2023-09-13,2023-09-13T00:00:00.000Z,2023-09-13T23:59:59.000Z,0,1612.15068172406,995.296480424881,6.24682691961,0.62468187876,0,0.62468187876,true,daily-api,
2023-09-14,2023-09-14,2023-09-14,2023-09-14T00:00:00.000Z,2023-09-14T23:59:59.000Z,0,2900.124275685,1023.6162963791693,4.698502065,0.469849705,0,0.469849705,true,daily-api,
2023-09-15,2023-09-15,2023-09-15,2023-09-15T00:00:00.000Z,2023-09-15T23:59:59.000Z,0,3043.7904719948,1023.9747710161475,75.711628716188,7.571160777847,0,7.571160777847,true,daily-api,
2023-09-16,2023-09-16,2023-09-16,2023-09-16T00:00:00.000Z,2023-09-16T23:59:59.000Z,0,3815.164514,1025.381875518632,13.450115170328,1.345010423624,0,1.345010423624,true,daily-api,
2023-09-17,2023-09-17,2023-09-17,2023-09-17T00:00:00.000Z,2023-09-17T23:59:59.000Z,0,25714.476950383287,1014.641050209385,277.877233674463,27.787717730053,0,27.787717730053,true,daily-api,
2023-09-18,2023-09-18,2023-09-18,2023-09-18T00:00:00.000Z,2023-09-18T23:59:59.000Z,0,5024.783521022215,1056.8635714057639,7.40272693262736,0.74027089498172,0,0.74027089498172,true,daily-api,
2023-09-19,2023-09-19,2023-09-19,2023-09-19T00:00:00.000Z,2023-09-19T23:59:59.000Z,0,5875.996217798959,1058.4567650482345,69.378046560245,6.937803858604,0,6.937803858604,true,daily-api,
2023-09-20,2023-09-20,2023-09-20,2023-09-20T00:00:00.000Z,2023-09-20T23:59:59.000Z,0,182838.62717783716,1030.614098966766,525.626037437797,52.562601459712,0,52.562601459712,true,daily-api,
2023-09-21,2023-09-21,2023-09-21,2023-09-21T00:00:00.000Z,2023-09-21T23:59:59.000Z,0,46569.82091542496,1040.9370976676184,466.310377940939,46.631031059482,0,46.631031059482,true,daily-api,
2023-09-22,2023-09-22,2023-09-22,2023-09-22T00:00:00.000Z,2023-09-22T23:59:59.000Z,0,136268.44529618922,1110.8351735846163,366.84286402811443,36.68428500130299,0,36.68428500130299,true,daily-api,
2023-09-23,2023-09-23,2023-09-23,2023-09-23T00:00:00.000Z,2023-09-23T23:59:59.000Z,0,60.572571317952,1164.8167358150615,1.403696359715,0.140369137165,0,0.140369137165,true,daily-api,
2023-09-24,2023-09-24,2023-09-24,2023-09-24T00:00:00.000Z,2023-09-24T23:59:59.000Z,0,22223.553718411928,1255.3232160325026,320.357485141119,32.03574648098,0,32.03574648098,true,daily-api,
2023-09-25,2023-09-25,2023-09-25,2023-09-25T00:00:00.000Z,2023-09-25T23:59:59.000Z,0,105039.938225,1173.7390683272345,723.375963997004,72.337593397654,0,72.337593397654,true,daily-api,
2023-09-26,2023-09-26,2023-09-26,2023-09-26T00:00:00.000Z,2023-09-26T23:59:59.000Z,0,2187.973564,1165.9176117856437,95.156007564532,9.515597842581,0,9.515597842581,true,daily-api,
2023-09-27,2023-09-27,2023-09-27,2023-09-27T00:00:00.000Z,2023-09-27T23:59:59.000Z,0,49947.153692,1121.050267791269,510.224203539459,51.022416577269,0,51.022416577269,true,daily-api,
2023-09-28,2023-09-28,2023-09-28,2023-09-28T00:00:00.000Z,2023-09-28T23:59:59.000Z,0,7657.682046605674,1149.9962901303259,231.57310096008285,23.1573091274509,0,23.1573091274509,true,daily-api,
2023-09-29,2023-09-29,2023-09-29,2023-09-29T00:00:00.000Z,2023-09-29T23:59:59.000Z,0,1780.647270996,1095.545141878787,223.500833942,22.35008199,0,22.35008199,true,daily-api,
2023-09-30,2023-09-30,2023-09-30,2023-09-30T00:00:00.000Z,2023-09-30T23:59:59.000Z,0,0,1099.1759657137302,0,0,0,0,true,daily-api,
2023-10-01,2023-10-01,2023-10-01,2023-10-01T00:00:00.000Z,2023-10-01T23:59:59.000Z,39.93347654812787,2749.477300472392,1092.7515326717628,4.007231214131,0.400722629008,0,0.400722629008,true,daily-api,
2023-10-02,2023-10-02,2023-10-02,2023-10-02T00:00:00.000Z,2023-10-02T23:59:59.000Z,0,34802.30619876254,1091.5142033738266,673.069550447223,67.306950624358,0,67.306950624358,true,daily-api,
2023-10-03,2023-10-03,2023-10-03,2023-10-03T00:00:00.000Z,2023-10-03T23:59:59.000Z,0,53437.085830155,1125.9756631204748,1679.3691200443382,167.93690332781628,0,167.93690332781628,true,daily-api,
2023-10-04,2023-10-04,2023-10-04,2023-10-04T00:00:00.000Z,2023-10-04T23:59:59.000Z,0,84722.11475360762,1240.9812940136992,564.920427824194,56.492037162947,0,56.492037162947,true,daily-api,
2023-10-05,2023-10-05,2023-10-05,2023-10-05T00:00:00.000Z,2023-10-05T23:59:59.000Z,0,14377.204299218918,1198.6058225940837,27.540891017899,2.754087668439,0,2.754087668439,true,daily-api,
2023-10-06,2023-10-06,2023-10-06,2023-10-06T00:00:00.000Z,2023-10-06T23:59:59.000Z,0,30935.28367977139,1178.93381664214,157.6654282935475,15.76654027746568,0,15.76654027746568,true,daily-api,
2023-10-07,2023-10-07,2023-10-07,2023-10-07T00:00:00.000Z,2023-10-07T23:59:59.000Z,0,80151.0548411252,1172.5057358763268,1152.912145603,115.29120680472,0,115.29120680472,true,daily-api,
2023-10-08,2023-10-08,2023-10-08,2023-10-08T00:00:00.000Z,2023-10-08T23:59:59.000Z,0,11095.43935040787,1193.2042574455088,83.82839473541001,8.38283765097,0,8.38283765097,true,daily-api,
2023-10-09,2023-10-09,2023-10-09,2023-10-09T00:00:00.000Z,2023-10-09T23:59:59.000Z,0,24757.57868639616,1185.137641069221,175.05953728708,17.50594957536,0,17.50594957536,true,daily-api,
2023-10-10,2023-10-10,2023-10-10,2023-10-10T00:00:00.000Z,2023-10-10T23:59:59.000Z,0,43671.9018618624,1406.5425097312334,324.37989370254,32.43798389214,0,32.43798389214,true,daily-api,
2023-10-11,2023-10-11,2023-10-11,2023-10-11T00:00:00.000Z,2023-10-11T23:59:59.000Z,0,32603.02124653316,1335.9587150479317,2263.41147722844,226.34114390728,0,226.34114390728,true,daily-api,
2023-10-12,2023-10-12,2023-10-12,2023-10-12T00:00:00.000Z,2023-10-12T23:59:59.000Z,0,205260.3078355182,1387.7935411798244,918.53485506328,91.85348343388,0,91.85348343388,true,daily-api,
2023-10-13,2023-10-13,2023-10-13,2023-10-13T00:00:00.000Z,2023-10-13T23:59:59.000Z,0,15091.52060413796,1242.6850200397864,43.31250223356,4.33124666112,0,4.33124666112,true,daily-api,
2023-10-14,2023-10-14,2023-10-14,2023-10-14T00:00:00.000Z,2023-10-14T23:59:59.000Z,0,4371.11223643024,1198.3866926935025,44.04984681116,4.40498368556,0,4.40498368556,true,daily-api,
2023-10-15,2023-10-15,2023-10-15,2023-10-15T00:00:00.000Z,2023-10-15T23:59:59.000Z,0,4782.87658653912,1262.4511030495605,12.10446090586132,1.21044490758476,0,1.21044490758476,true,daily-api,
2023-10-16,2023-10-16,2023-10-16,2023-10-16T00:00:00.000Z,2023-10-16T23:59:59.000Z,77.50924533235457,11107.3883448773,1283.5902145110522,171.97764156155725,17.19776218590585,0,17.19776218590585,true,daily-api,
2023-10-17,2023-10-17,2023-10-17,2023-10-17T00:00:00.000Z,2023-10-17T23:59:59.000Z,0,7468.544362941848,1283.5596301768553,184.11243472742802,18.411242424608,0,18.411242424608,true,daily-api,
2023-10-18,2023-10-18,2023-10-18,2023-10-18T00:00:00.000Z,2023-10-18T23:59:59.000Z,0,22134.121492615006,1399.5647616368003,378.87482488347,37.887479077179,0,37.887479077179,true,daily-api,
2023-10-19,2023-10-19,2023-10-19,2023-10-19T00:00:00.000Z,2023-10-19T23:59:59.000Z,0,236480.93997178102,1341.4053852058244,3181.0221578303717,318.102210570619,0,318.102210570619,true,daily-api,
2023-10-20,2023-10-20,2023-10-20,2023-10-20T00:00:00.000Z,2023-10-20T23:59:59.000Z,0,2149.975282127972,1426.5561150689753,1.367442872094,0.136744097126,0,0.136744097126,true,daily-api,
2023-10-21,2023-10-21,2023-10-21,2023-10-21T00:00:00.000Z,2023-10-21T23:59:59.000Z,115.0908429126109,13580.825519775759,1429.5321153594862,520.359389915122,52.035937163637,0,52.035937163637,true,daily-api,
2023-10-22,2023-10-22,2023-10-22,2023-10-22T00:00:00.000Z,2023-10-22T23:59:59.000Z,0,112044.9830777549,1436.9511399188168,384.948246735886,38.494822805351,0,38.494822805351,true,daily-api,
2023-10-23,2023-10-23,2023-10-23,2023-10-23T00:00:00.000Z,2023-10-23T23:59:59.000Z,0,3879.455233489732,1514.477434258589,310.86635314443,31.086632626288,0,31.086632626288,true,daily-api,
2023-10-24,2023-10-24,2023-10-24,2023-10-24T00:00:00.000Z,2023-10-24T23:59:59.000Z,1278.694936714518,29354.753948334208,1754.9113656970067,410.371128018628,41.037105798767,0,41.037105798767,true,daily-api,
2023-10-25,2023-10-25,2023-10-25,2023-10-25T00:00:00.000Z,2023-10-25T23:59:59.000Z,0,34335.05953448528,1859.08421367191,27.551427932592002,2.755142316931,0,2.755142316931,true,daily-api,
2023-10-26,2023-10-26,2023-10-26,2023-10-26T00:00:00.000Z,2023-10-26T23:59:59.000Z,0,18244.253797574445,1973.9335426718567,220.987916964657,22.098788847146,0,22.098788847146,true,daily-api,
2023-10-27,2023-10-27,2023-10-27,2023-10-27T00:00:00.000Z,2023-10-27T23:59:59.000Z,0,123667.84047029197,1992.3171794541172,1436.656921732878,143.665687060818,0,143.665687060818,true,daily-api,
2023-10-28,2023-10-28,2023-10-28,2023-10-28T00:00:00.000Z,2023-10-28T23:59:59.000Z,0,5512.84612027376,2309.7214701013204,240.154025141716,24.015399646232,0,24.015399646232,true,daily-api,
2023-10-29,2023-10-29,2023-10-29,2023-10-29T00:00:00.000Z,2023-10-29T23:59:59.000Z,359.71932384791194,28589.565687674814,2376.645032681375,337.414058516039,33.741400247589,0,33.741400247589,true,daily-api,
2023-10-30,2023-10-30,2023-10-30,2023-10-30T00:00:00.000Z,2023-10-30T23:59:59.000Z,0,2507.408401172,2430.4869718312684,266.754504639826,26.675447867865,0,26.675447867865,true,daily-api,
2023-10-31,2023-10-31,2023-10-31,2023-10-31T00:00:00.000Z,2023-10-31T23:59:59.000Z,0,5896.495307693375,2535.1000619968945,498.729203081722,49.872915084891,0,49.872915084891,true,daily-api,
2023-11-01,2023-11-01,2023-11-01,2023-11-01T00:00:00.000Z,2023-11-01T23:59:59.000Z,0,407877.4733474104,2515.114360899017,659.0588452473157,65.90588038008146,0,65.90588038008146,true,daily-api,
2023-11-02,2023-11-02,2023-11-02,2023-11-02T00:00:00.000Z,2023-11-02T23:59:59.000Z,93.31394695123541,27144.609255438612,2563.43818708374,430.780571317993,43.078051697284,0,43.078051697284,true,daily-api,
2023-11-03,2023-11-03,2023-11-03,2023-11-03T00:00:00.000Z,2023-11-03T23:59:59.000Z,0,49598.02946144743,2263.377972107926,519.941847758253,51.994179723171,0,51.994179723171,true,daily-api,
2023-11-04,2023-11-04,2023-11-04,2023-11-04T00:00:00.000Z,2023-11-04T23:59:59.000Z,437.5060891221592,130535.41730040433,2231.538874753318,261.868855539149,26.186880756559,0,26.186880756559,true,daily-api,
2023-11-05,2023-11-05,2023-11-05,2023-11-05T00:00:00.000Z,2023-11-05T23:59:59.000Z,102.59687397833764,61959.58987348206,1988.9270149878407,1053.969415559637,105.396937053768,0,105.396937053768,true,daily-api,
2023-11-06,2023-11-06,2023-11-06,2023-11-06T00:00:00.000Z,2023-11-06T23:59:59.000Z,564.8883366600503,262882.4720176562,1894.9911932702532,2510.967421977581,251.096730021554,0,251.096730021554,true,daily-api,
2023-11-07,2023-11-07,2023-11-07,2023-11-07T00:00:00.000Z,2023-11-07T23:59:59.000Z,16666.87452459994,222975.7875700543,2491.04401019655,2981.5910111366793,298.15907999677154,0,298.15907999677154,true,daily-api,
2023-11-08,2023-11-08,2023-11-08,2023-11-08T00:00:00.000Z,2023-11-08T23:59:59.000Z,80.38266666253014,39142.230769769914,3150.009020969817,843.9693472490399,84.39693037102,0,84.39693037102,true,daily-api,
2023-11-09,2023-11-09,2023-11-09,2023-11-09T00:00:00.000Z,2023-11-09T23:59:59.000Z,448.0529881862864,104905.5168370092,3142.8474152188514,236.01317927955557,23.601307192929,0,23.601307192929,true,daily-api,
2023-11-10,2023-11-10,2023-11-10,2023-11-10T00:00:00.000Z,2023-11-10T23:59:59.000Z,0,67840.73608477606,3107.362342272671,383.121195331365,38.312113595506,0,38.312113595506,true,daily-api,
2023-11-11,2023-11-11,2023-11-11,2023-11-11T00:00:00.000Z,2023-11-11T23:59:59.000Z,0,308379.6262796785,3478.3422526917225,957.077989658031,95.707794710005,0,95.707794710005,true,daily-api,
2023-11-12,2023-11-12,2023-11-12,2023-11-12T00:00:00.000Z,2023-11-12T23:59:59.000Z,17.99070642092772,65389.44462297406,3546.8118958264586,881.1655450673944,88.1165455903072,0,88.1165455903072,true,daily-api,
2023-11-13,2023-11-13,2023-11-13,2023-11-13T00:00:00.000Z,2023-11-13T23:59:59.000Z,100.0248085369722,43451.45195192995,3620.2538050597523,509.575292867199,50.957522640515,0,50.957522640515,true,daily-api,
2023-11-14,2023-11-14,2023-11-14,2023-11-14T00:00:00.000Z,2023-11-14T23:59:59.000Z,18.54937404141228,141674.36905483948,3565.710952606198,2902.301069740921,290.230096532975,0,290.230096532975,true,daily-api,
2023-11-15,2023-11-15,2023-11-15,2023-11-15T00:00:00.000Z,2023-11-15T23:59:59.000Z,99.13670164651688,10549.562158988876,3658.7702717098578,142.833889690789,14.283382990153,0,14.283382990153,true,daily-api,
2023-11-16,2023-11-16,2023-11-16,2023-11-16T00:00:00.000Z,2023-11-16T23:59:59.000Z,636.4907216850204,149096.88597951407,3654.594959050625,796.687164032375,79.668702685762,0,79.668702685762,true,daily-api,
2023-11-17,2023-11-17,2023-11-17,2023-11-17T00:00:00.000Z,2023-11-17T23:59:59.000Z,48.7062305297485,73642.84968134359,4323.385459094325,659.81096333926,65.981087983178,0,65.981087983178,true,daily-api,
2023-11-18,2023-11-18,2023-11-18,2023-11-18T00:00:00.000Z,2023-11-18T23:59:59.000Z,0,34891.69670679698,4594.919624716805,182.175532604037,18.217549840033,0,18.217549840033,true,daily-api,
2023-11-19,2023-11-19,2023-11-19,2023-11-19T00:00:00.000Z,2023-11-19T23:59:59.000Z,0,5159.36672150122,4486.806752080572,59.227332822397,5.922731998132,0,5.922731998132,true,daily-api,
2023-11-20,2023-11-20,2023-11-20,2023-11-20T00:00:00.000Z,2023-11-20T23:59:59.000Z,0,37816.6939270061,4235.862753089895,584.775673094652,58.477561464643,0,58.477561464643,true,daily-api,
2023-11-21,2023-11-21,2023-11-21,2023-11-21T00:00:00.000Z,2023-11-21T23:59:59.000Z,2.218223687182491,969111.8325814846,4136.840861664737,3249.038581718306,324.90384659642297,0,324.90384659642297,true,daily-api,
2023-11-22,2023-11-22,2023-11-22,2023-11-22T00:00:00.000Z,2023-11-22T23:59:59.000Z,0,30454.069385425824,3901.3707232470897,336.319900692105,33.631982516947,0,33.631982516947,true,daily-api,
2023-11-23,2023-11-23,2023-11-23,2023-11-23T00:00:00.000Z,2023-11-23T23:59:59.000Z,32.72489778853739,52424.74278183081,4047.8509980508893,319.90873519645805,31.99086728274726,0,31.99086728274726,true,daily-api,
2023-11-24,2023-11-24,2023-11-24,2023-11-24T00:00:00.000Z,2023-11-24T23:59:59.000Z,0,74557.86086630929,3989.9130132212867,1122.0023519483368,112.20022847623699,0,112.20022847623699,true,daily-api,
2023-11-25,2023-11-25,2023-11-25,2023-11-25T00:00:00.000Z,2023-11-25T23:59:59.000Z,62.26243616856351,11589.637444676955,4301.140035135839,50.240067785487,5.024005215639,0,5.024005215639,true,daily-api,
2023-11-26,2023-11-26,2023-11-26,2023-11-26T00:00:00.000Z,2023-11-26T23:59:59.000Z,160.2895733930852,569621.4791691572,4721.537838439586,2028.867332445209,202.886726971441,0,202.886726971441,true,daily-api,
2023-11-27,2023-11-27,2023-11-27,2023-11-27T00:00:00.000Z,2023-11-27T23:59:59.000Z,0,72661.47859244826,5032.947345114838,451.708966068347,45.170890624276,0,45.170890624276,true,daily-api,
2023-11-28,2023-11-28,2023-11-28,2023-11-28T00:00:00.000Z,2023-11-28T23:59:59.000Z,0,46724.39653003013,5339.239282810421,1166.894806014471,116.689476843034,0,116.689476843034,true,daily-api,
2023-11-29,2023-11-29,2023-11-29,2023-11-29T00:00:00.000Z,2023-11-29T23:59:59.000Z,13.87118325801218,58381.954746013325,5265.380028826861,474.1217762398,47.412172529329,0,47.412172529329,true,daily-api,
2023-11-30,2023-11-30,2023-11-30,2023-11-30T00:00:00.000Z,2023-11-30T23:59:59.000Z,0,28466.55207422689,5132.095931704583,184.58148392697635,18.45814723132376,0,18.45814723132376,true,daily-api,
2023-12-01,2023-12-01,2023-12-01,2023-12-01T00:00:00.000Z,2023-12-01T23:59:59.000Z,0,675166.8836711897,3249.2805081515835,734.216681849737,73.421664603694,0,73.421664603694,true,daily-api,
2023-12-02,2023-12-02,2023-12-02,2023-12-02T00:00:00.000Z,2023-12-02T23:59:59.000Z,0,2718.855617405842,3647.065060375463,232.785679235248,23.278565217339,0,23.278565217339,true,daily-api,
2023-12-03,2023-12-03,2023-12-03,2023-12-03T00:00:00.000Z,2023-12-03T23:59:59.000Z,0,158661.27987091782,3777.2741933477096,250.389920071719,25.038989925927,0,25.038989925927,true,daily-api,
2023-12-04,2023-12-04,2023-12-04,2023-12-04T00:00:00.000Z,2023-12-04T23:59:59.000Z,5.96154597697889,662539.5005664213,3850.96226777374,7478.374514759874,747.8374411308147,0,747.8374411308147,true,daily-api,
2023-12-05,2023-12-05,2023-12-05,2023-12-05T00:00:00.000Z,2023-12-05T23:59:59.000Z,111.0308172779972,373416.68739459856,4119.807902050593,1059.813582290056,105.98134613623,0,105.98134613623,true,daily-api,
2023-12-06,2023-12-06,2023-12-06,2023-12-06T00:00:00.000Z,2023-12-06T23:59:59.000Z,2079.689091861961,795884.9285156409,4103.512596338284,1155.567930763408,115.55678485837,0,115.55678485837,true,daily-api,
2023-12-07,2023-12-07,2023-12-07,2023-12-07T00:00:00.000Z,2023-12-07T23:59:59.000Z,27.79540709280568,233740.6506572484,4291.567141601515,5863.653968254908,586.36538681515,0,586.36538681515,true,daily-api,
2023-12-08,2023-12-08,2023-12-08,2023-12-08T00:00:00.000Z,2023-12-08T23:59:59.000Z,3164.0300613629097,388187.56506042136,4626.837452961209,2309.495588422864,230.949538557364,0,230.949538557364,true,daily-api,
2023-12-09,2023-12-09,2023-12-09,2023-12-09T00:00:00.000Z,2023-12-09T23:59:59.000Z,4985.109258822891,655450.7516407042,6137.698121090088,3847.566013333379,384.756577965151,0,384.756577965151,true,daily-api,
2023-12-10,2023-12-10,2023-12-10,2023-12-10T00:00:00.000Z,2023-12-10T23:59:59.000Z,132.2670200015028,54168.72070406011,5846.047969540476,222.4994533787468,22.24994228106709,0,22.24994228106709,true,daily-api,
2023-12-11,2023-12-11,2023-12-11,2023-12-11T00:00:00.000Z,2023-12-11T23:59:59.000Z,2026.709631776067,375859.7446315978,6606.848041088462,4707.79910068744,470.77989657753886,0,470.77989657753886,true,daily-api,
2023-12-12,2023-12-12,2023-12-12,2023-12-12T00:00:00.000Z,2023-12-12T23:59:59.000Z,0,48978.223587881825,6284.788700603901,811.1407600404312,81.1140686186685,0,81.1140686186685,true,daily-api,
2023-12-13,2023-12-13,2023-12-13,2023-12-13T00:00:00.000Z,2023-12-13T23:59:59.000Z,672.8378271617695,56329.95907191568,6757.927947825714,1254.3156166186593,125.43155720475336,0,125.43155720475336,true,daily-api,
2023-12-14,2023-12-14,2023-12-14,2023-12-14T00:00:00.000Z,2023-12-14T23:59:59.000Z,8.806383268738486,235991.18434147007,7352.891857404844,3421.986651241111,342.19865696049,0,342.19865696049,true,daily-api,
2023-12-15,2023-12-15,2023-12-15,2023-12-15T00:00:00.000Z,2023-12-15T23:59:59.000Z,0,16792.684733563186,7967.802577465957,279.80957403459,27.980955555552,0,27.980955555552,true,daily-api,
2023-12-16,2023-12-16,2023-12-16,2023-12-16T00:00:00.000Z,2023-12-16T23:59:59.000Z,0,1197382.6263549572,8447.97492105975,4383.63411986042,438.3634060512616,0,438.3634060512616,true,daily-api,
2023-12-17,2023-12-17,2023-12-17,2023-12-17T00:00:00.000Z,2023-12-17T23:59:59.000Z,0,62137.92524011335,8906.167301063191,1726.9257974491782,172.6925744791718,0,172.6925744791718,true,daily-api,
2023-12-18,2023-12-18,2023-12-18,2023-12-18T00:00:00.000Z,2023-12-18T23:59:59.000Z,0,188959.01340157,9667.972514927835,6958.2998890594,695.8299804283242,0,695.8299804283242,true,daily-api,
2023-12-19,2023-12-19,2023-12-19,2023-12-19T00:00:00.000Z,2023-12-19T23:59:59.000Z,0,108728.5991310555,10281.782928305547,577.4566843141524,57.74566480572449,0,57.74566480572449,true,daily-api,
2023-12-20,2023-12-20,2023-12-20,2023-12-20T00:00:00.000Z,2023-12-20T23:59:59.000Z,0,169746.87780819027,10564.54569286083,3982.4509276436693,398.2450855841257,0,398.2450855841257,true,daily-api,
2023-12-21,2023-12-21,2023-12-21,2023-12-21T00:00:00.000Z,2023-12-21T23:59:59.000Z,0,1431851.294924393,11092.265448665095,3105.393183713662,310.53931225671,0,310.53931225671,true,daily-api,
2023-12-22,2023-12-22,2023-12-22,2023-12-22T00:00:00.000Z,2023-12-22T23:59:59.000Z,574.4489404978385,114517.9743257029,11208.508824254257,1296.280258125204,129.628020057046,0,129.628020057046,true,daily-api,
2023-12-23,2023-12-23,2023-12-23,2023-12-23T00:00:00.000Z,2023-12-23T23:59:59.000Z,0,209462.69751052035,11927.899245607545,1565.64216453185,156.564215283331,0,156.564215283331,true,daily-api,
2023-12-24,2023-12-24,2023-12-24,2023-12-24T00:00:00.000Z,2023-12-24T23:59:59.000Z,0,1492.387759076758,12382.875393144972,21.044579324104,2.104454724179,0,2.104454724179,true,daily-api,
2023-12-25,2023-12-25,2023-12-25,2023-12-25T00:00:00.000Z,2023-12-25T23:59:59.000Z,0,2965.794482765992,12291.264972270077,436.841068417446,43.68410564702,0,43.68410564702,true,daily-api,
2023-12-26,2023-12-26,2023-12-26,2023-12-26T00:00:00.000Z,2023-12-26T23:59:59.000Z,0,1178178.1625288322,11323.28846221007,4274.675542692559,427.467549522196,0,427.467549522196,true,daily-api,
2023-12-27,2023-12-27,2023-12-27,2023-12-27T00:00:00.000Z,2023-12-27T23:59:59.000Z,0,27261.179161010048,11468.906541958228,664.721024804551,66.472098035838,0,66.472098035838,true,daily-api,
2023-12-28,2023-12-28,2023-12-28,2023-12-28T00:00:00.000Z,2023-12-28T23:59:59.000Z,0,80200.05438412497,11623.149141107984,1313.935951227347,131.393589426528,0,131.393589426528,true,daily-api,
2023-12-29,2023-12-29,2023-12-29,2023-12-29T00:00:00.000Z,2023-12-29T23:59:59.000Z,93.96886819705344,10221.547582525505,11681.171267029313,23.544704790887,2.354468570177,0,2.354468570177,true,daily-api,
2023-12-30,2023-12-30,2023-12-30,2023-12-30T00:00:00.000Z,2023-12-30T23:59:59.000Z,0,45552.109554414106,11521.618836232332,6182.957983956425,618.29579600182,0,618.29579600182,true,daily-api,
2023-12-31,2023-12-31,2023-12-31,2023-12-31T00:00:00.000Z,2023-12-31T23:59:59.000Z,0,1091687.2574689593,11605.287468689527,2780.29027605288,278.02902484885396,0,278.02902484885396,true,daily-api,
2024-01-01,2024-01-01,2024-01-01,2024-01-01T00:00:00.000Z,2024-01-01T23:59:59.000Z,0,76101.28864028727,11554.0276538547,504.9286713244404,50.4928643174728,0,50.4928643174728,true,daily-api,
2024-01-02,2024-01-02,2024-01-02,2024-01-02T00:00:00.000Z,2024-01-02T23:59:59.000Z,0,3874.63099335,12075.432662679184,455.652861531274,45.565284940596,0,45.565284940596,true,daily-api,
2024-01-03,2024-01-03,2024-01-03,2024-01-03T00:00:00.000Z,2024-01-03T23:59:59.000Z,343.36161300157863,210791.6927697633,12464.279926662944,16028.75051113571,1602.8750386426989,0,1602.8750386426989,true,daily-api,
2024-01-04,2024-01-04,2024-01-04,2024-01-04T00:00:00.000Z,2024-01-04T23:59:59.000Z,0,5571.322635770292,11957.20784292309,1480.202066185527,148.020205174139,0,148.020205174139,true,daily-api,
2024-01-05,2024-01-05,2024-01-05,2024-01-05T00:00:00.000Z,2024-01-05T23:59:59.000Z,0,1247077.5680313518,12284.433524131358,5514.940696319758,551.494056837208,0,551.494056837208,true,daily-api,
2024-01-06,2024-01-06,2024-01-06,2024-01-06T00:00:00.000Z,2024-01-06T23:59:59.000Z,0,438344.17988288397,12230.655845379222,1831.0389317215077,183.1038863910257,0,183.1038863910257,true,daily-api,
2024-01-07,2024-01-07,2024-01-07,2024-01-07T00:00:00.000Z,2024-01-07T23:59:59.000Z,0,96801.06462401949,11789.154340820462,7293.995206171641,729.399511550259,0,729.399511550259,true,daily-api,
2024-01-08,2024-01-08,2024-01-08,2024-01-08T00:00:00.000Z,2024-01-08T23:59:59.000Z,584.2296486423915,240605.22244232337,11539.143742861419,11308.57337228469,1130.857320276546,0,1130.857320276546,true,daily-api,
2024-01-09,2024-01-09,2024-01-09,2024-01-09T00:00:00.000Z,2024-01-09T23:59:59.000Z,0,161699.22590611683,11829.597151588272,3003.215092267661,300.32149880388,0,300.32149880388,true,daily-api,
2024-01-10,2024-01-10,2024-01-10,2024-01-10T00:00:00.000Z,2024-01-10T23:59:59.000Z,7206.87643648588,1710180.0415809127,13661.73292901928,100539.57681900627,10053.9576628502,0,10053.9576628502,true,daily-api,
2024-01-11,2024-01-11,2024-01-11,2024-01-11T00:00:00.000Z,2024-01-11T23:59:59.000Z,3196.2359578156465,273370.4750643726,12560.715396885435,14660.568253642425,1466.056818272304,0,1466.056818272304,true,daily-api,
2024-01-12,2024-01-12,2024-01-12,2024-01-12T00:00:00.000Z,2024-01-12T23:59:59.000Z,0,630390.208102779,12060.369312938417,19594.43913640758,1959.443906372773,0,1959.443906372773,true,daily-api,
2024-01-13,2024-01-13,2024-01-13,2024-01-13T00:00:00.000Z,2024-01-13T23:59:59.000Z,0,769960.7509029817,12094.351162913827,1850.380294253888,185.038024702686,0,185.038024702686,true,daily-api,
2024-01-14,2024-01-14,2024-01-14,2024-01-14T00:00:00.000Z,2024-01-14T23:59:59.000Z,0,516433.4099880087,11817.19293731069,2444.894248706471,244.489421047045,0,244.489421047045,true,daily-api,
2024-01-15,2024-01-15,2024-01-15,2024-01-15T00:00:00.000Z,2024-01-15T23:59:59.000Z,0,1355266.3551361898,11620.410444644343,4158.588392583602,415.858832806622,0,415.858832806622,true,daily-api,
2024-01-16,2024-01-16,2024-01-16,2024-01-16T00:00:00.000Z,2024-01-16T23:59:59.000Z,0,257209.8595245402,12365.343225951887,3409.715264206391,340.971524775015,0,340.971524775015,true,daily-api,
2024-01-17,2024-01-17,2024-01-17,2024-01-17T00:00:00.000Z,2024-01-17T23:59:59.000Z,0,33242.116696473284,13157.479584666198,834.011576481424,83.401154250803,0,83.401154250803,true,daily-api,
2024-01-18,2024-01-18,2024-01-18,2024-01-18T00:00:00.000Z,2024-01-18T23:59:59.000Z,-227.088297378374,232736.83605741314,13498.52701576188,4115.483134802005,411.548307242349,0,411.548307242349,true,daily-api,
2024-01-19,2024-01-19,2024-01-19,2024-01-19T00:00:00.000Z,2024-01-19T23:59:59.000Z,0,433110.3125008625,13495.48622755139,5588.706582215322,558.8706429830756,0,558.8706429830756,true,daily-api,
2024-01-20,2024-01-20,2024-01-20,2024-01-20T00:00:00.000Z,2024-01-20T23:59:59.000Z,0,1647338.5385082902,13302.389191748765,4958.402105085007,495.8402058994155,0,495.8402058994155,true,daily-api,
2024-01-21,2024-01-21,2024-01-21,2024-01-21T00:00:00.000Z,2024-01-21T23:59:59.000Z,0,15694.490867979168,12285.956650940825,282.741629403656,28.274160875279,0,28.274160875279,true,daily-api,
2024-01-22,2024-01-22,2024-01-22,2024-01-22T00:00:00.000Z,2024-01-22T23:59:59.000Z,1812.217993951652,1035951.6144736208,11807.06875596127,20429.599212142395,2042.959907628029,0,2042.959907628029,true,daily-api,
2024-01-23,2024-01-23,2024-01-23,2024-01-23T00:00:00.000Z,2024-01-23T23:59:59.000Z,10438.804489039683,437399.00280881056,11082.555710659835,10966.531021965364,1096.6530840858443,0,1096.6530840858443,true,daily-api,
2024-01-24,2024-01-24,2024-01-24,2024-01-24T00:00:00.000Z,2024-01-24T23:59:59.000Z,0,38064.001062170064,10763.725302717481,432.584150746693,43.258410024439,0,43.258410024439,true,daily-api,
2024-01-25,2024-01-25,2024-01-25,2024-01-25T00:00:00.000Z,2024-01-25T23:59:59.000Z,0,50551.088596641086,12929.092487162701,184.503185960351,18.450317524223,0,18.450317524223,true,daily-api,
2024-01-26,2024-01-26,2024-01-26,2024-01-26T00:00:00.000Z,2024-01-26T23:59:59.000Z,0,12241.288659345475,14490.715177065906,274.669109114292,27.466909398412,0,27.466909398412,true,daily-api,
2024-01-27,2024-01-27,2024-01-27,2024-01-27T00:00:00.000Z,2024-01-27T23:59:59.000Z,0,315024.6280936852,14734.146079076132,572.146078377314,57.214604967399,0,57.214604967399,true,daily-api,
2024-01-28,2024-01-28,2024-01-28,2024-01-28T00:00:00.000Z,2024-01-28T23:59:59.000Z,0,132459.64026057115,14305.592287539203,563.47205667565,56.347203309625,0,56.347203309625,true,daily-api,
2024-01-29,2024-01-29,2024-01-29,2024-01-29T00:00:00.000Z,2024-01-29T23:59:59.000Z,0,140380.4018109774,14788.054531846383,5462.909984080795,546.2909874394644,0,546.2909874394644,true,daily-api,
2024-01-30,2024-01-30,2024-01-30,2024-01-30T00:00:00.000Z,2024-01-30T23:59:59.000Z,0,351498.69995817443,14917.071137373172,610.639421303865,61.063938983027,0,61.063938983027,true,daily-api,
2024-01-31,2024-01-31,2024-01-31,2024-01-31T00:00:00.000Z,2024-01-31T23:59:59.000Z,0,3363.343550655748,15245.94594341127,392.891202301712,39.289119117829,0,39.289119117829,true,daily-api,
2024-02-01,2024-02-01,2024-02-01,2024-02-01T00:00:00.000Z,2024-02-01T23:59:59.000Z,0,124561.00012221762,6401.519592128644,501.78525482281856,50.17852481803779,0,50.17852481803779,true,daily-api,
2024-02-02,2024-02-02,2024-02-02,2024-02-02T00:00:00.000Z,2024-02-02T23:59:59.000Z,0,622.58940795797,6871.353605989049,346.110148254572,34.611013716515,0,34.611013716515,true,daily-api,
2024-02-03,2024-02-03,2024-02-03,2024-02-03T00:00:00.000Z,2024-02-03T23:59:59.000Z,0,642.387213790815,6985.665567961395,38.501285593628,3.850127798912,0,3.850127798912,true,daily-api,
2024-02-04,2024-02-04,2024-02-04,2024-02-04T00:00:00.000Z,2024-02-04T23:59:59.000Z,0,164295.7012307507,7458.641174653524,2323.3000811404677,232.330004547022,0,232.330004547022,true,daily-api,
2024-02-05,2024-02-05,2024-02-05,2024-02-05T00:00:00.000Z,2024-02-05T23:59:59.000Z,0,145638.18644707295,7829.2709169232485,7613.910927774498,761.39108552337,0,761.39108552337,true,daily-api,
2024-02-06,2024-02-06,2024-02-06,2024-02-06T00:00:00.000Z,2024-02-06T23:59:59.000Z,0,15006.430844786835,7594.318691130894,807.328406031563,80.732838124497,0,80.732838124497,true,daily-api,
2024-02-07,2024-02-07,2024-02-07,2024-02-07T00:00:00.000Z,2024-02-07T23:59:59.000Z,0,2578.563524051944,7474.291484793186,400.45455855928003,40.045454050639,0,40.045454050639,true,daily-api,
2024-02-08,2024-02-08,2024-02-08,2024-02-08T00:00:00.000Z,2024-02-08T23:59:59.000Z,0,3301.45745511285,8005.725135117362,374.290575532867,37.429054836439,0,37.429054836439,true,daily-api,
2024-02-09,2024-02-09,2024-02-09,2024-02-09T00:00:00.000Z,2024-02-09T23:59:59.000Z,0,24494.546115320725,8349.387854617022,448.22534170408153,44.82253135105127,0,44.82253135105127,true,daily-api,
2024-02-10,2024-02-10,2024-02-10,2024-02-10T00:00:00.000Z,2024-02-10T23:59:59.000Z,0,15321.658905688906,8436.283632451157,1250.408619948371,125.040855900907,0,125.040855900907,true,daily-api,
2024-02-11,2024-02-11,2024-02-11,2024-02-11T00:00:00.000Z,2024-02-11T23:59:59.000Z,0,17083.37259651272,8487.800472539126,113.434912656729,11.343490597383,0,11.343490597383,true,daily-api,
2024-02-12,2024-02-12,2024-02-12,2024-02-12T00:00:00.000Z,2024-02-12T23:59:59.000Z,0,44635.19506014225,9517.519857419777,1731.195168353076,173.119513135826,0,173.119513135826,true,daily-api,
2024-02-13,2024-02-13,2024-02-13,2024-02-13T00:00:00.000Z,2024-02-13T23:59:59.000Z,0,18113.80396854332,9572.420542328295,435.534326861585,43.553429961199,0,43.553429961199,true,daily-api,
2024-02-14,2024-02-14,2024-02-14,2024-02-14T00:00:00.000Z,2024-02-14T23:59:59.000Z,0,73816.15016102555,9911.72844971609,851.057671443335,85.105763006843,0,85.105763006843,true,daily-api,
2024-02-15,2024-02-15,2024-02-15,2024-02-15T00:00:00.000Z,2024-02-15T23:59:59.000Z,0,249444.25195024323,9809.923493575838,3553.4791518340758,355.34791225863,0,355.34791225863,true,daily-api,
2024-02-16,2024-02-16,2024-02-16,2024-02-16T00:00:00.000Z,2024-02-16T23:59:59.000Z,0,24375.246527322706,9888.731220205278,192.31577747723938,19.23157415763056,0,19.23157415763056,true,daily-api,
2024-02-17,2024-02-17,2024-02-17,2024-02-17T00:00:00.000Z,2024-02-17T23:59:59.000Z,0,438.353541757263,10065.93615843626,106.37698709141999,10.637696784997,0,10.637696784997,true,daily-api,
2024-02-18,2024-02-18,2024-02-18,2024-02-18T00:00:00.000Z,2024-02-18T23:59:59.000Z,0,13009.45216887375,10840.901002272118,309.705248219702,30.970521072099,0,30.970521072099,true,daily-api,
2024-02-19,2024-02-19,2024-02-19,2024-02-19T00:00:00.000Z,2024-02-19T23:59:59.000Z,0,12885.015728596582,11656.129617676566,309.844988734626,30.984497380075,0,30.984497380075,true,daily-api,
2024-02-20,2024-02-20,2024-02-20,2024-02-20T00:00:00.000Z,2024-02-20T23:59:59.000Z,0,4489.386108851467,11810.854172760874,1976.156512795823,197.615648421237,0,197.615648421237,true,daily-api,
2024-02-21,2024-02-21,2024-02-21,2024-02-21T00:00:00.000Z,2024-02-21T23:59:59.000Z,109.4711666617824,11587.293083713626,11928.614762634865,267.8980064681031,26.78979746539161,0,26.78979746539161,true,daily-api,
2024-02-22,2024-02-22,2024-02-22,2024-02-22T00:00:00.000Z,2024-02-22T23:59:59.000Z,627.6711111097247,51230.57595953729,11558.283739025406,462.63115079119495,46.26311088225328,0,46.26311088225328,true,daily-api,
2024-02-23,2024-02-23,2024-02-23,2024-02-23T00:00:00.000Z,2024-02-23T23:59:59.000Z,211.7674462499319,19221.34758475918,11822.784330963854,416.32903044141864,41.63289863674944,0,41.63289863674944,true,daily-api,
2024-02-24,2024-02-24,2024-02-24,2024-02-24T00:00:00.000Z,2024-02-24T23:59:59.000Z,0,19570.562977926915,12073.140582673848,343.43426637205386,34.34342257833144,0,34.34342257833144,true,daily-api,
2024-02-25,2024-02-25,2024-02-25,2024-02-25T00:00:00.000Z,2024-02-25T23:59:59.000Z,0,44908.2712138739,12178.448999918377,827.2977238171,82.729769417419,0,82.729769417419,true,daily-api,
2024-02-26,2024-02-26,2024-02-26,2024-02-26T00:00:00.000Z,2024-02-26T23:59:59.000Z,0,71332.684204265,12611.309189389856,335.905812282901,33.590578833208,0,33.590578833208,true,daily-api,
2024-02-27,2024-02-27,2024-02-27,2024-02-27T00:00:00.000Z,2024-02-27T23:59:59.000Z,0,28685.54275441938,12721.550294525492,605.462692049308,60.546267724788,0,60.546267724788,true,daily-api,
2024-02-28,2024-02-28,2024-02-28,2024-02-28T00:00:00.000Z,2024-02-28T23:59:59.000Z,0,28858.8173858398,12889.144076821787,130.889498096887,13.08894474334,0,13.08894474334,true,daily-api,
2024-02-29,2024-02-29,2024-02-29,2024-02-29T00:00:00.000Z,2024-02-29T23:59:59.000Z,322.2383449762738,295429.2852684601,13701.527477252319,1604.3480456216125,160.4347939528159,0,160.4347939528159,true,daily-api,
2024-03-01,2024-03-01,2024-03-01,2024-03-01T00:00:00.000Z,2024-03-01T23:59:59.000Z,0,22800.809122490093,13134.678216007747,1850.310598365762,185.031053865172,0,185.031053865172,true,daily-api,
2024-03-02,2024-03-02,2024-03-02,2024-03-02T00:00:00.000Z,2024-03-02T23:59:59.000Z,916.2131266472434,324220.54678029596,13326.515005709822,3709.869038697896,370.986896331371,0,370.986896331371,true,daily-api,
2024-03-03,2024-03-03,2024-03-03,2024-03-03T00:00:00.000Z,2024-03-03T23:59:59.000Z,0,7219.675383636486,12390.925356863716,232.54445290964543,23.25444291198804,0,23.25444291198804,true,daily-api,
2024-03-04,2024-03-04,2024-03-04,2024-03-04T00:00:00.000Z,2024-03-04T23:59:59.000Z,705.9630472926438,46625.851041694106,13349.650487372151,1081.86866067845,108.186860445729,0,108.186860445729,true,daily-api,
2024-03-05,2024-03-05,2024-03-05,2024-03-05T00:00:00.000Z,2024-03-05T23:59:59.000Z,4855.589594783775,90924.6639803678,13529.41045580049,5502.532958702858,550.253287499273,0,550.253287499273,true,daily-api,
2024-03-06,2024-03-06,2024-03-06,2024-03-06T00:00:00.000Z,2024-03-06T23:59:59.000Z,12.39794379998298,74709.03073434948,13296.519389575962,2744.545014922061,274.454488568587,0,274.454488568587,true,daily-api,
2024-03-07,2024-03-07,2024-03-07,2024-03-07T00:00:00.000Z,2024-03-07T23:59:59.000Z,0,39462.95498086164,13693.54395521808,3308.217608542361,330.821758630212,0,330.821758630212,true,daily-api,
2024-03-08,2024-03-08,2024-03-08,2024-03-08T00:00:00.000Z,2024-03-08T23:59:59.000Z,0,4801.038941512916,13585.919183377611,108.887781763364,10.888777647376,0,10.888777647376,true,daily-api,
2024-03-09,2024-03-09,2024-03-09,2024-03-09T00:00:00.000Z,2024-03-09T23:59:59.000Z,0,12214.000183657567,14602.239951244877,356.172473637715,35.617244559084,0,35.617244559084,true,daily-api,
2024-03-10,2024-03-10,2024-03-10,2024-03-10T00:00:00.000Z,2024-03-10T23:59:59.000Z,0,3209.414238008635,14072.724806742774,233.42311784835,23.342309086453,0,23.342309086453,true,daily-api,
2024-03-11,2024-03-11,2024-03-11,2024-03-11T00:00:00.000Z,2024-03-11T23:59:59.000Z,0,4832.701573740499,14918.354424634885,87.910916924553,8.791086547479,0,8.791086547479,true,daily-api,
2024-03-12,2024-03-12,2024-03-12,2024-03-12T00:00:00.000Z,2024-03-12T23:59:59.000Z,0,17178.724934449023,14934.619151188215,801.166271648174,80.116623950195,0,80.116623950195,true,daily-api,
2024-03-13,2024-03-13,2024-03-13,2024-03-13T00:00:00.000Z,2024-03-13T23:59:59.000Z,0,31327.46162589162,15293.138360988349,575.5131061794843,57.55131011387496,0,57.55131011387496,true,daily-api,
2024-03-14,2024-03-14,2024-03-14,2024-03-14T00:00:00.000Z,2024-03-14T23:59:59.000Z,0,18464.87784305928,15980.795667887354,57.535841627099,5.753581873858,0,5.753581873858,true,daily-api,
2024-03-15,2024-03-15,2024-03-15,2024-03-15T00:00:00.000Z,2024-03-15T23:59:59.000Z,0,51981.28572556083,16203.46698989889,2666.731517037958,266.673141461932,0,266.673141461932,true,daily-api,
2024-03-16,2024-03-16,2024-03-16,2024-03-16T00:00:00.000Z,2024-03-16T23:59:59.000Z,74220.31646198708,846728.1022463149,16662.080547648384,15804.302696798202,1580.430253041956,0,1580.430253041956,true,daily-api,
2024-03-17,2024-03-17,2024-03-17,2024-03-17T00:00:00.000Z,2024-03-17T23:59:59.000Z,0,169981.2181275597,16009.379024393626,12768.687869031643,1276.8687782791083,0,1276.8687782791083,true,daily-api,
2024-03-18,2024-03-18,2024-03-18,2024-03-18T00:00:00.000Z,2024-03-18T23:59:59.000Z,0,207500.35839938876,17244.87168861831,1666.110380697617,166.611029885187,0,166.611029885187,true,daily-api,
2024-03-19,2024-03-19,2024-03-19,2024-03-19T00:00:00.000Z,2024-03-19T23:59:59.000Z,305.7195886786599,257644.84504765837,16770.187328796896,13491.752203257307,1349.1752058307814,0,1349.1752058307814,true,daily-api,
2024-03-20,2024-03-20,2024-03-20,2024-03-20T00:00:00.000Z,2024-03-20T23:59:59.000Z,2827.5299711083385,1248157.1585990079,16338.89962688514,3530.104215841965,353.010405509272,0,353.010405509272,true,daily-api,
2024-03-21,2024-03-21,2024-03-21,2024-03-21T00:00:00.000Z,2024-03-21T23:59:59.000Z,0,156321.64977504365,16338.167819030961,6268.704874910257,626.870482827157,0,626.870482827157,true,daily-api,
2024-03-22,2024-03-22,2024-03-22,2024-03-22T00:00:00.000Z,2024-03-22T23:59:59.000Z,0,34751.266788473826,15995.381434869882,230.99221600013,23.099217292408,0,23.099217292408,true,daily-api,
2024-03-23,2024-03-23,2024-03-23,2024-03-23T00:00:00.000Z,2024-03-23T23:59:59.000Z,4.416340725126815,10130.294903825014,16415.439207396652,402.994176213926,40.299416732296,0,40.299416732296,true,daily-api,
2024-03-24,2024-03-24,2024-03-24,2024-03-24T00:00:00.000Z,2024-03-24T23:59:59.000Z,0,118578.53388628151,16568.300100818393,2437.962353787379,243.7962266163813,0,243.7962266163813,true,daily-api,
2024-03-25,2024-03-25,2024-03-25,2024-03-25T00:00:00.000Z,2024-03-25T23:59:59.000Z,6346.64022221206,1077357.0508627684,17895.865144954616,1518.7597959621355,151.87597396730155,0,151.87597396730155,true,daily-api,
2024-03-26,2024-03-26,2024-03-26,2024-03-26T00:00:00.000Z,2024-03-26T23:59:59.000Z,13.932154212256506,28929.738886502342,19091.028790361026,648.163673494338,64.816364798464,0,64.816364798464,true,daily-api,
2024-03-27,2024-03-27,2024-03-27,2024-03-27T00:00:00.000Z,2024-03-27T23:59:59.000Z,1984.4040223485586,211718.1045880765,19333.389916959604,1167.863902740088,116.786385769145,0,116.786385769145,true,daily-api,
2024-03-28,2024-03-28,2024-03-28,2024-03-28T00:00:00.000Z,2024-03-28T23:59:59.000Z,0,58087.80663499941,19781.98338005664,5137.268824648449,513.726881364877,0,513.726881364877,true,daily-api,
2024-03-29,2024-03-29,2024-03-29,2024-03-29T00:00:00.000Z,2024-03-29T23:59:59.000Z,0,76423.74906823845,20004.106802737228,273.381073696414,27.338104884571,0,27.338104884571,true,daily-api,
2024-03-30,2024-03-30,2024-03-30,2024-03-30T00:00:00.000Z,2024-03-30T23:59:59.000Z,0,953001.5266134827,19662.151189986078,3050.229182097648,305.022915715478,0,305.022915715478,true,daily-api,
2024-03-31,2024-03-31,2024-03-31,2024-03-31T00:00:00.000Z,2024-03-31T23:59:59.000Z,0,20937.168797773807,19785.294346020604,5652.542234072285,565.254217042778,0,565.254217042778,true,daily-api,
2024-04-01,2024-04-01,2024-04-01,2024-04-01T00:00:00.000Z,2024-04-01T23:59:59.000Z,51.38485925081721,39568.71629824896,19368.94641626088,1832.267050915784,183.226695634131,0,183.226695634131,true,daily-api,
2024-04-02,2024-04-02,2024-04-02,2024-04-02T00:00:00.000Z,2024-04-02T23:59:59.000Z,0,177052.7897277334,18838.867762361046,5406.740175544447,540.67400721351,0,540.67400721351,true,daily-api,
2024-04-03,2024-04-03,2024-04-03,2024-04-03T00:00:00.000Z,2024-04-03T23:59:59.000Z,754.6048330556351,37487.58481267902,18887.06646689548,3237.217386019357,323.721729365098,0,323.721729365098,true,daily-api,
2024-04-04,2024-04-04,2024-04-04,2024-04-04T00:00:00.000Z,2024-04-04T23:59:59.000Z,592.3380098783945,1137102.794383183,18850.093430195662,89095.74097115667,8909.57409145707,0,8909.57409145707,true,daily-api,
2024-04-05,2024-04-05,2024-04-05,2024-04-05T00:00:00.000Z,2024-04-05T23:59:59.000Z,0,202938.51346270295,18110.12602638912,8600.056501121619,860.005646988763,0,860.005646988763,true,daily-api,
2024-04-06,2024-04-06,2024-04-06,2024-04-06T00:00:00.000Z,2024-04-06T23:59:59.000Z,0,396437.8009968395,17920.237868904303,23394.14773586765,2339.414771157295,0,2339.414771157295,true,daily-api,
2024-04-07,2024-04-07,2024-04-07,2024-04-07T00:00:00.000Z,2024-04-07T23:59:59.000Z,1333.062733714989,27511.82811174342,18033.599811882017,3283.053843183731,328.305381273376,0,328.305381273376,true,daily-api,
2024-04-08,2024-04-08,2024-04-08,2024-04-08T00:00:00.000Z,2024-04-08T23:59:59.000Z,4.701111103887726,45094.83428434646,17457.933929635412,433.840642796031,43.384059874593,0,43.384059874593,true,daily-api,
2024-04-09,2024-04-09,2024-04-09,2024-04-09T00:00:00.000Z,2024-04-09T23:59:59.000Z,4.013488540753777,1089252.314424566,16377.243450835647,3294.226970821076,329.422693128654,0,329.422693128654,true,daily-api,
2024-04-10,2024-04-10,2024-04-10,2024-04-10T00:00:00.000Z,2024-04-10T23:59:59.000Z,0,92929.76378912691,15434.45158099915,4311.29263105947,431.129255593992,0,431.129255593992,true,daily-api,
2024-04-11,2024-04-11,2024-04-11,2024-04-11T00:00:00.000Z,2024-04-11T23:59:59.000Z,0,819030.5498179353,13168.649766454015,1650.865418877454,165.086539452302,0,165.086539452302,true,daily-api,
2024-04-12,2024-04-12,2024-04-12,2024-04-12T00:00:00.000Z,2024-04-12T23:59:59.000Z,32719.679420215543,704548.7775689266,12730.95283064713,37987.7972634251,3798.779687418863,0,3798.779687418863,true,daily-api,
2024-04-13,2024-04-13,2024-04-13,2024-04-13T00:00:00.000Z,2024-04-13T23:59:59.000Z,28894.617424001,571915.2172063342,10993.581006441882,31081.465020840737,3108.1464587194105,0,3108.1464587194105,true,daily-api,
2024-04-14,2024-04-14,2024-04-14,2024-04-14T00:00:00.000Z,2024-04-14T23:59:59.000Z,2953.6595693084014,497754.910864272,9985.369947194253,21664.330069661337,2166.432986568062,0,2166.432986568062,true,daily-api,
2024-04-15,2024-04-15,2024-04-15,2024-04-15T00:00:00.000Z,2024-04-15T23:59:59.000Z,0,21337.925186280383,10513.445202062616,476.132239869408,47.613216898016,0,47.613216898016,true,daily-api,
2024-04-16,2024-04-16,2024-04-16,2024-04-16T00:00:00.000Z,2024-04-16T23:59:59.000Z,0,69883.65003100803,11244.505181601031,1667.72726828263,166.772721773317,0,166.772721773317,true,daily-api,
2024-04-17,2024-04-17,2024-04-17,2024-04-17T00:00:00.000Z,2024-04-17T23:59:59.000Z,6619.0719707338885,156024.62140709828,14052.944838706824,3688.300774416746,368.830069303494,0,368.830069303494,true,daily-api,
2024-04-18,2024-04-18,2024-04-18,2024-04-18T00:00:00.000Z,2024-04-18T23:59:59.000Z,0,91726.88230553643,11878.121462639225,17648.483186962785,1764.848315576042,0,1764.848315576042,true,daily-api,
2024-04-19,2024-04-19,2024-04-19,2024-04-19T00:00:00.000Z,2024-04-19T23:59:59.000Z,618.5785882158347,108477.18634883064,11247.718522712892,20097.923056090498,2009.792299300755,0,2009.792299300755,true,daily-api,
2024-04-20,2024-04-20,2024-04-20,2024-04-20T00:00:00.000Z,2024-04-20T23:59:59.000Z,0,25936.329966169647,12159.583955796634,1880.172704522354,188.0172645814,0,188.0172645814,true,daily-api,
2024-04-21,2024-04-21,2024-04-21,2024-04-21T00:00:00.000Z,2024-04-21T23:59:59.000Z,0,23286.282593295924,13140.618765432402,1192.63626085561,119.26362149759899,0,119.26362149759899,true,daily-api,
2024-04-22,2024-04-22,2024-04-22,2024-04-22T00:00:00.000Z,2024-04-22T23:59:59.000Z,0,8267.587869187386,13221.905547850214,573.179687467163,57.3179660578592,3.12670900402,60.4446750618792,true,daily-api,
2024-04-23,2024-04-23,2024-04-23,2024-04-23T00:00:00.000Z,2024-04-23T23:59:59.000Z,0,76021.01771343905,12661.483031016673,270.131973573593,27.01319445204,2.65049056888,29.66368502092,true,daily-api,
2024-04-24,2024-04-24,2024-04-24,2024-04-24T00:00:00.000Z,2024-04-24T23:59:59.000Z,0,34497.3128614767,13966.431299376576,906.904099226545,90.690402476374,1404.953725184526,1495.6441276609,true,daily-api,
2024-04-25,2024-04-25,2024-04-25,2024-04-25T00:00:00.000Z,2024-04-25T23:59:59.000Z,0,305723.0395352009,14302.60022030783,2302.712529636991,230.271249093112,3534.57846321464,3764.8497123077523,true,daily-api,
2024-04-26,2024-04-26,2024-04-26,2024-04-26T00:00:00.000Z,2024-04-26T23:59:59.000Z,0,16694.295219767573,14943.829418724794,992.4980531627442,99.24980322514466,48.9198161,148.16961932514465,true,daily-api,
2024-04-27,2024-04-27,2024-04-27,2024-04-27T00:00:00.000Z,2024-04-27T23:59:59.000Z,0,21452.683889108426,14550.416771744061,610.5909845794904,61.05909463380082,461.4958492573018,522.5549438911027,true,daily-api,
2024-04-28,2024-04-28,2024-04-28,2024-04-28T00:00:00.000Z,2024-04-28T23:59:59.000Z,0,10383.763903309386,14796.753654243093,694.028769467236,69.402874420007,82.449246875112,151.852121295119,true,daily-api,
2024-04-29,2024-04-29,2024-04-29,2024-04-29T00:00:00.000Z,2024-04-29T23:59:59.000Z,0,160762.1541190372,17036.504275566742,6798.863341262232,679.8863266514477,67.159179124,747.0455057754477,true,daily-api,
2024-04-30,2024-04-30,2024-04-30,2024-04-30T00:00:00.000Z,2024-04-30T23:59:59.000Z,38.97382688544877,38839.570652065915,13345.443784972776,2380.869825737992,238.086972558559,307.806239556,545.893212114559,true,daily-api,
2024-05-01,2024-05-01,2024-05-01,2024-05-01T00:00:00.000Z,2024-05-01T23:59:59.000Z,-20485.71546419138,132379.68555167172,5441.320184952422,2508.263602243932,250.82635588316398,540.4461733,791.272529183164,true,daily-api,
2024-05-02,2024-05-02,2024-05-02,2024-05-02T00:00:00.000Z,2024-05-02T23:59:59.000Z,0,3271.274451253811,5646.117997671261,793.7676506298741,79.376763086495,1162.961141701222,1242.337904787717,true,daily-api,
2024-05-03,2024-05-03,2024-05-03,2024-05-03T00:00:00.000Z,2024-05-03T23:59:59.000Z,0,2754.967699197669,5648.252792161369,10.295117602785,1.029510395826,264.30116184094,265.33067223676596,true,daily-api,
2024-05-04,2024-05-04,2024-05-04,2024-05-04T00:00:00.000Z,2024-05-04T23:59:59.000Z,0,20386.427828271397,5854.206410772747,229.751242524962,22.975122644966,60.09084885,83.06597149496599,true,daily-api,
2024-05-05,2024-05-05,2024-05-05,2024-05-05T00:00:00.000Z,2024-05-05T23:59:59.000Z,83.66540743956094,14397.198667096796,5907.798250694957,417.4908686039743,41.74908665965861,244.19752695328,285.9466136129386,true,daily-api,
2024-05-06,2024-05-06,2024-05-06,2024-05-06T00:00:00.000Z,2024-05-06T23:59:59.000Z,0,36290.51675076393,5742.846752665675,1303.5004075141826,130.35003807400136,530.69176024137,661.0417983153714,true,daily-api,
2024-05-07,2024-05-07,2024-05-07,2024-05-07T00:00:00.000Z,2024-05-07T23:59:59.000Z,0,1544.5366056,5814.061580698988,33.85297536762,3.3852969063392,416.880812951582,420.2661098579212,true,daily-api,
2024-05-08,2024-05-08,2024-05-08,2024-05-08T00:00:00.000Z,2024-05-08T23:59:59.000Z,0,1751.169026971036,6308.314835206859,12.5401676754222,1.2540162128373,147.68447664762,148.9384928604573,true,daily-api,
2024-05-09,2024-05-09,2024-05-09,2024-05-09T00:00:00.000Z,2024-05-09T23:59:59.000Z,0,22321.594844151332,6205.277876164698,666.955213565616,66.695517824081,90.871287,157.56680482408098,true,daily-api,
2024-05-10,2024-05-10,2024-05-10,2024-05-10T00:00:00.000Z,2024-05-10T23:59:59.000Z,0,1965.3862496623462,6152.57104683425,224.71228377797868,22.47122698810612,38.768574018286,61.23980100639213,true,daily-api,
2024-05-11,2024-05-11,2024-05-11,2024-05-11T00:00:00.000Z,2024-05-11T23:59:59.000Z,0,5479.649660748485,6034.016863005774,56.91721312367396,5.69172054683152,108.33078064,114.02250118683152,true,daily-api,
2024-05-12,2024-05-12,2024-05-12,2024-05-12T00:00:00.000Z,2024-05-12T23:59:59.000Z,0,3236.29157086388,5839.696890738485,1187.469395412597,118.7469393062754,523.0182243,641.7651636062755,true,daily-api,
2024-05-13,2024-05-13,2024-05-13,2024-05-13T00:00:00.000Z,2024-05-13T23:59:59.000Z,0,38301.23553523521,5851.3829958867145,14031.592731643183,1403.1592714372514,259.679078205,1662.8383496422514,true,daily-api,
2024-05-14,2024-05-14,2024-05-14,2024-05-14T00:00:00.000Z,2024-05-14T23:59:59.000Z,0,12015.539858623088,5695.92532740242,4536.862537173845,453.686252028024,32.96088825126,486.64714027928403,true,daily-api,
2024-05-15,2024-05-15,2024-05-15,2024-05-15T00:00:00.000Z,2024-05-15T23:59:59.000Z,0,5843.832523232383,5582.551924444016,42.25668316779718,4.22566666063624,310.950037597164,315.17570425780025,true,daily-api,
2024-05-16,2024-05-16,2024-05-16,2024-05-16T00:00:00.000Z,2024-05-16T23:59:59.000Z,0,3034.2909821334692,6105.652503741631,126.466785050587,12.646676742044,129.5160449931,142.162721735144,true,daily-api,
2024-05-17,2024-05-17,2024-05-17,2024-05-17T00:00:00.000Z,2024-05-17T23:59:59.000Z,0,5696.309884140359,6253.031320680394,25.53030846413995,2.55303074791265,113.695274815262,116.24830556317464,true,daily-api,
2024-05-18,2024-05-18,2024-05-18,2024-05-18T00:00:00.000Z,2024-05-18T23:59:59.000Z,0,2931.01558092205,6440.251180704454,181.34430138239,18.13442757604,125.81868877357,143.95311634961,true,daily-api,
2024-05-19,2024-05-19,2024-05-19,2024-05-19T00:00:00.000Z,2024-05-19T23:59:59.000Z,0,17040.7990895622,6286.777782123071,435.46781083272,43.546780453384,167.387066714,210.93384716738402,true,daily-api,
2024-05-20,2024-05-20,2024-05-20,2024-05-20T00:00:00.000Z,2024-05-20T23:59:59.000Z,0,85688.26314499536,6439.444331834213,507.472406785442,50.747240023132,444.5396674773,495.286907500432,true,daily-api,
2024-05-21,2024-05-21,2024-05-21,2024-05-21T00:00:00.000Z,2024-05-21T23:59:59.000Z,0,25703.376091552254,6672.071353048596,521.2676362134303,52.12676234757929,237.2959389882,289.42270133577927,true,daily-api,
2024-05-22,2024-05-22,2024-05-22,2024-05-22T00:00:00.000Z,2024-05-22T23:59:59.000Z,0,3587.63778292298,6845.64856075785,33.38792438949,3.33879146257,291.02965587825,294.36844734082,true,daily-api,
2024-05-23,2024-05-23,2024-05-23,2024-05-23T00:00:00.000Z,2024-05-23T23:59:59.000Z,0,3823.614385039958,6805.145725430416,27.069316423952,2.706931524603,252.28991815212802,254.99684967673102,true,daily-api,
2024-05-24,2024-05-24,2024-05-24,2024-05-24T00:00:00.000Z,2024-05-24T23:59:59.000Z,0,27616.02403289836,6975.369110766075,170.337268745724,17.033724089657,217.85662612634,234.890350215997,true,daily-api,
2024-05-25,2024-05-25,2024-05-25,2024-05-25T00:00:00.000Z,2024-05-25T23:59:59.000Z,0,8842.590852760433,7068.578496228132,1245.403354440758,124.540335151552,156.68304132568,281.223376477232,true,daily-api,
2024-05-26,2024-05-26,2024-05-26,2024-05-26T00:00:00.000Z,2024-05-26T23:59:59.000Z,0,100.093041524824,6809.5280017011355,1.1421742654635,0.11421741887975,321.20483037918,321.3190477980598,true,daily-api,
2024-05-27,2024-05-27,2024-05-27,2024-05-27T00:00:00.000Z,2024-05-27T23:59:59.000Z,0,11726.237724042672,6842.905076530102,474.376814704781,47.437680676073,64.11986755266,111.557548228733,true,daily-api,
2024-05-28,2024-05-28,2024-05-28,2024-05-28T00:00:00.000Z,2024-05-28T23:59:59.000Z,0,1877.566158585328,6757.213517810075,576.8324447167639,57.683242765181,72.46087,130.144112765181,true,daily-api,
2024-05-29,2024-05-29,2024-05-29,2024-05-29T00:00:00.000Z,2024-05-29T23:59:59.000Z,0,13971.929366150072,6811.3165684014375,2091.811080262464,209.180972054046,476.464165946346,685.645138000392,true,daily-api,
2024-05-30,2024-05-30,2024-05-30,2024-05-30T00:00:00.000Z,2024-05-30T23:59:59.000Z,0,4890.995055252737,6825.595789083527,2038.672005197891,203.86719885013,27.94883877938,231.81603762951,true,daily-api,
2024-05-31,2024-05-31,2024-05-31,2024-05-31T00:00:00.000Z,2024-05-31T23:59:59.000Z,0,14413.545237423494,7903.738110512128,145.666726365136,14.566671398937,338.99227415,353.558945548937,true,daily-api,
2024-06-01,2024-06-01,2024-06-01,2024-06-01T00:00:00.000Z,2024-06-01T23:59:59.000Z,0,16124.731196693636,8677.643104965166,81.24691587735934,8.1246908498068,84.447620455668,92.5723113054748,true,daily-api,
2024-06-02,2024-06-02,2024-06-02,2024-06-02T00:00:00.000Z,2024-06-02T23:59:59.000Z,0,6066.030810582586,8938.220647918151,1117.5996516554133,111.75996190021966,73.43144508613,185.19140698634965,true,daily-api,
2024-06-03,2024-06-03,2024-06-03,2024-06-03T00:00:00.000Z,2024-06-03T23:59:59.000Z,0,60564.91718922617,8748.09358124292,8484.463122220788,848.4463098528792,65.30038731288,913.7466971657592,true,daily-api,
2024-06-04,2024-06-04,2024-06-04,2024-06-04T00:00:00.000Z,2024-06-04T23:59:59.000Z,0,93135.42101971238,7905.682145826968,36982.10409359747,3698.210405701716,147.08382067372,3845.2942263754358,true,daily-api,
2024-06-05,2024-06-05,2024-06-05,2024-06-05T00:00:00.000Z,2024-06-05T23:59:59.000Z,0,101445.96513208204,7178.25761547887,16707.46170043087,1670.746168909525,230.7684482063,1901.514617115825,true,daily-api,
2024-06-06,2024-06-06,2024-06-06,2024-06-06T00:00:00.000Z,2024-06-06T23:59:59.000Z,0,5141.867699674143,6318.914499760949,698.900882903573,69.890086865735,75.23239478049,145.122481646225,true,daily-api,
2024-06-07,2024-06-07,2024-06-07,2024-06-07T00:00:00.000Z,2024-06-07T23:59:59.000Z,0,7313.842022842764,5950.56704190257,988.4520790872374,98.8452059050113,58.0151992,156.8604051050113,true,daily-api,
2024-06-08,2024-06-08,2024-06-08,2024-06-08T00:00:00.000Z,2024-06-08T23:59:59.000Z,0,11495.999964200468,5939.097600118086,2707.128150203718,270.712812171852,137.703724,408.41653617185204,true,daily-api,
2024-06-09,2024-06-09,2024-06-09,2024-06-09T00:00:00.000Z,2024-06-09T23:59:59.000Z,0,3561.63218061584,5843.33196496073,57.486229436223,5.7486217514,11.82830542396,17.576927175359998,true,daily-api,
2024-06-10,2024-06-10,2024-06-10,2024-06-10T00:00:00.000Z,2024-06-10T23:59:59.000Z,0,100036.345,5860.382671596752,4648.990863303452,464.8990861000105,25.40163475,490.3007208500105,true,daily-api,
2024-06-11,2024-06-11,2024-06-11,2024-06-11T00:00:00.000Z,2024-06-11T23:59:59.000Z,279.1404681545943,19459.90039555147,5302.8799584183125,2682.61916883977,268.2619128321253,134.590752736494,402.8526655686193,true,daily-api,
2024-06-12,2024-06-12,2024-06-12,2024-06-12T00:00:00.000Z,2024-06-12T23:59:59.000Z,0,595.736924895672,5380.112302019016,93.60823174022501,9.360822260689002,36.973442094528,46.334264355217,true,daily-api,
2024-06-13,2024-06-13,2024-06-13,2024-06-13T00:00:00.000Z,2024-06-13T23:59:59.000Z,0,5957.667173631679,5109.212999691668,311.979150806726,31.197913498231,63.125186133298,94.323099631529,true,daily-api,
2024-06-14,2024-06-14,2024-06-14,2024-06-14T00:00:00.000Z,2024-06-14T23:59:59.000Z,26.9855518996775,23477.695768299473,5240.717529908735,3112.9228829599833,311.29228258107094,226.540451357578,537.832733938649,true,daily-api,
2024-06-15,2024-06-15,2024-06-15,2024-06-15T00:00:00.000Z,2024-06-15T23:59:59.000Z,0,398.04322837093,4999.462691568155,9.447378134035,0.94473751489,64.21267449396,65.15741200884999,true,daily-api,
2024-06-16,2024-06-16,2024-06-16,2024-06-16T00:00:00.000Z,2024-06-16T23:59:59.000Z,1870.410672808008,16874.985355344,4683.277516476484,2017.541068124211,201.754106220996,4.92935952198,206.68346574297598,true,daily-api,
2024-06-17,2024-06-17,2024-06-17,2024-06-17T00:00:00.000Z,2024-06-17T23:59:59.000Z,0,16288.614774666983,4847.270108812388,6793.056071477399,679.3048600636328,354.0448745774964,1033.349734641129,true,daily-api,
2024-06-18,2024-06-18,2024-06-18,2024-06-18T00:00:00.000Z,2024-06-18T23:59:59.000Z,21052.810088351765,280212.11343751824,4661.22224562305,46803.866210428765,4680.386598667808,822.582298029954,5502.968896697763,true,daily-api,
2024-06-19,2024-06-19,2024-06-19,2024-06-19T00:00:00.000Z,2024-06-19T23:59:59.000Z,268.6443438109732,10683.598003915016,4374.351569062219,1103.016324681721,110.30162913211,1286.921034608644,1397.2226637407541,true,daily-api,
2024-06-20,2024-06-20,2024-06-20,2024-06-20T00:00:00.000Z,2024-06-20T23:59:59.000Z,206.81999006116422,6870.929684525862,4931.698672021641,711.1326966320829,71.1132669862707,167.52430137076,238.63756835703072,true,daily-api,
2024-06-21,2024-06-21,2024-06-21,2024-06-21T00:00:00.000Z,2024-06-21T23:59:59.000Z,0,11327.282339901682,4897.296017666992,969.3779880022335,96.93779572651609,461.8816630704676,558.8194587969837,true,daily-api,
2024-06-22,2024-06-22,2024-06-22,2024-06-22T00:00:00.000Z,2024-06-22T23:59:59.000Z,0,11592.89184921865,4983.186715969213,2882.94020512504,288.29401872658,51.619911728442,339.913930455022,true,daily-api,
2024-06-23,2024-06-23,2024-06-23,2024-06-23T00:00:00.000Z,2024-06-23T23:59:59.000Z,0,25878.35549264171,5077.061454857424,300.417692424514,30.041768082218,440.424900451528,470.466668533746,true,daily-api,
2024-06-24,2024-06-24,2024-06-24,2024-06-24T00:00:00.000Z,2024-06-24T23:59:59.000Z,0,14176.714709280717,5449.3650573284995,2598.555675167106,259.855562295423,219.291780148153,479.147342443576,true,daily-api,
2024-06-25,2024-06-25,2024-06-25,2024-06-25T00:00:00.000Z,2024-06-25T23:59:59.000Z,0,1870.855398783172,5757.925495344774,982.534075263121,98.253406719615,370.2886841396,468.54209085921497,true,daily-api,
2024-06-26,2024-06-26,2024-06-26,2024-06-26T00:00:00.000Z,2024-06-26T23:59:59.000Z,0,5988.401988308934,5755.589917232529,2112.603306821862,211.260327790289,4938.41987850796,5149.680206298249,true,daily-api,
2024-06-27,2024-06-27,2024-06-27,2024-06-27T00:00:00.000Z,2024-06-27T23:59:59.000Z,0,410.380699340421,6066.4552258021295,4.753552778709,0.475354695156,2501.15234327282,2501.627697967976,true,daily-api,
2024-06-28,2024-06-28,2024-06-28,2024-06-28T00:00:00.000Z,2024-06-28T23:59:59.000Z,721.5156555722812,9901.811050614442,6135.326302316244,436.1789265381792,43.6178889706038,60.49089016654,104.1087791371438,true,daily-api,
2024-06-29,2024-06-29,2024-06-29,2024-06-29T00:00:00.000Z,2024-06-29T23:59:59.000Z,0,193.834088,6345.99319586914,0.07883656226,0.00788330816,7.87816,7.8860433081600005,true,daily-api,
2024-06-30,2024-06-30,2024-06-30,2024-06-30T00:00:00.000Z,2024-06-30T23:59:59.000Z,0,551.968820575425,6135.754443972422,25.34817932431,2.534817380632,46.091604896,48.626422276632,true,daily-api,
2024-07-01,2024-07-01,2024-07-01,2024-07-01T00:00:00.000Z,2024-07-01T23:59:59.000Z,0,261767.39830725154,5070.402128035408,4798.008349199516,479.80083438178,235.584346224032,715.385180605812,true,daily-api,
2024-07-02,2024-07-02,2024-07-02,2024-07-02T00:00:00.000Z,2024-07-02T23:59:59.000Z,0,925.258693675,4779.5402884621035,110.374926770645,11.037492170546,119.217681069136,130.255173239682,true,daily-api,
2024-07-03,2024-07-03,2024-07-03,2024-07-03T00:00:00.000Z,2024-07-03T23:59:59.000Z,0,14847.408903427047,5251.567065371685,450.417665017364,45.041766335112,96.2165225,141.258288835112,true,daily-api,
2024-07-04,2024-07-04,2024-07-04,2024-07-04T00:00:00.000Z,2024-07-04T23:59:59.000Z,0,16601.394757319875,5014.023471197464,1075.880526384273,107.588048912138,161.74921427,269.33726318213803,true,daily-api,
2024-07-05,2024-07-05,2024-07-05,2024-07-05T00:00:00.000Z,2024-07-05T23:59:59.000Z,30243.038194224315,829232.479779008,4298.075261712075,117323.32783455796,11732.332715392036,1566.330732895121,13298.663448287158,true,daily-api,
2024-07-06,2024-07-06,2024-07-06,2024-07-06T00:00:00.000Z,2024-07-06T23:59:59.000Z,0,5335.898594981644,3809.100222384442,11.487355640804,1.148733760837,169.35407922,170.50281298083698,true,daily-api,
2024-07-07,2024-07-07,2024-07-07,2024-07-07T00:00:00.000Z,2024-07-07T23:59:59.000Z,0,14700.800874709854,3702.9760197011587,108.859181572824,10.885916404813,507.383701333532,518.269617738345,true,daily-api,
2024-07-08,2024-07-08,2024-07-08,2024-07-08T00:00:00.000Z,2024-07-08T23:59:59.000Z,0,23102.75193603768,3801.9612945249755,1274.9242968358792,127.49242802914975,322.5213158300352,450.01374385918496,true,daily-api,
2024-07-09,2024-07-09,2024-07-09,2024-07-09T00:00:00.000Z,2024-07-09T23:59:59.000Z,0,358.800696413313,3925.7885440569326,53.382103884054,5.338209388116,330.217387757174,335.55559714529,true,daily-api,
2024-07-10,2024-07-10,2024-07-10,2024-07-10T00:00:00.000Z,2024-07-10T23:59:59.000Z,0,1578.13267764354,4019.5627330027937,18.17548767523,1.817548093525,330.102974936,331.920523029525,true,daily-api,
2024-07-11,2024-07-11,2024-07-11,2024-07-11T00:00:00.000Z,2024-07-11T23:59:59.000Z,0,1326.12892287466,4188.195267240139,69.626385392497,6.962637969124,302.799258,309.761895969124,true,daily-api,
2024-07-12,2024-07-12,2024-07-12,2024-07-12T00:00:00.000Z,2024-07-12T23:59:59.000Z,84.16533051130871,19934.938138031368,4298.028612559869,404.9609064004524,40.496090317469154,107.0747108106,147.57080112806915,true,daily-api,
2024-07-13,2024-07-13,2024-07-13,2024-07-13T00:00:00.000Z,2024-07-13T23:59:59.000Z,0,3529.762361683908,4231.334078031374,59.593672364549,5.959366110936,447.587439303052,453.546805413988,true,daily-api,
2024-07-14,2024-07-14,2024-07-14,2024-07-14T00:00:00.000Z,2024-07-14T23:59:59.000Z,0,2042.802490559845,4395.7787035456,440.291333208765,44.029132478789,109.585173332,153.614305810789,true,daily-api,
2024-07-15,2024-07-15,2024-07-15,2024-07-15T00:00:00.000Z,2024-07-15T23:59:59.000Z,0,0,4457.642031650197,0,0,105.037551886614,105.037551886614,true,daily-api,
2024-07-16,2024-07-16,2024-07-16,2024-07-16T00:00:00.000Z,2024-07-16T23:59:59.000Z,0,15556.762310114567,4963.304867180936,542.39233079521,54.239230765911,237.705182274868,291.944413040779,true,daily-api,
2024-07-17,2024-07-17,2024-07-17,2024-07-17T00:00:00.000Z,2024-07-17T23:59:59.000Z,0,2804.788901767963,5364.686412838404,244.244420198926,24.424440691881,103.6080319191,128.032472610981,true,daily-api,
2024-07-18,2024-07-18,2024-07-18,2024-07-18T00:00:00.000Z,2024-07-18T23:59:59.000Z,-7.003109203651547e-11,12573.532684645836,5325.473790944141,740.6023788938281,74.06023622783897,303.27469476212,377.334930989959,true,daily-api,
2024-07-19,2024-07-19,2024-07-19,2024-07-19T00:00:00.000Z,2024-07-19T23:59:59.000Z,0,6890.318776778,5119.297570680253,15.530002171972,1.552999428574,159.106303937194,160.659303365768,true,daily-api,
2024-07-20,2024-07-20,2024-07-20,2024-07-20T00:00:00.000Z,2024-07-20T23:59:59.000Z,0,1252.733985461151,4855.552883691161,7.061794724994,0.706179091239,43.545993504016,44.252172595255004,true,daily-api,
2024-07-21,2024-07-21,2024-07-21,2024-07-21T00:00:00.000Z,2024-07-21T23:59:59.000Z,0,7949.991097833566,4467.120187786794,249.050395055267,24.905038073556,127.437729902208,152.342767975764,true,daily-api,
2024-07-22,2024-07-22,2024-07-22,2024-07-22T00:00:00.000Z,2024-07-22T23:59:59.000Z,0,5729.568851250973,4472.816311836139,76.28525499362,7.628523986119,288.01286910672,295.641393092839,true,daily-api,
2024-07-23,2024-07-23,2024-07-23,2024-07-23T00:00:00.000Z,2024-07-23T23:59:59.000Z,0,7003.326889400207,4426.989692663107,463.7685668747979,46.37685488570429,49.8903277106,96.26718259630428,true,daily-api,
2024-07-24,2024-07-24,2024-07-24,2024-07-24T00:00:00.000Z,2024-07-24T23:59:59.000Z,0,8134.439773244051,4366.350772851048,442.276269955117,44.227624320226,168.493737170106,212.721361490332,true,daily-api,
2024-07-25,2024-07-25,2024-07-25,2024-07-25T00:00:00.000Z,2024-07-25T23:59:59.000Z,0,46275.252970857764,3403.1433799967513,750.6217652752119,75.062167683235,677.33569951706,752.397867200295,true,daily-api,
2024-07-26,2024-07-26,2024-07-26,2024-07-26T00:00:00.000Z,2024-07-26T23:59:59.000Z,0,4239.759694763297,2914.74250049182,93.393504881092,9.339349164561,2953.811923551924,2963.151272716485,true,daily-api,
2024-07-27,2024-07-27,2024-07-27,2024-07-27T00:00:00.000Z,2024-07-27T23:59:59.000Z,0,447.104877577274,3047.9212490040477,147.475660317274,14.747565357559,294.775056496898,309.522621854457,true,daily-api,
2024-07-28,2024-07-28,2024-07-28,2024-07-28T00:00:00.000Z,2024-07-28T23:59:59.000Z,0,732.615337172,3081.6069539637147,99.384652406,9.93846514,216.99523619,226.93370133000002,true,daily-api,
2024-07-29,2024-07-29,2024-07-29,2024-07-29T00:00:00.000Z,2024-07-29T23:59:59.000Z,0,4468.340948696717,3028.294271629999,96.645545349418,9.6645537677,87.861548705634,97.52610247333399,true,daily-api,
2024-07-30,2024-07-30,2024-07-30,2024-07-30T00:00:00.000Z,2024-07-30T23:59:59.000Z,0,6695.791188045721,2837.825812634704,58.002104380548,5.800209223196,165.67896992816,171.479179151356,true,daily-api,
2024-07-31,2024-07-31,2024-07-31,2024-07-31T00:00:00.000Z,2024-07-31T23:59:59.000Z,0,6450.50724,2731.336896178059,268.790718246343,26.879071461932,72.43510005,99.314171511932,true,daily-api,
2024-08-01,2024-08-01,2024-08-01,2024-08-01T00:00:00.000Z,2024-08-01T23:59:59.000Z,0,7650.598476152888,2801.2923509850716,490.3051064994174,49.03050784749014,123.944840786014,172.97534863350415,true,daily-api,
2024-08-02,2024-08-02,2024-08-02,2024-08-02T00:00:00.000Z,2024-08-02T23:59:59.000Z,0,9792.279877873889,2832.93867061358,1159.144033525107,115.914397138641,92.41203173728,208.326428875921,true,daily-api,
2024-08-03,2024-08-03,2024-08-03,2024-08-03T00:00:00.000Z,2024-08-03T23:59:59.000Z,0,17806.216806761382,2755.0273715403937,2210.64625301435,221.064620142626,64.061253317974,285.1258734606,true,daily-api,
2024-08-04,2024-08-04,2024-08-04,2024-08-04T00:00:00.000Z,2024-08-04T23:59:59.000Z,155.6364798344216,59858.96256449924,2913.573776845573,8586.349107247273,858.6349033992938,61.1073155946386,919.7422189939324,true,daily-api,
2024-08-05,2024-08-05,2024-08-05,2024-08-05T00:00:00.000Z,2024-08-05T23:59:59.000Z,81518.84272187915,1026060.3285386553,2960.290578536406,27815.76356609046,2781.5762745426887,2783.2661014065066,5564.842375949195,true,daily-api,
2024-08-06,2024-08-06,2024-08-06,2024-08-06T00:00:00.000Z,2024-08-06T23:59:59.000Z,0,54443.643526449145,2950.3164175655656,439.029792748031,43.902976675425,2679.887869857638,2723.7908465330634,true,daily-api,
2024-08-07,2024-08-07,2024-08-07,2024-08-07T00:00:00.000Z,2024-08-07T23:59:59.000Z,0,34986.52813534123,2825.9860279881264,200.033344169366,20.003331873385,457.780743843378,477.78407571676297,true,daily-api,
2024-08-08,2024-08-08,2024-08-08,2024-08-08T00:00:00.000Z,2024-08-08T23:59:59.000Z,4.955550263078798,1239.305720877217,2858.0424220598366,490.069693603446,49.006968545091,417.072100168206,466.07906871329703,true,daily-api,
2024-08-09,2024-08-09,2024-08-09,2024-08-09T00:00:00.000Z,2024-08-09T23:59:59.000Z,0,1742.115972928,2983.995145743827,11.037113730989999,1.103710296112,152.6364535392,153.74016383531202,true,daily-api,
2024-08-10,2024-08-10,2024-08-10,2024-08-10T00:00:00.000Z,2024-08-10T23:59:59.000Z,0,8761.80102,2598.235624872698,50.694491946065,5.069448951508,223.88081484964,228.950263801148,true,daily-api,
2024-08-11,2024-08-11,2024-08-11,2024-08-11T00:00:00.000Z,2024-08-11T23:59:59.000Z,0,4051.605516527,2600.7154076460783,31.04321279,3.104321279,93.059144220388,96.16346549938801,true,daily-api,
2024-08-12,2024-08-12,2024-08-12,2024-08-12T00:00:00.000Z,2024-08-12T23:59:59.000Z,0,9682.665943060152,2599.5458371705936,6.146325812922,0.61463147701,39.765902089046,40.380533566056,true,daily-api,
2024-08-13,2024-08-13,2024-08-13,2024-08-13T00:00:00.000Z,2024-08-13T23:59:59.000Z,0,4059.78605975889,2641.8546241636386,32.163775697304,3.216376640987,56.90445244894,60.120829089927,true,daily-api,
2024-08-14,2024-08-14,2024-08-14,2024-08-14T00:00:00.000Z,2024-08-14T23:59:59.000Z,0,6513.958902138914,2906.8753375869437,1220.297182358876,122.029717870046,135.257621971188,257.28733984123403,true,daily-api,
2024-08-15,2024-08-15,2024-08-15,2024-08-15T00:00:00.000Z,2024-08-15T23:59:59.000Z,0,6225.312953290363,2775.248046666627,760.404657566904,76.04046446964799,23.71099297846304,99.75145744811103,true,daily-api,
2024-08-16,2024-08-16,2024-08-16,2024-08-16T00:00:00.000Z,2024-08-16T23:59:59.000Z,189.5610722325594,7975.001351533387,2908.7451766096356,39.604139306494,3.960410488027,48.370891259108,52.331301747135,true,daily-api,
2024-08-17,2024-08-17,2024-08-17,2024-08-17T00:00:00.000Z,2024-08-17T23:59:59.000Z,0,236.376509877516,3018.441847336247,51.946903453552,5.194690146648,57.88031,63.075000146648,true,daily-api,
2024-08-18,2024-08-18,2024-08-18,2024-08-18T00:00:00.000Z,2024-08-18T23:59:59.000Z,0,4389.889689874558,3128.8102360162043,21.343432955945,2.134341634963,198.195789866474,200.330131501437,true,daily-api,
2024-08-19,2024-08-19,2024-08-19,2024-08-19T00:00:00.000Z,2024-08-19T23:59:59.000Z,0,3133.658838527148,3149.8012183146498,115.190152041741,11.519013766867,634.238122578892,645.757136345759,true,daily-api,
2024-08-20,2024-08-20,2024-08-20,2024-08-20T00:00:00.000Z,2024-08-20T23:59:59.000Z,0,9766.2345,3054.6714537188327,9091.611627410224,909.161162604828,71.206301021216,980.3674636260439,true,daily-api,
2024-08-21,2024-08-21,2024-08-21,2024-08-21T00:00:00.000Z,2024-08-21T23:59:59.000Z,0,26083.837246047147,2937.3871307332734,2946.277591398934,294.627755907014,128.45940897542,423.08716488243397,true,daily-api,
2024-08-22,2024-08-22,2024-08-22,2024-08-22T00:00:00.000Z,2024-08-22T23:59:59.000Z,0,1864.146056408896,3013.1196981809435,1.92486149554,0.192485817136,180.069866409754,180.26235222689002,true,daily-api,
2024-08-23,2024-08-23,2024-08-23,2024-08-23T00:00:00.000Z,2024-08-23T23:59:59.000Z,0,10784.447960979,3232.52566536296,150.606990037,15.06069789,492.61983234558,507.68053023558,true,daily-api,
2024-08-24,2024-08-24,2024-08-24,2024-08-24T00:00:00.000Z,2024-08-24T23:59:59.000Z,0,8275.827907323439,3121.688430825257,680.1388746475078,68.0138865776545,67.77528,135.7891665776545,true,daily-api,
2024-08-25,2024-08-25,2024-08-25,2024-08-25T00:00:00.000Z,2024-08-25T23:59:59.000Z,0,12341.608111168143,3101.8009913486194,76.482242827218,7.64822067695,8.306555569858,15.954776246808,true,daily-api,
2024-08-26,2024-08-26,2024-08-26,2024-08-26T00:00:00.000Z,2024-08-26T23:59:59.000Z,0,2698.880723025416,3384.355462968616,10.192061337088,1.019204333728,36.956808488164,37.976012821892,true,daily-api,
2024-08-27,2024-08-27,2024-08-27,2024-08-27T00:00:00.000Z,2024-08-27T23:59:59.000Z,0,3336.85118241973,3632.333352535995,12.907302350508,1.290728272624,77.928765988178,79.219494260802,true,daily-api,
2024-08-28,2024-08-28,2024-08-28,2024-08-28T00:00:00.000Z,2024-08-28T23:59:59.000Z,0,2528.736575823149,3606.3934241149227,35.143872774143,3.514384723499,105.770780857556,109.28516558105501,true,daily-api,
2024-08-29,2024-08-29,2024-08-29,2024-08-29T00:00:00.000Z,2024-08-29T23:59:59.000Z,0,29851.06042824071,3677.7811263747144,25458.299617689194,2545.829959555798,2755.28139599811,5301.111355553908,true,daily-api,
2024-08-30,2024-08-30,2024-08-30,2024-08-30T00:00:00.000Z,2024-08-30T23:59:59.000Z,0,5506.025348172798,3502.8993912938417,650.213888367456,65.02138504024,42.34044249727,107.36182753751001,true,daily-api,
2024-08-31,2024-08-31,2024-08-31,2024-08-31T00:00:00.000Z,2024-08-31T23:59:59.000Z,0,25258.471672,3360.228729558564,6396.548440604005,639.654843386289,43.2163135797152,682.8711569660043,true,daily-api,
2024-09-01,2024-09-01,2024-09-01,2024-09-01T00:00:00.000Z,2024-09-01T23:59:59.000Z,0,6702.978297695319,3295.9715729629806,266.650756729786,26.665072395941,2027.778154946776,2054.443227342717,true,daily-api,
2024-09-02,2024-09-02,2024-09-02,2024-09-02T00:00:00.000Z,2024-09-02T23:59:59.000Z,0,12152.155237924075,3339.232497330182,699.0022086634131,69.900219345658,66.083610787988,135.983830133646,true,daily-api,
2024-09-03,2024-09-03,2024-09-03,2024-09-03T00:00:00.000Z,2024-09-03T23:59:59.000Z,0,3158.303102605247,3467.522126053568,67.145081106068,6.714505865978,97.971546826394,104.686052692372,true,daily-api,
2024-09-04,2024-09-04,2024-09-04,2024-09-04T00:00:00.000Z,2024-09-04T23:59:59.000Z,0,16143.278612392332,3773.5735659722536,286.623298675295,28.662326056328,187.240887449798,215.903213506126,true,daily-api,
2024-09-05,2024-09-05,2024-09-05,2024-09-05T00:00:00.000Z,2024-09-05T23:59:59.000Z,0,2870.577032985864,3742.904748281676,107.644056266565,10.764404738269,456.055200192604,466.81960493087297,true,daily-api,
2024-09-06,2024-09-06,2024-09-06,2024-09-06T00:00:00.000Z,2024-09-06T23:59:59.000Z,0,14367.582613483975,3714.319542037451,478.718234281029,47.871821167859,207.76757688902,255.639398056879,true,daily-api,
2024-09-07,2024-09-07,2024-09-07,2024-09-07T00:00:00.000Z,2024-09-07T23:59:59.000Z,0,102.627947544804,3778.5985386658585,39.616243271446,3.961623813562,47.7469472999,51.708571113462,true,daily-api,
2024-09-08,2024-09-08,2024-09-08,2024-09-08T00:00:00.000Z,2024-09-08T23:59:59.000Z,0,3756.967738332328,3791.9461662981994,11.672673270624,1.167266641971,467.080024390892,468.247291032863,true,daily-api,
2024-09-09,2024-09-09,2024-09-09,2024-09-09T00:00:00.000Z,2024-09-09T23:59:59.000Z,0,3280.388810991844,3988.7365917682514,31.690500698743,3.1690479962214,373.75942288356,376.9284708797814,true,daily-api,
2024-09-10,2024-09-10,2024-09-10,2024-09-10T00:00:00.000Z,2024-09-10T23:59:59.000Z,0,92932.88355517604,4087.8493367095807,2009.136283599634,200.913625018774,609.9780831972,810.8917082159741,true,daily-api,
2024-09-11,2024-09-11,2024-09-11,2024-09-11T00:00:00.000Z,2024-09-11T23:59:59.000Z,0,431.739182288487,4053.237393542137,23.415033331624,2.341502139705,259.955759761964,262.297261901669,true,daily-api,
2024-09-12,2024-09-12,2024-09-12,2024-09-12T00:00:00.000Z,2024-09-12T23:59:59.000Z,0,21672.99501916985,4256.436838494427,90.75529438953,9.075526826506,423.011718850274,432.08724567678,true,daily-api,
2024-09-13,2024-09-13,2024-09-13,2024-09-13T00:00:00.000Z,2024-09-13T23:59:59.000Z,0,365.82169062805,4120.4238517699805,110.533498380325,11.053348602669,660.56389590204,671.617244504709,true,daily-api,
2024-09-14,2024-09-14,2024-09-14,2024-09-14T00:00:00.000Z,2024-09-14T23:59:59.000Z,0,55179.52520353328,4082.742571815306,392.029277077515,39.20292549564,1142.951814554736,1182.1547400503762,true,daily-api,
2024-09-15,2024-09-15,2024-09-15,2024-09-15T00:00:00.000Z,2024-09-15T23:59:59.000Z,0,1022.970172759552,3741.6801657893634,90.479870971008,9.047985977984,91.484857906796,100.53284388478,true,daily-api,
2024-09-16,2024-09-16,2024-09-16,2024-09-16T00:00:00.000Z,2024-09-16T23:59:59.000Z,0,18684.285944902113,3791.961209746467,320.922459797037,32.09223937584,103.96821529904,136.06045467488,true,daily-api,
2024-09-17,2024-09-17,2024-09-17,2024-09-17T00:00:00.000Z,2024-09-17T23:59:59.000Z,0,32678.69637528714,3732.7747040723184,2777.376278200903,277.73762473263304,1082.89745443198,1360.635079164613,true,daily-api,
2024-09-18,2024-09-18,2024-09-18,2024-09-18T00:00:00.000Z,2024-09-18T23:59:59.000Z,0,10264.795207518437,3820.994559401201,17.40699174122,1.74069803984,225.507279960008,227.247977999848,true,daily-api,
2024-09-19,2024-09-19,2024-09-19,2024-09-19T00:00:00.000Z,2024-09-19T23:59:59.000Z,0,9494.963603464,3935.03772895847,60.209782604434,6.020973945764,153.25686220566,159.27783615142403,true,daily-api,
2024-09-20,2024-09-20,2024-09-20,2024-09-20T00:00:00.000Z,2024-09-20T23:59:59.000Z,631.0627782984311,4046.220212607852,3788.0608951072427,70.74464428517835,7.07446428027919,266.727086197406,273.80155047768517,true,daily-api,
2024-09-21,2024-09-21,2024-09-21,2024-09-21T00:00:00.000Z,2024-09-21T23:59:59.000Z,0,3309.688538870699,3713.7225449552707,321.4126344813545,32.1412630083857,52.975226,85.1164890083857,true,daily-api,
2024-09-22,2024-09-22,2024-09-22,2024-09-22T00:00:00.000Z,2024-09-22T23:59:59.000Z,0,1901.937564,3860.3954721554665,0.855614,0.085561,288.411826363148,288.497387363148,true,daily-api,
2024-09-23,2024-09-23,2024-09-23,2024-09-23T00:00:00.000Z,2024-09-23T23:59:59.000Z,0,18788.311278217236,3774.381393261056,292.578993037271,29.257897207694,220.217059177468,249.474956385162,true,daily-api,
2024-09-24,2024-09-24,2024-09-24,2024-09-24T00:00:00.000Z,2024-09-24T23:59:59.000Z,0,24195.565635337833,3754.7911491285845,1415.367496751092,141.536745963418,629.923272855418,771.460018818836,true,daily-api,
2024-09-25,2024-09-25,2024-09-25,2024-09-25T00:00:00.000Z,2024-09-25T23:59:59.000Z,0,2438.239037199513,3006.4041802627316,121.209722451641,12.120970419955,726.112943380532,738.233913800487,true,daily-api,
2024-09-26,2024-09-26,2024-09-26,2024-09-26T00:00:00.000Z,2024-09-26T23:59:59.000Z,0,14903.641619966716,3008.9533366691207,921.415579984363,92.141554630273,1196.5914444200782,1288.7329990503513,true,daily-api,
2024-09-27,2024-09-27,2024-09-27,2024-09-27T00:00:00.000Z,2024-09-27T23:59:59.000Z,0,296021.4667065216,3032.5896002846375,8686.056535171618,868.605652971202,5927.63621892268,6796.2418718938825,true,daily-api,
2024-09-28,2024-09-28,2024-09-28,2024-09-28T00:00:00.000Z,2024-09-28T23:59:59.000Z,0,119.7533,2910.5281647522506,4.584178941376,0.45841765484,271.890380717827,272.348798372667,true,daily-api,
2024-09-29,2024-09-29,2024-09-29,2024-09-29T00:00:00.000Z,2024-09-29T23:59:59.000Z,0,97.759335597472,3124.3950870371614,22.36926691522,2.236926691522,383.3626904519809,385.5996171435029,true,daily-api,
2024-09-30,2024-09-30,2024-09-30,2024-09-30T00:00:00.000Z,2024-09-30T23:59:59.000Z,0,492.75077326215,3103.4656990180642,7.48445196122,0.74844382553,667.600887051392,668.349330876922,true,daily-api,
2024-10-01,2024-10-01,2024-10-01,2024-10-01T00:00:00.000Z,2024-10-01T23:59:59.000Z,0,41971.1225554237,2772.9063428178106,776.594602023435,77.659455412736,250.54276090110656,328.20221631384254,true,daily-api,
2024-10-02,2024-10-02,2024-10-02,2024-10-02T00:00:00.000Z,2024-10-02T23:59:59.000Z,0,19291.7459788186,2832.8672378943656,627.426825238922,62.742676475122,3299.2603594494512,3362.0030359245734,true,daily-api,
2024-10-03,2024-10-03,2024-10-03,2024-10-03T00:00:00.000Z,2024-10-03T23:59:59.000Z,0,10255.5754386619,3581.6572246509,392.4716890802151,39.24716273292461,804.390918202622,843.6380809355466,true,daily-api,
2024-10-04,2024-10-04,2024-10-04,2024-10-04T00:00:00.000Z,2024-10-04T23:59:59.000Z,0,7700.02210525603,3539.9433270997115,466.987031295047,46.698701708692,292.40754302208836,339.10624473078036,true,daily-api,
2024-10-05,2024-10-05,2024-10-05,2024-10-05T00:00:00.000Z,2024-10-05T23:59:59.000Z,0,0,3567.755827796916,0,0,101.17089468438216,101.17089468438216,true,daily-api,
2024-10-06,2024-10-06,2024-10-06,2024-10-06T00:00:00.000Z,2024-10-06T23:59:59.000Z,0,2002.47590142528,3611.1958042983547,42.829153456213,4.282914853191,219.26115171448,223.544066567671,true,daily-api,
2024-10-07,2024-10-07,2024-10-07,2024-10-07T00:00:00.000Z,2024-10-07T23:59:59.000Z,0,2068.6168927747976,3566.257364199919,18.9081527739632,1.8908152653992,509.545822063104,511.43663732850325,true,daily-api,
2024-10-08,2024-10-08,2024-10-08,2024-10-08T00:00:00.000Z,2024-10-08T23:59:59.000Z,0,893492.3951593534,4832.163425285407,6380.71516252466,638.0715148404979,11279.130539925642,11917.20205476614,true,daily-api,
2024-10-09,2024-10-09,2024-10-09,2024-10-09T00:00:00.000Z,2024-10-09T23:59:59.000Z,0,12999.666080189882,9191.89778981156,809.8055558241373,80.97975034121023,2163.446447395442,2244.4261977366523,true,daily-api,
2024-10-10,2024-10-10,2024-10-10,2024-10-10T00:00:00.000Z,2024-10-10T23:59:59.000Z,0,21317.4008992991,9009.707419138002,1756.747948903447,175.67479108595998,50.39688606930204,226.07167715526202,true,daily-api,
2024-10-11,2024-10-11,2024-10-11,2024-10-11T00:00:00.000Z,2024-10-11T23:59:59.000Z,211.07256565162675,26400.278299286932,6988.693600260379,1007.992974896515,100.799293180735,418.7363137008253,519.5356068815603,true,daily-api,
2024-10-12,2024-10-12,2024-10-12,2024-10-12T00:00:00.000Z,2024-10-12T23:59:59.000Z,0,1127.636431942456,6322.710760993742,3.44115108895441,0.34411488752947,67.51960702459264,67.86372191212212,true,daily-api,
2024-10-13,2024-10-13,2024-10-13,2024-10-13T00:00:00.000Z,2024-10-13T23:59:59.000Z,0,1216.550060456634,6412.528705618971,7.128560456634,0.712855838334,44.791724822128,45.504580660462004,true,daily-api,
2024-10-14,2024-10-14,2024-10-14,2024-10-14T00:00:00.000Z,2024-10-14T23:59:59.000Z,0,267.9912359015896,6464.104079710986,0.022652974386312,0.002265296895396,668.099869104244,668.1021344011394,true,daily-api,
2024-10-15,2024-10-15,2024-10-15,2024-10-15T00:00:00.000Z,2024-10-15T23:59:59.000Z,0,12050.544326135663,7420.267021032885,198.719558482793,19.871953592843,339.16079106447063,359.03274465731363,true,daily-api,
2024-10-16,2024-10-16,2024-10-16,2024-10-16T00:00:00.000Z,2024-10-16T23:59:59.000Z,0,20817.448258385746,6573.128712563812,1412.995771726384,141.29957388048638,160.31240215686,301.6119760373464,true,daily-api,
2024-10-17,2024-10-17,2024-10-17,2024-10-17T00:00:00.000Z,2024-10-17T23:59:59.000Z,0,63349.80685370533,6518.924984274932,4344.240467653104,434.4240440272575,71.823353665308,506.24739769256547,true,daily-api,
2024-10-18,2024-10-18,2024-10-18,2024-10-18T00:00:00.000Z,2024-10-18T23:59:59.000Z,0,6290.48083077092,6427.636768756078,345.41585744679,34.541584364452,70.742760341424,105.28434470587601,true,daily-api,
2024-10-19,2024-10-19,2024-10-19,2024-10-19T00:00:00.000Z,2024-10-19T23:59:59.000Z,0,4901.813806930848,6522.022087947729,677.152120974124,67.715211418366,78.94770884288,146.662920261246,true,daily-api,
2024-10-20,2024-10-20,2024-10-20,2024-10-20T00:00:00.000Z,2024-10-20T23:59:59.000Z,0,90.03090326041,6556.9025206607275,0.00136476277,0.0001364748,164.51977137033913,164.51990784513913,true,daily-api,
2024-10-21,2024-10-21,2024-10-21,2024-10-21T00:00:00.000Z,2024-10-21T23:59:59.000Z,0,410658.300163628,6769.004304088867,1231.366099613272,123.136609158489,4343.18950940915,4466.326118567638,true,daily-api,
2024-10-22,2024-10-22,2024-10-22,2024-10-22T00:00:00.000Z,2024-10-22T23:59:59.000Z,0,367.580161189536,7112.536393241798,119.403264983452,11.940326374552,64.472878002584,76.413204377136,true,daily-api,
2024-10-23,2024-10-23,2024-10-23,2024-10-23T00:00:00.000Z,2024-10-23T23:59:59.000Z,0,27223.657941376103,7272.015840545189,1242.245946405147,124.224592663694,759.386416759552,883.6110094232461,true,daily-api,
2024-10-24,2024-10-24,2024-10-24,2024-10-24T00:00:00.000Z,2024-10-24T23:59:59.000Z,0,577.464815,7252.441809425259,36.927877146073,3.692787179519,276.74834281464,280.441129994159,true,daily-api,
2024-10-25,2024-10-25,2024-10-25,2024-10-25T00:00:00.000Z,2024-10-25T23:59:59.000Z,192.4020043842245,6436.026500378688,7097.226906579357,715.855181553124,71.585515253995,230.349168885944,301.934684139939,true,daily-api,
2024-10-26,2024-10-26,2024-10-26,2024-10-26T00:00:00.000Z,2024-10-26T23:59:59.000Z,0,18154.75703638299,7233.493193277054,1160.629137879055,116.06290630991,204.184751739,320.24765804891,true,daily-api,
2024-10-27,2024-10-27,2024-10-27,2024-10-27T00:00:00.000Z,2024-10-27T23:59:59.000Z,0,7031.491104,7280.436073578022,53.873835,5.387383,103.55215432011764,108.93953732011764,true,daily-api,
2024-10-28,2024-10-28,2024-10-28,2024-10-28T00:00:00.000Z,2024-10-28T23:59:59.000Z,0,50277.23931694755,7490.657912843418,34.103129396712,3.409693126656,2664.41197398194,2667.8216671085956,true,daily-api,
2024-10-29,2024-10-29,2024-10-29,2024-10-29T00:00:00.000Z,2024-10-29T23:59:59.000Z,0,4055.877534823338,7715.585220869319,916.852799660538,91.68527817819898,127.654849250052,219.34012742825098,true,daily-api,
2024-10-30,2024-10-30,2024-10-30,2024-10-30T00:00:00.000Z,2024-10-30T23:59:59.000Z,0,357.37777287,8002.844122356657,3.66866004,0.3668652,77.89914146065,78.26600666065,true,daily-api,
2024-10-31,2024-10-31,2024-10-31,2024-10-31T00:00:00.000Z,2024-10-31T23:59:59.000Z,0,0,7280.20560712576,0,0,289.5226906988,289.5226906988,true,daily-api,
2024-11-01,2024-11-01,2024-11-01,2024-11-01T00:00:00.000Z,2024-11-01T23:59:59.000Z,0,8758.669565746053,7459.071962401841,730.216155815257,73.021612716438,415.2600579185,488.281670634938,true,daily-api,
2024-11-02,2024-11-02,2024-11-02,2024-11-02T00:00:00.000Z,2024-11-02T23:59:59.000Z,0,27084.515863334258,7351.068523710883,4135.01784119945,413.501780003182,304.26940585928,717.7711858624621,true,daily-api,
2024-11-03,2024-11-03,2024-11-03,2024-11-03T00:00:00.000Z,2024-11-03T23:59:59.000Z,0,4537.770262583346,7025.105326104557,115.856147365071,11.585613459472,244.771290100744,256.356903560216,true,daily-api,
2024-11-04,2024-11-04,2024-11-04,2024-11-04T00:00:00.000Z,2024-11-04T23:59:59.000Z,202.885023267612,16604.41348486355,7113.49338175621,2478.7149029688553,247.87148498532963,246.782787857168,494.6542728424976,true,daily-api,
2024-11-05,2024-11-05,2024-11-05,2024-11-05T00:00:00.000Z,2024-11-05T23:59:59.000Z,0,385.420067366416,6947.466129902563,272.201506429698,27.220149753793,192.28325274333,219.503402497123,true,daily-api,
2024-11-06,2024-11-06,2024-11-06,2024-11-06T00:00:00.000Z,2024-11-06T23:59:59.000Z,0,4434.03538168994,6994.78072389052,692.4883642437189,69.248833354223,453.441843553886,522.690676908109,true,daily-api,
2024-11-07,2024-11-07,2024-11-07,2024-11-07T00:00:00.000Z,2024-11-07T23:59:59.000Z,0,46926.090420041895,7078.289928032224,2325.327483550417,232.532746884634,1723.357861319832,1955.890608204466,true,daily-api,
2024-11-08,2024-11-08,2024-11-08,2024-11-08T00:00:00.000Z,2024-11-08T23:59:59.000Z,0,101380.19518639488,8159.619856107784,3009.817787443049,300.98176970067226,4176.173632763264,4477.155402463936,true,daily-api,
2024-11-09,2024-11-09,2024-11-09,2024-11-09T00:00:00.000Z,2024-11-09T23:59:59.000Z,0,22683.785765820172,8841.658193746955,421.8163110776916,42.1816269330662,707.62950806703,749.8111350000962,true,daily-api,
2024-11-10,2024-11-10,2024-11-10,2024-11-10T00:00:00.000Z,2024-11-10T23:59:59.000Z,12810.595194450141,305468.5912889724,9638.21974723784,14511.693196087517,1451.1692198165945,3517.4935411336446,4968.662760950239,true,daily-api,
2024-11-11,2024-11-11,2024-11-11,2024-11-11T00:00:00.000Z,2024-11-11T23:59:59.000Z,0,114810.28381393291,9008.765130266556,720.829118782551,72.082905486872,1699.098520779122,1771.181426265994,true,daily-api,
2024-11-12,2024-11-12,2024-11-12,2024-11-12T00:00:00.000Z,2024-11-12T23:59:59.000Z,0,24239.526981306768,8959.358151992317,2756.092096990213,275.609206398848,637.366970418688,912.976176817536,true,daily-api,
2024-11-13,2024-11-13,2024-11-13,2024-11-13T00:00:00.000Z,2024-11-13T23:59:59.000Z,0,30683.021680071797,8869.536762028334,1681.711713110196,168.171165409343,1096.6860104200107,1264.8571758293538,true,daily-api,
2024-11-14,2024-11-14,2024-11-14,2024-11-14T00:00:00.000Z,2024-11-14T23:59:59.000Z,0,20410.17549750253,8946.500794211088,2354.638509977129,235.463848949782,204.51072672371401,439.974575673496,true,daily-api,
2024-11-15,2024-11-15,2024-11-15,2024-11-15T00:00:00.000Z,2024-11-15T23:59:59.000Z,0,51126.88455952346,9374.664803667563,606.381270312894,60.638120765435,1212.78653388716,1273.4246546525949,true,daily-api,
2024-11-16,2024-11-16,2024-11-16,2024-11-16T00:00:00.000Z,2024-11-16T23:59:59.000Z,0,66563.51288096017,10727.665336829004,5162.024831281552,516.202469534754,2841.1990494361144,3357.4015189708684,true,daily-api,
2024-11-17,2024-11-17,2024-11-17,2024-11-17T00:00:00.000Z,2024-11-17T23:59:59.000Z,12.59353329954234,53899.155536202874,10856.475362618121,2459.495515166134,245.949547174894,889.542712203724,1135.492259378618,true,daily-api,
2024-11-18,2024-11-18,2024-11-18,2024-11-18T00:00:00.000Z,2024-11-18T23:59:59.000Z,15522.13727998434,206945.33270197353,10881.022342258682,7066.178968026956,706.617888219554,1549.813917423458,2256.431805643012,true,daily-api,
2024-11-19,2024-11-19,2024-11-19,2024-11-19T00:00:00.000Z,2024-11-19T23:59:59.000Z,0,23389.495579,10084.658501102289,45.521538288598,4.55215270987,1654.2029890064734,1658.7551417163434,true,daily-api,
2024-11-20,2024-11-20,2024-11-20,2024-11-20T00:00:00.000Z,2024-11-20T23:59:59.000Z,1654.126849308524,89087.48796699557,10786.632621293922,4702.853438496583,470.285334395214,1880.547444457679,2350.832778852893,true,daily-api,
2024-11-21,2024-11-21,2024-11-21,2024-11-21T00:00:00.000Z,2024-11-21T23:59:59.000Z,0,17862.26130530896,10383.993944713038,593.993713958515,59.399365604124,535.551371467096,594.95073707122,true,daily-api,
2024-11-22,2024-11-22,2024-11-22,2024-11-22T00:00:00.000Z,2024-11-22T23:59:59.000Z,250.8541053191828,123135.83178359081,10486.295457032065,27106.195557302613,2710.618946232424,5232.436186191028,7943.055132423453,true,daily-api,
2024-11-23,2024-11-23,2024-11-23,2024-11-23T00:00:00.000Z,2024-11-23T23:59:59.000Z,5.95698229321615,101726.78088387223,12880.186658495635,860.405462130434,86.040532532868,2812.784112493188,2898.824645026056,true,daily-api,
2024-11-24,2024-11-24,2024-11-24,2024-11-24T00:00:00.000Z,2024-11-24T23:59:59.000Z,328.4414474043879,110965.41797063852,12122.222665681606,3988.107010275631,398.810692102131,1959.815677962104,2358.626370064235,true,daily-api,
2024-11-25,2024-11-25,2024-11-25,2024-11-25T00:00:00.000Z,2024-11-25T23:59:59.000Z,0,18580.841549661793,12515.525162875649,655.394536718977,65.539450470287,798.062013737832,863.601464208119,true,daily-api,
2024-11-26,2024-11-26,2024-11-26,2024-11-26T00:00:00.000Z,2024-11-26T23:59:59.000Z,0,115626.36500180926,11095.59274275394,5015.311910588036,501.531170617589,963.51112537752,1465.042295995109,true,daily-api,
2024-11-27,2024-11-27,2024-11-27,2024-11-27T00:00:00.000Z,2024-11-27T23:59:59.000Z,0,49147.34994410491,10795.377327672444,321.948926960683,32.194889458428,1100.29145351186,1132.486342970288,true,daily-api,
2024-11-28,2024-11-28,2024-11-28,2024-11-28T00:00:00.000Z,2024-11-28T23:59:59.000Z,0,59050.804349665574,10854.955762533447,2712.325994294661,271.232593922124,788.689069660486,1059.92166358261,true,daily-api,
2024-11-29,2024-11-29,2024-11-29,2024-11-29T00:00:00.000Z,2024-11-29T23:59:59.000Z,0,62771.31262665149,10814.73237019734,8347.947546377909,834.7947479475671,2633.866485336662,3468.661233284229,true,daily-api,
2024-11-30,2024-11-30,2024-11-30,2024-11-30T00:00:00.000Z,2024-11-30T23:59:59.000Z,738.759680010571,99881.6472500079,10209.07043676319,23405.35231914834,2340.529899239988,4835.697228792166,7176.227128032155,true,daily-api,
2024-12-01,2024-12-01,2024-12-01,2024-12-01T00:00:00.000Z,2024-12-01T23:59:59.000Z,0,5103.97289498831,10563.12584540593,642.452518315772,64.245245188479,1620.785798068104,1685.031043256583,true,daily-api,
2024-12-02,2024-12-02,2024-12-02,2024-12-02T00:00:00.000Z,2024-12-02T23:59:59.000Z,0,99790.94143333181,10585.762864476466,1569.023586214811,156.902347403683,5141.66178145153,5298.564128855213,true,daily-api,
2024-12-03,2024-12-03,2024-12-03,2024-12-03T00:00:00.000Z,2024-12-03T23:59:59.000Z,0,57053.03720391241,11415.52664792706,8776.092974011179,877.609283405616,2885.13075796546,3762.7400413710757,true,daily-api,
2024-12-04,2024-12-04,2024-12-04,2024-12-04T00:00:00.000Z,2024-12-04T23:59:59.000Z,1624.364565896539,41753.187805189424,11932.809403090288,3099.067559519697,309.906750636322,5739.832666189302,6049.739416825623,true,daily-api,
2024-12-05,2024-12-05,2024-12-05,2024-12-05T00:00:00.000Z,2024-12-05T23:59:59.000Z,881.4934655446541,65653.36594159201,11913.978251123572,1792.0848581377938,179.20847795441716,5378.560634113798,5557.769112068216,true,daily-api,
2024-12-06,2024-12-06,2024-12-06,2024-12-06T00:00:00.000Z,2024-12-06T23:59:59.000Z,0,57595.036502079296,11400.254637257189,2872.452027881996,287.245192911064,2242.29501326492,2529.5402061759837,true,daily-api,
2024-12-07,2024-12-07,2024-12-07,2024-12-07T00:00:00.000Z,2024-12-07T23:59:59.000Z,0,19440.4823007,11803.9524642952,644.86555287455,64.486552751455,387.54751099,452.034063741455,true,daily-api,
2024-12-08,2024-12-08,2024-12-08,2024-12-08T00:00:00.000Z,2024-12-08T23:59:59.000Z,0,30513.05198699271,11817.730618240212,219.60702986224,21.96069947314,323.26355162,345.22425109313997,true,daily-api,
2024-12-09,2024-12-09,2024-12-09,2024-12-09T00:00:00.000Z,2024-12-09T23:59:59.000Z,11196.4862584216,226681.20358579655,11595.131661974914,10485.47757718047,1048.547729298635,1822.003075389258,2870.550804687893,true,daily-api,
2024-12-10,2024-12-10,2024-12-10,2024-12-10T00:00:00.000Z,2024-12-10T23:59:59.000Z,50.10590254406441,241367.5024132291,10948.149787836941,2303.767593179733,230.376743292789,6707.59376693242,6937.970510225209,true,daily-api,
2024-12-11,2024-12-11,2024-12-11,2024-12-11T00:00:00.000Z,2024-12-11T23:59:59.000Z,0,58734.0027483319,17503.771238010588,617.024294822423,61.702426858758,1449.922813746326,1511.625240605084,true,daily-api,
2024-12-12,2024-12-12,2024-12-12,2024-12-12T00:00:00.000Z,2024-12-12T23:59:59.000Z,0,77931.0641347519,13923.77223459504,3641.794409555226,364.179435687747,2092.096103064254,2456.275538752001,true,daily-api,
2024-12-13,2024-12-13,2024-12-13,2024-12-13T00:00:00.000Z,2024-12-13T23:59:59.000Z,1951.787067802048,68084.64673940487,13065.135897893975,6926.177714025607,692.617762519133,725.65800394724,1418.275766466373,true,daily-api,
2024-12-14,2024-12-14,2024-12-14,2024-12-14T00:00:00.000Z,2024-12-14T23:59:59.000Z,0,12938.218659467235,12399.135359354237,5063.043351963165,506.304332093682,475.57251098912,981.876843082802,true,daily-api,
2024-12-15,2024-12-15,2024-12-15,2024-12-15T00:00:00.000Z,2024-12-15T23:59:59.000Z,0,36238.95976895256,12294.887607126502,723.136102882362,72.313604082631,490.947119408212,563.260723490843,true,daily-api,
2024-12-16,2024-12-16,2024-12-16,2024-12-16T00:00:00.000Z,2024-12-16T23:59:59.000Z,0,23201.01535140126,11876.843444113638,1678.155067773659,167.815502121564,920.272089116568,1088.087591238132,true,daily-api,
2024-12-17,2024-12-17,2024-12-17,2024-12-17T00:00:00.000Z,2024-12-17T23:59:59.000Z,0,69637.90020459935,12238.9771122498,7959.829460103592,795.982938250265,324.046123119162,1120.029061369427,true,daily-api,
2024-12-18,2024-12-18,2024-12-18,2024-12-18T00:00:00.000Z,2024-12-18T23:59:59.000Z,0,79541.35486093635,12069.051258095153,3567.8510382982,356.78508975545,1070.553513604146,1427.338603359596,true,daily-api,
2024-12-19,2024-12-19,2024-12-19,2024-12-19T00:00:00.000Z,2024-12-19T23:59:59.000Z,23327.48647348895,806805.346588804,17000.937602860766,11927.309314236152,1192.730888517092,21167.26121346241,22359.992101979504,true,daily-api,
2024-12-20,2024-12-20,2024-12-20,2024-12-20T00:00:00.000Z,2024-12-20T23:59:59.000Z,20495.8295389658,342909.69857422594,18438.56475979611,27922.26088963315,2792.226064510406,3008.912366055954,5801.13843056636,true,daily-api,
2024-12-21,2024-12-21,2024-12-21,2024-12-21T00:00:00.000Z,2024-12-21T23:59:59.000Z,168.6670212879085,52249.3125534315,15021.328027331687,399.450542612944,39.944358438619,1124.870340663206,1164.814699101825,true,daily-api,
2024-12-22,2024-12-22,2024-12-22,2024-12-22T00:00:00.000Z,2024-12-22T23:59:59.000Z,0,20008.96593996332,14893.504903252591,1006.326428577727,100.632638641944,376.928851784272,477.561490426216,true,daily-api,
2024-12-23,2024-12-23,2024-12-23,2024-12-23T00:00:00.000Z,2024-12-23T23:59:59.000Z,0,88236.84037818231,14485.148296094574,4607.548479275513,460.754845924454,1027.295301481058,1488.050147405512,true,daily-api,
2024-12-24,2024-12-24,2024-12-24,2024-12-24T00:00:00.000Z,2024-12-24T23:59:59.000Z,0,14236.018034319544,16442.453705998865,2113.821785378263,211.382174353648,463.053339465082,674.43551381873,true,daily-api,
2024-12-25,2024-12-25,2024-12-25,2024-12-25T00:00:00.000Z,2024-12-25T23:59:59.000Z,0,5822.383776697704,16354.368465875237,290.155733080024,29.0155712292,209.026157407936,238.041728637136,true,daily-api,
2024-12-26,2024-12-26,2024-12-26,2024-12-26T00:00:00.000Z,2024-12-26T23:59:59.000Z,26.67990751810009,78064.48467196344,15425.187030098308,1928.76773849128,192.876765320572,669.929430474334,862.806195794906,true,daily-api,
2024-12-27,2024-12-27,2024-12-27,2024-12-27T00:00:00.000Z,2024-12-27T23:59:59.000Z,92.03920203312202,3620.630073900514,16639.178589745592,422.20063481854,42.220061792174,486.815767619188,529.035829411362,true,daily-api,
2024-12-28,2024-12-28,2024-12-28,2024-12-28T00:00:00.000Z,2024-12-28T23:59:59.000Z,0,11428.289206114998,17156.07085944201,603.276402681597,60.327636588171,80.184695490548,140.512332078719,true,daily-api,
2024-12-29,2024-12-29,2024-12-29,2024-12-29T00:00:00.000Z,2024-12-29T23:59:59.000Z,0,15239.45414726209,17407.549502618294,466.161848202504,46.616181395049,209.28941967476,255.905601069809,true,daily-api,
2024-12-30,2024-12-30,2024-12-30,2024-12-30T00:00:00.000Z,2024-12-30T23:59:59.000Z,0,14690.418197561585,17322.259692955628,986.698909547792,98.66988393906,311.92458173104,410.5944656701,true,daily-api,
2024-12-31,2024-12-31,2024-12-31,2024-12-31T00:00:00.000Z,2024-12-31T23:59:59.000Z,0,40585.968504668956,17345.472867733755,2407.654944364191,240.765488057325,515.300753887666,756.066241944991,true,daily-api,
2025-01-01,2025-01-01,2025-01-01,2025-01-01T00:00:00.000Z,2025-01-01T23:59:59.000Z,0,8742.379670589075,13214.745575499697,719.7165548828699,71.971652974015,752.57734654056,824.548999514575,true,daily-api,
2025-01-02,2025-01-02,2025-01-02,2025-01-02T00:00:00.000Z,2025-01-02T23:59:59.000Z,0,22092.548517507465,12293.297596730505,1340.498385778557,134.04983727911,1141.76063360504,1275.8104708841502,true,daily-api,
2025-01-03,2025-01-03,2025-01-03,2025-01-03T00:00:00.000Z,2025-01-03T23:59:59.000Z,0,98251.35545916315,13719.96312697131,5117.793241389248,511.779316415492,4354.020291663294,4865.799608078786,true,daily-api,
2025-01-04,2025-01-04,2025-01-04,2025-01-04T00:00:00.000Z,2025-01-04T23:59:59.000Z,0,3614.315,13059.47982271788,238.0147163,23.801470045,270.855136451088,294.656606496088,true,daily-api,
2025-01-05,2025-01-05,2025-01-05,2025-01-05T00:00:00.000Z,2025-01-05T23:59:59.000Z,0,18590.033256036506,12400.537253196866,5871.738825812128,587.173878998146,288.352852191902,875.526731190048,true,daily-api,
2025-01-06,2025-01-06,2025-01-06,2025-01-06T00:00:00.000Z,2025-01-06T23:59:59.000Z,0,22952.319950840818,12446.707283051084,281.167529356161,28.116750275263,951.523706803904,979.640457079167,true,daily-api,
2025-01-07,2025-01-07,2025-01-07,2025-01-07T00:00:00.000Z,2025-01-07T23:59:59.000Z,419.3939913469744,21346.415136379477,12328.985118333014,382.579239865856,38.257920137888,460.249679201734,498.507599339622,true,daily-api,
2025-01-08,2025-01-08,2025-01-08,2025-01-08T00:00:00.000Z,2025-01-08T23:59:59.000Z,76.15294670357359,106000.12190281763,14699.481233854058,12816.236937067908,1281.623677799585,1540.933410058544,2822.5570878581293,true,daily-api,
2025-01-09,2025-01-09,2025-01-09,2025-01-09T00:00:00.000Z,2025-01-09T23:59:59.000Z,0,33040.78462186705,15570.22764619816,685.117853687617,68.511777995596,95.513507751346,164.02528574694202,true,daily-api,
2025-01-10,2025-01-10,2025-01-10,2025-01-10T00:00:00.000Z,2025-01-10T23:59:59.000Z,0,24160.150061062162,17101.102888442147,13178.465787015823,1317.846575077309,316.045303251526,1633.891878328835,true,daily-api,
2025-01-11,2025-01-11,2025-01-11,2025-01-11T00:00:00.000Z,2025-01-11T23:59:59.000Z,104.6355205962208,26406.223968975097,15226.25627070339,2151.586647361148,215.158662428487,417.476257439156,632.634919867643,true,daily-api,
2025-01-12,2025-01-12,2025-01-12,2025-01-12T00:00:00.000Z,2025-01-12T23:59:59.000Z,0,13846.545341000001,14237.449666467699,121.09392389027,12.109390102586,104.335255549754,116.44464565234,true,daily-api,
2025-01-13,2025-01-13,2025-01-13,2025-01-13T00:00:00.000Z,2025-01-13T23:59:59.000Z,577.7481706540948,70103.81826920676,13086.451147141353,8630.231801427308,863.022564803367,710.89021394059,1573.912778743957,true,daily-api,
2025-01-14,2025-01-14,2025-01-14,2025-01-14T00:00:00.000Z,2025-01-14T23:59:59.000Z,0,542.465885441272,12522.626411911544,107.653554672218,10.765354873341998,383.902441203342,394.667796076684,true,daily-api,
2025-01-15,2025-01-15,2025-01-15,2025-01-15T00:00:00.000Z,2025-01-15T23:59:59.000Z,0,8424.085942253,11885.32159879588,115.040911015,11.504088962,690.86157607804,702.36566504004,true,daily-api,
2025-01-16,2025-01-16,2025-01-16,2025-01-16T00:00:00.000Z,2025-01-16T23:59:59.000Z,0,69712.6718575004,11814.36330713565,5720.070007976598,572.0069967448001,1383.80769899424,1955.81469573904,true,daily-api,
2025-01-17,2025-01-17,2025-01-17,2025-01-17T00:00:00.000Z,2025-01-17T23:59:59.000Z,0,17190.01875748,11776.0518827668,727.431564308,72.743152417,402.420714943772,475.163867360772,true,daily-api,
2025-01-18,2025-01-18,2025-01-18,2025-01-18T00:00:00.000Z,2025-01-18T23:59:59.000Z,0,29586.674433736902,11580.633689173274,918.462697674753,91.846264283444,227.23905024708,319.085314530524,true,daily-api,
2025-01-19,2025-01-19,2025-01-19,2025-01-19T00:00:00.000Z,2025-01-19T23:59:59.000Z,0,73817.6349714218,11849.384129696868,2533.456692217451,253.345660379924,785.74476909486,1039.090429474784,true,daily-api,
2025-01-20,2025-01-20,2025-01-20,2025-01-20T00:00:00.000Z,2025-01-20T23:59:59.000Z,3.556761763049245,61769.681212672156,12110.496904005078,602.63181665253,60.26316951918,861.758167963826,922.021337483006,true,daily-api,
2025-01-21,2025-01-21,2025-01-21,2025-01-21T00:00:00.000Z,2025-01-21T23:59:59.000Z,0,26336.48585513535,11657.682110501799,1514.064651687539,151.406460908418,926.511482846704,1077.917943755122,true,daily-api,
2025-01-22,2025-01-22,2025-01-22,2025-01-22T00:00:00.000Z,2025-01-22T23:59:59.000Z,0,6981.040096593725,11231.809936052307,211.19672230215798,21.119670634687,897.9710288389,919.090699473587,true,daily-api,
2025-01-23,2025-01-23,2025-01-23,2025-01-23T00:00:00.000Z,2025-01-23T23:59:59.000Z,0,46425.144292170706,10872.706275700311,4191.911344331515,419.191125775369,205.30717821916,624.498303994529,true,daily-api,
2025-01-24,2025-01-24,2025-01-24,2025-01-24T00:00:00.000Z,2025-01-24T23:59:59.000Z,0,18062.932617459304,10944.22138395356,432.788578554575,43.272638082609,600.419045387764,643.6916834703729,true,daily-api,
2025-01-25,2025-01-25,2025-01-25,2025-01-25T00:00:00.000Z,2025-01-25T23:59:59.000Z,0,273.40647,11293.41106600192,74.681376807195,7.468136707695,441.01249369214,448.48063039983504,true,daily-api,
2025-01-26,2025-01-26,2025-01-26,2025-01-26T00:00:00.000Z,2025-01-26T23:59:59.000Z,0,20934.146349637504,10877.375999449232,104.531258386131,10.446884872027,329.021402432404,339.468287304431,true,daily-api,
2025-01-27,2025-01-27,2025-01-27,2025-01-27T00:00:00.000Z,2025-01-27T23:59:59.000Z,376.7410727063593,110958.54375561042,11124.858991182922,3826.070704518074,382.60644902069,8014.957001219608,8397.563450240297,true,daily-api,
2025-01-28,2025-01-28,2025-01-28,2025-01-28T00:00:00.000Z,2025-01-28T23:59:59.000Z,0,7625.264439986841,10903.003508950114,588.244882207659,58.824487059683,264.393606360658,323.218093420341,true,daily-api,
2025-01-29,2025-01-29,2025-01-29,2025-01-29T00:00:00.000Z,2025-01-29T23:59:59.000Z,0,2801.533533173432,10881.92750639164,439.778934805394,43.977891459924,92.75890990082,136.736801360744,true,daily-api,
2025-01-30,2025-01-30,2025-01-30,2025-01-30T00:00:00.000Z,2025-01-30T23:59:59.000Z,0,890976.8959863367,11053.53983825502,8521.312661203561,852.131262285652,255.01015047,1107.141412755652,true,daily-api,
2025-01-31,2025-01-31,2025-01-31,2025-01-31T00:00:00.000Z,2025-01-31T23:59:59.000Z,0,11252.75510550031,10786.1876112545,1810.219178902347,181.02191388118,405.796664810992,586.818578692172,true,daily-api,
2025-02-01,2025-02-01,2025-02-01,2025-02-01T00:00:00.000Z,2025-02-01T23:59:59.000Z,0,8493.72129062925,11509.397527397326,978.941757396546,97.894173187553,3218.626023749586,3316.5201969371387,true,daily-api,
2025-02-02,2025-02-02,2025-02-02,2025-02-02T00:00:00.000Z,2025-02-02T23:59:59.000Z,13436.844229603097,471806.38651866216,11227.854498454672,19992.245945051684,1999.224561920455,1234.44265708,3233.6672190004547,true,daily-api,
2025-02-03,2025-02-03,2025-02-03,2025-02-03T00:00:00.000Z,2025-02-03T23:59:59.000Z,68272.77823978047,1035537.3268172719,11099.493107771883,55563.62048826323,5556.361969299262,2563.15686785214,8119.518837151401,true,daily-api,
2025-02-04,2025-02-04,2025-02-04,2025-02-04T00:00:00.000Z,2025-02-04T23:59:59.000Z,-4.724754744447996,113968.51311073388,11133.617835465348,7465.712488235035,746.571237002466,952.228132297256,1698.799369299722,true,daily-api,
2025-02-05,2025-02-05,2025-02-05,2025-02-05T00:00:00.000Z,2025-02-05T23:59:59.000Z,0,76867.66427377347,11192.463969174662,2750.240512841242,275.024040338942,2616.3658,2891.389840338942,true,daily-api,
2025-02-06,2025-02-06,2025-02-06,2025-02-06T00:00:00.000Z,2025-02-06T23:59:59.000Z,0,75541.36859491012,10764.252635225745,10177.674633517832,1017.76745335593,743.014719291138,1760.782172647068,true,daily-api,
2025-02-07,2025-02-07,2025-02-07,2025-02-07T00:00:00.000Z,2025-02-07T23:59:59.000Z,0,205528.26386416526,10860.7212337398,3048.323966462977,304.832385371852,1287.63587808736,1592.468263459212,true,daily-api,
2025-02-08,2025-02-08,2025-02-08,2025-02-08T00:00:00.000Z,2025-02-08T23:59:59.000Z,0,38271.54929194377,10749.833137583319,3105.225272927593,310.522522878854,549.778585346286,860.3011082251401,true,daily-api,
2025-02-09,2025-02-09,2025-02-09,2025-02-09T00:00:00.000Z,2025-02-09T23:59:59.000Z,0,18719.550229994245,10662.581991380812,848.014150165179,84.80140172344,1849.713278272424,1934.514679995864,true,daily-api,
2025-02-10,2025-02-10,2025-02-10,2025-02-10T00:00:00.000Z,2025-02-10T23:59:59.000Z,0,484791.22905484465,10678.22051321071,1590.791476054434,159.078738647289,535.50885062,694.587589267289,true,daily-api,
2025-02-11,2025-02-11,2025-02-11,2025-02-11T00:00:00.000Z,2025-02-11T23:59:59.000Z,2.994267217073411,26713.72688091236,10982.435412599196,306.071086979751,30.603434039261,1088.53287372,1119.136307759261,true,daily-api,
2025-02-12,2025-02-12,2025-02-12,2025-02-12T00:00:00.000Z,2025-02-12T23:59:59.000Z,0,0,10892.814587247143,0,0,409.20286,409.20286,true,daily-api,
2025-02-13,2025-02-13,2025-02-13,2025-02-13T00:00:00.000Z,2025-02-13T23:59:59.000Z,0,2964.316668914148,10825.162557564641,34.159746265941,3.415973010095,307.00119911,310.417172120095,true,daily-api,
2025-02-14,2025-02-14,2025-02-14,2025-02-14T00:00:00.000Z,2025-02-14T23:59:59.000Z,0,4164.98462636312,11139.753225050476,112.330832681643,11.233078768328,545.16882461947,556.401903387798,true,daily-api,
2025-02-15,2025-02-15,2025-02-15,2025-02-15T00:00:00.000Z,2025-02-15T23:59:59.000Z,0,381.478715,10844.16998135667,4.01915214172,0.401914266865,165.63127224176,166.033186508625,true,daily-api,
2025-02-16,2025-02-16,2025-02-16,2025-02-16T00:00:00.000Z,2025-02-16T23:59:59.000Z,0,6948.15460532768,10774.419889665678,522.15573268352,52.21557208448,23.235582,75.45115408448001,true,daily-api,
2025-02-17,2025-02-17,2025-02-17,2025-02-17T00:00:00.000Z,2025-02-17T23:59:59.000Z,0,6092.05639752138,11374.025449880912,183.258540808133,18.325852896096,5463.69237722,5482.018230116096,true,daily-api,
2025-02-18,2025-02-18,2025-02-18,2025-02-18T00:00:00.000Z,2025-02-18T23:59:59.000Z,123.29631558915497,114674.4400172595,14847.416380209905,1377.886089836347,137.788595404768,734.159252708208,871.947848112976,true,daily-api,
2025-02-19,2025-02-19,2025-02-19,2025-02-19T00:00:00.000Z,2025-02-19T23:59:59.000Z,0,7956.582058790584,12767.552196308901,210.807799760584,21.080779093455,417.63792,438.71869909345503,true,daily-api,
2025-02-20,2025-02-20,2025-02-20,2025-02-20T00:00:00.000Z,2025-02-20T23:59:59.000Z,0,8110.755021196266,12375.231666895294,304.024331737011,30.402431757819,188.225028,218.627459757819,true,daily-api,
2025-02-21,2025-02-21,2025-02-21,2025-02-21T00:00:00.000Z,2025-02-21T23:59:59.000Z,0,127254.15671592846,12377.427499689331,58228.96698487904,5822.896690645088,1086.4742525,6909.370943145088,true,daily-api,
2025-02-22,2025-02-22,2025-02-22,2025-02-22T00:00:00.000Z,2025-02-22T23:59:59.000Z,0,19044.776466227006,12225.968308149088,560.940733221852,56.094063766204,105.2672586,161.361322366204,true,daily-api,
2025-02-23,2025-02-23,2025-02-23,2025-02-23T00:00:00.000Z,2025-02-23T23:59:59.000Z,0,254.565590544448,12055.052102277712,167.357691840449,16.735768601019,87.6367222328,104.372490833819,true,daily-api,
2025-02-24,2025-02-24,2025-02-24,2025-02-24T00:00:00.000Z,2025-02-24T23:59:59.000Z,89.8642567933419,107439.45575854619,12407.443128895757,11588.340324717004,1158.82870610302,751.06907441392,1909.8977805169402,true,daily-api,
2025-02-25,2025-02-25,2025-02-25,2025-02-25T00:00:00.000Z,2025-02-25T23:59:59.000Z,17802.048442451032,309439.84790640016,12385.70926431674,10378.531692193312,1037.851660099877,3862.28597568,4900.137635779877,true,daily-api,
2025-02-26,2025-02-26,2025-02-26,2025-02-26T00:00:00.000Z,2025-02-26T23:59:59.000Z,2903.038741759359,92319.22173470417,13312.378480941568,1058.459189101163,105.845905959878,403.1015405,508.947446459878,true,daily-api,
2025-02-27,2025-02-27,2025-02-27,2025-02-27T00:00:00.000Z,2025-02-27T23:59:59.000Z,14214.662549344703,396253.55891304987,13745.6396903846,83362.82907274888,8336.282895963954,3180.748802215552,11517.031698179506,true,daily-api,
2025-02-28,2025-02-28,2025-02-28,2025-02-28T00:00:00.000Z,2025-02-28T23:59:59.000Z,6132.931534629023,459327.7215829767,13935.057231334395,7030.557139404339,703.055686695524,2708.47536642672,3411.531053122244,true,daily-api,
2025-03-01,2025-03-01,2025-03-01,2025-03-01T00:00:00.000Z,2025-03-01T23:59:59.000Z,0,118539.25834649788,13064.523158110474,1042.329484832527,104.232945513748,409.06521,513.298155513748,true,daily-api,
2025-03-02,2025-03-02,2025-03-02,2025-03-02T00:00:00.000Z,2025-03-02T23:59:59.000Z,32082.493807817355,527325.06846747,12895.219450291954,4362.794555952325,436.275272131378,3280.721639081916,3716.996911213294,true,daily-api,
2025-03-03,2025-03-03,2025-03-03,2025-03-03T00:00:00.000Z,2025-03-03T23:59:59.000Z,72.96082581467499,139456.69776501769,13849.906203267952,3497.18228235007,349.718209353834,649.7901372,999.508346553834,true,daily-api,
2025-03-04,2025-03-04,2025-03-04,2025-03-04T00:00:00.000Z,2025-03-04T23:59:59.000Z,766.308611870144,134807.7901335916,14244.038220079186,448.888961645179,44.888878142055,1036.085501036,1080.9743791780552,true,daily-api,
2025-03-05,2025-03-05,2025-03-05,2025-03-05T00:00:00.000Z,2025-03-05T23:59:59.000Z,0,53817.02664829643,13326.972330068833,2288.151019667352,228.815098164543,930.617135286,1159.432233450543,true,daily-api,
2025-03-06,2025-03-06,2025-03-06,2025-03-06T00:00:00.000Z,2025-03-06T23:59:59.000Z,0,79820.00744280039,13296.459548301287,3744.983398850892,374.498330331579,676.84332857096,1051.341658902539,true,daily-api,
2025-03-07,2025-03-07,2025-03-07,2025-03-07T00:00:00.000Z,2025-03-07T23:59:59.000Z,0,96304.6781799595,12792.100370374357,1372.883754669029,137.2883568685,763.692528637712,900.980885506212,true,daily-api,
2025-03-08,2025-03-08,2025-03-08,2025-03-08T00:00:00.000Z,2025-03-08T23:59:59.000Z,248.0302407771462,75488.93048289022,12418.115837804657,1928.608537946358,192.860837622412,440.05308416,632.913921782412,true,daily-api,
2025-03-09,2025-03-09,2025-03-09,2025-03-09T00:00:00.000Z,2025-03-09T23:59:59.000Z,519.440948400093,143902.0944244299,12902.812372770088,4705.183459620347,470.518316963995,839.3184789828,1309.836795946795,true,daily-api,
2025-03-10,2025-03-10,2025-03-10,2025-03-10T00:00:00.000Z,2025-03-10T23:59:59.000Z,-14849.1054687712,65838.9404723393,12266.645887266288,5319.321796617502,531.932168942621,976.031828696868,1507.9639976394892,true,daily-api,
2025-03-11,2025-03-11,2025-03-11,2025-03-11T00:00:00.000Z,2025-03-11T23:59:59.000Z,15.54859929695033,116600.94859325238,12495.571699106758,1128.183005449963,112.8182876057,2070.461573145648,2183.2798607513478,true,daily-api,
2025-03-12,2025-03-12,2025-03-12,2025-03-12T00:00:00.000Z,2025-03-12T23:59:59.000Z,0,43485.56597670517,12522.106211143087,513.058300731942,51.305825616512,182.1215902423,233.427415858812,true,daily-api,
2025-03-13,2025-03-13,2025-03-13,2025-03-13T00:00:00.000Z,2025-03-13T23:59:59.000Z,0,23546.113878121665,12518.457672720477,265.68783451900003,26.568778821727,26.15261602672,52.721394848447005,true,daily-api,
2025-03-14,2025-03-14,2025-03-14,2025-03-14T00:00:00.000Z,2025-03-14T23:59:59.000Z,0,9490.849357,12094.195053412019,579.54877345112,57.95487451781,634.556427,692.51130151781,true,daily-api,
2025-03-15,2025-03-15,2025-03-15,2025-03-15T00:00:00.000Z,2025-03-15T23:59:59.000Z,23.81545717301228,2427.659839763144,12222.246290625319,4.255849612105,0.425584388895,96.0522055584,96.47778994729501,true,daily-api,
2025-03-16,2025-03-16,2025-03-16,2025-03-16T00:00:00.000Z,2025-03-16T23:59:59.000Z,0,8036.581142609474,12314.457692358234,1644.403282417749,164.440327145948,2572.7516641508,2737.191991296748,true,daily-api,
2025-03-17,2025-03-17,2025-03-17,2025-03-17T00:00:00.000Z,2025-03-17T23:59:59.000Z,0,4756.68229795544,12678.999270047832,266.36757237644,26.63675518628,195.80285723856,222.43961242484,true,daily-api,
2025-03-18,2025-03-18,2025-03-18,2025-03-18T00:00:00.000Z,2025-03-18T23:59:59.000Z,0,19760.036588586896,12102.678155268208,606.7275208328,60.67274886328,86.00515,146.67789886328,true,daily-api,
2025-03-19,2025-03-19,2025-03-19,2025-03-19T00:00:00.000Z,2025-03-19T23:59:59.000Z,0,77769.91584972756,12115.162301669625,34.435087536617,3.443507744327,158.1417016,161.585209344327,true,daily-api,
2025-03-20,2025-03-20,2025-03-20,2025-03-20T00:00:00.000Z,2025-03-20T23:59:59.000Z,0,5792.515023,12251.628495465658,200.60541,20.06054,230.68352243142,250.74406243142,true,daily-api,
2025-03-21,2025-03-21,2025-03-21,2025-03-21T00:00:00.000Z,2025-03-21T23:59:59.000Z,0,159355.11332769712,14030.281996742346,17116.467459029183,1711.646742707883,261.9854060932,1973.632148801083,true,daily-api,
2025-03-22,2025-03-22,2025-03-22,2025-03-22T00:00:00.000Z,2025-03-22T23:59:59.000Z,0,16946.237949,12382.928170452426,70.852433715364,7.085242375816,1075.295241046,1082.380483421816,true,daily-api,
2025-03-23,2025-03-23,2025-03-23,2025-03-23T00:00:00.000Z,2025-03-23T23:59:59.000Z,0,34285.985732992,12563.254945689567,284.377641578079,28.437761117415,65.8163668558,94.25412797321499,true,daily-api,
2025-03-24,2025-03-24,2025-03-24,2025-03-24T00:00:00.000Z,2025-03-24T23:59:59.000Z,0,42519.11579610021,12483.095286177693,257.290766032914,25.72906333592,60.847345,86.57640833592,true,daily-api,
2025-03-25,2025-03-25,2025-03-25,2025-03-25T00:00:00.000Z,2025-03-25T23:59:59.000Z,0,15357.514251860255,12633.697432315334,3383.454994242612,338.345497516165,1300.375654,1638.7211515161648,true,daily-api,
2025-03-26,2025-03-26,2025-03-26,2025-03-26T00:00:00.000Z,2025-03-26T23:59:59.000Z,0,1053.082708286929,13944.597620032055,25.415871299679,2.541586440463,256.17630647024,258.717892910703,true,daily-api,
2025-03-27,2025-03-27,2025-03-27,2025-03-27T00:00:00.000Z,2025-03-27T23:59:59.000Z,0,18492.69940087513,13611.975546963551,11.627058293838,1.162705744456,229.883591233472,231.046296977928,true,daily-api,
2025-03-28,2025-03-28,2025-03-28,2025-03-28T00:00:00.000Z,2025-03-28T23:59:59.000Z,0,35380.94091849988,12722.847711938257,634.652062941426,63.4652033847,114.23313893896,177.69834232366,true,daily-api,
2025-03-29,2025-03-29,2025-03-29,2025-03-29T00:00:00.000Z,2025-03-29T23:59:59.000Z,0,200417.8976441012,13442.173351493799,21008.330352089964,2100.833027679134,4902.066902128672,7002.899929807806,true,daily-api,
2025-03-30,2025-03-30,2025-03-30,2025-03-30T00:00:00.000Z,2025-03-30T23:59:59.000Z,0,15762.514221020381,19089.06111681666,564.734839654316,56.473481484437,20,76.473481484437,true,daily-api,
2025-03-31,2025-03-31,2025-03-31,2025-03-31T00:00:00.000Z,2025-03-31T23:59:59.000Z,1044.8567453026349,59223.40445293749,17311.32131998616,3423.858991902656,342.385723452745,452.48129755632,794.867021009065,true,daily-api,
2025-04-01,2025-04-01,2025-04-01,2025-04-01T00:00:00.000Z,2025-04-01T23:59:59.000Z,0,11391.573694758548,13145.855654579413,6399.969615510791,639.996704704712,425.29165304,1065.288357744712,true,daily-api,
2025-04-02,2025-04-02,2025-04-02,2025-04-02T00:00:00.000Z,2025-04-02T23:59:59.000Z,0,78796.46474602407,11498.380190739457,13284.169426132823,1328.416936083679,299.4332395,1627.8501755836792,true,daily-api,
2025-04-03,2025-04-03,2025-04-03,2025-04-03T00:00:00.000Z,2025-04-03T23:59:59.000Z,0,66740.3865099664,10901.805765180905,10950.793735176023,1095.079364417883,1485.87102972736,2580.950394145243,true,daily-api,
2025-04-04,2025-04-04,2025-04-04,2025-04-04T00:00:00.000Z,2025-04-04T23:59:59.000Z,0,10730.904883685254,11048.918733564882,6948.760959669025,694.876092604516,390.701560269948,1085.577652874464,true,daily-api,
2025-04-05,2025-04-05,2025-04-05,2025-04-05T00:00:00.000Z,2025-04-05T23:59:59.000Z,0,22945.27656236598,11110.395536656577,773.248146639144,77.324810286107,27.72791844,105.05272872610699,true,daily-api,
2025-04-06,2025-04-06,2025-04-06,2025-04-06T00:00:00.000Z,2025-04-06T23:59:59.000Z,121.12354907473637,145379.22865003167,10659.321309408917,7646.7524215153,764.675221010007,681.02591726,1445.701138270007,true,daily-api,
2025-04-07,2025-04-07,2025-04-07,2025-04-07T00:00:00.000Z,2025-04-07T23:59:59.000Z,2579.71042578369,136073.0732078936,11670.46741806928,18206.16910121887,1820.616880118539,3257.70978207984,5078.3266621983785,true,daily-api,
2025-04-08,2025-04-08,2025-04-08,2025-04-08T00:00:00.000Z,2025-04-08T23:59:59.000Z,0,56522.33585826,11159.32793730085,3582.59376126,358.25937262,183.826080140872,542.085452760872,true,daily-api,
2025-04-09,2025-04-09,2025-04-09,2025-04-09T00:00:00.000Z,2025-04-09T23:59:59.000Z,0,347370.71831819485,11108.174547084074,46165.27852037434,4616.527843591335,1415.672982802766,6032.200826394101,true,daily-api,
2025-04-10,2025-04-10,2025-04-10,2025-04-10T00:00:00.000Z,2025-04-10T23:59:59.000Z,0,229925.5213305665,11066.087512253976,1021.666365694132,102.166630602105,389.24928,491.415910602105,true,daily-api,
2025-04-11,2025-04-11,2025-04-11,2025-04-11T00:00:00.000Z,2025-04-11T23:59:59.000Z,0,19925.029058704575,10576.357450892117,194.028179107795,19.402815464688,717.576395,736.9792104646881,true,daily-api,
2025-04-12,2025-04-12,2025-04-12,2025-04-12T00:00:00.000Z,2025-04-12T23:59:59.000Z,0,62197.63097566805,10998.77134472804,589.76387618009,58.9763852085,285.54377725,344.5201624585,true,daily-api,
2025-04-13,2025-04-13,2025-04-13,2025-04-13T00:00:00.000Z,2025-04-13T23:59:59.000Z,0,10995.784236873798,10749.86465172986,2295.172311783199,229.517229903666,84.34332095304,313.860550856706,true,daily-api,
2025-04-14,2025-04-14,2025-04-14,2025-04-14T00:00:00.000Z,2025-04-14T23:59:59.000Z,0,6561.609246,10688.723889740308,265.778860380371,26.575721857695,155.068772,181.644493857695,true,daily-api,
2025-04-15,2025-04-15,2025-04-15,2025-04-15T00:00:00.000Z,2025-04-15T23:59:59.000Z,0,26051.86704348304,10782.211047274517,2027.044788467536,202.704475721951,300.6395377,503.344013421951,true,daily-api,
2025-04-16,2025-04-16,2025-04-16,2025-04-16T00:00:00.000Z,2025-04-16T23:59:59.000Z,0,24268.97805273922,10711.002673924813,292.506682692054,29.250663887126,135.65147545248,164.902139339606,true,daily-api,
2025-04-17,2025-04-17,2025-04-17,2025-04-17T00:00:00.000Z,2025-04-17T23:59:59.000Z,0,6711.495649916664,11117.27912208938,151.72759685342,15.172757868643,224.03822383,239.210981698643,true,daily-api,
2025-04-18,2025-04-18,2025-04-18,2025-04-18T00:00:00.000Z,2025-04-18T23:59:59.000Z,0,826.41904118675,10845.933605563527,0.410014083682,0.041000852664,105.3925279256,105.433528778264,true,daily-api,
2025-04-19,2025-04-19,2025-04-19,2025-04-19T00:00:00.000Z,2025-04-19T23:59:59.000Z,0,50801.63695521618,10820.10658085076,893.2001921908219,89.320016677063,190.9438839,280.263900577063,true,daily-api,
2025-04-20,2025-04-20,2025-04-20,2025-04-20T00:00:00.000Z,2025-04-20T23:59:59.000Z,0,70041.48362,10741.082222715599,30.53545057,3.05354345,261.6034487156,264.6569921656,true,daily-api,
2025-04-21,2025-04-21,2025-04-21,2025-04-21T00:00:00.000Z,2025-04-21T23:59:59.000Z,0,18118.548975680158,10780.80755368166,116.646079562082,11.664606299088,452.01404916,463.678655459088,true,daily-api,
2025-04-22,2025-04-22,2025-04-22,2025-04-22T00:00:00.000Z,2025-04-22T23:59:59.000Z,0,274791.993464,10968.067126183412,26363.726775075073,2636.372676512786,358.80511952,2995.177796032786,true,daily-api,
2025-04-23,2025-04-23,2025-04-23,2025-04-23T00:00:00.000Z,2025-04-23T23:59:59.000Z,0,5082.727088795,10859.543330162178,1914.425402165917,191.442537817486,1496.418263673456,1687.860801490942,true,daily-api,
2025-04-24,2025-04-24,2025-04-24,2025-04-24T00:00:00.000Z,2025-04-24T23:59:59.000Z,0,11137.22078,10892.41446371449,207.97414864914,20.797414064914,733.1340574,753.931471464914,true,daily-api,
2025-04-25,2025-04-25,2025-04-25,2025-04-25T00:00:00.000Z,2025-04-25T23:59:59.000Z,220.4485355369895,27073.642724702135,10651.22153144863,39.179455855593,3.916220901269,316.88990685,320.806127751269,true,daily-api,
2025-04-26,2025-04-26,2025-04-26,2025-04-26T00:00:00.000Z,2025-04-26T23:59:59.000Z,0,12205.001147724914,10644.36088206573,742.199562350774,74.219952546929,107.16351377,181.383466316929,true,daily-api,
2025-04-27,2025-04-27,2025-04-27,2025-04-27T00:00:00.000Z,2025-04-27T23:59:59.000Z,0,11028.898964239748,10816.955762983916,38.440965660235,3.843341564098,68.82172598652001,72.665067550618,true,daily-api,
2025-04-28,2025-04-28,2025-04-28,2025-04-28T00:00:00.000Z,2025-04-28T23:59:59.000Z,205.6181931172371,6342.581869488968,10590.510385678124,88.090586802298,8.808209485277,223.44612844,232.25433792527699,true,daily-api,
2025-04-29,2025-04-29,2025-04-29,2025-04-29T00:00:00.000Z,2025-04-29T23:59:59.000Z,0,103402.96037388459,10783.865210964621,199.097946046493,19.909435457519,897.37955814156,917.2889935990789,true,daily-api,
2025-04-30,2025-04-30,2025-04-30,2025-04-30T00:00:00.000Z,2025-04-30T23:59:59.000Z,0,143.745575387719,10915.03117495452,46.351679387719,4.635167438859,7495.2673202044,7499.902487643259,true,daily-api,
2025-05-01,2025-05-01,2025-05-01,2025-05-01T00:00:00.000Z,2025-05-01T23:59:59.000Z,0,3760.296453347,10801.038544564168,1430.963284463489,143.09632659691,2660.270338,2803.3666645969097,true,daily-api,
2025-05-02,2025-05-02,2025-05-02,2025-05-02T00:00:00.000Z,2025-05-02T23:59:59.000Z,0,25866.95147201011,11342.144214302849,287.514004250475,28.751396860477,127.719994485874,156.471391346351,true,daily-api,
2025-05-03,2025-05-03,2025-05-03,2025-05-03T00:00:00.000Z,2025-05-03T23:59:59.000Z,0,6022.547557,11070.898537214705,8.93942,0.893942,97.87175,98.765692,true,daily-api,
2025-05-04,2025-05-04,2025-05-04,2025-05-04T00:00:00.000Z,2025-05-04T23:59:59.000Z,0,46716.450973919695,11295.556141727546,791.401028685144,79.140100823267,104.64445571032,183.78455653358702,true,daily-api,
2025-05-05,2025-05-05,2025-05-05,2025-05-05T00:00:00.000Z,2025-05-05T23:59:59.000Z,0,23444.70094660885,11210.680798611349,410.716027883516,41.071600481432,221.392116582624,262.463717064056,true,daily-api,
2025-05-06,2025-05-06,2025-05-06,2025-05-06T00:00:00.000Z,2025-05-06T23:59:59.000Z,4.712495247435506,11268.951610563543,11124.61664895912,4726.788004214247,472.678235762292,142.285129757982,614.963365520274,true,daily-api,
2025-05-07,2025-05-07,2025-05-07,2025-05-07T00:00:00.000Z,2025-05-07T23:59:59.000Z,0,7127.848437222742,11245.757970268636,164.949704003739,16.494970193629,1569.16898140376,1585.6639515973889,true,daily-api,
2025-05-08,2025-05-08,2025-05-08,2025-05-08T00:00:00.000Z,2025-05-08T23:59:59.000Z,0,7055.158399994316,11234.12982154406,100.924958458387,10.092492863302,754.2555935,764.3480863633021,true,daily-api,
2025-05-09,2025-05-09,2025-05-09,2025-05-09T00:00:00.000Z,2025-05-09T23:59:59.000Z,83.3586701872066,38944.32151721849,10435.274615490562,2349.641060573621,234.96143208257,1299.91553289944,1534.8769649820101,true,daily-api,
2025-05-10,2025-05-10,2025-05-10,2025-05-10T00:00:00.000Z,2025-05-10T23:59:59.000Z,1750.3352757631058,18552.2084387584,12048.81759776377,385.31870035794,38.531866200881,635.271685815328,673.8035520162091,true,daily-api,
2025-05-11,2025-05-11,2025-05-11,2025-05-11T00:00:00.000Z,2025-05-11T23:59:59.000Z,0,12145.552776908,10022.269953056919,2199.642740938009,219.964270489785,141.06274,361.02701048978497,true,daily-api,
2025-05-12,2025-05-12,2025-05-12,2025-05-12T00:00:00.000Z,2025-05-12T23:59:59.000Z,0,26735.957220599077,12160.662077919684,1266.231371411994,126.619977419319,359.570308058816,486.190285478135,true,daily-api,
2025-05-13,2025-05-13,2025-05-13,2025-05-13T00:00:00.000Z,2025-05-13T23:59:59.000Z,4074.789810839124,53599.51429676327,12377.331881066055,1289.953542375268,128.995350842088,295.79934514728,424.794695989368,true,daily-api,
2025-05-14,2025-05-14,2025-05-14,2025-05-14T00:00:00.000Z,2025-05-14T23:59:59.000Z,2445.001664329748,35264.00943120505,10079.575064678986,223.427271645809,22.342726116468,565.63805853,587.980784646468,true,daily-api,
2025-05-15,2025-05-15,2025-05-15,2025-05-15T00:00:00.000Z,2025-05-15T23:59:59.000Z,13.56726031443966,84496.45049267,11926.04440748449,7312.724318725801,731.272425389959,568.520751667184,1299.793177057143,true,daily-api,
2025-05-16,2025-05-16,2025-05-16,2025-05-16T00:00:00.000Z,2025-05-16T23:59:59.000Z,0,12344.319141745975,10686.994640120296,300.59220102886,30.057861771995,58.5486946188,88.60655639079499,true,daily-api,
2025-05-17,2025-05-17,2025-05-17,2025-05-17T00:00:00.000Z,2025-05-17T23:59:59.000Z,3.331438047648849,28705.48207007822,11177.644057800391,1176.329775775026,117.632971755465,1003.9045526,1121.537524355465,true,daily-api,
2025-05-18,2025-05-18,2025-05-18,2025-05-18T00:00:00.000Z,2025-05-18T23:59:59.000Z,0,13552.120698823752,11962.254623551386,47.057903478019,4.705788229951,110.126252359544,114.832040589495,true,daily-api,
2025-05-19,2025-05-19,2025-05-19,2025-05-19T00:00:00.000Z,2025-05-19T23:59:59.000Z,0,17683.66319184379,9902.31727541853,323.848633219058,32.384859526292,537.05863643712,569.4434959634119,true,daily-api,
2025-05-20,2025-05-20,2025-05-20,2025-05-20T00:00:00.000Z,2025-05-20T23:59:59.000Z,0,6268.489075294108,11937.982655702352,302.594346249814,30.259430756258,586.29926800792,616.558698764178,true,daily-api,
2025-05-21,2025-05-21,2025-05-21,2025-05-21T00:00:00.000Z,2025-05-21T23:59:59.000Z,0,17764.383136520955,11893.689937069563,140.024032396228,14.00240101646,911.304769917606,925.307170934066,true,daily-api,
2025-05-22,2025-05-22,2025-05-22,2025-05-22T00:00:00.000Z,2025-05-22T23:59:59.000Z,0,13344.408097570657,10475.889999906802,1296.4963044710723,129.6496270869185,429.723800676468,559.3734277633865,true,daily-api,
2025-05-23,2025-05-23,2025-05-23,2025-05-23T00:00:00.000Z,2025-05-23T23:59:59.000Z,0,21406.08514363214,12306.475244066687,1028.028112536084,102.802808050077,329.663848913934,432.466656964011,true,daily-api,
2025-05-24,2025-05-24,2025-05-24,2025-05-24T00:00:00.000Z,2025-05-24T23:59:59.000Z,0,1980.375985,11118.176952793801,32.629169608948,3.262916431172,119.058480002814,122.321396433986,true,daily-api,
2025-05-25,2025-05-25,2025-05-25,2025-05-25T00:00:00.000Z,2025-05-25T23:59:59.000Z,0,3897.8042202,11421.166622635821,188.308143347041,18.830277100154,50.415137624753996,69.24541472490799,true,daily-api,
2025-05-26,2025-05-26,2025-05-26,2025-05-26T00:00:00.000Z,2025-05-26T23:59:59.000Z,0,5798.422852362194,12443.287923420516,203.05538071325643,20.30553660027977,24.983032929274085,45.288569529553854,true,daily-api,
2025-05-27,2025-05-27,2025-05-27,2025-05-27T00:00:00.000Z,2025-05-27T23:59:59.000Z,0,0,10406.150044640304,0,0,191.77160203580675,191.77160203580675,true,daily-api,
2025-05-28,2025-05-28,2025-05-28,2025-05-28T00:00:00.000Z,2025-05-28T23:59:59.000Z,0,9858.521627607239,12768.916464107511,301.64340901712416,30.164336811646905,369.247336,399.4116728116469,true,daily-api,
2025-05-29,2025-05-29,2025-05-29,2025-05-29T00:00:00.000Z,2025-05-29T23:59:59.000Z,0,38249.1283488648,12106.396622674298,1569.471370958969,156.94713478377608,193.97695435427866,350.92408913805474,true,daily-api,
2025-05-30,2025-05-30,2025-05-30,2025-05-30T00:00:00.000Z,2025-05-30T23:59:59.000Z,10.00613376905373,41168.563886358505,10356.588932495568,2483.7659547711987,248.37616447789537,232.7122030958021,481.0883675736975,true,daily-api,
2025-05-31,2025-05-31,2025-05-31,2025-05-31T00:00:00.000Z,2025-05-31T23:59:59.000Z,184.6933309641093,49910.771044377885,12285.732583233228,1391.332688880658,139.1332587886584,1300.8409332483625,1439.9741920370209,true,daily-api,
2025-06-01,2025-06-01,2025-06-01,2025-06-01T00:00:00.000Z,2025-06-01T23:59:59.000Z,0,11297.082151815033,10962.05679178358,424.89780038264274,42.48977744316536,71.48552727822651,113.97530472139186,true,daily-api,
2025-06-02,2025-06-02,2025-06-02,2025-06-02T00:00:00.000Z,2025-06-02T23:59:59.000Z,0,5782.059124244116,11888.6573897027,301.126554777382,30.112652978572,2757.0011181491063,2787.1137711276783,true,daily-api,
2025-06-03,2025-06-03,2025-06-03,2025-06-03T00:00:00.000Z,2025-06-03T23:59:59.000Z,0,240.5670170999208,12753.419159399838,3.024598434583796,0.3024590393959613,52.82248142264499,53.12494046204095,true,daily-api,
2025-06-04,2025-06-04,2025-06-04,2025-06-04T00:00:00.000Z,2025-06-04T23:59:59.000Z,0,85512.5834656349,10487.282400087104,48309.29276823432,4830.929274733073,73.21691431925325,4904.146189052326,true,daily-api,
2025-06-05,2025-06-05,2025-06-05,2025-06-05T00:00:00.000Z,2025-06-05T23:59:59.000Z,14.68638842279776,22748.838079951776,12701.374615516383,1008.1464273404179,100.8146337778503,362.07517074072797,462.8898045185783,true,daily-api,
2025-06-06,2025-06-06,2025-06-06,2025-06-06T00:00:00.000Z,2025-06-06T23:59:59.000Z,0,10339.203965321112,11910.948684811467,1461.2507783064693,146.12507514075574,1318.456827400448,1464.5819025412038,true,daily-api,
2025-06-07,2025-06-07,2025-06-07,2025-06-07T00:00:00.000Z,2025-06-07T23:59:59.000Z,145.3617955996685,2821.323200950038,11153.334456483431,93.189694936283,9.31896912916,52.58994509296759,61.90891422212759,true,daily-api,
2025-06-08,2025-06-08,2025-06-08,2025-06-08T00:00:00.000Z,2025-06-08T23:59:59.000Z,208.1349182211847,4012.2432728176577,12521.04242604827,406.099683521637,40.60895502631908,121.27394242306191,161.882897449381,true,daily-api,
2025-06-09,2025-06-09,2025-06-09,2025-06-09T00:00:00.000Z,2025-06-09T23:59:59.000Z,0,4311.911020655521,10928.086527029487,192.20253383758416,19.220253243076016,273.09627226769516,292.31652551077116,true,daily-api,
2025-06-10,2025-06-10,2025-06-10,2025-06-10T00:00:00.000Z,2025-06-10T23:59:59.000Z,0,11102.248310071966,11938.619763799055,45.54684389064495,4.554683757683603,161.57838349728044,166.13306725496403,true,daily-api,
2025-06-11,2025-06-11,2025-06-11,2025-06-11T00:00:00.000Z,2025-06-11T23:59:59.000Z,0,17717.602204597115,12532.455510939428,150.65594911152968,15.065592551845747,421.5289910995681,436.5945836514138,true,daily-api,
2025-06-12,2025-06-12,2025-06-12,2025-06-12T00:00:00.000Z,2025-06-12T23:59:59.000Z,0,22831.740280678354,11109.908114844575,794.530237977761,79.4530200936608,314.72840454074554,394.1814246344063,true,daily-api,
2025-06-13,2025-06-13,2025-06-13,2025-06-13T00:00:00.000Z,2025-06-13T23:59:59.000Z,117.650691514054,53529.958937497104,13197.926327767223,3661.434217701522,366.14341238611854,274.1698322679217,640.3132446540403,true,daily-api,
2025-06-14,2025-06-14,2025-06-14,2025-06-14T00:00:00.000Z,2025-06-14T23:59:59.000Z,0,17405.297225364437,12829.071682095344,3050.1562120979884,305.0156175685843,611.2407775927871,916.2563951613714,true,daily-api,
2025-06-15,2025-06-15,2025-06-15,2025-06-15T00:00:00.000Z,2025-06-15T23:59:59.000Z,0,21728.508067924162,12191.168838838073,776.3679955492255,77.63679868205564,455.76716568455583,533.4039643666115,true,daily-api,
2025-06-16,2025-06-16,2025-06-16,2025-06-16T00:00:00.000Z,2025-06-16T23:59:59.000Z,20536.37228718709,148721.02904860658,12083.01622649112,11129.856367665954,1112.9856343153274,10253.976696071839,11366.962330387167,true,daily-api,
2025-06-17,2025-06-17,2025-06-17,2025-06-17T00:00:00.000Z,2025-06-17T23:59:59.000Z,282.7962176270884,54664.14665692875,10929.735385199518,18222.45726699122,1822.2457124683604,284.5484134796052,2106.7941259479658,true,daily-api,
2025-06-18,2025-06-18,2025-06-18,2025-06-18T00:00:00.000Z,2025-06-18T23:59:59.000Z,560.6028571514087,56309.77966602796,10110.66418402421,12184.588701136725,1218.4581301547212,305.825604833007,1524.2837349877282,true,daily-api,
2025-06-19,2025-06-19,2025-06-19,2025-06-19T00:00:00.000Z,2025-06-19T23:59:59.000Z,0,13638.634793127323,11293.811705232754,1284.3288181924324,128.43287997983512,73.33851088901706,201.77139086885217,true,daily-api,
2025-06-20,2025-06-20,2025-06-20,2025-06-20T00:00:00.000Z,2025-06-20T23:59:59.000Z,7292.980383911137,104575.68289243587,9311.690482747663,14298.524220856321,1429.8516833184244,119.3513642654362,1549.2030475838606,true,daily-api,
2025-06-21,2025-06-21,2025-06-21,2025-06-21T00:00:00.000Z,2025-06-21T23:59:59.000Z,289.4918569168508,91600.34057045191,11055.47864337552,47918.48394680754,4791.8483868280955,54.974946087688586,4846.823332915784,true,daily-api,
2025-06-22,2025-06-22,2025-06-22,2025-06-22T00:00:00.000Z,2025-06-22T23:59:59.000Z,19791.472082668897,368433.4483099986,10710.349033319393,85648.0393204265,8564.80390014834,308.1044959807062,8872.908396129045,true,daily-api,
2025-06-23,2025-06-23,2025-06-23,2025-06-23T00:00:00.000Z,2025-06-23T23:59:59.000Z,0,4293.506733082139,9031.122848894602,85.14434351073841,8.514432907536998,427.96569973317526,436.48013264071227,true,daily-api,
2025-06-24,2025-06-24,2025-06-24,2025-06-24T00:00:00.000Z,2025-06-24T23:59:59.000Z,0,12244.221171,10655.703615999646,52.44999049477,5.244997258104,462.99008530361596,468.23508256171993,true,daily-api,
2025-06-25,2025-06-25,2025-06-25,2025-06-25T00:00:00.000Z,2025-06-25T23:59:59.000Z,0,8641.443434002855,9906.637594266469,383.332939667262,38.333292716742,90.89728308221436,129.23057579895635,true,daily-api,
2025-06-26,2025-06-26,2025-06-26,2025-06-26T00:00:00.000Z,2025-06-26T23:59:59.000Z,0,16972.431718620126,9343.586338774492,224.18733800989233,22.41873199545824,83.86004387981168,106.27877587526993,true,daily-api,
2025-06-27,2025-06-27,2025-06-27,2025-06-27T00:00:00.000Z,2025-06-27T23:59:59.000Z,0,44510.107919,10309.518890677156,824.695935371789,82.469590969058,562.7354188776114,645.2050098466694,true,daily-api,
2025-06-28,2025-06-28,2025-06-28,2025-06-28T00:00:00.000Z,2025-06-28T23:59:59.000Z,0,3400.81374182,9146.021636956768,54.11966307,5.4119663,187.23061964851775,192.64258594851773,true,daily-api,
2025-06-29,2025-06-29,2025-06-29,2025-06-29T00:00:00.000Z,2025-06-29T23:59:59.000Z,0,30246.53279875949,9742.818777518678,1143.6687131006518,114.36686851677482,105.90543780776275,220.27230632453757,true,daily-api,
2025-06-30,2025-06-30,2025-06-30,2025-06-30T00:00:00.000Z,2025-06-30T23:59:59.000Z,30.33232205617949,21797.290000164605,10241.195921856111,245.28179507027406,24.52817643958212,225.1621642794753,249.69034071905742,true,daily-api,
2025-07-01,2025-07-01,2025-07-01,2025-07-01T00:00:00.000Z,2025-07-01T23:59:59.000Z,15.82213022611944,4904.209309538693,8569.882499104337,128.36136413049408,12.836132345609652,2819.2710171085346,2832.1071494541443,true,daily-api,
2025-07-02,2025-07-02,2025-07-02,2025-07-02T00:00:00.000Z,2025-07-02T23:59:59.000Z,0,39323.44579700567,11753.60804352637,1682.7671467510881,168.27671057065868,109.79280700412454,278.0695175747832,true,daily-api,
2025-07-03,2025-07-03,2025-07-03,2025-07-03T00:00:00.000Z,2025-07-03T23:59:59.000Z,0,39400.79833014234,11358.832702761762,648.0565153509926,64.80564871743296,147.57164751954735,212.37729623698033,true,daily-api,
2025-07-04,2025-07-04,2025-07-04,2025-07-04T00:00:00.000Z,2025-07-04T23:59:59.000Z,0,3573.6068259402527,10457.620864938235,72.56585619694201,7.255018425555311,66.20974318612964,73.46476161168495,true,daily-api,
2025-07-05,2025-07-05,2025-07-05,2025-07-05T00:00:00.000Z,2025-07-05T23:59:59.000Z,0,3195.718973618064,11810.193594194076,100.62236622300415,10.061857406964167,50.98436533155223,61.0462227385164,true,daily-api,
2025-07-06,2025-07-06,2025-07-06,2025-07-06T00:00:00.000Z,2025-07-06T23:59:59.000Z,0,7334.180615252327,10339.71745654508,1748.7473990300361,174.874739211886,162.02429947049745,336.89903868238343,true,daily-api,
2025-07-07,2025-07-07,2025-07-07,2025-07-07T00:00:00.000Z,2025-07-07T23:59:59.000Z,0,3271.786628,11232.446087549302,169.484162085055,16.948415565304,435.6776974316778,452.6261129969818,true,daily-api,
2025-07-08,2025-07-08,2025-07-08,2025-07-08T00:00:00.000Z,2025-07-08T23:59:59.000Z,8.294312855053086,25432.177646066015,11895.35461307937,85.81739176392911,8.581738311883308,321.961344,330.5430823118833,true,daily-api,
2025-07-09,2025-07-09,2025-07-09,2025-07-09T00:00:00.000Z,2025-07-09T23:59:59.000Z,0,16491.538169679465,9965.480593704591,232.03742683184342,23.203740013696226,115.71495340616954,138.91869341986578,true,daily-api,
2025-07-10,2025-07-10,2025-07-10,2025-07-10T00:00:00.000Z,2025-07-10T23:59:59.000Z,11.20978111532581,65479.82415317172,11674.087682184396,636.3327228727545,63.63304443685316,268.1710633964071,331.8041078332602,true,daily-api,
2025-07-11,2025-07-11,2025-07-11,2025-07-11T00:00:00.000Z,2025-07-11T23:59:59.000Z,0,73656.047064178,11453.040567712593,3157.0984074502016,315.7094795524069,976.0460276508181,1291.755507203225,true,daily-api,
2025-07-12,2025-07-12,2025-07-12,2025-07-12T00:00:00.000Z,2025-07-12T23:59:59.000Z,0,1635.266269504676,9988.432951489396,123.72520624739005,12.37251911930906,304.1503366330839,316.52285575239296,true,daily-api,
2025-07-13,2025-07-13,2025-07-13,2025-07-13T00:00:00.000Z,2025-07-13T23:59:59.000Z,0,33334.40994668779,11586.873375673485,270.6556155110478,27.062659758827643,436.42699698984666,463.4896567486743,true,daily-api,
2025-07-14,2025-07-14,2025-07-14,2025-07-14T00:00:00.000Z,2025-07-14T23:59:59.000Z,0,23054.014434570156,10240.549368959428,405.3332361238049,40.53331868914263,770.9134569918422,811.4467756809848,true,daily-api,
2025-07-15,2025-07-15,2025-07-15,2025-07-15T00:00:00.000Z,2025-07-15T23:59:59.000Z,0,14604.63201527959,11137.447008913936,72.30523065085598,7.230171345399488,152.64213304737774,159.87230439277724,true,daily-api,
2025-07-16,2025-07-16,2025-07-16,2025-07-16T00:00:00.000Z,2025-07-16T23:59:59.000Z,0,3807.5821693111075,11822.90932117469,346.6062550077491,34.66062239157256,459.0860518780351,493.74667426960764,true,daily-api,
2025-07-17,2025-07-17,2025-07-17,2025-07-17T00:00:00.000Z,2025-07-17T23:59:59.000Z,0,23040.691667295785,10000.76715810191,184.40844952030614,18.439108213097494,473.7751075430799,492.2142157561774,true,daily-api,
2025-07-18,2025-07-18,2025-07-18,2025-07-18T00:00:00.000Z,2025-07-18T23:59:59.000Z,0,35091.53620848639,12011.017321606778,5604.375801374011,560.437575325005,578.7455547102219,1139.183130035227,true,daily-api,
2025-07-19,2025-07-19,2025-07-19,2025-07-19T00:00:00.000Z,2025-07-19T23:59:59.000Z,0,7628.078493420611,11462.379626447551,438.4818958700489,43.84818774273923,157.88017623194435,201.7283639746836,true,daily-api,
2025-07-20,2025-07-20,2025-07-20,2025-07-20T00:00:00.000Z,2025-07-20T23:59:59.000Z,0,9222.94228283581,10382.652713699625,953.3376192603539,95.32992796816106,217.34198573846663,312.6719137066277,true,daily-api,
2025-07-21,2025-07-21,2025-07-21,2025-07-21T00:00:00.000Z,2025-07-21T23:59:59.000Z,0,17231.092225207947,12000.318581220914,3295.629306189331,329.56054905718156,492.3630189441588,821.9235680013403,true,daily-api,
2025-07-22,2025-07-22,2025-07-22,2025-07-22T00:00:00.000Z,2025-07-22T23:59:59.000Z,0,7141.763651538653,10601.092200198604,255.19366605759254,25.519362115740847,498.6779631131385,524.1973252288793,true,daily-api,
2025-07-23,2025-07-23,2025-07-23,2025-07-23T00:00:00.000Z,2025-07-23T23:59:59.000Z,0,34072.30585461718,11254.188356952202,912.4956934827894,91.24956700759007,206.14334171760913,297.3929087251992,true,daily-api,
2025-07-24,2025-07-24,2025-07-24,2025-07-24T00:00:00.000Z,2025-07-24T23:59:59.000Z,0,9807.09300286628,12008.508572711486,87.03400658473493,8.702326208626445,300.1806952263393,308.88302143496577,true,daily-api,
2025-07-25,2025-07-25,2025-07-25,2025-07-25T00:00:00.000Z,2025-07-25T23:59:59.000Z,0,15797.139689,10725.551305191813,407.52052818,40.75205141,791.3503423526471,832.1023937626471,true,daily-api,
2025-07-26,2025-07-26,2025-07-26,2025-07-26T00:00:00.000Z,2025-07-26T23:59:59.000Z,0,149.7760289324288,11591.356967355792,0.02922886840658219,0,253.4158447001944,253.4158447001944,true,daily-api,
2025-07-27,2025-07-27,2025-07-27,2025-07-27T00:00:00.000Z,2025-07-27T23:59:59.000Z,0,2204.1353659387287,11678.01308029659,521.9445937863865,52.19445856550503,84.8583528310833,137.0528113965883,true,daily-api,
2025-07-28,2025-07-28,2025-07-28,2025-07-28T00:00:00.000Z,2025-07-28T23:59:59.000Z,0,1361.861335544279,10457.600006217237,168.66634797530668,16.86663259569582,1840.8353026363598,1857.7019352320556,true,daily-api,
2025-07-29,2025-07-29,2025-07-29,2025-07-29T00:00:00.000Z,2025-07-29T23:59:59.000Z,338.5256038552568,6265.3406220236275,12286.84851206892,61.20493176077881,6.120492546799712,660.7635096728901,666.8840022196898,true,daily-api,
2025-07-30,2025-07-30,2025-07-30,2025-07-30T00:00:00.000Z,2025-07-30T23:59:59.000Z,822.7352664087585,25588.622816503088,10816.478057921166,1101.2943822014358,110.1294320668624,427.1184634613414,537.2478955282038,true,daily-api,
2025-07-31,2025-07-31,2025-07-31,2025-07-31T00:00:00.000Z,2025-07-31T23:59:59.000Z,0,47157.99625098789,11897.442752981495,727.470350097738,72.74402814989149,1493.7909921531464,1566.5350203030378,true,daily-api,
2025-08-01,2025-08-01,2025-08-01,2025-08-01T00:00:00.000Z,2025-08-01T23:59:59.000Z,1068.267754963294,35536.922639871926,11515.338666740545,1232.276829007827,123.22767352413612,459.40331246370835,582.6309859878445,true,daily-api,
2025-08-02,2025-08-02,2025-08-02,2025-08-02T00:00:00.000Z,2025-08-02T23:59:59.000Z,27.92210736348494,20334.27312270017,10124.40650414152,560.9995728507785,56.097358327662924,141.11834115158945,197.21569947925238,true,daily-api,
2025-08-03,2025-08-03,2025-08-03,2025-08-03T00:00:00.000Z,2025-08-03T23:59:59.000Z,0,2445.5934872619882,10816.183846823638,73.79491079008471,7.37851525803439,152.1891763773885,159.56769163542288,true,daily-api,
2025-08-04,2025-08-04,2025-08-04,2025-08-04T00:00:00.000Z,2025-08-04T23:59:59.000Z,0,30385.116545609126,11140.09627959031,2703.3028926707793,270.3299220941436,3102.2472939561803,3372.577216050324,true,daily-api,
2025-08-05,2025-08-05,2025-08-05,2025-08-05T00:00:00.000Z,2025-08-05T23:59:59.000Z,0,11935.149714874295,10062.93442764715,426.66981713782366,42.666976892570496,232.5913642604266,275.2583411529971,true,daily-api,
2025-08-06,2025-08-06,2025-08-06,2025-08-06T00:00:00.000Z,2025-08-06T23:59:59.000Z,0,12315.201224013008,11667.446558642143,149.1271463170144,14.912713316265199,26.772333322945425,41.685046639210626,true,daily-api,
2025-08-07,2025-08-07,2025-08-07,2025-08-07T00:00:00.000Z,2025-08-07T23:59:59.000Z,0,37827.279530679865,11124.864957154346,1987.5985495674188,198.75938636983926,2622.2046735257677,2820.964059895607,true,daily-api,
2025-08-08,2025-08-08,2025-08-08,2025-08-08T00:00:00.000Z,2025-08-08T23:59:59.000Z,0,6746.606424483433,10383.94224094621,54.03523077209363,5.395449553404851,241.0835340674251,246.47898362082995,true,daily-api,
2025-08-09,2025-08-09,2025-08-09,2025-08-09T00:00:00.000Z,2025-08-09T23:59:59.000Z,24.06718690249483,2944.847816201978,11707.558610703874,83.02239149508965,8.302237673329156,281.8739319563207,290.17616962964985,true,daily-api,
2025-08-10,2025-08-10,2025-08-10,2025-08-10T00:00:00.000Z,2025-08-10T23:59:59.000Z,0,31,10327.11237863016,2.013983,0.201398,181.04560284398787,181.24700084398788,true,daily-api,
2025-08-11,2025-08-11,2025-08-11,2025-08-11T00:00:00.000Z,2025-08-11T23:59:59.000Z,0,4062.2887799197815,11106.102462167268,996.6963122927431,99.66962738614413,397.6846753299464,497.3543027160905,true,daily-api,
2025-08-12,2025-08-12,2025-08-12,2025-08-12T00:00:00.000Z,2025-08-12T23:59:59.000Z,0,4417.667443119225,11648.377550412686,22.278461223467176,2.2278422011073533,622.2604585017415,624.4883007028488,true,daily-api,
2025-08-13,2025-08-13,2025-08-13,2025-08-13T00:00:00.000Z,2025-08-13T23:59:59.000Z,0,230203.49915807703,10002.393181598658,30717.703308686207,3071.7635892946882,2160.8749592119743,5232.638548506662,true,daily-api,
2025-08-14,2025-08-14,2025-08-14,2025-08-14T00:00:00.000Z,2025-08-14T23:59:59.000Z,199.0462073710755,358827.76955482096,11425.960899150497,14725.907578050219,1472.579667339429,909.0310832820938,2381.610750621523,true,daily-api,
2025-08-15,2025-08-15,2025-08-15,2025-08-15T00:00:00.000Z,2025-08-15T23:59:59.000Z,0,89372.95602537223,10846.652915056487,5922.623061225248,592.2607477653355,248.8990637165221,841.1598114818576,true,daily-api,
2025-08-16,2025-08-16,2025-08-16,2025-08-16T00:00:00.000Z,2025-08-16T23:59:59.000Z,0,29500.812491503926,10022.577537779183,347.09873988046047,34.70986980400848,175.53171181696754,210.24158162097604,true,daily-api,
2025-08-17,2025-08-17,2025-08-17,2025-08-17T00:00:00.000Z,2025-08-17T23:59:59.000Z,345.6638059184843,35058.77122305275,11446.245698119506,137.62919361732247,13.762916719283155,1264.1403618188365,1277.9032785381196,true,daily-api,
2025-08-18,2025-08-18,2025-08-18,2025-08-18T00:00:00.000Z,2025-08-18T23:59:59.000Z,0,16115.273955593282,10229.519964392173,71.67112634414178,7.167110907665058,812.2647425800794,819.4318534877444,true,daily-api,
2025-08-19,2025-08-19,2025-08-19,2025-08-19T00:00:00.000Z,2025-08-19T23:59:59.000Z,38.10943447134754,295547.0775196302,10991.476354145538,4186.808280204023,418.6808238338529,756.9720854897307,1175.6529093235836,true,daily-api,
2025-08-20,2025-08-20,2025-08-20,2025-08-20T00:00:00.000Z,2025-08-20T23:59:59.000Z,0,24378.976799510565,11441.938555643885,196.76422844740537,19.676420465956593,617.436077802803,637.1124982687595,true,daily-api,
2025-08-21,2025-08-21,2025-08-21,2025-08-21T00:00:00.000Z,2025-08-21T23:59:59.000Z,0,29471.864648238574,9527.169457449012,28.189822343019845,2.8180870488025898,118.28292705309326,121.10101410189586,true,daily-api,
2025-08-22,2025-08-22,2025-08-22,2025-08-22T00:00:00.000Z,2025-08-22T23:59:59.000Z,0,11081.969871062436,11470.725095918695,870.4567635546407,87.04567211428693,443.81532838741845,530.8610005017053,true,daily-api,
2025-08-23,2025-08-23,2025-08-23,2025-08-23T00:00:00.000Z,2025-08-23T23:59:59.000Z,0,7714.194162830987,11301.008564604257,2271.9774079683502,227.19773938681013,197.02358968803279,424.2213290748429,true,daily-api,
2025-08-24,2025-08-24,2025-08-24,2025-08-24T00:00:00.000Z,2025-08-24T23:59:59.000Z,16.43645914497814,2207.3735964448947,10134.236361842906,2.577208570131507,0.2577200971917738,259.0713252059968,259.3290453031886,true,daily-api,
2025-08-25,2025-08-25,2025-08-25,2025-08-25T00:00:00.000Z,2025-08-25T23:59:59.000Z,95.90745782401999,51778.85156163955,11737.915735098526,1063.0003250038783,106.30002621113707,242.38928699350973,348.6893132046468,true,daily-api,
2025-08-26,2025-08-26,2025-08-26,2025-08-26T00:00:00.000Z,2025-08-26T23:59:59.000Z,0,19167.177064000232,11220.469025628,2725.822430639691,272.58224026779516,438.4457244247724,711.0279646925676,true,daily-api,
2025-08-27,2025-08-27,2025-08-27,2025-08-27T00:00:00.000Z,2025-08-27T23:59:59.000Z,0,6838.136769689877,10437.693787948012,2833.908671007702,283.39086568630785,214.27920779572352,497.6700734820314,true,daily-api,
2025-08-28,2025-08-28,2025-08-28,2025-08-28T00:00:00.000Z,2025-08-28T23:59:59.000Z,0,4509.191515154754,11469.405300949684,782.8732404720753,78.28732275337235,462.9710172574312,541.2583400108035,true,daily-api,
2025-08-29,2025-08-29,2025-08-29,2025-08-29T00:00:00.000Z,2025-08-29T23:59:59.000Z,0,23020.638490275745,10835.069617136473,1434.8403606184415,143.4840311522356,811.9864167866898,955.4704479389254,true,daily-api,
2025-08-30,2025-08-30,2025-08-30,2025-08-30T00:00:00.000Z,2025-08-30T23:59:59.000Z,344.2252822935394,14063.249059033384,11247.203618155096,714.3462758324862,71.43462502570391,722.0343899033231,793.469014929027,true,daily-api,
2025-08-31,2025-08-31,2025-08-31,2025-08-31T00:00:00.000Z,2025-08-31T23:59:59.000Z,0,201.073999,11658.959020741993,1.67712,0.167711,3083.043697826317,3083.211408826317,true,daily-api,
2025-09-01,2025-09-01,2025-09-01,2025-09-01T00:00:00.000Z,2025-09-01T23:59:59.000Z,18174.68404228125,187139.6438363942,10876.633739350556,1885.2260552663226,188.52172160537776,6172.802871968321,6361.324593573699,true,daily-api,
2025-09-02,2025-09-02,2025-09-02,2025-09-02T00:00:00.000Z,2025-09-02T23:59:59.000Z,0,2130.324981573852,12406.657790772491,64.19741328601796,6.419722527692987,534.4436174685836,540.8633399962766,true,daily-api,
2025-09-03,2025-09-03,2025-09-03,2025-09-03T00:00:00.000Z,2025-09-03T23:59:59.000Z,0,957.2194249274522,11071.075498346036,14.645228679791307,1.4645225649010705,121.53018535828387,122.99470792318495,true,daily-api,
2025-09-04,2025-09-04,2025-09-04,2025-09-04T00:00:00.000Z,2025-09-04T23:59:59.000Z,1127.2156345581448,17692.667543609565,12465.39168143281,219.10935137598463,21.91093295089159,224.85775516640328,246.76868811729486,true,daily-api,
2025-09-05,2025-09-05,2025-09-05,2025-09-05T00:00:00.000Z,2025-09-05T23:59:59.000Z,0,8205.718559475972,12461.816524348755,454.72714444620317,45.472713496253164,325.05287832980974,370.5255918260629,true,daily-api,
2025-09-06,2025-09-06,2025-09-06,2025-09-06T00:00:00.000Z,2025-09-06T23:59:59.000Z,313.9960341932394,26969.40939183744,10413.105108971786,71.72335462534599,7.16931635151663,328.63531046310453,335.80462681462114,true,daily-api,
2025-09-07,2025-09-07,2025-09-07,2025-09-07T00:00:00.000Z,2025-09-07T23:59:59.000Z,5159.723000312031,36494.81203556707,12481.745886927794,1761.2119343876564,176.12119032156042,97.52151980970467,273.64271013126506,true,daily-api,
2025-09-08,2025-09-08,2025-09-08,2025-09-08T00:00:00.000Z,2025-09-08T23:59:59.000Z,0,830.701181,12323.723735653783,5.158124,0.515812,272.43925692168676,272.95506892168675,true,daily-api,
2025-09-09,2025-09-09,2025-09-09,2025-09-09T00:00:00.000Z,2025-09-09T23:59:59.000Z,0,1069.142322530676,10602.771763488145,2.083757641464442,0.2083751983720555,176.5934301277881,176.80180532616018,true,daily-api,
2025-09-10,2025-09-10,2025-09-10,2025-09-10T00:00:00.000Z,2025-09-10T23:59:59.000Z,4.331981611138488,38.98783465,12423.755141673766,17.57944926,1.75794492,92.50950329173097,94.26744821173097,true,daily-api,
2025-09-11,2025-09-11,2025-09-11,2025-09-11T00:00:00.000Z,2025-09-11T23:59:59.000Z,0,1202.3707509650671,10971.052907362582,9.840532467392272,0.9840526307014213,208.40421485132558,209.388267482027,true,daily-api,
2025-09-12,2025-09-12,2025-09-12,2025-09-12T00:00:00.000Z,2025-09-12T23:59:59.000Z,0,391980.027210999,11483.364407636827,346819.3304476485,34681.93304277123,201.4070533857894,34883.340096157015,true,daily-api,
2025-09-13,2025-09-13,2025-09-13,2025-09-13T00:00:00.000Z,2025-09-13T23:59:59.000Z,0,3848.5027429665993,11921.013314593547,486.75471429275245,48.67546940609001,526.1398751676793,574.8153445737693,true,daily-api,
2025-09-14,2025-09-14,2025-09-14,2025-09-14T00:00:00.000Z,2025-09-14T23:59:59.000Z,0,36941.66425980693,9824.667907098496,792.4273985370626,79.2427384532691,76.6457320721126,155.8884705253817,true,daily-api,
2025-09-15,2025-09-15,2025-09-15,2025-09-15T00:00:00.000Z,2025-09-15T23:59:59.000Z,3.660252030653105,9491.117563707534,11920.812704993266,179.92342487,17.99233948,1834.7781626198569,1852.770502099857,true,daily-api,
2025-09-16,2025-09-16,2025-09-16,2025-09-16T00:00:00.000Z,2025-09-16T23:59:59.000Z,0,2997.4973703,12159.41754788145,7.3725256,0.73725216,690.762207378961,691.499459538961,true,daily-api,
2025-09-17,2025-09-17,2025-09-17,2025-09-17T00:00:00.000Z,2025-09-17T23:59:59.000Z,0,1131.6331486882216,10167.027594123703,569.6884570955872,56.96884353488596,142.320156082985,199.28899961787096,true,daily-api,
2025-09-18,2025-09-18,2025-09-18,2025-09-18T00:00:00.000Z,2025-09-18T23:59:59.000Z,0,8468.100472309423,12103.146967242928,213.949069327094,21.392706042165024,126.37540449282722,147.76811053499225,true,daily-api,
2025-09-19,2025-09-19,2025-09-19,2025-09-19T00:00:00.000Z,2025-09-19T23:59:59.000Z,0,329.9052052515276,11607.069332939609,1.4488319133904781,0.14476715472016713,48.60550968479549,48.75027683951566,true,daily-api,
2025-09-20,2025-09-20,2025-09-20,2025-09-20T00:00:00.000Z,2025-09-20T23:59:59.000Z,0,14661.604494554384,10514.578544594631,5095.1789616563,509.517893838911,98.75261492352766,608.2705087624387,true,daily-api,
2025-09-21,2025-09-21,2025-09-21,2025-09-21T00:00:00.000Z,2025-09-21T23:59:59.000Z,0,659.2469851036506,12158.06710069367,659.2469851036506,65.92469851036506,873.3473699472498,939.2720684576149,true,daily-api,
2025-09-22,2025-09-22,2025-09-22,2025-09-22T00:00:00.000Z,2025-09-22T23:59:59.000Z,1468.8185144282108,32384.28735321473,10179.152323329248,2192.5132806205984,219.25051827989034,3290.525401745556,3509.7759200254463,true,daily-api,
2025-09-23,2025-09-23,2025-09-23,2025-09-23T00:00:00.000Z,2025-09-23T23:59:59.000Z,0,10158.071163237255,12672.496699613024,1274.782089490938,127.47820693565023,280.4679915944684,407.94619853011864,true,daily-api,
2025-09-24,2025-09-24,2025-09-24,2025-09-24T00:00:00.000Z,2025-09-24T23:59:59.000Z,0,6340.020794432909,12725.377197988106,61.59094680682973,6.159093199845898,124.20100060923184,130.36009380907774,true,daily-api,
2025-09-25,2025-09-25,2025-09-25,2025-09-25T00:00:00.000Z,2025-09-25T23:59:59.000Z,5.565216549088973,69899.6343972726,10687.919690984703,5558.469752567036,555.846961669014,3203.59504690085,3759.442008569864,true,daily-api,
2025-09-26,2025-09-26,2025-09-26,2025-09-26T00:00:00.000Z,2025-09-26T23:59:59.000Z,0,5366.943181713459,13078.72787155062,117.76194058499246,11.776192445837326,351.8156277449781,363.59182019081544,true,daily-api,
2025-09-27,2025-09-27,2025-09-27,2025-09-27T00:00:00.000Z,2025-09-27T23:59:59.000Z,0,14360.411407,12777.85955664626,314.21236143,31.42123534,31.352811814472922,62.774047154472925,true,daily-api,
2025-09-28,2025-09-28,2025-09-28,2025-09-28T00:00:00.000Z,2025-09-28T23:59:59.000Z,0,12305.789901787179,11253.908815716442,950.2966840434166,95.02966700563202,304.11728238854346,399.14694939417546,true,daily-api,
2025-09-29,2025-09-29,2025-09-29,2025-09-29T00:00:00.000Z,2025-09-29T23:59:59.000Z,0,4551.823490423904,13100.681845827527,2104.2605558722776,210.42605488722774,182.53738858326824,392.963443470496,true,daily-api,
2025-09-30,2025-09-30,2025-09-30,2025-09-30T00:00:00.000Z,2025-09-30T23:59:59.000Z,0,13903.456228658015,11873.176570352274,673.7164411635331,67.3716427977494,82.04635287623954,149.41799567398894,true,daily-api,
2025-10-01,2025-10-01,2025-10-01,2025-10-01T00:00:00.000Z,2025-10-01T23:59:59.000Z,0,700.5454083829438,12337.398438646087,41.70214194762379,4.1702128801021745,744.0797221364543,748.2499350165565,true,daily-api,
2025-10-02,2025-10-02,2025-10-02,2025-10-02T00:00:00.000Z,2025-10-02T23:59:59.000Z,0,2278.997620247841,13455.618384618932,576.6506357729652,57.66302723577332,1668.454297673642,1726.1173249094154,true,daily-api,
2025-10-03,2025-10-03,2025-10-03,2025-10-03T00:00:00.000Z,2025-10-03T23:59:59.000Z,0,3426.526980702455,12308.984891391137,55.418293252744334,5.541828037685596,640.212793131236,645.7546211689216,true,daily-api,
2025-10-04,2025-10-04,2025-10-04,2025-10-04T00:00:00.000Z,2025-10-04T23:59:59.000Z,0,10299.46853683621,11200.529922048014,210.68579206577382,21.068576778019132,863.0225522283922,884.0911290064114,true,daily-api,
2025-10-05,2025-10-05,2025-10-05,2025-10-05T00:00:00.000Z,2025-10-05T23:59:59.000Z,0,2408.722160598606,13415.686848734736,159.8637137711945,15.986367301647274,142.89255096184442,158.8789182634917,true,daily-api,
2025-10-06,2025-10-06,2025-10-06,2025-10-06T00:00:00.000Z,2025-10-06T23:59:59.000Z,0,254.6631820415158,13394.218356506528,0.07156669302407813,0.007156665232698493,122.22799973397474,122.23515639920744,true,daily-api,
2025-10-07,2025-10-07,2025-10-07,2025-10-07T00:00:00.000Z,2025-10-07T23:59:59.000Z,0,2486.242242659327,11115.707695084908,1071.5394125932967,107.15394080973053,220.57963696917145,327.733577778902,true,daily-api,
2025-10-08,2025-10-08,2025-10-08,2025-10-08T00:00:00.000Z,2025-10-08T23:59:59.000Z,0,10036.822836828082,13353.902505168662,1443.1031520281588,144.3103124583394,94.39885138655951,238.7091638448989,true,daily-api,
2025-10-09,2025-10-09,2025-10-09,2025-10-09T00:00:00.000Z,2025-10-09T23:59:59.000Z,0,7217.095933179005,13296.389363411283,681.5082102644741,68.15081719627614,416.2475654311188,484.39838262739494,true,daily-api,
2025-10-10,2025-10-10,2025-10-10,2025-10-10T00:00:00.000Z,2025-10-10T23:59:59.000Z,4340.452340642523,117049.0642855939,11278.7269223868,14972.207272686797,1497.2207062354366,7969.999443476497,9467.220149711933,true,daily-api,
2025-10-11,2025-10-11,2025-10-11,2025-10-11T00:00:00.000Z,2025-10-11T23:59:59.000Z,23581.458939998727,366607.6554481643,13191.503617898665,23978.249749499817,2397.8249497118145,1680.7670209296055,4078.5919706414197,true,daily-api,
2025-10-12,2025-10-12,2025-10-12,2025-10-12T00:00:00.000Z,2025-10-12T23:59:59.000Z,0,22929.276964708413,15262.677989422637,2214.26304213105,221.42629354109414,842.5193537025623,1063.9456472436564,true,daily-api,
2025-10-13,2025-10-13,2025-10-13,2025-10-13T00:00:00.000Z,2025-10-13T23:59:59.000Z,0,28798.257689374994,15044.47881384514,10236.83237084218,1023.6832183732521,301.0335281079692,1324.7167464812212,true,daily-api,
2025-10-14,2025-10-14,2025-10-14,2025-10-14T00:00:00.000Z,2025-10-14T23:59:59.000Z,0,38924.58662691,12856.347064800797,8742.48750238,874.24874793,144.09945944383534,1018.3482073738354,true,daily-api,
2025-10-15,2025-10-15,2025-10-15,2025-10-15T00:00:00.000Z,2025-10-15T23:59:59.000Z,0,17369.142140063996,15038.509835596196,2666.479395911142,266.64793634944397,297.92355464053105,564.571490989975,true,daily-api,
2025-10-16,2025-10-16,2025-10-16,2025-10-16T00:00:00.000Z,2025-10-16T23:59:59.000Z,0,178162.83126761825,14771.240236415162,94660.39867207981,9466.039856547091,1413.537402927023,10879.577259474114,true,daily-api,
2025-10-17,2025-10-17,2025-10-17,2025-10-17T00:00:00.000Z,2025-10-17T23:59:59.000Z,261.988418159775,109321.88229381193,12607.859070021663,39573.00357109228,3957.300058508234,955.1366346680289,4912.436693176263,true,daily-api,
2025-10-18,2025-10-18,2025-10-18,2025-10-18T00:00:00.000Z,2025-10-18T23:59:59.000Z,136.10573369256736,19999.807617336126,14978.266306267791,67.05252833598011,6.70525130238446,151.32686588175787,158.03211718414232,true,daily-api,
2025-10-19,2025-10-19,2025-10-19,2025-10-19T00:00:00.000Z,2025-10-19T23:59:59.000Z,0,42729.897681623275,12978.279666703009,10209.214553880996,1020.9214531730996,260.66813326839343,1281.589586441493,true,daily-api,
2025-10-20,2025-10-20,2025-10-20,2025-10-20T00:00:00.000Z,2025-10-20T23:59:59.000Z,0,1035977.1994881565,14825.326578459762,139473.19384078553,13947.319383014357,10642.31436277081,24589.63374578517,true,daily-api,
2025-10-21,2025-10-21,2025-10-21,2025-10-21T00:00:00.000Z,2025-10-21T23:59:59.000Z,295.39218357042154,20993.86771056667,15148.488626629345,2984.3183221159943,298.43182837216045,139.05197933396053,437.48380770612096,true,daily-api,
2025-10-22,2025-10-22,2025-10-22,2025-10-22T00:00:00.000Z,2025-10-22T23:59:59.000Z,383.1882533421706,52971.641948048156,12849.114077089824,1466.044291903517,146.60442072737507,138.83792656810047,285.44234729547554,true,daily-api,
2025-10-23,2025-10-23,2025-10-23,2025-10-23T00:00:00.000Z,2025-10-23T23:59:59.000Z,0,20406.76088812077,15409.028782515166,3019.4303299293915,301.943031774782,1319.9873720628045,1621.9304038375865,true,daily-api,
2025-10-24,2025-10-24,2025-10-24,2025-10-24T00:00:00.000Z,2025-10-24T23:59:59.000Z,0,15056.070445710573,15548.52309063207,430.70349766471026,43.070348591696984,126.98123317504711,170.0515817667441,true,daily-api,
2025-10-25,2025-10-25,2025-10-25,2025-10-25T00:00:00.000Z,2025-10-25T23:59:59.000Z,0,0,13052.688997822208,0,0,106.67567580225517,106.67567580225517,true,daily-api,
2025-10-26,2025-10-26,2025-10-26,2025-10-26T00:00:00.000Z,2025-10-26T23:59:59.000Z,0,3377.7356946507357,15439.966132342957,15.872925066735707,1.587291759639438,298.7137623683397,300.3010541279791,true,daily-api,
2025-10-27,2025-10-27,2025-10-27,2025-10-27T00:00:00.000Z,2025-10-27T23:59:59.000Z,28.89300031977166,260.03700294,15206.919826837393,0.03700294,0.00370029,200.83685106517925,200.84055135517926,true,daily-api,
2025-10-28,2025-10-28,2025-10-28,2025-10-28T00:00:00.000Z,2025-10-28T23:59:59.000Z,182.1158423483701,1639.042581168309,12916.984442718553,49.70806388038188,4.970806388038188,415.80381846624965,420.7746248542878,true,daily-api,
2025-10-29,2025-10-29,2025-10-29,2025-10-29T00:00:00.000Z,2025-10-29T23:59:59.000Z,0,6154.067844557683,15729.533668134482,1042.3534175690927,104.23533997571413,107.98070335022537,212.2160433259395,true,daily-api,
2025-10-30,2025-10-30,2025-10-30,2025-10-30T00:00:00.000Z,2025-10-30T23:59:59.000Z,181.49054566232707,180852.41061204625,15358.457109804853,48974.76869656727,4897.47685234022,201.90146380659903,5099.378316146819,true,daily-api,
2025-10-31,2025-10-31,2025-10-31,2025-10-31T00:00:00.000Z,2025-10-31T23:59:59.000Z,0,57565.28506871335,14034.048599744325,1768.6705152401146,176.86704898005812,101.26956160680106,278.1366105868592,true,daily-api,
2025-11-01,2025-11-01,2025-11-01,2025-11-01T00:00:00.000Z,2025-11-01T23:59:59.000Z,0,6599.186479609406,17414.524611960984,85.27121147011076,8.527119349550208,71.48705117167809,80.0141705212283,true,daily-api,
2025-11-02,2025-11-02,2025-11-02,2025-11-02T00:00:00.000Z,2025-11-02T23:59:59.000Z,0,3565.398084870586,16019.336261933287,1.498770057010944,0.1498769718215578,187.98628654962508,188.13616352144663,true,daily-api,
2025-11-03,2025-11-03,2025-11-03,2025-11-03T00:00:00.000Z,2025-11-03T23:59:59.000Z,5164.013489069931,609670.5812926935,14042.446984526394,96310.66141152388,9631.066100524651,110.94032410127511,9742.006424625926,true,daily-api,
2025-11-04,2025-11-04,2025-11-04,2025-11-04T00:00:00.000Z,2025-11-04T23:59:59.000Z,30932.22863471439,999044.6985071441,15072.97928329447,71076.52693362939,7107.652135921796,1244.571478385533,8352.22361430733,true,daily-api,
2025-11-05,2025-11-05,2025-11-05,2025-11-05T00:00:00.000Z,2025-11-05T23:59:59.000Z,0,167222.06816803958,12106.426666919833,115647.44627218557,11564.744617880713,486.1697715041243,12050.914389384838,true,daily-api,
2025-11-06,2025-11-06,2025-11-06,2025-11-06T00:00:00.000Z,2025-11-06T23:59:59.000Z,0,1502059.2007898677,11934.182396607124,71417.07649116813,7141.707646613168,200.9912215301193,7342.698868143288,true,daily-api,
2025-11-07,2025-11-07,2025-11-07,2025-11-07T00:00:00.000Z,2025-11-07T23:59:59.000Z,0,18338.75337102595,11222.305060050872,1042.6822605909679,104.26822294073281,190.38911663823444,294.65733957896725,true,daily-api,
2025-11-08,2025-11-08,2025-11-08,2025-11-08T00:00:00.000Z,2025-11-08T23:59:59.000Z,0,5335.599540036898,9607.847445021773,107.62605436473054,10.761784397286734,939.802130751002,950.5639151482887,true,daily-api,
2025-11-09,2025-11-09,2025-11-09,2025-11-09T00:00:00.000Z,2025-11-09T23:59:59.000Z,0,4277.922054650787,11436.31330591381,52.22376780520957,5.222376513789936,94.25479146385015,99.4771679776401,true,daily-api,
2025-11-10,2025-11-10,2025-11-10,2025-11-10T00:00:00.000Z,2025-11-10T23:59:59.000Z,88.32833024616184,608438.4905658817,11327.193364998262,22369.066220661698,2236.9057709201197,143.82950222586115,2380.735273145981,true,daily-api,
2025-11-11,2025-11-11,2025-11-11,2025-11-11T00:00:00.000Z,2025-11-11T23:59:59.000Z,334.0035537456838,13847.809164848964,9283.485291791092,1223.1917034111384,122.31916850521291,516.1139792100015,638.4331477152144,true,daily-api,
2025-11-12,2025-11-12,2025-11-12,2025-11-12T00:00:00.000Z,2025-11-12T23:59:59.000Z,0,8609.675754148897,11145.75890461239,420.03653118295074,42.00365027622331,186.48710717860286,228.49075745482617,true,daily-api,
2025-11-13,2025-11-13,2025-11-13,2025-11-13T00:00:00.000Z,2025-11-13T23:59:59.000Z,0,38957.098505057744,9361.172634322487,1032.8134234883314,103.28133253722136,271.4822679647251,374.7636005019465,true,daily-api,
2025-11-14,2025-11-14,2025-11-14,2025-11-14T00:00:00.000Z,2025-11-14T23:59:59.000Z,1350.2377908780936,45489.12578606357,11435.636007035695,5350.255576737695,535.0255461332406,386.01388545330803,921.0394315865486,true,daily-api,
2025-11-15,2025-11-15,2025-11-15,2025-11-15T00:00:00.000Z,2025-11-15T23:59:59.000Z,0,15361.656635340769,11468.273997568622,3934.2498812063695,393.4249858176729,205.1044130413181,598.529398858991,true,daily-api,
2025-11-16,2025-11-16,2025-11-16,2025-11-16T00:00:00.000Z,2025-11-16T23:59:59.000Z,4089.2606826993133,286641.894862905,9749.844488211344,8930.537016347344,893.0531858374784,2030.741185301461,2923.7943711389394,true,daily-api,
2025-11-17,2025-11-17,2025-11-17,2025-11-17T00:00:00.000Z,2025-11-17T23:59:59.000Z,1679.7645710946945,455795.60519436904,12060.950080249238,116615.17406381106,11661.516475797567,82.86586457552603,11744.382340373093,true,daily-api,
2025-11-18,2025-11-18,2025-11-18,2025-11-18T00:00:00.000Z,2025-11-18T23:59:59.000Z,1252.2430543225441,61968.65236557636,11781.329711527997,2582.0158356964007,258.2015691696627,379.9731796641127,638.1747488337754,true,daily-api,
2025-11-19,2025-11-19,2025-11-19,2025-11-19T00:00:00.000Z,2025-11-19T23:59:59.000Z,5559.446582001497,398075.98586124607,9802.32234998389,138905.5751942661,13890.557498377519,72.57210836488554,13963.129606742405,true,daily-api,
2025-11-20,2025-11-20,2025-11-20,2025-11-20T00:00:00.000Z,2025-11-20T23:59:59.000Z,1404.8130297074879,131503.05190830884,11209.553180711773,15516.370645990757,1551.6370432295864,353.25106307453046,1904.888106304117,true,daily-api,
2025-11-21,2025-11-21,2025-11-21,2025-11-21T00:00:00.000Z,2025-11-21T23:59:59.000Z,36574.434541072646,855617.2553052467,9372.618227582212,143442.05750270095,14344.2052841606,462.94029043418067,14807.14557459478,true,daily-api,
2025-11-22,2025-11-22,2025-11-22,2025-11-22T00:00:00.000Z,2025-11-22T23:59:59.000Z,2224.611577861893,589841.457351251,10403.061549889408,61711.716356615514,6171.171627186979,384.07755099657265,6555.2491781835515,true,daily-api,
2025-11-23,2025-11-23,2025-11-23,2025-11-23T00:00:00.000Z,2025-11-23T23:59:59.000Z,0,492938.2746616264,8412.14441280378,443.9904255473609,44.39904085473609,330.1887231235448,374.58776397828086,true,daily-api,
2025-11-24,2025-11-24,2025-11-24,2025-11-24T00:00:00.000Z,2025-11-24T23:59:59.000Z,0,8170.559975961421,7488.131153213272,1061.441200912873,106.14411612131401,200.0671695914063,306.2112857127203,true,daily-api,
2025-11-25,2025-11-25,2025-11-25,2025-11-25T00:00:00.000Z,2025-11-25T23:59:59.000Z,82.75596119487727,6374.453654094628,8628.862396566183,141.14867123112134,14.114847431747446,323.35235454951055,337.467201981258,true,daily-api,
2025-11-26,2025-11-26,2025-11-26,2025-11-26T00:00:00.000Z,2025-11-26T23:59:59.000Z,0,4364.796798544412,7273.13804420656,110.64376804423611,11.063300492379593,47.75324782101526,58.81654831339485,true,daily-api,
2025-11-27,2025-11-27,2025-11-27,2025-11-27T00:00:00.000Z,2025-11-27T23:59:59.000Z,0,1266.836954572729,8699.333079473545,144.41347928627732,14.441346772048638,187.25016279864494,201.69150957069357,true,daily-api,
2025-11-28,2025-11-28,2025-11-28,2025-11-28T00:00:00.000Z,2025-11-28T23:59:59.000Z,13.79138386469508,7938.028284338351,8666.369786787292,1162.7132197611202,116.27058774823469,1154.82117094594,1271.0917586941746,true,daily-api,
2025-11-29,2025-11-29,2025-11-29,2025-11-29T00:00:00.000Z,2025-11-29T23:59:59.000Z,0,17269.63488902952,7333.650912849839,1686.907569160715,168.6901534942293,31.683082396810086,200.37323589103937,true,daily-api,
2025-11-30,2025-11-30,2025-11-30,2025-11-30T00:00:00.000Z,2025-11-30T23:59:59.000Z,0,0,8893.303936537206,0,0,111.34769911427071,111.34769911427071,true,daily-api,
2025-12-01,2025-12-01,2025-12-01,2025-12-01T00:00:00.000Z,2025-12-01T23:59:59.000Z,17263.186738851164,297938.3999667588,8792.837816649655,99015.49979796709,9901.547928361524,194.44057612214462,10095.988504483668,true,daily-api,
2025-12-02,2025-12-02,2025-12-02,2025-12-02T00:00:00.000Z,2025-12-02T23:59:59.000Z,0,21403.866469620352,7289.095773927874,5293.266694148022,529.3266652846858,337.2387672858388,866.5654325705245,true,daily-api,
2025-12-03,2025-12-03,2025-12-03,2025-12-03T00:00:00.000Z,2025-12-03T23:59:59.000Z,31.02493719375821,16857.777572799267,8639.123645710044,1752.0393331846703,175.2039279033183,178.27511863791514,353.4790465412334,true,daily-api,
2025-12-04,2025-12-04,2025-12-04,2025-12-04T00:00:00.000Z,2025-12-04T23:59:59.000Z,185.06472704616078,7276.749544711546,7755.67201227546,431.652603796492,43.16525700651776,232.06344832062473,275.2287053271425,true,daily-api,
2025-12-05,2025-12-05,2025-12-05,2025-12-05T00:00:00.000Z,2025-12-05T23:59:59.000Z,0,24020.977498824577,8144.0668416009485,456.02619057977705,45.60259012663435,48.69313831176656,94.29572843840091,true,daily-api,
2025-12-06,2025-12-06,2025-12-06,2025-12-06T00:00:00.000Z,2025-12-06T23:59:59.000Z,0,7409.607529402772,8579.378543802637,177.87276223885496,17.787096902292713,623.2712071274271,641.0583040297198,true,daily-api,
2025-12-07,2025-12-07,2025-12-07,2025-12-07T00:00:00.000Z,2025-12-07T23:59:59.000Z,0,3755.529555136075,7117.747970275019,30.99186944636735,3.098619595204704,194.4329096990829,197.5315292942876,true,daily-api,
2025-12-08,2025-12-08,2025-12-08,2025-12-08T00:00:00.000Z,2025-12-08T23:59:59.000Z,0,3553.76228868,8671.086178141704,258.473723605,25.84737205,64.2640064437579,90.11137849375791,true,daily-api,
2025-12-09,2025-12-09,2025-12-09,2025-12-09T00:00:00.000Z,2025-12-09T23:59:59.000Z,80.42860529709046,8898.100779528097,8760.788162773539,743.8560542633309,74.38560198019321,118.2076600700936,192.5932620502868,true,daily-api,
2025-12-10,2025-12-10,2025-12-10,2025-12-10T00:00:00.000Z,2025-12-10T23:59:59.000Z,1554.1813546065907,70191.52021544329,7399.119205236865,860.0293606674679,86.0021358707248,82.36612210033242,168.36825797105723,true,daily-api,
2025-12-11,2025-12-11,2025-12-11,2025-12-11T00:00:00.000Z,2025-12-11T23:59:59.000Z,1961.8484163321968,62676.41397964462,8980.607428463974,596.6984333201603,59.66971650395948,2517.7821910379716,2577.451907541931,true,daily-api,
2025-12-12,2025-12-12,2025-12-12,2025-12-12T00:00:00.000Z,2025-12-12T23:59:59.000Z,0.00008243948845038963,8167.756742300586,7902.018939281884,902.1571156165074,90.2157073641021,978.3540841786579,1068.56979154276,true,daily-api,
2025-12-13,2025-12-13,2025-12-13,2025-12-13T00:00:00.000Z,2025-12-13T23:59:59.000Z,0,6231.742461464426,8230.382746757283,47.9113280412556,4.7911202413734,316.28909996,321.0802202013734,true,daily-api,
2025-12-14,2025-12-14,2025-12-14,2025-12-14T00:00:00.000Z,2025-12-14T23:59:59.000Z,281.5926136283861,71114.10774841462,8842.551724680046,842.490591816632,84.249050676414,522.2063226393028,606.4553733157168,true,daily-api,
2025-12-15,2025-12-15,2025-12-15,2025-12-15T00:00:00.000Z,2025-12-15T23:59:59.000Z,6149.715457829231,73112.44044820308,7432.917329541106,1460.49727365128,146.04971247452,350.571397859252,496.621110333772,true,daily-api,
2025-12-16,2025-12-16,2025-12-16,2025-12-16T00:00:00.000Z,2025-12-16T23:59:59.000Z,2388.202230536771,41988.21650647967,8965.465064864355,380.583291294026,38.058323443531,828.0721265,866.130449943531,true,daily-api,
2025-12-17,2025-12-17,2025-12-17,2025-12-17T00:00:00.000Z,2025-12-17T23:59:59.000Z,1689.5056560711216,140508.18750752593,8958.222295127427,115011.28582588275,11501.12821397045,395.8044435,11896.93265747045,true,daily-api,
2025-12-18,2025-12-18,2025-12-18,2025-12-18T00:00:00.000Z,2025-12-18T23:59:59.000Z,2363.094068212886,149232.28436228633,7452.49358901451,105782.47567339802,16106.4035477285,110.419235155443,16216.822782883943,true,daily-api,
2025-12-19,2025-12-19,2025-12-19,2025-12-19T00:00:00.000Z,2025-12-19T23:59:59.000Z,1115.946798328527,37137.335641491496,8768.342604029705,19193.295220717253,3838.6590356896445,3010.111692963079,6848.770728652724,true,daily-api,
2025-12-20,2025-12-20,2025-12-20,2025-12-20T00:00:00.000Z,2025-12-20T23:59:59.000Z,0,8213.496545500931,8524.642805635996,24.291331977719,4.858264808516,1411.034571077322,1415.892835885838,true,daily-api,
2025-12-21,2025-12-21,2025-12-21,2025-12-21T00:00:00.000Z,2025-12-21T23:59:59.000Z,53.11782972647234,101313.02592126757,7710.035911771789,2997.255385120495,599.451062464676,2942.8426199733,3542.293682437976,true,daily-api,
2025-12-22,2025-12-22,2025-12-22,2025-12-22T00:00:00.000Z,2025-12-22T23:59:59.000Z,19.36474757105273,7281.229346755222,9191.893736018768,40.7334133535337,8.1466810917461,896.9569058445,905.1035869362462,true,daily-api,
2025-12-23,2025-12-23,2025-12-23,2025-12-23T00:00:00.000Z,2025-12-23T23:59:59.000Z,51.5104500509417,37218.16376162594,8472.22834819321,242.1038450820804,48.4207638569144,8526.070703626847,8574.491467483762,true,daily-api,
2025-12-24,2025-12-24,2025-12-24,2025-12-24T00:00:00.000Z,2025-12-24T23:59:59.000Z,0,12765.307764178093,8651.356739708624,584.8828717289286,116.976572140954,1045.62608077009,1162.602652911044,true,daily-api,
2025-12-25,2025-12-25,2025-12-25,2025-12-25T00:00:00.000Z,2025-12-25T23:59:59.000Z,1171.4422819552162,47046.21238705947,9640.064937203013,36176.67970946395,7235.335939865492,1945.2393862,9180.575326065493,true,daily-api,
2025-12-26,2025-12-26,2025-12-26,2025-12-26T00:00:00.000Z,2025-12-26T23:59:59.000Z,767.272149880115,8865.5246563184,7849.958212464648,517.024408443256,103.40487926964,1145.703288210168,1249.1081674798081,true,daily-api,
2025-12-27,2025-12-27,2025-12-27,2025-12-27T00:00:00.000Z,2025-12-27T23:59:59.000Z,0,7378.462971064637,9722.77487161278,105.0333887282196,21.0066768071306,1611.525698015,1632.5323748221306,true,daily-api,
2025-12-28,2025-12-28,2025-12-28,2025-12-28T00:00:00.000Z,2025-12-28T23:59:59.000Z,171.5919565498871,8158.154377776337,10971.482509649131,85.4178692991573,17.0835714061712,728.777403,745.8609744061713,true,daily-api,
2025-12-29,2025-12-29,2025-12-29,2025-12-29T00:00:00.000Z,2025-12-29T23:59:59.000Z,0,11481.043565390028,9977.89677519422,283.7511537993939,56.7502290538251,787.4108867,844.1611157538251,true,daily-api,
2025-12-30,2025-12-30,2025-12-30,2025-12-30T00:00:00.000Z,2025-12-30T23:59:59.000Z,0,5107.68737890358,9728.059767978199,27.17642584284,5.43528432512,2682.862919445314,2688.298203770434,true,daily-api,
2025-12-31,2025-12-31,2025-12-31,2025-12-31T00:00:00.000Z,2025-12-31T23:59:59.000Z,4718.179355737201,57070.084382170724,11358.61591834803,10254.830931419108,2050.9654659904472,2587.18678211728,4638.152248107727,true,daily-api,
2026-01-01,2026-01-01,2026-01-01,2026-01-01T00:00:00.000Z,2026-01-01T23:59:59.000Z,0,26449.011660636083,10126.468034137986,2127.5868910074123,425.5173771732999,127.5339838,553.0513609732999,true,daily-api,
2026-01-02,2026-01-02,2026-01-02,2026-01-02T00:00:00.000Z,2026-01-02T23:59:59.000Z,0,296986.7230900907,8168.912270191066,3641.198743596915,728.2397463627867,209.40629358792,937.6460399507067,true,daily-api,
2026-01-03,2026-01-03,2026-01-03,2026-01-03T00:00:00.000Z,2026-01-03T23:59:59.000Z,0,378427.40599300305,9488.143439452027,885.4900057052237,177.0979991989091,85.283121,262.3811201989091,true,daily-api,
2026-01-04,2026-01-04,2026-01-04,2026-01-04T00:00:00.000Z,2026-01-04T23:59:59.000Z,0,381762.84509905905,9463.677225379071,32905.291649985775,6581.058328923748,219.1636921,6800.222021023748,true,daily-api,
2026-01-05,2026-01-05,2026-01-05,2026-01-05T00:00:00.000Z,2026-01-05T23:59:59.000Z,0,241164.52575746118,7781.3011401166805,3589.8089286426757,717.9617821755274,113.85241817,831.8142003455274,true,daily-api,
2026-01-06,2026-01-06,2026-01-06,2026-01-06T00:00:00.000Z,2026-01-06T23:59:59.000Z,103.96189695877938,22049.42635795729,9283.808744909593,1258.161791896612,251.632355829549,93.324602,344.95695782954897,true,daily-api,
2026-01-07,2026-01-07,2026-01-07,2026-01-07T00:00:00.000Z,2026-01-07T23:59:59.000Z,0,16344.023060529807,7834.108472343564,30.911691984582,6.182337739648,166.7008847075,172.883222447148,true,daily-api,
2026-01-08,2026-01-08,2026-01-08,2026-01-08T00:00:00.000Z,2026-01-08T23:59:59.000Z,0,4629.83754,9262.137817183348,68.18114358957,13.63622735977,80.07444,93.71066735977,true,daily-api,
2026-01-09,2026-01-09,2026-01-09,2026-01-09T00:00:00.000Z,2026-01-09T23:59:59.000Z,0,4941.004719165649,9402.659323428072,29.6096402874134,5.818341935385,45.1435894471862,50.9619313825712,true,daily-api,
2026-01-10,2026-01-10,2026-01-10,2026-01-10T00:00:00.000Z,2026-01-10T23:59:59.000Z,0,120.9493130088,7845.499720369764,77.276608526,15.4553217052,39.44577,54.9010917052,true,daily-api,
2026-01-11,2026-01-11,2026-01-11,2026-01-11T00:00:00.000Z,2026-01-11T23:59:59.000Z,0,0,9535.595039192742,0,0,9.4532,9.4532,true,daily-api,
2026-01-12,2026-01-12,2026-01-12,2026-01-12T00:00:00.000Z,2026-01-12T23:59:59.000Z,0,1426.786244,9513.409216167087,7.905820004,1.5811638008,69.0433947,70.62455850079999,true,daily-api,
2026-01-13,2026-01-13,2026-01-13,2026-01-13T00:00:00.000Z,2026-01-13T23:59:59.000Z,109.8920963621448,1788.2114072649,7980.524405892836,124.382115292,24.8764226584,23.219527,48.0959496584,true,daily-api,
2026-01-14,2026-01-14,2026-01-14,2026-01-14T00:00:00.000Z,2026-01-14T23:59:59.000Z,0,15783.1525266798,9618.734154776193,199.11216903636,39.8224330926,113.96130000000001,153.78373309260002,true,daily-api,
2026-01-15,2026-01-15,2026-01-15,2026-01-15T00:00:00.000Z,2026-01-15T23:59:59.000Z,699.8236272216518,7728.746061297271,8245.599048505732,317.47304878393,63.494606928185,115.1478,178.642406928185,true,daily-api,
2026-01-16,2026-01-16,2026-01-16,2026-01-16T00:00:00.000Z,2026-01-16T23:59:59.000Z,0,987.250928,9539.471059270947,16.805111999999998,3.361022,94.64580000000001,98.00682200000001,true,daily-api,
2026-01-17,2026-01-17,2026-01-17,2026-01-17T00:00:00.000Z,2026-01-17T23:59:59.000Z,0,9344.386951366927,9730.40523098909,310.610997119843,62.122198612579,116.126285,178.24848361257898,true,daily-api,
2026-01-18,2026-01-18,2026-01-18,2026-01-18T00:00:00.000Z,2026-01-18T23:59:59.000Z,148.3199999524613,11189.47122487974,8145.4636130726085,1078.74903362854,215.74980472608,37.03126,252.78106472608,true,daily-api,
2026-01-19,2026-01-19,2026-01-19,2026-01-19T00:00:00.000Z,2026-01-19T23:59:59.000Z,803.2872050502049,54300.896686026055,9741.90263856584,319.58532329134,63.917059475379,103.175405,167.092464475379,true,daily-api,
2026-01-20,2026-01-20,2026-01-20,2026-01-20T00:00:00.000Z,2026-01-20T23:59:59.000Z,0,53039.4238685608,9719.367469802297,31497.91773946088,6299.58337889248,168.327015,6467.91039389248,true,daily-api,
2026-01-21,2026-01-21,2026-01-21,2026-01-21T00:00:00.000Z,2026-01-21T23:59:59.000Z,0,6593.22862171889,8147.972554503303,135.317828799132,27.063564965856,154.689296712608,181.752861678464,true,daily-api,
2026-01-22,2026-01-22,2026-01-22,2026-01-22T00:00:00.000Z,2026-01-22T23:59:59.000Z,0,23504.352979,10225.171907422764,82.870798,16.574159,363.768628,380.342787,true,daily-api,
2026-01-23,2026-01-23,2026-01-23,2026-01-23T00:00:00.000Z,2026-01-23T23:59:59.000Z,0,735.123912,9691.979572905482,38.361974418079996,7.67239406857,18.624597196,26.29699126457,true,daily-api,
2026-01-24,2026-01-24,2026-01-24,2026-01-24T00:00:00.000Z,2026-01-24T23:59:59.000Z,0,11934.99972515294,8714.452113453077,71.24638750656,14.24927650193,19.46545664,33.71473314193,true,daily-api,
2026-01-25,2026-01-25,2026-01-25,2026-01-25T00:00:00.000Z,2026-01-25T23:59:59.000Z,972.4456784381309,143274.90003603845,9910.715052191816,111548.27113420282,22309.654215252995,140.5249351875,22450.179150440494,true,daily-api,
2026-01-26,2026-01-26,2026-01-26,2026-01-26T00:00:00.000Z,2026-01-26T23:59:59.000Z,0,5151.858379035951,8179.935134747982,3451.0311135434818,690.2062214917322,185.27153782,875.4777593117321,true,daily-api,
2026-01-27,2026-01-27,2026-01-27,2026-01-27T00:00:00.000Z,2026-01-27T23:59:59.000Z,548.5753430135825,18559.37606715174,9783.440397721153,270.43318937868,54.08663717758,181.86660618,235.95324335758,true,daily-api,
2026-01-28,2026-01-28,2026-01-28,2026-01-28T00:00:00.000Z,2026-01-28T23:59:59.000Z,0,4265.872395,9757.608686641686,13.64329695056,2.7286585026,334.2848358,337.0134943026,true,daily-api,
2026-01-29,2026-01-29,2026-01-29,2026-01-29T00:00:00.000Z,2026-01-29T23:59:59.000Z,510.796118030492,27198.6497348936,4863.831955831392,15426.141661756685,3085.2283274032884,163.84573199,3249.0740593932883,true,daily-api,
2026-01-30,2026-01-30,2026-01-30,2026-01-30T00:00:00.000Z,2026-01-30T23:59:59.000Z,9458.528787145187,172828.7224728071,5954.568067292555,86099.52563735544,17219.90499076715,351.309662,17571.21465276715,true,daily-api,
2026-01-31,2026-01-31,2026-01-31,2026-01-31T00:00:00.000Z,2026-01-31T23:59:59.000Z,76771.22432436844,921574.5671493224,4564.7804538544815,272156.736362082,54430.756122797975,961.26371976,55392.01984255797,true,daily-api,
2026-02-01,2026-02-01,2026-02-01,2026-02-01T00:00:00.000Z,2026-02-01T23:59:59.000Z,3975.429566617725,58972.71111385886,4595.380991273802,4538.691866516915,907.7380690191018,172.04991,1079.7879790191018,true,daily-api,
2026-02-02,2026-02-02,2026-02-02,2026-02-02T00:00:00.000Z,2026-02-02T23:59:59.000Z,1399.1223252634472,96629.54625275548,4512.281681574814,11673.73197522849,2334.511967068816,316.6960587736263,2651.208025842442,true,daily-api,
2026-02-03,2026-02-03,2026-02-03,2026-02-03T00:00:00.000Z,2026-02-03T23:59:59.000Z,0,244681.1273616808,3660.1271438064255,49448.39420691254,9889.678837102429,258.334268469352,10148.013105571781,true,daily-api,
2026-02-04,2026-02-04,2026-02-04,2026-02-04T00:00:00.000Z,2026-02-04T23:59:59.000Z,0,129797.9983731012,4211.449534256668,2972.11816441364,594.42362999132,52.222,646.64562999132,true,daily-api,
2026-02-05,2026-02-05,2026-02-05,2026-02-05T00:00:00.000Z,2026-02-05T23:59:59.000Z,0,0,0,0,0,0,0,true,daily-api,
2026-02-06,2026-02-06,2026-02-06,2026-02-06T00:00:00.000Z,2026-02-06T23:59:59.000Z,6447.094686800054,242672.920257295,2860.6353433063687,95718.84799178498,19143.76957665328,530.65693198,19674.42650863328,true,daily-api,
2026-02-07,2026-02-07,2026-02-07,2026-02-07T00:00:00.000Z,2026-02-07T23:59:59.000Z,0,1706.370071,3004.7892801581,9.74301185,1.9481844,63.141146766422,65.089331166422,true,daily-api,
2026-02-08,2026-02-08,2026-02-08,2026-02-08T00:00:00.000Z,2026-02-08T23:59:59.000Z,0,53674.376099175,2409.883527612264,3997.639291465,799.527856255,148.27949950000001,947.807355755,true,daily-api,
2026-02-09,2026-02-09,2026-02-09,2026-02-09T00:00:00.000Z,2026-02-09T23:59:59.000Z,4.878459188350099,9508.688528999,2862.4131607719405,1271.3949085916,254.2789790754,53.8081737,308.0871527754,true,daily-api,
2026-02-10,2026-02-10,2026-02-10,2026-02-10T00:00:00.000Z,2026-02-10T23:59:59.000Z,0,2183.312700625,2846.7103557688865,236.411786766824,47.282356099224,98.74303587,146.02539196922402,true,daily-api,
2026-02-11,2026-02-11,2026-02-11,2026-02-11T00:00:00.000Z,2026-02-11T23:59:59.000Z,0,189286.10457217414,2273.419095352723,70429.61035604222,14085.92196245591,690.253261496343,14776.175223952254,true,daily-api,
2026-02-12,2026-02-12,2026-02-12,2026-02-12T00:00:00.000Z,2026-02-12T23:59:59.000Z,0,522363.30439778324,2474.1299092582776,315.433933567454,63.086520259146,3639.2475165798,3702.334036838946,true,daily-api,
2026-02-13,2026-02-13,2026-02-13,2026-02-13T00:00:00.000Z,2026-02-13T23:59:59.000Z,0,1122.400514375,2286.0742994743878,11.681189730209999,2.33623691525,108.63569,110.97192691525,true,daily-api,
2026-02-14,2026-02-14,2026-02-14,2026-02-14T00:00:00.000Z,2026-02-14T23:59:59.000Z,0,1085.884,2108.357201961018,10.752043996800001,2.1504083952,560.76852926,562.9189376552,true,daily-api,
2026-02-15,2026-02-15,2026-02-15,2026-02-15T00:00:00.000Z,2026-02-15T23:59:59.000Z,0,13567.053500705,2391.8614756636853,135.7712526988,27.1542484741,16.8404,43.9946484741,true,daily-api,
2026-02-16,2026-02-16,2026-02-16,2026-02-16T00:00:00.000Z,2026-02-16T23:59:59.000Z,0,0,1975.2217980698929,0,0,8.038896,8.038896,true,daily-api,
2026-02-17,2026-02-17,2026-02-17,2026-02-17T00:00:00.000Z,2026-02-17T23:59:59.000Z,0,0,2371.6563629166917,0,0,12.8,12.8,true,daily-api,
2026-02-18,2026-02-18,2026-02-18,2026-02-18T00:00:00.000Z,2026-02-18T23:59:59.000Z,0,504.67400841,2376.165179487747,0.91128609,0.1818531,39.5727272332106,39.7545803332106,true,daily-api,
2026-02-19,2026-02-19,2026-02-19,2026-02-19T00:00:00.000Z,2026-02-19T23:59:59.000Z,0,349.730549,2033.3474797770823,0.352241,0.070448,543.499007,543.5694550000001,true,daily-api,
2026-02-20,2026-02-20,2026-02-20,2026-02-20T00:00:00.000Z,2026-02-20T23:59:59.000Z,0,0,2423.4066479876055,0,0,86.48197,86.48197,true,daily-api,
2026-02-21,2026-02-21,2026-02-21,2026-02-21T00:00:00.000Z,2026-02-21T23:59:59.000Z,0,0,2329.326510104528,0,0,88.67725,88.67725,true,daily-api,
2026-02-22,2026-02-22,2026-02-22,2026-02-22T00:00:00.000Z,2026-02-22T23:59:59.000Z,0,0,2096.8141686472377,0,0,40.06750052,40.06750052,true,daily-api,
2026-02-23,2026-02-23,2026-02-23,2026-02-23T00:00:00.000Z,2026-02-23T23:59:59.000Z,0,7735.810506133,2430.58150581204,29.67333235386,5.93427090752,27.5243168576,33.45858776512,true,daily-api,
2026-02-24,2026-02-24,2026-02-24,2026-02-24T00:00:00.000Z,2026-02-24T23:59:59.000Z,0,3731.0622291523127,2276.9379024463424,33.3510937248965,6.6702175449793,159.8093825,166.4796000449793,true,daily-api,
2026-02-25,2026-02-25,2026-02-25,2026-02-25T00:00:00.000Z,2026-02-25T23:59:59.000Z,0,6820.8203086500425,2310.54041279791,321.815601522944,64.363119466553,110.543205,174.906324466553,true,daily-api,
2026-02-26,2026-02-26,2026-02-26,2026-02-26T00:00:00.000Z,2026-02-26T23:59:59.000Z,0,11825.03287071219,2513.8168065741834,378.87568663027,75.77513643302,330.84072874452,406.61586517754,true,daily-api,
2026-02-27,2026-02-27,2026-02-27,2026-02-27T00:00:00.000Z,2026-02-27T23:59:59.000Z,0,27432.9080493414,2031.1148433033643,108.9125397336,21.7825061445,49.02879,70.8112961445,true,daily-api,
2026-02-28,2026-02-28,2026-02-28,2026-02-28T00:00:00.000Z,2026-02-28T23:59:59.000Z,61.86129893220816,9814.969438265425,2469.462570683344,326.0495428555144,65.2099051339058,142.1248,207.3347051339058,true,daily-api,
2026-03-01,2026-03-01,2026-03-01,2026-03-01T00:00:00.000Z,2026-03-01T23:59:59.000Z,0,5938.345036,2490.240715146806,76.38188740698,15.27637656624,401.604984245,416.88136081124003,true,daily-api,
2026-03-02,2026-03-02,2026-03-02,2026-03-02T00:00:00.000Z,2026-03-02T23:59:59.000Z,0,26015.4,2055.7404819643266,0.826835,0.165367,579.39,579.5553669999999,true,daily-api,
2026-03-03,2026-03-03,2026-03-03,2026-03-03T00:00:00.000Z,2026-03-03T23:59:59.000Z,0,13890.620887,2464.665128851436,38.6684870173,7.7336972931,87.11398156,94.84767885309999,true,daily-api,
2026-03-04,2026-03-04,2026-03-04,2026-03-04T00:00:00.000Z,2026-03-04T23:59:59.000Z,0,1169.0870767631,2472.2414608014183,68.6571416049,13.731427519,250.655928283,264.387355802,true,daily-api,
2026-03-05,2026-03-05,2026-03-05,2026-03-05T00:00:00.000Z,2026-03-05T23:59:59.000Z,0,487.821411,2072.546661539716,126.42593095,25.28518619,95.477134,120.76232019000001,true,daily-api,
2026-03-06,2026-03-06,2026-03-06,2026-03-06T00:00:00.000Z,2026-03-06T23:59:59.000Z,0,55,2488.249937147326,19.850569,3.970113,17.6,21.570113000000003,true,daily-api,
2026-03-07,2026-03-07,2026-03-07,2026-03-07T00:00:00.000Z,2026-03-07T23:59:59.000Z,0,25.554,2059.043755790281,0.7429327197,0.14858654394,65.1874,65.33598654394,true,daily-api,
2026-03-08,2026-03-08,2026-03-08,2026-03-08T00:00:00.000Z,2026-03-08T23:59:59.000Z,0,12976.069782423021,2494.085859636671,116.27563479033,23.25512468249,205.711362522522,228.966487205012,true,daily-api,
2026-03-09,2026-03-09,2026-03-09,2026-03-09T00:00:00.000Z,2026-03-09T23:59:59.000Z,0,793.093249968,2487.4440248038063,114.831459968,22.966290992,15.381255,38.347545992,true,daily-api,
2026-03-10,2026-03-10,2026-03-10,2026-03-10T00:00:00.000Z,2026-03-10T23:59:59.000Z,0,11549.871570993773,2090.9323668640614,2655.3514366737395,531.0702863356572,1.2776648,532.3479511356572,true,daily-api,
2026-03-11,2026-03-11,2026-03-11,2026-03-11T00:00:00.000Z,2026-03-11T23:59:59.000Z,57.56034166588563,66197.03550343205,2470.6979818587915,2109.499932722312,421.8999830357614,421.640811183712,843.5407942194734,true,daily-api,
2026-03-12,2026-03-12,2026-03-12,2026-03-12T00:00:00.000Z,2026-03-12T23:59:59.000Z,0,5168.209108904,2485.9977800035335,258.870127121246,51.774022429167,87.377475,139.151497429167,true,daily-api,
2026-03-13,2026-03-13,2026-03-13,2026-03-13T00:00:00.000Z,2026-03-13T23:59:59.000Z,0,198.9701989951,2089.7813071726637,136.0293958998,27.205878778,120.5293334452814,147.7352122232814,true,daily-api,
2026-03-14,2026-03-14,2026-03-14,2026-03-14T00:00:00.000Z,2026-03-14T23:59:59.000Z,0,759756.8030918627,2399.69397307338,20713.528071791898,4141.985162722969,242.9004460747,4384.885608797669,true,daily-api,
2026-03-15,2026-03-15,2026-03-15,2026-03-15T00:00:00.000Z,2026-03-15T23:59:59.000Z,0,1823.8428019977,1760.4286554885182,156.4315069241,31.2863003839,260.617625,291.90392538389995,true,daily-api,
2026-03-16,2026-03-16,2026-03-16,2026-03-16T00:00:00.000Z,2026-03-16T23:59:59.000Z,0,259.08691580314,2009.0331436636973,18.90630706064,3.7812606138,153.7838294993,157.56509011309998,true,daily-api,
2026-03-17,2026-03-17,2026-03-17,2026-03-17T00:00:00.000Z,2026-03-17T23:59:59.000Z,0,640.33199970894,2038.1984039142849,26.37271899108,5.27454362358,12313.75410485064,12319.02864847422,true,daily-api,
2026-03-18,2026-03-18,2026-03-18,2026-03-18T00:00:00.000Z,2026-03-18T23:59:59.000Z,6.871046679132249,162.93348412006,1857.6745319494867,115.75665454683,23.15133013164,55.01037,78.16170013164,true,daily-api,
2026-03-19,2026-03-19,2026-03-19,2026-03-19T00:00:00.000Z,2026-03-19T23:59:59.000Z,2.974804237498578,5247.43397931294,2169.8721668179523,1848.83866443022,369.76773088932,60.6,430.36773088932,true,daily-api,
2026-03-20,2026-03-20,2026-03-20,2026-03-20T00:00:00.000Z,2026-03-20T23:59:59.000Z,25.79497148926667,12185.182504084063,2186.6134479480365,7.6048520176494,1.5209694012568,298.982117,300.50308640125684,true,daily-api,
2026-03-21,2026-03-21,2026-03-21,2026-03-21T00:00:00.000Z,2026-03-21T23:59:59.000Z,28.90497266599874,920.18556537168,1825.850718395855,76.80114876374,15.36008693522,115.29350146,130.65358839522,true,daily-api,
2026-03-22,2026-03-22,2026-03-22,2026-03-22T00:00:00.000Z,2026-03-22T23:59:59.000Z,21.44923462623513,35886.24236067462,2095.886817240554,1900.3311956164,380.06623438862,31.761118355899,411.827352744519,true,daily-api,
2026-03-23,2026-03-23,2026-03-23,2026-03-23T00:00:00.000Z,2026-03-23T23:59:59.000Z,0,1053.558545,1829.2676851471895,4.224782,0.844956,353.342068,354.187024,true,daily-api,
2026-03-24,2026-03-24,2026-03-24,2026-03-24T00:00:00.000Z,2026-03-24T23:59:59.000Z,0,0,2052.372171473978,0,0,212.849233522415,212.849233522415,true,daily-api,
2026-03-25,2026-03-25,2026-03-25,2026-03-25T00:00:00.000Z,2026-03-25T23:59:59.000Z,0,1201.5325027263002,2152.3368615122963,749.9010089940001,149.9802007903,172.477028914246,322.45722970454597,true,daily-api,
2026-03-26,2026-03-26,2026-03-26,2026-03-26T00:00:00.000Z,2026-03-26T23:59:59.000Z,0,821.81307754796,1797.9522096245837,16.4886592873,3.29773165738,1172.17365482423,1175.47138648161,true,daily-api,
2026-03-27,2026-03-27,2026-03-27,2026-03-27T00:00:00.000Z,2026-03-27T23:59:59.000Z,1.244771711693867,7515.128178649444,2101.951013934039,548.159087393717,109.631813661126,58.22615,167.857963661126,true,daily-api,
2026-03-28,2026-03-28,2026-03-28,2026-03-28T00:00:00.000Z,2026-03-28T23:59:59.000Z,0,1136.22903275281,2125.1430054210737,7.47569600205,1.49513820041,34.475718633376,35.970856833785994,true,daily-api,
2026-03-29,2026-03-29,2026-03-29,2026-03-29T00:00:00.000Z,2026-03-29T23:59:59.000Z,308.9277171282838,7696.22978662472,1769.6063413469428,1456.78385093444,291.35676135051,107.058527,398.41528835050997,true,daily-api,
2026-03-30,2026-03-30,2026-03-30,2026-03-30T00:00:00.000Z,2026-03-30T23:59:59.000Z,0,451.037371031254,2201.6462958401958,4.743053643182,0.948609893438,107.213342,108.161951893438,true,daily-api,
2026-03-31,2026-03-31,2026-03-31,2026-03-31T00:00:00.000Z,2026-03-31T23:59:59.000Z,0,176.410137078148,1760.6295664520233,1.62974791811,0.325949191374,156.210479929412,156.536429120786,true,daily-api,
2026-04-01,2026-04-01,2026-04-01,2026-04-01T00:00:00.000Z,2026-04-01T23:59:59.000Z,0,0,2139.840617077589,0,0,51.60996,51.60996,true,daily-api,
2026-04-02,2026-04-02,2026-04-02,2026-04-02T00:00:00.000Z,2026-04-02T23:59:59.000Z,0,3786.818229,1888.7808043365933,956.464891,191.292977,140.3008,331.59377700000005,true,daily-api,
2026-04-03,2026-04-03,2026-04-03,2026-04-03T00:00:00.000Z,2026-04-03T23:59:59.000Z,0,4639.9587781691325,2012.9935286797936,1251.108608505991,250.221318370429,12.225158248,262.446476618429,true,daily-api,
2026-04-04,2026-04-04,2026-04-04,2026-04-04T00:00:00.000Z,2026-04-04T23:59:59.000Z,0,327.8315018146,2111.2233713360065,25.375391161,5.0750782322,207.538172044395,212.613250276595,true,daily-api,
2026-04-05,2026-04-05,2026-04-05,2026-04-05T00:00:00.000Z,2026-04-05T23:59:59.000Z,556.162423710397,6676.3270064101,1769.2995327116967,539.63286961192,107.9265729265,207.3855,315.31207292650004,true,daily-api,
2026-04-06,2026-04-06,2026-04-06,2026-04-06T00:00:00.000Z,2026-04-06T23:59:59.000Z,3.598556339192065,1931.94755171774,2106.11329033377,12.43718959294,2.48743490974,106.815415428598,109.302850338338,true,daily-api,
2026-04-07,2026-04-07,2026-04-07,2026-04-07T00:00:00.000Z,2026-04-07T23:59:59.000Z,0,3330.13111563817,2112.76999706547,735.10817949279,147.02163276255,969.387503,1116.40913576255,true,daily-api,
2026-04-08,2026-04-08,2026-04-08,2026-04-08T00:00:00.000Z,2026-04-08T23:59:59.000Z,0,15755.07114669542,1803.5181166506102,14500.90405855286,2900.1808102615,509.7478535,3409.9286637615,true,daily-api,
2026-04-09,2026-04-09,2026-04-09,2026-04-09T00:00:00.000Z,2026-04-09T23:59:59.000Z,16.01381762858073,11223.56461989597,2095.0700202582198,515.31112399107,103.06222360632,207.892799726415,310.955023332735,true,daily-api,
2026-04-10,2026-04-10,2026-04-10,2026-04-10T00:00:00.000Z,2026-04-10T23:59:59.000Z,0,21239.202071542742,2014.0779725423897,21.65140605637,4.33028074255,501.98814999999996,506.31843074254994,true,daily-api,
2026-04-11,2026-04-11,2026-04-11,2026-04-11T00:00:00.000Z,2026-04-11T23:59:59.000Z,10.0835081283825,326.09090835914003,1849.6380379727652,18.446870069492,3.689359605112,176.953549,180.642908605112,true,daily-api,
2026-04-12,2026-04-12,2026-04-12,2026-04-12T00:00:00.000Z,2026-04-12T23:59:59.000Z,14.58664299923913,6440.37546598774,2103.7641960390615,1118.48347442514,223.69668980846,87.49018,311.18686980846,true,daily-api,
2026-04-13,2026-04-13,2026-04-13,2026-04-13T00:00:00.000Z,2026-04-13T23:59:59.000Z,0,4528.36838515904,1794.3324674480314,340.35057137636,68.07011227568,514.54585394064,582.61596621632,true,daily-api,
2026-04-14,2026-04-14,2026-04-14,2026-04-14T00:00:00.000Z,2026-04-14T23:59:59.000Z,28920.8961178769,262820.6666735334,2099.0190848918423,3345.88068297882,669.1761337584,204.22378262,873.3999163784001,true,daily-api,
2026-04-15,2026-04-15,2026-04-15,2026-04-15T00:00:00.000Z,2026-04-15T23:59:59.000Z,0,20181.883780061366,2142.63893341802,3429.0689569501,685.81379009165,163.316493571183,849.1302836628331,true,daily-api,
2026-04-16,2026-04-16,2026-04-16,2026-04-16T00:00:00.000Z,2026-04-16T23:59:59.000Z,0,25181.760124886798,1821.8272040631168,65.063115062752,13.012620404212,200.958722709184,213.97134311339602,true,daily-api,
2026-04-17,2026-04-17,2026-04-17,2026-04-17T00:00:00.000Z,2026-04-17T23:59:59.000Z,0,123412.4695602956,2146.0630016125942,498.530200948439,99.706039975272,1151.3848694932,1251.090909468472,true,daily-api,
2026-04-18,2026-04-18,2026-04-18,2026-04-18T00:00:00.000Z,2026-04-18T23:59:59.000Z,0,1774.6165626173422,1957.3334124215376,176.982555893521,35.396510750313,59.0156746,94.412185350313,true,daily-api,
2026-04-19,2026-04-19,2026-04-19,2026-04-19T00:00:00.000Z,2026-04-19T23:59:59.000Z,0,6444.59830078706,1890.0684450662782,1127.05787582755,225.41157337129,78.759095,304.17066837129,true,daily-api,
2026-04-20,2026-04-20,2026-04-20,2026-04-20T00:00:00.000Z,2026-04-20T23:59:59.000Z,0,0,2092.6956672858455,0,0,111.910115,111.910115,true,daily-api,
2026-04-21,2026-04-21,2026-04-21,2026-04-21T00:00:00.000Z,2026-04-21T23:59:59.000Z,0,1510,1794.1463439807367,15.893029,3.178605,95.798947532778,98.977552532778,true,daily-api,
2026-04-22,2026-04-22,2026-04-22,2026-04-22T00:00:00.000Z,2026-04-22T23:59:59.000Z,0,1726.5353251138,2041.998937331288,17.5555603711,3.51111147785,64.7806336,68.29174507785,true,daily-api,
2026-04-23,2026-04-23,2026-04-23,2026-04-23T00:00:00.000Z,2026-04-23T23:59:59.000Z,0,191.58247731555,2093.3539815625886,119.65707104248,23.93141320903,5.616436,29.54784920903,true,daily-api,
2026-04-24,2026-04-24,2026-04-24,2026-04-24T00:00:00.000Z,2026-04-24T23:59:59.000Z,250.18930396794607,4138.032712791673,1782.1324177609554,49.800075017677,9.960013122623,145.878430700408,155.83844382303099,true,daily-api,
2026-04-25,2026-04-25,2026-04-25,2026-04-25T00:00:00.000Z,2026-04-25T23:59:59.000Z,0,2264.51728892857,2082.3357701582772,0.81146407498,0.16229280795,0.4634,0.6256928079499999,true,daily-api,
2026-04-26,2026-04-26,2026-04-26,2026-04-26T00:00:00.000Z,2026-04-26T23:59:59.000Z,0,381.41659458701,2027.1749939265833,18.22189518244,3.64437796363,439.888287,443.53266496363,true,daily-api,
2026-04-27,2026-04-27,2026-04-27,2026-04-27T00:00:00.000Z,2026-04-27T23:59:59.000Z,0,1165.310738903,1841.0361114550067,226.73455243829,45.34690915541,24.704598,70.05150715541001,true,daily-api,
2026-04-28,2026-04-28,2026-04-28,2026-04-28T00:00:00.000Z,2026-04-28T23:59:59.000Z,0,4589.106152055252,2078.0319175070795,669.374427759664,133.874884088942,90.33,224.20488408894198,true,daily-api,
2026-04-29,2026-04-29,2026-04-29,2026-04-29T00:00:00.000Z,2026-04-29T23:59:59.000Z,396.69624308241197,3986.51807078387,1976.3305333270948,353.77200035198,70.75439782358,79.6611,150.41549782358,true,daily-api,
2026-04-30,2026-04-30,2026-04-30,2026-04-30T00:00:00.000Z,2026-04-30T23:59:59.000Z,0,7807.4023437416,1885.5934712129167,381.92146378432,76.38429075668,198.89539200000002,275.27968275668,true,daily-api,
2026-05-01,2026-05-01,2026-05-01,2026-05-01T00:00:00.000Z,2026-05-01T23:59:59.000Z,0,14204.412158,2070.178490971176,59.118813,11.823762,15.975808780798,27.799570780798,true,daily-api,
2026-05-02,2026-05-02,2026-05-02,2026-05-02T00:00:00.000Z,2026-05-02T23:59:59.000Z,0,736.266632,1777.6920053563042,9.349988,1.869997,130.578647452253,132.448644452253,true,daily-api,
2026-05-03,2026-05-03,2026-05-03,2026-05-03T00:00:00.000Z,2026-05-03T23:59:59.000Z,13.98514250552071,271.4633690139,2065.333275499716,40.7664350471,8.1532866088,62.39663,70.5499166088,true,daily-api,
2026-05-04,2026-05-04,2026-05-04,2026-05-04T00:00:00.000Z,2026-05-04T23:59:59.000Z,18.66895251689638,449.912143581288,2010.3274484550068,15.3268398426495,3.0653677650485,47.750985583446,50.8163533484945,true,daily-api,
2026-05-05,2026-05-05,2026-05-05,2026-05-05T00:00:00.000Z,2026-05-05T23:59:59.000Z,0,2598.26728199046,1860.0483508961352,132.10336187525,26.42067143611,124.705632,151.12630343611,true,daily-api,
2026-05-06,2026-05-06,2026-05-06,2026-05-06T00:00:00.000Z,2026-05-06T23:59:59.000Z,0,1375.343599,2089.230324966602,0.743025,0.148604,101.910701,102.05930500000001,true,daily-api,
2026-05-07,2026-05-07,2026-05-07,2026-05-07T00:00:00.000Z,2026-05-07T23:59:59.000Z,0,3342.90521771187,2007.2603060870863,110.29604223394,22.0592077402,87.590285,109.6494927402,true,daily-api,
2026-05-08,2026-05-08,2026-05-08,2026-05-08T00:00:00.000Z,2026-05-08T23:59:59.000Z,0,345.034233,1899.6824266595456,4.359364,0.871872,71.062538,71.93441,true,daily-api,
2026-05-09,2026-05-09,2026-05-09,2026-05-09T00:00:00.000Z,2026-05-09T23:59:59.000Z,0,13764.807384,2117.322181186444,702.16322413178,140.43264471668,13.0005225057079,153.43316722238788,true,daily-api,
2026-05-10,2026-05-10,2026-05-10,2026-05-10T00:00:00.000Z,2026-05-10T23:59:59.000Z,0,13907.10357010923,1783.244201057515,600.8862570328,120.17725132547,25.162529481921,145.33978080739098,true,daily-api,
2026-05-11,2026-05-11,2026-05-11,2026-05-11T00:00:00.000Z,2026-05-11T23:59:59.000Z,0,2566.97263947164,2105.438545038883,18.13007355838,3.62601251218,51.613823835,55.239836347179995,true,daily-api,
2026-05-12,2026-05-12,2026-05-12,2026-05-12T00:00:00.000Z,2026-05-12T23:59:59.000Z,0,8985.06769457901,2033.8250920103824,678.69789320469,135.7395780184,65.57167362955,201.31125164795003,true,daily-api,
2026-05-13,2026-05-13,2026-05-13,2026-05-13T00:00:00.000Z,2026-05-13T23:59:59.000Z,0,248.061549,1853.7021140244287,34.84530275784,6.96905935448,27.0465712,34.01563055448,true,daily-api,
2026-05-14,2026-05-14,2026-05-14,2026-05-14T00:00:00.000Z,2026-05-14T23:59:59.000Z,0,50.028639,2146.9836967937613,1.870544,0.374108,34.530092,34.9042,true,daily-api,
2026-05-15,2026-05-15,2026-05-15,2026-05-15T00:00:00.000Z,2026-05-15T23:59:59.000Z,0,834.095310461259,2020.18878060171,0.079148832124,0.015829759905,8.89895969,8.914789449905,true,daily-api,
2026-05-16,2026-05-16,2026-05-16,2026-05-16T00:00:00.000Z,2026-05-16T23:59:59.000Z,0,2138.724568549,1868.7156800556916,310.68767664824003,62.13753422316,6.7926,68.93013422316,true,daily-api,
2026-05-17,2026-05-17,2026-05-17,2026-05-17T00:00:00.000Z,2026-05-17T23:59:59.000Z,0,470.33451293215,2118.0698272941936,4.39403829901,0.87880742112,10.2132,11.09200742112,true,daily-api,
2026-05-18,2026-05-18,2026-05-18,2026-05-18T00:00:00.000Z,2026-05-18T23:59:59.000Z,0,40693.262853540014,1799.725648376051,1355.444224458042,271.088841288125,6.99392233428,278.082763622405,true,daily-api,
2026-05-19,2026-05-19,2026-05-19,2026-05-19T00:00:00.000Z,2026-05-19T23:59:59.000Z,1.631720776525251,733.8120428728799,2058.2373157643106,16.69491404789,3.338980178361,15.4276,18.766580178361,true,daily-api,
2026-05-20,2026-05-20,2026-05-20,2026-05-20T00:00:00.000Z,2026-05-20T23:59:59.000Z,1.854036555426173,2216.701659672568,2086.8166006239844,69.765928760073,13.953183343448,2.5389345,16.492117843448,true,daily-api,
2026-05-21,2026-05-21,2026-05-21,2026-05-21T00:00:00.000Z,2026-05-21T23:59:59.000Z,0,50,1756.352290069735,23.983076,4.796615,34.53787,39.334485,true,daily-api,
2026-05-22,2026-05-22,2026-05-22,2026-05-22T00:00:00.000Z,2026-05-22T23:59:59.000Z,0,1483.893453,2098.2262637927047,11.99540426133,2.39908081588,11.730555,14.12963581588,true,daily-api,
2026-05-23,2026-05-23,2026-05-23,2026-05-23T00:00:00.000Z,2026-05-23T23:59:59.000Z,792.4943343785067,74186.64776916592,1990.7550676999797,1116.78704543098,223.35740436486,612.98088121542,836.3382855802801,true,daily-api,
2026-05-24,2026-05-24,2026-05-24,2026-05-24T00:00:00.000Z,2026-05-24T23:59:59.000Z,12.79135364354082,72.48433731472,1849.1648418981274,0.487636711,0.0975273422,23.3507351,23.4482624422,true,daily-api,
2026-05-25,2026-05-25,2026-05-25,2026-05-25T00:00:00.000Z,2026-05-25T23:59:59.000Z,0,1091.30408584992,2090.9990013295233,111.12794562772,22.22558732806,63.911754,86.13734132806,true,daily-api,
2026-05-26,2026-05-26,2026-05-26,2026-05-26T00:00:00.000Z,2026-05-26T23:59:59.000Z,0,0,1826.9939606247701,0,0,9.696,9.696,true,daily-api,
2026-05-27,2026-05-27,2026-05-27,2026-05-27T00:00:00.000Z,2026-05-27T23:59:59.000Z,95.47544623919917,1024.354921147677,2029.1476680711671,85.890500041944,17.178098574015998,39.38714,56.565238574016,true,daily-api,
2026-05-28,2026-05-28,2026-05-28,2026-05-28T00:00:00.000Z,2026-05-28T23:59:59.000Z,1168.5339703520785,16452.32200587402,2064.5606356125854,3067.160784600758,613.43214664624,22.454616,635.88676264624,true,daily-api,
2026-05-29,2026-05-29,2026-05-29,2026-05-29T00:00:00.000Z,2026-05-29T23:59:59.000Z,0,2243.071555463042,1788.3328903410393,3.31229670748,0.6624584639,5.22160601,5.8840644739000005,true,daily-api,
2026-05-30,2026-05-30,2026-05-30,2026-05-30T00:00:00.000Z,2026-05-30T23:59:59.000Z,0,15060.349616723242,2119.3435100793536,249.991784224368,49.998355772358,296.3987883236,346.397144095958,true,daily-api,
2026-05-31,2026-05-31,2026-05-31,2026-05-31T00:00:00.000Z,2026-05-31T23:59:59.000Z,0,1182.8296370478581,2023.3285667857308,53.64969323039,10.729937577269999,62.35326,73.08319757727,true,daily-api,
2026-06-01,2026-06-01,2026-06-01,2026-06-01T00:00:00.000Z,2026-06-01T23:59:59.000Z,218.50589983980322,21795.80623261076,1895.7285100711536,1805.25585588823,361.05116727899,85.705328,446.75649527899003,true,daily-api,
2026-06-02,2026-06-02,2026-06-02,2026-06-02T00:00:00.000Z,2026-06-02T23:59:59.000Z,2555.039151025218,119168.32122382936,2095.793101615532,63379.73208100593,12675.946103263172,22.2479432675,12698.194046530672,true,daily-api,
2026-06-03,2026-06-03,2026-06-03,2026-06-03T00:00:00.000Z,2026-06-03T23:59:59.000Z,1454.3803510464406,133292.56224190907,1921.2829142544344,38283.70622695339,7656.741217854666,144.6053636325,7801.346581487165,true,daily-api,
2026-06-04,2026-06-04,2026-06-04,2026-06-04T00:00:00.000Z,2026-06-04T23:59:59.000Z,9964.5412442026,176977.11553473544,1775.5646328716166,39804.29508953816,7960.858701739684,338.613301435,8299.472003174684,true,daily-api,
2026-06-05,2026-06-05,2026-06-05,2026-06-05T00:00:00.000Z,2026-06-05T23:59:59.000Z,9566.645694803561,300476.9542335818,2093.944812495255,81135.55346960665,16227.11060622149,365.554795000482,16592.66540122197,true,daily-api,
2026-06-06,2026-06-06,2026-06-06,2026-06-06T00:00:00.000Z,2026-06-06T23:59:59.000Z,2947.6613774878983,67781.06404771618,1624.4745409797422,1524.3096527674986,304.86185521315633,89.808720860479,394.67057607363535,true,daily-api,
2026-06-07,2026-06-07,2026-06-07,2026-06-07T00:00:00.000Z,2026-06-07T23:59:59.000Z,0,11079.25689532032,1812.6999689919762,139.6167681888,27.92335143776,71.462585,99.38593643776001,true,daily-api,
2026-06-08,2026-06-08,2026-06-08,2026-06-08T00:00:00.000Z,2026-06-08T23:59:59.000Z,0,946.23572261,1769.5010086062996,69.39213665,13.87842633,22.5634416,36.44186793,true,daily-api,
2026-06-09,2026-06-09,2026-06-09,2026-06-09T00:00:00.000Z,2026-06-09T23:59:59.000Z,0,14650.88158091,1668.6565461063888,246.55422837,49.31084547,1.2188265,50.529671969999995,true,daily-api,
2026-06-10,2026-06-10,2026-06-10,2026-06-10T00:00:00.000Z,2026-06-10T23:59:59.000Z,51.00947437157146,10792.09801837084,1856.7740506867115,100.33385073579,20.06676980915,1.006032,21.07280180915,true,daily-api,
2026-06-11,2026-06-11,2026-06-11,2026-06-11T00:00:00.000Z,2026-06-11T23:59:59.000Z,0,966.838875,1773.285541588585,3.11267408225,0.62253441645,11.86422,12.48675441645,true,daily-api,
2026-06-12,2026-06-12,2026-06-12,2026-06-12T00:00:00.000Z,2026-06-12T23:59:59.000Z,45.95244322858767,27196.513193890078,1655.0396432618406,2592.626498256173,518.525297222826,35.155454792,553.680752014826,true,daily-api,
2026-06-13,2026-06-13,2026-06-13,2026-06-13T00:00:00.000Z,2026-06-13T23:59:59.000Z,0,967.056598,1858.0315638808663,122.823599,24.564719,30.6887768632,55.2534958632,true,daily-api,
2026-06-14,2026-06-14,2026-06-14,2026-06-14T00:00:00.000Z,2026-06-14T23:59:59.000Z,0,207.135632746695,1597.132787050956,0.00287103492,0.00049748442,4.86548172,4.86597920442,true,daily-api,
2026-06-15,2026-06-15,2026-06-15,2026-06-15T00:00:00.000Z,2026-06-15T23:59:59.000Z,0,4131.23748099,1842.2145632477843,44.85427072,8.97085334,31.98576178,40.95661512,true,daily-api,
2026-06-16,2026-06-16,2026-06-16,2026-06-16T00:00:00.000Z,2026-06-16T23:59:59.000Z,0,458.928924,1890.3347113884797,0.01184988,0.00211605,2.64966939,2.6517854400000003,true,daily-api,
2026-06-17,2026-06-17,2026-06-17,2026-06-17T00:00:00.000Z,2026-06-17T23:59:59.000Z,0,1933.02349701,1606.5640269356181,10.61046398,2.12209259,27.5694911472,29.691583737200002,true,daily-api,
2026-06-18,2026-06-18,2026-06-18,2026-06-18T00:00:00.000Z,2026-06-18T23:59:59.000Z,0,2530.133145,1914.5895538382265,144.44124339051,28.88824714619,56.1401723089792,85.0284194551692,true,daily-api,
2026-06-19,2026-06-19,2026-06-19,2026-06-19T00:00:00.000Z,2026-06-19T23:59:59.000Z,0,4728.735391,1605.6104636554896,43.472876,8.694574,26.21,34.904574,true,daily-api,
2026-06-20,2026-06-20,2026-06-20,2026-06-20T00:00:00.000Z,2026-06-20T23:59:59.000Z,0,16115.868558,1842.1790089578496,150.92225798719,30.18445076516,20.367602387619,50.552053152779,true,daily-api,
2026-06-21,2026-06-21,2026-06-21,2026-06-21T00:00:00.000Z,2026-06-21T23:59:59.000Z,1.901474933023774,4827.449530904842,1875.5698580343224,125.5012888970895,25.1002537188465,267.32263695,292.4228906688465,true,daily-api,
2026-06-22,2026-06-22,2026-06-22,2026-06-22T00:00:00.000Z,2026-06-22T23:59:59.000Z,0,16281.259025,1599.7677832681306,2.73285031154,0.5465699668,19.4869015,20.0334714668,true,daily-api,
2026-06-23,2026-06-23,2026-06-23,2026-06-23T00:00:00.000Z,2026-06-23T23:59:59.000Z,1161.6992138458068,22805.58433895105,1818.0489600682295,731.178814819228,146.235515690774,22.95943365,169.194949340774,true,daily-api,
2026-06-24,2026-06-24,2026-06-24,2026-06-24T00:00:00.000Z,2026-06-24T23:59:59.000Z,3734.149448031754,42071.06743602944,1736.3138506977582,5387.39587061717,1077.47914484869,7.6294,1085.1085448486901,true,daily-api,
2026-06-25,2026-06-25,2026-06-25,2026-06-25T00:00:00.000Z,2026-06-25T23:59:59.000Z,0.8161165538337707,3276.5459987131,1651.425480575042,151.49758686259,30.29951591615,0,30.29951591615,true,daily-api,
2026-06-26,2026-06-26,2026-06-26,2026-06-26T00:00:00.000Z,2026-06-26T23:59:59.000Z,843.2445801927881,14029.439556505615,1774.023537156397,752.058734793764,150.411741498892,5.233736,155.645477498892,true,daily-api,
2026-06-27,2026-06-27,2026-06-27,2026-06-27T00:00:00.000Z,2026-06-27T23:59:59.000Z,0,2209.42919201527,1541.561213515233,10.14339284597,2.02867728353,33.04667132343,35.07534860696,true,daily-api,
2026-06-28,2026-06-28,2026-06-28,2026-06-28T00:00:00.000Z,2026-06-28T23:59:59.000Z,0,0,1765.0334000154742,0,0,6.81394959,6.81394959,true,daily-api,
2026-06-29,2026-06-29,2026-06-29,2026-06-29T00:00:00.000Z,2026-06-29T23:59:59.000Z,0,420.558068351748,1801.3059282627266,107.753502446184,21.550699870191,0,21.550699870191,true,daily-api,
2026-06-30,2026-06-30,2026-06-30,2026-06-30T00:00:00.000Z,2026-06-30T23:59:59.000Z,0,1655.46164805086,1537.1630693171794,40.89750895509,8.179499794,0,8.179499794,true,daily-api,
2026-07-01,2026-07-01,2026-07-01,2026-07-01T00:00:00.000Z,2026-07-01T23:59:59.000Z,0,3747.79965317243,2684.1331562231453,2310.78339025119,462.15641476153,0,462.15641476153,true,daily-api,
2026-07-02,2026-07-02,2026-07-02,2026-07-02T00:00:00.000Z,2026-07-02T23:59:59.000Z,0,1360.293789,2369.171922735614,33.61866,6.72373,0,6.72373,true,daily-api,
2026-07-03,2026-07-03,2026-07-03,2026-07-03T00:00:00.000Z,2026-07-03T23:59:59.000Z,0,1853.015524442575,2166.9675121671694,1.802862805635,0.36057189353,0,0.36057189353,true,daily-api,
2026-07-04,2026-07-04,2026-07-04,2026-07-04T00:00:00.000Z,2026-07-04T23:59:59.000Z,0,1459.601797099628,2234.5180761594893,8.295645213928,1.659128755538,0,1.659128755538,true,daily-api,
2026-07-05,2026-07-05,2026-07-05,2026-07-05T00:00:00.000Z,2026-07-05T23:59:59.000Z,0,12006.73583025715,1761.5411129428912,170.488038395005,34.097606852245,0,34.097606852245,true,daily-api,
2026-07-06,2026-07-06,2026-07-06,2026-07-06T00:00:00.000Z,2026-07-06T23:59:59.000Z,0,2354.797421,2016.862387964623,6.019633,1.203926,0,1.203926,true,daily-api,
2026-07-07,2026-07-07,2026-07-07,2026-07-07T00:00:00.000Z,2026-07-07T23:59:59.000Z,0,4330.649252163244,2007.8995672606347,59.720911597312,11.944181631428,0,11.944181631428,true,daily-api,
2026-07-08,2026-07-08,2026-07-08,2026-07-08T00:00:00.000Z,2026-07-08T23:59:59.000Z,0,21908.68299803,1796.9386582265263,12.658760335028,2.531751831146,0,2.531751831146,true,daily-api,
2026-07-09,2026-07-09,2026-07-09,2026-07-09T00:00:00.000Z,2026-07-09T23:59:59.000Z,0,3429.35999983176,1995.6000846280667,2.806393267488,0.561278567568,0,0.561278567568,true,daily-api,
2026-07-10,2026-07-10,2026-07-10,2026-07-10T00:00:00.000Z,2026-07-10T23:59:59.000Z,0,1299.6038714323445,1899.3151249498915,62.89219925114708,12.57843885290386,0,12.57843885290386,true,daily-api,
2026-07-11,2026-07-11,2026-07-11,2026-07-11T00:00:00.000Z,2026-07-11T23:59:59.000Z,0,5000,1917.0726907052515,61.632483,12.326496,0,12.326496,true,daily-api,
2026-07-12,2026-07-12,2026-07-12,2026-07-12T00:00:00.000Z,2026-07-12T23:59:59.000Z,0,5000,1965.6761612679027,0,0,0,0,true,daily-api,
2026-07-13,2026-07-13,2026-07-13,2026-07-13T00:00:00.000Z,2026-07-13T23:59:59.000Z,0,1646.914304,1712.967256092627,123.561147,24.712227,0,24.712227,true,daily-api,
2026-07-14,2026-07-14,2026-07-14,2026-07-14T00:00:00.000Z,2026-07-14T23:59:59.000Z,0,1070.3765163,2157.6399056864648,3.1467339415,0.6293459865,0,0.6293459865,true,daily-api,
2026-07-15,2026-07-15,2026-07-15,2026-07-15T00:00:00.000Z,2026-07-15T23:59:59.000Z,0,36638.49839624301,2330.4609557034432,1123.30428397011,224.66085141071,0,224.66085141071,true,daily-api,
2026-07-16,2026-07-16,2026-07-16,2026-07-16T00:00:00.000Z,2026-07-16T23:59:59.000Z,0,1588.072934886,1775.6055256751179,214.8186944304,42.96373688901,0,42.96373688901,true,daily-api,
2026-07-17,2026-07-17,2026-07-17,2026-07-17T00:00:00.000Z,2026-07-17T23:59:59.000Z,22.436926878731928,10202.43967791365,1944.6337474604181,751.85287255,150.370573316,0,,true,daily-api,150.370573316
2026-07-18,2026-07-18,2026-07-18,2026-07-18T00:00:00.000Z,2026-07-18T23:59:59.000Z,272.5903075550791,28235.53176150701,1828.257954131023,76.759198299743,15.3518370599486,0,,true,daily-api,15.3518370599486
2026-07-19,2026-07-19,2026-07-19,2026-07-19T00:00:00.000Z,2026-07-19T23:59:59.000Z,43.34033535789837,390.06301823034,1795.7402103368545,32.9124564748,6.58249129496,0,,true,daily-api,6.58249129496
2026-07-20,2026-07-20,2026-07-20,2026-07-20T00:00:00.000Z,2026-07-20T23:59:59.000Z,44703.93647166042,1168337.6136036364,2174.114886641203,44443.67358353051,8888.73469427965,0,,true,daily-api,8888.73469427965
2026-07-21,2026-07-21,2026-07-21,2026-07-21T00:00:00.000Z,2026-07-21T23:59:59.000Z,11020.202584449427,193716.73554575737,1858.241573565886,312.659141507401,62.531823445349,0,,true,daily-api,62.531823445349
2026-07-22,2026-07-22,2026-07-22,2026-07-22T00:00:00.000Z,2026-07-22T23:59:59.000Z,1184.0569256949645,105933.13413688692,1717.543597642356,341.66483460826,68.33296598336,0,,true,daily-api,68.33296598336
2026-07-23,2026-07-23,2026-07-23,2026-07-23T00:00:00.000Z,2026-07-23T23:59:59.000Z,0,154968.5034447484,1858.9592268933811,343.96181875431,68.79236287502,0,,true,daily-api,68.79236287502
2026-07-24,2026-07-24,2026-07-24,2026-07-24T00:00:00.000Z,2026-07-24T23:59:59.000Z,0,2249.44879159,1587.138163012451,7.90573956,1.58114791,0,,true,daily-api,1.58114791
2026-07-25,2026-07-25,2026-07-25,2026-07-25T00:00:00.000Z,2026-07-25T23:59:59.000Z,235.61515154295859,21316.77464087992,1810.1511490455578,100.20634223268,20.0412682136,0,,true,daily-api,20.0412682136
