archive_format,archive_version,path,utf8_bytes,crc32
liqwid-portable-data,1,"clean/current-all-loans.csv",424617,0474449A
liqwid-portable-data,1,"clean/market-history/ada.csv",368711,43DA0ABD
liqwid-portable-data,1,"clean/market-history/agix.csv",168522,F1BAFBBF
liqwid-portable-data,1,"clean/market-history/btc.csv",156321,862D5C2B
liqwid-portable-data,1,"clean/market-history/copi.csv",180218,4FF5F9D4
liqwid-portable-data,1,"clean/market-history/dai.csv",238387,4153B205
liqwid-portable-data,1,"clean/market-history/djed.csv",372161,0E3FA566
liqwid-portable-data,1,"clean/market-history/erg.csv",234035,FF472C85
liqwid-portable-data,1,"clean/market-history/eth.csv",153267,6279DB64
liqwid-portable-data,1,"clean/market-history/eurc.csv",96497,C3D45B49
liqwid-portable-data,1,"clean/market-history/iag.csv",199003,0EE8040F
liqwid-portable-data,1,"clean/market-history/iusd.csv",325937,E6BF88E7
liqwid-portable-data,1,"clean/market-history/lq.csv",103602,5E953C86
liqwid-portable-data,1,"clean/market-history/min.csv",258170,3109D1D7
liqwid-portable-data,1,"clean/market-history/night.csv",65327,A9CE6C1F
liqwid-portable-data,1,"clean/market-history/pol.csv",108634,50097B85
liqwid-portable-data,1,"clean/market-history/pyusd.csv",59611,2392B6A7
liqwid-portable-data,1,"clean/market-history/shen.csv",307285,3816A46C
liqwid-portable-data,1,"clean/market-history/snek.csv",186615,E0DB61C4
liqwid-portable-data,1,"clean/market-history/usda.csv",139233,F20D88E2
liqwid-portable-data,1,"clean/market-history/usdc.csv",287734,34D8C1F3
liqwid-portable-data,1,"clean/market-history/usdcx-usdm-sundae-lp-stableswap.csv",36341,1D203BDD
liqwid-portable-data,1,"clean/market-history/usdcx.csv",41300,2398B7D1
liqwid-portable-data,1,"clean/market-history/usdm-usda-minswap-lp-stable.csv",19660,6DD2038A
liqwid-portable-data,1,"clean/market-history/usdm.csv",191974,689FA0E3
liqwid-portable-data,1,"clean/market-history/usdt.csv",276576,8E3C7EF9
liqwid-portable-data,1,"clean/market-history/wmt.csv",196891,A71E8C44
liqwid-portable-data,1,"clean/market-params-history/ada.csv",9222,462B4AE6
liqwid-portable-data,1,"clean/market-params-history/agix.csv",6281,3394F9A7
liqwid-portable-data,1,"clean/market-params-history/btc.csv",2728,21E8F4C0
liqwid-portable-data,1,"clean/market-params-history/copi.csv",4289,E3D9CEB6
liqwid-portable-data,1,"clean/market-params-history/dai.csv",5948,770C5F62
liqwid-portable-data,1,"clean/market-params-history/djed.csv",9700,EC940AE2
liqwid-portable-data,1,"clean/market-params-history/erg.csv",5499,F6B49350
liqwid-portable-data,1,"clean/market-params-history/eth.csv",2729,4E7E4704
liqwid-portable-data,1,"clean/market-params-history/eurc.csv",2620,EE231226
liqwid-portable-data,1,"clean/market-params-history/iag.csv",3808,794E3D63
liqwid-portable-data,1,"clean/market-params-history/iusd.csv",9424,B7F3BE79
liqwid-portable-data,1,"clean/market-params-history/lq.csv",2078,3E3F4991
liqwid-portable-data,1,"clean/market-params-history/min.csv",5280,8DF45DE7
liqwid-portable-data,1,"clean/market-params-history/night.csv",2889,55E58A9F
liqwid-portable-data,1,"clean/market-params-history/pol.csv",1328,4C203FB7
liqwid-portable-data,1,"clean/market-params-history/pyusd.csv",2620,60C582A9
liqwid-portable-data,1,"clean/market-params-history/shen.csv",6264,29B19DFC
liqwid-portable-data,1,"clean/market-params-history/snek.csv",4562,C8342E30
liqwid-portable-data,1,"clean/market-params-history/usda.csv",3228,2E0871D5
liqwid-portable-data,1,"clean/market-params-history/usdc.csv",6727,1CA600CF
liqwid-portable-data,1,"clean/market-params-history/usdcx-usdm-sundae-lp-stableswap.csv",2228,4940BDA6
liqwid-portable-data,1,"clean/market-params-history/usdcx.csv",1276,4A72B34C
liqwid-portable-data,1,"clean/market-params-history/usdm-usda-minswap-lp-stable.csv",1230,1AF05898
liqwid-portable-data,1,"clean/market-params-history/usdm.csv",5146,A09D4FAB
liqwid-portable-data,1,"clean/market-params-history/usdt.csv",6988,3EE30C73
liqwid-portable-data,1,"clean/market-params-history/wmt.csv",5714,4256B0AD
liqwid-portable-data,1,"clean/markets.csv",138262,C87E0D65
liqwid-portable-data,1,"clean/protocol-fees-daily.csv",62826,171A0791
liqwid-portable-data,1,"clean/protocol-liquidation-monthly.csv",7080,ABD05048
liqwid-portable-data,1,"clean/protocol-overview-daily.csv",267420,400FBF4F
liqwid-portable-data,1,"clean/protocol-totals.csv",137,AB9E5DB7
liqwid-portable-data,1,"computed/loan-health-history.csv",142080,C64A06A3
liqwid-portable-data,1,"computed/loan-participation-history.csv",39818,9E896F29
liqwid-portable-data,1,"computed/loan-reconciliation-history.csv",108179,EDA9897C
liqwid-portable-data,1,"metadata/market-params-cursors.csv",1048,67C8F604
liqwid-portable-data,1,"metadata/settings.csv",238,C7256893
liqwid-portable-data,1,"raw/api/fetches/20260716T154708070Z/loans/active-debt.json",85066,A00397D0
liqwid-portable-data,1,"raw/api/fetches/20260716T154708070Z/loans/liquidatable.json",635,61D4D75B
liqwid-portable-data,1,"raw/api/fetches/20260716T154708070Z/market-history/ada.json",794311,B2F94742
liqwid-portable-data,1,"raw/api/fetches/20260716T154708070Z/market-history/agix.json",495775,C0047872
liqwid-portable-data,1,"raw/api/fetches/20260716T154708070Z/market-history/btc.json",369921,00295F45
liqwid-portable-data,1,"raw/api/fetches/20260716T154708070Z/market-history/copi.json",446016,961D2178
liqwid-portable-data,1,"raw/api/fetches/20260716T154708070Z/market-history/dai.json",573454,10C4D76F
liqwid-portable-data,1,"raw/api/fetches/20260716T154708070Z/market-history/djed.json",785945,C9675FDB
liqwid-portable-data,1,"raw/api/fetches/20260716T154708070Z/market-history/erg.json",535604,BF4C5CEF
liqwid-portable-data,1,"raw/api/fetches/20260716T154708070Z/market-history/eth.json",366804,2D25A0F1
liqwid-portable-data,1,"raw/api/fetches/20260716T154708070Z/market-history/eurc.json",240835,FE9C40E5
liqwid-portable-data,1,"raw/api/fetches/20260716T154708070Z/market-history/iag.json",465442,4A000C5D
liqwid-portable-data,1,"raw/api/fetches/20260716T154708070Z/market-history/iusd.json",709565,3B2AEC22
liqwid-portable-data,1,"raw/api/fetches/20260716T154708070Z/market-history/lq.json",354210,C4736AFB
liqwid-portable-data,1,"raw/api/fetches/20260716T154708070Z/market-history/min.json",587258,3A5CE9A5
liqwid-portable-data,1,"raw/api/fetches/20260716T154708070Z/market-history/night.json",134959,B2C66F41
liqwid-portable-data,1,"raw/api/fetches/20260716T154708070Z/market-history/pol.json",361461,99E66045
liqwid-portable-data,1,"raw/api/fetches/20260716T154708070Z/market-history/pyusd.json",203329,C64AD2A8
liqwid-portable-data,1,"raw/api/fetches/20260716T154708070Z/market-history/shen.json",709567,C0A230D1
liqwid-portable-data,1,"raw/api/fetches/20260716T154708070Z/market-history/snek.json",457735,13987719
liqwid-portable-data,1,"raw/api/fetches/20260716T154708070Z/market-history/usda.json",304498,6333D5E6
liqwid-portable-data,1,"raw/api/fetches/20260716T154708070Z/market-history/usdc.json",637056,0B8BCF39
liqwid-portable-data,1,"raw/api/fetches/20260716T154708070Z/market-history/usdcx-usdm-sundae-lp-stableswap.json",70268,DA2DA4E0
liqwid-portable-data,1,"raw/api/fetches/20260716T154708070Z/market-history/usdcx.json",84482,35CA8B65
liqwid-portable-data,1,"raw/api/fetches/20260716T154708070Z/market-history/usdm-usda-minswap-lp-stable.json",56236,30D586C1
liqwid-portable-data,1,"raw/api/fetches/20260716T154708070Z/market-history/usdm.json",418155,DFFB33FD
liqwid-portable-data,1,"raw/api/fetches/20260716T154708070Z/market-history/usdt.json",619272,FB099806
liqwid-portable-data,1,"raw/api/fetches/20260716T154708070Z/market-history/wmt.json",525544,AFEBD9E4
liqwid-portable-data,1,"raw/api/fetches/20260716T154708070Z/market-params-history/ada.json",19302,9EC531CB
liqwid-portable-data,1,"raw/api/fetches/20260716T154708070Z/market-params-history/agix.json",13230,C7ACEAF8
liqwid-portable-data,1,"raw/api/fetches/20260716T154708070Z/market-params-history/btc.json",6675,E46E8C1B
liqwid-portable-data,1,"raw/api/fetches/20260716T154708070Z/market-params-history/copi.json",9718,2071A4F9
liqwid-portable-data,1,"raw/api/fetches/20260716T154708070Z/market-params-history/dai.json",13023,D273D2D3
liqwid-portable-data,1,"raw/api/fetches/20260716T154708070Z/market-params-history/djed.json",19956,68592CFB
liqwid-portable-data,1,"raw/api/fetches/20260716T154708070Z/market-params-history/erg.json",12142,22CD65F0
liqwid-portable-data,1,"raw/api/fetches/20260716T154708070Z/market-params-history/eth.json",6676,C5DE103B
liqwid-portable-data,1,"raw/api/fetches/20260716T154708070Z/market-params-history/eurc.json",5992,1801A5F3
liqwid-portable-data,1,"raw/api/fetches/20260716T154708070Z/market-params-history/iag.json",8627,154B2085
liqwid-portable-data,1,"raw/api/fetches/20260716T154708070Z/market-params-history/iusd.json",19372,D8E3E7D2
liqwid-portable-data,1,"raw/api/fetches/20260716T154708070Z/market-params-history/lq.json",6895,A6245CDA
liqwid-portable-data,1,"raw/api/fetches/20260716T154708070Z/market-params-history/min.json",11619,B6353DB1
liqwid-portable-data,1,"raw/api/fetches/20260716T154708070Z/market-params-history/night.json",4633,897BC5C3
liqwid-portable-data,1,"raw/api/fetches/20260716T154708070Z/market-params-history/pol.json",4322,1B19A662
liqwid-portable-data,1,"raw/api/fetches/20260716T154708070Z/market-params-history/pyusd.json",5994,F12BDF7C
liqwid-portable-data,1,"raw/api/fetches/20260716T154708070Z/market-params-history/shen.json",13873,8225441D
liqwid-portable-data,1,"raw/api/fetches/20260716T154708070Z/market-params-history/snek.json",10295,2A6AE518
liqwid-portable-data,1,"raw/api/fetches/20260716T154708070Z/market-params-history/usda.json",6604,0174529A
liqwid-portable-data,1,"raw/api/fetches/20260716T154708070Z/market-params-history/usdc.json",13595,158B1409
liqwid-portable-data,1,"raw/api/fetches/20260716T154708070Z/market-params-history/usdcx-usdm-sundae-lp-stableswap.json",4187,0F28C7B5
liqwid-portable-data,1,"raw/api/fetches/20260716T154708070Z/market-params-history/usdcx.json",3086,BE26A53A
liqwid-portable-data,1,"raw/api/fetches/20260716T154708070Z/market-params-history/usdm-usda-minswap-lp-stable.json",3076,E1480009
liqwid-portable-data,1,"raw/api/fetches/20260716T154708070Z/market-params-history/usdm.json",10098,B3E26EB1
liqwid-portable-data,1,"raw/api/fetches/20260716T154708070Z/market-params-history/usdt.json",14169,E662C615
liqwid-portable-data,1,"raw/api/fetches/20260716T154708070Z/market-params-history/wmt.json",12705,8EB97422
liqwid-portable-data,1,"raw/api/fetches/20260716T154708070Z/markets/page-0000.json",20096,D9CF2550
liqwid-portable-data,1,"raw/api/fetches/20260716T154708070Z/protocol-fees/2026-01-01.json",1660,9AD495CA
liqwid-portable-data,1,"raw/api/fetches/20260716T154708070Z/protocol-fees/2026-02-01.json",1664,745EDB8A
liqwid-portable-data,1,"raw/api/fetches/20260716T154708070Z/protocol-fees/2026-03-01.json",1664,C4BA0600
liqwid-portable-data,1,"raw/api/fetches/20260716T154708070Z/protocol-fees/2026-04-01.json",1663,840FC8DD
liqwid-portable-data,1,"raw/api/fetches/20260716T154708070Z/protocol-fees/2026-05-01.json",1660,6D60E104
liqwid-portable-data,1,"raw/api/fetches/20260716T154708070Z/protocol-fees/2026-06-01.json",1665,267B2B10
liqwid-portable-data,1,"raw/api/fetches/20260716T154708070Z/protocol-fees/2026-07-01.json",1586,05B4C108
liqwid-portable-data,1,"raw/api/fetches/20260716T154708070Z/protocol-overview/daily/2023-04-01.json",437,EFF222EF
liqwid-portable-data,1,"raw/api/fetches/20260716T154708070Z/protocol-overview/daily/2023-04-02.json",433,2227075E
liqwid-portable-data,1,"raw/api/fetches/20260716T154708070Z/protocol-overview/daily/2023-04-03.json",440,53A84E8F
liqwid-portable-data,1,"raw/api/fetches/20260716T154708070Z/protocol-overview/daily/2023-04-04.json",442,7B6DD214
liqwid-portable-data,1,"raw/api/fetches/20260716T154708070Z/protocol-overview/daily/2023-04-05.json",443,4E203761
liqwid-portable-data,1,"raw/api/fetches/20260716T154708070Z/protocol-overview/daily/2023-04-06.json",449,B12CC63B
liqwid-portable-data,1,"raw/api/fetches/20260716T154708070Z/protocol-overview/daily/2023-04-07.json",446,00126024
liqwid-portable-data,1,"raw/api/fetches/20260716T154708070Z/protocol-overview/daily/2023-04-08.json",440,0F1E02FC
liqwid-portable-data,1,"raw/api/fetches/20260716T154708070Z/protocol-overview/daily/2023-04-09.json",449,ADFC5A70
liqwid-portable-data,1,"raw/api/fetches/20260716T154708070Z/protocol-overview/daily/2023-04-10.json",445,FD39752D
liqwid-portable-data,1,"raw/api/fetches/20260716T154708070Z/protocol-overview/daily/2023-04-11.json",445,305D42E8
liqwid-portable-data,1,"raw/api/fetches/20260716T154708070Z/protocol-overview/daily/2023-04-12.json",449,00337187
liqwid-portable-data,1,"raw/api/fetches/20260716T154708070Z/protocol-overview/daily/2023-04-13.json",446,E8954321
liqwid-portable-data,1,"raw/api/fetches/20260716T154708070Z/protocol-overview/daily/2023-04-14.json",469,5269EEF8
liqwid-portable-data,1,"raw/api/fetches/20260716T154708070Z/protocol-overview/daily/2023-04-15.json",449,A0F830F1
liqwid-portable-data,1,"raw/api/fetches/20260716T154708070Z/protocol-overview/daily/2023-04-16.json",446,FCEA92B8
liqwid-portable-data,1,"raw/api/fetches/20260716T154708070Z/protocol-overview/daily/2023-04-17.json",441,84C7BEE8
liqwid-portable-data,1,"raw/api/fetches/20260716T154708070Z/protocol-overview/daily/2023-04-18.json",440,228C5642
liqwid-portable-data,1,"raw/api/fetches/20260716T154708070Z/protocol-overview/daily/2023-04-19.json",439,CE03CC50
liqwid-portable-data,1,"raw/api/fetches/20260716T154708070Z/protocol-overview/daily/2023-04-20.json",447,A99A36CA
liqwid-portable-data,1,"raw/api/fetches/20260716T154708070Z/protocol-overview/daily/2023-04-21.json",464,8163D779
liqwid-portable-data,1,"raw/api/fetches/20260716T154708070Z/protocol-overview/daily/2023-04-22.json",441,5C8D8317
liqwid-portable-data,1,"raw/api/fetches/20260716T154708070Z/protocol-overview/daily/2023-04-23.json",431,3D181287
liqwid-portable-data,1,"raw/api/fetches/20260716T154708070Z/protocol-overview/daily/2023-04-24.json",444,DFC89664
liqwid-portable-data,1,"raw/api/fetches/20260716T154708070Z/protocol-overview/daily/2023-04-25.json",444,A73847CB
liqwid-portable-data,1,"raw/api/fetches/20260716T154708070Z/protocol-overview/daily/2023-04-26.json",439,EF3E14B7
liqwid-portable-data,1,"raw/api/fetches/20260716T154708070Z/protocol-overview/daily/2023-04-27.json",441,37EB24B7
liqwid-portable-data,1,"raw/api/fetches/20260716T154708070Z/protocol-overview/daily/2023-04-28.json",440,8CF423B3
liqwid-portable-data,1,"raw/api/fetches/20260716T154708070Z/protocol-overview/daily/2023-04-29.json",440,11DA090C
liqwid-portable-data,1,"raw/api/fetches/20260716T154708070Z/protocol-overview/daily/2023-04-30.json",443,4EB71564
liqwid-portable-data,1,"raw/api/fetches/20260716T154708070Z/protocol-overview/daily/2023-06-01.json",449,406A27B6
liqwid-portable-data,1,"raw/api/fetches/20260716T154708070Z/protocol-overview/daily/2023-06-02.json",444,A149B258
liqwid-portable-data,1,"raw/api/fetches/20260716T154708070Z/protocol-overview/daily/2023-06-03.json",449,4FB4283A
liqwid-portable-data,1,"raw/api/fetches/20260716T154708070Z/protocol-overview/daily/2023-06-04.json",445,20DA5FCF
liqwid-portable-data,1,"raw/api/fetches/20260716T154708070Z/protocol-overview/daily/2023-06-05.json",450,8D2CEFCC
liqwid-portable-data,1,"raw/api/fetches/20260716T154708070Z/protocol-overview/daily/2023-06-06.json",465,3BD38B0B
liqwid-portable-data,1,"raw/api/fetches/20260716T154708070Z/protocol-overview/daily/2023-06-07.json",467,98281130
liqwid-portable-data,1,"raw/api/fetches/20260716T154708070Z/protocol-overview/daily/2023-06-08.json",435,F2119917
liqwid-portable-data,1,"raw/api/fetches/20260716T154708070Z/protocol-overview/daily/2023-06-09.json",465,9244A979
liqwid-portable-data,1,"raw/api/fetches/20260716T154708070Z/protocol-overview/daily/2023-06-10.json",466,72692B3E
liqwid-portable-data,1,"raw/api/fetches/20260716T154708070Z/protocol-overview/daily/2023-06-11.json",463,CDC7D408
liqwid-portable-data,1,"raw/api/fetches/20260716T154708070Z/protocol-overview/daily/2023-06-12.json",462,07E27F22
liqwid-portable-data,1,"raw/api/fetches/20260716T154708070Z/protocol-overview/daily/2023-06-13.json",447,A93CB0C8
liqwid-portable-data,1,"raw/api/fetches/20260716T154708070Z/protocol-overview/daily/2023-06-14.json",463,5ECFC3F5
liqwid-portable-data,1,"raw/api/fetches/20260716T154708070Z/protocol-overview/daily/2023-06-15.json",461,749C40B7
liqwid-portable-data,1,"raw/api/fetches/20260716T154708070Z/protocol-overview/daily/2023-06-16.json",444,87098DEB
liqwid-portable-data,1,"raw/api/fetches/20260716T154708070Z/protocol-overview/daily/2023-06-17.json",440,0B1F36D3
liqwid-portable-data,1,"raw/api/fetches/20260716T154708070Z/protocol-overview/daily/2023-06-18.json",450,DA19CF6B
liqwid-portable-data,1,"raw/api/fetches/20260716T154708070Z/protocol-overview/daily/2023-06-19.json",461,FCF11387
liqwid-portable-data,1,"raw/api/fetches/20260716T154708070Z/protocol-overview/daily/2023-06-20.json",445,A6A3F9B5
liqwid-portable-data,1,"raw/api/fetches/20260716T154708070Z/protocol-overview/daily/2023-06-21.json",463,449F243E
liqwid-portable-data,1,"raw/api/fetches/20260716T154708070Z/protocol-overview/daily/2023-06-22.json",462,B5EA8743
liqwid-portable-data,1,"raw/api/fetches/20260716T154708070Z/protocol-overview/daily/2023-06-23.json",441,CB65FFC9
liqwid-portable-data,1,"raw/api/fetches/20260716T154708070Z/protocol-overview/daily/2023-06-24.json",443,FC5B514F
liqwid-portable-data,1,"raw/api/fetches/20260716T154708070Z/protocol-overview/daily/2023-06-25.json",429,2750CC2F
liqwid-portable-data,1,"raw/api/fetches/20260716T154708070Z/protocol-overview/daily/2023-06-26.json",447,68C97B0B
liqwid-portable-data,1,"raw/api/fetches/20260716T154708070Z/protocol-overview/daily/2023-06-27.json",444,8C68CC8D
liqwid-portable-data,1,"raw/api/fetches/20260716T154708070Z/protocol-overview/daily/2023-06-28.json",462,9AB7A920
liqwid-portable-data,1,"raw/api/fetches/20260716T154708070Z/protocol-overview/daily/2023-06-29.json",441,CD053F75
liqwid-portable-data,1,"raw/api/fetches/20260716T154708070Z/protocol-overview/daily/2023-06-30.json",445,63301D2F
liqwid-portable-data,1,"raw/api/fetches/20260716T154708070Z/protocol-overview/daily/2023-07-01.json",442,6B1E039B
liqwid-portable-data,1,"raw/api/fetches/20260716T154708070Z/protocol-overview/daily/2023-07-02.json",438,1F18FE2B
liqwid-portable-data,1,"raw/api/fetches/20260716T154708070Z/protocol-overview/daily/2023-07-03.json",439,8A0557C5
liqwid-portable-data,1,"raw/api/fetches/20260716T154708070Z/protocol-overview/daily/2023-07-04.json",442,F853B6A8
liqwid-portable-data,1,"raw/api/fetches/20260716T154708070Z/protocol-overview/daily/2023-07-05.json",445,16BB4AC1
liqwid-portable-data,1,"raw/api/fetches/20260716T154708070Z/protocol-overview/daily/2023-07-06.json",442,48F86587
liqwid-portable-data,1,"raw/api/fetches/20260716T154708070Z/protocol-overview/daily/2023-07-07.json",441,59065BDF
liqwid-portable-data,1,"raw/api/fetches/20260716T154708070Z/protocol-overview/daily/2023-07-08.json",441,5C15CE43
liqwid-portable-data,1,"raw/api/fetches/20260716T154708070Z/protocol-overview/daily/2023-07-09.json",442,A3B6A8F0
liqwid-portable-data,1,"raw/api/fetches/20260716T154708070Z/protocol-overview/daily/2023-07-10.json",447,8E1FE640
liqwid-portable-data,1,"raw/api/fetches/20260716T154708070Z/protocol-overview/daily/2023-07-11.json",461,91129BEC
liqwid-portable-data,1,"raw/api/fetches/20260716T154708070Z/protocol-overview/daily/2023-07-12.json",445,F3C5E8AB
liqwid-portable-data,1,"raw/api/fetches/20260716T154708070Z/protocol-overview/daily/2023-07-13.json",464,D60AEE42
liqwid-portable-data,1,"raw/api/fetches/20260716T154708070Z/protocol-overview/daily/2023-07-14.json",448,65C14A24
liqwid-portable-data,1,"raw/api/fetches/20260716T154708070Z/protocol-overview/daily/2023-07-15.json",447,13A20B34
liqwid-portable-data,1,"raw/api/fetches/20260716T154708070Z/protocol-overview/daily/2023-07-16.json",449,CA141723
liqwid-portable-data,1,"raw/api/fetches/20260716T154708070Z/protocol-overview/daily/2023-07-17.json",447,5BD16410
liqwid-portable-data,1,"raw/api/fetches/20260716T154708070Z/protocol-overview/daily/2023-07-18.json",448,B6A835B4
liqwid-portable-data,1,"raw/api/fetches/20260716T154708070Z/protocol-overview/daily/2023-07-19.json",447,3DB13C72
liqwid-portable-data,1,"raw/api/fetches/20260716T154708070Z/protocol-overview/daily/2023-07-20.json",446,684C2BEE
liqwid-portable-data,1,"raw/api/fetches/20260716T154708070Z/protocol-overview/daily/2023-07-21.json",439,08DA7A75
liqwid-portable-data,1,"raw/api/fetches/20260716T154708070Z/protocol-overview/daily/2023-07-22.json",433,F8596FA0
liqwid-portable-data,1,"raw/api/fetches/20260716T154708070Z/protocol-overview/daily/2023-07-23.json",446,BC061AB2
liqwid-portable-data,1,"raw/api/fetches/20260716T154708070Z/protocol-overview/daily/2023-07-24.json",440,248D2184
liqwid-portable-data,1,"raw/api/fetches/20260716T154708070Z/protocol-overview/daily/2023-07-25.json",448,7AD211F3
liqwid-portable-data,1,"raw/api/fetches/20260716T154708070Z/protocol-overview/daily/2023-07-26.json",446,8EF157BD
liqwid-portable-data,1,"raw/api/fetches/20260716T154708070Z/protocol-overview/daily/2023-07-27.json",445,6D48E42A
liqwid-portable-data,1,"raw/api/fetches/20260716T154708070Z/protocol-overview/daily/2023-07-28.json",442,9D3CB27E
liqwid-portable-data,1,"raw/api/fetches/20260716T154708070Z/protocol-overview/daily/2023-07-29.json",433,930EE3FE
liqwid-portable-data,1,"raw/api/fetches/20260716T154708070Z/protocol-overview/daily/2023-07-30.json",448,388D4697
liqwid-portable-data,1,"raw/api/fetches/20260716T154708070Z/protocol-overview/daily/2023-07-31.json",444,5986CAC0
liqwid-portable-data,1,"raw/api/fetches/20260716T154708070Z/protocol-overview/daily/2023-08-01.json",447,8AA39705
liqwid-portable-data,1,"raw/api/fetches/20260716T154708070Z/protocol-overview/daily/2023-08-02.json",447,BF016E72
liqwid-portable-data,1,"raw/api/fetches/20260716T154708070Z/protocol-overview/daily/2023-08-03.json",465,911E01FE
liqwid-portable-data,1,"raw/api/fetches/20260716T154708070Z/protocol-overview/daily/2023-08-04.json",449,BC13D693
liqwid-portable-data,1,"raw/api/fetches/20260716T154708070Z/protocol-overview/daily/2023-08-05.json",448,7C9F0F9F
liqwid-portable-data,1,"raw/api/fetches/20260716T154708070Z/protocol-overview/daily/2023-08-06.json",444,4F9734C8
liqwid-portable-data,1,"raw/api/fetches/20260716T154708070Z/protocol-overview/daily/2023-08-07.json",466,214127E0
liqwid-portable-data,1,"raw/api/fetches/20260716T154708070Z/protocol-overview/daily/2023-08-08.json",446,A0D41956
liqwid-portable-data,1,"raw/api/fetches/20260716T154708070Z/protocol-overview/daily/2023-08-09.json",444,6E1629CA
liqwid-portable-data,1,"raw/api/fetches/20260716T154708070Z/protocol-overview/daily/2023-08-10.json",444,F74D4944
liqwid-portable-data,1,"raw/api/fetches/20260716T154708070Z/protocol-overview/daily/2023-08-11.json",448,20D41AAA
liqwid-portable-data,1,"raw/api/fetches/20260716T154708070Z/protocol-overview/daily/2023-08-12.json",447,6A97A921
liqwid-portable-data,1,"raw/api/fetches/20260716T154708070Z/protocol-overview/daily/2023-08-13.json",447,F9AD60CF
liqwid-portable-data,1,"raw/api/fetches/20260716T154708070Z/protocol-overview/daily/2023-08-14.json",446,212E7798
liqwid-portable-data,1,"raw/api/fetches/20260716T154708070Z/protocol-overview/daily/2023-08-15.json",442,8E06F3F7
liqwid-portable-data,1,"raw/api/fetches/20260716T154708070Z/protocol-overview/daily/2023-08-16.json",464,3B1A8FEF
liqwid-portable-data,1,"raw/api/fetches/20260716T154708070Z/protocol-overview/daily/2023-08-17.json",466,E42E5769
liqwid-portable-data,1,"raw/api/fetches/20260716T154708070Z/protocol-overview/daily/2023-08-18.json",449,2028F1DF
liqwid-portable-data,1,"raw/api/fetches/20260716T154708070Z/protocol-overview/daily/2023-08-19.json",448,05564E30
liqwid-portable-data,1,"raw/api/fetches/20260716T154708070Z/protocol-overview/daily/2023-08-20.json",444,D3F25627
liqwid-portable-data,1,"raw/api/fetches/20260716T154708070Z/protocol-overview/daily/2023-08-21.json",449,279A96F7
liqwid-portable-data,1,"raw/api/fetches/20260716T154708070Z/protocol-overview/daily/2023-08-22.json",464,5AAEB91A
liqwid-portable-data,1,"raw/api/fetches/20260716T154708070Z/protocol-overview/daily/2023-08-23.json",446,5A86DE4B
liqwid-portable-data,1,"raw/api/fetches/20260716T154708070Z/protocol-overview/daily/2023-08-24.json",449,C1F202C8
liqwid-portable-data,1,"raw/api/fetches/20260716T154708070Z/protocol-overview/daily/2023-08-25.json",448,FA842F58
liqwid-portable-data,1,"raw/api/fetches/20260716T154708070Z/protocol-overview/daily/2023-08-26.json",447,D5A3EBC9
liqwid-portable-data,1,"raw/api/fetches/20260716T154708070Z/protocol-overview/daily/2023-08-27.json",441,40EDAB8D
liqwid-portable-data,1,"raw/api/fetches/20260716T154708070Z/protocol-overview/daily/2023-08-28.json",464,872D0AD8
liqwid-portable-data,1,"raw/api/fetches/20260716T154708070Z/protocol-overview/daily/2023-08-29.json",447,066C26F3
liqwid-portable-data,1,"raw/api/fetches/20260716T154708070Z/protocol-overview/daily/2023-08-30.json",445,1E2536E1
liqwid-portable-data,1,"raw/api/fetches/20260716T154708070Z/protocol-overview/daily/2023-08-31.json",446,06992DB8
liqwid-portable-data,1,"raw/api/fetches/20260716T154708070Z/protocol-overview/daily/2023-09-01.json",445,037A3C56
liqwid-portable-data,1,"raw/api/fetches/20260716T154708070Z/protocol-overview/daily/2023-09-02.json",448,108E29B5
liqwid-portable-data,1,"raw/api/fetches/20260716T154708070Z/protocol-overview/daily/2023-09-03.json",446,70DFA7C3
liqwid-portable-data,1,"raw/api/fetches/20260716T154708070Z/protocol-overview/daily/2023-09-04.json",446,1E9B2697
liqwid-portable-data,1,"raw/api/fetches/20260716T154708070Z/protocol-overview/daily/2023-09-05.json",443,FDB51F3C
liqwid-portable-data,1,"raw/api/fetches/20260716T154708070Z/protocol-overview/daily/2023-09-06.json",447,3543522B
liqwid-portable-data,1,"raw/api/fetches/20260716T154708070Z/protocol-overview/daily/2023-09-07.json",441,90CBFC55
liqwid-portable-data,1,"raw/api/fetches/20260716T154708070Z/protocol-overview/daily/2023-09-08.json",449,D479BCB8
liqwid-portable-data,1,"raw/api/fetches/20260716T154708070Z/protocol-overview/daily/2023-09-09.json",446,3817E1CA
liqwid-portable-data,1,"raw/api/fetches/20260716T154708070Z/protocol-overview/daily/2023-09-10.json",465,B0F75AF8
liqwid-portable-data,1,"raw/api/fetches/20260716T154708070Z/protocol-overview/daily/2023-09-11.json",467,A41D51B2
liqwid-portable-data,1,"raw/api/fetches/20260716T154708070Z/protocol-overview/daily/2023-09-12.json",447,D7413D8F
liqwid-portable-data,1,"raw/api/fetches/20260716T154708070Z/protocol-overview/daily/2023-09-13.json",443,8C55DAAA
liqwid-portable-data,1,"raw/api/fetches/20260716T154708070Z/protocol-overview/daily/2023-09-14.json",441,88EF0ADA
liqwid-portable-data,1,"raw/api/fetches/20260716T154708070Z/protocol-overview/daily/2023-09-15.json",446,3BD25DE0
liqwid-portable-data,1,"raw/api/fetches/20260716T154708070Z/protocol-overview/daily/2023-09-16.json",441,6B488B28
liqwid-portable-data,1,"raw/api/fetches/20260716T154708070Z/protocol-overview/daily/2023-09-17.json",449,3A1D8EFF
liqwid-portable-data,1,"raw/api/fetches/20260716T154708070Z/protocol-overview/daily/2023-09-18.json",449,63061F02
liqwid-portable-data,1,"raw/api/fetches/20260716T154708070Z/protocol-overview/daily/2023-09-19.json",448,71DE29C1
liqwid-portable-data,1,"raw/api/fetches/20260716T154708070Z/protocol-overview/daily/2023-09-20.json",449,EF2F2E06
liqwid-portable-data,1,"raw/api/fetches/20260716T154708070Z/protocol-overview/daily/2023-09-21.json",449,190522FD
liqwid-portable-data,1,"raw/api/fetches/20260716T154708070Z/protocol-overview/daily/2023-09-22.json",452,D3244EFC
liqwid-portable-data,1,"raw/api/fetches/20260716T154708070Z/protocol-overview/daily/2023-09-23.json",445,1A7DBFF4
liqwid-portable-data,1,"raw/api/fetches/20260716T154708070Z/protocol-overview/daily/2023-09-24.json",450,D00FB47F
liqwid-portable-data,1,"raw/api/fetches/20260716T154708070Z/protocol-overview/daily/2023-09-25.json",445,9F29C7C6
liqwid-portable-data,1,"raw/api/fetches/20260716T154708070Z/protocol-overview/daily/2023-09-26.json",442,2DD6BEDE
liqwid-portable-data,1,"raw/api/fetches/20260716T154708070Z/protocol-overview/daily/2023-09-27.json",443,79D93E19
liqwid-portable-data,1,"raw/api/fetches/20260716T154708070Z/protocol-overview/daily/2023-09-28.json",451,2584330D
liqwid-portable-data,1,"raw/api/fetches/20260716T154708070Z/protocol-overview/daily/2023-09-29.json",442,B0E176F6
liqwid-portable-data,1,"raw/api/fetches/20260716T154708070Z/protocol-overview/daily/2023-09-30.json",418,EC90877C
liqwid-portable-data,1,"raw/api/fetches/20260716T154708070Z/protocol-overview/daily/2023-10-01.json",463,647C2BDE
liqwid-portable-data,1,"raw/api/fetches/20260716T154708070Z/protocol-overview/daily/2023-10-02.json",449,D28EE36F
liqwid-portable-data,1,"raw/api/fetches/20260716T154708070Z/protocol-overview/daily/2023-10-03.json",449,DDAE444E
liqwid-portable-data,1,"raw/api/fetches/20260716T154708070Z/protocol-overview/daily/2023-10-04.json",449,A8F2ED3A
liqwid-portable-data,1,"raw/api/fetches/20260716T154708070Z/protocol-overview/daily/2023-10-05.json",449,7662DE17
liqwid-portable-data,1,"raw/api/fetches/20260716T154708070Z/protocol-overview/daily/2023-10-06.json",448,DE9306FB
liqwid-portable-data,1,"raw/api/fetches/20260716T154708070Z/protocol-overview/daily/2023-10-07.json",446,7B0B589B
liqwid-portable-data,1,"raw/api/fetches/20260716T154708070Z/protocol-overview/daily/2023-10-08.json",450,69756BED
liqwid-portable-data,1,"raw/api/fetches/20260716T154708070Z/protocol-overview/daily/2023-10-09.json",447,74168FF6
liqwid-portable-data,1,"raw/api/fetches/20260716T154708070Z/protocol-overview/daily/2023-10-10.json",447,214C0C7B
liqwid-portable-data,1,"raw/api/fetches/20260716T154708070Z/protocol-overview/daily/2023-10-11.json",449,B4729A07
liqwid-portable-data,1,"raw/api/fetches/20260716T154708070Z/protocol-overview/daily/2023-10-12.json",448,61F93C4F
liqwid-portable-data,1,"raw/api/fetches/20260716T154708070Z/protocol-overview/daily/2023-10-13.json",447,D8005B4C
liqwid-portable-data,1,"raw/api/fetches/20260716T154708070Z/protocol-overview/daily/2023-10-14.json",446,84AD8567
liqwid-portable-data,1,"raw/api/fetches/20260716T154708070Z/protocol-overview/daily/2023-10-15.json",449,E783C35B
liqwid-portable-data,1,"raw/api/fetches/20260716T154708070Z/protocol-overview/daily/2023-10-16.json",466,67F02FCB
liqwid-portable-data,1,"raw/api/fetches/20260716T154708070Z/protocol-overview/daily/2023-10-17.json",451,D36A5FA3
liqwid-portable-data,1,"raw/api/fetches/20260716T154708070Z/protocol-overview/daily/2023-10-18.json",449,20519F60
liqwid-portable-data,1,"raw/api/fetches/20260716T154708070Z/protocol-overview/daily/2023-10-19.json",452,F86627A7
liqwid-portable-data,1,"raw/api/fetches/20260716T154708070Z/protocol-overview/daily/2023-10-20.json",447,0BB41DBC
liqwid-portable-data,1,"raw/api/fetches/20260716T154708070Z/protocol-overview/daily/2023-10-21.json",466,BD0C1516
liqwid-portable-data,1,"raw/api/fetches/20260716T154708070Z/protocol-overview/daily/2023-10-22.json",449,275709C3
liqwid-portable-data,1,"raw/api/fetches/20260716T154708070Z/protocol-overview/daily/2023-10-23.json",447,C37D3BE3
liqwid-portable-data,1,"raw/api/fetches/20260716T154708070Z/protocol-overview/daily/2023-10-24.json",466,D16A8B2D
liqwid-portable-data,1,"raw/api/fetches/20260716T154708070Z/protocol-overview/daily/2023-10-25.json",449,179AD6C3
liqwid-portable-data,1,"raw/api/fetches/20260716T154708070Z/protocol-overview/daily/2023-10-26.json",450,B9A851E0
liqwid-portable-data,1,"raw/api/fetches/20260716T154708070Z/protocol-overview/daily/2023-10-27.json",451,03A757AB
liqwid-portable-data,1,"raw/api/fetches/20260716T154708070Z/protocol-overview/daily/2023-10-28.json",448,121D3EB5
liqwid-portable-data,1,"raw/api/fetches/20260716T154708070Z/protocol-overview/daily/2023-10-29.json",466,A5C258C5
liqwid-portable-data,1,"raw/api/fetches/20260716T154708070Z/protocol-overview/daily/2023-10-30.json",446,3C821DE3
liqwid-portable-data,1,"raw/api/fetches/20260716T154708070Z/protocol-overview/daily/2023-10-31.json",449,93ABE912
liqwid-portable-data,1,"raw/api/fetches/20260716T154708070Z/protocol-overview/daily/2023-11-01.json",449,0F74AB4A
liqwid-portable-data,1,"raw/api/fetches/20260716T154708070Z/protocol-overview/daily/2023-11-02.json",464,79696F83
liqwid-portable-data,1,"raw/api/fetches/20260716T154708070Z/protocol-overview/daily/2023-11-03.json",448,583DF6C9
liqwid-portable-data,1,"raw/api/fetches/20260716T154708070Z/protocol-overview/daily/2023-11-04.json",465,842FA9CD
liqwid-portable-data,1,"raw/api/fetches/20260716T154708070Z/protocol-overview/daily/2023-11-05.json",467,89EEE417
liqwid-portable-data,1,"raw/api/fetches/20260716T154708070Z/protocol-overview/daily/2023-11-06.json",466,82A9113B
liqwid-portable-data,1,"raw/api/fetches/20260716T154708070Z/protocol-overview/daily/2023-11-07.json",465,7F31646D
liqwid-portable-data,1,"raw/api/fetches/20260716T154708070Z/protocol-overview/daily/2023-11-08.json",466,44B84314
liqwid-portable-data,1,"raw/api/fetches/20260716T154708070Z/protocol-overview/daily/2023-11-09.json",467,5D03FA06
liqwid-portable-data,1,"raw/api/fetches/20260716T154708070Z/protocol-overview/daily/2023-11-10.json",448,2576DBC1
liqwid-portable-data,1,"raw/api/fetches/20260716T154708070Z/protocol-overview/daily/2023-11-11.json",449,171295B6
liqwid-portable-data,1,"raw/api/fetches/20260716T154708070Z/protocol-overview/daily/2023-11-12.json",466,35F427D7
liqwid-portable-data,1,"raw/api/fetches/20260716T154708070Z/protocol-overview/daily/2023-11-13.json",465,94F865BD
liqwid-portable-data,1,"raw/api/fetches/20260716T154708070Z/protocol-overview/daily/2023-11-14.json",466,C77D7EF3
liqwid-portable-data,1,"raw/api/fetches/20260716T154708070Z/protocol-overview/daily/2023-11-15.json",466,4415E331
liqwid-portable-data,1,"raw/api/fetches/20260716T154708070Z/protocol-overview/daily/2023-11-16.json",465,F19F426B
liqwid-portable-data,1,"raw/api/fetches/20260716T154708070Z/protocol-overview/daily/2023-11-17.json",462,8FBBC060
liqwid-portable-data,1,"raw/api/fetches/20260716T154708070Z/protocol-overview/daily/2023-11-18.json",448,0BDCCCF5
liqwid-portable-data,1,"raw/api/fetches/20260716T154708070Z/protocol-overview/daily/2023-11-19.json",446,6AEE9273
liqwid-portable-data,1,"raw/api/fetches/20260716T154708070Z/protocol-overview/daily/2023-11-20.json",447,852CFD8C
liqwid-portable-data,1,"raw/api/fetches/20260716T154708070Z/protocol-overview/daily/2023-11-21.json",465,D712D97D
liqwid-portable-data,1,"raw/api/fetches/20260716T154708070Z/protocol-overview/daily/2023-11-22.json",450,564264BA
liqwid-portable-data,1,"raw/api/fetches/20260716T154708070Z/protocol-overview/daily/2023-11-23.json",467,27DE881C
liqwid-portable-data,1,"raw/api/fetches/20260716T154708070Z/protocol-overview/daily/2023-11-24.json",451,B68C1092
liqwid-portable-data,1,"raw/api/fetches/20260716T154708070Z/protocol-overview/daily/2023-11-25.json",464,F3E422BD
liqwid-portable-data,1,"raw/api/fetches/20260716T154708070Z/protocol-overview/daily/2023-11-26.json",465,D22C5486
liqwid-portable-data,1,"raw/api/fetches/20260716T154708070Z/protocol-overview/daily/2023-11-27.json",448,28C0E2AC
liqwid-portable-data,1,"raw/api/fetches/20260716T154708070Z/protocol-overview/daily/2023-11-28.json",449,1B1AA412
liqwid-portable-data,1,"raw/api/fetches/20260716T154708070Z/protocol-overview/daily/2023-11-29.json",463,A44E034D
liqwid-portable-data,1,"raw/api/fetches/20260716T154708070Z/protocol-overview/daily/2023-11-30.json",450,1FC915AD
liqwid-portable-data,1,"raw/api/fetches/20260716T154708070Z/protocol-overview/daily/2023-12-01.json",449,83AFFFD4
liqwid-portable-data,1,"raw/api/fetches/20260716T154708070Z/protocol-overview/daily/2023-12-02.json",448,98572204
liqwid-portable-data,1,"raw/api/fetches/20260716T154708070Z/protocol-overview/daily/2023-12-03.json",450,098FE7F7
liqwid-portable-data,1,"raw/api/fetches/20260716T154708070Z/protocol-overview/daily/2023-12-04.json",463,CF0CD47B
liqwid-portable-data,1,"raw/api/fetches/20260716T154708070Z/protocol-overview/daily/2023-12-05.json",466,AA19A966
liqwid-portable-data,1,"raw/api/fetches/20260716T154708070Z/protocol-overview/daily/2023-12-06.json",465,B4C50704
liqwid-portable-data,1,"raw/api/fetches/20260716T154708070Z/protocol-overview/daily/2023-12-07.json",465,7CAF3955
liqwid-portable-data,1,"raw/api/fetches/20260716T154708070Z/protocol-overview/daily/2023-12-08.json",467,6EBAFA86
liqwid-portable-data,1,"raw/api/fetches/20260716T154708070Z/protocol-overview/daily/2023-12-09.json",465,7B72AEA4
liqwid-portable-data,1,"raw/api/fetches/20260716T154708070Z/protocol-overview/daily/2023-12-10.json",465,36AE8496
liqwid-portable-data,1,"raw/api/fetches/20260716T154708070Z/protocol-overview/daily/2023-12-11.json",464,6383D2C4
liqwid-portable-data,1,"raw/api/fetches/20260716T154708070Z/protocol-overview/daily/2023-12-12.json",450,37BF8A95
liqwid-portable-data,1,"raw/api/fetches/20260716T154708070Z/protocol-overview/daily/2023-12-13.json",466,C7C1BC12
liqwid-portable-data,1,"raw/api/fetches/20260716T154708070Z/protocol-overview/daily/2023-12-14.json",466,27E47027
liqwid-portable-data,1,"raw/api/fetches/20260716T154708070Z/protocol-overview/daily/2023-12-15.json",448,8FAC944E
liqwid-portable-data,1,"raw/api/fetches/20260716T154708070Z/protocol-overview/daily/2023-12-16.json",448,7D170D94
liqwid-portable-data,1,"raw/api/fetches/20260716T154708070Z/protocol-overview/daily/2023-12-17.json",450,086E8A8E
liqwid-portable-data,1,"raw/api/fetches/20260716T154708070Z/protocol-overview/daily/2023-12-18.json",445,F6347D71
liqwid-portable-data,1,"raw/api/fetches/20260716T154708070Z/protocol-overview/daily/2023-12-19.json",450,76F576B3
liqwid-portable-data,1,"raw/api/fetches/20260716T154708070Z/protocol-overview/daily/2023-12-20.json",451,84F9727B
liqwid-portable-data,1,"raw/api/fetches/20260716T154708070Z/protocol-overview/daily/2023-12-21.json",450,96E10B1B
liqwid-portable-data,1,"raw/api/fetches/20260716T154708070Z/protocol-overview/daily/2023-12-22.json",466,55933C30
liqwid-portable-data,1,"raw/api/fetches/20260716T154708070Z/protocol-overview/daily/2023-12-23.json",450,B27890A0
liqwid-portable-data,1,"raw/api/fetches/20260716T154708070Z/protocol-overview/daily/2023-12-24.json",448,1665B0BE
liqwid-portable-data,1,"raw/api/fetches/20260716T154708070Z/protocol-overview/daily/2023-12-25.json",449,8303C739
liqwid-portable-data,1,"raw/api/fetches/20260716T154708070Z/protocol-overview/daily/2023-12-26.json",450,A496812A
liqwid-portable-data,1,"raw/api/fetches/20260716T154708070Z/protocol-overview/daily/2023-12-27.json",450,19A52DF2
liqwid-portable-data,1,"raw/api/fetches/20260716T154708070Z/protocol-overview/daily/2023-12-28.json",450,A6FE3754
liqwid-portable-data,1,"raw/api/fetches/20260716T154708070Z/protocol-overview/daily/2023-12-29.json",465,A8B55D35
liqwid-portable-data,1,"raw/api/fetches/20260716T154708070Z/protocol-overview/daily/2023-12-30.json",451,4AE3D19A
liqwid-portable-data,1,"raw/api/fetches/20260716T154708070Z/protocol-overview/daily/2023-12-31.json",450,6D56EE8D
liqwid-portable-data,1,"raw/api/fetches/20260716T154708070Z/protocol-overview/daily/2024-01-01.json",448,DC3B6635
liqwid-portable-data,1,"raw/api/fetches/20260716T154708070Z/protocol-overview/daily/2024-01-02.json",445,58599D53
liqwid-portable-data,1,"raw/api/fetches/20260716T154708070Z/protocol-overview/daily/2024-01-03.json",467,707E9A15
liqwid-portable-data,1,"raw/api/fetches/20260716T154708070Z/protocol-overview/daily/2024-01-04.json",449,04EE5426
liqwid-portable-data,1,"raw/api/fetches/20260716T154708070Z/protocol-overview/daily/2024-01-05.json",451,77179FEF
liqwid-portable-data,1,"raw/api/fetches/20260716T154708070Z/protocol-overview/daily/2024-01-06.json",452,4418F670
liqwid-portable-data,1,"raw/api/fetches/20260716T154708070Z/protocol-overview/daily/2024-01-07.json",450,0E96954A
liqwid-portable-data,1,"raw/api/fetches/20260716T154708070Z/protocol-overview/daily/2024-01-08.json",467,6990A9DE
liqwid-portable-data,1,"raw/api/fetches/20260716T154708070Z/protocol-overview/daily/2024-01-09.json",451,C6BB46A9
liqwid-portable-data,1,"raw/api/fetches/20260716T154708070Z/protocol-overview/daily/2024-01-10.json",466,5B5F685C
liqwid-portable-data,1,"raw/api/fetches/20260716T154708070Z/protocol-overview/daily/2024-01-11.json",468,8C9BF697
liqwid-portable-data,1,"raw/api/fetches/20260716T154708070Z/protocol-overview/daily/2024-01-12.json",449,ED45E06B
liqwid-portable-data,1,"raw/api/fetches/20260716T154708070Z/protocol-overview/daily/2024-01-13.json",450,19447755
liqwid-portable-data,1,"raw/api/fetches/20260716T154708070Z/protocol-overview/daily/2024-01-14.json",449,F0196E6F
liqwid-portable-data,1,"raw/api/fetches/20260716T154708070Z/protocol-overview/daily/2024-01-15.json",451,36E58325
liqwid-portable-data,1,"raw/api/fetches/20260716T154708070Z/protocol-overview/daily/2024-01-16.json",450,09E3218C
liqwid-portable-data,1,"raw/api/fetches/20260716T154708070Z/protocol-overview/daily/2024-01-17.json",450,1B6CA133
liqwid-portable-data,1,"raw/api/fetches/20260716T154708070Z/protocol-overview/daily/2024-01-18.json",466,05A3BEE8
liqwid-portable-data,1,"raw/api/fetches/20260716T154708070Z/protocol-overview/daily/2024-01-19.json",449,6274C46F
liqwid-portable-data,1,"raw/api/fetches/20260716T154708070Z/protocol-overview/daily/2024-01-20.json",451,9F177F68
liqwid-portable-data,1,"raw/api/fetches/20260716T154708070Z/protocol-overview/daily/2024-01-21.json",450,7A35CC0C
liqwid-portable-data,1,"raw/api/fetches/20260716T154708070Z/protocol-overview/daily/2024-01-22.json",467,8C1EF705
liqwid-portable-data,1,"raw/api/fetches/20260716T154708070Z/protocol-overview/daily/2024-01-23.json",469,D5D30D4B
liqwid-portable-data,1,"raw/api/fetches/20260716T154708070Z/protocol-overview/daily/2024-01-24.json",450,8C6CD9EF
liqwid-portable-data,1,"raw/api/fetches/20260716T154708070Z/protocol-overview/daily/2024-01-25.json",450,3F1974FC
liqwid-portable-data,1,"raw/api/fetches/20260716T154708070Z/protocol-overview/daily/2024-01-26.json",450,2BD077AB
liqwid-portable-data,1,"raw/api/fetches/20260716T154708070Z/protocol-overview/daily/2024-01-27.json",449,9BACAE95
liqwid-portable-data,1,"raw/api/fetches/20260716T154708070Z/protocol-overview/daily/2024-01-28.json",449,393C173E
liqwid-portable-data,1,"raw/api/fetches/20260716T154708070Z/protocol-overview/daily/2024-01-29.json",450,03CB05A2
liqwid-portable-data,1,"raw/api/fetches/20260716T154708070Z/protocol-overview/daily/2024-01-30.json",450,E130F36E
liqwid-portable-data,1,"raw/api/fetches/20260716T154708070Z/protocol-overview/daily/2024-01-31.json",448,FC680A92
liqwid-portable-data,1,"raw/api/fetches/20260716T154708070Z/protocol-overview/daily/2024-02-01.json",451,8A881FF2
liqwid-portable-data,1,"raw/api/fetches/20260716T154708070Z/protocol-overview/daily/2024-02-02.json",446,6DB7C300
liqwid-portable-data,1,"raw/api/fetches/20260716T154708070Z/protocol-overview/daily/2024-02-03.json",446,475DDF8A
liqwid-portable-data,1,"raw/api/fetches/20260716T154708070Z/protocol-overview/daily/2024-02-04.json",450,A3A2C10A
liqwid-portable-data,1,"raw/api/fetches/20260716T154708070Z/protocol-overview/daily/2024-02-05.json",451,6C75C739
liqwid-portable-data,1,"raw/api/fetches/20260716T154708070Z/protocol-overview/daily/2024-02-06.json",449,EF1676C3
liqwid-portable-data,1,"raw/api/fetches/20260716T154708070Z/protocol-overview/daily/2024-02-07.json",450,EDA2EE4D
liqwid-portable-data,1,"raw/api/fetches/20260716T154708070Z/protocol-overview/daily/2024-02-08.json",447,1C91C88F
liqwid-portable-data,1,"raw/api/fetches/20260716T154708070Z/protocol-overview/daily/2024-02-09.json",451,116D4ABB
liqwid-portable-data,1,"raw/api/fetches/20260716T154708070Z/protocol-overview/daily/2024-02-10.json",450,4783D412
liqwid-portable-data,1,"raw/api/fetches/20260716T154708070Z/protocol-overview/daily/2024-02-11.json",448,147C7689
liqwid-portable-data,1,"raw/api/fetches/20260716T154708070Z/protocol-overview/daily/2024-02-12.json",449,46668BDC
liqwid-portable-data,1,"raw/api/fetches/20260716T154708070Z/protocol-overview/daily/2024-02-13.json",448,F902EC14
liqwid-portable-data,1,"raw/api/fetches/20260716T154708070Z/protocol-overview/daily/2024-02-14.json",447,9F25988C
liqwid-portable-data,1,"raw/api/fetches/20260716T154708070Z/protocol-overview/daily/2024-02-15.json",451,4C05C266
liqwid-portable-data,1,"raw/api/fetches/20260716T154708070Z/protocol-overview/daily/2024-02-16.json",451,A997DE6E
liqwid-portable-data,1,"raw/api/fetches/20260716T154708070Z/protocol-overview/daily/2024-02-17.json",449,81F44371
liqwid-portable-data,1,"raw/api/fetches/20260716T154708070Z/protocol-overview/daily/2024-02-18.json",449,C1A28BDD
liqwid-portable-data,1,"raw/api/fetches/20260716T154708070Z/protocol-overview/daily/2024-02-19.json",450,10FF19AC
liqwid-portable-data,1,"raw/api/fetches/20260716T154708070Z/protocol-overview/daily/2024-02-20.json",450,E162AE91
liqwid-portable-data,1,"raw/api/fetches/20260716T154708070Z/protocol-overview/daily/2024-02-21.json",467,27300067
liqwid-portable-data,1,"raw/api/fetches/20260716T154708070Z/protocol-overview/daily/2024-02-22.json",467,57DEC0DC
liqwid-portable-data,1,"raw/api/fetches/20260716T154708070Z/protocol-overview/daily/2024-02-23.json",467,15AC883A
liqwid-portable-data,1,"raw/api/fetches/20260716T154708070Z/protocol-overview/daily/2024-02-24.json",452,851CCCF1
liqwid-portable-data,1,"raw/api/fetches/20260716T154708070Z/protocol-overview/daily/2024-02-25.json",446,AD606469
liqwid-portable-data,1,"raw/api/fetches/20260716T154708070Z/protocol-overview/daily/2024-02-26.json",447,E0DEE90F
liqwid-portable-data,1,"raw/api/fetches/20260716T154708070Z/protocol-overview/daily/2024-02-27.json",449,48828168
liqwid-portable-data,1,"raw/api/fetches/20260716T154708070Z/protocol-overview/daily/2024-02-28.json",448,D0091074
liqwid-portable-data,1,"raw/api/fetches/20260716T154708070Z/protocol-overview/daily/2024-02-29.json",467,E9A9A736
liqwid-portable-data,1,"raw/api/fetches/20260716T154708070Z/protocol-overview/daily/2024-03-01.json",451,322FC9E6
liqwid-portable-data,1,"raw/api/fetches/20260716T154708070Z/protocol-overview/daily/2024-03-02.json",467,D9DBCEAA
liqwid-portable-data,1,"raw/api/fetches/20260716T154708070Z/protocol-overview/daily/2024-03-03.json",451,5235FB1E
liqwid-portable-data,1,"raw/api/fetches/20260716T154708070Z/protocol-overview/daily/2024-03-04.json",466,800F3EDC
liqwid-portable-data,1,"raw/api/fetches/20260716T154708070Z/protocol-overview/daily/2024-03-05.json",464,BC40665F
liqwid-portable-data,1,"raw/api/fetches/20260716T154708070Z/protocol-overview/daily/2024-03-06.json",466,7989295A
liqwid-portable-data,1,"raw/api/fetches/20260716T154708070Z/protocol-overview/daily/2024-03-07.json",449,62E653BA
liqwid-portable-data,1,"raw/api/fetches/20260716T154708070Z/protocol-overview/daily/2024-03-08.json",449,AE207631
liqwid-portable-data,1,"raw/api/fetches/20260716T154708070Z/protocol-overview/daily/2024-03-09.json",450,9D2C32A8
liqwid-portable-data,1,"raw/api/fetches/20260716T154708070Z/protocol-overview/daily/2024-03-10.json",448,A4D1A25B
liqwid-portable-data,1,"raw/api/fetches/20260716T154708070Z/protocol-overview/daily/2024-03-11.json",448,DFD71790
liqwid-portable-data,1,"raw/api/fetches/20260716T154708070Z/protocol-overview/daily/2024-03-12.json",450,08C1BE09
liqwid-portable-data,1,"raw/api/fetches/20260716T154708070Z/protocol-overview/daily/2024-03-13.json",450,E1A634E3
liqwid-portable-data,1,"raw/api/fetches/20260716T154708070Z/protocol-overview/daily/2024-03-14.json",448,386269A5
liqwid-portable-data,1,"raw/api/fetches/20260716T154708070Z/protocol-overview/daily/2024-03-15.json",449,1971AAD2
liqwid-portable-data,1,"raw/api/fetches/20260716T154708070Z/protocol-overview/daily/2024-03-16.json",467,E3B74D11
liqwid-portable-data,1,"raw/api/fetches/20260716T154708070Z/protocol-overview/daily/2024-03-17.json",451,42FD32B5
liqwid-portable-data,1,"raw/api/fetches/20260716T154708070Z/protocol-overview/daily/2024-03-18.json",450,63EBFC04
liqwid-portable-data,1,"raw/api/fetches/20260716T154708070Z/protocol-overview/daily/2024-03-19.json",468,72526B75
liqwid-portable-data,1,"raw/api/fetches/20260716T154708070Z/protocol-overview/daily/2024-03-20.json",467,D34BD6B3
liqwid-portable-data,1,"raw/api/fetches/20260716T154708070Z/protocol-overview/daily/2024-03-21.json",451,C8F8DF52
liqwid-portable-data,1,"raw/api/fetches/20260716T154708070Z/protocol-overview/daily/2024-03-22.json",449,0C171867
liqwid-portable-data,1,"raw/api/fetches/20260716T154708070Z/protocol-overview/daily/2024-03-23.json",466,0561C90A
liqwid-portable-data,1,"raw/api/fetches/20260716T154708070Z/protocol-overview/daily/2024-03-24.json",451,CE1AC877
liqwid-portable-data,1,"raw/api/fetches/20260716T154708070Z/protocol-overview/daily/2024-03-25.json",467,88FC10DB
liqwid-portable-data,1,"raw/api/fetches/20260716T154708070Z/protocol-overview/daily/2024-03-26.json",467,19281934
liqwid-portable-data,1,"raw/api/fetches/20260716T154708070Z/protocol-overview/daily/2024-03-27.json",467,72E38BAA
liqwid-portable-data,1,"raw/api/fetches/20260716T154708070Z/protocol-overview/daily/2024-03-28.json",449,57FC713D
liqwid-portable-data,1,"raw/api/fetches/20260716T154708070Z/protocol-overview/daily/2024-03-29.json",449,06500EA0
liqwid-portable-data,1,"raw/api/fetches/20260716T154708070Z/protocol-overview/daily/2024-03-30.json",450,4570E35C
liqwid-portable-data,1,"raw/api/fetches/20260716T154708070Z/protocol-overview/daily/2024-03-31.json",451,4EF7F032
liqwid-portable-data,1,"raw/api/fetches/20260716T154708070Z/protocol-overview/daily/2024-04-01.json",465,31E33D8D
liqwid-portable-data,1,"raw/api/fetches/20260716T154708070Z/protocol-overview/daily/2024-04-02.json",450,37DC51B6
liqwid-portable-data,1,"raw/api/fetches/20260716T154708070Z/protocol-overview/daily/2024-04-03.json",465,32DC4E68
liqwid-portable-data,1,"raw/api/fetches/20260716T154708070Z/protocol-overview/daily/2024-04-04.json",466,2373A482
liqwid-portable-data,1,"raw/api/fetches/20260716T154708070Z/protocol-overview/daily/2024-04-05.json",450,EEAAB30D
liqwid-portable-data,1,"raw/api/fetches/20260716T154708070Z/protocol-overview/daily/2024-04-06.json",450,C6ECC168
liqwid-portable-data,1,"raw/api/fetches/20260716T154708070Z/protocol-overview/daily/2024-04-07.json",466,644BC4B9
liqwid-portable-data,1,"raw/api/fetches/20260716T154708070Z/protocol-overview/daily/2024-04-08.json",465,0582703E
liqwid-portable-data,1,"raw/api/fetches/20260716T154708070Z/protocol-overview/daily/2024-04-09.json",466,9D90BE38
liqwid-portable-data,1,"raw/api/fetches/20260716T154708070Z/protocol-overview/daily/2024-04-10.json",448,A35E8CC6
liqwid-portable-data,1,"raw/api/fetches/20260716T154708070Z/protocol-overview/daily/2024-04-11.json",450,4281225B
liqwid-portable-data,1,"raw/api/fetches/20260716T154708070Z/protocol-overview/daily/2024-04-12.json",465,FDFD49CD
liqwid-portable-data,1,"raw/api/fetches/20260716T154708070Z/protocol-overview/daily/2024-04-13.json",465,E52FC6A2
liqwid-portable-data,1,"raw/api/fetches/20260716T154708070Z/protocol-overview/daily/2024-04-14.json",466,00E282FE
liqwid-portable-data,1,"raw/api/fetches/20260716T154708070Z/protocol-overview/daily/2024-04-15.json",450,09C63CA2
liqwid-portable-data,1,"raw/api/fetches/20260716T154708070Z/protocol-overview/daily/2024-04-16.json",449,387C68DC
liqwid-portable-data,1,"raw/api/fetches/20260716T154708070Z/protocol-overview/daily/2024-04-17.json",468,DA5365BE
liqwid-portable-data,1,"raw/api/fetches/20260716T154708070Z/protocol-overview/daily/2024-04-18.json",451,9203F352
liqwid-portable-data,1,"raw/api/fetches/20260716T154708070Z/protocol-overview/daily/2024-04-19.json",468,95946B94
liqwid-portable-data,1,"raw/api/fetches/20260716T154708070Z/protocol-overview/daily/2024-04-20.json",451,B2DC10D8
liqwid-portable-data,1,"raw/api/fetches/20260716T154708070Z/protocol-overview/daily/2024-04-21.json",450,D0D824DD
liqwid-portable-data,1,"raw/api/fetches/20260716T154708070Z/protocol-overview/daily/2024-04-22.json",449,FB747E27
liqwid-portable-data,1,"raw/api/fetches/20260716T154708070Z/protocol-overview/daily/2024-04-23.json",449,F777B206
liqwid-portable-data,1,"raw/api/fetches/20260716T154708070Z/protocol-overview/daily/2024-04-24.json",448,C804F742
liqwid-portable-data,1,"raw/api/fetches/20260716T154708070Z/protocol-overview/daily/2024-04-25.json",449,DA7EC58A
liqwid-portable-data,1,"raw/api/fetches/20260716T154708070Z/protocol-overview/daily/2024-04-26.json",451,CAA1F643
liqwid-portable-data,1,"raw/api/fetches/20260716T154708070Z/protocol-overview/daily/2024-04-27.json",451,8CB89B7D
liqwid-portable-data,1,"raw/api/fetches/20260716T154708070Z/protocol-overview/daily/2024-04-28.json",450,A9876B37
liqwid-portable-data,1,"raw/api/fetches/20260716T154708070Z/protocol-overview/daily/2024-04-29.json",450,525A6C23
liqwid-portable-data,1,"raw/api/fetches/20260716T154708070Z/protocol-overview/daily/2024-04-30.json",467,3899237F
liqwid-portable-data,1,"raw/api/fetches/20260716T154708070Z/protocol-overview/daily/2024-05-01.json",467,488F8F68
liqwid-portable-data,1,"raw/api/fetches/20260716T154708070Z/protocol-overview/daily/2024-05-02.json",449,B89EBDCC
liqwid-portable-data,1,"raw/api/fetches/20260716T154708070Z/protocol-overview/daily/2024-05-03.json",447,C892C871
liqwid-portable-data,1,"raw/api/fetches/20260716T154708070Z/protocol-overview/daily/2024-05-04.json",449,BD2DDBEB
liqwid-portable-data,1,"raw/api/fetches/20260716T154708070Z/protocol-overview/daily/2024-05-05.json",466,F897CB51
liqwid-portable-data,1,"raw/api/fetches/20260716T154708070Z/protocol-overview/daily/2024-05-06.json",450,7E8D0D0F
liqwid-portable-data,1,"raw/api/fetches/20260716T154708070Z/protocol-overview/daily/2024-05-07.json",441,DC29E916
liqwid-portable-data,1,"raw/api/fetches/20260716T154708070Z/protocol-overview/daily/2024-05-08.json",448,7BB04D3B
liqwid-portable-data,1,"raw/api/fetches/20260716T154708070Z/protocol-overview/daily/2024-05-09.json",449,9ADADA75
liqwid-portable-data,1,"raw/api/fetches/20260716T154708070Z/protocol-overview/daily/2024-05-10.json",450,27C1001C
liqwid-portable-data,1,"raw/api/fetches/20260716T154708070Z/protocol-overview/daily/2024-05-11.json",449,424661F7
liqwid-portable-data,1,"raw/api/fetches/20260716T154708070Z/protocol-overview/daily/2024-05-12.json",448,913CA353
liqwid-portable-data,1,"raw/api/fetches/20260716T154708070Z/protocol-overview/daily/2024-05-13.json",451,F1A8427C
liqwid-portable-data,1,"raw/api/fetches/20260716T154708070Z/protocol-overview/daily/2024-05-14.json",449,066C4A6E
liqwid-portable-data,1,"raw/api/fetches/20260716T154708070Z/protocol-overview/daily/2024-05-15.json",449,0A29F78C
liqwid-portable-data,1,"raw/api/fetches/20260716T154708070Z/protocol-overview/daily/2024-05-16.json",449,C6BBA693
liqwid-portable-data,1,"raw/api/fetches/20260716T154708070Z/protocol-overview/daily/2024-05-17.json",449,F6ED3029
liqwid-portable-data,1,"raw/api/fetches/20260716T154708070Z/protocol-overview/daily/2024-05-18.json",446,4C3D2C33
liqwid-portable-data,1,"raw/api/fetches/20260716T154708070Z/protocol-overview/daily/2024-05-19.json",446,23C8DD68
liqwid-portable-data,1,"raw/api/fetches/20260716T154708070Z/protocol-overview/daily/2024-05-20.json",448,F62C0AF2
liqwid-portable-data,1,"raw/api/fetches/20260716T154708070Z/protocol-overview/daily/2024-05-21.json",450,43BEFAC9
liqwid-portable-data,1,"raw/api/fetches/20260716T154708070Z/protocol-overview/daily/2024-05-22.json",444,A1F7904C
liqwid-portable-data,1,"raw/api/fetches/20260716T154708070Z/protocol-overview/daily/2024-05-23.json",447,53653B0A
liqwid-portable-data,1,"raw/api/fetches/20260716T154708070Z/protocol-overview/daily/2024-05-24.json",448,4F19A90A
liqwid-portable-data,1,"raw/api/fetches/20260716T154708070Z/protocol-overview/daily/2024-05-25.json",449,C2295B7B
liqwid-portable-data,1,"raw/api/fetches/20260716T154708070Z/protocol-overview/daily/2024-05-26.json",447,4175AAB7
liqwid-portable-data,1,"raw/api/fetches/20260716T154708070Z/protocol-overview/daily/2024-05-27.json",449,2A2398DC
liqwid-portable-data,1,"raw/api/fetches/20260716T154708070Z/protocol-overview/daily/2024-05-28.json",449,10214AA0
liqwid-portable-data,1,"raw/api/fetches/20260716T154708070Z/protocol-overview/daily/2024-05-29.json",451,918F707B
liqwid-portable-data,1,"raw/api/fetches/20260716T154708070Z/protocol-overview/daily/2024-05-30.json",449,608A293F
liqwid-portable-data,1,"raw/api/fetches/20260716T154708070Z/protocol-overview/daily/2024-05-31.json",449,B2993D7F
liqwid-portable-data,1,"raw/api/fetches/20260716T154708070Z/protocol-overview/daily/2024-06-01.json",450,AB232BC9
liqwid-portable-data,1,"raw/api/fetches/20260716T154708070Z/protocol-overview/daily/2024-06-02.json",450,29B81763
liqwid-portable-data,1,"raw/api/fetches/20260716T154708070Z/protocol-overview/daily/2024-06-03.json",448,88B6F861
liqwid-portable-data,1,"raw/api/fetches/20260716T154708070Z/protocol-overview/daily/2024-06-04.json",449,0937351C
liqwid-portable-data,1,"raw/api/fetches/20260716T154708070Z/protocol-overview/daily/2024-06-05.json",449,FDE0A205
liqwid-portable-data,1,"raw/api/fetches/20260716T154708070Z/protocol-overview/daily/2024-06-06.json",448,88A50F5E
liqwid-portable-data,1,"raw/api/fetches/20260716T154708070Z/protocol-overview/daily/2024-06-07.json",448,048C402C
liqwid-portable-data,1,"raw/api/fetches/20260716T154708070Z/protocol-overview/daily/2024-06-08.json",450,966F854C
liqwid-portable-data,1,"raw/api/fetches/20260716T154708070Z/protocol-overview/daily/2024-06-09.json",445,A34E7083
liqwid-portable-data,1,"raw/api/fetches/20260716T154708070Z/protocol-overview/daily/2024-06-10.json",442,AEF9AA01
liqwid-portable-data,1,"raw/api/fetches/20260716T154708070Z/protocol-overview/daily/2024-06-11.json",465,209F61B6
liqwid-portable-data,1,"raw/api/fetches/20260716T154708070Z/protocol-overview/daily/2024-06-12.json",448,54D29EC9
liqwid-portable-data,1,"raw/api/fetches/20260716T154708070Z/protocol-overview/daily/2024-06-13.json",448,16BFD08E
liqwid-portable-data,1,"raw/api/fetches/20260716T154708070Z/protocol-overview/daily/2024-06-14.json",466,92408327
liqwid-portable-data,1,"raw/api/fetches/20260716T154708070Z/protocol-overview/daily/2024-06-15.json",444,CD04C749
liqwid-portable-data,1,"raw/api/fetches/20260716T154708070Z/protocol-overview/daily/2024-06-16.json",463,770D7AA3
liqwid-portable-data,1,"raw/api/fetches/20260716T154708070Z/protocol-overview/daily/2024-06-17.json",450,6419A85B
liqwid-portable-data,1,"raw/api/fetches/20260716T154708070Z/protocol-overview/daily/2024-06-18.json",467,67492E49
liqwid-portable-data,1,"raw/api/fetches/20260716T154708070Z/protocol-overview/daily/2024-06-19.json",466,54A127DF
liqwid-portable-data,1,"raw/api/fetches/20260716T154708070Z/protocol-overview/daily/2024-06-20.json",466,FB56C3B8
liqwid-portable-data,1,"raw/api/fetches/20260716T154708070Z/protocol-overview/daily/2024-06-21.json",450,43F2CABB
liqwid-portable-data,1,"raw/api/fetches/20260716T154708070Z/protocol-overview/daily/2024-06-22.json",448,6F1EB0DC
liqwid-portable-data,1,"raw/api/fetches/20260716T154708070Z/protocol-overview/daily/2024-06-23.json",448,3B6EBC36
liqwid-portable-data,1,"raw/api/fetches/20260716T154708070Z/protocol-overview/daily/2024-06-24.json",451,231383D5
liqwid-portable-data,1,"raw/api/fetches/20260716T154708070Z/protocol-overview/daily/2024-06-25.json",448,E7F554E7
liqwid-portable-data,1,"raw/api/fetches/20260716T154708070Z/protocol-overview/daily/2024-06-26.json",449,3945371F
liqwid-portable-data,1,"raw/api/fetches/20260716T154708070Z/protocol-overview/daily/2024-06-27.json",446,A2972CBD
liqwid-portable-data,1,"raw/api/fetches/20260716T154708070Z/protocol-overview/daily/2024-06-28.json",465,F605CCEE
liqwid-portable-data,1,"raw/api/fetches/20260716T154708070Z/protocol-overview/daily/2024-06-29.json",437,61ABC180
liqwid-portable-data,1,"raw/api/fetches/20260716T154708070Z/protocol-overview/daily/2024-06-30.json",445,E073925A
liqwid-portable-data,1,"raw/api/fetches/20260716T154708070Z/protocol-overview/daily/2024-07-01.json",450,0FB43BB7
liqwid-portable-data,1,"raw/api/fetches/20260716T154708070Z/protocol-overview/daily/2024-07-02.json",445,0941925F
liqwid-portable-data,1,"raw/api/fetches/20260716T154708070Z/protocol-overview/daily/2024-07-03.json",449,006F91EF
liqwid-portable-data,1,"raw/api/fetches/20260716T154708070Z/protocol-overview/daily/2024-07-04.json",450,02021EDE
liqwid-portable-data,1,"raw/api/fetches/20260716T154708070Z/protocol-overview/daily/2024-07-05.json",466,5EE4FAF1
liqwid-portable-data,1,"raw/api/fetches/20260716T154708070Z/protocol-overview/daily/2024-07-06.json",447,EB5180E1
liqwid-portable-data,1,"raw/api/fetches/20260716T154708070Z/protocol-overview/daily/2024-07-07.json",450,44E54605
liqwid-portable-data,1,"raw/api/fetches/20260716T154708070Z/protocol-overview/daily/2024-07-08.json",451,77353B14
liqwid-portable-data,1,"raw/api/fetches/20260716T154708070Z/protocol-overview/daily/2024-07-09.json",447,EFC3EFB8
liqwid-portable-data,1,"raw/api/fetches/20260716T154708070Z/protocol-overview/daily/2024-07-10.json",446,AFF0C5F4
liqwid-portable-data,1,"raw/api/fetches/20260716T154708070Z/protocol-overview/daily/2024-07-11.json",446,A30AEB67
liqwid-portable-data,1,"raw/api/fetches/20260716T154708070Z/protocol-overview/daily/2024-07-12.json",466,1E7AF716
liqwid-portable-data,1,"raw/api/fetches/20260716T154708070Z/protocol-overview/daily/2024-07-13.json",447,E23EA3CB
liqwid-portable-data,1,"raw/api/fetches/20260716T154708070Z/protocol-overview/daily/2024-07-14.json",446,E7360D70
liqwid-portable-data,1,"raw/api/fetches/20260716T154708070Z/protocol-overview/daily/2024-07-15.json",417,BA2FCB12
liqwid-portable-data,1,"raw/api/fetches/20260716T154708070Z/protocol-overview/daily/2024-07-16.json",448,FE8506A1
liqwid-portable-data,1,"raw/api/fetches/20260716T154708070Z/protocol-overview/daily/2024-07-17.json",448,E710C723
liqwid-portable-data,1,"raw/api/fetches/20260716T154708070Z/protocol-overview/daily/2024-07-18.json",471,99763E92
liqwid-portable-data,1,"raw/api/fetches/20260716T154708070Z/protocol-overview/daily/2024-07-19.json",444,AE7BC228
liqwid-portable-data,1,"raw/api/fetches/20260716T154708070Z/protocol-overview/daily/2024-07-20.json",446,C9DBFD02
liqwid-portable-data,1,"raw/api/fetches/20260716T154708070Z/protocol-overview/daily/2024-07-21.json",448,A4D006E6
liqwid-portable-data,1,"raw/api/fetches/20260716T154708070Z/protocol-overview/daily/2024-07-22.json",446,71258F1A
liqwid-portable-data,1,"raw/api/fetches/20260716T154708070Z/protocol-overview/daily/2024-07-23.json",449,B834E891
liqwid-portable-data,1,"raw/api/fetches/20260716T154708070Z/protocol-overview/daily/2024-07-24.json",448,5FF08AEC
liqwid-portable-data,1,"raw/api/fetches/20260716T154708070Z/protocol-overview/daily/2024-07-25.json",451,48037123
liqwid-portable-data,1,"raw/api/fetches/20260716T154708070Z/protocol-overview/daily/2024-07-26.json",446,BD32D67E
liqwid-portable-data,1,"raw/api/fetches/20260716T154708070Z/protocol-overview/daily/2024-07-27.json",448,24956CB4
liqwid-portable-data,1,"raw/api/fetches/20260716T154708070Z/protocol-overview/daily/2024-07-28.json",441,4284B1D1
liqwid-portable-data,1,"raw/api/fetches/20260716T154708070Z/protocol-overview/daily/2024-07-29.json",447,36E3BD52
liqwid-portable-data,1,"raw/api/fetches/20260716T154708070Z/protocol-overview/daily/2024-07-30.json",447,C092A898
liqwid-portable-data,1,"raw/api/fetches/20260716T154708070Z/protocol-overview/daily/2024-07-31.json",441,C131EC70
liqwid-portable-data,1,"raw/api/fetches/20260716T154708070Z/protocol-overview/daily/2024-08-01.json",450,B02CBB2F
liqwid-portable-data,1,"raw/api/fetches/20260716T154708070Z/protocol-overview/daily/2024-08-02.json",448,DF489370
liqwid-portable-data,1,"raw/api/fetches/20260716T154708070Z/protocol-overview/daily/2024-08-03.json",450,6BAD2DAC
liqwid-portable-data,1,"raw/api/fetches/20260716T154708070Z/protocol-overview/daily/2024-08-04.json",465,FF8CBCF9
liqwid-portable-data,1,"raw/api/fetches/20260716T154708070Z/protocol-overview/daily/2024-08-05.json",466,687552F1
liqwid-portable-data,1,"raw/api/fetches/20260716T154708070Z/protocol-overview/daily/2024-08-06.json",450,E92E8978
liqwid-portable-data,1,"raw/api/fetches/20260716T154708070Z/protocol-overview/daily/2024-08-07.json",449,A21190E6
liqwid-portable-data,1,"raw/api/fetches/20260716T154708070Z/protocol-overview/daily/2024-08-08.json",465,1C19E782
liqwid-portable-data,1,"raw/api/fetches/20260716T154708070Z/protocol-overview/daily/2024-08-09.json",447,EB572971
liqwid-portable-data,1,"raw/api/fetches/20260716T154708070Z/protocol-overview/daily/2024-08-10.json",440,9F4B8816
liqwid-portable-data,1,"raw/api/fetches/20260716T154708070Z/protocol-overview/daily/2024-08-11.json",441,64B77DC8
liqwid-portable-data,1,"raw/api/fetches/20260716T154708070Z/protocol-overview/daily/2024-08-12.json",447,19C132A2
liqwid-portable-data,1,"raw/api/fetches/20260716T154708070Z/protocol-overview/daily/2024-08-13.json",447,D8C20FFC
liqwid-portable-data,1,"raw/api/fetches/20260716T154708070Z/protocol-overview/daily/2024-08-14.json",450,991CFD17
liqwid-portable-data,1,"raw/api/fetches/20260716T154708070Z/protocol-overview/daily/2024-08-15.json",448,B8C791D9
liqwid-portable-data,1,"raw/api/fetches/20260716T154708070Z/protocol-overview/daily/2024-08-16.json",464,602D6C29
liqwid-portable-data,1,"raw/api/fetches/20260716T154708070Z/protocol-overview/daily/2024-08-17.json",446,F4ECEFA7
liqwid-portable-data,1,"raw/api/fetches/20260716T154708070Z/protocol-overview/daily/2024-08-18.json",448,5B96CAB6
liqwid-portable-data,1,"raw/api/fetches/20260716T154708070Z/protocol-overview/daily/2024-08-19.json",449,28FF4E2D
liqwid-portable-data,1,"raw/api/fetches/20260716T154708070Z/protocol-overview/daily/2024-08-20.json",442,539725CE
liqwid-portable-data,1,"raw/api/fetches/20260716T154708070Z/protocol-overview/daily/2024-08-21.json",451,7561205E
liqwid-portable-data,1,"raw/api/fetches/20260716T154708070Z/protocol-overview/daily/2024-08-22.json",446,EDB3303C
liqwid-portable-data,1,"raw/api/fetches/20260716T154708070Z/protocol-overview/daily/2024-08-23.json",442,19732492
liqwid-portable-data,1,"raw/api/fetches/20260716T154708070Z/protocol-overview/daily/2024-08-24.json",449,BD1D5234
liqwid-portable-data,1,"raw/api/fetches/20260716T154708070Z/protocol-overview/daily/2024-08-25.json",449,4B5E12AD
liqwid-portable-data,1,"raw/api/fetches/20260716T154708070Z/protocol-overview/daily/2024-08-26.json",447,CE05C3DB
liqwid-portable-data,1,"raw/api/fetches/20260716T154708070Z/protocol-overview/daily/2024-08-27.json",446,E899104E
liqwid-portable-data,1,"raw/api/fetches/20260716T154708070Z/protocol-overview/daily/2024-08-28.json",448,184C634D
liqwid-portable-data,1,"raw/api/fetches/20260716T154708070Z/protocol-overview/daily/2024-08-29.json",451,6ABE4121
liqwid-portable-data,1,"raw/api/fetches/20260716T154708070Z/protocol-overview/daily/2024-08-30.json",449,A2D14CBD
liqwid-portable-data,1,"raw/api/fetches/20260716T154708070Z/protocol-overview/daily/2024-08-31.json",444,8DE831F7
liqwid-portable-data,1,"raw/api/fetches/20260716T154708070Z/protocol-overview/daily/2024-09-01.json",449,086D70FD
liqwid-portable-data,1,"raw/api/fetches/20260716T154708070Z/protocol-overview/daily/2024-09-02.json",450,3C19A0A0
liqwid-portable-data,1,"raw/api/fetches/20260716T154708070Z/protocol-overview/daily/2024-09-03.json",447,1DFAF436
liqwid-portable-data,1,"raw/api/fetches/20260716T154708070Z/protocol-overview/daily/2024-09-04.json",450,EA112325
liqwid-portable-data,1,"raw/api/fetches/20260716T154708070Z/protocol-overview/daily/2024-09-05.json",448,6F024E07
liqwid-portable-data,1,"raw/api/fetches/20260716T154708070Z/protocol-overview/daily/2024-09-06.json",449,D2E3E91B
liqwid-portable-data,1,"raw/api/fetches/20260716T154708070Z/protocol-overview/daily/2024-09-07.json",447,67DFB7EE
liqwid-portable-data,1,"raw/api/fetches/20260716T154708070Z/protocol-overview/daily/2024-09-08.json",448,28E70FC3
liqwid-portable-data,1,"raw/api/fetches/20260716T154708070Z/protocol-overview/daily/2024-09-09.json",448,24F02890
liqwid-portable-data,1,"raw/api/fetches/20260716T154708070Z/protocol-overview/daily/2024-09-10.json",450,FC16DF69
liqwid-portable-data,1,"raw/api/fetches/20260716T154708070Z/protocol-overview/daily/2024-09-11.json",446,5A5E695D
liqwid-portable-data,1,"raw/api/fetches/20260716T154708070Z/protocol-overview/daily/2024-09-12.json",446,F141320A
liqwid-portable-data,1,"raw/api/fetches/20260716T154708070Z/protocol-overview/daily/2024-09-13.json",447,3A41CD7F
liqwid-portable-data,1,"raw/api/fetches/20260716T154708070Z/protocol-overview/daily/2024-09-14.json",448,5AA06D9C
liqwid-portable-data,1,"raw/api/fetches/20260716T154708070Z/protocol-overview/daily/2024-09-15.json",448,54E309C3
liqwid-portable-data,1,"raw/api/fetches/20260716T154708070Z/protocol-overview/daily/2024-09-16.json",449,EFB77C15
liqwid-portable-data,1,"raw/api/fetches/20260716T154708070Z/protocol-overview/daily/2024-09-17.json",450,6D1D30E0
liqwid-portable-data,1,"raw/api/fetches/20260716T154708070Z/protocol-overview/daily/2024-09-18.json",447,C2A95F76
liqwid-portable-data,1,"raw/api/fetches/20260716T154708070Z/protocol-overview/daily/2024-09-19.json",443,EFAEEDEB
liqwid-portable-data,1,"raw/api/fetches/20260716T154708070Z/protocol-overview/daily/2024-09-20.json",466,F1F20F8D
liqwid-portable-data,1,"raw/api/fetches/20260716T154708070Z/protocol-overview/daily/2024-09-21.json",450,93A2B9E0
liqwid-portable-data,1,"raw/api/fetches/20260716T154708070Z/protocol-overview/daily/2024-09-22.json",435,475D2EB8
liqwid-portable-data,1,"raw/api/fetches/20260716T154708070Z/protocol-overview/daily/2024-09-23.json",449,1212ADC0
liqwid-portable-data,1,"raw/api/fetches/20260716T154708070Z/protocol-overview/daily/2024-09-24.json",451,87F2FCEF
liqwid-portable-data,1,"raw/api/fetches/20260716T154708070Z/protocol-overview/daily/2024-09-25.json",449,E9DDAC8F
liqwid-portable-data,1,"raw/api/fetches/20260716T154708070Z/protocol-overview/daily/2024-09-26.json",450,777746EB
liqwid-portable-data,1,"raw/api/fetches/20260716T154708070Z/protocol-overview/daily/2024-09-27.json",450,6AC3A1D9
liqwid-portable-data,1,"raw/api/fetches/20260716T154708070Z/protocol-overview/daily/2024-09-28.json",438,C7390208
liqwid-portable-data,1,"raw/api/fetches/20260716T154708070Z/protocol-overview/daily/2024-09-29.json",445,20218343
liqwid-portable-data,1,"raw/api/fetches/20260716T154708070Z/protocol-overview/daily/2024-09-30.json",444,4CF2B123
liqwid-portable-data,1,"raw/api/fetches/20260716T154708070Z/protocol-overview/daily/2024-10-01.json",448,A5BFFE8F
liqwid-portable-data,1,"raw/api/fetches/20260716T154708070Z/protocol-overview/daily/2024-10-02.json",448,80231042
liqwid-portable-data,1,"raw/api/fetches/20260716T154708070Z/protocol-overview/daily/2024-10-03.json",446,A85FA02E
liqwid-portable-data,1,"raw/api/fetches/20260716T154708070Z/protocol-overview/daily/2024-10-04.json",448,DF839A50
liqwid-portable-data,1,"raw/api/fetches/20260716T154708070Z/protocol-overview/daily/2024-10-05.json",417,4C5FC0EE
liqwid-portable-data,1,"raw/api/fetches/20260716T154708070Z/protocol-overview/daily/2024-10-06.json",447,DBC19EA9
liqwid-portable-data,1,"raw/api/fetches/20260716T154708070Z/protocol-overview/daily/2024-10-07.json",449,BD8F411F
liqwid-portable-data,1,"raw/api/fetches/20260716T154708070Z/protocol-overview/daily/2024-10-08.json",448,9298CC04
liqwid-portable-data,1,"raw/api/fetches/20260716T154708070Z/protocol-overview/daily/2024-10-09.json",449,1E5D1FD4
liqwid-portable-data,1,"raw/api/fetches/20260716T154708070Z/protocol-overview/daily/2024-10-10.json",448,377D858E
liqwid-portable-data,1,"raw/api/fetches/20260716T154708070Z/protocol-overview/daily/2024-10-11.json",467,353C8B8D
liqwid-portable-data,1,"raw/api/fetches/20260716T154708070Z/protocol-overview/daily/2024-10-12.json",448,3972EB1B
liqwid-portable-data,1,"raw/api/fetches/20260716T154708070Z/protocol-overview/daily/2024-10-13.json",446,97B14E4C
liqwid-portable-data,1,"raw/api/fetches/20260716T154708070Z/protocol-overview/daily/2024-10-14.json",449,A4EE7905
liqwid-portable-data,1,"raw/api/fetches/20260716T154708070Z/protocol-overview/daily/2024-10-15.json",449,0513A5B6
liqwid-portable-data,1,"raw/api/fetches/20260716T154708070Z/protocol-overview/daily/2024-10-16.json",450,76BD5D86
liqwid-portable-data,1,"raw/api/fetches/20260716T154708070Z/protocol-overview/daily/2024-10-17.json",449,955E356D
liqwid-portable-data,1,"raw/api/fetches/20260716T154708070Z/protocol-overview/daily/2024-10-18.json",446,BA4CB3ED
liqwid-portable-data,1,"raw/api/fetches/20260716T154708070Z/protocol-overview/daily/2024-10-19.json",448,0C3A92C7
liqwid-portable-data,1,"raw/api/fetches/20260716T154708070Z/protocol-overview/daily/2024-10-20.json",443,553EF4A4
liqwid-portable-data,1,"raw/api/fetches/20260716T154708070Z/protocol-overview/daily/2024-10-21.json",448,AF3A58DA
liqwid-portable-data,1,"raw/api/fetches/20260716T154708070Z/protocol-overview/daily/2024-10-22.json",447,3F970984
liqwid-portable-data,1,"raw/api/fetches/20260716T154708070Z/protocol-overview/daily/2024-10-23.json",450,682C179B
liqwid-portable-data,1,"raw/api/fetches/20260716T154708070Z/protocol-overview/daily/2024-10-24.json",440,E6863C0B
liqwid-portable-data,1,"raw/api/fetches/20260716T154708070Z/protocol-overview/daily/2024-10-25.json",464,2105C09E
liqwid-portable-data,1,"raw/api/fetches/20260716T154708070Z/protocol-overview/daily/2024-10-26.json",448,9D94F88C
liqwid-portable-data,1,"raw/api/fetches/20260716T154708070Z/protocol-overview/daily/2024-10-27.json",435,A83C4FC8
liqwid-portable-data,1,"raw/api/fetches/20260716T154708070Z/protocol-overview/daily/2024-10-28.json",447,BF66B767
liqwid-portable-data,1,"raw/api/fetches/20260716T154708070Z/protocol-overview/daily/2024-10-29.json",448,AEAA6B31
liqwid-portable-data,1,"raw/api/fetches/20260716T154708070Z/protocol-overview/daily/2024-10-30.json",437,0178B0D9
liqwid-portable-data,1,"raw/api/fetches/20260716T154708070Z/protocol-overview/daily/2024-10-31.json",416,8EE54C29
liqwid-portable-data,1,"raw/api/fetches/20260716T154708070Z/protocol-overview/daily/2024-11-01.json",448,6AAA8B68
liqwid-portable-data,1,"raw/api/fetches/20260716T154708070Z/protocol-overview/daily/2024-11-02.json",449,A9DD80A3
liqwid-portable-data,1,"raw/api/fetches/20260716T154708070Z/protocol-overview/daily/2024-11-03.json",448,8E6150E6
liqwid-portable-data,1,"raw/api/fetches/20260716T154708070Z/protocol-overview/daily/2024-11-04.json",464,BE70A350
liqwid-portable-data,1,"raw/api/fetches/20260716T154708070Z/protocol-overview/daily/2024-11-05.json",447,B3C2188A
liqwid-portable-data,1,"raw/api/fetches/20260716T154708070Z/protocol-overview/daily/2024-11-06.json",447,C87DA1EB
liqwid-portable-data,1,"raw/api/fetches/20260716T154708070Z/protocol-overview/daily/2024-11-07.json",450,2A7736D0
liqwid-portable-data,1,"raw/api/fetches/20260716T154708070Z/protocol-overview/daily/2024-11-08.json",450,C9764308
liqwid-portable-data,1,"raw/api/fetches/20260716T154708070Z/protocol-overview/daily/2024-11-09.json",450,92A6742E
liqwid-portable-data,1,"raw/api/fetches/20260716T154708070Z/protocol-overview/daily/2024-11-10.json",466,F9C697D8
liqwid-portable-data,1,"raw/api/fetches/20260716T154708070Z/protocol-overview/daily/2024-11-11.json",449,582AFCDD
liqwid-portable-data,1,"raw/api/fetches/20260716T154708070Z/protocol-overview/daily/2024-11-12.json",450,3DEB715D
liqwid-portable-data,1,"raw/api/fetches/20260716T154708070Z/protocol-overview/daily/2024-11-13.json",450,E473206B
liqwid-portable-data,1,"raw/api/fetches/20260716T154708070Z/protocol-overview/daily/2024-11-14.json",449,8AD86CA4
liqwid-portable-data,1,"raw/api/fetches/20260716T154708070Z/protocol-overview/daily/2024-11-15.json",448,1F99ABE9
liqwid-portable-data,1,"raw/api/fetches/20260716T154708070Z/protocol-overview/daily/2024-11-16.json",450,AA69F661
liqwid-portable-data,1,"raw/api/fetches/20260716T154708070Z/protocol-overview/daily/2024-11-17.json",467,9F5E8CBE
liqwid-portable-data,1,"raw/api/fetches/20260716T154708070Z/protocol-overview/daily/2024-11-18.json",467,FE7D4815
liqwid-portable-data,1,"raw/api/fetches/20260716T154708070Z/protocol-overview/daily/2024-11-19.json",443,016864B3
liqwid-portable-data,1,"raw/api/fetches/20260716T154708070Z/protocol-overview/daily/2024-11-20.json",466,43278E42
liqwid-portable-data,1,"raw/api/fetches/20260716T154708070Z/protocol-overview/daily/2024-11-21.json",449,84A72279
liqwid-portable-data,1,"raw/api/fetches/20260716T154708070Z/protocol-overview/daily/2024-11-22.json",468,FF9DC881
liqwid-portable-data,1,"raw/api/fetches/20260716T154708070Z/protocol-overview/daily/2024-11-23.json",465,58B7F180
liqwid-portable-data,1,"raw/api/fetches/20260716T154708070Z/protocol-overview/daily/2024-11-24.json",467,791B0F54
liqwid-portable-data,1,"raw/api/fetches/20260716T154708070Z/protocol-overview/daily/2024-11-25.json",450,9EA34304
liqwid-portable-data,1,"raw/api/fetches/20260716T154708070Z/protocol-overview/daily/2024-11-26.json",450,65886F85
liqwid-portable-data,1,"raw/api/fetches/20260716T154708070Z/protocol-overview/daily/2024-11-27.json",449,B38D3E0B
liqwid-portable-data,1,"raw/api/fetches/20260716T154708070Z/protocol-overview/daily/2024-11-28.json",451,61343FBA
liqwid-portable-data,1,"raw/api/fetches/20260716T154708070Z/protocol-overview/daily/2024-11-29.json",449,F91493C1
liqwid-portable-data,1,"raw/api/fetches/20260716T154708070Z/protocol-overview/daily/2024-11-30.json",463,6FE9CED1
liqwid-portable-data,1,"raw/api/fetches/20260716T154708070Z/protocol-overview/daily/2024-12-01.json",447,6C2424CB
liqwid-portable-data,1,"raw/api/fetches/20260716T154708070Z/protocol-overview/daily/2024-12-02.json",450,27B01129
liqwid-portable-data,1,"raw/api/fetches/20260716T154708070Z/protocol-overview/daily/2024-12-03.json",449,53A9963B
liqwid-portable-data,1,"raw/api/fetches/20260716T154708070Z/protocol-overview/daily/2024-12-04.json",467,C32E4BC8
liqwid-portable-data,1,"raw/api/fetches/20260716T154708070Z/protocol-overview/daily/2024-12-05.json",467,31F69EF8
liqwid-portable-data,1,"raw/api/fetches/20260716T154708070Z/protocol-overview/daily/2024-12-06.json",451,B0309B10
liqwid-portable-data,1,"raw/api/fetches/20260716T154708070Z/protocol-overview/daily/2024-12-07.json",442,376AB7E8
liqwid-portable-data,1,"raw/api/fetches/20260716T154708070Z/protocol-overview/daily/2024-12-08.json",448,4A6FB457
liqwid-portable-data,1,"raw/api/fetches/20260716T154708070Z/protocol-overview/daily/2024-12-09.json",466,1F4F2BAC
liqwid-portable-data,1,"raw/api/fetches/20260716T154708070Z/protocol-overview/daily/2024-12-10.json",466,E6E5217A
liqwid-portable-data,1,"raw/api/fetches/20260716T154708070Z/protocol-overview/daily/2024-12-11.json",448,C4FD37E2
liqwid-portable-data,1,"raw/api/fetches/20260716T154708070Z/protocol-overview/daily/2024-12-12.json",448,6DCA6C50
liqwid-portable-data,1,"raw/api/fetches/20260716T154708070Z/protocol-overview/daily/2024-12-13.json",466,B3A0F849
liqwid-portable-data,1,"raw/api/fetches/20260716T154708070Z/protocol-overview/daily/2024-12-14.json",451,AE9917CD
liqwid-portable-data,1,"raw/api/fetches/20260716T154708070Z/protocol-overview/daily/2024-12-15.json",449,EBAFA6EE
liqwid-portable-data,1,"raw/api/fetches/20260716T154708070Z/protocol-overview/daily/2024-12-16.json",450,E6B5412B
liqwid-portable-data,1,"raw/api/fetches/20260716T154708070Z/protocol-overview/daily/2024-12-17.json",448,44A13E06
liqwid-portable-data,1,"raw/api/fetches/20260716T154708070Z/protocol-overview/daily/2024-12-18.json",448,9DCA09FB
liqwid-portable-data,1,"raw/api/fetches/20260716T154708070Z/protocol-overview/daily/2024-12-19.json",466,58935F9D
liqwid-portable-data,1,"raw/api/fetches/20260716T154708070Z/protocol-overview/daily/2024-12-20.json",465,15A937CE
liqwid-portable-data,1,"raw/api/fetches/20260716T154708070Z/protocol-overview/daily/2024-12-21.json",464,2B14820F
liqwid-portable-data,1,"raw/api/fetches/20260716T154708070Z/protocol-overview/daily/2024-12-22.json",450,BCE1CD86
liqwid-portable-data,1,"raw/api/fetches/20260716T154708070Z/protocol-overview/daily/2024-12-23.json",450,2F36E45D
liqwid-portable-data,1,"raw/api/fetches/20260716T154708070Z/protocol-overview/daily/2024-12-24.json",451,3E748601
liqwid-portable-data,1,"raw/api/fetches/20260716T154708070Z/protocol-overview/daily/2024-12-25.json",449,0B26AC9C
liqwid-portable-data,1,"raw/api/fetches/20260716T154708070Z/protocol-overview/daily/2024-12-26.json",465,66C265D5
liqwid-portable-data,1,"raw/api/fetches/20260716T154708070Z/protocol-overview/daily/2024-12-27.json",464,AFD3F199
liqwid-portable-data,1,"raw/api/fetches/20260716T154708070Z/protocol-overview/daily/2024-12-28.json",449,97DCB6BC
liqwid-portable-data,1,"raw/api/fetches/20260716T154708070Z/protocol-overview/daily/2024-12-29.json",449,DD741225
liqwid-portable-data,1,"raw/api/fetches/20260716T154708070Z/protocol-overview/daily/2024-12-30.json",450,97C68D59
liqwid-portable-data,1,"raw/api/fetches/20260716T154708070Z/protocol-overview/daily/2024-12-31.json",451,DD55E0A5
liqwid-portable-data,1,"raw/api/fetches/20260716T154708070Z/protocol-overview/daily/2025-01-01.json",450,0D7B6E63
liqwid-portable-data,1,"raw/api/fetches/20260716T154708070Z/protocol-overview/daily/2025-01-02.json",451,7558713C
liqwid-portable-data,1,"raw/api/fetches/20260716T154708070Z/protocol-overview/daily/2025-01-03.json",449,4E2DA0F5
liqwid-portable-data,1,"raw/api/fetches/20260716T154708070Z/protocol-overview/daily/2025-01-04.json",434,A4D9F8CB
liqwid-portable-data,1,"raw/api/fetches/20260716T154708070Z/protocol-overview/daily/2025-01-05.json",451,6E14EDC9
liqwid-portable-data,1,"raw/api/fetches/20260716T154708070Z/protocol-overview/daily/2025-01-06.json",450,CDAF863C
liqwid-portable-data,1,"raw/api/fetches/20260716T154708070Z/protocol-overview/daily/2025-01-07.json",466,D7B91A36
liqwid-portable-data,1,"raw/api/fetches/20260716T154708070Z/protocol-overview/daily/2025-01-08.json",468,6FB5C82C
liqwid-portable-data,1,"raw/api/fetches/20260716T154708070Z/protocol-overview/daily/2025-01-09.json",448,4F3973EC
liqwid-portable-data,1,"raw/api/fetches/20260716T154708070Z/protocol-overview/daily/2025-01-10.json",452,ABF1A080
liqwid-portable-data,1,"raw/api/fetches/20260716T154708070Z/protocol-overview/daily/2025-01-11.json",466,DBB7092F
liqwid-portable-data,1,"raw/api/fetches/20260716T154708070Z/protocol-overview/daily/2025-01-12.json",449,0AE4BAB9
liqwid-portable-data,1,"raw/api/fetches/20260716T154708070Z/protocol-overview/daily/2025-01-13.json",466,74FC26DE
liqwid-portable-data,1,"raw/api/fetches/20260716T154708070Z/protocol-overview/daily/2025-01-14.json",448,4AA107DD
liqwid-portable-data,1,"raw/api/fetches/20260716T154708070Z/protocol-overview/daily/2025-01-15.json",442,228032E9
liqwid-portable-data,1,"raw/api/fetches/20260716T154708070Z/protocol-overview/daily/2025-01-16.json",448,CAC9BAA3
liqwid-portable-data,1,"raw/api/fetches/20260716T154708070Z/protocol-overview/daily/2025-01-17.json",441,0B012614
liqwid-portable-data,1,"raw/api/fetches/20260716T154708070Z/protocol-overview/daily/2025-01-18.json",450,63EF6F7C
liqwid-portable-data,1,"raw/api/fetches/20260716T154708070Z/protocol-overview/daily/2025-01-19.json",449,525720D7
liqwid-portable-data,1,"raw/api/fetches/20260716T154708070Z/protocol-overview/daily/2025-01-20.json",465,1AC67275
liqwid-portable-data,1,"raw/api/fetches/20260716T154708070Z/protocol-overview/daily/2025-01-21.json",450,9A2D60F7
liqwid-portable-data,1,"raw/api/fetches/20260716T154708070Z/protocol-overview/daily/2025-01-22.json",451,ECA5866F
liqwid-portable-data,1,"raw/api/fetches/20260716T154708070Z/protocol-overview/daily/2025-01-23.json",451,A32FFDE1
liqwid-portable-data,1,"raw/api/fetches/20260716T154708070Z/protocol-overview/daily/2025-01-24.json",449,1025F21F
liqwid-portable-data,1,"raw/api/fetches/20260716T154708070Z/protocol-overview/daily/2025-01-25.json",439,B36A2585
liqwid-portable-data,1,"raw/api/fetches/20260716T154708070Z/protocol-overview/daily/2025-01-26.json",450,226D38B0
liqwid-portable-data,1,"raw/api/fetches/20260716T154708070Z/protocol-overview/daily/2025-01-27.json",467,542579E8
liqwid-portable-data,1,"raw/api/fetches/20260716T154708070Z/protocol-overview/daily/2025-01-28.json",449,696694A4
liqwid-portable-data,1,"raw/api/fetches/20260716T154708070Z/protocol-overview/daily/2025-01-29.json",448,77DE97D6
liqwid-portable-data,1,"raw/api/fetches/20260716T154708070Z/protocol-overview/daily/2025-01-30.json",449,7C79B3B4
liqwid-portable-data,1,"raw/api/fetches/20260716T154708070Z/protocol-overview/daily/2025-01-31.json",448,1D32E1C5
liqwid-portable-data,1,"raw/api/fetches/20260716T154708070Z/protocol-overview/daily/2025-02-01.json",448,624A670B
liqwid-portable-data,1,"raw/api/fetches/20260716T154708070Z/protocol-overview/daily/2025-02-02.json",469,82D3AE91
liqwid-portable-data,1,"raw/api/fetches/20260716T154708070Z/protocol-overview/daily/2025-02-03.json",467,6E162436
liqwid-portable-data,1,"raw/api/fetches/20260716T154708070Z/protocol-overview/daily/2025-02-04.json",468,76FDE355
liqwid-portable-data,1,"raw/api/fetches/20260716T154708070Z/protocol-overview/daily/2025-02-05.json",450,2F212AA3
liqwid-portable-data,1,"raw/api/fetches/20260716T154708070Z/protocol-overview/daily/2025-02-06.json",451,A285E91B
liqwid-portable-data,1,"raw/api/fetches/20260716T154708070Z/protocol-overview/daily/2025-02-07.json",449,7696E85B
liqwid-portable-data,1,"raw/api/fetches/20260716T154708070Z/protocol-overview/daily/2025-02-08.json",450,422103E8
liqwid-portable-data,1,"raw/api/fetches/20260716T154708070Z/protocol-overview/daily/2025-02-09.json",450,71FC4946
liqwid-portable-data,1,"raw/api/fetches/20260716T154708070Z/protocol-overview/daily/2025-02-10.json",450,F5A4F464
liqwid-portable-data,1,"raw/api/fetches/20260716T154708070Z/protocol-overview/daily/2025-02-11.json",465,43D379A5
liqwid-portable-data,1,"raw/api/fetches/20260716T154708070Z/protocol-overview/daily/2025-02-12.json",418,DD6C9737
liqwid-portable-data,1,"raw/api/fetches/20260716T154708070Z/protocol-overview/daily/2025-02-13.json",448,EB1BD479
liqwid-portable-data,1,"raw/api/fetches/20260716T154708070Z/protocol-overview/daily/2025-02-14.json",448,6DE95868
liqwid-portable-data,1,"raw/api/fetches/20260716T154708070Z/protocol-overview/daily/2025-02-15.json",438,F75D50DE
liqwid-portable-data,1,"raw/api/fetches/20260716T154708070Z/protocol-overview/daily/2025-02-16.json",447,BE9E2BBD
liqwid-portable-data,1,"raw/api/fetches/20260716T154708070Z/protocol-overview/daily/2025-02-17.json",448,C644051C
liqwid-portable-data,1,"raw/api/fetches/20260716T154708070Z/protocol-overview/daily/2025-02-18.json",467,B7D13F86
liqwid-portable-data,1,"raw/api/fetches/20260716T154708070Z/protocol-overview/daily/2025-02-19.json",449,37F4CCBF
liqwid-portable-data,1,"raw/api/fetches/20260716T154708070Z/protocol-overview/daily/2025-02-20.json",449,ED4F7D7F
liqwid-portable-data,1,"raw/api/fetches/20260716T154708070Z/protocol-overview/daily/2025-02-21.json",451,D6A088E5
liqwid-portable-data,1,"raw/api/fetches/20260716T154708070Z/protocol-overview/daily/2025-02-22.json",450,9F574393
liqwid-portable-data,1,"raw/api/fetches/20260716T154708070Z/protocol-overview/daily/2025-02-23.json",448,986CB7FB
liqwid-portable-data,1,"raw/api/fetches/20260716T154708070Z/protocol-overview/daily/2025-02-24.json",467,0850580E
liqwid-portable-data,1,"raw/api/fetches/20260716T154708070Z/protocol-overview/daily/2025-02-25.json",468,39AB97CC
liqwid-portable-data,1,"raw/api/fetches/20260716T154708070Z/protocol-overview/daily/2025-02-26.json",466,ED2D35AF
liqwid-portable-data,1,"raw/api/fetches/20260716T154708070Z/protocol-overview/daily/2025-02-27.json",466,9E107B22
liqwid-portable-data,1,"raw/api/fetches/20260716T154708070Z/protocol-overview/daily/2025-02-28.json",466,585D3D36
liqwid-portable-data,1,"raw/api/fetches/20260716T154708070Z/protocol-overview/daily/2025-03-01.json",451,F752135F
liqwid-portable-data,1,"raw/api/fetches/20260716T154708070Z/protocol-overview/daily/2025-03-02.json",465,FFCF3B47
liqwid-portable-data,1,"raw/api/fetches/20260716T154708070Z/protocol-overview/daily/2025-03-03.json",466,02B610DA
liqwid-portable-data,1,"raw/api/fetches/20260716T154708070Z/protocol-overview/daily/2025-03-04.json",464,182B0084
liqwid-portable-data,1,"raw/api/fetches/20260716T154708070Z/protocol-overview/daily/2025-03-05.json",450,71BF5359
liqwid-portable-data,1,"raw/api/fetches/20260716T154708070Z/protocol-overview/daily/2025-03-06.json",450,BB2B1134
liqwid-portable-data,1,"raw/api/fetches/20260716T154708070Z/protocol-overview/daily/2025-03-07.json",449,F3E1A2FB
liqwid-portable-data,1,"raw/api/fetches/20260716T154708070Z/protocol-overview/daily/2025-03-08.json",466,9BF1EACA
liqwid-portable-data,1,"raw/api/fetches/20260716T154708070Z/protocol-overview/daily/2025-03-09.json",465,C06D37D2
liqwid-portable-data,1,"raw/api/fetches/20260716T154708070Z/protocol-overview/daily/2025-03-10.json",465,6F301CBA
liqwid-portable-data,1,"raw/api/fetches/20260716T154708070Z/protocol-overview/daily/2025-03-11.json",467,0B1377CD
liqwid-portable-data,1,"raw/api/fetches/20260716T154708070Z/protocol-overview/daily/2025-03-12.json",449,D798B590
liqwid-portable-data,1,"raw/api/fetches/20260716T154708070Z/protocol-overview/daily/2025-03-13.json",452,44137B0A
liqwid-portable-data,1,"raw/api/fetches/20260716T154708070Z/protocol-overview/daily/2025-03-14.json",442,EA1AF5E7
liqwid-portable-data,1,"raw/api/fetches/20260716T154708070Z/protocol-overview/daily/2025-03-15.json",463,F868E163
liqwid-portable-data,1,"raw/api/fetches/20260716T154708070Z/protocol-overview/daily/2025-03-16.json",450,3CDC5EDA
liqwid-portable-data,1,"raw/api/fetches/20260716T154708070Z/protocol-overview/daily/2025-03-17.json",447,05AA3682
liqwid-portable-data,1,"raw/api/fetches/20260716T154708070Z/protocol-overview/daily/2025-03-18.json",448,8F67C212
liqwid-portable-data,1,"raw/api/fetches/20260716T154708070Z/protocol-overview/daily/2025-03-19.json",448,25C16F6D
liqwid-portable-data,1,"raw/api/fetches/20260716T154708070Z/protocol-overview/daily/2025-03-20.json",436,A527D2C3
liqwid-portable-data,1,"raw/api/fetches/20260716T154708070Z/protocol-overview/daily/2025-03-21.json",452,6947B589
liqwid-portable-data,1,"raw/api/fetches/20260716T154708070Z/protocol-overview/daily/2025-03-22.json",443,9A10E0F9
liqwid-portable-data,1,"raw/api/fetches/20260716T154708070Z/protocol-overview/daily/2025-03-23.json",447,152666D5
liqwid-portable-data,1,"raw/api/fetches/20260716T154708070Z/protocol-overview/daily/2025-03-24.json",449,6B7A4ACC
liqwid-portable-data,1,"raw/api/fetches/20260716T154708070Z/protocol-overview/daily/2025-03-25.json",451,6C197876
liqwid-portable-data,1,"raw/api/fetches/20260716T154708070Z/protocol-overview/daily/2025-03-26.json",448,5DF356E0
liqwid-portable-data,1,"raw/api/fetches/20260716T154708070Z/protocol-overview/daily/2025-03-27.json",448,013DAB48
liqwid-portable-data,1,"raw/api/fetches/20260716T154708070Z/protocol-overview/daily/2025-03-28.json",449,D53A2A87
liqwid-portable-data,1,"raw/api/fetches/20260716T154708070Z/protocol-overview/daily/2025-03-29.json",451,0C5D933D
liqwid-portable-data,1,"raw/api/fetches/20260716T154708070Z/protocol-overview/daily/2025-03-30.json",449,A3AD63FB
liqwid-portable-data,1,"raw/api/fetches/20260716T154708070Z/protocol-overview/daily/2025-03-31.json",466,4633586F
liqwid-portable-data,1,"raw/api/fetches/20260716T154708070Z/protocol-overview/daily/2025-04-01.json",451,184663BC
liqwid-portable-data,1,"raw/api/fetches/20260716T154708070Z/protocol-overview/daily/2025-04-02.json",451,AF05933B
liqwid-portable-data,1,"raw/api/fetches/20260716T154708070Z/protocol-overview/daily/2025-04-03.json",450,C57985C2
liqwid-portable-data,1,"raw/api/fetches/20260716T154708070Z/protocol-overview/daily/2025-04-04.json",451,6CA14902
liqwid-portable-data,1,"raw/api/fetches/20260716T154708070Z/protocol-overview/daily/2025-04-05.json",449,D421B8FF
liqwid-portable-data,1,"raw/api/fetches/20260716T154708070Z/protocol-overview/daily/2025-04-06.json",466,DD1D8FB5
liqwid-portable-data,1,"raw/api/fetches/20260716T154708070Z/protocol-overview/daily/2025-04-07.json",464,9618BEAB
liqwid-portable-data,1,"raw/api/fetches/20260716T154708070Z/protocol-overview/daily/2025-04-08.json",442,CE9E09FB
liqwid-portable-data,1,"raw/api/fetches/20260716T154708070Z/protocol-overview/daily/2025-04-09.json",451,0BCF2A51
liqwid-portable-data,1,"raw/api/fetches/20260716T154708070Z/protocol-overview/daily/2025-04-10.json",450,9EDCA80C
liqwid-portable-data,1,"raw/api/fetches/20260716T154708070Z/protocol-overview/daily/2025-04-11.json",450,8A154D5F
liqwid-portable-data,1,"raw/api/fetches/20260716T154708070Z/protocol-overview/daily/2025-04-12.json",447,AD14D6B6
liqwid-portable-data,1,"raw/api/fetches/20260716T154708070Z/protocol-overview/daily/2025-04-13.json",450,C5384ABD
liqwid-portable-data,1,"raw/api/fetches/20260716T154708070Z/protocol-overview/daily/2025-04-14.json",443,1A2FB723
liqwid-portable-data,1,"raw/api/fetches/20260716T154708070Z/protocol-overview/daily/2025-04-15.json",450,6F3C67DA
liqwid-portable-data,1,"raw/api/fetches/20260716T154708070Z/protocol-overview/daily/2025-04-16.json",449,3315EE45
liqwid-portable-data,1,"raw/api/fetches/20260716T154708070Z/protocol-overview/daily/2025-04-17.json",447,B6F9C3D2
liqwid-portable-data,1,"raw/api/fetches/20260716T154708070Z/protocol-overview/daily/2025-04-18.json",445,D398C302
liqwid-portable-data,1,"raw/api/fetches/20260716T154708070Z/protocol-overview/daily/2025-04-19.json",449,CD9A0700
liqwid-portable-data,1,"raw/api/fetches/20260716T154708070Z/protocol-overview/daily/2025-04-20.json",438,9E25E1A5
liqwid-portable-data,1,"raw/api/fetches/20260716T154708070Z/protocol-overview/daily/2025-04-21.json",449,9FF57BF0
liqwid-portable-data,1,"raw/api/fetches/20260716T154708070Z/protocol-overview/daily/2025-04-22.json",447,C3983109
liqwid-portable-data,1,"raw/api/fetches/20260716T154708070Z/protocol-overview/daily/2025-04-23.json",447,32F14E0E
liqwid-portable-data,1,"raw/api/fetches/20260716T154708070Z/protocol-overview/daily/2025-04-24.json",441,3E1A8439
liqwid-portable-data,1,"raw/api/fetches/20260716T154708070Z/protocol-overview/daily/2025-04-25.json",464,0303DA53
liqwid-portable-data,1,"raw/api/fetches/20260716T154708070Z/protocol-overview/daily/2025-04-26.json",449,1311760A
liqwid-portable-data,1,"raw/api/fetches/20260716T154708070Z/protocol-overview/daily/2025-04-27.json",449,F6979136
liqwid-portable-data,1,"raw/api/fetches/20260716T154708070Z/protocol-overview/daily/2025-04-28.json",464,8552C9D9
liqwid-portable-data,1,"raw/api/fetches/20260716T154708070Z/protocol-overview/daily/2025-04-29.json",450,E46AE57A
liqwid-portable-data,1,"raw/api/fetches/20260716T154708070Z/protocol-overview/daily/2025-04-30.json",446,926CAFE2
liqwid-portable-data,1,"raw/api/fetches/20260716T154708070Z/protocol-overview/daily/2025-05-01.json",447,B17E5FCF
liqwid-portable-data,1,"raw/api/fetches/20260716T154708070Z/protocol-overview/daily/2025-05-02.json",449,0CA2E8EE
liqwid-portable-data,1,"raw/api/fetches/20260716T154708070Z/protocol-overview/daily/2025-05-03.json",434,C9683B30
liqwid-portable-data,1,"raw/api/fetches/20260716T154708070Z/protocol-overview/daily/2025-05-04.json",450,CB3FB861
liqwid-portable-data,1,"raw/api/fetches/20260716T154708070Z/protocol-overview/daily/2025-05-05.json",449,D255B082
liqwid-portable-data,1,"raw/api/fetches/20260716T154708070Z/protocol-overview/daily/2025-05-06.json",466,97FE35E0
liqwid-portable-data,1,"raw/api/fetches/20260716T154708070Z/protocol-overview/daily/2025-05-07.json",449,6C187BAE
liqwid-portable-data,1,"raw/api/fetches/20260716T154708070Z/protocol-overview/daily/2025-05-08.json",448,3C0891F2
liqwid-portable-data,1,"raw/api/fetches/20260716T154708070Z/protocol-overview/daily/2025-05-09.json",465,0DB50AF9
liqwid-portable-data,1,"raw/api/fetches/20260716T154708070Z/protocol-overview/daily/2025-05-10.json",463,6DDE7B50
liqwid-portable-data,1,"raw/api/fetches/20260716T154708070Z/protocol-overview/daily/2025-05-11.json",448,7A43A146
liqwid-portable-data,1,"raw/api/fetches/20260716T154708070Z/protocol-overview/daily/2025-05-12.json",451,EB59A9CB
liqwid-portable-data,1,"raw/api/fetches/20260716T154708070Z/protocol-overview/daily/2025-05-13.json",466,9323213F
liqwid-portable-data,1,"raw/api/fetches/20260716T154708070Z/protocol-overview/daily/2025-05-14.json",465,D09271A5
liqwid-portable-data,1,"raw/api/fetches/20260716T154708070Z/protocol-overview/daily/2025-05-15.json",462,6253459D
liqwid-portable-data,1,"raw/api/fetches/20260716T154708070Z/protocol-overview/daily/2025-05-16.json",449,3331B023
liqwid-portable-data,1,"raw/api/fetches/20260716T154708070Z/protocol-overview/daily/2025-05-17.json",466,6BE88FBD
liqwid-portable-data,1,"raw/api/fetches/20260716T154708070Z/protocol-overview/daily/2025-05-18.json",449,970C0D40
liqwid-portable-data,1,"raw/api/fetches/20260716T154708070Z/protocol-overview/daily/2025-05-19.json",447,29E9D64A
liqwid-portable-data,1,"raw/api/fetches/20260716T154708070Z/protocol-overview/daily/2025-05-20.json",449,D21452AA
liqwid-portable-data,1,"raw/api/fetches/20260716T154708070Z/protocol-overview/daily/2025-05-21.json",450,35DDB092
liqwid-portable-data,1,"raw/api/fetches/20260716T154708070Z/protocol-overview/daily/2025-05-22.json",452,59C3456F
liqwid-portable-data,1,"raw/api/fetches/20260716T154708070Z/protocol-overview/daily/2025-05-23.json",450,64F052F3
liqwid-portable-data,1,"raw/api/fetches/20260716T154708070Z/protocol-overview/daily/2025-05-24.json",442,8C0D8320
liqwid-portable-data,1,"raw/api/fetches/20260716T154708070Z/protocol-overview/daily/2025-05-25.json",444,CD82FBFD
liqwid-portable-data,1,"raw/api/fetches/20260716T154708070Z/protocol-overview/daily/2025-05-26.json",451,69371DCE
liqwid-portable-data,1,"raw/api/fetches/20260716T154708070Z/protocol-overview/daily/2025-05-27.json",418,9F07142D
liqwid-portable-data,1,"raw/api/fetches/20260716T154708070Z/protocol-overview/daily/2025-05-28.json",451,AE154A27
liqwid-portable-data,1,"raw/api/fetches/20260716T154708070Z/protocol-overview/daily/2025-05-29.json",449,A3D0DE92
liqwid-portable-data,1,"raw/api/fetches/20260716T154708070Z/protocol-overview/daily/2025-05-30.json",468,107B7B0B
liqwid-portable-data,1,"raw/api/fetches/20260716T154708070Z/protocol-overview/daily/2025-05-31.json",467,24A29E3B
liqwid-portable-data,1,"raw/api/fetches/20260716T154708070Z/protocol-overview/daily/2025-06-01.json",451,82B91EE3
liqwid-portable-data,1,"raw/api/fetches/20260716T154708070Z/protocol-overview/daily/2025-06-02.json",447,0797A57C
liqwid-portable-data,1,"raw/api/fetches/20260716T154708070Z/protocol-overview/daily/2025-06-03.json",450,41FBE5DB
liqwid-portable-data,1,"raw/api/fetches/20260716T154708070Z/protocol-overview/daily/2025-06-04.json",449,A5CD4265
liqwid-portable-data,1,"raw/api/fetches/20260716T154708070Z/protocol-overview/daily/2025-06-05.json",468,0EC207A8
liqwid-portable-data,1,"raw/api/fetches/20260716T154708070Z/protocol-overview/daily/2025-06-06.json",452,962E688D
liqwid-portable-data,1,"raw/api/fetches/20260716T154708070Z/protocol-overview/daily/2025-06-07.json",464,844343F6
liqwid-portable-data,1,"raw/api/fetches/20260716T154708070Z/protocol-overview/daily/2025-06-08.json",465,747B41C1
liqwid-portable-data,1,"raw/api/fetches/20260716T154708070Z/protocol-overview/daily/2025-06-09.json",451,F787C44C
liqwid-portable-data,1,"raw/api/fetches/20260716T154708070Z/protocol-overview/daily/2025-06-10.json",451,CD851F8C
liqwid-portable-data,1,"raw/api/fetches/20260716T154708070Z/protocol-overview/daily/2025-06-11.json",452,7CA1496B
liqwid-portable-data,1,"raw/api/fetches/20260716T154708070Z/protocol-overview/daily/2025-06-12.json",450,E0AEE6F9
liqwid-portable-data,1,"raw/api/fetches/20260716T154708070Z/protocol-overview/daily/2025-06-13.json",466,8BC12C02
liqwid-portable-data,1,"raw/api/fetches/20260716T154708070Z/protocol-overview/daily/2025-06-14.json",452,A4B01EC5
liqwid-portable-data,1,"raw/api/fetches/20260716T154708070Z/protocol-overview/daily/2025-06-15.json",451,E0C78233
liqwid-portable-data,1,"raw/api/fetches/20260716T154708070Z/protocol-overview/daily/2025-06-16.json",467,4AD67ED6
liqwid-portable-data,1,"raw/api/fetches/20260716T154708070Z/protocol-overview/daily/2025-06-17.json",466,A0CD70BA
liqwid-portable-data,1,"raw/api/fetches/20260716T154708070Z/protocol-overview/daily/2025-06-18.json",466,1C7C3CC5
liqwid-portable-data,1,"raw/api/fetches/20260716T154708070Z/protocol-overview/daily/2025-06-19.json",452,87139B28
liqwid-portable-data,1,"raw/api/fetches/20260716T154708070Z/protocol-overview/daily/2025-06-20.json",467,1A409141
liqwid-portable-data,1,"raw/api/fetches/20260716T154708070Z/protocol-overview/daily/2025-06-21.json",465,7946DDA0
liqwid-portable-data,1,"raw/api/fetches/20260716T154708070Z/protocol-overview/daily/2025-06-22.json",466,FC411FE1
liqwid-portable-data,1,"raw/api/fetches/20260716T154708070Z/protocol-overview/daily/2025-06-23.json",449,3E436629
liqwid-portable-data,1,"raw/api/fetches/20260716T154708070Z/protocol-overview/daily/2025-06-24.json",442,B28B9402
liqwid-portable-data,1,"raw/api/fetches/20260716T154708070Z/protocol-overview/daily/2025-06-25.json",448,D4DD4C99
liqwid-portable-data,1,"raw/api/fetches/20260716T154708070Z/protocol-overview/daily/2025-06-26.json",451,FD4DB953
liqwid-portable-data,1,"raw/api/fetches/20260716T154708070Z/protocol-overview/daily/2025-06-27.json",444,C4185F91
liqwid-portable-data,1,"raw/api/fetches/20260716T154708070Z/protocol-overview/daily/2025-06-28.json",439,CE955619
liqwid-portable-data,1,"raw/api/fetches/20260716T154708070Z/protocol-overview/daily/2025-06-29.json",450,7ED90F29
liqwid-portable-data,1,"raw/api/fetches/20260716T154708070Z/protocol-overview/daily/2025-06-30.json",468,F95E03FC
liqwid-portable-data,1,"raw/api/fetches/20260716T154708070Z/protocol-overview/daily/2025-07-01.json",466,7B17C780
liqwid-portable-data,1,"raw/api/fetches/20260716T154708070Z/protocol-overview/daily/2025-07-02.json",450,CD34A513
liqwid-portable-data,1,"raw/api/fetches/20260716T154708070Z/protocol-overview/daily/2025-07-03.json",450,9CB8AFC0
liqwid-portable-data,1,"raw/api/fetches/20260716T154708070Z/protocol-overview/daily/2025-07-04.json",451,CC076C59
liqwid-portable-data,1,"raw/api/fetches/20260716T154708070Z/protocol-overview/daily/2025-07-05.json",451,1ABF91DD
liqwid-portable-data,1,"raw/api/fetches/20260716T154708070Z/protocol-overview/daily/2025-07-06.json",450,C0F9AD46
liqwid-portable-data,1,"raw/api/fetches/20260716T154708070Z/protocol-overview/daily/2025-07-07.json",443,A2A69336
liqwid-portable-data,1,"raw/api/fetches/20260716T154708070Z/protocol-overview/daily/2025-07-08.json",466,F3FE8C0E
liqwid-portable-data,1,"raw/api/fetches/20260716T154708070Z/protocol-overview/daily/2025-07-09.json",451,D7CDC552
liqwid-portable-data,1,"raw/api/fetches/20260716T154708070Z/protocol-overview/daily/2025-07-10.json",466,852E7922
liqwid-portable-data,1,"raw/api/fetches/20260716T154708070Z/protocol-overview/daily/2025-07-11.json",449,765346C2
liqwid-portable-data,1,"raw/api/fetches/20260716T154708070Z/protocol-overview/daily/2025-07-12.json",450,0362527B
liqwid-portable-data,1,"raw/api/fetches/20260716T154708070Z/protocol-overview/daily/2025-07-13.json",450,F46357BA
liqwid-portable-data,1,"raw/api/fetches/20260716T154708070Z/protocol-overview/daily/2025-07-14.json",451,198D7065
liqwid-portable-data,1,"raw/api/fetches/20260716T154708070Z/protocol-overview/daily/2025-07-15.json",450,B157551D
liqwid-portable-data,1,"raw/api/fetches/20260716T154708070Z/protocol-overview/daily/2025-07-16.json",450,E4A2D591
liqwid-portable-data,1,"raw/api/fetches/20260716T154708070Z/protocol-overview/daily/2025-07-17.json",451,1512332D
liqwid-portable-data,1,"raw/api/fetches/20260716T154708070Z/protocol-overview/daily/2025-07-18.json",450,DD0F5D89
liqwid-portable-data,1,"raw/api/fetches/20260716T154708070Z/protocol-overview/daily/2025-07-19.json",450,09E38A37
liqwid-portable-data,1,"raw/api/fetches/20260716T154708070Z/protocol-overview/daily/2025-07-20.json",449,8D6E6171
liqwid-portable-data,1,"raw/api/fetches/20260716T154708070Z/protocol-overview/daily/2025-07-21.json",451,3D9F1A44
liqwid-portable-data,1,"raw/api/fetches/20260716T154708070Z/protocol-overview/daily/2025-07-22.json",451,BE8E996C
liqwid-portable-data,1,"raw/api/fetches/20260716T154708070Z/protocol-overview/daily/2025-07-23.json",450,76CE1E34
liqwid-portable-data,1,"raw/api/fetches/20260716T154708070Z/protocol-overview/daily/2025-07-24.json",449,08669F25
liqwid-portable-data,1,"raw/api/fetches/20260716T154708070Z/protocol-overview/daily/2025-07-25.json",440,4F5EF6D1
liqwid-portable-data,1,"raw/api/fetches/20260716T154708070Z/protocol-overview/daily/2025-07-26.json",452,EE77F113
liqwid-portable-data,1,"raw/api/fetches/20260716T154708070Z/protocol-overview/daily/2025-07-27.json",450,685E4484
liqwid-portable-data,1,"raw/api/fetches/20260716T154708070Z/protocol-overview/daily/2025-07-28.json",451,5B1ACA9D
liqwid-portable-data,1,"raw/api/fetches/20260716T154708070Z/protocol-overview/daily/2025-07-29.json",466,469B9B7D
liqwid-portable-data,1,"raw/api/fetches/20260716T154708070Z/protocol-overview/daily/2025-07-30.json",468,ACE13580
liqwid-portable-data,1,"raw/api/fetches/20260716T154708070Z/protocol-overview/daily/2025-07-31.json",449,856EEDE2
liqwid-portable-data,1,"raw/api/fetches/20260716T154708070Z/protocol-overview/daily/2025-08-01.json",467,0854C2D1
liqwid-portable-data,1,"raw/api/fetches/20260716T154708070Z/protocol-overview/daily/2025-08-02.json",465,6B047DC5
liqwid-portable-data,1,"raw/api/fetches/20260716T154708070Z/protocol-overview/daily/2025-08-03.json",451,D47CF497
liqwid-portable-data,1,"raw/api/fetches/20260716T154708070Z/protocol-overview/daily/2025-08-04.json",451,BF63CA99
liqwid-portable-data,1,"raw/api/fetches/20260716T154708070Z/protocol-overview/daily/2025-08-05.json",451,1E5444BE
liqwid-portable-data,1,"raw/api/fetches/20260716T154708070Z/protocol-overview/daily/2025-08-06.json",451,37B46DAD
liqwid-portable-data,1,"raw/api/fetches/20260716T154708070Z/protocol-overview/daily/2025-08-07.json",452,5BEB9317
liqwid-portable-data,1,"raw/api/fetches/20260716T154708070Z/protocol-overview/daily/2025-08-08.json",449,51002F9D
liqwid-portable-data,1,"raw/api/fetches/20260716T154708070Z/protocol-overview/daily/2025-08-09.json",466,F988C0D1
liqwid-portable-data,1,"raw/api/fetches/20260716T154708070Z/protocol-overview/daily/2025-08-10.json",425,172FD4E4
liqwid-portable-data,1,"raw/api/fetches/20260716T154708070Z/protocol-overview/daily/2025-08-11.json",451,1015272E
liqwid-portable-data,1,"raw/api/fetches/20260716T154708070Z/protocol-overview/daily/2025-08-12.json",451,85516ABF
liqwid-portable-data,1,"raw/api/fetches/20260716T154708070Z/protocol-overview/daily/2025-08-13.json",452,4AAA3628
liqwid-portable-data,1,"raw/api/fetches/20260716T154708070Z/protocol-overview/daily/2025-08-14.json",468,730C074C
liqwid-portable-data,1,"raw/api/fetches/20260716T154708070Z/protocol-overview/daily/2025-08-15.json",450,A1C37D84
liqwid-portable-data,1,"raw/api/fetches/20260716T154708070Z/protocol-overview/daily/2025-08-16.json",452,D76DBC54
liqwid-portable-data,1,"raw/api/fetches/20260716T154708070Z/protocol-overview/daily/2025-08-17.json",467,94A988EE
liqwid-portable-data,1,"raw/api/fetches/20260716T154708070Z/protocol-overview/daily/2025-08-18.json",451,FD963539
liqwid-portable-data,1,"raw/api/fetches/20260716T154708070Z/protocol-overview/daily/2025-08-19.json",466,AC786260
liqwid-portable-data,1,"raw/api/fetches/20260716T154708070Z/protocol-overview/daily/2025-08-20.json",452,E5E4C6D6
liqwid-portable-data,1,"raw/api/fetches/20260716T154708070Z/protocol-overview/daily/2025-08-21.json",451,6AD6D477
liqwid-portable-data,1,"raw/api/fetches/20260716T154708070Z/protocol-overview/daily/2025-08-22.json",451,0BAD8977
liqwid-portable-data,1,"raw/api/fetches/20260716T154708070Z/protocol-overview/daily/2025-08-23.json",451,6321C989
liqwid-portable-data,1,"raw/api/fetches/20260716T154708070Z/protocol-overview/daily/2025-08-24.json",467,38F0442B
liqwid-portable-data,1,"raw/api/fetches/20260716T154708070Z/protocol-overview/daily/2025-08-25.json",467,F39DEC9D
liqwid-portable-data,1,"raw/api/fetches/20260716T154708070Z/protocol-overview/daily/2025-08-26.json",448,7F2C5AD7
liqwid-portable-data,1,"raw/api/fetches/20260716T154708070Z/protocol-overview/daily/2025-08-27.json",450,9C99EA02
liqwid-portable-data,1,"raw/api/fetches/20260716T154708070Z/protocol-overview/daily/2025-08-28.json",450,4F6B10ED
liqwid-portable-data,1,"raw/api/fetches/20260716T154708070Z/protocol-overview/daily/2025-08-29.json",452,1632A184
liqwid-portable-data,1,"raw/api/fetches/20260716T154708070Z/protocol-overview/daily/2025-08-30.json",467,C4D96C58
liqwid-portable-data,1,"raw/api/fetches/20260716T154708070Z/protocol-overview/daily/2025-08-31.json",433,A4C3BA82
liqwid-portable-data,1,"raw/api/fetches/20260716T154708070Z/protocol-overview/daily/2025-09-01.json",467,D06F3F5D
liqwid-portable-data,1,"raw/api/fetches/20260716T154708070Z/protocol-overview/daily/2025-09-02.json",450,D38F610B
liqwid-portable-data,1,"raw/api/fetches/20260716T154708070Z/protocol-overview/daily/2025-09-03.json",451,3B471805
liqwid-portable-data,1,"raw/api/fetches/20260716T154708070Z/protocol-overview/daily/2025-09-04.json",468,8099E0CC
liqwid-portable-data,1,"raw/api/fetches/20260716T154708070Z/protocol-overview/daily/2025-09-05.json",451,213B7C17
liqwid-portable-data,1,"raw/api/fetches/20260716T154708070Z/protocol-overview/daily/2025-09-06.json",466,E04B0C47
liqwid-portable-data,1,"raw/api/fetches/20260716T154708070Z/protocol-overview/daily/2025-09-07.json",467,AAA190AF
liqwid-portable-data,1,"raw/api/fetches/20260716T154708070Z/protocol-overview/daily/2025-09-08.json",434,EDBB1737
liqwid-portable-data,1,"raw/api/fetches/20260716T154708070Z/protocol-overview/daily/2025-09-09.json",450,5AA00490
liqwid-portable-data,1,"raw/api/fetches/20260716T154708070Z/protocol-overview/daily/2025-09-10.json",454,2322E544
liqwid-portable-data,1,"raw/api/fetches/20260716T154708070Z/protocol-overview/daily/2025-09-11.json",451,D80DFF52
liqwid-portable-data,1,"raw/api/fetches/20260716T154708070Z/protocol-overview/daily/2025-09-12.json",449,019CE00A
liqwid-portable-data,1,"raw/api/fetches/20260716T154708070Z/protocol-overview/daily/2025-09-13.json",452,4FEC8420
liqwid-portable-data,1,"raw/api/fetches/20260716T154708070Z/protocol-overview/daily/2025-09-14.json",449,3C052908
liqwid-portable-data,1,"raw/api/fetches/20260716T154708070Z/protocol-overview/daily/2025-09-15.json",461,CE823A9D
liqwid-portable-data,1,"raw/api/fetches/20260716T154708070Z/protocol-overview/daily/2025-09-16.json",436,F234FC09
liqwid-portable-data,1,"raw/api/fetches/20260716T154708070Z/protocol-overview/daily/2025-09-17.json",451,74600D9D
liqwid-portable-data,1,"raw/api/fetches/20260716T154708070Z/protocol-overview/daily/2025-09-18.json",449,AD37EF29
liqwid-portable-data,1,"raw/api/fetches/20260716T154708070Z/protocol-overview/daily/2025-09-19.json",451,ED5720E8
liqwid-portable-data,1,"raw/api/fetches/20260716T154708070Z/protocol-overview/daily/2025-09-20.json",449,2140DC9C
liqwid-portable-data,1,"raw/api/fetches/20260716T154708070Z/protocol-overview/daily/2025-09-21.json",449,5237CF00
liqwid-portable-data,1,"raw/api/fetches/20260716T154708070Z/protocol-overview/daily/2025-09-22.json",468,2F25B7C9
liqwid-portable-data,1,"raw/api/fetches/20260716T154708070Z/protocol-overview/daily/2025-09-23.json",451,CCDDAB23
liqwid-portable-data,1,"raw/api/fetches/20260716T154708070Z/protocol-overview/daily/2025-09-24.json",450,9A68CE1A
liqwid-portable-data,1,"raw/api/fetches/20260716T154708070Z/protocol-overview/daily/2025-09-25.json",465,D8E03E86
liqwid-portable-data,1,"raw/api/fetches/20260716T154708070Z/protocol-overview/daily/2025-09-26.json",450,944B0515
liqwid-portable-data,1,"raw/api/fetches/20260716T154708070Z/protocol-overview/daily/2025-09-27.json",439,54413D57
liqwid-portable-data,1,"raw/api/fetches/20260716T154708070Z/protocol-overview/daily/2025-09-28.json",451,349E79C8
liqwid-portable-data,1,"raw/api/fetches/20260716T154708070Z/protocol-overview/daily/2025-09-29.json",451,E9D944F8
liqwid-portable-data,1,"raw/api/fetches/20260716T154708070Z/protocol-overview/daily/2025-09-30.json",451,C8664D5E
liqwid-portable-data,1,"raw/api/fetches/20260716T154708070Z/protocol-overview/daily/2025-10-01.json",450,CDE0B5DC
liqwid-portable-data,1,"raw/api/fetches/20260716T154708070Z/protocol-overview/daily/2025-10-02.json",450,3E82EBF8
liqwid-portable-data,1,"raw/api/fetches/20260716T154708070Z/protocol-overview/daily/2025-10-03.json",451,96CF137B
liqwid-portable-data,1,"raw/api/fetches/20260716T154708070Z/protocol-overview/daily/2025-10-04.json",451,BF3192F4
liqwid-portable-data,1,"raw/api/fetches/20260716T154708070Z/protocol-overview/daily/2025-10-05.json",450,A1CEAF6E
liqwid-portable-data,1,"raw/api/fetches/20260716T154708070Z/protocol-overview/daily/2025-10-06.json",452,EAF9CC3E
liqwid-portable-data,1,"raw/api/fetches/20260716T154708070Z/protocol-overview/daily/2025-10-07.json",451,A8E766F2
liqwid-portable-data,1,"raw/api/fetches/20260716T154708070Z/protocol-overview/daily/2025-10-08.json",452,BFF17D2B
liqwid-portable-data,1,"raw/api/fetches/20260716T154708070Z/protocol-overview/daily/2025-10-09.json",450,79F70F2F
liqwid-portable-data,1,"raw/api/fetches/20260716T154708070Z/protocol-overview/daily/2025-10-10.json",465,318776D6
liqwid-portable-data,1,"raw/api/fetches/20260716T154708070Z/protocol-overview/daily/2025-10-11.json",468,20592B7E
liqwid-portable-data,1,"raw/api/fetches/20260716T154708070Z/protocol-overview/daily/2025-10-12.json",450,FF17D08F
liqwid-portable-data,1,"raw/api/fetches/20260716T154708070Z/protocol-overview/daily/2025-10-13.json",450,C0F744A8
liqwid-portable-data,1,"raw/api/fetches/20260716T154708070Z/protocol-overview/daily/2025-10-14.json",443,6BD30B1A
liqwid-portable-data,1,"raw/api/fetches/20260716T154708070Z/protocol-overview/daily/2025-10-15.json",451,380106F2
liqwid-portable-data,1,"raw/api/fetches/20260716T154708070Z/protocol-overview/daily/2025-10-16.json",451,E77504F9
liqwid-portable-data,1,"raw/api/fetches/20260716T154708070Z/protocol-overview/daily/2025-10-17.json",466,C82E616F
liqwid-portable-data,1,"raw/api/fetches/20260716T154708070Z/protocol-overview/daily/2025-10-18.json",468,EF3F032B
liqwid-portable-data,1,"raw/api/fetches/20260716T154708070Z/protocol-overview/daily/2025-10-19.json",452,437F456C
liqwid-portable-data,1,"raw/api/fetches/20260716T154708070Z/protocol-overview/daily/2025-10-20.json",452,2E78F579
liqwid-portable-data,1,"raw/api/fetches/20260716T154708070Z/protocol-overview/daily/2025-10-21.json",468,B2F3D66D
liqwid-portable-data,1,"raw/api/fetches/20260716T154708070Z/protocol-overview/daily/2025-10-22.json",467,3B4CFD73
liqwid-portable-data,1,"raw/api/fetches/20260716T154708070Z/protocol-overview/daily/2025-10-23.json",451,D4189B8E
liqwid-portable-data,1,"raw/api/fetches/20260716T154708070Z/protocol-overview/daily/2025-10-24.json",451,8952BDB2
liqwid-portable-data,1,"raw/api/fetches/20260716T154708070Z/protocol-overview/daily/2025-10-25.json",418,F7A5C100
liqwid-portable-data,1,"raw/api/fetches/20260716T154708070Z/protocol-overview/daily/2025-10-26.json",452,E4A15F2D
liqwid-portable-data,1,"raw/api/fetches/20260716T154708070Z/protocol-overview/daily/2025-10-27.json",454,645C7F60
liqwid-portable-data,1,"raw/api/fetches/20260716T154708070Z/protocol-overview/daily/2025-10-28.json",466,756ED1CE
liqwid-portable-data,1,"raw/api/fetches/20260716T154708070Z/protocol-overview/daily/2025-10-29.json",451,9BEE0CFF
liqwid-portable-data,1,"raw/api/fetches/20260716T154708070Z/protocol-overview/daily/2025-10-30.json",468,45BCB6D7
liqwid-portable-data,1,"raw/api/fetches/20260716T154708070Z/protocol-overview/daily/2025-10-31.json",451,EE545CB4
liqwid-portable-data,1,"raw/api/fetches/20260716T154708070Z/protocol-overview/daily/2025-11-01.json",450,366AF9D2
liqwid-portable-data,1,"raw/api/fetches/20260716T154708070Z/protocol-overview/daily/2025-11-02.json",450,63C88C18
liqwid-portable-data,1,"raw/api/fetches/20260716T154708070Z/protocol-overview/daily/2025-11-03.json",466,53F25E28
liqwid-portable-data,1,"raw/api/fetches/20260716T154708070Z/protocol-overview/daily/2025-11-04.json",465,2A5BF579
liqwid-portable-data,1,"raw/api/fetches/20260716T154708070Z/protocol-overview/daily/2025-11-05.json",452,F8395AE2
liqwid-portable-data,1,"raw/api/fetches/20260716T154708070Z/protocol-overview/daily/2025-11-06.json",451,53F3616F
liqwid-portable-data,1,"raw/api/fetches/20260716T154708070Z/protocol-overview/daily/2025-11-07.json",451,6B9B9A81
liqwid-portable-data,1,"raw/api/fetches/20260716T154708070Z/protocol-overview/daily/2025-11-08.json",450,56E68945
liqwid-portable-data,1,"raw/api/fetches/20260716T154708070Z/protocol-overview/daily/2025-11-09.json",449,55B4F505
liqwid-portable-data,1,"raw/api/fetches/20260716T154708070Z/protocol-overview/daily/2025-11-10.json",467,EAB2D800
liqwid-portable-data,1,"raw/api/fetches/20260716T154708070Z/protocol-overview/daily/2025-11-11.json",467,17B6FEDF
liqwid-portable-data,1,"raw/api/fetches/20260716T154708070Z/protocol-overview/daily/2025-11-12.json",450,C72D117A
liqwid-portable-data,1,"raw/api/fetches/20260716T154708070Z/protocol-overview/daily/2025-11-13.json",451,B1FB27E7
liqwid-portable-data,1,"raw/api/fetches/20260716T154708070Z/protocol-overview/daily/2025-11-14.json",467,59ED051C
liqwid-portable-data,1,"raw/api/fetches/20260716T154708070Z/protocol-overview/daily/2025-11-15.json",452,97BF3305
liqwid-portable-data,1,"raw/api/fetches/20260716T154708070Z/protocol-overview/daily/2025-11-16.json",465,EB7DCA1C
liqwid-portable-data,1,"raw/api/fetches/20260716T154708070Z/protocol-overview/daily/2025-11-17.json",469,F2DCF29E
liqwid-portable-data,1,"raw/api/fetches/20260716T154708070Z/protocol-overview/daily/2025-11-18.json",468,B956971A
liqwid-portable-data,1,"raw/api/fetches/20260716T154708070Z/protocol-overview/daily/2025-11-19.json",465,D697397D
liqwid-portable-data,1,"raw/api/fetches/20260716T154708070Z/protocol-overview/daily/2025-11-20.json",469,67C63502
liqwid-portable-data,1,"raw/api/fetches/20260716T154708070Z/protocol-overview/daily/2025-11-21.json",467,0AA9E7FD
liqwid-portable-data,1,"raw/api/fetches/20260716T154708070Z/protocol-overview/daily/2025-11-22.json",466,D4F53884
liqwid-portable-data,1,"raw/api/fetches/20260716T154708070Z/protocol-overview/daily/2025-11-23.json",448,DB6888EB
liqwid-portable-data,1,"raw/api/fetches/20260716T154708070Z/protocol-overview/daily/2025-11-24.json",449,C470E83A
liqwid-portable-data,1,"raw/api/fetches/20260716T154708070Z/protocol-overview/daily/2025-11-25.json",466,3F0E6E19
liqwid-portable-data,1,"raw/api/fetches/20260716T154708070Z/protocol-overview/daily/2025-11-26.json",449,41DA0FEB
liqwid-portable-data,1,"raw/api/fetches/20260716T154708070Z/protocol-overview/daily/2025-11-27.json",450,C5B1661F
liqwid-portable-data,1,"raw/api/fetches/20260716T154708070Z/protocol-overview/daily/2025-11-28.json",466,1F37B6C8
liqwid-portable-data,1,"raw/api/fetches/20260716T154708070Z/protocol-overview/daily/2025-11-29.json",449,F748C4E1
liqwid-portable-data,1,"raw/api/fetches/20260716T154708070Z/protocol-overview/daily/2025-11-30.json",417,7E493F2B
liqwid-portable-data,1,"raw/api/fetches/20260716T154708070Z/protocol-overview/daily/2025-12-01.json",466,6419334A
liqwid-portable-data,1,"raw/api/fetches/20260716T154708070Z/protocol-overview/daily/2025-12-02.json",450,A8E95D89
liqwid-portable-data,1,"raw/api/fetches/20260716T154708070Z/protocol-overview/daily/2025-12-03.json",467,0525439F
liqwid-portable-data,1,"raw/api/fetches/20260716T154708070Z/protocol-overview/daily/2025-12-04.json",464,5F99E17C
liqwid-portable-data,1,"raw/api/fetches/20260716T154708070Z/protocol-overview/daily/2025-12-05.json",452,5AC1B4DF
liqwid-portable-data,1,"raw/api/fetches/20260716T154708070Z/protocol-overview/daily/2025-12-06.json",450,65ED7A41
liqwid-portable-data,1,"raw/api/fetches/20260716T154708070Z/protocol-overview/daily/2025-12-07.json",449,0E79002F
liqwid-portable-data,1,"raw/api/fetches/20260716T154708070Z/protocol-overview/daily/2025-12-08.json",441,AE0FBC2B
liqwid-portable-data,1,"raw/api/fetches/20260716T154708070Z/protocol-overview/daily/2025-12-09.json",465,4AFE7562
liqwid-portable-data,1,"raw/api/fetches/20260716T154708070Z/protocol-overview/daily/2025-12-10.json",466,6C27CA47
liqwid-portable-data,1,"raw/api/fetches/20260716T154708070Z/protocol-overview/daily/2025-12-11.json",466,0B0C99A1
liqwid-portable-data,1,"raw/api/fetches/20260716T154708070Z/protocol-overview/daily/2025-12-12.json",470,5AC91FCA
liqwid-portable-data,1,"raw/api/fetches/20260716T154708070Z/protocol-overview/daily/2025-12-13.json",448,016983DE
liqwid-portable-data,1,"raw/api/fetches/20260716T154708070Z/protocol-overview/daily/2025-12-14.json",464,F917D24D
liqwid-portable-data,1,"raw/api/fetches/20260716T154708070Z/protocol-overview/daily/2025-12-15.json",464,A6033910
liqwid-portable-data,1,"raw/api/fetches/20260716T154708070Z/protocol-overview/daily/2025-12-16.json",464,5774A5B8
liqwid-portable-data,1,"raw/api/fetches/20260716T154708070Z/protocol-overview/daily/2025-12-17.json",468,9CD1AE7C
liqwid-portable-data,1,"raw/api/fetches/20260716T154708070Z/protocol-overview/daily/2025-12-18.json",466,6C9DE0FE
liqwid-portable-data,1,"raw/api/fetches/20260716T154708070Z/protocol-overview/daily/2025-12-19.json",467,E219BDE8
liqwid-portable-data,1,"raw/api/fetches/20260716T154708070Z/protocol-overview/daily/2025-12-20.json",447,F8A5743E
liqwid-portable-data,1,"raw/api/fetches/20260716T154708070Z/protocol-overview/daily/2025-12-21.json",466,0DF322D5
liqwid-portable-data,1,"raw/api/fetches/20260716T154708070Z/protocol-overview/daily/2025-12-22.json",464,EEBD5D5B
liqwid-portable-data,1,"raw/api/fetches/20260716T154708070Z/protocol-overview/daily/2025-12-23.json",463,1F1A5E12
liqwid-portable-data,1,"raw/api/fetches/20260716T154708070Z/protocol-overview/daily/2025-12-24.json",450,D9908C2A
liqwid-portable-data,1,"raw/api/fetches/20260716T154708070Z/protocol-overview/daily/2025-12-25.json",466,92003DD3
liqwid-portable-data,1,"raw/api/fetches/20260716T154708070Z/protocol-overview/daily/2025-12-26.json",461,A0574B72
liqwid-portable-data,1,"raw/api/fetches/20260716T154708070Z/protocol-overview/daily/2025-12-27.json",448,2C4D28C7
liqwid-portable-data,1,"raw/api/fetches/20260716T154708070Z/protocol-overview/daily/2025-12-28.json",465,497CD386
liqwid-portable-data,1,"raw/api/fetches/20260716T154708070Z/protocol-overview/daily/2025-12-29.json",449,23079EE2
liqwid-portable-data,1,"raw/api/fetches/20260716T154708070Z/protocol-overview/daily/2025-12-30.json",445,BD91E629
liqwid-portable-data,1,"raw/api/fetches/20260716T154708070Z/protocol-overview/daily/2025-12-31.json",467,0A82AA16
liqwid-portable-data,1,"raw/api/fetches/20260716T154708070Z/protocol-overview/daily/2026-01-01.json",452,1968B6FB
liqwid-portable-data,1,"raw/api/fetches/20260716T154708070Z/protocol-overview/daily/2026-01-02.json",449,239766CF
liqwid-portable-data,1,"raw/api/fetches/20260716T154708070Z/protocol-overview/daily/2026-01-03.json",450,BEAA99A5
liqwid-portable-data,1,"raw/api/fetches/20260716T154708070Z/protocol-overview/daily/2026-01-04.json",451,90A0A03E
liqwid-portable-data,1,"raw/api/fetches/20260716T154708070Z/protocol-overview/daily/2026-01-05.json",452,6C038879
liqwid-portable-data,1,"raw/api/fetches/20260716T154708070Z/protocol-overview/daily/2026-01-06.json",466,94FFCEBC
liqwid-portable-data,1,"raw/api/fetches/20260716T154708070Z/protocol-overview/daily/2026-01-07.json",448,9ADACCBF
liqwid-portable-data,1,"raw/api/fetches/20260716T154708070Z/protocol-overview/daily/2026-01-08.json",439,E4EEA486
liqwid-portable-data,1,"raw/api/fetches/20260716T154708070Z/protocol-overview/daily/2026-01-09.json",448,3AB1208B
liqwid-portable-data,1,"raw/api/fetches/20260716T154708070Z/protocol-overview/daily/2026-01-10.json",441,36910DA5
liqwid-portable-data,1,"raw/api/fetches/20260716T154708070Z/protocol-overview/daily/2026-01-11.json",417,1F7EEDC8
liqwid-portable-data,1,"raw/api/fetches/20260716T154708070Z/protocol-overview/daily/2026-01-12.json",437,B7FFE9D3
liqwid-portable-data,1,"raw/api/fetches/20260716T154708070Z/protocol-overview/daily/2026-01-13.json",459,3A2DB4A8
liqwid-portable-data,1,"raw/api/fetches/20260716T154708070Z/protocol-overview/daily/2026-01-14.json",446,02A31D3C
liqwid-portable-data,1,"raw/api/fetches/20260716T154708070Z/protocol-overview/daily/2026-01-15.json",463,64C996AF
liqwid-portable-data,1,"raw/api/fetches/20260716T154708070Z/protocol-overview/daily/2026-01-16.json",443,7C9C51E5
liqwid-portable-data,1,"raw/api/fetches/20260716T154708070Z/protocol-overview/daily/2026-01-17.json",447,5FBF98AB
liqwid-portable-data,1,"raw/api/fetches/20260716T154708070Z/protocol-overview/daily/2026-01-18.json",465,EDCA5B7E
liqwid-portable-data,1,"raw/api/fetches/20260716T154708070Z/protocol-overview/daily/2026-01-19.json",463,51DC3462
liqwid-portable-data,1,"raw/api/fetches/20260716T154708070Z/protocol-overview/daily/2026-01-20.json",448,E31C73E1
liqwid-portable-data,1,"raw/api/fetches/20260716T154708070Z/protocol-overview/daily/2026-01-21.json",447,A2D53929
liqwid-portable-data,1,"raw/api/fetches/20260716T154708070Z/protocol-overview/daily/2026-01-22.json",437,AFA769D3
liqwid-portable-data,1,"raw/api/fetches/20260716T154708070Z/protocol-overview/daily/2026-01-23.json",443,1D0CD6D2
liqwid-portable-data,1,"raw/api/fetches/20260716T154708070Z/protocol-overview/daily/2026-01-24.json",446,D37E90BC
liqwid-portable-data,1,"raw/api/fetches/20260716T154708070Z/protocol-overview/daily/2026-01-25.json",467,BC57C178
liqwid-portable-data,1,"raw/api/fetches/20260716T154708070Z/protocol-overview/daily/2026-01-26.json",450,5A00ADE9
liqwid-portable-data,1,"raw/api/fetches/20260716T154708070Z/protocol-overview/daily/2026-01-27.json",463,EEECA799
liqwid-portable-data,1,"raw/api/fetches/20260716T154708070Z/protocol-overview/daily/2026-01-28.json",440,C0C79DFF
liqwid-portable-data,1,"raw/api/fetches/20260716T154708070Z/protocol-overview/daily/2026-01-29.json",464,603FA755
liqwid-portable-data,1,"raw/api/fetches/20260716T154708070Z/protocol-overview/daily/2026-01-30.json",465,1A1A477C
liqwid-portable-data,1,"raw/api/fetches/20260716T154708070Z/protocol-overview/daily/2026-01-31.json",465,AC294CEA
liqwid-portable-data,1,"raw/api/fetches/20260716T154708070Z/protocol-overview/daily/2026-02-01.json",465,672CC772
liqwid-portable-data,1,"raw/api/fetches/20260716T154708070Z/protocol-overview/daily/2026-02-02.json",466,7E3D5DA2
liqwid-portable-data,1,"raw/api/fetches/20260716T154708070Z/protocol-overview/daily/2026-02-03.json",450,1D424A7C
liqwid-portable-data,1,"raw/api/fetches/20260716T154708070Z/protocol-overview/daily/2026-02-04.json",448,22194954
liqwid-portable-data,1,"raw/api/fetches/20260716T154708070Z/protocol-overview/daily/2026-02-05.json",401,8730836A
liqwid-portable-data,1,"raw/api/fetches/20260716T154708070Z/protocol-overview/daily/2026-02-06.json",465,A883DEBB
liqwid-portable-data,1,"raw/api/fetches/20260716T154708070Z/protocol-overview/daily/2026-02-07.json",434,FD571603
liqwid-portable-data,1,"raw/api/fetches/20260716T154708070Z/protocol-overview/daily/2026-02-08.json",444,10C656AA
liqwid-portable-data,1,"raw/api/fetches/20260716T154708070Z/protocol-overview/daily/2026-02-09.json",461,DFA0D152
liqwid-portable-data,1,"raw/api/fetches/20260716T154708070Z/protocol-overview/daily/2026-02-10.json",446,D2F4E1E5
liqwid-portable-data,1,"raw/api/fetches/20260716T154708070Z/protocol-overview/daily/2026-02-11.json",450,205D0050
liqwid-portable-data,1,"raw/api/fetches/20260716T154708070Z/protocol-overview/daily/2026-02-12.json",450,0E99D8DD
liqwid-portable-data,1,"raw/api/fetches/20260716T154708070Z/protocol-overview/daily/2026-02-13.json",448,9A98176C
liqwid-portable-data,1,"raw/api/fetches/20260716T154708070Z/protocol-overview/daily/2026-02-14.json",441,D9B85012
liqwid-portable-data,1,"raw/api/fetches/20260716T154708070Z/protocol-overview/daily/2026-02-15.json",445,A347EFEC
liqwid-portable-data,1,"raw/api/fetches/20260716T154708070Z/protocol-overview/daily/2026-02-16.json",418,5B7D7BDC
liqwid-portable-data,1,"raw/api/fetches/20260716T154708070Z/protocol-overview/daily/2026-02-17.json",418,406150A1
liqwid-portable-data,1,"raw/api/fetches/20260716T154708070Z/protocol-overview/daily/2026-02-18.json",437,1CDFB1CA
liqwid-portable-data,1,"raw/api/fetches/20260716T154708070Z/protocol-overview/daily/2026-02-19.json",434,4152A6E8
liqwid-portable-data,1,"raw/api/fetches/20260716T154708070Z/protocol-overview/daily/2026-02-20.json",418,AD44C85E
liqwid-portable-data,1,"raw/api/fetches/20260716T154708070Z/protocol-overview/daily/2026-02-21.json",417,F94F0EC6
liqwid-portable-data,1,"raw/api/fetches/20260716T154708070Z/protocol-overview/daily/2026-02-22.json",418,8273CDD0
liqwid-portable-data,1,"raw/api/fetches/20260716T154708070Z/protocol-overview/daily/2026-02-23.json",442,B3654FCC
liqwid-portable-data,1,"raw/api/fetches/20260716T154708070Z/protocol-overview/daily/2026-02-24.json",450,CFCB8BE2
liqwid-portable-data,1,"raw/api/fetches/20260716T154708070Z/protocol-overview/daily/2026-02-25.json",448,0CFAB1B4
liqwid-portable-data,1,"raw/api/fetches/20260716T154708070Z/protocol-overview/daily/2026-02-26.json",448,F63528AA
liqwid-portable-data,1,"raw/api/fetches/20260716T154708070Z/protocol-overview/daily/2026-02-27.json",446,3C2CD4D5
liqwid-portable-data,1,"raw/api/fetches/20260716T154708070Z/protocol-overview/daily/2026-02-28.json",465,6D3007D3
liqwid-portable-data,1,"raw/api/fetches/20260716T154708070Z/protocol-overview/daily/2026-03-01.json",440,CBB190D5
liqwid-portable-data,1,"raw/api/fetches/20260716T154708070Z/protocol-overview/daily/2026-03-02.json",431,C394F67B
liqwid-portable-data,1,"raw/api/fetches/20260716T154708070Z/protocol-overview/daily/2026-03-03.json",440,59FCFD1D
liqwid-portable-data,1,"raw/api/fetches/20260716T154708070Z/protocol-overview/daily/2026-03-04.json",444,67AEB324
liqwid-portable-data,1,"raw/api/fetches/20260716T154708070Z/protocol-overview/daily/2026-03-05.json",437,B98FE6B4
liqwid-portable-data,1,"raw/api/fetches/20260716T154708070Z/protocol-overview/daily/2026-03-06.json",426,329724D6
liqwid-portable-data,1,"raw/api/fetches/20260716T154708070Z/protocol-overview/daily/2026-03-07.json",433,1B09A85C
liqwid-portable-data,1,"raw/api/fetches/20260716T154708070Z/protocol-overview/daily/2026-03-08.json",448,4E7DF90F
liqwid-portable-data,1,"raw/api/fetches/20260716T154708070Z/protocol-overview/daily/2026-03-09.json",442,E40E9C3D
liqwid-portable-data,1,"raw/api/fetches/20260716T154708070Z/protocol-overview/daily/2026-03-10.json",452,88FA8CA9
liqwid-portable-data,1,"raw/api/fetches/20260716T154708070Z/protocol-overview/daily/2026-03-11.json",466,3EB74EB7
liqwid-portable-data,1,"raw/api/fetches/20260716T154708070Z/protocol-overview/daily/2026-03-12.json",446,14364757
liqwid-portable-data,1,"raw/api/fetches/20260716T154708070Z/protocol-overview/daily/2026-03-13.json",444,2803DEE4
liqwid-portable-data,1,"raw/api/fetches/20260716T154708070Z/protocol-overview/daily/2026-03-14.json",449,3ACB6E0B
liqwid-portable-data,1,"raw/api/fetches/20260716T154708070Z/protocol-overview/daily/2026-03-15.json",445,B725C6A5
liqwid-portable-data,1,"raw/api/fetches/20260716T154708070Z/protocol-overview/daily/2026-03-16.json",445,13CA6A46
liqwid-portable-data,1,"raw/api/fetches/20260716T154708070Z/protocol-overview/daily/2026-03-17.json",445,8069DBD3
liqwid-portable-data,1,"raw/api/fetches/20260716T154708070Z/protocol-overview/daily/2026-03-18.json",462,290AF5A0
liqwid-portable-data,1,"raw/api/fetches/20260716T154708070Z/protocol-overview/daily/2026-03-19.json",464,24003EC1
liqwid-portable-data,1,"raw/api/fetches/20260716T154708070Z/protocol-overview/daily/2026-03-20.json",465,E4322F33
liqwid-portable-data,1,"raw/api/fetches/20260716T154708070Z/protocol-overview/daily/2026-03-21.json",460,7188FF46
liqwid-portable-data,1,"raw/api/fetches/20260716T154708070Z/protocol-overview/daily/2026-03-22.json",463,4EBE433F
liqwid-portable-data,1,"raw/api/fetches/20260716T154708070Z/protocol-overview/daily/2026-03-23.json",435,A471AF29
liqwid-portable-data,1,"raw/api/fetches/20260716T154708070Z/protocol-overview/daily/2026-03-24.json",417,FCFC31C5
liqwid-portable-data,1,"raw/api/fetches/20260716T154708070Z/protocol-overview/daily/2026-03-25.json",451,7C512A41
liqwid-portable-data,1,"raw/api/fetches/20260716T154708070Z/protocol-overview/daily/2026-03-26.json",444,EB57EA8A
liqwid-portable-data,1,"raw/api/fetches/20260716T154708070Z/protocol-overview/daily/2026-03-27.json",464,7CE77889
liqwid-portable-data,1,"raw/api/fetches/20260716T154708070Z/protocol-overview/daily/2026-03-28.json",445,D2581397
liqwid-portable-data,1,"raw/api/fetches/20260716T154708070Z/protocol-overview/daily/2026-03-29.json",464,63A11D5E
liqwid-portable-data,1,"raw/api/fetches/20260716T154708070Z/protocol-overview/daily/2026-03-30.json",446,0C2CEA0B
liqwid-portable-data,1,"raw/api/fetches/20260716T154708070Z/protocol-overview/daily/2026-03-31.json",445,3ADA8132
liqwid-portable-data,1,"raw/api/fetches/20260716T154708070Z/protocol-overview/daily/2026-04-01.json",417,92229E87
liqwid-portable-data,1,"raw/api/fetches/20260716T154708070Z/protocol-overview/daily/2026-04-02.json",437,A5007E9E
liqwid-portable-data,1,"raw/api/fetches/20260716T154708070Z/protocol-overview/daily/2026-04-03.json",451,5CDFED2E
liqwid-portable-data,1,"raw/api/fetches/20260716T154708070Z/protocol-overview/daily/2026-04-04.json",442,319CF84D
liqwid-portable-data,1,"raw/api/fetches/20260716T154708070Z/protocol-overview/daily/2026-04-05.json",461,EBADEE21
liqwid-portable-data,1,"raw/api/fetches/20260716T154708070Z/protocol-overview/daily/2026-04-06.json",460,3FA009F0
liqwid-portable-data,1,"raw/api/fetches/20260716T154708070Z/protocol-overview/daily/2026-04-07.json",445,BE8DECC2
liqwid-portable-data,1,"raw/api/fetches/20260716T154708070Z/protocol-overview/daily/2026-04-08.json",450,82C91539
liqwid-portable-data,1,"raw/api/fetches/20260716T154708070Z/protocol-overview/daily/2026-04-09.json",464,15DB2F31
liqwid-portable-data,1,"raw/api/fetches/20260716T154708070Z/protocol-overview/daily/2026-04-10.json",448,6FDB2553
liqwid-portable-data,1,"raw/api/fetches/20260716T154708070Z/protocol-overview/daily/2026-04-11.json",464,F741AD45
liqwid-portable-data,1,"raw/api/fetches/20260716T154708070Z/protocol-overview/daily/2026-04-12.json",464,AE3B6A9D
liqwid-portable-data,1,"raw/api/fetches/20260716T154708070Z/protocol-overview/daily/2026-04-13.json",447,33E7691E
liqwid-portable-data,1,"raw/api/fetches/20260716T154708070Z/protocol-overview/daily/2026-04-14.json",464,C3DD0844
liqwid-portable-data,1,"raw/api/fetches/20260716T154708070Z/protocol-overview/daily/2026-04-15.json",447,1E49DC4A
liqwid-portable-data,1,"raw/api/fetches/20260716T154708070Z/protocol-overview/daily/2026-04-16.json",449,4EF22103
liqwid-portable-data,1,"raw/api/fetches/20260716T154708070Z/protocol-overview/daily/2026-04-17.json",449,FE4EE722
liqwid-portable-data,1,"raw/api/fetches/20260716T154708070Z/protocol-overview/daily/2026-04-18.json",450,372E7ABB
liqwid-portable-data,1,"raw/api/fetches/20260716T154708070Z/protocol-overview/daily/2026-04-19.json",448,E61DD340
liqwid-portable-data,1,"raw/api/fetches/20260716T154708070Z/protocol-overview/daily/2026-04-20.json",418,E248ABCB
liqwid-portable-data,1,"raw/api/fetches/20260716T154708070Z/protocol-overview/daily/2026-04-21.json",429,A74DB78F
liqwid-portable-data,1,"raw/api/fetches/20260716T154708070Z/protocol-overview/daily/2026-04-22.json",443,AF12D235
liqwid-portable-data,1,"raw/api/fetches/20260716T154708070Z/protocol-overview/daily/2026-04-23.json",446,83FB7D28
liqwid-portable-data,1,"raw/api/fetches/20260716T154708070Z/protocol-overview/daily/2026-04-24.json",465,AF5EAD5D
liqwid-portable-data,1,"raw/api/fetches/20260716T154708070Z/protocol-overview/daily/2026-04-25.json",445,BB6B8230
liqwid-portable-data,1,"raw/api/fetches/20260716T154708070Z/protocol-overview/daily/2026-04-26.json",445,BB210E55
liqwid-portable-data,1,"raw/api/fetches/20260716T154708070Z/protocol-overview/daily/2026-04-27.json",445,38578371
liqwid-portable-data,1,"raw/api/fetches/20260716T154708070Z/protocol-overview/daily/2026-04-28.json",449,8ED77A54
liqwid-portable-data,1,"raw/api/fetches/20260716T154708070Z/protocol-overview/daily/2026-04-29.json",464,71922E1A
liqwid-portable-data,1,"raw/api/fetches/20260716T154708070Z/protocol-overview/daily/2026-04-30.json",446,4274DCCC
liqwid-portable-data,1,"raw/api/fetches/20260716T154708070Z/protocol-overview/daily/2026-05-01.json",436,7BF6C98B
liqwid-portable-data,1,"raw/api/fetches/20260716T154708070Z/protocol-overview/daily/2026-05-02.json",434,AEBD5C39
liqwid-portable-data,1,"raw/api/fetches/20260716T154708070Z/protocol-overview/daily/2026-05-03.json",458,38E527BA
liqwid-portable-data,1,"raw/api/fetches/20260716T154708070Z/protocol-overview/daily/2026-05-04.json",464,70C6A5D4
liqwid-portable-data,1,"raw/api/fetches/20260716T154708070Z/protocol-overview/daily/2026-05-05.json",447,0A6F0368
liqwid-portable-data,1,"raw/api/fetches/20260716T154708070Z/protocol-overview/daily/2026-05-06.json",434,E1C19063
liqwid-portable-data,1,"raw/api/fetches/20260716T154708070Z/protocol-overview/daily/2026-05-07.json",447,A7EB8B03
liqwid-portable-data,1,"raw/api/fetches/20260716T154708070Z/protocol-overview/daily/2026-05-08.json",434,7B3C5B8B
liqwid-portable-data,1,"raw/api/fetches/20260716T154708070Z/protocol-overview/daily/2026-05-09.json",442,D3E986DC
liqwid-portable-data,1,"raw/api/fetches/20260716T154708070Z/protocol-overview/daily/2026-05-10.json",446,BC990382
liqwid-portable-data,1,"raw/api/fetches/20260716T154708070Z/protocol-overview/daily/2026-05-11.json",445,9D251CB7
liqwid-portable-data,1,"raw/api/fetches/20260716T154708070Z/protocol-overview/daily/2026-05-12.json",447,54524CC8
liqwid-portable-data,1,"raw/api/fetches/20260716T154708070Z/protocol-overview/daily/2026-05-13.json",440,43FDA1E3
liqwid-portable-data,1,"raw/api/fetches/20260716T154708070Z/protocol-overview/daily/2026-05-14.json",433,A1A0A503
liqwid-portable-data,1,"raw/api/fetches/20260716T154708070Z/protocol-overview/daily/2026-05-15.json",444,824FE9FF
liqwid-portable-data,1,"raw/api/fetches/20260716T154708070Z/protocol-overview/daily/2026-05-16.json",448,BD17C33E
liqwid-portable-data,1,"raw/api/fetches/20260716T154708070Z/protocol-overview/daily/2026-05-17.json",444,B189FABB
liqwid-portable-data,1,"raw/api/fetches/20260716T154708070Z/protocol-overview/daily/2026-05-18.json",450,11AEF5ED
liqwid-portable-data,1,"raw/api/fetches/20260716T154708070Z/protocol-overview/daily/2026-05-19.json",463,0F2B67B5
liqwid-portable-data,1,"raw/api/fetches/20260716T154708070Z/protocol-overview/daily/2026-05-20.json",464,DD4E784A
liqwid-portable-data,1,"raw/api/fetches/20260716T154708070Z/protocol-overview/daily/2026-05-21.json",426,77BCFD84
liqwid-portable-data,1,"raw/api/fetches/20260716T154708070Z/protocol-overview/daily/2026-05-22.json",441,0AB58F1C
liqwid-portable-data,1,"raw/api/fetches/20260716T154708070Z/protocol-overview/daily/2026-05-23.json",465,C8315E2F
liqwid-portable-data,1,"raw/api/fetches/20260716T154708070Z/protocol-overview/daily/2026-05-24.json",457,1F9B568F
liqwid-portable-data,1,"raw/api/fetches/20260716T154708070Z/protocol-overview/daily/2026-05-25.json",447,16F58415
liqwid-portable-data,1,"raw/api/fetches/20260716T154708070Z/protocol-overview/daily/2026-05-26.json",418,379E16FE
liqwid-portable-data,1,"raw/api/fetches/20260716T154708070Z/protocol-overview/daily/2026-05-27.json",464,C455D299
liqwid-portable-data,1,"raw/api/fetches/20260716T154708070Z/protocol-overview/daily/2026-05-28.json",467,E2DB5A88
liqwid-portable-data,1,"raw/api/fetches/20260716T154708070Z/protocol-overview/daily/2026-05-29.json",446,9063ABE7
liqwid-portable-data,1,"raw/api/fetches/20260716T154708070Z/protocol-overview/daily/2026-05-30.json",450,7961ABB5
liqwid-portable-data,1,"raw/api/fetches/20260716T154708070Z/protocol-overview/daily/2026-05-31.json",448,0DF979FC
liqwid-portable-data,1,"raw/api/fetches/20260716T154708070Z/protocol-overview/daily/2026-06-01.json",466,2B3FAE5F
liqwid-portable-data,1,"raw/api/fetches/20260716T154708070Z/protocol-overview/daily/2026-06-02.json",466,51F68265
liqwid-portable-data,1,"raw/api/fetches/20260716T154708070Z/protocol-overview/daily/2026-06-03.json",468,D7E06E56
liqwid-portable-data,1,"raw/api/fetches/20260716T154708070Z/protocol-overview/daily/2026-06-04.json",465,098E27CA
liqwid-portable-data,1,"raw/api/fetches/20260716T154708070Z/protocol-overview/daily/2026-06-05.json",465,4AB45C7B
liqwid-portable-data,1,"raw/api/fetches/20260716T154708070Z/protocol-overview/daily/2026-06-06.json",468,78B47F03
liqwid-portable-data,1,"raw/api/fetches/20260716T154708070Z/protocol-overview/daily/2026-06-07.json",447,95567C75
liqwid-portable-data,1,"raw/api/fetches/20260716T154708070Z/protocol-overview/daily/2026-06-08.json",439,FD14636B
liqwid-portable-data,1,"raw/api/fetches/20260716T154708070Z/protocol-overview/daily/2026-06-09.json",442,C0473A0B
liqwid-portable-data,1,"raw/api/fetches/20260716T154708070Z/protocol-overview/daily/2026-06-10.json",464,B7A3757B
liqwid-portable-data,1,"raw/api/fetches/20260716T154708070Z/protocol-overview/daily/2026-06-11.json",438,AFD56B55
liqwid-portable-data,1,"raw/api/fetches/20260716T154708070Z/protocol-overview/daily/2026-06-12.json",467,34D3C80C
liqwid-portable-data,1,"raw/api/fetches/20260716T154708070Z/protocol-overview/daily/2026-06-13.json",436,E192E7D8
liqwid-portable-data,1,"raw/api/fetches/20260716T154708070Z/protocol-overview/daily/2026-06-14.json",444,A7CD0323
liqwid-portable-data,1,"raw/api/fetches/20260716T154708070Z/protocol-overview/daily/2026-06-15.json",440,521DE565
liqwid-portable-data,1,"raw/api/fetches/20260716T154708070Z/protocol-overview/daily/2026-06-16.json",436,F936DA55
liqwid-portable-data,1,"raw/api/fetches/20260716T154708070Z/protocol-overview/daily/2026-06-17.json",440,4A524ED3
liqwid-portable-data,1,"raw/api/fetches/20260716T154708070Z/protocol-overview/daily/2026-06-18.json",442,0FB2052F
liqwid-portable-data,1,"raw/api/fetches/20260716T154708070Z/protocol-overview/daily/2026-06-19.json",436,3877399B
liqwid-portable-data,1,"raw/api/fetches/20260716T154708070Z/protocol-overview/daily/2026-06-20.json",443,8D589838
liqwid-portable-data,1,"raw/api/fetches/20260716T154708070Z/protocol-overview/daily/2026-06-21.json",466,06EA85E7
liqwid-portable-data,1,"raw/api/fetches/20260716T154708070Z/protocol-overview/daily/2026-06-22.json",441,45E8ED5C
liqwid-portable-data,1,"raw/api/fetches/20260716T154708070Z/protocol-overview/daily/2026-06-23.json",466,0EFE344E
liqwid-portable-data,1,"raw/api/fetches/20260716T154708070Z/protocol-overview/daily/2026-06-24.json",465,A9F10CBD
liqwid-portable-data,1,"raw/api/fetches/20260716T154708070Z/protocol-overview/daily/2026-06-25.json",462,FAB2F82E
liqwid-portable-data,1,"raw/api/fetches/20260716T154708070Z/protocol-overview/daily/2026-06-26.json",465,75C05113
liqwid-portable-data,1,"raw/api/fetches/20260716T154708070Z/protocol-overview/daily/2026-06-27.json",445,F00DBE8C
liqwid-portable-data,1,"raw/api/fetches/20260716T154708070Z/protocol-overview/daily/2026-06-28.json",418,CD5799D8
liqwid-portable-data,1,"raw/api/fetches/20260716T154708070Z/protocol-overview/daily/2026-06-29.json",448,05703753
liqwid-portable-data,1,"raw/api/fetches/20260716T154708070Z/protocol-overview/daily/2026-06-30.json",446,D321C352
liqwid-portable-data,1,"raw/api/fetches/20260716T154708070Z/protocol-overview/monthly/2023-02-01.json",735,AE74CBC9
liqwid-portable-data,1,"raw/api/fetches/20260716T154708070Z/protocol-overview/monthly/2023-03-01.json",756,BF3ED19B
liqwid-portable-data,1,"raw/api/fetches/20260716T154708070Z/protocol-overview/monthly/2023-04-01.json",753,5632A62A
liqwid-portable-data,1,"raw/api/fetches/20260716T154708070Z/protocol-overview/monthly/2023-05-01.json",756,E14AEF7F
liqwid-portable-data,1,"raw/api/fetches/20260716T154708070Z/protocol-overview/monthly/2023-06-01.json",754,567F8F2A
liqwid-portable-data,1,"raw/api/fetches/20260716T154708070Z/protocol-overview/monthly/2023-07-01.json",751,77D44515
liqwid-portable-data,1,"raw/api/fetches/20260716T154708070Z/protocol-overview/monthly/2023-08-01.json",751,6F531EF8
liqwid-portable-data,1,"raw/api/fetches/20260716T154708070Z/protocol-overview/monthly/2023-09-01.json",753,F95CF2AB
liqwid-portable-data,1,"raw/api/fetches/20260716T154708070Z/protocol-overview/monthly/2023-10-01.json",753,20645E51
liqwid-portable-data,1,"raw/api/fetches/20260716T154708070Z/protocol-overview/monthly/2023-11-01.json",752,052C613B
liqwid-portable-data,1,"raw/api/fetches/20260716T154708070Z/protocol-overview/monthly/2023-12-01.json",751,25B99B28
liqwid-portable-data,1,"raw/api/fetches/20260716T154708070Z/protocol-overview/monthly/2024-01-01.json",752,71A38CCB
liqwid-portable-data,1,"raw/api/fetches/20260716T154708070Z/protocol-overview/monthly/2024-02-01.json",752,6A172855
liqwid-portable-data,1,"raw/api/fetches/20260716T154708070Z/protocol-overview/monthly/2024-03-01.json",751,923A1039
liqwid-portable-data,1,"raw/api/fetches/20260716T154708070Z/protocol-overview/monthly/2024-04-01.json",748,E64F12A9
liqwid-portable-data,1,"raw/api/fetches/20260716T154708070Z/protocol-overview/monthly/2024-05-01.json",753,7FD33DAF
liqwid-portable-data,1,"raw/api/fetches/20260716T154708070Z/protocol-overview/monthly/2024-06-01.json",752,B2D2B583
liqwid-portable-data,1,"raw/api/fetches/20260716T154708070Z/protocol-overview/monthly/2024-07-01.json",753,24CE6B2D
liqwid-portable-data,1,"raw/api/fetches/20260716T154708070Z/protocol-overview/monthly/2024-08-01.json",750,34A96256
liqwid-portable-data,1,"raw/api/fetches/20260716T154708070Z/protocol-overview/monthly/2024-09-01.json",752,365C0313
liqwid-portable-data,1,"raw/api/fetches/20260716T154708070Z/protocol-overview/monthly/2024-10-01.json",754,91BC5F2E
liqwid-portable-data,1,"raw/api/fetches/20260716T154708070Z/protocol-overview/monthly/2024-11-01.json",752,74119F75
liqwid-portable-data,1,"raw/api/fetches/20260716T154708070Z/protocol-overview/monthly/2024-12-01.json",752,402F15DE
liqwid-portable-data,1,"raw/api/fetches/20260716T154708070Z/protocol-overview/monthly/2025-01-01.json",751,8D1D68F9
liqwid-portable-data,1,"raw/api/fetches/20260716T154708070Z/protocol-overview/monthly/2025-02-01.json",752,5369D5DC
liqwid-portable-data,1,"raw/api/fetches/20260716T154708070Z/protocol-overview/monthly/2025-03-01.json",752,256C3189
liqwid-portable-data,1,"raw/api/fetches/20260716T154708070Z/protocol-overview/monthly/2025-04-01.json",753,04EED3DD
liqwid-portable-data,1,"raw/api/fetches/20260716T154708070Z/protocol-overview/monthly/2025-05-01.json",747,1642F991
liqwid-portable-data,1,"raw/api/fetches/20260716T154708070Z/protocol-overview/monthly/2025-06-01.json",753,6B265E44
liqwid-portable-data,1,"raw/api/fetches/20260716T154708070Z/protocol-overview/monthly/2025-07-01.json",752,02495197
liqwid-portable-data,1,"raw/api/fetches/20260716T154708070Z/protocol-overview/monthly/2025-08-01.json",752,59C5472E
liqwid-portable-data,1,"raw/api/fetches/20260716T154708070Z/protocol-overview/monthly/2025-09-01.json",752,2EF2F812
liqwid-portable-data,1,"raw/api/fetches/20260716T154708070Z/protocol-overview/monthly/2025-10-01.json",750,D2A51F48
liqwid-portable-data,1,"raw/api/fetches/20260716T154708070Z/protocol-overview/monthly/2025-11-01.json",748,2CA694BB
liqwid-portable-data,1,"raw/api/fetches/20260716T154708070Z/protocol-overview/monthly/2025-12-01.json",753,F2710554
liqwid-portable-data,1,"raw/api/fetches/20260716T154708070Z/protocol-overview/monthly/2026-01-01.json",751,53B95704
liqwid-portable-data,1,"raw/api/fetches/20260716T154708070Z/protocol-overview/monthly/2026-02-01.json",752,AB735363
liqwid-portable-data,1,"raw/api/fetches/20260716T154708070Z/protocol-overview/monthly/2026-03-01.json",750,132144D8
liqwid-portable-data,1,"raw/api/fetches/20260716T154708070Z/protocol-overview/monthly/2026-04-01.json",753,B577E9EC
liqwid-portable-data,1,"raw/api/fetches/20260716T154708070Z/protocol-overview/monthly/2026-05-01.json",751,D9E6B18A
liqwid-portable-data,1,"raw/api/fetches/20260716T154708070Z/protocol-overview/monthly/2026-06-01.json",751,D274AB54
liqwid-portable-data,1,"raw/api/fetches/20260716T154708070Z/protocol-overview/monthly/2026-07-01.json",735,E2407D46
liqwid-portable-data,1,"raw/api/fetches/20260716T180242778Z/loans/active-debt.json",286800,93D50C6C
liqwid-portable-data,1,"raw/api/fetches/20260716T180242778Z/loans/collateral-bearing.json",381019,7A2C7848
liqwid-portable-data,1,"raw/api/fetches/20260716T180242778Z/loans/liquidatable.json",901,51F283EB
liqwid-portable-data,1,"raw/api/fetches/20260716T180242778Z/market-history/ada.json",1003,A9AFC2C1
liqwid-portable-data,1,"raw/api/fetches/20260716T180242778Z/market-history/agix.json",1005,A0D0A461
liqwid-portable-data,1,"raw/api/fetches/20260716T180242778Z/market-history/btc.json",1003,DB0E10E1
liqwid-portable-data,1,"raw/api/fetches/20260716T180242778Z/market-history/copi.json",1005,A4236A7C
liqwid-portable-data,1,"raw/api/fetches/20260716T180242778Z/market-history/dai.json",1003,1F68DE09
liqwid-portable-data,1,"raw/api/fetches/20260716T180242778Z/market-history/djed.json",1005,6B23A9B3
liqwid-portable-data,1,"raw/api/fetches/20260716T180242778Z/market-history/erg.json",1003,19D43386
liqwid-portable-data,1,"raw/api/fetches/20260716T180242778Z/market-history/eth.json",1003,184EBD70
liqwid-portable-data,1,"raw/api/fetches/20260716T180242778Z/market-history/eurc.json",1005,490FE092
liqwid-portable-data,1,"raw/api/fetches/20260716T180242778Z/market-history/iag.json",1003,EC013C78
liqwid-portable-data,1,"raw/api/fetches/20260716T180242778Z/market-history/iusd.json",1005,05E814B0
liqwid-portable-data,1,"raw/api/fetches/20260716T180242778Z/market-history/lq.json",1001,F205BC40
liqwid-portable-data,1,"raw/api/fetches/20260716T180242778Z/market-history/min.json",1003,0D7AFEE5
liqwid-portable-data,1,"raw/api/fetches/20260716T180242778Z/market-history/night.json",1007,8439444B
liqwid-portable-data,1,"raw/api/fetches/20260716T180242778Z/market-history/pol.json",1003,9A8E7016
liqwid-portable-data,1,"raw/api/fetches/20260716T180242778Z/market-history/pyusd.json",1007,86CEE4D4
liqwid-portable-data,1,"raw/api/fetches/20260716T180242778Z/market-history/shen.json",1005,5607D37F
liqwid-portable-data,1,"raw/api/fetches/20260716T180242778Z/market-history/snek.json",1005,2AFEF333
liqwid-portable-data,1,"raw/api/fetches/20260716T180242778Z/market-history/usda.json",1005,6EAC47C9
liqwid-portable-data,1,"raw/api/fetches/20260716T180242778Z/market-history/usdc.json",1005,A60C6886
liqwid-portable-data,1,"raw/api/fetches/20260716T180242778Z/market-history/usdcx-usdm-sundae-lp-stableswap.json",1059,04804673
liqwid-portable-data,1,"raw/api/fetches/20260716T180242778Z/market-history/usdcx.json",1007,B468EA6B
liqwid-portable-data,1,"raw/api/fetches/20260716T180242778Z/market-history/usdm-usda-minswap-lp-stable.json",1051,F6FA84E7
liqwid-portable-data,1,"raw/api/fetches/20260716T180242778Z/market-history/usdm.json",1005,B0FFAEA8
liqwid-portable-data,1,"raw/api/fetches/20260716T180242778Z/market-history/usdt.json",1005,5EC1EEAC
liqwid-portable-data,1,"raw/api/fetches/20260716T180242778Z/market-history/wmt.json",1003,B753F917
liqwid-portable-data,1,"raw/api/fetches/20260716T180242778Z/markets/page-0000.json",20113,212F728C
liqwid-portable-data,1,"raw/api/fetches/20260716T180242778Z/protocol-fees/2026-07-01.json",1586,59CBB761
liqwid-portable-data,1,"raw/api/fetches/20260716T180242778Z/protocol-overview/monthly/2026-07-01.json",735,2169DCBD
liqwid-portable-data,1,"raw/api/fetches/20260716T184427388Z/loans/active-debt.json",286739,364AC802
liqwid-portable-data,1,"raw/api/fetches/20260716T184427388Z/loans/collateral-bearing.json",380960,898E90B0
liqwid-portable-data,1,"raw/api/fetches/20260716T184427388Z/loans/liquidatable.json",901,8811EEB1
liqwid-portable-data,1,"raw/api/fetches/20260716T184427388Z/market-history/ada.json",1023,10745892
liqwid-portable-data,1,"raw/api/fetches/20260716T184427388Z/market-history/agix.json",1025,A80BC49A
liqwid-portable-data,1,"raw/api/fetches/20260716T184427388Z/market-history/btc.json",1023,1690B7FE
liqwid-portable-data,1,"raw/api/fetches/20260716T184427388Z/market-history/copi.json",1025,4375C398
liqwid-portable-data,1,"raw/api/fetches/20260716T184427388Z/market-history/dai.json",1023,F1AF0E95
liqwid-portable-data,1,"raw/api/fetches/20260716T184427388Z/market-history/djed.json",1025,34E47C9B
liqwid-portable-data,1,"raw/api/fetches/20260716T184427388Z/market-history/erg.json",1023,46342060
liqwid-portable-data,1,"raw/api/fetches/20260716T184427388Z/market-history/eth.json",1023,7DA3DC32
liqwid-portable-data,1,"raw/api/fetches/20260716T184427388Z/market-history/eurc.json",1025,63140524
liqwid-portable-data,1,"raw/api/fetches/20260716T184427388Z/market-history/iag.json",1023,4C49A4D4
liqwid-portable-data,1,"raw/api/fetches/20260716T184427388Z/market-history/iusd.json",1025,D8417E37
liqwid-portable-data,1,"raw/api/fetches/20260716T184427388Z/market-history/lq.json",1021,029E0AB2
liqwid-portable-data,1,"raw/api/fetches/20260716T184427388Z/market-history/min.json",1023,A8F2CB7A
liqwid-portable-data,1,"raw/api/fetches/20260716T184427388Z/market-history/night.json",1027,F66FB0F5
liqwid-portable-data,1,"raw/api/fetches/20260716T184427388Z/market-history/pol.json",1023,4CE0D873
liqwid-portable-data,1,"raw/api/fetches/20260716T184427388Z/market-history/pyusd.json",1027,EF436DF3
liqwid-portable-data,1,"raw/api/fetches/20260716T184427388Z/market-history/shen.json",1025,C1A27CAB
liqwid-portable-data,1,"raw/api/fetches/20260716T184427388Z/market-history/snek.json",1025,6F445B44
liqwid-portable-data,1,"raw/api/fetches/20260716T184427388Z/market-history/usda.json",1025,65697D02
liqwid-portable-data,1,"raw/api/fetches/20260716T184427388Z/market-history/usdc.json",1025,BBE2F2DC
liqwid-portable-data,1,"raw/api/fetches/20260716T184427388Z/market-history/usdcx-usdm-sundae-lp-stableswap.json",1079,C4D77508
liqwid-portable-data,1,"raw/api/fetches/20260716T184427388Z/market-history/usdcx.json",1027,86F56932
liqwid-portable-data,1,"raw/api/fetches/20260716T184427388Z/market-history/usdm-usda-minswap-lp-stable.json",1071,4DAF8343
liqwid-portable-data,1,"raw/api/fetches/20260716T184427388Z/market-history/usdm.json",1025,CFC35705
liqwid-portable-data,1,"raw/api/fetches/20260716T184427388Z/market-history/usdt.json",1025,2EA3C2A5
liqwid-portable-data,1,"raw/api/fetches/20260716T184427388Z/market-history/wmt.json",1023,98263242
liqwid-portable-data,1,"raw/api/fetches/20260716T184427388Z/market-params-history/ada.json",1435,9F9B0425
liqwid-portable-data,1,"raw/api/fetches/20260716T184427388Z/market-params-history/agix.json",1435,8A69E78D
liqwid-portable-data,1,"raw/api/fetches/20260716T184427388Z/market-params-history/btc.json",1385,EC1AA88D
liqwid-portable-data,1,"raw/api/fetches/20260716T184427388Z/market-params-history/copi.json",1389,73073F15
liqwid-portable-data,1,"raw/api/fetches/20260716T184427388Z/market-params-history/dai.json",1418,6EFACDC3
liqwid-portable-data,1,"raw/api/fetches/20260716T184427388Z/market-params-history/djed.json",1429,1F217200
liqwid-portable-data,1,"raw/api/fetches/20260716T184427388Z/market-params-history/erg.json",1385,70C02BBA
liqwid-portable-data,1,"raw/api/fetches/20260716T184427388Z/market-params-history/eth.json",1385,FB034F05
liqwid-portable-data,1,"raw/api/fetches/20260716T184427388Z/market-params-history/eurc.json",1420,B6CC1BE6
liqwid-portable-data,1,"raw/api/fetches/20260716T184427388Z/market-params-history/iag.json",1387,2A7AF535
liqwid-portable-data,1,"raw/api/fetches/20260716T184427388Z/market-params-history/iusd.json",1427,C1A4EFC7
liqwid-portable-data,1,"raw/api/fetches/20260716T184427388Z/market-params-history/lq.json",1275,3A51EB23
liqwid-portable-data,1,"raw/api/fetches/20260716T184427388Z/market-params-history/min.json",1388,F285F012
liqwid-portable-data,1,"raw/api/fetches/20260716T184427388Z/market-params-history/night.json",1393,98A7B561
liqwid-portable-data,1,"raw/api/fetches/20260716T184427388Z/market-params-history/pol.json",1284,ED101DA8
liqwid-portable-data,1,"raw/api/fetches/20260716T184427388Z/market-params-history/pyusd.json",1422,6AE06083
liqwid-portable-data,1,"raw/api/fetches/20260716T184427388Z/market-params-history/shen.json",1389,2CC761A2
liqwid-portable-data,1,"raw/api/fetches/20260716T184427388Z/market-params-history/snek.json",1391,338C2043
liqwid-portable-data,1,"raw/api/fetches/20260716T184427388Z/market-params-history/usda.json",1421,4886456A
liqwid-portable-data,1,"raw/api/fetches/20260716T184427388Z/market-params-history/usdc.json",1419,4E5F12F3
liqwid-portable-data,1,"raw/api/fetches/20260716T184427388Z/market-params-history/usdcx-usdm-sundae-lp-stableswap.json",1471,39AE6937
liqwid-portable-data,1,"raw/api/fetches/20260716T184427388Z/market-params-history/usdcx.json",1417,6C0B8DF1
liqwid-portable-data,1,"raw/api/fetches/20260716T184427388Z/market-params-history/usdm-usda-minswap-lp-stable.json",1426,9B9751F4
liqwid-portable-data,1,"raw/api/fetches/20260716T184427388Z/market-params-history/usdm.json",1423,F927B148
liqwid-portable-data,1,"raw/api/fetches/20260716T184427388Z/market-params-history/usdt.json",1419,7A6624EC
liqwid-portable-data,1,"raw/api/fetches/20260716T184427388Z/market-params-history/wmt.json",1394,F45A0771
liqwid-portable-data,1,"raw/api/fetches/20260716T184427388Z/markets/page-0000.json",20107,53D68F39
liqwid-portable-data,1,"raw/api/fetches/20260716T184427388Z/protocol-fees/2026-01-01.json",1680,37AF33F9
liqwid-portable-data,1,"raw/api/fetches/20260716T184427388Z/protocol-fees/2026-02-01.json",1684,6B3DE244
liqwid-portable-data,1,"raw/api/fetches/20260716T184427388Z/protocol-fees/2026-03-01.json",1684,9A89EFEA
liqwid-portable-data,1,"raw/api/fetches/20260716T184427388Z/protocol-fees/2026-04-01.json",1683,213ACB46
liqwid-portable-data,1,"raw/api/fetches/20260716T184427388Z/protocol-fees/2026-05-01.json",1680,D6AA1C29
liqwid-portable-data,1,"raw/api/fetches/20260716T184427388Z/protocol-fees/2026-06-01.json",1685,202BCC16
liqwid-portable-data,1,"raw/api/fetches/20260716T184427388Z/protocol-fees/2026-07-01.json",1606,1CC69F8F
liqwid-portable-data,1,"raw/api/fetches/20260716T184427388Z/protocol-overview/daily/2023-04-01.json",762,6028CFDD
liqwid-portable-data,1,"raw/api/fetches/20260716T184427388Z/protocol-overview/daily/2023-04-02.json",758,D5BAC2BA
liqwid-portable-data,1,"raw/api/fetches/20260716T184427388Z/protocol-overview/daily/2023-04-03.json",765,2D1FF75E
liqwid-portable-data,1,"raw/api/fetches/20260716T184427388Z/protocol-overview/daily/2023-04-04.json",767,048F7315
liqwid-portable-data,1,"raw/api/fetches/20260716T184427388Z/protocol-overview/daily/2023-04-05.json",768,BFFF8061
liqwid-portable-data,1,"raw/api/fetches/20260716T184427388Z/protocol-overview/daily/2023-04-06.json",774,0F36D195
liqwid-portable-data,1,"raw/api/fetches/20260716T184427388Z/protocol-overview/daily/2023-04-07.json",771,056D981B
liqwid-portable-data,1,"raw/api/fetches/20260716T184427388Z/protocol-overview/daily/2023-04-08.json",765,EBE47CEC
liqwid-portable-data,1,"raw/api/fetches/20260716T184427388Z/protocol-overview/daily/2023-04-09.json",774,8B483D32
liqwid-portable-data,1,"raw/api/fetches/20260716T184427388Z/protocol-overview/daily/2023-04-10.json",770,12DDF96E
liqwid-portable-data,1,"raw/api/fetches/20260716T184427388Z/protocol-overview/daily/2023-04-11.json",770,72667DEF
liqwid-portable-data,1,"raw/api/fetches/20260716T184427388Z/protocol-overview/daily/2023-04-12.json",774,C07F5795
liqwid-portable-data,1,"raw/api/fetches/20260716T184427388Z/protocol-overview/daily/2023-04-13.json",771,948B59C9
liqwid-portable-data,1,"raw/api/fetches/20260716T184427388Z/protocol-overview/daily/2023-04-14.json",794,62264960
liqwid-portable-data,1,"raw/api/fetches/20260716T184427388Z/protocol-overview/daily/2023-04-15.json",774,3BC29768
liqwid-portable-data,1,"raw/api/fetches/20260716T184427388Z/protocol-overview/daily/2023-04-16.json",771,9910DA83
liqwid-portable-data,1,"raw/api/fetches/20260716T184427388Z/protocol-overview/daily/2023-04-17.json",766,5F81C033
liqwid-portable-data,1,"raw/api/fetches/20260716T184427388Z/protocol-overview/daily/2023-04-18.json",765,371BE77E
liqwid-portable-data,1,"raw/api/fetches/20260716T184427388Z/protocol-overview/daily/2023-04-19.json",764,7618DFFA
liqwid-portable-data,1,"raw/api/fetches/20260716T184427388Z/protocol-overview/daily/2023-04-20.json",772,95DC4A7B
liqwid-portable-data,1,"raw/api/fetches/20260716T184427388Z/protocol-overview/daily/2023-04-21.json",789,732488F7
liqwid-portable-data,1,"raw/api/fetches/20260716T184427388Z/protocol-overview/daily/2023-04-22.json",766,FA8C9328
liqwid-portable-data,1,"raw/api/fetches/20260716T184427388Z/protocol-overview/daily/2023-04-23.json",756,580B588A
liqwid-portable-data,1,"raw/api/fetches/20260716T184427388Z/protocol-overview/daily/2023-04-24.json",769,B2FE668F
liqwid-portable-data,1,"raw/api/fetches/20260716T184427388Z/protocol-overview/daily/2023-04-25.json",769,7235B54A
liqwid-portable-data,1,"raw/api/fetches/20260716T184427388Z/protocol-overview/daily/2023-04-26.json",764,E00ECADE
liqwid-portable-data,1,"raw/api/fetches/20260716T184427388Z/protocol-overview/daily/2023-04-27.json",766,BAD65918
liqwid-portable-data,1,"raw/api/fetches/20260716T184427388Z/protocol-overview/daily/2023-04-28.json",765,51A4C5BA
liqwid-portable-data,1,"raw/api/fetches/20260716T184427388Z/protocol-overview/daily/2023-04-29.json",765,18FA8A73
liqwid-portable-data,1,"raw/api/fetches/20260716T184427388Z/protocol-overview/daily/2023-04-30.json",768,4BDAC17E
liqwid-portable-data,1,"raw/api/fetches/20260716T184427388Z/protocol-overview/daily/2023-06-01.json",774,49C9C3E4
liqwid-portable-data,1,"raw/api/fetches/20260716T184427388Z/protocol-overview/daily/2023-06-02.json",769,AA84075E
liqwid-portable-data,1,"raw/api/fetches/20260716T184427388Z/protocol-overview/daily/2023-06-03.json",774,BD44DF24
liqwid-portable-data,1,"raw/api/fetches/20260716T184427388Z/protocol-overview/daily/2023-06-04.json",770,6CC74654
liqwid-portable-data,1,"raw/api/fetches/20260716T184427388Z/protocol-overview/daily/2023-06-05.json",775,71117EA6
liqwid-portable-data,1,"raw/api/fetches/20260716T184427388Z/protocol-overview/daily/2023-06-06.json",790,4AB89305
liqwid-portable-data,1,"raw/api/fetches/20260716T184427388Z/protocol-overview/daily/2023-06-07.json",792,C3B99283
liqwid-portable-data,1,"raw/api/fetches/20260716T184427388Z/protocol-overview/daily/2023-06-08.json",760,771F7CDB
liqwid-portable-data,1,"raw/api/fetches/20260716T184427388Z/protocol-overview/daily/2023-06-09.json",790,EC0F4A7A
liqwid-portable-data,1,"raw/api/fetches/20260716T184427388Z/protocol-overview/daily/2023-06-10.json",791,0B34C123
liqwid-portable-data,1,"raw/api/fetches/20260716T184427388Z/protocol-overview/daily/2023-06-11.json",788,403244C7
liqwid-portable-data,1,"raw/api/fetches/20260716T184427388Z/protocol-overview/daily/2023-06-12.json",787,9021C7DC
liqwid-portable-data,1,"raw/api/fetches/20260716T184427388Z/protocol-overview/daily/2023-06-13.json",772,3B3945B3
liqwid-portable-data,1,"raw/api/fetches/20260716T184427388Z/protocol-overview/daily/2023-06-14.json",788,64C1EBB1
liqwid-portable-data,1,"raw/api/fetches/20260716T184427388Z/protocol-overview/daily/2023-06-15.json",786,C9973D79
liqwid-portable-data,1,"raw/api/fetches/20260716T184427388Z/protocol-overview/daily/2023-06-16.json",769,05928C73
liqwid-portable-data,1,"raw/api/fetches/20260716T184427388Z/protocol-overview/daily/2023-06-17.json",765,937CB03D
liqwid-portable-data,1,"raw/api/fetches/20260716T184427388Z/protocol-overview/daily/2023-06-18.json",775,29E75C6F
liqwid-portable-data,1,"raw/api/fetches/20260716T184427388Z/protocol-overview/daily/2023-06-19.json",786,4B82A308
liqwid-portable-data,1,"raw/api/fetches/20260716T184427388Z/protocol-overview/daily/2023-06-20.json",770,5558D5B7
liqwid-portable-data,1,"raw/api/fetches/20260716T184427388Z/protocol-overview/daily/2023-06-21.json",788,3BD54226
liqwid-portable-data,1,"raw/api/fetches/20260716T184427388Z/protocol-overview/daily/2023-06-22.json",787,FFDFA6EE
liqwid-portable-data,1,"raw/api/fetches/20260716T184427388Z/protocol-overview/daily/2023-06-23.json",766,C2F17A48
liqwid-portable-data,1,"raw/api/fetches/20260716T184427388Z/protocol-overview/daily/2023-06-24.json",768,D82038EE
liqwid-portable-data,1,"raw/api/fetches/20260716T184427388Z/protocol-overview/daily/2023-06-25.json",754,D72A4F29
liqwid-portable-data,1,"raw/api/fetches/20260716T184427388Z/protocol-overview/daily/2023-06-26.json",772,E613A9D4
liqwid-portable-data,1,"raw/api/fetches/20260716T184427388Z/protocol-overview/daily/2023-06-27.json",769,5076850B
liqwid-portable-data,1,"raw/api/fetches/20260716T184427388Z/protocol-overview/daily/2023-06-28.json",787,A54CDF2C
liqwid-portable-data,1,"raw/api/fetches/20260716T184427388Z/protocol-overview/daily/2023-06-29.json",766,91DAA179
liqwid-portable-data,1,"raw/api/fetches/20260716T184427388Z/protocol-overview/daily/2023-06-30.json",770,E664897B
liqwid-portable-data,1,"raw/api/fetches/20260716T184427388Z/protocol-overview/daily/2023-07-01.json",767,17ED7E57
liqwid-portable-data,1,"raw/api/fetches/20260716T184427388Z/protocol-overview/daily/2023-07-02.json",763,E52E8AEC
liqwid-portable-data,1,"raw/api/fetches/20260716T184427388Z/protocol-overview/daily/2023-07-03.json",764,DABB38BC
liqwid-portable-data,1,"raw/api/fetches/20260716T184427388Z/protocol-overview/daily/2023-07-04.json",767,38B32C04
liqwid-portable-data,1,"raw/api/fetches/20260716T184427388Z/protocol-overview/daily/2023-07-05.json",770,40A2DDA9
liqwid-portable-data,1,"raw/api/fetches/20260716T184427388Z/protocol-overview/daily/2023-07-06.json",767,EC4AFD73
liqwid-portable-data,1,"raw/api/fetches/20260716T184427388Z/protocol-overview/daily/2023-07-07.json",766,62339F1B
liqwid-portable-data,1,"raw/api/fetches/20260716T184427388Z/protocol-overview/daily/2023-07-08.json",766,931C9F6A
liqwid-portable-data,1,"raw/api/fetches/20260716T184427388Z/protocol-overview/daily/2023-07-09.json",767,A576A61A
liqwid-portable-data,1,"raw/api/fetches/20260716T184427388Z/protocol-overview/daily/2023-07-10.json",772,7E0198F7
liqwid-portable-data,1,"raw/api/fetches/20260716T184427388Z/protocol-overview/daily/2023-07-11.json",786,3F44ACBB
liqwid-portable-data,1,"raw/api/fetches/20260716T184427388Z/protocol-overview/daily/2023-07-12.json",770,CAC10946
liqwid-portable-data,1,"raw/api/fetches/20260716T184427388Z/protocol-overview/daily/2023-07-13.json",789,B97458A7
liqwid-portable-data,1,"raw/api/fetches/20260716T184427388Z/protocol-overview/daily/2023-07-14.json",773,82CB8E6A
liqwid-portable-data,1,"raw/api/fetches/20260716T184427388Z/protocol-overview/daily/2023-07-15.json",772,673687D2
liqwid-portable-data,1,"raw/api/fetches/20260716T184427388Z/protocol-overview/daily/2023-07-16.json",774,F0F28B54
liqwid-portable-data,1,"raw/api/fetches/20260716T184427388Z/protocol-overview/daily/2023-07-17.json",772,952D49FC
liqwid-portable-data,1,"raw/api/fetches/20260716T184427388Z/protocol-overview/daily/2023-07-18.json",773,5DD3F39A
liqwid-portable-data,1,"raw/api/fetches/20260716T184427388Z/protocol-overview/daily/2023-07-19.json",772,D6E8B276
liqwid-portable-data,1,"raw/api/fetches/20260716T184427388Z/protocol-overview/daily/2023-07-20.json",771,D3034CFC
liqwid-portable-data,1,"raw/api/fetches/20260716T184427388Z/protocol-overview/daily/2023-07-21.json",764,C441E78C
liqwid-portable-data,1,"raw/api/fetches/20260716T184427388Z/protocol-overview/daily/2023-07-22.json",758,53532B8D
liqwid-portable-data,1,"raw/api/fetches/20260716T184427388Z/protocol-overview/daily/2023-07-23.json",771,946D93EE
liqwid-portable-data,1,"raw/api/fetches/20260716T184427388Z/protocol-overview/daily/2023-07-24.json",765,EEF9DD63
liqwid-portable-data,1,"raw/api/fetches/20260716T184427388Z/protocol-overview/daily/2023-07-25.json",773,CD18C504
liqwid-portable-data,1,"raw/api/fetches/20260716T184427388Z/protocol-overview/daily/2023-07-26.json",771,BF7E8C32
liqwid-portable-data,1,"raw/api/fetches/20260716T184427388Z/protocol-overview/daily/2023-07-27.json",770,DE94E1C1
liqwid-portable-data,1,"raw/api/fetches/20260716T184427388Z/protocol-overview/daily/2023-07-28.json",767,BA95A887
liqwid-portable-data,1,"raw/api/fetches/20260716T184427388Z/protocol-overview/daily/2023-07-29.json",758,89058C6E
liqwid-portable-data,1,"raw/api/fetches/20260716T184427388Z/protocol-overview/daily/2023-07-30.json",773,C61D84E2
liqwid-portable-data,1,"raw/api/fetches/20260716T184427388Z/protocol-overview/daily/2023-07-31.json",769,007C6500
liqwid-portable-data,1,"raw/api/fetches/20260716T184427388Z/protocol-overview/daily/2023-08-01.json",772,4FAC5589
liqwid-portable-data,1,"raw/api/fetches/20260716T184427388Z/protocol-overview/daily/2023-08-02.json",772,70B071EA
liqwid-portable-data,1,"raw/api/fetches/20260716T184427388Z/protocol-overview/daily/2023-08-03.json",790,53152AAB
liqwid-portable-data,1,"raw/api/fetches/20260716T184427388Z/protocol-overview/daily/2023-08-04.json",774,AE5C1CE8
liqwid-portable-data,1,"raw/api/fetches/20260716T184427388Z/protocol-overview/daily/2023-08-05.json",773,2AAB3349
liqwid-portable-data,1,"raw/api/fetches/20260716T184427388Z/protocol-overview/daily/2023-08-06.json",769,AC2863FC
liqwid-portable-data,1,"raw/api/fetches/20260716T184427388Z/protocol-overview/daily/2023-08-07.json",791,9D115261
liqwid-portable-data,1,"raw/api/fetches/20260716T184427388Z/protocol-overview/daily/2023-08-08.json",771,EF6EDB86
liqwid-portable-data,1,"raw/api/fetches/20260716T184427388Z/protocol-overview/daily/2023-08-09.json",769,4084D522
liqwid-portable-data,1,"raw/api/fetches/20260716T184427388Z/protocol-overview/daily/2023-08-10.json",769,01C878CC
liqwid-portable-data,1,"raw/api/fetches/20260716T184427388Z/protocol-overview/daily/2023-08-11.json",773,91AD2771
liqwid-portable-data,1,"raw/api/fetches/20260716T184427388Z/protocol-overview/daily/2023-08-12.json",772,12FD8B0E
liqwid-portable-data,1,"raw/api/fetches/20260716T184427388Z/protocol-overview/daily/2023-08-13.json",772,DCF31265
liqwid-portable-data,1,"raw/api/fetches/20260716T184427388Z/protocol-overview/daily/2023-08-14.json",771,C605464D
liqwid-portable-data,1,"raw/api/fetches/20260716T184427388Z/protocol-overview/daily/2023-08-15.json",767,262210B3
liqwid-portable-data,1,"raw/api/fetches/20260716T184427388Z/protocol-overview/daily/2023-08-16.json",789,22870A2D
liqwid-portable-data,1,"raw/api/fetches/20260716T184427388Z/protocol-overview/daily/2023-08-17.json",791,28D46437
liqwid-portable-data,1,"raw/api/fetches/20260716T184427388Z/protocol-overview/daily/2023-08-18.json",774,8C35E84B
liqwid-portable-data,1,"raw/api/fetches/20260716T184427388Z/protocol-overview/daily/2023-08-19.json",773,484BC1A2
liqwid-portable-data,1,"raw/api/fetches/20260716T184427388Z/protocol-overview/daily/2023-08-20.json",769,9A755C02
liqwid-portable-data,1,"raw/api/fetches/20260716T184427388Z/protocol-overview/daily/2023-08-21.json",774,F96EA608
liqwid-portable-data,1,"raw/api/fetches/20260716T184427388Z/protocol-overview/daily/2023-08-22.json",789,C6528B2C
liqwid-portable-data,1,"raw/api/fetches/20260716T184427388Z/protocol-overview/daily/2023-08-23.json",771,C184407B
liqwid-portable-data,1,"raw/api/fetches/20260716T184427388Z/protocol-overview/daily/2023-08-24.json",774,EF154998
liqwid-portable-data,1,"raw/api/fetches/20260716T184427388Z/protocol-overview/daily/2023-08-25.json",773,07D5E9AA
liqwid-portable-data,1,"raw/api/fetches/20260716T184427388Z/protocol-overview/daily/2023-08-26.json",772,EC22BEC7
liqwid-portable-data,1,"raw/api/fetches/20260716T184427388Z/protocol-overview/daily/2023-08-27.json",766,3258366C
liqwid-portable-data,1,"raw/api/fetches/20260716T184427388Z/protocol-overview/daily/2023-08-28.json",789,59C204DF
liqwid-portable-data,1,"raw/api/fetches/20260716T184427388Z/protocol-overview/daily/2023-08-29.json",772,B3528633
liqwid-portable-data,1,"raw/api/fetches/20260716T184427388Z/protocol-overview/daily/2023-08-30.json",770,32DFD176
liqwid-portable-data,1,"raw/api/fetches/20260716T184427388Z/protocol-overview/daily/2023-08-31.json",771,E0234515
liqwid-portable-data,1,"raw/api/fetches/20260716T184427388Z/protocol-overview/daily/2023-09-01.json",770,9D5C885C
liqwid-portable-data,1,"raw/api/fetches/20260716T184427388Z/protocol-overview/daily/2023-09-02.json",773,556D281C
liqwid-portable-data,1,"raw/api/fetches/20260716T184427388Z/protocol-overview/daily/2023-09-03.json",771,72ACDC1D
liqwid-portable-data,1,"raw/api/fetches/20260716T184427388Z/protocol-overview/daily/2023-09-04.json",771,CA63662E
liqwid-portable-data,1,"raw/api/fetches/20260716T184427388Z/protocol-overview/daily/2023-09-05.json",768,A52D639D
liqwid-portable-data,1,"raw/api/fetches/20260716T184427388Z/protocol-overview/daily/2023-09-06.json",772,4BE9B9BF
liqwid-portable-data,1,"raw/api/fetches/20260716T184427388Z/protocol-overview/daily/2023-09-07.json",766,C81A0AFD
liqwid-portable-data,1,"raw/api/fetches/20260716T184427388Z/protocol-overview/daily/2023-09-08.json",774,10575C82
liqwid-portable-data,1,"raw/api/fetches/20260716T184427388Z/protocol-overview/daily/2023-09-09.json",771,4F09F599
liqwid-portable-data,1,"raw/api/fetches/20260716T184427388Z/protocol-overview/daily/2023-09-10.json",790,E313F0E0
liqwid-portable-data,1,"raw/api/fetches/20260716T184427388Z/protocol-overview/daily/2023-09-11.json",792,5A854D0F
liqwid-portable-data,1,"raw/api/fetches/20260716T184427388Z/protocol-overview/daily/2023-09-12.json",772,5CC7DC15
liqwid-portable-data,1,"raw/api/fetches/20260716T184427388Z/protocol-overview/daily/2023-09-13.json",768,876D14BD
liqwid-portable-data,1,"raw/api/fetches/20260716T184427388Z/protocol-overview/daily/2023-09-14.json",766,83D438E5
liqwid-portable-data,1,"raw/api/fetches/20260716T184427388Z/protocol-overview/daily/2023-09-15.json",771,F857CB1D
liqwid-portable-data,1,"raw/api/fetches/20260716T184427388Z/protocol-overview/daily/2023-09-16.json",766,59D9210E
liqwid-portable-data,1,"raw/api/fetches/20260716T184427388Z/protocol-overview/daily/2023-09-17.json",774,66F6F510
liqwid-portable-data,1,"raw/api/fetches/20260716T184427388Z/protocol-overview/daily/2023-09-18.json",774,54C43C8D
liqwid-portable-data,1,"raw/api/fetches/20260716T184427388Z/protocol-overview/daily/2023-09-19.json",773,873B0D93
liqwid-portable-data,1,"raw/api/fetches/20260716T184427388Z/protocol-overview/daily/2023-09-20.json",774,D7ADAD44
liqwid-portable-data,1,"raw/api/fetches/20260716T184427388Z/protocol-overview/daily/2023-09-21.json",774,5C2E2819
liqwid-portable-data,1,"raw/api/fetches/20260716T184427388Z/protocol-overview/daily/2023-09-22.json",777,5FED4C99
liqwid-portable-data,1,"raw/api/fetches/20260716T184427388Z/protocol-overview/daily/2023-09-23.json",770,CBFA0283
liqwid-portable-data,1,"raw/api/fetches/20260716T184427388Z/protocol-overview/daily/2023-09-24.json",775,31B41416
liqwid-portable-data,1,"raw/api/fetches/20260716T184427388Z/protocol-overview/daily/2023-09-25.json",770,BEE94655
liqwid-portable-data,1,"raw/api/fetches/20260716T184427388Z/protocol-overview/daily/2023-09-26.json",767,A8D764AF
liqwid-portable-data,1,"raw/api/fetches/20260716T184427388Z/protocol-overview/daily/2023-09-27.json",768,D7B5D522
liqwid-portable-data,1,"raw/api/fetches/20260716T184427388Z/protocol-overview/daily/2023-09-28.json",776,4CE8B955
liqwid-portable-data,1,"raw/api/fetches/20260716T184427388Z/protocol-overview/daily/2023-09-29.json",767,97923A99
liqwid-portable-data,1,"raw/api/fetches/20260716T184427388Z/protocol-overview/daily/2023-09-30.json",743,26E52A89
liqwid-portable-data,1,"raw/api/fetches/20260716T184427388Z/protocol-overview/daily/2023-10-01.json",788,2688455E
liqwid-portable-data,1,"raw/api/fetches/20260716T184427388Z/protocol-overview/daily/2023-10-02.json",774,693FF2B1
liqwid-portable-data,1,"raw/api/fetches/20260716T184427388Z/protocol-overview/daily/2023-10-03.json",774,4B80355E
liqwid-portable-data,1,"raw/api/fetches/20260716T184427388Z/protocol-overview/daily/2023-10-04.json",774,359CF4C9
liqwid-portable-data,1,"raw/api/fetches/20260716T184427388Z/protocol-overview/daily/2023-10-05.json",774,96A54E42
liqwid-portable-data,1,"raw/api/fetches/20260716T184427388Z/protocol-overview/daily/2023-10-06.json",773,D63A2751
liqwid-portable-data,1,"raw/api/fetches/20260716T184427388Z/protocol-overview/daily/2023-10-07.json",771,00229118
liqwid-portable-data,1,"raw/api/fetches/20260716T184427388Z/protocol-overview/daily/2023-10-08.json",775,C6AFA0A8
liqwid-portable-data,1,"raw/api/fetches/20260716T184427388Z/protocol-overview/daily/2023-10-09.json",772,3CB5FD75
liqwid-portable-data,1,"raw/api/fetches/20260716T184427388Z/protocol-overview/daily/2023-10-10.json",772,DCBF99C4
liqwid-portable-data,1,"raw/api/fetches/20260716T184427388Z/protocol-overview/daily/2023-10-11.json",774,2AE33BEE
liqwid-portable-data,1,"raw/api/fetches/20260716T184427388Z/protocol-overview/daily/2023-10-12.json",773,8E1D1CE8
liqwid-portable-data,1,"raw/api/fetches/20260716T184427388Z/protocol-overview/daily/2023-10-13.json",772,B404868A
liqwid-portable-data,1,"raw/api/fetches/20260716T184427388Z/protocol-overview/daily/2023-10-14.json",771,506E9554
liqwid-portable-data,1,"raw/api/fetches/20260716T184427388Z/protocol-overview/daily/2023-10-15.json",774,F4A890BB
liqwid-portable-data,1,"raw/api/fetches/20260716T184427388Z/protocol-overview/daily/2023-10-16.json",791,06C75F43
liqwid-portable-data,1,"raw/api/fetches/20260716T184427388Z/protocol-overview/daily/2023-10-17.json",776,4EE1D324
liqwid-portable-data,1,"raw/api/fetches/20260716T184427388Z/protocol-overview/daily/2023-10-18.json",774,036D557C
liqwid-portable-data,1,"raw/api/fetches/20260716T184427388Z/protocol-overview/daily/2023-10-19.json",777,FB1DCF31
liqwid-portable-data,1,"raw/api/fetches/20260716T184427388Z/protocol-overview/daily/2023-10-20.json",772,F55BC89B
liqwid-portable-data,1,"raw/api/fetches/20260716T184427388Z/protocol-overview/daily/2023-10-21.json",791,FCC3F346
liqwid-portable-data,1,"raw/api/fetches/20260716T184427388Z/protocol-overview/daily/2023-10-22.json",774,A04E9936
liqwid-portable-data,1,"raw/api/fetches/20260716T184427388Z/protocol-overview/daily/2023-10-23.json",772,AC65A6BD
liqwid-portable-data,1,"raw/api/fetches/20260716T184427388Z/protocol-overview/daily/2023-10-24.json",791,7BB6968F
liqwid-portable-data,1,"raw/api/fetches/20260716T184427388Z/protocol-overview/daily/2023-10-25.json",774,CBF5C7BD
liqwid-portable-data,1,"raw/api/fetches/20260716T184427388Z/protocol-overview/daily/2023-10-26.json",775,0DA94CB5
liqwid-portable-data,1,"raw/api/fetches/20260716T184427388Z/protocol-overview/daily/2023-10-27.json",776,E93C9340
liqwid-portable-data,1,"raw/api/fetches/20260716T184427388Z/protocol-overview/daily/2023-10-28.json",773,09679A74
liqwid-portable-data,1,"raw/api/fetches/20260716T184427388Z/protocol-overview/daily/2023-10-29.json",791,2BB5BF6A
liqwid-portable-data,1,"raw/api/fetches/20260716T184427388Z/protocol-overview/daily/2023-10-30.json",771,612DC005
liqwid-portable-data,1,"raw/api/fetches/20260716T184427388Z/protocol-overview/daily/2023-10-31.json",774,4BBA4F72
liqwid-portable-data,1,"raw/api/fetches/20260716T184427388Z/protocol-overview/daily/2023-11-01.json",774,F9D6F30D
liqwid-portable-data,1,"raw/api/fetches/20260716T184427388Z/protocol-overview/daily/2023-11-02.json",789,A0EA14ED
liqwid-portable-data,1,"raw/api/fetches/20260716T184427388Z/protocol-overview/daily/2023-11-03.json",773,C41CC343
liqwid-portable-data,1,"raw/api/fetches/20260716T184427388Z/protocol-overview/daily/2023-11-04.json",790,1E7797EB
liqwid-portable-data,1,"raw/api/fetches/20260716T184427388Z/protocol-overview/daily/2023-11-05.json",792,C1D17D36
liqwid-portable-data,1,"raw/api/fetches/20260716T184427388Z/protocol-overview/daily/2023-11-06.json",791,0A2B6AB3
liqwid-portable-data,1,"raw/api/fetches/20260716T184427388Z/protocol-overview/daily/2023-11-07.json",790,7627FF18
liqwid-portable-data,1,"raw/api/fetches/20260716T184427388Z/protocol-overview/daily/2023-11-08.json",791,91234D2C
liqwid-portable-data,1,"raw/api/fetches/20260716T184427388Z/protocol-overview/daily/2023-11-09.json",792,21292996
liqwid-portable-data,1,"raw/api/fetches/20260716T184427388Z/protocol-overview/daily/2023-11-10.json",773,C5AD2D89
liqwid-portable-data,1,"raw/api/fetches/20260716T184427388Z/protocol-overview/daily/2023-11-11.json",774,125C0E44
liqwid-portable-data,1,"raw/api/fetches/20260716T184427388Z/protocol-overview/daily/2023-11-12.json",791,79F75616
liqwid-portable-data,1,"raw/api/fetches/20260716T184427388Z/protocol-overview/daily/2023-11-13.json",790,A9A11E29
liqwid-portable-data,1,"raw/api/fetches/20260716T184427388Z/protocol-overview/daily/2023-11-14.json",791,6540E5EF
liqwid-portable-data,1,"raw/api/fetches/20260716T184427388Z/protocol-overview/daily/2023-11-15.json",791,B910CF49
liqwid-portable-data,1,"raw/api/fetches/20260716T184427388Z/protocol-overview/daily/2023-11-16.json",790,BB0C7CB6
liqwid-portable-data,1,"raw/api/fetches/20260716T184427388Z/protocol-overview/daily/2023-11-17.json",787,75E19E3E
liqwid-portable-data,1,"raw/api/fetches/20260716T184427388Z/protocol-overview/daily/2023-11-18.json",773,5589C4C2
liqwid-portable-data,1,"raw/api/fetches/20260716T184427388Z/protocol-overview/daily/2023-11-19.json",771,E865622E
liqwid-portable-data,1,"raw/api/fetches/20260716T184427388Z/protocol-overview/daily/2023-11-20.json",772,882FEB1E
liqwid-portable-data,1,"raw/api/fetches/20260716T184427388Z/protocol-overview/daily/2023-11-21.json",790,0A928CD5
liqwid-portable-data,1,"raw/api/fetches/20260716T184427388Z/protocol-overview/daily/2023-11-22.json",775,11EC6D6F
liqwid-portable-data,1,"raw/api/fetches/20260716T184427388Z/protocol-overview/daily/2023-11-23.json",792,CF00FDEA
liqwid-portable-data,1,"raw/api/fetches/20260716T184427388Z/protocol-overview/daily/2023-11-24.json",776,6E836CC2
liqwid-portable-data,1,"raw/api/fetches/20260716T184427388Z/protocol-overview/daily/2023-11-25.json",789,E3E90CA7
liqwid-portable-data,1,"raw/api/fetches/20260716T184427388Z/protocol-overview/daily/2023-11-26.json",790,02189C15
liqwid-portable-data,1,"raw/api/fetches/20260716T184427388Z/protocol-overview/daily/2023-11-27.json",773,CA4B79FD
liqwid-portable-data,1,"raw/api/fetches/20260716T184427388Z/protocol-overview/daily/2023-11-28.json",774,6CBD168B
liqwid-portable-data,1,"raw/api/fetches/20260716T184427388Z/protocol-overview/daily/2023-11-29.json",788,C9C135CE
liqwid-portable-data,1,"raw/api/fetches/20260716T184427388Z/protocol-overview/daily/2023-11-30.json",775,FD707F41
liqwid-portable-data,1,"raw/api/fetches/20260716T184427388Z/protocol-overview/daily/2023-12-01.json",774,021DEFFF
liqwid-portable-data,1,"raw/api/fetches/20260716T184427388Z/protocol-overview/daily/2023-12-02.json",773,8E81AE70
liqwid-portable-data,1,"raw/api/fetches/20260716T184427388Z/protocol-overview/daily/2023-12-03.json",775,DA23F20F
liqwid-portable-data,1,"raw/api/fetches/20260716T184427388Z/protocol-overview/daily/2023-12-04.json",788,6016A43B
liqwid-portable-data,1,"raw/api/fetches/20260716T184427388Z/protocol-overview/daily/2023-12-05.json",791,57E613E1
liqwid-portable-data,1,"raw/api/fetches/20260716T184427388Z/protocol-overview/daily/2023-12-06.json",790,04C0C6D9
liqwid-portable-data,1,"raw/api/fetches/20260716T184427388Z/protocol-overview/daily/2023-12-07.json",790,4F9D0D25
liqwid-portable-data,1,"raw/api/fetches/20260716T184427388Z/protocol-overview/daily/2023-12-08.json",792,7D73A90E
liqwid-portable-data,1,"raw/api/fetches/20260716T184427388Z/protocol-overview/daily/2023-12-09.json",790,C4579474
liqwid-portable-data,1,"raw/api/fetches/20260716T184427388Z/protocol-overview/daily/2023-12-10.json",790,7692E44C
liqwid-portable-data,1,"raw/api/fetches/20260716T184427388Z/protocol-overview/daily/2023-12-11.json",789,6711804B
liqwid-portable-data,1,"raw/api/fetches/20260716T184427388Z/protocol-overview/daily/2023-12-12.json",775,231A447A
liqwid-portable-data,1,"raw/api/fetches/20260716T184427388Z/protocol-overview/daily/2023-12-13.json",791,40CE6214
liqwid-portable-data,1,"raw/api/fetches/20260716T184427388Z/protocol-overview/daily/2023-12-14.json",791,F5893B1B
liqwid-portable-data,1,"raw/api/fetches/20260716T184427388Z/protocol-overview/daily/2023-12-15.json",773,64E77397
liqwid-portable-data,1,"raw/api/fetches/20260716T184427388Z/protocol-overview/daily/2023-12-16.json",773,8C8C80ED
liqwid-portable-data,1,"raw/api/fetches/20260716T184427388Z/protocol-overview/daily/2023-12-17.json",775,9F1889E6
liqwid-portable-data,1,"raw/api/fetches/20260716T184427388Z/protocol-overview/daily/2023-12-18.json",770,AB48354A
liqwid-portable-data,1,"raw/api/fetches/20260716T184427388Z/protocol-overview/daily/2023-12-19.json",775,65E44CAB
liqwid-portable-data,1,"raw/api/fetches/20260716T184427388Z/protocol-overview/daily/2023-12-20.json",776,6FC831F1
liqwid-portable-data,1,"raw/api/fetches/20260716T184427388Z/protocol-overview/daily/2023-12-21.json",775,965C118A
liqwid-portable-data,1,"raw/api/fetches/20260716T184427388Z/protocol-overview/daily/2023-12-22.json",791,F83E56B0
liqwid-portable-data,1,"raw/api/fetches/20260716T184427388Z/protocol-overview/daily/2023-12-23.json",775,CD54D499
liqwid-portable-data,1,"raw/api/fetches/20260716T184427388Z/protocol-overview/daily/2023-12-24.json",773,ADEE47DE
liqwid-portable-data,1,"raw/api/fetches/20260716T184427388Z/protocol-overview/daily/2023-12-25.json",774,B3A3A430
liqwid-portable-data,1,"raw/api/fetches/20260716T184427388Z/protocol-overview/daily/2023-12-26.json",775,DE1AB792
liqwid-portable-data,1,"raw/api/fetches/20260716T184427388Z/protocol-overview/daily/2023-12-27.json",775,99ABD49B
liqwid-portable-data,1,"raw/api/fetches/20260716T184427388Z/protocol-overview/daily/2023-12-28.json",775,6B29863D
liqwid-portable-data,1,"raw/api/fetches/20260716T184427388Z/protocol-overview/daily/2023-12-29.json",790,4D85C1AE
liqwid-portable-data,1,"raw/api/fetches/20260716T184427388Z/protocol-overview/daily/2023-12-30.json",776,3A0DA80B
liqwid-portable-data,1,"raw/api/fetches/20260716T184427388Z/protocol-overview/daily/2023-12-31.json",775,D49E7FD4
liqwid-portable-data,1,"raw/api/fetches/20260716T184427388Z/protocol-overview/daily/2024-01-01.json",773,8A4EFB7F
liqwid-portable-data,1,"raw/api/fetches/20260716T184427388Z/protocol-overview/daily/2024-01-02.json",770,95DB1696
liqwid-portable-data,1,"raw/api/fetches/20260716T184427388Z/protocol-overview/daily/2024-01-03.json",792,ADD3A0A8
liqwid-portable-data,1,"raw/api/fetches/20260716T184427388Z/protocol-overview/daily/2024-01-04.json",774,62A2F29A
liqwid-portable-data,1,"raw/api/fetches/20260716T184427388Z/protocol-overview/daily/2024-01-05.json",776,6CEB4388
liqwid-portable-data,1,"raw/api/fetches/20260716T184427388Z/protocol-overview/daily/2024-01-06.json",777,E3A495C1
liqwid-portable-data,1,"raw/api/fetches/20260716T184427388Z/protocol-overview/daily/2024-01-07.json",775,0A0D68B1
liqwid-portable-data,1,"raw/api/fetches/20260716T184427388Z/protocol-overview/daily/2024-01-08.json",792,580C0F03
liqwid-portable-data,1,"raw/api/fetches/20260716T184427388Z/protocol-overview/daily/2024-01-09.json",776,BF30C33F
liqwid-portable-data,1,"raw/api/fetches/20260716T184427388Z/protocol-overview/daily/2024-01-10.json",791,6AFA8340
liqwid-portable-data,1,"raw/api/fetches/20260716T184427388Z/protocol-overview/daily/2024-01-11.json",793,09A0762B
liqwid-portable-data,1,"raw/api/fetches/20260716T184427388Z/protocol-overview/daily/2024-01-12.json",774,5E3A8D4F
liqwid-portable-data,1,"raw/api/fetches/20260716T184427388Z/protocol-overview/daily/2024-01-13.json",775,59059C3E
liqwid-portable-data,1,"raw/api/fetches/20260716T184427388Z/protocol-overview/daily/2024-01-14.json",774,65B90B66
liqwid-portable-data,1,"raw/api/fetches/20260716T184427388Z/protocol-overview/daily/2024-01-15.json",776,B6C66559
liqwid-portable-data,1,"raw/api/fetches/20260716T184427388Z/protocol-overview/daily/2024-01-16.json",775,4C02B866
liqwid-portable-data,1,"raw/api/fetches/20260716T184427388Z/protocol-overview/daily/2024-01-17.json",775,A40FF708
liqwid-portable-data,1,"raw/api/fetches/20260716T184427388Z/protocol-overview/daily/2024-01-18.json",791,8721CA99
liqwid-portable-data,1,"raw/api/fetches/20260716T184427388Z/protocol-overview/daily/2024-01-19.json",774,083B474F
liqwid-portable-data,1,"raw/api/fetches/20260716T184427388Z/protocol-overview/daily/2024-01-20.json",776,866C29F9
liqwid-portable-data,1,"raw/api/fetches/20260716T184427388Z/protocol-overview/daily/2024-01-21.json",775,529D83CE
liqwid-portable-data,1,"raw/api/fetches/20260716T184427388Z/protocol-overview/daily/2024-01-22.json",792,435E2C1A
liqwid-portable-data,1,"raw/api/fetches/20260716T184427388Z/protocol-overview/daily/2024-01-23.json",794,6F5F79B1
liqwid-portable-data,1,"raw/api/fetches/20260716T184427388Z/protocol-overview/daily/2024-01-24.json",775,E25D3B2F
liqwid-portable-data,1,"raw/api/fetches/20260716T184427388Z/protocol-overview/daily/2024-01-25.json",775,6EE03968
liqwid-portable-data,1,"raw/api/fetches/20260716T184427388Z/protocol-overview/daily/2024-01-26.json",775,79491440
liqwid-portable-data,1,"raw/api/fetches/20260716T184427388Z/protocol-overview/daily/2024-01-27.json",774,E7DFC138
liqwid-portable-data,1,"raw/api/fetches/20260716T184427388Z/protocol-overview/daily/2024-01-28.json",774,2E6620F3
liqwid-portable-data,1,"raw/api/fetches/20260716T184427388Z/protocol-overview/daily/2024-01-29.json",775,F876666A
liqwid-portable-data,1,"raw/api/fetches/20260716T184427388Z/protocol-overview/daily/2024-01-30.json",775,4DA8B838
liqwid-portable-data,1,"raw/api/fetches/20260716T184427388Z/protocol-overview/daily/2024-01-31.json",773,C1D76CE7
liqwid-portable-data,1,"raw/api/fetches/20260716T184427388Z/protocol-overview/daily/2024-02-01.json",776,A24AFC4F
liqwid-portable-data,1,"raw/api/fetches/20260716T184427388Z/protocol-overview/daily/2024-02-02.json",771,78A37082
liqwid-portable-data,1,"raw/api/fetches/20260716T184427388Z/protocol-overview/daily/2024-02-03.json",771,0E02EBF2
liqwid-portable-data,1,"raw/api/fetches/20260716T184427388Z/protocol-overview/daily/2024-02-04.json",775,25604F30
liqwid-portable-data,1,"raw/api/fetches/20260716T184427388Z/protocol-overview/daily/2024-02-05.json",776,C6C68147
liqwid-portable-data,1,"raw/api/fetches/20260716T184427388Z/protocol-overview/daily/2024-02-06.json",774,552F6237
liqwid-portable-data,1,"raw/api/fetches/20260716T184427388Z/protocol-overview/daily/2024-02-07.json",775,AD4A2E8D
liqwid-portable-data,1,"raw/api/fetches/20260716T184427388Z/protocol-overview/daily/2024-02-08.json",772,561F49BE
liqwid-portable-data,1,"raw/api/fetches/20260716T184427388Z/protocol-overview/daily/2024-02-09.json",776,D9A95534
liqwid-portable-data,1,"raw/api/fetches/20260716T184427388Z/protocol-overview/daily/2024-02-10.json",775,03E8F3BE
liqwid-portable-data,1,"raw/api/fetches/20260716T184427388Z/protocol-overview/daily/2024-02-11.json",773,00C3ECD0
liqwid-portable-data,1,"raw/api/fetches/20260716T184427388Z/protocol-overview/daily/2024-02-12.json",774,8209AE94
liqwid-portable-data,1,"raw/api/fetches/20260716T184427388Z/protocol-overview/daily/2024-02-13.json",773,6AE25F12
liqwid-portable-data,1,"raw/api/fetches/20260716T184427388Z/protocol-overview/daily/2024-02-14.json",772,A5697CC1
liqwid-portable-data,1,"raw/api/fetches/20260716T184427388Z/protocol-overview/daily/2024-02-15.json",776,7D69BE03
liqwid-portable-data,1,"raw/api/fetches/20260716T184427388Z/protocol-overview/daily/2024-02-16.json",776,5842AE88
liqwid-portable-data,1,"raw/api/fetches/20260716T184427388Z/protocol-overview/daily/2024-02-17.json",774,45D3262E
liqwid-portable-data,1,"raw/api/fetches/20260716T184427388Z/protocol-overview/daily/2024-02-18.json",774,6EACB6E2
liqwid-portable-data,1,"raw/api/fetches/20260716T184427388Z/protocol-overview/daily/2024-02-19.json",775,6F884BDC
liqwid-portable-data,1,"raw/api/fetches/20260716T184427388Z/protocol-overview/daily/2024-02-20.json",775,B271733C
liqwid-portable-data,1,"raw/api/fetches/20260716T184427388Z/protocol-overview/daily/2024-02-21.json",792,78BABB28
liqwid-portable-data,1,"raw/api/fetches/20260716T184427388Z/protocol-overview/daily/2024-02-22.json",792,A3806BDB
liqwid-portable-data,1,"raw/api/fetches/20260716T184427388Z/protocol-overview/daily/2024-02-23.json",792,DF270899
liqwid-portable-data,1,"raw/api/fetches/20260716T184427388Z/protocol-overview/daily/2024-02-24.json",777,64381180
liqwid-portable-data,1,"raw/api/fetches/20260716T184427388Z/protocol-overview/daily/2024-02-25.json",771,8F6B29B0
liqwid-portable-data,1,"raw/api/fetches/20260716T184427388Z/protocol-overview/daily/2024-02-26.json",772,154D5526
liqwid-portable-data,1,"raw/api/fetches/20260716T184427388Z/protocol-overview/daily/2024-02-27.json",774,43E1A6A9
liqwid-portable-data,1,"raw/api/fetches/20260716T184427388Z/protocol-overview/daily/2024-02-28.json",773,2AF864EB
liqwid-portable-data,1,"raw/api/fetches/20260716T184427388Z/protocol-overview/daily/2024-02-29.json",792,4FFA9A86
liqwid-portable-data,1,"raw/api/fetches/20260716T184427388Z/protocol-overview/daily/2024-03-01.json",776,75D7A3AC
liqwid-portable-data,1,"raw/api/fetches/20260716T184427388Z/protocol-overview/daily/2024-03-02.json",792,17487FA3
liqwid-portable-data,1,"raw/api/fetches/20260716T184427388Z/protocol-overview/daily/2024-03-03.json",776,CDBF2BD0
liqwid-portable-data,1,"raw/api/fetches/20260716T184427388Z/protocol-overview/daily/2024-03-04.json",791,9C644276
liqwid-portable-data,1,"raw/api/fetches/20260716T184427388Z/protocol-overview/daily/2024-03-05.json",789,2BB5C03E
liqwid-portable-data,1,"raw/api/fetches/20260716T184427388Z/protocol-overview/daily/2024-03-06.json",791,3FF7F3BB
liqwid-portable-data,1,"raw/api/fetches/20260716T184427388Z/protocol-overview/daily/2024-03-07.json",774,CEF2CF4B
liqwid-portable-data,1,"raw/api/fetches/20260716T184427388Z/protocol-overview/daily/2024-03-08.json",774,691DB2A0
liqwid-portable-data,1,"raw/api/fetches/20260716T184427388Z/protocol-overview/daily/2024-03-09.json",775,049C2B4C
liqwid-portable-data,1,"raw/api/fetches/20260716T184427388Z/protocol-overview/daily/2024-03-10.json",773,A581844D
liqwid-portable-data,1,"raw/api/fetches/20260716T184427388Z/protocol-overview/daily/2024-03-11.json",773,70902609
liqwid-portable-data,1,"raw/api/fetches/20260716T184427388Z/protocol-overview/daily/2024-03-12.json",775,FAFC0E58
liqwid-portable-data,1,"raw/api/fetches/20260716T184427388Z/protocol-overview/daily/2024-03-13.json",775,6F6AF465
liqwid-portable-data,1,"raw/api/fetches/20260716T184427388Z/protocol-overview/daily/2024-03-14.json",773,8BCDB3AC
liqwid-portable-data,1,"raw/api/fetches/20260716T184427388Z/protocol-overview/daily/2024-03-15.json",774,1DB7340A
liqwid-portable-data,1,"raw/api/fetches/20260716T184427388Z/protocol-overview/daily/2024-03-16.json",792,22E08426
liqwid-portable-data,1,"raw/api/fetches/20260716T184427388Z/protocol-overview/daily/2024-03-17.json",776,2D3CAB29
liqwid-portable-data,1,"raw/api/fetches/20260716T184427388Z/protocol-overview/daily/2024-03-18.json",775,5FDCC9D2
liqwid-portable-data,1,"raw/api/fetches/20260716T184427388Z/protocol-overview/daily/2024-03-19.json",793,5B97BCCC
liqwid-portable-data,1,"raw/api/fetches/20260716T184427388Z/protocol-overview/daily/2024-03-20.json",792,D0B42002
liqwid-portable-data,1,"raw/api/fetches/20260716T184427388Z/protocol-overview/daily/2024-03-21.json",776,63CFC76F
liqwid-portable-data,1,"raw/api/fetches/20260716T184427388Z/protocol-overview/daily/2024-03-22.json",774,9CE345AA
liqwid-portable-data,1,"raw/api/fetches/20260716T184427388Z/protocol-overview/daily/2024-03-23.json",791,AD3CAD24
liqwid-portable-data,1,"raw/api/fetches/20260716T184427388Z/protocol-overview/daily/2024-03-24.json",776,8B6528CB
liqwid-portable-data,1,"raw/api/fetches/20260716T184427388Z/protocol-overview/daily/2024-03-25.json",792,D85B66A1
liqwid-portable-data,1,"raw/api/fetches/20260716T184427388Z/protocol-overview/daily/2024-03-26.json",792,E25B7F06
liqwid-portable-data,1,"raw/api/fetches/20260716T184427388Z/protocol-overview/daily/2024-03-27.json",792,5FEEAA98
liqwid-portable-data,1,"raw/api/fetches/20260716T184427388Z/protocol-overview/daily/2024-03-28.json",774,AC693487
liqwid-portable-data,1,"raw/api/fetches/20260716T184427388Z/protocol-overview/daily/2024-03-29.json",774,83B0D188
liqwid-portable-data,1,"raw/api/fetches/20260716T184427388Z/protocol-overview/daily/2024-03-30.json",775,276583E7
liqwid-portable-data,1,"raw/api/fetches/20260716T184427388Z/protocol-overview/daily/2024-03-31.json",776,32A9DD2E
liqwid-portable-data,1,"raw/api/fetches/20260716T184427388Z/protocol-overview/daily/2024-04-01.json",790,49660310
liqwid-portable-data,1,"raw/api/fetches/20260716T184427388Z/protocol-overview/daily/2024-04-02.json",775,7C012687
liqwid-portable-data,1,"raw/api/fetches/20260716T184427388Z/protocol-overview/daily/2024-04-03.json",790,3027A887
liqwid-portable-data,1,"raw/api/fetches/20260716T184427388Z/protocol-overview/daily/2024-04-04.json",791,46A635B7
liqwid-portable-data,1,"raw/api/fetches/20260716T184427388Z/protocol-overview/daily/2024-04-05.json",775,DF46E815
liqwid-portable-data,1,"raw/api/fetches/20260716T184427388Z/protocol-overview/daily/2024-04-06.json",775,F460B40F
liqwid-portable-data,1,"raw/api/fetches/20260716T184427388Z/protocol-overview/daily/2024-04-07.json",791,F36F1B67
liqwid-portable-data,1,"raw/api/fetches/20260716T184427388Z/protocol-overview/daily/2024-04-08.json",790,01DD6162
liqwid-portable-data,1,"raw/api/fetches/20260716T184427388Z/protocol-overview/daily/2024-04-09.json",791,DCEED500
liqwid-portable-data,1,"raw/api/fetches/20260716T184427388Z/protocol-overview/daily/2024-04-10.json",773,3707F512
liqwid-portable-data,1,"raw/api/fetches/20260716T184427388Z/protocol-overview/daily/2024-04-11.json",775,B1C4D0D5
liqwid-portable-data,1,"raw/api/fetches/20260716T184427388Z/protocol-overview/daily/2024-04-12.json",790,688C1B92
liqwid-portable-data,1,"raw/api/fetches/20260716T184427388Z/protocol-overview/daily/2024-04-13.json",790,27667048
liqwid-portable-data,1,"raw/api/fetches/20260716T184427388Z/protocol-overview/daily/2024-04-14.json",791,159D5514
liqwid-portable-data,1,"raw/api/fetches/20260716T184427388Z/protocol-overview/daily/2024-04-15.json",775,83D2CC7A
liqwid-portable-data,1,"raw/api/fetches/20260716T184427388Z/protocol-overview/daily/2024-04-16.json",774,9F892F45
liqwid-portable-data,1,"raw/api/fetches/20260716T184427388Z/protocol-overview/daily/2024-04-17.json",793,4A9B9891
liqwid-portable-data,1,"raw/api/fetches/20260716T184427388Z/protocol-overview/daily/2024-04-18.json",776,2B5B0802
liqwid-portable-data,1,"raw/api/fetches/20260716T184427388Z/protocol-overview/daily/2024-04-19.json",793,9433CD83
liqwid-portable-data,1,"raw/api/fetches/20260716T184427388Z/protocol-overview/daily/2024-04-20.json",776,A306EE23
liqwid-portable-data,1,"raw/api/fetches/20260716T184427388Z/protocol-overview/daily/2024-04-21.json",775,34E52C52
liqwid-portable-data,1,"raw/api/fetches/20260716T184427388Z/protocol-overview/daily/2024-04-22.json",774,1E7F8929
liqwid-portable-data,1,"raw/api/fetches/20260716T184427388Z/protocol-overview/daily/2024-04-23.json",774,3FE325C6
liqwid-portable-data,1,"raw/api/fetches/20260716T184427388Z/protocol-overview/daily/2024-04-24.json",773,107575BF
liqwid-portable-data,1,"raw/api/fetches/20260716T184427388Z/protocol-overview/daily/2024-04-25.json",774,6403B30F
liqwid-portable-data,1,"raw/api/fetches/20260716T184427388Z/protocol-overview/daily/2024-04-26.json",776,F58AFCBA
liqwid-portable-data,1,"raw/api/fetches/20260716T184427388Z/protocol-overview/daily/2024-04-27.json",776,42BDF109
liqwid-portable-data,1,"raw/api/fetches/20260716T184427388Z/protocol-overview/daily/2024-04-28.json",775,80D0C840
liqwid-portable-data,1,"raw/api/fetches/20260716T184427388Z/protocol-overview/daily/2024-04-29.json",775,657248A6
liqwid-portable-data,1,"raw/api/fetches/20260716T184427388Z/protocol-overview/daily/2024-04-30.json",792,690ABF32
liqwid-portable-data,1,"raw/api/fetches/20260716T184427388Z/protocol-overview/daily/2024-05-01.json",792,5BF4CE19
liqwid-portable-data,1,"raw/api/fetches/20260716T184427388Z/protocol-overview/daily/2024-05-02.json",774,FAE2F1F2
liqwid-portable-data,1,"raw/api/fetches/20260716T184427388Z/protocol-overview/daily/2024-05-03.json",772,20102E83
liqwid-portable-data,1,"raw/api/fetches/20260716T184427388Z/protocol-overview/daily/2024-05-04.json",774,D98E9FF8
liqwid-portable-data,1,"raw/api/fetches/20260716T184427388Z/protocol-overview/daily/2024-05-05.json",791,5B65A0DF
liqwid-portable-data,1,"raw/api/fetches/20260716T184427388Z/protocol-overview/daily/2024-05-06.json",775,C6FF6EBE
liqwid-portable-data,1,"raw/api/fetches/20260716T184427388Z/protocol-overview/daily/2024-05-07.json",766,93255CCB
liqwid-portable-data,1,"raw/api/fetches/20260716T184427388Z/protocol-overview/daily/2024-05-08.json",773,BF2D9C42
liqwid-portable-data,1,"raw/api/fetches/20260716T184427388Z/protocol-overview/daily/2024-05-09.json",774,CDB214AE
liqwid-portable-data,1,"raw/api/fetches/20260716T184427388Z/protocol-overview/daily/2024-05-10.json",775,61B24B10
liqwid-portable-data,1,"raw/api/fetches/20260716T184427388Z/protocol-overview/daily/2024-05-11.json",774,251A9DFE
liqwid-portable-data,1,"raw/api/fetches/20260716T184427388Z/protocol-overview/daily/2024-05-12.json",773,0A5A0C68
liqwid-portable-data,1,"raw/api/fetches/20260716T184427388Z/protocol-overview/daily/2024-05-13.json",776,4C139ADA
liqwid-portable-data,1,"raw/api/fetches/20260716T184427388Z/protocol-overview/daily/2024-05-14.json",774,9123CDC8
liqwid-portable-data,1,"raw/api/fetches/20260716T184427388Z/protocol-overview/daily/2024-05-15.json",774,E0CFF98C
liqwid-portable-data,1,"raw/api/fetches/20260716T184427388Z/protocol-overview/daily/2024-05-16.json",774,FA91DB11
liqwid-portable-data,1,"raw/api/fetches/20260716T184427388Z/protocol-overview/daily/2024-05-17.json",774,4735FFB5
liqwid-portable-data,1,"raw/api/fetches/20260716T184427388Z/protocol-overview/daily/2024-05-18.json",771,08152516
liqwid-portable-data,1,"raw/api/fetches/20260716T184427388Z/protocol-overview/daily/2024-05-19.json",771,AAEAB64A
liqwid-portable-data,1,"raw/api/fetches/20260716T184427388Z/protocol-overview/daily/2024-05-20.json",773,275ADFD0
liqwid-portable-data,1,"raw/api/fetches/20260716T184427388Z/protocol-overview/daily/2024-05-21.json",775,2D7DE490
liqwid-portable-data,1,"raw/api/fetches/20260716T184427388Z/protocol-overview/daily/2024-05-22.json",769,6371DC36
liqwid-portable-data,1,"raw/api/fetches/20260716T184427388Z/protocol-overview/daily/2024-05-23.json",772,0F20A0D7
liqwid-portable-data,1,"raw/api/fetches/20260716T184427388Z/protocol-overview/daily/2024-05-24.json",773,2C908037
liqwid-portable-data,1,"raw/api/fetches/20260716T184427388Z/protocol-overview/daily/2024-05-25.json",774,E78B17E5
liqwid-portable-data,1,"raw/api/fetches/20260716T184427388Z/protocol-overview/daily/2024-05-26.json",772,02F35656
liqwid-portable-data,1,"raw/api/fetches/20260716T184427388Z/protocol-overview/daily/2024-05-27.json",774,54BF15DE
liqwid-portable-data,1,"raw/api/fetches/20260716T184427388Z/protocol-overview/daily/2024-05-28.json",774,05949FC2
liqwid-portable-data,1,"raw/api/fetches/20260716T184427388Z/protocol-overview/daily/2024-05-29.json",776,6350A607
liqwid-portable-data,1,"raw/api/fetches/20260716T184427388Z/protocol-overview/daily/2024-05-30.json",774,46D7DDBB
liqwid-portable-data,1,"raw/api/fetches/20260716T184427388Z/protocol-overview/daily/2024-05-31.json",774,9024E505
liqwid-portable-data,1,"raw/api/fetches/20260716T184427388Z/protocol-overview/daily/2024-06-01.json",775,2D13596A
liqwid-portable-data,1,"raw/api/fetches/20260716T184427388Z/protocol-overview/daily/2024-06-02.json",775,ACE84BBF
liqwid-portable-data,1,"raw/api/fetches/20260716T184427388Z/protocol-overview/daily/2024-06-03.json",773,CC9513B6
liqwid-portable-data,1,"raw/api/fetches/20260716T184427388Z/protocol-overview/daily/2024-06-04.json",774,1A843963
liqwid-portable-data,1,"raw/api/fetches/20260716T184427388Z/protocol-overview/daily/2024-06-05.json",774,93FA27DC
liqwid-portable-data,1,"raw/api/fetches/20260716T184427388Z/protocol-overview/daily/2024-06-06.json",773,E3F65B69
liqwid-portable-data,1,"raw/api/fetches/20260716T184427388Z/protocol-overview/daily/2024-06-07.json",773,9560FF04
liqwid-portable-data,1,"raw/api/fetches/20260716T184427388Z/protocol-overview/daily/2024-06-08.json",775,DD355C17
liqwid-portable-data,1,"raw/api/fetches/20260716T184427388Z/protocol-overview/daily/2024-06-09.json",770,200EA8B8
liqwid-portable-data,1,"raw/api/fetches/20260716T184427388Z/protocol-overview/daily/2024-06-10.json",767,4F4ADBE3
liqwid-portable-data,1,"raw/api/fetches/20260716T184427388Z/protocol-overview/daily/2024-06-11.json",790,B490C528
liqwid-portable-data,1,"raw/api/fetches/20260716T184427388Z/protocol-overview/daily/2024-06-12.json",773,D8CCCBF3
liqwid-portable-data,1,"raw/api/fetches/20260716T184427388Z/protocol-overview/daily/2024-06-13.json",773,072EC64B
liqwid-portable-data,1,"raw/api/fetches/20260716T184427388Z/protocol-overview/daily/2024-06-14.json",791,6E70C932
liqwid-portable-data,1,"raw/api/fetches/20260716T184427388Z/protocol-overview/daily/2024-06-15.json",769,DDDD5651
liqwid-portable-data,1,"raw/api/fetches/20260716T184427388Z/protocol-overview/daily/2024-06-16.json",788,A219511A
liqwid-portable-data,1,"raw/api/fetches/20260716T184427388Z/protocol-overview/daily/2024-06-17.json",775,D96292C0
liqwid-portable-data,1,"raw/api/fetches/20260716T184427388Z/protocol-overview/daily/2024-06-18.json",792,2000DDAF
liqwid-portable-data,1,"raw/api/fetches/20260716T184427388Z/protocol-overview/daily/2024-06-19.json",791,B6104CEE
liqwid-portable-data,1,"raw/api/fetches/20260716T184427388Z/protocol-overview/daily/2024-06-20.json",791,22B30E5A
liqwid-portable-data,1,"raw/api/fetches/20260716T184427388Z/protocol-overview/daily/2024-06-21.json",775,6942E9D9
liqwid-portable-data,1,"raw/api/fetches/20260716T184427388Z/protocol-overview/daily/2024-06-22.json",773,1DD7E2D0
liqwid-portable-data,1,"raw/api/fetches/20260716T184427388Z/protocol-overview/daily/2024-06-23.json",773,D428ADC5
liqwid-portable-data,1,"raw/api/fetches/20260716T184427388Z/protocol-overview/daily/2024-06-24.json",776,6ECDCB03
liqwid-portable-data,1,"raw/api/fetches/20260716T184427388Z/protocol-overview/daily/2024-06-25.json",773,3D139054
liqwid-portable-data,1,"raw/api/fetches/20260716T184427388Z/protocol-overview/daily/2024-06-26.json",774,BD3B406F
liqwid-portable-data,1,"raw/api/fetches/20260716T184427388Z/protocol-overview/daily/2024-06-27.json",771,B5B19C99
liqwid-portable-data,1,"raw/api/fetches/20260716T184427388Z/protocol-overview/daily/2024-06-28.json",790,8477B1FF
liqwid-portable-data,1,"raw/api/fetches/20260716T184427388Z/protocol-overview/daily/2024-06-29.json",762,A44C3BF7
liqwid-portable-data,1,"raw/api/fetches/20260716T184427388Z/protocol-overview/daily/2024-06-30.json",770,F02E59CC
liqwid-portable-data,1,"raw/api/fetches/20260716T184427388Z/protocol-overview/daily/2024-07-01.json",775,037A5FC2
liqwid-portable-data,1,"raw/api/fetches/20260716T184427388Z/protocol-overview/daily/2024-07-02.json",770,C2FB98AA
liqwid-portable-data,1,"raw/api/fetches/20260716T184427388Z/protocol-overview/daily/2024-07-03.json",774,8343CF68
liqwid-portable-data,1,"raw/api/fetches/20260716T184427388Z/protocol-overview/daily/2024-07-04.json",775,4855D7A9
liqwid-portable-data,1,"raw/api/fetches/20260716T184427388Z/protocol-overview/daily/2024-07-05.json",791,14590C80
liqwid-portable-data,1,"raw/api/fetches/20260716T184427388Z/protocol-overview/daily/2024-07-06.json",772,20B88004
liqwid-portable-data,1,"raw/api/fetches/20260716T184427388Z/protocol-overview/daily/2024-07-07.json",775,C898C188
liqwid-portable-data,1,"raw/api/fetches/20260716T184427388Z/protocol-overview/daily/2024-07-08.json",776,E4FD6046
liqwid-portable-data,1,"raw/api/fetches/20260716T184427388Z/protocol-overview/daily/2024-07-09.json",772,A8951A93
liqwid-portable-data,1,"raw/api/fetches/20260716T184427388Z/protocol-overview/daily/2024-07-10.json",771,CBE29CA7
liqwid-portable-data,1,"raw/api/fetches/20260716T184427388Z/protocol-overview/daily/2024-07-11.json",771,B604E80E
liqwid-portable-data,1,"raw/api/fetches/20260716T184427388Z/protocol-overview/daily/2024-07-12.json",791,956B1A01
liqwid-portable-data,1,"raw/api/fetches/20260716T184427388Z/protocol-overview/daily/2024-07-13.json",772,81CFF9A5
liqwid-portable-data,1,"raw/api/fetches/20260716T184427388Z/protocol-overview/daily/2024-07-14.json",771,C68B810A
liqwid-portable-data,1,"raw/api/fetches/20260716T184427388Z/protocol-overview/daily/2024-07-15.json",742,B7E47966
liqwid-portable-data,1,"raw/api/fetches/20260716T184427388Z/protocol-overview/daily/2024-07-16.json",773,7B9C0444
liqwid-portable-data,1,"raw/api/fetches/20260716T184427388Z/protocol-overview/daily/2024-07-17.json",773,98B62ED9
liqwid-portable-data,1,"raw/api/fetches/20260716T184427388Z/protocol-overview/daily/2024-07-18.json",796,C1C170F6
liqwid-portable-data,1,"raw/api/fetches/20260716T184427388Z/protocol-overview/daily/2024-07-19.json",769,F6980105
liqwid-portable-data,1,"raw/api/fetches/20260716T184427388Z/protocol-overview/daily/2024-07-20.json",771,076B30D3
liqwid-portable-data,1,"raw/api/fetches/20260716T184427388Z/protocol-overview/daily/2024-07-21.json",773,7731958A
liqwid-portable-data,1,"raw/api/fetches/20260716T184427388Z/protocol-overview/daily/2024-07-22.json",771,70FA2B7F
liqwid-portable-data,1,"raw/api/fetches/20260716T184427388Z/protocol-overview/daily/2024-07-23.json",774,07B0373D
liqwid-portable-data,1,"raw/api/fetches/20260716T184427388Z/protocol-overview/daily/2024-07-24.json",773,90F9F210
liqwid-portable-data,1,"raw/api/fetches/20260716T184427388Z/protocol-overview/daily/2024-07-25.json",776,06DEED40
liqwid-portable-data,1,"raw/api/fetches/20260716T184427388Z/protocol-overview/daily/2024-07-26.json",771,F942A732
liqwid-portable-data,1,"raw/api/fetches/20260716T184427388Z/protocol-overview/daily/2024-07-27.json",773,A5E48278
liqwid-portable-data,1,"raw/api/fetches/20260716T184427388Z/protocol-overview/daily/2024-07-28.json",766,018A419B
liqwid-portable-data,1,"raw/api/fetches/20260716T184427388Z/protocol-overview/daily/2024-07-29.json",772,C5723556
liqwid-portable-data,1,"raw/api/fetches/20260716T184427388Z/protocol-overview/daily/2024-07-30.json",772,8653C7A0
liqwid-portable-data,1,"raw/api/fetches/20260716T184427388Z/protocol-overview/daily/2024-07-31.json",766,6D19CC14
liqwid-portable-data,1,"raw/api/fetches/20260716T184427388Z/protocol-overview/daily/2024-08-01.json",775,322C10CC
liqwid-portable-data,1,"raw/api/fetches/20260716T184427388Z/protocol-overview/daily/2024-08-02.json",773,F787829D
liqwid-portable-data,1,"raw/api/fetches/20260716T184427388Z/protocol-overview/daily/2024-08-03.json",775,963CD8E7
liqwid-portable-data,1,"raw/api/fetches/20260716T184427388Z/protocol-overview/daily/2024-08-04.json",790,7256F3B5
liqwid-portable-data,1,"raw/api/fetches/20260716T184427388Z/protocol-overview/daily/2024-08-05.json",791,48AA3261
liqwid-portable-data,1,"raw/api/fetches/20260716T184427388Z/protocol-overview/daily/2024-08-06.json",775,111F0EB2
liqwid-portable-data,1,"raw/api/fetches/20260716T184427388Z/protocol-overview/daily/2024-08-07.json",774,7CCA8125
liqwid-portable-data,1,"raw/api/fetches/20260716T184427388Z/protocol-overview/daily/2024-08-08.json",790,F0D44ACA
liqwid-portable-data,1,"raw/api/fetches/20260716T184427388Z/protocol-overview/daily/2024-08-09.json",772,E8B6983E
liqwid-portable-data,1,"raw/api/fetches/20260716T184427388Z/protocol-overview/daily/2024-08-10.json",765,291D6AFB
liqwid-portable-data,1,"raw/api/fetches/20260716T184427388Z/protocol-overview/daily/2024-08-11.json",766,BC8BFF6C
liqwid-portable-data,1,"raw/api/fetches/20260716T184427388Z/protocol-overview/daily/2024-08-12.json",772,63B37C2D
liqwid-portable-data,1,"raw/api/fetches/20260716T184427388Z/protocol-overview/daily/2024-08-13.json",772,FF8411F6
liqwid-portable-data,1,"raw/api/fetches/20260716T184427388Z/protocol-overview/daily/2024-08-14.json",775,E67D5036
liqwid-portable-data,1,"raw/api/fetches/20260716T184427388Z/protocol-overview/daily/2024-08-15.json",773,6D95EB99
liqwid-portable-data,1,"raw/api/fetches/20260716T184427388Z/protocol-overview/daily/2024-08-16.json",789,1979D9D3
liqwid-portable-data,1,"raw/api/fetches/20260716T184427388Z/protocol-overview/daily/2024-08-17.json",771,AFB3217F
liqwid-portable-data,1,"raw/api/fetches/20260716T184427388Z/protocol-overview/daily/2024-08-18.json",773,2CA2A519
liqwid-portable-data,1,"raw/api/fetches/20260716T184427388Z/protocol-overview/daily/2024-08-19.json",774,DCB03248
liqwid-portable-data,1,"raw/api/fetches/20260716T184427388Z/protocol-overview/daily/2024-08-20.json",767,A17D534B
liqwid-portable-data,1,"raw/api/fetches/20260716T184427388Z/protocol-overview/daily/2024-08-21.json",776,A02FE140
liqwid-portable-data,1,"raw/api/fetches/20260716T184427388Z/protocol-overview/daily/2024-08-22.json",771,5F058335
liqwid-portable-data,1,"raw/api/fetches/20260716T184427388Z/protocol-overview/daily/2024-08-23.json",767,76417667
liqwid-portable-data,1,"raw/api/fetches/20260716T184427388Z/protocol-overview/daily/2024-08-24.json",774,79F98AE6
liqwid-portable-data,1,"raw/api/fetches/20260716T184427388Z/protocol-overview/daily/2024-08-25.json",774,F21343D9
liqwid-portable-data,1,"raw/api/fetches/20260716T184427388Z/protocol-overview/daily/2024-08-26.json",772,F59CFA75
liqwid-portable-data,1,"raw/api/fetches/20260716T184427388Z/protocol-overview/daily/2024-08-27.json",771,19644A14
liqwid-portable-data,1,"raw/api/fetches/20260716T184427388Z/protocol-overview/daily/2024-08-28.json",773,91AF0BD4
liqwid-portable-data,1,"raw/api/fetches/20260716T184427388Z/protocol-overview/daily/2024-08-29.json",776,5FF67C0D
liqwid-portable-data,1,"raw/api/fetches/20260716T184427388Z/protocol-overview/daily/2024-08-30.json",774,1863A5D3
liqwid-portable-data,1,"raw/api/fetches/20260716T184427388Z/protocol-overview/daily/2024-08-31.json",769,D90BE2D6
liqwid-portable-data,1,"raw/api/fetches/20260716T184427388Z/protocol-overview/daily/2024-09-01.json",774,9BED68B0
liqwid-portable-data,1,"raw/api/fetches/20260716T184427388Z/protocol-overview/daily/2024-09-02.json",775,378733EA
liqwid-portable-data,1,"raw/api/fetches/20260716T184427388Z/protocol-overview/daily/2024-09-03.json",772,7E8B143E
liqwid-portable-data,1,"raw/api/fetches/20260716T184427388Z/protocol-overview/daily/2024-09-04.json",775,A4763312
liqwid-portable-data,1,"raw/api/fetches/20260716T184427388Z/protocol-overview/daily/2024-09-05.json",773,541A6295
liqwid-portable-data,1,"raw/api/fetches/20260716T184427388Z/protocol-overview/daily/2024-09-06.json",774,1A1570DD
liqwid-portable-data,1,"raw/api/fetches/20260716T184427388Z/protocol-overview/daily/2024-09-07.json",772,ABBB4CC4
liqwid-portable-data,1,"raw/api/fetches/20260716T184427388Z/protocol-overview/daily/2024-09-08.json",773,B19936BE
liqwid-portable-data,1,"raw/api/fetches/20260716T184427388Z/protocol-overview/daily/2024-09-09.json",773,79683EE0
liqwid-portable-data,1,"raw/api/fetches/20260716T184427388Z/protocol-overview/daily/2024-09-10.json",775,70D866C8
liqwid-portable-data,1,"raw/api/fetches/20260716T184427388Z/protocol-overview/daily/2024-09-11.json",771,A98B804A
liqwid-portable-data,1,"raw/api/fetches/20260716T184427388Z/protocol-overview/daily/2024-09-12.json",771,BCE7E893
liqwid-portable-data,1,"raw/api/fetches/20260716T184427388Z/protocol-overview/daily/2024-09-13.json",772,EEEB10C0
liqwid-portable-data,1,"raw/api/fetches/20260716T184427388Z/protocol-overview/daily/2024-09-14.json",773,9A1DAB93
liqwid-portable-data,1,"raw/api/fetches/20260716T184427388Z/protocol-overview/daily/2024-09-15.json",773,3A49D843
liqwid-portable-data,1,"raw/api/fetches/20260716T184427388Z/protocol-overview/daily/2024-09-16.json",774,D4AD2666
liqwid-portable-data,1,"raw/api/fetches/20260716T184427388Z/protocol-overview/daily/2024-09-17.json",775,5EA8C5ED
liqwid-portable-data,1,"raw/api/fetches/20260716T184427388Z/protocol-overview/daily/2024-09-18.json",772,021AA5C2
liqwid-portable-data,1,"raw/api/fetches/20260716T184427388Z/protocol-overview/daily/2024-09-19.json",768,65BEC719
liqwid-portable-data,1,"raw/api/fetches/20260716T184427388Z/protocol-overview/daily/2024-09-20.json",791,4275548E
liqwid-portable-data,1,"raw/api/fetches/20260716T184427388Z/protocol-overview/daily/2024-09-21.json",775,37DC5514
liqwid-portable-data,1,"raw/api/fetches/20260716T184427388Z/protocol-overview/daily/2024-09-22.json",760,6FA80D60
liqwid-portable-data,1,"raw/api/fetches/20260716T184427388Z/protocol-overview/daily/2024-09-23.json",774,466927EA
liqwid-portable-data,1,"raw/api/fetches/20260716T184427388Z/protocol-overview/daily/2024-09-24.json",776,D3CE4C87
liqwid-portable-data,1,"raw/api/fetches/20260716T184427388Z/protocol-overview/daily/2024-09-25.json",774,CB4FC7E0
liqwid-portable-data,1,"raw/api/fetches/20260716T184427388Z/protocol-overview/daily/2024-09-26.json",775,A9388636
liqwid-portable-data,1,"raw/api/fetches/20260716T184427388Z/protocol-overview/daily/2024-09-27.json",775,4E0EAED5
liqwid-portable-data,1,"raw/api/fetches/20260716T184427388Z/protocol-overview/daily/2024-09-28.json",763,6082E9BE
liqwid-portable-data,1,"raw/api/fetches/20260716T184427388Z/protocol-overview/daily/2024-09-29.json",770,63637034
liqwid-portable-data,1,"raw/api/fetches/20260716T184427388Z/protocol-overview/daily/2024-09-30.json",769,47FC8877
liqwid-portable-data,1,"raw/api/fetches/20260716T184427388Z/protocol-overview/daily/2024-10-01.json",773,D3EDF21E
liqwid-portable-data,1,"raw/api/fetches/20260716T184427388Z/protocol-overview/daily/2024-10-02.json",773,ECA17673
liqwid-portable-data,1,"raw/api/fetches/20260716T184427388Z/protocol-overview/daily/2024-10-03.json",771,B989ADC7
liqwid-portable-data,1,"raw/api/fetches/20260716T184427388Z/protocol-overview/daily/2024-10-04.json",773,B5397D51
liqwid-portable-data,1,"raw/api/fetches/20260716T184427388Z/protocol-overview/daily/2024-10-05.json",742,C3DC836C
liqwid-portable-data,1,"raw/api/fetches/20260716T184427388Z/protocol-overview/daily/2024-10-06.json",772,1DC57544
liqwid-portable-data,1,"raw/api/fetches/20260716T184427388Z/protocol-overview/daily/2024-10-07.json",774,EC758354
liqwid-portable-data,1,"raw/api/fetches/20260716T184427388Z/protocol-overview/daily/2024-10-08.json",773,F4532965
liqwid-portable-data,1,"raw/api/fetches/20260716T184427388Z/protocol-overview/daily/2024-10-09.json",774,5AFB1F6D
liqwid-portable-data,1,"raw/api/fetches/20260716T184427388Z/protocol-overview/daily/2024-10-10.json",773,BA8A6382
liqwid-portable-data,1,"raw/api/fetches/20260716T184427388Z/protocol-overview/daily/2024-10-11.json",792,73B44235
liqwid-portable-data,1,"raw/api/fetches/20260716T184427388Z/protocol-overview/daily/2024-10-12.json",773,00427038
liqwid-portable-data,1,"raw/api/fetches/20260716T184427388Z/protocol-overview/daily/2024-10-13.json",771,E006CFDB
liqwid-portable-data,1,"raw/api/fetches/20260716T184427388Z/protocol-overview/daily/2024-10-14.json",774,206F30C1
liqwid-portable-data,1,"raw/api/fetches/20260716T184427388Z/protocol-overview/daily/2024-10-15.json",774,FC3B65D4
liqwid-portable-data,1,"raw/api/fetches/20260716T184427388Z/protocol-overview/daily/2024-10-16.json",775,D6985B4D
liqwid-portable-data,1,"raw/api/fetches/20260716T184427388Z/protocol-overview/daily/2024-10-17.json",774,37483493
liqwid-portable-data,1,"raw/api/fetches/20260716T184427388Z/protocol-overview/daily/2024-10-18.json",771,D5807666
liqwid-portable-data,1,"raw/api/fetches/20260716T184427388Z/protocol-overview/daily/2024-10-19.json",773,D3BED10D
liqwid-portable-data,1,"raw/api/fetches/20260716T184427388Z/protocol-overview/daily/2024-10-20.json",768,25204F51
liqwid-portable-data,1,"raw/api/fetches/20260716T184427388Z/protocol-overview/daily/2024-10-21.json",773,720DAE6F
liqwid-portable-data,1,"raw/api/fetches/20260716T184427388Z/protocol-overview/daily/2024-10-22.json",772,0FA3A8FF
liqwid-portable-data,1,"raw/api/fetches/20260716T184427388Z/protocol-overview/daily/2024-10-23.json",775,DAD199D0
liqwid-portable-data,1,"raw/api/fetches/20260716T184427388Z/protocol-overview/daily/2024-10-24.json",765,13247814
liqwid-portable-data,1,"raw/api/fetches/20260716T184427388Z/protocol-overview/daily/2024-10-25.json",789,216B9863
liqwid-portable-data,1,"raw/api/fetches/20260716T184427388Z/protocol-overview/daily/2024-10-26.json",774,0A393EF6
liqwid-portable-data,1,"raw/api/fetches/20260716T184427388Z/protocol-overview/daily/2024-10-27.json",760,17AA0D4B
liqwid-portable-data,1,"raw/api/fetches/20260716T184427388Z/protocol-overview/daily/2024-10-28.json",772,C67F6192
liqwid-portable-data,1,"raw/api/fetches/20260716T184427388Z/protocol-overview/daily/2024-10-29.json",773,A7E25B79
liqwid-portable-data,1,"raw/api/fetches/20260716T184427388Z/protocol-overview/daily/2024-10-30.json",762,DBCC393A
liqwid-portable-data,1,"raw/api/fetches/20260716T184427388Z/protocol-overview/daily/2024-10-31.json",741,3A01095D
liqwid-portable-data,1,"raw/api/fetches/20260716T184427388Z/protocol-overview/daily/2024-11-01.json",773,A7002C39
liqwid-portable-data,1,"raw/api/fetches/20260716T184427388Z/protocol-overview/daily/2024-11-02.json",774,63B038E4
liqwid-portable-data,1,"raw/api/fetches/20260716T184427388Z/protocol-overview/daily/2024-11-03.json",773,C494DEE8
liqwid-portable-data,1,"raw/api/fetches/20260716T184427388Z/protocol-overview/daily/2024-11-04.json",789,393403E9
liqwid-portable-data,1,"raw/api/fetches/20260716T184427388Z/protocol-overview/daily/2024-11-05.json",772,8C94EDC6
liqwid-portable-data,1,"raw/api/fetches/20260716T184427388Z/protocol-overview/daily/2024-11-06.json",772,FD9589B3
liqwid-portable-data,1,"raw/api/fetches/20260716T184427388Z/protocol-overview/daily/2024-11-07.json",775,41D642DC
liqwid-portable-data,1,"raw/api/fetches/20260716T184427388Z/protocol-overview/daily/2024-11-08.json",775,EF0E7F04
liqwid-portable-data,1,"raw/api/fetches/20260716T184427388Z/protocol-overview/daily/2024-11-09.json",775,AAA1CFD0
liqwid-portable-data,1,"raw/api/fetches/20260716T184427388Z/protocol-overview/daily/2024-11-10.json",791,DE96ACCC
liqwid-portable-data,1,"raw/api/fetches/20260716T184427388Z/protocol-overview/daily/2024-11-11.json",774,B767F4AD
liqwid-portable-data,1,"raw/api/fetches/20260716T184427388Z/protocol-overview/daily/2024-11-12.json",775,6E616316
liqwid-portable-data,1,"raw/api/fetches/20260716T184427388Z/protocol-overview/daily/2024-11-13.json",775,CB0842F7
liqwid-portable-data,1,"raw/api/fetches/20260716T184427388Z/protocol-overview/daily/2024-11-14.json",774,95861F7B
liqwid-portable-data,1,"raw/api/fetches/20260716T184427388Z/protocol-overview/daily/2024-11-15.json",773,357E0DB5
liqwid-portable-data,1,"raw/api/fetches/20260716T184427388Z/protocol-overview/daily/2024-11-16.json",775,80B2E67C
liqwid-portable-data,1,"raw/api/fetches/20260716T184427388Z/protocol-overview/daily/2024-11-17.json",792,AB51DF7B
liqwid-portable-data,1,"raw/api/fetches/20260716T184427388Z/protocol-overview/daily/2024-11-18.json",792,D730F629
liqwid-portable-data,1,"raw/api/fetches/20260716T184427388Z/protocol-overview/daily/2024-11-19.json",768,6646686D
liqwid-portable-data,1,"raw/api/fetches/20260716T184427388Z/protocol-overview/daily/2024-11-20.json",791,F5897E37
liqwid-portable-data,1,"raw/api/fetches/20260716T184427388Z/protocol-overview/daily/2024-11-21.json",774,A4AE6897
liqwid-portable-data,1,"raw/api/fetches/20260716T184427388Z/protocol-overview/daily/2024-11-22.json",793,3C50CB86
liqwid-portable-data,1,"raw/api/fetches/20260716T184427388Z/protocol-overview/daily/2024-11-23.json",790,D72B0DF4
liqwid-portable-data,1,"raw/api/fetches/20260716T184427388Z/protocol-overview/daily/2024-11-24.json",792,401A392A
liqwid-portable-data,1,"raw/api/fetches/20260716T184427388Z/protocol-overview/daily/2024-11-25.json",775,A0608767
liqwid-portable-data,1,"raw/api/fetches/20260716T184427388Z/protocol-overview/daily/2024-11-26.json",775,582B8599
liqwid-portable-data,1,"raw/api/fetches/20260716T184427388Z/protocol-overview/daily/2024-11-27.json",774,45004770
liqwid-portable-data,1,"raw/api/fetches/20260716T184427388Z/protocol-overview/daily/2024-11-28.json",776,846B79DA
liqwid-portable-data,1,"raw/api/fetches/20260716T184427388Z/protocol-overview/daily/2024-11-29.json",774,1AC52848
liqwid-portable-data,1,"raw/api/fetches/20260716T184427388Z/protocol-overview/daily/2024-11-30.json",788,F7C07CDF
liqwid-portable-data,1,"raw/api/fetches/20260716T184427388Z/protocol-overview/daily/2024-12-01.json",772,DEC1A4A0
liqwid-portable-data,1,"raw/api/fetches/20260716T184427388Z/protocol-overview/daily/2024-12-02.json",775,8BB19599
liqwid-portable-data,1,"raw/api/fetches/20260716T184427388Z/protocol-overview/daily/2024-12-03.json",774,C34B06DE
liqwid-portable-data,1,"raw/api/fetches/20260716T184427388Z/protocol-overview/daily/2024-12-04.json",792,ED09C7A8
liqwid-portable-data,1,"raw/api/fetches/20260716T184427388Z/protocol-overview/daily/2024-12-05.json",792,55518F6E
liqwid-portable-data,1,"raw/api/fetches/20260716T184427388Z/protocol-overview/daily/2024-12-06.json",776,87BCF7FD
liqwid-portable-data,1,"raw/api/fetches/20260716T184427388Z/protocol-overview/daily/2024-12-07.json",767,677BC66E
liqwid-portable-data,1,"raw/api/fetches/20260716T184427388Z/protocol-overview/daily/2024-12-08.json",773,802400F7
liqwid-portable-data,1,"raw/api/fetches/20260716T184427388Z/protocol-overview/daily/2024-12-09.json",791,A86530DC
liqwid-portable-data,1,"raw/api/fetches/20260716T184427388Z/protocol-overview/daily/2024-12-10.json",791,B1E5CA4E
liqwid-portable-data,1,"raw/api/fetches/20260716T184427388Z/protocol-overview/daily/2024-12-11.json",773,4B9D97A0
liqwid-portable-data,1,"raw/api/fetches/20260716T184427388Z/protocol-overview/daily/2024-12-12.json",773,F87AA6B2
liqwid-portable-data,1,"raw/api/fetches/20260716T184427388Z/protocol-overview/daily/2024-12-13.json",791,05E9CAD1
liqwid-portable-data,1,"raw/api/fetches/20260716T184427388Z/protocol-overview/daily/2024-12-14.json",776,D07A6BDC
liqwid-portable-data,1,"raw/api/fetches/20260716T184427388Z/protocol-overview/daily/2024-12-15.json",774,FE4814FB
liqwid-portable-data,1,"raw/api/fetches/20260716T184427388Z/protocol-overview/daily/2024-12-16.json",775,881D6C0D
liqwid-portable-data,1,"raw/api/fetches/20260716T184427388Z/protocol-overview/daily/2024-12-17.json",773,9951E3E4
liqwid-portable-data,1,"raw/api/fetches/20260716T184427388Z/protocol-overview/daily/2024-12-18.json",773,02334049
liqwid-portable-data,1,"raw/api/fetches/20260716T184427388Z/protocol-overview/daily/2024-12-19.json",791,A539D91B
liqwid-portable-data,1,"raw/api/fetches/20260716T184427388Z/protocol-overview/daily/2024-12-20.json",790,E750D0F4
liqwid-portable-data,1,"raw/api/fetches/20260716T184427388Z/protocol-overview/daily/2024-12-21.json",789,570A1839
liqwid-portable-data,1,"raw/api/fetches/20260716T184427388Z/protocol-overview/daily/2024-12-22.json",775,BC6018F7
liqwid-portable-data,1,"raw/api/fetches/20260716T184427388Z/protocol-overview/daily/2024-12-23.json",775,534641FB
liqwid-portable-data,1,"raw/api/fetches/20260716T184427388Z/protocol-overview/daily/2024-12-24.json",776,3787B27C
liqwid-portable-data,1,"raw/api/fetches/20260716T184427388Z/protocol-overview/daily/2024-12-25.json",774,D1855C17
liqwid-portable-data,1,"raw/api/fetches/20260716T184427388Z/protocol-overview/daily/2024-12-26.json",790,A4B073ED
liqwid-portable-data,1,"raw/api/fetches/20260716T184427388Z/protocol-overview/daily/2024-12-27.json",789,EE4A0432
liqwid-portable-data,1,"raw/api/fetches/20260716T184427388Z/protocol-overview/daily/2024-12-28.json",774,7D68DFCB
liqwid-portable-data,1,"raw/api/fetches/20260716T184427388Z/protocol-overview/daily/2024-12-29.json",774,49B5E1C0
liqwid-portable-data,1,"raw/api/fetches/20260716T184427388Z/protocol-overview/daily/2024-12-30.json",775,101772C3
liqwid-portable-data,1,"raw/api/fetches/20260716T184427388Z/protocol-overview/daily/2024-12-31.json",776,02D5DA19
liqwid-portable-data,1,"raw/api/fetches/20260716T184427388Z/protocol-overview/daily/2025-01-01.json",775,46CA53A4
liqwid-portable-data,1,"raw/api/fetches/20260716T184427388Z/protocol-overview/daily/2025-01-02.json",776,B0AA9B91
liqwid-portable-data,1,"raw/api/fetches/20260716T184427388Z/protocol-overview/daily/2025-01-03.json",774,0097339C
liqwid-portable-data,1,"raw/api/fetches/20260716T184427388Z/protocol-overview/daily/2025-01-04.json",759,791C8ABF
liqwid-portable-data,1,"raw/api/fetches/20260716T184427388Z/protocol-overview/daily/2025-01-05.json",776,E92EAE24
liqwid-portable-data,1,"raw/api/fetches/20260716T184427388Z/protocol-overview/daily/2025-01-06.json",775,FC2F97D2
liqwid-portable-data,1,"raw/api/fetches/20260716T184427388Z/protocol-overview/daily/2025-01-07.json",791,9E66FBA1
liqwid-portable-data,1,"raw/api/fetches/20260716T184427388Z/protocol-overview/daily/2025-01-08.json",793,42C44795
liqwid-portable-data,1,"raw/api/fetches/20260716T184427388Z/protocol-overview/daily/2025-01-09.json",773,A209A1AC
liqwid-portable-data,1,"raw/api/fetches/20260716T184427388Z/protocol-overview/daily/2025-01-10.json",777,6562E99E
liqwid-portable-data,1,"raw/api/fetches/20260716T184427388Z/protocol-overview/daily/2025-01-11.json",791,FB201B7E
liqwid-portable-data,1,"raw/api/fetches/20260716T184427388Z/protocol-overview/daily/2025-01-12.json",774,9A2D8AAB
liqwid-portable-data,1,"raw/api/fetches/20260716T184427388Z/protocol-overview/daily/2025-01-13.json",791,EA1A5A47
liqwid-portable-data,1,"raw/api/fetches/20260716T184427388Z/protocol-overview/daily/2025-01-14.json",773,3AB405E2
liqwid-portable-data,1,"raw/api/fetches/20260716T184427388Z/protocol-overview/daily/2025-01-15.json",767,0770FE5C
liqwid-portable-data,1,"raw/api/fetches/20260716T184427388Z/protocol-overview/daily/2025-01-16.json",773,0E1BC5B3
liqwid-portable-data,1,"raw/api/fetches/20260716T184427388Z/protocol-overview/daily/2025-01-17.json",766,F3EDBC9E
liqwid-portable-data,1,"raw/api/fetches/20260716T184427388Z/protocol-overview/daily/2025-01-18.json",775,5ECC5283
liqwid-portable-data,1,"raw/api/fetches/20260716T184427388Z/protocol-overview/daily/2025-01-19.json",774,1BAEFEC1
liqwid-portable-data,1,"raw/api/fetches/20260716T184427388Z/protocol-overview/daily/2025-01-20.json",790,45C90A77
liqwid-portable-data,1,"raw/api/fetches/20260716T184427388Z/protocol-overview/daily/2025-01-21.json",775,7D1C0CF1
liqwid-portable-data,1,"raw/api/fetches/20260716T184427388Z/protocol-overview/daily/2025-01-22.json",776,C5981EB5
liqwid-portable-data,1,"raw/api/fetches/20260716T184427388Z/protocol-overview/daily/2025-01-23.json",776,92D9D33C
liqwid-portable-data,1,"raw/api/fetches/20260716T184427388Z/protocol-overview/daily/2025-01-24.json",774,697788BE
liqwid-portable-data,1,"raw/api/fetches/20260716T184427388Z/protocol-overview/daily/2025-01-25.json",764,83E8A816
liqwid-portable-data,1,"raw/api/fetches/20260716T184427388Z/protocol-overview/daily/2025-01-26.json",775,BF6D789F
liqwid-portable-data,1,"raw/api/fetches/20260716T184427388Z/protocol-overview/daily/2025-01-27.json",792,163F6AE8
liqwid-portable-data,1,"raw/api/fetches/20260716T184427388Z/protocol-overview/daily/2025-01-28.json",774,5D8AFE5F
liqwid-portable-data,1,"raw/api/fetches/20260716T184427388Z/protocol-overview/daily/2025-01-29.json",773,318BBFB2
liqwid-portable-data,1,"raw/api/fetches/20260716T184427388Z/protocol-overview/daily/2025-01-30.json",774,7B7DF8A9
liqwid-portable-data,1,"raw/api/fetches/20260716T184427388Z/protocol-overview/daily/2025-01-31.json",773,4FB70E47
liqwid-portable-data,1,"raw/api/fetches/20260716T184427388Z/protocol-overview/daily/2025-02-01.json",773,4C7D89B7
liqwid-portable-data,1,"raw/api/fetches/20260716T184427388Z/protocol-overview/daily/2025-02-02.json",794,18CEE0CC
liqwid-portable-data,1,"raw/api/fetches/20260716T184427388Z/protocol-overview/daily/2025-02-03.json",792,CA59FCB1
liqwid-portable-data,1,"raw/api/fetches/20260716T184427388Z/protocol-overview/daily/2025-02-04.json",793,A04956DE
liqwid-portable-data,1,"raw/api/fetches/20260716T184427388Z/protocol-overview/daily/2025-02-05.json",775,59B22809
liqwid-portable-data,1,"raw/api/fetches/20260716T184427388Z/protocol-overview/daily/2025-02-06.json",776,54493C6C
liqwid-portable-data,1,"raw/api/fetches/20260716T184427388Z/protocol-overview/daily/2025-02-07.json",774,62EB1387
liqwid-portable-data,1,"raw/api/fetches/20260716T184427388Z/protocol-overview/daily/2025-02-08.json",775,8089A8EC
liqwid-portable-data,1,"raw/api/fetches/20260716T184427388Z/protocol-overview/daily/2025-02-09.json",775,AD2B65B0
liqwid-portable-data,1,"raw/api/fetches/20260716T184427388Z/protocol-overview/daily/2025-02-10.json",775,7E56F00C
liqwid-portable-data,1,"raw/api/fetches/20260716T184427388Z/protocol-overview/daily/2025-02-11.json",790,816034D5
liqwid-portable-data,1,"raw/api/fetches/20260716T184427388Z/protocol-overview/daily/2025-02-12.json",743,2AA3379F
liqwid-portable-data,1,"raw/api/fetches/20260716T184427388Z/protocol-overview/daily/2025-02-13.json",773,17C1EE88
liqwid-portable-data,1,"raw/api/fetches/20260716T184427388Z/protocol-overview/daily/2025-02-14.json",773,0A84A056
liqwid-portable-data,1,"raw/api/fetches/20260716T184427388Z/protocol-overview/daily/2025-02-15.json",763,D427159E
liqwid-portable-data,1,"raw/api/fetches/20260716T184427388Z/protocol-overview/daily/2025-02-16.json",772,C2EFC1DA
liqwid-portable-data,1,"raw/api/fetches/20260716T184427388Z/protocol-overview/daily/2025-02-17.json",773,EF516B12
liqwid-portable-data,1,"raw/api/fetches/20260716T184427388Z/protocol-overview/daily/2025-02-18.json",792,E9B31E62
liqwid-portable-data,1,"raw/api/fetches/20260716T184427388Z/protocol-overview/daily/2025-02-19.json",774,091D5AC5
liqwid-portable-data,1,"raw/api/fetches/20260716T184427388Z/protocol-overview/daily/2025-02-20.json",774,6EB7BDBB
liqwid-portable-data,1,"raw/api/fetches/20260716T184427388Z/protocol-overview/daily/2025-02-21.json",776,8E6B86A5
liqwid-portable-data,1,"raw/api/fetches/20260716T184427388Z/protocol-overview/daily/2025-02-22.json",775,3F753CD1
liqwid-portable-data,1,"raw/api/fetches/20260716T184427388Z/protocol-overview/daily/2025-02-23.json",773,9A618A3C
liqwid-portable-data,1,"raw/api/fetches/20260716T184427388Z/protocol-overview/daily/2025-02-24.json",792,467EF1A8
liqwid-portable-data,1,"raw/api/fetches/20260716T184427388Z/protocol-overview/daily/2025-02-25.json",793,52C4680C
liqwid-portable-data,1,"raw/api/fetches/20260716T184427388Z/protocol-overview/daily/2025-02-26.json",791,9D126106
liqwid-portable-data,1,"raw/api/fetches/20260716T184427388Z/protocol-overview/daily/2025-02-27.json",791,46CBC72B
liqwid-portable-data,1,"raw/api/fetches/20260716T184427388Z/protocol-overview/daily/2025-02-28.json",791,9BF2042F
liqwid-portable-data,1,"raw/api/fetches/20260716T184427388Z/protocol-overview/daily/2025-03-01.json",776,2C6CE69F
liqwid-portable-data,1,"raw/api/fetches/20260716T184427388Z/protocol-overview/daily/2025-03-02.json",790,C6947FF6
liqwid-portable-data,1,"raw/api/fetches/20260716T184427388Z/protocol-overview/daily/2025-03-03.json",791,05B5B763
liqwid-portable-data,1,"raw/api/fetches/20260716T184427388Z/protocol-overview/daily/2025-03-04.json",789,7ED29888
liqwid-portable-data,1,"raw/api/fetches/20260716T184427388Z/protocol-overview/daily/2025-03-05.json",775,8DD24725
liqwid-portable-data,1,"raw/api/fetches/20260716T184427388Z/protocol-overview/daily/2025-03-06.json",775,44262B37
liqwid-portable-data,1,"raw/api/fetches/20260716T184427388Z/protocol-overview/daily/2025-03-07.json",774,7C43633C
liqwid-portable-data,1,"raw/api/fetches/20260716T184427388Z/protocol-overview/daily/2025-03-08.json",791,CE9C0BB2
liqwid-portable-data,1,"raw/api/fetches/20260716T184427388Z/protocol-overview/daily/2025-03-09.json",790,D6E42992
liqwid-portable-data,1,"raw/api/fetches/20260716T184427388Z/protocol-overview/daily/2025-03-10.json",790,86A058F0
liqwid-portable-data,1,"raw/api/fetches/20260716T184427388Z/protocol-overview/daily/2025-03-11.json",792,3AB421AD
liqwid-portable-data,1,"raw/api/fetches/20260716T184427388Z/protocol-overview/daily/2025-03-12.json",774,AB9EF7F5
liqwid-portable-data,1,"raw/api/fetches/20260716T184427388Z/protocol-overview/daily/2025-03-13.json",777,BF5FA41A
liqwid-portable-data,1,"raw/api/fetches/20260716T184427388Z/protocol-overview/daily/2025-03-14.json",767,6EA1F7B4
liqwid-portable-data,1,"raw/api/fetches/20260716T184427388Z/protocol-overview/daily/2025-03-15.json",788,179D17FA
liqwid-portable-data,1,"raw/api/fetches/20260716T184427388Z/protocol-overview/daily/2025-03-16.json",775,7829CF19
liqwid-portable-data,1,"raw/api/fetches/20260716T184427388Z/protocol-overview/daily/2025-03-17.json",772,3AE1634E
liqwid-portable-data,1,"raw/api/fetches/20260716T184427388Z/protocol-overview/daily/2025-03-18.json",773,5F83938C
liqwid-portable-data,1,"raw/api/fetches/20260716T184427388Z/protocol-overview/daily/2025-03-19.json",773,19D8654A
liqwid-portable-data,1,"raw/api/fetches/20260716T184427388Z/protocol-overview/daily/2025-03-20.json",761,21FCD3BD
liqwid-portable-data,1,"raw/api/fetches/20260716T184427388Z/protocol-overview/daily/2025-03-21.json",777,3C756221
liqwid-portable-data,1,"raw/api/fetches/20260716T184427388Z/protocol-overview/daily/2025-03-22.json",768,14D17CCA
liqwid-portable-data,1,"raw/api/fetches/20260716T184427388Z/protocol-overview/daily/2025-03-23.json",772,866468A3
liqwid-portable-data,1,"raw/api/fetches/20260716T184427388Z/protocol-overview/daily/2025-03-24.json",774,FEE7421A
liqwid-portable-data,1,"raw/api/fetches/20260716T184427388Z/protocol-overview/daily/2025-03-25.json",776,D9995A02
liqwid-portable-data,1,"raw/api/fetches/20260716T184427388Z/protocol-overview/daily/2025-03-26.json",773,CB767F07
liqwid-portable-data,1,"raw/api/fetches/20260716T184427388Z/protocol-overview/daily/2025-03-27.json",773,6D0769B0
liqwid-portable-data,1,"raw/api/fetches/20260716T184427388Z/protocol-overview/daily/2025-03-28.json",774,0D19320B
liqwid-portable-data,1,"raw/api/fetches/20260716T184427388Z/protocol-overview/daily/2025-03-29.json",776,DBAAE8B8
liqwid-portable-data,1,"raw/api/fetches/20260716T184427388Z/protocol-overview/daily/2025-03-30.json",774,48665A91
liqwid-portable-data,1,"raw/api/fetches/20260716T184427388Z/protocol-overview/daily/2025-03-31.json",791,A11CDFDA
liqwid-portable-data,1,"raw/api/fetches/20260716T184427388Z/protocol-overview/daily/2025-04-01.json",776,15AC2DF8
liqwid-portable-data,1,"raw/api/fetches/20260716T184427388Z/protocol-overview/daily/2025-04-02.json",776,6256D1FC
liqwid-portable-data,1,"raw/api/fetches/20260716T184427388Z/protocol-overview/daily/2025-04-03.json",775,3DCCA1E0
liqwid-portable-data,1,"raw/api/fetches/20260716T184427388Z/protocol-overview/daily/2025-04-04.json",776,8F03FFC7
liqwid-portable-data,1,"raw/api/fetches/20260716T184427388Z/protocol-overview/daily/2025-04-05.json",774,75421267
liqwid-portable-data,1,"raw/api/fetches/20260716T184427388Z/protocol-overview/daily/2025-04-06.json",791,ACD7F6E2
liqwid-portable-data,1,"raw/api/fetches/20260716T184427388Z/protocol-overview/daily/2025-04-07.json",789,3F9D3E76
liqwid-portable-data,1,"raw/api/fetches/20260716T184427388Z/protocol-overview/daily/2025-04-08.json",767,35D9225B
liqwid-portable-data,1,"raw/api/fetches/20260716T184427388Z/protocol-overview/daily/2025-04-09.json",776,E6239827
liqwid-portable-data,1,"raw/api/fetches/20260716T184427388Z/protocol-overview/daily/2025-04-10.json",775,9DC8D612
liqwid-portable-data,1,"raw/api/fetches/20260716T184427388Z/protocol-overview/daily/2025-04-11.json",775,B6C99C15
liqwid-portable-data,1,"raw/api/fetches/20260716T184427388Z/protocol-overview/daily/2025-04-12.json",772,D66B8815
liqwid-portable-data,1,"raw/api/fetches/20260716T184427388Z/protocol-overview/daily/2025-04-13.json",775,8675C55F
liqwid-portable-data,1,"raw/api/fetches/20260716T184427388Z/protocol-overview/daily/2025-04-14.json",768,05BE0428
liqwid-portable-data,1,"raw/api/fetches/20260716T184427388Z/protocol-overview/daily/2025-04-15.json",775,2AB1B4C6
liqwid-portable-data,1,"raw/api/fetches/20260716T184427388Z/protocol-overview/daily/2025-04-16.json",774,B756F4EA
liqwid-portable-data,1,"raw/api/fetches/20260716T184427388Z/protocol-overview/daily/2025-04-17.json",772,3FA7D6D6
liqwid-portable-data,1,"raw/api/fetches/20260716T184427388Z/protocol-overview/daily/2025-04-18.json",770,F39F0319
liqwid-portable-data,1,"raw/api/fetches/20260716T184427388Z/protocol-overview/daily/2025-04-19.json",774,1D5301A2
liqwid-portable-data,1,"raw/api/fetches/20260716T184427388Z/protocol-overview/daily/2025-04-20.json",763,E30C6697
liqwid-portable-data,1,"raw/api/fetches/20260716T184427388Z/protocol-overview/daily/2025-04-21.json",774,8F84A24A
liqwid-portable-data,1,"raw/api/fetches/20260716T184427388Z/protocol-overview/daily/2025-04-22.json",772,BBFB2F32
liqwid-portable-data,1,"raw/api/fetches/20260716T184427388Z/protocol-overview/daily/2025-04-23.json",772,17A600B0
liqwid-portable-data,1,"raw/api/fetches/20260716T184427388Z/protocol-overview/daily/2025-04-24.json",766,5CD01368
liqwid-portable-data,1,"raw/api/fetches/20260716T184427388Z/protocol-overview/daily/2025-04-25.json",789,1A5C2A98
liqwid-portable-data,1,"raw/api/fetches/20260716T184427388Z/protocol-overview/daily/2025-04-26.json",774,58162E3B
liqwid-portable-data,1,"raw/api/fetches/20260716T184427388Z/protocol-overview/daily/2025-04-27.json",774,30627B19
liqwid-portable-data,1,"raw/api/fetches/20260716T184427388Z/protocol-overview/daily/2025-04-28.json",789,07E900A9
liqwid-portable-data,1,"raw/api/fetches/20260716T184427388Z/protocol-overview/daily/2025-04-29.json",775,1CDBE23B
liqwid-portable-data,1,"raw/api/fetches/20260716T184427388Z/protocol-overview/daily/2025-04-30.json",771,BBAA0467
liqwid-portable-data,1,"raw/api/fetches/20260716T184427388Z/protocol-overview/daily/2025-05-01.json",772,8488227A
liqwid-portable-data,1,"raw/api/fetches/20260716T184427388Z/protocol-overview/daily/2025-05-02.json",774,6D68F9E6
liqwid-portable-data,1,"raw/api/fetches/20260716T184427388Z/protocol-overview/daily/2025-05-03.json",759,8333A342
liqwid-portable-data,1,"raw/api/fetches/20260716T184427388Z/protocol-overview/daily/2025-05-04.json",775,807C793F
liqwid-portable-data,1,"raw/api/fetches/20260716T184427388Z/protocol-overview/daily/2025-05-05.json",774,E8E92001
liqwid-portable-data,1,"raw/api/fetches/20260716T184427388Z/protocol-overview/daily/2025-05-06.json",791,7F2B0168
liqwid-portable-data,1,"raw/api/fetches/20260716T184427388Z/protocol-overview/daily/2025-05-07.json",774,0D9A2AB1
liqwid-portable-data,1,"raw/api/fetches/20260716T184427388Z/protocol-overview/daily/2025-05-08.json",773,97AFC97C
liqwid-portable-data,1,"raw/api/fetches/20260716T184427388Z/protocol-overview/daily/2025-05-09.json",790,6F754AB3
liqwid-portable-data,1,"raw/api/fetches/20260716T184427388Z/protocol-overview/daily/2025-05-10.json",788,DBEEDF9F
liqwid-portable-data,1,"raw/api/fetches/20260716T184427388Z/protocol-overview/daily/2025-05-11.json",773,94CFED2A
liqwid-portable-data,1,"raw/api/fetches/20260716T184427388Z/protocol-overview/daily/2025-05-12.json",776,D2EF58E0
liqwid-portable-data,1,"raw/api/fetches/20260716T184427388Z/protocol-overview/daily/2025-05-13.json",791,042B6019
liqwid-portable-data,1,"raw/api/fetches/20260716T184427388Z/protocol-overview/daily/2025-05-14.json",790,6DB9CA19
liqwid-portable-data,1,"raw/api/fetches/20260716T184427388Z/protocol-overview/daily/2025-05-15.json",787,723E07DC
liqwid-portable-data,1,"raw/api/fetches/20260716T184427388Z/protocol-overview/daily/2025-05-16.json",774,2CAD9097
liqwid-portable-data,1,"raw/api/fetches/20260716T184427388Z/protocol-overview/daily/2025-05-17.json",791,5B73154A
liqwid-portable-data,1,"raw/api/fetches/20260716T184427388Z/protocol-overview/daily/2025-05-18.json",774,6E4BC78A
liqwid-portable-data,1,"raw/api/fetches/20260716T184427388Z/protocol-overview/daily/2025-05-19.json",772,76FEA313
liqwid-portable-data,1,"raw/api/fetches/20260716T184427388Z/protocol-overview/daily/2025-05-20.json",774,241338AD
liqwid-portable-data,1,"raw/api/fetches/20260716T184427388Z/protocol-overview/daily/2025-05-21.json",775,94878D0F
liqwid-portable-data,1,"raw/api/fetches/20260716T184427388Z/protocol-overview/daily/2025-05-22.json",777,B13537E5
liqwid-portable-data,1,"raw/api/fetches/20260716T184427388Z/protocol-overview/daily/2025-05-23.json",775,BA3B31C6
liqwid-portable-data,1,"raw/api/fetches/20260716T184427388Z/protocol-overview/daily/2025-05-24.json",767,FAFD3E4E
liqwid-portable-data,1,"raw/api/fetches/20260716T184427388Z/protocol-overview/daily/2025-05-25.json",769,3B17067F
liqwid-portable-data,1,"raw/api/fetches/20260716T184427388Z/protocol-overview/daily/2025-05-26.json",776,A5E0014A
liqwid-portable-data,1,"raw/api/fetches/20260716T184427388Z/protocol-overview/daily/2025-05-27.json",743,C334C61F
liqwid-portable-data,1,"raw/api/fetches/20260716T184427388Z/protocol-overview/daily/2025-05-28.json",776,93A1EF66
liqwid-portable-data,1,"raw/api/fetches/20260716T184427388Z/protocol-overview/daily/2025-05-29.json",774,EBA6CC54
liqwid-portable-data,1,"raw/api/fetches/20260716T184427388Z/protocol-overview/daily/2025-05-30.json",793,C68CFB02
liqwid-portable-data,1,"raw/api/fetches/20260716T184427388Z/protocol-overview/daily/2025-05-31.json",792,2FD44060
liqwid-portable-data,1,"raw/api/fetches/20260716T184427388Z/protocol-overview/daily/2025-06-01.json",776,51264349
liqwid-portable-data,1,"raw/api/fetches/20260716T184427388Z/protocol-overview/daily/2025-06-02.json",772,F79B4743
liqwid-portable-data,1,"raw/api/fetches/20260716T184427388Z/protocol-overview/daily/2025-06-03.json",775,77C3EA14
liqwid-portable-data,1,"raw/api/fetches/20260716T184427388Z/protocol-overview/daily/2025-06-04.json",774,95C8132C
liqwid-portable-data,1,"raw/api/fetches/20260716T184427388Z/protocol-overview/daily/2025-06-05.json",793,B7D7921F
liqwid-portable-data,1,"raw/api/fetches/20260716T184427388Z/protocol-overview/daily/2025-06-06.json",777,D660341F
liqwid-portable-data,1,"raw/api/fetches/20260716T184427388Z/protocol-overview/daily/2025-06-07.json",789,CC924E95
liqwid-portable-data,1,"raw/api/fetches/20260716T184427388Z/protocol-overview/daily/2025-06-08.json",790,52D1E779
liqwid-portable-data,1,"raw/api/fetches/20260716T184427388Z/protocol-overview/daily/2025-06-09.json",776,C41E65D4
liqwid-portable-data,1,"raw/api/fetches/20260716T184427388Z/protocol-overview/daily/2025-06-10.json",776,E9FC257F
liqwid-portable-data,1,"raw/api/fetches/20260716T184427388Z/protocol-overview/daily/2025-06-11.json",777,C08F8A16
liqwid-portable-data,1,"raw/api/fetches/20260716T184427388Z/protocol-overview/daily/2025-06-12.json",775,119F3221
liqwid-portable-data,1,"raw/api/fetches/20260716T184427388Z/protocol-overview/daily/2025-06-13.json",791,6C99BD04
liqwid-portable-data,1,"raw/api/fetches/20260716T184427388Z/protocol-overview/daily/2025-06-14.json",777,82CF26F6
liqwid-portable-data,1,"raw/api/fetches/20260716T184427388Z/protocol-overview/daily/2025-06-15.json",776,2AF64041
liqwid-portable-data,1,"raw/api/fetches/20260716T184427388Z/protocol-overview/daily/2025-06-16.json",792,845FB5EB
liqwid-portable-data,1,"raw/api/fetches/20260716T184427388Z/protocol-overview/daily/2025-06-17.json",791,E0063A6D
liqwid-portable-data,1,"raw/api/fetches/20260716T184427388Z/protocol-overview/daily/2025-06-18.json",791,A94AEB02
liqwid-portable-data,1,"raw/api/fetches/20260716T184427388Z/protocol-overview/daily/2025-06-19.json",777,AE617508
liqwid-portable-data,1,"raw/api/fetches/20260716T184427388Z/protocol-overview/daily/2025-06-20.json",792,166165FA
liqwid-portable-data,1,"raw/api/fetches/20260716T184427388Z/protocol-overview/daily/2025-06-21.json",790,7923F292
liqwid-portable-data,1,"raw/api/fetches/20260716T184427388Z/protocol-overview/daily/2025-06-22.json",791,31BB3A61
liqwid-portable-data,1,"raw/api/fetches/20260716T184427388Z/protocol-overview/daily/2025-06-23.json",774,39AEDEA8
liqwid-portable-data,1,"raw/api/fetches/20260716T184427388Z/protocol-overview/daily/2025-06-24.json",767,7B7912C1
liqwid-portable-data,1,"raw/api/fetches/20260716T184427388Z/protocol-overview/daily/2025-06-25.json",773,610101DD
liqwid-portable-data,1,"raw/api/fetches/20260716T184427388Z/protocol-overview/daily/2025-06-26.json",776,80D53FCE
liqwid-portable-data,1,"raw/api/fetches/20260716T184427388Z/protocol-overview/daily/2025-06-27.json",769,5DFF956A
liqwid-portable-data,1,"raw/api/fetches/20260716T184427388Z/protocol-overview/daily/2025-06-28.json",764,5228E535
liqwid-portable-data,1,"raw/api/fetches/20260716T184427388Z/protocol-overview/daily/2025-06-29.json",775,48E52385
liqwid-portable-data,1,"raw/api/fetches/20260716T184427388Z/protocol-overview/daily/2025-06-30.json",793,39DAEBFF
liqwid-portable-data,1,"raw/api/fetches/20260716T184427388Z/protocol-overview/daily/2025-07-01.json",791,CB8B334E
liqwid-portable-data,1,"raw/api/fetches/20260716T184427388Z/protocol-overview/daily/2025-07-02.json",775,0D03CCDD
liqwid-portable-data,1,"raw/api/fetches/20260716T184427388Z/protocol-overview/daily/2025-07-03.json",775,207EB6D9
liqwid-portable-data,1,"raw/api/fetches/20260716T184427388Z/protocol-overview/daily/2025-07-04.json",776,9EEA4085
liqwid-portable-data,1,"raw/api/fetches/20260716T184427388Z/protocol-overview/daily/2025-07-05.json",776,246BE043
liqwid-portable-data,1,"raw/api/fetches/20260716T184427388Z/protocol-overview/daily/2025-07-06.json",775,799FC6DE
liqwid-portable-data,1,"raw/api/fetches/20260716T184427388Z/protocol-overview/daily/2025-07-07.json",768,B7E6B4CD
liqwid-portable-data,1,"raw/api/fetches/20260716T184427388Z/protocol-overview/daily/2025-07-08.json",791,AF7D50C9
liqwid-portable-data,1,"raw/api/fetches/20260716T184427388Z/protocol-overview/daily/2025-07-09.json",776,8B6EED3D
liqwid-portable-data,1,"raw/api/fetches/20260716T184427388Z/protocol-overview/daily/2025-07-10.json",791,1A207C57
liqwid-portable-data,1,"raw/api/fetches/20260716T184427388Z/protocol-overview/daily/2025-07-11.json",774,DE76958A
liqwid-portable-data,1,"raw/api/fetches/20260716T184427388Z/protocol-overview/daily/2025-07-12.json",775,78AD9075
liqwid-portable-data,1,"raw/api/fetches/20260716T184427388Z/protocol-overview/daily/2025-07-13.json",775,F35DE563
liqwid-portable-data,1,"raw/api/fetches/20260716T184427388Z/protocol-overview/daily/2025-07-14.json",776,D0BF66A2
liqwid-portable-data,1,"raw/api/fetches/20260716T184427388Z/protocol-overview/daily/2025-07-15.json",775,B0A9BB3A
liqwid-portable-data,1,"raw/api/fetches/20260716T184427388Z/protocol-overview/daily/2025-07-16.json",775,E63C15C9
liqwid-portable-data,1,"raw/api/fetches/20260716T184427388Z/protocol-overview/daily/2025-07-17.json",776,818E14A6
liqwid-portable-data,1,"raw/api/fetches/20260716T184427388Z/protocol-overview/daily/2025-07-18.json",775,68CA1A00
liqwid-portable-data,1,"raw/api/fetches/20260716T184427388Z/protocol-overview/daily/2025-07-19.json",775,7598BCCE
liqwid-portable-data,1,"raw/api/fetches/20260716T184427388Z/protocol-overview/daily/2025-07-20.json",774,97A67901
liqwid-portable-data,1,"raw/api/fetches/20260716T184427388Z/protocol-overview/daily/2025-07-21.json",776,6DF5BC6E
liqwid-portable-data,1,"raw/api/fetches/20260716T184427388Z/protocol-overview/daily/2025-07-22.json",776,2E5D33C5
liqwid-portable-data,1,"raw/api/fetches/20260716T184427388Z/protocol-overview/daily/2025-07-23.json",775,668856EC
liqwid-portable-data,1,"raw/api/fetches/20260716T184427388Z/protocol-overview/daily/2025-07-24.json",774,9F14755C
liqwid-portable-data,1,"raw/api/fetches/20260716T184427388Z/protocol-overview/daily/2025-07-25.json",765,88152AEE
liqwid-portable-data,1,"raw/api/fetches/20260716T184427388Z/protocol-overview/daily/2025-07-26.json",777,4302DB5A
liqwid-portable-data,1,"raw/api/fetches/20260716T184427388Z/protocol-overview/daily/2025-07-27.json",775,873AB10C
liqwid-portable-data,1,"raw/api/fetches/20260716T184427388Z/protocol-overview/daily/2025-07-28.json",776,B8DB7C32
liqwid-portable-data,1,"raw/api/fetches/20260716T184427388Z/protocol-overview/daily/2025-07-29.json",791,D8EBE3F2
liqwid-portable-data,1,"raw/api/fetches/20260716T184427388Z/protocol-overview/daily/2025-07-30.json",793,678C4E4D
liqwid-portable-data,1,"raw/api/fetches/20260716T184427388Z/protocol-overview/daily/2025-07-31.json",774,63ECD2C5
liqwid-portable-data,1,"raw/api/fetches/20260716T184427388Z/protocol-overview/daily/2025-08-01.json",792,A35F01EA
liqwid-portable-data,1,"raw/api/fetches/20260716T184427388Z/protocol-overview/daily/2025-08-02.json",790,D898BE69
liqwid-portable-data,1,"raw/api/fetches/20260716T184427388Z/protocol-overview/daily/2025-08-03.json",776,A94962F0
liqwid-portable-data,1,"raw/api/fetches/20260716T184427388Z/protocol-overview/daily/2025-08-04.json",776,F46C1EFB
liqwid-portable-data,1,"raw/api/fetches/20260716T184427388Z/protocol-overview/daily/2025-08-05.json",776,3962CD9E
liqwid-portable-data,1,"raw/api/fetches/20260716T184427388Z/protocol-overview/daily/2025-08-06.json",776,D03BE80E
liqwid-portable-data,1,"raw/api/fetches/20260716T184427388Z/protocol-overview/daily/2025-08-07.json",777,872B3F3D
liqwid-portable-data,1,"raw/api/fetches/20260716T184427388Z/protocol-overview/daily/2025-08-08.json",774,C7443B08
liqwid-portable-data,1,"raw/api/fetches/20260716T184427388Z/protocol-overview/daily/2025-08-09.json",791,ECCEA301
liqwid-portable-data,1,"raw/api/fetches/20260716T184427388Z/protocol-overview/daily/2025-08-10.json",750,462ED91B
liqwid-portable-data,1,"raw/api/fetches/20260716T184427388Z/protocol-overview/daily/2025-08-11.json",776,2E8D31D6
liqwid-portable-data,1,"raw/api/fetches/20260716T184427388Z/protocol-overview/daily/2025-08-12.json",776,7B7070C4
liqwid-portable-data,1,"raw/api/fetches/20260716T184427388Z/protocol-overview/daily/2025-08-13.json",777,13FFE193
liqwid-portable-data,1,"raw/api/fetches/20260716T184427388Z/protocol-overview/daily/2025-08-14.json",793,5756EBCC
liqwid-portable-data,1,"raw/api/fetches/20260716T184427388Z/protocol-overview/daily/2025-08-15.json",775,2EF35C35
liqwid-portable-data,1,"raw/api/fetches/20260716T184427388Z/protocol-overview/daily/2025-08-16.json",777,12ABD755
liqwid-portable-data,1,"raw/api/fetches/20260716T184427388Z/protocol-overview/daily/2025-08-17.json",792,4DCC64A3
liqwid-portable-data,1,"raw/api/fetches/20260716T184427388Z/protocol-overview/daily/2025-08-18.json",776,70A53344
liqwid-portable-data,1,"raw/api/fetches/20260716T184427388Z/protocol-overview/daily/2025-08-19.json",791,F3BE9C46
liqwid-portable-data,1,"raw/api/fetches/20260716T184427388Z/protocol-overview/daily/2025-08-20.json",777,8A710034
liqwid-portable-data,1,"raw/api/fetches/20260716T184427388Z/protocol-overview/daily/2025-08-21.json",776,235E8AE3
liqwid-portable-data,1,"raw/api/fetches/20260716T184427388Z/protocol-overview/daily/2025-08-22.json",776,829CDB60
liqwid-portable-data,1,"raw/api/fetches/20260716T184427388Z/protocol-overview/daily/2025-08-23.json",776,F2DB2D99
liqwid-portable-data,1,"raw/api/fetches/20260716T184427388Z/protocol-overview/daily/2025-08-24.json",792,EC9BCDDD
liqwid-portable-data,1,"raw/api/fetches/20260716T184427388Z/protocol-overview/daily/2025-08-25.json",792,6D76F89D
liqwid-portable-data,1,"raw/api/fetches/20260716T184427388Z/protocol-overview/daily/2025-08-26.json",773,2143C4F6
liqwid-portable-data,1,"raw/api/fetches/20260716T184427388Z/protocol-overview/daily/2025-08-27.json",775,FD33D01C
liqwid-portable-data,1,"raw/api/fetches/20260716T184427388Z/protocol-overview/daily/2025-08-28.json",775,631862F3
liqwid-portable-data,1,"raw/api/fetches/20260716T184427388Z/protocol-overview/daily/2025-08-29.json",777,292E29FB
liqwid-portable-data,1,"raw/api/fetches/20260716T184427388Z/protocol-overview/daily/2025-08-30.json",792,1F769D90
liqwid-portable-data,1,"raw/api/fetches/20260716T184427388Z/protocol-overview/daily/2025-08-31.json",758,16173343
liqwid-portable-data,1,"raw/api/fetches/20260716T184427388Z/protocol-overview/daily/2025-09-01.json",792,6D912C6E
liqwid-portable-data,1,"raw/api/fetches/20260716T184427388Z/protocol-overview/daily/2025-09-02.json",775,1788D185
liqwid-portable-data,1,"raw/api/fetches/20260716T184427388Z/protocol-overview/daily/2025-09-03.json",776,29480795
liqwid-portable-data,1,"raw/api/fetches/20260716T184427388Z/protocol-overview/daily/2025-09-04.json",793,33113C71
liqwid-portable-data,1,"raw/api/fetches/20260716T184427388Z/protocol-overview/daily/2025-09-05.json",776,69377CC0
liqwid-portable-data,1,"raw/api/fetches/20260716T184427388Z/protocol-overview/daily/2025-09-06.json",791,12AC7E0E
liqwid-portable-data,1,"raw/api/fetches/20260716T184427388Z/protocol-overview/daily/2025-09-07.json",792,732DC9E9
liqwid-portable-data,1,"raw/api/fetches/20260716T184427388Z/protocol-overview/daily/2025-09-08.json",759,8A8D48CF
liqwid-portable-data,1,"raw/api/fetches/20260716T184427388Z/protocol-overview/daily/2025-09-09.json",775,4ED2B66B
liqwid-portable-data,1,"raw/api/fetches/20260716T184427388Z/protocol-overview/daily/2025-09-10.json",779,C57104EA
liqwid-portable-data,1,"raw/api/fetches/20260716T184427388Z/protocol-overview/daily/2025-09-11.json",776,89AF605D
liqwid-portable-data,1,"raw/api/fetches/20260716T184427388Z/protocol-overview/daily/2025-09-12.json",774,948A1546
liqwid-portable-data,1,"raw/api/fetches/20260716T184427388Z/protocol-overview/daily/2025-09-13.json",777,350F0EAD
liqwid-portable-data,1,"raw/api/fetches/20260716T184427388Z/protocol-overview/daily/2025-09-14.json",774,8FCCD469
liqwid-portable-data,1,"raw/api/fetches/20260716T184427388Z/protocol-overview/daily/2025-09-15.json",786,05A7F6D9
liqwid-portable-data,1,"raw/api/fetches/20260716T184427388Z/protocol-overview/daily/2025-09-16.json",761,A9EAA727
liqwid-portable-data,1,"raw/api/fetches/20260716T184427388Z/protocol-overview/daily/2025-09-17.json",776,96245B5F
liqwid-portable-data,1,"raw/api/fetches/20260716T184427388Z/protocol-overview/daily/2025-09-18.json",774,53400212
liqwid-portable-data,1,"raw/api/fetches/20260716T184427388Z/protocol-overview/daily/2025-09-19.json",776,5F92602F
liqwid-portable-data,1,"raw/api/fetches/20260716T184427388Z/protocol-overview/daily/2025-09-20.json",774,D077916A
liqwid-portable-data,1,"raw/api/fetches/20260716T184427388Z/protocol-overview/daily/2025-09-21.json",774,DEA90B50
liqwid-portable-data,1,"raw/api/fetches/20260716T184427388Z/protocol-overview/daily/2025-09-22.json",793,01ABA881
liqwid-portable-data,1,"raw/api/fetches/20260716T184427388Z/protocol-overview/daily/2025-09-23.json",776,321DC6C4
liqwid-portable-data,1,"raw/api/fetches/20260716T184427388Z/protocol-overview/daily/2025-09-24.json",775,B716AC28
liqwid-portable-data,1,"raw/api/fetches/20260716T184427388Z/protocol-overview/daily/2025-09-25.json",790,2AC1A359
liqwid-portable-data,1,"raw/api/fetches/20260716T184427388Z/protocol-overview/daily/2025-09-26.json",775,859DE60C
liqwid-portable-data,1,"raw/api/fetches/20260716T184427388Z/protocol-overview/daily/2025-09-27.json",764,8472A3D9
liqwid-portable-data,1,"raw/api/fetches/20260716T184427388Z/protocol-overview/daily/2025-09-28.json",776,A187BE2E
liqwid-portable-data,1,"raw/api/fetches/20260716T184427388Z/protocol-overview/daily/2025-09-29.json",776,2F6D6FA9
liqwid-portable-data,1,"raw/api/fetches/20260716T184427388Z/protocol-overview/daily/2025-09-30.json",776,C87E7075
liqwid-portable-data,1,"raw/api/fetches/20260716T184427388Z/protocol-overview/daily/2025-10-01.json",775,6395173A
liqwid-portable-data,1,"raw/api/fetches/20260716T184427388Z/protocol-overview/daily/2025-10-02.json",775,93976761
liqwid-portable-data,1,"raw/api/fetches/20260716T184427388Z/protocol-overview/daily/2025-10-03.json",776,077A9B10
liqwid-portable-data,1,"raw/api/fetches/20260716T184427388Z/protocol-overview/daily/2025-10-04.json",776,18BE589A
liqwid-portable-data,1,"raw/api/fetches/20260716T184427388Z/protocol-overview/daily/2025-10-05.json",775,76EA0FDE
liqwid-portable-data,1,"raw/api/fetches/20260716T184427388Z/protocol-overview/daily/2025-10-06.json",777,AC9B7DDC
liqwid-portable-data,1,"raw/api/fetches/20260716T184427388Z/protocol-overview/daily/2025-10-07.json",776,52C69DD0
liqwid-portable-data,1,"raw/api/fetches/20260716T184427388Z/protocol-overview/daily/2025-10-08.json",777,126C994F
liqwid-portable-data,1,"raw/api/fetches/20260716T184427388Z/protocol-overview/daily/2025-10-09.json",775,049781C3
liqwid-portable-data,1,"raw/api/fetches/20260716T184427388Z/protocol-overview/daily/2025-10-10.json",790,7B2CD046
liqwid-portable-data,1,"raw/api/fetches/20260716T184427388Z/protocol-overview/daily/2025-10-11.json",793,3087257F
liqwid-portable-data,1,"raw/api/fetches/20260716T184427388Z/protocol-overview/daily/2025-10-12.json",775,E9FAF7D6
liqwid-portable-data,1,"raw/api/fetches/20260716T184427388Z/protocol-overview/daily/2025-10-13.json",775,AAEB1326
liqwid-portable-data,1,"raw/api/fetches/20260716T184427388Z/protocol-overview/daily/2025-10-14.json",768,578CE146
liqwid-portable-data,1,"raw/api/fetches/20260716T184427388Z/protocol-overview/daily/2025-10-15.json",776,6868ABC5
liqwid-portable-data,1,"raw/api/fetches/20260716T184427388Z/protocol-overview/daily/2025-10-16.json",776,77A5A54D
liqwid-portable-data,1,"raw/api/fetches/20260716T184427388Z/protocol-overview/daily/2025-10-17.json",791,7EB15BF0
liqwid-portable-data,1,"raw/api/fetches/20260716T184427388Z/protocol-overview/daily/2025-10-18.json",793,1B96F286
liqwid-portable-data,1,"raw/api/fetches/20260716T184427388Z/protocol-overview/daily/2025-10-19.json",777,6C21463C
liqwid-portable-data,1,"raw/api/fetches/20260716T184427388Z/protocol-overview/daily/2025-10-20.json",777,48B7FFAE
liqwid-portable-data,1,"raw/api/fetches/20260716T184427388Z/protocol-overview/daily/2025-10-21.json",793,D27D084C
liqwid-portable-data,1,"raw/api/fetches/20260716T184427388Z/protocol-overview/daily/2025-10-22.json",792,AEC819A4
liqwid-portable-data,1,"raw/api/fetches/20260716T184427388Z/protocol-overview/daily/2025-10-23.json",776,A9626192
liqwid-portable-data,1,"raw/api/fetches/20260716T184427388Z/protocol-overview/daily/2025-10-24.json",776,C21205AB
liqwid-portable-data,1,"raw/api/fetches/20260716T184427388Z/protocol-overview/daily/2025-10-25.json",743,1AD73117
liqwid-portable-data,1,"raw/api/fetches/20260716T184427388Z/protocol-overview/daily/2025-10-26.json",777,6C4EC522
liqwid-portable-data,1,"raw/api/fetches/20260716T184427388Z/protocol-overview/daily/2025-10-27.json",779,A3D87F50
liqwid-portable-data,1,"raw/api/fetches/20260716T184427388Z/protocol-overview/daily/2025-10-28.json",791,A7F2BD20
liqwid-portable-data,1,"raw/api/fetches/20260716T184427388Z/protocol-overview/daily/2025-10-29.json",776,DEE0B055
liqwid-portable-data,1,"raw/api/fetches/20260716T184427388Z/protocol-overview/daily/2025-10-30.json",793,E8B9F29D
liqwid-portable-data,1,"raw/api/fetches/20260716T184427388Z/protocol-overview/daily/2025-10-31.json",776,4869A461
liqwid-portable-data,1,"raw/api/fetches/20260716T184427388Z/protocol-overview/daily/2025-11-01.json",775,12E14DE2
liqwid-portable-data,1,"raw/api/fetches/20260716T184427388Z/protocol-overview/daily/2025-11-02.json",775,44231657
liqwid-portable-data,1,"raw/api/fetches/20260716T184427388Z/protocol-overview/daily/2025-11-03.json",791,AB4BB466
liqwid-portable-data,1,"raw/api/fetches/20260716T184427388Z/protocol-overview/daily/2025-11-04.json",790,96ACC713
liqwid-portable-data,1,"raw/api/fetches/20260716T184427388Z/protocol-overview/daily/2025-11-05.json",777,E99CDDA0
liqwid-portable-data,1,"raw/api/fetches/20260716T184427388Z/protocol-overview/daily/2025-11-06.json",776,37C67337
liqwid-portable-data,1,"raw/api/fetches/20260716T184427388Z/protocol-overview/daily/2025-11-07.json",776,FE80E854
liqwid-portable-data,1,"raw/api/fetches/20260716T184427388Z/protocol-overview/daily/2025-11-08.json",775,BF07968D
liqwid-portable-data,1,"raw/api/fetches/20260716T184427388Z/protocol-overview/daily/2025-11-09.json",774,A97B9291
liqwid-portable-data,1,"raw/api/fetches/20260716T184427388Z/protocol-overview/daily/2025-11-10.json",792,B2B3CE64
liqwid-portable-data,1,"raw/api/fetches/20260716T184427388Z/protocol-overview/daily/2025-11-11.json",792,0537754D
liqwid-portable-data,1,"raw/api/fetches/20260716T184427388Z/protocol-overview/daily/2025-11-12.json",775,5B3E20F5
liqwid-portable-data,1,"raw/api/fetches/20260716T184427388Z/protocol-overview/daily/2025-11-13.json",776,D4AB1C60
liqwid-portable-data,1,"raw/api/fetches/20260716T184427388Z/protocol-overview/daily/2025-11-14.json",792,18340E45
liqwid-portable-data,1,"raw/api/fetches/20260716T184427388Z/protocol-overview/daily/2025-11-15.json",777,0CE4A291
liqwid-portable-data,1,"raw/api/fetches/20260716T184427388Z/protocol-overview/daily/2025-11-16.json",790,8741F88D
liqwid-portable-data,1,"raw/api/fetches/20260716T184427388Z/protocol-overview/daily/2025-11-17.json",794,0F801360
liqwid-portable-data,1,"raw/api/fetches/20260716T184427388Z/protocol-overview/daily/2025-11-18.json",793,43321B55
liqwid-portable-data,1,"raw/api/fetches/20260716T184427388Z/protocol-overview/daily/2025-11-19.json",790,2A011780
liqwid-portable-data,1,"raw/api/fetches/20260716T184427388Z/protocol-overview/daily/2025-11-20.json",794,A99D06E9
liqwid-portable-data,1,"raw/api/fetches/20260716T184427388Z/protocol-overview/daily/2025-11-21.json",792,02A9DABD
liqwid-portable-data,1,"raw/api/fetches/20260716T184427388Z/protocol-overview/daily/2025-11-22.json",791,76442093
liqwid-portable-data,1,"raw/api/fetches/20260716T184427388Z/protocol-overview/daily/2025-11-23.json",773,55C27536
liqwid-portable-data,1,"raw/api/fetches/20260716T184427388Z/protocol-overview/daily/2025-11-24.json",774,37DC844D
liqwid-portable-data,1,"raw/api/fetches/20260716T184427388Z/protocol-overview/daily/2025-11-25.json",791,2CB92BB7
liqwid-portable-data,1,"raw/api/fetches/20260716T184427388Z/protocol-overview/daily/2025-11-26.json",774,191399B8
liqwid-portable-data,1,"raw/api/fetches/20260716T184427388Z/protocol-overview/daily/2025-11-27.json",775,CD096016
liqwid-portable-data,1,"raw/api/fetches/20260716T184427388Z/protocol-overview/daily/2025-11-28.json",791,54B497F9
liqwid-portable-data,1,"raw/api/fetches/20260716T184427388Z/protocol-overview/daily/2025-11-29.json",774,372F225E
liqwid-portable-data,1,"raw/api/fetches/20260716T184427388Z/protocol-overview/daily/2025-11-30.json",742,0D38902C
liqwid-portable-data,1,"raw/api/fetches/20260716T184427388Z/protocol-overview/daily/2025-12-01.json",791,528167EC
liqwid-portable-data,1,"raw/api/fetches/20260716T184427388Z/protocol-overview/daily/2025-12-02.json",775,CB71FAFD
liqwid-portable-data,1,"raw/api/fetches/20260716T184427388Z/protocol-overview/daily/2025-12-03.json",792,AFA7E6FA
liqwid-portable-data,1,"raw/api/fetches/20260716T184427388Z/protocol-overview/daily/2025-12-04.json",789,5FD65AAC
liqwid-portable-data,1,"raw/api/fetches/20260716T184427388Z/protocol-overview/daily/2025-12-05.json",777,2FBED4C7
liqwid-portable-data,1,"raw/api/fetches/20260716T184427388Z/protocol-overview/daily/2025-12-06.json",775,7F24DF63
liqwid-portable-data,1,"raw/api/fetches/20260716T184427388Z/protocol-overview/daily/2025-12-07.json",774,90FAED25
liqwid-portable-data,1,"raw/api/fetches/20260716T184427388Z/protocol-overview/daily/2025-12-08.json",766,28521FC8
liqwid-portable-data,1,"raw/api/fetches/20260716T184427388Z/protocol-overview/daily/2025-12-09.json",790,D37443FE
liqwid-portable-data,1,"raw/api/fetches/20260716T184427388Z/protocol-overview/daily/2025-12-10.json",791,752D6F5A
liqwid-portable-data,1,"raw/api/fetches/20260716T184427388Z/protocol-overview/daily/2025-12-11.json",791,4D3E8BD8
liqwid-portable-data,1,"raw/api/fetches/20260716T184427388Z/protocol-overview/daily/2025-12-12.json",795,9466EF59
liqwid-portable-data,1,"raw/api/fetches/20260716T184427388Z/protocol-overview/daily/2025-12-13.json",773,666C8334
liqwid-portable-data,1,"raw/api/fetches/20260716T184427388Z/protocol-overview/daily/2025-12-14.json",789,F164C1E2
liqwid-portable-data,1,"raw/api/fetches/20260716T184427388Z/protocol-overview/daily/2025-12-15.json",789,4989C4DA
liqwid-portable-data,1,"raw/api/fetches/20260716T184427388Z/protocol-overview/daily/2025-12-16.json",789,FC2D128D
liqwid-portable-data,1,"raw/api/fetches/20260716T184427388Z/protocol-overview/daily/2025-12-17.json",793,B19EAC40
liqwid-portable-data,1,"raw/api/fetches/20260716T184427388Z/protocol-overview/daily/2025-12-18.json",791,C6B0DA8E
liqwid-portable-data,1,"raw/api/fetches/20260716T184427388Z/protocol-overview/daily/2025-12-19.json",792,A4C3A359
liqwid-portable-data,1,"raw/api/fetches/20260716T184427388Z/protocol-overview/daily/2025-12-20.json",772,B2045A44
liqwid-portable-data,1,"raw/api/fetches/20260716T184427388Z/protocol-overview/daily/2025-12-21.json",791,DA3FFBCD
liqwid-portable-data,1,"raw/api/fetches/20260716T184427388Z/protocol-overview/daily/2025-12-22.json",789,C0855D9A
liqwid-portable-data,1,"raw/api/fetches/20260716T184427388Z/protocol-overview/daily/2025-12-23.json",788,C7F6561F
liqwid-portable-data,1,"raw/api/fetches/20260716T184427388Z/protocol-overview/daily/2025-12-24.json",775,5371F9E2
liqwid-portable-data,1,"raw/api/fetches/20260716T184427388Z/protocol-overview/daily/2025-12-25.json",791,F1E7A85D
liqwid-portable-data,1,"raw/api/fetches/20260716T184427388Z/protocol-overview/daily/2025-12-26.json",786,658FC84B
liqwid-portable-data,1,"raw/api/fetches/20260716T184427388Z/protocol-overview/daily/2025-12-27.json",773,60507BE4
liqwid-portable-data,1,"raw/api/fetches/20260716T184427388Z/protocol-overview/daily/2025-12-28.json",790,F4AD0AA6
liqwid-portable-data,1,"raw/api/fetches/20260716T184427388Z/protocol-overview/daily/2025-12-29.json",774,94703031
liqwid-portable-data,1,"raw/api/fetches/20260716T184427388Z/protocol-overview/daily/2025-12-30.json",770,E0618BFE
liqwid-portable-data,1,"raw/api/fetches/20260716T184427388Z/protocol-overview/daily/2025-12-31.json",792,DC078237
liqwid-portable-data,1,"raw/api/fetches/20260716T184427388Z/protocol-overview/daily/2026-01-01.json",777,D3A90531
liqwid-portable-data,1,"raw/api/fetches/20260716T184427388Z/protocol-overview/daily/2026-01-02.json",774,24687232
liqwid-portable-data,1,"raw/api/fetches/20260716T184427388Z/protocol-overview/daily/2026-01-03.json",775,015098C7
liqwid-portable-data,1,"raw/api/fetches/20260716T184427388Z/protocol-overview/daily/2026-01-04.json",776,0599184E
liqwid-portable-data,1,"raw/api/fetches/20260716T184427388Z/protocol-overview/daily/2026-01-05.json",777,A42DD91C
liqwid-portable-data,1,"raw/api/fetches/20260716T184427388Z/protocol-overview/daily/2026-01-06.json",791,A7DA15F0
liqwid-portable-data,1,"raw/api/fetches/20260716T184427388Z/protocol-overview/daily/2026-01-07.json",773,404A3FBB
liqwid-portable-data,1,"raw/api/fetches/20260716T184427388Z/protocol-overview/daily/2026-01-08.json",764,F0A5F020
liqwid-portable-data,1,"raw/api/fetches/20260716T184427388Z/protocol-overview/daily/2026-01-09.json",773,66CE68D2
liqwid-portable-data,1,"raw/api/fetches/20260716T184427388Z/protocol-overview/daily/2026-01-10.json",766,7649F624
liqwid-portable-data,1,"raw/api/fetches/20260716T184427388Z/protocol-overview/daily/2026-01-11.json",742,E3E337B5
liqwid-portable-data,1,"raw/api/fetches/20260716T184427388Z/protocol-overview/daily/2026-01-12.json",762,E9F444E6
liqwid-portable-data,1,"raw/api/fetches/20260716T184427388Z/protocol-overview/daily/2026-01-13.json",784,C7FCB6B9
liqwid-portable-data,1,"raw/api/fetches/20260716T184427388Z/protocol-overview/daily/2026-01-14.json",771,E90EEB1C
liqwid-portable-data,1,"raw/api/fetches/20260716T184427388Z/protocol-overview/daily/2026-01-15.json",788,A179165D
liqwid-portable-data,1,"raw/api/fetches/20260716T184427388Z/protocol-overview/daily/2026-01-16.json",768,DA160FEF
liqwid-portable-data,1,"raw/api/fetches/20260716T184427388Z/protocol-overview/daily/2026-01-17.json",772,182F7177
liqwid-portable-data,1,"raw/api/fetches/20260716T184427388Z/protocol-overview/daily/2026-01-18.json",790,7AD010EC
liqwid-portable-data,1,"raw/api/fetches/20260716T184427388Z/protocol-overview/daily/2026-01-19.json",788,98DB7EA1
liqwid-portable-data,1,"raw/api/fetches/20260716T184427388Z/protocol-overview/daily/2026-01-20.json",773,6E6E10EE
liqwid-portable-data,1,"raw/api/fetches/20260716T184427388Z/protocol-overview/daily/2026-01-21.json",772,1EC606DE
liqwid-portable-data,1,"raw/api/fetches/20260716T184427388Z/protocol-overview/daily/2026-01-22.json",762,E8C991C8
liqwid-portable-data,1,"raw/api/fetches/20260716T184427388Z/protocol-overview/daily/2026-01-23.json",768,973906BF
liqwid-portable-data,1,"raw/api/fetches/20260716T184427388Z/protocol-overview/daily/2026-01-24.json",771,9271F21E
liqwid-portable-data,1,"raw/api/fetches/20260716T184427388Z/protocol-overview/daily/2026-01-25.json",792,44E23356
liqwid-portable-data,1,"raw/api/fetches/20260716T184427388Z/protocol-overview/daily/2026-01-26.json",775,4CDA8FCB
liqwid-portable-data,1,"raw/api/fetches/20260716T184427388Z/protocol-overview/daily/2026-01-27.json",788,7021415C
liqwid-portable-data,1,"raw/api/fetches/20260716T184427388Z/protocol-overview/daily/2026-01-28.json",765,C6CC486F
liqwid-portable-data,1,"raw/api/fetches/20260716T184427388Z/protocol-overview/daily/2026-01-29.json",789,4FDD0FD2
liqwid-portable-data,1,"raw/api/fetches/20260716T184427388Z/protocol-overview/daily/2026-01-30.json",790,96F0E95D
liqwid-portable-data,1,"raw/api/fetches/20260716T184427388Z/protocol-overview/daily/2026-01-31.json",790,81FDD7AA
liqwid-portable-data,1,"raw/api/fetches/20260716T184427388Z/protocol-overview/daily/2026-02-01.json",790,767A5C21
liqwid-portable-data,1,"raw/api/fetches/20260716T184427388Z/protocol-overview/daily/2026-02-02.json",791,89631A58
liqwid-portable-data,1,"raw/api/fetches/20260716T184427388Z/protocol-overview/daily/2026-02-03.json",775,E6CB7625
liqwid-portable-data,1,"raw/api/fetches/20260716T184427388Z/protocol-overview/daily/2026-02-04.json",773,A189D661
liqwid-portable-data,1,"raw/api/fetches/20260716T184427388Z/protocol-overview/daily/2026-02-05.json",726,5112F464
liqwid-portable-data,1,"raw/api/fetches/20260716T184427388Z/protocol-overview/daily/2026-02-06.json",790,B461D8D3
liqwid-portable-data,1,"raw/api/fetches/20260716T184427388Z/protocol-overview/daily/2026-02-07.json",759,4996B111
liqwid-portable-data,1,"raw/api/fetches/20260716T184427388Z/protocol-overview/daily/2026-02-08.json",769,530D859F
liqwid-portable-data,1,"raw/api/fetches/20260716T184427388Z/protocol-overview/daily/2026-02-09.json",786,5B9D1BE1
liqwid-portable-data,1,"raw/api/fetches/20260716T184427388Z/protocol-overview/daily/2026-02-10.json",771,8221C5DA
liqwid-portable-data,1,"raw/api/fetches/20260716T184427388Z/protocol-overview/daily/2026-02-11.json",775,1FBDC961
liqwid-portable-data,1,"raw/api/fetches/20260716T184427388Z/protocol-overview/daily/2026-02-12.json",775,32193F93
liqwid-portable-data,1,"raw/api/fetches/20260716T184427388Z/protocol-overview/daily/2026-02-13.json",773,D70DB784
liqwid-portable-data,1,"raw/api/fetches/20260716T184427388Z/protocol-overview/daily/2026-02-14.json",766,386F2092
liqwid-portable-data,1,"raw/api/fetches/20260716T184427388Z/protocol-overview/daily/2026-02-15.json",770,AE4403F5
liqwid-portable-data,1,"raw/api/fetches/20260716T184427388Z/protocol-overview/daily/2026-02-16.json",743,847EB7CC
liqwid-portable-data,1,"raw/api/fetches/20260716T184427388Z/protocol-overview/daily/2026-02-17.json",743,F381CAE4
liqwid-portable-data,1,"raw/api/fetches/20260716T184427388Z/protocol-overview/daily/2026-02-18.json",762,659968B9
liqwid-portable-data,1,"raw/api/fetches/20260716T184427388Z/protocol-overview/daily/2026-02-19.json",759,E8593C56
liqwid-portable-data,1,"raw/api/fetches/20260716T184427388Z/protocol-overview/daily/2026-02-20.json",743,9190A117
liqwid-portable-data,1,"raw/api/fetches/20260716T184427388Z/protocol-overview/daily/2026-02-21.json",742,0F842CDA
liqwid-portable-data,1,"raw/api/fetches/20260716T184427388Z/protocol-overview/daily/2026-02-22.json",743,6470C2C1
liqwid-portable-data,1,"raw/api/fetches/20260716T184427388Z/protocol-overview/daily/2026-02-23.json",767,5C7EF57A
liqwid-portable-data,1,"raw/api/fetches/20260716T184427388Z/protocol-overview/daily/2026-02-24.json",775,A1CA15D0
liqwid-portable-data,1,"raw/api/fetches/20260716T184427388Z/protocol-overview/daily/2026-02-25.json",773,8A18C32A
liqwid-portable-data,1,"raw/api/fetches/20260716T184427388Z/protocol-overview/daily/2026-02-26.json",773,6A073094
liqwid-portable-data,1,"raw/api/fetches/20260716T184427388Z/protocol-overview/daily/2026-02-27.json",771,4A7FE48F
liqwid-portable-data,1,"raw/api/fetches/20260716T184427388Z/protocol-overview/daily/2026-02-28.json",790,DDD03908
liqwid-portable-data,1,"raw/api/fetches/20260716T184427388Z/protocol-overview/daily/2026-03-01.json",765,DF07AF92
liqwid-portable-data,1,"raw/api/fetches/20260716T184427388Z/protocol-overview/daily/2026-03-02.json",756,AD652C54
liqwid-portable-data,1,"raw/api/fetches/20260716T184427388Z/protocol-overview/daily/2026-03-03.json",765,99C4FC91
liqwid-portable-data,1,"raw/api/fetches/20260716T184427388Z/protocol-overview/daily/2026-03-04.json",769,BD8C0C21
liqwid-portable-data,1,"raw/api/fetches/20260716T184427388Z/protocol-overview/daily/2026-03-05.json",762,4AB28891
liqwid-portable-data,1,"raw/api/fetches/20260716T184427388Z/protocol-overview/daily/2026-03-06.json",751,B5585975
liqwid-portable-data,1,"raw/api/fetches/20260716T184427388Z/protocol-overview/daily/2026-03-07.json",758,9DE1E6A4
liqwid-portable-data,1,"raw/api/fetches/20260716T184427388Z/protocol-overview/daily/2026-03-08.json",773,7A64CF9A
liqwid-portable-data,1,"raw/api/fetches/20260716T184427388Z/protocol-overview/daily/2026-03-09.json",767,97630F52
liqwid-portable-data,1,"raw/api/fetches/20260716T184427388Z/protocol-overview/daily/2026-03-10.json",777,17178A38
liqwid-portable-data,1,"raw/api/fetches/20260716T184427388Z/protocol-overview/daily/2026-03-11.json",791,25711362
liqwid-portable-data,1,"raw/api/fetches/20260716T184427388Z/protocol-overview/daily/2026-03-12.json",771,DE3EF7CE
liqwid-portable-data,1,"raw/api/fetches/20260716T184427388Z/protocol-overview/daily/2026-03-13.json",769,684BD580
liqwid-portable-data,1,"raw/api/fetches/20260716T184427388Z/protocol-overview/daily/2026-03-14.json",774,04C8C319
liqwid-portable-data,1,"raw/api/fetches/20260716T184427388Z/protocol-overview/daily/2026-03-15.json",770,0DFD170B
liqwid-portable-data,1,"raw/api/fetches/20260716T184427388Z/protocol-overview/daily/2026-03-16.json",770,D131259A
liqwid-portable-data,1,"raw/api/fetches/20260716T184427388Z/protocol-overview/daily/2026-03-17.json",770,101BF14A
liqwid-portable-data,1,"raw/api/fetches/20260716T184427388Z/protocol-overview/daily/2026-03-18.json",787,ADA4E273
liqwid-portable-data,1,"raw/api/fetches/20260716T184427388Z/protocol-overview/daily/2026-03-19.json",789,C7F0273F
liqwid-portable-data,1,"raw/api/fetches/20260716T184427388Z/protocol-overview/daily/2026-03-20.json",790,84521B11
liqwid-portable-data,1,"raw/api/fetches/20260716T184427388Z/protocol-overview/daily/2026-03-21.json",785,45A22EE7
liqwid-portable-data,1,"raw/api/fetches/20260716T184427388Z/protocol-overview/daily/2026-03-22.json",788,02FBC5B8
liqwid-portable-data,1,"raw/api/fetches/20260716T184427388Z/protocol-overview/daily/2026-03-23.json",760,79DFCFC0
liqwid-portable-data,1,"raw/api/fetches/20260716T184427388Z/protocol-overview/daily/2026-03-24.json",742,F4E45B85
liqwid-portable-data,1,"raw/api/fetches/20260716T184427388Z/protocol-overview/daily/2026-03-25.json",776,B7EBAEEA
liqwid-portable-data,1,"raw/api/fetches/20260716T184427388Z/protocol-overview/daily/2026-03-26.json",769,78E5AA9B
liqwid-portable-data,1,"raw/api/fetches/20260716T184427388Z/protocol-overview/daily/2026-03-27.json",789,76230EEE
liqwid-portable-data,1,"raw/api/fetches/20260716T184427388Z/protocol-overview/daily/2026-03-28.json",770,FC1C4864
liqwid-portable-data,1,"raw/api/fetches/20260716T184427388Z/protocol-overview/daily/2026-03-29.json",789,AD173867
liqwid-portable-data,1,"raw/api/fetches/20260716T184427388Z/protocol-overview/daily/2026-03-30.json",771,C5882BDA
liqwid-portable-data,1,"raw/api/fetches/20260716T184427388Z/protocol-overview/daily/2026-03-31.json",770,4DA1E3D1
liqwid-portable-data,1,"raw/api/fetches/20260716T184427388Z/protocol-overview/daily/2026-04-01.json",742,1E9B86A8
liqwid-portable-data,1,"raw/api/fetches/20260716T184427388Z/protocol-overview/daily/2026-04-02.json",762,750C3DD8
liqwid-portable-data,1,"raw/api/fetches/20260716T184427388Z/protocol-overview/daily/2026-04-03.json",776,F77DBF31
liqwid-portable-data,1,"raw/api/fetches/20260716T184427388Z/protocol-overview/daily/2026-04-04.json",767,4B5A98E4
liqwid-portable-data,1,"raw/api/fetches/20260716T184427388Z/protocol-overview/daily/2026-04-05.json",786,CA5D1AB2
liqwid-portable-data,1,"raw/api/fetches/20260716T184427388Z/protocol-overview/daily/2026-04-06.json",785,D7D212C6
liqwid-portable-data,1,"raw/api/fetches/20260716T184427388Z/protocol-overview/daily/2026-04-07.json",770,F8ABCE06
liqwid-portable-data,1,"raw/api/fetches/20260716T184427388Z/protocol-overview/daily/2026-04-08.json",775,435DA646
liqwid-portable-data,1,"raw/api/fetches/20260716T184427388Z/protocol-overview/daily/2026-04-09.json",789,43328CAA
liqwid-portable-data,1,"raw/api/fetches/20260716T184427388Z/protocol-overview/daily/2026-04-10.json",773,25F74F69
liqwid-portable-data,1,"raw/api/fetches/20260716T184427388Z/protocol-overview/daily/2026-04-11.json",789,50619A62
liqwid-portable-data,1,"raw/api/fetches/20260716T184427388Z/protocol-overview/daily/2026-04-12.json",789,4DC81745
liqwid-portable-data,1,"raw/api/fetches/20260716T184427388Z/protocol-overview/daily/2026-04-13.json",772,51DF5A03
liqwid-portable-data,1,"raw/api/fetches/20260716T184427388Z/protocol-overview/daily/2026-04-14.json",789,1E209E73
liqwid-portable-data,1,"raw/api/fetches/20260716T184427388Z/protocol-overview/daily/2026-04-15.json",772,690C557F
liqwid-portable-data,1,"raw/api/fetches/20260716T184427388Z/protocol-overview/daily/2026-04-16.json",774,AE6BDCF6
liqwid-portable-data,1,"raw/api/fetches/20260716T184427388Z/protocol-overview/daily/2026-04-17.json",774,9325A8C9
liqwid-portable-data,1,"raw/api/fetches/20260716T184427388Z/protocol-overview/daily/2026-04-18.json",775,4D426204
liqwid-portable-data,1,"raw/api/fetches/20260716T184427388Z/protocol-overview/daily/2026-04-19.json",773,FE421CBC
liqwid-portable-data,1,"raw/api/fetches/20260716T184427388Z/protocol-overview/daily/2026-04-20.json",743,045CDF0E
liqwid-portable-data,1,"raw/api/fetches/20260716T184427388Z/protocol-overview/daily/2026-04-21.json",754,95ADAA3E
liqwid-portable-data,1,"raw/api/fetches/20260716T184427388Z/protocol-overview/daily/2026-04-22.json",768,32734177
liqwid-portable-data,1,"raw/api/fetches/20260716T184427388Z/protocol-overview/daily/2026-04-23.json",771,CC772BF6
liqwid-portable-data,1,"raw/api/fetches/20260716T184427388Z/protocol-overview/daily/2026-04-24.json",790,8D99038A
liqwid-portable-data,1,"raw/api/fetches/20260716T184427388Z/protocol-overview/daily/2026-04-25.json",770,18883277
liqwid-portable-data,1,"raw/api/fetches/20260716T184427388Z/protocol-overview/daily/2026-04-26.json",770,60E12060
liqwid-portable-data,1,"raw/api/fetches/20260716T184427388Z/protocol-overview/daily/2026-04-27.json",770,B11EC801
liqwid-portable-data,1,"raw/api/fetches/20260716T184427388Z/protocol-overview/daily/2026-04-28.json",774,47D12F41
liqwid-portable-data,1,"raw/api/fetches/20260716T184427388Z/protocol-overview/daily/2026-04-29.json",789,3702DD7F
liqwid-portable-data,1,"raw/api/fetches/20260716T184427388Z/protocol-overview/daily/2026-04-30.json",771,1CA23F25
liqwid-portable-data,1,"raw/api/fetches/20260716T184427388Z/protocol-overview/daily/2026-05-01.json",761,75B2D9BD
liqwid-portable-data,1,"raw/api/fetches/20260716T184427388Z/protocol-overview/daily/2026-05-02.json",759,3E070DB9
liqwid-portable-data,1,"raw/api/fetches/20260716T184427388Z/protocol-overview/daily/2026-05-03.json",783,680A36A6
liqwid-portable-data,1,"raw/api/fetches/20260716T184427388Z/protocol-overview/daily/2026-05-04.json",789,D5ADDD43
liqwid-portable-data,1,"raw/api/fetches/20260716T184427388Z/protocol-overview/daily/2026-05-05.json",772,391D745F
liqwid-portable-data,1,"raw/api/fetches/20260716T184427388Z/protocol-overview/daily/2026-05-06.json",759,B902BE28
liqwid-portable-data,1,"raw/api/fetches/20260716T184427388Z/protocol-overview/daily/2026-05-07.json",772,2EF15D3E
liqwid-portable-data,1,"raw/api/fetches/20260716T184427388Z/protocol-overview/daily/2026-05-08.json",759,2981CF19
liqwid-portable-data,1,"raw/api/fetches/20260716T184427388Z/protocol-overview/daily/2026-05-09.json",767,05F164A8
liqwid-portable-data,1,"raw/api/fetches/20260716T184427388Z/protocol-overview/daily/2026-05-10.json",771,9F21D282
liqwid-portable-data,1,"raw/api/fetches/20260716T184427388Z/protocol-overview/daily/2026-05-11.json",770,514C1004
liqwid-portable-data,1,"raw/api/fetches/20260716T184427388Z/protocol-overview/daily/2026-05-12.json",772,98B2ECE5
liqwid-portable-data,1,"raw/api/fetches/20260716T184427388Z/protocol-overview/daily/2026-05-13.json",765,DCD5F30F
liqwid-portable-data,1,"raw/api/fetches/20260716T184427388Z/protocol-overview/daily/2026-05-14.json",758,F4AF47E5
liqwid-portable-data,1,"raw/api/fetches/20260716T184427388Z/protocol-overview/daily/2026-05-15.json",769,049C6D4E
liqwid-portable-data,1,"raw/api/fetches/20260716T184427388Z/protocol-overview/daily/2026-05-16.json",773,4AFB83F4
liqwid-portable-data,1,"raw/api/fetches/20260716T184427388Z/protocol-overview/daily/2026-05-17.json",769,F28ADDF1
liqwid-portable-data,1,"raw/api/fetches/20260716T184427388Z/protocol-overview/daily/2026-05-18.json",775,E13CFB84
liqwid-portable-data,1,"raw/api/fetches/20260716T184427388Z/protocol-overview/daily/2026-05-19.json",788,720761E0
liqwid-portable-data,1,"raw/api/fetches/20260716T184427388Z/protocol-overview/daily/2026-05-20.json",789,F5781F56
liqwid-portable-data,1,"raw/api/fetches/20260716T184427388Z/protocol-overview/daily/2026-05-21.json",751,27658B51
liqwid-portable-data,1,"raw/api/fetches/20260716T184427388Z/protocol-overview/daily/2026-05-22.json",766,C6144DF5
liqwid-portable-data,1,"raw/api/fetches/20260716T184427388Z/protocol-overview/daily/2026-05-23.json",790,9B59804C
liqwid-portable-data,1,"raw/api/fetches/20260716T184427388Z/protocol-overview/daily/2026-05-24.json",782,239634C0
liqwid-portable-data,1,"raw/api/fetches/20260716T184427388Z/protocol-overview/daily/2026-05-25.json",772,91408E0D
liqwid-portable-data,1,"raw/api/fetches/20260716T184427388Z/protocol-overview/daily/2026-05-26.json",743,415D34D0
liqwid-portable-data,1,"raw/api/fetches/20260716T184427388Z/protocol-overview/daily/2026-05-27.json",789,361D347D
liqwid-portable-data,1,"raw/api/fetches/20260716T184427388Z/protocol-overview/daily/2026-05-28.json",792,21515237
liqwid-portable-data,1,"raw/api/fetches/20260716T184427388Z/protocol-overview/daily/2026-05-29.json",771,FF306FA6
liqwid-portable-data,1,"raw/api/fetches/20260716T184427388Z/protocol-overview/daily/2026-05-30.json",775,D7D1F0B1
liqwid-portable-data,1,"raw/api/fetches/20260716T184427388Z/protocol-overview/daily/2026-05-31.json",773,6C42A9A4
liqwid-portable-data,1,"raw/api/fetches/20260716T184427388Z/protocol-overview/daily/2026-06-01.json",791,D0A2C535
liqwid-portable-data,1,"raw/api/fetches/20260716T184427388Z/protocol-overview/daily/2026-06-02.json",791,AF46F820
liqwid-portable-data,1,"raw/api/fetches/20260716T184427388Z/protocol-overview/daily/2026-06-03.json",793,3BBB015E
liqwid-portable-data,1,"raw/api/fetches/20260716T184427388Z/protocol-overview/daily/2026-06-04.json",790,5D64E550
liqwid-portable-data,1,"raw/api/fetches/20260716T184427388Z/protocol-overview/daily/2026-06-05.json",790,2361F2D8
liqwid-portable-data,1,"raw/api/fetches/20260716T184427388Z/protocol-overview/daily/2026-06-06.json",793,1D1B36DD
liqwid-portable-data,1,"raw/api/fetches/20260716T184427388Z/protocol-overview/daily/2026-06-07.json",772,D308E8D6
liqwid-portable-data,1,"raw/api/fetches/20260716T184427388Z/protocol-overview/daily/2026-06-08.json",764,77803009
liqwid-portable-data,1,"raw/api/fetches/20260716T184427388Z/protocol-overview/daily/2026-06-09.json",767,A95DE3D2
liqwid-portable-data,1,"raw/api/fetches/20260716T184427388Z/protocol-overview/daily/2026-06-10.json",789,162E2187
liqwid-portable-data,1,"raw/api/fetches/20260716T184427388Z/protocol-overview/daily/2026-06-11.json",763,B8036B43
liqwid-portable-data,1,"raw/api/fetches/20260716T184427388Z/protocol-overview/daily/2026-06-12.json",792,2487A86A
liqwid-portable-data,1,"raw/api/fetches/20260716T184427388Z/protocol-overview/daily/2026-06-13.json",761,8FDAF31D
liqwid-portable-data,1,"raw/api/fetches/20260716T184427388Z/protocol-overview/daily/2026-06-14.json",769,3387117A
liqwid-portable-data,1,"raw/api/fetches/20260716T184427388Z/protocol-overview/daily/2026-06-15.json",765,C7A3F6E3
liqwid-portable-data,1,"raw/api/fetches/20260716T184427388Z/protocol-overview/daily/2026-06-16.json",761,ED83447F
liqwid-portable-data,1,"raw/api/fetches/20260716T184427388Z/protocol-overview/daily/2026-06-17.json",765,F029A9CE
liqwid-portable-data,1,"raw/api/fetches/20260716T184427388Z/protocol-overview/daily/2026-06-18.json",767,10FF06C3
liqwid-portable-data,1,"raw/api/fetches/20260716T184427388Z/protocol-overview/daily/2026-06-19.json",761,A7710E65
liqwid-portable-data,1,"raw/api/fetches/20260716T184427388Z/protocol-overview/daily/2026-06-20.json",768,BA82E90A
liqwid-portable-data,1,"raw/api/fetches/20260716T184427388Z/protocol-overview/daily/2026-06-21.json",791,1C236333
liqwid-portable-data,1,"raw/api/fetches/20260716T184427388Z/protocol-overview/daily/2026-06-22.json",766,5B139486
liqwid-portable-data,1,"raw/api/fetches/20260716T184427388Z/protocol-overview/daily/2026-06-23.json",791,AA46BC52
liqwid-portable-data,1,"raw/api/fetches/20260716T184427388Z/protocol-overview/daily/2026-06-24.json",790,A70E686C
liqwid-portable-data,1,"raw/api/fetches/20260716T184427388Z/protocol-overview/daily/2026-06-25.json",787,154874B8
liqwid-portable-data,1,"raw/api/fetches/20260716T184427388Z/protocol-overview/daily/2026-06-26.json",790,6B46653C
liqwid-portable-data,1,"raw/api/fetches/20260716T184427388Z/protocol-overview/daily/2026-06-27.json",770,CD8388D3
liqwid-portable-data,1,"raw/api/fetches/20260716T184427388Z/protocol-overview/daily/2026-06-28.json",743,BF438C7B
liqwid-portable-data,1,"raw/api/fetches/20260716T184427388Z/protocol-overview/daily/2026-06-29.json",773,6763DAEC
liqwid-portable-data,1,"raw/api/fetches/20260716T184427388Z/protocol-overview/daily/2026-06-30.json",771,2692DA9F
liqwid-portable-data,1,"raw/api/fetches/20260716T184427388Z/protocol-overview/monthly/2023-02-01.json",755,5135AA32
liqwid-portable-data,1,"raw/api/fetches/20260716T184427388Z/protocol-overview/monthly/2023-03-01.json",776,33FF8E83
liqwid-portable-data,1,"raw/api/fetches/20260716T184427388Z/protocol-overview/monthly/2023-04-01.json",773,77F907C5
liqwid-portable-data,1,"raw/api/fetches/20260716T184427388Z/protocol-overview/monthly/2023-05-01.json",776,1EC7AA98
liqwid-portable-data,1,"raw/api/fetches/20260716T184427388Z/protocol-overview/monthly/2023-06-01.json",774,8A24C915
liqwid-portable-data,1,"raw/api/fetches/20260716T184427388Z/protocol-overview/monthly/2023-07-01.json",771,2FAE9CA9
liqwid-portable-data,1,"raw/api/fetches/20260716T184427388Z/protocol-overview/monthly/2023-08-01.json",771,A0B64BAA
liqwid-portable-data,1,"raw/api/fetches/20260716T184427388Z/protocol-overview/monthly/2023-09-01.json",773,E1831871
liqwid-portable-data,1,"raw/api/fetches/20260716T184427388Z/protocol-overview/monthly/2023-10-01.json",773,F7A57CC5
liqwid-portable-data,1,"raw/api/fetches/20260716T184427388Z/protocol-overview/monthly/2023-11-01.json",772,848AE330
liqwid-portable-data,1,"raw/api/fetches/20260716T184427388Z/protocol-overview/monthly/2023-12-01.json",771,0B40AC19
liqwid-portable-data,1,"raw/api/fetches/20260716T184427388Z/protocol-overview/monthly/2024-01-01.json",772,38E940E3
liqwid-portable-data,1,"raw/api/fetches/20260716T184427388Z/protocol-overview/monthly/2024-02-01.json",772,F28D4EC6
liqwid-portable-data,1,"raw/api/fetches/20260716T184427388Z/protocol-overview/monthly/2024-03-01.json",771,029B8597
liqwid-portable-data,1,"raw/api/fetches/20260716T184427388Z/protocol-overview/monthly/2024-04-01.json",768,101EC138
liqwid-portable-data,1,"raw/api/fetches/20260716T184427388Z/protocol-overview/monthly/2024-05-01.json",773,C85E7A5A
liqwid-portable-data,1,"raw/api/fetches/20260716T184427388Z/protocol-overview/monthly/2024-06-01.json",772,F337023C
liqwid-portable-data,1,"raw/api/fetches/20260716T184427388Z/protocol-overview/monthly/2024-07-01.json",773,45650317
liqwid-portable-data,1,"raw/api/fetches/20260716T184427388Z/protocol-overview/monthly/2024-08-01.json",770,FE60F6A2
liqwid-portable-data,1,"raw/api/fetches/20260716T184427388Z/protocol-overview/monthly/2024-09-01.json",772,5CE9C264
liqwid-portable-data,1,"raw/api/fetches/20260716T184427388Z/protocol-overview/monthly/2024-10-01.json",774,8C0A5AD3
liqwid-portable-data,1,"raw/api/fetches/20260716T184427388Z/protocol-overview/monthly/2024-11-01.json",772,F7AF71DE
liqwid-portable-data,1,"raw/api/fetches/20260716T184427388Z/protocol-overview/monthly/2024-12-01.json",772,EAE006DA
liqwid-portable-data,1,"raw/api/fetches/20260716T184427388Z/protocol-overview/monthly/2025-01-01.json",771,35493704
liqwid-portable-data,1,"raw/api/fetches/20260716T184427388Z/protocol-overview/monthly/2025-02-01.json",772,30012CDA
liqwid-portable-data,1,"raw/api/fetches/20260716T184427388Z/protocol-overview/monthly/2025-03-01.json",772,9E6C0825
liqwid-portable-data,1,"raw/api/fetches/20260716T184427388Z/protocol-overview/monthly/2025-04-01.json",773,9CCB4041
liqwid-portable-data,1,"raw/api/fetches/20260716T184427388Z/protocol-overview/monthly/2025-05-01.json",767,EB8EA8C4
liqwid-portable-data,1,"raw/api/fetches/20260716T184427388Z/protocol-overview/monthly/2025-06-01.json",773,5F839C19
liqwid-portable-data,1,"raw/api/fetches/20260716T184427388Z/protocol-overview/monthly/2025-07-01.json",772,4820AE9F
liqwid-portable-data,1,"raw/api/fetches/20260716T184427388Z/protocol-overview/monthly/2025-08-01.json",772,5489E8D5
liqwid-portable-data,1,"raw/api/fetches/20260716T184427388Z/protocol-overview/monthly/2025-09-01.json",772,CEB92FB3
liqwid-portable-data,1,"raw/api/fetches/20260716T184427388Z/protocol-overview/monthly/2025-10-01.json",770,48A82311
liqwid-portable-data,1,"raw/api/fetches/20260716T184427388Z/protocol-overview/monthly/2025-11-01.json",768,A65D7AAB
liqwid-portable-data,1,"raw/api/fetches/20260716T184427388Z/protocol-overview/monthly/2025-12-01.json",773,FFDD93EF
liqwid-portable-data,1,"raw/api/fetches/20260716T184427388Z/protocol-overview/monthly/2026-01-01.json",771,9CFD4095
liqwid-portable-data,1,"raw/api/fetches/20260716T184427388Z/protocol-overview/monthly/2026-02-01.json",772,8C68975E
liqwid-portable-data,1,"raw/api/fetches/20260716T184427388Z/protocol-overview/monthly/2026-03-01.json",770,A1292A16
liqwid-portable-data,1,"raw/api/fetches/20260716T184427388Z/protocol-overview/monthly/2026-04-01.json",773,9C1DE069
liqwid-portable-data,1,"raw/api/fetches/20260716T184427388Z/protocol-overview/monthly/2026-05-01.json",771,9B185412
liqwid-portable-data,1,"raw/api/fetches/20260716T184427388Z/protocol-overview/monthly/2026-06-01.json",771,DF760688
liqwid-portable-data,1,"raw/api/fetches/20260716T184427388Z/protocol-overview/monthly/2026-07-01.json",755,FBE40002
liqwid-portable-data,1,"raw/api/fetches/20260717T144037681Z/loans/active-debt.json",288210,3EDE6155
liqwid-portable-data,1,"raw/api/fetches/20260717T144037681Z/loans/collateral-bearing.json",382483,7E3C38DE
liqwid-portable-data,1,"raw/api/fetches/20260717T144037681Z/loans/liquidatable.json",901,F312BE9B
liqwid-portable-data,1,"raw/api/fetches/20260717T144037681Z/market-history/ada.json",1614,F5C8F362
liqwid-portable-data,1,"raw/api/fetches/20260717T144037681Z/market-history/agix.json",1506,D395686E
liqwid-portable-data,1,"raw/api/fetches/20260717T144037681Z/market-history/btc.json",1573,9D8CD1FE
liqwid-portable-data,1,"raw/api/fetches/20260717T144037681Z/market-history/copi.json",1549,ACEBFE03
liqwid-portable-data,1,"raw/api/fetches/20260717T144037681Z/market-history/dai.json",1558,FAFA0CEE
liqwid-portable-data,1,"raw/api/fetches/20260717T144037681Z/market-history/djed.json",1642,DF78C4B3
liqwid-portable-data,1,"raw/api/fetches/20260717T144037681Z/market-history/erg.json",1602,61DFC4E7
liqwid-portable-data,1,"raw/api/fetches/20260717T144037681Z/market-history/eth.json",1581,A7553426
liqwid-portable-data,1,"raw/api/fetches/20260717T144037681Z/market-history/eurc.json",1494,38FCC165
liqwid-portable-data,1,"raw/api/fetches/20260717T144037681Z/market-history/iag.json",1598,17D74992
liqwid-portable-data,1,"raw/api/fetches/20260717T144037681Z/market-history/iusd.json",1619,4FBA0642
liqwid-portable-data,1,"raw/api/fetches/20260717T144037681Z/market-history/lq.json",1503,6EFD7883
liqwid-portable-data,1,"raw/api/fetches/20260717T144037681Z/market-history/min.json",1599,C8FB8BB7
liqwid-portable-data,1,"raw/api/fetches/20260717T144037681Z/market-history/night.json",1600,84AAA8F1
liqwid-portable-data,1,"raw/api/fetches/20260717T144037681Z/market-history/pol.json",1505,C886CD9C
liqwid-portable-data,1,"raw/api/fetches/20260717T144037681Z/market-history/pyusd.json",1484,16E2667B
liqwid-portable-data,1,"raw/api/fetches/20260717T144037681Z/market-history/shen.json",1603,CCAB7ED6
liqwid-portable-data,1,"raw/api/fetches/20260717T144037681Z/market-history/snek.json",1566,28334491
liqwid-portable-data,1,"raw/api/fetches/20260717T144037681Z/market-history/usda.json",1573,5B218E58
liqwid-portable-data,1,"raw/api/fetches/20260717T144037681Z/market-history/usdc.json",1604,9F94354F
liqwid-portable-data,1,"raw/api/fetches/20260717T144037681Z/market-history/usdcx-usdm-sundae-lp-stableswap.json",1652,B7ABE5AC
liqwid-portable-data,1,"raw/api/fetches/20260717T144037681Z/market-history/usdcx.json",1615,100C55AC
liqwid-portable-data,1,"raw/api/fetches/20260717T144037681Z/market-history/usdm-usda-minswap-lp-stable.json",1531,F4547960
liqwid-portable-data,1,"raw/api/fetches/20260717T144037681Z/market-history/usdm.json",1585,BB035007
liqwid-portable-data,1,"raw/api/fetches/20260717T144037681Z/market-history/usdt.json",1604,979C58AB
liqwid-portable-data,1,"raw/api/fetches/20260717T144037681Z/market-history/wmt.json",1536,1B0DFD29
liqwid-portable-data,1,"raw/api/fetches/20260717T144037681Z/market-params-history/ada.json",1435,108B0ADC
liqwid-portable-data,1,"raw/api/fetches/20260717T144037681Z/market-params-history/agix.json",1435,0948EE6D
liqwid-portable-data,1,"raw/api/fetches/20260717T144037681Z/market-params-history/btc.json",1385,C6848352
liqwid-portable-data,1,"raw/api/fetches/20260717T144037681Z/market-params-history/copi.json",1389,07F482C7
liqwid-portable-data,1,"raw/api/fetches/20260717T144037681Z/market-params-history/dai.json",1418,E2DD3438
liqwid-portable-data,1,"raw/api/fetches/20260717T144037681Z/market-params-history/djed.json",1429,A0E53637
liqwid-portable-data,1,"raw/api/fetches/20260717T144037681Z/market-params-history/erg.json",1385,5A5E0065
liqwid-portable-data,1,"raw/api/fetches/20260717T144037681Z/market-params-history/eth.json",1385,D19D64DA
liqwid-portable-data,1,"raw/api/fetches/20260717T144037681Z/market-params-history/eurc.json",1420,29CCAFB0
liqwid-portable-data,1,"raw/api/fetches/20260717T144037681Z/market-params-history/iag.json",1387,8066FF3B
liqwid-portable-data,1,"raw/api/fetches/20260717T144037681Z/market-params-history/iusd.json",1427,E5D993DB
liqwid-portable-data,1,"raw/api/fetches/20260717T144037681Z/market-params-history/lq.json",1275,23A69AE0
liqwid-portable-data,1,"raw/api/fetches/20260717T144037681Z/market-params-history/min.json",1388,1597C11F
liqwid-portable-data,1,"raw/api/fetches/20260717T144037681Z/market-params-history/night.json",1393,8A67577A
liqwid-portable-data,1,"raw/api/fetches/20260717T144037681Z/market-params-history/pol.json",1284,924A0BC8
liqwid-portable-data,1,"raw/api/fetches/20260717T144037681Z/market-params-history/pyusd.json",1422,E624387B
liqwid-portable-data,1,"raw/api/fetches/20260717T144037681Z/market-params-history/shen.json",1389,5834DC70
liqwid-portable-data,1,"raw/api/fetches/20260717T144037681Z/market-params-history/snek.json",1391,35523C1C
liqwid-portable-data,1,"raw/api/fetches/20260717T144037681Z/market-params-history/usda.json",1421,CA11B11F
liqwid-portable-data,1,"raw/api/fetches/20260717T144037681Z/market-params-history/usdc.json",1419,F10FE1B5
liqwid-portable-data,1,"raw/api/fetches/20260717T144037681Z/market-params-history/usdcx-usdm-sundae-lp-stableswap.json",1471,2B51BE52
liqwid-portable-data,1,"raw/api/fetches/20260717T144037681Z/market-params-history/usdcx.json",1417,52DDE2E2
liqwid-portable-data,1,"raw/api/fetches/20260717T144037681Z/market-params-history/usdm-usda-minswap-lp-stable.json",1426,3F9E2379
liqwid-portable-data,1,"raw/api/fetches/20260717T144037681Z/market-params-history/usdm.json",1423,11BF8869
liqwid-portable-data,1,"raw/api/fetches/20260717T144037681Z/market-params-history/usdt.json",1419,C536D7AA
liqwid-portable-data,1,"raw/api/fetches/20260717T144037681Z/market-params-history/wmt.json",1394,8238DCA8
liqwid-portable-data,1,"raw/api/fetches/20260717T144037681Z/markets/page-0000.json",20122,897AB09E
liqwid-portable-data,1,"raw/api/fetches/20260717T144037681Z/protocol-fees/2026-07-01.json",1608,CC9CE2A3
liqwid-portable-data,1,"raw/api/fetches/20260717T144037681Z/protocol-overview/monthly/2023-02-01.json",755,B13BE100
liqwid-portable-data,1,"raw/api/fetches/20260717T144037681Z/protocol-overview/monthly/2026-07-01.json",756,31FA9153
liqwid-portable-data,1,"raw/api/fetches/20260717T161122637Z/loans/active-debt.json",288970,15488B3A
liqwid-portable-data,1,"raw/api/fetches/20260717T161122637Z/loans/collateral-bearing.json",383237,E9BA746B
liqwid-portable-data,1,"raw/api/fetches/20260717T161122637Z/loans/liquidatable.json",901,BB95752A
liqwid-portable-data,1,"raw/api/fetches/20260717T161122637Z/market-history/ada.json",1023,50BE06CB
liqwid-portable-data,1,"raw/api/fetches/20260717T161122637Z/market-history/agix.json",1025,D492A64A
liqwid-portable-data,1,"raw/api/fetches/20260717T161122637Z/market-history/btc.json",1023,565AE9A7
liqwid-portable-data,1,"raw/api/fetches/20260717T161122637Z/market-history/copi.json",1025,3FECA148
liqwid-portable-data,1,"raw/api/fetches/20260717T161122637Z/market-history/dai.json",1023,B16550CC
liqwid-portable-data,1,"raw/api/fetches/20260717T161122637Z/market-history/djed.json",1025,487D1E4B
liqwid-portable-data,1,"raw/api/fetches/20260717T161122637Z/market-history/erg.json",1023,06FE7E39
liqwid-portable-data,1,"raw/api/fetches/20260717T161122637Z/market-history/eth.json",1023,3D69826B
liqwid-portable-data,1,"raw/api/fetches/20260717T161122637Z/market-history/eurc.json",1025,1F8D67F4
liqwid-portable-data,1,"raw/api/fetches/20260717T161122637Z/market-history/iag.json",1023,0C83FA8D
liqwid-portable-data,1,"raw/api/fetches/20260717T161122637Z/market-history/iusd.json",1025,A4D81CE7
liqwid-portable-data,1,"raw/api/fetches/20260717T161122637Z/market-history/lq.json",1021,9F7D4C9B
liqwid-portable-data,1,"raw/api/fetches/20260717T161122637Z/market-history/min.json",1023,E8389523
liqwid-portable-data,1,"raw/api/fetches/20260717T161122637Z/market-history/night.json",1027,4FD8B1F3
liqwid-portable-data,1,"raw/api/fetches/20260717T161122637Z/market-history/pol.json",1023,0C2A862A
liqwid-portable-data,1,"raw/api/fetches/20260717T161122637Z/market-history/pyusd.json",1027,56F46CF5
liqwid-portable-data,1,"raw/api/fetches/20260717T161122637Z/market-history/shen.json",1025,BD3B1E7B
liqwid-portable-data,1,"raw/api/fetches/20260717T161122637Z/market-history/snek.json",1025,13DD3994
liqwid-portable-data,1,"raw/api/fetches/20260717T161122637Z/market-history/usda.json",1025,19F01FD2
liqwid-portable-data,1,"raw/api/fetches/20260717T161122637Z/market-history/usdc.json",1025,C77B900C
liqwid-portable-data,1,"raw/api/fetches/20260717T161122637Z/market-history/usdcx-usdm-sundae-lp-stableswap.json",1079,138AFC70
liqwid-portable-data,1,"raw/api/fetches/20260717T161122637Z/market-history/usdcx.json",1027,3F426834
liqwid-portable-data,1,"raw/api/fetches/20260717T161122637Z/market-history/usdm-usda-minswap-lp-stable.json",1071,535AF6EE
liqwid-portable-data,1,"raw/api/fetches/20260717T161122637Z/market-history/usdm.json",1025,B35A35D5
liqwid-portable-data,1,"raw/api/fetches/20260717T161122637Z/market-history/usdt.json",1025,523AA075
liqwid-portable-data,1,"raw/api/fetches/20260717T161122637Z/market-history/wmt.json",1023,D8EC6C1B
liqwid-portable-data,1,"raw/api/fetches/20260717T161122637Z/markets/page-0000.json",20098,48D506F4
liqwid-portable-data,1,"raw/api/fetches/20260717T161122637Z/protocol-fees/coverage/2023-02-02.json",1136,1619C1E8
liqwid-portable-data,1,"raw/api/fetches/20260717T161122637Z/protocol-fees/coverage/2024-10-24.json",1136,E6F3238B
liqwid-portable-data,1,"raw/api/fetches/20260717T161122637Z/protocol-fees/coverage/2025-09-04.json",1136,405AAE72
liqwid-portable-data,1,"raw/api/fetches/20260717T161122637Z/protocol-fees/coverage/2025-11-21.json",1136,9B5B48CA
liqwid-portable-data,1,"raw/api/fetches/20260717T161122637Z/protocol-fees/coverage/2025-12-30.json",1136,111F7EEC
liqwid-portable-data,1,"raw/api/fetches/20260717T161122637Z/protocol-fees/coverage/2025-12-31.json",1136,874493F4
liqwid-portable-data,1,"raw/api/fetches/20260717T161122637Z/protocol-fees/coverage/2026-01-01.json",1627,41FC73C9
liqwid-portable-data,1,"raw/api/fetches/20260717T161122637Z/protocol-fees/coverage/2026-01-04.json",1634,3AA04350
liqwid-portable-data,1,"raw/api/fetches/20260717T161122637Z/protocol-fees/coverage/2026-01-09.json",1639,9A84780E
liqwid-portable-data,1,"raw/api/fetches/20260717T161122637Z/protocol-fees/coverage/2026-01-19.json",1677,F85B0DEF
liqwid-portable-data,1,"raw/api/fetches/20260717T161122637Z/protocol-fees/coverage/2026-02-08.json",1633,38716B7E
liqwid-portable-data,1,"raw/api/fetches/20260717T161122637Z/protocol-fees/coverage/2026-07-16.json",1595,1639658D
liqwid-portable-data,1,"raw/api/fetches/20260717T161122637Z/protocol-fees/daily/2026-01-02.json",1640,6E828787
liqwid-portable-data,1,"raw/api/fetches/20260717T161122637Z/protocol-fees/daily/2026-01-03.json",1634,C77A8D98
liqwid-portable-data,1,"raw/api/fetches/20260717T161122637Z/protocol-fees/daily/2026-01-05.json",1675,BD6D6DDB
liqwid-portable-data,1,"raw/api/fetches/20260717T161122637Z/protocol-fees/daily/2026-01-06.json",1655,E7C5E31F
liqwid-portable-data,1,"raw/api/fetches/20260717T161122637Z/protocol-fees/daily/2026-01-07.json",1638,A2551386
liqwid-portable-data,1,"raw/api/fetches/20260717T161122637Z/protocol-fees/daily/2026-01-08.json",1644,3552703B
liqwid-portable-data,1,"raw/api/fetches/20260717T161122637Z/protocol-fees/daily/2026-01-10.json",1645,A187F2FD
liqwid-portable-data,1,"raw/api/fetches/20260717T161122637Z/protocol-fees/daily/2026-01-11.json",1624,648B89FB
liqwid-portable-data,1,"raw/api/fetches/20260717T161122637Z/protocol-fees/daily/2026-01-12.json",1669,953EE44A
liqwid-portable-data,1,"raw/api/fetches/20260717T161122637Z/protocol-fees/daily/2026-01-13.json",1651,34D334A3
liqwid-portable-data,1,"raw/api/fetches/20260717T161122637Z/protocol-fees/daily/2026-01-14.json",1662,B068B134
liqwid-portable-data,1,"raw/api/fetches/20260717T161122637Z/protocol-fees/daily/2026-01-15.json",1650,17532F53
liqwid-portable-data,1,"raw/api/fetches/20260717T161122637Z/protocol-fees/daily/2026-01-16.json",1644,4AADEA54
liqwid-portable-data,1,"raw/api/fetches/20260717T161122637Z/protocol-fees/daily/2026-01-17.json",1637,8A6FFF96
liqwid-portable-data,1,"raw/api/fetches/20260717T161122637Z/protocol-fees/daily/2026-01-18.json",1663,D23B7620
liqwid-portable-data,1,"raw/api/fetches/20260717T161122637Z/protocol-fees/daily/2026-01-20.json",1638,5FB80836
liqwid-portable-data,1,"raw/api/fetches/20260717T161122637Z/protocol-fees/daily/2026-01-21.json",1641,9EAE3E06
liqwid-portable-data,1,"raw/api/fetches/20260717T161122637Z/protocol-fees/daily/2026-01-22.json",1636,6AD2A101
liqwid-portable-data,1,"raw/api/fetches/20260717T161122637Z/protocol-fees/daily/2026-01-23.json",1635,87C2B77C
liqwid-portable-data,1,"raw/api/fetches/20260717T161122637Z/protocol-fees/daily/2026-01-24.json",1652,5D1D590D
liqwid-portable-data,1,"raw/api/fetches/20260717T161122637Z/protocol-fees/daily/2026-01-25.json",1649,E1A0586F
liqwid-portable-data,1,"raw/api/fetches/20260717T161122637Z/protocol-fees/daily/2026-01-26.json",1660,F5EB943D
liqwid-portable-data,1,"raw/api/fetches/20260717T161122637Z/protocol-fees/daily/2026-01-27.json",1654,1A440DC0
liqwid-portable-data,1,"raw/api/fetches/20260717T161122637Z/protocol-fees/daily/2026-01-28.json",1640,49FFBC54
liqwid-portable-data,1,"raw/api/fetches/20260717T161122637Z/protocol-fees/daily/2026-01-29.json",1671,E147FD8F
liqwid-portable-data,1,"raw/api/fetches/20260717T161122637Z/protocol-fees/daily/2026-01-30.json",1657,F924BC20
liqwid-portable-data,1,"raw/api/fetches/20260717T161122637Z/protocol-fees/daily/2026-01-31.json",1655,ACEA77FE
liqwid-portable-data,1,"raw/api/fetches/20260717T161122637Z/protocol-fees/daily/2026-02-01.json",1662,BDF05802
liqwid-portable-data,1,"raw/api/fetches/20260717T161122637Z/protocol-fees/daily/2026-02-02.json",1683,89784DA0
liqwid-portable-data,1,"raw/api/fetches/20260717T161122637Z/protocol-fees/daily/2026-02-03.json",1660,51E23F2A
liqwid-portable-data,1,"raw/api/fetches/20260717T161122637Z/protocol-fees/daily/2026-02-04.json",1633,1328BD32
liqwid-portable-data,1,"raw/api/fetches/20260717T161122637Z/protocol-fees/daily/2026-02-05.json",1481,201369BC
liqwid-portable-data,1,"raw/api/fetches/20260717T161122637Z/protocol-fees/daily/2026-02-06.json",1653,BD424C13
liqwid-portable-data,1,"raw/api/fetches/20260717T161122637Z/protocol-fees/daily/2026-02-07.json",1641,6A6C8174
liqwid-portable-data,1,"raw/api/fetches/20260717T161122637Z/protocol-fees/daily/2026-02-09.json",1685,38EBFD01
liqwid-portable-data,1,"raw/api/fetches/20260717T161122637Z/protocol-fees/daily/2026-02-10.json",1638,5550B054
liqwid-portable-data,1,"raw/api/fetches/20260717T161122637Z/protocol-fees/daily/2026-02-11.json",1645,8B19D028
liqwid-portable-data,1,"raw/api/fetches/20260717T161122637Z/protocol-fees/daily/2026-02-12.json",1640,6F320DFA
liqwid-portable-data,1,"raw/api/fetches/20260717T161122637Z/protocol-fees/daily/2026-02-13.json",1653,0B5E44CF
liqwid-portable-data,1,"raw/api/fetches/20260717T161122637Z/protocol-fees/daily/2026-02-14.json",1640,77BD883D
liqwid-portable-data,1,"raw/api/fetches/20260717T161122637Z/protocol-fees/daily/2026-02-15.json",1636,1A6C6BD8
liqwid-portable-data,1,"raw/api/fetches/20260717T161122637Z/protocol-fees/daily/2026-02-16.json",1667,D0FA9411
liqwid-portable-data,1,"raw/api/fetches/20260717T161122637Z/protocol-fees/daily/2026-02-17.json",1627,F218F302
liqwid-portable-data,1,"raw/api/fetches/20260717T161122637Z/protocol-fees/daily/2026-02-18.json",1656,BA172F6D
liqwid-portable-data,1,"raw/api/fetches/20260717T161122637Z/protocol-fees/daily/2026-02-19.json",1639,2FFCF427
liqwid-portable-data,1,"raw/api/fetches/20260717T161122637Z/protocol-fees/daily/2026-02-20.json",1635,B33B3272
liqwid-portable-data,1,"raw/api/fetches/20260717T161122637Z/protocol-fees/daily/2026-02-21.json",1634,824799D6
liqwid-portable-data,1,"raw/api/fetches/20260717T161122637Z/protocol-fees/daily/2026-02-22.json",1634,01FCC736
liqwid-portable-data,1,"raw/api/fetches/20260717T161122637Z/protocol-fees/daily/2026-02-23.json",1674,9D11DA52
liqwid-portable-data,1,"raw/api/fetches/20260717T161122637Z/protocol-fees/daily/2026-02-24.json",1641,AA22D5B7
liqwid-portable-data,1,"raw/api/fetches/20260717T161122637Z/protocol-fees/daily/2026-02-25.json",1638,E8431EEB
liqwid-portable-data,1,"raw/api/fetches/20260717T161122637Z/protocol-fees/daily/2026-02-26.json",1642,F017B500
liqwid-portable-data,1,"raw/api/fetches/20260717T161122637Z/protocol-fees/daily/2026-02-27.json",1638,2C85A221
liqwid-portable-data,1,"raw/api/fetches/20260717T161122637Z/protocol-fees/daily/2026-02-28.json",1668,AB4E5D59
liqwid-portable-data,1,"raw/api/fetches/20260717T161122637Z/protocol-fees/daily/2026-03-01.json",1638,A696080C
liqwid-portable-data,1,"raw/api/fetches/20260717T161122637Z/protocol-fees/daily/2026-03-02.json",1665,91C0B875
liqwid-portable-data,1,"raw/api/fetches/20260717T161122637Z/protocol-fees/daily/2026-03-03.json",1633,F9CFAF4B
liqwid-portable-data,1,"raw/api/fetches/20260717T161122637Z/protocol-fees/daily/2026-03-04.json",1639,BE32E3FF
liqwid-portable-data,1,"raw/api/fetches/20260717T161122637Z/protocol-fees/daily/2026-03-05.json",1644,347C0F91
liqwid-portable-data,1,"raw/api/fetches/20260717T161122637Z/protocol-fees/daily/2026-03-06.json",1634,8A6E8D30
liqwid-portable-data,1,"raw/api/fetches/20260717T161122637Z/protocol-fees/daily/2026-03-07.json",1635,AC0CDC00
liqwid-portable-data,1,"raw/api/fetches/20260717T161122637Z/protocol-fees/daily/2026-03-08.json",1639,E2D828C7
liqwid-portable-data,1,"raw/api/fetches/20260717T161122637Z/protocol-fees/daily/2026-03-09.json",1663,30E55FB1
liqwid-portable-data,1,"raw/api/fetches/20260717T161122637Z/protocol-fees/daily/2026-03-10.json",1646,6E42D25A
liqwid-portable-data,1,"raw/api/fetches/20260717T161122637Z/protocol-fees/daily/2026-03-11.json",1661,0783079E
liqwid-portable-data,1,"raw/api/fetches/20260717T161122637Z/protocol-fees/daily/2026-03-12.json",1637,655B5F45
liqwid-portable-data,1,"raw/api/fetches/20260717T161122637Z/protocol-fees/daily/2026-03-13.json",1643,9521A9E6
liqwid-portable-data,1,"raw/api/fetches/20260717T161122637Z/protocol-fees/daily/2026-03-14.json",1636,647EA423
liqwid-portable-data,1,"raw/api/fetches/20260717T161122637Z/protocol-fees/daily/2026-03-15.json",1659,FBD9796D
liqwid-portable-data,1,"raw/api/fetches/20260717T161122637Z/protocol-fees/daily/2026-03-16.json",1664,E0BC561B
liqwid-portable-data,1,"raw/api/fetches/20260717T161122637Z/protocol-fees/daily/2026-03-17.json",1650,0A18C7EA
liqwid-portable-data,1,"raw/api/fetches/20260717T161122637Z/protocol-fees/daily/2026-03-18.json",1652,C56B016E
liqwid-portable-data,1,"raw/api/fetches/20260717T161122637Z/protocol-fees/daily/2026-03-19.json",1661,6BC725DF
liqwid-portable-data,1,"raw/api/fetches/20260717T161122637Z/protocol-fees/daily/2026-03-20.json",1670,4CCF8BD2
liqwid-portable-data,1,"raw/api/fetches/20260717T161122637Z/protocol-fees/daily/2026-03-21.json",1653,6FE7AB66
liqwid-portable-data,1,"raw/api/fetches/20260717T161122637Z/protocol-fees/daily/2026-03-22.json",1659,EFC928C2
liqwid-portable-data,1,"raw/api/fetches/20260717T161122637Z/protocol-fees/daily/2026-03-23.json",1672,1A71E2CA
liqwid-portable-data,1,"raw/api/fetches/20260717T161122637Z/protocol-fees/daily/2026-03-24.json",1646,D46C3D3E
liqwid-portable-data,1,"raw/api/fetches/20260717T161122637Z/protocol-fees/daily/2026-03-25.json",1660,26588401
liqwid-portable-data,1,"raw/api/fetches/20260717T161122637Z/protocol-fees/daily/2026-03-26.json",1644,3748B43A
liqwid-portable-data,1,"raw/api/fetches/20260717T161122637Z/protocol-fees/daily/2026-03-27.json",1655,F7DE8A3E
liqwid-portable-data,1,"raw/api/fetches/20260717T161122637Z/protocol-fees/daily/2026-03-28.json",1643,C2CD6060
liqwid-portable-data,1,"raw/api/fetches/20260717T161122637Z/protocol-fees/daily/2026-03-29.json",1655,94A6F6CB
liqwid-portable-data,1,"raw/api/fetches/20260717T161122637Z/protocol-fees/daily/2026-03-30.json",1673,D67F0D67
liqwid-portable-data,1,"raw/api/fetches/20260717T161122637Z/protocol-fees/daily/2026-03-31.json",1642,6D29BCEF
liqwid-portable-data,1,"raw/api/fetches/20260717T161122637Z/protocol-fees/daily/2026-04-01.json",1635,A280A31E
liqwid-portable-data,1,"raw/api/fetches/20260717T161122637Z/protocol-fees/daily/2026-04-02.json",1639,3F4D0B63
liqwid-portable-data,1,"raw/api/fetches/20260717T161122637Z/protocol-fees/daily/2026-04-03.json",1638,F5B543D3
liqwid-portable-data,1,"raw/api/fetches/20260717T161122637Z/protocol-fees/daily/2026-04-04.json",1644,F9F27FF2
liqwid-portable-data,1,"raw/api/fetches/20260717T161122637Z/protocol-fees/daily/2026-04-05.json",1655,6F86CED5
liqwid-portable-data,1,"raw/api/fetches/20260717T161122637Z/protocol-fees/daily/2026-04-06.json",1681,BFD90190
liqwid-portable-data,1,"raw/api/fetches/20260717T161122637Z/protocol-fees/daily/2026-04-07.json",1638,27CBEA99
liqwid-portable-data,1,"raw/api/fetches/20260717T161122637Z/protocol-fees/daily/2026-04-08.json",1635,5B6C49C1
liqwid-portable-data,1,"raw/api/fetches/20260717T161122637Z/protocol-fees/daily/2026-04-09.json",1677,59866D56
liqwid-portable-data,1,"raw/api/fetches/20260717T161122637Z/protocol-fees/daily/2026-04-10.json",1649,332EE2DB
liqwid-portable-data,1,"raw/api/fetches/20260717T161122637Z/protocol-fees/daily/2026-04-11.json",1656,B0FB29F8
liqwid-portable-data,1,"raw/api/fetches/20260717T161122637Z/protocol-fees/daily/2026-04-12.json",1661,51382D9F
liqwid-portable-data,1,"raw/api/fetches/20260717T161122637Z/protocol-fees/daily/2026-04-13.json",1668,8F58F3B2
liqwid-portable-data,1,"raw/api/fetches/20260717T161122637Z/protocol-fees/daily/2026-04-14.json",1665,4564C2F0
liqwid-portable-data,1,"raw/api/fetches/20260717T161122637Z/protocol-fees/daily/2026-04-15.json",1643,25929871
liqwid-portable-data,1,"raw/api/fetches/20260717T161122637Z/protocol-fees/daily/2026-04-16.json",1644,0D8BE3EE
liqwid-portable-data,1,"raw/api/fetches/20260717T161122637Z/protocol-fees/daily/2026-04-17.json",1645,83B3763A
liqwid-portable-data,1,"raw/api/fetches/20260717T161122637Z/protocol-fees/daily/2026-04-18.json",1635,77E8539C
liqwid-portable-data,1,"raw/api/fetches/20260717T161122637Z/protocol-fees/daily/2026-04-19.json",1648,662C2D57
liqwid-portable-data,1,"raw/api/fetches/20260717T161122637Z/protocol-fees/daily/2026-04-20.json",1665,88F1CB2E
liqwid-portable-data,1,"raw/api/fetches/20260717T161122637Z/protocol-fees/daily/2026-04-21.json",1640,72D10AA3
liqwid-portable-data,1,"raw/api/fetches/20260717T161122637Z/protocol-fees/daily/2026-04-22.json",1644,10113DA7
liqwid-portable-data,1,"raw/api/fetches/20260717T161122637Z/protocol-fees/daily/2026-04-23.json",1639,554258AE
liqwid-portable-data,1,"raw/api/fetches/20260717T161122637Z/protocol-fees/daily/2026-04-24.json",1677,4E4F2E5C
liqwid-portable-data,1,"raw/api/fetches/20260717T161122637Z/protocol-fees/daily/2026-04-25.json",1635,F3351DCB
liqwid-portable-data,1,"raw/api/fetches/20260717T161122637Z/protocol-fees/daily/2026-04-26.json",1635,15746347
liqwid-portable-data,1,"raw/api/fetches/20260717T161122637Z/protocol-fees/daily/2026-04-27.json",1665,D82FD331
liqwid-portable-data,1,"raw/api/fetches/20260717T161122637Z/protocol-fees/daily/2026-04-28.json",1649,710F8A29
liqwid-portable-data,1,"raw/api/fetches/20260717T161122637Z/protocol-fees/daily/2026-04-29.json",1662,B83A512E
liqwid-portable-data,1,"raw/api/fetches/20260717T161122637Z/protocol-fees/daily/2026-04-30.json",1638,36C3948E
liqwid-portable-data,1,"raw/api/fetches/20260717T161122637Z/protocol-fees/daily/2026-05-01.json",1646,9A7D148B
liqwid-portable-data,1,"raw/api/fetches/20260717T161122637Z/protocol-fees/daily/2026-05-02.json",1644,62DC674C
liqwid-portable-data,1,"raw/api/fetches/20260717T161122637Z/protocol-fees/daily/2026-05-03.json",1651,4483CA73
liqwid-portable-data,1,"raw/api/fetches/20260717T161122637Z/protocol-fees/daily/2026-05-04.json",1695,35E16615
liqwid-portable-data,1,"raw/api/fetches/20260717T161122637Z/protocol-fees/daily/2026-05-05.json",1649,2E74FA2C
liqwid-portable-data,1,"raw/api/fetches/20260717T161122637Z/protocol-fees/daily/2026-05-06.json",1645,4B2EE9E0
liqwid-portable-data,1,"raw/api/fetches/20260717T161122637Z/protocol-fees/daily/2026-05-07.json",1647,40A86E76
liqwid-portable-data,1,"raw/api/fetches/20260717T161122637Z/protocol-fees/daily/2026-05-08.json",1639,C802670F
liqwid-portable-data,1,"raw/api/fetches/20260717T161122637Z/protocol-fees/daily/2026-05-09.json",1655,7D67756A
liqwid-portable-data,1,"raw/api/fetches/20260717T161122637Z/protocol-fees/daily/2026-05-10.json",1649,939FE043
liqwid-portable-data,1,"raw/api/fetches/20260717T161122637Z/protocol-fees/daily/2026-05-11.json",1674,6F66B938
liqwid-portable-data,1,"raw/api/fetches/20260717T161122637Z/protocol-fees/daily/2026-05-12.json",1639,A8A118D8
liqwid-portable-data,1,"raw/api/fetches/20260717T161122637Z/protocol-fees/daily/2026-05-13.json",1640,EC61F3CD
liqwid-portable-data,1,"raw/api/fetches/20260717T161122637Z/protocol-fees/daily/2026-05-14.json",1651,894CD547
liqwid-portable-data,1,"raw/api/fetches/20260717T161122637Z/protocol-fees/daily/2026-05-15.json",1641,C876EBCE
liqwid-portable-data,1,"raw/api/fetches/20260717T161122637Z/protocol-fees/daily/2026-05-16.json",1635,ADFA5C98
liqwid-portable-data,1,"raw/api/fetches/20260717T161122637Z/protocol-fees/daily/2026-05-17.json",1628,1625D6FB
liqwid-portable-data,1,"raw/api/fetches/20260717T161122637Z/protocol-fees/daily/2026-05-18.json",1662,2FCB69CA
liqwid-portable-data,1,"raw/api/fetches/20260717T161122637Z/protocol-fees/daily/2026-05-19.json",1669,8BCCD2C2
liqwid-portable-data,1,"raw/api/fetches/20260717T161122637Z/protocol-fees/daily/2026-05-20.json",1650,10DF28B8
liqwid-portable-data,1,"raw/api/fetches/20260717T161122637Z/protocol-fees/daily/2026-05-21.json",1637,EAE35820
liqwid-portable-data,1,"raw/api/fetches/20260717T161122637Z/protocol-fees/daily/2026-05-22.json",1636,FC9AFD13
liqwid-portable-data,1,"raw/api/fetches/20260717T161122637Z/protocol-fees/daily/2026-05-23.json",1659,A66809C1
liqwid-portable-data,1,"raw/api/fetches/20260717T161122637Z/protocol-fees/daily/2026-05-24.json",1667,3041CA41
liqwid-portable-data,1,"raw/api/fetches/20260717T161122637Z/protocol-fees/daily/2026-05-25.json",1667,6531934B
liqwid-portable-data,1,"raw/api/fetches/20260717T161122637Z/protocol-fees/daily/2026-05-26.json",1641,D2BBF2C8
liqwid-portable-data,1,"raw/api/fetches/20260717T161122637Z/protocol-fees/daily/2026-05-27.json",1654,5C7F0E76
liqwid-portable-data,1,"raw/api/fetches/20260717T161122637Z/protocol-fees/daily/2026-05-28.json",1654,4A5F19B0
liqwid-portable-data,1,"raw/api/fetches/20260717T161122637Z/protocol-fees/daily/2026-05-29.json",1650,4A4808C9
liqwid-portable-data,1,"raw/api/fetches/20260717T161122637Z/protocol-fees/daily/2026-05-30.json",1638,F15ED18B
liqwid-portable-data,1,"raw/api/fetches/20260717T161122637Z/protocol-fees/daily/2026-05-31.json",1639,D9B1FFC1
liqwid-portable-data,1,"raw/api/fetches/20260717T161122637Z/protocol-fees/daily/2026-06-01.json",1688,068EEB43
liqwid-portable-data,1,"raw/api/fetches/20260717T161122637Z/protocol-fees/daily/2026-06-02.json",1661,F9DEC59F
liqwid-portable-data,1,"raw/api/fetches/20260717T161122637Z/protocol-fees/daily/2026-06-03.json",1667,FDC6265C
liqwid-portable-data,1,"raw/api/fetches/20260717T161122637Z/protocol-fees/daily/2026-06-04.json",1654,697B542A
liqwid-portable-data,1,"raw/api/fetches/20260717T161122637Z/protocol-fees/daily/2026-06-05.json",1660,377DFAD2
liqwid-portable-data,1,"raw/api/fetches/20260717T161122637Z/protocol-fees/daily/2026-06-06.json",1659,C373ED6A
liqwid-portable-data,1,"raw/api/fetches/20260717T161122637Z/protocol-fees/daily/2026-06-07.json",1629,2A85A20B
liqwid-portable-data,1,"raw/api/fetches/20260717T161122637Z/protocol-fees/daily/2026-06-08.json",1677,CC5003A5
liqwid-portable-data,1,"raw/api/fetches/20260717T161122637Z/protocol-fees/daily/2026-06-09.json",1634,6AA82354
liqwid-portable-data,1,"raw/api/fetches/20260717T161122637Z/protocol-fees/daily/2026-06-10.json",1655,1B0C50BB
liqwid-portable-data,1,"raw/api/fetches/20260717T161122637Z/protocol-fees/daily/2026-06-11.json",1648,B37EAA75
liqwid-portable-data,1,"raw/api/fetches/20260717T161122637Z/protocol-fees/daily/2026-06-12.json",1664,85132FFA
liqwid-portable-data,1,"raw/api/fetches/20260717T161122637Z/protocol-fees/daily/2026-06-13.json",1653,35F5C7E2
liqwid-portable-data,1,"raw/api/fetches/20260717T161122637Z/protocol-fees/daily/2026-06-14.json",1634,AB9A2963
liqwid-portable-data,1,"raw/api/fetches/20260717T161122637Z/protocol-fees/daily/2026-06-15.json",1664,BB0C56B9
liqwid-portable-data,1,"raw/api/fetches/20260717T161122637Z/protocol-fees/daily/2026-06-16.json",1639,6AE1C056
liqwid-portable-data,1,"raw/api/fetches/20260717T161122637Z/protocol-fees/daily/2026-06-17.json",1648,D1A47542
liqwid-portable-data,1,"raw/api/fetches/20260717T161122637Z/protocol-fees/daily/2026-06-18.json",1655,13046E87
liqwid-portable-data,1,"raw/api/fetches/20260717T161122637Z/protocol-fees/daily/2026-06-19.json",1641,B5CD7212
liqwid-portable-data,1,"raw/api/fetches/20260717T161122637Z/protocol-fees/daily/2026-06-20.json",1648,49BBB3FF
liqwid-portable-data,1,"raw/api/fetches/20260717T161122637Z/protocol-fees/daily/2026-06-21.json",1655,4D22B997
liqwid-portable-data,1,"raw/api/fetches/20260717T161122637Z/protocol-fees/daily/2026-06-22.json",1636,50A3EF48
liqwid-portable-data,1,"raw/api/fetches/20260717T161122637Z/protocol-fees/daily/2026-06-23.json",1679,5F986469
liqwid-portable-data,1,"raw/api/fetches/20260717T161122637Z/protocol-fees/daily/2026-06-24.json",1650,15B405CC
liqwid-portable-data,1,"raw/api/fetches/20260717T161122637Z/protocol-fees/daily/2026-06-25.json",1630,F9470CF1
liqwid-portable-data,1,"raw/api/fetches/20260717T161122637Z/protocol-fees/daily/2026-06-26.json",1653,68A2D2D7
liqwid-portable-data,1,"raw/api/fetches/20260717T161122637Z/protocol-fees/daily/2026-06-27.json",1639,8BCB9674
liqwid-portable-data,1,"raw/api/fetches/20260717T161122637Z/protocol-fees/daily/2026-06-28.json",1650,F08F964D
liqwid-portable-data,1,"raw/api/fetches/20260717T161122637Z/protocol-fees/daily/2026-06-29.json",1615,42146494
liqwid-portable-data,1,"raw/api/fetches/20260717T161122637Z/protocol-fees/daily/2026-06-30.json",1614,4CAD23C9
liqwid-portable-data,1,"raw/api/fetches/20260717T161122637Z/protocol-fees/daily/2026-07-01.json",1612,518A972C
liqwid-portable-data,1,"raw/api/fetches/20260717T161122637Z/protocol-fees/daily/2026-07-02.json",1616,B3175811
liqwid-portable-data,1,"raw/api/fetches/20260717T161122637Z/protocol-fees/daily/2026-07-03.json",1625,85ACA567
liqwid-portable-data,1,"raw/api/fetches/20260717T161122637Z/protocol-fees/daily/2026-07-04.json",1614,36D2E64C
liqwid-portable-data,1,"raw/api/fetches/20260717T161122637Z/protocol-fees/daily/2026-07-05.json",1617,319D7944
liqwid-portable-data,1,"raw/api/fetches/20260717T161122637Z/protocol-fees/daily/2026-07-06.json",1616,64D1C041
liqwid-portable-data,1,"raw/api/fetches/20260717T161122637Z/protocol-fees/daily/2026-07-07.json",1612,15329353
liqwid-portable-data,1,"raw/api/fetches/20260717T161122637Z/protocol-fees/daily/2026-07-08.json",1627,2DDD2C2E
liqwid-portable-data,1,"raw/api/fetches/20260717T161122637Z/protocol-fees/daily/2026-07-09.json",1617,04D06A66
liqwid-portable-data,1,"raw/api/fetches/20260717T161122637Z/protocol-fees/daily/2026-07-10.json",1614,FBB61117
liqwid-portable-data,1,"raw/api/fetches/20260717T161122637Z/protocol-fees/daily/2026-07-11.json",1612,92DF3ACB
liqwid-portable-data,1,"raw/api/fetches/20260717T161122637Z/protocol-fees/daily/2026-07-12.json",1614,476005A9
liqwid-portable-data,1,"raw/api/fetches/20260717T161122637Z/protocol-fees/daily/2026-07-13.json",1628,7DAA94E8
liqwid-portable-data,1,"raw/api/fetches/20260717T161122637Z/protocol-fees/daily/2026-07-14.json",1605,DA4BC27E
liqwid-portable-data,1,"raw/api/fetches/20260717T161122637Z/protocol-fees/daily/2026-07-15.json",1614,0A2D0086
liqwid-portable-data,1,"raw/api/fetches/20260717T161122637Z/protocol-overview/monthly/2023-02-01.json",755,486B4B23
liqwid-portable-data,1,"raw/api/fetches/20260717T161122637Z/protocol-overview/monthly/2026-07-01.json",756,9364B08B
liqwid-portable-data,1,"raw/api/fetches/20260717T161934136Z/loans/active-debt.json",288970,9D7BFEAA
liqwid-portable-data,1,"raw/api/fetches/20260717T161934136Z/loans/collateral-bearing.json",383237,2D6EAE25
liqwid-portable-data,1,"raw/api/fetches/20260717T161934136Z/loans/liquidatable.json",901,F2C55194
liqwid-portable-data,1,"raw/api/fetches/20260717T161934136Z/market-history/ada.json",1023,EADFA7BE
liqwid-portable-data,1,"raw/api/fetches/20260717T161934136Z/market-history/agix.json",1025,270B02E6
liqwid-portable-data,1,"raw/api/fetches/20260717T161934136Z/market-history/btc.json",1023,EC3B48D2
liqwid-portable-data,1,"raw/api/fetches/20260717T161934136Z/market-history/copi.json",1025,CC7505E4
liqwid-portable-data,1,"raw/api/fetches/20260717T161934136Z/market-history/dai.json",1023,0B04F1B9
liqwid-portable-data,1,"raw/api/fetches/20260717T161934136Z/market-history/djed.json",1025,BBE4BAE7
liqwid-portable-data,1,"raw/api/fetches/20260717T161934136Z/market-history/erg.json",1023,BC9FDF4C
liqwid-portable-data,1,"raw/api/fetches/20260717T161934136Z/market-history/eth.json",1023,8708231E
liqwid-portable-data,1,"raw/api/fetches/20260717T161934136Z/market-history/eurc.json",1025,EC14C358
liqwid-portable-data,1,"raw/api/fetches/20260717T161934136Z/market-history/iag.json",1023,B6E25BF8
liqwid-portable-data,1,"raw/api/fetches/20260717T161934136Z/market-history/iusd.json",1025,5741B84B
liqwid-portable-data,1,"raw/api/fetches/20260717T161934136Z/market-history/lq.json",1021,03E49CA0
liqwid-portable-data,1,"raw/api/fetches/20260717T161934136Z/market-history/min.json",1023,52593456
liqwid-portable-data,1,"raw/api/fetches/20260717T161934136Z/market-history/night.json",1027,9CD1D67E
liqwid-portable-data,1,"raw/api/fetches/20260717T161934136Z/market-history/pol.json",1023,B64B275F
liqwid-portable-data,1,"raw/api/fetches/20260717T161934136Z/market-history/pyusd.json",1027,85FD0B78
liqwid-portable-data,1,"raw/api/fetches/20260717T161934136Z/market-history/shen.json",1025,4EA2BAD7
liqwid-portable-data,1,"raw/api/fetches/20260717T161934136Z/market-history/snek.json",1025,E0449D38
liqwid-portable-data,1,"raw/api/fetches/20260717T161934136Z/market-history/usda.json",1025,EA69BB7E
liqwid-portable-data,1,"raw/api/fetches/20260717T161934136Z/market-history/usdc.json",1025,34E234A0
liqwid-portable-data,1,"raw/api/fetches/20260717T161934136Z/market-history/usdcx-usdm-sundae-lp-stableswap.json",1079,AC38D184
liqwid-portable-data,1,"raw/api/fetches/20260717T161934136Z/market-history/usdcx.json",1027,EC4B0FB9
liqwid-portable-data,1,"raw/api/fetches/20260717T161934136Z/market-history/usdm-usda-minswap-lp-stable.json",1071,CAD9575F
liqwid-portable-data,1,"raw/api/fetches/20260717T161934136Z/market-history/usdm.json",1025,40C39179
liqwid-portable-data,1,"raw/api/fetches/20260717T161934136Z/market-history/usdt.json",1025,A1A304D9
liqwid-portable-data,1,"raw/api/fetches/20260717T161934136Z/market-history/wmt.json",1023,628DCD6E
liqwid-portable-data,1,"raw/api/fetches/20260717T161934136Z/markets/page-0000.json",20098,B2BA236D
liqwid-portable-data,1,"raw/api/fetches/20260717T161934136Z/protocol-overview/daily/2023-02-02.json",911,7094AB63
liqwid-portable-data,1,"raw/api/fetches/20260717T161934136Z/protocol-overview/daily/2023-02-03.json",914,DCD50BDD
liqwid-portable-data,1,"raw/api/fetches/20260717T161934136Z/protocol-overview/daily/2023-02-04.json",914,DF654D30
liqwid-portable-data,1,"raw/api/fetches/20260717T161934136Z/protocol-overview/daily/2023-02-05.json",919,84451050
liqwid-portable-data,1,"raw/api/fetches/20260717T161934136Z/protocol-overview/daily/2023-02-06.json",916,30DB5F0E
liqwid-portable-data,1,"raw/api/fetches/20260717T161934136Z/protocol-overview/daily/2023-02-07.json",916,D425AB66
liqwid-portable-data,1,"raw/api/fetches/20260717T161934136Z/protocol-overview/daily/2023-02-08.json",912,0B5834CF
liqwid-portable-data,1,"raw/api/fetches/20260717T161934136Z/protocol-overview/daily/2023-02-09.json",880,3673CAD4
liqwid-portable-data,1,"raw/api/fetches/20260717T161934136Z/protocol-overview/daily/2023-02-10.json",920,F591FA6B
liqwid-portable-data,1,"raw/api/fetches/20260717T161934136Z/protocol-overview/daily/2023-02-11.json",928,46663D95
liqwid-portable-data,1,"raw/api/fetches/20260717T161934136Z/protocol-overview/daily/2023-02-12.json",911,25BC2238
liqwid-portable-data,1,"raw/api/fetches/20260717T161934136Z/protocol-overview/daily/2023-02-13.json",914,78698808
liqwid-portable-data,1,"raw/api/fetches/20260717T161934136Z/protocol-overview/daily/2023-02-14.json",916,28F15A2F
liqwid-portable-data,1,"raw/api/fetches/20260717T161934136Z/protocol-overview/daily/2023-02-15.json",914,DB21242D
liqwid-portable-data,1,"raw/api/fetches/20260717T161934136Z/protocol-overview/daily/2023-02-16.json",912,38BC5A37
liqwid-portable-data,1,"raw/api/fetches/20260717T161934136Z/protocol-overview/daily/2023-02-17.json",911,D0694D0C
liqwid-portable-data,1,"raw/api/fetches/20260717T161934136Z/protocol-overview/daily/2023-02-18.json",913,33CA064C
liqwid-portable-data,1,"raw/api/fetches/20260717T161934136Z/protocol-overview/daily/2023-02-19.json",922,8178E4BE
liqwid-portable-data,1,"raw/api/fetches/20260717T161934136Z/protocol-overview/daily/2023-02-20.json",915,4CCF7048
liqwid-portable-data,1,"raw/api/fetches/20260717T161934136Z/protocol-overview/daily/2023-02-21.json",920,84AE2394
liqwid-portable-data,1,"raw/api/fetches/20260717T161934136Z/protocol-overview/daily/2023-02-22.json",913,22CCD361
liqwid-portable-data,1,"raw/api/fetches/20260717T161934136Z/protocol-overview/daily/2023-02-23.json",915,0890E872
liqwid-portable-data,1,"raw/api/fetches/20260717T161934136Z/protocol-overview/daily/2023-02-24.json",912,4CD04C04
liqwid-portable-data,1,"raw/api/fetches/20260717T161934136Z/protocol-overview/daily/2023-02-25.json",913,06C61155
liqwid-portable-data,1,"raw/api/fetches/20260717T161934136Z/protocol-overview/daily/2023-02-26.json",879,3520E91A
liqwid-portable-data,1,"raw/api/fetches/20260717T161934136Z/protocol-overview/daily/2023-02-27.json",923,AA87E5C7
liqwid-portable-data,1,"raw/api/fetches/20260717T161934136Z/protocol-overview/daily/2023-02-28.json",914,97FF2C64
liqwid-portable-data,1,"raw/api/fetches/20260717T161934136Z/protocol-overview/daily/2023-03-01.json",918,6FFF4121
liqwid-portable-data,1,"raw/api/fetches/20260717T161934136Z/protocol-overview/daily/2023-03-02.json",922,7874B72B
liqwid-portable-data,1,"raw/api/fetches/20260717T161934136Z/protocol-overview/daily/2023-03-03.json",916,5C36A314
liqwid-portable-data,1,"raw/api/fetches/20260717T161934136Z/protocol-overview/daily/2023-03-04.json",919,4D533845
liqwid-portable-data,1,"raw/api/fetches/20260717T161934136Z/protocol-overview/daily/2023-03-05.json",920,1ECC3E70
liqwid-portable-data,1,"raw/api/fetches/20260717T161934136Z/protocol-overview/daily/2023-03-06.json",924,AC48E124
liqwid-portable-data,1,"raw/api/fetches/20260717T161934136Z/protocol-overview/daily/2023-03-07.json",917,0A8B9152
liqwid-portable-data,1,"raw/api/fetches/20260717T161934136Z/protocol-overview/daily/2023-03-08.json",916,D06B400D
liqwid-portable-data,1,"raw/api/fetches/20260717T161934136Z/protocol-overview/daily/2023-03-09.json",913,36ECDDDB
liqwid-portable-data,1,"raw/api/fetches/20260717T161934136Z/protocol-overview/daily/2023-03-10.json",923,AB4B8C7F
liqwid-portable-data,1,"raw/api/fetches/20260717T161934136Z/protocol-overview/daily/2023-03-11.json",917,E7F72319
liqwid-portable-data,1,"raw/api/fetches/20260717T161934136Z/protocol-overview/daily/2023-03-12.json",915,D82CA0DE
liqwid-portable-data,1,"raw/api/fetches/20260717T161934136Z/protocol-overview/daily/2023-03-13.json",921,C4350826
liqwid-portable-data,1,"raw/api/fetches/20260717T161934136Z/protocol-overview/daily/2023-03-14.json",918,8AAC8994
liqwid-portable-data,1,"raw/api/fetches/20260717T161934136Z/protocol-overview/daily/2023-03-15.json",942,04A7A966
liqwid-portable-data,1,"raw/api/fetches/20260717T161934136Z/protocol-overview/daily/2023-03-16.json",922,2FCA1D7F
liqwid-portable-data,1,"raw/api/fetches/20260717T161934136Z/protocol-overview/daily/2023-03-17.json",918,7FE7429A
liqwid-portable-data,1,"raw/api/fetches/20260717T161934136Z/protocol-overview/daily/2023-03-18.json",918,D98277D6
liqwid-portable-data,1,"raw/api/fetches/20260717T161934136Z/protocol-overview/daily/2023-03-19.json",916,0464399F
liqwid-portable-data,1,"raw/api/fetches/20260717T161934136Z/protocol-overview/daily/2023-03-20.json",917,E34963D0
liqwid-portable-data,1,"raw/api/fetches/20260717T161934136Z/protocol-overview/daily/2023-03-21.json",923,F932FE38
liqwid-portable-data,1,"raw/api/fetches/20260717T161934136Z/protocol-overview/daily/2023-03-22.json",917,9A7D9875
liqwid-portable-data,1,"raw/api/fetches/20260717T161934136Z/protocol-overview/daily/2023-03-23.json",896,0F6D4000
liqwid-portable-data,1,"raw/api/fetches/20260717T161934136Z/protocol-overview/daily/2023-03-24.json",916,194B3FE5
liqwid-portable-data,1,"raw/api/fetches/20260717T161934136Z/protocol-overview/daily/2023-03-25.json",922,B96D249F
liqwid-portable-data,1,"raw/api/fetches/20260717T161934136Z/protocol-overview/daily/2023-03-26.json",918,4A726503
liqwid-portable-data,1,"raw/api/fetches/20260717T161934136Z/protocol-overview/daily/2023-03-27.json",913,DF55CC17
liqwid-portable-data,1,"raw/api/fetches/20260717T161934136Z/protocol-overview/daily/2023-03-28.json",910,D83BF5C2
liqwid-portable-data,1,"raw/api/fetches/20260717T161934136Z/protocol-overview/daily/2023-03-29.json",916,82402292
liqwid-portable-data,1,"raw/api/fetches/20260717T161934136Z/protocol-overview/daily/2023-03-30.json",920,1B77EA66
liqwid-portable-data,1,"raw/api/fetches/20260717T161934136Z/protocol-overview/daily/2023-03-31.json",922,F1541073
liqwid-portable-data,1,"raw/api/fetches/20260717T161934136Z/protocol-overview/daily/2023-04-01.json",912,7E75200A
liqwid-portable-data,1,"raw/api/fetches/20260717T161934136Z/protocol-overview/daily/2023-04-02.json",907,AC615087
liqwid-portable-data,1,"raw/api/fetches/20260717T161934136Z/protocol-overview/daily/2023-04-03.json",917,F8DB7850
liqwid-portable-data,1,"raw/api/fetches/20260717T161934136Z/protocol-overview/daily/2023-04-04.json",920,F365A4B3
liqwid-portable-data,1,"raw/api/fetches/20260717T161934136Z/protocol-overview/daily/2023-04-05.json",920,73970501
liqwid-portable-data,1,"raw/api/fetches/20260717T161934136Z/protocol-overview/daily/2023-04-06.json",926,FD8F51E3
liqwid-portable-data,1,"raw/api/fetches/20260717T161934136Z/protocol-overview/daily/2023-04-07.json",923,B8B90CD3
liqwid-portable-data,1,"raw/api/fetches/20260717T161934136Z/protocol-overview/daily/2023-04-08.json",917,33E03038
liqwid-portable-data,1,"raw/api/fetches/20260717T161934136Z/protocol-overview/daily/2023-04-09.json",926,86A1439F
liqwid-portable-data,1,"raw/api/fetches/20260717T161934136Z/protocol-overview/daily/2023-04-10.json",923,DF958D81
liqwid-portable-data,1,"raw/api/fetches/20260717T161934136Z/protocol-overview/daily/2023-04-11.json",924,25038A5E
liqwid-portable-data,1,"raw/api/fetches/20260717T161934136Z/protocol-overview/daily/2023-04-12.json",928,8D1BD83A
liqwid-portable-data,1,"raw/api/fetches/20260717T161934136Z/protocol-overview/daily/2023-04-13.json",923,77691342
liqwid-portable-data,1,"raw/api/fetches/20260717T161934136Z/protocol-overview/daily/2023-04-14.json",948,FCACAEC0
liqwid-portable-data,1,"raw/api/fetches/20260717T161934136Z/protocol-overview/daily/2023-04-15.json",928,8E22A6BA
liqwid-portable-data,1,"raw/api/fetches/20260717T161934136Z/protocol-overview/daily/2023-04-16.json",924,6688628A
liqwid-portable-data,1,"raw/api/fetches/20260717T161934136Z/protocol-overview/daily/2023-04-17.json",917,79D470C3
liqwid-portable-data,1,"raw/api/fetches/20260717T161934136Z/protocol-overview/daily/2023-04-18.json",916,84E168F9
liqwid-portable-data,1,"raw/api/fetches/20260717T161934136Z/protocol-overview/daily/2023-04-19.json",913,6FD563D9
liqwid-portable-data,1,"raw/api/fetches/20260717T161934136Z/protocol-overview/daily/2023-04-20.json",925,CE8D2363
liqwid-portable-data,1,"raw/api/fetches/20260717T161934136Z/protocol-overview/daily/2023-04-21.json",942,82F38A12
liqwid-portable-data,1,"raw/api/fetches/20260717T161934136Z/protocol-overview/daily/2023-04-22.json",918,7CB15620
liqwid-portable-data,1,"raw/api/fetches/20260717T161934136Z/protocol-overview/daily/2023-04-23.json",901,7AE1471C
liqwid-portable-data,1,"raw/api/fetches/20260717T161934136Z/protocol-overview/daily/2023-04-24.json",921,A8BA219F
liqwid-portable-data,1,"raw/api/fetches/20260717T161934136Z/protocol-overview/daily/2023-04-25.json",922,F81F71A0
liqwid-portable-data,1,"raw/api/fetches/20260717T161934136Z/protocol-overview/daily/2023-04-26.json",915,C98B83F5
liqwid-portable-data,1,"raw/api/fetches/20260717T161934136Z/protocol-overview/daily/2023-04-27.json",921,9996DF6B
liqwid-portable-data,1,"raw/api/fetches/20260717T161934136Z/protocol-overview/daily/2023-04-28.json",917,25027C43
liqwid-portable-data,1,"raw/api/fetches/20260717T161934136Z/protocol-overview/daily/2023-04-29.json",916,DB3BF7C4
liqwid-portable-data,1,"raw/api/fetches/20260717T161934136Z/protocol-overview/daily/2023-04-30.json",920,C28ADD5B
liqwid-portable-data,1,"raw/api/fetches/20260717T161934136Z/protocol-overview/daily/2023-05-01.json",920,ACEDDC0D
liqwid-portable-data,1,"raw/api/fetches/20260717T161934136Z/protocol-overview/daily/2023-05-02.json",918,E95EF154
liqwid-portable-data,1,"raw/api/fetches/20260717T161934136Z/protocol-overview/daily/2023-05-03.json",924,41700C77
liqwid-portable-data,1,"raw/api/fetches/20260717T161934136Z/protocol-overview/daily/2023-05-04.json",924,61A0281B
liqwid-portable-data,1,"raw/api/fetches/20260717T161934136Z/protocol-overview/daily/2023-05-05.json",921,12F5C572
liqwid-portable-data,1,"raw/api/fetches/20260717T161934136Z/protocol-overview/daily/2023-05-06.json",944,676499CB
liqwid-portable-data,1,"raw/api/fetches/20260717T161934136Z/protocol-overview/daily/2023-05-07.json",928,18EE24C3
liqwid-portable-data,1,"raw/api/fetches/20260717T161934136Z/protocol-overview/daily/2023-05-08.json",945,4BCC271E
liqwid-portable-data,1,"raw/api/fetches/20260717T161934136Z/protocol-overview/daily/2023-05-09.json",918,BE2A3F32
liqwid-portable-data,1,"raw/api/fetches/20260717T161934136Z/protocol-overview/daily/2023-05-10.json",916,67D33E07
liqwid-portable-data,1,"raw/api/fetches/20260717T161934136Z/protocol-overview/daily/2023-05-11.json",944,5CC834CE
liqwid-portable-data,1,"raw/api/fetches/20260717T161934136Z/protocol-overview/daily/2023-05-12.json",904,2FF7BA6D
liqwid-portable-data,1,"raw/api/fetches/20260717T161934136Z/protocol-overview/daily/2023-05-13.json",915,ED6A592C
liqwid-portable-data,1,"raw/api/fetches/20260717T161934136Z/protocol-overview/daily/2023-05-14.json",916,F12C4BC8
liqwid-portable-data,1,"raw/api/fetches/20260717T161934136Z/protocol-overview/daily/2023-05-15.json",918,3CAC41AA
liqwid-portable-data,1,"raw/api/fetches/20260717T161934136Z/protocol-overview/daily/2023-05-16.json",924,02489109
liqwid-portable-data,1,"raw/api/fetches/20260717T161934136Z/protocol-overview/daily/2023-05-17.json",914,87EB1496
liqwid-portable-data,1,"raw/api/fetches/20260717T161934136Z/protocol-overview/daily/2023-05-18.json",916,3FACC930
liqwid-portable-data,1,"raw/api/fetches/20260717T161934136Z/protocol-overview/daily/2023-05-19.json",900,58E583D0
liqwid-portable-data,1,"raw/api/fetches/20260717T161934136Z/protocol-overview/daily/2023-05-20.json",916,B2D8EB44
liqwid-portable-data,1,"raw/api/fetches/20260717T161934136Z/protocol-overview/daily/2023-05-21.json",921,177DDCE2
liqwid-portable-data,1,"raw/api/fetches/20260717T161934136Z/protocol-overview/daily/2023-05-22.json",926,66ADF7AC
liqwid-portable-data,1,"raw/api/fetches/20260717T161934136Z/protocol-overview/daily/2023-05-23.json",919,B764CDE4
liqwid-portable-data,1,"raw/api/fetches/20260717T161934136Z/protocol-overview/daily/2023-05-24.json",918,712173B3
liqwid-portable-data,1,"raw/api/fetches/20260717T161934136Z/protocol-overview/daily/2023-05-25.json",922,B97EB672
liqwid-portable-data,1,"raw/api/fetches/20260717T161934136Z/protocol-overview/daily/2023-05-26.json",921,CD13C8E2
liqwid-portable-data,1,"raw/api/fetches/20260717T161934136Z/protocol-overview/daily/2023-05-27.json",920,BB86EA43
liqwid-portable-data,1,"raw/api/fetches/20260717T161934136Z/protocol-overview/daily/2023-05-28.json",923,A2724913
liqwid-portable-data,1,"raw/api/fetches/20260717T161934136Z/protocol-overview/daily/2023-05-29.json",919,006A518D
liqwid-portable-data,1,"raw/api/fetches/20260717T161934136Z/protocol-overview/daily/2023-05-30.json",916,A8A9243D
liqwid-portable-data,1,"raw/api/fetches/20260717T161934136Z/protocol-overview/daily/2023-05-31.json",925,9B8AB70A
liqwid-portable-data,1,"raw/api/fetches/20260717T161934136Z/protocol-overview/daily/2023-06-01.json",929,496E95F1
liqwid-portable-data,1,"raw/api/fetches/20260717T161934136Z/protocol-overview/daily/2023-06-02.json",920,32B10C23
liqwid-portable-data,1,"raw/api/fetches/20260717T161934136Z/protocol-overview/daily/2023-06-03.json",927,A0F86A7C
liqwid-portable-data,1,"raw/api/fetches/20260717T161934136Z/protocol-overview/daily/2023-06-04.json",923,8E925BB4
liqwid-portable-data,1,"raw/api/fetches/20260717T161934136Z/protocol-overview/daily/2023-06-05.json",928,4D6F29A9
liqwid-portable-data,1,"raw/api/fetches/20260717T161934136Z/protocol-overview/daily/2023-06-06.json",942,235F504E
liqwid-portable-data,1,"raw/api/fetches/20260717T161934136Z/protocol-overview/daily/2023-06-07.json",945,73CDA234
liqwid-portable-data,1,"raw/api/fetches/20260717T161934136Z/protocol-overview/daily/2023-06-08.json",906,D42A4B78
liqwid-portable-data,1,"raw/api/fetches/20260717T161934136Z/protocol-overview/daily/2023-06-09.json",943,4D05A6A9
liqwid-portable-data,1,"raw/api/fetches/20260717T161934136Z/protocol-overview/daily/2023-06-10.json",944,4036C009
liqwid-portable-data,1,"raw/api/fetches/20260717T161934136Z/protocol-overview/daily/2023-06-11.json",940,71B01F09
liqwid-portable-data,1,"raw/api/fetches/20260717T161934136Z/protocol-overview/daily/2023-06-12.json",938,9A1A2179
liqwid-portable-data,1,"raw/api/fetches/20260717T161934136Z/protocol-overview/daily/2023-06-13.json",924,568A1162
liqwid-portable-data,1,"raw/api/fetches/20260717T161934136Z/protocol-overview/daily/2023-06-14.json",941,F476D89A
liqwid-portable-data,1,"raw/api/fetches/20260717T161934136Z/protocol-overview/daily/2023-06-15.json",937,B9E09969
liqwid-portable-data,1,"raw/api/fetches/20260717T161934136Z/protocol-overview/daily/2023-06-16.json",921,701554DC
liqwid-portable-data,1,"raw/api/fetches/20260717T161934136Z/protocol-overview/daily/2023-06-17.json",916,561E083C
liqwid-portable-data,1,"raw/api/fetches/20260717T161934136Z/protocol-overview/daily/2023-06-18.json",927,0449C7A1
liqwid-portable-data,1,"raw/api/fetches/20260717T161934136Z/protocol-overview/daily/2023-06-19.json",936,11AD7D5D
liqwid-portable-data,1,"raw/api/fetches/20260717T161934136Z/protocol-overview/daily/2023-06-20.json",922,4B6C71C6
liqwid-portable-data,1,"raw/api/fetches/20260717T161934136Z/protocol-overview/daily/2023-06-21.json",940,07C86C14
liqwid-portable-data,1,"raw/api/fetches/20260717T161934136Z/protocol-overview/daily/2023-06-22.json",939,FF7007FF
liqwid-portable-data,1,"raw/api/fetches/20260717T161934136Z/protocol-overview/daily/2023-06-23.json",915,B10F06D2
liqwid-portable-data,1,"raw/api/fetches/20260717T161934136Z/protocol-overview/daily/2023-06-24.json",917,FA5E9A6E
liqwid-portable-data,1,"raw/api/fetches/20260717T161934136Z/protocol-overview/daily/2023-06-25.json",902,03C4DF67
liqwid-portable-data,1,"raw/api/fetches/20260717T161934136Z/protocol-overview/daily/2023-06-26.json",925,4695B04D
liqwid-portable-data,1,"raw/api/fetches/20260717T161934136Z/protocol-overview/daily/2023-06-27.json",921,2B8FCE05
liqwid-portable-data,1,"raw/api/fetches/20260717T161934136Z/protocol-overview/daily/2023-06-28.json",940,D25B4834
liqwid-portable-data,1,"raw/api/fetches/20260717T161934136Z/protocol-overview/daily/2023-06-29.json",915,87E16B26
liqwid-portable-data,1,"raw/api/fetches/20260717T161934136Z/protocol-overview/daily/2023-06-30.json",925,30FA4984
liqwid-portable-data,1,"raw/api/fetches/20260717T161934136Z/protocol-overview/daily/2023-07-01.json",918,3500C0F2
liqwid-portable-data,1,"raw/api/fetches/20260717T161934136Z/protocol-overview/daily/2023-07-02.json",914,543891F8
liqwid-portable-data,1,"raw/api/fetches/20260717T161934136Z/protocol-overview/daily/2023-07-03.json",912,C8AB4DC4
liqwid-portable-data,1,"raw/api/fetches/20260717T161934136Z/protocol-overview/daily/2023-07-04.json",916,B57ECE13
liqwid-portable-data,1,"raw/api/fetches/20260717T161934136Z/protocol-overview/daily/2023-07-05.json",922,BB77416B
liqwid-portable-data,1,"raw/api/fetches/20260717T161934136Z/protocol-overview/daily/2023-07-06.json",918,AC7C4C94
liqwid-portable-data,1,"raw/api/fetches/20260717T161934136Z/protocol-overview/daily/2023-07-07.json",918,7F499B07
liqwid-portable-data,1,"raw/api/fetches/20260717T161934136Z/protocol-overview/daily/2023-07-08.json",917,D0A6F49A
liqwid-portable-data,1,"raw/api/fetches/20260717T161934136Z/protocol-overview/daily/2023-07-09.json",915,662844F8
liqwid-portable-data,1,"raw/api/fetches/20260717T161934136Z/protocol-overview/daily/2023-07-10.json",924,541FCCEC
liqwid-portable-data,1,"raw/api/fetches/20260717T161934136Z/protocol-overview/daily/2023-07-11.json",938,99DEF6C7
liqwid-portable-data,1,"raw/api/fetches/20260717T161934136Z/protocol-overview/daily/2023-07-12.json",919,912E482D
liqwid-portable-data,1,"raw/api/fetches/20260717T161934136Z/protocol-overview/daily/2023-07-13.json",941,636ADFDC
liqwid-portable-data,1,"raw/api/fetches/20260717T161934136Z/protocol-overview/daily/2023-07-14.json",926,29DF0119
liqwid-portable-data,1,"raw/api/fetches/20260717T161934136Z/protocol-overview/daily/2023-07-15.json",924,9F5F4F6C
liqwid-portable-data,1,"raw/api/fetches/20260717T161934136Z/protocol-overview/daily/2023-07-16.json",926,8C702262
liqwid-portable-data,1,"raw/api/fetches/20260717T161934136Z/protocol-overview/daily/2023-07-17.json",925,469F854A
liqwid-portable-data,1,"raw/api/fetches/20260717T161934136Z/protocol-overview/daily/2023-07-18.json",926,95964CB9
liqwid-portable-data,1,"raw/api/fetches/20260717T161934136Z/protocol-overview/daily/2023-07-19.json",925,E12EB723
liqwid-portable-data,1,"raw/api/fetches/20260717T161934136Z/protocol-overview/daily/2023-07-20.json",926,162FB2FA
liqwid-portable-data,1,"raw/api/fetches/20260717T161934136Z/protocol-overview/daily/2023-07-21.json",915,AC12F446
liqwid-portable-data,1,"raw/api/fetches/20260717T161934136Z/protocol-overview/daily/2023-07-22.json",903,CAD5172E
liqwid-portable-data,1,"raw/api/fetches/20260717T161934136Z/protocol-overview/daily/2023-07-23.json",922,84DBED02
liqwid-portable-data,1,"raw/api/fetches/20260717T161934136Z/protocol-overview/daily/2023-07-24.json",916,2AA4F202
liqwid-portable-data,1,"raw/api/fetches/20260717T161934136Z/protocol-overview/daily/2023-07-25.json",925,04AD5E90
liqwid-portable-data,1,"raw/api/fetches/20260717T161934136Z/protocol-overview/daily/2023-07-26.json",923,20591663
liqwid-portable-data,1,"raw/api/fetches/20260717T161934136Z/protocol-overview/daily/2023-07-27.json",921,D1192F54
liqwid-portable-data,1,"raw/api/fetches/20260717T161934136Z/protocol-overview/daily/2023-07-28.json",918,5C9F70AF
liqwid-portable-data,1,"raw/api/fetches/20260717T161934136Z/protocol-overview/daily/2023-07-29.json",903,2A81A57B
liqwid-portable-data,1,"raw/api/fetches/20260717T161934136Z/protocol-overview/daily/2023-07-30.json",926,12D88522
liqwid-portable-data,1,"raw/api/fetches/20260717T161934136Z/protocol-overview/daily/2023-07-31.json",921,5BC3CB87
liqwid-portable-data,1,"raw/api/fetches/20260717T161934136Z/protocol-overview/daily/2023-08-01.json",924,40E3F94C
liqwid-portable-data,1,"raw/api/fetches/20260717T161934136Z/protocol-overview/daily/2023-08-02.json",923,43F5F85D
liqwid-portable-data,1,"raw/api/fetches/20260717T161934136Z/protocol-overview/daily/2023-08-03.json",945,46B60CC0
liqwid-portable-data,1,"raw/api/fetches/20260717T161934136Z/protocol-overview/daily/2023-08-04.json",929,F6378100
liqwid-portable-data,1,"raw/api/fetches/20260717T161934136Z/protocol-overview/daily/2023-08-05.json",925,4B1CF7E3
liqwid-portable-data,1,"raw/api/fetches/20260717T161934136Z/protocol-overview/daily/2023-08-06.json",919,AB8796E3
liqwid-portable-data,1,"raw/api/fetches/20260717T161934136Z/protocol-overview/daily/2023-08-07.json",942,BCECF4F5
liqwid-portable-data,1,"raw/api/fetches/20260717T161934136Z/protocol-overview/daily/2023-08-08.json",923,CB397E97
liqwid-portable-data,1,"raw/api/fetches/20260717T161934136Z/protocol-overview/daily/2023-08-09.json",919,A1C4CD88
liqwid-portable-data,1,"raw/api/fetches/20260717T161934136Z/protocol-overview/daily/2023-08-10.json",919,A35310B8
liqwid-portable-data,1,"raw/api/fetches/20260717T161934136Z/protocol-overview/daily/2023-08-11.json",923,6B282C28
liqwid-portable-data,1,"raw/api/fetches/20260717T161934136Z/protocol-overview/daily/2023-08-12.json",923,0B28D1F4
liqwid-portable-data,1,"raw/api/fetches/20260717T161934136Z/protocol-overview/daily/2023-08-13.json",922,3C1AF26B
liqwid-portable-data,1,"raw/api/fetches/20260717T161934136Z/protocol-overview/daily/2023-08-14.json",923,3021544B
liqwid-portable-data,1,"raw/api/fetches/20260717T161934136Z/protocol-overview/daily/2023-08-15.json",916,E6E2321C
liqwid-portable-data,1,"raw/api/fetches/20260717T161934136Z/protocol-overview/daily/2023-08-16.json",942,27BAC56E
liqwid-portable-data,1,"raw/api/fetches/20260717T161934136Z/protocol-overview/daily/2023-08-17.json",944,4575E9D8
liqwid-portable-data,1,"raw/api/fetches/20260717T161934136Z/protocol-overview/daily/2023-08-18.json",927,03E45CAF
liqwid-portable-data,1,"raw/api/fetches/20260717T161934136Z/protocol-overview/daily/2023-08-19.json",924,79F51F04
liqwid-portable-data,1,"raw/api/fetches/20260717T161934136Z/protocol-overview/daily/2023-08-20.json",920,DE04C72B
liqwid-portable-data,1,"raw/api/fetches/20260717T161934136Z/protocol-overview/daily/2023-08-21.json",925,B8D9A5DD
liqwid-portable-data,1,"raw/api/fetches/20260717T161934136Z/protocol-overview/daily/2023-08-22.json",941,E5F4FBEE
liqwid-portable-data,1,"raw/api/fetches/20260717T161934136Z/protocol-overview/daily/2023-08-23.json",922,070E878E
liqwid-portable-data,1,"raw/api/fetches/20260717T161934136Z/protocol-overview/daily/2023-08-24.json",926,62EDEA11
liqwid-portable-data,1,"raw/api/fetches/20260717T161934136Z/protocol-overview/daily/2023-08-25.json",925,A47B1062
liqwid-portable-data,1,"raw/api/fetches/20260717T161934136Z/protocol-overview/daily/2023-08-26.json",921,B7D1E651
liqwid-portable-data,1,"raw/api/fetches/20260717T161934136Z/protocol-overview/daily/2023-08-27.json",915,07F0B140
liqwid-portable-data,1,"raw/api/fetches/20260717T161934136Z/protocol-overview/daily/2023-08-28.json",941,7D804AEE
liqwid-portable-data,1,"raw/api/fetches/20260717T161934136Z/protocol-overview/daily/2023-08-29.json",926,E4F92BBE
liqwid-portable-data,1,"raw/api/fetches/20260717T161934136Z/protocol-overview/daily/2023-08-30.json",921,1DF2FB60
liqwid-portable-data,1,"raw/api/fetches/20260717T161934136Z/protocol-overview/daily/2023-08-31.json",923,2C1F89BA
liqwid-portable-data,1,"raw/api/fetches/20260717T161934136Z/protocol-overview/daily/2023-09-01.json",921,A571E465
liqwid-portable-data,1,"raw/api/fetches/20260717T161934136Z/protocol-overview/daily/2023-09-02.json",924,3D4237EF
liqwid-portable-data,1,"raw/api/fetches/20260717T161934136Z/protocol-overview/daily/2023-09-03.json",922,F0C234E5
liqwid-portable-data,1,"raw/api/fetches/20260717T161934136Z/protocol-overview/daily/2023-09-04.json",923,BC82E281
liqwid-portable-data,1,"raw/api/fetches/20260717T161934136Z/protocol-overview/daily/2023-09-05.json",917,CC25985B
liqwid-portable-data,1,"raw/api/fetches/20260717T161934136Z/protocol-overview/daily/2023-09-06.json",927,94353468
liqwid-portable-data,1,"raw/api/fetches/20260717T161934136Z/protocol-overview/daily/2023-09-07.json",921,B38AB8F3
liqwid-portable-data,1,"raw/api/fetches/20260717T161934136Z/protocol-overview/daily/2023-09-08.json",927,62E29F63
liqwid-portable-data,1,"raw/api/fetches/20260717T161934136Z/protocol-overview/daily/2023-09-09.json",923,259AC773
liqwid-portable-data,1,"raw/api/fetches/20260717T161934136Z/protocol-overview/daily/2023-09-10.json",943,AA42F302
liqwid-portable-data,1,"raw/api/fetches/20260717T161934136Z/protocol-overview/daily/2023-09-11.json",944,A0FE912B
liqwid-portable-data,1,"raw/api/fetches/20260717T161934136Z/protocol-overview/daily/2023-09-12.json",923,7978AFE0
liqwid-portable-data,1,"raw/api/fetches/20260717T161934136Z/protocol-overview/daily/2023-09-13.json",918,BE09C024
liqwid-portable-data,1,"raw/api/fetches/20260717T161934136Z/protocol-overview/daily/2023-09-14.json",914,6037DE75
liqwid-portable-data,1,"raw/api/fetches/20260717T161934136Z/protocol-overview/daily/2023-09-15.json",922,C75026CB
liqwid-portable-data,1,"raw/api/fetches/20260717T161934136Z/protocol-overview/daily/2023-09-16.json",917,E3D39C82
liqwid-portable-data,1,"raw/api/fetches/20260717T161934136Z/protocol-overview/daily/2023-09-17.json",926,BE774BA6
liqwid-portable-data,1,"raw/api/fetches/20260717T161934136Z/protocol-overview/daily/2023-09-18.json",927,75DA2A1B
liqwid-portable-data,1,"raw/api/fetches/20260717T161934136Z/protocol-overview/daily/2023-09-19.json",924,C0A4EA7D
liqwid-portable-data,1,"raw/api/fetches/20260717T161934136Z/protocol-overview/daily/2023-09-20.json",926,EE99C5A3
liqwid-portable-data,1,"raw/api/fetches/20260717T161934136Z/protocol-overview/daily/2023-09-21.json",926,401038B5
liqwid-portable-data,1,"raw/api/fetches/20260717T161934136Z/protocol-overview/daily/2023-09-22.json",931,1068E98D
liqwid-portable-data,1,"raw/api/fetches/20260717T161934136Z/protocol-overview/daily/2023-09-23.json",921,D82538C0
liqwid-portable-data,1,"raw/api/fetches/20260717T161934136Z/protocol-overview/daily/2023-09-24.json",926,6AEBCF7B
liqwid-portable-data,1,"raw/api/fetches/20260717T161934136Z/protocol-overview/daily/2023-09-25.json",922,8D0D698A
liqwid-portable-data,1,"raw/api/fetches/20260717T161934136Z/protocol-overview/daily/2023-09-26.json",918,9DBF5609
liqwid-portable-data,1,"raw/api/fetches/20260717T161934136Z/protocol-overview/daily/2023-09-27.json",920,3D85C16D
liqwid-portable-data,1,"raw/api/fetches/20260717T161934136Z/protocol-overview/daily/2023-09-28.json",929,06E4CF48
liqwid-portable-data,1,"raw/api/fetches/20260717T161934136Z/protocol-overview/daily/2023-09-29.json",915,BD345F09
liqwid-portable-data,1,"raw/api/fetches/20260717T161934136Z/protocol-overview/daily/2023-09-30.json",881,E490BE3A
liqwid-portable-data,1,"raw/api/fetches/20260717T161934136Z/protocol-overview/daily/2023-10-01.json",939,F63BC324
liqwid-portable-data,1,"raw/api/fetches/20260717T161934136Z/protocol-overview/daily/2023-10-02.json",926,F615460A
liqwid-portable-data,1,"raw/api/fetches/20260717T161934136Z/protocol-overview/daily/2023-10-03.json",929,C38EAE4A
liqwid-portable-data,1,"raw/api/fetches/20260717T161934136Z/protocol-overview/daily/2023-10-04.json",926,F6F75201
liqwid-portable-data,1,"raw/api/fetches/20260717T161934136Z/protocol-overview/daily/2023-10-05.json",925,5F41F70B
liqwid-portable-data,1,"raw/api/fetches/20260717T161934136Z/protocol-overview/daily/2023-10-06.json",927,FD32792B
liqwid-portable-data,1,"raw/api/fetches/20260717T161934136Z/protocol-overview/daily/2023-10-07.json",923,96F0E4AC
liqwid-portable-data,1,"raw/api/fetches/20260717T161934136Z/protocol-overview/daily/2023-10-08.json",925,F82C04B7
liqwid-portable-data,1,"raw/api/fetches/20260717T161934136Z/protocol-overview/daily/2023-10-09.json",923,69B2AB82
liqwid-portable-data,1,"raw/api/fetches/20260717T161934136Z/protocol-overview/daily/2023-10-10.json",923,7305397C
liqwid-portable-data,1,"raw/api/fetches/20260717T161934136Z/protocol-overview/daily/2023-10-11.json",926,5A7D34BB
liqwid-portable-data,1,"raw/api/fetches/20260717T161934136Z/protocol-overview/daily/2023-10-12.json",924,32155124
liqwid-portable-data,1,"raw/api/fetches/20260717T161934136Z/protocol-overview/daily/2023-10-13.json",922,3C53B17B
liqwid-portable-data,1,"raw/api/fetches/20260717T161934136Z/protocol-overview/daily/2023-10-14.json",921,E9F2EDA2
liqwid-portable-data,1,"raw/api/fetches/20260717T161934136Z/protocol-overview/daily/2023-10-15.json",927,B93CAB06
liqwid-portable-data,1,"raw/api/fetches/20260717T161934136Z/protocol-overview/daily/2023-10-16.json",945,C6EEAC09
liqwid-portable-data,1,"raw/api/fetches/20260717T161934136Z/protocol-overview/daily/2023-10-17.json",928,F6FE3EBD
liqwid-portable-data,1,"raw/api/fetches/20260717T161934136Z/protocol-overview/daily/2023-10-18.json",926,F759243C
liqwid-portable-data,1,"raw/api/fetches/20260717T161934136Z/protocol-overview/daily/2023-10-19.json",930,57DB97B6
liqwid-portable-data,1,"raw/api/fetches/20260717T161934136Z/protocol-overview/daily/2023-10-20.json",923,447A71D4
liqwid-portable-data,1,"raw/api/fetches/20260717T161934136Z/protocol-overview/daily/2023-10-21.json",943,25595B6A
liqwid-portable-data,1,"raw/api/fetches/20260717T161934136Z/protocol-overview/daily/2023-10-22.json",926,B7E02F25
liqwid-portable-data,1,"raw/api/fetches/20260717T161934136Z/protocol-overview/daily/2023-10-23.json",924,2E38F86E
liqwid-portable-data,1,"raw/api/fetches/20260717T161934136Z/protocol-overview/daily/2023-10-24.json",943,F08FF05B
liqwid-portable-data,1,"raw/api/fetches/20260717T161934136Z/protocol-overview/daily/2023-10-25.json",925,A444610D
liqwid-portable-data,1,"raw/api/fetches/20260717T161934136Z/protocol-overview/daily/2023-10-26.json",927,52937D00
liqwid-portable-data,1,"raw/api/fetches/20260717T161934136Z/protocol-overview/daily/2023-10-27.json",929,9B1C5C97
liqwid-portable-data,1,"raw/api/fetches/20260717T161934136Z/protocol-overview/daily/2023-10-28.json",925,4FBBE492
liqwid-portable-data,1,"raw/api/fetches/20260717T161934136Z/protocol-overview/daily/2023-10-29.json",943,F394359C
liqwid-portable-data,1,"raw/api/fetches/20260717T161934136Z/protocol-overview/daily/2023-10-30.json",923,2AD3CCDF
liqwid-portable-data,1,"raw/api/fetches/20260717T161934136Z/protocol-overview/daily/2023-10-31.json",926,C78CAC3E
liqwid-portable-data,1,"raw/api/fetches/20260717T161934136Z/protocol-overview/daily/2023-11-01.json",928,4E74A56B
liqwid-portable-data,1,"raw/api/fetches/20260717T161934136Z/protocol-overview/daily/2023-11-02.json",941,8A5D2979
liqwid-portable-data,1,"raw/api/fetches/20260717T161934136Z/protocol-overview/daily/2023-11-03.json",925,A1886929
liqwid-portable-data,1,"raw/api/fetches/20260717T161934136Z/protocol-overview/daily/2023-11-04.json",942,DD43DE8B
liqwid-portable-data,1,"raw/api/fetches/20260717T161934136Z/protocol-overview/daily/2023-11-05.json",945,219D3EF2
liqwid-portable-data,1,"raw/api/fetches/20260717T161934136Z/protocol-overview/daily/2023-11-06.json",944,F65B73C0
liqwid-portable-data,1,"raw/api/fetches/20260717T161934136Z/protocol-overview/daily/2023-11-07.json",945,DDCAB998
liqwid-portable-data,1,"raw/api/fetches/20260717T161934136Z/protocol-overview/daily/2023-11-08.json",942,5CF64195
liqwid-portable-data,1,"raw/api/fetches/20260717T161934136Z/protocol-overview/daily/2023-11-09.json",944,77B4BFC3
liqwid-portable-data,1,"raw/api/fetches/20260717T161934136Z/protocol-overview/daily/2023-11-10.json",925,8709C85A
liqwid-portable-data,1,"raw/api/fetches/20260717T161934136Z/protocol-overview/daily/2023-11-11.json",926,A858AE7A
liqwid-portable-data,1,"raw/api/fetches/20260717T161934136Z/protocol-overview/daily/2023-11-12.json",944,D4563BFE
liqwid-portable-data,1,"raw/api/fetches/20260717T161934136Z/protocol-overview/daily/2023-11-13.json",942,9D1A4718
liqwid-portable-data,1,"raw/api/fetches/20260717T161934136Z/protocol-overview/daily/2023-11-14.json",944,4A803CC8
liqwid-portable-data,1,"raw/api/fetches/20260717T161934136Z/protocol-overview/daily/2023-11-15.json",943,EDC1D5B3
liqwid-portable-data,1,"raw/api/fetches/20260717T161934136Z/protocol-overview/daily/2023-11-16.json",942,EB23537A
liqwid-portable-data,1,"raw/api/fetches/20260717T161934136Z/protocol-overview/daily/2023-11-17.json",939,1013A597
liqwid-portable-data,1,"raw/api/fetches/20260717T161934136Z/protocol-overview/daily/2023-11-18.json",925,DE294AF4
liqwid-portable-data,1,"raw/api/fetches/20260717T161934136Z/protocol-overview/daily/2023-11-19.json",922,2F0F3DF3
liqwid-portable-data,1,"raw/api/fetches/20260717T161934136Z/protocol-overview/daily/2023-11-20.json",924,C00A1F91
liqwid-portable-data,1,"raw/api/fetches/20260717T161934136Z/protocol-overview/daily/2023-11-21.json",945,F971B23C
liqwid-portable-data,1,"raw/api/fetches/20260717T161934136Z/protocol-overview/daily/2023-11-22.json",927,8BCE660B
liqwid-portable-data,1,"raw/api/fetches/20260717T161934136Z/protocol-overview/daily/2023-11-23.json",946,D3CE8003
liqwid-portable-data,1,"raw/api/fetches/20260717T161934136Z/protocol-overview/daily/2023-11-24.json",931,AF5736A5
liqwid-portable-data,1,"raw/api/fetches/20260717T161934136Z/protocol-overview/daily/2023-11-25.json",940,7478B728
liqwid-portable-data,1,"raw/api/fetches/20260717T161934136Z/protocol-overview/daily/2023-11-26.json",943,8AFF85CD
liqwid-portable-data,1,"raw/api/fetches/20260717T161934136Z/protocol-overview/daily/2023-11-27.json",925,723A4DD6
liqwid-portable-data,1,"raw/api/fetches/20260717T161934136Z/protocol-overview/daily/2023-11-28.json",927,856693AC
liqwid-portable-data,1,"raw/api/fetches/20260717T161934136Z/protocol-overview/daily/2023-11-29.json",940,C7033F59
liqwid-portable-data,1,"raw/api/fetches/20260717T161934136Z/protocol-overview/daily/2023-11-30.json",929,1E24FE0D
liqwid-portable-data,1,"raw/api/fetches/20260717T161934136Z/protocol-overview/daily/2023-12-01.json",926,CBBC1857
liqwid-portable-data,1,"raw/api/fetches/20260717T161934136Z/protocol-overview/daily/2023-12-02.json",925,5F0E7537
liqwid-portable-data,1,"raw/api/fetches/20260717T161934136Z/protocol-overview/daily/2023-12-03.json",927,61495710
liqwid-portable-data,1,"raw/api/fetches/20260717T161934136Z/protocol-overview/daily/2023-12-04.json",942,35486AF5
liqwid-portable-data,1,"raw/api/fetches/20260717T161934136Z/protocol-overview/daily/2023-12-05.json",943,A278E361
liqwid-portable-data,1,"raw/api/fetches/20260717T161934136Z/protocol-overview/daily/2023-12-06.json",942,0C6DE116
liqwid-portable-data,1,"raw/api/fetches/20260717T161934136Z/protocol-overview/daily/2023-12-07.json",942,48258309
liqwid-portable-data,1,"raw/api/fetches/20260717T161934136Z/protocol-overview/daily/2023-12-08.json",945,968F732B
liqwid-portable-data,1,"raw/api/fetches/20260717T161934136Z/protocol-overview/daily/2023-12-09.json",943,A46743EC
liqwid-portable-data,1,"raw/api/fetches/20260717T161934136Z/protocol-overview/daily/2023-12-10.json",944,2D22234C
liqwid-portable-data,1,"raw/api/fetches/20260717T161934136Z/protocol-overview/daily/2023-12-11.json",944,63B0898E
liqwid-portable-data,1,"raw/api/fetches/20260717T161934136Z/protocol-overview/daily/2023-12-12.json",928,79B80B9B
liqwid-portable-data,1,"raw/api/fetches/20260717T161934136Z/protocol-overview/daily/2023-12-13.json",946,31454CE1
liqwid-portable-data,1,"raw/api/fetches/20260717T161934136Z/protocol-overview/daily/2023-12-14.json",943,AD0027AE
liqwid-portable-data,1,"raw/api/fetches/20260717T161934136Z/protocol-overview/daily/2023-12-15.json",925,1106038B
liqwid-portable-data,1,"raw/api/fetches/20260717T161934136Z/protocol-overview/daily/2023-12-16.json",927,E401B186
liqwid-portable-data,1,"raw/api/fetches/20260717T161934136Z/protocol-overview/daily/2023-12-17.json",929,E3281DD7
liqwid-portable-data,1,"raw/api/fetches/20260717T161934136Z/protocol-overview/daily/2023-12-18.json",924,94652A8D
liqwid-portable-data,1,"raw/api/fetches/20260717T161934136Z/protocol-overview/daily/2023-12-19.json",929,968088F2
liqwid-portable-data,1,"raw/api/fetches/20260717T161934136Z/protocol-overview/daily/2023-12-20.json",930,DDE41AD1
liqwid-portable-data,1,"raw/api/fetches/20260717T161934136Z/protocol-overview/daily/2023-12-21.json",927,5DD89D68
liqwid-portable-data,1,"raw/api/fetches/20260717T161934136Z/protocol-overview/daily/2023-12-22.json",944,A0103A9F
liqwid-portable-data,1,"raw/api/fetches/20260717T161934136Z/protocol-overview/daily/2023-12-23.json",928,DF79284D
liqwid-portable-data,1,"raw/api/fetches/20260717T161934136Z/protocol-overview/daily/2023-12-24.json",924,EC0A4F65
liqwid-portable-data,1,"raw/api/fetches/20260717T161934136Z/protocol-overview/daily/2023-12-25.json",925,668300B0
liqwid-portable-data,1,"raw/api/fetches/20260717T161934136Z/protocol-overview/daily/2023-12-26.json",928,E7CF64AE
liqwid-portable-data,1,"raw/api/fetches/20260717T161934136Z/protocol-overview/daily/2023-12-27.json",927,27929EBB
liqwid-portable-data,1,"raw/api/fetches/20260717T161934136Z/protocol-overview/daily/2023-12-28.json",928,9E73BE2F
liqwid-portable-data,1,"raw/api/fetches/20260717T161934136Z/protocol-overview/daily/2023-12-29.json",941,118D2D23
liqwid-portable-data,1,"raw/api/fetches/20260717T161934136Z/protocol-overview/daily/2023-12-30.json",928,79691F99
liqwid-portable-data,1,"raw/api/fetches/20260717T161934136Z/protocol-overview/daily/2023-12-31.json",930,827FD0AA
liqwid-portable-data,1,"raw/api/fetches/20260717T161934136Z/protocol-overview/daily/2024-01-01.json",926,17B1BC15
liqwid-portable-data,1,"raw/api/fetches/20260717T161934136Z/protocol-overview/daily/2024-01-02.json",922,0DE1B026
liqwid-portable-data,1,"raw/api/fetches/20260717T161934136Z/protocol-overview/daily/2024-01-03.json",947,4C3D5FD6
liqwid-portable-data,1,"raw/api/fetches/20260717T161934136Z/protocol-overview/daily/2024-01-04.json",927,773508ED
liqwid-portable-data,1,"raw/api/fetches/20260717T161934136Z/protocol-overview/daily/2024-01-05.json",929,63B608A4
liqwid-portable-data,1,"raw/api/fetches/20260717T161934136Z/protocol-overview/daily/2024-01-06.json",931,35D5B6E0
liqwid-portable-data,1,"raw/api/fetches/20260717T161934136Z/protocol-overview/daily/2024-01-07.json",928,87E963F0
liqwid-portable-data,1,"raw/api/fetches/20260717T161934136Z/protocol-overview/daily/2024-01-08.json",946,142ADE90
liqwid-portable-data,1,"raw/api/fetches/20260717T161934136Z/protocol-overview/daily/2024-01-09.json",928,74748F39
liqwid-portable-data,1,"raw/api/fetches/20260717T161934136Z/protocol-overview/daily/2024-01-10.json",944,7CFE5B30
liqwid-portable-data,1,"raw/api/fetches/20260717T161934136Z/protocol-overview/daily/2024-01-11.json",947,88F584F1
liqwid-portable-data,1,"raw/api/fetches/20260717T161934136Z/protocol-overview/daily/2024-01-12.json",928,01A83FFE
liqwid-portable-data,1,"raw/api/fetches/20260717T161934136Z/protocol-overview/daily/2024-01-13.json",928,34ADDDAE
liqwid-portable-data,1,"raw/api/fetches/20260717T161934136Z/protocol-overview/daily/2024-01-14.json",927,9BA111D0
liqwid-portable-data,1,"raw/api/fetches/20260717T161934136Z/protocol-overview/daily/2024-01-15.json",929,472164F1
liqwid-portable-data,1,"raw/api/fetches/20260717T161934136Z/protocol-overview/daily/2024-01-16.json",928,C863E60C
liqwid-portable-data,1,"raw/api/fetches/20260717T161934136Z/protocol-overview/daily/2024-01-17.json",927,F842689C
liqwid-portable-data,1,"raw/api/fetches/20260717T161934136Z/protocol-overview/daily/2024-01-18.json",944,3FEAD2E5
liqwid-portable-data,1,"raw/api/fetches/20260717T161934136Z/protocol-overview/daily/2024-01-19.json",928,480E8437
liqwid-portable-data,1,"raw/api/fetches/20260717T161934136Z/protocol-overview/daily/2024-01-20.json",930,5910FFFA
liqwid-portable-data,1,"raw/api/fetches/20260717T161934136Z/protocol-overview/daily/2024-01-21.json",927,8F98043D
liqwid-portable-data,1,"raw/api/fetches/20260717T161934136Z/protocol-overview/daily/2024-01-22.json",946,B93EBE78
liqwid-portable-data,1,"raw/api/fetches/20260717T161934136Z/protocol-overview/daily/2024-01-23.json",949,348C182A
liqwid-portable-data,1,"raw/api/fetches/20260717T161934136Z/protocol-overview/daily/2024-01-24.json",927,31EFEF7A
liqwid-portable-data,1,"raw/api/fetches/20260717T161934136Z/protocol-overview/daily/2024-01-25.json",927,0DDCD6E0
liqwid-portable-data,1,"raw/api/fetches/20260717T161934136Z/protocol-overview/daily/2024-01-26.json",927,40460858
liqwid-portable-data,1,"raw/api/fetches/20260717T161934136Z/protocol-overview/daily/2024-01-27.json",926,CF5B7A2C
liqwid-portable-data,1,"raw/api/fetches/20260717T161934136Z/protocol-overview/daily/2024-01-28.json",926,87EC362B
liqwid-portable-data,1,"raw/api/fetches/20260717T161934136Z/protocol-overview/daily/2024-01-29.json",929,A3A7996D
liqwid-portable-data,1,"raw/api/fetches/20260717T161934136Z/protocol-overview/daily/2024-01-30.json",927,E8E451F6
liqwid-portable-data,1,"raw/api/fetches/20260717T161934136Z/protocol-overview/daily/2024-01-31.json",925,57DB13A6
liqwid-portable-data,1,"raw/api/fetches/20260717T161934136Z/protocol-overview/daily/2024-02-01.json",930,C12A2DC0
liqwid-portable-data,1,"raw/api/fetches/20260717T161934136Z/protocol-overview/daily/2024-02-02.json",923,61123D7A
liqwid-portable-data,1,"raw/api/fetches/20260717T161934136Z/protocol-overview/daily/2024-02-03.json",922,CE8F0F88
liqwid-portable-data,1,"raw/api/fetches/20260717T161934136Z/protocol-overview/daily/2024-02-04.json",928,EBE96C87
liqwid-portable-data,1,"raw/api/fetches/20260717T161934136Z/protocol-overview/daily/2024-02-05.json",928,3254F2F6
liqwid-portable-data,1,"raw/api/fetches/20260717T161934136Z/protocol-overview/daily/2024-02-06.json",926,81D01C44
liqwid-portable-data,1,"raw/api/fetches/20260717T161934136Z/protocol-overview/daily/2024-02-07.json",927,4D12B090
liqwid-portable-data,1,"raw/api/fetches/20260717T161934136Z/protocol-overview/daily/2024-02-08.json",924,82412B94
liqwid-portable-data,1,"raw/api/fetches/20260717T161934136Z/protocol-overview/daily/2024-02-09.json",930,C7391F86
liqwid-portable-data,1,"raw/api/fetches/20260717T161934136Z/protocol-overview/daily/2024-02-10.json",928,0139A784
liqwid-portable-data,1,"raw/api/fetches/20260717T161934136Z/protocol-overview/daily/2024-02-11.json",925,34E245D4
liqwid-portable-data,1,"raw/api/fetches/20260717T161934136Z/protocol-overview/daily/2024-02-12.json",927,37C46407
liqwid-portable-data,1,"raw/api/fetches/20260717T161934136Z/protocol-overview/daily/2024-02-13.json",925,B58446B3
liqwid-portable-data,1,"raw/api/fetches/20260717T161934136Z/protocol-overview/daily/2024-02-14.json",924,A042C08D
liqwid-portable-data,1,"raw/api/fetches/20260717T161934136Z/protocol-overview/daily/2024-02-15.json",928,3915D6B6
liqwid-portable-data,1,"raw/api/fetches/20260717T161934136Z/protocol-overview/daily/2024-02-16.json",930,1E2FB568
liqwid-portable-data,1,"raw/api/fetches/20260717T161934136Z/protocol-overview/daily/2024-02-17.json",926,B7A446B7
liqwid-portable-data,1,"raw/api/fetches/20260717T161934136Z/protocol-overview/daily/2024-02-18.json",926,68B50870
liqwid-portable-data,1,"raw/api/fetches/20260717T161934136Z/protocol-overview/daily/2024-02-19.json",927,383A653B
liqwid-portable-data,1,"raw/api/fetches/20260717T161934136Z/protocol-overview/daily/2024-02-20.json",928,09F6F032
liqwid-portable-data,1,"raw/api/fetches/20260717T161934136Z/protocol-overview/daily/2024-02-21.json",946,336B1BD1
liqwid-portable-data,1,"raw/api/fetches/20260717T161934136Z/protocol-overview/daily/2024-02-22.json",946,60141E13
liqwid-portable-data,1,"raw/api/fetches/20260717T161934136Z/protocol-overview/daily/2024-02-23.json",946,F87ABF9A
liqwid-portable-data,1,"raw/api/fetches/20260717T161934136Z/protocol-overview/daily/2024-02-24.json",931,F92E9893
liqwid-portable-data,1,"raw/api/fetches/20260717T161934136Z/protocol-overview/daily/2024-02-25.json",923,F4A2B51D
liqwid-portable-data,1,"raw/api/fetches/20260717T161934136Z/protocol-overview/daily/2024-02-26.json",924,E16BAA21
liqwid-portable-data,1,"raw/api/fetches/20260717T161934136Z/protocol-overview/daily/2024-02-27.json",926,EA53144F
liqwid-portable-data,1,"raw/api/fetches/20260717T161934136Z/protocol-overview/daily/2024-02-28.json",924,CE16B991
liqwid-portable-data,1,"raw/api/fetches/20260717T161934136Z/protocol-overview/daily/2024-02-29.json",946,CDD96879
liqwid-portable-data,1,"raw/api/fetches/20260717T161934136Z/protocol-overview/daily/2024-03-01.json",929,CF02FE47
liqwid-portable-data,1,"raw/api/fetches/20260717T161934136Z/protocol-overview/daily/2024-03-02.json",945,C5E7D838
liqwid-portable-data,1,"raw/api/fetches/20260717T161934136Z/protocol-overview/daily/2024-03-03.json",930,7097D561
liqwid-portable-data,1,"raw/api/fetches/20260717T161934136Z/protocol-overview/daily/2024-03-04.json",944,EAD54987
liqwid-portable-data,1,"raw/api/fetches/20260717T161934136Z/protocol-overview/daily/2024-03-05.json",942,9503696B
liqwid-portable-data,1,"raw/api/fetches/20260717T161934136Z/protocol-overview/daily/2024-03-06.json",944,7F41354F
liqwid-portable-data,1,"raw/api/fetches/20260717T161934136Z/protocol-overview/daily/2024-03-07.json",927,95F3F0EA
liqwid-portable-data,1,"raw/api/fetches/20260717T161934136Z/protocol-overview/daily/2024-03-08.json",926,6C047179
liqwid-portable-data,1,"raw/api/fetches/20260717T161934136Z/protocol-overview/daily/2024-03-09.json",927,24C4409E
liqwid-portable-data,1,"raw/api/fetches/20260717T161934136Z/protocol-overview/daily/2024-03-10.json",925,AF938933
liqwid-portable-data,1,"raw/api/fetches/20260717T161934136Z/protocol-overview/daily/2024-03-11.json",924,618AFB56
liqwid-portable-data,1,"raw/api/fetches/20260717T161934136Z/protocol-overview/daily/2024-03-12.json",927,48536E42
liqwid-portable-data,1,"raw/api/fetches/20260717T161934136Z/protocol-overview/daily/2024-03-13.json",929,AD8BB3AE
liqwid-portable-data,1,"raw/api/fetches/20260717T161934136Z/protocol-overview/daily/2024-03-14.json",924,81C2272B
liqwid-portable-data,1,"raw/api/fetches/20260717T161934136Z/protocol-overview/daily/2024-03-15.json",927,AF2C7A38
liqwid-portable-data,1,"raw/api/fetches/20260717T161934136Z/protocol-overview/daily/2024-03-16.json",946,4229CBC7
liqwid-portable-data,1,"raw/api/fetches/20260717T161934136Z/protocol-overview/daily/2024-03-17.json",931,47730FDB
liqwid-portable-data,1,"raw/api/fetches/20260717T161934136Z/protocol-overview/daily/2024-03-18.json",928,38431DF8
liqwid-portable-data,1,"raw/api/fetches/20260717T161934136Z/protocol-overview/daily/2024-03-19.json",948,10C596C3
liqwid-portable-data,1,"raw/api/fetches/20260717T161934136Z/protocol-overview/daily/2024-03-20.json",945,22B8FD10
liqwid-portable-data,1,"raw/api/fetches/20260717T161934136Z/protocol-overview/daily/2024-03-21.json",929,A41E91D5
liqwid-portable-data,1,"raw/api/fetches/20260717T161934136Z/protocol-overview/daily/2024-03-22.json",926,E2537CD6
liqwid-portable-data,1,"raw/api/fetches/20260717T161934136Z/protocol-overview/daily/2024-03-23.json",943,3C930525
liqwid-portable-data,1,"raw/api/fetches/20260717T161934136Z/protocol-overview/daily/2024-03-24.json",930,96E371D3
liqwid-portable-data,1,"raw/api/fetches/20260717T161934136Z/protocol-overview/daily/2024-03-25.json",947,BF4E9161
liqwid-portable-data,1,"raw/api/fetches/20260717T161934136Z/protocol-overview/daily/2024-03-26.json",944,5761F10F
liqwid-portable-data,1,"raw/api/fetches/20260717T161934136Z/protocol-overview/daily/2024-03-27.json",945,678F09EC
liqwid-portable-data,1,"raw/api/fetches/20260717T161934136Z/protocol-overview/daily/2024-03-28.json",927,35A0193F
liqwid-portable-data,1,"raw/api/fetches/20260717T161934136Z/protocol-overview/daily/2024-03-29.json",926,42CEA92A
liqwid-portable-data,1,"raw/api/fetches/20260717T161934136Z/protocol-overview/daily/2024-03-30.json",928,F1666A25
liqwid-portable-data,1,"raw/api/fetches/20260717T161934136Z/protocol-overview/daily/2024-03-31.json",929,9ED5B386
liqwid-portable-data,1,"raw/api/fetches/20260717T161934136Z/protocol-overview/daily/2024-04-01.json",943,F7687B65
liqwid-portable-data,1,"raw/api/fetches/20260717T161934136Z/protocol-overview/daily/2024-04-02.json",927,989A636D
liqwid-portable-data,1,"raw/api/fetches/20260717T161934136Z/protocol-overview/daily/2024-04-03.json",943,93699B56
liqwid-portable-data,1,"raw/api/fetches/20260717T161934136Z/protocol-overview/daily/2024-04-04.json",944,CA4D4102
liqwid-portable-data,1,"raw/api/fetches/20260717T161934136Z/protocol-overview/daily/2024-04-05.json",928,469317A7
liqwid-portable-data,1,"raw/api/fetches/20260717T161934136Z/protocol-overview/daily/2024-04-06.json",929,D448B595
liqwid-portable-data,1,"raw/api/fetches/20260717T161934136Z/protocol-overview/daily/2024-04-07.json",944,4EF05A46
liqwid-portable-data,1,"raw/api/fetches/20260717T161934136Z/protocol-overview/daily/2024-04-08.json",942,C734B06E
liqwid-portable-data,1,"raw/api/fetches/20260717T161934136Z/protocol-overview/daily/2024-04-09.json",944,AEECD109
liqwid-portable-data,1,"raw/api/fetches/20260717T161934136Z/protocol-overview/daily/2024-04-10.json",926,BAFDAB27
liqwid-portable-data,1,"raw/api/fetches/20260717T161934136Z/protocol-overview/daily/2024-04-11.json",928,B573D196
liqwid-portable-data,1,"raw/api/fetches/20260717T161934136Z/protocol-overview/daily/2024-04-12.json",944,25222073
liqwid-portable-data,1,"raw/api/fetches/20260717T161934136Z/protocol-overview/daily/2024-04-13.json",945,51A12113
liqwid-portable-data,1,"raw/api/fetches/20260717T161934136Z/protocol-overview/daily/2024-04-14.json",945,D30F28B2
liqwid-portable-data,1,"raw/api/fetches/20260717T161934136Z/protocol-overview/daily/2024-04-15.json",927,6F78AB36
liqwid-portable-data,1,"raw/api/fetches/20260717T161934136Z/protocol-overview/daily/2024-04-16.json",927,CE25F8CB
liqwid-portable-data,1,"raw/api/fetches/20260717T161934136Z/protocol-overview/daily/2024-04-17.json",946,0225E795
liqwid-portable-data,1,"raw/api/fetches/20260717T161934136Z/protocol-overview/daily/2024-04-18.json",930,E5DD062D
liqwid-portable-data,1,"raw/api/fetches/20260717T161934136Z/protocol-overview/daily/2024-04-19.json",947,017E8F02
liqwid-portable-data,1,"raw/api/fetches/20260717T161934136Z/protocol-overview/daily/2024-04-20.json",927,656BED51
liqwid-portable-data,1,"raw/api/fetches/20260717T161934136Z/protocol-overview/daily/2024-04-21.json",930,B63ECD7E
liqwid-portable-data,1,"raw/api/fetches/20260717T161934136Z/protocol-overview/daily/2024-04-22.json",939,72DC9324
liqwid-portable-data,1,"raw/api/fetches/20260717T161934136Z/protocol-overview/daily/2024-04-23.json",937,D5E9C469
liqwid-portable-data,1,"raw/api/fetches/20260717T161934136Z/protocol-overview/daily/2024-04-24.json",941,AA7DC574
liqwid-portable-data,1,"raw/api/fetches/20260717T161934136Z/protocol-overview/daily/2024-04-25.json",942,D359EF10
liqwid-portable-data,1,"raw/api/fetches/20260717T161934136Z/protocol-overview/daily/2024-04-26.json",939,EC5FE927
liqwid-portable-data,1,"raw/api/fetches/20260717T161934136Z/protocol-overview/daily/2024-04-27.json",946,F73130E3
liqwid-portable-data,1,"raw/api/fetches/20260717T161934136Z/protocol-overview/daily/2024-04-28.json",941,567330E0
liqwid-portable-data,1,"raw/api/fetches/20260717T161934136Z/protocol-overview/daily/2024-04-29.json",940,48C0E2CF
liqwid-portable-data,1,"raw/api/fetches/20260717T161934136Z/protocol-overview/daily/2024-04-30.json",957,2DC65F22
liqwid-portable-data,1,"raw/api/fetches/20260717T161934136Z/protocol-overview/daily/2024-05-01.json",957,109B1687
liqwid-portable-data,1,"raw/api/fetches/20260717T161934136Z/protocol-overview/daily/2024-05-02.json",942,0453703E
liqwid-portable-data,1,"raw/api/fetches/20260717T161934136Z/protocol-overview/daily/2024-05-03.json",937,23A3BF8B
liqwid-portable-data,1,"raw/api/fetches/20260717T161934136Z/protocol-overview/daily/2024-05-04.json",936,064A531C
liqwid-portable-data,1,"raw/api/fetches/20260717T161934136Z/protocol-overview/daily/2024-05-05.json",959,836618A6
liqwid-portable-data,1,"raw/api/fetches/20260717T161934136Z/protocol-overview/daily/2024-05-06.json",944,88B06454
liqwid-portable-data,1,"raw/api/fetches/20260717T161934136Z/protocol-overview/daily/2024-05-07.json",933,7EC44146
liqwid-portable-data,1,"raw/api/fetches/20260717T161934136Z/protocol-overview/daily/2024-05-08.json",939,DF9420C5
liqwid-portable-data,1,"raw/api/fetches/20260717T161934136Z/protocol-overview/daily/2024-05-09.json",934,4242AAF7
liqwid-portable-data,1,"raw/api/fetches/20260717T161934136Z/protocol-overview/daily/2024-05-10.json",943,C3A04163
liqwid-portable-data,1,"raw/api/fetches/20260717T161934136Z/protocol-overview/daily/2024-05-11.json",938,8378E159
liqwid-portable-data,1,"raw/api/fetches/20260717T161934136Z/protocol-overview/daily/2024-05-12.json",937,9EE65D5A
liqwid-portable-data,1,"raw/api/fetches/20260717T161934136Z/protocol-overview/daily/2024-05-13.json",943,14638911
liqwid-portable-data,1,"raw/api/fetches/20260717T161934136Z/protocol-overview/daily/2024-05-14.json",940,26A32866
liqwid-portable-data,1,"raw/api/fetches/20260717T161934136Z/protocol-overview/daily/2024-05-15.json",942,6B769E0C
liqwid-portable-data,1,"raw/api/fetches/20260717T161934136Z/protocol-overview/daily/2024-05-16.json",939,22DDAA08
liqwid-portable-data,1,"raw/api/fetches/20260717T161934136Z/protocol-overview/daily/2024-05-17.json",942,B53C82C2
liqwid-portable-data,1,"raw/api/fetches/20260717T161934136Z/protocol-overview/daily/2024-05-18.json",936,20567C9B
liqwid-portable-data,1,"raw/api/fetches/20260717T161934136Z/protocol-overview/daily/2024-05-19.json",935,4AA2175A
liqwid-portable-data,1,"raw/api/fetches/20260717T161934136Z/protocol-overview/daily/2024-05-20.json",938,8452AF3A
liqwid-portable-data,1,"raw/api/fetches/20260717T161934136Z/protocol-overview/daily/2024-05-21.json",942,D883DD2E
liqwid-portable-data,1,"raw/api/fetches/20260717T161934136Z/protocol-overview/daily/2024-05-22.json",933,0F32F763
liqwid-portable-data,1,"raw/api/fetches/20260717T161934136Z/protocol-overview/daily/2024-05-23.json",940,E0AC6223
liqwid-portable-data,1,"raw/api/fetches/20260717T161934136Z/protocol-overview/daily/2024-05-24.json",939,F1ED6831
liqwid-portable-data,1,"raw/api/fetches/20260717T161934136Z/protocol-overview/daily/2024-05-25.json",941,3E16835E
liqwid-portable-data,1,"raw/api/fetches/20260717T161934136Z/protocol-overview/daily/2024-05-26.json",939,6683D498
liqwid-portable-data,1,"raw/api/fetches/20260717T161934136Z/protocol-overview/daily/2024-05-27.json",939,1A40A8ED
liqwid-portable-data,1,"raw/api/fetches/20260717T161934136Z/protocol-overview/daily/2024-05-28.json",933,55C04BDD
liqwid-portable-data,1,"raw/api/fetches/20260717T161934136Z/protocol-overview/daily/2024-05-29.json",944,235867B9
liqwid-portable-data,1,"raw/api/fetches/20260717T161934136Z/protocol-overview/daily/2024-05-30.json",939,785D1211
liqwid-portable-data,1,"raw/api/fetches/20260717T161934136Z/protocol-overview/daily/2024-05-31.json",937,13128377
liqwid-portable-data,1,"raw/api/fetches/20260717T161934136Z/protocol-overview/daily/2024-06-01.json",941,BEE3576B
liqwid-portable-data,1,"raw/api/fetches/20260717T161934136Z/protocol-overview/daily/2024-06-02.json",943,73F7656D
liqwid-portable-data,1,"raw/api/fetches/20260717T161934136Z/protocol-overview/daily/2024-06-03.json",940,F18513FD
liqwid-portable-data,1,"raw/api/fetches/20260717T161934136Z/protocol-overview/daily/2024-06-04.json",942,9A8CF238
liqwid-portable-data,1,"raw/api/fetches/20260717T161934136Z/protocol-overview/daily/2024-06-05.json",941,7D14A465
liqwid-portable-data,1,"raw/api/fetches/20260717T161934136Z/protocol-overview/daily/2024-06-06.json",938,C313F718
liqwid-portable-data,1,"raw/api/fetches/20260717T161934136Z/protocol-overview/daily/2024-06-07.json",935,43ECCF8D
liqwid-portable-data,1,"raw/api/fetches/20260717T161934136Z/protocol-overview/daily/2024-06-08.json",937,C1F81CC0
liqwid-portable-data,1,"raw/api/fetches/20260717T161934136Z/protocol-overview/daily/2024-06-09.json",932,9DB2147A
liqwid-portable-data,1,"raw/api/fetches/20260717T161934136Z/protocol-overview/daily/2024-06-10.json",931,88237D06
liqwid-portable-data,1,"raw/api/fetches/20260717T161934136Z/protocol-overview/daily/2024-06-11.json",959,2A41A304
liqwid-portable-data,1,"raw/api/fetches/20260717T161934136Z/protocol-overview/daily/2024-06-12.json",941,EC4AC531
liqwid-portable-data,1,"raw/api/fetches/20260717T161934136Z/protocol-overview/daily/2024-06-13.json",939,8DFA48E6
liqwid-portable-data,1,"raw/api/fetches/20260717T161934136Z/protocol-overview/daily/2024-06-14.json",961,C0F99DEE
liqwid-portable-data,1,"raw/api/fetches/20260717T161934136Z/protocol-overview/daily/2024-06-15.json",932,09D559EE
liqwid-portable-data,1,"raw/api/fetches/20260717T161934136Z/protocol-overview/daily/2024-06-16.json",953,12A0FA04
liqwid-portable-data,1,"raw/api/fetches/20260717T161934136Z/protocol-overview/daily/2024-06-17.json",945,ECE2CB7C
liqwid-portable-data,1,"raw/api/fetches/20260717T161934136Z/protocol-overview/daily/2024-06-18.json",961,E2D9788B
liqwid-portable-data,1,"raw/api/fetches/20260717T161934136Z/protocol-overview/daily/2024-06-19.json",959,F94FA065
liqwid-portable-data,1,"raw/api/fetches/20260717T161934136Z/protocol-overview/daily/2024-06-20.json",958,56970B3D
liqwid-portable-data,1,"raw/api/fetches/20260717T161934136Z/protocol-overview/daily/2024-06-21.json",945,7AF83162
liqwid-portable-data,1,"raw/api/fetches/20260717T161934136Z/protocol-overview/daily/2024-06-22.json",939,E4D5D75B
liqwid-portable-data,1,"raw/api/fetches/20260717T161934136Z/protocol-overview/daily/2024-06-23.json",940,3556E0F8
liqwid-portable-data,1,"raw/api/fetches/20260717T161934136Z/protocol-overview/daily/2024-06-24.json",944,2AF256EB
liqwid-portable-data,1,"raw/api/fetches/20260717T161934136Z/protocol-overview/daily/2024-06-25.json",938,D4B4C001
liqwid-portable-data,1,"raw/api/fetches/20260717T161934136Z/protocol-overview/daily/2024-06-26.json",942,508DE417
liqwid-portable-data,1,"raw/api/fetches/20260717T161934136Z/protocol-overview/daily/2024-06-27.json",937,47D90426
liqwid-portable-data,1,"raw/api/fetches/20260717T161934136Z/protocol-overview/daily/2024-06-28.json",956,590109AA
liqwid-portable-data,1,"raw/api/fetches/20260717T161934136Z/protocol-overview/daily/2024-06-29.json",918,7A487BEF
liqwid-portable-data,1,"raw/api/fetches/20260717T161934136Z/protocol-overview/daily/2024-06-30.json",932,501A33CF
liqwid-portable-data,1,"raw/api/fetches/20260717T161934136Z/protocol-overview/daily/2024-07-01.json",942,A96966F1
liqwid-portable-data,1,"raw/api/fetches/20260717T161934136Z/protocol-overview/daily/2024-07-02.json",937,65A4974C
liqwid-portable-data,1,"raw/api/fetches/20260717T161934136Z/protocol-overview/daily/2024-07-03.json",935,BBB2D5FE
liqwid-portable-data,1,"raw/api/fetches/20260717T161934136Z/protocol-overview/daily/2024-07-04.json",939,B8662F1F
liqwid-portable-data,1,"raw/api/fetches/20260717T161934136Z/protocol-overview/daily/2024-07-05.json",962,7A09C7D7
liqwid-portable-data,1,"raw/api/fetches/20260717T161934136Z/protocol-overview/daily/2024-07-06.json",934,804E5C34
liqwid-portable-data,1,"raw/api/fetches/20260717T161934136Z/protocol-overview/daily/2024-07-07.json",942,95955294
liqwid-portable-data,1,"raw/api/fetches/20260717T161934136Z/protocol-overview/daily/2024-07-08.json",947,378D3DCB
liqwid-portable-data,1,"raw/api/fetches/20260717T161934136Z/protocol-overview/daily/2024-07-09.json",938,49D45A93
liqwid-portable-data,1,"raw/api/fetches/20260717T161934136Z/protocol-overview/daily/2024-07-10.json",934,A987C9A2
liqwid-portable-data,1,"raw/api/fetches/20260717T161934136Z/protocol-overview/daily/2024-07-11.json",931,6B80F3C0
liqwid-portable-data,1,"raw/api/fetches/20260717T161934136Z/protocol-overview/daily/2024-07-12.json",959,778E3CD1
liqwid-portable-data,1,"raw/api/fetches/20260717T161934136Z/protocol-overview/daily/2024-07-13.json",938,60618300
liqwid-portable-data,1,"raw/api/fetches/20260717T161934136Z/protocol-overview/daily/2024-07-14.json",935,660930DA
liqwid-portable-data,1,"raw/api/fetches/20260717T161934136Z/protocol-overview/daily/2024-07-15.json",895,793658E9
liqwid-portable-data,1,"raw/api/fetches/20260717T161934136Z/protocol-overview/daily/2024-07-16.json",940,C45B74C3
liqwid-portable-data,1,"raw/api/fetches/20260717T161934136Z/protocol-overview/daily/2024-07-17.json",938,6D5EC988
liqwid-portable-data,1,"raw/api/fetches/20260717T161934136Z/protocol-overview/daily/2024-07-18.json",964,302B6C3E
liqwid-portable-data,1,"raw/api/fetches/20260717T161934136Z/protocol-overview/daily/2024-07-19.json",935,CE21BE41
liqwid-portable-data,1,"raw/api/fetches/20260717T161934136Z/protocol-overview/daily/2024-07-20.json",936,AFD6910C
liqwid-portable-data,1,"raw/api/fetches/20260717T161934136Z/protocol-overview/daily/2024-07-21.json",940,39403E93
liqwid-portable-data,1,"raw/api/fetches/20260717T161934136Z/protocol-overview/daily/2024-07-22.json",936,CAA744A0
liqwid-portable-data,1,"raw/api/fetches/20260717T161934136Z/protocol-overview/daily/2024-07-23.json",940,C8F4141F
liqwid-portable-data,1,"raw/api/fetches/20260717T161934136Z/protocol-overview/daily/2024-07-24.json",940,CDE2711D
liqwid-portable-data,1,"raw/api/fetches/20260717T161934136Z/protocol-overview/daily/2024-07-25.json",942,14947EE9
liqwid-portable-data,1,"raw/api/fetches/20260717T161934136Z/protocol-overview/daily/2024-07-26.json",938,051AB94B
liqwid-portable-data,1,"raw/api/fetches/20260717T161934136Z/protocol-overview/daily/2024-07-27.json",940,C8B12A3D
liqwid-portable-data,1,"raw/api/fetches/20260717T161934136Z/protocol-overview/daily/2024-07-28.json",924,F0295D4F
liqwid-portable-data,1,"raw/api/fetches/20260717T161934136Z/protocol-overview/daily/2024-07-29.json",935,4455B644
liqwid-portable-data,1,"raw/api/fetches/20260717T161934136Z/protocol-overview/daily/2024-07-30.json",937,4BC93164
liqwid-portable-data,1,"raw/api/fetches/20260717T161934136Z/protocol-overview/daily/2024-07-31.json",928,078EFB5B
liqwid-portable-data,1,"raw/api/fetches/20260717T161934136Z/protocol-overview/daily/2024-08-01.json",944,D8B08512
liqwid-portable-data,1,"raw/api/fetches/20260717T161934136Z/protocol-overview/daily/2024-08-02.json",939,3C5D922D
liqwid-portable-data,1,"raw/api/fetches/20260717T161934136Z/protocol-overview/daily/2024-08-03.json",942,4738E57F
liqwid-portable-data,1,"raw/api/fetches/20260717T161934136Z/protocol-overview/daily/2024-08-04.json",959,FD93F64A
liqwid-portable-data,1,"raw/api/fetches/20260717T161934136Z/protocol-overview/daily/2024-08-05.json",963,34AF61C5
liqwid-portable-data,1,"raw/api/fetches/20260717T161934136Z/protocol-overview/daily/2024-08-06.json",943,E3A033E0
liqwid-portable-data,1,"raw/api/fetches/20260717T161934136Z/protocol-overview/daily/2024-08-07.json",941,421A7BD5
liqwid-portable-data,1,"raw/api/fetches/20260717T161934136Z/protocol-overview/daily/2024-08-08.json",957,D2911066
liqwid-portable-data,1,"raw/api/fetches/20260717T161934136Z/protocol-overview/daily/2024-08-09.json",936,CBABEC2C
liqwid-portable-data,1,"raw/api/fetches/20260717T161934136Z/protocol-overview/daily/2024-08-10.json",930,6EF37302
liqwid-portable-data,1,"raw/api/fetches/20260717T161934136Z/protocol-overview/daily/2024-08-11.json",928,130066F5
liqwid-portable-data,1,"raw/api/fetches/20260717T161934136Z/protocol-overview/daily/2024-08-12.json",936,FA199DAF
liqwid-portable-data,1,"raw/api/fetches/20260717T161934136Z/protocol-overview/daily/2024-08-13.json",936,D68672A0
liqwid-portable-data,1,"raw/api/fetches/20260717T161934136Z/protocol-overview/daily/2024-08-14.json",943,B08C7DA1
liqwid-portable-data,1,"raw/api/fetches/20260717T161934136Z/protocol-overview/daily/2024-08-15.json",943,07B8129C
liqwid-portable-data,1,"raw/api/fetches/20260717T161934136Z/protocol-overview/daily/2024-08-16.json",954,4F8BB397
liqwid-portable-data,1,"raw/api/fetches/20260717T161934136Z/protocol-overview/daily/2024-08-17.json",929,5A7F05D8
liqwid-portable-data,1,"raw/api/fetches/20260717T161934136Z/protocol-overview/daily/2024-08-18.json",939,6A9008E3
liqwid-portable-data,1,"raw/api/fetches/20260717T161934136Z/protocol-overview/daily/2024-08-19.json",941,16A6454E
liqwid-portable-data,1,"raw/api/fetches/20260717T161934136Z/protocol-overview/daily/2024-08-20.json",934,3C0DD7DC
liqwid-portable-data,1,"raw/api/fetches/20260717T161934136Z/protocol-overview/daily/2024-08-21.json",943,E76487B7
liqwid-portable-data,1,"raw/api/fetches/20260717T161934136Z/protocol-overview/daily/2024-08-22.json",937,01FF3333
liqwid-portable-data,1,"raw/api/fetches/20260717T161934136Z/protocol-overview/daily/2024-08-23.json",929,5F8DCDBF
liqwid-portable-data,1,"raw/api/fetches/20260717T161934136Z/protocol-overview/daily/2024-08-24.json",934,1C85D0BF
liqwid-portable-data,1,"raw/api/fetches/20260717T161934136Z/protocol-overview/daily/2024-08-25.json",937,00998424
liqwid-portable-data,1,"raw/api/fetches/20260717T161934136Z/protocol-overview/daily/2024-08-26.json",937,3BAC485A
liqwid-portable-data,1,"raw/api/fetches/20260717T161934136Z/protocol-overview/daily/2024-08-27.json",936,FCB4AF81
liqwid-portable-data,1,"raw/api/fetches/20260717T161934136Z/protocol-overview/daily/2024-08-28.json",939,93E3B12F
liqwid-portable-data,1,"raw/api/fetches/20260717T161934136Z/protocol-overview/daily/2024-08-29.json",945,60F153CA
liqwid-portable-data,1,"raw/api/fetches/20260717T161934136Z/protocol-overview/daily/2024-08-30.json",938,86D65A7A
liqwid-portable-data,1,"raw/api/fetches/20260717T161934136Z/protocol-overview/daily/2024-08-31.json",937,003D00E7
liqwid-portable-data,1,"raw/api/fetches/20260717T161934136Z/protocol-overview/daily/2024-09-01.json",942,7D67D594
liqwid-portable-data,1,"raw/api/fetches/20260717T161934136Z/protocol-overview/daily/2024-09-02.json",941,02D809CC
liqwid-portable-data,1,"raw/api/fetches/20260717T161934136Z/protocol-overview/daily/2024-09-03.json",937,1A4C5974
liqwid-portable-data,1,"raw/api/fetches/20260717T161934136Z/protocol-overview/daily/2024-09-04.json",942,73074078
liqwid-portable-data,1,"raw/api/fetches/20260717T161934136Z/protocol-overview/daily/2024-09-05.json",940,F3FA9AF2
liqwid-portable-data,1,"raw/api/fetches/20260717T161934136Z/protocol-overview/daily/2024-09-06.json",940,C73F6325
liqwid-portable-data,1,"raw/api/fetches/20260717T161934136Z/protocol-overview/daily/2024-09-07.json",935,A5083777
liqwid-portable-data,1,"raw/api/fetches/20260717T161934136Z/protocol-overview/daily/2024-09-08.json",939,E8D6C858
liqwid-portable-data,1,"raw/api/fetches/20260717T161934136Z/protocol-overview/daily/2024-09-09.json",939,508AD72E
liqwid-portable-data,1,"raw/api/fetches/20260717T161934136Z/protocol-overview/daily/2024-09-10.json",941,E2052DAA
liqwid-portable-data,1,"raw/api/fetches/20260717T161934136Z/protocol-overview/daily/2024-09-11.json",937,A12B4AD3
liqwid-portable-data,1,"raw/api/fetches/20260717T161934136Z/protocol-overview/daily/2024-09-12.json",937,C7E304B6
liqwid-portable-data,1,"raw/api/fetches/20260717T161934136Z/protocol-overview/daily/2024-09-13.json",938,58B11901
liqwid-portable-data,1,"raw/api/fetches/20260717T161934136Z/protocol-overview/daily/2024-09-14.json",940,61D96ACE
liqwid-portable-data,1,"raw/api/fetches/20260717T161934136Z/protocol-overview/daily/2024-09-15.json",938,445056AD
liqwid-portable-data,1,"raw/api/fetches/20260717T161934136Z/protocol-overview/daily/2024-09-16.json",939,3B3F8817
liqwid-portable-data,1,"raw/api/fetches/20260717T161934136Z/protocol-overview/daily/2024-09-17.json",945,A2F02006
liqwid-portable-data,1,"raw/api/fetches/20260717T161934136Z/protocol-overview/daily/2024-09-18.json",937,72BACC9F
liqwid-portable-data,1,"raw/api/fetches/20260717T161934136Z/protocol-overview/daily/2024-09-19.json",933,507758B6
liqwid-portable-data,1,"raw/api/fetches/20260717T161934136Z/protocol-overview/daily/2024-09-20.json",959,E91420D8
liqwid-portable-data,1,"raw/api/fetches/20260717T161934136Z/protocol-overview/daily/2024-09-21.json",936,A93736BC
liqwid-portable-data,1,"raw/api/fetches/20260717T161934136Z/protocol-overview/daily/2024-09-22.json",920,8AE6D90D
liqwid-portable-data,1,"raw/api/fetches/20260717T161934136Z/protocol-overview/daily/2024-09-23.json",941,2B858E7B
liqwid-portable-data,1,"raw/api/fetches/20260717T161934136Z/protocol-overview/daily/2024-09-24.json",944,1477290B
liqwid-portable-data,1,"raw/api/fetches/20260717T161934136Z/protocol-overview/daily/2024-09-25.json",941,76EBEA6F
liqwid-portable-data,1,"raw/api/fetches/20260717T161934136Z/protocol-overview/daily/2024-09-26.json",944,0F37CCF2
liqwid-portable-data,1,"raw/api/fetches/20260717T161934136Z/protocol-overview/daily/2024-09-27.json",943,1D0BD818
liqwid-portable-data,1,"raw/api/fetches/20260717T161934136Z/protocol-overview/daily/2024-09-28.json",928,6FEF7BF4
liqwid-portable-data,1,"raw/api/fetches/20260717T161934136Z/protocol-overview/daily/2024-09-29.json",937,C03E67A4
liqwid-portable-data,1,"raw/api/fetches/20260717T161934136Z/protocol-overview/daily/2024-09-30.json",934,3C580BBB
liqwid-portable-data,1,"raw/api/fetches/20260717T161934136Z/protocol-overview/daily/2024-10-01.json",942,EF5ED654
liqwid-portable-data,1,"raw/api/fetches/20260717T161934136Z/protocol-overview/daily/2024-10-02.json",942,E17A6746
liqwid-portable-data,1,"raw/api/fetches/20260717T161934136Z/protocol-overview/daily/2024-10-03.json",940,997E5913
liqwid-portable-data,1,"raw/api/fetches/20260717T161934136Z/protocol-overview/daily/2024-10-04.json",942,81E6FB6D
liqwid-portable-data,1,"raw/api/fetches/20260717T161934136Z/protocol-overview/daily/2024-10-05.json",897,59E9B1E2
liqwid-portable-data,1,"raw/api/fetches/20260717T161934136Z/protocol-overview/daily/2024-10-06.json",937,7EE96F2C
liqwid-portable-data,1,"raw/api/fetches/20260717T161934136Z/protocol-overview/daily/2024-10-07.json",941,41FFA150
liqwid-portable-data,1,"raw/api/fetches/20260717T161934136Z/protocol-overview/daily/2024-10-08.json",944,4A713627
liqwid-portable-data,1,"raw/api/fetches/20260717T161934136Z/protocol-overview/daily/2024-10-09.json",944,7FA0D73C
liqwid-portable-data,1,"raw/api/fetches/20260717T161934136Z/protocol-overview/daily/2024-10-10.json",944,0778E02C
liqwid-portable-data,1,"raw/api/fetches/20260717T161934136Z/protocol-overview/daily/2024-10-11.json",961,3ACE9D44
liqwid-portable-data,1,"raw/api/fetches/20260717T161934136Z/protocol-overview/daily/2024-10-12.json",942,88A2186D
liqwid-portable-data,1,"raw/api/fetches/20260717T161934136Z/protocol-overview/daily/2024-10-13.json",936,B1331B4B
liqwid-portable-data,1,"raw/api/fetches/20260717T161934136Z/protocol-overview/daily/2024-10-14.json",943,04119953
liqwid-portable-data,1,"raw/api/fetches/20260717T161934136Z/protocol-overview/daily/2024-10-15.json",943,1DBF7F9B
liqwid-portable-data,1,"raw/api/fetches/20260717T161934136Z/protocol-overview/daily/2024-10-16.json",944,B7D8CC77
liqwid-portable-data,1,"raw/api/fetches/20260717T161934136Z/protocol-overview/daily/2024-10-17.json",942,47DEB4FB
liqwid-portable-data,1,"raw/api/fetches/20260717T161934136Z/protocol-overview/daily/2024-10-18.json",937,D559D02C
liqwid-portable-data,1,"raw/api/fetches/20260717T161934136Z/protocol-overview/daily/2024-10-19.json",938,49FDB7DA
liqwid-portable-data,1,"raw/api/fetches/20260717T161934136Z/protocol-overview/daily/2024-10-20.json",934,D57AD5C7
liqwid-portable-data,1,"raw/api/fetches/20260717T161934136Z/protocol-overview/daily/2024-10-21.json",941,27038FB3
liqwid-portable-data,1,"raw/api/fetches/20260717T161934136Z/protocol-overview/daily/2024-10-22.json",938,683CD5B0
liqwid-portable-data,1,"raw/api/fetches/20260717T161934136Z/protocol-overview/daily/2024-10-23.json",943,22332119
liqwid-portable-data,1,"raw/api/fetches/20260717T161934136Z/protocol-overview/daily/2024-10-24.json",930,35EFE1D5
liqwid-portable-data,1,"raw/api/fetches/20260717T161934136Z/protocol-overview/daily/2024-10-25.json",956,05A4E269
liqwid-portable-data,1,"raw/api/fetches/20260717T161934136Z/protocol-overview/daily/2024-10-26.json",938,7867145B
liqwid-portable-data,1,"raw/api/fetches/20260717T161934136Z/protocol-overview/daily/2024-10-27.json",922,1F0DD72E
liqwid-portable-data,1,"raw/api/fetches/20260717T161934136Z/protocol-overview/daily/2024-10-28.json",938,C0504572
liqwid-portable-data,1,"raw/api/fetches/20260717T161934136Z/protocol-overview/daily/2024-10-29.json",942,47DDDEAC
liqwid-portable-data,1,"raw/api/fetches/20260717T161934136Z/protocol-overview/daily/2024-10-30.json",921,094D6F1B
liqwid-portable-data,1,"raw/api/fetches/20260717T161934136Z/protocol-overview/daily/2024-10-31.json",892,FF8E7261
liqwid-portable-data,1,"raw/api/fetches/20260717T161934136Z/protocol-overview/daily/2024-11-01.json",938,FC588CE7
liqwid-portable-data,1,"raw/api/fetches/20260717T161934136Z/protocol-overview/daily/2024-11-02.json",941,212FA9F2
liqwid-portable-data,1,"raw/api/fetches/20260717T161934136Z/protocol-overview/daily/2024-11-03.json",940,1195C634
liqwid-portable-data,1,"raw/api/fetches/20260717T161934136Z/protocol-overview/daily/2024-11-04.json",959,F1F0922F
liqwid-portable-data,1,"raw/api/fetches/20260717T161934136Z/protocol-overview/daily/2024-11-05.json",938,45E2D923
liqwid-portable-data,1,"raw/api/fetches/20260717T161934136Z/protocol-overview/daily/2024-11-06.json",939,5CFC0320
liqwid-portable-data,1,"raw/api/fetches/20260717T161934136Z/protocol-overview/daily/2024-11-07.json",944,F85CE462
liqwid-portable-data,1,"raw/api/fetches/20260717T161934136Z/protocol-overview/daily/2024-11-08.json",946,2887AF6B
liqwid-portable-data,1,"raw/api/fetches/20260717T161934136Z/protocol-overview/daily/2024-11-09.json",942,A533D492
liqwid-portable-data,1,"raw/api/fetches/20260717T161934136Z/protocol-overview/daily/2024-11-10.json",963,BF6D9E62
liqwid-portable-data,1,"raw/api/fetches/20260717T161934136Z/protocol-overview/daily/2024-11-11.json",942,B19BA06B
liqwid-portable-data,1,"raw/api/fetches/20260717T161934136Z/protocol-overview/daily/2024-11-12.json",943,AA78FF92
liqwid-portable-data,1,"raw/api/fetches/20260717T161934136Z/protocol-overview/daily/2024-11-13.json",945,A9D75CE0
liqwid-portable-data,1,"raw/api/fetches/20260717T161934136Z/protocol-overview/daily/2024-11-14.json",944,2D966989
liqwid-portable-data,1,"raw/api/fetches/20260717T161934136Z/protocol-overview/daily/2024-11-15.json",940,1B769C6B
liqwid-portable-data,1,"raw/api/fetches/20260717T161934136Z/protocol-overview/daily/2024-11-16.json",945,0B8C98E8
liqwid-portable-data,1,"raw/api/fetches/20260717T161934136Z/protocol-overview/daily/2024-11-17.json",960,4C721EBE
liqwid-portable-data,1,"raw/api/fetches/20260717T161934136Z/protocol-overview/daily/2024-11-18.json",961,02BE1B9A
liqwid-portable-data,1,"raw/api/fetches/20260717T161934136Z/protocol-overview/daily/2024-11-19.json",935,913ACE71
liqwid-portable-data,1,"raw/api/fetches/20260717T161934136Z/protocol-overview/daily/2024-11-20.json",960,4DDF1288
liqwid-portable-data,1,"raw/api/fetches/20260717T161934136Z/protocol-overview/daily/2024-11-21.json",941,6EACFBE8
liqwid-portable-data,1,"raw/api/fetches/20260717T161934136Z/protocol-overview/daily/2024-11-22.json",963,7D86B4C9
liqwid-portable-data,1,"raw/api/fetches/20260717T161934136Z/protocol-overview/daily/2024-11-23.json",958,F0CE8E53
liqwid-portable-data,1,"raw/api/fetches/20260717T161934136Z/protocol-overview/daily/2024-11-24.json",961,6A8D5DE1
liqwid-portable-data,1,"raw/api/fetches/20260717T161934136Z/protocol-overview/daily/2024-11-25.json",942,E8BDC6C0
liqwid-portable-data,1,"raw/api/fetches/20260717T161934136Z/protocol-overview/daily/2024-11-26.json",942,C0677500
liqwid-portable-data,1,"raw/api/fetches/20260717T161934136Z/protocol-overview/daily/2024-11-27.json",941,2B885976
liqwid-portable-data,1,"raw/api/fetches/20260717T161934136Z/protocol-overview/daily/2024-11-28.json",944,AEEC9B43
liqwid-portable-data,1,"raw/api/fetches/20260717T161934136Z/protocol-overview/daily/2024-11-29.json",944,6D451046
liqwid-portable-data,1,"raw/api/fetches/20260717T161934136Z/protocol-overview/daily/2024-11-30.json",958,DA29E58F
liqwid-portable-data,1,"raw/api/fetches/20260717T161934136Z/protocol-overview/daily/2024-12-01.json",940,3F13FF2E
liqwid-portable-data,1,"raw/api/fetches/20260717T161934136Z/protocol-overview/daily/2024-12-02.json",943,6459DF4F
liqwid-portable-data,1,"raw/api/fetches/20260717T161934136Z/protocol-overview/daily/2024-12-03.json",942,C6C2FEF2
liqwid-portable-data,1,"raw/api/fetches/20260717T161934136Z/protocol-overview/daily/2024-12-04.json",961,05B0EB0A
liqwid-portable-data,1,"raw/api/fetches/20260717T161934136Z/protocol-overview/daily/2024-12-05.json",963,7DF470E5
liqwid-portable-data,1,"raw/api/fetches/20260717T161934136Z/protocol-overview/daily/2024-12-06.json",944,3BB07202
liqwid-portable-data,1,"raw/api/fetches/20260717T161934136Z/protocol-overview/daily/2024-12-07.json",930,2D0A11A5
liqwid-portable-data,1,"raw/api/fetches/20260717T161934136Z/protocol-overview/daily/2024-12-08.json",935,2FCD53A0
liqwid-portable-data,1,"raw/api/fetches/20260717T161934136Z/protocol-overview/daily/2024-12-09.json",961,6EA952B9
liqwid-portable-data,1,"raw/api/fetches/20260717T161934136Z/protocol-overview/daily/2024-12-10.json",959,0A353E59
liqwid-portable-data,1,"raw/api/fetches/20260717T161934136Z/protocol-overview/daily/2024-12-11.json",941,3E8E795C
liqwid-portable-data,1,"raw/api/fetches/20260717T161934136Z/protocol-overview/daily/2024-12-12.json",942,C30FE14E
liqwid-portable-data,1,"raw/api/fetches/20260717T161934136Z/protocol-overview/daily/2024-12-13.json",958,0F82044F
liqwid-portable-data,1,"raw/api/fetches/20260717T161934136Z/protocol-overview/daily/2024-12-14.json",943,DE033EBA
liqwid-portable-data,1,"raw/api/fetches/20260717T161934136Z/protocol-overview/daily/2024-12-15.json",941,00231EF8
liqwid-portable-data,1,"raw/api/fetches/20260717T161934136Z/protocol-overview/daily/2024-12-16.json",943,5570C104
liqwid-portable-data,1,"raw/api/fetches/20260717T161934136Z/protocol-overview/daily/2024-12-17.json",941,D363BFBF
liqwid-portable-data,1,"raw/api/fetches/20260717T161934136Z/protocol-overview/daily/2024-12-18.json",941,0FE2994A
liqwid-portable-data,1,"raw/api/fetches/20260717T161934136Z/protocol-overview/daily/2024-12-19.json",961,647A6354
liqwid-portable-data,1,"raw/api/fetches/20260717T161934136Z/protocol-overview/daily/2024-12-20.json",960,9FDE7874
liqwid-portable-data,1,"raw/api/fetches/20260717T161934136Z/protocol-overview/daily/2024-12-21.json",957,5657DEC4
liqwid-portable-data,1,"raw/api/fetches/20260717T161934136Z/protocol-overview/daily/2024-12-22.json",943,B142A4D5
liqwid-portable-data,1,"raw/api/fetches/20260717T161934136Z/protocol-overview/daily/2024-12-23.json",944,0A5AC007
liqwid-portable-data,1,"raw/api/fetches/20260717T161934136Z/protocol-overview/daily/2024-12-24.json",944,BEBACF25
liqwid-portable-data,1,"raw/api/fetches/20260717T161934136Z/protocol-overview/daily/2024-12-25.json",939,F8B9D9A2
liqwid-portable-data,1,"raw/api/fetches/20260717T161934136Z/protocol-overview/daily/2024-12-26.json",958,1DFB7AC9
liqwid-portable-data,1,"raw/api/fetches/20260717T161934136Z/protocol-overview/daily/2024-12-27.json",956,3ABB16AB
liqwid-portable-data,1,"raw/api/fetches/20260717T161934136Z/protocol-overview/daily/2024-12-28.json",940,225BB181
liqwid-portable-data,1,"raw/api/fetches/20260717T161934136Z/protocol-overview/daily/2024-12-29.json",940,F0D0B3B6
liqwid-portable-data,1,"raw/api/fetches/20260717T161934136Z/protocol-overview/daily/2024-12-30.json",940,F3CEB6DC
liqwid-portable-data,1,"raw/api/fetches/20260717T161934136Z/protocol-overview/daily/2024-12-31.json",944,2E54513D
liqwid-portable-data,1,"raw/api/fetches/20260717T161934136Z/protocol-overview/daily/2025-01-01.json",941,187F5D49
liqwid-portable-data,1,"raw/api/fetches/20260717T161934136Z/protocol-overview/daily/2025-01-02.json",943,A03AB7E5
liqwid-portable-data,1,"raw/api/fetches/20260717T161934136Z/protocol-overview/daily/2025-01-03.json",943,D5A9FAD7
liqwid-portable-data,1,"raw/api/fetches/20260717T161934136Z/protocol-overview/daily/2025-01-04.json",923,0C42B570
liqwid-portable-data,1,"raw/api/fetches/20260717T161934136Z/protocol-overview/daily/2025-01-05.json",944,2CF3C485
liqwid-portable-data,1,"raw/api/fetches/20260717T161934136Z/protocol-overview/daily/2025-01-06.json",942,4CF0FFFD
liqwid-portable-data,1,"raw/api/fetches/20260717T161934136Z/protocol-overview/daily/2025-01-07.json",958,0FED4930
liqwid-portable-data,1,"raw/api/fetches/20260717T161934136Z/protocol-overview/daily/2025-01-08.json",963,EAB75893
liqwid-portable-data,1,"raw/api/fetches/20260717T161934136Z/protocol-overview/daily/2025-01-09.json",939,F0B0A72A
liqwid-portable-data,1,"raw/api/fetches/20260717T161934136Z/protocol-overview/daily/2025-01-10.json",946,C2A2DE67
liqwid-portable-data,1,"raw/api/fetches/20260717T161934136Z/protocol-overview/daily/2025-01-11.json",959,86223AEE
liqwid-portable-data,1,"raw/api/fetches/20260717T161934136Z/protocol-overview/daily/2025-01-12.json",941,AC941E01
liqwid-portable-data,1,"raw/api/fetches/20260717T161934136Z/protocol-overview/daily/2025-01-13.json",958,9002E9B5
liqwid-portable-data,1,"raw/api/fetches/20260717T161934136Z/protocol-overview/daily/2025-01-14.json",943,3DC58914
liqwid-portable-data,1,"raw/api/fetches/20260717T161934136Z/protocol-overview/daily/2025-01-15.json",930,ACBCD284
liqwid-portable-data,1,"raw/api/fetches/20260717T161934136Z/protocol-overview/daily/2025-01-16.json",942,A66D7819
liqwid-portable-data,1,"raw/api/fetches/20260717T161934136Z/protocol-overview/daily/2025-01-17.json",930,3C9C2E0B
liqwid-portable-data,1,"raw/api/fetches/20260717T161934136Z/protocol-overview/daily/2025-01-18.json",941,C6028D33
liqwid-portable-data,1,"raw/api/fetches/20260717T161934136Z/protocol-overview/daily/2025-01-19.json",941,9C116311
liqwid-portable-data,1,"raw/api/fetches/20260717T161934136Z/protocol-overview/daily/2025-01-20.json",956,AA8998C7
liqwid-portable-data,1,"raw/api/fetches/20260717T161934136Z/protocol-overview/daily/2025-01-21.json",943,1DAE4526
liqwid-portable-data,1,"raw/api/fetches/20260717T161934136Z/protocol-overview/daily/2025-01-22.json",941,C87CBA95
liqwid-portable-data,1,"raw/api/fetches/20260717T161934136Z/protocol-overview/daily/2025-01-23.json",943,6259D8A5
liqwid-portable-data,1,"raw/api/fetches/20260717T161934136Z/protocol-overview/daily/2025-01-24.json",941,4EEA3DFF
liqwid-portable-data,1,"raw/api/fetches/20260717T161934136Z/protocol-overview/daily/2025-01-25.json",929,698F5CAA
liqwid-portable-data,1,"raw/api/fetches/20260717T161934136Z/protocol-overview/daily/2025-01-26.json",942,F516F57B
liqwid-portable-data,1,"raw/api/fetches/20260717T161934136Z/protocol-overview/daily/2025-01-27.json",960,428FCDCE
liqwid-portable-data,1,"raw/api/fetches/20260717T161934136Z/protocol-overview/daily/2025-01-28.json",941,61D89B26
liqwid-portable-data,1,"raw/api/fetches/20260717T161934136Z/protocol-overview/daily/2025-01-29.json",938,95E30C2A
liqwid-portable-data,1,"raw/api/fetches/20260717T161934136Z/protocol-overview/daily/2025-01-30.json",938,AB9E8099
liqwid-portable-data,1,"raw/api/fetches/20260717T161934136Z/protocol-overview/daily/2025-01-31.json",940,EF286266
liqwid-portable-data,1,"raw/api/fetches/20260717T161934136Z/protocol-overview/daily/2025-02-01.json",941,FE8C78B7
liqwid-portable-data,1,"raw/api/fetches/20260717T161934136Z/protocol-overview/daily/2025-02-02.json",960,1831F647
liqwid-portable-data,1,"raw/api/fetches/20260717T161934136Z/protocol-overview/daily/2025-02-03.json",961,93431C88
liqwid-portable-data,1,"raw/api/fetches/20260717T161934136Z/protocol-overview/daily/2025-02-04.json",961,2864AC30
liqwid-portable-data,1,"raw/api/fetches/20260717T161934136Z/protocol-overview/daily/2025-02-05.json",936,D844685D
liqwid-portable-data,1,"raw/api/fetches/20260717T161934136Z/protocol-overview/daily/2025-02-06.json",944,7B99B406
liqwid-portable-data,1,"raw/api/fetches/20260717T161934136Z/protocol-overview/daily/2025-02-07.json",942,F7F42110
liqwid-portable-data,1,"raw/api/fetches/20260717T161934136Z/protocol-overview/daily/2025-02-08.json",943,0987B157
liqwid-portable-data,1,"raw/api/fetches/20260717T161934136Z/protocol-overview/daily/2025-02-09.json",942,D977716F
liqwid-portable-data,1,"raw/api/fetches/20260717T161934136Z/protocol-overview/daily/2025-02-10.json",939,99F4AAC4
liqwid-portable-data,1,"raw/api/fetches/20260717T161934136Z/protocol-overview/daily/2025-02-11.json",954,C87C6AFF
liqwid-portable-data,1,"raw/api/fetches/20260717T161934136Z/protocol-overview/daily/2025-02-12.json",889,09FB7DF5
liqwid-portable-data,1,"raw/api/fetches/20260717T161934136Z/protocol-overview/daily/2025-02-13.json",935,D3876D5A
liqwid-portable-data,1,"raw/api/fetches/20260717T161934136Z/protocol-overview/daily/2025-02-14.json",939,1F6E8613
liqwid-portable-data,1,"raw/api/fetches/20260717T161934136Z/protocol-overview/daily/2025-02-15.json",928,98D12588
liqwid-portable-data,1,"raw/api/fetches/20260717T161934136Z/protocol-overview/daily/2025-02-16.json",931,EBA5D99F
liqwid-portable-data,1,"raw/api/fetches/20260717T161934136Z/protocol-overview/daily/2025-02-17.json",937,B66266DA
liqwid-portable-data,1,"raw/api/fetches/20260717T161934136Z/protocol-overview/daily/2025-02-18.json",960,B7F10295
liqwid-portable-data,1,"raw/api/fetches/20260717T161934136Z/protocol-overview/daily/2025-02-19.json",934,4C63CC6B
liqwid-portable-data,1,"raw/api/fetches/20260717T161934136Z/protocol-overview/daily/2025-02-20.json",935,5BA52B8B
liqwid-portable-data,1,"raw/api/fetches/20260717T161934136Z/protocol-overview/daily/2025-02-21.json",941,8CC0C34D
liqwid-portable-data,1,"raw/api/fetches/20260717T161934136Z/protocol-overview/daily/2025-02-22.json",937,A274D2CF
liqwid-portable-data,1,"raw/api/fetches/20260717T161934136Z/protocol-overview/daily/2025-02-23.json",937,955A51EE
liqwid-portable-data,1,"raw/api/fetches/20260717T161934136Z/protocol-overview/daily/2025-02-24.json",959,7ABAEA73
liqwid-portable-data,1,"raw/api/fetches/20260717T161934136Z/protocol-overview/daily/2025-02-25.json",959,6224E1F1
liqwid-portable-data,1,"raw/api/fetches/20260717T161934136Z/protocol-overview/daily/2025-02-26.json",954,B4257841
liqwid-portable-data,1,"raw/api/fetches/20260717T161934136Z/protocol-overview/daily/2025-02-27.json",961,00DF70B1
liqwid-portable-data,1,"raw/api/fetches/20260717T161934136Z/protocol-overview/daily/2025-02-28.json",959,50C1ADFC
liqwid-portable-data,1,"raw/api/fetches/20260717T161934136Z/protocol-overview/daily/2025-03-01.json",937,7EC25893
liqwid-portable-data,1,"raw/api/fetches/20260717T161934136Z/protocol-overview/daily/2025-03-02.json",959,AAA2214B
liqwid-portable-data,1,"raw/api/fetches/20260717T161934136Z/protocol-overview/daily/2025-03-03.json",954,232FA9A1
liqwid-portable-data,1,"raw/api/fetches/20260717T161934136Z/protocol-overview/daily/2025-03-04.json",954,079E1CA0
liqwid-portable-data,1,"raw/api/fetches/20260717T161934136Z/protocol-overview/daily/2025-03-05.json",940,736EC4BA
liqwid-portable-data,1,"raw/api/fetches/20260717T161934136Z/protocol-overview/daily/2025-03-06.json",942,BC81770D
liqwid-portable-data,1,"raw/api/fetches/20260717T161934136Z/protocol-overview/daily/2025-03-07.json",940,768F8B63
liqwid-portable-data,1,"raw/api/fetches/20260717T161934136Z/protocol-overview/daily/2025-03-08.json",955,FE3F5598
liqwid-portable-data,1,"raw/api/fetches/20260717T161934136Z/protocol-overview/daily/2025-03-09.json",956,33278035
liqwid-portable-data,1,"raw/api/fetches/20260717T161934136Z/protocol-overview/daily/2025-03-10.json",958,3A78C561
liqwid-portable-data,1,"raw/api/fetches/20260717T161934136Z/protocol-overview/daily/2025-03-11.json",959,5A6E8E99
liqwid-portable-data,1,"raw/api/fetches/20260717T161934136Z/protocol-overview/daily/2025-03-12.json",939,EF63C0E0
liqwid-portable-data,1,"raw/api/fetches/20260717T161934136Z/protocol-overview/daily/2025-03-13.json",942,C3861B9A
liqwid-portable-data,1,"raw/api/fetches/20260717T161934136Z/protocol-overview/daily/2025-03-14.json",927,28273361
liqwid-portable-data,1,"raw/api/fetches/20260717T161934136Z/protocol-overview/daily/2025-03-15.json",951,B412FD9B
liqwid-portable-data,1,"raw/api/fetches/20260717T161934136Z/protocol-overview/daily/2025-03-16.json",942,9DDBD1CE
liqwid-portable-data,1,"raw/api/fetches/20260717T161934136Z/protocol-overview/daily/2025-03-17.json",937,3471EB83
liqwid-portable-data,1,"raw/api/fetches/20260717T161934136Z/protocol-overview/daily/2025-03-18.json",931,E3BBE874
liqwid-portable-data,1,"raw/api/fetches/20260717T161934136Z/protocol-overview/daily/2025-03-19.json",934,C9A4F036
liqwid-portable-data,1,"raw/api/fetches/20260717T161934136Z/protocol-overview/daily/2025-03-20.json",920,2F2DE4A6
liqwid-portable-data,1,"raw/api/fetches/20260717T161934136Z/protocol-overview/daily/2025-03-21.json",944,7BA332D9
liqwid-portable-data,1,"raw/api/fetches/20260717T161934136Z/protocol-overview/daily/2025-03-22.json",932,A85813F7
liqwid-portable-data,1,"raw/api/fetches/20260717T161934136Z/protocol-overview/daily/2025-03-23.json",936,D653C553
liqwid-portable-data,1,"raw/api/fetches/20260717T161934136Z/protocol-overview/daily/2025-03-24.json",933,90EC345C
liqwid-portable-data,1,"raw/api/fetches/20260717T161934136Z/protocol-overview/daily/2025-03-25.json",939,9B345922
liqwid-portable-data,1,"raw/api/fetches/20260717T161934136Z/protocol-overview/daily/2025-03-26.json",938,54A0124E
liqwid-portable-data,1,"raw/api/fetches/20260717T161934136Z/protocol-overview/daily/2025-03-27.json",939,83D130BB
liqwid-portable-data,1,"raw/api/fetches/20260717T161934136Z/protocol-overview/daily/2025-03-28.json",938,031952B2
liqwid-portable-data,1,"raw/api/fetches/20260717T161934136Z/protocol-overview/daily/2025-03-29.json",946,1B0479BF
liqwid-portable-data,1,"raw/api/fetches/20260717T161934136Z/protocol-overview/daily/2025-03-30.json",927,5DE35FD3
liqwid-portable-data,1,"raw/api/fetches/20260717T161934136Z/protocol-overview/daily/2025-03-31.json",958,FD834F8D
liqwid-portable-data,1,"raw/api/fetches/20260717T161934136Z/protocol-overview/daily/2025-04-01.json",940,D954FA4E
liqwid-portable-data,1,"raw/api/fetches/20260717T161934136Z/protocol-overview/daily/2025-04-02.json",940,C828F726
liqwid-portable-data,1,"raw/api/fetches/20260717T161934136Z/protocol-overview/daily/2025-04-03.json",944,78E421CF
liqwid-portable-data,1,"raw/api/fetches/20260717T161934136Z/protocol-overview/daily/2025-04-04.json",944,217B34D2
liqwid-portable-data,1,"raw/api/fetches/20260717T161934136Z/protocol-overview/daily/2025-04-05.json",936,D24ABF4D
liqwid-portable-data,1,"raw/api/fetches/20260717T161934136Z/protocol-overview/daily/2025-04-06.json",955,862742C7
liqwid-portable-data,1,"raw/api/fetches/20260717T161934136Z/protocol-overview/daily/2025-04-07.json",958,9A6E13E7
liqwid-portable-data,1,"raw/api/fetches/20260717T161934136Z/protocol-overview/daily/2025-04-08.json",931,36517CA7
liqwid-portable-data,1,"raw/api/fetches/20260717T161934136Z/protocol-overview/daily/2025-04-09.json",946,B9F56F74
liqwid-portable-data,1,"raw/api/fetches/20260717T161934136Z/protocol-overview/daily/2025-04-10.json",936,CEECA4D6
liqwid-portable-data,1,"raw/api/fetches/20260717T161934136Z/protocol-overview/daily/2025-04-11.json",936,90A3503F
liqwid-portable-data,1,"raw/api/fetches/20260717T161934136Z/protocol-overview/daily/2025-04-12.json",933,6722357A
liqwid-portable-data,1,"raw/api/fetches/20260717T161934136Z/protocol-overview/daily/2025-04-13.json",941,6C156630
liqwid-portable-data,1,"raw/api/fetches/20260717T161934136Z/protocol-overview/daily/2025-04-14.json",929,D401EC33
liqwid-portable-data,1,"raw/api/fetches/20260717T161934136Z/protocol-overview/daily/2025-04-15.json",938,E816C3FE
liqwid-portable-data,1,"raw/api/fetches/20260717T161934136Z/protocol-overview/daily/2025-04-16.json",940,D4A843F7
liqwid-portable-data,1,"raw/api/fetches/20260717T161934136Z/protocol-overview/daily/2025-04-17.json",935,DC19DF10
liqwid-portable-data,1,"raw/api/fetches/20260717T161934136Z/protocol-overview/daily/2025-04-18.json",934,813EA0A9
liqwid-portable-data,1,"raw/api/fetches/20260717T161934136Z/protocol-overview/daily/2025-04-19.json",936,48945EC2
liqwid-portable-data,1,"raw/api/fetches/20260717T161934136Z/protocol-overview/daily/2025-04-20.json",923,2ADFCBBE
liqwid-portable-data,1,"raw/api/fetches/20260717T161934136Z/protocol-overview/daily/2025-04-21.json",937,FE8B96F5
liqwid-portable-data,1,"raw/api/fetches/20260717T161934136Z/protocol-overview/daily/2025-04-22.json",937,380068FE
liqwid-portable-data,1,"raw/api/fetches/20260717T161934136Z/protocol-overview/daily/2025-04-23.json",941,70690F2A
liqwid-portable-data,1,"raw/api/fetches/20260717T161934136Z/protocol-overview/daily/2025-04-24.json",928,9924A927
liqwid-portable-data,1,"raw/api/fetches/20260717T161934136Z/protocol-overview/daily/2025-04-25.json",951,3B435ED0
liqwid-portable-data,1,"raw/api/fetches/20260717T161934136Z/protocol-overview/daily/2025-04-26.json",937,656A30DC
liqwid-portable-data,1,"raw/api/fetches/20260717T161934136Z/protocol-overview/daily/2025-04-27.json",941,C02526FA
liqwid-portable-data,1,"raw/api/fetches/20260717T161934136Z/protocol-overview/daily/2025-04-28.json",951,6548C743
liqwid-portable-data,1,"raw/api/fetches/20260717T161934136Z/protocol-overview/daily/2025-04-29.json",941,93BDC02E
liqwid-portable-data,1,"raw/api/fetches/20260717T161934136Z/protocol-overview/daily/2025-04-30.json",936,48FF75FD
liqwid-portable-data,1,"raw/api/fetches/20260717T161934136Z/protocol-overview/daily/2025-05-01.json",934,456168A6
liqwid-portable-data,1,"raw/api/fetches/20260717T161934136Z/protocol-overview/daily/2025-05-02.json",941,E2E2D4B8
liqwid-portable-data,1,"raw/api/fetches/20260717T161934136Z/protocol-overview/daily/2025-05-03.json",911,1E091C89
liqwid-portable-data,1,"raw/api/fetches/20260717T161934136Z/protocol-overview/daily/2025-05-04.json",941,2E21CF9E
liqwid-portable-data,1,"raw/api/fetches/20260717T161934136Z/protocol-overview/daily/2025-05-05.json",941,36204D80
liqwid-portable-data,1,"raw/api/fetches/20260717T161934136Z/protocol-overview/daily/2025-05-06.json",959,017B3667
liqwid-portable-data,1,"raw/api/fetches/20260717T161934136Z/protocol-overview/daily/2025-05-07.json",941,CE266BF2
liqwid-portable-data,1,"raw/api/fetches/20260717T161934136Z/protocol-overview/daily/2025-05-08.json",935,D97B3106
liqwid-portable-data,1,"raw/api/fetches/20260717T161934136Z/protocol-overview/daily/2025-05-09.json",957,BB612A6D
liqwid-portable-data,1,"raw/api/fetches/20260717T161934136Z/protocol-overview/daily/2025-05-10.json",955,8CC9DAC3
liqwid-portable-data,1,"raw/api/fetches/20260717T161934136Z/protocol-overview/daily/2025-05-11.json",934,E6FF3304
liqwid-portable-data,1,"raw/api/fetches/20260717T161934136Z/protocol-overview/daily/2025-05-12.json",944,7EBDF379
liqwid-portable-data,1,"raw/api/fetches/20260717T161934136Z/protocol-overview/daily/2025-05-13.json",958,115C4AC3
liqwid-portable-data,1,"raw/api/fetches/20260717T161934136Z/protocol-overview/daily/2025-05-14.json",953,7F08AF2A
liqwid-portable-data,1,"raw/api/fetches/20260717T161934136Z/protocol-overview/daily/2025-05-15.json",955,FA2099F0
liqwid-portable-data,1,"raw/api/fetches/20260717T161934136Z/protocol-overview/daily/2025-05-16.json",938,2ABC03B9
liqwid-portable-data,1,"raw/api/fetches/20260717T161934136Z/protocol-overview/daily/2025-05-17.json",955,7217BA16
liqwid-portable-data,1,"raw/api/fetches/20260717T161934136Z/protocol-overview/daily/2025-05-18.json",940,7156E165
liqwid-portable-data,1,"raw/api/fetches/20260717T161934136Z/protocol-overview/daily/2025-05-19.json",938,21B28D5D
liqwid-portable-data,1,"raw/api/fetches/20260717T161934136Z/protocol-overview/daily/2025-05-20.json",940,2BB67999
liqwid-portable-data,1,"raw/api/fetches/20260717T161934136Z/protocol-overview/daily/2025-05-21.json",941,B8A0B27B
liqwid-portable-data,1,"raw/api/fetches/20260717T161934136Z/protocol-overview/daily/2025-05-22.json",946,9F258639
liqwid-portable-data,1,"raw/api/fetches/20260717T161934136Z/protocol-overview/daily/2025-05-23.json",943,636C0F91
liqwid-portable-data,1,"raw/api/fetches/20260717T161934136Z/protocol-overview/daily/2025-05-24.json",933,8D1E145B
liqwid-portable-data,1,"raw/api/fetches/20260717T161934136Z/protocol-overview/daily/2025-05-25.json",938,8DABD4C8
liqwid-portable-data,1,"raw/api/fetches/20260717T161934136Z/protocol-overview/daily/2025-05-26.json",947,49D79911
liqwid-portable-data,1,"raw/api/fetches/20260717T161934136Z/protocol-overview/daily/2025-05-27.json",898,3BA53554
liqwid-portable-data,1,"raw/api/fetches/20260717T161934136Z/protocol-overview/daily/2025-05-28.json",940,72A4285B
liqwid-portable-data,1,"raw/api/fetches/20260717T161934136Z/protocol-overview/daily/2025-05-29.json",946,28E1E779
liqwid-portable-data,1,"raw/api/fetches/20260717T161934136Z/protocol-overview/daily/2025-05-30.json",964,40C6F349
liqwid-portable-data,1,"raw/api/fetches/20260717T161934136Z/protocol-overview/daily/2025-05-31.json",963,71C79E2B
liqwid-portable-data,1,"raw/api/fetches/20260717T161934136Z/protocol-overview/daily/2025-06-01.json",946,1F406E33
liqwid-portable-data,1,"raw/api/fetches/20260717T161934136Z/protocol-overview/daily/2025-06-02.json",941,AB1F5ED2
liqwid-portable-data,1,"raw/api/fetches/20260717T161934136Z/protocol-overview/daily/2025-06-03.json",946,5BD9E9D7
liqwid-portable-data,1,"raw/api/fetches/20260717T161934136Z/protocol-overview/daily/2025-06-04.json",944,66A2AA66
liqwid-portable-data,1,"raw/api/fetches/20260717T161934136Z/protocol-overview/daily/2025-06-05.json",964,7C7608F9
liqwid-portable-data,1,"raw/api/fetches/20260717T161934136Z/protocol-overview/daily/2025-06-06.json",948,D2B73BE0
liqwid-portable-data,1,"raw/api/fetches/20260717T161934136Z/protocol-overview/daily/2025-06-07.json",955,43115069
liqwid-portable-data,1,"raw/api/fetches/20260717T161934136Z/protocol-overview/daily/2025-06-08.json",961,8B437AC4
liqwid-portable-data,1,"raw/api/fetches/20260717T161934136Z/protocol-overview/daily/2025-06-09.json",948,C3CF865C
liqwid-portable-data,1,"raw/api/fetches/20260717T161934136Z/protocol-overview/daily/2025-06-10.json",947,686C7AB5
liqwid-portable-data,1,"raw/api/fetches/20260717T161934136Z/protocol-overview/daily/2025-06-11.json",948,087A396B
liqwid-portable-data,1,"raw/api/fetches/20260717T161934136Z/protocol-overview/daily/2025-06-12.json",945,5D44CB27
liqwid-portable-data,1,"raw/api/fetches/20260717T161934136Z/protocol-overview/daily/2025-06-13.json",962,E56E5774
liqwid-portable-data,1,"raw/api/fetches/20260717T161934136Z/protocol-overview/daily/2025-06-14.json",947,694C5D39
liqwid-portable-data,1,"raw/api/fetches/20260717T161934136Z/protocol-overview/daily/2025-06-15.json",947,041C473D
liqwid-portable-data,1,"raw/api/fetches/20260717T161934136Z/protocol-overview/daily/2025-06-16.json",964,26A7A369
liqwid-portable-data,1,"raw/api/fetches/20260717T161934136Z/protocol-overview/daily/2025-06-17.json",962,73CD0C60
liqwid-portable-data,1,"raw/api/fetches/20260717T161934136Z/protocol-overview/daily/2025-06-18.json",961,7513A8B9
liqwid-portable-data,1,"raw/api/fetches/20260717T161934136Z/protocol-overview/daily/2025-06-19.json",948,46D77E5D
liqwid-portable-data,1,"raw/api/fetches/20260717T161934136Z/protocol-overview/daily/2025-06-20.json",963,2D886B50
liqwid-portable-data,1,"raw/api/fetches/20260717T161934136Z/protocol-overview/daily/2025-06-21.json",962,62F74D56
liqwid-portable-data,1,"raw/api/fetches/20260717T161934136Z/protocol-overview/daily/2025-06-22.json",960,6F3C4A2F
liqwid-portable-data,1,"raw/api/fetches/20260717T161934136Z/protocol-overview/daily/2025-06-23.json",945,51C8A222
liqwid-portable-data,1,"raw/api/fetches/20260717T161934136Z/protocol-overview/daily/2025-06-24.json",935,19161C62
liqwid-portable-data,1,"raw/api/fetches/20260717T161934136Z/protocol-overview/daily/2025-06-25.json",941,C17D5E56
liqwid-portable-data,1,"raw/api/fetches/20260717T161934136Z/protocol-overview/daily/2025-06-26.json",946,060E02F7
liqwid-portable-data,1,"raw/api/fetches/20260717T161934136Z/protocol-overview/daily/2025-06-27.json",937,0796A9FA
liqwid-portable-data,1,"raw/api/fetches/20260717T161934136Z/protocol-overview/daily/2025-06-28.json",927,6D5A637C
liqwid-portable-data,1,"raw/api/fetches/20260717T161934136Z/protocol-overview/daily/2025-06-29.json",947,C5A6A903
liqwid-portable-data,1,"raw/api/fetches/20260717T161934136Z/protocol-overview/daily/2025-06-30.json",963,29BEB352
liqwid-portable-data,1,"raw/api/fetches/20260717T161934136Z/protocol-overview/daily/2025-07-01.json",963,D179B8FB
liqwid-portable-data,1,"raw/api/fetches/20260717T161934136Z/protocol-overview/daily/2025-07-02.json",947,F6A97CA8
liqwid-portable-data,1,"raw/api/fetches/20260717T161934136Z/protocol-overview/daily/2025-07-03.json",946,22C5F680
liqwid-portable-data,1,"raw/api/fetches/20260717T161934136Z/protocol-overview/daily/2025-07-04.json",946,888CD953
liqwid-portable-data,1,"raw/api/fetches/20260717T161934136Z/protocol-overview/daily/2025-07-05.json",947,79861C54
liqwid-portable-data,1,"raw/api/fetches/20260717T161934136Z/protocol-overview/daily/2025-07-06.json",945,BEA192DA
liqwid-portable-data,1,"raw/api/fetches/20260717T161934136Z/protocol-overview/daily/2025-07-07.json",936,381542D6
liqwid-portable-data,1,"raw/api/fetches/20260717T161934136Z/protocol-overview/daily/2025-07-08.json",954,3831E8F7
liqwid-portable-data,1,"raw/api/fetches/20260717T161934136Z/protocol-overview/daily/2025-07-09.json",948,43111D14
liqwid-portable-data,1,"raw/api/fetches/20260717T161934136Z/protocol-overview/daily/2025-07-10.json",961,C2BE812B
liqwid-portable-data,1,"raw/api/fetches/20260717T161934136Z/protocol-overview/daily/2025-07-11.json",944,143426C0
liqwid-portable-data,1,"raw/api/fetches/20260717T161934136Z/protocol-overview/daily/2025-07-12.json",945,39A185A7
liqwid-portable-data,1,"raw/api/fetches/20260717T161934136Z/protocol-overview/daily/2025-07-13.json",947,280EF538
liqwid-portable-data,1,"raw/api/fetches/20260717T161934136Z/protocol-overview/daily/2025-07-14.json",946,66A583FC
liqwid-portable-data,1,"raw/api/fetches/20260717T161934136Z/protocol-overview/daily/2025-07-15.json",946,237285C8
liqwid-portable-data,1,"raw/api/fetches/20260717T161934136Z/protocol-overview/daily/2025-07-16.json",945,DDD2E60D
liqwid-portable-data,1,"raw/api/fetches/20260717T161934136Z/protocol-overview/daily/2025-07-17.json",947,22588EEA
liqwid-portable-data,1,"raw/api/fetches/20260717T161934136Z/protocol-overview/daily/2025-07-18.json",944,BCFF7F9A
liqwid-portable-data,1,"raw/api/fetches/20260717T161934136Z/protocol-overview/daily/2025-07-19.json",946,EC11085F
liqwid-portable-data,1,"raw/api/fetches/20260717T161934136Z/protocol-overview/daily/2025-07-20.json",945,99B7AE70
liqwid-portable-data,1,"raw/api/fetches/20260717T161934136Z/protocol-overview/daily/2025-07-21.json",947,8BA85150
liqwid-portable-data,1,"raw/api/fetches/20260717T161934136Z/protocol-overview/daily/2025-07-22.json",947,C21B48FA
liqwid-portable-data,1,"raw/api/fetches/20260717T161934136Z/protocol-overview/daily/2025-07-23.json",946,8D3C985F
liqwid-portable-data,1,"raw/api/fetches/20260717T161934136Z/protocol-overview/daily/2025-07-24.json",944,7AC417D5
liqwid-portable-data,1,"raw/api/fetches/20260717T161934136Z/protocol-overview/daily/2025-07-25.json",929,BA410747
liqwid-portable-data,1,"raw/api/fetches/20260717T161934136Z/protocol-overview/daily/2025-07-26.json",931,06D27F1C
liqwid-portable-data,1,"raw/api/fetches/20260717T161934136Z/protocol-overview/daily/2025-07-27.json",944,BEE1734F
liqwid-portable-data,1,"raw/api/fetches/20260717T161934136Z/protocol-overview/daily/2025-07-28.json",947,C7D93DAC
liqwid-portable-data,1,"raw/api/fetches/20260717T161934136Z/protocol-overview/daily/2025-07-29.json",961,AC3D3ADD
liqwid-portable-data,1,"raw/api/fetches/20260717T161934136Z/protocol-overview/daily/2025-07-30.json",963,0F741F61
liqwid-portable-data,1,"raw/api/fetches/20260717T161934136Z/protocol-overview/daily/2025-07-31.json",945,2D58B6FD
liqwid-portable-data,1,"raw/api/fetches/20260717T161934136Z/protocol-overview/daily/2025-08-01.json",964,D3CEF13D
liqwid-portable-data,1,"raw/api/fetches/20260717T161934136Z/protocol-overview/daily/2025-08-02.json",962,59D45972
liqwid-portable-data,1,"raw/api/fetches/20260717T161934136Z/protocol-overview/daily/2025-08-03.json",945,9C01AACA
liqwid-portable-data,1,"raw/api/fetches/20260717T161934136Z/protocol-overview/daily/2025-08-04.json",947,360954B5
liqwid-portable-data,1,"raw/api/fetches/20260717T161934136Z/protocol-overview/daily/2025-08-05.json",947,4970BB4C
liqwid-portable-data,1,"raw/api/fetches/20260717T161934136Z/protocol-overview/daily/2025-08-06.json",948,CE75815B
liqwid-portable-data,1,"raw/api/fetches/20260717T161934136Z/protocol-overview/daily/2025-08-07.json",949,58CC45DD
liqwid-portable-data,1,"raw/api/fetches/20260717T161934136Z/protocol-overview/daily/2025-08-08.json",944,A91AA71A
liqwid-portable-data,1,"raw/api/fetches/20260717T161934136Z/protocol-overview/daily/2025-08-09.json",961,0EDEACE9
liqwid-portable-data,1,"raw/api/fetches/20260717T161934136Z/protocol-overview/daily/2025-08-10.json",912,D4D24109
liqwid-portable-data,1,"raw/api/fetches/20260717T161934136Z/protocol-overview/daily/2025-08-11.json",946,DA9AB914
liqwid-portable-data,1,"raw/api/fetches/20260717T161934136Z/protocol-overview/daily/2025-08-12.json",947,ADC97851
liqwid-portable-data,1,"raw/api/fetches/20260717T161934136Z/protocol-overview/daily/2025-08-13.json",949,56FA25F9
liqwid-portable-data,1,"raw/api/fetches/20260717T161934136Z/protocol-overview/daily/2025-08-14.json",963,6A75794C
liqwid-portable-data,1,"raw/api/fetches/20260717T161934136Z/protocol-overview/daily/2025-08-15.json",945,834A0A14
liqwid-portable-data,1,"raw/api/fetches/20260717T161934136Z/protocol-overview/daily/2025-08-16.json",948,38B2CA57
liqwid-portable-data,1,"raw/api/fetches/20260717T161934136Z/protocol-overview/daily/2025-08-17.json",964,6C004E83
liqwid-portable-data,1,"raw/api/fetches/20260717T161934136Z/protocol-overview/daily/2025-08-18.json",946,46B39634
liqwid-portable-data,1,"raw/api/fetches/20260717T161934136Z/protocol-overview/daily/2025-08-19.json",961,F57DBACC
liqwid-portable-data,1,"raw/api/fetches/20260717T161934136Z/protocol-overview/daily/2025-08-20.json",947,7202B085
liqwid-portable-data,1,"raw/api/fetches/20260717T161934136Z/protocol-overview/daily/2025-08-21.json",948,82A95DA6
liqwid-portable-data,1,"raw/api/fetches/20260717T161934136Z/protocol-overview/daily/2025-08-22.json",947,27879CD6
liqwid-portable-data,1,"raw/api/fetches/20260717T161934136Z/protocol-overview/daily/2025-08-23.json",948,74E32FA9
liqwid-portable-data,1,"raw/api/fetches/20260717T161934136Z/protocol-overview/daily/2025-08-24.json",963,A504CC65
liqwid-portable-data,1,"raw/api/fetches/20260717T161934136Z/protocol-overview/daily/2025-08-25.json",964,C1AF1193
liqwid-portable-data,1,"raw/api/fetches/20260717T161934136Z/protocol-overview/daily/2025-08-26.json",944,FBB338D8
liqwid-portable-data,1,"raw/api/fetches/20260717T161934136Z/protocol-overview/daily/2025-08-27.json",947,E2C190F1
liqwid-portable-data,1,"raw/api/fetches/20260717T161934136Z/protocol-overview/daily/2025-08-28.json",945,62FF741B
liqwid-portable-data,1,"raw/api/fetches/20260717T161934136Z/protocol-overview/daily/2025-08-29.json",947,F30596EB
liqwid-portable-data,1,"raw/api/fetches/20260717T161934136Z/protocol-overview/daily/2025-08-30.json",962,1DF75F09
liqwid-portable-data,1,"raw/api/fetches/20260717T161934136Z/protocol-overview/daily/2025-08-31.json",919,0AD981AF
liqwid-portable-data,1,"raw/api/fetches/20260717T161934136Z/protocol-overview/daily/2025-09-01.json",963,755D7A35
liqwid-portable-data,1,"raw/api/fetches/20260717T161934136Z/protocol-overview/daily/2025-09-02.json",945,A5E6D0C6
liqwid-portable-data,1,"raw/api/fetches/20260717T161934136Z/protocol-overview/daily/2025-09-03.json",948,481D6DBC
liqwid-portable-data,1,"raw/api/fetches/20260717T161934136Z/protocol-overview/daily/2025-09-04.json",964,23F95EE1
liqwid-portable-data,1,"raw/api/fetches/20260717T161934136Z/protocol-overview/daily/2025-09-05.json",948,A2FAABE3
liqwid-portable-data,1,"raw/api/fetches/20260717T161934136Z/protocol-overview/daily/2025-09-06.json",961,026A77C3
liqwid-portable-data,1,"raw/api/fetches/20260717T161934136Z/protocol-overview/daily/2025-09-07.json",963,9FB27BA0
liqwid-portable-data,1,"raw/api/fetches/20260717T161934136Z/protocol-overview/daily/2025-09-08.json",921,E6B309B2
liqwid-portable-data,1,"raw/api/fetches/20260717T161934136Z/protocol-overview/daily/2025-09-09.json",946,295CE1D0
liqwid-portable-data,1,"raw/api/fetches/20260717T161934136Z/protocol-overview/daily/2025-09-10.json",942,C1713C92
liqwid-portable-data,1,"raw/api/fetches/20260717T161934136Z/protocol-overview/daily/2025-09-11.json",948,CA2163ED
liqwid-portable-data,1,"raw/api/fetches/20260717T161934136Z/protocol-overview/daily/2025-09-12.json",944,DA95B51D
liqwid-portable-data,1,"raw/api/fetches/20260717T161934136Z/protocol-overview/daily/2025-09-13.json",947,BF7556AD
liqwid-portable-data,1,"raw/api/fetches/20260717T161934136Z/protocol-overview/daily/2025-09-14.json",942,56554C51
liqwid-portable-data,1,"raw/api/fetches/20260717T161934136Z/protocol-overview/daily/2025-09-15.json",951,FD8DE1F8
liqwid-portable-data,1,"raw/api/fetches/20260717T161934136Z/protocol-overview/daily/2025-09-16.json",923,E9C4F528
liqwid-portable-data,1,"raw/api/fetches/20260717T161934136Z/protocol-overview/daily/2025-09-17.json",945,E05CC98A
liqwid-portable-data,1,"raw/api/fetches/20260717T161934136Z/protocol-overview/daily/2025-09-18.json",946,B9C3FDE1
liqwid-portable-data,1,"raw/api/fetches/20260717T161934136Z/protocol-overview/daily/2025-09-19.json",948,B22902A3
liqwid-portable-data,1,"raw/api/fetches/20260717T161934136Z/protocol-overview/daily/2025-09-20.json",943,7E04C030
liqwid-portable-data,1,"raw/api/fetches/20260717T161934136Z/protocol-overview/daily/2025-09-21.json",944,6215C82F
liqwid-portable-data,1,"raw/api/fetches/20260717T161934136Z/protocol-overview/daily/2025-09-22.json",964,B538C78D
liqwid-portable-data,1,"raw/api/fetches/20260717T161934136Z/protocol-overview/daily/2025-09-23.json",947,AE0F3FEE
liqwid-portable-data,1,"raw/api/fetches/20260717T161934136Z/protocol-overview/daily/2025-09-24.json",946,414EE86D
liqwid-portable-data,1,"raw/api/fetches/20260717T161934136Z/protocol-overview/daily/2025-09-25.json",958,4DF720DC
liqwid-portable-data,1,"raw/api/fetches/20260717T161934136Z/protocol-overview/daily/2025-09-26.json",946,9B345C98
liqwid-portable-data,1,"raw/api/fetches/20260717T161934136Z/protocol-overview/daily/2025-09-27.json",929,788A1AD5
liqwid-portable-data,1,"raw/api/fetches/20260717T161934136Z/protocol-overview/daily/2025-09-28.json",947,5EBACB79
liqwid-portable-data,1,"raw/api/fetches/20260717T161934136Z/protocol-overview/daily/2025-09-29.json",948,E421B671
liqwid-portable-data,1,"raw/api/fetches/20260717T161934136Z/protocol-overview/daily/2025-09-30.json",945,7F1E3A31
liqwid-portable-data,1,"raw/api/fetches/20260717T161934136Z/protocol-overview/daily/2025-10-01.json",946,6A5B227A
liqwid-portable-data,1,"raw/api/fetches/20260717T161934136Z/protocol-overview/daily/2025-10-02.json",945,39D2CEC9
liqwid-portable-data,1,"raw/api/fetches/20260717T161934136Z/protocol-overview/daily/2025-10-03.json",945,D9C003BD
liqwid-portable-data,1,"raw/api/fetches/20260717T161934136Z/protocol-overview/daily/2025-10-04.json",947,784AE147
liqwid-portable-data,1,"raw/api/fetches/20260717T161934136Z/protocol-overview/daily/2025-10-05.json",947,11E3584D
liqwid-portable-data,1,"raw/api/fetches/20260717T161934136Z/protocol-overview/daily/2025-10-06.json",951,1F72DFC6
liqwid-portable-data,1,"raw/api/fetches/20260717T161934136Z/protocol-overview/daily/2025-10-07.json",948,3BF89FE3
liqwid-portable-data,1,"raw/api/fetches/20260717T161934136Z/protocol-overview/daily/2025-10-08.json",947,065B269A
liqwid-portable-data,1,"raw/api/fetches/20260717T161934136Z/protocol-overview/daily/2025-10-09.json",945,5870936F
liqwid-portable-data,1,"raw/api/fetches/20260717T161934136Z/protocol-overview/daily/2025-10-10.json",961,A04B228A
liqwid-portable-data,1,"raw/api/fetches/20260717T161934136Z/protocol-overview/daily/2025-10-11.json",965,C071369F
liqwid-portable-data,1,"raw/api/fetches/20260717T161934136Z/protocol-overview/daily/2025-10-12.json",946,670536B2
liqwid-portable-data,1,"raw/api/fetches/20260717T161934136Z/protocol-overview/daily/2025-10-13.json",946,EA50840D
liqwid-portable-data,1,"raw/api/fetches/20260717T161934136Z/protocol-overview/daily/2025-10-14.json",934,AE6C0F84
liqwid-portable-data,1,"raw/api/fetches/20260717T161934136Z/protocol-overview/daily/2025-10-15.json",948,5CDB28BE
liqwid-portable-data,1,"raw/api/fetches/20260717T161934136Z/protocol-overview/daily/2025-10-16.json",946,C4D81598
liqwid-portable-data,1,"raw/api/fetches/20260717T161934136Z/protocol-overview/daily/2025-10-17.json",961,FB284C53
liqwid-portable-data,1,"raw/api/fetches/20260717T161934136Z/protocol-overview/daily/2025-10-18.json",963,D8851A6E
liqwid-portable-data,1,"raw/api/fetches/20260717T161934136Z/protocol-overview/daily/2025-10-19.json",949,E507324F
liqwid-portable-data,1,"raw/api/fetches/20260717T161934136Z/protocol-overview/daily/2025-10-20.json",948,4FD3F0D5
liqwid-portable-data,1,"raw/api/fetches/20260717T161934136Z/protocol-overview/daily/2025-10-21.json",965,C90034EA
liqwid-portable-data,1,"raw/api/fetches/20260717T161934136Z/protocol-overview/daily/2025-10-22.json",964,08C06D4C
liqwid-portable-data,1,"raw/api/fetches/20260717T161934136Z/protocol-overview/daily/2025-10-23.json",946,73E1C5DC
liqwid-portable-data,1,"raw/api/fetches/20260717T161934136Z/protocol-overview/daily/2025-10-24.json",948,C30287DF
liqwid-portable-data,1,"raw/api/fetches/20260717T161934136Z/protocol-overview/daily/2025-10-25.json",898,06F4EC78
liqwid-portable-data,1,"raw/api/fetches/20260717T161934136Z/protocol-overview/daily/2025-10-26.json",947,6BF2A390
liqwid-portable-data,1,"raw/api/fetches/20260717T161934136Z/protocol-overview/daily/2025-10-27.json",943,68485CEE
liqwid-portable-data,1,"raw/api/fetches/20260717T161934136Z/protocol-overview/daily/2025-10-28.json",962,42B68893
liqwid-portable-data,1,"raw/api/fetches/20260717T161934136Z/protocol-overview/daily/2025-10-29.json",948,E7B2F825
liqwid-portable-data,1,"raw/api/fetches/20260717T161934136Z/protocol-overview/daily/2025-10-30.json",963,BE603A8E
liqwid-portable-data,1,"raw/api/fetches/20260717T161934136Z/protocol-overview/daily/2025-10-31.json",948,6CA448AC
liqwid-portable-data,1,"raw/api/fetches/20260717T161934136Z/protocol-overview/daily/2025-11-01.json",945,FE759097
liqwid-portable-data,1,"raw/api/fetches/20260717T161934136Z/protocol-overview/daily/2025-11-02.json",947,AB6FE7F5
liqwid-portable-data,1,"raw/api/fetches/20260717T161934136Z/protocol-overview/daily/2025-11-03.json",962,A577507D
liqwid-portable-data,1,"raw/api/fetches/20260717T161934136Z/protocol-overview/daily/2025-11-04.json",960,CBF31BC4
liqwid-portable-data,1,"raw/api/fetches/20260717T161934136Z/protocol-overview/daily/2025-11-05.json",948,7C7640E7
liqwid-portable-data,1,"raw/api/fetches/20260717T161934136Z/protocol-overview/daily/2025-11-06.json",946,95E11743
liqwid-portable-data,1,"raw/api/fetches/20260717T161934136Z/protocol-overview/daily/2025-11-07.json",948,D4400D63
liqwid-portable-data,1,"raw/api/fetches/20260717T161934136Z/protocol-overview/daily/2025-11-08.json",945,C65C98FC
liqwid-portable-data,1,"raw/api/fetches/20260717T161934136Z/protocol-overview/daily/2025-11-09.json",944,73C93853
liqwid-portable-data,1,"raw/api/fetches/20260717T161934136Z/protocol-overview/daily/2025-11-10.json",964,08C8BF52
liqwid-portable-data,1,"raw/api/fetches/20260717T161934136Z/protocol-overview/daily/2025-11-11.json",963,74BC7CFC
liqwid-portable-data,1,"raw/api/fetches/20260717T161934136Z/protocol-overview/daily/2025-11-12.json",946,91B512B1
liqwid-portable-data,1,"raw/api/fetches/20260717T161934136Z/protocol-overview/daily/2025-11-13.json",947,4D23E77B
liqwid-portable-data,1,"raw/api/fetches/20260717T161934136Z/protocol-overview/daily/2025-11-14.json",963,54B83838
liqwid-portable-data,1,"raw/api/fetches/20260717T161934136Z/protocol-overview/daily/2025-11-15.json",947,8C2BDF8B
liqwid-portable-data,1,"raw/api/fetches/20260717T161934136Z/protocol-overview/daily/2025-11-16.json",960,F6C667FB
liqwid-portable-data,1,"raw/api/fetches/20260717T161934136Z/protocol-overview/daily/2025-11-17.json",965,8CDFEBEC
liqwid-portable-data,1,"raw/api/fetches/20260717T161934136Z/protocol-overview/daily/2025-11-18.json",963,FFA3F7A3
liqwid-portable-data,1,"raw/api/fetches/20260717T161934136Z/protocol-overview/daily/2025-11-19.json",961,77B69769
liqwid-portable-data,1,"raw/api/fetches/20260717T161934136Z/protocol-overview/daily/2025-11-20.json",966,F67055BF
liqwid-portable-data,1,"raw/api/fetches/20260717T161934136Z/protocol-overview/daily/2025-11-21.json",962,EE41ADEE
liqwid-portable-data,1,"raw/api/fetches/20260717T161934136Z/protocol-overview/daily/2025-11-22.json",962,D53F13E8
liqwid-portable-data,1,"raw/api/fetches/20260717T161934136Z/protocol-overview/daily/2025-11-23.json",943,157A67A0
liqwid-portable-data,1,"raw/api/fetches/20260717T161934136Z/protocol-overview/daily/2025-11-24.json",945,485A926F
liqwid-portable-data,1,"raw/api/fetches/20260717T161934136Z/protocol-overview/daily/2025-11-25.json",963,103266B7
liqwid-portable-data,1,"raw/api/fetches/20260717T161934136Z/protocol-overview/daily/2025-11-26.json",945,F2802A01
liqwid-portable-data,1,"raw/api/fetches/20260717T161934136Z/protocol-overview/daily/2025-11-27.json",947,EB803E0A
liqwid-portable-data,1,"raw/api/fetches/20260717T161934136Z/protocol-overview/daily/2025-11-28.json",961,FF512DD6
liqwid-portable-data,1,"raw/api/fetches/20260717T161934136Z/protocol-overview/daily/2025-11-29.json",945,F64B4109
liqwid-portable-data,1,"raw/api/fetches/20260717T161934136Z/protocol-overview/daily/2025-11-30.json",897,49F3E42A
liqwid-portable-data,1,"raw/api/fetches/20260717T161934136Z/protocol-overview/daily/2025-12-01.json",962,5008DE84
liqwid-portable-data,1,"raw/api/fetches/20260717T161934136Z/protocol-overview/daily/2025-12-02.json",945,2455099E
liqwid-portable-data,1,"raw/api/fetches/20260717T161934136Z/protocol-overview/daily/2025-12-03.json",963,F312A043
liqwid-portable-data,1,"raw/api/fetches/20260717T161934136Z/protocol-overview/daily/2025-12-04.json",960,21C22812
liqwid-portable-data,1,"raw/api/fetches/20260717T161934136Z/protocol-overview/daily/2025-12-05.json",947,953CDB64
liqwid-portable-data,1,"raw/api/fetches/20260717T161934136Z/protocol-overview/daily/2025-12-06.json",946,AAE04796
liqwid-portable-data,1,"raw/api/fetches/20260717T161934136Z/protocol-overview/daily/2025-12-07.json",944,2AD075AE
liqwid-portable-data,1,"raw/api/fetches/20260717T161934136Z/protocol-overview/daily/2025-12-08.json",929,24D0049D
liqwid-portable-data,1,"raw/api/fetches/20260717T161934136Z/protocol-overview/daily/2025-12-09.json",960,1A377102
liqwid-portable-data,1,"raw/api/fetches/20260717T161934136Z/protocol-overview/daily/2025-12-10.json",960,23CA2046
liqwid-portable-data,1,"raw/api/fetches/20260717T161934136Z/protocol-overview/daily/2025-12-11.json",962,027A0B1F
liqwid-portable-data,1,"raw/api/fetches/20260717T161934136Z/protocol-overview/daily/2025-12-12.json",964,FE4774A7
liqwid-portable-data,1,"raw/api/fetches/20260717T161934136Z/protocol-overview/daily/2025-12-13.json",936,DF518909
liqwid-portable-data,1,"raw/api/fetches/20260717T161934136Z/protocol-overview/daily/2025-12-14.json",957,2D755B08
liqwid-portable-data,1,"raw/api/fetches/20260717T161934136Z/protocol-overview/daily/2025-12-15.json",956,7EA26F2C
liqwid-portable-data,1,"raw/api/fetches/20260717T161934136Z/protocol-overview/daily/2025-12-16.json",951,55D9FD19
liqwid-portable-data,1,"raw/api/fetches/20260717T161934136Z/protocol-overview/daily/2025-12-17.json",957,A95595DA
liqwid-portable-data,1,"raw/api/fetches/20260717T161934136Z/protocol-overview/daily/2025-12-18.json",959,06195DF2
liqwid-portable-data,1,"raw/api/fetches/20260717T161934136Z/protocol-overview/daily/2025-12-19.json",963,0FEEAC63
liqwid-portable-data,1,"raw/api/fetches/20260717T161934136Z/protocol-overview/daily/2025-12-20.json",939,A310246D
liqwid-portable-data,1,"raw/api/fetches/20260717T161934136Z/protocol-overview/daily/2025-12-21.json",958,31AEBAFA
liqwid-portable-data,1,"raw/api/fetches/20260717T161934136Z/protocol-overview/daily/2025-12-22.json",954,B716C8CC
liqwid-portable-data,1,"raw/api/fetches/20260717T161934136Z/protocol-overview/daily/2025-12-23.json",957,C373732E
liqwid-portable-data,1,"raw/api/fetches/20260717T161934136Z/protocol-overview/daily/2025-12-24.json",943,0847453B
liqwid-portable-data,1,"raw/api/fetches/20260717T161934136Z/protocol-overview/daily/2025-12-25.json",956,727225F4
liqwid-portable-data,1,"raw/api/fetches/20260717T161934136Z/protocol-overview/daily/2025-12-26.json",954,75045D37
liqwid-portable-data,1,"raw/api/fetches/20260717T161934136Z/protocol-overview/daily/2025-12-27.json",939,CE2E5F69
liqwid-portable-data,1,"raw/api/fetches/20260717T161934136Z/protocol-overview/daily/2025-12-28.json",952,7CB93B12
liqwid-portable-data,1,"raw/api/fetches/20260717T161934136Z/protocol-overview/daily/2025-12-29.json",937,D93E3C07
liqwid-portable-data,1,"raw/api/fetches/20260717T161934136Z/protocol-overview/daily/2025-12-30.json",936,38F2B49F
liqwid-portable-data,1,"raw/api/fetches/20260717T161934136Z/protocol-overview/daily/2025-12-31.json",962,A17A7E55
liqwid-portable-data,1,"raw/api/fetches/20260717T161934136Z/protocol-overview/daily/2026-01-01.json",941,70C9C8D9
liqwid-portable-data,1,"raw/api/fetches/20260717T161934136Z/protocol-overview/daily/2026-01-02.json",942,87F63A26
liqwid-portable-data,1,"raw/api/fetches/20260717T161934136Z/protocol-overview/daily/2026-01-03.json",937,4B0E1E44
liqwid-portable-data,1,"raw/api/fetches/20260717T161934136Z/protocol-overview/daily/2026-01-04.json",940,F46A92A9
liqwid-portable-data,1,"raw/api/fetches/20260717T161934136Z/protocol-overview/daily/2026-01-05.json",942,89E192CA
liqwid-portable-data,1,"raw/api/fetches/20260717T161934136Z/protocol-overview/daily/2026-01-06.json",952,6F513647
liqwid-portable-data,1,"raw/api/fetches/20260717T161934136Z/protocol-overview/daily/2026-01-07.json",937,0E4F80F2
liqwid-portable-data,1,"raw/api/fetches/20260717T161934136Z/protocol-overview/daily/2026-01-08.json",922,8A75A06A
liqwid-portable-data,1,"raw/api/fetches/20260717T161934136Z/protocol-overview/daily/2026-01-09.json",939,9472F5CD
liqwid-portable-data,1,"raw/api/fetches/20260717T161934136Z/protocol-overview/daily/2026-01-10.json",923,1C489F8B
liqwid-portable-data,1,"raw/api/fetches/20260717T161934136Z/protocol-overview/daily/2026-01-11.json",885,E88DBE0C
liqwid-portable-data,1,"raw/api/fetches/20260717T161934136Z/protocol-overview/daily/2026-01-12.json",920,44585F9F
liqwid-portable-data,1,"raw/api/fetches/20260717T161934136Z/protocol-overview/daily/2026-01-13.json",942,924B98CB
liqwid-portable-data,1,"raw/api/fetches/20260717T161934136Z/protocol-overview/daily/2026-01-14.json",938,F80A4564
liqwid-portable-data,1,"raw/api/fetches/20260717T161934136Z/protocol-overview/daily/2026-01-15.json",947,30E90A0D
liqwid-portable-data,1,"raw/api/fetches/20260717T161934136Z/protocol-overview/daily/2026-01-16.json",929,70C16D57
liqwid-portable-data,1,"raw/api/fetches/20260717T161934136Z/protocol-overview/daily/2026-01-17.json",933,F356193A
liqwid-portable-data,1,"raw/api/fetches/20260717T161934136Z/protocol-overview/daily/2026-01-18.json",949,604DDEBD
liqwid-portable-data,1,"raw/api/fetches/20260717T161934136Z/protocol-overview/daily/2026-01-19.json",949,23222F2E
liqwid-portable-data,1,"raw/api/fetches/20260717T161934136Z/protocol-overview/daily/2026-01-20.json",935,2A4A5F15
liqwid-portable-data,1,"raw/api/fetches/20260717T161934136Z/protocol-overview/daily/2026-01-21.json",939,9111ACA6
liqwid-portable-data,1,"raw/api/fetches/20260717T161934136Z/protocol-overview/daily/2026-01-22.json",917,549CA24B
liqwid-portable-data,1,"raw/api/fetches/20260717T161934136Z/protocol-overview/daily/2026-01-23.json",929,0E5E4105
liqwid-portable-data,1,"raw/api/fetches/20260717T161934136Z/protocol-overview/daily/2026-01-24.json",932,58285802
liqwid-portable-data,1,"raw/api/fetches/20260717T161934136Z/protocol-overview/daily/2026-01-25.json",960,74EC8D38
liqwid-portable-data,1,"raw/api/fetches/20260717T161934136Z/protocol-overview/daily/2026-01-26.json",940,48024B51
liqwid-portable-data,1,"raw/api/fetches/20260717T161934136Z/protocol-overview/daily/2026-01-27.json",950,1A845B7E
liqwid-portable-data,1,"raw/api/fetches/20260717T161934136Z/protocol-overview/daily/2026-01-28.json",924,211E6492
liqwid-portable-data,1,"raw/api/fetches/20260717T161934136Z/protocol-overview/daily/2026-01-29.json",955,E91A166E
liqwid-portable-data,1,"raw/api/fetches/20260717T161934136Z/protocol-overview/daily/2026-01-30.json",953,93398504
liqwid-portable-data,1,"raw/api/fetches/20260717T161934136Z/protocol-overview/daily/2026-01-31.json",956,26F432B3
liqwid-portable-data,1,"raw/api/fetches/20260717T161934136Z/protocol-overview/daily/2026-02-01.json",952,DCAF3DC6
liqwid-portable-data,1,"raw/api/fetches/20260717T161934136Z/protocol-overview/daily/2026-02-02.json",961,BA619197
liqwid-portable-data,1,"raw/api/fetches/20260717T161934136Z/protocol-overview/daily/2026-02-03.json",944,93DF1112
liqwid-portable-data,1,"raw/api/fetches/20260717T161934136Z/protocol-overview/daily/2026-02-04.json",930,C4C62D20
liqwid-portable-data,1,"raw/api/fetches/20260717T161934136Z/protocol-overview/daily/2026-02-05.json",864,868A5965
liqwid-portable-data,1,"raw/api/fetches/20260717T161934136Z/protocol-overview/daily/2026-02-06.json",955,27769E1C
liqwid-portable-data,1,"raw/api/fetches/20260717T161934136Z/protocol-overview/daily/2026-02-07.json",919,07393548
liqwid-portable-data,1,"raw/api/fetches/20260717T161934136Z/protocol-overview/daily/2026-02-08.json",936,6C53A089
liqwid-portable-data,1,"raw/api/fetches/20260717T161934136Z/protocol-overview/daily/2026-02-09.json",946,3441583C
liqwid-portable-data,1,"raw/api/fetches/20260717T161934136Z/protocol-overview/daily/2026-02-10.json",933,17C03EF9
liqwid-portable-data,1,"raw/api/fetches/20260717T161934136Z/protocol-overview/daily/2026-02-11.json",944,0B104F61
liqwid-portable-data,1,"raw/api/fetches/20260717T161934136Z/protocol-overview/daily/2026-02-12.json",941,A1993E53
liqwid-portable-data,1,"raw/api/fetches/20260717T161934136Z/protocol-overview/daily/2026-02-13.json",931,6211824F
liqwid-portable-data,1,"raw/api/fetches/20260717T161934136Z/protocol-overview/daily/2026-02-14.json",926,3D9FA84E
liqwid-portable-data,1,"raw/api/fetches/20260717T161934136Z/protocol-overview/daily/2026-02-15.json",926,9E616BD3
liqwid-portable-data,1,"raw/api/fetches/20260717T161934136Z/protocol-overview/daily/2026-02-16.json",888,5408BD25
liqwid-portable-data,1,"raw/api/fetches/20260717T161934136Z/protocol-overview/daily/2026-02-17.json",884,C5594DFD
liqwid-portable-data,1,"raw/api/fetches/20260717T161934136Z/protocol-overview/daily/2026-02-18.json",923,755F8145
liqwid-portable-data,1,"raw/api/fetches/20260717T161934136Z/protocol-overview/daily/2026-02-19.json",913,B22422EF
liqwid-portable-data,1,"raw/api/fetches/20260717T161934136Z/protocol-overview/daily/2026-02-20.json",888,A54311A6
liqwid-portable-data,1,"raw/api/fetches/20260717T161934136Z/protocol-overview/daily/2026-02-21.json",887,E69F201D
liqwid-portable-data,1,"raw/api/fetches/20260717T161934136Z/protocol-overview/daily/2026-02-22.json",891,399DFB5F
liqwid-portable-data,1,"raw/api/fetches/20260717T161934136Z/protocol-overview/daily/2026-02-23.json",929,54087CE9
liqwid-portable-data,1,"raw/api/fetches/20260717T161934136Z/protocol-overview/daily/2026-02-24.json",937,4FB3707A
liqwid-portable-data,1,"raw/api/fetches/20260717T161934136Z/protocol-overview/daily/2026-02-25.json",934,DDD375DC
liqwid-portable-data,1,"raw/api/fetches/20260717T161934136Z/protocol-overview/daily/2026-02-26.json",938,B7139865
liqwid-portable-data,1,"raw/api/fetches/20260717T161934136Z/protocol-overview/daily/2026-02-27.json",928,94F487CE
liqwid-portable-data,1,"raw/api/fetches/20260717T161934136Z/protocol-overview/daily/2026-02-28.json",950,90B56976
liqwid-portable-data,1,"raw/api/fetches/20260717T161934136Z/protocol-overview/daily/2026-03-01.json",928,EDEFCE11
liqwid-portable-data,1,"raw/api/fetches/20260717T161934136Z/protocol-overview/daily/2026-03-02.json",906,85BDD7BA
liqwid-portable-data,1,"raw/api/fetches/20260717T161934136Z/protocol-overview/daily/2026-03-03.json",924,4078DDAC
liqwid-portable-data,1,"raw/api/fetches/20260717T161934136Z/protocol-overview/daily/2026-03-04.json",930,6811D1FB
liqwid-portable-data,1,"raw/api/fetches/20260717T161934136Z/protocol-overview/daily/2026-03-05.json",918,4B9FCACD
liqwid-portable-data,1,"raw/api/fetches/20260717T161934136Z/protocol-overview/daily/2026-03-06.json",899,6995A3FC
liqwid-portable-data,1,"raw/api/fetches/20260717T161934136Z/protocol-overview/daily/2026-03-07.json",914,54325B80
liqwid-portable-data,1,"raw/api/fetches/20260717T161934136Z/protocol-overview/daily/2026-03-08.json",939,F179A1A7
liqwid-portable-data,1,"raw/api/fetches/20260717T161934136Z/protocol-overview/daily/2026-03-09.json",924,1D940647
liqwid-portable-data,1,"raw/api/fetches/20260717T161934136Z/protocol-overview/daily/2026-03-10.json",939,5D24016B
liqwid-portable-data,1,"raw/api/fetches/20260717T161934136Z/protocol-overview/daily/2026-03-11.json",960,93927ADB
liqwid-portable-data,1,"raw/api/fetches/20260717T161934136Z/protocol-overview/daily/2026-03-12.json",931,6641F157
liqwid-portable-data,1,"raw/api/fetches/20260717T161934136Z/protocol-overview/daily/2026-03-13.json",934,51601B3E
liqwid-portable-data,1,"raw/api/fetches/20260717T161934136Z/protocol-overview/daily/2026-03-14.json",941,B4CDE7A3
liqwid-portable-data,1,"raw/api/fetches/20260717T161934136Z/protocol-overview/daily/2026-03-15.json",929,71B7D373
liqwid-portable-data,1,"raw/api/fetches/20260717T161934136Z/protocol-overview/daily/2026-03-16.json",932,A1D2EAD1
liqwid-portable-data,1,"raw/api/fetches/20260717T161934136Z/protocol-overview/daily/2026-03-17.json",936,5DCA0FB3
liqwid-portable-data,1,"raw/api/fetches/20260717T161934136Z/protocol-overview/daily/2026-03-18.json",945,4AB72CA1
liqwid-portable-data,1,"raw/api/fetches/20260717T161934136Z/protocol-overview/daily/2026-03-19.json",944,D3C18008
liqwid-portable-data,1,"raw/api/fetches/20260717T161934136Z/protocol-overview/daily/2026-03-20.json",951,E8468A69
liqwid-portable-data,1,"raw/api/fetches/20260717T161934136Z/protocol-overview/daily/2026-03-21.json",947,B8F000DF
liqwid-portable-data,1,"raw/api/fetches/20260717T161934136Z/protocol-overview/daily/2026-03-22.json",954,7A610762
liqwid-portable-data,1,"raw/api/fetches/20260717T161934136Z/protocol-overview/daily/2026-03-23.json",914,17BB540B
liqwid-portable-data,1,"raw/api/fetches/20260717T161934136Z/protocol-overview/daily/2026-03-24.json",895,3D71E5F6
liqwid-portable-data,1,"raw/api/fetches/20260717T161934136Z/protocol-overview/daily/2026-03-25.json",942,8A372809
liqwid-portable-data,1,"raw/api/fetches/20260717T161934136Z/protocol-overview/daily/2026-03-26.json",934,DB80717E
liqwid-portable-data,1,"raw/api/fetches/20260717T161934136Z/protocol-overview/daily/2026-03-27.json",949,E537ADA8
liqwid-portable-data,1,"raw/api/fetches/20260717T161934136Z/protocol-overview/daily/2026-03-28.json",934,63F7A753
liqwid-portable-data,1,"raw/api/fetches/20260717T161934136Z/protocol-overview/daily/2026-03-29.json",950,01A46960
liqwid-portable-data,1,"raw/api/fetches/20260717T161934136Z/protocol-overview/daily/2026-03-30.json",931,841BD8BF
liqwid-portable-data,1,"raw/api/fetches/20260717T161934136Z/protocol-overview/daily/2026-03-31.json",936,237B7408
liqwid-portable-data,1,"raw/api/fetches/20260717T161934136Z/protocol-overview/daily/2026-04-01.json",887,4D0F5276
liqwid-portable-data,1,"raw/api/fetches/20260717T161934136Z/protocol-overview/daily/2026-04-02.json",916,2BEDEF84
liqwid-portable-data,1,"raw/api/fetches/20260717T161934136Z/protocol-overview/daily/2026-04-03.json",940,61727C7E
liqwid-portable-data,1,"raw/api/fetches/20260717T161934136Z/protocol-overview/daily/2026-04-04.json",931,A174A54E
liqwid-portable-data,1,"raw/api/fetches/20260717T161934136Z/protocol-overview/daily/2026-04-05.json",944,D4B77A36
liqwid-portable-data,1,"raw/api/fetches/20260717T161934136Z/protocol-overview/daily/2026-04-06.json",950,152162E3
liqwid-portable-data,1,"raw/api/fetches/20260717T161934136Z/protocol-overview/daily/2026-04-07.json",931,3DB25350
liqwid-portable-data,1,"raw/api/fetches/20260717T161934136Z/protocol-overview/daily/2026-04-08.json",937,E682868A
liqwid-portable-data,1,"raw/api/fetches/20260717T161934136Z/protocol-overview/daily/2026-04-09.json",956,61974A87
liqwid-portable-data,1,"raw/api/fetches/20260717T161934136Z/protocol-overview/daily/2026-04-10.json",940,9EB0D206
liqwid-portable-data,1,"raw/api/fetches/20260717T161934136Z/protocol-overview/daily/2026-04-11.json",949,F91A7BD9
liqwid-portable-data,1,"raw/api/fetches/20260717T161934136Z/protocol-overview/daily/2026-04-12.json",948,213ADEDC
liqwid-portable-data,1,"raw/api/fetches/20260717T161934136Z/protocol-overview/daily/2026-04-13.json",937,A78ABCCB
liqwid-portable-data,1,"raw/api/fetches/20260717T161934136Z/protocol-overview/daily/2026-04-14.json",951,1D0385CE
liqwid-portable-data,1,"raw/api/fetches/20260717T161934136Z/protocol-overview/daily/2026-04-15.json",939,41B54DC8
liqwid-portable-data,1,"raw/api/fetches/20260717T161934136Z/protocol-overview/daily/2026-04-16.json",941,CFC55667
liqwid-portable-data,1,"raw/api/fetches/20260717T161934136Z/protocol-overview/daily/2026-04-17.json",940,91288A05
liqwid-portable-data,1,"raw/api/fetches/20260717T161934136Z/protocol-overview/daily/2026-04-18.json",936,38CAE3BC
liqwid-portable-data,1,"raw/api/fetches/20260717T161934136Z/protocol-overview/daily/2026-04-19.json",933,90F389E0
liqwid-portable-data,1,"raw/api/fetches/20260717T161934136Z/protocol-overview/daily/2026-04-20.json",890,C87978BD
liqwid-portable-data,1,"raw/api/fetches/20260717T161934136Z/protocol-overview/daily/2026-04-21.json",913,AC157FD0
liqwid-portable-data,1,"raw/api/fetches/20260717T161934136Z/protocol-overview/daily/2026-04-22.json",927,4E9107EE
liqwid-portable-data,1,"raw/api/fetches/20260717T161934136Z/protocol-overview/daily/2026-04-23.json",929,DB410F3F
liqwid-portable-data,1,"raw/api/fetches/20260717T161934136Z/protocol-overview/daily/2026-04-24.json",956,55B873D2
liqwid-portable-data,1,"raw/api/fetches/20260717T161934136Z/protocol-overview/daily/2026-04-25.json",925,B6266E0E
liqwid-portable-data,1,"raw/api/fetches/20260717T161934136Z/protocol-overview/daily/2026-04-26.json",929,DA275EEA
liqwid-portable-data,1,"raw/api/fetches/20260717T161934136Z/protocol-overview/daily/2026-04-27.json",929,D898501E
liqwid-portable-data,1,"raw/api/fetches/20260717T161934136Z/protocol-overview/daily/2026-04-28.json",931,721DCFB1
liqwid-portable-data,1,"raw/api/fetches/20260717T161934136Z/protocol-overview/daily/2026-04-29.json",946,FAAA74B7
liqwid-portable-data,1,"raw/api/fetches/20260717T161934136Z/protocol-overview/daily/2026-04-30.json",939,81831D68
liqwid-portable-data,1,"raw/api/fetches/20260717T161934136Z/protocol-overview/daily/2026-05-01.json",921,5569EE49
liqwid-portable-data,1,"raw/api/fetches/20260717T161934136Z/protocol-overview/daily/2026-05-02.json",919,0F036B79
liqwid-portable-data,1,"raw/api/fetches/20260717T161934136Z/protocol-overview/daily/2026-05-03.json",939,32A4F5CC
liqwid-portable-data,1,"raw/api/fetches/20260717T161934136Z/protocol-overview/daily/2026-05-04.json",955,AACA1EBF
liqwid-portable-data,1,"raw/api/fetches/20260717T161934136Z/protocol-overview/daily/2026-05-05.json",932,BA28D4AA
liqwid-portable-data,1,"raw/api/fetches/20260717T161934136Z/protocol-overview/daily/2026-05-06.json",913,3FC9A692
liqwid-portable-data,1,"raw/api/fetches/20260717T161934136Z/protocol-overview/daily/2026-05-07.json",930,E8D2F607
liqwid-portable-data,1,"raw/api/fetches/20260717T161934136Z/protocol-overview/daily/2026-05-08.json",912,1E803629
liqwid-portable-data,1,"raw/api/fetches/20260717T161934136Z/protocol-overview/daily/2026-05-09.json",934,00D30787
liqwid-portable-data,1,"raw/api/fetches/20260717T161934136Z/protocol-overview/daily/2026-05-10.json",937,BD820BFD
liqwid-portable-data,1,"raw/api/fetches/20260717T161934136Z/protocol-overview/daily/2026-05-11.json",931,981CA91B
liqwid-portable-data,1,"raw/api/fetches/20260717T161934136Z/protocol-overview/daily/2026-05-12.json",936,AA7616AF
liqwid-portable-data,1,"raw/api/fetches/20260717T161934136Z/protocol-overview/daily/2026-05-13.json",924,E69AF0FE
liqwid-portable-data,1,"raw/api/fetches/20260717T161934136Z/protocol-overview/daily/2026-05-14.json",911,12CDFEA4
liqwid-portable-data,1,"raw/api/fetches/20260717T161934136Z/protocol-overview/daily/2026-05-15.json",929,1E1D8E41
liqwid-portable-data,1,"raw/api/fetches/20260717T161934136Z/protocol-overview/daily/2026-05-16.json",929,3B29EE2D
liqwid-portable-data,1,"raw/api/fetches/20260717T161934136Z/protocol-overview/daily/2026-05-17.json",925,93577FBD
liqwid-portable-data,1,"raw/api/fetches/20260717T161934136Z/protocol-overview/daily/2026-05-18.json",940,2EDDF35E
liqwid-portable-data,1,"raw/api/fetches/20260717T161934136Z/protocol-overview/daily/2026-05-19.json",945,AD5752B4
liqwid-portable-data,1,"raw/api/fetches/20260717T161934136Z/protocol-overview/daily/2026-05-20.json",949,03F148D5
liqwid-portable-data,1,"raw/api/fetches/20260717T161934136Z/protocol-overview/daily/2026-05-21.json",903,18E3CA46
liqwid-portable-data,1,"raw/api/fetches/20260717T161934136Z/protocol-overview/daily/2026-05-22.json",924,49914053
liqwid-portable-data,1,"raw/api/fetches/20260717T161934136Z/protocol-overview/daily/2026-05-23.json",956,24AE8D39
liqwid-portable-data,1,"raw/api/fetches/20260717T161934136Z/protocol-overview/daily/2026-05-24.json",940,31388C6E
liqwid-portable-data,1,"raw/api/fetches/20260717T161934136Z/protocol-overview/daily/2026-05-25.json",931,5B8FA605
liqwid-portable-data,1,"raw/api/fetches/20260717T161934136Z/protocol-overview/daily/2026-05-26.json",885,7D2CDACC
liqwid-portable-data,1,"raw/api/fetches/20260717T161934136Z/protocol-overview/daily/2026-05-27.json",951,1CE91F5A
liqwid-portable-data,1,"raw/api/fetches/20260717T161934136Z/protocol-overview/daily/2026-05-28.json",952,D3B7E686
liqwid-portable-data,1,"raw/api/fetches/20260717T161934136Z/protocol-overview/daily/2026-05-29.json",929,8B8E8273
liqwid-portable-data,1,"raw/api/fetches/20260717T161934136Z/protocol-overview/daily/2026-05-30.json",940,A27F3283
liqwid-portable-data,1,"raw/api/fetches/20260717T161934136Z/protocol-overview/daily/2026-05-31.json",935,B9151523
liqwid-portable-data,1,"raw/api/fetches/20260717T161934136Z/protocol-overview/daily/2026-06-01.json",951,FEB21F4C
liqwid-portable-data,1,"raw/api/fetches/20260717T161934136Z/protocol-overview/daily/2026-06-02.json",958,BBA477D1
liqwid-portable-data,1,"raw/api/fetches/20260717T161934136Z/protocol-overview/daily/2026-06-03.json",960,90EFDDB1
liqwid-portable-data,1,"raw/api/fetches/20260717T161934136Z/protocol-overview/daily/2026-06-04.json",956,4EDD1E28
liqwid-portable-data,1,"raw/api/fetches/20260717T161934136Z/protocol-overview/daily/2026-06-05.json",959,DA6812D1
liqwid-portable-data,1,"raw/api/fetches/20260717T161934136Z/protocol-overview/daily/2026-06-06.json",962,76F3BC76
liqwid-portable-data,1,"raw/api/fetches/20260717T161934136Z/protocol-overview/daily/2026-06-07.json",931,4D6BB936
liqwid-portable-data,1,"raw/api/fetches/20260717T161934136Z/protocol-overview/daily/2026-06-08.json",921,7877B8E4
liqwid-portable-data,1,"raw/api/fetches/20260717T161934136Z/protocol-overview/daily/2026-06-09.json",923,F540E08F
liqwid-portable-data,1,"raw/api/fetches/20260717T161934136Z/protocol-overview/daily/2026-06-10.json",947,F33D21C7
liqwid-portable-data,1,"raw/api/fetches/20260717T161934136Z/protocol-overview/daily/2026-06-11.json",920,ED220E4D
liqwid-portable-data,1,"raw/api/fetches/20260717T161934136Z/protocol-overview/daily/2026-06-12.json",956,E223EA5A
liqwid-portable-data,1,"raw/api/fetches/20260717T161934136Z/protocol-overview/daily/2026-06-13.json",919,00AF7806
liqwid-portable-data,1,"raw/api/fetches/20260717T161934136Z/protocol-overview/daily/2026-06-14.json",928,EC79EC3F
liqwid-portable-data,1,"raw/api/fetches/20260717T161934136Z/protocol-overview/daily/2026-06-15.json",922,244FA6B0
liqwid-portable-data,1,"raw/api/fetches/20260717T161934136Z/protocol-overview/daily/2026-06-16.json",917,1DD25F26
liqwid-portable-data,1,"raw/api/fetches/20260717T161934136Z/protocol-overview/daily/2026-06-17.json",924,F03A8DCD
liqwid-portable-data,1,"raw/api/fetches/20260717T161934136Z/protocol-overview/daily/2026-06-18.json",933,C94B0F4C
liqwid-portable-data,1,"raw/api/fetches/20260717T161934136Z/protocol-overview/daily/2026-06-19.json",910,BAE58F1A
liqwid-portable-data,1,"raw/api/fetches/20260717T161934136Z/protocol-overview/daily/2026-06-20.json",933,AF9F0121
liqwid-portable-data,1,"raw/api/fetches/20260717T161934136Z/protocol-overview/daily/2026-06-21.json",955,A3269100
liqwid-portable-data,1,"raw/api/fetches/20260717T161934136Z/protocol-overview/daily/2026-06-22.json",924,B8628606
liqwid-portable-data,1,"raw/api/fetches/20260717T161934136Z/protocol-overview/daily/2026-06-23.json",954,17CD5896
liqwid-portable-data,1,"raw/api/fetches/20260717T161934136Z/protocol-overview/daily/2026-06-24.json",948,BFB7FC86
liqwid-portable-data,1,"raw/api/fetches/20260717T161934136Z/protocol-overview/daily/2026-06-25.json",938,27971EDD
liqwid-portable-data,1,"raw/api/fetches/20260717T161934136Z/protocol-overview/daily/2026-06-26.json",950,5C920E92
liqwid-portable-data,1,"raw/api/fetches/20260717T161934136Z/protocol-overview/daily/2026-06-27.json",933,A2DA484F
liqwid-portable-data,1,"raw/api/fetches/20260717T161934136Z/protocol-overview/daily/2026-06-28.json",890,CDDA1812
liqwid-portable-data,1,"raw/api/fetches/20260717T161934136Z/protocol-overview/daily/2026-06-29.json",925,861E6934
liqwid-portable-data,1,"raw/api/fetches/20260717T161934136Z/protocol-overview/daily/2026-06-30.json",919,2983354D
liqwid-portable-data,1,"raw/api/fetches/20260717T161934136Z/protocol-overview/daily/2026-07-01.json",925,1BAFE867
liqwid-portable-data,1,"raw/api/fetches/20260717T161934136Z/protocol-overview/daily/2026-07-02.json",903,21B732DD
liqwid-portable-data,1,"raw/api/fetches/20260717T161934136Z/protocol-overview/daily/2026-07-03.json",922,45394840
liqwid-portable-data,1,"raw/api/fetches/20260717T161934136Z/protocol-overview/daily/2026-07-04.json",923,1F9987C4
liqwid-portable-data,1,"raw/api/fetches/20260717T161934136Z/protocol-overview/daily/2026-07-05.json",926,28011A98
liqwid-portable-data,1,"raw/api/fetches/20260717T161934136Z/protocol-overview/daily/2026-07-06.json",904,E1009910
liqwid-portable-data,1,"raw/api/fetches/20260717T161934136Z/protocol-overview/daily/2026-07-07.json",925,2F2C78D3
liqwid-portable-data,1,"raw/api/fetches/20260717T161934136Z/protocol-overview/daily/2026-07-08.json",921,62AEBE41
liqwid-portable-data,1,"raw/api/fetches/20260717T161934136Z/protocol-overview/daily/2026-07-09.json",922,46A3ED00
liqwid-portable-data,1,"raw/api/fetches/20260717T161934136Z/protocol-overview/daily/2026-07-10.json",930,E456C8B9
liqwid-portable-data,1,"raw/api/fetches/20260717T161934136Z/protocol-overview/daily/2026-07-11.json",900,86485DD8
liqwid-portable-data,1,"raw/api/fetches/20260717T161934136Z/protocol-overview/daily/2026-07-12.json",884,5AD42401
liqwid-portable-data,1,"raw/api/fetches/20260717T161934136Z/protocol-overview/daily/2026-07-13.json",907,66CD42AF
liqwid-portable-data,1,"raw/api/fetches/20260717T161934136Z/protocol-overview/daily/2026-07-14.json",914,3ED1A414
liqwid-portable-data,1,"raw/api/fetches/20260717T161934136Z/protocol-overview/daily/2026-07-15.json",926,FA7808DD
liqwid-portable-data,1,"raw/api/fetches/20260717T161934136Z/protocol-overview/daily/2026-07-16.json",920,E129D112
liqwid-portable-data,1,"raw/api/fetches/20260717T161934136Z/protocol-overview/monthly/2023-02-01.json",909,C077C32C
liqwid-portable-data,1,"raw/api/fetches/20260717T161934136Z/protocol-overview/monthly/2026-07-01.json",910,1CE62228
liqwid-portable-data,1,"raw/api/fetches/20260717T180620759Z/loans/active-debt.json",288540,79A12C18
liqwid-portable-data,1,"raw/api/fetches/20260717T180620759Z/loans/collateral-bearing.json",382808,DEDFC85B
liqwid-portable-data,1,"raw/api/fetches/20260717T180620759Z/loans/liquidatable.json",901,27C073CD
liqwid-portable-data,1,"raw/api/fetches/20260717T180620759Z/market-history/ada.json",1023,188C03C0
liqwid-portable-data,1,"raw/api/fetches/20260717T180620759Z/market-history/agix.json",1025,470CC33C
liqwid-portable-data,1,"raw/api/fetches/20260717T180620759Z/market-history/btc.json",1023,1E68ECAC
liqwid-portable-data,1,"raw/api/fetches/20260717T180620759Z/market-history/copi.json",1025,AC72C43E
liqwid-portable-data,1,"raw/api/fetches/20260717T180620759Z/market-history/dai.json",1023,F95755C7
liqwid-portable-data,1,"raw/api/fetches/20260717T180620759Z/market-history/djed.json",1025,DBE37B3D
liqwid-portable-data,1,"raw/api/fetches/20260717T180620759Z/market-history/erg.json",1023,4ECC7B32
liqwid-portable-data,1,"raw/api/fetches/20260717T180620759Z/market-history/eth.json",1023,755B8760
liqwid-portable-data,1,"raw/api/fetches/20260717T180620759Z/market-history/eurc.json",1025,8C130282
liqwid-portable-data,1,"raw/api/fetches/20260717T180620759Z/market-history/iag.json",1023,44B1FF86
liqwid-portable-data,1,"raw/api/fetches/20260717T180620759Z/market-history/iusd.json",1025,37467991
liqwid-portable-data,1,"raw/api/fetches/20260717T180620759Z/market-history/lq.json",1021,C95A200E
liqwid-portable-data,1,"raw/api/fetches/20260717T180620759Z/market-history/min.json",1023,A00A9028
liqwid-portable-data,1,"raw/api/fetches/20260717T180620759Z/market-history/night.json",1027,0B6569CA
liqwid-portable-data,1,"raw/api/fetches/20260717T180620759Z/market-history/pol.json",1023,44188321
liqwid-portable-data,1,"raw/api/fetches/20260717T180620759Z/market-history/pyusd.json",1027,1249B4CC
liqwid-portable-data,1,"raw/api/fetches/20260717T180620759Z/market-history/shen.json",1025,2EA57B0D
liqwid-portable-data,1,"raw/api/fetches/20260717T180620759Z/market-history/snek.json",1025,80435CE2
liqwid-portable-data,1,"raw/api/fetches/20260717T180620759Z/market-history/usda.json",1025,8A6E7AA4
liqwid-portable-data,1,"raw/api/fetches/20260717T180620759Z/market-history/usdc.json",1025,54E5F57A
liqwid-portable-data,1,"raw/api/fetches/20260717T180620759Z/market-history/usdcx-usdm-sundae-lp-stableswap.json",1079,72BC2734
liqwid-portable-data,1,"raw/api/fetches/20260717T180620759Z/market-history/usdcx.json",1027,7BFFB00D
liqwid-portable-data,1,"raw/api/fetches/20260717T180620759Z/market-history/usdm-usda-minswap-lp-stable.json",1071,584A8E3F
liqwid-portable-data,1,"raw/api/fetches/20260717T180620759Z/market-history/usdm.json",1025,20C450A3
liqwid-portable-data,1,"raw/api/fetches/20260717T180620759Z/market-history/usdt.json",1025,C1A4C503
liqwid-portable-data,1,"raw/api/fetches/20260717T180620759Z/market-history/wmt.json",1023,90DE6910
liqwid-portable-data,1,"raw/api/fetches/20260717T180620759Z/markets/page-0000.json",20103,BB01CE73
liqwid-portable-data,1,"raw/api/fetches/20260717T180620759Z/protocol-fees/monthly/2026-07-01.json",1539,E392C512
liqwid-portable-data,1,"raw/api/fetches/20260717T180620759Z/protocol-overview/monthly/2023-02-01.json",909,C3E462EE
liqwid-portable-data,1,"raw/api/fetches/20260717T180620759Z/protocol-overview/monthly/2026-07-01.json",910,698F1215
liqwid-portable-data,1,"raw/api/fetches/20260718T084629082Z/loans/active-debt.json",288936,714DBF07
liqwid-portable-data,1,"raw/api/fetches/20260718T084629082Z/loans/all.json",383710,5F631243
liqwid-portable-data,1,"raw/api/fetches/20260718T084629082Z/loans/collateral-bearing.json",383201,EAD75A83
liqwid-portable-data,1,"raw/api/fetches/20260718T084629082Z/loans/liquidatable.json",901,447530FC
liqwid-portable-data,1,"raw/api/fetches/20260718T084629082Z/market-history/ada.json",1644,31508D1E
liqwid-portable-data,1,"raw/api/fetches/20260718T084629082Z/market-history/agix.json",1506,F1650D66
liqwid-portable-data,1,"raw/api/fetches/20260718T084629082Z/market-history/btc.json",1603,687EA11B
liqwid-portable-data,1,"raw/api/fetches/20260718T084629082Z/market-history/copi.json",1549,89E5EE91
liqwid-portable-data,1,"raw/api/fetches/20260718T084629082Z/market-history/dai.json",1603,E08D0C7E
liqwid-portable-data,1,"raw/api/fetches/20260718T084629082Z/market-history/djed.json",1641,6510E614
liqwid-portable-data,1,"raw/api/fetches/20260718T084629082Z/market-history/erg.json",1610,3CA8F076
liqwid-portable-data,1,"raw/api/fetches/20260718T084629082Z/market-history/eth.json",1608,44EEB999
liqwid-portable-data,1,"raw/api/fetches/20260718T084629082Z/market-history/eurc.json",1502,666A3341
liqwid-portable-data,1,"raw/api/fetches/20260718T084629082Z/market-history/iag.json",1605,8F4187CA
liqwid-portable-data,1,"raw/api/fetches/20260718T084629082Z/market-history/iusd.json",1606,78B82DE5
liqwid-portable-data,1,"raw/api/fetches/20260718T084629082Z/market-history/lq.json",1503,7750EBF5
liqwid-portable-data,1,"raw/api/fetches/20260718T084629082Z/market-history/min.json",1612,F2F93A55
liqwid-portable-data,1,"raw/api/fetches/20260718T084629082Z/market-history/night.json",1614,0B290764
liqwid-portable-data,1,"raw/api/fetches/20260718T084629082Z/market-history/pol.json",1505,3DFF6625
liqwid-portable-data,1,"raw/api/fetches/20260718T084629082Z/market-history/pyusd.json",1484,B98BD93C
liqwid-portable-data,1,"raw/api/fetches/20260718T084629082Z/market-history/shen.json",1601,8CA845AD
liqwid-portable-data,1,"raw/api/fetches/20260718T084629082Z/market-history/snek.json",1578,C547DCE1
liqwid-portable-data,1,"raw/api/fetches/20260718T084629082Z/market-history/usda.json",1597,5C101082
liqwid-portable-data,1,"raw/api/fetches/20260718T084629082Z/market-history/usdc.json",1598,8A979113
liqwid-portable-data,1,"raw/api/fetches/20260718T084629082Z/market-history/usdcx-usdm-sundae-lp-stableswap.json",1639,B3B9EF3D
liqwid-portable-data,1,"raw/api/fetches/20260718T084629082Z/market-history/usdcx.json",1639,ECD1A81E
liqwid-portable-data,1,"raw/api/fetches/20260718T084629082Z/market-history/usdm-usda-minswap-lp-stable.json",1531,66BEB29A
liqwid-portable-data,1,"raw/api/fetches/20260718T084629082Z/market-history/usdm.json",1598,CCE0F3CA
liqwid-portable-data,1,"raw/api/fetches/20260718T084629082Z/market-history/usdt.json",1598,740E0D40
liqwid-portable-data,1,"raw/api/fetches/20260718T084629082Z/market-history/wmt.json",1536,2275F0E0
liqwid-portable-data,1,"raw/api/fetches/20260718T084629082Z/market-params-history/ada.json",1435,B52DEA75
liqwid-portable-data,1,"raw/api/fetches/20260718T084629082Z/market-params-history/agix.json",1435,E9F12343
liqwid-portable-data,1,"raw/api/fetches/20260718T084629082Z/market-params-history/btc.json",1385,3B59F1AE
liqwid-portable-data,1,"raw/api/fetches/20260718T084629082Z/market-params-history/copi.json",1389,0BFC007F
liqwid-portable-data,1,"raw/api/fetches/20260718T084629082Z/market-params-history/dai.json",1418,D7441710
liqwid-portable-data,1,"raw/api/fetches/20260718T084629082Z/market-params-history/djed.json",1428,E4489FCD
liqwid-portable-data,1,"raw/api/fetches/20260718T084629082Z/market-params-history/erg.json",1385,A7837299
liqwid-portable-data,1,"raw/api/fetches/20260718T084629082Z/market-params-history/eth.json",1385,2C401626
liqwid-portable-data,1,"raw/api/fetches/20260718T084629082Z/market-params-history/eurc.json",1420,45D7FA71
liqwid-portable-data,1,"raw/api/fetches/20260718T084629082Z/market-params-history/iag.json",1387,8664BC47
liqwid-portable-data,1,"raw/api/fetches/20260718T084629082Z/market-params-history/iusd.json",1426,1AE11260
liqwid-portable-data,1,"raw/api/fetches/20260718T084629082Z/market-params-history/lq.json",1275,30A1039A
liqwid-portable-data,1,"raw/api/fetches/20260718T084629082Z/market-params-history/min.json",1388,4C22FE4B
liqwid-portable-data,1,"raw/api/fetches/20260718T084629082Z/market-params-history/night.json",1393,D6B5197C
liqwid-portable-data,1,"raw/api/fetches/20260718T084629082Z/market-params-history/pol.json",1284,1B2E536F
liqwid-portable-data,1,"raw/api/fetches/20260718T084629082Z/market-params-history/pyusd.json",1422,BCE5A894
liqwid-portable-data,1,"raw/api/fetches/20260718T084629082Z/market-params-history/shen.json",1389,543C5EC8
liqwid-portable-data,1,"raw/api/fetches/20260718T084629082Z/market-params-history/snek.json",1391,1AF8F6A8
liqwid-portable-data,1,"raw/api/fetches/20260718T084629082Z/market-params-history/usda.json",1421,261E586C
liqwid-portable-data,1,"raw/api/fetches/20260718T084629082Z/market-params-history/usdc.json",1418,458D880B
liqwid-portable-data,1,"raw/api/fetches/20260718T084629082Z/market-params-history/usdcx-usdm-sundae-lp-stableswap.json",1471,A5A8CF5C
liqwid-portable-data,1,"raw/api/fetches/20260718T084629082Z/market-params-history/usdcx.json",1417,80532BC7
liqwid-portable-data,1,"raw/api/fetches/20260718T084629082Z/market-params-history/usdm-usda-minswap-lp-stable.json",1426,D1097C40
liqwid-portable-data,1,"raw/api/fetches/20260718T084629082Z/market-params-history/usdm.json",1422,8A891BD1
liqwid-portable-data,1,"raw/api/fetches/20260718T084629082Z/market-params-history/usdt.json",1418,12626B62
liqwid-portable-data,1,"raw/api/fetches/20260718T084629082Z/market-params-history/wmt.json",1394,7F971289
liqwid-portable-data,1,"raw/api/fetches/20260718T084629082Z/markets/page-0000.json",20104,A301A46D
liqwid-portable-data,1,"raw/api/fetches/20260718T084629082Z/protocol-fees/daily/2026-01-01--2026-01-04.json",4687,F6353C40
liqwid-portable-data,1,"raw/api/fetches/20260718T084629082Z/protocol-fees/daily/2026-01-05--2026-01-08.json",4696,787063FA
liqwid-portable-data,1,"raw/api/fetches/20260718T084629082Z/protocol-fees/daily/2026-01-09--2026-01-12.json",4684,52C70EB0
liqwid-portable-data,1,"raw/api/fetches/20260718T084629082Z/protocol-fees/daily/2026-01-13--2026-01-16.json",4686,1553402F
liqwid-portable-data,1,"raw/api/fetches/20260718T084629082Z/protocol-fees/daily/2026-01-17--2026-01-20.json",4692,F6415338
liqwid-portable-data,1,"raw/api/fetches/20260718T084629082Z/protocol-fees/daily/2026-01-21--2026-01-24.json",4676,E2923E66
liqwid-portable-data,1,"raw/api/fetches/20260718T084629082Z/protocol-fees/daily/2026-01-25--2026-01-28.json",4672,1B87FE02
liqwid-portable-data,1,"raw/api/fetches/20260718T084629082Z/protocol-fees/daily/2026-01-29--2026-02-01.json",4695,4962F79A
liqwid-portable-data,1,"raw/api/fetches/20260718T084629082Z/protocol-fees/daily/2026-02-02--2026-02-05.json",4527,544DBCC2
liqwid-portable-data,1,"raw/api/fetches/20260718T084629082Z/protocol-fees/daily/2026-02-06--2026-02-09.json",4686,F74C5ACD
liqwid-portable-data,1,"raw/api/fetches/20260718T084629082Z/protocol-fees/daily/2026-02-10--2026-02-13.json",4688,871E1E4E
liqwid-portable-data,1,"raw/api/fetches/20260718T084629082Z/protocol-fees/daily/2026-02-14--2026-02-17.json",4674,05873DA7
liqwid-portable-data,1,"raw/api/fetches/20260718T084629082Z/protocol-fees/daily/2026-02-18--2026-02-21.json",4676,18957CDC
liqwid-portable-data,1,"raw/api/fetches/20260718T084629082Z/protocol-fees/daily/2026-02-22--2026-02-25.json",4674,42953A7D
liqwid-portable-data,1,"raw/api/fetches/20260718T084629082Z/protocol-fees/daily/2026-02-26--2026-03-01.json",4682,757C44D2
liqwid-portable-data,1,"raw/api/fetches/20260718T084629082Z/protocol-fees/daily/2026-03-02--2026-03-05.json",4668,6FF92AF2
liqwid-portable-data,1,"raw/api/fetches/20260718T084629082Z/protocol-fees/daily/2026-03-06--2026-03-09.json",4674,DFF8EFF2
liqwid-portable-data,1,"raw/api/fetches/20260718T084629082Z/protocol-fees/daily/2026-03-10--2026-03-13.json",4685,55CB2A4B
liqwid-portable-data,1,"raw/api/fetches/20260718T084629082Z/protocol-fees/daily/2026-03-14--2026-03-17.json",4695,A6AF230F
liqwid-portable-data,1,"raw/api/fetches/20260718T084629082Z/protocol-fees/daily/2026-03-18--2026-03-21.json",4684,F8FFE539
liqwid-portable-data,1,"raw/api/fetches/20260718T084629082Z/protocol-fees/daily/2026-03-22--2026-03-25.json",4709,5043F5B3
liqwid-portable-data,1,"raw/api/fetches/20260718T084629082Z/protocol-fees/daily/2026-03-26--2026-03-29.json",4692,B6BAA3D5
liqwid-portable-data,1,"raw/api/fetches/20260718T084629082Z/protocol-fees/daily/2026-03-30--2026-04-02.json",4680,DCE0E887
liqwid-portable-data,1,"raw/api/fetches/20260718T084629082Z/protocol-fees/daily/2026-04-03--2026-04-06.json",4691,C34107E8
liqwid-portable-data,1,"raw/api/fetches/20260718T084629082Z/protocol-fees/daily/2026-04-07--2026-04-10.json",4695,499B1A77
liqwid-portable-data,1,"raw/api/fetches/20260718T084629082Z/protocol-fees/daily/2026-04-11--2026-04-14.json",4695,4675B181
liqwid-portable-data,1,"raw/api/fetches/20260718T084629082Z/protocol-fees/daily/2026-04-15--2026-04-18.json",4694,C5622257
liqwid-portable-data,1,"raw/api/fetches/20260718T084629082Z/protocol-fees/daily/2026-04-19--2026-04-22.json",4683,1A0F73DA
liqwid-portable-data,1,"raw/api/fetches/20260718T084629082Z/protocol-fees/daily/2026-04-23--2026-04-26.json",4681,01D60933
liqwid-portable-data,1,"raw/api/fetches/20260718T084629082Z/protocol-fees/daily/2026-04-27--2026-04-30.json",4686,38AEF93A
liqwid-portable-data,1,"raw/api/fetches/20260718T084629082Z/protocol-fees/daily/2026-05-01--2026-05-04.json",4690,C2758396
liqwid-portable-data,1,"raw/api/fetches/20260718T084629082Z/protocol-fees/daily/2026-05-05--2026-05-08.json",4707,DC914BB0
liqwid-portable-data,1,"raw/api/fetches/20260718T084629082Z/protocol-fees/daily/2026-05-09--2026-05-12.json",4705,B8F2F548
liqwid-portable-data,1,"raw/api/fetches/20260718T084629082Z/protocol-fees/daily/2026-05-13--2026-05-16.json",4679,C038197D
liqwid-portable-data,1,"raw/api/fetches/20260718T084629082Z/protocol-fees/daily/2026-05-17--2026-05-20.json",4665,38A27AC0
liqwid-portable-data,1,"raw/api/fetches/20260718T084629082Z/protocol-fees/daily/2026-05-21--2026-05-24.json",4679,CB01540C
liqwid-portable-data,1,"raw/api/fetches/20260718T084629082Z/protocol-fees/daily/2026-05-25--2026-05-28.json",4684,7D80DE84
liqwid-portable-data,1,"raw/api/fetches/20260718T084629082Z/protocol-fees/daily/2026-05-29--2026-06-01.json",4684,36436347
liqwid-portable-data,1,"raw/api/fetches/20260718T084629082Z/protocol-fees/daily/2026-06-02--2026-06-05.json",4691,15A2F0AC
liqwid-portable-data,1,"raw/api/fetches/20260718T084629082Z/protocol-fees/daily/2026-06-06--2026-06-09.json",4670,83A8441E
liqwid-portable-data,1,"raw/api/fetches/20260718T084629082Z/protocol-fees/daily/2026-06-10--2026-06-13.json",4700,E999E8ED
liqwid-portable-data,1,"raw/api/fetches/20260718T084629082Z/protocol-fees/daily/2026-06-14--2026-06-17.json",4686,7B21A607
liqwid-portable-data,1,"raw/api/fetches/20260718T084629082Z/protocol-fees/daily/2026-06-18--2026-06-21.json",4695,9E426DCB
liqwid-portable-data,1,"raw/api/fetches/20260718T084629082Z/protocol-fees/daily/2026-06-22--2026-06-25.json",4657,4991BA62
liqwid-portable-data,1,"raw/api/fetches/20260718T084629082Z/protocol-fees/daily/2026-06-26--2026-06-29.json",4654,44E798E0
liqwid-portable-data,1,"raw/api/fetches/20260718T084629082Z/protocol-fees/daily/2026-06-30--2026-07-03.json",4579,94FFCD37
liqwid-portable-data,1,"raw/api/fetches/20260718T084629082Z/protocol-fees/daily/2026-07-04--2026-07-07.json",4586,7461DC18
liqwid-portable-data,1,"raw/api/fetches/20260718T084629082Z/protocol-fees/daily/2026-07-08--2026-07-11.json",4583,F32C616D
liqwid-portable-data,1,"raw/api/fetches/20260718T084629082Z/protocol-fees/daily/2026-07-12--2026-07-15.json",4574,9F45B379
liqwid-portable-data,1,"raw/api/fetches/20260718T084629082Z/protocol-fees/daily/2026-07-16--2026-07-17.json",2389,0C134D68
liqwid-portable-data,1,"raw/api/fetches/20260718T084629082Z/protocol-overview/daily/2026-07-17.json",937,4F46BC4D
liqwid-portable-data,1,"raw/api/fetches/20260718T084629082Z/protocol-overview/monthly/2023-02-01.json",909,6BF5D1B2
liqwid-portable-data,1,"raw/api/fetches/20260718T084629082Z/protocol-overview/monthly/2026-07-01.json",926,E5218AD6
liqwid-portable-data,1,"raw/api/fetches/20260718T141451025Z/loans/active-debt.json",291128,7E826108
liqwid-portable-data,1,"raw/api/fetches/20260718T141451025Z/loans/all.json",385897,D5E41E24
liqwid-portable-data,1,"raw/api/fetches/20260718T141451025Z/loans/collateral-bearing.json",385388,7ECA6362
liqwid-portable-data,1,"raw/api/fetches/20260718T141451025Z/loans/liquidatable.json",901,40BDFC51
liqwid-portable-data,1,"raw/api/fetches/20260718T141451025Z/market-history/ada.json",1023,DA2DDC9B
liqwid-portable-data,1,"raw/api/fetches/20260718T141451025Z/market-history/agix.json",1025,7DECBE2F
liqwid-portable-data,1,"raw/api/fetches/20260718T141451025Z/market-history/btc.json",1023,DCC933F7
liqwid-portable-data,1,"raw/api/fetches/20260718T141451025Z/market-history/copi.json",1025,9692B92D
liqwid-portable-data,1,"raw/api/fetches/20260718T141451025Z/market-history/dai.json",1023,3BF68A9C
liqwid-portable-data,1,"raw/api/fetches/20260718T141451025Z/market-history/djed.json",1025,E103062E
liqwid-portable-data,1,"raw/api/fetches/20260718T141451025Z/market-history/erg.json",1023,8C6DA469
liqwid-portable-data,1,"raw/api/fetches/20260718T141451025Z/market-history/eth.json",1023,B7FA583B
liqwid-portable-data,1,"raw/api/fetches/20260718T141451025Z/market-history/eurc.json",1025,B6F37F91
liqwid-portable-data,1,"raw/api/fetches/20260718T141451025Z/market-history/iag.json",1023,861020DD
liqwid-portable-data,1,"raw/api/fetches/20260718T141451025Z/market-history/iusd.json",1025,0DA60482
liqwid-portable-data,1,"raw/api/fetches/20260718T141451025Z/market-history/lq.json",1021,DEBD9DA2
liqwid-portable-data,1,"raw/api/fetches/20260718T141451025Z/market-history/min.json",1023,62AB4F73
liqwid-portable-data,1,"raw/api/fetches/20260718T141451025Z/market-history/night.json",1027,31FDEB51
liqwid-portable-data,1,"raw/api/fetches/20260718T141451025Z/market-history/pol.json",1023,86B95C7A
liqwid-portable-data,1,"raw/api/fetches/20260718T141451025Z/market-history/pyusd.json",1027,28D13657
liqwid-portable-data,1,"raw/api/fetches/20260718T141451025Z/market-history/shen.json",1025,1445061E
liqwid-portable-data,1,"raw/api/fetches/20260718T141451025Z/market-history/snek.json",1025,BAA321F1
liqwid-portable-data,1,"raw/api/fetches/20260718T141451025Z/market-history/usda.json",1025,B08E07B7
liqwid-portable-data,1,"raw/api/fetches/20260718T141451025Z/market-history/usdc.json",1025,6E058869
liqwid-portable-data,1,"raw/api/fetches/20260718T141451025Z/market-history/usdcx-usdm-sundae-lp-stableswap.json",1079,06ACC139
liqwid-portable-data,1,"raw/api/fetches/20260718T141451025Z/market-history/usdcx.json",1027,41673296
liqwid-portable-data,1,"raw/api/fetches/20260718T141451025Z/market-history/usdm-usda-minswap-lp-stable.json",1071,33C938E9
liqwid-portable-data,1,"raw/api/fetches/20260718T141451025Z/market-history/usdm.json",1025,1A242DB0
liqwid-portable-data,1,"raw/api/fetches/20260718T141451025Z/market-history/usdt.json",1025,FB44B810
liqwid-portable-data,1,"raw/api/fetches/20260718T141451025Z/market-history/wmt.json",1023,527FB64B
liqwid-portable-data,1,"raw/api/fetches/20260718T141451025Z/markets/page-0000.json",20114,963B752D
liqwid-portable-data,1,"raw/api/fetches/20260718T141451025Z/protocol-overview/monthly/2023-02-01.json",909,B52609E8
liqwid-portable-data,1,"raw/api/fetches/20260718T141451025Z/protocol-overview/monthly/2026-07-01.json",926,C42D1CD6
liqwid-portable-data,1,"raw/api/fetches/20260718T155550243Z/loans/active-debt.json",291179,27A68D19
liqwid-portable-data,1,"raw/api/fetches/20260718T155550243Z/loans/all.json",385940,8DEFB7AA
liqwid-portable-data,1,"raw/api/fetches/20260718T155550243Z/loans/collateral-bearing.json",385432,38129B10
liqwid-portable-data,1,"raw/api/fetches/20260718T155550243Z/loans/liquidatable.json",901,7C8F0B49
liqwid-portable-data,1,"raw/api/fetches/20260718T155550243Z/market-history/ada.json",1023,01565C1D
liqwid-portable-data,1,"raw/api/fetches/20260718T155550243Z/market-history/agix.json",1025,FD8DD9B9
liqwid-portable-data,1,"raw/api/fetches/20260718T155550243Z/market-history/btc.json",1023,07B2B371
liqwid-portable-data,1,"raw/api/fetches/20260718T155550243Z/market-history/copi.json",1025,16F3DEBB
liqwid-portable-data,1,"raw/api/fetches/20260718T155550243Z/market-history/dai.json",1023,E08D0A1A
liqwid-portable-data,1,"raw/api/fetches/20260718T155550243Z/market-history/djed.json",1025,616261B8
liqwid-portable-data,1,"raw/api/fetches/20260718T155550243Z/market-history/erg.json",1023,571624EF
liqwid-portable-data,1,"raw/api/fetches/20260718T155550243Z/market-history/eth.json",1023,6C81D8BD
liqwid-portable-data,1,"raw/api/fetches/20260718T155550243Z/market-history/eurc.json",1025,36921807
liqwid-portable-data,1,"raw/api/fetches/20260718T155550243Z/market-history/iag.json",1023,5D6BA05B
liqwid-portable-data,1,"raw/api/fetches/20260718T155550243Z/market-history/iusd.json",1025,8DC76314
liqwid-portable-data,1,"raw/api/fetches/20260718T155550243Z/market-history/lq.json",1021,2D811ADD
liqwid-portable-data,1,"raw/api/fetches/20260718T155550243Z/market-history/min.json",1023,B9D0CFF5
liqwid-portable-data,1,"raw/api/fetches/20260718T155550243Z/market-history/night.json",1027,C530B257
liqwid-portable-data,1,"raw/api/fetches/20260718T155550243Z/market-history/pol.json",1023,5DC2DCFC
liqwid-portable-data,1,"raw/api/fetches/20260718T155550243Z/market-history/pyusd.json",1027,DC1C6F51
liqwid-portable-data,1,"raw/api/fetches/20260718T155550243Z/market-history/shen.json",1025,94246188
liqwid-portable-data,1,"raw/api/fetches/20260718T155550243Z/market-history/snek.json",1025,3AC24667
liqwid-portable-data,1,"raw/api/fetches/20260718T155550243Z/market-history/usda.json",1025,30EF6021
liqwid-portable-data,1,"raw/api/fetches/20260718T155550243Z/market-history/usdc.json",1025,EE64EFFF
liqwid-portable-data,1,"raw/api/fetches/20260718T155550243Z/market-history/usdcx-usdm-sundae-lp-stableswap.json",1079,E4B7133A
liqwid-portable-data,1,"raw/api/fetches/20260718T155550243Z/market-history/usdcx.json",1027,B5AA6B90
liqwid-portable-data,1,"raw/api/fetches/20260718T155550243Z/market-history/usdm-usda-minswap-lp-stable.json",1071,D574178E
liqwid-portable-data,1,"raw/api/fetches/20260718T155550243Z/market-history/usdm.json",1025,9A454A26
liqwid-portable-data,1,"raw/api/fetches/20260718T155550243Z/market-history/usdt.json",1025,7B25DF86
liqwid-portable-data,1,"raw/api/fetches/20260718T155550243Z/market-history/wmt.json",1023,890436CD
liqwid-portable-data,1,"raw/api/fetches/20260718T155550243Z/markets/page-0000.json",20114,D99F45D6
liqwid-portable-data,1,"raw/api/fetches/20260718T155550243Z/protocol-overview/monthly/2023-02-01.json",909,DC73D105
liqwid-portable-data,1,"raw/api/fetches/20260718T155550243Z/protocol-overview/monthly/2026-07-01.json",926,67D8B32D
liqwid-portable-data,1,"raw/api/fetches/20260718T172729766Z/loans/active-debt.json",292870,BF9AEEDB
liqwid-portable-data,1,"raw/api/fetches/20260718T172729766Z/loans/all.json",387630,5C8DFB48
liqwid-portable-data,1,"raw/api/fetches/20260718T172729766Z/loans/collateral-bearing.json",387122,8FA6446F
liqwid-portable-data,1,"raw/api/fetches/20260718T172729766Z/loans/liquidatable.json",901,21F7DCDF
liqwid-portable-data,1,"raw/api/fetches/20260718T172729766Z/market-history/ada.json",1023,5DFED94C
liqwid-portable-data,1,"raw/api/fetches/20260718T172729766Z/market-history/agix.json",1025,C3FF9EAB
liqwid-portable-data,1,"raw/api/fetches/20260718T172729766Z/market-history/btc.json",1023,5B1A3620
liqwid-portable-data,1,"raw/api/fetches/20260718T172729766Z/market-history/copi.json",1025,288199A9
liqwid-portable-data,1,"raw/api/fetches/20260718T172729766Z/market-history/dai.json",1023,BC258F4B
liqwid-portable-data,1,"raw/api/fetches/20260718T172729766Z/market-history/djed.json",1025,5F1026AA
liqwid-portable-data,1,"raw/api/fetches/20260718T172729766Z/market-history/erg.json",1023,0BBEA1BE
liqwid-portable-data,1,"raw/api/fetches/20260718T172729766Z/market-history/eth.json",1023,30295DEC
liqwid-portable-data,1,"raw/api/fetches/20260718T172729766Z/market-history/eurc.json",1025,08E05F15
liqwid-portable-data,1,"raw/api/fetches/20260718T172729766Z/market-history/iag.json",1023,01C3250A
liqwid-portable-data,1,"raw/api/fetches/20260718T172729766Z/market-history/iusd.json",1025,B3B52406
liqwid-portable-data,1,"raw/api/fetches/20260718T172729766Z/market-history/lq.json",1021,C371DA88
liqwid-portable-data,1,"raw/api/fetches/20260718T172729766Z/market-history/min.json",1023,E5784AA4
liqwid-portable-data,1,"raw/api/fetches/20260718T172729766Z/market-history/night.json",1027,557C28C5
liqwid-portable-data,1,"raw/api/fetches/20260718T172729766Z/market-history/pol.json",1023,016A59AD
liqwid-portable-data,1,"raw/api/fetches/20260718T172729766Z/market-history/pyusd.json",1027,4C50F5C3
liqwid-portable-data,1,"raw/api/fetches/20260718T172729766Z/market-history/shen.json",1025,AA56269A
liqwid-portable-data,1,"raw/api/fetches/20260718T172729766Z/market-history/snek.json",1025,04B00175
liqwid-portable-data,1,"raw/api/fetches/20260718T172729766Z/market-history/usda.json",1025,0E9D2733
liqwid-portable-data,1,"raw/api/fetches/20260718T172729766Z/market-history/usdc.json",1025,D016A8ED
liqwid-portable-data,1,"raw/api/fetches/20260718T172729766Z/market-history/usdcx-usdm-sundae-lp-stableswap.json",1079,3EC5F6AB
liqwid-portable-data,1,"raw/api/fetches/20260718T172729766Z/market-history/usdcx.json",1027,25E6F102
liqwid-portable-data,1,"raw/api/fetches/20260718T172729766Z/market-history/usdm-usda-minswap-lp-stable.json",1071,ED770137
liqwid-portable-data,1,"raw/api/fetches/20260718T172729766Z/market-history/usdm.json",1025,A4370D34
liqwid-portable-data,1,"raw/api/fetches/20260718T172729766Z/market-history/usdt.json",1025,45579894
liqwid-portable-data,1,"raw/api/fetches/20260718T172729766Z/market-history/wmt.json",1023,D5ACB39C
liqwid-portable-data,1,"raw/api/fetches/20260718T172729766Z/markets/page-0000.json",20115,1B74327C
liqwid-portable-data,1,"raw/api/fetches/20260718T172729766Z/protocol-overview/monthly/2023-02-01.json",909,4579F975
liqwid-portable-data,1,"raw/api/fetches/20260718T172729766Z/protocol-overview/monthly/2026-07-01.json",926,4BD8C8B4
liqwid-portable-data,1,"raw/api/fetches/20260720T102206611Z/loans/active-debt.json",297081,4C7AB27D
liqwid-portable-data,1,"raw/api/fetches/20260720T102206611Z/loans/all.json",391861,7E30CB9D
liqwid-portable-data,1,"raw/api/fetches/20260720T102206611Z/loans/collateral-bearing.json",391352,3B613B6D
liqwid-portable-data,1,"raw/api/fetches/20260720T102206611Z/loans/liquidatable.json",901,90F7F5DD
liqwid-portable-data,1,"raw/api/fetches/20260720T102206611Z/market-history/ada.json",2193,A7C3F52C
liqwid-portable-data,1,"raw/api/fetches/20260720T102206611Z/market-history/agix.json",1988,AFA5C3D3
liqwid-portable-data,1,"raw/api/fetches/20260720T102206611Z/market-history/btc.json",2129,2A23120A
liqwid-portable-data,1,"raw/api/fetches/20260720T102206611Z/market-history/copi.json",2074,706E2C14
liqwid-portable-data,1,"raw/api/fetches/20260720T102206611Z/market-history/dai.json",2127,1D96345D
liqwid-portable-data,1,"raw/api/fetches/20260720T102206611Z/market-history/djed.json",2179,F0B8AD68
liqwid-portable-data,1,"raw/api/fetches/20260720T102206611Z/market-history/erg.json",2194,70DA24D2
liqwid-portable-data,1,"raw/api/fetches/20260720T102206611Z/market-history/eth.json",2174,498F7B69
liqwid-portable-data,1,"raw/api/fetches/20260720T102206611Z/market-history/eurc.json",1964,467F04D6
liqwid-portable-data,1,"raw/api/fetches/20260720T102206611Z/market-history/iag.json",2172,474217CC
liqwid-portable-data,1,"raw/api/fetches/20260720T102206611Z/market-history/iusd.json",2227,D36FC95A
liqwid-portable-data,1,"raw/api/fetches/20260720T102206611Z/market-history/lq.json",1982,5B9D8B3C
liqwid-portable-data,1,"raw/api/fetches/20260720T102206611Z/market-history/min.json",2233,17B83299
liqwid-portable-data,1,"raw/api/fetches/20260720T102206611Z/market-history/night.json",2187,72484767
liqwid-portable-data,1,"raw/api/fetches/20260720T102206611Z/market-history/pol.json",1988,58783A0B
liqwid-portable-data,1,"raw/api/fetches/20260720T102206611Z/market-history/pyusd.json",1942,2857267D
liqwid-portable-data,1,"raw/api/fetches/20260720T102206611Z/market-history/shen.json",2228,ED62F128
liqwid-portable-data,1,"raw/api/fetches/20260720T102206611Z/market-history/snek.json",2115,A62881FE
liqwid-portable-data,1,"raw/api/fetches/20260720T102206611Z/market-history/usda.json",2146,FC82757A
liqwid-portable-data,1,"raw/api/fetches/20260720T102206611Z/market-history/usdc.json",2179,CA276273
liqwid-portable-data,1,"raw/api/fetches/20260720T102206611Z/market-history/usdcx-usdm-sundae-lp-stableswap.json",2210,A0592887
liqwid-portable-data,1,"raw/api/fetches/20260720T102206611Z/market-history/usdcx.json",2219,D1BEE598
liqwid-portable-data,1,"raw/api/fetches/20260720T102206611Z/market-history/usdm-usda-minswap-lp-stable.json",1992,B19EFF23
liqwid-portable-data,1,"raw/api/fetches/20260720T102206611Z/market-history/usdm.json",2203,94F380F7
liqwid-portable-data,1,"raw/api/fetches/20260720T102206611Z/market-history/usdt.json",2191,54D459D3
liqwid-portable-data,1,"raw/api/fetches/20260720T102206611Z/market-history/wmt.json",2050,CC0F9E14
liqwid-portable-data,1,"raw/api/fetches/20260720T102206611Z/market-params-history/ada.json",1437,812C6296
liqwid-portable-data,1,"raw/api/fetches/20260720T102206611Z/market-params-history/agix.json",1435,96BCE26F
liqwid-portable-data,1,"raw/api/fetches/20260720T102206611Z/market-params-history/btc.json",1385,1AF00EB5
liqwid-portable-data,1,"raw/api/fetches/20260720T102206611Z/market-params-history/copi.json",1389,8B49E04F
liqwid-portable-data,1,"raw/api/fetches/20260720T102206611Z/market-params-history/dai.json",1418,676525C8
liqwid-portable-data,1,"raw/api/fetches/20260720T102206611Z/market-params-history/djed.json",1428,9E37875D
liqwid-portable-data,1,"raw/api/fetches/20260720T102206611Z/market-params-history/erg.json",1385,862A8D82
liqwid-portable-data,1,"raw/api/fetches/20260720T102206611Z/market-params-history/eth.json",1385,0DE9E93D
liqwid-portable-data,1,"raw/api/fetches/20260720T102206611Z/market-params-history/eurc.json",1420,3762D04A
liqwid-portable-data,1,"raw/api/fetches/20260720T102206611Z/market-params-history/iag.json",1387,0250B9F9
liqwid-portable-data,1,"raw/api/fetches/20260720T102206611Z/market-params-history/iusd.json",1426,82F4D03D
liqwid-portable-data,1,"raw/api/fetches/20260720T102206611Z/market-params-history/lq.json",1275,FDF7D6C2
liqwid-portable-data,1,"raw/api/fetches/20260720T102206611Z/market-params-history/min.json",1388,607F54C5
liqwid-portable-data,1,"raw/api/fetches/20260720T102206611Z/market-params-history/night.json",1393,2EA3F312
liqwid-portable-data,1,"raw/api/fetches/20260720T102206611Z/market-params-history/pol.json",1284,E7A87E19
liqwid-portable-data,1,"raw/api/fetches/20260720T102206611Z/market-params-history/pyusd.json",1422,A86F7842
liqwid-portable-data,1,"raw/api/fetches/20260720T102206611Z/market-params-history/shen.json",1389,D489BEF8
liqwid-portable-data,1,"raw/api/fetches/20260720T102206611Z/market-params-history/snek.json",1391,65B4A296
liqwid-portable-data,1,"raw/api/fetches/20260720T102206611Z/market-params-history/usda.json",1421,97670462
liqwid-portable-data,1,"raw/api/fetches/20260720T102206611Z/market-params-history/usdc.json",1418,B53866B2
liqwid-portable-data,1,"raw/api/fetches/20260720T102206611Z/market-params-history/usdcx-usdm-sundae-lp-stableswap.json",1471,DD2584BA
liqwid-portable-data,1,"raw/api/fetches/20260720T102206611Z/market-params-history/usdcx.json",1417,3F770830
liqwid-portable-data,1,"raw/api/fetches/20260720T102206611Z/market-params-history/usdm-usda-minswap-lp-stable.json",1426,9736EB83
liqwid-portable-data,1,"raw/api/fetches/20260720T102206611Z/market-params-history/usdm.json",1422,6D804F8A
liqwid-portable-data,1,"raw/api/fetches/20260720T102206611Z/market-params-history/usdt.json",1418,E2D785DB
liqwid-portable-data,1,"raw/api/fetches/20260720T102206611Z/market-params-history/wmt.json",1394,698A88ED
liqwid-portable-data,1,"raw/api/fetches/20260720T102206611Z/markets/page-0000.json",20113,5F4DBF4D
liqwid-portable-data,1,"raw/api/fetches/20260720T102206611Z/protocol-fees/daily/2026-07-18--2026-07-19.json",2386,084AE309
liqwid-portable-data,1,"raw/api/fetches/20260720T102206611Z/protocol-overview/daily/2026-07-18.json",941,C3CF6796
liqwid-portable-data,1,"raw/api/fetches/20260720T102206611Z/protocol-overview/daily/2026-07-19.json",935,4FF47BA3
liqwid-portable-data,1,"raw/api/fetches/20260720T102206611Z/protocol-overview/monthly/2023-02-01.json",909,38BD709A
liqwid-portable-data,1,"raw/api/fetches/20260720T102206611Z/protocol-overview/monthly/2026-07-01.json",927,F7EE5006
liqwid-portable-data,1,"raw/api/fetches/20260720T215546399Z/loans/active-debt.json",305084,9E955AF6
liqwid-portable-data,1,"raw/api/fetches/20260720T215546399Z/loans/all.json",399765,63ADAD93
liqwid-portable-data,1,"raw/api/fetches/20260720T215546399Z/loans/collateral-bearing.json",398306,D5ECD753
liqwid-portable-data,1,"raw/api/fetches/20260720T215546399Z/loans/liquidatable.json",18257,33077762
liqwid-portable-data,1,"raw/api/fetches/20260720T215546399Z/market-history/ada.json",1023,577F1F33
liqwid-portable-data,1,"raw/api/fetches/20260720T215546399Z/market-history/agix.json",1025,0E484C36
liqwid-portable-data,1,"raw/api/fetches/20260720T215546399Z/market-history/btc.json",1023,519BF05F
liqwid-portable-data,1,"raw/api/fetches/20260720T215546399Z/market-history/copi.json",1025,E5364B34
liqwid-portable-data,1,"raw/api/fetches/20260720T215546399Z/market-history/dai.json",1023,B6A44934
liqwid-portable-data,1,"raw/api/fetches/20260720T215546399Z/market-history/djed.json",1025,92A7F437
liqwid-portable-data,1,"raw/api/fetches/20260720T215546399Z/market-history/erg.json",1023,013F67C1
liqwid-portable-data,1,"raw/api/fetches/20260720T215546399Z/market-history/eth.json",1023,3AA89B93
liqwid-portable-data,1,"raw/api/fetches/20260720T215546399Z/market-history/eurc.json",1025,C5578D88
liqwid-portable-data,1,"raw/api/fetches/20260720T215546399Z/market-history/iag.json",1023,0B42E375
liqwid-portable-data,1,"raw/api/fetches/20260720T215546399Z/market-history/iusd.json",1025,7E02F69B
liqwid-portable-data,1,"raw/api/fetches/20260720T215546399Z/market-history/lq.json",1021,7B3E7FBC
liqwid-portable-data,1,"raw/api/fetches/20260720T215546399Z/market-history/min.json",1023,EFF98CDB
liqwid-portable-data,1,"raw/api/fetches/20260720T215546399Z/market-history/night.json",1027,EE59787D
liqwid-portable-data,1,"raw/api/fetches/20260720T215546399Z/market-history/pol.json",1023,0BEB9FD2
liqwid-portable-data,1,"raw/api/fetches/20260720T215546399Z/market-history/pyusd.json",1027,F775A57B
liqwid-portable-data,1,"raw/api/fetches/20260720T215546399Z/market-history/shen.json",1025,67E1F407
liqwid-portable-data,1,"raw/api/fetches/20260720T215546399Z/market-history/snek.json",1025,C907D3E8
liqwid-portable-data,1,"raw/api/fetches/20260720T215546399Z/market-history/usda.json",1025,C32AF5AE
liqwid-portable-data,1,"raw/api/fetches/20260720T215546399Z/market-history/usdc.json",1025,1DA17A70
liqwid-portable-data,1,"raw/api/fetches/20260720T215546399Z/market-history/usdcx-usdm-sundae-lp-stableswap.json",1079,D2D3F22A
liqwid-portable-data,1,"raw/api/fetches/20260720T215546399Z/market-history/usdcx.json",1027,9EC3A1BA
liqwid-portable-data,1,"raw/api/fetches/20260720T215546399Z/market-history/usdm-usda-minswap-lp-stable.json",1071,CF5CCACD
liqwid-portable-data,1,"raw/api/fetches/20260720T215546399Z/market-history/usdm.json",1025,6980DFA9
liqwid-portable-data,1,"raw/api/fetches/20260720T215546399Z/market-history/usdt.json",1025,88E04A09
liqwid-portable-data,1,"raw/api/fetches/20260720T215546399Z/market-history/wmt.json",1023,DF2D75E3
liqwid-portable-data,1,"raw/api/fetches/20260720T215546399Z/markets/page-0000.json",20080,45B46041
liqwid-portable-data,1,"raw/api/fetches/20260720T215546399Z/protocol-overview/monthly/2023-02-01.json",909,04AFEC85
liqwid-portable-data,1,"raw/api/fetches/20260720T215546399Z/protocol-overview/monthly/2026-07-01.json",927,FF22817A
liqwid-portable-data,1,"raw/api/fetches/20260720T222222046Z/loans/active-debt.json",304164,09286916
liqwid-portable-data,1,"raw/api/fetches/20260720T222222046Z/loans/all.json",398914,42F968F1
liqwid-portable-data,1,"raw/api/fetches/20260720T222222046Z/loans/collateral-bearing.json",397264,4180A32E
liqwid-portable-data,1,"raw/api/fetches/20260720T222222046Z/loans/liquidatable.json",17605,BDC234D6
liqwid-portable-data,1,"raw/api/fetches/20260720T222222046Z/market-history/ada.json",1023,12A5B375
liqwid-portable-data,1,"raw/api/fetches/20260720T222222046Z/market-history/agix.json",1025,770B0EAC
liqwid-portable-data,1,"raw/api/fetches/20260720T222222046Z/market-history/btc.json",1023,14415C19
liqwid-portable-data,1,"raw/api/fetches/20260720T222222046Z/market-history/copi.json",1025,9C7509AE
liqwid-portable-data,1,"raw/api/fetches/20260720T222222046Z/market-history/dai.json",1023,F37EE572
liqwid-portable-data,1,"raw/api/fetches/20260720T222222046Z/market-history/djed.json",1025,EBE4B6AD
liqwid-portable-data,1,"raw/api/fetches/20260720T222222046Z/market-history/erg.json",1023,44E5CB87
liqwid-portable-data,1,"raw/api/fetches/20260720T222222046Z/market-history/eth.json",1023,7F7237D5
liqwid-portable-data,1,"raw/api/fetches/20260720T222222046Z/market-history/eurc.json",1025,BC14CF12
liqwid-portable-data,1,"raw/api/fetches/20260720T222222046Z/market-history/iag.json",1023,4E984F33
liqwid-portable-data,1,"raw/api/fetches/20260720T222222046Z/market-history/iusd.json",1025,0741B401
liqwid-portable-data,1,"raw/api/fetches/20260720T222222046Z/market-history/lq.json",1021,8B5A417B
liqwid-portable-data,1,"raw/api/fetches/20260720T222222046Z/market-history/min.json",1023,AA23209D
liqwid-portable-data,1,"raw/api/fetches/20260720T222222046Z/market-history/night.json",1027,FD254312
liqwid-portable-data,1,"raw/api/fetches/20260720T222222046Z/market-history/pol.json",1023,4E313394
liqwid-portable-data,1,"raw/api/fetches/20260720T222222046Z/market-history/pyusd.json",1027,E4099E14
liqwid-portable-data,1,"raw/api/fetches/20260720T222222046Z/market-history/shen.json",1025,1EA2B69D
liqwid-portable-data,1,"raw/api/fetches/20260720T222222046Z/market-history/snek.json",1025,B0449172
liqwid-portable-data,1,"raw/api/fetches/20260720T222222046Z/market-history/usda.json",1025,BA69B734
liqwid-portable-data,1,"raw/api/fetches/20260720T222222046Z/market-history/usdc.json",1025,64E238EA
liqwid-portable-data,1,"raw/api/fetches/20260720T222222046Z/market-history/usdcx-usdm-sundae-lp-stableswap.json",1079,D22BBD6B
liqwid-portable-data,1,"raw/api/fetches/20260720T222222046Z/market-history/usdcx.json",1027,8DBF9AD5
liqwid-portable-data,1,"raw/api/fetches/20260720T222222046Z/market-history/usdm-usda-minswap-lp-stable.json",1071,C5F3144A
liqwid-portable-data,1,"raw/api/fetches/20260720T222222046Z/market-history/usdm.json",1025,10C39D33
liqwid-portable-data,1,"raw/api/fetches/20260720T222222046Z/market-history/usdt.json",1025,F1A30893
liqwid-portable-data,1,"raw/api/fetches/20260720T222222046Z/market-history/wmt.json",1023,9AF7D9A5
liqwid-portable-data,1,"raw/api/fetches/20260720T222222046Z/markets/page-0000.json",20093,2C241F5B
liqwid-portable-data,1,"raw/api/fetches/20260720T222222046Z/protocol-overview/monthly/2023-02-01.json",909,C9CE11CE
liqwid-portable-data,1,"raw/api/fetches/20260720T222222046Z/protocol-overview/monthly/2026-07-01.json",927,9BA5C121
liqwid-portable-data,1,"raw/api/fetches/20260720T223206092Z/loans/active-debt.json",304154,52D9ED95
liqwid-portable-data,1,"raw/api/fetches/20260720T223206092Z/loans/all.json",398904,08FD4CAF
liqwid-portable-data,1,"raw/api/fetches/20260720T223206092Z/loans/collateral-bearing.json",397254,41ED3DBD
liqwid-portable-data,1,"raw/api/fetches/20260720T223206092Z/loans/liquidatable.json",17598,F3825BAD
liqwid-portable-data,1,"raw/api/fetches/20260720T223206092Z/market-history/ada.json",1023,49C8245E
liqwid-portable-data,1,"raw/api/fetches/20260720T223206092Z/market-history/agix.json",1025,6F10AE4F
liqwid-portable-data,1,"raw/api/fetches/20260720T223206092Z/market-history/btc.json",1023,4F2CCB32
liqwid-portable-data,1,"raw/api/fetches/20260720T223206092Z/market-history/copi.json",1025,846EA94D
liqwid-portable-data,1,"raw/api/fetches/20260720T223206092Z/market-history/dai.json",1023,A8137259
liqwid-portable-data,1,"raw/api/fetches/20260720T223206092Z/market-history/djed.json",1025,F3FF164E
liqwid-portable-data,1,"raw/api/fetches/20260720T223206092Z/market-history/erg.json",1023,1F885CAC
liqwid-portable-data,1,"raw/api/fetches/20260720T223206092Z/market-history/eth.json",1023,241FA0FE
liqwid-portable-data,1,"raw/api/fetches/20260720T223206092Z/market-history/eurc.json",1025,A40F6FF1
liqwid-portable-data,1,"raw/api/fetches/20260720T223206092Z/market-history/iag.json",1023,15F5D818
liqwid-portable-data,1,"raw/api/fetches/20260720T223206092Z/market-history/iusd.json",1025,1F5A14E2
liqwid-portable-data,1,"raw/api/fetches/20260720T223206092Z/market-history/lq.json",1021,D416D083
liqwid-portable-data,1,"raw/api/fetches/20260720T223206092Z/market-history/min.json",1023,F14EB7B6
liqwid-portable-data,1,"raw/api/fetches/20260720T223206092Z/market-history/night.json",1027,5EA058CE
liqwid-portable-data,1,"raw/api/fetches/20260720T223206092Z/market-history/pol.json",1023,155CA4BF
liqwid-portable-data,1,"raw/api/fetches/20260720T223206092Z/market-history/pyusd.json",1027,478C85C8
liqwid-portable-data,1,"raw/api/fetches/20260720T223206092Z/market-history/shen.json",1025,06B9167E
liqwid-portable-data,1,"raw/api/fetches/20260720T223206092Z/market-history/snek.json",1025,A85F3191
liqwid-portable-data,1,"raw/api/fetches/20260720T223206092Z/market-history/usda.json",1025,A27217D7
liqwid-portable-data,1,"raw/api/fetches/20260720T223206092Z/market-history/usdc.json",1025,7CF99809
liqwid-portable-data,1,"raw/api/fetches/20260720T223206092Z/market-history/usdcx-usdm-sundae-lp-stableswap.json",1079,C763B3F0
liqwid-portable-data,1,"raw/api/fetches/20260720T223206092Z/market-history/usdcx.json",1027,2E3A8109
liqwid-portable-data,1,"raw/api/fetches/20260720T223206092Z/market-history/usdm-usda-minswap-lp-stable.json",1071,678DFC77
liqwid-portable-data,1,"raw/api/fetches/20260720T223206092Z/market-history/usdm.json",1025,08D83DD0
liqwid-portable-data,1,"raw/api/fetches/20260720T223206092Z/market-history/usdt.json",1025,E9B8A870
liqwid-portable-data,1,"raw/api/fetches/20260720T223206092Z/market-history/wmt.json",1023,C19A4E8E
liqwid-portable-data,1,"raw/api/fetches/20260720T223206092Z/markets/page-0000.json",20090,92D956CD
liqwid-portable-data,1,"raw/api/fetches/20260720T223206092Z/protocol-overview/monthly/2023-02-01.json",909,9F959B3A
liqwid-portable-data,1,"raw/api/fetches/20260720T223206092Z/protocol-overview/monthly/2026-07-01.json",927,414FA346
liqwid-portable-data,1,"raw/api/fetches/20260720T224600080Z/loans/active-debt.json",302893,B4D12968
liqwid-portable-data,1,"raw/api/fetches/20260720T224600080Z/loans/all.json",397648,D13B627C
liqwid-portable-data,1,"raw/api/fetches/20260720T224600080Z/loans/collateral-bearing.json",395998,66AC7FFD
liqwid-portable-data,1,"raw/api/fetches/20260720T224600080Z/loans/liquidatable.json",17592,C842DC26
liqwid-portable-data,1,"raw/api/fetches/20260720T224600080Z/market-history/ada.json",1023,073E8C00
liqwid-portable-data,1,"raw/api/fetches/20260720T224600080Z/market-history/agix.json",1025,9325BBB9
liqwid-portable-data,1,"raw/api/fetches/20260720T224600080Z/market-history/btc.json",1023,01DA636C
liqwid-portable-data,1,"raw/api/fetches/20260720T224600080Z/market-history/copi.json",1025,785BBCBB
liqwid-portable-data,1,"raw/api/fetches/20260720T224600080Z/market-history/dai.json",1023,E6E5DA07
liqwid-portable-data,1,"raw/api/fetches/20260720T224600080Z/market-history/djed.json",1025,0FCA03B8
liqwid-portable-data,1,"raw/api/fetches/20260720T224600080Z/market-history/erg.json",1023,517EF4F2
liqwid-portable-data,1,"raw/api/fetches/20260720T224600080Z/market-history/eth.json",1023,6AE908A0
liqwid-portable-data,1,"raw/api/fetches/20260720T224600080Z/market-history/eurc.json",1025,583A7A07
liqwid-portable-data,1,"raw/api/fetches/20260720T224600080Z/market-history/iag.json",1023,5B037046
liqwid-portable-data,1,"raw/api/fetches/20260720T224600080Z/market-history/iusd.json",1025,E36F0114
liqwid-portable-data,1,"raw/api/fetches/20260720T224600080Z/market-history/lq.json",1021,9D1C7CD0
liqwid-portable-data,1,"raw/api/fetches/20260720T224600080Z/market-history/min.json",1023,BFB81FE8
liqwid-portable-data,1,"raw/api/fetches/20260720T224600080Z/market-history/night.json",1027,719B062B
liqwid-portable-data,1,"raw/api/fetches/20260720T224600080Z/market-history/pol.json",1023,5BAA0CE1
liqwid-portable-data,1,"raw/api/fetches/20260720T224600080Z/market-history/pyusd.json",1027,68B7DB2D
liqwid-portable-data,1,"raw/api/fetches/20260720T224600080Z/market-history/shen.json",1025,FA8C0388
liqwid-portable-data,1,"raw/api/fetches/20260720T224600080Z/market-history/snek.json",1025,546A2467
liqwid-portable-data,1,"raw/api/fetches/20260720T224600080Z/market-history/usda.json",1025,5E470221
liqwid-portable-data,1,"raw/api/fetches/20260720T224600080Z/market-history/usdc.json",1025,80CC8DFF
liqwid-portable-data,1,"raw/api/fetches/20260720T224600080Z/market-history/usdcx-usdm-sundae-lp-stableswap.json",1079,5D5D1699
liqwid-portable-data,1,"raw/api/fetches/20260720T224600080Z/market-history/usdcx.json",1027,0101DFEC
liqwid-portable-data,1,"raw/api/fetches/20260720T224600080Z/market-history/usdm-usda-minswap-lp-stable.json",1071,FEAB79CA
liqwid-portable-data,1,"raw/api/fetches/20260720T224600080Z/market-history/usdm.json",1025,F4ED2826
liqwid-portable-data,1,"raw/api/fetches/20260720T224600080Z/market-history/usdt.json",1025,158DBD86
liqwid-portable-data,1,"raw/api/fetches/20260720T224600080Z/market-history/wmt.json",1023,8F6CE6D0
liqwid-portable-data,1,"raw/api/fetches/20260720T224600080Z/markets/page-0000.json",20087,D57CBFF8
liqwid-portable-data,1,"raw/api/fetches/20260720T224600080Z/protocol-overview/monthly/2023-02-01.json",909,955E5DAA
liqwid-portable-data,1,"raw/api/fetches/20260720T224600080Z/protocol-overview/monthly/2026-07-01.json",927,CE2E4D6E
liqwid-portable-data,1,"raw/api/fetches/20260720T230739436Z/loans/active-debt.json",302654,37B1F5B6
liqwid-portable-data,1,"raw/api/fetches/20260720T230739436Z/loans/all.json",397405,2638CD9D
liqwid-portable-data,1,"raw/api/fetches/20260720T230739436Z/loans/collateral-bearing.json",395562,068B1EC6
liqwid-portable-data,1,"raw/api/fetches/20260720T230739436Z/loans/liquidatable.json",17365,31B6A16F
liqwid-portable-data,1,"raw/api/fetches/20260720T230739436Z/market-history/ada.json",1023,37DBEB4E
liqwid-portable-data,1,"raw/api/fetches/20260720T230739436Z/market-history/agix.json",1025,2E091D2C
liqwid-portable-data,1,"raw/api/fetches/20260720T230739436Z/market-history/btc.json",1023,313F0422
liqwid-portable-data,1,"raw/api/fetches/20260720T230739436Z/market-history/copi.json",1025,C5771A2E
liqwid-portable-data,1,"raw/api/fetches/20260720T230739436Z/market-history/dai.json",1023,D600BD49
liqwid-portable-data,1,"raw/api/fetches/20260720T230739436Z/market-history/djed.json",1025,B2E6A52D
liqwid-portable-data,1,"raw/api/fetches/20260720T230739436Z/market-history/erg.json",1023,619B93BC
liqwid-portable-data,1,"raw/api/fetches/20260720T230739436Z/market-history/eth.json",1023,5A0C6FEE
liqwid-portable-data,1,"raw/api/fetches/20260720T230739436Z/market-history/eurc.json",1025,E516DC92
liqwid-portable-data,1,"raw/api/fetches/20260720T230739436Z/market-history/iag.json",1023,6BE61708
liqwid-portable-data,1,"raw/api/fetches/20260720T230739436Z/market-history/iusd.json",1025,5E43A781
liqwid-portable-data,1,"raw/api/fetches/20260720T230739436Z/market-history/lq.json",1021,00CAAFA0
liqwid-portable-data,1,"raw/api/fetches/20260720T230739436Z/market-history/min.json",1023,8F5D78A6
liqwid-portable-data,1,"raw/api/fetches/20260720T230739436Z/market-history/night.json",1027,4218C385
liqwid-portable-data,1,"raw/api/fetches/20260720T230739436Z/market-history/pol.json",1023,6B4F6BAF
liqwid-portable-data,1,"raw/api/fetches/20260720T230739436Z/market-history/pyusd.json",1027,5B341E83
liqwid-portable-data,1,"raw/api/fetches/20260720T230739436Z/market-history/shen.json",1025,47A0A51D
liqwid-portable-data,1,"raw/api/fetches/20260720T230739436Z/market-history/snek.json",1025,E94682F2
liqwid-portable-data,1,"raw/api/fetches/20260720T230739436Z/market-history/usda.json",1025,E36BA4B4
liqwid-portable-data,1,"raw/api/fetches/20260720T230739436Z/market-history/usdc.json",1025,3DE02B6A
liqwid-portable-data,1,"raw/api/fetches/20260720T230739436Z/market-history/usdcx-usdm-sundae-lp-stableswap.json",1079,BF1825FF
liqwid-portable-data,1,"raw/api/fetches/20260720T230739436Z/market-history/usdcx.json",1027,32821A42
liqwid-portable-data,1,"raw/api/fetches/20260720T230739436Z/market-history/usdm-usda-minswap-lp-stable.json",1071,BB9F7EBE
liqwid-portable-data,1,"raw/api/fetches/20260720T230739436Z/market-history/usdm.json",1025,49C18EB3
liqwid-portable-data,1,"raw/api/fetches/20260720T230739436Z/market-history/usdt.json",1025,A8A11B13
liqwid-portable-data,1,"raw/api/fetches/20260720T230739436Z/market-history/wmt.json",1023,BF89819E
liqwid-portable-data,1,"raw/api/fetches/20260720T230739436Z/markets/page-0000.json",20087,D1DAD4FC
liqwid-portable-data,1,"raw/api/fetches/20260720T230739436Z/protocol-overview/monthly/2023-02-01.json",909,D84DFDF0
liqwid-portable-data,1,"raw/api/fetches/20260720T230739436Z/protocol-overview/monthly/2026-07-01.json",927,25B0DE96
liqwid-portable-data,1,"raw/api/fetches/20260721T060224574Z/loans/active-debt.json",303419,169822E4
liqwid-portable-data,1,"raw/api/fetches/20260721T060224574Z/loans/all.json",398169,789D429B
liqwid-portable-data,1,"raw/api/fetches/20260721T060224574Z/loans/collateral-bearing.json",395951,11B99A2F
liqwid-portable-data,1,"raw/api/fetches/20260721T060224574Z/loans/liquidatable.json",15828,100E8B39
liqwid-portable-data,1,"raw/api/fetches/20260721T060224574Z/market-history/ada.json",1023,21E5A612
liqwid-portable-data,1,"raw/api/fetches/20260721T060224574Z/market-history/agix.json",1025,682EBC43
liqwid-portable-data,1,"raw/api/fetches/20260721T060224574Z/market-history/btc.json",1023,2701497E
liqwid-portable-data,1,"raw/api/fetches/20260721T060224574Z/market-history/copi.json",1025,8350BB41
liqwid-portable-data,1,"raw/api/fetches/20260721T060224574Z/market-history/dai.json",1023,C03EF015
liqwid-portable-data,1,"raw/api/fetches/20260721T060224574Z/market-history/djed.json",1025,F4C10442
liqwid-portable-data,1,"raw/api/fetches/20260721T060224574Z/market-history/erg.json",1023,77A5DEE0
liqwid-portable-data,1,"raw/api/fetches/20260721T060224574Z/market-history/eth.json",1023,4C3222B2
liqwid-portable-data,1,"raw/api/fetches/20260721T060224574Z/market-history/eurc.json",1025,A3317DFD
liqwid-portable-data,1,"raw/api/fetches/20260721T060224574Z/market-history/iag.json",1023,7DD85A54
liqwid-portable-data,1,"raw/api/fetches/20260721T060224574Z/market-history/iusd.json",1025,186406EE
liqwid-portable-data,1,"raw/api/fetches/20260721T060224574Z/market-history/lq.json",1021,E79AF0AD
liqwid-portable-data,1,"raw/api/fetches/20260721T060224574Z/market-history/min.json",1023,996335FA
liqwid-portable-data,1,"raw/api/fetches/20260721T060224574Z/market-history/night.json",1027,59E8F990
liqwid-portable-data,1,"raw/api/fetches/20260721T060224574Z/market-history/pol.json",1023,7D7126F3
liqwid-portable-data,1,"raw/api/fetches/20260721T060224574Z/market-history/pyusd.json",1027,40C42496
liqwid-portable-data,1,"raw/api/fetches/20260721T060224574Z/market-history/shen.json",1025,01870472
liqwid-portable-data,1,"raw/api/fetches/20260721T060224574Z/market-history/snek.json",1025,AF61239D
liqwid-portable-data,1,"raw/api/fetches/20260721T060224574Z/market-history/usda.json",1025,A54C05DB
liqwid-portable-data,1,"raw/api/fetches/20260721T060224574Z/market-history/usdc.json",1025,7BC78A05
liqwid-portable-data,1,"raw/api/fetches/20260721T060224574Z/market-history/usdcx-usdm-sundae-lp-stableswap.json",1079,E26F6F9E
liqwid-portable-data,1,"raw/api/fetches/20260721T060224574Z/market-history/usdcx.json",1027,29722057
liqwid-portable-data,1,"raw/api/fetches/20260721T060224574Z/market-history/usdm-usda-minswap-lp-stable.json",1071,6779817B
liqwid-portable-data,1,"raw/api/fetches/20260721T060224574Z/market-history/usdm.json",1025,0FE62FDC
liqwid-portable-data,1,"raw/api/fetches/20260721T060224574Z/market-history/usdt.json",1025,EE86BA7C
liqwid-portable-data,1,"raw/api/fetches/20260721T060224574Z/market-history/wmt.json",1023,A9B7CCC2
liqwid-portable-data,1,"raw/api/fetches/20260721T060224574Z/market-params-history/ada.json",1437,CBBE085D
liqwid-portable-data,1,"raw/api/fetches/20260721T060224574Z/market-params-history/agix.json",1435,2CA3DCE4
liqwid-portable-data,1,"raw/api/fetches/20260721T060224574Z/market-params-history/btc.json",1385,5719B116
liqwid-portable-data,1,"raw/api/fetches/20260721T060224574Z/market-params-history/copi.json",1389,064DAD33
liqwid-portable-data,1,"raw/api/fetches/20260721T060224574Z/market-params-history/dai.json",1418,38F10981
liqwid-portable-data,1,"raw/api/fetches/20260721T060224574Z/market-params-history/djed.json",1428,F2A5E86E
liqwid-portable-data,1,"raw/api/fetches/20260721T060224574Z/market-params-history/erg.json",1385,CBC33221
liqwid-portable-data,1,"raw/api/fetches/20260721T060224574Z/market-params-history/eth.json",1385,4000569E
liqwid-portable-data,1,"raw/api/fetches/20260721T060224574Z/market-params-history/eurc.json",1420,F7211685
liqwid-portable-data,1,"raw/api/fetches/20260721T060224574Z/market-params-history/iag.json",1387,DCA4B527
liqwid-portable-data,1,"raw/api/fetches/20260721T060224574Z/market-params-history/iusd.json",1426,1C1100B4
liqwid-portable-data,1,"raw/api/fetches/20260721T060224574Z/market-params-history/lq.json",1275,BEFED958
liqwid-portable-data,1,"raw/api/fetches/20260721T060224574Z/market-params-history/min.json",1388,01CA5F1A
liqwid-portable-data,1,"raw/api/fetches/20260721T060224574Z/market-params-history/night.json",1393,D5A0A24B
liqwid-portable-data,1,"raw/api/fetches/20260721T060224574Z/market-params-history/pol.json",1284,6DC6C900
liqwid-portable-data,1,"raw/api/fetches/20260721T060224574Z/market-params-history/pyusd.json",1422,452A15F1
liqwid-portable-data,1,"raw/api/fetches/20260721T060224574Z/market-params-history/shen.json",1389,598DF384
liqwid-portable-data,1,"raw/api/fetches/20260721T060224574Z/market-params-history/snek.json",1391,EE532445
liqwid-portable-data,1,"raw/api/fetches/20260721T060224574Z/market-params-history/usda.json",1421,9C7C9885
liqwid-portable-data,1,"raw/api/fetches/20260721T060224574Z/market-params-history/usdc.json",1418,A685762E
liqwid-portable-data,1,"raw/api/fetches/20260721T060224574Z/market-params-history/usdcx-usdm-sundae-lp-stableswap.json",1471,136A9BD4
liqwid-portable-data,1,"raw/api/fetches/20260721T060224574Z/market-params-history/usdcx.json",1417,D7C9603A
liqwid-portable-data,1,"raw/api/fetches/20260721T060224574Z/market-params-history/usdm-usda-minswap-lp-stable.json",1426,617B70CC
liqwid-portable-data,1,"raw/api/fetches/20260721T060224574Z/market-params-history/usdm.json",1422,53E523CD
liqwid-portable-data,1,"raw/api/fetches/20260721T060224574Z/market-params-history/usdt.json",1418,F16A9547
liqwid-portable-data,1,"raw/api/fetches/20260721T060224574Z/market-params-history/wmt.json",1394,9E8B08B9
liqwid-portable-data,1,"raw/api/fetches/20260721T060224574Z/markets/page-0000.json",20106,9F90B585
liqwid-portable-data,1,"raw/api/fetches/20260721T060224574Z/protocol-overview/monthly/2023-02-01.json",909,15104BC5
liqwid-portable-data,1,"raw/api/fetches/20260721T060224574Z/protocol-overview/monthly/2026-07-01.json",927,2F84FFC9
liqwid-portable-data,1,"raw/api/fetches/20260721T090605501Z/loans/active-debt.json",301877,24E514AC
liqwid-portable-data,1,"raw/api/fetches/20260721T090605501Z/loans/all.json",396643,9D786A97
liqwid-portable-data,1,"raw/api/fetches/20260721T090605501Z/loans/collateral-bearing.json",394422,252DAD0B
liqwid-portable-data,1,"raw/api/fetches/20260721T090605501Z/loans/liquidatable.json",15423,D389D9EA
liqwid-portable-data,1,"raw/api/fetches/20260721T090605501Z/market-history/ada.json",1655,4147207F
liqwid-portable-data,1,"raw/api/fetches/20260721T090605501Z/market-history/agix.json",1506,91B2BAFE
liqwid-portable-data,1,"raw/api/fetches/20260721T090605501Z/market-history/btc.json",1584,843FA9CE
liqwid-portable-data,1,"raw/api/fetches/20260721T090605501Z/market-history/copi.json",1549,A9A16658
liqwid-portable-data,1,"raw/api/fetches/20260721T090605501Z/market-history/dai.json",1580,CFC1DA7F
liqwid-portable-data,1,"raw/api/fetches/20260721T090605501Z/market-history/djed.json",1660,1D9572A0
liqwid-portable-data,1,"raw/api/fetches/20260721T090605501Z/market-history/erg.json",1659,6C8B39D5
liqwid-portable-data,1,"raw/api/fetches/20260721T090605501Z/market-history/eth.json",1587,11955B67
liqwid-portable-data,1,"raw/api/fetches/20260721T090605501Z/market-history/eurc.json",1502,151E07E2
liqwid-portable-data,1,"raw/api/fetches/20260721T090605501Z/market-history/iag.json",1604,90F6CFDF
liqwid-portable-data,1,"raw/api/fetches/20260721T090605501Z/market-history/iusd.json",1659,1876EF6C
liqwid-portable-data,1,"raw/api/fetches/20260721T090605501Z/market-history/lq.json",1503,ABE5667D
liqwid-portable-data,1,"raw/api/fetches/20260721T090605501Z/market-history/min.json",1609,D3511BCD
liqwid-portable-data,1,"raw/api/fetches/20260721T090605501Z/market-history/night.json",1662,8C34174C
liqwid-portable-data,1,"raw/api/fetches/20260721T090605501Z/market-history/pol.json",1505,338764C1
liqwid-portable-data,1,"raw/api/fetches/20260721T090605501Z/market-history/pyusd.json",1484,3181A41A
liqwid-portable-data,1,"raw/api/fetches/20260721T090605501Z/market-history/shen.json",1600,6F6897D3
liqwid-portable-data,1,"raw/api/fetches/20260721T090605501Z/market-history/snek.json",1575,43CBB3A9
liqwid-portable-data,1,"raw/api/fetches/20260721T090605501Z/market-history/usda.json",1638,47FA51FF
liqwid-portable-data,1,"raw/api/fetches/20260721T090605501Z/market-history/usdc.json",1671,2E82A639
liqwid-portable-data,1,"raw/api/fetches/20260721T090605501Z/market-history/usdcx-usdm-sundae-lp-stableswap.json",1678,7EE53561
liqwid-portable-data,1,"raw/api/fetches/20260721T090605501Z/market-history/usdcx.json",1635,91FE5D47
liqwid-portable-data,1,"raw/api/fetches/20260721T090605501Z/market-history/usdm-usda-minswap-lp-stable.json",1531,2A10068A
liqwid-portable-data,1,"raw/api/fetches/20260721T090605501Z/market-history/usdm.json",1631,4CADF095
liqwid-portable-data,1,"raw/api/fetches/20260721T090605501Z/market-history/usdt.json",1625,B2C35F30
liqwid-portable-data,1,"raw/api/fetches/20260721T090605501Z/market-history/wmt.json",1536,5E86CA7B
liqwid-portable-data,1,"raw/api/fetches/20260721T090605501Z/markets/page-0000.json",20072,02D0946D
liqwid-portable-data,1,"raw/api/fetches/20260721T090605501Z/protocol-fees/daily/2026-07-20.json",1279,1B2775AA
liqwid-portable-data,1,"raw/api/fetches/20260721T090605501Z/protocol-overview/daily/2026-07-20.json",944,3B561B6A
liqwid-portable-data,1,"raw/api/fetches/20260721T090605501Z/protocol-overview/monthly/2023-02-01.json",909,40E47A48
liqwid-portable-data,1,"raw/api/fetches/20260721T090605501Z/protocol-overview/monthly/2026-07-01.json",926,73C26F1F
liqwid-portable-data,1,"raw/api/fetches/20260721T103839107Z/loans/active-debt.json",302343,57D1A87F
liqwid-portable-data,1,"raw/api/fetches/20260721T103839107Z/loans/all.json",397120,895EB8FB
liqwid-portable-data,1,"raw/api/fetches/20260721T103839107Z/loans/collateral-bearing.json",394901,679A3257
liqwid-portable-data,1,"raw/api/fetches/20260721T103839107Z/loans/liquidatable.json",15425,B4F1D48B
liqwid-portable-data,1,"raw/api/fetches/20260721T103839107Z/market-history/ada.json",1023,6CD499C8
liqwid-portable-data,1,"raw/api/fetches/20260721T103839107Z/market-history/agix.json",1025,66E8D10A
liqwid-portable-data,1,"raw/api/fetches/20260721T103839107Z/market-history/btc.json",1023,6A3076A4
liqwid-portable-data,1,"raw/api/fetches/20260721T103839107Z/market-history/copi.json",1025,8D96D608
liqwid-portable-data,1,"raw/api/fetches/20260721T103839107Z/market-history/dai.json",1023,8D0FCFCF
liqwid-portable-data,1,"raw/api/fetches/20260721T103839107Z/market-history/djed.json",1025,FA07690B
liqwid-portable-data,1,"raw/api/fetches/20260721T103839107Z/market-history/erg.json",1023,3A94E13A
liqwid-portable-data,1,"raw/api/fetches/20260721T103839107Z/market-history/eth.json",1023,01031D68
liqwid-portable-data,1,"raw/api/fetches/20260721T103839107Z/market-history/eurc.json",1025,ADF710B4
liqwid-portable-data,1,"raw/api/fetches/20260721T103839107Z/market-history/iag.json",1023,30E9658E
liqwid-portable-data,1,"raw/api/fetches/20260721T103839107Z/market-history/iusd.json",1025,16A26BA7
liqwid-portable-data,1,"raw/api/fetches/20260721T103839107Z/market-history/lq.json",1021,75C70470
liqwid-portable-data,1,"raw/api/fetches/20260721T103839107Z/market-history/min.json",1023,D4520A20
liqwid-portable-data,1,"raw/api/fetches/20260721T103839107Z/market-history/night.json",1027,88273E2F
liqwid-portable-data,1,"raw/api/fetches/20260721T103839107Z/market-history/pol.json",1023,30401929
liqwid-portable-data,1,"raw/api/fetches/20260721T103839107Z/market-history/pyusd.json",1027,910BE329
liqwid-portable-data,1,"raw/api/fetches/20260721T103839107Z/market-history/shen.json",1025,0F41693B
liqwid-portable-data,1,"raw/api/fetches/20260721T103839107Z/market-history/snek.json",1025,A1A74ED4
liqwid-portable-data,1,"raw/api/fetches/20260721T103839107Z/market-history/usda.json",1025,AB8A6892
liqwid-portable-data,1,"raw/api/fetches/20260721T103839107Z/market-history/usdc.json",1025,7501E74C
liqwid-portable-data,1,"raw/api/fetches/20260721T103839107Z/market-history/usdcx-usdm-sundae-lp-stableswap.json",1079,E81998D3
liqwid-portable-data,1,"raw/api/fetches/20260721T103839107Z/market-history/usdcx.json",1027,F8BDE7E8
liqwid-portable-data,1,"raw/api/fetches/20260721T103839107Z/market-history/usdm-usda-minswap-lp-stable.json",1071,025EE6BD
liqwid-portable-data,1,"raw/api/fetches/20260721T103839107Z/market-history/usdm.json",1025,01204295
liqwid-portable-data,1,"raw/api/fetches/20260721T103839107Z/market-history/usdt.json",1025,E040D735
liqwid-portable-data,1,"raw/api/fetches/20260721T103839107Z/market-history/wmt.json",1023,E486F318
liqwid-portable-data,1,"raw/api/fetches/20260721T103839107Z/markets/page-0000.json",20102,323CC181
liqwid-portable-data,1,"raw/api/fetches/20260721T103839107Z/protocol-overview/monthly/2023-02-01.json",909,BC3C2AFD
liqwid-portable-data,1,"raw/api/fetches/20260721T103839107Z/protocol-overview/monthly/2026-07-01.json",926,80353E1C
liqwid-portable-data,1,"raw/api/fetches/20260721T124037408Z/loans/active-debt.json",301961,DE9CA539
liqwid-portable-data,1,"raw/api/fetches/20260721T124037408Z/loans/all.json",396722,CF7263C3
liqwid-portable-data,1,"raw/api/fetches/20260721T124037408Z/loans/collateral-bearing.json",394501,32F4658C
liqwid-portable-data,1,"raw/api/fetches/20260721T124037408Z/loans/liquidatable.json",15421,924DCB1F
liqwid-portable-data,1,"raw/api/fetches/20260721T124037408Z/market-history/ada.json",1023,9D05FC51
liqwid-portable-data,1,"raw/api/fetches/20260721T124037408Z/market-history/agix.json",1025,FBB3845F
liqwid-portable-data,1,"raw/api/fetches/20260721T124037408Z/market-history/btc.json",1023,9BE1133D
liqwid-portable-data,1,"raw/api/fetches/20260721T124037408Z/market-history/copi.json",1025,10CD835D
liqwid-portable-data,1,"raw/api/fetches/20260721T124037408Z/market-history/dai.json",1023,7CDEAA56
liqwid-portable-data,1,"raw/api/fetches/20260721T124037408Z/market-history/djed.json",1025,675C3C5E
liqwid-portable-data,1,"raw/api/fetches/20260721T124037408Z/market-history/erg.json",1023,CB4584A3
liqwid-portable-data,1,"raw/api/fetches/20260721T124037408Z/market-history/eth.json",1023,F0D278F1
liqwid-portable-data,1,"raw/api/fetches/20260721T124037408Z/market-history/eurc.json",1025,30AC45E1
liqwid-portable-data,1,"raw/api/fetches/20260721T124037408Z/market-history/iag.json",1023,C1380017
liqwid-portable-data,1,"raw/api/fetches/20260721T124037408Z/market-history/iusd.json",1025,8BF93EF2
liqwid-portable-data,1,"raw/api/fetches/20260721T124037408Z/market-history/lq.json",1021,F24BC6B7
liqwid-portable-data,1,"raw/api/fetches/20260721T124037408Z/market-history/min.json",1023,25836FB9
liqwid-portable-data,1,"raw/api/fetches/20260721T124037408Z/market-history/night.json",1027,54EAAF1E
liqwid-portable-data,1,"raw/api/fetches/20260721T124037408Z/market-history/pol.json",1023,C1917CB0
liqwid-portable-data,1,"raw/api/fetches/20260721T124037408Z/market-history/pyusd.json",1027,4DC67218
liqwid-portable-data,1,"raw/api/fetches/20260721T124037408Z/market-history/shen.json",1025,921A3C6E
liqwid-portable-data,1,"raw/api/fetches/20260721T124037408Z/market-history/snek.json",1025,3CFC1B81
liqwid-portable-data,1,"raw/api/fetches/20260721T124037408Z/market-history/usda.json",1025,36D13DC7
liqwid-portable-data,1,"raw/api/fetches/20260721T124037408Z/market-history/usdc.json",1025,E85AB219
liqwid-portable-data,1,"raw/api/fetches/20260721T124037408Z/market-history/usdcx-usdm-sundae-lp-stableswap.json",1079,E6418041
liqwid-portable-data,1,"raw/api/fetches/20260721T124037408Z/market-history/usdcx.json",1027,247076D9
liqwid-portable-data,1,"raw/api/fetches/20260721T124037408Z/market-history/usdm-usda-minswap-lp-stable.json",1071,E08782DB
liqwid-portable-data,1,"raw/api/fetches/20260721T124037408Z/market-history/usdm.json",1025,9C7B17C0
liqwid-portable-data,1,"raw/api/fetches/20260721T124037408Z/market-history/usdt.json",1025,7D1B8260
liqwid-portable-data,1,"raw/api/fetches/20260721T124037408Z/market-history/wmt.json",1023,15579681
liqwid-portable-data,1,"raw/api/fetches/20260721T124037408Z/markets/page-0000.json",20090,B8272DAF
liqwid-portable-data,1,"raw/api/fetches/20260721T124037408Z/protocol-overview/monthly/2023-02-01.json",909,17ABA88A
liqwid-portable-data,1,"raw/api/fetches/20260721T124037408Z/protocol-overview/monthly/2026-07-01.json",926,8F85888A
liqwid-portable-data,1,"raw/api/fetches/20260721T142846068Z/loans/active-debt.json",302361,33BCF279
liqwid-portable-data,1,"raw/api/fetches/20260721T142846068Z/loans/all.json",397118,B401EF45
liqwid-portable-data,1,"raw/api/fetches/20260721T142846068Z/loans/collateral-bearing.json",394896,C197C62A
liqwid-portable-data,1,"raw/api/fetches/20260721T142846068Z/loans/liquidatable.json",14992,F29C2C5B
liqwid-portable-data,1,"raw/api/fetches/20260721T142846068Z/market-history/ada.json",1023,7BC1C16A
liqwid-portable-data,1,"raw/api/fetches/20260721T142846068Z/market-history/agix.json",1025,9F69C1B2
liqwid-portable-data,1,"raw/api/fetches/20260721T142846068Z/market-history/btc.json",1023,7D252E06
liqwid-portable-data,1,"raw/api/fetches/20260721T142846068Z/market-history/copi.json",1025,7417C6B0
liqwid-portable-data,1,"raw/api/fetches/20260721T142846068Z/market-history/dai.json",1023,9A1A976D
liqwid-portable-data,1,"raw/api/fetches/20260721T142846068Z/market-history/djed.json",1025,038679B3
liqwid-portable-data,1,"raw/api/fetches/20260721T142846068Z/market-history/erg.json",1023,2D81B998
liqwid-portable-data,1,"raw/api/fetches/20260721T142846068Z/market-history/eth.json",1023,161645CA
liqwid-portable-data,1,"raw/api/fetches/20260721T142846068Z/market-history/eurc.json",1025,5476000C
liqwid-portable-data,1,"raw/api/fetches/20260721T142846068Z/market-history/iag.json",1023,27FC3D2C
liqwid-portable-data,1,"raw/api/fetches/20260721T142846068Z/market-history/iusd.json",1025,EF237B1F
liqwid-portable-data,1,"raw/api/fetches/20260721T142846068Z/market-history/lq.json",1021,F457E853
liqwid-portable-data,1,"raw/api/fetches/20260721T142846068Z/market-history/min.json",1023,C3475282
liqwid-portable-data,1,"raw/api/fetches/20260721T142846068Z/market-history/night.json",1027,B98CF37A
liqwid-portable-data,1,"raw/api/fetches/20260721T142846068Z/market-history/pol.json",1023,2755418B
liqwid-portable-data,1,"raw/api/fetches/20260721T142846068Z/market-history/pyusd.json",1027,A0A02E7C
liqwid-portable-data,1,"raw/api/fetches/20260721T142846068Z/market-history/shen.json",1025,F6C07983
liqwid-portable-data,1,"raw/api/fetches/20260721T142846068Z/market-history/snek.json",1025,58265E6C
liqwid-portable-data,1,"raw/api/fetches/20260721T142846068Z/market-history/usda.json",1025,520B782A
liqwid-portable-data,1,"raw/api/fetches/20260721T142846068Z/market-history/usdc.json",1025,8C80F7F4
liqwid-portable-data,1,"raw/api/fetches/20260721T142846068Z/market-history/usdcx-usdm-sundae-lp-stableswap.json",1079,933BC244
liqwid-portable-data,1,"raw/api/fetches/20260721T142846068Z/market-history/usdcx.json",1027,C9162ABD
liqwid-portable-data,1,"raw/api/fetches/20260721T142846068Z/market-history/usdm-usda-minswap-lp-stable.json",1071,0C56C47A
liqwid-portable-data,1,"raw/api/fetches/20260721T142846068Z/market-history/usdm.json",1025,F8A1522D
liqwid-portable-data,1,"raw/api/fetches/20260721T142846068Z/market-history/usdt.json",1025,19C1C78D
liqwid-portable-data,1,"raw/api/fetches/20260721T142846068Z/market-history/wmt.json",1023,F393ABBA
liqwid-portable-data,1,"raw/api/fetches/20260721T142846068Z/markets/page-0000.json",20095,EA6C5629
liqwid-portable-data,1,"raw/api/fetches/20260721T142846068Z/protocol-overview/monthly/2023-02-01.json",909,51FCD921
liqwid-portable-data,1,"raw/api/fetches/20260721T142846068Z/protocol-overview/monthly/2026-07-01.json",926,73CD1065
liqwid-portable-data,1,"raw/api/fetches/20260721T155713560Z/loans/active-debt.json",302908,7450D5E6
liqwid-portable-data,1,"raw/api/fetches/20260721T155713560Z/loans/all.json",397641,16E4FE20
liqwid-portable-data,1,"raw/api/fetches/20260721T155713560Z/loans/collateral-bearing.json",395420,1E109147
liqwid-portable-data,1,"raw/api/fetches/20260721T155713560Z/loans/liquidatable.json",14106,800269D8
liqwid-portable-data,1,"raw/api/fetches/20260721T155713560Z/market-history/ada.json",1023,1CF2FB25
liqwid-portable-data,1,"raw/api/fetches/20260721T155713560Z/market-history/agix.json",1025,2E842CF9
liqwid-portable-data,1,"raw/api/fetches/20260721T155713560Z/market-history/btc.json",1023,1A161449
liqwid-portable-data,1,"raw/api/fetches/20260721T155713560Z/market-history/copi.json",1025,C5FA2BFB
liqwid-portable-data,1,"raw/api/fetches/20260721T155713560Z/market-history/dai.json",1023,FD29AD22
liqwid-portable-data,1,"raw/api/fetches/20260721T155713560Z/market-history/djed.json",1025,B26B94F8
liqwid-portable-data,1,"raw/api/fetches/20260721T155713560Z/market-history/erg.json",1023,4AB283D7
liqwid-portable-data,1,"raw/api/fetches/20260721T155713560Z/market-history/eth.json",1023,71257F85
liqwid-portable-data,1,"raw/api/fetches/20260721T155713560Z/market-history/eurc.json",1025,E59BED47
liqwid-portable-data,1,"raw/api/fetches/20260721T155713560Z/market-history/iag.json",1023,40CF0763
liqwid-portable-data,1,"raw/api/fetches/20260721T155713560Z/market-history/iusd.json",1025,5ECE9654
liqwid-portable-data,1,"raw/api/fetches/20260721T155713560Z/market-history/lq.json",1021,8AB55F51
liqwid-portable-data,1,"raw/api/fetches/20260721T155713560Z/market-history/min.json",1023,A47468CD
liqwid-portable-data,1,"raw/api/fetches/20260721T155713560Z/market-history/night.json",1027,74BA4A9C
liqwid-portable-data,1,"raw/api/fetches/20260721T155713560Z/market-history/pol.json",1023,40667BC4
liqwid-portable-data,1,"raw/api/fetches/20260721T155713560Z/market-history/pyusd.json",1027,6D96979A
liqwid-portable-data,1,"raw/api/fetches/20260721T155713560Z/market-history/shen.json",1025,472D94C8
liqwid-portable-data,1,"raw/api/fetches/20260721T155713560Z/market-history/snek.json",1025,E9CBB327
liqwid-portable-data,1,"raw/api/fetches/20260721T155713560Z/market-history/usda.json",1025,E3E69561
liqwid-portable-data,1,"raw/api/fetches/20260721T155713560Z/market-history/usdc.json",1025,3D6D1ABF
liqwid-portable-data,1,"raw/api/fetches/20260721T155713560Z/market-history/usdcx-usdm-sundae-lp-stableswap.json",1079,46507DBF
liqwid-portable-data,1,"raw/api/fetches/20260721T155713560Z/market-history/usdcx.json",1027,0420935B
liqwid-portable-data,1,"raw/api/fetches/20260721T155713560Z/market-history/usdm-usda-minswap-lp-stable.json",1071,0AEFCFB3
liqwid-portable-data,1,"raw/api/fetches/20260721T155713560Z/market-history/usdm.json",1025,494CBF66
liqwid-portable-data,1,"raw/api/fetches/20260721T155713560Z/market-history/usdt.json",1025,A82C2AC6
liqwid-portable-data,1,"raw/api/fetches/20260721T155713560Z/market-history/wmt.json",1023,94A091F5
liqwid-portable-data,1,"raw/api/fetches/20260721T155713560Z/markets/page-0000.json",20099,9B651388
liqwid-portable-data,1,"raw/api/fetches/20260721T155713560Z/protocol-overview/monthly/2023-02-01.json",909,920B577B
liqwid-portable-data,1,"raw/api/fetches/20260721T155713560Z/protocol-overview/monthly/2026-07-01.json",926,1AF8302F
liqwid-portable-data,1,"raw/api/fetches/20260721T180728596Z/loans/active-debt.json",303205,A6AA94A8
liqwid-portable-data,1,"raw/api/fetches/20260721T180728596Z/loans/all.json",397974,43713372
liqwid-portable-data,1,"raw/api/fetches/20260721T180728596Z/loans/collateral-bearing.json",395754,72FD82B3
liqwid-portable-data,1,"raw/api/fetches/20260721T180728596Z/loans/liquidatable.json",14112,62A1F7FC
liqwid-portable-data,1,"raw/api/fetches/20260721T180728596Z/market-history/ada.json",1023,F6F636AD
liqwid-portable-data,1,"raw/api/fetches/20260721T180728596Z/market-history/agix.json",1025,380B6AB3
liqwid-portable-data,1,"raw/api/fetches/20260721T180728596Z/market-history/btc.json",1023,F012D9C1
liqwid-portable-data,1,"raw/api/fetches/20260721T180728596Z/market-history/copi.json",1025,D3756DB1
liqwid-portable-data,1,"raw/api/fetches/20260721T180728596Z/market-history/dai.json",1023,172D60AA
liqwid-portable-data,1,"raw/api/fetches/20260721T180728596Z/market-history/djed.json",1025,A4E4D2B2
liqwid-portable-data,1,"raw/api/fetches/20260721T180728596Z/market-history/erg.json",1023,A0B64E5F
liqwid-portable-data,1,"raw/api/fetches/20260721T180728596Z/market-history/eth.json",1023,9B21B20D
liqwid-portable-data,1,"raw/api/fetches/20260721T180728596Z/market-history/eurc.json",1025,F314AB0D
liqwid-portable-data,1,"raw/api/fetches/20260721T180728596Z/market-history/iag.json",1023,AACBCAEB
liqwid-portable-data,1,"raw/api/fetches/20260721T180728596Z/market-history/iusd.json",1025,4841D01E
liqwid-portable-data,1,"raw/api/fetches/20260721T180728596Z/market-history/lq.json",1021,BB632AF5
liqwid-portable-data,1,"raw/api/fetches/20260721T180728596Z/market-history/min.json",1023,4E70A545
liqwid-portable-data,1,"raw/api/fetches/20260721T180728596Z/market-history/night.json",1027,E1931F39
liqwid-portable-data,1,"raw/api/fetches/20260721T180728596Z/market-history/pol.json",1023,AA62B64C
liqwid-portable-data,1,"raw/api/fetches/20260721T180728596Z/market-history/pyusd.json",1027,F8BFC23F
liqwid-portable-data,1,"raw/api/fetches/20260721T180728596Z/market-history/shen.json",1025,51A2D282
liqwid-portable-data,1,"raw/api/fetches/20260721T180728596Z/market-history/snek.json",1025,FF44F56D
liqwid-portable-data,1,"raw/api/fetches/20260721T180728596Z/market-history/usda.json",1025,F569D32B
liqwid-portable-data,1,"raw/api/fetches/20260721T180728596Z/market-history/usdc.json",1025,2BE25CF5
liqwid-portable-data,1,"raw/api/fetches/20260721T180728596Z/market-history/usdcx-usdm-sundae-lp-stableswap.json",1079,E2851184
liqwid-portable-data,1,"raw/api/fetches/20260721T180728596Z/market-history/usdcx.json",1027,9109C6FE
liqwid-portable-data,1,"raw/api/fetches/20260721T180728596Z/market-history/usdm-usda-minswap-lp-stable.json",1071,7C4A8CC1
liqwid-portable-data,1,"raw/api/fetches/20260721T180728596Z/market-history/usdm.json",1025,5FC3F92C
liqwid-portable-data,1,"raw/api/fetches/20260721T180728596Z/market-history/usdt.json",1025,BEA36C8C
liqwid-portable-data,1,"raw/api/fetches/20260721T180728596Z/market-history/wmt.json",1023,7EA45C7D
liqwid-portable-data,1,"raw/api/fetches/20260721T180728596Z/markets/page-0000.json",20116,13849971
liqwid-portable-data,1,"raw/api/fetches/20260721T180728596Z/protocol-overview/monthly/2023-02-01.json",909,387A64D9
liqwid-portable-data,1,"raw/api/fetches/20260721T180728596Z/protocol-overview/monthly/2026-07-01.json",926,A1BCE40E
liqwid-portable-data,1,"raw/api/fetches/20260722T071221316Z/loans/active-debt.json",302538,D37945C8
liqwid-portable-data,1,"raw/api/fetches/20260722T071221316Z/loans/all.json",397343,B57A4103
liqwid-portable-data,1,"raw/api/fetches/20260722T071221316Z/loans/collateral-bearing.json",395110,AC77940A
liqwid-portable-data,1,"raw/api/fetches/20260722T071221316Z/loans/liquidatable.json",13240,2ACB78CF
liqwid-portable-data,1,"raw/api/fetches/20260722T071221316Z/market-history/ada.json",1023,3955DA54
liqwid-portable-data,1,"raw/api/fetches/20260722T071221316Z/market-history/agix.json",1025,BC04F9DB
liqwid-portable-data,1,"raw/api/fetches/20260722T071221316Z/market-history/btc.json",1023,3FB13538
liqwid-portable-data,1,"raw/api/fetches/20260722T071221316Z/market-history/copi.json",1025,577AFED9
liqwid-portable-data,1,"raw/api/fetches/20260722T071221316Z/market-history/dai.json",1023,D88E8C53
liqwid-portable-data,1,"raw/api/fetches/20260722T071221316Z/market-history/djed.json",1025,20EB41DA
liqwid-portable-data,1,"raw/api/fetches/20260722T071221316Z/market-history/erg.json",1023,6F15A2A6
liqwid-portable-data,1,"raw/api/fetches/20260722T071221316Z/market-history/eth.json",1023,54825EF4
liqwid-portable-data,1,"raw/api/fetches/20260722T071221316Z/market-history/eurc.json",1025,771B3865
liqwid-portable-data,1,"raw/api/fetches/20260722T071221316Z/market-history/iag.json",1023,65682612
liqwid-portable-data,1,"raw/api/fetches/20260722T071221316Z/market-history/iusd.json",1025,CC4E4376
liqwid-portable-data,1,"raw/api/fetches/20260722T071221316Z/market-history/lq.json",1021,B8C9B6A1
liqwid-portable-data,1,"raw/api/fetches/20260722T071221316Z/market-history/min.json",1023,81D349BC
liqwid-portable-data,1,"raw/api/fetches/20260722T071221316Z/market-history/night.json",1027,CD7C100B
liqwid-portable-data,1,"raw/api/fetches/20260722T071221316Z/market-history/pol.json",1023,65C15AB5
liqwid-portable-data,1,"raw/api/fetches/20260722T071221316Z/market-history/pyusd.json",1027,D450CD0D
liqwid-portable-data,1,"raw/api/fetches/20260722T071221316Z/market-history/shen.json",1025,D5AD41EA
liqwid-portable-data,1,"raw/api/fetches/20260722T071221316Z/market-history/snek.json",1025,7B4B6605
liqwid-portable-data,1,"raw/api/fetches/20260722T071221316Z/market-history/usda.json",1025,71664043
liqwid-portable-data,1,"raw/api/fetches/20260722T071221316Z/market-history/usdc.json",1025,AFEDCF9D
liqwid-portable-data,1,"raw/api/fetches/20260722T071221316Z/market-history/usdcx-usdm-sundae-lp-stableswap.json",1079,C5F1CDAB
liqwid-portable-data,1,"raw/api/fetches/20260722T071221316Z/market-history/usdcx.json",1027,BDE6C9CC
liqwid-portable-data,1,"raw/api/fetches/20260722T071221316Z/market-history/usdm-usda-minswap-lp-stable.json",1071,70A87151
liqwid-portable-data,1,"raw/api/fetches/20260722T071221316Z/market-history/usdm.json",1025,DBCC6A44
liqwid-portable-data,1,"raw/api/fetches/20260722T071221316Z/market-history/usdt.json",1025,3AACFFE4
liqwid-portable-data,1,"raw/api/fetches/20260722T071221316Z/market-history/wmt.json",1023,B107B084
liqwid-portable-data,1,"raw/api/fetches/20260722T071221316Z/market-params-history/ada.json",1437,CAB87079
liqwid-portable-data,1,"raw/api/fetches/20260722T071221316Z/market-params-history/agix.json",1435,3CAE5DA0
liqwid-portable-data,1,"raw/api/fetches/20260722T071221316Z/market-params-history/btc.json",1385,FB42AFF7
liqwid-portable-data,1,"raw/api/fetches/20260722T071221316Z/market-params-history/copi.json",1389,E7F71BAA
liqwid-portable-data,1,"raw/api/fetches/20260722T071221316Z/market-params-history/dai.json",1418,E41A19D4
liqwid-portable-data,1,"raw/api/fetches/20260722T071221316Z/market-params-history/djed.json",1428,3CEBEFEA
liqwid-portable-data,1,"raw/api/fetches/20260722T071221316Z/market-params-history/erg.json",1385,67982CC0
liqwid-portable-data,1,"raw/api/fetches/20260722T071221316Z/market-params-history/eth.json",1385,EC5B487F
liqwid-portable-data,1,"raw/api/fetches/20260722T071221316Z/market-params-history/eurc.json",1420,0250AA9B
liqwid-portable-data,1,"raw/api/fetches/20260722T071221316Z/market-params-history/iag.json",1387,61CEE6B2
liqwid-portable-data,1,"raw/api/fetches/20260722T071221316Z/market-params-history/iusd.json",1426,9076F088
liqwid-portable-data,1,"raw/api/fetches/20260722T071221316Z/market-params-history/lq.json",1275,81028D38
liqwid-portable-data,1,"raw/api/fetches/20260722T071221316Z/market-params-history/min.json",1388,81125282
liqwid-portable-data,1,"raw/api/fetches/20260722T071221316Z/market-params-history/night.json",1392,C6422B29
liqwid-portable-data,1,"raw/api/fetches/20260722T071221316Z/market-params-history/pol.json",1284,9A046064
liqwid-portable-data,1,"raw/api/fetches/20260722T071221316Z/market-params-history/pyusd.json",1422,7CB6F978
liqwid-portable-data,1,"raw/api/fetches/20260722T071221316Z/market-params-history/shen.json",1389,B837451D
liqwid-portable-data,1,"raw/api/fetches/20260722T071221316Z/market-params-history/snek.json",1391,6CD2E215
liqwid-portable-data,1,"raw/api/fetches/20260722T071221316Z/market-params-history/usda.json",1421,6686D45A
liqwid-portable-data,1,"raw/api/fetches/20260722T071221316Z/market-params-history/usdc.json",1418,6FB09C23
liqwid-portable-data,1,"raw/api/fetches/20260722T071221316Z/market-params-history/usdcx-usdm-sundae-lp-stableswap.json",1471,6E1DE556
liqwid-portable-data,1,"raw/api/fetches/20260722T071221316Z/market-params-history/usdcx.json",1417,6F505582
liqwid-portable-data,1,"raw/api/fetches/20260722T071221316Z/market-params-history/usdm-usda-minswap-lp-stable.json",1426,5B67D872
liqwid-portable-data,1,"raw/api/fetches/20260722T071221316Z/market-params-history/usdm.json",1422,457316C4
liqwid-portable-data,1,"raw/api/fetches/20260722T071221316Z/market-params-history/usdt.json",1418,385F7F4A
liqwid-portable-data,1,"raw/api/fetches/20260722T071221316Z/market-params-history/wmt.json",1394,95FBD2D0
liqwid-portable-data,1,"raw/api/fetches/20260722T071221316Z/markets/page-0000.json",20103,002D59D7
liqwid-portable-data,1,"raw/api/fetches/20260722T071221316Z/protocol-overview/monthly/2023-02-01.json",909,2E8787B2
liqwid-portable-data,1,"raw/api/fetches/20260722T071221316Z/protocol-overview/monthly/2026-07-01.json",926,01025C5A
liqwid-portable-data,1,"raw/api/fetches/20260722T082041827Z/loans/active-debt.json",301975,21F1729D
liqwid-portable-data,1,"raw/api/fetches/20260722T082041827Z/loans/all.json",396767,BFE93924
liqwid-portable-data,1,"raw/api/fetches/20260722T082041827Z/loans/collateral-bearing.json",394547,8B1DDDC5
liqwid-portable-data,1,"raw/api/fetches/20260722T082041827Z/loans/liquidatable.json",13240,4AAE987F
liqwid-portable-data,1,"raw/api/fetches/20260722T082041827Z/market-history/ada.json",1654,BEA80167
liqwid-portable-data,1,"raw/api/fetches/20260722T082041827Z/market-history/agix.json",1506,CA2EF53F
liqwid-portable-data,1,"raw/api/fetches/20260722T082041827Z/market-history/btc.json",1580,3CE344BA
liqwid-portable-data,1,"raw/api/fetches/20260722T082041827Z/market-history/copi.json",1549,F5ADA22A
liqwid-portable-data,1,"raw/api/fetches/20260722T082041827Z/market-history/dai.json",1576,3721AE5C
liqwid-portable-data,1,"raw/api/fetches/20260722T082041827Z/market-history/djed.json",1641,60536E9C
liqwid-portable-data,1,"raw/api/fetches/20260722T082041827Z/market-history/erg.json",1605,E8FC4106
liqwid-portable-data,1,"raw/api/fetches/20260722T082041827Z/market-history/eth.json",1574,FD499D30
liqwid-portable-data,1,"raw/api/fetches/20260722T082041827Z/market-history/eurc.json",1494,FDB87FF5
liqwid-portable-data,1,"raw/api/fetches/20260722T082041827Z/market-history/iag.json",1635,DFD98BD5
liqwid-portable-data,1,"raw/api/fetches/20260722T082041827Z/market-history/iusd.json",1609,6AC9F21A
liqwid-portable-data,1,"raw/api/fetches/20260722T082041827Z/market-history/lq.json",1499,29BD75BE
liqwid-portable-data,1,"raw/api/fetches/20260722T082041827Z/market-history/min.json",1599,CFCB9040
liqwid-portable-data,1,"raw/api/fetches/20260722T082041827Z/market-history/night.json",1604,E63251BF
liqwid-portable-data,1,"raw/api/fetches/20260722T082041827Z/market-history/pol.json",1505,1DB1736A
liqwid-portable-data,1,"raw/api/fetches/20260722T082041827Z/market-history/pyusd.json",1484,B942B22E
liqwid-portable-data,1,"raw/api/fetches/20260722T082041827Z/market-history/shen.json",1643,B389FF36
liqwid-portable-data,1,"raw/api/fetches/20260722T082041827Z/market-history/snek.json",1568,7ED9D5EF
liqwid-portable-data,1,"raw/api/fetches/20260722T082041827Z/market-history/usda.json",1621,E3D38C6A
liqwid-portable-data,1,"raw/api/fetches/20260722T082041827Z/market-history/usdc.json",1654,212D80CA
liqwid-portable-data,1,"raw/api/fetches/20260722T082041827Z/market-history/usdcx-usdm-sundae-lp-stableswap.json",1690,16672FEA
liqwid-portable-data,1,"raw/api/fetches/20260722T082041827Z/market-history/usdcx.json",1628,FA7E20B2
liqwid-portable-data,1,"raw/api/fetches/20260722T082041827Z/market-history/usdm-usda-minswap-lp-stable.json",1533,7C5261E9
liqwid-portable-data,1,"raw/api/fetches/20260722T082041827Z/market-history/usdm.json",1604,A8949E23
liqwid-portable-data,1,"raw/api/fetches/20260722T082041827Z/market-history/usdt.json",1656,59B038D7
liqwid-portable-data,1,"raw/api/fetches/20260722T082041827Z/market-history/wmt.json",1536,CD0BB637
liqwid-portable-data,1,"raw/api/fetches/20260722T082041827Z/markets/page-0000.json",20084,0EBBAB28
liqwid-portable-data,1,"raw/api/fetches/20260722T082041827Z/protocol-fees/daily/2026-07-21.json",1287,981E6A02
liqwid-portable-data,1,"raw/api/fetches/20260722T082041827Z/protocol-overview/daily/2026-07-21.json",943,2344F6DE
liqwid-portable-data,1,"raw/api/fetches/20260722T082041827Z/protocol-overview/monthly/2023-02-01.json",909,C620FAB7
liqwid-portable-data,1,"raw/api/fetches/20260722T082041827Z/protocol-overview/monthly/2026-07-01.json",924,444C6952
liqwid-portable-data,1,"raw/api/fetches/20260722T130131205Z/loans/active-debt.json",302508,773352C1
liqwid-portable-data,1,"raw/api/fetches/20260722T130131205Z/loans/all.json",397308,5356BA79
liqwid-portable-data,1,"raw/api/fetches/20260722T130131205Z/loans/collateral-bearing.json",394518,145D574C
liqwid-portable-data,1,"raw/api/fetches/20260722T130131205Z/loans/liquidatable.json",12543,29D725E9
liqwid-portable-data,1,"raw/api/fetches/20260722T130131205Z/market-history/ada.json",1023,03E0F570
liqwid-portable-data,1,"raw/api/fetches/20260722T130131205Z/market-history/agix.json",1025,78D578A0
liqwid-portable-data,1,"raw/api/fetches/20260722T130131205Z/market-history/btc.json",1023,05041A1C
liqwid-portable-data,1,"raw/api/fetches/20260722T130131205Z/market-history/copi.json",1025,93AB7FA2
liqwid-portable-data,1,"raw/api/fetches/20260722T130131205Z/market-history/dai.json",1023,E23BA377
liqwid-portable-data,1,"raw/api/fetches/20260722T130131205Z/market-history/djed.json",1025,E43AC0A1
liqwid-portable-data,1,"raw/api/fetches/20260722T130131205Z/market-history/erg.json",1023,55A08D82
liqwid-portable-data,1,"raw/api/fetches/20260722T130131205Z/market-history/eth.json",1023,6E3771D0
liqwid-portable-data,1,"raw/api/fetches/20260722T130131205Z/market-history/eurc.json",1025,B3CAB91E
liqwid-portable-data,1,"raw/api/fetches/20260722T130131205Z/market-history/iag.json",1023,5FDD0936
liqwid-portable-data,1,"raw/api/fetches/20260722T130131205Z/market-history/iusd.json",1025,089FC20D
liqwid-portable-data,1,"raw/api/fetches/20260722T130131205Z/market-history/lq.json",1021,E7CD23FF
liqwid-portable-data,1,"raw/api/fetches/20260722T130131205Z/market-history/min.json",1023,BB666698
liqwid-portable-data,1,"raw/api/fetches/20260722T130131205Z/market-history/night.json",1027,05E0A060
liqwid-portable-data,1,"raw/api/fetches/20260722T130131205Z/market-history/pol.json",1023,5F747591
liqwid-portable-data,1,"raw/api/fetches/20260722T130131205Z/market-history/pyusd.json",1027,1CCC7D66
liqwid-portable-data,1,"raw/api/fetches/20260722T130131205Z/market-history/shen.json",1025,117CC091
liqwid-portable-data,1,"raw/api/fetches/20260722T130131205Z/market-history/snek.json",1025,BF9AE77E
liqwid-portable-data,1,"raw/api/fetches/20260722T130131205Z/market-history/usda.json",1025,B5B7C138
liqwid-portable-data,1,"raw/api/fetches/20260722T130131205Z/market-history/usdc.json",1025,6B3C4EE6
liqwid-portable-data,1,"raw/api/fetches/20260722T130131205Z/market-history/usdcx-usdm-sundae-lp-stableswap.json",1079,ADABAB72
liqwid-portable-data,1,"raw/api/fetches/20260722T130131205Z/market-history/usdcx.json",1027,757A79A7
liqwid-portable-data,1,"raw/api/fetches/20260722T130131205Z/market-history/usdm-usda-minswap-lp-stable.json",1071,8613765F
liqwid-portable-data,1,"raw/api/fetches/20260722T130131205Z/market-history/usdm.json",1025,1F1DEB3F
liqwid-portable-data,1,"raw/api/fetches/20260722T130131205Z/market-history/usdt.json",1025,FE7D7E9F
liqwid-portable-data,1,"raw/api/fetches/20260722T130131205Z/market-history/wmt.json",1023,8BB29FA0
liqwid-portable-data,1,"raw/api/fetches/20260722T130131205Z/markets/page-0000.json",20099,E6E3B27F
liqwid-portable-data,1,"raw/api/fetches/20260722T130131205Z/protocol-overview/monthly/2023-02-01.json",909,18B2FFCB
liqwid-portable-data,1,"raw/api/fetches/20260722T130131205Z/protocol-overview/monthly/2026-07-01.json",924,42FAA403
liqwid-portable-data,1,"raw/api/fetches/20260722T173921671Z/loans/active-debt.json",302584,FC45E4B7
liqwid-portable-data,1,"raw/api/fetches/20260722T173921671Z/loans/all.json",397340,467DB4AE
liqwid-portable-data,1,"raw/api/fetches/20260722T173921671Z/loans/collateral-bearing.json",394556,8A6DE01D
liqwid-portable-data,1,"raw/api/fetches/20260722T173921671Z/loans/liquidatable.json",12943,605BE39C
liqwid-portable-data,1,"raw/api/fetches/20260722T173921671Z/market-history/ada.json",1023,EA1A866B
liqwid-portable-data,1,"raw/api/fetches/20260722T173921671Z/market-history/agix.json",1025,18EF7A46
liqwid-portable-data,1,"raw/api/fetches/20260722T173921671Z/market-history/btc.json",1023,ECFE6907
liqwid-portable-data,1,"raw/api/fetches/20260722T173921671Z/market-history/copi.json",1025,F3917D44
liqwid-portable-data,1,"raw/api/fetches/20260722T173921671Z/market-history/dai.json",1023,0BC1D06C
liqwid-portable-data,1,"raw/api/fetches/20260722T173921671Z/market-history/djed.json",1025,8400C247
liqwid-portable-data,1,"raw/api/fetches/20260722T173921671Z/market-history/erg.json",1023,BC5AFE99
liqwid-portable-data,1,"raw/api/fetches/20260722T173921671Z/market-history/eth.json",1023,87CD02CB
liqwid-portable-data,1,"raw/api/fetches/20260722T173921671Z/market-history/eurc.json",1025,D3F0BBF8
liqwid-portable-data,1,"raw/api/fetches/20260722T173921671Z/market-history/iag.json",1023,B6277A2D
liqwid-portable-data,1,"raw/api/fetches/20260722T173921671Z/market-history/iusd.json",1025,68A5C0EB
liqwid-portable-data,1,"raw/api/fetches/20260722T173921671Z/market-history/lq.json",1021,38B29FFC
liqwid-portable-data,1,"raw/api/fetches/20260722T173921671Z/market-history/min.json",1023,529C1583
liqwid-portable-data,1,"raw/api/fetches/20260722T173921671Z/market-history/night.json",1027,E3CAF51C
liqwid-portable-data,1,"raw/api/fetches/20260722T173921671Z/market-history/pol.json",1023,B68E068A
liqwid-portable-data,1,"raw/api/fetches/20260722T173921671Z/market-history/pyusd.json",1027,FAE6281A
liqwid-portable-data,1,"raw/api/fetches/20260722T173921671Z/market-history/shen.json",1025,7146C277
liqwid-portable-data,1,"raw/api/fetches/20260722T173921671Z/market-history/snek.json",1025,DFA0E598
liqwid-portable-data,1,"raw/api/fetches/20260722T173921671Z/market-history/usda.json",1025,D58DC3DE
liqwid-portable-data,1,"raw/api/fetches/20260722T173921671Z/market-history/usdc.json",1025,0B064C00
liqwid-portable-data,1,"raw/api/fetches/20260722T173921671Z/market-history/usdcx-usdm-sundae-lp-stableswap.json",1079,F367CE51
liqwid-portable-data,1,"raw/api/fetches/20260722T173921671Z/market-history/usdcx.json",1027,93502CDB
liqwid-portable-data,1,"raw/api/fetches/20260722T173921671Z/market-history/usdm-usda-minswap-lp-stable.json",1071,5FFB9176
liqwid-portable-data,1,"raw/api/fetches/20260722T173921671Z/market-history/usdm.json",1025,7F27E9D9
liqwid-portable-data,1,"raw/api/fetches/20260722T173921671Z/market-history/usdt.json",1025,9E477C79
liqwid-portable-data,1,"raw/api/fetches/20260722T173921671Z/market-history/wmt.json",1023,6248ECBB
liqwid-portable-data,1,"raw/api/fetches/20260722T173921671Z/markets/page-0000.json",20094,53AC35E7
liqwid-portable-data,1,"raw/api/fetches/20260722T173921671Z/protocol-overview/monthly/2023-02-01.json",909,794FF064
liqwid-portable-data,1,"raw/api/fetches/20260722T173921671Z/protocol-overview/monthly/2026-07-01.json",924,68E104C7
liqwid-portable-data,1,"raw/api/fetches/20260723T075926394Z/loans/active-debt.json",303534,9234D6EC
liqwid-portable-data,1,"raw/api/fetches/20260723T075926394Z/loans/all.json",398298,A7AB360F
liqwid-portable-data,1,"raw/api/fetches/20260723T075926394Z/loans/collateral-bearing.json",395507,3FA0C1FC
liqwid-portable-data,1,"raw/api/fetches/20260723T075926394Z/loans/liquidatable.json",12514,0A77FBE7
liqwid-portable-data,1,"raw/api/fetches/20260723T075926394Z/market-history/ada.json",1023,C95D205A
liqwid-portable-data,1,"raw/api/fetches/20260723T075926394Z/market-history/agix.json",1025,B943C04A
liqwid-portable-data,1,"raw/api/fetches/20260723T075926394Z/market-history/btc.json",1023,CFB9CF36
liqwid-portable-data,1,"raw/api/fetches/20260723T075926394Z/market-history/copi.json",1025,523DC748
liqwid-portable-data,1,"raw/api/fetches/20260723T075926394Z/market-history/dai.json",1023,2886765D
liqwid-portable-data,1,"raw/api/fetches/20260723T075926394Z/market-history/djed.json",1025,25AC784B
liqwid-portable-data,1,"raw/api/fetches/20260723T075926394Z/market-history/erg.json",1023,9F1D58A8
liqwid-portable-data,1,"raw/api/fetches/20260723T075926394Z/market-history/eth.json",1023,A48AA4FA
liqwid-portable-data,1,"raw/api/fetches/20260723T075926394Z/market-history/eurc.json",1025,725C01F4
liqwid-portable-data,1,"raw/api/fetches/20260723T075926394Z/market-history/iag.json",1023,9560DC1C
liqwid-portable-data,1,"raw/api/fetches/20260723T075926394Z/market-history/iusd.json",1025,C9097AE7
liqwid-portable-data,1,"raw/api/fetches/20260723T075926394Z/market-history/lq.json",1021,90027D45
liqwid-portable-data,1,"raw/api/fetches/20260723T075926394Z/market-history/min.json",1023,71DBB3B2
liqwid-portable-data,1,"raw/api/fetches/20260723T075926394Z/market-history/night.json",1027,3C8FD90A
liqwid-portable-data,1,"raw/api/fetches/20260723T075926394Z/market-history/pol.json",1023,95C9A0BB
liqwid-portable-data,1,"raw/api/fetches/20260723T075926394Z/market-history/pyusd.json",1027,25A3040C
liqwid-portable-data,1,"raw/api/fetches/20260723T075926394Z/market-history/shen.json",1025,D0EA787B
liqwid-portable-data,1,"raw/api/fetches/20260723T075926394Z/market-history/snek.json",1025,7E0C5F94
liqwid-portable-data,1,"raw/api/fetches/20260723T075926394Z/market-history/usda.json",1025,742179D2
liqwid-portable-data,1,"raw/api/fetches/20260723T075926394Z/market-history/usdc.json",1025,AAAAF60C
liqwid-portable-data,1,"raw/api/fetches/20260723T075926394Z/market-history/usdcx-usdm-sundae-lp-stableswap.json",1079,B0E4AF1B
liqwid-portable-data,1,"raw/api/fetches/20260723T075926394Z/market-history/usdcx.json",1027,4C1500CD
liqwid-portable-data,1,"raw/api/fetches/20260723T075926394Z/market-history/usdm-usda-minswap-lp-stable.json",1071,E6D3630B
liqwid-portable-data,1,"raw/api/fetches/20260723T075926394Z/market-history/usdm.json",1025,DE8B53D5
liqwid-portable-data,1,"raw/api/fetches/20260723T075926394Z/market-history/usdt.json",1025,3FEBC675
liqwid-portable-data,1,"raw/api/fetches/20260723T075926394Z/market-history/wmt.json",1023,410F4A8A
liqwid-portable-data,1,"raw/api/fetches/20260723T075926394Z/market-params-history/ada.json",1437,76770799
liqwid-portable-data,1,"raw/api/fetches/20260723T075926394Z/market-params-history/agix.json",1435,78CBB855
liqwid-portable-data,1,"raw/api/fetches/20260723T075926394Z/market-params-history/btc.json",1385,18771FC6
liqwid-portable-data,1,"raw/api/fetches/20260723T075926394Z/market-params-history/copi.json",1389,FBA9D854
liqwid-portable-data,1,"raw/api/fetches/20260723T075926394Z/market-params-history/dai.json",1418,FE55D2E0
liqwid-portable-data,1,"raw/api/fetches/20260723T075926394Z/market-params-history/djed.json",1428,2EAB8BA9
liqwid-portable-data,1,"raw/api/fetches/20260723T075926394Z/market-params-history/erg.json",1385,84AD9CF1
liqwid-portable-data,1,"raw/api/fetches/20260723T075926394Z/market-params-history/eth.json",1385,0F6EF84E
liqwid-portable-data,1,"raw/api/fetches/20260723T075926394Z/market-params-history/eurc.json",1420,19E512A4
liqwid-portable-data,1,"raw/api/fetches/20260723T075926394Z/market-params-history/iag.json",1387,6CF2B1B9
liqwid-portable-data,1,"raw/api/fetches/20260723T075926394Z/market-params-history/iusd.json",1426,7F32F41C
liqwid-portable-data,1,"raw/api/fetches/20260723T075926394Z/market-params-history/lq.json",1275,B5D455C7
liqwid-portable-data,1,"raw/api/fetches/20260723T075926394Z/market-params-history/min.json",1388,16CDB75D
liqwid-portable-data,1,"raw/api/fetches/20260723T075926394Z/market-params-history/night.json",1385,356A64BD
liqwid-portable-data,1,"raw/api/fetches/20260723T075926394Z/market-params-history/pol.json",1284,4AA19DA5
liqwid-portable-data,1,"raw/api/fetches/20260723T075926394Z/market-params-history/pyusd.json",1422,4DFBB9F0
liqwid-portable-data,1,"raw/api/fetches/20260723T075926394Z/market-params-history/shen.json",1389,A46986E3
liqwid-portable-data,1,"raw/api/fetches/20260723T075926394Z/market-params-history/snek.json",1391,E480A172
liqwid-portable-data,1,"raw/api/fetches/20260723T075926394Z/market-params-history/usda.json",1421,D0FB4CDF
liqwid-portable-data,1,"raw/api/fetches/20260723T075926394Z/market-params-history/usdc.json",1418,794AFEDF
liqwid-portable-data,1,"raw/api/fetches/20260723T075926394Z/market-params-history/usdcx-usdm-sundae-lp-stableswap.json",1471,365E49B8
liqwid-portable-data,1,"raw/api/fetches/20260723T075926394Z/market-params-history/usdcx.json",1417,301C7BDB
liqwid-portable-data,1,"raw/api/fetches/20260723T075926394Z/market-params-history/usdm-usda-minswap-lp-stable.json",1426,D9F51498
liqwid-portable-data,1,"raw/api/fetches/20260723T075926394Z/market-params-history/usdm.json",1422,D8171CF3
liqwid-portable-data,1,"raw/api/fetches/20260723T075926394Z/market-params-history/usdt.json",1418,2EA51DB6
liqwid-portable-data,1,"raw/api/fetches/20260723T075926394Z/market-params-history/wmt.json",1394,10CC333F
liqwid-portable-data,1,"raw/api/fetches/20260723T075926394Z/markets/page-0000.json",20092,8E5870A2
liqwid-portable-data,1,"raw/api/fetches/20260723T075926394Z/protocol-overview/monthly/2023-02-01.json",909,0500190B
liqwid-portable-data,1,"raw/api/fetches/20260723T075926394Z/protocol-overview/monthly/2026-07-01.json",924,641295D9
liqwid-portable-data,1,"raw/api/fetches/20260723T132951679Z/loans/all.json",486276,4608F236
liqwid-portable-data,1,"raw/api/fetches/20260723T132951679Z/market-history/ada.json",1650,2AD26929
liqwid-portable-data,1,"raw/api/fetches/20260723T132951679Z/market-history/agix.json",1506,9CDDB5BA
liqwid-portable-data,1,"raw/api/fetches/20260723T132951679Z/market-history/btc.json",1577,C4A23967
liqwid-portable-data,1,"raw/api/fetches/20260723T132951679Z/market-history/copi.json",1549,ABD05C8F
liqwid-portable-data,1,"raw/api/fetches/20260723T132951679Z/market-history/dai.json",1569,DCD5AA0B
liqwid-portable-data,1,"raw/api/fetches/20260723T132951679Z/market-history/djed.json",1614,0F34E960
liqwid-portable-data,1,"raw/api/fetches/20260723T132951679Z/market-history/erg.json",1610,A26F2A93
liqwid-portable-data,1,"raw/api/fetches/20260723T132951679Z/market-history/eth.json",1577,F3218F5A
liqwid-portable-data,1,"raw/api/fetches/20260723T132951679Z/market-history/eurc.json",1502,615267A2
liqwid-portable-data,1,"raw/api/fetches/20260723T132951679Z/market-history/iag.json",1590,10E81BEC
liqwid-portable-data,1,"raw/api/fetches/20260723T132951679Z/market-history/iusd.json",1612,BF92D6E1
liqwid-portable-data,1,"raw/api/fetches/20260723T132951679Z/market-history/lq.json",1503,5A47A8EE
liqwid-portable-data,1,"raw/api/fetches/20260723T132951679Z/market-history/min.json",1597,6DECE1C8
liqwid-portable-data,1,"raw/api/fetches/20260723T132951679Z/market-history/night.json",1608,E79DDD7C
liqwid-portable-data,1,"raw/api/fetches/20260723T132951679Z/market-history/pol.json",1505,31CD59C8
liqwid-portable-data,1,"raw/api/fetches/20260723T132951679Z/market-history/pyusd.json",1484,006ECF10
liqwid-portable-data,1,"raw/api/fetches/20260723T132951679Z/market-history/shen.json",1601,0CA4E20D
liqwid-portable-data,1,"raw/api/fetches/20260723T132951679Z/market-history/snek.json",1578,F62DFFD7
liqwid-portable-data,1,"raw/api/fetches/20260723T132951679Z/market-history/usda.json",1603,0DA0899B
liqwid-portable-data,1,"raw/api/fetches/20260723T132951679Z/market-history/usdc.json",1647,9B0FC4AF
liqwid-portable-data,1,"raw/api/fetches/20260723T132951679Z/market-history/usdcx-usdm-sundae-lp-stableswap.json",1639,11B0AC89
liqwid-portable-data,1,"raw/api/fetches/20260723T132951679Z/market-history/usdcx.json",1631,14F785D9
liqwid-portable-data,1,"raw/api/fetches/20260723T132951679Z/market-history/usdm-usda-minswap-lp-stable.json",1531,FDB043E1
liqwid-portable-data,1,"raw/api/fetches/20260723T132951679Z/market-history/usdm.json",1602,B5E4EA91
liqwid-portable-data,1,"raw/api/fetches/20260723T132951679Z/market-history/usdt.json",1639,5D7777E2
liqwid-portable-data,1,"raw/api/fetches/20260723T132951679Z/market-history/wmt.json",1536,04A9C924
liqwid-portable-data,1,"raw/api/fetches/20260723T132951679Z/markets/page-0000.json",20104,7FC248A9
liqwid-portable-data,1,"raw/api/fetches/20260723T132951679Z/protocol-fees/daily/2026-07-22.json",1285,F7B8FDB8
liqwid-portable-data,1,"raw/api/fetches/20260723T132951679Z/protocol-overview/daily/2026-07-22.json",777,748D3350
liqwid-portable-data,1,"raw/api/fetches/20260723T132951679Z/protocol-overview/monthly/2023-02-01.json",909,18804646
liqwid-portable-data,1,"raw/api/fetches/20260723T132951679Z/protocol-overview/monthly/2026-07-01.json",923,4013FBFF
liqwid-portable-data,1,"raw/api/fetches/20260723T153930130Z/loans/all.json",486965,87CC1014
liqwid-portable-data,1,"raw/api/fetches/20260723T153930130Z/market-history/ada.json",1023,1453930A
liqwid-portable-data,1,"raw/api/fetches/20260723T153930130Z/market-history/agix.json",1025,92E782F6
liqwid-portable-data,1,"raw/api/fetches/20260723T153930130Z/market-history/btc.json",1023,12B77C66
liqwid-portable-data,1,"raw/api/fetches/20260723T153930130Z/market-history/copi.json",1025,799985F4
liqwid-portable-data,1,"raw/api/fetches/20260723T153930130Z/market-history/dai.json",1023,F588C50D
liqwid-portable-data,1,"raw/api/fetches/20260723T153930130Z/market-history/djed.json",1025,0E083AF7
liqwid-portable-data,1,"raw/api/fetches/20260723T153930130Z/market-history/erg.json",1023,4213EBF8
liqwid-portable-data,1,"raw/api/fetches/20260723T153930130Z/market-history/eth.json",1023,798417AA
liqwid-portable-data,1,"raw/api/fetches/20260723T153930130Z/market-history/eurc.json",1025,59F84348
liqwid-portable-data,1,"raw/api/fetches/20260723T153930130Z/market-history/iag.json",1023,486E6F4C
liqwid-portable-data,1,"raw/api/fetches/20260723T153930130Z/market-history/iusd.json",1025,E2AD385B
liqwid-portable-data,1,"raw/api/fetches/20260723T153930130Z/market-history/lq.json",1021,F6234D0D
liqwid-portable-data,1,"raw/api/fetches/20260723T153930130Z/market-history/min.json",1023,ACD500E2
liqwid-portable-data,1,"raw/api/fetches/20260723T153930130Z/market-history/night.json",1027,2F5A1376
liqwid-portable-data,1,"raw/api/fetches/20260723T153930130Z/market-history/pol.json",1023,48C713EB
liqwid-portable-data,1,"raw/api/fetches/20260723T153930130Z/market-history/pyusd.json",1027,3676CE70
liqwid-portable-data,1,"raw/api/fetches/20260723T153930130Z/market-history/shen.json",1025,FB4E3AC7
liqwid-portable-data,1,"raw/api/fetches/20260723T153930130Z/market-history/snek.json",1025,55A81D28
liqwid-portable-data,1,"raw/api/fetches/20260723T153930130Z/market-history/usda.json",1025,5F853B6E
liqwid-portable-data,1,"raw/api/fetches/20260723T153930130Z/market-history/usdc.json",1025,810EB4B0
liqwid-portable-data,1,"raw/api/fetches/20260723T153930130Z/market-history/usdcx-usdm-sundae-lp-stableswap.json",1079,410AE2B2
liqwid-portable-data,1,"raw/api/fetches/20260723T153930130Z/market-history/usdcx.json",1027,5FC0CAB1
liqwid-portable-data,1,"raw/api/fetches/20260723T153930130Z/market-history/usdm-usda-minswap-lp-stable.json",1071,EE62C410
liqwid-portable-data,1,"raw/api/fetches/20260723T153930130Z/market-history/usdm.json",1025,F52F1169
liqwid-portable-data,1,"raw/api/fetches/20260723T153930130Z/market-history/usdt.json",1025,144F84C9
liqwid-portable-data,1,"raw/api/fetches/20260723T153930130Z/market-history/wmt.json",1023,9C01F9DA
liqwid-portable-data,1,"raw/api/fetches/20260723T153930130Z/markets/page-0000.json",20118,E0AB15D6
liqwid-portable-data,1,"raw/api/fetches/20260723T153930130Z/protocol-overview/monthly/2023-02-01.json",909,447E87F1
liqwid-portable-data,1,"raw/api/fetches/20260723T153930130Z/protocol-overview/monthly/2026-07-01.json",923,1212E5B9
liqwid-portable-data,1,"raw/api/fetches/20260725T074000705Z/loans/all.json",487448,E74592D0
liqwid-portable-data,1,"raw/api/fetches/20260725T074000705Z/market-history/ada.json",1637,E409122B
liqwid-portable-data,1,"raw/api/fetches/20260725T074000705Z/market-history/agix.json",1506,3F1CCDA1
liqwid-portable-data,1,"raw/api/fetches/20260725T074000705Z/market-history/btc.json",1598,5F1EF465
liqwid-portable-data,1,"raw/api/fetches/20260725T074000705Z/market-history/copi.json",1549,DDAEA150
liqwid-portable-data,1,"raw/api/fetches/20260725T074000705Z/market-history/dai.json",1590,DADEAA1B
liqwid-portable-data,1,"raw/api/fetches/20260725T074000705Z/market-history/djed.json",1647,A2DB883A
liqwid-portable-data,1,"raw/api/fetches/20260725T074000705Z/market-history/erg.json",1598,16F1D676
liqwid-portable-data,1,"raw/api/fetches/20260725T074000705Z/market-history/eth.json",1575,B478D395
liqwid-portable-data,1,"raw/api/fetches/20260725T074000705Z/market-history/eurc.json",1502,778F4871
liqwid-portable-data,1,"raw/api/fetches/20260725T074000705Z/market-history/iag.json",1600,F3D0B208
liqwid-portable-data,1,"raw/api/fetches/20260725T074000705Z/market-history/iusd.json",1605,1EA12D58
liqwid-portable-data,1,"raw/api/fetches/20260725T074000705Z/market-history/lq.json",1503,0EF0ED21
liqwid-portable-data,1,"raw/api/fetches/20260725T074000705Z/market-history/min.json",1604,C3D53DCE
liqwid-portable-data,1,"raw/api/fetches/20260725T074000705Z/market-history/night.json",1617,EA4F4F3B
liqwid-portable-data,1,"raw/api/fetches/20260725T074000705Z/market-history/pol.json",1505,B414E089
liqwid-portable-data,1,"raw/api/fetches/20260725T074000705Z/market-history/pyusd.json",1484,349596D5
liqwid-portable-data,1,"raw/api/fetches/20260725T074000705Z/market-history/shen.json",1608,B43E18B8
liqwid-portable-data,1,"raw/api/fetches/20260725T074000705Z/market-history/snek.json",1576,5FAD91ED
liqwid-portable-data,1,"raw/api/fetches/20260725T074000705Z/market-history/usda.json",1640,383686B8
liqwid-portable-data,1,"raw/api/fetches/20260725T074000705Z/market-history/usdc.json",1657,D93D644D
liqwid-portable-data,1,"raw/api/fetches/20260725T074000705Z/market-history/usdcx-usdm-sundae-lp-stableswap.json",1653,B85D2E06
liqwid-portable-data,1,"raw/api/fetches/20260725T074000705Z/market-history/usdcx.json",1624,CC83F2AE
liqwid-portable-data,1,"raw/api/fetches/20260725T074000705Z/market-history/usdm-usda-minswap-lp-stable.json",1531,41686BE2
liqwid-portable-data,1,"raw/api/fetches/20260725T074000705Z/market-history/usdm.json",1598,658D6FEA
liqwid-portable-data,1,"raw/api/fetches/20260725T074000705Z/market-history/usdt.json",1645,BE2CE5B3
liqwid-portable-data,1,"raw/api/fetches/20260725T074000705Z/market-history/wmt.json",1536,5903DD26
liqwid-portable-data,1,"raw/api/fetches/20260725T074000705Z/market-params-history/ada.json",1436,5CDEA8B6
liqwid-portable-data,1,"raw/api/fetches/20260725T074000705Z/market-params-history/agix.json",1435,9DEB1288
liqwid-portable-data,1,"raw/api/fetches/20260725T074000705Z/market-params-history/btc.json",1385,BDDFBDE3
liqwid-portable-data,1,"raw/api/fetches/20260725T074000705Z/market-params-history/copi.json",1389,198F0CFC
liqwid-portable-data,1,"raw/api/fetches/20260725T074000705Z/market-params-history/dai.json",1418,E00D77A6
liqwid-portable-data,1,"raw/api/fetches/20260725T074000705Z/market-params-history/djed.json",1428,22B2993F
liqwid-portable-data,1,"raw/api/fetches/20260725T074000705Z/market-params-history/erg.json",1385,21053ED4
liqwid-portable-data,1,"raw/api/fetches/20260725T074000705Z/market-params-history/eth.json",1385,AAC65A6B
liqwid-portable-data,1,"raw/api/fetches/20260725T074000705Z/market-params-history/eurc.json",1420,1A9FCFB8
liqwid-portable-data,1,"raw/api/fetches/20260725T074000705Z/market-params-history/iag.json",1387,BCD90632
liqwid-portable-data,1,"raw/api/fetches/20260725T074000705Z/market-params-history/iusd.json",1426,7C8773B5
liqwid-portable-data,1,"raw/api/fetches/20260725T074000705Z/market-params-history/lq.json",1275,A0502824
liqwid-portable-data,1,"raw/api/fetches/20260725T074000705Z/market-params-history/min.json",1388,6C77C642
liqwid-portable-data,1,"raw/api/fetches/20260725T074000705Z/market-params-history/night.json",1385,A7D48871
liqwid-portable-data,1,"raw/api/fetches/20260725T074000705Z/market-params-history/pol.json",1284,263FDA9F
liqwid-portable-data,1,"raw/api/fetches/20260725T074000705Z/market-params-history/pyusd.json",1422,500B351E
liqwid-portable-data,1,"raw/api/fetches/20260725T074000705Z/market-params-history/shen.json",1389,464F524B
liqwid-portable-data,1,"raw/api/fetches/20260725T074000705Z/market-params-history/snek.json",1391,03E06378
liqwid-portable-data,1,"raw/api/fetches/20260725T074000705Z/market-params-history/usda.json",1421,C4F96A4D
liqwid-portable-data,1,"raw/api/fetches/20260725T074000705Z/market-params-history/usdc.json",1418,4A2DE96B
liqwid-portable-data,1,"raw/api/fetches/20260725T074000705Z/market-params-history/usdcx-usdm-sundae-lp-stableswap.json",1471,5A135E6C
liqwid-portable-data,1,"raw/api/fetches/20260725T074000705Z/market-params-history/usdcx.json",1417,DB0E97E4
liqwid-portable-data,1,"raw/api/fetches/20260725T074000705Z/market-params-history/usdm-usda-minswap-lp-stable.json",1426,B809C5A5
liqwid-portable-data,1,"raw/api/fetches/20260725T074000705Z/market-params-history/usdm.json",1422,C602ECBD
liqwid-portable-data,1,"raw/api/fetches/20260725T074000705Z/market-params-history/usdt.json",1418,1DC20A02
liqwid-portable-data,1,"raw/api/fetches/20260725T074000705Z/market-params-history/wmt.json",1394,0D570976
liqwid-portable-data,1,"raw/api/fetches/20260725T074000705Z/markets/page-0000.json",20120,664D8C5A
liqwid-portable-data,1,"raw/api/fetches/20260725T074000705Z/protocol-fees/daily/2026-07-23.json",1285,FE6E2CBE
liqwid-portable-data,1,"raw/api/fetches/20260725T074000705Z/protocol-overview/daily/2026-07-23.json",760,842942CE
liqwid-portable-data,1,"raw/api/fetches/20260725T074000705Z/protocol-overview/monthly/2023-02-01.json",909,C5F018B2
liqwid-portable-data,1,"raw/api/fetches/20260725T074000705Z/protocol-overview/monthly/2026-07-01.json",926,88E50460
liqwid-portable-data,1,"raw/api/fetches/20260725T093416958Z/loans/all.json",486993,F8793D04
liqwid-portable-data,1,"raw/api/fetches/20260725T093416958Z/market-history/ada.json",1601,67636CED
liqwid-portable-data,1,"raw/api/fetches/20260725T093416958Z/market-history/agix.json",1506,0426E244
liqwid-portable-data,1,"raw/api/fetches/20260725T093416958Z/market-history/btc.json",1580,A8E1D0A6
liqwid-portable-data,1,"raw/api/fetches/20260725T093416958Z/market-history/copi.json",1549,E6B1EC37
liqwid-portable-data,1,"raw/api/fetches/20260725T093416958Z/market-history/dai.json",1566,53E3D425
liqwid-portable-data,1,"raw/api/fetches/20260725T093416958Z/market-history/djed.json",1617,A9578DF9
liqwid-portable-data,1,"raw/api/fetches/20260725T093416958Z/market-history/erg.json",1601,F9002B23
liqwid-portable-data,1,"raw/api/fetches/20260725T093416958Z/market-history/eth.json",1577,5C4E17C3
liqwid-portable-data,1,"raw/api/fetches/20260725T093416958Z/market-history/eurc.json",1494,4D8BCA82
liqwid-portable-data,1,"raw/api/fetches/20260725T093416958Z/market-history/iag.json",1595,C630F9DD
liqwid-portable-data,1,"raw/api/fetches/20260725T093416958Z/market-history/iusd.json",1599,92734151
liqwid-portable-data,1,"raw/api/fetches/20260725T093416958Z/market-history/lq.json",1501,CB0267B0
liqwid-portable-data,1,"raw/api/fetches/20260725T093416958Z/market-history/min.json",1600,91F0391F
liqwid-portable-data,1,"raw/api/fetches/20260725T093416958Z/market-history/night.json",1601,6A3557A0
liqwid-portable-data,1,"raw/api/fetches/20260725T093416958Z/market-history/pol.json",1505,928C53AB
liqwid-portable-data,1,"raw/api/fetches/20260725T093416958Z/market-history/pyusd.json",1484,24693F97
liqwid-portable-data,1,"raw/api/fetches/20260725T093416958Z/market-history/shen.json",1593,C6C3C080
liqwid-portable-data,1,"raw/api/fetches/20260725T093416958Z/market-history/snek.json",1564,C985D747
liqwid-portable-data,1,"raw/api/fetches/20260725T093416958Z/market-history/usda.json",1593,3ABC1A01
liqwid-portable-data,1,"raw/api/fetches/20260725T093416958Z/market-history/usdc.json",1659,400244C7
liqwid-portable-data,1,"raw/api/fetches/20260725T093416958Z/market-history/usdcx-usdm-sundae-lp-stableswap.json",1654,B59004D6
liqwid-portable-data,1,"raw/api/fetches/20260725T093416958Z/market-history/usdcx.json",1592,4EFFC61F
liqwid-portable-data,1,"raw/api/fetches/20260725T093416958Z/market-history/usdm-usda-minswap-lp-stable.json",1535,56638353
liqwid-portable-data,1,"raw/api/fetches/20260725T093416958Z/market-history/usdm.json",1598,B4D4799C
liqwid-portable-data,1,"raw/api/fetches/20260725T093416958Z/market-history/usdt.json",1616,BCFF4B38
liqwid-portable-data,1,"raw/api/fetches/20260725T093416958Z/market-history/wmt.json",1536,09273568
liqwid-portable-data,1,"raw/api/fetches/20260725T093416958Z/markets/page-0000.json",20084,248AB6E6
liqwid-portable-data,1,"raw/api/fetches/20260725T093416958Z/protocol-fees/daily/2026-07-24.json",1288,FA0E04DA
liqwid-portable-data,1,"raw/api/fetches/20260725T093416958Z/protocol-overview/daily/2026-07-24.json",746,F9A421BE
liqwid-portable-data,1,"raw/api/fetches/20260725T093416958Z/protocol-overview/monthly/2023-02-01.json",909,BCD89DD7
liqwid-portable-data,1,"raw/api/fetches/20260725T093416958Z/protocol-overview/monthly/2026-07-01.json",927,EBC4677B
liqwid-portable-data,1,"raw/api/fetches/20260725T130623269Z/loans/all.json",487715,EAEBCB6F
liqwid-portable-data,1,"raw/api/fetches/20260725T130623269Z/market-history/ada.json",1023,4FF024BE
liqwid-portable-data,1,"raw/api/fetches/20260725T130623269Z/market-history/agix.json",1025,AB000A7C
liqwid-portable-data,1,"raw/api/fetches/20260725T130623269Z/market-history/btc.json",1023,4914CBD2
liqwid-portable-data,1,"raw/api/fetches/20260725T130623269Z/market-history/copi.json",1025,407E0D7E
liqwid-portable-data,1,"raw/api/fetches/20260725T130623269Z/market-history/dai.json",1023,AE2B72B9
liqwid-portable-data,1,"raw/api/fetches/20260725T130623269Z/market-history/djed.json",1025,37EFB27D
liqwid-portable-data,1,"raw/api/fetches/20260725T130623269Z/market-history/erg.json",1023,19B05C4C
liqwid-portable-data,1,"raw/api/fetches/20260725T130623269Z/market-history/eth.json",1023,2227A01E
liqwid-portable-data,1,"raw/api/fetches/20260725T130623269Z/market-history/eurc.json",1025,601FCBC2
liqwid-portable-data,1,"raw/api/fetches/20260725T130623269Z/market-history/iag.json",1023,13CDD8F8
liqwid-portable-data,1,"raw/api/fetches/20260725T130623269Z/market-history/iusd.json",1025,DB4AB0D1
liqwid-portable-data,1,"raw/api/fetches/20260725T130623269Z/market-history/lq.json",1021,86301CBA
liqwid-portable-data,1,"raw/api/fetches/20260725T130623269Z/market-history/min.json",1023,F776B756
liqwid-portable-data,1,"raw/api/fetches/20260725T130623269Z/market-history/night.json",1027,E11ECFF8
liqwid-portable-data,1,"raw/api/fetches/20260725T130623269Z/market-history/pol.json",1023,1364A45F
liqwid-portable-data,1,"raw/api/fetches/20260725T130623269Z/market-history/pyusd.json",1027,F83212FE
liqwid-portable-data,1,"raw/api/fetches/20260725T130623269Z/market-history/shen.json",1025,C2A9B24D
liqwid-portable-data,1,"raw/api/fetches/20260725T130623269Z/market-history/snek.json",1025,6C4F95A2
liqwid-portable-data,1,"raw/api/fetches/20260725T130623269Z/market-history/usda.json",1025,6662B3E4
liqwid-portable-data,1,"raw/api/fetches/20260725T130623269Z/market-history/usdc.json",1025,B8E93C3A
liqwid-portable-data,1,"raw/api/fetches/20260725T130623269Z/market-history/usdcx-usdm-sundae-lp-stableswap.json",1079,E7B7DE42
liqwid-portable-data,1,"raw/api/fetches/20260725T130623269Z/market-history/usdcx.json",1027,9184163F
liqwid-portable-data,1,"raw/api/fetches/20260725T130623269Z/market-history/usdm-usda-minswap-lp-stable.json",1071,0DCAB4E1
liqwid-portable-data,1,"raw/api/fetches/20260725T130623269Z/market-history/usdm.json",1025,CCC899E3
liqwid-portable-data,1,"raw/api/fetches/20260725T130623269Z/market-history/usdt.json",1025,2DA80C43
liqwid-portable-data,1,"raw/api/fetches/20260725T130623269Z/market-history/wmt.json",1023,C7A24E6E
liqwid-portable-data,1,"raw/api/fetches/20260725T130623269Z/markets/page-0000.json",20118,5F3655E5
liqwid-portable-data,1,"raw/api/fetches/20260725T130623269Z/protocol-overview/monthly/2023-02-01.json",909,48B1AF27
liqwid-portable-data,1,"raw/api/fetches/20260725T130623269Z/protocol-overview/monthly/2026-07-01.json",927,4794E2DF
liqwid-portable-data,1,"raw/api/fetches/20260726T053027925Z/loans/all.json",484786,8C5C5EE0
liqwid-portable-data,1,"raw/api/fetches/20260726T053027925Z/market-history/ada.json",1023,8CC1EC38
liqwid-portable-data,1,"raw/api/fetches/20260726T053027925Z/market-history/agix.json",1025,BBAB146E
liqwid-portable-data,1,"raw/api/fetches/20260726T053027925Z/market-history/btc.json",1023,8A250354
liqwid-portable-data,1,"raw/api/fetches/20260726T053027925Z/market-history/copi.json",1025,50D5136C
liqwid-portable-data,1,"raw/api/fetches/20260726T053027925Z/market-history/dai.json",1023,6D1ABA3F
liqwid-portable-data,1,"raw/api/fetches/20260726T053027925Z/market-history/djed.json",1025,2744AC6F
liqwid-portable-data,1,"raw/api/fetches/20260726T053027925Z/market-history/erg.json",1023,DA8194CA
liqwid-portable-data,1,"raw/api/fetches/20260726T053027925Z/market-history/eth.json",1023,E1166898
liqwid-portable-data,1,"raw/api/fetches/20260726T053027925Z/market-history/eurc.json",1025,70B4D5D0
liqwid-portable-data,1,"raw/api/fetches/20260726T053027925Z/market-history/iag.json",1023,D0FC107E
liqwid-portable-data,1,"raw/api/fetches/20260726T053027925Z/market-history/iusd.json",1025,CBE1AEC3
liqwid-portable-data,1,"raw/api/fetches/20260726T053027925Z/market-history/lq.json",1021,0E7EED1D
liqwid-portable-data,1,"raw/api/fetches/20260726T053027925Z/market-history/min.json",1023,34477FD0
liqwid-portable-data,1,"raw/api/fetches/20260726T053027925Z/market-history/night.json",1027,8B283A8F
liqwid-portable-data,1,"raw/api/fetches/20260726T053027925Z/market-history/pol.json",1023,D0556CD9
liqwid-portable-data,1,"raw/api/fetches/20260726T053027925Z/market-history/pyusd.json",1027,9204E789
liqwid-portable-data,1,"raw/api/fetches/20260726T053027925Z/market-history/shen.json",1025,D202AC5F
liqwid-portable-data,1,"raw/api/fetches/20260726T053027925Z/market-history/snek.json",1025,7CE48BB0
liqwid-portable-data,1,"raw/api/fetches/20260726T053027925Z/market-history/usda.json",1025,76C9ADF6
liqwid-portable-data,1,"raw/api/fetches/20260726T053027925Z/market-history/usdc.json",1025,A8422228
liqwid-portable-data,1,"raw/api/fetches/20260726T053027925Z/market-history/usdcx-usdm-sundae-lp-stableswap.json",1079,CACFA762
liqwid-portable-data,1,"raw/api/fetches/20260726T053027925Z/market-history/usdcx.json",1027,FBB2E348
liqwid-portable-data,1,"raw/api/fetches/20260726T053027925Z/market-history/usdm-usda-minswap-lp-stable.json",1071,A1B2EFD4
liqwid-portable-data,1,"raw/api/fetches/20260726T053027925Z/market-history/usdm.json",1025,DC6387F1
liqwid-portable-data,1,"raw/api/fetches/20260726T053027925Z/market-history/usdt.json",1025,3D031251
liqwid-portable-data,1,"raw/api/fetches/20260726T053027925Z/market-history/wmt.json",1023,049386E8
liqwid-portable-data,1,"raw/api/fetches/20260726T053027925Z/market-params-history/ada.json",1436,B07096F0
liqwid-portable-data,1,"raw/api/fetches/20260726T053027925Z/market-params-history/agix.json",1435,AE221BD3
liqwid-portable-data,1,"raw/api/fetches/20260726T053027925Z/market-params-history/btc.json",1385,F6882F60
liqwid-portable-data,1,"raw/api/fetches/20260726T053027925Z/market-params-history/copi.json",1389,4366D736
liqwid-portable-data,1,"raw/api/fetches/20260726T053027925Z/market-params-history/dai.json",1418,A1673267
liqwid-portable-data,1,"raw/api/fetches/20260726T053027925Z/market-params-history/djed.json",1428,48FE3A24
liqwid-portable-data,1,"raw/api/fetches/20260726T053027925Z/market-params-history/erg.json",1385,6A52AC57
liqwid-portable-data,1,"raw/api/fetches/20260726T053027925Z/market-params-history/eth.json",1385,E191C8E8
liqwid-portable-data,1,"raw/api/fetches/20260726T053027925Z/market-params-history/eurc.json",1420,BC32CBE2
liqwid-portable-data,1,"raw/api/fetches/20260726T053027925Z/market-params-history/iag.json",1387,B2767485
liqwid-portable-data,1,"raw/api/fetches/20260726T053027925Z/market-params-history/iusd.json",1426,46E61EEE
liqwid-portable-data,1,"raw/api/fetches/20260726T053027925Z/market-params-history/lq.json",1275,8D1DBB4D
liqwid-portable-data,1,"raw/api/fetches/20260726T053027925Z/market-params-history/min.json",1388,397C4F1F
liqwid-portable-data,1,"raw/api/fetches/20260726T053027925Z/market-params-history/night.json",1385,2D796457
liqwid-portable-data,1,"raw/api/fetches/20260726T053027925Z/market-params-history/pol.json",1284,EA6D2FC4
liqwid-portable-data,1,"raw/api/fetches/20260726T053027925Z/market-params-history/pyusd.json",1422,65C8F454
liqwid-portable-data,1,"raw/api/fetches/20260726T053027925Z/market-params-history/shen.json",1389,1CA68981
liqwid-portable-data,1,"raw/api/fetches/20260726T053027925Z/market-params-history/snek.json",1391,23F40D09
liqwid-portable-data,1,"raw/api/fetches/20260726T053027925Z/market-params-history/usda.json",1421,4FE17FA3
liqwid-portable-data,1,"raw/api/fetches/20260726T053027925Z/market-params-history/usdc.json",1418,181B10B0
liqwid-portable-data,1,"raw/api/fetches/20260726T053027925Z/market-params-history/usdcx-usdm-sundae-lp-stableswap.json",1471,E52005CC
liqwid-portable-data,1,"raw/api/fetches/20260726T053027925Z/market-params-history/usdcx.json",1417,52880219
liqwid-portable-data,1,"raw/api/fetches/20260726T053027925Z/market-params-history/usdm-usda-minswap-lp-stable.json",1426,E1DD11AD
liqwid-portable-data,1,"raw/api/fetches/20260726T053027925Z/market-params-history/usdm.json",1422,813B3BD7
liqwid-portable-data,1,"raw/api/fetches/20260726T053027925Z/market-params-history/usdt.json",1418,4FF4F3D9
liqwid-portable-data,1,"raw/api/fetches/20260726T053027925Z/market-params-history/wmt.json",1394,BCC7ABE6
liqwid-portable-data,1,"raw/api/fetches/20260726T053027925Z/markets/page-0000.json",20110,78224A58
liqwid-portable-data,1,"raw/api/fetches/20260726T053027925Z/protocol-overview/monthly/2023-02-01.json",909,AEEAB2E4
liqwid-portable-data,1,"raw/api/fetches/20260726T053027925Z/protocol-overview/monthly/2026-07-01.json",927,00DA1140
liqwid-portable-data,1,"raw/api/fetches/20260726T141929057Z/loans/all.json",484381,D6214D0C
liqwid-portable-data,1,"raw/api/fetches/20260726T141929057Z/market-history/ada.json",1601,DE2BCEA5
liqwid-portable-data,1,"raw/api/fetches/20260726T141929057Z/market-history/agix.json",1506,74051DA6
liqwid-portable-data,1,"raw/api/fetches/20260726T141929057Z/market-history/btc.json",1585,B6485820
liqwid-portable-data,1,"raw/api/fetches/20260726T141929057Z/market-history/copi.json",1549,BFD7E6EE
liqwid-portable-data,1,"raw/api/fetches/20260726T141929057Z/market-history/dai.json",1581,BBB46783
liqwid-portable-data,1,"raw/api/fetches/20260726T141929057Z/market-history/djed.json",1657,C3EEC767
liqwid-portable-data,1,"raw/api/fetches/20260726T141929057Z/market-history/erg.json",1610,85F366D8
liqwid-portable-data,1,"raw/api/fetches/20260726T141929057Z/market-history/eth.json",1586,905171E4
liqwid-portable-data,1,"raw/api/fetches/20260726T141929057Z/market-history/eurc.json",1502,324E3066
liqwid-portable-data,1,"raw/api/fetches/20260726T141929057Z/market-history/iag.json",1606,DB9F7E12
liqwid-portable-data,1,"raw/api/fetches/20260726T141929057Z/market-history/iusd.json",1606,C5E70EF9
liqwid-portable-data,1,"raw/api/fetches/20260726T141929057Z/market-history/lq.json",1501,F427DC01
liqwid-portable-data,1,"raw/api/fetches/20260726T141929057Z/market-history/min.json",1604,3677D672
liqwid-portable-data,1,"raw/api/fetches/20260726T141929057Z/market-history/night.json",1619,D20DED98
liqwid-portable-data,1,"raw/api/fetches/20260726T141929057Z/market-history/pol.json",1505,219647A5
liqwid-portable-data,1,"raw/api/fetches/20260726T141929057Z/market-history/pyusd.json",1484,9F4A979F
liqwid-portable-data,1,"raw/api/fetches/20260726T141929057Z/market-history/shen.json",1609,E47A42DA
liqwid-portable-data,1,"raw/api/fetches/20260726T141929057Z/market-history/snek.json",1581,157D9A0D
liqwid-portable-data,1,"raw/api/fetches/20260726T141929057Z/market-history/usda.json",1599,27509DDA
liqwid-portable-data,1,"raw/api/fetches/20260726T141929057Z/market-history/usdc.json",1649,8642C982
liqwid-portable-data,1,"raw/api/fetches/20260726T141929057Z/market-history/usdcx-usdm-sundae-lp-stableswap.json",1637,EAFBB0DE
liqwid-portable-data,1,"raw/api/fetches/20260726T141929057Z/market-history/usdcx.json",1599,1AA3241F
liqwid-portable-data,1,"raw/api/fetches/20260726T141929057Z/market-history/usdm-usda-minswap-lp-stable.json",1543,719A2850
liqwid-portable-data,1,"raw/api/fetches/20260726T141929057Z/market-history/usdm.json",1618,1D0A8C79
liqwid-portable-data,1,"raw/api/fetches/20260726T141929057Z/market-history/usdt.json",1638,9A150A8F
liqwid-portable-data,1,"raw/api/fetches/20260726T141929057Z/market-history/wmt.json",1536,B1DEB270
liqwid-portable-data,1,"raw/api/fetches/20260726T141929057Z/markets/page-0000.json",20112,ECBD9303
liqwid-portable-data,1,"raw/api/fetches/20260726T141929057Z/protocol-fees/daily/2026-07-25.json",1288,005E7BDB
liqwid-portable-data,1,"raw/api/fetches/20260726T141929057Z/protocol-overview/daily/2026-07-25.json",776,96BAAB44
liqwid-portable-data,1,"raw/api/fetches/20260726T141929057Z/protocol-overview/monthly/2023-02-01.json",909,40255AD2
liqwid-portable-data,1,"raw/api/fetches/20260726T141929057Z/protocol-overview/monthly/2026-07-01.json",926,49B2A5F3
liqwid-portable-data,1,"raw/api/fetches/20260727T071125414Z/loans/all.json",484117,DC39E320
liqwid-portable-data,1,"raw/api/fetches/20260727T071125414Z/market-history/ada.json",1023,93ADBD59
liqwid-portable-data,1,"raw/api/fetches/20260727T071125414Z/market-history/agix.json",1025,1D8DCF93
liqwid-portable-data,1,"raw/api/fetches/20260727T071125414Z/market-history/btc.json",1023,95495235
liqwid-portable-data,1,"raw/api/fetches/20260727T071125414Z/market-history/copi.json",1025,F6F3C891
liqwid-portable-data,1,"raw/api/fetches/20260727T071125414Z/market-history/dai.json",1023,7276EB5E
liqwid-portable-data,1,"raw/api/fetches/20260727T071125414Z/market-history/djed.json",1025,81627792
liqwid-portable-data,1,"raw/api/fetches/20260727T071125414Z/market-history/erg.json",1023,C5EDC5AB
liqwid-portable-data,1,"raw/api/fetches/20260727T071125414Z/market-history/eth.json",1023,FE7A39F9
liqwid-portable-data,1,"raw/api/fetches/20260727T071125414Z/market-history/eurc.json",1025,D6920E2D
liqwid-portable-data,1,"raw/api/fetches/20260727T071125414Z/market-history/iag.json",1023,CF90411F
liqwid-portable-data,1,"raw/api/fetches/20260727T071125414Z/market-history/iusd.json",1025,6DC7753E
liqwid-portable-data,1,"raw/api/fetches/20260727T071125414Z/market-history/lq.json",1021,961941C2
liqwid-portable-data,1,"raw/api/fetches/20260727T071125414Z/market-history/min.json",1023,2B2B2EB1
liqwid-portable-data,1,"raw/api/fetches/20260727T071125414Z/market-history/night.json",1027,FD97F710
liqwid-portable-data,1,"raw/api/fetches/20260727T071125414Z/market-history/pol.json",1023,CF393DB8
liqwid-portable-data,1,"raw/api/fetches/20260727T071125414Z/market-history/pyusd.json",1027,E4BB2A16
liqwid-portable-data,1,"raw/api/fetches/20260727T071125414Z/market-history/shen.json",1025,742477A2
liqwid-portable-data,1,"raw/api/fetches/20260727T071125414Z/market-history/snek.json",1025,DAC2504D
liqwid-portable-data,1,"raw/api/fetches/20260727T071125414Z/market-history/usda.json",1025,D0EF760B
liqwid-portable-data,1,"raw/api/fetches/20260727T071125414Z/market-history/usdc.json",1025,0E64F9D5
liqwid-portable-data,1,"raw/api/fetches/20260727T071125414Z/market-history/usdcx-usdm-sundae-lp-stableswap.json",1079,EFB9890D
liqwid-portable-data,1,"raw/api/fetches/20260727T071125414Z/market-history/usdcx.json",1027,8D0D2ED7
liqwid-portable-data,1,"raw/api/fetches/20260727T071125414Z/market-history/usdm-usda-minswap-lp-stable.json",1071,64CE3B53
liqwid-portable-data,1,"raw/api/fetches/20260727T071125414Z/market-history/usdm.json",1025,7A455C0C
liqwid-portable-data,1,"raw/api/fetches/20260727T071125414Z/market-history/usdt.json",1025,9B25C9AC
liqwid-portable-data,1,"raw/api/fetches/20260727T071125414Z/market-history/wmt.json",1023,1BFFD789
liqwid-portable-data,1,"raw/api/fetches/20260727T071125414Z/market-params-history/ada.json",1436,3151A9C5
liqwid-portable-data,1,"raw/api/fetches/20260727T071125414Z/market-params-history/agix.json",1435,3D3AE41E
liqwid-portable-data,1,"raw/api/fetches/20260727T071125414Z/market-params-history/btc.json",1385,6F1CCA1E
liqwid-portable-data,1,"raw/api/fetches/20260727T071125414Z/market-params-history/copi.json",1389,F1F4A572
liqwid-portable-data,1,"raw/api/fetches/20260727T071125414Z/market-params-history/dai.json",1418,B0ABADBE
liqwid-portable-data,1,"raw/api/fetches/20260727T071125414Z/market-params-history/djed.json",1428,68AF1E1F
liqwid-portable-data,1,"raw/api/fetches/20260727T071125414Z/market-params-history/erg.json",1385,F3C64929
liqwid-portable-data,1,"raw/api/fetches/20260727T071125414Z/market-params-history/eth.json",1385,78052D96
liqwid-portable-data,1,"raw/api/fetches/20260727T071125414Z/market-params-history/eurc.json",1420,20516012
liqwid-portable-data,1,"raw/api/fetches/20260727T071125414Z/market-params-history/iag.json",1387,D3AAAF9E
liqwid-portable-data,1,"raw/api/fetches/20260727T071125414Z/market-params-history/iusd.json",1426,8919B009
liqwid-portable-data,1,"raw/api/fetches/20260727T071125414Z/market-params-history/lq.json",1275,7F4317A7
liqwid-portable-data,1,"raw/api/fetches/20260727T071125414Z/market-params-history/min.json",1388,B3785A28
liqwid-portable-data,1,"raw/api/fetches/20260727T071125414Z/market-params-history/night.json",1385,8524DB95
liqwid-portable-data,1,"raw/api/fetches/20260727T071125414Z/market-params-history/pol.json",1284,88CD136D
liqwid-portable-data,1,"raw/api/fetches/20260727T071125414Z/market-params-history/pyusd.json",1422,9C59B955
liqwid-portable-data,1,"raw/api/fetches/20260727T071125414Z/market-params-history/shen.json",1389,AE34FBC5
liqwid-portable-data,1,"raw/api/fetches/20260727T071125414Z/market-params-history/snek.json",1391,09EA258A
liqwid-portable-data,1,"raw/api/fetches/20260727T071125414Z/market-params-history/usda.json",1421,F2C0EE14
liqwid-portable-data,1,"raw/api/fetches/20260727T071125414Z/market-params-history/usdc.json",1418,056226A1
liqwid-portable-data,1,"raw/api/fetches/20260727T071125414Z/market-params-history/usdcx-usdm-sundae-lp-stableswap.json",1471,B55C53B4
liqwid-portable-data,1,"raw/api/fetches/20260727T071125414Z/market-params-history/usdcx.json",1417,554FE08F
liqwid-portable-data,1,"raw/api/fetches/20260727T071125414Z/market-params-history/usdm-usda-minswap-lp-stable.json",1426,43F47734
liqwid-portable-data,1,"raw/api/fetches/20260727T071125414Z/market-params-history/usdm.json",1422,D4833C69
liqwid-portable-data,1,"raw/api/fetches/20260727T071125414Z/market-params-history/usdt.json",1418,528DC5C8
liqwid-portable-data,1,"raw/api/fetches/20260727T071125414Z/market-params-history/wmt.json",1394,6E788D00
liqwid-portable-data,1,"raw/api/fetches/20260727T071125414Z/markets/page-0000.json",20108,A846D010
liqwid-portable-data,1,"raw/api/fetches/20260727T071125414Z/protocol-overview/monthly/2023-02-01.json",909,013FFCB8
liqwid-portable-data,1,"raw/api/fetches/20260727T071125414Z/protocol-overview/monthly/2026-07-01.json",926,EFF32617
liqwid-portable-data,1,"raw/api/fetches/20260729T081500000Z/protocol-overview/daily/2023-02-02--2023-02-06.json",3330,A37F4445
liqwid-portable-data,1,"raw/api/fetches/20260729T081500000Z/protocol-overview/daily/2023-02-07--2023-02-11.json",3312,2D713050
liqwid-portable-data,1,"raw/api/fetches/20260729T081500000Z/protocol-overview/daily/2023-02-12--2023-02-16.json",3323,3C0E582D
liqwid-portable-data,1,"raw/api/fetches/20260729T081500000Z/protocol-overview/daily/2023-02-17--2023-02-21.json",3337,923436B1
liqwid-portable-data,1,"raw/api/fetches/20260729T081500000Z/protocol-overview/daily/2023-02-22--2023-02-26.json",3288,176B13D8
liqwid-portable-data,1,"raw/api/fetches/20260729T081500000Z/protocol-overview/daily/2023-02-27--2023-03-03.json",3349,87BD8BF5
liqwid-portable-data,1,"raw/api/fetches/20260729T081500000Z/protocol-overview/daily/2023-03-04--2023-03-08.json",3352,2E2CD4FE
liqwid-portable-data,1,"raw/api/fetches/20260729T081500000Z/protocol-overview/daily/2023-03-09--2023-03-13.json",3345,BEBBC581
liqwid-portable-data,1,"raw/api/fetches/20260729T081500000Z/protocol-overview/daily/2023-03-14--2023-03-18.json",3374,A8256B0E
liqwid-portable-data,1,"raw/api/fetches/20260729T081500000Z/protocol-overview/daily/2023-03-19--2023-03-23.json",3325,FF149D47
liqwid-portable-data,1,"raw/api/fetches/20260729T081500000Z/protocol-overview/daily/2023-03-24--2023-03-28.json",3335,0EF50F02
liqwid-portable-data,1,"raw/api/fetches/20260729T081500000Z/protocol-overview/daily/2023-03-29--2023-04-02.json",3333,5910D708
liqwid-portable-data,1,"raw/api/fetches/20260729T081500000Z/protocol-overview/daily/2023-04-03--2023-04-07.json",3362,9F804293
liqwid-portable-data,1,"raw/api/fetches/20260729T081500000Z/protocol-overview/daily/2023-04-08--2023-04-12.json",3374,9EB140E5
liqwid-portable-data,1,"raw/api/fetches/20260729T081500000Z/protocol-overview/daily/2023-04-13--2023-04-17.json",3396,2AD56161
liqwid-portable-data,1,"raw/api/fetches/20260729T081500000Z/protocol-overview/daily/2023-04-18--2023-04-22.json",3370,CC339ECF
liqwid-portable-data,1,"raw/api/fetches/20260729T081500000Z/protocol-overview/daily/2023-04-23--2023-04-27.json",3336,8E9BE490
liqwid-portable-data,1,"raw/api/fetches/20260729T081500000Z/protocol-overview/daily/2023-04-28--2023-05-02.json",3347,22C5E762
liqwid-portable-data,1,"raw/api/fetches/20260729T081500000Z/protocol-overview/daily/2023-05-03--2023-05-07.json",3397,F6D09B6A
liqwid-portable-data,1,"raw/api/fetches/20260729T081500000Z/protocol-overview/daily/2023-05-08--2023-05-12.json",3383,8621E1BE
liqwid-portable-data,1,"raw/api/fetches/20260729T081500000Z/protocol-overview/daily/2023-05-13--2023-05-17.json",3343,9C096219
liqwid-portable-data,1,"raw/api/fetches/20260729T081500000Z/protocol-overview/daily/2023-05-18--2023-05-22.json",3335,A87BA307
liqwid-portable-data,1,"raw/api/fetches/20260729T081500000Z/protocol-overview/daily/2023-05-23--2023-05-27.json",3356,34CEBF0D
liqwid-portable-data,1,"raw/api/fetches/20260729T081500000Z/protocol-overview/daily/2023-05-28--2023-06-01.json",3368,D1BA3635
liqwid-portable-data,1,"raw/api/fetches/20260729T081500000Z/protocol-overview/daily/2023-06-02--2023-06-06.json",3396,A07ABC52
liqwid-portable-data,1,"raw/api/fetches/20260729T081500000Z/protocol-overview/daily/2023-06-07--2023-06-11.json",3434,0580D706
liqwid-portable-data,1,"raw/api/fetches/20260729T081500000Z/protocol-overview/daily/2023-06-12--2023-06-16.json",3417,4368AF9B
liqwid-portable-data,1,"raw/api/fetches/20260729T081500000Z/protocol-overview/daily/2023-06-17--2023-06-21.json",3397,719DAC74
liqwid-portable-data,1,"raw/api/fetches/20260729T081500000Z/protocol-overview/daily/2023-06-22--2023-06-26.json",3354,7EC31851
liqwid-portable-data,1,"raw/api/fetches/20260729T081500000Z/protocol-overview/daily/2023-06-27--2023-07-01.json",3375,3FA9CF20
liqwid-portable-data,1,"raw/api/fetches/20260729T081500000Z/protocol-overview/daily/2023-07-02--2023-07-06.json",3338,DFA0063D
liqwid-portable-data,1,"raw/api/fetches/20260729T081500000Z/protocol-overview/daily/2023-07-07--2023-07-11.json",3368,EABCD697
liqwid-portable-data,1,"raw/api/fetches/20260729T081500000Z/protocol-overview/daily/2023-07-12--2023-07-16.json",3392,A422C574
liqwid-portable-data,1,"raw/api/fetches/20260729T081500000Z/protocol-overview/daily/2023-07-17--2023-07-21.json",3373,51312888
liqwid-portable-data,1,"raw/api/fetches/20260729T081500000Z/protocol-overview/daily/2023-07-22--2023-07-26.json",3345,D813E329
liqwid-portable-data,1,"raw/api/fetches/20260729T081500000Z/protocol-overview/daily/2023-07-27--2023-07-31.json",3345,F83FE4C5
liqwid-portable-data,1,"raw/api/fetches/20260729T081500000Z/protocol-overview/daily/2023-08-01--2023-08-05.json",3402,4EB8A2C2
liqwid-portable-data,1,"raw/api/fetches/20260729T081500000Z/protocol-overview/daily/2023-08-06--2023-08-10.json",3378,93339091
liqwid-portable-data,1,"raw/api/fetches/20260729T081500000Z/protocol-overview/daily/2023-08-11--2023-08-15.json",3363,095E91B4
liqwid-portable-data,1,"raw/api/fetches/20260729T081500000Z/protocol-overview/daily/2023-08-16--2023-08-20.json",3413,DFFDEDA9
liqwid-portable-data,1,"raw/api/fetches/20260729T081500000Z/protocol-overview/daily/2023-08-21--2023-08-25.json",3395,25CC906E
liqwid-portable-data,1,"raw/api/fetches/20260729T081500000Z/protocol-overview/daily/2023-08-26--2023-08-30.json",3380,BD825C64
liqwid-portable-data,1,"raw/api/fetches/20260729T081500000Z/protocol-overview/daily/2023-08-31--2023-09-04.json",3369,C7218C74
liqwid-portable-data,1,"raw/api/fetches/20260729T081500000Z/protocol-overview/daily/2023-09-05--2023-09-09.json",3371,0CAF6E85
liqwid-portable-data,1,"raw/api/fetches/20260729T081500000Z/protocol-overview/daily/2023-09-10--2023-09-14.json",3398,B5A2166F
liqwid-portable-data,1,"raw/api/fetches/20260729T081500000Z/protocol-overview/daily/2023-09-15--2023-09-19.json",3372,D9E549D9
liqwid-portable-data,1,"raw/api/fetches/20260729T081500000Z/protocol-overview/daily/2023-09-20--2023-09-24.json",3386,97361090
liqwid-portable-data,1,"raw/api/fetches/20260729T081500000Z/protocol-overview/daily/2023-09-25--2023-09-29.json",3360,31473D05
liqwid-portable-data,1,"raw/api/fetches/20260729T081500000Z/protocol-overview/daily/2023-09-30--2023-10-04.json",3357,15DEA957
liqwid-portable-data,1,"raw/api/fetches/20260729T081500000Z/protocol-overview/daily/2023-10-05--2023-10-09.json",3379,09E9C9C0
liqwid-portable-data,1,"raw/api/fetches/20260729T081500000Z/protocol-overview/daily/2023-10-10--2023-10-14.json",3372,1456023F
liqwid-portable-data,1,"raw/api/fetches/20260729T081500000Z/protocol-overview/daily/2023-10-15--2023-10-19.json",3412,8F59ECB1
liqwid-portable-data,1,"raw/api/fetches/20260729T081500000Z/protocol-overview/daily/2023-10-20--2023-10-24.json",3415,FE3CF7FA
liqwid-portable-data,1,"raw/api/fetches/20260729T081500000Z/protocol-overview/daily/2023-10-25--2023-10-29.json",3405,B38B7FF2
liqwid-portable-data,1,"raw/api/fetches/20260729T081500000Z/protocol-overview/daily/2023-10-30--2023-11-03.json",3399,1F2D6947
liqwid-portable-data,1,"raw/api/fetches/20260729T081500000Z/protocol-overview/daily/2023-11-04--2023-11-08.json",3474,97009463
liqwid-portable-data,1,"raw/api/fetches/20260729T081500000Z/protocol-overview/daily/2023-11-09--2023-11-13.json",3437,BCC2103B
liqwid-portable-data,1,"raw/api/fetches/20260729T081500000Z/protocol-overview/daily/2023-11-14--2023-11-18.json",3449,A399334D
liqwid-portable-data,1,"raw/api/fetches/20260729T081500000Z/protocol-overview/daily/2023-11-19--2023-11-23.json",3420,D774BCD7
liqwid-portable-data,1,"raw/api/fetches/20260729T081500000Z/protocol-overview/daily/2023-11-24--2023-11-28.json",3422,22168100
liqwid-portable-data,1,"raw/api/fetches/20260729T081500000Z/protocol-overview/daily/2023-11-29--2023-12-03.json",3403,ADDE7D46
liqwid-portable-data,1,"raw/api/fetches/20260729T081500000Z/protocol-overview/daily/2023-12-04--2023-12-08.json",3470,C3D70A09
liqwid-portable-data,1,"raw/api/fetches/20260729T081500000Z/protocol-overview/daily/2023-12-09--2023-12-13.json",3461,538DB470
liqwid-portable-data,1,"raw/api/fetches/20260729T081500000Z/protocol-overview/daily/2023-12-14--2023-12-18.json",3404,802F9445
liqwid-portable-data,1,"raw/api/fetches/20260729T081500000Z/protocol-overview/daily/2023-12-19--2023-12-23.json",3414,C9D6BB0F
liqwid-portable-data,1,"raw/api/fetches/20260729T081500000Z/protocol-overview/daily/2023-12-24--2023-12-28.json",3388,BCF7A686
liqwid-portable-data,1,"raw/api/fetches/20260729T081500000Z/protocol-overview/daily/2023-12-29--2024-01-02.json",3403,023EF5D1
liqwid-portable-data,1,"raw/api/fetches/20260729T081500000Z/protocol-overview/daily/2024-01-03--2024-01-07.json",3418,89D1719E
liqwid-portable-data,1,"raw/api/fetches/20260729T081500000Z/protocol-overview/daily/2024-01-08--2024-01-12.json",3449,82D7FECA
liqwid-portable-data,1,"raw/api/fetches/20260729T081500000Z/protocol-overview/daily/2024-01-13--2024-01-17.json",3395,857DA650
liqwid-portable-data,1,"raw/api/fetches/20260729T081500000Z/protocol-overview/daily/2024-01-18--2024-01-22.json",3431,A1E59C60
liqwid-portable-data,1,"raw/api/fetches/20260729T081500000Z/protocol-overview/daily/2024-01-23--2024-01-27.json",3412,CBE3EB46
liqwid-portable-data,1,"raw/api/fetches/20260729T081500000Z/protocol-overview/daily/2024-01-28--2024-02-01.json",3393,1EFA2C16
liqwid-portable-data,1,"raw/api/fetches/20260729T081500000Z/protocol-overview/daily/2024-02-02--2024-02-06.json",3383,061E8973
liqwid-portable-data,1,"raw/api/fetches/20260729T081500000Z/protocol-overview/daily/2024-02-07--2024-02-11.json",3390,A024867A
liqwid-portable-data,1,"raw/api/fetches/20260729T081500000Z/protocol-overview/daily/2024-02-12--2024-02-16.json",3390,BB41F2D7
liqwid-portable-data,1,"raw/api/fetches/20260729T081500000Z/protocol-overview/daily/2024-02-17--2024-02-21.json",3409,EE41B8D6
liqwid-portable-data,1,"raw/api/fetches/20260729T081500000Z/protocol-overview/daily/2024-02-22--2024-02-26.json",3426,95A123C9
liqwid-portable-data,1,"raw/api/fetches/20260729T081500000Z/protocol-overview/daily/2024-02-27--2024-03-02.json",3426,603878DD
liqwid-portable-data,1,"raw/api/fetches/20260729T081500000Z/protocol-overview/daily/2024-03-03--2024-03-07.json",3443,90A1C84E
liqwid-portable-data,1,"raw/api/fetches/20260729T081500000Z/protocol-overview/daily/2024-03-08--2024-03-12.json",3385,DFBB2EBF
liqwid-portable-data,1,"raw/api/fetches/20260729T081500000Z/protocol-overview/daily/2024-03-13--2024-03-17.json",3413,FB15FFAC
liqwid-portable-data,1,"raw/api/fetches/20260729T081500000Z/protocol-overview/daily/2024-03-18--2024-03-22.json",3432,0FFD620B
liqwid-portable-data,1,"raw/api/fetches/20260729T081500000Z/protocol-overview/daily/2024-03-23--2024-03-27.json",3465,3B9B7934
liqwid-portable-data,1,"raw/api/fetches/20260729T081500000Z/protocol-overview/daily/2024-03-28--2024-04-01.json",3409,4B2C5128
liqwid-portable-data,1,"raw/api/fetches/20260729T081500000Z/protocol-overview/daily/2024-04-02--2024-04-06.json",3427,9DF8F6EF
liqwid-portable-data,1,"raw/api/fetches/20260729T081500000Z/protocol-overview/daily/2024-04-07--2024-04-11.json",3440,F6D01EA4
liqwid-portable-data,1,"raw/api/fetches/20260729T081500000Z/protocol-overview/daily/2024-04-12--2024-04-16.json",3444,891241A6
liqwid-portable-data,1,"raw/api/fetches/20260729T081500000Z/protocol-overview/daily/2024-04-17--2024-04-21.json",3436,704CD97E
liqwid-portable-data,1,"raw/api/fetches/20260729T081500000Z/protocol-overview/daily/2024-04-22--2024-04-26.json",3514,258BAEB1
liqwid-portable-data,1,"raw/api/fetches/20260729T081500000Z/protocol-overview/daily/2024-04-27--2024-05-01.json",3558,560FDCE9
liqwid-portable-data,1,"raw/api/fetches/20260729T081500000Z/protocol-overview/daily/2024-05-02--2024-05-06.json",3536,0293B4C1
liqwid-portable-data,1,"raw/api/fetches/20260729T081500000Z/protocol-overview/daily/2024-05-07--2024-05-11.json",3504,05B2E6B9
liqwid-portable-data,1,"raw/api/fetches/20260729T081500000Z/protocol-overview/daily/2024-05-12--2024-05-16.json",3517,34E759AA
liqwid-portable-data,1,"raw/api/fetches/20260729T081500000Z/protocol-overview/daily/2024-05-17--2024-05-21.json",3511,A4F8FF23
liqwid-portable-data,1,"raw/api/fetches/20260729T081500000Z/protocol-overview/daily/2024-05-22--2024-05-26.json",3508,12A4FBA1
liqwid-portable-data,1,"raw/api/fetches/20260729T081500000Z/protocol-overview/daily/2024-05-27--2024-05-31.json",3506,8DDEEA58
liqwid-portable-data,1,"raw/api/fetches/20260729T081500000Z/protocol-overview/daily/2024-06-01--2024-06-05.json",3521,6EDD3E2F
liqwid-portable-data,1,"raw/api/fetches/20260729T081500000Z/protocol-overview/daily/2024-06-06--2024-06-10.json",3489,38BE4425
liqwid-portable-data,1,"raw/api/fetches/20260729T081500000Z/protocol-overview/daily/2024-06-11--2024-06-15.json",3552,4F273926
liqwid-portable-data,1,"raw/api/fetches/20260729T081500000Z/protocol-overview/daily/2024-06-16--2024-06-20.json",3590,BD69C509
liqwid-portable-data,1,"raw/api/fetches/20260729T081500000Z/protocol-overview/daily/2024-06-21--2024-06-25.json",3522,7427DA80
liqwid-portable-data,1,"raw/api/fetches/20260729T081500000Z/protocol-overview/daily/2024-06-26--2024-06-30.json",3488,92585DAB
liqwid-portable-data,1,"raw/api/fetches/20260729T081500000Z/protocol-overview/daily/2024-07-01--2024-07-05.json",3529,52BE388B
liqwid-portable-data,1,"raw/api/fetches/20260729T081500000Z/protocol-overview/daily/2024-07-06--2024-07-10.json",3513,D9A0F233
liqwid-portable-data,1,"raw/api/fetches/20260729T081500000Z/protocol-overview/daily/2024-07-11--2024-07-15.json",3480,1D9CECAC
liqwid-portable-data,1,"raw/api/fetches/20260729T081500000Z/protocol-overview/daily/2024-07-16--2024-07-20.json",3527,0A3FD7B6
liqwid-portable-data,1,"raw/api/fetches/20260729T081500000Z/protocol-overview/daily/2024-07-21--2024-07-25.json",3504,6CAF2B36
liqwid-portable-data,1,"raw/api/fetches/20260729T081500000Z/protocol-overview/daily/2024-07-26--2024-07-30.json",3496,7854EB73
liqwid-portable-data,1,"raw/api/fetches/20260729T081500000Z/protocol-overview/daily/2024-07-31--2024-08-04.json",3532,C77B62FF
liqwid-portable-data,1,"raw/api/fetches/20260729T081500000Z/protocol-overview/daily/2024-08-05--2024-08-09.json",3560,C70F6B38
liqwid-portable-data,1,"raw/api/fetches/20260729T081500000Z/protocol-overview/daily/2024-08-10--2024-08-14.json",3497,0177ECEC
liqwid-portable-data,1,"raw/api/fetches/20260729T081500000Z/protocol-overview/daily/2024-08-15--2024-08-19.json",3519,A41B0CE0
liqwid-portable-data,1,"raw/api/fetches/20260729T081500000Z/protocol-overview/daily/2024-08-20--2024-08-24.json",3500,6389DEED
liqwid-portable-data,1,"raw/api/fetches/20260729T081500000Z/protocol-overview/daily/2024-08-25--2024-08-29.json",3514,7A2C91A6
liqwid-portable-data,1,"raw/api/fetches/20260729T081500000Z/protocol-overview/daily/2024-08-30--2024-09-03.json",3509,2AC773D7
liqwid-portable-data,1,"raw/api/fetches/20260729T081500000Z/protocol-overview/daily/2024-09-04--2024-09-08.json",3512,D29FFEA8
liqwid-portable-data,1,"raw/api/fetches/20260729T081500000Z/protocol-overview/daily/2024-09-09--2024-09-13.json",3510,674A7FF9
liqwid-portable-data,1,"raw/api/fetches/20260729T081500000Z/protocol-overview/daily/2024-09-14--2024-09-18.json",3526,0867B999
liqwid-portable-data,1,"raw/api/fetches/20260729T081500000Z/protocol-overview/daily/2024-09-19--2024-09-23.json",3509,0FC55302
liqwid-portable-data,1,"raw/api/fetches/20260729T081500000Z/protocol-overview/daily/2024-09-24--2024-09-28.json",3519,CF08C86A
liqwid-portable-data,1,"raw/api/fetches/20260729T081500000Z/protocol-overview/daily/2024-09-29--2024-10-03.json",3516,49518374
liqwid-portable-data,1,"raw/api/fetches/20260729T081500000Z/protocol-overview/daily/2024-10-04--2024-10-08.json",3478,1AD5D986
liqwid-portable-data,1,"raw/api/fetches/20260729T081500000Z/protocol-overview/daily/2024-10-09--2024-10-13.json",3545,0A423C6B
liqwid-portable-data,1,"raw/api/fetches/20260729T081500000Z/protocol-overview/daily/2024-10-14--2024-10-18.json",3527,C0736655
liqwid-portable-data,1,"raw/api/fetches/20260729T081500000Z/protocol-overview/daily/2024-10-19--2024-10-23.json",3513,5822028A
liqwid-portable-data,1,"raw/api/fetches/20260729T081500000Z/protocol-overview/daily/2024-10-24--2024-10-28.json",3510,58403273
liqwid-portable-data,1,"raw/api/fetches/20260729T081500000Z/protocol-overview/daily/2024-10-29--2024-11-02.json",3452,36D3AB4C
liqwid-portable-data,1,"raw/api/fetches/20260729T081500000Z/protocol-overview/daily/2024-11-03--2024-11-07.json",3537,81DD947A
liqwid-portable-data,1,"raw/api/fetches/20260729T081500000Z/protocol-overview/daily/2024-11-08--2024-11-12.json",3556,F678BE33
liqwid-portable-data,1,"raw/api/fetches/20260729T081500000Z/protocol-overview/daily/2024-11-13--2024-11-17.json",3556,C7F679BC
liqwid-portable-data,1,"raw/api/fetches/20260729T081500000Z/protocol-overview/daily/2024-11-18--2024-11-22.json",3583,3BE3908A
liqwid-portable-data,1,"raw/api/fetches/20260729T081500000Z/protocol-overview/daily/2024-11-23--2024-11-27.json",3562,3E6ED2A9
liqwid-portable-data,1,"raw/api/fetches/20260729T081500000Z/protocol-overview/daily/2024-11-28--2024-12-02.json",3542,C3E525D6
liqwid-portable-data,1,"raw/api/fetches/20260729T081500000Z/protocol-overview/daily/2024-12-03--2024-12-07.json",3543,1FF5942E
liqwid-portable-data,1,"raw/api/fetches/20260729T081500000Z/protocol-overview/daily/2024-12-08--2024-12-12.json",3551,02A4AD12
liqwid-portable-data,1,"raw/api/fetches/20260729T081500000Z/protocol-overview/daily/2024-12-13--2024-12-17.json",3531,4B4059ED
liqwid-portable-data,1,"raw/api/fetches/20260729T081500000Z/protocol-overview/daily/2024-12-18--2024-12-22.json",3583,2755562F
liqwid-portable-data,1,"raw/api/fetches/20260729T081500000Z/protocol-overview/daily/2024-12-23--2024-12-27.json",3561,45AA01AC
liqwid-portable-data,1,"raw/api/fetches/20260729T081500000Z/protocol-overview/daily/2024-12-28--2025-01-01.json",3526,32EBF6D7
liqwid-portable-data,1,"raw/api/fetches/20260729T081500000Z/protocol-overview/daily/2025-01-02--2025-01-06.json",3508,873F8479
liqwid-portable-data,1,"raw/api/fetches/20260729T081500000Z/protocol-overview/daily/2025-01-07--2025-01-11.json",3582,4FA9A6E8
liqwid-portable-data,1,"raw/api/fetches/20260729T081500000Z/protocol-overview/daily/2025-01-12--2025-01-16.json",3531,FB9EDDA9
liqwid-portable-data,1,"raw/api/fetches/20260729T081500000Z/protocol-overview/daily/2025-01-17--2025-01-21.json",3522,74236220
liqwid-portable-data,1,"raw/api/fetches/20260729T081500000Z/protocol-overview/daily/2025-01-22--2025-01-26.json",3516,E2400529
liqwid-portable-data,1,"raw/api/fetches/20260729T081500000Z/protocol-overview/daily/2025-01-27--2025-01-31.json",3537,482F858A
liqwid-portable-data,1,"raw/api/fetches/20260729T081500000Z/protocol-overview/daily/2025-02-01--2025-02-05.json",3581,144C0524
liqwid-portable-data,1,"raw/api/fetches/20260729T081500000Z/protocol-overview/daily/2025-02-06--2025-02-10.json",3528,401F415B
liqwid-portable-data,1,"raw/api/fetches/20260729T081500000Z/protocol-overview/daily/2025-02-11--2025-02-15.json",3465,1D57F092
liqwid-portable-data,1,"raw/api/fetches/20260729T081500000Z/protocol-overview/daily/2025-02-16--2025-02-20.json",3514,3F8F76E9
liqwid-portable-data,1,"raw/api/fetches/20260729T081500000Z/protocol-overview/daily/2025-02-21--2025-02-25.json",3554,6BFF2BFF
liqwid-portable-data,1,"raw/api/fetches/20260729T081500000Z/protocol-overview/daily/2025-02-26--2025-03-02.json",3591,7E00A8A1
liqwid-portable-data,1,"raw/api/fetches/20260729T081500000Z/protocol-overview/daily/2025-03-03--2025-03-07.json",3551,EA008DA5
liqwid-portable-data,1,"raw/api/fetches/20260729T081500000Z/protocol-overview/daily/2025-03-08--2025-03-12.json",3586,C1E15ABD
liqwid-portable-data,1,"raw/api/fetches/20260729T081500000Z/protocol-overview/daily/2025-03-13--2025-03-17.json",3516,4E2D8B32
liqwid-portable-data,1,"raw/api/fetches/20260729T081500000Z/protocol-overview/daily/2025-03-18--2025-03-22.json",3480,552C0BE1
liqwid-portable-data,1,"raw/api/fetches/20260729T081500000Z/protocol-overview/daily/2025-03-23--2025-03-27.json",3505,042F08B5
liqwid-portable-data,1,"raw/api/fetches/20260729T081500000Z/protocol-overview/daily/2025-03-28--2025-04-01.json",3527,B27E4C81
liqwid-portable-data,1,"raw/api/fetches/20260729T081500000Z/protocol-overview/daily/2025-04-02--2025-04-06.json",3537,105615B4
liqwid-portable-data,1,"raw/api/fetches/20260729T081500000Z/protocol-overview/daily/2025-04-07--2025-04-11.json",3525,7CDE6E13
liqwid-portable-data,1,"raw/api/fetches/20260729T081500000Z/protocol-overview/daily/2025-04-12--2025-04-16.json",3499,E502ED59
liqwid-portable-data,1,"raw/api/fetches/20260729T081500000Z/protocol-overview/daily/2025-04-17--2025-04-21.json",3484,CCF8AE1B
liqwid-portable-data,1,"raw/api/fetches/20260729T081500000Z/protocol-overview/daily/2025-04-22--2025-04-26.json",3512,EAA99C9D
liqwid-portable-data,1,"raw/api/fetches/20260729T081500000Z/protocol-overview/daily/2025-04-27--2025-05-01.json",3523,7EACC35C
liqwid-portable-data,1,"raw/api/fetches/20260729T081500000Z/protocol-overview/daily/2025-05-02--2025-05-06.json",3512,51A93433
liqwid-portable-data,1,"raw/api/fetches/20260729T081500000Z/protocol-overview/daily/2025-05-07--2025-05-11.json",3542,42B7F692
liqwid-portable-data,1,"raw/api/fetches/20260729T081500000Z/protocol-overview/daily/2025-05-12--2025-05-16.json",3568,A2B54DF9
liqwid-portable-data,1,"raw/api/fetches/20260729T081500000Z/protocol-overview/daily/2025-05-17--2025-05-21.json",3533,60D69E6E
liqwid-portable-data,1,"raw/api/fetches/20260729T081500000Z/protocol-overview/daily/2025-05-22--2025-05-26.json",3531,4DEA72D0
liqwid-portable-data,1,"raw/api/fetches/20260729T081500000Z/protocol-overview/daily/2025-05-27--2025-05-31.json",3549,9E209A28
liqwid-portable-data,1,"raw/api/fetches/20260729T081500000Z/protocol-overview/daily/2025-06-01--2025-06-05.json",3577,D04E6B63
liqwid-portable-data,1,"raw/api/fetches/20260729T081500000Z/protocol-overview/daily/2025-06-06--2025-06-10.json",3597,44232D18
liqwid-portable-data,1,"raw/api/fetches/20260729T081500000Z/protocol-overview/daily/2025-06-11--2025-06-15.json",3589,2F21327D
liqwid-portable-data,1,"raw/api/fetches/20260729T081500000Z/protocol-overview/daily/2025-06-16--2025-06-20.json",3632,D9F020FE
liqwid-portable-data,1,"raw/api/fetches/20260729T081500000Z/protocol-overview/daily/2025-06-21--2025-06-25.json",3581,475ECEBE
liqwid-portable-data,1,"raw/api/fetches/20260729T081500000Z/protocol-overview/daily/2025-06-26--2025-06-30.json",3557,8A2C621A
liqwid-portable-data,1,"raw/api/fetches/20260729T081500000Z/protocol-overview/daily/2025-07-01--2025-07-05.json",3588,FC8ADDFC
liqwid-portable-data,1,"raw/api/fetches/20260729T081500000Z/protocol-overview/daily/2025-07-06--2025-07-10.json",3584,0CE55179
liqwid-portable-data,1,"raw/api/fetches/20260729T081500000Z/protocol-overview/daily/2025-07-11--2025-07-15.json",3566,8D37C1EF
liqwid-portable-data,1,"raw/api/fetches/20260729T081500000Z/protocol-overview/daily/2025-07-16--2025-07-20.json",3565,8F655320
liqwid-portable-data,1,"raw/api/fetches/20260729T081500000Z/protocol-overview/daily/2025-07-21--2025-07-25.json",3552,CFE93345
liqwid-portable-data,1,"raw/api/fetches/20260729T081500000Z/protocol-overview/daily/2025-07-26--2025-07-30.json",3583,4D7CC49B
liqwid-portable-data,1,"raw/api/fetches/20260729T081500000Z/protocol-overview/daily/2025-07-31--2025-08-04.json",3602,EFDE9289
liqwid-portable-data,1,"raw/api/fetches/20260729T081500000Z/protocol-overview/daily/2025-08-05--2025-08-09.json",3589,E75A99B5
liqwid-portable-data,1,"raw/api/fetches/20260729T081500000Z/protocol-overview/daily/2025-08-10--2025-08-14.json",3553,1FD25DF0
liqwid-portable-data,1,"raw/api/fetches/20260729T081500000Z/protocol-overview/daily/2025-08-15--2025-08-19.json",3599,F01F5EC1
liqwid-portable-data,1,"raw/api/fetches/20260729T081500000Z/protocol-overview/daily/2025-08-20--2025-08-24.json",3590,737C7C3F
liqwid-portable-data,1,"raw/api/fetches/20260729T081500000Z/protocol-overview/daily/2025-08-25--2025-08-29.json",3584,8B01F643
liqwid-portable-data,1,"raw/api/fetches/20260729T081500000Z/protocol-overview/daily/2025-08-30--2025-09-03.json",3575,237A67BD
liqwid-portable-data,1,"raw/api/fetches/20260729T081500000Z/protocol-overview/daily/2025-09-04--2025-09-08.json",3597,6F970F9D
liqwid-portable-data,1,"raw/api/fetches/20260729T081500000Z/protocol-overview/daily/2025-09-09--2025-09-13.json",3567,D1E90CF5
liqwid-portable-data,1,"raw/api/fetches/20260729T081500000Z/protocol-overview/daily/2025-09-14--2025-09-18.json",3545,878E6A7B
liqwid-portable-data,1,"raw/api/fetches/20260729T081500000Z/protocol-overview/daily/2025-09-19--2025-09-23.json",3585,916F184E
liqwid-portable-data,1,"raw/api/fetches/20260729T081500000Z/protocol-overview/daily/2025-09-24--2025-09-28.json",3562,E15F56D6
liqwid-portable-data,1,"raw/api/fetches/20260729T081500000Z/protocol-overview/daily/2025-09-29--2025-10-03.json",3567,4413DAAD
liqwid-portable-data,1,"raw/api/fetches/20260729T081500000Z/protocol-overview/daily/2025-10-04--2025-10-08.json",3578,5BA84C6E
liqwid-portable-data,1,"raw/api/fetches/20260729T081500000Z/protocol-overview/daily/2025-10-09--2025-10-13.json",3604,B2EFDC81
liqwid-portable-data,1,"raw/api/fetches/20260729T081500000Z/protocol-overview/daily/2025-10-14--2025-10-18.json",3591,61F340C9
liqwid-portable-data,1,"raw/api/fetches/20260729T081500000Z/protocol-overview/daily/2025-10-19--2025-10-23.json",3609,5D90CD14
liqwid-portable-data,1,"raw/api/fetches/20260729T081500000Z/protocol-overview/daily/2025-10-24--2025-10-28.json",3536,EF91A22D
liqwid-portable-data,1,"raw/api/fetches/20260729T081500000Z/protocol-overview/daily/2025-10-29--2025-11-02.json",3589,D568D4E2
liqwid-portable-data,1,"raw/api/fetches/20260729T081500000Z/protocol-overview/daily/2025-11-03--2025-11-07.json",3604,F9A82F7C
liqwid-portable-data,1,"raw/api/fetches/20260729T081500000Z/protocol-overview/daily/2025-11-08--2025-11-12.json",3597,0232B598
liqwid-portable-data,1,"raw/api/fetches/20260729T081500000Z/protocol-overview/daily/2025-11-13--2025-11-17.json",3619,492F4507
liqwid-portable-data,1,"raw/api/fetches/20260729T081500000Z/protocol-overview/daily/2025-11-18--2025-11-22.json",3650,1EA56192
liqwid-portable-data,1,"raw/api/fetches/20260729T081500000Z/protocol-overview/daily/2025-11-23--2025-11-27.json",3581,726BEC46
liqwid-portable-data,1,"raw/api/fetches/20260729T081500000Z/protocol-overview/daily/2025-11-28--2025-12-02.json",3547,DD08CDD4
liqwid-portable-data,1,"raw/api/fetches/20260729T081500000Z/protocol-overview/daily/2025-12-03--2025-12-07.json",3596,5B2550E5
liqwid-portable-data,1,"raw/api/fetches/20260729T081500000Z/protocol-overview/daily/2025-12-08--2025-12-12.json",3610,DD163D5C
liqwid-portable-data,1,"raw/api/fetches/20260729T081500000Z/protocol-overview/daily/2025-12-13--2025-12-17.json",3567,9DDB5B60
liqwid-portable-data,1,"raw/api/fetches/20260729T081500000Z/protocol-overview/daily/2025-12-18--2025-12-22.json",3587,F69FB5A2
liqwid-portable-data,1,"raw/api/fetches/20260729T081500000Z/protocol-overview/daily/2025-12-23--2025-12-27.json",3561,3D6D81CD
liqwid-portable-data,1,"raw/api/fetches/20260729T081500000Z/protocol-overview/daily/2025-12-28--2026-01-01.json",3540,A0F89C8F
liqwid-portable-data,1,"raw/api/fetches/20260729T081500000Z/protocol-overview/daily/2026-01-02--2026-01-06.json",3526,F67D3946
liqwid-portable-data,1,"raw/api/fetches/20260729T081500000Z/protocol-overview/daily/2026-01-07--2026-01-11.json",3416,13884B78
liqwid-portable-data,1,"raw/api/fetches/20260729T081500000Z/protocol-overview/daily/2026-01-12--2026-01-16.json",3487,F2CC440D
liqwid-portable-data,1,"raw/api/fetches/20260729T081500000Z/protocol-overview/daily/2026-01-17--2026-01-21.json",3516,9AB0E810
liqwid-portable-data,1,"raw/api/fetches/20260729T081500000Z/protocol-overview/daily/2026-01-22--2026-01-26.json",3485,CD0596FC
liqwid-portable-data,1,"raw/api/fetches/20260729T081500000Z/protocol-overview/daily/2026-01-27--2026-01-31.json",3550,58AF9D52
liqwid-portable-data,1,"raw/api/fetches/20260729T081500000Z/protocol-overview/daily/2026-02-01--2026-02-05.json",3449,5DBDF17B
liqwid-portable-data,1,"raw/api/fetches/20260729T081500000Z/protocol-overview/daily/2026-02-06--2026-02-10.json",3498,9C2A1D65
liqwid-portable-data,1,"raw/api/fetches/20260729T081500000Z/protocol-overview/daily/2026-02-11--2026-02-15.json",3477,2CD9AEE1
liqwid-portable-data,1,"raw/api/fetches/20260729T081500000Z/protocol-overview/daily/2026-02-16--2026-02-20.json",3304,4A7C03A9
liqwid-portable-data,1,"raw/api/fetches/20260729T081500000Z/protocol-overview/daily/2026-02-21--2026-02-25.json",3385,AB2FBF91
liqwid-portable-data,1,"raw/api/fetches/20260729T081500000Z/protocol-overview/daily/2026-02-26--2026-03-02.json",3460,4CF9A9E3
liqwid-portable-data,1,"raw/api/fetches/20260729T081500000Z/protocol-overview/daily/2026-03-03--2026-03-07.json",3394,686D8E3A
liqwid-portable-data,1,"raw/api/fetches/20260729T081500000Z/protocol-overview/daily/2026-03-08--2026-03-12.json",3503,5727B076
liqwid-portable-data,1,"raw/api/fetches/20260729T081500000Z/protocol-overview/daily/2026-03-13--2026-03-17.json",3483,B28DF35F
liqwid-portable-data,1,"raw/api/fetches/20260729T081500000Z/protocol-overview/daily/2026-03-18--2026-03-22.json",3550,C87F9E52
liqwid-portable-data,1,"raw/api/fetches/20260729T081500000Z/protocol-overview/daily/2026-03-23--2026-03-27.json",3445,D72F9337
liqwid-portable-data,1,"raw/api/fetches/20260729T081500000Z/protocol-overview/daily/2026-03-28--2026-04-01.json",3449,FFAA3117
liqwid-portable-data,1,"raw/api/fetches/20260729T081500000Z/protocol-overview/daily/2026-04-02--2026-04-06.json",3491,5A14AE33
liqwid-portable-data,1,"raw/api/fetches/20260729T081500000Z/protocol-overview/daily/2026-04-07--2026-04-11.json",3524,39DFC27F
liqwid-portable-data,1,"raw/api/fetches/20260729T081500000Z/protocol-overview/daily/2026-04-12--2026-04-16.json",3524,D9B4D6C7
liqwid-portable-data,1,"raw/api/fetches/20260729T081500000Z/protocol-overview/daily/2026-04-17--2026-04-21.json",3422,384EBB0E
liqwid-portable-data,1,"raw/api/fetches/20260729T081500000Z/protocol-overview/daily/2026-04-22--2026-04-26.json",3474,1B38BAB2
liqwid-portable-data,1,"raw/api/fetches/20260729T081500000Z/protocol-overview/daily/2026-04-27--2026-05-01.json",3476,D482A6D6
liqwid-portable-data,1,"raw/api/fetches/20260729T081500000Z/protocol-overview/daily/2026-05-02--2026-05-06.json",3469,B1B9002B
liqwid-portable-data,1,"raw/api/fetches/20260729T081500000Z/protocol-overview/daily/2026-05-07--2026-05-11.json",3455,95069E2C
liqwid-portable-data,1,"raw/api/fetches/20260729T081500000Z/protocol-overview/daily/2026-05-12--2026-05-16.json",3440,ED2D21F9
liqwid-portable-data,1,"raw/api/fetches/20260729T081500000Z/protocol-overview/daily/2026-05-17--2026-05-21.json",3462,5C8B606D
liqwid-portable-data,1,"raw/api/fetches/20260729T081500000Z/protocol-overview/daily/2026-05-22--2026-05-26.json",3436,9232325D
liqwid-portable-data,1,"raw/api/fetches/20260729T081500000Z/protocol-overview/daily/2026-05-27--2026-05-31.json",3518,9333511C
liqwid-portable-data,1,"raw/api/fetches/20260729T081500000Z/protocol-overview/daily/2026-06-01--2026-06-05.json",3595,AE76AA7F
liqwid-portable-data,1,"raw/api/fetches/20260729T081500000Z/protocol-overview/daily/2026-06-06--2026-06-10.json",3494,C9834859
liqwid-portable-data,1,"raw/api/fetches/20260729T081500000Z/protocol-overview/daily/2026-06-11--2026-06-15.json",3454,0610EF93
liqwid-portable-data,1,"raw/api/fetches/20260729T081500000Z/protocol-overview/daily/2026-06-16--2026-06-20.json",3428,26197C15
liqwid-portable-data,1,"raw/api/fetches/20260729T081500000Z/protocol-overview/daily/2026-06-21--2026-06-25.json",3519,2F86BFBA
liqwid-portable-data,1,"raw/api/fetches/20260729T081500000Z/protocol-overview/daily/2026-06-26--2026-06-30.json",3406,DFF04B81
liqwid-portable-data,1,"raw/api/fetches/20260729T081500000Z/protocol-overview/daily/2026-07-01--2026-07-05.json",3355,4FB10832
liqwid-portable-data,1,"raw/api/fetches/20260729T081500000Z/protocol-overview/daily/2026-07-06--2026-07-10.json",3358,5118E16D
liqwid-portable-data,1,"raw/api/fetches/20260729T081500000Z/protocol-overview/daily/2026-07-11--2026-07-15.json",3287,7767344F
liqwid-portable-data,1,"raw/api/fetches/20260729T081500000Z/protocol-overview/daily/2026-07-16--2026-07-20.json",3433,9377F881
liqwid-portable-data,1,"raw/api/fetches/20260729T081500000Z/protocol-overview/daily/2026-07-21--2026-07-25.json",3414,D3EB0E99
liqwid-portable-data,1,"raw/api/fetches/20260729T081500000Z/protocol-overview/daily/2026-07-26--2026-07-28.json",2115,5E05F7E3
liqwid-portable-data,1,"raw/api/fetches/20260729T081626599Z/loans/all.json",484768,E717C807
liqwid-portable-data,1,"raw/api/fetches/20260729T081626599Z/lq-stats.json",495,A2DEEA00
liqwid-portable-data,1,"raw/api/fetches/20260729T081626599Z/market-history/ada.json",2781,B86E9258
liqwid-portable-data,1,"raw/api/fetches/20260729T081626599Z/market-history/agix.json",2470,DFC9CE5A
liqwid-portable-data,1,"raw/api/fetches/20260729T081626599Z/market-history/btc.json",2729,D7DB1D38
liqwid-portable-data,1,"raw/api/fetches/20260729T081626599Z/market-history/copi.json",2599,EFAE8CDC
liqwid-portable-data,1,"raw/api/fetches/20260729T081626599Z/market-history/dai.json",2701,AAAC5EA1
liqwid-portable-data,1,"raw/api/fetches/20260729T081626599Z/market-history/djed.json",2898,85617414
liqwid-portable-data,1,"raw/api/fetches/20260729T081626599Z/market-history/erg.json",2778,B665DE7E
liqwid-portable-data,1,"raw/api/fetches/20260729T081626599Z/market-history/eth.json",2753,8EA460D3
liqwid-portable-data,1,"raw/api/fetches/20260729T081626599Z/market-history/eurc.json",2444,B7061328
liqwid-portable-data,1,"raw/api/fetches/20260729T081626599Z/market-history/iag.json",2752,1E516EDE
liqwid-portable-data,1,"raw/api/fetches/20260729T081626599Z/market-history/iusd.json",2796,7EF6655F
liqwid-portable-data,1,"raw/api/fetches/20260729T081626599Z/market-history/lq.json",2465,159BA4B2
liqwid-portable-data,1,"raw/api/fetches/20260729T081626599Z/market-history/min.json",2772,3B2F7046
liqwid-portable-data,1,"raw/api/fetches/20260729T081626599Z/market-history/night.json",2773,29DC74C2
liqwid-portable-data,1,"raw/api/fetches/20260729T081626599Z/market-history/pol.json",2471,0EA8BAD1
liqwid-portable-data,1,"raw/api/fetches/20260729T081626599Z/market-history/pyusd.json",2400,7CD76970
liqwid-portable-data,1,"raw/api/fetches/20260729T081626599Z/market-history/shen.json",2767,D6953360
liqwid-portable-data,1,"raw/api/fetches/20260729T081626599Z/market-history/snek.json",2694,1F5C5E88
liqwid-portable-data,1,"raw/api/fetches/20260729T081626599Z/market-history/usda.json",2720,8D736673
liqwid-portable-data,1,"raw/api/fetches/20260729T081626599Z/market-history/usdc.json",2859,081DBF5E
liqwid-portable-data,1,"raw/api/fetches/20260729T081626599Z/market-history/usdcx-usdm-sundae-lp-stableswap.json",2769,35A2A2B0
liqwid-portable-data,1,"raw/api/fetches/20260729T081626599Z/market-history/usdcx.json",2810,96181950
liqwid-portable-data,1,"raw/api/fetches/20260729T081626599Z/market-history/usdm-usda-minswap-lp-stable.json",2463,F8EB4EA3
liqwid-portable-data,1,"raw/api/fetches/20260729T081626599Z/market-history/usdm.json",2750,7494D103
liqwid-portable-data,1,"raw/api/fetches/20260729T081626599Z/market-history/usdt.json",2846,C01636B5
liqwid-portable-data,1,"raw/api/fetches/20260729T081626599Z/market-history/wmt.json",2564,B3AEBA84
liqwid-portable-data,1,"raw/api/fetches/20260729T081626599Z/market-params-history/ada.json",1436,D34B566B
liqwid-portable-data,1,"raw/api/fetches/20260729T081626599Z/market-params-history/agix.json",1435,B64E376F
liqwid-portable-data,1,"raw/api/fetches/20260729T081626599Z/market-params-history/btc.json",1385,4FDD4768
liqwid-portable-data,1,"raw/api/fetches/20260729T081626599Z/market-params-history/copi.json",1389,DF95B64C
liqwid-portable-data,1,"raw/api/fetches/20260729T081626599Z/market-params-history/dai.json",1418,11FE4A46
liqwid-portable-data,1,"raw/api/fetches/20260729T081626599Z/market-params-history/djed.json",1429,95CA3FF1
liqwid-portable-data,1,"raw/api/fetches/20260729T081626599Z/market-params-history/erg.json",1385,D307C45F
liqwid-portable-data,1,"raw/api/fetches/20260729T081626599Z/market-params-history/eth.json",1385,58C4A0E0
liqwid-portable-data,1,"raw/api/fetches/20260729T081626599Z/market-params-history/eurc.json",1420,517B62A9
liqwid-portable-data,1,"raw/api/fetches/20260729T081626599Z/market-params-history/iag.json",1387,39C6AEB2
liqwid-portable-data,1,"raw/api/fetches/20260729T081626599Z/market-params-history/iusd.json",1427,4DEBC184
liqwid-portable-data,1,"raw/api/fetches/20260729T081626599Z/market-params-history/lq.json",1275,5F2893D9
liqwid-portable-data,1,"raw/api/fetches/20260729T081626599Z/market-params-history/min.json",1388,814A5ACA
liqwid-portable-data,1,"raw/api/fetches/20260729T081626599Z/market-params-history/night.json",1385,65A00076
liqwid-portable-data,1,"raw/api/fetches/20260729T081626599Z/market-params-history/pol.json",1284,75036DAE
liqwid-portable-data,1,"raw/api/fetches/20260729T081626599Z/market-params-history/pyusd.json",1422,E64761A0
liqwid-portable-data,1,"raw/api/fetches/20260729T081626599Z/market-params-history/shen.json",1389,8055E8FB
liqwid-portable-data,1,"raw/api/fetches/20260729T081626599Z/market-params-history/snek.json",1391,CC915148
liqwid-portable-data,1,"raw/api/fetches/20260729T081626599Z/market-params-history/usda.json",1423,42606F1F
liqwid-portable-data,1,"raw/api/fetches/20260729T081626599Z/market-params-history/usdc.json",1419,D6DC7977
liqwid-portable-data,1,"raw/api/fetches/20260729T081626599Z/market-params-history/usdcx-usdm-sundae-lp-stableswap.json",1470,C0B092BB
liqwid-portable-data,1,"raw/api/fetches/20260729T081626599Z/market-params-history/usdcx.json",1417,2F3E7D23
liqwid-portable-data,1,"raw/api/fetches/20260729T081626599Z/market-params-history/usdm-usda-minswap-lp-stable.json",1426,D180BA96
liqwid-portable-data,1,"raw/api/fetches/20260729T081626599Z/market-params-history/usdm.json",1423,91DAD36E
liqwid-portable-data,1,"raw/api/fetches/20260729T081626599Z/market-params-history/usdt.json",1418,D98DF77D
liqwid-portable-data,1,"raw/api/fetches/20260729T081626599Z/market-params-history/wmt.json",1394,4839365D
liqwid-portable-data,1,"raw/api/fetches/20260729T081626599Z/markets/page-0000.json",20110,C14244E5
liqwid-portable-data,1,"raw/api/fetches/20260729T081626599Z/protocol-fees/daily/2026-07-26--2026-07-28.json",3483,2EEDF357
liqwid-portable-data,1,"raw/api/fetches/20260729T081626599Z/protocol-overview/monthly/2023-02-01.json",984,1CDF2212
liqwid-portable-data,1,"raw/api/fetches/20260729T081626599Z/protocol-overview/monthly/2026-07-01.json",999,D802A4B8
liqwid-portable-data,1,"raw/api/fetches/20260729T084108840Z/loans/all.json",484766,4EFF2CC2
liqwid-portable-data,1,"raw/api/fetches/20260729T084108840Z/lq-stats.json",495,037C4BF9
liqwid-portable-data,1,"raw/api/fetches/20260729T084108840Z/markets/page-0000.json",20111,9B473A2B
liqwid-portable-data,1,"raw/api/fetches/20260729T084108840Z/protocol-overview/monthly/2023-02-01.json",984,800EEEBF
liqwid-portable-data,1,"raw/api/fetches/20260729T084108840Z/protocol-overview/monthly/2026-07-01.json",999,17D295D1
liqwid-portable-data,1,"raw/api/fetches/20260729T094328476Z/loans/all.json",485293,8ED85D76
liqwid-portable-data,1,"raw/api/fetches/20260729T094328476Z/lq-stats.json",495,07F0377F
liqwid-portable-data,1,"raw/api/fetches/20260729T094328476Z/market-history/ada.json",802141,A05AEEE3
liqwid-portable-data,1,"raw/api/fetches/20260729T094328476Z/market-history/agix.json",502061,594C2CBD
liqwid-portable-data,1,"raw/api/fetches/20260729T094328476Z/market-history/btc.json",377259,B20524BB
liqwid-portable-data,1,"raw/api/fetches/20260729T094328476Z/market-history/copi.json",452861,7A90D7C0
liqwid-portable-data,1,"raw/api/fetches/20260729T094328476Z/market-history/dai.json",580705,4B6F112B
liqwid-portable-data,1,"raw/api/fetches/20260729T094328476Z/market-history/djed.json",793921,44E9FF75
liqwid-portable-data,1,"raw/api/fetches/20260729T094328476Z/market-history/erg.json",543271,CAE80188
liqwid-portable-data,1,"raw/api/fetches/20260729T094328476Z/market-history/eth.json",374196,C4465534
liqwid-portable-data,1,"raw/api/fetches/20260729T094328476Z/market-history/eurc.json",247015,9BF2E1E7
liqwid-portable-data,1,"raw/api/fetches/20260729T094328476Z/market-history/iag.json",472999,3A6AFCC6
liqwid-portable-data,1,"raw/api/fetches/20260729T094328476Z/market-history/iusd.json",717283,82D253AD
liqwid-portable-data,1,"raw/api/fetches/20260729T094328476Z/market-history/lq.json",360493,99493E7D
liqwid-portable-data,1,"raw/api/fetches/20260729T094328476Z/market-history/min.json",594887,2B57DA65
liqwid-portable-data,1,"raw/api/fetches/20260729T094328476Z/market-history/night.json",142604,79C78712
liqwid-portable-data,1,"raw/api/fetches/20260729T094328476Z/market-history/pol.json",367760,CF962041
liqwid-portable-data,1,"raw/api/fetches/20260729T094328476Z/market-history/pyusd.json",209303,453D11FC
liqwid-portable-data,1,"raw/api/fetches/20260729T094328476Z/market-history/shen.json",717200,F9A2F24D
liqwid-portable-data,1,"raw/api/fetches/20260729T094328476Z/market-history/snek.json",464910,422E3F38
liqwid-portable-data,1,"raw/api/fetches/20260729T094328476Z/market-history/usda.json",312008,F3B5F4B5
liqwid-portable-data,1,"raw/api/fetches/20260729T094328476Z/market-history/usdc.json",645013,98AF9C8C
liqwid-portable-data,1,"raw/api/fetches/20260729T094328476Z/market-history/usdcx-usdm-sundae-lp-stableswap.json",77729,0682B8A4
liqwid-portable-data,1,"raw/api/fetches/20260729T094328476Z/market-history/usdcx.json",92234,06053E71
liqwid-portable-data,1,"raw/api/fetches/20260729T094328476Z/market-history/usdm-usda-minswap-lp-stable.json",62277,17372424
liqwid-portable-data,1,"raw/api/fetches/20260729T094328476Z/market-history/usdm.json",425722,5F75F128
liqwid-portable-data,1,"raw/api/fetches/20260729T094328476Z/market-history/usdt.json",627110,D8E61AAB
liqwid-portable-data,1,"raw/api/fetches/20260729T094328476Z/market-history/wmt.json",532246,53773823
liqwid-portable-data,1,"raw/api/fetches/20260729T094328476Z/market-params-history/ada.json",19353,D18CCEEB
liqwid-portable-data,1,"raw/api/fetches/20260729T094328476Z/market-params-history/agix.json",13250,53B9AFA2
liqwid-portable-data,1,"raw/api/fetches/20260729T094328476Z/market-params-history/btc.json",6695,7A56BF82
liqwid-portable-data,1,"raw/api/fetches/20260729T094328476Z/market-params-history/copi.json",9738,679A2BF7
liqwid-portable-data,1,"raw/api/fetches/20260729T094328476Z/market-params-history/dai.json",13043,246E23C4
liqwid-portable-data,1,"raw/api/fetches/20260729T094328476Z/market-params-history/djed.json",21141,9CE1388C
liqwid-portable-data,1,"raw/api/fetches/20260729T094328476Z/market-params-history/erg.json",12162,B6D293BD
liqwid-portable-data,1,"raw/api/fetches/20260729T094328476Z/market-params-history/eth.json",6696,094895C7
liqwid-portable-data,1,"raw/api/fetches/20260729T094328476Z/market-params-history/eurc.json",6012,0B48D71A
liqwid-portable-data,1,"raw/api/fetches/20260729T094328476Z/market-params-history/iag.json",8647,F350A620
liqwid-portable-data,1,"raw/api/fetches/20260729T094328476Z/market-params-history/iusd.json",20553,3D1649F2
liqwid-portable-data,1,"raw/api/fetches/20260729T094328476Z/market-params-history/lq.json",6915,D242B2DA
liqwid-portable-data,1,"raw/api/fetches/20260729T094328476Z/market-params-history/min.json",11639,EC969629
liqwid-portable-data,1,"raw/api/fetches/20260729T094328476Z/market-params-history/night.json",6824,819F0E1D
liqwid-portable-data,1,"raw/api/fetches/20260729T094328476Z/market-params-history/pol.json",4342,1D60B29F
liqwid-portable-data,1,"raw/api/fetches/20260729T094328476Z/market-params-history/pyusd.json",6014,DADE5776
liqwid-portable-data,1,"raw/api/fetches/20260729T094328476Z/market-params-history/shen.json",13893,7348AFA6
liqwid-portable-data,1,"raw/api/fetches/20260729T094328476Z/market-params-history/snek.json",10315,A85B1FDA
liqwid-portable-data,1,"raw/api/fetches/20260729T094328476Z/market-params-history/usda.json",7201,09F0F0B3
liqwid-portable-data,1,"raw/api/fetches/20260729T094328476Z/market-params-history/usdc.json",14760,817AF96B
liqwid-portable-data,1,"raw/api/fetches/20260729T094328476Z/market-params-history/usdcx-usdm-sundae-lp-stableswap.json",4777,3130D2C3
liqwid-portable-data,1,"raw/api/fetches/20260729T094328476Z/market-params-history/usdcx.json",3106,2085C883
liqwid-portable-data,1,"raw/api/fetches/20260729T094328476Z/market-params-history/usdm-usda-minswap-lp-stable.json",3096,54CD194A
liqwid-portable-data,1,"raw/api/fetches/20260729T094328476Z/market-params-history/usdm.json",11271,2294BED5
liqwid-portable-data,1,"raw/api/fetches/20260729T094328476Z/market-params-history/usdt.json",15333,B669A2A1
liqwid-portable-data,1,"raw/api/fetches/20260729T094328476Z/market-params-history/wmt.json",12725,789CF20B
liqwid-portable-data,1,"raw/api/fetches/20260729T094328476Z/markets/page-0000.json",135836,716E1A1F
liqwid-portable-data,1,"raw/api/fetches/20260729T094328476Z/protocol-fees/daily/2026-01-01--2026-01-04.json",4687,1DC19822
liqwid-portable-data,1,"raw/api/fetches/20260729T094328476Z/protocol-fees/daily/2026-01-05--2026-01-08.json",4696,C850D625
liqwid-portable-data,1,"raw/api/fetches/20260729T094328476Z/protocol-fees/daily/2026-01-09--2026-01-12.json",4684,E016BF35
liqwid-portable-data,1,"raw/api/fetches/20260729T094328476Z/protocol-fees/daily/2026-01-13--2026-01-16.json",4686,EFC11DEA
liqwid-portable-data,1,"raw/api/fetches/20260729T094328476Z/protocol-fees/daily/2026-01-17--2026-01-20.json",4692,D8FD086C
liqwid-portable-data,1,"raw/api/fetches/20260729T094328476Z/protocol-fees/daily/2026-01-21--2026-01-24.json",4676,3FC8B513
liqwid-portable-data,1,"raw/api/fetches/20260729T094328476Z/protocol-fees/daily/2026-01-25--2026-01-28.json",4672,D37B853D
liqwid-portable-data,1,"raw/api/fetches/20260729T094328476Z/protocol-fees/daily/2026-01-29--2026-02-01.json",4695,B94F0AE0
liqwid-portable-data,1,"raw/api/fetches/20260729T094328476Z/protocol-fees/daily/2026-02-02--2026-02-05.json",4527,DDF305D2
liqwid-portable-data,1,"raw/api/fetches/20260729T094328476Z/protocol-fees/daily/2026-02-06--2026-02-09.json",4686,0DDE0708
liqwid-portable-data,1,"raw/api/fetches/20260729T094328476Z/protocol-fees/daily/2026-02-10--2026-02-13.json",4688,2449EA9E
liqwid-portable-data,1,"raw/api/fetches/20260729T094328476Z/protocol-fees/daily/2026-02-14--2026-02-17.json",4674,9A8E77D3
liqwid-portable-data,1,"raw/api/fetches/20260729T094328476Z/protocol-fees/daily/2026-02-18--2026-02-21.json",4676,C5CFF7A9
liqwid-portable-data,1,"raw/api/fetches/20260729T094328476Z/protocol-fees/daily/2026-02-22--2026-02-25.json",4674,DD9C7009
liqwid-portable-data,1,"raw/api/fetches/20260729T094328476Z/protocol-fees/daily/2026-02-26--2026-03-01.json",4682,C9441086
liqwid-portable-data,1,"raw/api/fetches/20260729T094328476Z/protocol-fees/daily/2026-03-02--2026-03-05.json",4668,E4F6E026
liqwid-portable-data,1,"raw/api/fetches/20260729T094328476Z/protocol-fees/daily/2026-03-06--2026-03-09.json",4674,40F1A586
liqwid-portable-data,1,"raw/api/fetches/20260729T094328476Z/protocol-fees/daily/2026-03-10--2026-03-13.json",4685,C8AB8C55
liqwid-portable-data,1,"raw/api/fetches/20260729T094328476Z/protocol-fees/daily/2026-03-14--2026-03-17.json",4695,5682DE75
liqwid-portable-data,1,"raw/api/fetches/20260729T094328476Z/protocol-fees/daily/2026-03-18--2026-03-21.json",4684,4A2E54BC
liqwid-portable-data,1,"raw/api/fetches/20260729T094328476Z/protocol-fees/daily/2026-03-22--2026-03-25.json",4709,3AF418FA
liqwid-portable-data,1,"raw/api/fetches/20260729T094328476Z/protocol-fees/daily/2026-03-26--2026-03-29.json",4692,9806F881
liqwid-portable-data,1,"raw/api/fetches/20260729T094328476Z/protocol-fees/daily/2026-03-30--2026-04-02.json",4680,D55757FF
liqwid-portable-data,1,"raw/api/fetches/20260729T094328476Z/protocol-fees/daily/2026-04-03--2026-04-06.json",4691,CB17D295
liqwid-portable-data,1,"raw/api/fetches/20260729T094328476Z/protocol-fees/daily/2026-04-07--2026-04-10.json",4695,B9B6E70D
liqwid-portable-data,1,"raw/api/fetches/20260729T094328476Z/protocol-fees/daily/2026-04-11--2026-04-14.json",4695,B6584CFB
liqwid-portable-data,1,"raw/api/fetches/20260729T094328476Z/protocol-fees/daily/2026-04-15--2026-04-18.json",4694,E70C1CC7
liqwid-portable-data,1,"raw/api/fetches/20260729T094328476Z/protocol-fees/daily/2026-04-19--2026-04-22.json",4683,76B5DE63
liqwid-portable-data,1,"raw/api/fetches/20260729T094328476Z/protocol-fees/daily/2026-04-23--2026-04-26.json",4681,5F014782
liqwid-portable-data,1,"raw/api/fetches/20260729T094328476Z/protocol-fees/daily/2026-04-27--2026-04-30.json",4686,C23CA4FF
liqwid-portable-data,1,"raw/api/fetches/20260729T094328476Z/protocol-fees/daily/2026-05-01--2026-05-04.json",4690,F99DD3DB
liqwid-portable-data,1,"raw/api/fetches/20260729T094328476Z/protocol-fees/daily/2026-05-05--2026-05-08.json",4707,7CEE43B4
liqwid-portable-data,1,"raw/api/fetches/20260729T094328476Z/protocol-fees/daily/2026-05-09--2026-05-12.json",4705,382D898A
liqwid-portable-data,1,"raw/api/fetches/20260729T094328476Z/protocol-fees/daily/2026-05-13--2026-05-16.json",4679,C1CB4A71
liqwid-portable-data,1,"raw/api/fetches/20260729T094328476Z/protocol-fees/daily/2026-05-17--2026-05-20.json",4665,3364E5C9
liqwid-portable-data,1,"raw/api/fetches/20260729T094328476Z/protocol-fees/daily/2026-05-21--2026-05-24.json",4679,CAF20700
liqwid-portable-data,1,"raw/api/fetches/20260729T094328476Z/protocol-fees/daily/2026-05-25--2026-05-28.json",4684,CF516F01
liqwid-portable-data,1,"raw/api/fetches/20260729T094328476Z/protocol-fees/daily/2026-05-29--2026-06-01.json",4684,8492D2C2
liqwid-portable-data,1,"raw/api/fetches/20260729T094328476Z/protocol-fees/daily/2026-06-02--2026-06-05.json",4691,1DF425D1
liqwid-portable-data,1,"raw/api/fetches/20260729T094328476Z/protocol-fees/daily/2026-06-06--2026-06-09.json",4670,1D4DE4A4
liqwid-portable-data,1,"raw/api/fetches/20260729T094328476Z/protocol-fees/daily/2026-06-10--2026-06-13.json",4700,0ADEEAF7
liqwid-portable-data,1,"raw/api/fetches/20260729T094328476Z/protocol-fees/daily/2026-06-14--2026-06-17.json",4686,81B3FBC2
liqwid-portable-data,1,"raw/api/fetches/20260729T094328476Z/protocol-fees/daily/2026-06-18--2026-06-21.json",4695,6E6F90B1
liqwid-portable-data,1,"raw/api/fetches/20260729T094328476Z/protocol-fees/daily/2026-06-22--2026-06-25.json",4657,321B88DA
liqwid-portable-data,1,"raw/api/fetches/20260729T094328476Z/protocol-fees/daily/2026-06-26--2026-06-29.json",4654,75D52EE1
liqwid-portable-data,1,"raw/api/fetches/20260729T094328476Z/protocol-fees/daily/2026-06-30--2026-07-03.json",4579,BEA91BBE
liqwid-portable-data,1,"raw/api/fetches/20260729T094328476Z/protocol-fees/daily/2026-07-04--2026-07-07.json",4586,D554F93A
liqwid-portable-data,1,"raw/api/fetches/20260729T094328476Z/protocol-fees/daily/2026-07-08--2026-07-11.json",4583,DD23E25A
liqwid-portable-data,1,"raw/api/fetches/20260729T094328476Z/protocol-fees/daily/2026-07-12--2026-07-15.json",4574,E24373DE
liqwid-portable-data,1,"raw/api/fetches/20260729T094328476Z/protocol-fees/daily/2026-07-16--2026-07-19.json",4588,7E4EE64C
liqwid-portable-data,1,"raw/api/fetches/20260729T094328476Z/protocol-fees/daily/2026-07-20--2026-07-23.json",4575,A95C8960
liqwid-portable-data,1,"raw/api/fetches/20260729T094328476Z/protocol-fees/daily/2026-07-24--2026-07-27.json",4586,CD8820BA
liqwid-portable-data,1,"raw/api/fetches/20260729T094328476Z/protocol-fees/daily/2026-07-28.json",1286,9B2945BD
liqwid-portable-data,1,"raw/api/fetches/20260729T094328476Z/protocol-overview/daily/2023-02-02--2023-02-06.json",3320,558BB260
liqwid-portable-data,1,"raw/api/fetches/20260729T094328476Z/protocol-overview/daily/2023-02-07--2023-02-11.json",3302,1330B3E3
liqwid-portable-data,1,"raw/api/fetches/20260729T094328476Z/protocol-overview/daily/2023-02-12--2023-02-16.json",3313,5DAF4779
liqwid-portable-data,1,"raw/api/fetches/20260729T094328476Z/protocol-overview/daily/2023-02-17--2023-02-21.json",3327,87A5DB9B
liqwid-portable-data,1,"raw/api/fetches/20260729T094328476Z/protocol-overview/daily/2023-02-22--2023-02-26.json",3278,729B594C
liqwid-portable-data,1,"raw/api/fetches/20260729T094328476Z/protocol-overview/daily/2023-02-27--2023-03-03.json",3339,4816B1D1
liqwid-portable-data,1,"raw/api/fetches/20260729T094328476Z/protocol-overview/daily/2023-03-04--2023-03-08.json",3342,0F5B2C1B
liqwid-portable-data,1,"raw/api/fetches/20260729T094328476Z/protocol-overview/daily/2023-03-09--2023-03-13.json",3335,6F1DAE64
liqwid-portable-data,1,"raw/api/fetches/20260729T094328476Z/protocol-overview/daily/2023-03-14--2023-03-18.json",3364,C943EF28
liqwid-portable-data,1,"raw/api/fetches/20260729T094328476Z/protocol-overview/daily/2023-03-19--2023-03-23.json",3315,52D783D5
liqwid-portable-data,1,"raw/api/fetches/20260729T094328476Z/protocol-overview/daily/2023-03-24--2023-03-28.json",3325,EB159B24
liqwid-portable-data,1,"raw/api/fetches/20260729T094328476Z/protocol-overview/daily/2023-03-29--2023-04-02.json",3323,AE9F9F6F
liqwid-portable-data,1,"raw/api/fetches/20260729T094328476Z/protocol-overview/daily/2023-04-03--2023-04-07.json",3352,9E0598D4
liqwid-portable-data,1,"raw/api/fetches/20260729T094328476Z/protocol-overview/daily/2023-04-08--2023-04-12.json",3364,EA8B2136
liqwid-portable-data,1,"raw/api/fetches/20260729T094328476Z/protocol-overview/daily/2023-04-13--2023-04-17.json",3386,2D98F947
liqwid-portable-data,1,"raw/api/fetches/20260729T094328476Z/protocol-overview/daily/2023-04-18--2023-04-22.json",3360,6C4F6FB5
liqwid-portable-data,1,"raw/api/fetches/20260729T094328476Z/protocol-overview/daily/2023-04-23--2023-04-27.json",3326,C91EF146
liqwid-portable-data,1,"raw/api/fetches/20260729T094328476Z/protocol-overview/daily/2023-04-28--2023-05-02.json",3337,944EB908
liqwid-portable-data,1,"raw/api/fetches/20260729T094328476Z/protocol-overview/daily/2023-05-03--2023-05-07.json",3387,409340D9
liqwid-portable-data,1,"raw/api/fetches/20260729T094328476Z/protocol-overview/daily/2023-05-08--2023-05-12.json",3373,6ACD1122
liqwid-portable-data,1,"raw/api/fetches/20260729T094328476Z/protocol-overview/daily/2023-05-13--2023-05-17.json",3333,15DA3F1B
liqwid-portable-data,1,"raw/api/fetches/20260729T094328476Z/protocol-overview/daily/2023-05-18--2023-05-22.json",3325,7A9E2593
liqwid-portable-data,1,"raw/api/fetches/20260729T094328476Z/protocol-overview/daily/2023-05-23--2023-05-27.json",3346,5B62B98F
liqwid-portable-data,1,"raw/api/fetches/20260729T094328476Z/protocol-overview/daily/2023-05-28--2023-06-01.json",3358,0FBFDFDB
liqwid-portable-data,1,"raw/api/fetches/20260729T094328476Z/protocol-overview/daily/2023-06-02--2023-06-06.json",3386,6B29A42B
liqwid-portable-data,1,"raw/api/fetches/20260729T094328476Z/protocol-overview/daily/2023-06-07--2023-06-11.json",3424,818919D4
liqwid-portable-data,1,"raw/api/fetches/20260729T094328476Z/protocol-overview/daily/2023-06-12--2023-06-16.json",3407,681D946B
liqwid-portable-data,1,"raw/api/fetches/20260729T094328476Z/protocol-overview/daily/2023-06-17--2023-06-21.json",3387,089DBE7D
liqwid-portable-data,1,"raw/api/fetches/20260729T094328476Z/protocol-overview/daily/2023-06-22--2023-06-26.json",3344,13785D3F
liqwid-portable-data,1,"raw/api/fetches/20260729T094328476Z/protocol-overview/daily/2023-06-27--2023-07-01.json",3365,7D9C267A
liqwid-portable-data,1,"raw/api/fetches/20260729T094328476Z/protocol-overview/daily/2023-07-02--2023-07-06.json",3328,1EFEE54B
liqwid-portable-data,1,"raw/api/fetches/20260729T094328476Z/protocol-overview/daily/2023-07-07--2023-07-11.json",3358,587FD806
liqwid-portable-data,1,"raw/api/fetches/20260729T094328476Z/protocol-overview/daily/2023-07-12--2023-07-16.json",3382,B599B76C
liqwid-portable-data,1,"raw/api/fetches/20260729T094328476Z/protocol-overview/daily/2023-07-17--2023-07-21.json",3363,712219F6
liqwid-portable-data,1,"raw/api/fetches/20260729T094328476Z/protocol-overview/daily/2023-07-22--2023-07-26.json",3335,C6DFFA1F
liqwid-portable-data,1,"raw/api/fetches/20260729T094328476Z/protocol-overview/daily/2023-07-27--2023-07-31.json",3335,5940F24D
liqwid-portable-data,1,"raw/api/fetches/20260729T094328476Z/protocol-overview/daily/2023-08-01--2023-08-05.json",3392,51C7B7C9
liqwid-portable-data,1,"raw/api/fetches/20260729T094328476Z/protocol-overview/daily/2023-08-06--2023-08-10.json",3368,ADF0F149
liqwid-portable-data,1,"raw/api/fetches/20260729T094328476Z/protocol-overview/daily/2023-08-11--2023-08-15.json",3353,B82E94C1
liqwid-portable-data,1,"raw/api/fetches/20260729T094328476Z/protocol-overview/daily/2023-08-16--2023-08-20.json",3403,CE4D2AD9
liqwid-portable-data,1,"raw/api/fetches/20260729T094328476Z/protocol-overview/daily/2023-08-21--2023-08-25.json",3385,EB172D61
liqwid-portable-data,1,"raw/api/fetches/20260729T094328476Z/protocol-overview/daily/2023-08-26--2023-08-30.json",3370,96B5D6B4
liqwid-portable-data,1,"raw/api/fetches/20260729T094328476Z/protocol-overview/daily/2023-08-31--2023-09-04.json",3359,0C92B76A
liqwid-portable-data,1,"raw/api/fetches/20260729T094328476Z/protocol-overview/daily/2023-09-05--2023-09-09.json",3361,66756CA5
liqwid-portable-data,1,"raw/api/fetches/20260729T094328476Z/protocol-overview/daily/2023-09-10--2023-09-14.json",3388,5DC8DBC9
liqwid-portable-data,1,"raw/api/fetches/20260729T094328476Z/protocol-overview/daily/2023-09-15--2023-09-19.json",3362,50D6C5CF
liqwid-portable-data,1,"raw/api/fetches/20260729T094328476Z/protocol-overview/daily/2023-09-20--2023-09-24.json",3376,350D2A11
liqwid-portable-data,1,"raw/api/fetches/20260729T094328476Z/protocol-overview/daily/2023-09-25--2023-09-29.json",3350,81D2405E
liqwid-portable-data,1,"raw/api/fetches/20260729T094328476Z/protocol-overview/daily/2023-09-30--2023-10-04.json",3347,BC5EE8BD
liqwid-portable-data,1,"raw/api/fetches/20260729T094328476Z/protocol-overview/daily/2023-10-05--2023-10-09.json",3369,40BFDEBB
liqwid-portable-data,1,"raw/api/fetches/20260729T094328476Z/protocol-overview/daily/2023-10-10--2023-10-14.json",3362,DC9CA318
liqwid-portable-data,1,"raw/api/fetches/20260729T094328476Z/protocol-overview/daily/2023-10-15--2023-10-19.json",3402,48BD0C1C
liqwid-portable-data,1,"raw/api/fetches/20260729T094328476Z/protocol-overview/daily/2023-10-20--2023-10-24.json",3405,B81CDC7C
liqwid-portable-data,1,"raw/api/fetches/20260729T094328476Z/protocol-overview/daily/2023-10-25--2023-10-29.json",3395,E169B959
liqwid-portable-data,1,"raw/api/fetches/20260729T094328476Z/protocol-overview/daily/2023-10-30--2023-11-03.json",3389,310CC9BF
liqwid-portable-data,1,"raw/api/fetches/20260729T094328476Z/protocol-overview/daily/2023-11-04--2023-11-08.json",3464,63997CC9
liqwid-portable-data,1,"raw/api/fetches/20260729T094328476Z/protocol-overview/daily/2023-11-09--2023-11-13.json",3427,780F49DF
liqwid-portable-data,1,"raw/api/fetches/20260729T094328476Z/protocol-overview/daily/2023-11-14--2023-11-18.json",3439,9B85ED98
liqwid-portable-data,1,"raw/api/fetches/20260729T094328476Z/protocol-overview/daily/2023-11-19--2023-11-23.json",3410,D8EE8DD5
liqwid-portable-data,1,"raw/api/fetches/20260729T094328476Z/protocol-overview/daily/2023-11-24--2023-11-28.json",3412,9AADAD3B
liqwid-portable-data,1,"raw/api/fetches/20260729T094328476Z/protocol-overview/daily/2023-11-29--2023-12-03.json",3393,0D2D9446
liqwid-portable-data,1,"raw/api/fetches/20260729T094328476Z/protocol-overview/daily/2023-12-04--2023-12-08.json",3460,535E60AC
liqwid-portable-data,1,"raw/api/fetches/20260729T094328476Z/protocol-overview/daily/2023-12-09--2023-12-13.json",3451,3B2EB478
liqwid-portable-data,1,"raw/api/fetches/20260729T094328476Z/protocol-overview/daily/2023-12-14--2023-12-18.json",3394,46ECC106
liqwid-portable-data,1,"raw/api/fetches/20260729T094328476Z/protocol-overview/daily/2023-12-19--2023-12-23.json",3404,7008C473
liqwid-portable-data,1,"raw/api/fetches/20260729T094328476Z/protocol-overview/daily/2023-12-24--2023-12-28.json",3378,FCAD6242
liqwid-portable-data,1,"raw/api/fetches/20260729T094328476Z/protocol-overview/daily/2023-12-29--2024-01-02.json",3393,BD4B3030
liqwid-portable-data,1,"raw/api/fetches/20260729T094328476Z/protocol-overview/daily/2024-01-03--2024-01-07.json",3408,C9086E7C
liqwid-portable-data,1,"raw/api/fetches/20260729T094328476Z/protocol-overview/daily/2024-01-08--2024-01-12.json",3439,6A629DCD
liqwid-portable-data,1,"raw/api/fetches/20260729T094328476Z/protocol-overview/daily/2024-01-13--2024-01-17.json",3385,279E5D76
liqwid-portable-data,1,"raw/api/fetches/20260729T094328476Z/protocol-overview/daily/2024-01-18--2024-01-22.json",3421,3536015F
liqwid-portable-data,1,"raw/api/fetches/20260729T094328476Z/protocol-overview/daily/2024-01-23--2024-01-27.json",3402,EDDC16B8
liqwid-portable-data,1,"raw/api/fetches/20260729T094328476Z/protocol-overview/daily/2024-01-28--2024-02-01.json",3383,6EDCBFC1
liqwid-portable-data,1,"raw/api/fetches/20260729T094328476Z/protocol-overview/daily/2024-02-02--2024-02-06.json",3373,479B2F5A
liqwid-portable-data,1,"raw/api/fetches/20260729T094328476Z/protocol-overview/daily/2024-02-07--2024-02-11.json",3380,1A1AD99E
liqwid-portable-data,1,"raw/api/fetches/20260729T094328476Z/protocol-overview/daily/2024-02-12--2024-02-16.json",3380,16116171
liqwid-portable-data,1,"raw/api/fetches/20260729T094328476Z/protocol-overview/daily/2024-02-17--2024-02-21.json",3399,6E56DD08
liqwid-portable-data,1,"raw/api/fetches/20260729T094328476Z/protocol-overview/daily/2024-02-22--2024-02-26.json",3416,3E49C7F8
liqwid-portable-data,1,"raw/api/fetches/20260729T094328476Z/protocol-overview/daily/2024-02-27--2024-03-02.json",3416,95D35A76
liqwid-portable-data,1,"raw/api/fetches/20260729T094328476Z/protocol-overview/daily/2024-03-03--2024-03-07.json",3433,FC1CA518
liqwid-portable-data,1,"raw/api/fetches/20260729T094328476Z/protocol-overview/daily/2024-03-08--2024-03-12.json",3375,9B87B2AD
liqwid-portable-data,1,"raw/api/fetches/20260729T094328476Z/protocol-overview/daily/2024-03-13--2024-03-17.json",3403,9ECC62BB
liqwid-portable-data,1,"raw/api/fetches/20260729T094328476Z/protocol-overview/daily/2024-03-18--2024-03-22.json",3422,7C319EC8
liqwid-portable-data,1,"raw/api/fetches/20260729T094328476Z/protocol-overview/daily/2024-03-23--2024-03-27.json",3455,B04BF225
liqwid-portable-data,1,"raw/api/fetches/20260729T094328476Z/protocol-overview/daily/2024-03-28--2024-04-01.json",3399,E9F93938
liqwid-portable-data,1,"raw/api/fetches/20260729T094328476Z/protocol-overview/daily/2024-04-02--2024-04-06.json",3417,6C550514
liqwid-portable-data,1,"raw/api/fetches/20260729T094328476Z/protocol-overview/daily/2024-04-07--2024-04-11.json",3430,A013C35A
liqwid-portable-data,1,"raw/api/fetches/20260729T094328476Z/protocol-overview/daily/2024-04-12--2024-04-16.json",3434,E4BE7D23
liqwid-portable-data,1,"raw/api/fetches/20260729T094328476Z/protocol-overview/daily/2024-04-17--2024-04-21.json",3426,15C258BD
liqwid-portable-data,1,"raw/api/fetches/20260729T094328476Z/protocol-overview/daily/2024-04-22--2024-04-26.json",3504,D70ECD3C
liqwid-portable-data,1,"raw/api/fetches/20260729T094328476Z/protocol-overview/daily/2024-04-27--2024-05-01.json",3548,8F75C87C
liqwid-portable-data,1,"raw/api/fetches/20260729T094328476Z/protocol-overview/daily/2024-05-02--2024-05-06.json",3526,752E9CBA
liqwid-portable-data,1,"raw/api/fetches/20260729T094328476Z/protocol-overview/daily/2024-05-07--2024-05-11.json",3494,268BCD54
liqwid-portable-data,1,"raw/api/fetches/20260729T094328476Z/protocol-overview/daily/2024-05-12--2024-05-16.json",3507,141BC090
liqwid-portable-data,1,"raw/api/fetches/20260729T094328476Z/protocol-overview/daily/2024-05-17--2024-05-21.json",3501,752E92E4
liqwid-portable-data,1,"raw/api/fetches/20260729T094328476Z/protocol-overview/daily/2024-05-22--2024-05-26.json",3498,CE4196A2
liqwid-portable-data,1,"raw/api/fetches/20260729T094328476Z/protocol-overview/daily/2024-05-27--2024-05-31.json",3496,DB8E9275
liqwid-portable-data,1,"raw/api/fetches/20260729T094328476Z/protocol-overview/daily/2024-06-01--2024-06-05.json",3511,D15DC44D
liqwid-portable-data,1,"raw/api/fetches/20260729T094328476Z/protocol-overview/daily/2024-06-06--2024-06-10.json",3479,CE364CA3
liqwid-portable-data,1,"raw/api/fetches/20260729T094328476Z/protocol-overview/daily/2024-06-11--2024-06-15.json",3542,38EC4798
liqwid-portable-data,1,"raw/api/fetches/20260729T094328476Z/protocol-overview/daily/2024-06-16--2024-06-20.json",3580,3DF2F1AB
liqwid-portable-data,1,"raw/api/fetches/20260729T094328476Z/protocol-overview/daily/2024-06-21--2024-06-25.json",3512,2A66418F
liqwid-portable-data,1,"raw/api/fetches/20260729T094328476Z/protocol-overview/daily/2024-06-26--2024-06-30.json",3478,1DA4BE47
liqwid-portable-data,1,"raw/api/fetches/20260729T094328476Z/protocol-overview/daily/2024-07-01--2024-07-05.json",3519,3E2B09E7
liqwid-portable-data,1,"raw/api/fetches/20260729T094328476Z/protocol-overview/daily/2024-07-06--2024-07-10.json",3503,C84B8F5F
liqwid-portable-data,1,"raw/api/fetches/20260729T094328476Z/protocol-overview/daily/2024-07-11--2024-07-15.json",3470,F8EFA3B3
liqwid-portable-data,1,"raw/api/fetches/20260729T094328476Z/protocol-overview/daily/2024-07-16--2024-07-20.json",3517,5CFC674A
liqwid-portable-data,1,"raw/api/fetches/20260729T094328476Z/protocol-overview/daily/2024-07-21--2024-07-25.json",3494,394C1689
liqwid-portable-data,1,"raw/api/fetches/20260729T094328476Z/protocol-overview/daily/2024-07-26--2024-07-30.json",3486,66BC9317
liqwid-portable-data,1,"raw/api/fetches/20260729T094328476Z/protocol-overview/daily/2024-07-31--2024-08-04.json",3522,E241B6B7
liqwid-portable-data,1,"raw/api/fetches/20260729T094328476Z/protocol-overview/daily/2024-08-05--2024-08-09.json",3550,FC60177E
liqwid-portable-data,1,"raw/api/fetches/20260729T094328476Z/protocol-overview/daily/2024-08-10--2024-08-14.json",3487,B54190A2
liqwid-portable-data,1,"raw/api/fetches/20260729T094328476Z/protocol-overview/daily/2024-08-15--2024-08-19.json",3509,C7BECD01
liqwid-portable-data,1,"raw/api/fetches/20260729T094328476Z/protocol-overview/daily/2024-08-20--2024-08-24.json",3490,1A2BA93F
liqwid-portable-data,1,"raw/api/fetches/20260729T094328476Z/protocol-overview/daily/2024-08-25--2024-08-29.json",3504,60F3BA86
liqwid-portable-data,1,"raw/api/fetches/20260729T094328476Z/protocol-overview/daily/2024-08-30--2024-09-03.json",3499,9777AFB1
liqwid-portable-data,1,"raw/api/fetches/20260729T094328476Z/protocol-overview/daily/2024-09-04--2024-09-08.json",3502,9D56348D
liqwid-portable-data,1,"raw/api/fetches/20260729T094328476Z/protocol-overview/daily/2024-09-09--2024-09-13.json",3500,706155B7
liqwid-portable-data,1,"raw/api/fetches/20260729T094328476Z/protocol-overview/daily/2024-09-14--2024-09-18.json",3516,6F0195B4
liqwid-portable-data,1,"raw/api/fetches/20260729T094328476Z/protocol-overview/daily/2024-09-19--2024-09-23.json",3499,9D41869B
liqwid-portable-data,1,"raw/api/fetches/20260729T094328476Z/protocol-overview/daily/2024-09-24--2024-09-28.json",3509,D2BF816D
liqwid-portable-data,1,"raw/api/fetches/20260729T094328476Z/protocol-overview/daily/2024-09-29--2024-10-03.json",3506,33D5B180
liqwid-portable-data,1,"raw/api/fetches/20260729T094328476Z/protocol-overview/daily/2024-10-04--2024-10-08.json",3468,51512674
liqwid-portable-data,1,"raw/api/fetches/20260729T094328476Z/protocol-overview/daily/2024-10-09--2024-10-13.json",3535,B24AA917
liqwid-portable-data,1,"raw/api/fetches/20260729T094328476Z/protocol-overview/daily/2024-10-14--2024-10-18.json",3517,6C6BFCCC
liqwid-portable-data,1,"raw/api/fetches/20260729T094328476Z/protocol-overview/daily/2024-10-19--2024-10-23.json",3503,B35BA76C
liqwid-portable-data,1,"raw/api/fetches/20260729T094328476Z/protocol-overview/daily/2024-10-24--2024-10-28.json",3500,77CB76E8
liqwid-portable-data,1,"raw/api/fetches/20260729T094328476Z/protocol-overview/daily/2024-10-29--2024-11-02.json",3442,C7014FAA
liqwid-portable-data,1,"raw/api/fetches/20260729T094328476Z/protocol-overview/daily/2024-11-03--2024-11-07.json",3527,459D2B16
liqwid-portable-data,1,"raw/api/fetches/20260729T094328476Z/protocol-overview/daily/2024-11-08--2024-11-12.json",3546,31D19807
liqwid-portable-data,1,"raw/api/fetches/20260729T094328476Z/protocol-overview/daily/2024-11-13--2024-11-17.json",3546,95D4B588
liqwid-portable-data,1,"raw/api/fetches/20260729T094328476Z/protocol-overview/daily/2024-11-18--2024-11-22.json",3573,4FB0863F
liqwid-portable-data,1,"raw/api/fetches/20260729T094328476Z/protocol-overview/daily/2024-11-23--2024-11-27.json",3552,EFB9BD1F
liqwid-portable-data,1,"raw/api/fetches/20260729T094328476Z/protocol-overview/daily/2024-11-28--2024-12-02.json",3532,CBDA02A2
liqwid-portable-data,1,"raw/api/fetches/20260729T094328476Z/protocol-overview/daily/2024-12-03--2024-12-07.json",3533,1F393378
liqwid-portable-data,1,"raw/api/fetches/20260729T094328476Z/protocol-overview/daily/2024-12-08--2024-12-12.json",3541,305B6B9F
liqwid-portable-data,1,"raw/api/fetches/20260729T094328476Z/protocol-overview/daily/2024-12-13--2024-12-17.json",3521,930F98FA
liqwid-portable-data,1,"raw/api/fetches/20260729T094328476Z/protocol-overview/daily/2024-12-18--2024-12-22.json",3573,9BB1D23E
liqwid-portable-data,1,"raw/api/fetches/20260729T094328476Z/protocol-overview/daily/2024-12-23--2024-12-27.json",3551,99071C54
liqwid-portable-data,1,"raw/api/fetches/20260729T094328476Z/protocol-overview/daily/2024-12-28--2025-01-01.json",3516,AD2D3009
liqwid-portable-data,1,"raw/api/fetches/20260729T094328476Z/protocol-overview/daily/2025-01-02--2025-01-06.json",3498,513FEFD9
liqwid-portable-data,1,"raw/api/fetches/20260729T094328476Z/protocol-overview/daily/2025-01-07--2025-01-11.json",3572,6A7BD155
liqwid-portable-data,1,"raw/api/fetches/20260729T094328476Z/protocol-overview/daily/2025-01-12--2025-01-16.json",3521,23189E6E
liqwid-portable-data,1,"raw/api/fetches/20260729T094328476Z/protocol-overview/daily/2025-01-17--2025-01-21.json",3512,4452EFBA
liqwid-portable-data,1,"raw/api/fetches/20260729T094328476Z/protocol-overview/daily/2025-01-22--2025-01-26.json",3506,37211FE7
liqwid-portable-data,1,"raw/api/fetches/20260729T094328476Z/protocol-overview/daily/2025-01-27--2025-01-31.json",3527,65DEBB88
liqwid-portable-data,1,"raw/api/fetches/20260729T094328476Z/protocol-overview/daily/2025-02-01--2025-02-05.json",3571,42B92573
liqwid-portable-data,1,"raw/api/fetches/20260729T094328476Z/protocol-overview/daily/2025-02-06--2025-02-10.json",3518,F78D1815
liqwid-portable-data,1,"raw/api/fetches/20260729T094328476Z/protocol-overview/daily/2025-02-11--2025-02-15.json",3455,CB17DF71
liqwid-portable-data,1,"raw/api/fetches/20260729T094328476Z/protocol-overview/daily/2025-02-16--2025-02-20.json",3504,0F1F9E4D
liqwid-portable-data,1,"raw/api/fetches/20260729T094328476Z/protocol-overview/daily/2025-02-21--2025-02-25.json",3544,90E9C3CE
liqwid-portable-data,1,"raw/api/fetches/20260729T094328476Z/protocol-overview/daily/2025-02-26--2025-03-02.json",3581,785305AD
liqwid-portable-data,1,"raw/api/fetches/20260729T094328476Z/protocol-overview/daily/2025-03-03--2025-03-07.json",3541,DA162C0E
liqwid-portable-data,1,"raw/api/fetches/20260729T094328476Z/protocol-overview/daily/2025-03-08--2025-03-12.json",3576,03885AB7
liqwid-portable-data,1,"raw/api/fetches/20260729T094328476Z/protocol-overview/daily/2025-03-13--2025-03-17.json",3506,1D1765B6
liqwid-portable-data,1,"raw/api/fetches/20260729T094328476Z/protocol-overview/daily/2025-03-18--2025-03-22.json",3470,BBE0526E
liqwid-portable-data,1,"raw/api/fetches/20260729T094328476Z/protocol-overview/daily/2025-03-23--2025-03-27.json",3495,1529689F
liqwid-portable-data,1,"raw/api/fetches/20260729T094328476Z/protocol-overview/daily/2025-03-28--2025-04-01.json",3517,E44A72A5
liqwid-portable-data,1,"raw/api/fetches/20260729T094328476Z/protocol-overview/daily/2025-04-02--2025-04-06.json",3527,0966295E
liqwid-portable-data,1,"raw/api/fetches/20260729T094328476Z/protocol-overview/daily/2025-04-07--2025-04-11.json",3515,D6EBB988
liqwid-portable-data,1,"raw/api/fetches/20260729T094328476Z/protocol-overview/daily/2025-04-12--2025-04-16.json",3489,FD083E42
liqwid-portable-data,1,"raw/api/fetches/20260729T094328476Z/protocol-overview/daily/2025-04-17--2025-04-21.json",3474,1B6E61FF
liqwid-portable-data,1,"raw/api/fetches/20260729T094328476Z/protocol-overview/daily/2025-04-22--2025-04-26.json",3502,1B16A9B8
liqwid-portable-data,1,"raw/api/fetches/20260729T094328476Z/protocol-overview/daily/2025-04-27--2025-05-01.json",3513,C767CC37
liqwid-portable-data,1,"raw/api/fetches/20260729T094328476Z/protocol-overview/daily/2025-05-02--2025-05-06.json",3502,EC1664EB
liqwid-portable-data,1,"raw/api/fetches/20260729T094328476Z/protocol-overview/daily/2025-05-07--2025-05-11.json",3532,3114B611
liqwid-portable-data,1,"raw/api/fetches/20260729T094328476Z/protocol-overview/daily/2025-05-12--2025-05-16.json",3558,E7BE04D5
liqwid-portable-data,1,"raw/api/fetches/20260729T094328476Z/protocol-overview/daily/2025-05-17--2025-05-21.json",3523,DCFD81F0
liqwid-portable-data,1,"raw/api/fetches/20260729T094328476Z/protocol-overview/daily/2025-05-22--2025-05-26.json",3521,CA56DFD8
liqwid-portable-data,1,"raw/api/fetches/20260729T094328476Z/protocol-overview/daily/2025-05-27--2025-05-31.json",3539,9A01B5C6
liqwid-portable-data,1,"raw/api/fetches/20260729T094328476Z/protocol-overview/daily/2025-06-01--2025-06-05.json",3567,2C7A255B
liqwid-portable-data,1,"raw/api/fetches/20260729T094328476Z/protocol-overview/daily/2025-06-06--2025-06-10.json",3587,58E67D23
liqwid-portable-data,1,"raw/api/fetches/20260729T094328476Z/protocol-overview/daily/2025-06-11--2025-06-15.json",3579,E1E2B69F
liqwid-portable-data,1,"raw/api/fetches/20260729T094328476Z/protocol-overview/daily/2025-06-16--2025-06-20.json",3622,77DCC1D8
liqwid-portable-data,1,"raw/api/fetches/20260729T094328476Z/protocol-overview/daily/2025-06-21--2025-06-25.json",3571,40E3C86E
liqwid-portable-data,1,"raw/api/fetches/20260729T094328476Z/protocol-overview/daily/2025-06-26--2025-06-30.json",3547,C9655FC8
liqwid-portable-data,1,"raw/api/fetches/20260729T094328476Z/protocol-overview/daily/2025-07-01--2025-07-05.json",3578,484508CB
liqwid-portable-data,1,"raw/api/fetches/20260729T094328476Z/protocol-overview/daily/2025-07-06--2025-07-10.json",3574,51CDBCD6
liqwid-portable-data,1,"raw/api/fetches/20260729T094328476Z/protocol-overview/daily/2025-07-11--2025-07-15.json",3556,0A4230E3
liqwid-portable-data,1,"raw/api/fetches/20260729T094328476Z/protocol-overview/daily/2025-07-16--2025-07-20.json",3555,EFB61850
liqwid-portable-data,1,"raw/api/fetches/20260729T094328476Z/protocol-overview/daily/2025-07-21--2025-07-25.json",3542,8368017F
liqwid-portable-data,1,"raw/api/fetches/20260729T094328476Z/protocol-overview/daily/2025-07-26--2025-07-30.json",3573,E77B3D7F
liqwid-portable-data,1,"raw/api/fetches/20260729T094328476Z/protocol-overview/daily/2025-07-31--2025-08-04.json",3592,465D04D7
liqwid-portable-data,1,"raw/api/fetches/20260729T094328476Z/protocol-overview/daily/2025-08-05--2025-08-09.json",3579,9CCF6A37
liqwid-portable-data,1,"raw/api/fetches/20260729T094328476Z/protocol-overview/daily/2025-08-10--2025-08-14.json",3543,9E41BDB3
liqwid-portable-data,1,"raw/api/fetches/20260729T094328476Z/protocol-overview/daily/2025-08-15--2025-08-19.json",3589,8B7642D1
liqwid-portable-data,1,"raw/api/fetches/20260729T094328476Z/protocol-overview/daily/2025-08-20--2025-08-24.json",3580,DDBCF2FF
liqwid-portable-data,1,"raw/api/fetches/20260729T094328476Z/protocol-overview/daily/2025-08-25--2025-08-29.json",3574,FEEDCD60
liqwid-portable-data,1,"raw/api/fetches/20260729T094328476Z/protocol-overview/daily/2025-08-30--2025-09-03.json",3565,13548A85
liqwid-portable-data,1,"raw/api/fetches/20260729T094328476Z/protocol-overview/daily/2025-09-04--2025-09-08.json",3587,BF9F6890
liqwid-portable-data,1,"raw/api/fetches/20260729T094328476Z/protocol-overview/daily/2025-09-09--2025-09-13.json",3557,A7AF85FB
liqwid-portable-data,1,"raw/api/fetches/20260729T094328476Z/protocol-overview/daily/2025-09-14--2025-09-18.json",3535,BC15D37F
liqwid-portable-data,1,"raw/api/fetches/20260729T094328476Z/protocol-overview/daily/2025-09-19--2025-09-23.json",3575,83EBB1A9
liqwid-portable-data,1,"raw/api/fetches/20260729T094328476Z/protocol-overview/daily/2025-09-24--2025-09-28.json",3552,3E48B6C3
liqwid-portable-data,1,"raw/api/fetches/20260729T094328476Z/protocol-overview/daily/2025-09-29--2025-10-03.json",3557,60D81A21
liqwid-portable-data,1,"raw/api/fetches/20260729T094328476Z/protocol-overview/daily/2025-10-04--2025-10-08.json",3568,145D9D7E
liqwid-portable-data,1,"raw/api/fetches/20260729T094328476Z/protocol-overview/daily/2025-10-09--2025-10-13.json",3594,9A70554E
liqwid-portable-data,1,"raw/api/fetches/20260729T094328476Z/protocol-overview/daily/2025-10-14--2025-10-18.json",3581,25AD7B80
liqwid-portable-data,1,"raw/api/fetches/20260729T094328476Z/protocol-overview/daily/2025-10-19--2025-10-23.json",3599,9785D87C
liqwid-portable-data,1,"raw/api/fetches/20260729T094328476Z/protocol-overview/daily/2025-10-24--2025-10-28.json",3526,67734700
liqwid-portable-data,1,"raw/api/fetches/20260729T094328476Z/protocol-overview/daily/2025-10-29--2025-11-02.json",3579,BEE1C9CD
liqwid-portable-data,1,"raw/api/fetches/20260729T094328476Z/protocol-overview/daily/2025-11-03--2025-11-07.json",3594,5BB51874
liqwid-portable-data,1,"raw/api/fetches/20260729T094328476Z/protocol-overview/daily/2025-11-08--2025-11-12.json",3587,CA94A91F
liqwid-portable-data,1,"raw/api/fetches/20260729T094328476Z/protocol-overview/daily/2025-11-13--2025-11-17.json",3609,8FBD6A9E
liqwid-portable-data,1,"raw/api/fetches/20260729T094328476Z/protocol-overview/daily/2025-11-18--2025-11-22.json",3640,A4F5C9E9
liqwid-portable-data,1,"raw/api/fetches/20260729T094328476Z/protocol-overview/daily/2025-11-23--2025-11-27.json",3571,C37235D9
liqwid-portable-data,1,"raw/api/fetches/20260729T094328476Z/protocol-overview/daily/2025-11-28--2025-12-02.json",3537,FFD9B12C
liqwid-portable-data,1,"raw/api/fetches/20260729T094328476Z/protocol-overview/daily/2025-12-03--2025-12-07.json",3586,7BD0728F
liqwid-portable-data,1,"raw/api/fetches/20260729T094328476Z/protocol-overview/daily/2025-12-08--2025-12-12.json",3600,EA887BAC
liqwid-portable-data,1,"raw/api/fetches/20260729T094328476Z/protocol-overview/daily/2025-12-13--2025-12-17.json",3557,22E8198B
liqwid-portable-data,1,"raw/api/fetches/20260729T094328476Z/protocol-overview/daily/2025-12-18--2025-12-22.json",3577,07DB1C87
liqwid-portable-data,1,"raw/api/fetches/20260729T094328476Z/protocol-overview/daily/2025-12-23--2025-12-27.json",3551,D1DC6180
liqwid-portable-data,1,"raw/api/fetches/20260729T094328476Z/protocol-overview/daily/2025-12-28--2026-01-01.json",3530,B05900E8
liqwid-portable-data,1,"raw/api/fetches/20260729T094328476Z/protocol-overview/daily/2026-01-02--2026-01-06.json",3516,DF93224E
liqwid-portable-data,1,"raw/api/fetches/20260729T094328476Z/protocol-overview/daily/2026-01-07--2026-01-11.json",3406,F10D3F51
liqwid-portable-data,1,"raw/api/fetches/20260729T094328476Z/protocol-overview/daily/2026-01-12--2026-01-16.json",3477,41BC3AEE
liqwid-portable-data,1,"raw/api/fetches/20260729T094328476Z/protocol-overview/daily/2026-01-17--2026-01-21.json",3506,A8204572
liqwid-portable-data,1,"raw/api/fetches/20260729T094328476Z/protocol-overview/daily/2026-01-22--2026-01-26.json",3475,91DCC7C9
liqwid-portable-data,1,"raw/api/fetches/20260729T094328476Z/protocol-overview/daily/2026-01-27--2026-01-31.json",3540,F4B0C9BE
liqwid-portable-data,1,"raw/api/fetches/20260729T094328476Z/protocol-overview/daily/2026-02-01--2026-02-05.json",3439,C6C888C5
liqwid-portable-data,1,"raw/api/fetches/20260729T094328476Z/protocol-overview/daily/2026-02-06--2026-02-10.json",3488,E10EDAAB
liqwid-portable-data,1,"raw/api/fetches/20260729T094328476Z/protocol-overview/daily/2026-02-11--2026-02-15.json",3467,B755F698
liqwid-portable-data,1,"raw/api/fetches/20260729T094328476Z/protocol-overview/daily/2026-02-16--2026-02-20.json",3294,64618D14
liqwid-portable-data,1,"raw/api/fetches/20260729T094328476Z/protocol-overview/daily/2026-02-21--2026-02-25.json",3375,600D4462
liqwid-portable-data,1,"raw/api/fetches/20260729T094328476Z/protocol-overview/daily/2026-02-26--2026-03-02.json",3450,2622DABD
liqwid-portable-data,1,"raw/api/fetches/20260729T094328476Z/protocol-overview/daily/2026-03-03--2026-03-07.json",3384,2557E2E1
liqwid-portable-data,1,"raw/api/fetches/20260729T094328476Z/protocol-overview/daily/2026-03-08--2026-03-12.json",3493,8C47E6FF
liqwid-portable-data,1,"raw/api/fetches/20260729T094328476Z/protocol-overview/daily/2026-03-13--2026-03-17.json",3473,98738E67
liqwid-portable-data,1,"raw/api/fetches/20260729T094328476Z/protocol-overview/daily/2026-03-18--2026-03-22.json",3540,A115692B
liqwid-portable-data,1,"raw/api/fetches/20260729T094328476Z/protocol-overview/daily/2026-03-23--2026-03-27.json",3435,779E0D99
liqwid-portable-data,1,"raw/api/fetches/20260729T094328476Z/protocol-overview/daily/2026-03-28--2026-04-01.json",3439,A73FD3E1
liqwid-portable-data,1,"raw/api/fetches/20260729T094328476Z/protocol-overview/daily/2026-04-02--2026-04-06.json",3481,BADF9760
liqwid-portable-data,1,"raw/api/fetches/20260729T094328476Z/protocol-overview/daily/2026-04-07--2026-04-11.json",3514,BB45400F
liqwid-portable-data,1,"raw/api/fetches/20260729T094328476Z/protocol-overview/daily/2026-04-12--2026-04-16.json",3514,B0F6B35D
liqwid-portable-data,1,"raw/api/fetches/20260729T094328476Z/protocol-overview/daily/2026-04-17--2026-04-21.json",3412,9B2382D0
liqwid-portable-data,1,"raw/api/fetches/20260729T094328476Z/protocol-overview/daily/2026-04-22--2026-04-26.json",3464,38E98F86
liqwid-portable-data,1,"raw/api/fetches/20260729T094328476Z/protocol-overview/daily/2026-04-27--2026-05-01.json",3466,DF4BF151
liqwid-portable-data,1,"raw/api/fetches/20260729T094328476Z/protocol-overview/daily/2026-05-02--2026-05-06.json",3459,BAEB54ED
liqwid-portable-data,1,"raw/api/fetches/20260729T094328476Z/protocol-overview/daily/2026-05-07--2026-05-11.json",3445,07EA0DF3
liqwid-portable-data,1,"raw/api/fetches/20260729T094328476Z/protocol-overview/daily/2026-05-12--2026-05-16.json",3430,6A647819
liqwid-portable-data,1,"raw/api/fetches/20260729T094328476Z/protocol-overview/daily/2026-05-17--2026-05-21.json",3452,43241B16
liqwid-portable-data,1,"raw/api/fetches/20260729T094328476Z/protocol-overview/daily/2026-05-22--2026-05-26.json",3426,52622BC3
liqwid-portable-data,1,"raw/api/fetches/20260729T094328476Z/protocol-overview/daily/2026-05-27--2026-05-31.json",3508,336C679F
liqwid-portable-data,1,"raw/api/fetches/20260729T094328476Z/protocol-overview/daily/2026-06-01--2026-06-05.json",3585,F4CFD9D8
liqwid-portable-data,1,"raw/api/fetches/20260729T094328476Z/protocol-overview/daily/2026-06-06--2026-06-10.json",3484,63BAE441
liqwid-portable-data,1,"raw/api/fetches/20260729T094328476Z/protocol-overview/daily/2026-06-11--2026-06-15.json",3444,FE555FF7
liqwid-portable-data,1,"raw/api/fetches/20260729T094328476Z/protocol-overview/daily/2026-06-16--2026-06-20.json",3418,52C9DA12
liqwid-portable-data,1,"raw/api/fetches/20260729T094328476Z/protocol-overview/daily/2026-06-21--2026-06-25.json",3509,2E3407C7
liqwid-portable-data,1,"raw/api/fetches/20260729T094328476Z/protocol-overview/daily/2026-06-26--2026-06-30.json",3396,AC14C006
liqwid-portable-data,1,"raw/api/fetches/20260729T094328476Z/protocol-overview/daily/2026-07-01--2026-07-05.json",3345,60E7ADA5
liqwid-portable-data,1,"raw/api/fetches/20260729T094328476Z/protocol-overview/daily/2026-07-06--2026-07-10.json",3348,E04F71ED
liqwid-portable-data,1,"raw/api/fetches/20260729T094328476Z/protocol-overview/daily/2026-07-11--2026-07-15.json",3277,4FE07119
liqwid-portable-data,1,"raw/api/fetches/20260729T094328476Z/protocol-overview/daily/2026-07-16--2026-07-20.json",3423,37BEB362
liqwid-portable-data,1,"raw/api/fetches/20260729T094328476Z/protocol-overview/daily/2026-07-21--2026-07-25.json",3404,17D7C14B
liqwid-portable-data,1,"raw/api/fetches/20260729T094328476Z/protocol-overview/daily/2026-07-26--2026-07-28.json",2105,38E27F23
liqwid-portable-data,1,"raw/api/fetches/20260729T094328476Z/protocol-overview/monthly/2023-02-01.json",984,A6B153F4
liqwid-portable-data,1,"raw/api/fetches/20260729T094328476Z/protocol-overview/monthly/2023-03-01.json",1004,34DFBB91
liqwid-portable-data,1,"raw/api/fetches/20260729T094328476Z/protocol-overview/monthly/2023-04-01.json",1003,0FC9D555
liqwid-portable-data,1,"raw/api/fetches/20260729T094328476Z/protocol-overview/monthly/2023-05-01.json",1005,D712CD5B
liqwid-portable-data,1,"raw/api/fetches/20260729T094328476Z/protocol-overview/monthly/2023-06-01.json",1003,EEDBA296
liqwid-portable-data,1,"raw/api/fetches/20260729T094328476Z/protocol-overview/monthly/2023-07-01.json",1000,8FC4CDC7
liqwid-portable-data,1,"raw/api/fetches/20260729T094328476Z/protocol-overview/monthly/2023-08-01.json",1001,EE542286
liqwid-portable-data,1,"raw/api/fetches/20260729T094328476Z/protocol-overview/monthly/2023-09-01.json",1003,1DDEE15C
liqwid-portable-data,1,"raw/api/fetches/20260729T094328476Z/protocol-overview/monthly/2023-10-01.json",1003,7F763093
liqwid-portable-data,1,"raw/api/fetches/20260729T094328476Z/protocol-overview/monthly/2023-11-01.json",1001,051CDF04
liqwid-portable-data,1,"raw/api/fetches/20260729T094328476Z/protocol-overview/monthly/2023-12-01.json",1000,FDFEF382
liqwid-portable-data,1,"raw/api/fetches/20260729T094328476Z/protocol-overview/monthly/2024-01-01.json",1002,2CAAE796
liqwid-portable-data,1,"raw/api/fetches/20260729T094328476Z/protocol-overview/monthly/2024-02-01.json",1002,94A3B9C2
liqwid-portable-data,1,"raw/api/fetches/20260729T094328476Z/protocol-overview/monthly/2024-03-01.json",1000,4B3D287C
liqwid-portable-data,1,"raw/api/fetches/20260729T094328476Z/protocol-overview/monthly/2024-04-01.json",1026,D121F620
liqwid-portable-data,1,"raw/api/fetches/20260729T094328476Z/protocol-overview/monthly/2024-05-01.json",1031,6B8A4009
liqwid-portable-data,1,"raw/api/fetches/20260729T094328476Z/protocol-overview/monthly/2024-06-01.json",1032,E3B3B2F5
liqwid-portable-data,1,"raw/api/fetches/20260729T094328476Z/protocol-overview/monthly/2024-07-01.json",1034,69B4EA6D
liqwid-portable-data,1,"raw/api/fetches/20260729T094328476Z/protocol-overview/monthly/2024-08-01.json",1030,49B9352A
liqwid-portable-data,1,"raw/api/fetches/20260729T094328476Z/protocol-overview/monthly/2024-09-01.json",1032,6B65FD85
liqwid-portable-data,1,"raw/api/fetches/20260729T094328476Z/protocol-overview/monthly/2024-10-01.json",1033,CAF3FD26
liqwid-portable-data,1,"raw/api/fetches/20260729T094328476Z/protocol-overview/monthly/2024-11-01.json",1030,61EBAB3D
liqwid-portable-data,1,"raw/api/fetches/20260729T094328476Z/protocol-overview/monthly/2024-12-01.json",1033,D9343E00
liqwid-portable-data,1,"raw/api/fetches/20260729T094328476Z/protocol-overview/monthly/2025-01-01.json",1032,1EB74BC7
liqwid-portable-data,1,"raw/api/fetches/20260729T094328476Z/protocol-overview/monthly/2025-02-01.json",1030,626EAB27
liqwid-portable-data,1,"raw/api/fetches/20260729T094328476Z/protocol-overview/monthly/2025-03-01.json",1031,3A3FEABF
liqwid-portable-data,1,"raw/api/fetches/20260729T094328476Z/protocol-overview/monthly/2025-04-01.json",1033,89B29F66
liqwid-portable-data,1,"raw/api/fetches/20260729T094328476Z/protocol-overview/monthly/2025-05-01.json",1029,9019F841
liqwid-portable-data,1,"raw/api/fetches/20260729T094328476Z/protocol-overview/monthly/2025-06-01.json",1036,3BE83135
liqwid-portable-data,1,"raw/api/fetches/20260729T094328476Z/protocol-overview/monthly/2025-07-01.json",1034,5BADE59E
liqwid-portable-data,1,"raw/api/fetches/20260729T094328476Z/protocol-overview/monthly/2025-08-01.json",1036,CC289AA4
liqwid-portable-data,1,"raw/api/fetches/20260729T094328476Z/protocol-overview/monthly/2025-09-01.json",1033,E75394F0
liqwid-portable-data,1,"raw/api/fetches/20260729T094328476Z/protocol-overview/monthly/2025-10-01.json",1031,0969CB1B
liqwid-portable-data,1,"raw/api/fetches/20260729T094328476Z/protocol-overview/monthly/2025-11-01.json",1030,90B2EA67
liqwid-portable-data,1,"raw/api/fetches/20260729T094328476Z/protocol-overview/monthly/2025-12-01.json",1034,008702B7
liqwid-portable-data,1,"raw/api/fetches/20260729T094328476Z/protocol-overview/monthly/2026-01-01.json",1027,83E509A8
liqwid-portable-data,1,"raw/api/fetches/20260729T094328476Z/protocol-overview/monthly/2026-02-01.json",1029,EA44EA50
liqwid-portable-data,1,"raw/api/fetches/20260729T094328476Z/protocol-overview/monthly/2026-03-01.json",1028,B81533CF
liqwid-portable-data,1,"raw/api/fetches/20260729T094328476Z/protocol-overview/monthly/2026-04-01.json",1029,A5F7B0BE
liqwid-portable-data,1,"raw/api/fetches/20260729T094328476Z/protocol-overview/monthly/2026-05-01.json",1029,8775F1B1
liqwid-portable-data,1,"raw/api/fetches/20260729T094328476Z/protocol-overview/monthly/2026-06-01.json",1029,632C9BF9
liqwid-portable-data,1,"raw/api/fetches/20260729T094328476Z/protocol-overview/monthly/2026-07-01.json",999,EBEDF04A
liqwid-portable-data,1,"raw/api/fetches/20260729T095228519Z/loans/all.json",485293,319614B3
liqwid-portable-data,1,"raw/api/fetches/20260729T095228519Z/lq-stats.json",495,831B01F2
liqwid-portable-data,1,"raw/api/fetches/20260729T095228519Z/market-history/ada.json",1023,4DFD3D51
liqwid-portable-data,1,"raw/api/fetches/20260729T095228519Z/market-history/agix.json",1025,156B74A7
liqwid-portable-data,1,"raw/api/fetches/20260729T095228519Z/market-history/btc.json",1023,4B19D23D
liqwid-portable-data,1,"raw/api/fetches/20260729T095228519Z/market-history/copi.json",1025,FE1573A5
liqwid-portable-data,1,"raw/api/fetches/20260729T095228519Z/market-history/dai.json",1023,AC266B56
liqwid-portable-data,1,"raw/api/fetches/20260729T095228519Z/market-history/djed.json",1025,8984CCA6
liqwid-portable-data,1,"raw/api/fetches/20260729T095228519Z/market-history/erg.json",1023,1BBD45A3
liqwid-portable-data,1,"raw/api/fetches/20260729T095228519Z/market-history/eth.json",1023,202AB9F1
liqwid-portable-data,1,"raw/api/fetches/20260729T095228519Z/market-history/eurc.json",1025,DE74B519
liqwid-portable-data,1,"raw/api/fetches/20260729T095228519Z/market-history/iag.json",1023,11C0C117
liqwid-portable-data,1,"raw/api/fetches/20260729T095228519Z/market-history/iusd.json",1025,6521CE0A
liqwid-portable-data,1,"raw/api/fetches/20260729T095228519Z/market-history/lq.json",1021,6013B455
liqwid-portable-data,1,"raw/api/fetches/20260729T095228519Z/market-history/min.json",1023,F57BAEB9
liqwid-portable-data,1,"raw/api/fetches/20260729T095228519Z/market-history/night.json",1027,37890A49
liqwid-portable-data,1,"raw/api/fetches/20260729T095228519Z/market-history/pol.json",1023,1169BDB0
liqwid-portable-data,1,"raw/api/fetches/20260729T095228519Z/market-history/pyusd.json",1027,2EA5D74F
liqwid-portable-data,1,"raw/api/fetches/20260729T095228519Z/market-history/shen.json",1025,7CC2CC96
liqwid-portable-data,1,"raw/api/fetches/20260729T095228519Z/market-history/snek.json",1025,D224EB79
liqwid-portable-data,1,"raw/api/fetches/20260729T095228519Z/market-history/usda.json",1025,D809CD3F
liqwid-portable-data,1,"raw/api/fetches/20260729T095228519Z/market-history/usdc.json",1025,068242E1
liqwid-portable-data,1,"raw/api/fetches/20260729T095228519Z/market-history/usdcx-usdm-sundae-lp-stableswap.json",1079,7C4FD425
liqwid-portable-data,1,"raw/api/fetches/20260729T095228519Z/market-history/usdcx.json",1027,4713D38E
liqwid-portable-data,1,"raw/api/fetches/20260729T095228519Z/market-history/usdm-usda-minswap-lp-stable.json",1071,B3A1A6C3
liqwid-portable-data,1,"raw/api/fetches/20260729T095228519Z/market-history/usdm.json",1025,72A3E738
liqwid-portable-data,1,"raw/api/fetches/20260729T095228519Z/market-history/usdt.json",1025,93C37298
liqwid-portable-data,1,"raw/api/fetches/20260729T095228519Z/market-history/wmt.json",1023,C5AF5781
liqwid-portable-data,1,"raw/api/fetches/20260729T095228519Z/markets/page-0000.json",135842,F40287E3
liqwid-portable-data,1,"raw/api/fetches/20260729T095228519Z/protocol-overview/monthly/2023-02-01.json",984,4D52BD5C
liqwid-portable-data,1,"raw/api/fetches/20260729T095228519Z/protocol-overview/monthly/2026-07-01.json",999,0C47F3C2
liqwid-portable-data,1,"raw/api/fetches/20260729T111547642Z/loans/all.json",484826,9B04F2FB
liqwid-portable-data,1,"raw/api/fetches/20260729T111547642Z/lq-stats.json",495,B88F8E3D
liqwid-portable-data,1,"raw/api/fetches/20260729T111547642Z/market-history/ada.json",802141,1C0647E6
liqwid-portable-data,1,"raw/api/fetches/20260729T111547642Z/market-history/agix.json",502061,AE40827D
liqwid-portable-data,1,"raw/api/fetches/20260729T111547642Z/market-history/btc.json",377259,D7BCFBC6
liqwid-portable-data,1,"raw/api/fetches/20260729T111547642Z/market-history/copi.json",452861,1F0394E5
liqwid-portable-data,1,"raw/api/fetches/20260729T111547642Z/market-history/dai.json",580705,49E2755E
liqwid-portable-data,1,"raw/api/fetches/20260729T111547642Z/market-history/djed.json",793921,85733760
liqwid-portable-data,1,"raw/api/fetches/20260729T111547642Z/market-history/erg.json",543271,04A4B147
liqwid-portable-data,1,"raw/api/fetches/20260729T111547642Z/market-history/eth.json",374196,6FD6E330
liqwid-portable-data,1,"raw/api/fetches/20260729T111547642Z/market-history/eurc.json",247015,0C2E22EA
liqwid-portable-data,1,"raw/api/fetches/20260729T111547642Z/market-history/iag.json",472999,61DB581B
liqwid-portable-data,1,"raw/api/fetches/20260729T111547642Z/market-history/iusd.json",717283,AA3758AF
liqwid-portable-data,1,"raw/api/fetches/20260729T111547642Z/market-history/lq.json",360493,BD642F70
liqwid-portable-data,1,"raw/api/fetches/20260729T111547642Z/market-history/min.json",594887,C48B6CCE
liqwid-portable-data,1,"raw/api/fetches/20260729T111547642Z/market-history/night.json",142604,6B227627
liqwid-portable-data,1,"raw/api/fetches/20260729T111547642Z/market-history/pol.json",367760,47B614D1
liqwid-portable-data,1,"raw/api/fetches/20260729T111547642Z/market-history/pyusd.json",209303,6A6144A9
liqwid-portable-data,1,"raw/api/fetches/20260729T111547642Z/market-history/shen.json",717200,EE2F45D9
liqwid-portable-data,1,"raw/api/fetches/20260729T111547642Z/market-history/snek.json",464910,32E64D44
liqwid-portable-data,1,"raw/api/fetches/20260729T111547642Z/market-history/usda.json",312008,EF43ACF5
liqwid-portable-data,1,"raw/api/fetches/20260729T111547642Z/market-history/usdc.json",645013,0DFDD182
liqwid-portable-data,1,"raw/api/fetches/20260729T111547642Z/market-history/usdcx-usdm-sundae-lp-stableswap.json",77729,A7964F32
liqwid-portable-data,1,"raw/api/fetches/20260729T111547642Z/market-history/usdcx.json",92234,16F11B38
liqwid-portable-data,1,"raw/api/fetches/20260729T111547642Z/market-history/usdm-usda-minswap-lp-stable.json",62277,6DC2AC2F
liqwid-portable-data,1,"raw/api/fetches/20260729T111547642Z/market-history/usdm.json",425722,0842D500
liqwid-portable-data,1,"raw/api/fetches/20260729T111547642Z/market-history/usdt.json",627110,20D69DEC
liqwid-portable-data,1,"raw/api/fetches/20260729T111547642Z/market-history/wmt.json",532246,2B3052A7
liqwid-portable-data,1,"raw/api/fetches/20260729T111547642Z/market-params-history/ada.json",19353,BB35787D
liqwid-portable-data,1,"raw/api/fetches/20260729T111547642Z/market-params-history/agix.json",13250,A4C46D90
liqwid-portable-data,1,"raw/api/fetches/20260729T111547642Z/market-params-history/btc.json",6695,EC04D7BE
liqwid-portable-data,1,"raw/api/fetches/20260729T111547642Z/market-params-history/copi.json",9738,A150C2FE
liqwid-portable-data,1,"raw/api/fetches/20260729T111547642Z/market-params-history/dai.json",13043,299B2890
liqwid-portable-data,1,"raw/api/fetches/20260729T111547642Z/market-params-history/djed.json",21141,51A0B66F
liqwid-portable-data,1,"raw/api/fetches/20260729T111547642Z/market-params-history/erg.json",12162,9CF702B2
liqwid-portable-data,1,"raw/api/fetches/20260729T111547642Z/market-params-history/eth.json",6696,26B1BB28
liqwid-portable-data,1,"raw/api/fetches/20260729T111547642Z/market-params-history/eurc.json",6012,009C9498
liqwid-portable-data,1,"raw/api/fetches/20260729T111547642Z/market-params-history/iag.json",8647,B2278067
liqwid-portable-data,1,"raw/api/fetches/20260729T111547642Z/market-params-history/iusd.json",20553,4A5A7B73
liqwid-portable-data,1,"raw/api/fetches/20260729T111547642Z/market-params-history/lq.json",6915,A060973D
liqwid-portable-data,1,"raw/api/fetches/20260729T111547642Z/market-params-history/min.json",11639,E3103624
liqwid-portable-data,1,"raw/api/fetches/20260729T111547642Z/market-params-history/night.json",6824,A19543CB
liqwid-portable-data,1,"raw/api/fetches/20260729T111547642Z/market-params-history/pol.json",4342,F6FF9040
liqwid-portable-data,1,"raw/api/fetches/20260729T111547642Z/market-params-history/pyusd.json",6014,3CBEB641
liqwid-portable-data,1,"raw/api/fetches/20260729T111547642Z/market-params-history/shen.json",13893,C0710E5E
liqwid-portable-data,1,"raw/api/fetches/20260729T111547642Z/market-params-history/snek.json",10315,6F550199
liqwid-portable-data,1,"raw/api/fetches/20260729T111547642Z/market-params-history/usda.json",7201,2119045A
liqwid-portable-data,1,"raw/api/fetches/20260729T111547642Z/market-params-history/usdc.json",14760,FB58DA1D
liqwid-portable-data,1,"raw/api/fetches/20260729T111547642Z/market-params-history/usdcx-usdm-sundae-lp-stableswap.json",4777,2A4EC52D
liqwid-portable-data,1,"raw/api/fetches/20260729T111547642Z/market-params-history/usdcx.json",3106,8C6E4B29
liqwid-portable-data,1,"raw/api/fetches/20260729T111547642Z/market-params-history/usdm-usda-minswap-lp-stable.json",3096,3B24DB53
liqwid-portable-data,1,"raw/api/fetches/20260729T111547642Z/market-params-history/usdm.json",11271,ABA27786
liqwid-portable-data,1,"raw/api/fetches/20260729T111547642Z/market-params-history/usdt.json",15333,6DD0CB46
liqwid-portable-data,1,"raw/api/fetches/20260729T111547642Z/market-params-history/wmt.json",12725,98441BA6
liqwid-portable-data,1,"raw/api/fetches/20260729T111547642Z/markets/page-0000.json",135814,73C6066B
liqwid-portable-data,1,"raw/api/fetches/20260729T111547642Z/protocol-fees/daily/2026-01-01--2026-01-04.json",4687,E15D88CA
liqwid-portable-data,1,"raw/api/fetches/20260729T111547642Z/protocol-fees/daily/2026-01-05--2026-01-08.json",4696,7F3D01D7
liqwid-portable-data,1,"raw/api/fetches/20260729T111547642Z/protocol-fees/daily/2026-01-09--2026-01-12.json",4684,C4BA50A1
liqwid-portable-data,1,"raw/api/fetches/20260729T111547642Z/protocol-fees/daily/2026-01-13--2026-01-16.json",4686,CA5989B1
liqwid-portable-data,1,"raw/api/fetches/20260729T111547642Z/protocol-fees/daily/2026-01-17--2026-01-20.json",4692,DC403CC8
liqwid-portable-data,1,"raw/api/fetches/20260729T111547642Z/protocol-fees/daily/2026-01-21--2026-01-24.json",4676,4F8491A6
liqwid-portable-data,1,"raw/api/fetches/20260729T111547642Z/protocol-fees/daily/2026-01-25--2026-01-28.json",4672,50E3938C
liqwid-portable-data,1,"raw/api/fetches/20260729T111547642Z/protocol-fees/daily/2026-01-29--2026-02-01.json",4695,69C4C39E
liqwid-portable-data,1,"raw/api/fetches/20260729T111547642Z/protocol-fees/daily/2026-02-02--2026-02-05.json",4527,4E4A2FEE
liqwid-portable-data,1,"raw/api/fetches/20260729T111547642Z/protocol-fees/daily/2026-02-06--2026-02-09.json",4686,28469353
liqwid-portable-data,1,"raw/api/fetches/20260729T111547642Z/protocol-fees/daily/2026-02-10--2026-02-13.json",4688,8A641CC4
liqwid-portable-data,1,"raw/api/fetches/20260729T111547642Z/protocol-fees/daily/2026-02-14--2026-02-17.json",4674,9384DEE3
liqwid-portable-data,1,"raw/api/fetches/20260729T111547642Z/protocol-fees/daily/2026-02-18--2026-02-21.json",4676,B583D31C
liqwid-portable-data,1,"raw/api/fetches/20260729T111547642Z/protocol-fees/daily/2026-02-22--2026-02-25.json",4674,D496D939
liqwid-portable-data,1,"raw/api/fetches/20260729T111547642Z/protocol-fees/daily/2026-02-26--2026-03-01.json",4682,32319451
liqwid-portable-data,1,"raw/api/fetches/20260729T111547642Z/protocol-fees/daily/2026-03-02--2026-03-05.json",4668,07AF6423
liqwid-portable-data,1,"raw/api/fetches/20260729T111547642Z/protocol-fees/daily/2026-03-06--2026-03-09.json",4674,49FB0CB6
liqwid-portable-data,1,"raw/api/fetches/20260729T111547642Z/protocol-fees/daily/2026-03-10--2026-03-13.json",4685,3FED77E7
liqwid-portable-data,1,"raw/api/fetches/20260729T111547642Z/protocol-fees/daily/2026-03-14--2026-03-17.json",4695,8609170B
liqwid-portable-data,1,"raw/api/fetches/20260729T111547642Z/protocol-fees/daily/2026-03-18--2026-03-21.json",4684,6E82BB28
liqwid-portable-data,1,"raw/api/fetches/20260729T111547642Z/protocol-fees/daily/2026-03-22--2026-03-25.json",4709,9F78633E
liqwid-portable-data,1,"raw/api/fetches/20260729T111547642Z/protocol-fees/daily/2026-03-26--2026-03-29.json",4692,9CBBCC25
liqwid-portable-data,1,"raw/api/fetches/20260729T111547642Z/protocol-fees/daily/2026-03-30--2026-04-02.json",4680,CC76765E
liqwid-portable-data,1,"raw/api/fetches/20260729T111547642Z/protocol-fees/daily/2026-04-03--2026-04-06.json",4691,AD056313
liqwid-portable-data,1,"raw/api/fetches/20260729T111547642Z/protocol-fees/daily/2026-04-07--2026-04-10.json",4695,693D2E73
liqwid-portable-data,1,"raw/api/fetches/20260729T111547642Z/protocol-fees/daily/2026-04-11--2026-04-14.json",4695,66D38585
liqwid-portable-data,1,"raw/api/fetches/20260729T111547642Z/protocol-fees/daily/2026-04-15--2026-04-18.json",4694,0CD39522
liqwid-portable-data,1,"raw/api/fetches/20260729T111547642Z/protocol-fees/daily/2026-04-19--2026-04-22.json",4683,6EF9EC90
liqwid-portable-data,1,"raw/api/fetches/20260729T111547642Z/protocol-fees/daily/2026-04-23--2026-04-26.json",4681,FEC9F5DD
liqwid-portable-data,1,"raw/api/fetches/20260729T111547642Z/protocol-fees/daily/2026-04-27--2026-04-30.json",4686,E7A430A4
liqwid-portable-data,1,"raw/api/fetches/20260729T111547642Z/protocol-fees/daily/2026-05-01--2026-05-04.json",4690,ED179F01
liqwid-portable-data,1,"raw/api/fetches/20260729T111547642Z/protocol-fees/daily/2026-05-05--2026-05-08.json",4707,6193B064
liqwid-portable-data,1,"raw/api/fetches/20260729T111547642Z/protocol-fees/daily/2026-05-09--2026-05-12.json",4705,615B137B
liqwid-portable-data,1,"raw/api/fetches/20260729T111547642Z/protocol-fees/daily/2026-05-13--2026-05-16.json",4679,8CDC9AE7
liqwid-portable-data,1,"raw/api/fetches/20260729T111547642Z/protocol-fees/daily/2026-05-17--2026-05-20.json",4665,C0734AA8
liqwid-portable-data,1,"raw/api/fetches/20260729T111547642Z/protocol-fees/daily/2026-05-21--2026-05-24.json",4679,87E5D796
liqwid-portable-data,1,"raw/api/fetches/20260729T111547642Z/protocol-fees/daily/2026-05-25--2026-05-28.json",4684,EBFD8095
liqwid-portable-data,1,"raw/api/fetches/20260729T111547642Z/protocol-fees/daily/2026-05-29--2026-06-01.json",4684,A03E3D56
liqwid-portable-data,1,"raw/api/fetches/20260729T111547642Z/protocol-fees/daily/2026-06-02--2026-06-05.json",4691,7BE69457
liqwid-portable-data,1,"raw/api/fetches/20260729T111547642Z/protocol-fees/daily/2026-06-06--2026-06-09.json",4670,8AEFB481
liqwid-portable-data,1,"raw/api/fetches/20260729T111547642Z/protocol-fees/daily/2026-06-10--2026-06-13.json",4700,2B2124AB
liqwid-portable-data,1,"raw/api/fetches/20260729T111547642Z/protocol-fees/daily/2026-06-14--2026-06-17.json",4686,A42B6F99
liqwid-portable-data,1,"raw/api/fetches/20260729T111547642Z/protocol-fees/daily/2026-06-18--2026-06-21.json",4695,BEE459CF
liqwid-portable-data,1,"raw/api/fetches/20260729T111547642Z/protocol-fees/daily/2026-06-22--2026-06-25.json",4657,D4E0E7E2
liqwid-portable-data,1,"raw/api/fetches/20260729T111547642Z/protocol-fees/daily/2026-06-26--2026-06-29.json",4654,62BE74AA
liqwid-portable-data,1,"raw/api/fetches/20260729T111547642Z/protocol-fees/daily/2026-06-30--2026-07-03.json",4579,AD47DC04
liqwid-portable-data,1,"raw/api/fetches/20260729T111547642Z/protocol-fees/daily/2026-07-04--2026-07-07.json",4586,88F44617
liqwid-portable-data,1,"raw/api/fetches/20260729T111547642Z/protocol-fees/daily/2026-07-08--2026-07-11.json",4583,7F4F53DD
liqwid-portable-data,1,"raw/api/fetches/20260729T111547642Z/protocol-fees/daily/2026-07-12--2026-07-15.json",4574,D30D699B
liqwid-portable-data,1,"raw/api/fetches/20260729T111547642Z/protocol-fees/daily/2026-07-16--2026-07-19.json",4588,05BA4F1E
liqwid-portable-data,1,"raw/api/fetches/20260729T111547642Z/protocol-fees/daily/2026-07-20--2026-07-23.json",4575,AFDB7265
liqwid-portable-data,1,"raw/api/fetches/20260729T111547642Z/protocol-fees/daily/2026-07-24--2026-07-27.json",4586,90289F97
liqwid-portable-data,1,"raw/api/fetches/20260729T111547642Z/protocol-fees/daily/2026-07-28.json",1286,79A31019
liqwid-portable-data,1,"raw/api/fetches/20260729T111547642Z/protocol-overview/daily/2023-02-02--2023-02-06.json",3320,3D9D10A3
liqwid-portable-data,1,"raw/api/fetches/20260729T111547642Z/protocol-overview/daily/2023-02-07--2023-02-11.json",3302,328DEA57
liqwid-portable-data,1,"raw/api/fetches/20260729T111547642Z/protocol-overview/daily/2023-02-12--2023-02-16.json",3313,7B0BA2F8
liqwid-portable-data,1,"raw/api/fetches/20260729T111547642Z/protocol-overview/daily/2023-02-17--2023-02-21.json",3327,3FB653A6
liqwid-portable-data,1,"raw/api/fetches/20260729T111547642Z/protocol-overview/daily/2023-02-22--2023-02-26.json",3278,5F5D7231
liqwid-portable-data,1,"raw/api/fetches/20260729T111547642Z/protocol-overview/daily/2023-02-27--2023-03-03.json",3339,30970A8F
liqwid-portable-data,1,"raw/api/fetches/20260729T111547642Z/protocol-overview/daily/2023-03-04--2023-03-08.json",3342,F4F7EB1C
liqwid-portable-data,1,"raw/api/fetches/20260729T111547642Z/protocol-overview/daily/2023-03-09--2023-03-13.json",3335,6FD97FBD
liqwid-portable-data,1,"raw/api/fetches/20260729T111547642Z/protocol-overview/daily/2023-03-14--2023-03-18.json",3364,E93C48E4
liqwid-portable-data,1,"raw/api/fetches/20260729T111547642Z/protocol-overview/daily/2023-03-19--2023-03-23.json",3315,A02F1A8C
liqwid-portable-data,1,"raw/api/fetches/20260729T111547642Z/protocol-overview/daily/2023-03-24--2023-03-28.json",3325,174DE6CC
liqwid-portable-data,1,"raw/api/fetches/20260729T111547642Z/protocol-overview/daily/2023-03-29--2023-04-02.json",3323,5593DC24
liqwid-portable-data,1,"raw/api/fetches/20260729T111547642Z/protocol-overview/daily/2023-04-03--2023-04-07.json",3352,3BE471CC
liqwid-portable-data,1,"raw/api/fetches/20260729T111547642Z/protocol-overview/daily/2023-04-08--2023-04-12.json",3364,CAF486FA
liqwid-portable-data,1,"raw/api/fetches/20260729T111547642Z/protocol-overview/daily/2023-04-13--2023-04-17.json",3386,149C4D61
liqwid-portable-data,1,"raw/api/fetches/20260729T111547642Z/protocol-overview/daily/2023-04-18--2023-04-22.json",3360,30F67E2E
liqwid-portable-data,1,"raw/api/fetches/20260729T111547642Z/protocol-overview/daily/2023-04-23--2023-04-27.json",3326,6733C371
liqwid-portable-data,1,"raw/api/fetches/20260729T111547642Z/protocol-overview/daily/2023-04-28--2023-05-02.json",3337,356025D8
liqwid-portable-data,1,"raw/api/fetches/20260729T111547642Z/protocol-overview/daily/2023-05-03--2023-05-07.json",3387,92A7C190
liqwid-portable-data,1,"raw/api/fetches/20260729T111547642Z/protocol-overview/daily/2023-05-08--2023-05-12.json",3373,893AAA1F
liqwid-portable-data,1,"raw/api/fetches/20260729T111547642Z/protocol-overview/daily/2023-05-13--2023-05-17.json",3333,A54987E2
liqwid-portable-data,1,"raw/api/fetches/20260729T111547642Z/protocol-overview/daily/2023-05-18--2023-05-22.json",3325,86C6587B
liqwid-portable-data,1,"raw/api/fetches/20260729T111547642Z/protocol-overview/daily/2023-05-23--2023-05-27.json",3346,7A88D982
liqwid-portable-data,1,"raw/api/fetches/20260729T111547642Z/protocol-overview/daily/2023-05-28--2023-06-01.json",3358,748E4355
liqwid-portable-data,1,"raw/api/fetches/20260729T111547642Z/protocol-overview/daily/2023-06-02--2023-06-06.json",3386,522D100D
liqwid-portable-data,1,"raw/api/fetches/20260729T111547642Z/protocol-overview/daily/2023-06-07--2023-06-11.json",3424,28DF8114
liqwid-portable-data,1,"raw/api/fetches/20260729T111547642Z/protocol-overview/daily/2023-06-12--2023-06-16.json",3407,B4401509
liqwid-portable-data,1,"raw/api/fetches/20260729T111547642Z/protocol-overview/daily/2023-06-17--2023-06-21.json",3387,DAA93F34
liqwid-portable-data,1,"raw/api/fetches/20260729T111547642Z/protocol-overview/daily/2023-06-22--2023-06-26.json",3344,59396747
liqwid-portable-data,1,"raw/api/fetches/20260729T111547642Z/protocol-overview/daily/2023-06-27--2023-07-01.json",3365,EF6ED746
liqwid-portable-data,1,"raw/api/fetches/20260729T111547642Z/protocol-overview/daily/2023-07-02--2023-07-06.json",3328,462EBAD2
liqwid-portable-data,1,"raw/api/fetches/20260729T111547642Z/protocol-overview/daily/2023-07-07--2023-07-11.json",3358,234E4488
liqwid-portable-data,1,"raw/api/fetches/20260729T111547642Z/protocol-overview/daily/2023-07-12--2023-07-16.json",3382,D0723763
liqwid-portable-data,1,"raw/api/fetches/20260729T111547642Z/protocol-overview/daily/2023-07-17--2023-07-21.json",3363,61006683
liqwid-portable-data,1,"raw/api/fetches/20260729T111547642Z/protocol-overview/daily/2023-07-22--2023-07-26.json",3335,C61B2BC6
liqwid-portable-data,1,"raw/api/fetches/20260729T111547642Z/protocol-overview/daily/2023-07-27--2023-07-31.json",3335,59842394
liqwid-portable-data,1,"raw/api/fetches/20260729T111547642Z/protocol-overview/daily/2023-08-01--2023-08-05.json",3392,C1ADB67E
liqwid-portable-data,1,"raw/api/fetches/20260729T111547642Z/protocol-overview/daily/2023-08-06--2023-08-10.json",3368,DE95AEE3
liqwid-portable-data,1,"raw/api/fetches/20260729T111547642Z/protocol-overview/daily/2023-08-11--2023-08-15.json",3353,ABE7ED7E
liqwid-portable-data,1,"raw/api/fetches/20260729T111547642Z/protocol-overview/daily/2023-08-16--2023-08-20.json",3403,B1F2952C
liqwid-portable-data,1,"raw/api/fetches/20260729T111547642Z/protocol-overview/daily/2023-08-21--2023-08-25.json",3385,EC10C982
liqwid-portable-data,1,"raw/api/fetches/20260729T111547642Z/protocol-overview/daily/2023-08-26--2023-08-30.json",3370,3989BDD7
liqwid-portable-data,1,"raw/api/fetches/20260729T111547642Z/protocol-overview/daily/2023-08-31--2023-09-04.json",3359,06E928D1
liqwid-portable-data,1,"raw/api/fetches/20260729T111547642Z/protocol-overview/daily/2023-09-05--2023-09-09.json",3361,01F49F78
liqwid-portable-data,1,"raw/api/fetches/20260729T111547642Z/protocol-overview/daily/2023-09-10--2023-09-14.json",3388,521A167C
liqwid-portable-data,1,"raw/api/fetches/20260729T111547642Z/protocol-overview/daily/2023-09-15--2023-09-19.json",3362,A8D3EA55
liqwid-portable-data,1,"raw/api/fetches/20260729T111547642Z/protocol-overview/daily/2023-09-20--2023-09-24.json",3376,3D564CFD
liqwid-portable-data,1,"raw/api/fetches/20260729T111547642Z/protocol-overview/daily/2023-09-25--2023-09-29.json",3350,D397589B
liqwid-portable-data,1,"raw/api/fetches/20260729T111547642Z/protocol-overview/daily/2023-09-30--2023-10-04.json",3347,C2CE7E60
liqwid-portable-data,1,"raw/api/fetches/20260729T111547642Z/protocol-overview/daily/2023-10-05--2023-10-09.json",3369,76CFF112
liqwid-portable-data,1,"raw/api/fetches/20260729T111547642Z/protocol-overview/daily/2023-10-10--2023-10-14.json",3362,24998C82
liqwid-portable-data,1,"raw/api/fetches/20260729T111547642Z/protocol-overview/daily/2023-10-15--2023-10-19.json",3402,9D0F4250
liqwid-portable-data,1,"raw/api/fetches/20260729T111547642Z/protocol-overview/daily/2023-10-20--2023-10-24.json",3405,8A091826
liqwid-portable-data,1,"raw/api/fetches/20260729T111547642Z/protocol-overview/daily/2023-10-25--2023-10-29.json",3395,9504E85B
liqwid-portable-data,1,"raw/api/fetches/20260729T111547642Z/protocol-overview/daily/2023-10-30--2023-11-03.json",3389,8A085C71
liqwid-portable-data,1,"raw/api/fetches/20260729T111547642Z/protocol-overview/daily/2023-11-04--2023-11-08.json",3464,0AA6218E
liqwid-portable-data,1,"raw/api/fetches/20260729T111547642Z/protocol-overview/daily/2023-11-09--2023-11-13.json",3427,D2302BE5
liqwid-portable-data,1,"raw/api/fetches/20260729T111547642Z/protocol-overview/daily/2023-11-14--2023-11-18.json",3439,8551CDC3
liqwid-portable-data,1,"raw/api/fetches/20260729T111547642Z/protocol-overview/daily/2023-11-19--2023-11-23.json",3410,A4FF1604
liqwid-portable-data,1,"raw/api/fetches/20260729T111547642Z/protocol-overview/daily/2023-11-24--2023-11-28.json",3412,65536FB8
liqwid-portable-data,1,"raw/api/fetches/20260729T111547642Z/protocol-overview/daily/2023-11-29--2023-12-03.json",3393,58B8D868
liqwid-portable-data,1,"raw/api/fetches/20260729T111547642Z/protocol-overview/daily/2023-12-04--2023-12-08.json",3460,B2F6A82E
liqwid-portable-data,1,"raw/api/fetches/20260729T111547642Z/protocol-overview/daily/2023-12-09--2023-12-13.json",3451,C2A3737D
liqwid-portable-data,1,"raw/api/fetches/20260729T111547642Z/protocol-overview/daily/2023-12-14--2023-12-18.json",3394,9A6F5985
liqwid-portable-data,1,"raw/api/fetches/20260729T111547642Z/protocol-overview/daily/2023-12-19--2023-12-23.json",3404,BDA07D5F
liqwid-portable-data,1,"raw/api/fetches/20260729T111547642Z/protocol-overview/daily/2023-12-24--2023-12-28.json",3378,AAB71294
liqwid-portable-data,1,"raw/api/fetches/20260729T111547642Z/protocol-overview/daily/2023-12-29--2024-01-02.json",3393,E8DE7C1E
liqwid-portable-data,1,"raw/api/fetches/20260729T111547642Z/protocol-overview/daily/2024-01-03--2024-01-07.json",3408,6A683389
liqwid-portable-data,1,"raw/api/fetches/20260729T111547642Z/protocol-overview/daily/2024-01-08--2024-01-12.json",3439,74B6BD96
liqwid-portable-data,1,"raw/api/fetches/20260729T111547642Z/protocol-overview/daily/2024-01-13--2024-01-17.json",3385,2099B995
liqwid-portable-data,1,"raw/api/fetches/20260729T111547642Z/protocol-overview/daily/2024-01-18--2024-01-22.json",3421,82E897D7
liqwid-portable-data,1,"raw/api/fetches/20260729T111547642Z/protocol-overview/daily/2024-01-23--2024-01-27.json",3402,386E58F4
liqwid-portable-data,1,"raw/api/fetches/20260729T111547642Z/protocol-overview/daily/2024-01-28--2024-02-01.json",3383,FE0649D0
liqwid-portable-data,1,"raw/api/fetches/20260729T111547642Z/protocol-overview/daily/2024-02-02--2024-02-06.json",3373,A46C9467
liqwid-portable-data,1,"raw/api/fetches/20260729T111547642Z/protocol-overview/daily/2024-02-07--2024-02-11.json",3380,9D7D9C21
liqwid-portable-data,1,"raw/api/fetches/20260729T111547642Z/protocol-overview/daily/2024-02-12--2024-02-16.json",3380,917624CE
liqwid-portable-data,1,"raw/api/fetches/20260729T111547642Z/protocol-overview/daily/2024-02-17--2024-02-21.json",3399,2E1AF1CB
liqwid-portable-data,1,"raw/api/fetches/20260729T111547642Z/protocol-overview/daily/2024-02-22--2024-02-26.json",3416,F4B3BFBD
liqwid-portable-data,1,"raw/api/fetches/20260729T111547642Z/protocol-overview/daily/2024-02-27--2024-03-02.json",3416,5F292233
liqwid-portable-data,1,"raw/api/fetches/20260729T111547642Z/protocol-overview/daily/2024-03-03--2024-03-07.json",3433,C6A895BF
liqwid-portable-data,1,"raw/api/fetches/20260729T111547642Z/protocol-overview/daily/2024-03-08--2024-03-12.json",3375,ADDC73E0
liqwid-portable-data,1,"raw/api/fetches/20260729T111547642Z/protocol-overview/daily/2024-03-13--2024-03-17.json",3403,E173DD4E
liqwid-portable-data,1,"raw/api/fetches/20260729T111547642Z/protocol-overview/daily/2024-03-18--2024-03-22.json",3422,9FE54B4C
liqwid-portable-data,1,"raw/api/fetches/20260729T111547642Z/protocol-overview/daily/2024-03-23--2024-03-27.json",3455,59392E6C
liqwid-portable-data,1,"raw/api/fetches/20260729T111547642Z/protocol-overview/daily/2024-03-28--2024-04-01.json",3399,A9B515FB
liqwid-portable-data,1,"raw/api/fetches/20260729T111547642Z/protocol-overview/daily/2024-04-02--2024-04-06.json",3417,6A294A73
liqwid-portable-data,1,"raw/api/fetches/20260729T111547642Z/protocol-overview/daily/2024-04-07--2024-04-11.json",3430,684287AE
liqwid-portable-data,1,"raw/api/fetches/20260729T111547642Z/protocol-overview/daily/2024-04-12--2024-04-16.json",3434,AC36FF58
liqwid-portable-data,1,"raw/api/fetches/20260729T111547642Z/protocol-overview/daily/2024-04-17--2024-04-21.json",3426,20EC3DD3
liqwid-portable-data,1,"raw/api/fetches/20260729T111547642Z/protocol-overview/daily/2024-04-22--2024-04-26.json",3504,6C17397A
liqwid-portable-data,1,"raw/api/fetches/20260729T111547642Z/protocol-overview/daily/2024-04-27--2024-05-01.json",3548,AE876356
liqwid-portable-data,1,"raw/api/fetches/20260729T111547642Z/protocol-overview/daily/2024-05-02--2024-05-06.json",3526,D84C4E93
liqwid-portable-data,1,"raw/api/fetches/20260729T111547642Z/protocol-overview/daily/2024-05-07--2024-05-11.json",3494,77A6061F
liqwid-portable-data,1,"raw/api/fetches/20260729T111547642Z/protocol-overview/daily/2024-05-12--2024-05-16.json",3507,74B7BD20
liqwid-portable-data,1,"raw/api/fetches/20260729T111547642Z/protocol-overview/daily/2024-05-17--2024-05-21.json",3501,02EDDE62
liqwid-portable-data,1,"raw/api/fetches/20260729T111547642Z/protocol-overview/daily/2024-05-22--2024-05-26.json",3498,23E80BB2
liqwid-portable-data,1,"raw/api/fetches/20260729T111547642Z/protocol-overview/daily/2024-05-27--2024-05-31.json",3496,C4B54EAE
liqwid-portable-data,1,"raw/api/fetches/20260729T111547642Z/protocol-overview/daily/2024-06-01--2024-06-05.json",3511,DF06E369
liqwid-portable-data,1,"raw/api/fetches/20260729T111547642Z/protocol-overview/daily/2024-06-06--2024-06-10.json",3479,9ACFED81
liqwid-portable-data,1,"raw/api/fetches/20260729T111547642Z/protocol-overview/daily/2024-06-11--2024-06-15.json",3542,A3BBD23B
liqwid-portable-data,1,"raw/api/fetches/20260729T111547642Z/protocol-overview/daily/2024-06-16--2024-06-20.json",3580,D46A5A84
liqwid-portable-data,1,"raw/api/fetches/20260729T111547642Z/protocol-overview/daily/2024-06-21--2024-06-25.json",3512,166BFE79
liqwid-portable-data,1,"raw/api/fetches/20260729T111547642Z/protocol-overview/daily/2024-06-26--2024-06-30.json",3478,3A52B5B1
liqwid-portable-data,1,"raw/api/fetches/20260729T111547642Z/protocol-overview/daily/2024-07-01--2024-07-05.json",3519,9074240C
liqwid-portable-data,1,"raw/api/fetches/20260729T111547642Z/protocol-overview/daily/2024-07-06--2024-07-10.json",3503,DAF8CAEA
liqwid-portable-data,1,"raw/api/fetches/20260729T111547642Z/protocol-overview/daily/2024-07-11--2024-07-15.json",3470,C57F8A45
liqwid-portable-data,1,"raw/api/fetches/20260729T111547642Z/protocol-overview/daily/2024-07-16--2024-07-20.json",3517,A5B276D7
liqwid-portable-data,1,"raw/api/fetches/20260729T111547642Z/protocol-overview/daily/2024-07-21--2024-07-25.json",3494,6861DDC2
liqwid-portable-data,1,"raw/api/fetches/20260729T111547642Z/protocol-overview/daily/2024-07-26--2024-07-30.json",3486,ED95D330
liqwid-portable-data,1,"raw/api/fetches/20260729T111547642Z/protocol-overview/daily/2024-07-31--2024-08-04.json",3522,9C089FD2
liqwid-portable-data,1,"raw/api/fetches/20260729T111547642Z/protocol-overview/daily/2024-08-05--2024-08-09.json",3550,D20F80C4
liqwid-portable-data,1,"raw/api/fetches/20260729T111547642Z/protocol-overview/daily/2024-08-10--2024-08-14.json",3487,10C00C89
liqwid-portable-data,1,"raw/api/fetches/20260729T111547642Z/protocol-overview/daily/2024-08-15--2024-08-19.json",3509,0DCF0E94
liqwid-portable-data,1,"raw/api/fetches/20260729T111547642Z/protocol-overview/daily/2024-08-20--2024-08-24.json",3490,6978763B
liqwid-portable-data,1,"raw/api/fetches/20260729T111547642Z/protocol-overview/daily/2024-08-25--2024-08-29.json",3504,DBEA4EC0
liqwid-portable-data,1,"raw/api/fetches/20260729T111547642Z/protocol-overview/daily/2024-08-30--2024-09-03.json",3499,8A2D1648
liqwid-portable-data,1,"raw/api/fetches/20260729T111547642Z/protocol-overview/daily/2024-09-04--2024-09-08.json",3502,99FAD1D4
liqwid-portable-data,1,"raw/api/fetches/20260729T111547642Z/protocol-overview/daily/2024-09-09--2024-09-13.json",3500,B41D45B6
liqwid-portable-data,1,"raw/api/fetches/20260729T111547642Z/protocol-overview/daily/2024-09-14--2024-09-18.json",3516,98CF6728
liqwid-portable-data,1,"raw/api/fetches/20260729T111547642Z/protocol-overview/daily/2024-09-19--2024-09-23.json",3499,801B3F62
liqwid-portable-data,1,"raw/api/fetches/20260729T111547642Z/protocol-overview/daily/2024-09-24--2024-09-28.json",3509,18CE42F8
liqwid-portable-data,1,"raw/api/fetches/20260729T111547642Z/protocol-overview/daily/2024-09-29--2024-10-03.json",3506,2F26D41F
liqwid-portable-data,1,"raw/api/fetches/20260729T111547642Z/protocol-overview/daily/2024-10-04--2024-10-08.json",3468,5F4608D3
liqwid-portable-data,1,"raw/api/fetches/20260729T111547642Z/protocol-overview/daily/2024-10-09--2024-10-13.json",3535,618BB372
liqwid-portable-data,1,"raw/api/fetches/20260729T111547642Z/protocol-overview/daily/2024-10-14--2024-10-18.json",3517,9525ED51
liqwid-portable-data,1,"raw/api/fetches/20260729T111547642Z/protocol-overview/daily/2024-10-19--2024-10-23.json",3503,A1E8E2D9
liqwid-portable-data,1,"raw/api/fetches/20260729T111547642Z/protocol-overview/daily/2024-10-24--2024-10-28.json",3500,B3B766E9
liqwid-portable-data,1,"raw/api/fetches/20260729T111547642Z/protocol-overview/daily/2024-10-29--2024-11-02.json",3442,B3D2BC8A
liqwid-portable-data,1,"raw/api/fetches/20260729T111547642Z/protocol-overview/daily/2024-11-03--2024-11-07.json",3527,0782D1A8
liqwid-portable-data,1,"raw/api/fetches/20260729T111547642Z/protocol-overview/daily/2024-11-08--2024-11-12.json",3546,07F0D5A8
liqwid-portable-data,1,"raw/api/fetches/20260729T111547642Z/protocol-overview/daily/2024-11-13--2024-11-17.json",3546,A3F5F827
liqwid-portable-data,1,"raw/api/fetches/20260729T111547642Z/protocol-overview/daily/2024-11-18--2024-11-22.json",3573,056767E1
liqwid-portable-data,1,"raw/api/fetches/20260729T111547642Z/protocol-overview/daily/2024-11-23--2024-11-27.json",3552,9FF8D3A5
liqwid-portable-data,1,"raw/api/fetches/20260729T111547642Z/protocol-overview/daily/2024-11-28--2024-12-02.json",3532,58C38BDE
liqwid-portable-data,1,"raw/api/fetches/20260729T111547642Z/protocol-overview/daily/2024-12-03--2024-12-07.json",3533,461917E6
liqwid-portable-data,1,"raw/api/fetches/20260729T111547642Z/protocol-overview/daily/2024-12-08--2024-12-12.json",3541,030C785F
liqwid-portable-data,1,"raw/api/fetches/20260729T111547642Z/protocol-overview/daily/2024-12-13--2024-12-17.json",3521,6B5A40F7
liqwid-portable-data,1,"raw/api/fetches/20260729T111547642Z/protocol-overview/daily/2024-12-18--2024-12-22.json",3573,D16633E0
liqwid-portable-data,1,"raw/api/fetches/20260729T111547642Z/protocol-overview/daily/2024-12-23--2024-12-27.json",3551,B29D2951
liqwid-portable-data,1,"raw/api/fetches/20260729T111547642Z/protocol-overview/daily/2024-12-28--2025-01-01.json",3516,5AE3C295
liqwid-portable-data,1,"raw/api/fetches/20260729T111547642Z/protocol-overview/daily/2025-01-02--2025-01-06.json",3498,BC9672C9
liqwid-portable-data,1,"raw/api/fetches/20260729T111547642Z/protocol-overview/daily/2025-01-07--2025-01-11.json",3572,623F4E31
liqwid-portable-data,1,"raw/api/fetches/20260729T111547642Z/protocol-overview/daily/2025-01-12--2025-01-16.json",3521,DB4D4663
liqwid-portable-data,1,"raw/api/fetches/20260729T111547642Z/protocol-overview/daily/2025-01-17--2025-01-21.json",3512,785F504C
liqwid-portable-data,1,"raw/api/fetches/20260729T111547642Z/protocol-overview/daily/2025-01-22--2025-01-26.json",3506,2BD27A78
liqwid-portable-data,1,"raw/api/fetches/20260729T111547642Z/protocol-overview/daily/2025-01-27--2025-01-31.json",3527,27C14136
liqwid-portable-data,1,"raw/api/fetches/20260729T111547642Z/protocol-overview/daily/2025-02-01--2025-02-05.json",3571,6B1B6C3E
liqwid-portable-data,1,"raw/api/fetches/20260729T111547642Z/protocol-overview/daily/2025-02-06--2025-02-10.json",3518,79CAB9FD
liqwid-portable-data,1,"raw/api/fetches/20260729T111547642Z/protocol-overview/daily/2025-02-11--2025-02-15.json",3455,22650338
liqwid-portable-data,1,"raw/api/fetches/20260729T111547642Z/protocol-overview/daily/2025-02-16--2025-02-20.json",3504,B4066A0B
liqwid-portable-data,1,"raw/api/fetches/20260729T111547642Z/protocol-overview/daily/2025-02-21--2025-02-25.json",3544,95A6D078
liqwid-portable-data,1,"raw/api/fetches/20260729T111547642Z/protocol-overview/daily/2025-02-26--2025-03-02.json",3581,D36BA05F
liqwid-portable-data,1,"raw/api/fetches/20260729T111547642Z/protocol-overview/daily/2025-03-03--2025-03-07.json",3541,E9413FCE
liqwid-portable-data,1,"raw/api/fetches/20260729T111547642Z/protocol-overview/daily/2025-03-08--2025-03-12.json",3576,DB4DC71D
liqwid-portable-data,1,"raw/api/fetches/20260729T111547642Z/protocol-overview/daily/2025-03-13--2025-03-17.json",3506,01E40029
liqwid-portable-data,1,"raw/api/fetches/20260729T111547642Z/protocol-overview/daily/2025-03-18--2025-03-22.json",3470,86707B98
liqwid-portable-data,1,"raw/api/fetches/20260729T111547642Z/protocol-overview/daily/2025-03-23--2025-03-27.json",3495,F476DD4C
liqwid-portable-data,1,"raw/api/fetches/20260729T111547642Z/protocol-overview/daily/2025-03-28--2025-04-01.json",3517,1D046338
liqwid-portable-data,1,"raw/api/fetches/20260729T111547642Z/protocol-overview/daily/2025-04-02--2025-04-06.json",3527,4B79D3E0
liqwid-portable-data,1,"raw/api/fetches/20260729T111547642Z/protocol-overview/daily/2025-04-07--2025-04-11.json",3515,7A4E781C
liqwid-portable-data,1,"raw/api/fetches/20260729T111547642Z/protocol-overview/daily/2025-04-12--2025-04-16.json",3489,72C1B9C5
liqwid-portable-data,1,"raw/api/fetches/20260729T111547642Z/protocol-overview/daily/2025-04-17--2025-04-21.json",3474,A6D693E0
liqwid-portable-data,1,"raw/api/fetches/20260729T111547642Z/protocol-overview/daily/2025-04-22--2025-04-26.json",3502,1FBA4CE1
liqwid-portable-data,1,"raw/api/fetches/20260729T111547642Z/protocol-overview/daily/2025-04-27--2025-05-01.json",3513,938596A1
liqwid-portable-data,1,"raw/api/fetches/20260729T111547642Z/protocol-overview/daily/2025-05-02--2025-05-06.json",3502,E8BA81B2
liqwid-portable-data,1,"raw/api/fetches/20260729T111547642Z/protocol-overview/daily/2025-05-07--2025-05-11.json",3532,A20D3F6D
liqwid-portable-data,1,"raw/api/fetches/20260729T111547642Z/protocol-overview/daily/2025-05-12--2025-05-16.json",3558,0DB4AAE2
liqwid-portable-data,1,"raw/api/fetches/20260729T111547642Z/protocol-overview/daily/2025-05-17--2025-05-21.json",3523,E15B5D0E
liqwid-portable-data,1,"raw/api/fetches/20260729T111547642Z/protocol-overview/daily/2025-05-22--2025-05-26.json",3521,320307D5
liqwid-portable-data,1,"raw/api/fetches/20260729T111547642Z/protocol-overview/daily/2025-05-27--2025-05-31.json",3539,4A73F130
liqwid-portable-data,1,"raw/api/fetches/20260729T111547642Z/protocol-overview/daily/2025-06-01--2025-06-05.json",3567,CA421A54
liqwid-portable-data,1,"raw/api/fetches/20260729T111547642Z/protocol-overview/daily/2025-06-06--2025-06-10.json",3587,58C9B718
liqwid-portable-data,1,"raw/api/fetches/20260729T111547642Z/protocol-overview/daily/2025-06-11--2025-06-15.json",3579,1AECAC99
liqwid-portable-data,1,"raw/api/fetches/20260729T111547642Z/protocol-overview/daily/2025-06-16--2025-06-20.json",3622,B4E56074
liqwid-portable-data,1,"raw/api/fetches/20260729T111547642Z/protocol-overview/daily/2025-06-21--2025-06-25.json",3571,69418123
liqwid-portable-data,1,"raw/api/fetches/20260729T111547642Z/protocol-overview/daily/2025-06-26--2025-06-30.json",3547,8F3AC0FC
liqwid-portable-data,1,"raw/api/fetches/20260729T111547642Z/protocol-overview/daily/2025-07-01--2025-07-05.json",3578,92136B94
liqwid-portable-data,1,"raw/api/fetches/20260729T111547642Z/protocol-overview/daily/2025-07-06--2025-07-10.json",3574,30EC94E4
liqwid-portable-data,1,"raw/api/fetches/20260729T111547642Z/protocol-overview/daily/2025-07-11--2025-07-15.json",3556,83A3774F
liqwid-portable-data,1,"raw/api/fetches/20260729T111547642Z/protocol-overview/daily/2025-07-16--2025-07-20.json",3555,DDDA54C9
liqwid-portable-data,1,"raw/api/fetches/20260729T111547642Z/protocol-overview/daily/2025-07-21--2025-07-25.json",3542,183F94DC
liqwid-portable-data,1,"raw/api/fetches/20260729T111547642Z/protocol-overview/daily/2025-07-26--2025-07-30.json",3573,ADACDCA1
liqwid-portable-data,1,"raw/api/fetches/20260729T111547642Z/protocol-overview/daily/2025-07-31--2025-08-04.json",3592,BA4D82FF
liqwid-portable-data,1,"raw/api/fetches/20260729T111547642Z/protocol-overview/daily/2025-08-05--2025-08-09.json",3579,67C17031
liqwid-portable-data,1,"raw/api/fetches/20260729T111547642Z/protocol-overview/daily/2025-08-10--2025-08-14.json",3543,D1051874
liqwid-portable-data,1,"raw/api/fetches/20260729T111547642Z/protocol-overview/daily/2025-08-15--2025-08-19.json",3589,CC758668
liqwid-portable-data,1,"raw/api/fetches/20260729T111547642Z/protocol-overview/daily/2025-08-20--2025-08-24.json",3580,342459D0
liqwid-portable-data,1,"raw/api/fetches/20260729T111547642Z/protocol-overview/daily/2025-08-25--2025-08-29.json",3574,9FCCE552
liqwid-portable-data,1,"raw/api/fetches/20260729T111547642Z/protocol-overview/daily/2025-08-30--2025-09-03.json",3565,AEF4D83A
liqwid-portable-data,1,"raw/api/fetches/20260729T111547642Z/protocol-overview/daily/2025-09-04--2025-09-08.json",3587,BFB0A2AB
liqwid-portable-data,1,"raw/api/fetches/20260729T111547642Z/protocol-overview/daily/2025-09-09--2025-09-13.json",3557,78468B7F
liqwid-portable-data,1,"raw/api/fetches/20260729T111547642Z/protocol-overview/daily/2025-09-14--2025-09-18.json",3535,6FD4C91A
liqwid-portable-data,1,"raw/api/fetches/20260729T111547642Z/protocol-overview/daily/2025-09-19--2025-09-23.json",3575,4B5DC101
liqwid-portable-data,1,"raw/api/fetches/20260729T111547642Z/protocol-overview/daily/2025-09-24--2025-09-28.json",3552,4E09D879
liqwid-portable-data,1,"raw/api/fetches/20260729T111547642Z/protocol-overview/daily/2025-09-29--2025-10-03.json",3557,BF3114A5
liqwid-portable-data,1,"raw/api/fetches/20260729T111547642Z/protocol-overview/daily/2025-10-04--2025-10-08.json",3568,8404B8D0
liqwid-portable-data,1,"raw/api/fetches/20260729T111547642Z/protocol-overview/daily/2025-10-09--2025-10-13.json",3594,C3F621E1
liqwid-portable-data,1,"raw/api/fetches/20260729T111547642Z/protocol-overview/daily/2025-10-14--2025-10-18.json",3581,8E95DE72
liqwid-portable-data,1,"raw/api/fetches/20260729T111547642Z/protocol-overview/daily/2025-10-19--2025-10-23.json",3599,0F6E66DF
liqwid-portable-data,1,"raw/api/fetches/20260729T111547642Z/protocol-overview/daily/2025-10-24--2025-10-28.json",3526,CA119529
liqwid-portable-data,1,"raw/api/fetches/20260729T111547642Z/protocol-overview/daily/2025-10-29--2025-11-02.json",3579,45EFD3CB
liqwid-portable-data,1,"raw/api/fetches/20260729T111547642Z/protocol-overview/daily/2025-11-03--2025-11-07.json",3594,02336CDB
liqwid-portable-data,1,"raw/api/fetches/20260729T111547642Z/protocol-overview/daily/2025-11-08--2025-11-12.json",3587,CABB6324
liqwid-portable-data,1,"raw/api/fetches/20260729T111547642Z/protocol-overview/daily/2025-11-13--2025-11-17.json",3609,4FE9C12F
liqwid-portable-data,1,"raw/api/fetches/20260729T111547642Z/protocol-overview/daily/2025-11-18--2025-11-22.json",3640,E1CA7681
liqwid-portable-data,1,"raw/api/fetches/20260729T111547642Z/protocol-overview/daily/2025-11-23--2025-11-27.json",3571,EAD07C94
liqwid-portable-data,1,"raw/api/fetches/20260729T111547642Z/protocol-overview/daily/2025-11-28--2025-12-02.json",3537,1A310475
liqwid-portable-data,1,"raw/api/fetches/20260729T111547642Z/protocol-overview/daily/2025-12-03--2025-12-07.json",3586,541A498F
liqwid-portable-data,1,"raw/api/fetches/20260729T111547642Z/protocol-overview/daily/2025-12-08--2025-12-12.json",3600,A5CF6240
liqwid-portable-data,1,"raw/api/fetches/20260729T111547642Z/protocol-overview/daily/2025-12-13--2025-12-17.json",3557,FD01170F
liqwid-portable-data,1,"raw/api/fetches/20260729T111547642Z/protocol-overview/daily/2025-12-18--2025-12-22.json",3577,310093EC
liqwid-portable-data,1,"raw/api/fetches/20260729T111547642Z/protocol-overview/daily/2025-12-23--2025-12-27.json",3551,FA465485
liqwid-portable-data,1,"raw/api/fetches/20260729T111547642Z/protocol-overview/daily/2025-12-28--2026-01-01.json",3530,1CC2D772
liqwid-portable-data,1,"raw/api/fetches/20260729T111547642Z/protocol-overview/daily/2026-01-02--2026-01-06.json",3516,285DD0D2
liqwid-portable-data,1,"raw/api/fetches/20260729T111547642Z/protocol-overview/daily/2026-01-07--2026-01-11.json",3406,7A81927F
liqwid-portable-data,1,"raw/api/fetches/20260729T111547642Z/protocol-overview/daily/2026-01-12--2026-01-16.json",3477,B5F6669F
liqwid-portable-data,1,"raw/api/fetches/20260729T111547642Z/protocol-overview/daily/2026-01-17--2026-01-21.json",3506,B4D320ED
liqwid-portable-data,1,"raw/api/fetches/20260729T111547642Z/protocol-overview/daily/2026-01-22--2026-01-26.json",3475,1C6972CE
liqwid-portable-data,1,"raw/api/fetches/20260729T111547642Z/protocol-overview/daily/2026-01-27--2026-01-31.json",3540,A0BEECD3
liqwid-portable-data,1,"raw/api/fetches/20260729T111547642Z/protocol-overview/daily/2026-02-01--2026-02-05.json",3439,D81CA89E
liqwid-portable-data,1,"raw/api/fetches/20260729T111547642Z/protocol-overview/daily/2026-02-06--2026-02-10.json",3488,4D17A277
liqwid-portable-data,1,"raw/api/fetches/20260729T111547642Z/protocol-overview/daily/2026-02-11--2026-02-15.json",3467,7BF36390
liqwid-portable-data,1,"raw/api/fetches/20260729T111547642Z/protocol-overview/daily/2026-02-16--2026-02-20.json",3294,2A269C1A
liqwid-portable-data,1,"raw/api/fetches/20260729T111547642Z/protocol-overview/daily/2026-02-21--2026-02-25.json",3375,5656852F
liqwid-portable-data,1,"raw/api/fetches/20260729T111547642Z/protocol-overview/daily/2026-02-26--2026-03-02.json",3450,123AB021
liqwid-portable-data,1,"raw/api/fetches/20260729T111547642Z/protocol-overview/daily/2026-03-03--2026-03-07.json",3384,4F7718E5
liqwid-portable-data,1,"raw/api/fetches/20260729T111547642Z/protocol-overview/daily/2026-03-08--2026-03-12.json",3493,7F8C97CE
liqwid-portable-data,1,"raw/api/fetches/20260729T111547642Z/protocol-overview/daily/2026-03-13--2026-03-17.json",3473,9D738D97
liqwid-portable-data,1,"raw/api/fetches/20260729T111547642Z/protocol-overview/daily/2026-03-18--2026-03-22.json",3540,F51B4C46
liqwid-portable-data,1,"raw/api/fetches/20260729T111547642Z/protocol-overview/daily/2026-03-23--2026-03-27.json",3435,B0012DAF
liqwid-portable-data,1,"raw/api/fetches/20260729T111547642Z/protocol-overview/daily/2026-03-28--2026-04-01.json",3439,B9EBF3BA
liqwid-portable-data,1,"raw/api/fetches/20260729T111547642Z/protocol-overview/daily/2026-04-02--2026-04-06.json",3481,BCBC16C7
liqwid-portable-data,1,"raw/api/fetches/20260729T111547642Z/protocol-overview/daily/2026-04-07--2026-04-11.json",3514,A27D9424
liqwid-portable-data,1,"raw/api/fetches/20260729T111547642Z/protocol-overview/daily/2026-04-12--2026-04-16.json",3514,A9CE6776
liqwid-portable-data,1,"raw/api/fetches/20260729T111547642Z/protocol-overview/daily/2026-04-17--2026-04-21.json",3412,64DD4053
liqwid-portable-data,1,"raw/api/fetches/20260729T111547642Z/protocol-overview/daily/2026-04-22--2026-04-26.json",3464,51D6D2C1
liqwid-portable-data,1,"raw/api/fetches/20260729T111547642Z/protocol-overview/daily/2026-04-27--2026-05-01.json",3466,75A96CE5
liqwid-portable-data,1,"raw/api/fetches/20260729T111547642Z/protocol-overview/daily/2026-05-02--2026-05-06.json",3459,1CBBCEA6
liqwid-portable-data,1,"raw/api/fetches/20260729T111547642Z/protocol-overview/daily/2026-05-07--2026-05-11.json",3445,1FEC7A77
liqwid-portable-data,1,"raw/api/fetches/20260729T111547642Z/protocol-overview/daily/2026-05-12--2026-05-16.json",3430,A2353CED
liqwid-portable-data,1,"raw/api/fetches/20260729T111547642Z/protocol-overview/daily/2026-05-17--2026-05-21.json",3452,33B7625E
liqwid-portable-data,1,"raw/api/fetches/20260729T111547642Z/protocol-overview/daily/2026-05-22--2026-05-26.json",3426,674C4EAD
liqwid-portable-data,1,"raw/api/fetches/20260729T111547642Z/protocol-overview/daily/2026-05-27--2026-05-31.json",3508,F86D786E
liqwid-portable-data,1,"raw/api/fetches/20260729T111547642Z/protocol-overview/daily/2026-06-01--2026-06-05.json",3585,51885EE4
liqwid-portable-data,1,"raw/api/fetches/20260729T111547642Z/protocol-overview/daily/2026-06-06--2026-06-10.json",3484,49AE364A
liqwid-portable-data,1,"raw/api/fetches/20260729T111547642Z/protocol-overview/daily/2026-06-11--2026-06-15.json",3444,4F65AC20
liqwid-portable-data,1,"raw/api/fetches/20260729T111547642Z/protocol-overview/daily/2026-06-16--2026-06-20.json",3418,811952A6
liqwid-portable-data,1,"raw/api/fetches/20260729T111547642Z/protocol-overview/daily/2026-06-21--2026-06-25.json",3509,E445C452
liqwid-portable-data,1,"raw/api/fetches/20260729T111547642Z/protocol-overview/daily/2026-06-26--2026-06-30.json",3396,426ECC7B
liqwid-portable-data,1,"raw/api/fetches/20260729T111547642Z/protocol-overview/daily/2026-07-01--2026-07-05.json",3345,3E731591
liqwid-portable-data,1,"raw/api/fetches/20260729T111547642Z/protocol-overview/daily/2026-07-06--2026-07-10.json",3348,18534F12
liqwid-portable-data,1,"raw/api/fetches/20260729T111547642Z/protocol-overview/daily/2026-07-11--2026-07-15.json",3277,8B2481E6
liqwid-portable-data,1,"raw/api/fetches/20260729T111547642Z/protocol-overview/daily/2026-07-16--2026-07-20.json",3423,DD88208E
liqwid-portable-data,1,"raw/api/fetches/20260729T111547642Z/protocol-overview/daily/2026-07-21--2026-07-25.json",3404,DA7F7867
liqwid-portable-data,1,"raw/api/fetches/20260729T111547642Z/protocol-overview/daily/2026-07-26--2026-07-28.json",2105,12F7E79E
liqwid-portable-data,1,"raw/api/fetches/20260729T111547642Z/protocol-overview/monthly/2023-02-01.json",984,7A21C1A2
liqwid-portable-data,1,"raw/api/fetches/20260729T111547642Z/protocol-overview/monthly/2023-03-01.json",1004,7D6E2D75
liqwid-portable-data,1,"raw/api/fetches/20260729T111547642Z/protocol-overview/monthly/2023-04-01.json",1003,D7187CB3
liqwid-portable-data,1,"raw/api/fetches/20260729T111547642Z/protocol-overview/monthly/2023-05-01.json",1005,703C5AAC
liqwid-portable-data,1,"raw/api/fetches/20260729T111547642Z/protocol-overview/monthly/2023-06-01.json",1003,360A0B70
liqwid-portable-data,1,"raw/api/fetches/20260729T111547642Z/protocol-overview/monthly/2023-07-01.json",1000,60F4CA31
liqwid-portable-data,1,"raw/api/fetches/20260729T111547642Z/protocol-overview/monthly/2023-08-01.json",1001,BA6545A8
liqwid-portable-data,1,"raw/api/fetches/20260729T111547642Z/protocol-overview/monthly/2023-09-01.json",1003,C50F48BA
liqwid-portable-data,1,"raw/api/fetches/20260729T111547642Z/protocol-overview/monthly/2023-10-01.json",1003,A7A79975
liqwid-portable-data,1,"raw/api/fetches/20260729T111547642Z/protocol-overview/monthly/2023-11-01.json",1001,512DB82A
liqwid-portable-data,1,"raw/api/fetches/20260729T111547642Z/protocol-overview/monthly/2023-12-01.json",1000,12CEF474
liqwid-portable-data,1,"raw/api/fetches/20260729T111547642Z/protocol-overview/monthly/2024-01-01.json",1002,F028DB3E
liqwid-portable-data,1,"raw/api/fetches/20260729T111547642Z/protocol-overview/monthly/2024-02-01.json",1002,4821856A
liqwid-portable-data,1,"raw/api/fetches/20260729T111547642Z/protocol-overview/monthly/2024-03-01.json",1000,A40D2F8A
liqwid-portable-data,1,"raw/api/fetches/20260729T111547642Z/protocol-overview/monthly/2024-04-01.json",1026,6831EED3
liqwid-portable-data,1,"raw/api/fetches/20260729T111547642Z/protocol-overview/monthly/2024-05-01.json",1031,D892A375
liqwid-portable-data,1,"raw/api/fetches/20260729T111547642Z/protocol-overview/monthly/2024-06-01.json",1032,BAB39701
liqwid-portable-data,1,"raw/api/fetches/20260729T111547642Z/protocol-overview/monthly/2024-07-01.json",1034,52604393
liqwid-portable-data,1,"raw/api/fetches/20260729T111547642Z/protocol-overview/monthly/2024-08-01.json",1030,372067D2
liqwid-portable-data,1,"raw/api/fetches/20260729T111547642Z/protocol-overview/monthly/2024-09-01.json",1032,3265D871
liqwid-portable-data,1,"raw/api/fetches/20260729T111547642Z/protocol-overview/monthly/2024-10-01.json",1033,707ACB06
liqwid-portable-data,1,"raw/api/fetches/20260729T111547642Z/protocol-overview/monthly/2024-11-01.json",1030,1F72F9C5
liqwid-portable-data,1,"raw/api/fetches/20260729T111547642Z/protocol-overview/monthly/2024-12-01.json",1033,63BD0820
liqwid-portable-data,1,"raw/api/fetches/20260729T111547642Z/protocol-overview/monthly/2025-01-01.json",1032,47B76E33
liqwid-portable-data,1,"raw/api/fetches/20260729T111547642Z/protocol-overview/monthly/2025-02-01.json",1030,1CF7F9DF
liqwid-portable-data,1,"raw/api/fetches/20260729T111547642Z/protocol-overview/monthly/2025-03-01.json",1031,892709C3
liqwid-portable-data,1,"raw/api/fetches/20260729T111547642Z/protocol-overview/monthly/2025-04-01.json",1033,333BA946
liqwid-portable-data,1,"raw/api/fetches/20260729T111547642Z/protocol-overview/monthly/2025-05-01.json",1029,B837BD4C
liqwid-portable-data,1,"raw/api/fetches/20260729T111547642Z/protocol-overview/monthly/2025-06-01.json",1036,1EDDDD9E
liqwid-portable-data,1,"raw/api/fetches/20260729T111547642Z/protocol-overview/monthly/2025-07-01.json",1034,60794C60
liqwid-portable-data,1,"raw/api/fetches/20260729T111547642Z/protocol-overview/monthly/2025-08-01.json",1036,E91D760F
liqwid-portable-data,1,"raw/api/fetches/20260729T111547642Z/protocol-overview/monthly/2025-09-01.json",1033,5DDAA2D0
liqwid-portable-data,1,"raw/api/fetches/20260729T111547642Z/protocol-overview/monthly/2025-10-01.json",1031,BA712867
liqwid-portable-data,1,"raw/api/fetches/20260729T111547642Z/protocol-overview/monthly/2025-11-01.json",1030,EE2BB89F
liqwid-portable-data,1,"raw/api/fetches/20260729T111547642Z/protocol-overview/monthly/2025-12-01.json",1034,3B53AB49
liqwid-portable-data,1,"raw/api/fetches/20260729T111547642Z/protocol-overview/monthly/2026-01-01.json",1027,A7E8BA16
liqwid-portable-data,1,"raw/api/fetches/20260729T111547642Z/protocol-overview/monthly/2026-02-01.json",1029,C26AAF5D
liqwid-portable-data,1,"raw/api/fetches/20260729T111547642Z/protocol-overview/monthly/2026-03-01.json",1028,94E8A0F7
liqwid-portable-data,1,"raw/api/fetches/20260729T111547642Z/protocol-overview/monthly/2026-04-01.json",1029,8DD9F5B3
liqwid-portable-data,1,"raw/api/fetches/20260729T111547642Z/protocol-overview/monthly/2026-05-01.json",1029,AF5BB4BC
liqwid-portable-data,1,"raw/api/fetches/20260729T111547642Z/protocol-overview/monthly/2026-06-01.json",1029,4B02DEF4
liqwid-portable-data,1,"raw/api/fetches/20260729T111547642Z/protocol-overview/monthly/2026-07-01.json",999,0EFA2C09
liqwid-portable-data,1,"raw/api/fetches/20260729T120251784Z/loans/all.json",484843,7D1B98FE
liqwid-portable-data,1,"raw/api/fetches/20260729T120251784Z/lq-stats.json",495,18141EAE
liqwid-portable-data,1,"raw/api/fetches/20260729T120251784Z/market-history/ada.json",802141,F9A814D5
liqwid-portable-data,1,"raw/api/fetches/20260729T120251784Z/market-history/agix.json",502061,C70175E2
liqwid-portable-data,1,"raw/api/fetches/20260729T120251784Z/market-history/btc.json",377259,996CB71F
liqwid-portable-data,1,"raw/api/fetches/20260729T120251784Z/market-history/copi.json",452861,63401F06
liqwid-portable-data,1,"raw/api/fetches/20260729T120251784Z/market-history/dai.json",580705,9B14FF43
liqwid-portable-data,1,"raw/api/fetches/20260729T120251784Z/market-history/djed.json",793921,1F2DC06E
liqwid-portable-data,1,"raw/api/fetches/20260729T120251784Z/market-history/erg.json",543271,A871E7C5
liqwid-portable-data,1,"raw/api/fetches/20260729T120251784Z/market-history/eth.json",374196,6CE16B58
liqwid-portable-data,1,"raw/api/fetches/20260729T120251784Z/market-history/eurc.json",247015,1ED45140
liqwid-portable-data,1,"raw/api/fetches/20260729T120251784Z/market-history/iag.json",472999,36C7918B
liqwid-portable-data,1,"raw/api/fetches/20260729T120251784Z/market-history/iusd.json",717283,C03F686E
liqwid-portable-data,1,"raw/api/fetches/20260729T120251784Z/market-history/lq.json",360493,934FEEB6
liqwid-portable-data,1,"raw/api/fetches/20260729T120251784Z/market-history/min.json",594887,B466414E
liqwid-portable-data,1,"raw/api/fetches/20260729T120251784Z/market-history/night.json",142604,47A0FF51
liqwid-portable-data,1,"raw/api/fetches/20260729T120251784Z/market-history/pol.json",367760,36984EE9
liqwid-portable-data,1,"raw/api/fetches/20260729T120251784Z/market-history/pyusd.json",209303,627DCEDF
liqwid-portable-data,1,"raw/api/fetches/20260729T120251784Z/market-history/shen.json",717200,E77D5EDA
liqwid-portable-data,1,"raw/api/fetches/20260729T120251784Z/market-history/snek.json",464910,53B197E3
liqwid-portable-data,1,"raw/api/fetches/20260729T120251784Z/market-history/usda.json",312008,F6C53CAC
liqwid-portable-data,1,"raw/api/fetches/20260729T120251784Z/market-history/usdc.json",645013,FC804847
liqwid-portable-data,1,"raw/api/fetches/20260729T120251784Z/market-history/usdcx-usdm-sundae-lp-stableswap.json",77729,6FF62B88
liqwid-portable-data,1,"raw/api/fetches/20260729T120251784Z/market-history/usdcx.json",92234,86BB856D
liqwid-portable-data,1,"raw/api/fetches/20260729T120251784Z/market-history/usdm-usda-minswap-lp-stable.json",62277,68989A71
liqwid-portable-data,1,"raw/api/fetches/20260729T120251784Z/market-history/usdm.json",425722,B585A106
liqwid-portable-data,1,"raw/api/fetches/20260729T120251784Z/market-history/usdt.json",627110,0A4280E1
liqwid-portable-data,1,"raw/api/fetches/20260729T120251784Z/market-history/wmt.json",532246,6B76453A
liqwid-portable-data,1,"raw/api/fetches/20260729T120251784Z/market-params-history/ada.json",19353,95E604F9
liqwid-portable-data,1,"raw/api/fetches/20260729T120251784Z/market-params-history/agix.json",13250,8208FA9A
liqwid-portable-data,1,"raw/api/fetches/20260729T120251784Z/market-params-history/btc.json",6695,DBDDB99F
liqwid-portable-data,1,"raw/api/fetches/20260729T120251784Z/market-params-history/copi.json",9738,B3C0DA42
liqwid-portable-data,1,"raw/api/fetches/20260729T120251784Z/market-params-history/dai.json",13043,46325977
liqwid-portable-data,1,"raw/api/fetches/20260729T120251784Z/market-params-history/djed.json",21141,DE8A9926
liqwid-portable-data,1,"raw/api/fetches/20260729T120251784Z/market-params-history/erg.json",12162,9729B780
liqwid-portable-data,1,"raw/api/fetches/20260729T120251784Z/market-params-history/eth.json",6696,6AEF7218
liqwid-portable-data,1,"raw/api/fetches/20260729T120251784Z/market-params-history/eurc.json",6012,AF3E9AA6
liqwid-portable-data,1,"raw/api/fetches/20260729T120251784Z/market-params-history/iag.json",8647,EAFA1F31
liqwid-portable-data,1,"raw/api/fetches/20260729T120251784Z/market-params-history/iusd.json",20553,ACCC832F
liqwid-portable-data,1,"raw/api/fetches/20260729T120251784Z/market-params-history/lq.json",6915,5E4635F8
liqwid-portable-data,1,"raw/api/fetches/20260729T120251784Z/market-params-history/min.json",11639,588F9B52
liqwid-portable-data,1,"raw/api/fetches/20260729T120251784Z/market-params-history/night.json",6824,98938721
liqwid-portable-data,1,"raw/api/fetches/20260729T120251784Z/market-params-history/pol.json",4342,4886D8CB
liqwid-portable-data,1,"raw/api/fetches/20260729T120251784Z/market-params-history/pyusd.json",6014,9AC32F99
liqwid-portable-data,1,"raw/api/fetches/20260729T120251784Z/market-params-history/shen.json",13893,D3A7639E
liqwid-portable-data,1,"raw/api/fetches/20260729T120251784Z/market-params-history/snek.json",10315,9E716762
liqwid-portable-data,1,"raw/api/fetches/20260729T120251784Z/market-params-history/usda.json",7201,F7A6F941
liqwid-portable-data,1,"raw/api/fetches/20260729T120251784Z/market-params-history/usdc.json",14760,3666AA16
liqwid-portable-data,1,"raw/api/fetches/20260729T120251784Z/market-params-history/usdcx-usdm-sundae-lp-stableswap.json",4777,F6E841C1
liqwid-portable-data,1,"raw/api/fetches/20260729T120251784Z/market-params-history/usdcx.json",3106,4010A7B0
liqwid-portable-data,1,"raw/api/fetches/20260729T120251784Z/market-params-history/usdm-usda-minswap-lp-stable.json",3096,3F33EF4F
liqwid-portable-data,1,"raw/api/fetches/20260729T120251784Z/market-params-history/usdm.json",11271,AB4C2131
liqwid-portable-data,1,"raw/api/fetches/20260729T120251784Z/market-params-history/usdt.json",15333,D155EAD3
liqwid-portable-data,1,"raw/api/fetches/20260729T120251784Z/market-params-history/wmt.json",12725,5F3B9702
liqwid-portable-data,1,"raw/api/fetches/20260729T120251784Z/markets/page-0000.json",135818,1C4A28AA
liqwid-portable-data,1,"raw/api/fetches/20260729T120251784Z/protocol-fees/daily/2026-01-01--2026-01-04.json",4687,65206CC0
liqwid-portable-data,1,"raw/api/fetches/20260729T120251784Z/protocol-fees/daily/2026-01-05--2026-01-08.json",4696,E51747F7
liqwid-portable-data,1,"raw/api/fetches/20260729T120251784Z/protocol-fees/daily/2026-01-09--2026-01-12.json",4684,22A6FE4D
liqwid-portable-data,1,"raw/api/fetches/20260729T120251784Z/protocol-fees/daily/2026-01-13--2026-01-16.json",4686,09FC5DA2
liqwid-portable-data,1,"raw/api/fetches/20260729T120251784Z/protocol-fees/daily/2026-01-17--2026-01-20.json",4692,CC2B544A
liqwid-portable-data,1,"raw/api/fetches/20260729T120251784Z/protocol-fees/daily/2026-01-21--2026-01-24.json",4676,5413BB9F
liqwid-portable-data,1,"raw/api/fetches/20260729T120251784Z/protocol-fees/daily/2026-01-25--2026-01-28.json",4672,5ACE816F
liqwid-portable-data,1,"raw/api/fetches/20260729T120251784Z/protocol-fees/daily/2026-01-29--2026-02-01.json",4695,FC31551F
liqwid-portable-data,1,"raw/api/fetches/20260729T120251784Z/protocol-fees/daily/2026-02-02--2026-02-05.json",4527,3F401880
liqwid-portable-data,1,"raw/api/fetches/20260729T120251784Z/protocol-fees/daily/2026-02-06--2026-02-09.json",4686,EBE34740
liqwid-portable-data,1,"raw/api/fetches/20260729T120251784Z/protocol-fees/daily/2026-02-10--2026-02-13.json",4688,6A35883E
liqwid-portable-data,1,"raw/api/fetches/20260729T120251784Z/protocol-fees/daily/2026-02-14--2026-02-17.json",4674,156E05A9
liqwid-portable-data,1,"raw/api/fetches/20260729T120251784Z/protocol-fees/daily/2026-02-18--2026-02-21.json",4676,AE14F925
liqwid-portable-data,1,"raw/api/fetches/20260729T120251784Z/protocol-fees/daily/2026-02-22--2026-02-25.json",4674,527C0273
liqwid-portable-data,1,"raw/api/fetches/20260729T120251784Z/protocol-fees/daily/2026-02-26--2026-03-01.json",4682,AAD1601D
liqwid-portable-data,1,"raw/api/fetches/20260729T120251784Z/protocol-fees/daily/2026-03-02--2026-03-05.json",4668,7BC5A556
liqwid-portable-data,1,"raw/api/fetches/20260729T120251784Z/protocol-fees/daily/2026-03-06--2026-03-09.json",4674,CF11D7FC
liqwid-portable-data,1,"raw/api/fetches/20260729T120251784Z/protocol-fees/daily/2026-03-10--2026-03-13.json",4685,96B7C51A
liqwid-portable-data,1,"raw/api/fetches/20260729T120251784Z/protocol-fees/daily/2026-03-14--2026-03-17.json",4695,13FC818A
liqwid-portable-data,1,"raw/api/fetches/20260729T120251784Z/protocol-fees/daily/2026-03-18--2026-03-21.json",4684,889E15C4
liqwid-portable-data,1,"raw/api/fetches/20260729T120251784Z/protocol-fees/daily/2026-03-22--2026-03-25.json",4709,41E2F5A8
liqwid-portable-data,1,"raw/api/fetches/20260729T120251784Z/protocol-fees/daily/2026-03-26--2026-03-29.json",4692,8CD0A4A7
liqwid-portable-data,1,"raw/api/fetches/20260729T120251784Z/protocol-fees/daily/2026-03-30--2026-04-02.json",4680,C0EAD772
liqwid-portable-data,1,"raw/api/fetches/20260729T120251784Z/protocol-fees/daily/2026-04-03--2026-04-06.json",4691,1C17BB89
liqwid-portable-data,1,"raw/api/fetches/20260729T120251784Z/protocol-fees/daily/2026-04-07--2026-04-10.json",4695,FCC8B8F2
liqwid-portable-data,1,"raw/api/fetches/20260729T120251784Z/protocol-fees/daily/2026-04-11--2026-04-14.json",4695,F3261304
liqwid-portable-data,1,"raw/api/fetches/20260729T120251784Z/protocol-fees/daily/2026-04-15--2026-04-18.json",4694,460F96EA
liqwid-portable-data,1,"raw/api/fetches/20260729T120251784Z/protocol-fees/daily/2026-04-19--2026-04-22.json",4683,110B01DF
liqwid-portable-data,1,"raw/api/fetches/20260729T120251784Z/protocol-fees/daily/2026-04-23--2026-04-26.json",4681,CC1D059F
liqwid-portable-data,1,"raw/api/fetches/20260729T120251784Z/protocol-fees/daily/2026-04-27--2026-04-30.json",4686,2401E4B7
liqwid-portable-data,1,"raw/api/fetches/20260729T120251784Z/protocol-fees/daily/2026-05-01--2026-05-04.json",4690,F426213A
liqwid-portable-data,1,"raw/api/fetches/20260729T120251784Z/protocol-fees/daily/2026-05-05--2026-05-08.json",4707,DD34E850
liqwid-portable-data,1,"raw/api/fetches/20260729T120251784Z/protocol-fees/daily/2026-05-09--2026-05-12.json",4705,DB680945
liqwid-portable-data,1,"raw/api/fetches/20260729T120251784Z/protocol-fees/daily/2026-05-13--2026-05-16.json",4679,A6668E2C
liqwid-portable-data,1,"raw/api/fetches/20260729T120251784Z/protocol-fees/daily/2026-05-17--2026-05-20.json",4665,9DB63E0F
liqwid-portable-data,1,"raw/api/fetches/20260729T120251784Z/protocol-fees/daily/2026-05-21--2026-05-24.json",4679,AD5FC35D
liqwid-portable-data,1,"raw/api/fetches/20260729T120251784Z/protocol-fees/daily/2026-05-25--2026-05-28.json",4684,0DE12E79
liqwid-portable-data,1,"raw/api/fetches/20260729T120251784Z/protocol-fees/daily/2026-05-29--2026-06-01.json",4684,462293BA
liqwid-portable-data,1,"raw/api/fetches/20260729T120251784Z/protocol-fees/daily/2026-06-02--2026-06-05.json",4691,CAF44CCD
liqwid-portable-data,1,"raw/api/fetches/20260729T120251784Z/protocol-fees/daily/2026-06-06--2026-06-09.json",4670,34C4B77E
liqwid-portable-data,1,"raw/api/fetches/20260729T120251784Z/protocol-fees/daily/2026-06-10--2026-06-13.json",4700,80B5CC95
liqwid-portable-data,1,"raw/api/fetches/20260729T120251784Z/protocol-fees/daily/2026-06-14--2026-06-17.json",4686,678EBB8A
liqwid-portable-data,1,"raw/api/fetches/20260729T120251784Z/protocol-fees/daily/2026-06-18--2026-06-21.json",4695,2B11CF4E
liqwid-portable-data,1,"raw/api/fetches/20260729T120251784Z/protocol-fees/daily/2026-06-22--2026-06-25.json",4657,870C15F3
liqwid-portable-data,1,"raw/api/fetches/20260729T120251784Z/protocol-fees/daily/2026-06-26--2026-06-29.json",4654,A0EC8DB3
liqwid-portable-data,1,"raw/api/fetches/20260729T120251784Z/protocol-fees/daily/2026-06-30--2026-07-03.json",4579,F908F487
liqwid-portable-data,1,"raw/api/fetches/20260729T120251784Z/protocol-fees/daily/2026-07-04--2026-07-07.json",4586,4439664E
liqwid-portable-data,1,"raw/api/fetches/20260729T120251784Z/protocol-fees/daily/2026-07-08--2026-07-11.json",4583,AD1A9B77
liqwid-portable-data,1,"raw/api/fetches/20260729T120251784Z/protocol-fees/daily/2026-07-12--2026-07-15.json",4574,22744483
liqwid-portable-data,1,"raw/api/fetches/20260729T120251784Z/protocol-fees/daily/2026-07-16--2026-07-19.json",4588,55AD4506
liqwid-portable-data,1,"raw/api/fetches/20260729T120251784Z/protocol-fees/daily/2026-07-20--2026-07-23.json",4575,BC46931E
liqwid-portable-data,1,"raw/api/fetches/20260729T120251784Z/protocol-fees/daily/2026-07-24--2026-07-27.json",4586,5CE5BFCE
liqwid-portable-data,1,"raw/api/fetches/20260729T120251784Z/protocol-fees/daily/2026-07-28.json",1286,8BF5355F
liqwid-portable-data,1,"raw/api/fetches/20260729T120251784Z/protocol-overview/daily/2023-02-02--2023-02-06.json",3320,88B23DB6
liqwid-portable-data,1,"raw/api/fetches/20260729T120251784Z/protocol-overview/daily/2023-02-07--2023-02-11.json",3302,115431EC
liqwid-portable-data,1,"raw/api/fetches/20260729T120251784Z/protocol-overview/daily/2023-02-12--2023-02-16.json",3313,6F0DBD56
liqwid-portable-data,1,"raw/api/fetches/20260729T120251784Z/protocol-overview/daily/2023-02-17--2023-02-21.json",3327,D85FF05A
liqwid-portable-data,1,"raw/api/fetches/20260729T120251784Z/protocol-overview/daily/2023-02-22--2023-02-26.json",3278,F61899BA
liqwid-portable-data,1,"raw/api/fetches/20260729T120251784Z/protocol-overview/daily/2023-02-27--2023-03-03.json",3339,8C2FBFCA
liqwid-portable-data,1,"raw/api/fetches/20260729T120251784Z/protocol-overview/daily/2023-03-04--2023-03-08.json",3342,DEAEC5C8
liqwid-portable-data,1,"raw/api/fetches/20260729T120251784Z/protocol-overview/daily/2023-03-09--2023-03-13.json",3335,1AE1E6CE
liqwid-portable-data,1,"raw/api/fetches/20260729T120251784Z/protocol-overview/daily/2023-03-14--2023-03-18.json",3364,ABDD5162
liqwid-portable-data,1,"raw/api/fetches/20260729T120251784Z/protocol-overview/daily/2023-03-19--2023-03-23.json",3315,1DA39218
liqwid-portable-data,1,"raw/api/fetches/20260729T120251784Z/protocol-overview/daily/2023-03-24--2023-03-28.json",3325,47B6D2FD
liqwid-portable-data,1,"raw/api/fetches/20260729T120251784Z/protocol-overview/daily/2023-03-29--2023-04-02.json",3323,C485DABC
liqwid-portable-data,1,"raw/api/fetches/20260729T120251784Z/protocol-overview/daily/2023-04-03--2023-04-07.json",3352,068989F1
liqwid-portable-data,1,"raw/api/fetches/20260729T120251784Z/protocol-overview/daily/2023-04-08--2023-04-12.json",3364,88159F7C
liqwid-portable-data,1,"raw/api/fetches/20260729T120251784Z/protocol-overview/daily/2023-04-13--2023-04-17.json",3386,C062AF84
liqwid-portable-data,1,"raw/api/fetches/20260729T120251784Z/protocol-overview/daily/2023-04-18--2023-04-22.json",3360,94742C8F
liqwid-portable-data,1,"raw/api/fetches/20260729T120251784Z/protocol-overview/daily/2023-04-23--2023-04-27.json",3326,36BD387F
liqwid-portable-data,1,"raw/api/fetches/20260729T120251784Z/protocol-overview/daily/2023-04-28--2023-05-02.json",3337,B8A15135
liqwid-portable-data,1,"raw/api/fetches/20260729T120251784Z/protocol-overview/daily/2023-05-03--2023-05-07.json",3387,42132985
liqwid-portable-data,1,"raw/api/fetches/20260729T120251784Z/protocol-overview/daily/2023-05-08--2023-05-12.json",3373,18C6FF1E
liqwid-portable-data,1,"raw/api/fetches/20260729T120251784Z/protocol-overview/daily/2023-05-13--2023-05-17.json",3333,F7447351
liqwid-portable-data,1,"raw/api/fetches/20260729T120251784Z/protocol-overview/daily/2023-05-18--2023-05-22.json",3325,D63D6C4A
liqwid-portable-data,1,"raw/api/fetches/20260729T120251784Z/protocol-overview/daily/2023-05-23--2023-05-27.json",3346,51AFB36D
liqwid-portable-data,1,"raw/api/fetches/20260729T120251784Z/protocol-overview/daily/2023-05-28--2023-06-01.json",3358,51D115A7
liqwid-portable-data,1,"raw/api/fetches/20260729T120251784Z/protocol-overview/daily/2023-06-02--2023-06-06.json",3386,86D3F2E8
liqwid-portable-data,1,"raw/api/fetches/20260729T120251784Z/protocol-overview/daily/2023-06-07--2023-06-11.json",3424,9641625A
liqwid-portable-data,1,"raw/api/fetches/20260729T120251784Z/protocol-overview/daily/2023-06-12--2023-06-16.json",3407,A18DD314
liqwid-portable-data,1,"raw/api/fetches/20260729T120251784Z/protocol-overview/daily/2023-06-17--2023-06-21.json",3387,0A1DD721
liqwid-portable-data,1,"raw/api/fetches/20260729T120251784Z/protocol-overview/daily/2023-06-22--2023-06-26.json",3344,60BB40CA
liqwid-portable-data,1,"raw/api/fetches/20260729T120251784Z/protocol-overview/daily/2023-06-27--2023-07-01.json",3365,EBF7104A
liqwid-portable-data,1,"raw/api/fetches/20260729T120251784Z/protocol-overview/daily/2023-07-02--2023-07-06.json",3328,F2C2ED46
liqwid-portable-data,1,"raw/api/fetches/20260729T120251784Z/protocol-overview/daily/2023-07-07--2023-07-11.json",3358,0611127A
liqwid-portable-data,1,"raw/api/fetches/20260729T120251784Z/protocol-overview/daily/2023-07-12--2023-07-16.json",3382,AF2B4BC9
liqwid-portable-data,1,"raw/api/fetches/20260729T120251784Z/protocol-overview/daily/2023-07-17--2023-07-21.json",3363,32818CAA
liqwid-portable-data,1,"raw/api/fetches/20260729T120251784Z/protocol-overview/daily/2023-07-22--2023-07-26.json",3335,B323B2B5
liqwid-portable-data,1,"raw/api/fetches/20260729T120251784Z/protocol-overview/daily/2023-07-27--2023-07-31.json",3335,2CBCBAE7
liqwid-portable-data,1,"raw/api/fetches/20260729T120251784Z/protocol-overview/daily/2023-08-01--2023-08-05.json",3392,39095488
liqwid-portable-data,1,"raw/api/fetches/20260729T120251784Z/protocol-overview/daily/2023-08-06--2023-08-10.json",3368,DAE73DEA
liqwid-portable-data,1,"raw/api/fetches/20260729T120251784Z/protocol-overview/daily/2023-08-11--2023-08-15.json",3353,F3B2CC97
liqwid-portable-data,1,"raw/api/fetches/20260729T120251784Z/protocol-overview/daily/2023-08-16--2023-08-20.json",3403,76553950
liqwid-portable-data,1,"raw/api/fetches/20260729T120251784Z/protocol-overview/daily/2023-08-21--2023-08-25.json",3385,A9C2CEE1
liqwid-portable-data,1,"raw/api/fetches/20260729T120251784Z/protocol-overview/daily/2023-08-26--2023-08-30.json",3370,814DC012
liqwid-portable-data,1,"raw/api/fetches/20260729T120251784Z/protocol-overview/daily/2023-08-31--2023-09-04.json",3359,557FE4B7
liqwid-portable-data,1,"raw/api/fetches/20260729T120251784Z/protocol-overview/daily/2023-09-05--2023-09-09.json",3361,A0818E54
liqwid-portable-data,1,"raw/api/fetches/20260729T120251784Z/protocol-overview/daily/2023-09-10--2023-09-14.json",3388,3F17467F
liqwid-portable-data,1,"raw/api/fetches/20260729T120251784Z/protocol-overview/daily/2023-09-15--2023-09-19.json",3362,9AAAF3A7
liqwid-portable-data,1,"raw/api/fetches/20260729T120251784Z/protocol-overview/daily/2023-09-20--2023-09-24.json",3376,4F53317D
liqwid-portable-data,1,"raw/api/fetches/20260729T120251784Z/protocol-overview/daily/2023-09-25--2023-09-29.json",3350,6EB20C26
liqwid-portable-data,1,"raw/api/fetches/20260729T120251784Z/protocol-overview/daily/2023-09-30--2023-10-04.json",3347,F250A6E3
liqwid-portable-data,1,"raw/api/fetches/20260729T120251784Z/protocol-overview/daily/2023-10-05--2023-10-09.json",3369,0F173B25
liqwid-portable-data,1,"raw/api/fetches/20260729T120251784Z/protocol-overview/daily/2023-10-10--2023-10-14.json",3362,16E09570
liqwid-portable-data,1,"raw/api/fetches/20260729T120251784Z/protocol-overview/daily/2023-10-15--2023-10-19.json",3402,ED0B8A2B
liqwid-portable-data,1,"raw/api/fetches/20260729T120251784Z/protocol-overview/daily/2023-10-20--2023-10-24.json",3405,D6E306B8
liqwid-portable-data,1,"raw/api/fetches/20260729T120251784Z/protocol-overview/daily/2023-10-25--2023-10-29.json",3395,99BE115E
liqwid-portable-data,1,"raw/api/fetches/20260729T120251784Z/protocol-overview/daily/2023-10-30--2023-11-03.json",3389,136C009B
liqwid-portable-data,1,"raw/api/fetches/20260729T120251784Z/protocol-overview/daily/2023-11-04--2023-11-08.json",3464,21D91CEC
liqwid-portable-data,1,"raw/api/fetches/20260729T120251784Z/protocol-overview/daily/2023-11-09--2023-11-13.json",3427,CAD095FD
liqwid-portable-data,1,"raw/api/fetches/20260729T120251784Z/protocol-overview/daily/2023-11-14--2023-11-18.json",3439,A242EE5C
liqwid-portable-data,1,"raw/api/fetches/20260729T120251784Z/protocol-overview/daily/2023-11-19--2023-11-23.json",3410,C874E8F7
liqwid-portable-data,1,"raw/api/fetches/20260729T120251784Z/protocol-overview/daily/2023-11-24--2023-11-28.json",3412,00C76E56
liqwid-portable-data,1,"raw/api/fetches/20260729T120251784Z/protocol-overview/daily/2023-11-29--2023-12-03.json",3393,0C9E2BA3
liqwid-portable-data,1,"raw/api/fetches/20260729T120251784Z/protocol-overview/daily/2023-12-04--2023-12-08.json",3460,3E9DBA79
liqwid-portable-data,1,"raw/api/fetches/20260729T120251784Z/protocol-overview/daily/2023-12-09--2023-12-13.json",3451,E99F5247
liqwid-portable-data,1,"raw/api/fetches/20260729T120251784Z/protocol-overview/daily/2023-12-14--2023-12-18.json",3394,968D644E
liqwid-portable-data,1,"raw/api/fetches/20260729T120251784Z/protocol-overview/daily/2023-12-19--2023-12-23.json",3404,E4D4E7E4
liqwid-portable-data,1,"raw/api/fetches/20260729T120251784Z/protocol-overview/daily/2023-12-24--2023-12-28.json",3378,BF80F55B
liqwid-portable-data,1,"raw/api/fetches/20260729T120251784Z/protocol-overview/daily/2023-12-29--2024-01-02.json",3393,BCF88FD5
liqwid-portable-data,1,"raw/api/fetches/20260729T120251784Z/protocol-overview/daily/2024-01-03--2024-01-07.json",3408,097B9296
liqwid-portable-data,1,"raw/api/fetches/20260729T120251784Z/protocol-overview/daily/2024-01-08--2024-01-12.json",3439,53A59E09
liqwid-portable-data,1,"raw/api/fetches/20260729T120251784Z/protocol-overview/daily/2024-01-13--2024-01-17.json",3385,654BBEF6
liqwid-portable-data,1,"raw/api/fetches/20260729T120251784Z/protocol-overview/daily/2024-01-18--2024-01-22.json",3421,FF0801F6
liqwid-portable-data,1,"raw/api/fetches/20260729T120251784Z/protocol-overview/daily/2024-01-23--2024-01-27.json",3402,486A908F
liqwid-portable-data,1,"raw/api/fetches/20260729T120251784Z/protocol-overview/daily/2024-01-28--2024-02-01.json",3383,C87A5A5A
liqwid-portable-data,1,"raw/api/fetches/20260729T120251784Z/protocol-overview/daily/2024-02-02--2024-02-06.json",3373,3590C166
liqwid-portable-data,1,"raw/api/fetches/20260729T120251784Z/protocol-overview/daily/2024-02-07--2024-02-11.json",3380,EF71354C
liqwid-portable-data,1,"raw/api/fetches/20260729T120251784Z/protocol-overview/daily/2024-02-12--2024-02-16.json",3380,E37A8DA3
liqwid-portable-data,1,"raw/api/fetches/20260729T120251784Z/protocol-overview/daily/2024-02-17--2024-02-21.json",3399,B44D43BF
liqwid-portable-data,1,"raw/api/fetches/20260729T120251784Z/protocol-overview/daily/2024-02-22--2024-02-26.json",3416,EB243948
liqwid-portable-data,1,"raw/api/fetches/20260729T120251784Z/protocol-overview/daily/2024-02-27--2024-03-02.json",3416,40BEA4C6
liqwid-portable-data,1,"raw/api/fetches/20260729T120251784Z/protocol-overview/daily/2024-03-03--2024-03-07.json",3433,429010CC
liqwid-portable-data,1,"raw/api/fetches/20260729T120251784Z/protocol-overview/daily/2024-03-08--2024-03-12.json",3375,AFC67626
liqwid-portable-data,1,"raw/api/fetches/20260729T120251784Z/protocol-overview/daily/2024-03-13--2024-03-17.json",3403,26D47132
liqwid-portable-data,1,"raw/api/fetches/20260729T120251784Z/protocol-overview/daily/2024-03-18--2024-03-22.json",3422,D3F1BB84
liqwid-portable-data,1,"raw/api/fetches/20260729T120251784Z/protocol-overview/daily/2024-03-23--2024-03-27.json",3455,206F9AC1
liqwid-portable-data,1,"raw/api/fetches/20260729T120251784Z/protocol-overview/daily/2024-03-28--2024-04-01.json",3399,33E2A78F
liqwid-portable-data,1,"raw/api/fetches/20260729T120251784Z/protocol-overview/daily/2024-04-02--2024-04-06.json",3417,A7E1DB66
liqwid-portable-data,1,"raw/api/fetches/20260729T120251784Z/protocol-overview/daily/2024-04-07--2024-04-11.json",3430,A03B1430
liqwid-portable-data,1,"raw/api/fetches/20260729T120251784Z/protocol-overview/daily/2024-04-12--2024-04-16.json",3434,65BEE75B
liqwid-portable-data,1,"raw/api/fetches/20260729T120251784Z/protocol-overview/daily/2024-04-17--2024-04-21.json",3426,77155204
liqwid-portable-data,1,"raw/api/fetches/20260729T120251784Z/protocol-overview/daily/2024-04-22--2024-04-26.json",3504,018A64D0
liqwid-portable-data,1,"raw/api/fetches/20260729T120251784Z/protocol-overview/daily/2024-04-27--2024-05-01.json",3548,5C9EE0FF
liqwid-portable-data,1,"raw/api/fetches/20260729T120251784Z/protocol-overview/daily/2024-05-02--2024-05-06.json",3526,FE3844F6
liqwid-portable-data,1,"raw/api/fetches/20260729T120251784Z/protocol-overview/daily/2024-05-07--2024-05-11.json",3494,B8252233
liqwid-portable-data,1,"raw/api/fetches/20260729T120251784Z/protocol-overview/daily/2024-05-12--2024-05-16.json",3507,21F3A91B
liqwid-portable-data,1,"raw/api/fetches/20260729T120251784Z/protocol-overview/daily/2024-05-17--2024-05-21.json",3501,4EA5FEB8
liqwid-portable-data,1,"raw/api/fetches/20260729T120251784Z/protocol-overview/daily/2024-05-22--2024-05-26.json",3498,ED3DE1A1
liqwid-portable-data,1,"raw/api/fetches/20260729T120251784Z/protocol-overview/daily/2024-05-27--2024-05-31.json",3496,C1870E52
liqwid-portable-data,1,"raw/api/fetches/20260729T120251784Z/protocol-overview/daily/2024-06-01--2024-06-05.json",3511,6C17B81F
liqwid-portable-data,1,"raw/api/fetches/20260729T120251784Z/protocol-overview/daily/2024-06-06--2024-06-10.json",3479,987CFB5B
liqwid-portable-data,1,"raw/api/fetches/20260729T120251784Z/protocol-overview/daily/2024-06-11--2024-06-15.json",3542,67F457CA
liqwid-portable-data,1,"raw/api/fetches/20260729T120251784Z/protocol-overview/daily/2024-06-16--2024-06-20.json",3580,62CB2863
liqwid-portable-data,1,"raw/api/fetches/20260729T120251784Z/protocol-overview/daily/2024-06-21--2024-06-25.json",3512,AFBE3B2B
liqwid-portable-data,1,"raw/api/fetches/20260729T120251784Z/protocol-overview/daily/2024-06-26--2024-06-30.json",3478,E4D76572
liqwid-portable-data,1,"raw/api/fetches/20260729T120251784Z/protocol-overview/daily/2024-07-01--2024-07-05.json",3519,4474A2AC
liqwid-portable-data,1,"raw/api/fetches/20260729T120251784Z/protocol-overview/daily/2024-07-06--2024-07-10.json",3503,9A418BFF
liqwid-portable-data,1,"raw/api/fetches/20260729T120251784Z/protocol-overview/daily/2024-07-11--2024-07-15.json",3470,DEB641E8
liqwid-portable-data,1,"raw/api/fetches/20260729T120251784Z/protocol-overview/daily/2024-07-16--2024-07-20.json",3517,18B71662
liqwid-portable-data,1,"raw/api/fetches/20260729T120251784Z/protocol-overview/daily/2024-07-21--2024-07-25.json",3494,A7E2F9EE
liqwid-portable-data,1,"raw/api/fetches/20260729T120251784Z/protocol-overview/daily/2024-07-26--2024-07-30.json",3486,CAC7D4F2
liqwid-portable-data,1,"raw/api/fetches/20260729T120251784Z/protocol-overview/daily/2024-07-31--2024-08-04.json",3522,28A9FDAB
liqwid-portable-data,1,"raw/api/fetches/20260729T120251784Z/protocol-overview/daily/2024-08-05--2024-08-09.json",3550,D97BA7E7
liqwid-portable-data,1,"raw/api/fetches/20260729T120251784Z/protocol-overview/daily/2024-08-10--2024-08-14.json",3487,658DFD12
liqwid-portable-data,1,"raw/api/fetches/20260729T120251784Z/protocol-overview/daily/2024-08-15--2024-08-19.json",3509,2BA76095
liqwid-portable-data,1,"raw/api/fetches/20260729T120251784Z/protocol-overview/daily/2024-08-20--2024-08-24.json",3490,9DF4CC8E
liqwid-portable-data,1,"raw/api/fetches/20260729T120251784Z/protocol-overview/daily/2024-08-25--2024-08-29.json",3504,B677136A
liqwid-portable-data,1,"raw/api/fetches/20260729T120251784Z/protocol-overview/daily/2024-08-30--2024-09-03.json",3499,0E5D827C
liqwid-portable-data,1,"raw/api/fetches/20260729T120251784Z/protocol-overview/daily/2024-09-04--2024-09-08.json",3502,FFB0A23E
liqwid-portable-data,1,"raw/api/fetches/20260729T120251784Z/protocol-overview/daily/2024-09-09--2024-09-13.json",3500,952DC197
liqwid-portable-data,1,"raw/api/fetches/20260729T120251784Z/protocol-overview/daily/2024-09-14--2024-09-18.json",3516,205DCED8
liqwid-portable-data,1,"raw/api/fetches/20260729T120251784Z/protocol-overview/daily/2024-09-19--2024-09-23.json",3499,046BAB56
liqwid-portable-data,1,"raw/api/fetches/20260729T120251784Z/protocol-overview/daily/2024-09-24--2024-09-28.json",3509,3EA62CF9
liqwid-portable-data,1,"raw/api/fetches/20260729T120251784Z/protocol-overview/daily/2024-09-29--2024-10-03.json",3506,6E14C0A8
liqwid-portable-data,1,"raw/api/fetches/20260729T120251784Z/protocol-overview/daily/2024-10-04--2024-10-08.json",3468,E6C1DDE1
liqwid-portable-data,1,"raw/api/fetches/20260729T120251784Z/protocol-overview/daily/2024-10-09--2024-10-13.json",3535,2F6D7942
liqwid-portable-data,1,"raw/api/fetches/20260729T120251784Z/protocol-overview/daily/2024-10-14--2024-10-18.json",3517,28208DE4
liqwid-portable-data,1,"raw/api/fetches/20260729T120251784Z/protocol-overview/daily/2024-10-19--2024-10-23.json",3503,E151A3CC
liqwid-portable-data,1,"raw/api/fetches/20260729T120251784Z/protocol-overview/daily/2024-10-24--2024-10-28.json",3500,9287E2C8
liqwid-portable-data,1,"raw/api/fetches/20260729T120251784Z/protocol-overview/daily/2024-10-29--2024-11-02.json",3442,7F8A75DF
liqwid-portable-data,1,"raw/api/fetches/20260729T120251784Z/protocol-overview/daily/2024-11-03--2024-11-07.json",3527,3A7C3075
liqwid-portable-data,1,"raw/api/fetches/20260729T120251784Z/protocol-overview/daily/2024-11-08--2024-11-12.json",3546,353C2862
liqwid-portable-data,1,"raw/api/fetches/20260729T120251784Z/protocol-overview/daily/2024-11-13--2024-11-17.json",3546,913905ED
liqwid-portable-data,1,"raw/api/fetches/20260729T120251784Z/protocol-overview/daily/2024-11-18--2024-11-22.json",3573,94671BC1
liqwid-portable-data,1,"raw/api/fetches/20260729T120251784Z/protocol-overview/daily/2024-11-23--2024-11-27.json",3552,845B1ADB
liqwid-portable-data,1,"raw/api/fetches/20260729T120251784Z/protocol-overview/daily/2024-11-28--2024-12-02.json",3532,92D7000F
liqwid-portable-data,1,"raw/api/fetches/20260729T120251784Z/protocol-overview/daily/2024-12-03--2024-12-07.json",3533,B707E12F
liqwid-portable-data,1,"raw/api/fetches/20260729T120251784Z/protocol-overview/daily/2024-12-08--2024-12-12.json",3541,2DC331A6
liqwid-portable-data,1,"raw/api/fetches/20260729T120251784Z/protocol-overview/daily/2024-12-13--2024-12-17.json",3521,C1860E0B
liqwid-portable-data,1,"raw/api/fetches/20260729T120251784Z/protocol-overview/daily/2024-12-18--2024-12-22.json",3573,40664FC0
liqwid-portable-data,1,"raw/api/fetches/20260729T120251784Z/protocol-overview/daily/2024-12-23--2024-12-27.json",3551,10F12C04
liqwid-portable-data,1,"raw/api/fetches/20260729T120251784Z/protocol-overview/daily/2024-12-28--2025-01-01.json",3516,E2716B65
liqwid-portable-data,1,"raw/api/fetches/20260729T120251784Z/protocol-overview/daily/2025-01-02--2025-01-06.json",3498,724398DA
liqwid-portable-data,1,"raw/api/fetches/20260729T120251784Z/protocol-overview/daily/2025-01-07--2025-01-11.json",3572,062FF97F
liqwid-portable-data,1,"raw/api/fetches/20260729T120251784Z/protocol-overview/daily/2025-01-12--2025-01-16.json",3521,7191089F
liqwid-portable-data,1,"raw/api/fetches/20260729T120251784Z/protocol-overview/daily/2025-01-17--2025-01-21.json",3512,C18A951E
liqwid-portable-data,1,"raw/api/fetches/20260729T120251784Z/protocol-overview/daily/2025-01-22--2025-01-26.json",3506,6AE06ECF
liqwid-portable-data,1,"raw/api/fetches/20260729T120251784Z/protocol-overview/daily/2025-01-27--2025-01-31.json",3527,1A3FA0EB
liqwid-portable-data,1,"raw/api/fetches/20260729T120251784Z/protocol-overview/daily/2025-02-01--2025-02-05.json",3571,1004E227
liqwid-portable-data,1,"raw/api/fetches/20260729T120251784Z/protocol-overview/daily/2025-02-06--2025-02-10.json",3518,C27CFB9E
liqwid-portable-data,1,"raw/api/fetches/20260729T120251784Z/protocol-overview/daily/2025-02-11--2025-02-15.json",3455,5B33B795
liqwid-portable-data,1,"raw/api/fetches/20260729T120251784Z/protocol-overview/daily/2025-02-16--2025-02-20.json",3504,D99B37A1
liqwid-portable-data,1,"raw/api/fetches/20260729T120251784Z/protocol-overview/daily/2025-02-21--2025-02-25.json",3544,05D3B364
liqwid-portable-data,1,"raw/api/fetches/20260729T120251784Z/protocol-overview/daily/2025-02-26--2025-03-02.json",3581,EDB376F6
liqwid-portable-data,1,"raw/api/fetches/20260729T120251784Z/protocol-overview/daily/2025-03-03--2025-03-07.json",3541,C78E7637
liqwid-portable-data,1,"raw/api/fetches/20260729T120251784Z/protocol-overview/daily/2025-03-08--2025-03-12.json",3576,608AB796
liqwid-portable-data,1,"raw/api/fetches/20260729T120251784Z/protocol-overview/daily/2025-03-13--2025-03-17.json",3506,40D6149E
liqwid-portable-data,1,"raw/api/fetches/20260729T120251784Z/protocol-overview/daily/2025-03-18--2025-03-22.json",3470,9DB9B035
liqwid-portable-data,1,"raw/api/fetches/20260729T120251784Z/protocol-overview/daily/2025-03-23--2025-03-27.json",3495,C661328B
liqwid-portable-data,1,"raw/api/fetches/20260729T120251784Z/protocol-overview/daily/2025-03-28--2025-04-01.json",3517,A001038D
liqwid-portable-data,1,"raw/api/fetches/20260729T120251784Z/protocol-overview/daily/2025-04-02--2025-04-06.json",3527,7687323D
liqwid-portable-data,1,"raw/api/fetches/20260729T120251784Z/protocol-overview/daily/2025-04-07--2025-04-11.json",3515,5542872B
liqwid-portable-data,1,"raw/api/fetches/20260729T120251784Z/protocol-overview/daily/2025-04-12--2025-04-16.json",3489,2ACE5DD3
liqwid-portable-data,1,"raw/api/fetches/20260729T120251784Z/protocol-overview/daily/2025-04-17--2025-04-21.json",3474,14708E72
liqwid-portable-data,1,"raw/api/fetches/20260729T120251784Z/protocol-overview/daily/2025-04-22--2025-04-26.json",3502,79F03F0B
liqwid-portable-data,1,"raw/api/fetches/20260729T120251784Z/protocol-overview/daily/2025-04-27--2025-05-01.json",3513,165973BC
liqwid-portable-data,1,"raw/api/fetches/20260729T120251784Z/protocol-overview/daily/2025-05-02--2025-05-06.json",3502,8EF0F258
liqwid-portable-data,1,"raw/api/fetches/20260729T120251784Z/protocol-overview/daily/2025-05-07--2025-05-11.json",3532,6819B4BC
liqwid-portable-data,1,"raw/api/fetches/20260729T120251784Z/protocol-overview/daily/2025-05-12--2025-05-16.json",3558,9734B683
liqwid-portable-data,1,"raw/api/fetches/20260729T120251784Z/protocol-overview/daily/2025-05-17--2025-05-21.json",3523,C83635F4
liqwid-portable-data,1,"raw/api/fetches/20260729T120251784Z/protocol-overview/daily/2025-05-22--2025-05-26.json",3521,98DF4929
liqwid-portable-data,1,"raw/api/fetches/20260729T120251784Z/protocol-overview/daily/2025-05-27--2025-05-31.json",3539,BF2022FA
liqwid-portable-data,1,"raw/api/fetches/20260729T120251784Z/protocol-overview/daily/2025-06-01--2025-06-05.json",3567,9EA57400
liqwid-portable-data,1,"raw/api/fetches/20260729T120251784Z/protocol-overview/daily/2025-06-06--2025-06-10.json",3587,AD7A242B
liqwid-portable-data,1,"raw/api/fetches/20260729T120251784Z/protocol-overview/daily/2025-06-11--2025-06-15.json",3579,DDB376A6
liqwid-portable-data,1,"raw/api/fetches/20260729T120251784Z/protocol-overview/daily/2025-06-16--2025-06-20.json",3622,FB0A6210
liqwid-portable-data,1,"raw/api/fetches/20260729T120251784Z/protocol-overview/daily/2025-06-21--2025-06-25.json",3571,125E0F3A
liqwid-portable-data,1,"raw/api/fetches/20260729T120251784Z/protocol-overview/daily/2025-06-26--2025-06-30.json",3547,F4B927AF
liqwid-portable-data,1,"raw/api/fetches/20260729T120251784Z/protocol-overview/daily/2025-07-01--2025-07-05.json",3578,1A61E0EF
liqwid-portable-data,1,"raw/api/fetches/20260729T120251784Z/protocol-overview/daily/2025-07-06--2025-07-10.json",3574,0B13B450
liqwid-portable-data,1,"raw/api/fetches/20260729T120251784Z/protocol-overview/daily/2025-07-11--2025-07-15.json",3556,99722BE9
liqwid-portable-data,1,"raw/api/fetches/20260729T120251784Z/protocol-overview/daily/2025-07-16--2025-07-20.json",3555,D6528FDD
liqwid-portable-data,1,"raw/api/fetches/20260729T120251784Z/protocol-overview/daily/2025-07-21--2025-07-25.json",3542,DC70112D
liqwid-portable-data,1,"raw/api/fetches/20260729T120251784Z/protocol-overview/daily/2025-07-26--2025-07-30.json",3573,3CACA081
liqwid-portable-data,1,"raw/api/fetches/20260729T120251784Z/protocol-overview/daily/2025-07-31--2025-08-04.json",3592,5DEA5B52
liqwid-portable-data,1,"raw/api/fetches/20260729T120251784Z/protocol-overview/daily/2025-08-05--2025-08-09.json",3579,A09EAA0E
liqwid-portable-data,1,"raw/api/fetches/20260729T120251784Z/protocol-overview/daily/2025-08-10--2025-08-14.json",3543,1B7B957B
liqwid-portable-data,1,"raw/api/fetches/20260729T120251784Z/protocol-overview/daily/2025-08-15--2025-08-19.json",3589,5118D415
liqwid-portable-data,1,"raw/api/fetches/20260729T120251784Z/protocol-overview/daily/2025-08-20--2025-08-24.json",3580,82852B37
liqwid-portable-data,1,"raw/api/fetches/20260729T120251784Z/protocol-overview/daily/2025-08-25--2025-08-29.json",3574,A433C5E6
liqwid-portable-data,1,"raw/api/fetches/20260729T120251784Z/protocol-overview/daily/2025-08-30--2025-09-03.json",3565,943AECD9
liqwid-portable-data,1,"raw/api/fetches/20260729T120251784Z/protocol-overview/daily/2025-09-04--2025-09-08.json",3587,4A033198
liqwid-portable-data,1,"raw/api/fetches/20260729T120251784Z/protocol-overview/daily/2025-09-09--2025-09-13.json",3557,47E95CFE
liqwid-portable-data,1,"raw/api/fetches/20260729T120251784Z/protocol-overview/daily/2025-09-14--2025-09-18.json",3535,2132032A
liqwid-portable-data,1,"raw/api/fetches/20260729T120251784Z/protocol-overview/daily/2025-09-19--2025-09-23.json",3575,876A49B4
liqwid-portable-data,1,"raw/api/fetches/20260729T120251784Z/protocol-overview/daily/2025-09-24--2025-09-28.json",3552,55AA1107
liqwid-portable-data,1,"raw/api/fetches/20260729T120251784Z/protocol-overview/daily/2025-09-29--2025-10-03.json",3557,809EC324
liqwid-portable-data,1,"raw/api/fetches/20260729T120251784Z/protocol-overview/daily/2025-10-04--2025-10-08.json",3568,E856CA53
liqwid-portable-data,1,"raw/api/fetches/20260729T120251784Z/protocol-overview/daily/2025-10-09--2025-10-13.json",3594,27506E92
liqwid-portable-data,1,"raw/api/fetches/20260729T120251784Z/protocol-overview/daily/2025-10-14--2025-10-18.json",3581,B04D08DB
liqwid-portable-data,1,"raw/api/fetches/20260729T120251784Z/protocol-overview/daily/2025-10-19--2025-10-23.json",3599,958CA391
liqwid-portable-data,1,"raw/api/fetches/20260729T120251784Z/protocol-overview/daily/2025-10-24--2025-10-28.json",3526,EC659F4C
liqwid-portable-data,1,"raw/api/fetches/20260729T120251784Z/protocol-overview/daily/2025-10-29--2025-11-02.json",3579,82B009F4
liqwid-portable-data,1,"raw/api/fetches/20260729T120251784Z/protocol-overview/daily/2025-11-03--2025-11-07.json",3594,E69523A8
liqwid-portable-data,1,"raw/api/fetches/20260729T120251784Z/protocol-overview/daily/2025-11-08--2025-11-12.json",3587,3F08F017
liqwid-portable-data,1,"raw/api/fetches/20260729T120251784Z/protocol-overview/daily/2025-11-13--2025-11-17.json",3609,B787BB55
liqwid-portable-data,1,"raw/api/fetches/20260729T120251784Z/protocol-overview/daily/2025-11-18--2025-11-22.json",3640,ACB046B9
liqwid-portable-data,1,"raw/api/fetches/20260729T120251784Z/protocol-overview/daily/2025-11-23--2025-11-27.json",3571,91CFF28D
liqwid-portable-data,1,"raw/api/fetches/20260729T120251784Z/protocol-overview/daily/2025-11-28--2025-12-02.json",3537,BEC657CE
liqwid-portable-data,1,"raw/api/fetches/20260729T120251784Z/protocol-overview/daily/2025-12-03--2025-12-07.json",3586,E84D2DD8
liqwid-portable-data,1,"raw/api/fetches/20260729T120251784Z/protocol-overview/daily/2025-12-08--2025-12-12.json",3600,3431EC12
liqwid-portable-data,1,"raw/api/fetches/20260729T120251784Z/protocol-overview/daily/2025-12-13--2025-12-17.json",3557,C2AEC08E
liqwid-portable-data,1,"raw/api/fetches/20260729T120251784Z/protocol-overview/daily/2025-12-18--2025-12-22.json",3577,4BD10E34
liqwid-portable-data,1,"raw/api/fetches/20260729T120251784Z/protocol-overview/daily/2025-12-23--2025-12-27.json",3551,582A51D0
liqwid-portable-data,1,"raw/api/fetches/20260729T120251784Z/protocol-overview/daily/2025-12-28--2026-01-01.json",3530,84F36C9A
liqwid-portable-data,1,"raw/api/fetches/20260729T120251784Z/protocol-overview/daily/2026-01-02--2026-01-06.json",3516,90CF7922
liqwid-portable-data,1,"raw/api/fetches/20260729T120251784Z/protocol-overview/daily/2026-01-07--2026-01-11.json",3406,6D6AC622
liqwid-portable-data,1,"raw/api/fetches/20260729T120251784Z/protocol-overview/daily/2026-01-12--2026-01-16.json",3477,8BB86072
liqwid-portable-data,1,"raw/api/fetches/20260729T120251784Z/protocol-overview/daily/2026-01-17--2026-01-21.json",3506,F5E1345A
liqwid-portable-data,1,"raw/api/fetches/20260729T120251784Z/protocol-overview/daily/2026-01-22--2026-01-26.json",3475,02DA26BB
liqwid-portable-data,1,"raw/api/fetches/20260729T120251784Z/protocol-overview/daily/2026-01-27--2026-01-31.json",3540,DBFA94AE
liqwid-portable-data,1,"raw/api/fetches/20260729T120251784Z/protocol-overview/daily/2026-02-01--2026-02-05.json",3439,FF0F8B01
liqwid-portable-data,1,"raw/api/fetches/20260729T120251784Z/protocol-overview/daily/2026-02-06--2026-02-10.json",3488,2ABFA54A
liqwid-portable-data,1,"raw/api/fetches/20260729T120251784Z/protocol-overview/daily/2026-02-11--2026-02-15.json",3467,9AF258E6
liqwid-portable-data,1,"raw/api/fetches/20260729T120251784Z/protocol-overview/daily/2026-02-16--2026-02-20.json",3294,AFD6B463
liqwid-portable-data,1,"raw/api/fetches/20260729T120251784Z/protocol-overview/daily/2026-02-21--2026-02-25.json",3375,544C80E9
liqwid-portable-data,1,"raw/api/fetches/20260729T120251784Z/protocol-overview/daily/2026-02-26--2026-03-02.json",3450,9A41189B
liqwid-portable-data,1,"raw/api/fetches/20260729T120251784Z/protocol-overview/daily/2026-03-03--2026-03-07.json",3384,422C0EC8
liqwid-portable-data,1,"raw/api/fetches/20260729T120251784Z/protocol-overview/daily/2026-03-08--2026-03-12.json",3493,463D22F8
liqwid-portable-data,1,"raw/api/fetches/20260729T120251784Z/protocol-overview/daily/2026-03-13--2026-03-17.json",3473,8665372E
liqwid-portable-data,1,"raw/api/fetches/20260729T120251784Z/protocol-overview/daily/2026-03-18--2026-03-22.json",3540,8E5F343B
liqwid-portable-data,1,"raw/api/fetches/20260729T120251784Z/protocol-overview/daily/2026-03-23--2026-03-27.json",3435,29C1F40D
liqwid-portable-data,1,"raw/api/fetches/20260729T120251784Z/protocol-overview/daily/2026-03-28--2026-04-01.json",3439,9EF8D025
liqwid-portable-data,1,"raw/api/fetches/20260729T120251784Z/protocol-overview/daily/2026-04-02--2026-04-06.json",3481,33BF8CB0
liqwid-portable-data,1,"raw/api/fetches/20260729T120251784Z/protocol-overview/daily/2026-04-07--2026-04-11.json",3514,C1FE2418
liqwid-portable-data,1,"raw/api/fetches/20260729T120251784Z/protocol-overview/daily/2026-04-12--2026-04-16.json",3514,CA4DD74A
liqwid-portable-data,1,"raw/api/fetches/20260729T120251784Z/protocol-overview/daily/2026-04-17--2026-04-21.json",3412,014941BD
liqwid-portable-data,1,"raw/api/fetches/20260729T120251784Z/protocol-overview/daily/2026-04-22--2026-04-26.json",3464,7AA9EFA3
liqwid-portable-data,1,"raw/api/fetches/20260729T120251784Z/protocol-overview/daily/2026-04-27--2026-05-01.json",3466,7A0A02AE
liqwid-portable-data,1,"raw/api/fetches/20260729T120251784Z/protocol-overview/daily/2026-05-02--2026-05-06.json",3459,A4D56AF8
liqwid-portable-data,1,"raw/api/fetches/20260729T120251784Z/protocol-overview/daily/2026-05-07--2026-05-11.json",3445,0A132321
liqwid-portable-data,1,"raw/api/fetches/20260729T120251784Z/protocol-overview/daily/2026-05-12--2026-05-16.json",3430,6A4CAF73
liqwid-portable-data,1,"raw/api/fetches/20260729T120251784Z/protocol-overview/daily/2026-05-17--2026-05-21.json",3452,F59087CD
liqwid-portable-data,1,"raw/api/fetches/20260729T120251784Z/protocol-overview/daily/2026-05-22--2026-05-26.json",3426,30B5217A
liqwid-portable-data,1,"raw/api/fetches/20260729T120251784Z/protocol-overview/daily/2026-05-27--2026-05-31.json",3508,4933D55E
liqwid-portable-data,1,"raw/api/fetches/20260729T120251784Z/protocol-overview/daily/2026-06-01--2026-06-05.json",3585,606F1355
liqwid-portable-data,1,"raw/api/fetches/20260729T120251784Z/protocol-overview/daily/2026-06-06--2026-06-10.json",3484,0AB77B3A
liqwid-portable-data,1,"raw/api/fetches/20260729T120251784Z/protocol-overview/daily/2026-06-11--2026-06-15.json",3444,6A11B37D
liqwid-portable-data,1,"raw/api/fetches/20260729T120251784Z/protocol-overview/daily/2026-06-16--2026-06-20.json",3418,EC097EDC
liqwid-portable-data,1,"raw/api/fetches/20260729T120251784Z/protocol-overview/daily/2026-06-21--2026-06-25.json",3509,C22DAA53
liqwid-portable-data,1,"raw/api/fetches/20260729T120251784Z/protocol-overview/daily/2026-06-26--2026-06-30.json",3396,3208820D
liqwid-portable-data,1,"raw/api/fetches/20260729T120251784Z/protocol-overview/daily/2026-07-01--2026-07-05.json",3345,AD43682B
liqwid-portable-data,1,"raw/api/fetches/20260729T120251784Z/protocol-overview/daily/2026-07-06--2026-07-10.json",3348,6CD20350
liqwid-portable-data,1,"raw/api/fetches/20260729T120251784Z/protocol-overview/daily/2026-07-11--2026-07-15.json",3277,7261590A
liqwid-portable-data,1,"raw/api/fetches/20260729T120251784Z/protocol-overview/daily/2026-07-16--2026-07-20.json",3423,487B7EFC
liqwid-portable-data,1,"raw/api/fetches/20260729T120251784Z/protocol-overview/daily/2026-07-21--2026-07-25.json",3404,830BE2DC
liqwid-portable-data,1,"raw/api/fetches/20260729T120251784Z/protocol-overview/daily/2026-07-26--2026-07-28.json",2105,BC4B5C32
liqwid-portable-data,1,"raw/api/fetches/20260729T120251784Z/protocol-overview/monthly/2023-02-01.json",984,C52A2F7C
liqwid-portable-data,1,"raw/api/fetches/20260729T120251784Z/protocol-overview/monthly/2023-03-01.json",1004,07925923
liqwid-portable-data,1,"raw/api/fetches/20260729T120251784Z/protocol-overview/monthly/2023-04-01.json",1003,41368238
liqwid-portable-data,1,"raw/api/fetches/20260729T120251784Z/protocol-overview/monthly/2023-05-01.json",1005,F24E5219
liqwid-portable-data,1,"raw/api/fetches/20260729T120251784Z/protocol-overview/monthly/2023-06-01.json",1003,A024F5FB
liqwid-portable-data,1,"raw/api/fetches/20260729T120251784Z/protocol-overview/monthly/2023-07-01.json",1000,FA4392C7
liqwid-portable-data,1,"raw/api/fetches/20260729T120251784Z/protocol-overview/monthly/2023-08-01.json",1001,EE21A5D9
liqwid-portable-data,1,"raw/api/fetches/20260729T120251784Z/protocol-overview/monthly/2023-09-01.json",1003,5321B631
liqwid-portable-data,1,"raw/api/fetches/20260729T120251784Z/protocol-overview/monthly/2023-10-01.json",1003,318967FE
liqwid-portable-data,1,"raw/api/fetches/20260729T120251784Z/protocol-overview/monthly/2023-11-01.json",1001,0569585B
liqwid-portable-data,1,"raw/api/fetches/20260729T120251784Z/protocol-overview/monthly/2023-12-01.json",1000,8879AC82
liqwid-portable-data,1,"raw/api/fetches/20260729T120251784Z/protocol-overview/monthly/2024-01-01.json",1002,D77EDE74
liqwid-portable-data,1,"raw/api/fetches/20260729T120251784Z/protocol-overview/monthly/2024-02-01.json",1002,6F778020
liqwid-portable-data,1,"raw/api/fetches/20260729T120251784Z/protocol-overview/monthly/2024-03-01.json",1000,3EBA777C
liqwid-portable-data,1,"raw/api/fetches/20260729T120251784Z/protocol-overview/monthly/2024-04-01.json",1026,31933F16
liqwid-portable-data,1,"raw/api/fetches/20260729T120251784Z/protocol-overview/monthly/2024-05-01.json",1031,D60A7531
liqwid-portable-data,1,"raw/api/fetches/20260729T120251784Z/protocol-overview/monthly/2024-06-01.json",1032,CB0C8A5E
liqwid-portable-data,1,"raw/api/fetches/20260729T120251784Z/protocol-overview/monthly/2024-07-01.json",1034,0C451F6E
liqwid-portable-data,1,"raw/api/fetches/20260729T120251784Z/protocol-overview/monthly/2024-08-01.json",1030,747E11DA
liqwid-portable-data,1,"raw/api/fetches/20260729T120251784Z/protocol-overview/monthly/2024-09-01.json",1032,43DAC52E
liqwid-portable-data,1,"raw/api/fetches/20260729T120251784Z/protocol-overview/monthly/2024-10-01.json",1033,8BDF387E
liqwid-portable-data,1,"raw/api/fetches/20260729T120251784Z/protocol-overview/monthly/2024-11-01.json",1030,5C2C8FCD
liqwid-portable-data,1,"raw/api/fetches/20260729T120251784Z/protocol-overview/monthly/2024-12-01.json",1033,9818FB58
liqwid-portable-data,1,"raw/api/fetches/20260729T120251784Z/protocol-overview/monthly/2025-01-01.json",1032,3608736C
liqwid-portable-data,1,"raw/api/fetches/20260729T120251784Z/protocol-overview/monthly/2025-02-01.json",1030,5FA98FD7
liqwid-portable-data,1,"raw/api/fetches/20260729T120251784Z/protocol-overview/monthly/2025-03-01.json",1031,87BFDF87
liqwid-portable-data,1,"raw/api/fetches/20260729T120251784Z/protocol-overview/monthly/2025-04-01.json",1033,C89E5A3E
liqwid-portable-data,1,"raw/api/fetches/20260729T120251784Z/protocol-overview/monthly/2025-05-01.json",1029,8FA8DF24
liqwid-portable-data,1,"raw/api/fetches/20260729T120251784Z/protocol-overview/monthly/2025-06-01.json",1036,DD120194
liqwid-portable-data,1,"raw/api/fetches/20260729T120251784Z/protocol-overview/monthly/2025-07-01.json",1034,3E5C109D
liqwid-portable-data,1,"raw/api/fetches/20260729T120251784Z/protocol-overview/monthly/2025-08-01.json",1036,2AD2AA05
liqwid-portable-data,1,"raw/api/fetches/20260729T120251784Z/protocol-overview/monthly/2025-09-01.json",1033,A67F51A8
liqwid-portable-data,1,"raw/api/fetches/20260729T120251784Z/protocol-overview/monthly/2025-10-01.json",1031,B4E9FE23
liqwid-portable-data,1,"raw/api/fetches/20260729T120251784Z/protocol-overview/monthly/2025-11-01.json",1030,AD75CE97
liqwid-portable-data,1,"raw/api/fetches/20260729T120251784Z/protocol-overview/monthly/2025-12-01.json",1034,6576F7B4
liqwid-portable-data,1,"raw/api/fetches/20260729T120251784Z/protocol-overview/monthly/2026-01-01.json",1027,4CBF2EF8
liqwid-portable-data,1,"raw/api/fetches/20260729T120251784Z/protocol-overview/monthly/2026-02-01.json",1029,F5F5CD35
liqwid-portable-data,1,"raw/api/fetches/20260729T120251784Z/protocol-overview/monthly/2026-03-01.json",1028,D3B1381C
liqwid-portable-data,1,"raw/api/fetches/20260729T120251784Z/protocol-overview/monthly/2026-04-01.json",1029,BA4697DB
liqwid-portable-data,1,"raw/api/fetches/20260729T120251784Z/protocol-overview/monthly/2026-05-01.json",1029,98C4D6D4
liqwid-portable-data,1,"raw/api/fetches/20260729T120251784Z/protocol-overview/monthly/2026-06-01.json",1029,7C9DBC9C
liqwid-portable-data,1,"raw/api/fetches/20260729T120251784Z/protocol-overview/monthly/2026-07-01.json",999,06116C88
liqwid-portable-data,1,"raw/api/fetches/20260803T132817755Z/loans/all.json",482326,8F9A2224
liqwid-portable-data,1,"raw/api/fetches/20260803T132817755Z/market-history/ada.json",4067,88957E46
liqwid-portable-data,1,"raw/api/fetches/20260803T132817755Z/market-history/agix.json",3434,2ACC4D20
liqwid-portable-data,1,"raw/api/fetches/20260803T132817755Z/market-history/btc.json",3840,29239F63
liqwid-portable-data,1,"raw/api/fetches/20260803T132817755Z/market-history/copi.json",3649,C23E43F8
liqwid-portable-data,1,"raw/api/fetches/20260803T132817755Z/market-history/dai.json",3803,81034961
liqwid-portable-data,1,"raw/api/fetches/20260803T132817755Z/market-history/djed.json",4032,3F3852D6
liqwid-portable-data,1,"raw/api/fetches/20260803T132817755Z/market-history/erg.json",4003,74347CA1
liqwid-portable-data,1,"raw/api/fetches/20260803T132817755Z/market-history/eth.json",3849,4CAFF69C
liqwid-portable-data,1,"raw/api/fetches/20260803T132817755Z/market-history/eurc.json",3392,2D76CBCD
liqwid-portable-data,1,"raw/api/fetches/20260803T132817755Z/market-history/iag.json",3912,A4EA63E7
liqwid-portable-data,1,"raw/api/fetches/20260803T132817755Z/market-history/iusd.json",3936,27F5F387
liqwid-portable-data,1,"raw/api/fetches/20260803T132817755Z/market-history/lq.json",3425,AE0C6911
liqwid-portable-data,1,"raw/api/fetches/20260803T132817755Z/market-history/min.json",3935,F659C91B
liqwid-portable-data,1,"raw/api/fetches/20260803T132817755Z/market-history/night.json",3961,82B5241D
liqwid-portable-data,1,"raw/api/fetches/20260803T132817755Z/market-history/pol.json",3437,E75C2050
liqwid-portable-data,1,"raw/api/fetches/20260803T132817755Z/market-history/pyusd.json",3316,61A7E282
liqwid-portable-data,1,"raw/api/fetches/20260803T132817755Z/market-history/shen.json",4012,CC34CA77
liqwid-portable-data,1,"raw/api/fetches/20260803T132817755Z/market-history/snek.json",3760,03EC491D
liqwid-portable-data,1,"raw/api/fetches/20260803T132817755Z/market-history/usda.json",3851,C4F010BA
liqwid-portable-data,1,"raw/api/fetches/20260803T132817755Z/market-history/usdc.json",3944,EA8241DB
liqwid-portable-data,1,"raw/api/fetches/20260803T132817755Z/market-history/usdcx-usdm-sundae-lp-stableswap.json",3910,88713266
liqwid-portable-data,1,"raw/api/fetches/20260803T132817755Z/market-history/usdcx.json",4018,934A3841
liqwid-portable-data,1,"raw/api/fetches/20260803T132817755Z/market-history/usdm-usda-minswap-lp-stable.json",3385,7D32F125
liqwid-portable-data,1,"raw/api/fetches/20260803T132817755Z/market-history/usdm.json",3898,EF509CC2
liqwid-portable-data,1,"raw/api/fetches/20260803T132817755Z/market-history/usdt.json",3969,EF729228
liqwid-portable-data,1,"raw/api/fetches/20260803T132817755Z/market-history/wmt.json",3592,642A5EAE
liqwid-portable-data,1,"raw/api/fetches/20260803T132817755Z/market-params-history/ada.json",1436,F323F1BA
liqwid-portable-data,1,"raw/api/fetches/20260803T132817755Z/market-params-history/agix.json",1435,4CDC205C
liqwid-portable-data,1,"raw/api/fetches/20260803T132817755Z/market-params-history/btc.json",1385,68A4F31C
liqwid-portable-data,1,"raw/api/fetches/20260803T132817755Z/market-params-history/copi.json",1389,D0F400DB
liqwid-portable-data,1,"raw/api/fetches/20260803T132817755Z/market-params-history/dai.json",1418,DDB401D8
liqwid-portable-data,1,"raw/api/fetches/20260803T132817755Z/market-params-history/djed.json",1429,51E4677F
liqwid-portable-data,1,"raw/api/fetches/20260803T132817755Z/market-params-history/erg.json",1385,F47E702B
liqwid-portable-data,1,"raw/api/fetches/20260803T132817755Z/market-params-history/eth.json",1385,7FBD1494
liqwid-portable-data,1,"raw/api/fetches/20260803T132817755Z/market-params-history/eurc.json",1420,6A8706AD
liqwid-portable-data,1,"raw/api/fetches/20260803T132817755Z/market-params-history/iag.json",1387,BE9942AC
liqwid-portable-data,1,"raw/api/fetches/20260803T132817755Z/market-params-history/iusd.json",1427,802F6A27
liqwid-portable-data,1,"raw/api/fetches/20260803T132817755Z/market-params-history/lq.json",1275,BAFB6755
liqwid-portable-data,1,"raw/api/fetches/20260803T132817755Z/market-params-history/min.json",1388,7BC23845
liqwid-portable-data,1,"raw/api/fetches/20260803T132817755Z/market-params-history/night.json",1385,C19A9BA2
liqwid-portable-data,1,"raw/api/fetches/20260803T132817755Z/market-params-history/pol.json",1284,48BCB8AA
liqwid-portable-data,1,"raw/api/fetches/20260803T132817755Z/market-params-history/pyusd.json",1422,FDC4ADDB
liqwid-portable-data,1,"raw/api/fetches/20260803T132817755Z/market-params-history/shen.json",1389,8F345E6C
liqwid-portable-data,1,"raw/api/fetches/20260803T132817755Z/market-params-history/snek.json",1391,D093544D
liqwid-portable-data,1,"raw/api/fetches/20260803T132817755Z/market-params-history/usda.json",1423,F0F3D76C
liqwid-portable-data,1,"raw/api/fetches/20260803T132817755Z/market-params-history/usdc.json",1419,4498B557
liqwid-portable-data,1,"raw/api/fetches/20260803T132817755Z/market-params-history/usdcx-usdm-sundae-lp-stableswap.json",1469,E28583DB
liqwid-portable-data,1,"raw/api/fetches/20260803T132817755Z/market-params-history/usdcx.json",1417,F575D940
liqwid-portable-data,1,"raw/api/fetches/20260803T132817755Z/market-params-history/usdm-usda-minswap-lp-stable.json",1426,AB1C78EE
liqwid-portable-data,1,"raw/api/fetches/20260803T132817755Z/market-params-history/usdm.json",1423,23496B1D
liqwid-portable-data,1,"raw/api/fetches/20260803T132817755Z/market-params-history/usdt.json",1418,4FCF4CB1
liqwid-portable-data,1,"raw/api/fetches/20260803T132817755Z/market-params-history/wmt.json",1394,D493DCAF
liqwid-portable-data,1,"raw/api/fetches/20260803T132817755Z/markets/page-0000.json",135834,C7B37C87
liqwid-portable-data,1,"raw/api/fetches/20260803T132817755Z/protocol-fees/daily/2026-07-29--2026-08-01.json",4584,296340BE
liqwid-portable-data,1,"raw/api/fetches/20260803T132817755Z/protocol-fees/daily/2026-08-02.json",1289,2E950A57
liqwid-portable-data,1,"raw/api/fetches/20260803T132817755Z/protocol-overview/daily/2026-07-29--2026-08-02.json",3378,AFC43991
liqwid-portable-data,1,"raw/api/fetches/20260803T132817755Z/protocol-overview/monthly/2023-02-01.json",984,7969FD81
liqwid-portable-data,1,"raw/api/fetches/20260803T132817755Z/protocol-overview/monthly/2026-07-01.json",998,66F089A8
liqwid-portable-data,1,"raw/api/fetches/20260803T132817755Z/protocol-overview/monthly/2026-08-01.json",1000,9F9F65EF
liqwid-portable-data,1,"raw/api/lq-stats-history.json",1170,E18CB2C9
liqwid-portable-data,1,"raw/api/lq-stats.json",495,037C4BF9
liqwid-portable-data,1,"raw/api/market-history/ada.json",261,3EE6AC05
liqwid-portable-data,1,"raw/api/market-history/agix.json",263,3675F1C6
liqwid-portable-data,1,"raw/api/market-history/btc.json",261,40E3724F
liqwid-portable-data,1,"raw/api/market-history/copi.json",263,F961A243
liqwid-portable-data,1,"raw/api/market-history/dai.json",261,CBF557B3
liqwid-portable-data,1,"raw/api/market-history/djed.json",263,1162324D
liqwid-portable-data,1,"raw/api/market-history/erg.json",261,31030A89
liqwid-portable-data,1,"raw/api/market-history/eth.json",261,407F0C3C
liqwid-portable-data,1,"raw/api/market-history/eurc.json",263,A179A72C
liqwid-portable-data,1,"raw/api/market-history/iag.json",261,31966921
liqwid-portable-data,1,"raw/api/market-history/iusd.json",263,AB38743C
liqwid-portable-data,1,"raw/api/market-history/lq.json",259,E1ED82AB
liqwid-portable-data,1,"raw/api/market-history/min.json",261,908D8D75
liqwid-portable-data,1,"raw/api/market-history/night.json",265,C4BC0482
liqwid-portable-data,1,"raw/api/market-history/pol.json",261,CF05C516
liqwid-portable-data,1,"raw/api/market-history/pyusd.json",265,F58EC3CA
liqwid-portable-data,1,"raw/api/market-history/shen.json",263,2C47BFCB
liqwid-portable-data,1,"raw/api/market-history/snek.json",263,C3171B75
liqwid-portable-data,1,"raw/api/market-history/usda.json",263,31B6E40B
liqwid-portable-data,1,"raw/api/market-history/usdc.json",263,AF4AF57E
liqwid-portable-data,1,"raw/api/market-history/usdcx-usdm-sundae-lp-stableswap.json",317,7E1766F1
liqwid-portable-data,1,"raw/api/market-history/usdcx.json",265,F9C45FAC
liqwid-portable-data,1,"raw/api/market-history/usdm-usda-minswap-lp-stable.json",309,3783AB86
liqwid-portable-data,1,"raw/api/market-history/usdm.json",263,C56FB96A
liqwid-portable-data,1,"raw/api/market-history/usdt.json",263,42A1DCCD
liqwid-portable-data,1,"raw/api/market-history/wmt.json",261,07E6E005
liqwid-portable-data,1,"raw/api/market-params-history/ada.json",987,F0530C76
liqwid-portable-data,1,"raw/api/market-params-history/agix.json",985,78CA0B4B
liqwid-portable-data,1,"raw/api/market-params-history/btc.json",935,C8E4A9E9
liqwid-portable-data,1,"raw/api/market-params-history/copi.json",939,EB5723CD
liqwid-portable-data,1,"raw/api/market-params-history/dai.json",968,64616380
liqwid-portable-data,1,"raw/api/market-params-history/djed.json",977,C2484757
liqwid-portable-data,1,"raw/api/market-params-history/erg.json",935,238DFC4A
liqwid-portable-data,1,"raw/api/market-params-history/eth.json",935,724BAD63
liqwid-portable-data,1,"raw/api/market-params-history/eurc.json",970,C44EEB09
liqwid-portable-data,1,"raw/api/market-params-history/iag.json",937,1EAC48B4
liqwid-portable-data,1,"raw/api/market-params-history/iusd.json",975,7392996D
liqwid-portable-data,1,"raw/api/market-params-history/lq.json",825,2510135F
liqwid-portable-data,1,"raw/api/market-params-history/min.json",938,09AF53C9
liqwid-portable-data,1,"raw/api/market-params-history/night.json",943,7E9F0935
liqwid-portable-data,1,"raw/api/market-params-history/pol.json",834,5225C944
liqwid-portable-data,1,"raw/api/market-params-history/pyusd.json",972,2090FAD3
liqwid-portable-data,1,"raw/api/market-params-history/shen.json",939,02E33061
liqwid-portable-data,1,"raw/api/market-params-history/snek.json",941,801DEFD1
liqwid-portable-data,1,"raw/api/market-params-history/usda.json",974,90616BD6
liqwid-portable-data,1,"raw/api/market-params-history/usdc.json",967,1C0B8526
liqwid-portable-data,1,"raw/api/market-params-history/usdcx-usdm-sundae-lp-stableswap.json",985,D4472DFF
liqwid-portable-data,1,"raw/api/market-params-history/usdcx.json",967,E5DB40CD
liqwid-portable-data,1,"raw/api/market-params-history/usdm-usda-minswap-lp-stable.json",976,43548CB1
liqwid-portable-data,1,"raw/api/market-params-history/usdm.json",971,726B691A
liqwid-portable-data,1,"raw/api/market-params-history/usdt.json",967,B3447235
liqwid-portable-data,1,"raw/api/market-params-history/wmt.json",944,D08A9AF2
liqwid-portable-data,1,"raw/api/markets-current.json",25261,5988AD65
liqwid-portable-data,1,"raw/api/protocol-fees-monthly.json",10836,AB5646F5
liqwid-portable-data,1,"raw/api/protocol-observed-fee-flow-monthly.json",24002,967CD39D
liqwid-portable-data,1,"raw/api/protocol-overview-daily.json",352357,85A22862
liqwid-portable-data,1,"raw/api/protocol-overview-monthly.json",20657,C4A664DA
